Company,Ticker,PE,EPS,ROE,DebtEquity,RevenueGrowth
20 Microns Limited,20MICRONS.NS,12.306953,17.69,0.14787,35.637,-0.039
21st Century Management Services Limited,21STCENMGM.NS,,-19.14,-0.28151,,
360 ONE WAM LIMITED,360ONE.NS,42.68549,27.63,0.16991,147.235,0.244
3i Infotech Limited,3IINFOLTD.NS,4.251269,3.94,0.23164,10.763,-0.015
3M India Limited,3MINDIA.NS,70.42182,490.97,0.33832002,6.416,0.14
3P Land Holdings Limited,3PLAND.NS,,,,,
5Paisa Capital Limited,5PAISA.NS,22.333113,15.13,0.07865,46.389,-0.269
63 moons technologies limited,63MOONS.NS,,-7.0,-0.01773,0.148,-0.466
A2Z Infra Engineering Limited,A2ZINFRA.NS,125.928566,0.14,-0.018609999,353.886,0.208
AAA Technologies Limited,AAATECH.NS,33.803635,2.75,0.11717,,0.823
Aadhar Housing Finance Limited,AADHARHFC.NS,21.607143,22.4,0.15477,255.35,0.169
Aakash Exploration Services Limited,AAKASH.NS,,-0.05,0.02232,53.68,0.076
Aarey Drugs & Pharmaceuticals Limited,AAREYDRUGS.NS,56.615997,1.25,0.0252,38.267,-0.2
Aaron Industries Limited,AARON.NS,52.75749,3.34,0.16944,72.439,0.216
Aartech Solonics Limited,AARTECH.NS,52.838707,0.93,0.09066,15.972,0.244
Aarti Drugs Limited,AARTIDRUGS.NS,19.203865,21.73,0.14491999,39.05,0.091
Aarti Industries Limited,AARTIIND.NS,46.99126,8.01,0.05215,69.555,0.291
Aarti Pharmalabs Limited,AARTIPHARM.NS,28.08245,26.44,0.12287,32.974,-0.087
Aarti Surfactants Limited,AARTISURF.NS,22.094593,17.76,0.06545,49.926,0.188
Aarvi Encon Limited,AARVI.NS,13.374999,9.6,0.11412,24.178,0.313
Aavas Financiers Limited,AAVAS.NS,19.622217,75.44,0.13823,307.971,0.175
Aban Offshore Limited,ABAN.NS,,-187.92,,,-0.617
ABB India Limited,ABB.NS,62.11649,83.44,,1.018,0.137
Abbott India Limited,ABBOTINDIA.NS,40.71012,710.02,0.40068,4.549,0.076
Aditya Birla Capital Limited,ABCAPITAL.NS,28.076612,12.4,0.10341,459.779,-0.031
A B Cotspin India Limited,ABCOTS.NS,46.123596,8.9,0.12702,93.028,-0.34
Allied Blenders and Distillers Limited,ABDL.NS,66.690216,9.2,0.17039,66.738,0.144
Aditya Birla Fashion and Retail Limited,ABFRL.NS,,-6.5,-0.14866,84.682,-0.456
A B Infrabuild Limited,ABINFRA.NS,49.527775,0.36,0.15856,58.087,-0.21
Aditya Birla Lifestyle Brands Limited,ABLBL.NS,,,,266.809,0.037
ABM International Limited,ABMINTLLTD.NS,,-4.58,-0.28386998,109.454,-0.374
Aditya Birla Real Estate Limited,ABREL.NS,,-23.94,-0.070300005,144.576,-0.913
Aditya Birla Sun Life AMC Limited,ABSLAMC.NS,22.943716,33.58,0.28410998,1.929,-0.026
ACC Limited,ACC.NS,9.790679,177.24,0.18207,2.435,0.286
Accelya Solutions India Limited,ACCELYA.NS,15.417455,84.56,,22.338,0.071
Accuracy Shipping Limited,ACCURACY.NS,30.578947,0.19,0.022820001,111.931,-0.247
Action Construction Equipment Limited,ACE.NS,27.05347,35.16,0.26391,8.005,-0.016
Ace Integrated Solutions Limited,ACEINTEG.NS,,-1.93,-0.106920004,0.64,-0.946
Archean Chemical Industries Limited,ACI.NS,38.22849,13.83,0.09313,14.782,-0.03
Andhra Cements Limited,ACL.NS,,-17.92,-1.0503299,1222.06,0.419
Acme Solar Holdings Limited,ACMESOLAR.NS,28.998745,7.97,0.14244,271.784,0.585
Acutaas Chemicals Limited,ACUTAAS.NS,60.23688,27.44,0.16902,0.58,0.241
Adani Energy Solutions Limited,ADANIENSOL.NS,53.919277,18.83,0.10536,186.654,0.067
Adani Enterprises Limited,ADANIENT.NS,34.359013,64.9,0.15823,177.767,-0.06
Adani Green Energy Limited,ADANIGREEN.NS,85.69865,11.88,0.089779995,296.223,-0.015
Adani Ports and Special Economic Zone Limited,ADANIPORTS.NS,26.896364,55.29,0.18591999,81.556,0.297
Adani Power Limited,ADANIPOWER.NS,23.271687,6.11,0.19976999,81.251,0.009
ADF Foods Limited,ADFFOODS.NS,29.723892,6.99,0.15484999,10.727,0.008
Archidply Decor Limited,ADL.NS,4047.0002,0.02,0.00014999999,37.099,-0.067
Ador Welding Limited,ADOR.NS,38.14254,27.08,0.112959996,0.4,0.044
Adroit Infotech Limited,ADROITINFO.NS,32.64516,0.31,0.02116,29.363,0.618
Allied Digital Services Limited,ADSL.NS,24.390553,6.35,0.0617,17.707,0.151
Advance Agrolife Limited,ADVANCE.NS,30.907269,3.99,,79.756,0.279
Advani Hotels & Resorts (India) Limited,ADVANIHOTR.NS,21.854477,2.68,0.34858,0.576,-0.091
Advent Hotels International Limited,ADVENTHTL.NS,Infinity,0.0,0.01467,80.095,0.031
Advanced Enzyme Technologies Limited,ADVENZYMES.NS,22.460136,13.17,0.103190005,2.26,0.263
Aegis Logistics Limited,AEGISLOG.NS,35.333332,20.4,0.13468,28.45,0.311
Aegis Vopak Terminals Limited,AEGISVOPAK.NS,196.8254,1.26,,42.268,0.262
Aequs Limited,AEQUS.NS,,-0.73,,108.0,0.17
Aeroflex Enterprises Limited,AEROENTER.NS,13.167894,6.79,0.09192,5.391,0.251
Aeroflex Industries Limited,AEROFLEX.NS,54.638588,3.68,0.14156,2.584,0.167
Aeroflex Neu Limited,AERONEU.NS,130.96552,0.58,0.01604,27.163,0.018
Aether Industries Limited,AETHER.NS,57.791813,14.65,0.08733,9.242,0.384
Afcons Infrastructure Limited,AFCONS.NS,28.505117,13.68,0.10935,66.143,0.01
Affle 3i Limited,AFFLE.NS,59.575394,29.91,0.14091,1.18,0.191
Affordable Robotic & Automation Limited,AFFORDABLE.NS,153.99258,1.35,0.01497,69.146,0.143
Akme Fintrade (India) Limited,AFIL.NS,,-3.22,0.09523,95.75,0.3
Abans Financial Services Limited,AFSL.NS,7.7638464,26.0,0.11112001,57.54,9.645
Agarwal Industrial Corporation Limited,AGARIND.NS,13.157563,55.66,0.13633999,63.478,-0.248
Dr. Agarwal's Health Care Limited,AGARWALEYE.NS,138.37912,3.64,0.08126,48.682,0.197
AGI Greenpac Limited,AGI.NS,13.565912,54.39,0.17052001,20.88,0.004
Agi Infra Limited,AGIIL.NS,39.968204,6.29,0.25873,42.327,0.1
Agri-Tech (India) Limited,AGRITECH.NS,,-0.73,,,
Agro Phos India Limited,AGROPHOS.NS,15.798388,2.48,0.17263001,37.092,0.272
AGS Transact Technologies Limited,AGSTRA.NS,,-13.96,,199.958,-0.439
Anlon Healthcare Limited,AHCL.NS,28.561886,5.09,,26.981,1.16
Ahlada Engineers Limited,AHLADA.NS,27.65746,1.81,0.01694,26.993,-0.094
Asian Hotels (East) Limited,AHLEAST.NS,166.2125,0.8,0.00599,154.746,0.132
Ahluwalia Contracts (India) Limited,AHLUCONT.NS,25.704441,39.18,0.14632,3.881,0.164
AIA Engineering Limited,AIAENG.NS,32.202785,120.62,0.16348,13.852,0.003
Authum Investment & Infrastructure Limited,AIIL.NS,12.213233,236.08,0.27507,20.291,-0.468
Airan Limited,AIRAN.NS,100.666664,0.18,0.01619,0.678,0.002
Airo Lam limited,AIROLAM.NS,56.233337,1.8,0.10349,117.642,0.194
Ajanta Pharma Limited,AJANTPHARM.NS,34.41037,77.93,0.24365999,5.698,0.141
Ajax Engineering Limited,AJAXENGG.NS,26.974463,21.93,0.22328,0.043,0.478
Ajmera Realty & Infra India Limited,AJMERA.NS,29.277914,32.96,0.10551,47.19,0.095
Ajooni Biotech Limited,AJOONI.NS,22.1,0.2,0.045500003,9.879,0.225
Akash Infra-Projects Limited,AKASH.NS,27.619564,0.92,0.018509999,102.888,0.311
Akg Exim Limited,AKG.NS,59.857143,0.21,0.012610001,20.638,-0.312
AKI India Limited,AKI.NS,36.578945,0.19,0.0207,26.026,1.03
Akshar Spintex Limited,AKSHAR.NS,,-0.09,-0.10443,5.75,-0.037
AksharChem India Limited,AKSHARCHEM.NS,103.05439,2.39,0.00733,28.443,0.131
Aksh Optifibre Limited,AKSHOPTFBR.NS,,-1.28,-1.79515,,0.194
Akums Drugs and Pharmaceuticals Limited,AKUMS.NS,21.420345,20.84,0.107489996,2.85,-0.015
Akzo Nobel India Limited,AKZOINDIA.NS,7.1456676,437.16,1.08163,3.157,-0.15
Alankit Limited,ALANKIT.NS,15.73913,0.69,0.06554,7.408,0.356
Albert David Limited,ALBERTDAVD.NS,,-26.43,-0.03737,10.514,-0.114
Alembic Limited,ALEMBICLTD.NS,7.997621,12.61,0.13549,0.496,0.056
Alicon Castalloy Limited,ALICON.NS,41.39135,20.34,0.055409998,57.003,-0.077
Alivus Life Sciences Limited,ALIVUS.NS,21.024334,43.15,0.191,2.005,0.16
Alkali Metals Limited,ALKALI.NS,,-2.6,-0.060879998,,0.053
Alkem Laboratories Limited,ALKEM.NS,28.012552,197.59,0.18741,17.056,0.172
Alkyl Amines Chemicals Limited,ALKYLAMINE.NS,44.41573,35.6,,0.394,0.015
Allcargo Logistics Limited,ALLCARGO.NS,53.449997,0.2,0.01914,,1.119
Alldigi Tech Limited,ALLDIGI.NS,17.439983,47.07,0.27868,33.037,0.122
All Time Plastics Limited,ALLTIME.NS,44.55858,5.89,,22.351,0.125
Almondz Global Securities Limited,ALMONDZ.NS,15.0353985,1.13,0.07742,18.84,-0.017
Alok Industries Limited,ALOKINDS.NS,,-1.37,,,0.063
Alpa Laboratories Limited,ALPA.NS,8.628248,8.85,0.10696,,0.053
Alphageo (India) Limited,ALPHAGEO.NS,,-25.98,-0.06102,,-0.722
Alps Industries Limited,ALPSINDUS.NS,,-16.97,,,-0.701
Amanta Healthcare Limited,AMANTA.NS,31.131195,3.43,,88.22,0.062
Amber Enterprises India Limited,AMBER.NS,102.97214,64.6,0.077810004,74.27,-0.022
Ambica Agarbathies & Aroma industries Limited,AMBICAAGAR.NS,87.655174,0.29,0.00472,74.724,0.033
Ambika Cotton Mills Limited,AMBIKCO.NS,11.77193,108.3,0.06775,,-0.004
Ambuja Cements Limited,AMBUJACEM.NS,24.146715,22.97,0.11124,1.829,0.221
AMD Industries Limited,AMDIND.NS,,-1.61,-0.0196,53.424,0.094
Amj Land Holdings Limited,AMJLAND.NS,9.831702,5.11,0.09024,,0.126
Amines & Plasticizers Limited,AMNPLST.NS,29.13526,6.58,0.14319,11.324,-0.201
Amrutanjan Health Care Limited,AMRUTANJAN.NS,34.905563,19.59,0.17722,0.565,0.071
Anand Rathi Wealth Limited,ANANDRATHI.NS,73.379295,41.34,0.49627998,9.912,0.231
Anant Raj Limited,ANANTRAJ.NS,38.517365,14.4,0.119169995,12.727,0.23
ANDHRA PAPER LIMITED,ANDHRAPAP.NS,64.689316,1.03,0.010620001,13.63,-0.162
The Andhra Sugars Limited,ANDHRSUGAR.NS,16.11879,4.63,0.03744,0.427,0.131
Angel One Limited,ANGELONE.NS,29.786371,83.79,0.14078,76.349,-0.23
Anik Industries Limited,ANIKINDS.NS,91.789474,0.57,0.00382,4.702,1.579
Ankit Metal & Power Limited,ANKITMETAL.NS,,-18.2,,,-0.255
Anmol India Limited,ANMOL.NS,10.050725,1.38,0.07126,185.097,0.229
Ansal Properties & Infrastructure Limited,ANSALAPI.NS,,-10.1,,,0.71
Antelopus Selan Energy Limited,ANTELOPUS.NS,9.564919,43.9,,,
Antarctica Limited,ANTGRAPHIC.NS,,-0.03,0.07565,65.28,11.587
Anthem Biosciences Limited,ANTHEM.NS,70.92733,9.22,0.20826,3.997,0.048
Anuh Pharma Limited,ANUHPHR.NS,20.862694,3.86,0.122889996,0.07,0.12
The Anup Engineering Limited,ANUP.NS,37.207626,59.77,0.20268999,24.782,0.203
Anupam Rasayan India Limited,ANURAS.NS,97.046295,13.61,0.069409996,37.505,1.488
Apar Industries Limited,APARINDS.NS,36.896816,233.76,0.20971,14.499,0.231
Anjani Portland Cement Limited,APCL.NS,,-14.25,-0.18403,223.154,0.592
Apcotex Industries Limited,APCOTEXIND.NS,26.577635,14.04,0.12952,23.281,-0.041
Apex Frozen Foods Limited,APEX.NS,37.982094,7.26,0.04533,7.972,0.195
APL Apollo Tubes Limited,APLAPOLLO.NS,49.9894,37.73,0.2481,15.534,0.091
Alembic Pharmaceuticals Limited,APLLTD.NS,26.367575,32.32,0.12380999,28.004,0.159
Apollo Micro Systems Limited,APOLLO.NS,109.20407,2.45,0.09664,33.483,0.402
Apollo Hospitals Enterprise Limited,APOLLOHOSP.NS,61.588776,116.19,0.19795,83.606,0.128
Apollo Pipes Limited,APOLLOPIPE.NS,46.175114,6.51,0.03255,7.855,-0.059
Apollo Tyres Limited,APOLLOTYRE.NS,40.496395,12.49,0.05313,29.09,0.061
Apollo Sindoori Hotels Limited,APOLSINHOT.NS,28.881577,42.56,0.07571,53.838,0.108
Aptech Limited,APTECHT.NS,25.347595,3.74,0.090299994,5.75,0.066
Aptus Value Housing Finance India Limited,APTUS.NS,16.670622,16.85,0.19451,157.024,0.243
Archidply Industries Limited,ARCHIDPLY.NS,130.53622,0.69,0.01277,178.165,0.35
Archies Limited,ARCHIES.NS,,-0.31,-0.00786,33.451,-0.089
Amara Raja Energy & Mobility Limited,ARE&M.NS,18.695917,49.23,0.12014,4.005,0.067
Rajdarshan Industries Limited,ARENTERP.NS,,-0.64,-0.00856,,-0.755
Arfin India Limited,ARFIN.NS,165.85716,0.42,0.045110002,92.774,-0.142
Aries Agro Limited,ARIES.NS,10.997943,29.16,0.122980006,20.67,0.041
Arihant Capital Markets Limited,ARIHANTCAP.NS,21.820576,4.18,0.11662,51.095,-0.28
Arihant Superstructures Limited,ARIHANTSUP.NS,23.533861,13.88,0.16219999,197.85,0.097
Arisinfra Solutions Limited,ARISINFRA.NS,65.04902,2.04,,7.91,0.384
Arkade Developers Limited,ARKADE.NS,16.114119,8.5,0.17731,18.386,0.308
Arman Financial Services Limited,ARMANFIN.NS,,-1.06,-0.00125,137.292,0.17
Aro Granite Industries Limited,AROGRANITE.NS,,-1.61,-0.013099999,80.851,-0.291
Arrow Greentech Limited,ARROWGREEN.NS,15.364121,33.78,0.26816,1.218,-0.058
Arshiya Limited,ARSHIYA.NS,,-106.98,,,0.028
Anand Rathi Share and Stock Brokers Limited,ARSSBL.NS,43.61053,14.43,,94.882,-0.086
Artemis Medicare Services Limited,ARTEMISMED.NS,120.19651,2.29,0.11229,31.431,0.138
Art Nirman Limited,ARTNIRMAN.NS,60.837498,0.8,0.03827,52.666,-0.202
Arvee Laboratories (India) Limited,ARVEE.NS,683.0833,0.36,0.01291,3.29,-0.725
Arvind Limited,ARVIND.NS,19.777071,15.7,0.11231,39.143,0.084
Arvind Fashions Limited,ARVINDFASN.NS,,-1.08,0.04823,102.338,0.113
Arvind SmartSpaces Limited,ARVSMART.NS,30.027514,19.99,0.13154,21.182,-0.471
Asahi India Glass Limited,ASAHIINDIA.NS,79.57634,12.51,0.100439996,77.144,-0.006
Asahi Songwon Colors Limited,ASAHISONG.NS,19.730322,13.72,0.04975,49.417,-0.146
Automotive Stampings and Assemblies Limited,ASAL.NS,49.67112,9.73,1.8990101,717.719,0.074
Associated Alcohols & Breweries Ltd.,ASALCBR.NS,21.548365,44.66,0.16563,12.748,-0.003
Ashapura Minechem Limited,ASHAPURMIN.NS,21.379599,41.86,0.32928002,86.445,0.577
Ashiana Housing Limited,ASHIANA.NS,40.239067,7.32,0.0924,44.275,2.047
Ashima Limited,ASHIMASYN.NS,,-0.55,-0.03534,58.263,-0.241
Ashoka Buildcon Limited,ASHOKA.NS,3.4615073,49.23,0.38044998,44.43,-0.256
Ashoka Metcast Limited,ASHOKAMET.NS,8.387979,1.83,0.03877,25.935,-0.636
Ashok Leyland Limited,ASHOKLEY.NS,31.530685,5.54,0.23669,327.886,0.128
Asian Energy Services Limited,ASIANENE.NS,39.11725,7.42,0.08415,23.826,0.044
Asian Hotels (North) Limited,ASIANHOTNR.NS,3.2710474,96.33,2.04882,338.495,-0.015
Asian Paints Limited,ASIANPAINT.NS,67.53135,40.67,0.20392,17.609,0.063
Asian Granito India Limited,ASIANTILES.NS,24.859936,3.07,0.03264,20.089,0.061
ASK Automotive Limited,ASKAUTOLTD.NS,35.421246,13.65,0.25908002,52.765,0.082
Bartronics India Limited,ASMS.NS,174.71428,0.07,0.07195,0.562,0.4
Aspinwall and Company Limited,ASPINWALL.NS,27.444971,8.45,0.03553,43.708,0.124
Astec LifeSciences Limited,ASTEC.NS,,-56.26,-0.32265,88.605,-0.252
Aster DM Healthcare Limited,ASTERDM.NS,94.923195,6.51,0.087139994,43.791,0.102
Astral Limited,ASTRAL.NS,73.19642,18.99,0.13975,6.769,0.151
Astra Microwave Products Limited,ASTRAMICRO.NS,57.679626,16.98,0.15033,23.894,-0.065
AstraZeneca Pharma India Limited,ASTRAZEN.NS,111.321465,79.76,0.26942,4.354,0.37
Astron Paper & Board Mill Limited,ASTRON.NS,,-10.61,-0.46506,94.276,-1.0
Atal Realtech Limited,ATALREAL.NS,181.42857,0.14,0.0478,23.862,-0.306
Atam Valves Limited,ATAM.NS,15.810176,5.11,0.16608,33.533,-0.326
Adani Total Gas Limited,ATGL.NS,99.78984,5.71,0.14863,44.513,0.191
Ather Energy Limited,ATHERENERG.NS,,-23.1,,15.813,0.541
Allcargo Terminals Limited,ATL.NS,24.052631,1.14,0.10318,208.703,0.063
ATLANTAA LIMITED,ATLANTAA.NS,41.163464,1.04,0.04496,152.042,-0.098
Atlanta Electricals Limited,ATLANTAELE.NS,66.65131,14.11,,46.263,0.173
Atlas Cycles (Haryana) Limited,ATLASCYCLE.NS,,-4.18,-0.0070599997,2.346,-0.472
Atul Limited,ATUL.NS,32.85978,184.07,0.09648,3.14,0.114
Atul Auto Limited,ATULAUTO.NS,44.83094,9.76,0.05246,31.784,0.102
AU Small Finance Bank Limited,AUBANK.NS,33.480427,29.12,0.12654,,0.061
Auri Grow India Limited,AURIGROW.NS,11.0,0.08,0.05131,14.284,-0.904
Aurionpro Solutions Limited,AURIONPRO.NS,29.807848,36.95,0.1367,1.841,0.285
Aurobindo Pharma Limited,AUROPHARMA.NS,20.489214,58.87,0.10379,22.248,0.063
Aurum PropTech Limited,AURUM.NS,,-5.13,-0.09308,57.165,0.29
Ausom Enterprise Limited,AUSOMENT.NS,5.481863,20.4,0.19156,0.078,214.064
Automotive Axles Limited,AUTOAXLES.NS,17.423325,104.01,0.16517,1.472,-0.067
Autoline Industries Limited,AUTOIND.NS,29.90262,2.67,0.05782,153.954,0.108
Avadh Sugar & Energy Limited,AVADHSUGAR.NS,11.684028,31.68,0.059720002,56.04,0.057
Avalon Technologies Limited,AVALON.NS,67.70611,13.1,0.14425999,25.091,0.391
Avantel Limited,AVANTEL.NS,84.62963,1.89,0.12936,9.483,-0.284
Avanti Feeds Limited,AVANTIFEED.NS,18.40709,45.42,0.20798999,0.441,0.188
AVG Logistics Limited,AVG.NS,12.852224,13.94,0.088149995,109.016,0.033
Aditya Vision Limited,AVL.NS,60.905277,8.34,0.183,64.573,0.217
Avonmore Capital & Management Services Limited,AVONMORE.NS,37.938774,0.49,0.0512,5.155,-0.318
AVRO INDIA LIMITED,AVROIND.NS,40.87197,2.89,0.06489,26.816,0.158
AVT Natural Products Limited,AVTNPL.NS,16.508684,4.03,0.122959994,19.139,0.316
Awfis Space Solutions Limited,AWFIS.NS,66.98087,7.32,0.113450006,290.895,0.255
Antony Waste Handling Cell Limited,AWHCL.NS,16.593496,30.75,0.12913999,54.786,0.165
AWL Agri Business Limited,AWL.NS,28.343302,8.36,0.115059994,11.063,0.217
Axis Bank Limited,AXISBANK.NS,14.70722,83.51,0.14004,,-0.06
AXISCADES Technologies Limited,AXISCADES.NS,63.819412,20.71,0.13741,37.084,0.131
Axita Cotton Limited,AXITA.NS,,-0.04,-0.025929999,34.066,-0.513
AYM Syntex Limited,AYMSYNTEX.NS,707.1739,0.23,0.00294,41.435,-0.135
Azad Engineering Limited,AZAD.NS,92.030205,17.88,0.10235,21.146,0.306
Bafna Pharmaceuticals Limited,BAFNAPH.NS,43.962364,3.72,0.100839995,35.519,-0.12
B.A.G Films and Media Limited,BAGFILMS.NS,22.357143,0.28,0.04837,60.33,0.037
Baid Finserv Limited,BAIDFIN.NS,8.292857,1.4,0.09369001,142.612,0.361
Bajaj Auto Limited,BAJAJ-AUTO.NS,30.414724,298.03,0.25572002,57.257,0.195
Bajaj Consumer Care Limited,BAJAJCON.NS,26.263792,9.97,0.20405,2.789,0.134
Bajaj Electricals Limited,BAJAJELEC.NS,51.49413,9.37,0.06498,84.783,-0.01
Bajaj Finserv Limited,BAJAJFINSV.NS,33.710945,59.85,0.15100999,237.537,0.111
Bajaj Healthcare Limited,BAJAJHCARE.NS,26.217228,16.02,0.109799996,48.929,0.111
Bajaj Housing Finance Limited,BAJAJHFL.NS,33.61484,2.83,0.118149996,443.872,0.169
Bajaj Hindusthan Sugar Limited,BAJAJHIND.NS,,-1.3,-0.04,87.126,-0.002
Bajaj Holdings & Investment Limited,BAJAJHLDNG.NS,14.5725565,765.48,0.11792,0.019,0.4
Indef Manufacturing Limited,BAJAJINDEF.NS,39.15656,9.07,,1.565,0.219
Bajel Projects Limited,BAJEL.NS,159.92793,1.11,0.019919999,15.984,-0.073
Bajaj Finance Limited,BAJFINANCE.NS,33.967392,29.44,0.1909,310.294,0.206
Shree Tirupati Balajee Agro Trading Company Limited,BALAJEE.NS,18.196507,2.29,0.06781,63.12,-0.083
Balaji Telefilms Limited,BALAJITELE.NS,16.022923,6.98,0.13135,3.918,-0.662
Balaji Amines Limited,BALAMINES.NS,24.945593,45.03,0.07259,1.53,-0.018
BALAXI PHARMACEUTICALS LIMITED,BALAXI.NS,10.839695,2.62,-0.01242,9.636,-0.258
Balkrishna Paper Mills Limited,BALKRISHNA.NS,,-1.7,,,
Balkrishna Industries Limited,BALKRISIND.NS,32.174522,71.28,0.13908,35.269,-0.011
Balmer Lawrie & Company Limited,BALMLAWRIE.NS,11.894194,15.5,0.13673,12.098,-0.005
Bal Pharma Limited,BALPHARMA.NS,16.752914,4.29,0.093310006,197.725,0.004
Balrampur Chini Mills Limited,BALRAMCHIN.NS,21.940971,19.99,0.10847,19.761,0.287
Balu Forge Industries Limited,BALUFORGE.NS,28.664946,21.31,0.22686,,
Banaras Beads Limited,BANARBEADS.NS,47.38007,2.71,0.03206,27.474,-0.563
Bannari Amman Sugars Limited,BANARISUG.NS,37.12815,97.15,0.06864,1.035,0.207
Banco Products (I) Limited,BANCOINDIA.NS,43.87794,15.73,0.29768,44.582,0.16
Bandhan Bank Limited,BANDHANBNK.NS,19.013124,7.62,0.05056,,-0.325
Bang Overseas Limited,BANG.NS,12.184343,3.96,0.061329998,35.295,0.199
Banka BioLoo Limited,BANKA.NS,,-3.82,-0.12828,105.547,0.048
Bank of Baroda,BANKBARODA.NS,7.749396,37.19,0.13079001,,0.002
Bank of India,BANKINDIA.NS,6.59915,21.18,0.12234,,0.025
Bansal Wire Industries Limited,BANSALWIRE.NS,32.082478,9.7,0.120120004,44.37,0.279
Banswara Syntex Limited,BANSWRAS.NS,18.039433,6.34,0.03951,89.715,0.006
BASF India Limited,BASF.NS,44.857143,86.8,,3.857,-0.048
Bannari Amman Spinning Mills Limited,BASML.NS,12.646227,2.12,0.03419,95.855,-0.02
Bata India Limited,BATAINDIA.NS,71.53123,13.29,0.113900006,90.391,-0.043
Bayer Cropscience Limited,BAYERCROP.NS,33.621723,135.35,0.19624001,3.266,-0.106
Bharat Bijlee Limited,BBL.NS,20.806366,130.09,0.066750005,8.707,0.201
Black Box Limited,BBOX.NS,42.738556,12.89,0.28500998,114.749,0.058
Bombay Burmah Trading Corporation Limited,BBTC.NS,11.347996,161.87,0.30644,30.298,0.039
B&B Triplewall Containers Limited,BBTCL.NS,30.360317,6.3,-0.022149999,199.068,0.217
Brightcom Group Limited,BCG.NS,2.5935159,4.01,0.09182,,0.262
Bcl Industries Limited,BCLIND.NS,9.107346,3.54,0.13576001,74.479,-0.041
Brand Concepts Limited,BCONCEPTS.NS,868.68427,0.38,0.00764,238.883,0.383
Bharat Dynamics Limited,BDL.NS,83.16826,17.77,0.16458,0.029,1.106
Beardsell Limited,BEARDSELL.NS,13.245764,2.36,0.115109995,36.022,0.037
Mrs. Bectors Food Specialities Limited,BECTORFOOD.NS,52.73138,4.43,0.11693,15.033,0.111
Bedmutha Industries Limited,BEDMUTHA.NS,,-0.02,-0.00035999998,151.954,0.446
Bharat Electronics Limited,BEL.NS,51.083332,7.8,0.29009,0.273,0.258
Bella Casa Fashion & Retail Limited,BELLACASA.NS,26.058163,14.27,0.15186,49.781,0.18
Belrise Industries Limited,BELRISE.NS,35.03711,5.12,0.12213001,28.531,0.138
BEML Limited,BEML.NS,52.888134,35.49,0.10762,23.787,-0.024
Bhansali Engineering Polymers Limited,BEPL.NS,13.394619,6.69,0.16578,,-0.114
Berger Paints (I) Limited,BERGEPAINT.NS,58.473568,9.27,0.18165001,11.082,0.019
Best Agrolife Limited,BESTAGRO.NS,70.53505,5.42,0.01637,53.825,-0.308
Beta Drugs Limited,BETA.NS,24.310965,63.93,0.20852,65.95,0.129
BF Investment Limited,BFINVEST.NS,19.19229,21.79,0.01089,,0.042
BF Utilities Limited,BFUTILITIE.NS,17.912954,39.29,,,-0.971
BGR Energy Systems Limited,BGRENERGY.NS,,-137.71,,,0.009
Bhagiradha Chemicals & Industries Limited,BHAGCHEM.NS,246.39784,0.93,0.01852,27.379,0.351
Bhageria Industries Limited,BHAGERIA.NS,15.660103,11.68,0.088690005,12.876,0.583
Bhagyanagar India Limited,BHAGYANGR.NS,17.878647,8.57,0.12896,162.99,0.422
Bhandari Hosiery Exports Limited,BHANDARI.NS,11.705882,0.34,0.054180004,64.953,0.002
Bharat Forge Limited,BHARATFORG.NS,63.80027,22.63,0.13017,71.382,0.093
Bharat Gears Limited,BHARATGEAR.NS,555.4211,0.19,0.00235,64.485,0.244
Bharat Rasayan Limited,BHARATRAS.NS,28.674728,80.21,0.117819995,7.556,-0.128
Bharat Seats Limited,BHARATSE.NS,29.38715,6.07,0.19917,63.95,0.578
Bharat Wire Ropes Limited,BHARATWIRE.NS,16.72243,10.7,0.099259995,13.182,0.081
Bharti Airtel Limited,BHARTIARTL.NS,32.71795,64.35,0.33018002,129.719,0.257
Bharti Hexacom Limited,BHARTIHEXA.NS,59.19689,30.88,0.26943,105.803,0.105
Bharat Heavy Electricals Limited,BHEL.NS,174.84473,1.61,0.02299,44.956,0.141
Bigbloc Construction Limited,BIGBLOC.NS,,-0.09,-0.05691,140.107,0.303
Bikaji Foods International Limited,BIKAJI.NS,87.85464,8.53,0.14022,19.446,0.151
Bhartiya International Limited,BIL.NS,33.034206,22.51,0.06491,104.25,0.35
BIL VYAPAR LIMITED,BILVYAPAR.NS,,-0.73,,,
Biocon Limited,BIOCON.NS,99.3593,3.98,0.025510002,50.024,0.196
Biofil Chemicals & Pharmaceuticals Limited,BIOFILCHEM.NS,19.33143,1.75,0.144,0.094,4.601
Birla Cable Limited,BIRLACABLE.NS,82.76048,1.67,0.01881,41.628,-0.031
Birla Corporation Limited,BIRLACORPN.NS,16.655834,64.62,0.070700005,44.718,0.13
Aditya Birla Money Limited,BIRLAMONEY.NS,14.380858,10.03,0.23936,658.075,-0.211
BirlaNu Limited,BIRLANU.NS,,-138.39,-0.085,88.333,0.046
BLACKBUCK LIMITED,BLACKBUCK.NS,39.852676,16.63,0.35064,3.633,0.53
BEML Land Assets Limited,BLAL.NS,,-1.0,,,
BLB Limited,BLBLIMITED.NS,5.927966,2.36,0.11095,0.17,0.995
Bliss GVS Pharma Limited,BLISSGVS.NS,16.171677,10.31,0.10414,4.493,0.123
B. L. Kashyap and Sons Limited,BLKASHYAP.NS,5020.0,0.01,0.00014999999,58.747,0.329
BLS International Services Limited,BLS.NS,21.916496,14.61,0.31094,16.545,0.488
BLS E-Services Limited,BLSE.NS,33.593548,6.2,0.13281,1.361,2.496
Blue Coast Hotels Limited,BLUECOAST.NS,,-7.35,,,
Blue Dart Express Limited,BLUEDART.NS,48.572193,112.06,0.17432,66.24,0.07
Blue Jet Healthcare Limited,BLUEJET.NS,26.06404,20.3,0.32333001,1.643,-0.205
Blue Star Limited,BLUESTARCO.NS,66.16279,26.66,0.18671,33.084,0.064
BlueStone Jewellery and Lifestyle Limited,BLUESTONE.NS,,-10.88,,113.663,0.376
Bluspring Enterprises Limited,BLUSPRING.NS,,,,31.894,0.113
BMW Ventures Limited,BMWVENTLTD.NS,15.494709,3.78,,107.33,0.062
Bodal Chemicals Limited,BODALCHEM.NS,19.099644,2.81,0.03215,77.215,0.121
Bohra Industries Limited,BOHRAIND.NS,,-2.83,-0.05726,1.562,
Bombay Dyeing & Mfg Company Limited,BOMDYEING.NS,27.5414,4.71,0.04038,0.13,-0.047
Borana Weaves Limited,BORANA.NS,33.478016,8.87,,17.66,0.349
Borosil Limited,BOROLTD.NS,39.00275,7.27,0.10786,9.413,0.243
BOROSIL RENEWABLES LIMITED,BORORENEW.NS,,-14.15,-0.22907,22.805,0.017
Borosil Scientific Limited,BOROSCI.NS,89.5303,1.32,0.029000001,2.192,0.042
BOSCH HOME COMFORT INDIA LIMITED,BOSCH-HCIL.NS,144.99025,10.26,0.052550003,37.841,0.022
Bosch Limited,BOSCHLTD.NS,39.466587,908.49,0.20058,0.778,0.091
Bharat Petroleum Corporation Limited,BPCL.NS,7.3656673,49.69,0.24822001,56.386,0.021
BPL Limited,BPL.NS,,-3.0,,47.01,-0.051
Brigade Enterprises Limited,BRIGADE.NS,26.611732,33.07,0.13221,75.557,0.29
Brigade Hotel Ventures Limited,BRIGHOTEL.NS,75.03261,0.92,,37.098,0.164
Britannia Industries Limited,BRITANNIA.NS,62.52591,96.48,0.66230005,58.424,0.037
Bharat Road Network Limited,BRNL.NS,0.9879249,22.36,0.44214,77.326,-0.776
Brooks Laboratories Limited,BROOKS.NS,18.481798,4.67,0.15979,6.772,0.128
BSE Limited,BSE.NS,60.840607,43.54,0.31448,0.0,0.394
Bombay Super Hybrid Seeds Limited,BSHSL.NS,41.261192,2.68,0.26303,24.979,-0.048
BSL Limited,BSL.NS,29.38131,5.35,0.04664,366.394,0.035
BIRLASOFT LIMITED,BSOFT.NS,27.131195,16.54,0.1328,4.089,-0.029
Bodhi Tree Multimedia Limited,BTML.NS,16.714285,0.49,0.1318,32.08,0.671
Butterfly Gandhimathi Appliances Limited,BUTTERFLY.NS,29.014917,22.79,0.1243,3.141,0.137
Barak Valley Cements Limited,BVCL.NS,27.740965,1.66,0.02955,28.58,0.135
The Byke Hospitality Ltd,BYKE.NS,51.92,1.0,0.02335,45.915,0.202
California Software Company Limited,CALSOFT.NS,150.0,0.1,0.04764,2.377,0.444
Camlin Fine Sciences Limited,CAMLINFINE.NS,19.282581,7.75,0.019550001,78.095,0.087
Campus Activewear Limited,CAMPUS.NS,64.5679,4.05,0.1665,48.005,0.16
Computer Age Management Services Limited,CAMS.NS,40.042778,18.7,0.40825,6.395,0.032
Canara Bank,CANBK.NS,6.353514,23.62,0.17573999,,0.125
Can Fin Homes Limited,CANFINHOME.NS,13.366314,69.23,0.18129998,658.72,0.224
Canara HSBC Life Insurance Company Limited,CANHLIFE.NS,118.46875,1.28,0.0838,,-0.311
Cantabil Retail India Limited,CANTABIL.NS,27.216042,9.35,0.20895,126.45,0.164
Capacit'e Infraprojects Limited,CAPACITE.NS,10.825243,23.69,0.11857,23.09,0.247
Capillary Technologies India Limited,CAPILLARY.NS,214.02821,3.19,,16.8,0.251
Capital Small Finance Bank Limited,CAPITALSFB.NS,8.862646,29.85,0.10177,,0.063
Caplin Point Laboratories Limited,CAPLIPOINT.NS,24.806421,77.23,0.20658001,0.166,0.105
Capital Trust Limited,CAPTRUST.NS,,-10.03,-0.35819998,134.274,
Carborundum Universal Limited,CARBORUNIV.NS,78.66419,10.78,0.05513,7.95,0.06
CARE Ratings Limited,CARERATING.NS,31.537857,50.85,0.19013001,2.913,0.162
Carraro India Limited,CARRARO.NS,30.392328,17.46,0.21754,37.201,0.331
Cartrade Tech Limited,CARTRADE.NS,74.21407,37.09,0.086619996,5.247,0.254
CARYSIL LIMITED,CARYSIL.NS,30.698736,28.48,0.15262,42.1,0.162
Castrol India Limited,CASTROLIND.NS,19.602837,9.87,,4.022,0.058
Consolidated Construction Consortium Limited,CCCL.NS,7.3632655,2.45,0.60971,0.108,0.167
Country Club Hospitality & Holidays Limited,CCHHL.NS,29.745098,0.51,0.02674,7.499,0.981
CCL Products (India) Limited,CCL.NS,37.133858,25.4,0.17368001,77.989,0.527
Central Depository Services (India) Limited,CDSL.NS,65.519226,22.63,0.28139,0.139,-0.048
CEAT Limited,CEATLTD.NS,31.481966,122.54,0.11236,67.986,0.142
Ceigall India Limited,CEIGALL.NS,17.54963,14.81,0.1375,69.07,0.045
Celebrity Fashions Limited,CELEBRITY.NS,,-2.77,-1.04147,565.147,0.081
Cello World Limited,CELLO.NS,35.767197,15.12,0.1514,0.221,0.226
Cemindia Projects Limited,CEMPRO.NS,30.78866,25.93,0.24184999,47.864,0.093
Century Enka Limited,CENTENKA.NS,16.676636,26.75,0.04126,2.535,-0.238
Century Extrusions Limited,CENTEXT.NS,16.585938,1.28,0.12344,63.677,0.03
Central Bank of India,CENTRALBK.NS,7.143411,5.16,0.12716,,0.003
Centrum Capital Limited,CENTRUM.NS,,-3.04,-0.088470004,307.801,-0.487
Centum Electronics Limited,CENTUM.NS,213.41441,11.51,0.03774,53.972,0.118
Century Plyboards (India) Limited,CENTURYPLY.NS,79.12919,10.45,0.09923001,66.141,0.171
Cera Sanitaryware Limited,CERA.NS,28.521883,181.65,0.1817,4.352,-0.009
Cerebra Integrated Technologies Limited,CEREBRAINT.NS,,-3.55,-0.25035998,29.8,-0.819
CESC Limited,CESC.NS,15.255494,10.92,0.116730005,141.107,0.121
Concord Enviro Systems Limited,CEWATER.NS,17.811882,25.25,0.11833999,30.084,-0.229
Capri Global Capital Limited,CGCL.NS,21.818071,8.19,0.13415,251.55,0.59
CG Power and Industrial Solutions Limited,CGPOWER.NS,94.5245,6.94,0.18687999,1.519,0.211
Chalet Hotels Limited,CHALET.NS,32.761814,26.45,0.18569,72.88,0.95
Chambal Fertilizers & Chemicals Limited,CHAMBLFERT.NS,10.182796,46.5,0.20681,1.022,0.475
Chembond Material Technologies Limited,CHEMBOND.NS,15.132587,10.71,0.05311,3.705,-0.532
Chembond Chemicals Limited,CHEMBONDCH.NS,12.980834,12.0,,,
Chemcon Speciality Chemicals Limited,CHEMCON.NS,29.462555,6.81,0.04974,0.051,0.021
Chemfab Alkalis Limited,CHEMFAB.NS,,-4.75,-0.01767,28.847,-0.065
Chemplast Sanmar Limited,CHEMPLASTS.NS,,-13.66,-0.11826,96.728,0.041
Chennai Petroleum Corporation Limited,CHENNPETRO.NS,10.545511,78.55,0.14144,21.902,0.351
Cheviot Company Limited,CHEVIOT.NS,11.255978,96.18,0.08522,1.473,0.441
Choice International Limited,CHOICEIN.NS,90.1864,9.12,0.16600999,35.606,0.125
Cholamandalam Investment and Finance Company Limited,CHOLAFIN.NS,30.772018,55.18,0.19619,724.311,0.196
Cholamandalam Financial Holdings Limited,CHOLAHLDNG.NS,15.65232,118.73,0.18281001,635.38,0.168
CIE Automotive India Limited,CIEINDIA.NS,18.62861,21.11,,7.022,0.111
Capital India Finance Limited,CIFL.NS,34.097343,1.13,0.05534,100.828,-0.211
Cigniti Technologies Limited,CIGNITITEC.NS,15.934629,103.41,0.29424998,1.799,0.136
Cineline India Limited,CINELINE.NS,,-2.65,-0.06365,71.321,0.11
Cinevista Limited,CINEVISTA.NS,Infinity,0.0,,43.705,190.49
Cipla Limited,CIPLA.NS,22.367443,67.33,0.17676,1.415,0.07
Clean Science and Technology Limited,CLEAN.NS,35.290813,24.93,0.18962999,0.142,0.027
CL Educate Limited,CLEDUCATE.NS,,-1.36,-0.026029998,103.966,0.665
Chaman Lal Setia Exports Limited,CLSEL.NS,13.608029,18.93,0.13114001,8.804,-0.261
CMS Info Systems Limited,CMSINFO.NS,16.010218,21.53,0.16128999,9.543,-0.025
Creative Newtech Limited,CNL.NS,21.102942,35.36,0.20156999,36.852,0.587
Coal India Limited,COALINDIA.NS,7.9444885,50.62,0.30576,12.976,0.185
Coastal Corporation Limited,COASTCORP.NS,56.95062,0.81,0.03869,153.742,0.032
Cochin Shipyard Limited,COCHINSHIP.NS,57.24532,28.86,0.13844,20.291,-0.022
Coffee Day Enterprises Limited,COFFEEDAY.NS,,-1.31,-0.03892,38.774,0.038
Coforge Limited,COFORGE.NS,51.502,32.49,0.15033,10.888,0.302
Cohance Lifesciences Limited,COHANCE.NS,66.3395,8.1,0.05508,11.486,1.156
Colgate Palmolive (India) Limited,COLPAL.NS,42.8009,48.77,0.8197,3.791,-0.062
Compuage Infocom Limited,COMPINFO.NS,,-43.7,,292.783,-0.698
Compucom Software Limited,COMPUSOFT.NS,40.0,0.41,0.022920001,32.821,-0.012
Commercial Syn Bags Limited,COMSYN.NS,23.417336,6.23,0.17233999,67.103,0.136
Container Corporation of India Limited,CONCOR.NS,30.267595,17.19,0.104329996,7.016,0.029
Concord Biotech Limited,CONCORDBIO.NS,43.421906,30.86,0.1893,0.088,-0.204
Confidence Petroleum India Limited,CONFIPET.NS,13.510949,2.74,0.06578,55.384,0.318
Consolidated Finvest & Holdings Limited,CONSOFINVT.NS,8.240893,20.59,0.06781,,0.109
Control Print Limited,CONTROLPR.NS,10.817526,63.79,0.25372,1.652,0.1
Coral India Finance & Housing Limited,CORALFINAC.NS,12.541795,3.23,0.058140002,,-0.402
Cords Cable Industries Limited,CORDSCABLE.NS,14.247462,12.81,0.091129996,57.801,0.234
Coromandel International Limited,COROMANDEL.NS,28.94297,81.36,0.20782,11.599,0.299
CORONA Remedies Limited,CORONA.NS,55.95326,24.39,0.27501,21.421,
COSMO FIRST LIMITED,COSMOFIRST.NS,11.984056,55.82,0.09851,110.979,0.211
Country Condo's Limited,COUNCODOS.NS,65.25,0.08,0.02333,0.046,0.17
CP Capital Limited,CPCAP.NS,5.490719,21.01,0.0687,14.352,-0.372
Career Point Edutech Limited,CPEDU.NS,21.535269,12.05,,,
Aditya Infotech Limited,CPPLUS.NS,89.23991,16.84,,8.041,0.375
Craftsman Automation Limited,CRAFTSMAN.NS,73.647705,100.2,0.082609996,109.273,0.649
Canara Robeco Asset Management Company Limited,CRAMC.NS,30.580936,10.07,,2.748,0.033
Creative Eye Limited,CREATIVEYE.NS,,-0.42,,28.762,-0.016
CREDITACCESS GRAMEEN LIMITED,CREDITACC.NS,151.27098,8.34,0.01889,280.714,-0.083
Crest Ventures Limited,CREST.NS,21.750278,17.94,0.04168,15.576,-0.167
CRISIL Limited,CRISIL.NS,41.529984,102.55,,10.58,0.122
Crizac Limited,CRIZAC.NS,27.632326,10.58,0.37052,0.014,0.249
Crompton Greaves Consumer Electricals Limited,CROMPTON.NS,34.993187,7.34,0.13014,4.826,0.01
Crown Lifters Limited,CROWN.NS,14.498913,9.2,0.17774999,66.801,0.261
CSB Bank Limited,CSBBANK.NS,11.757474,35.79,0.14048,,0.282
CSL Finance Limited,CSLFINANCE.NS,8.944993,35.45,0.15006,137.222,0.175
Cambridge Technology Enterprises Limited,CTE.NS,,-7.78,-0.21295999,117.654,0.025
City Union Bank Limited,CUB.NS,18.024046,16.22,0.12852,,0.176
Cubex Tubings Limited,CUBEXTUB.NS,21.751444,5.19,0.09882,52.805,0.335
Cummins India Limited,CUMMINSIND.NS,52.05893,83.49,0.31142,0.308,0.264
Cupid Limited,CUPID.NS,211.23347,2.27,0.17591,7.019,1.032
Cura Technologies Limited,CURAA.NS,,-1.51,-0.12652999,55.07,
Cyber Media (India) Limited,CYBERMEDIA.NS,,-5.51,-4.9885902,,0.172
Cybertech Systems And Software Limited,CYBERTECH.NS,12.905013,11.37,0.16863,2.503,0.014
Cyient Limited,CYIENT.NS,21.647652,51.71,0.10576,7.224,-0.037
Cyient DLM Limited,CYIENTDLM.NS,41.077,10.26,0.08487,21.401,-0.202
Dabur India Limited,DABUR.NS,47.862747,10.2,0.16096,11.464,0.054
Dalmia Bharat Limited,DALBHARAT.NS,36.0641,59.91,0.06427,39.764,0.107
Dalmia Bharat Sugar and Industries Limited,DALMIASUG.NS,7.0887575,42.25,0.109239995,16.971,0.067
Dam Capital Advisors Limited,DAMCAPITAL.NS,13.292637,15.89,,1.278,0.664
Damodar Industries Limited,DAMODARIND.NS,7.282609,4.14,0.06753,122.316,0.26
Dangee Dums Limited,DANGEE.NS,,-0.04,-0.036259998,121.846,0.022
Datamatics Global Services Limited,DATAMATICS.NS,20.93964,39.43,0.17094,12.851,0.205
Data Patterns (India) Limited,DATAPATTNS.NS,64.23123,41.69,0.16169001,0.378,2.378
Davangere Sugar Company Limited,DAVANGERE.NS,23.733332,0.15,0.029930001,46.8,0.225
D.B.Corp Limited,DBCORP.NS,13.456567,19.34,0.15502,12.612,0.099
Deepak Builders & Engineers India Limited,DBEIL.NS,11.740923,10.19,0.15385,35.454,-0.63
Dilip Buildcon Limited,DBL.NS,7.955456,59.94,0.16944,170.648,-0.218
Dhampur Bio Organics Limited,DBOL.NS,,-0.02,-5e-05,58.445,0.197
Valor Estate Limited,DBREALTY.NS,1697.857,0.07,0.00298,24.791,0.731
DB (International) Stock Brokers Limited,DBSTOCKBRO.NS,19.888,1.25,0.06589,3.583,-0.35
Dishman Carbogen Amcis Limited,DCAL.NS,28.637197,8.71,0.02254,40.201,-0.173
DCB Bank Limited,DCBBANK.NS,8.041509,21.2,0.11828,,0.08
Dc Infotech And Communication Limited,DCI.NS,22.822655,10.77,0.22364001,72.74,0.177
DCM  Limited,DCM.NS,6.604568,14.01,0.75782996,2.73,0.06
DCM Financial Services Limited,DCMFINSERV.NS,,-0.77,,,-0.662
DCM Nouvelle Limited,DCMNVL.NS,39.43804,3.47,0.00593,52.207,-0.08
DCM Shriram Limited,DCMSHRIRAM.NS,27.220398,45.69,0.10277,30.055,0.106
DCM Shriram Industries Limited,DCMSRIND.NS,7.7774606,7.01,0.068390004,33.1,-0.012
DCW Limited,DCW.NS,35.390533,1.69,0.04773,35.935,0.103
DCX Systems Limited,DCXINDIA.NS,86.5065,2.31,0.01844,0.242,-0.014
Ddev Plastiks Industries Limited,DDEVPLSTIK.NS,15.818942,19.11,0.23913,5.001,0.172
Deccan Cements Limited,DECCANCE.NS,32.183544,23.7,0.04546,101.902,0.165
DEE Development Engineers Limited,DEEDEV.NS,30.428572,7.0,0.06073,69.855,0.392
Deepak Fertilizers and Petrochemicals Corporation Limited,DEEPAKFERT.NS,16.107046,77.91,0.15364,62.046,0.094
Deepak Nitrite Limited,DEEPAKNTR.NS,45.273144,38.99,0.09961,22.412,-0.064
Deep Industries Limited,DEEPINDS.NS,,-6.13,-0.01441,10.086,0.692
Delhivery Limited,DELHIVERY.NS,222.54099,1.83,0.0147,17.226,0.169
DELPHI WORLD MONEY LIMITED,DELPHIFX.NS,109.231476,2.16,0.022079999,2547.188,-0.198
Delta Corp Limited,DELTACORP.NS,6.2932734,11.15,0.12361,1.395,-0.026
Delta Manufacturing Limited,DELTAMAGNT.NS,,-6.87,-0.48499,308.765,-0.28
Den Networks Limited,DEN.NS,7.873134,4.02,0.05217,0.575,-0.031
De Nora India Limited,DENORA.NS,140.47285,4.97,0.02104,,0.205
Denta Water and Infra Solutions Limited,DENTA.NS,13.561339,24.78,,3.104,0.538
Dev Information Technology Limited,DEVIT.NS,2.9186814,13.65,0.79074997,18.23,0.35
Dev Accelerator Limited,DEVX.NS,114.72221,0.36,,177.212,0.504
Devyani International Limited,DEVYANI.NS,2414.0,0.06,-0.02553,170.712,0.126
Digicontent Limited,DGCONTENT.NS,9.775811,3.39,0.76584,275.528,0.15
Dhampur Sugar Mills Limited,DHAMPURSUG.NS,14.034483,8.7,0.05175,44.818,0.197
Dhanlaxmi Bank Limited,DHANBANK.NS,9.621622,2.59,0.0681,,-0.003
Dhanuka Agritech Limited,DHANUKA.NS,19.440334,62.18,0.19896,2.063,-0.086
DHARAN INFRA-EPC LIMITED,DHARAN.NS,,-0.19,,7.248,-0.988
Dharmaj Crop Guard Limited,DHARMAJ.NS,16.568056,14.4,0.11586001,31.256,0.115
Dhruv Consultancy Services Limited,DHRUV.NS,12.824,3.75,0.06598,22.271,-0.411
Dhunseri Investments Limited,DHUNINV.NS,46.446102,28.11,0.00677,15.416,-0.448
Diamond Power Infrastructure Limited,DIACABS.NS,119.59829,1.17,,,0.751
Diamines & Chemicals Limited,DIAMINESQ.NS,,-5.18,-0.03121,6.365,-0.515
Prataap Snacks Limited,DIAMONDYD.NS,,-18.67,-0.061880004,7.953,-0.021
DIC India Limited,DICIND.NS,22.107437,21.78,,,0.008
Diffusion Engineers Limited,DIFFNKG.NS,29.334803,11.35,,5.714,0.013
Digidrive Distributors Limited,DIGIDRIVE.NS,12.660194,2.06,0.024920002,0.391,0.366
DiGiSPICE Technologies Limited,DIGISPICE.NS,,-0.69,-0.06548,5.5,0.144
Digitide Solutions Limited,DIGITIDE.NS,,,,46.421,0.07
Digjam Limited,DIGJAMLMTD.NS,92.6909,0.55,0.63910997,1263.899,1.507
Debock Industries Limited,DIL.NS,2.3066666,0.75,0.02765,,-1.0
Dish TV India Limited,DISHTV.NS,,-3.51,,,-0.264
Divgi Torqtransfer Systems Limited,DIVGIITTS.NS,61.15657,9.9,0.05069,0.262,0.538
Divi's Laboratories Limited,DIVISLAB.NS,68.70657,93.55,0.17061001,0.584,0.161
Dixon Technologies (India) Limited,DIXON.NS,47.85157,257.63,0.47032002,29.663,0.288
DJ Mediaprint & Logistics Limited,DJML.NS,27.726908,2.49,0.14199,37.044,0.699
DLF Limited,DLF.NS,40.173412,17.3,0.10293999,4.133,-0.168
D-Link (India) Limited,DLINKINDIA.NS,14.895584,29.21,0.2274,2.353,0.118
Avenue Supermarts Limited,DMART.NS,90.60766,41.8,0.12699,7.031,0.155
DMCC SPECIALITY CHEMICALS LIMITED,DMCC.NS,23.070726,11.17,0.12441,16.885,0.227
Diligent Media Corporation Limited,DNAMEDIA.NS,11.735294,0.34,,,-0.058
Dodla Dairy Limited,DODLA.NS,28.431557,43.1,0.1844,3.614,0.021
Dolat Algotech Limited,DOLATALGO.NS,12.527778,6.84,0.12205,18.689,-0.648
Dollar Industries Limited,DOLLAR.NS,19.230152,18.64,0.12429,37.489,0.056
Dolphin Offshore Enterprises (India) Limited,DOLPHIN.NS,30.914589,13.23,0.19451,64.104,0.471
DOMS Industries Limited,DOMS.NS,74.55073,34.5,0.21075001,13.64,0.241
Donear Industries Limited,DONEAR.NS,14.545455,6.49,0.14061,155.524,0.129
D. P. Abhushan Limited,DPABHUSHAN.NS,22.418892,66.27,0.35627,44.551,-0.037
DPSC Limited,DPSCLTD.NS,248.0,0.04,,17.775,-0.047
D P Wires Limited,DPWIRES.NS,23.50562,8.9,0.055970002,0.865,-0.121
DRC Systems India Limited,DRCSYSTEMS.NS,13.934426,1.22,0.24643,4.245,0.415
Dreamfolks Services Limited,DREAMFOLKS.NS,9.14038,12.11,0.21533,3.056,-0.351
Dredging Corporation of India Limited,DREDGECORP.NS,,-9.38,-0.01708,91.479,0.036
Dr. Reddy's Laboratories Limited,DRREDDY.NS,18.068329,70.25,0.1736,16.167,0.098
Dynacons Systems & Solutions Limited,DSSL.NS,15.135375,62.05,0.33928,63.929,0.15
Dhunseri Tea & Industries Limited,DTIL.NS,,-7.21,-0.01375,42.832,0.02
Ducon Infratechnologies Limited,DUCON.NS,8.255814,0.43,0.0809,57.96,0.023
Dhunseri Ventures Limited,DVL.NS,15.081066,19.12,0.019650001,16.554,-0.382
Dwarikesh Sugar Industries Limited,DWARKESH.NS,46.06173,0.81,0.02001,23.127,-0.001
Dynamic Cables Limited,DYCL.NS,21.072546,15.99,0.20727,18.848,0.202
Dynamatic Technologies Limited,DYNAMATECH.NS,194.2214,49.32,0.04583,77.708,0.086
Dynemic Products Limited,DYNPRO.NS,18.622732,14.34,0.07946,33.912,-0.087
E2E Networks Limited,E2E.NS,429.03766,4.78,0.00863,10.166,-0.079
Easy Trip Planners Limited,EASEMYTRIP.NS,149.4,0.05,0.015700001,4.102,-0.182
GNG Electronics Limited,EBGNG.NS,42.25503,7.45,,34.381,0.247
eClerx Services Limited,ECLERX.NS,36.630672,127.8,0.26288998,15.04,0.208
Ecos (India) Mobility & Hospitality Limited,ECOSMOBLTY.NS,20.305412,9.79,0.27581,3.246,0.342
Edelweiss Financial Services Limited,EDELWEISS.NS,17.197138,6.29,0.09842,350.698,-0.389
EFC (I) Limited,EFCIL.NS,427.78574,0.7,0.32609,160.926,0.53
Eicher Motors Limited,EICHERMOT.NS,39.43146,185.74,0.24874,2.018,0.448
EID Parry India Limited,EIDPARRY.NS,16.530548,64.65,0.16527,18.388,0.246
Enviro Infra Engineers Limited,EIEL.NS,18.127846,11.42,0.2711,25.86,0.067
Euro India Fresh Foods Limited,EIFFL.NS,115.783195,2.26,0.05175,85.026,-0.008
EIH Associated Hotels Limited,EIHAHOTELS.NS,22.932138,15.62,0.19538,0.787,-0.177
EIH Limited,EIHOTEL.NS,34.566856,10.62,0.15303001,5.176,-0.04
Eimco Elecon (India) Limited,EIMCOELECO.NS,21.59633,70.85,0.09511,0.376,-0.501
Everest Kanto Cylinder Limited,EKC.NS,13.544084,8.62,0.07875,15.317,-0.019
Eldeco Housing And Industries Limited,ELDEHSG.NS,63.544304,15.01,0.03822,26.96,-0.01
Elecon Engineering Company Limited,ELECON.NS,20.777246,23.03,0.25869,11.49,0.138
Electrosteel Castings Limited,ELECTCAST.NS,9.476961,8.03,0.0875,37.702,-0.236
Electrotherm (India) Limited,ELECTHERM.NS,4.051552,219.78,,,0.001
Elgi Equipments Limited,ELGIEQUIP.NS,37.626015,12.3,0.20885,26.275,0.114
Elgi Rubber Company Limited,ELGIRUBCO.NS,,-5.6,-0.14986,183.179,-0.042
Elin Electronics Limited,ELIN.NS,21.088385,7.92,0.07169,2.771,0.23
Ellenbarrie Industrial Gases Limited,ELLEN.NS,,,,12.866,-0.058
Emami Limited,EMAMILTD.NS,29.820395,17.26,0.2713,2.457,-0.103
Emami Paper Mills Limited,EMAMIPAP.NS,36.414223,2.39,0.02664,101.476,-0.09
Emami Realty Limited,EMAMIREAL.NS,,-46.12,,,0.528
Embassy Developments Limited,EMBDL.NS,17.021738,3.68,-0.028570002,45.923,1.005
Emcure Pharmaceuticals Limited,EMCURE.NS,34.073013,41.91,0.1784,33.972,0.134
Electronics Mart India Limited,EMIL.NS,40.83004,2.53,0.06445,126.148,0.148
Emkay Global Financial Services Limited,EMKAY.NS,30.260973,8.43,0.07678,23.429,-0.347
Emmbi Industries Limited,EMMBI.NS,24.136585,4.1,0.03957,84.014,0.191
Emmvee Photovoltaic Power Limited,EMMVEE.NS,17.405867,10.57,,214.9,1.811
EMS Limited,EMSLIMITED.NS,14.601362,29.35,0.16903,15.798,-0.261
eMudhra Limited,EMUDHRA.NS,52.51965,11.45,0.1302,2.019,0.224
Endurance Technologies Limited,ENDURANCE.NS,40.634262,62.75,0.15271,19.638,0.23
Energy Development Company Limited,ENERGYDEV.NS,,-19.19,-1.6540401,1500.784,0.369
Engineers India Limited,ENGINERSIN.NS,21.457682,9.57,0.21128,0.731,0.337
Entertainment Network (India) Limited,ENIL.NS,46.06967,2.44,0.01596,23.226,0.243
Siemens Energy India Limited,ENRIN.NS,84.9822,30.89,0.28957,3.369,0.273
Entero Healthcare Solutions Limited,ENTERO.NS,37.618484,25.32,0.072569996,24.634,0.208
EPACK Durable Limited,EPACK.NS,66.42019,4.26,0.043759998,75.66,-0.434
EPack Prefab Technologies Limited,EPACKPEB.NS,50.050934,5.89,,32.125,0.616
Epigral Limited,EPIGRAL.NS,13.646267,93.63,0.22986999,25.565,-0.062
EPL Limited,EPL.NS,16.50311,12.86,0.17245,32.296,0.11
Equippp Social Impact Technologies Limited,EQUIPPP.NS,328.57144,0.07,0.17584999,71.587,20.965
Equitas Small Finance Bank Limited,EQUITASBNK.NS,,-0.8,-0.01545,58.933,-0.037
Eris Lifesciences Limited,ERIS.NS,50.12812,30.44,0.1342,68.185,0.069
Esab India Limited,ESABINDIA.NS,45.204006,134.8,0.54427,0.876,0.127
ESAF Small Finance Bank Limited,ESAFSFB.NS,,-11.48,-0.2888,,-0.123
Escorts Kubota Limited,ESCORTS.NS,32.625496,113.35,0.11486,0.871,0.122
Essar Shipping Limited,ESSARSHPNG.NS,8.929032,3.1,,,-1.0
Integra Essentia Limited,ESSENTIA.NS,51.333332,0.03,0.016619999,23.209,-0.08
Ester Industries Limited,ESTER.NS,218.53061,0.49,0.0051499996,93.212,0.07
ETERNAL LIMITED,ETERNAL.NS,1408.75,0.2,0.00721,10.875,1.832
Ethos Limited,ETHOSLTD.NS,82.02954,36.56,0.07491,19.497,0.29
Eureka Forbes Limited,EUREKAFORB.NS,66.50471,9.57,0.0421,2.009,0.147
Euro Panel Products Limited,EUROBOND.NS,19.199787,9.41,0.17198999,88.695,0.306
Euro Pratik Sales Limited,EUROPRATIK.NS,45.377644,6.62,,8.422,0.101
Eurotex Industries and Exports Limited,EUROTEXIND.NS,6.0680857,2.35,,,0.46
Eveready Industries India Limited,EVEREADY.NS,52.257553,6.29,0.100710005,75.46,0.067
Everest Industries Limited,EVERESTIND.NS,,-15.42,-0.041360002,53.597,-0.187
Excel Realty N Infra Limited,EXCEL.NS,160.0,0.01,0.00087,0.492,-0.63
Excel Industries Limited,EXCELINDUS.NS,15.966171,58.53,0.04329,0.621,0.005
Excelsoft Technologies Limited,EXCELSOFT.NS,29.282393,3.01,,11.581,0.191
Exicom Tele-Systems Limited,EXICOM.NS,,-20.68,-0.35738,78.314,0.837
Exide Industries Limited,EXIDEIND.NS,39.475674,9.25,0.05558,11.151,-0.019
Expleo Solutions Limited,EXPLEOSOL.NS,14.784618,67.09,0.15142,2.866,0.09
Exxaro Tiles Limited,EXXARO.NS,53.733334,0.15,0.024500001,31.657,-0.013
Fabtech Technologies Limited,FABTECH.NS,19.353111,10.45,,21.62,1.068
Fertilizers and Chemicals Travancore Limited,FACT.NS,562.4367,1.58,0.07755,278.992,0.125
Fairchem Organics Limited,FAIRCHEMOR.NS,149.60385,4.67,0.020469999,18.502,-0.195
Faze Three Limited,FAZE3Q.NS,31.362986,13.94,0.08245,54.853,0.361
Fineotex Chemical Limited,FCL.NS,29.302326,0.86,0.13344,0.004,-0.055
FCS Software Solutions Limited,FCSSOFT.NS,Infinity,0.0,0.00104,,-0.117
FDC Limited,FDC.NS,29.361933,13.87,0.09546,0.852,-0.079
The Federal Bank  Limited,FEDERALBNK.NS,16.40576,15.97,0.11451,,0.02
Fedbank Financial Services Limited,FEDFINA.NS,22.552671,6.55,0.09607001,383.461,0.097
Future Enterprises Limited,FEL.NS,,-31.09,-2.38273,,-0.132
Future Enterprises Limited,FELDVR.NS,,-34.04,-2.38273,,-0.132
Fiberweb (India) Limited,FIBERWEB.NS,6.508021,5.61,0.09196,3.545,-0.19
Fiem Industries Limited,FIEMIND.NS,26.763374,86.17,0.22563,5.696,0.172
Filatex India Limited,FILATEX.NS,12.347607,3.97,0.13317999,9.979,0.026
Filatex Fashions Limited,FILATFASH.NS,35.0,0.01,0.00343,2.572,-0.356
Finolex Cables Limited,FINCABLES.NS,17.648952,43.47,0.12194,0.377,0.049
Fine Organic Industries Limited,FINEORG.NS,31.796036,132.18,0.17639999,0.661,0.002
Finkurve Financial Services Limited,FINKURVE.NS,65.628204,1.56,0.07829,116.173,0.443
Fino Payments Bank Limited,FINOPB.NS,26.317707,9.6,0.1086,,-0.135
Finolex Industries Limited,FINPIPE.NS,21.854568,7.77,0.07564,0.359,0.037
Brainbees Solutions Limited,FIRSTCRY.NS,,-3.56,-0.04593,31.483,0.102
Fischer Medical Ventures Limited,FISCHER.NS,15.08772,2.85,0.08996,10.264,1.176
Five-Star Business Finance Limited,FIVESTAR.NS,14.683847,37.64,0.17645,123.056,0.099
Flair Writing Industries Limited,FLAIR.NS,24.143314,12.49,0.12946999,5.464,0.188
Flexituff Ventures International Limited,FLEXITUFF.NS,,-90.35,,,-0.933
Future Lifestyle Fashions Limited,FLFL.NS,,-72.08,,,-0.787
Gujarat Fluorochemicals Limited,FLUOROCHEM.NS,58.700645,61.8,0.09854,22.475,0.019
Federal-Mogul Goetze (India) Limited.,FMGOETZE.NS,13.820363,32.51,0.13992,0.143,0.058
Future Market Networks Limited,FMNL.NS,,-3.71,-0.18591999,160.459,-0.069
Focus Lighting and Fixtures Limited,FOCUS.NS,106.12676,0.71,,,0.088
Foods & Inns Limited,FOODSIN.NS,16.340425,4.23,0.059510004,88.516,0.141
FORCE MOTORS LTD,FORCEMOT.NS,22.602907,817.24,0.35486,,0.072
Fortis Healthcare Limited,FORTIS.NS,67.09294,13.45,0.112679996,32.958,0.173
Foseco India Limited,FOSECOIND.NS,40.11179,124.34,,0.424,0.071
Firstsource Solutions Limited,FSL.NS,36.06842,9.5,0.16209,54.258,0.201
Fusion Finance Limited,FUSION.NS,,-89.38,-0.44958,257.668,
Gabriel India Limited,GABRIEL.NS,57.782146,17.81,0.21625,8.126,0.149
Gujarat Ambuja Exports Limited,GAEL.NS,27.880264,4.51,0.06879,9.321,0.322
GAIL (India) Limited,GAIL.NS,10.3086195,16.59,0.12713,25.373,0.049
Gala Precision Engineering Limited,GALAPREC.NS,33.633232,23.23,0.1173,8.821,0.394
Galaxy Surfactants Limited,GALAXYSURF.NS,25.430235,80.77,0.11924,10.558,0.248
Gallantt Ispat Limited,GALLANTT.NS,25.464602,20.34,0.17205,21.152,0.074
Gandhar Oil Refinery (India) Limited,GANDHAR.NS,16.005331,9.38,0.07572,24.674,0.133
Gandhi Special Tubes Limited,GANDHITUBE.NS,13.964508,54.66,0.25287,0.04,-0.012
Ganesha Ecosphere Limited,GANECOS.NS,35.614536,24.49,0.054050002,43.209,-0.061
Ganesh Benzoplast Limited,GANESHBE.NS,12.321101,6.54,0.0836,8.888,0.014
Ganesh Consumer Products Limited,GANESHCP.NS,26.62805,8.2,,52.589,0.072
GANESH HOUSING LIMITED,GANESHHOU.NS,12.710873,63.19,0.29663,3.485,-0.266
Ganga Forging Limited,GANGAFORGE.NS,,-0.23,-0.10439,58.193,-0.282
Ganges Securities Limited,GANGESSECU.NS,137.72,1.0,0.00147,,0.014
Garware Technical Fibres Limited,GARFIBRES.NS,34.010216,20.56,0.16843,10.153,-0.173
Garuda Construction and Engineering Limited,GARUDA.NS,21.265657,9.26,,0.023,1.492
GACM Technologies Limited,GATECH.NS,5.5,0.1,0.11946,,0.752
GACM Technologies Limited,GATECHDVR.NS,5.1,0.1,0.11946,,0.752
Gateway Distriparks Limited,GATEWAY.NS,7.8318357,7.79,0.17419,28.437,0.455
Gayatri Highways Limited,GAYAHWS.NS,,-0.95,,,0.258
Gretex Corporate Services Limited,GCSL.NS,3170.909,0.11,-0.025139999,3.959,-0.303
GeeCee Ventures Limited,GEECEE.NS,18.274887,17.68,0.04719,,-0.395
Geekay Wires Limited,GEEKAYWIRE.NS,10.305467,3.11,0.22599001,74.965,0.003
Gem Aromatics Limited,GEMAROMA.NS,21.160603,7.97,,31.583,-0.202
Generic Engineering Construction and Projects Limited,GENCON.NS,27.496855,1.59,0.043119997,23.407,0.199
Genesys International Corporation Limited,GENESYS.NS,30.182005,14.56,0.09819,21.419,0.068
Gensol Engineering Limited,GENSOL.NS,1.1791044,22.78,,228.07,0.564
Genus Paper & Boards Limited,GENUSPAPER.NS,47.035713,0.28,0.01401,84.844,0.158
Genus Power Infrastructures Limited,GENUSPOWER.NS,18.234224,16.48,0.25522,91.662,1.36
Geojit Financial Services Limited,GEOJITFSL.NS,18.337322,4.18,0.108669996,10.436,-0.195
The Great Eastern Shipping Company Limited,GESHIP.NS,7.678896,142.82,0.14222999,8.236,-0.083
GFL Limited,GFLLIMITED.NS,,-0.66,-0.0028600001,,0.19
GHCL Limited,GHCL.NS,9.49958,59.55,0.16726999,2.663,-0.09
GHCL Textiles Limited,GHCLTEXTIL.NS,12.940647,5.56,0.03692,3.879,0.11
GIC Housing Finance Limited,GICHSGFIN.NS,6.8021936,26.44,0.073410004,451.51,0.158
General Insurance Corporation of India,GICRE.NS,6.799121,54.61,0.10281,,0.029
Gillanders Arbuthnot & Company Limited,GILLANDERS.NS,9.021448,11.19,0.09847999,57.589,0.044
Gillette India Limited,GILLETTE.NS,51.593445,164.11,,0.004,0.037
Ginni Filaments Limited,GINNIFILA.NS,13.930071,2.86,0.11821,18.852,0.018
Gujarat Industries Power Company Limited,GIPCL.NS,12.945351,12.26,0.054390002,79.265,0.164
GK Energy Limited,GKENERGY.NS,18.786325,8.19,0.37502,54.322,0.915
GKW Limited,GKWLIMITED.NS,,-48.94,-0.01127,0.016,-0.25
Gland Pharma Limited,GLAND.NS,34.43357,48.02,0.08614001,3.161,0.058
GlaxoSmithKline Pharmaceuticals Limited,GLAXO.NS,43.65456,56.45,0.56517,2.091,-0.031
Glenmark Pharmaceuticals Limited,GLENMARK.NS,56.224834,35.76,0.11203,12.776,0.761
Global Education Limited,GLOBAL.NS,21.148148,4.32,0.19633,,0.052
Globale Tessile Limited,GLOBALE.NS,,-1.94,-0.18201,107.309,-0.838
Global Vectra Helicorp Limited,GLOBALVECT.NS,,-4.25,-0.71669996,14097.473,-0.054
GLOBE ENTERPRISES (INDIA) LIMITED,GLOBE.NS,12.714287,0.21,0.0664,107.624,0.058
Globe Civil Projects Limited,GLOBECIVIL.NS,23.143412,2.58,0.26150998,66.902,
Globus Spirits Limited,GLOBUSSPR.NS,61.17353,16.02,0.04458,45.349,0.037
Gloster Limited,GLOSTERLTD.NS,78.11377,8.35,0.00848,69.656,1.521
Glottis Limited,GLOTTIS.NS,10.032895,6.08,,25.397,-0.014
GM Breweries Limited,GMBREW.NS,19.102667,62.63,0.15564,0.124,0.205
Gujarat Mineral Development Corporation Limited,GMDCLTD.NS,18.674698,31.54,0.15535,4.139,-0.11
GMM Pfaudler Limited,GMMPFAUDLR.NS,72.525116,14.93,0.055040002,89.639,0.12
GMR AIRPORTS LIMITED,GMRAIRPORT.NS,,-0.13,,,0.471
GMR Power and Urban Infra Limited,GMRP&UI.NS,9.14934,12.12,0.77619004,731.235,0.308
GNA Axles Limited,GNA.NS,12.89861,24.46,0.11726,24.247,-0.102
Gujarat Narmada Valley Fertilizers and Chemicals Limited,GNFC.NS,11.258943,43.33,0.074829996,0.15,0.027
Goa Carbon Limited,GOACARBON.NS,,-48.34,-0.21045,207.636,-0.139
GOCL Corporation Limited,GOCLCORP.NS,12.914069,22.46,0.052529998,5.952,-0.983
Go Fashion (India) Limited,GOCOLORS.NS,28.914371,16.35,0.12657,72.092,0.075
Godavari Biorefineries Limited,GODAVARIB.NS,73.64467,3.94,0.03571,67.931,0.342
Godfrey Phillips India Limited,GODFRYPHLP.NS,34.544563,81.79,0.24123,3.005,-0.069
Go Digit General Insurance Limited,GODIGIT.NS,65.378075,5.29,0.10438,7.443,0.114
Godrej Agrovet Limited,GODREJAGRO.NS,24.982315,22.62,0.17841999,110.727,0.05
Godrej Consumer Products Limited,GODREJCP.NS,67.916664,17.76,0.14976,33.818,0.043
Godrej Industries Limited,GODREJIND.NS,35.16952,28.61,0.10305,212.69,0.228
Godrej Properties Limited,GODREJPROP.NS,38.840183,51.56,0.103599995,87.886,-0.323
Gokaldas Exports Limited,GOKEX.NS,38.132324,20.48,0.074439995,46.068,0.06
Gokul Refoils and Solvent Limited,GOKUL.NS,25.986486,1.48,0.04242,97.223,0.241
Gokul Agro Resources Limited,GOKULAGRO.NS,15.729076,11.59,0.27665,48.257,0.379
Golden Tobacco Limited,GOLDENTOBC.NS,14.463964,2.22,,,-0.184
Goldiam International Limited,GOLDIAM.NS,28.71417,12.56,0.16217,2.357,0.408
AION-TECH SOLUTIONS LIMITED,GOLDTECH.NS,41.786884,1.22,0.030669998,33.574,0.658
Goodluck India Limited,GOODLUCK.NS,20.611353,50.38,0.122609995,70.111,0.016
Gopal Snacks Limited,GOPAL.NS,,-0.51,-0.01362,14.964,-0.072
Goyal Aluminiums Limited,GOYALALUM.NS,29.347826,0.23,0.08773,5.731,-0.44
Godawari Power And Ispat limited,GPIL.NS,21.007486,12.02,0.15154,3.643,0.031
Gujarat Pipavav Port Limited,GPPL.NS,18.54306,9.87,0.20214,2.111,0.319
GPT Healthcare Limited,GPTHEALTH.NS,25.790169,5.29,0.17914,38.278,0.125
GPT Infraprojects Limited,GPTINFRA.NS,15.252078,7.22,0.17287001,33.327,-0.031
Granules India Limited,GRANULES.NS,29.216753,21.13,0.13843,45.369,0.342
Graphite India Limited,GRAPHITE.NS,47.266827,12.33,0.04047,4.572,0.134
Grasim Industries Limited,GRASIM.NS,44.296494,63.61,0.058280002,126.634,0.189
Gravita India Limited,GRAVITA.NS,37.0486,50.62,0.22555,19.62,0.117
Greaves Cotton Limited,GREAVESCOT.NS,42.25336,4.46,0.02303,12.328,0.156
Greenlam Industries Limited,GREENLAM.NS,208.54701,1.17,0.026789999,103.274,0.187
Greenpanel Industries Limited,GREENPANEL.NS,,-0.23,-0.00212,30.888,0.175
Greenply Industries Limited,GREENPLY.NS,38.931187,6.83,0.10663,64.017,0.075
Orient Green Power Company Limited,GREENPOWER.NS,19.474577,0.59,0.06626,41.218,0.056
Grindwell Norton Limited,GRINDWELL.NS,45.57754,34.37,0.17528999,3.481,0.117
G R Infraprojects Limited,GRINFRA.NS,8.897569,113.93,0.13016,62.543,0.149
GRM Overseas Limited,GRMOVER.NS,54.04839,3.1,0.15576,44.143,0.149
The Grob Tea Company Limited,GROBTEA.NS,,-7.08,-0.00775,14.11,-0.243
Billionbrains Garage Ventures Limited,GROWW.NS,54.531353,3.03,,4.986,-0.098
GRP Limited,GRPLTD.NS,32.778854,51.64,0.15809,112.442,0.005
Garden Reach Shipbuilders & Engineers Limited,GRSE.NS,46.44957,53.74,0.29792,1.393,0.455
Garware Hi-Tech Films Limited,GRWRHITECH.NS,23.28235,134.69,0.13212,0.734,-0.082
Gujarat State Fertilizers & Chemicals Limited,GSFC.NS,10.616945,16.76,0.051609997,0.011,0.21
Global Surfaces Limited,GSLSU.NS,,-6.13,-0.085260004,71.035,0.151
Gujarat State Petronet Limited,GSPL.NS,16.274672,18.24,0.10007,0.876,0.004
GSS Infotech Limited,GSS.NS,,-1.08,-0.0081,41.074,-0.383
G-TEC JAINX EDUCATION LIMITED,GTECJAINX.NS,,-3.35,-0.98508,62.029,-0.007
GTL Limited,GTL.NS,,-3.47,,,-0.207
GTL Infrastructure Limited,GTLINFRA.NS,,-0.68,,,0.06
GTPL Hathway Limited,GTPL.NS,27.493076,3.61,0.02762,29.458,0.119
Gufic Biosciences Limited,GUFICBIO.NS,58.758804,5.68,0.094440006,58.497,0.161
Gujarat Alkalies and Chemicals Limited,GUJALKALI.NS,Infinity,0.0,3.0000001e-05,11.429,0.093
Gujarat Apollo Industries Limited,GUJAPOLLO.NS,,-2.53,-0.0083099995,9.248,0.311
Gujarat Gas Limited,GUJGASLTD.NS,24.291,16.22,0.1339,1.739,-0.0
Gujarat Raffia Industries Limited,GUJRAFFIA.NS,24.289856,2.07,0.032899998,10.054,3.773
Gujarat Themis Biosyn Limited,GUJTHEM.NS,100.29411,4.42,0.19798,27.036,0.22
Gulf Oil Lubricants India Limited,GULFOILLUB.NS,15.96997,74.59,0.23413,29.566,0.119
GP Petroleums Limited,GULFPETRO.NS,6.694184,5.33,0.08311,4.622,0.216
Gulshan Polyols Limited,GULPOLY.NS,20.47145,6.83,0.06865,70.759,0.23
GVK Power & Infrastructure Limited,GVKPIL.NS,,-6.21,-2.7135599,,-0.997
GE Power India Limited,GVPIL.NS,41.579975,7.69,0.07482,5.207,0.29
GVP Infotech Limited,GVPTECH.NS,,-5.25,-0.71369004,,3.674
GE Vernova T&D India Limited,GVT&D.NS,85.221855,36.06,0.53129,1.46,0.389
Hindustan Aeronautics Limited,HAL.NS,34.86912,126.45,0.24792999,0.031,0.109
HALEOS LABS LIMITED,HALEOSLABS.NS,20.208704,61.81,0.08992,31.368,0.037
Happiest Minds Technologies Limited,HAPPSTMNDS.NS,36.811874,12.97,0.12388,,0.358
Happy Forgings Limited,HAPPYFORGE.NS,37.802082,28.8,0.14789,9.832,0.045
Hardwyn India Limited,HARDWYN.NS,63.642857,0.28,0.03462,1.527,-0.019
Hariom Pipe Industries Limited,HARIOMPIPE.NS,17.248388,20.17,0.10823,69.094,0.069
Harrisons  Malayalam Limited,HARRMALAYA.NS,10.326491,15.59,0.18898001,68.843,-0.021
Harsha Engineers International Limited,HARSHA.NS,34.704525,10.83,0.07755,24.121,0.073
Hathway Cable & Datacom Limited,HATHWAY.NS,22.89091,0.55,0.02229,0.212,0.047
Hatsun Agro Product Limited,HATSUN.NS,65.74813,14.77,0.19368,109.967,0.172
Havells India Limited,HAVELLS.NS,60.710613,23.36,0.17709999,3.292,0.053
Sri Havisha Hospitality and Infrastructure Limited,HAVISHA.NS,,-0.2,-0.23645,208.219,-0.297
HBL Engineering Limited,HBLENGINE.NS,38.852814,23.1,0.38127,4.396,1.347
HB Stockholdings Limited,HBSL.NS,,-22.03,-0.15645,13.379,-0.796
Hindustan Construction Company Limited,HCC.NS,26.600002,0.7,0.22076,147.434,-0.317
Healthcare Global Enterprises Limited,HCG.NS,267.8486,2.51,0.04335,177.905,0.169
HCL Infosystems Limited,HCL-INSYS.NS,,-0.58,,,-0.253
HCL Technologies Limited,HCLTECH.NS,26.51924,62.63,0.24326,9.495,0.058
HDB Financial Services Limited,HDBFS.NS,29.169231,26.0,0.12581,468.269,-0.144
HDFC Asset Management Company Limited,HDFCAMC.NS,41.356037,64.01,0.37780997,,0.062
HDFC Bank Limited,HDFCBANK.NS,22.557981,43.98,0.108430006,,-0.072
HDFC Life Insurance Company Limited,HDFCLIFE.NS,85.4395,8.76,0.11649,13.88,-0.275
Housing Development and Infrastructure Limited,HDIL.NS,Infinity,0.0,,,0.796
Heads UP Ventures Limited,HEADSUP.NS,4.017544,2.28,0.30604,,
HEC Infra Projects Limited,HECPROJECT.NS,13.407489,9.08,0.22955999,73.815,1.021
HEG Limited,HEG.NS,41.838562,13.38,0.05661,13.812,0.232
HeidelbergCement India Limited,HEIDELBERG.NS,30.566902,5.68,0.097229995,5.868,0.109
Hemisphere Properties India Limited,HEMIPROP.NS,,-0.33,-0.024349999,20.011,0.046
Heranba Industries Limited,HERANBA.NS,,-11.76,-0.0546,60.274,0.193
HERCULES INVESTMENTS LIMITED,HERCULES.NS,63.40081,2.47,0.00913,,
Heritage Foods Limited,HERITGFOOD.NS,24.283798,18.64,0.17846,21.029,0.091
Hero MotoCorp Limited,HEROMOTOCO.NS,21.365221,263.84,0.26332,3.395,0.166
Hester Biosciences Limited,HESTERBIO.NS,31.20771,50.84,0.13401,60.852,-0.057
Heubach Colorants India Limited,HEUBACHIND.NS,18.079245,26.5,0.11647,4.325,-0.162
Hexa Tradex Limited,HEXATRADEX.NS,41.42636,3.87,0.00435,0.412,0.016
Hexaware Technologies Limited,HEXT.NS,33.121693,22.68,0.24176,10.008,0.111
HFCL Limited,HFCL.NS,279.4091,0.22,0.00759,41.391,-0.046
H.G. Infra Engineering Limited,HGINFRA.NS,12.309632,63.43,0.14265001,182.684,0.002
HandsOn Global Management (HGM) Limited,HGM.NS,17.898964,3.86,0.20697,100.637,2.394
Hinduja Global Solutions Limited,HGS.NS,,-12.55,-0.0105,23.446,0.004
Hikal Limited,HIKAL.NS,288.8642,0.81,0.00842,57.213,-0.297
Highway Infrastructure Limited,HILINFRA.NS,12.946189,4.46,,27.666,-0.021
Hilton Metal Forging Limited,HILTON.NS,15.494381,2.67,0.059910003,58.483,1.003
Himatsingka Seide Limited,HIMATSEIDE.NS,17.036926,6.77,0.04676,121.696,-0.093
Hindalco Industries Limited,HINDALCO.NS,10.927642,79.88,0.14206,57.571,0.135
Hindustan Composites Limited,HINDCOMPOS.NS,21.989594,20.18,0.0269,0.307,0.151
Hindcon Chemicals Limited,HINDCON.NS,27.2,1.0,0.07241,10.848,0.182
Hindustan Copper Limited,HINDCOPPER.NS,80.74703,5.89,0.21079999,4.776,0.382
Hindustan Oil Exploration Company Limited,HINDOILEXP.NS,14.510777,10.67,0.10882,5.622,2.323
Hindustan Petroleum Corporation Limited,HINDPETRO.NS,7.14373,65.47,0.27104,110.909,0.009
Hindustan Unilever Limited,HINDUNILVR.NS,49.328724,46.33,0.21819,3.611,0.02
Hindware Home Innovation Limited,HINDWAREAP.NS,,-9.38,-0.11132,119.294,0.063
Hindustan Zinc Limited,HINDZINC.NS,25.484194,24.99,0.99113,88.173,0.035
Hind Rectifiers Limited,HIRECT.NS,54.804348,27.6,0.288,109.187,0.37
Hisar Metal Industries Limited,HISARMETAL.NS,35.232964,4.55,0.03909,106.756,-0.081
Hi-Tech Pipes Limited,HITECH.NS,23.856398,3.83,0.07616,20.944,0.217
Hitech Corporation Limited,HITECHCORP.NS,26.714285,6.51,0.04093,47.479,0.122
The Hi-Tech Gears Limited,HITECHGEAR.NS,45.711464,15.18,0.05788,36.226,-0.023
HLE Glascoat Limited,HLEGLAS.NS,41.962086,10.55,0.13395001,65.063,0.488
HLV LIMITED,HLVLTD.NS,80.91667,0.12,0.016900001,8.381,-0.174
HMA Agro Industries Limited,HMAAGRO.NS,16.639536,1.72,0.14912,70.83,0.458
HMT Limited,HMT.NS,,-4.32,,,-0.379
Hindustan Media Ventures Limited,HMVL.NS,6.138083,11.37,0.054920003,5.327,0.145
Hindustan Foods Limited,HNDFDS.NS,48.10232,10.75,0.14484,86.577,0.176
Home First Finance Company India Limited,HOMEFIRST.NS,24.066883,46.35,0.14366001,240.452,0.353
Honasa Consumer Limited,HONASA.NS,66.77861,4.02,0.10981,11.184,0.165
Honeywell Automation India Limited,HONAUT.NS,56.433277,584.85,0.12968999,2.215,0.123
Honda India Power Products Limited,HONDAPOWER.NS,31.10948,74.81,0.096099995,0.008,-0.009
HP Adhesives Limited,HPAL.NS,24.158192,1.77,0.08885,1.13,0.104
Hindprakash Industries Limited,HPIL.NS,157.40477,0.84,0.01865,73.098,0.544
HPL Electric & Power Limited,HPL.NS,26.991953,14.91,0.10538,77.475,0.029
Himadri Speciality Chemical Limited,HSCL.NS,36.61229,13.18,0.17351,21.091,-0.058
HT Media Limited,HTMEDIA.NS,30.776316,0.76,0.01597,39.322,0.065
Hubtown Limited,HUBTOWN.NS,26.878546,8.81,0.05424,39.557,1.107
Housing & Urban Development Corporation Limited,HUDCO.NS,15.842031,13.99,0.15944,705.764,0.022
Huhtamaki India Limited,HUHTAMAKI.NS,15.819561,13.19,,12.134,-0.043
Hybrid Financial Services Limited,HYBRIDFIN.NS,18.045872,1.09,0.07477,1.604,0.027
Hyundai Motor India Limited,HYUNDAI.NS,32.974857,70.39,0.36782002,4.892,0.012
Indiabulls Limited,IBULLSLTD.NS,,-6.35,0.08554,17.554,
ICDS Limited,ICDSLTD.NS,50.73256,0.86,,,
Ice Make Refrigeration Limited,ICEMAKE.NS,85.77801,9.64,0.13062,139.699,0.427
ICICI Prudential Asset Management Company Limited,ICICIAMC.NS,44.265278,,,,
ICICI Bank Limited,ICICIBANK.NS,18.155418,74.38,0.17599002,,0.079
ICICI Lombard General Insurance Company Limited,ICICIGI.NS,34.796574,56.04,0.17802,,0.126
ICICI Prudential Life Insurance Company Limited,ICICIPRULI.NS,72.21667,9.0,0.10762,22.675,-0.524
Indo Count Industries Limited,ICIL.NS,31.539377,8.38,0.07362,53.871,0.025
ICRA Limited,ICRA.NS,31.41899,195.28,0.18423,1.121,0.083
IDBI Bank Limited,IDBI.NS,11.732638,8.64,0.15128,,0.298
Vodafone Idea Limited,IDEA.NS,,-3.08,,,0.023
Ideaforge Technology Limited,IDEAFORGE.NS,,-21.41,-0.15204,7.632,0.099
IDFC First Bank Limited,IDFCFIRSTB.NS,46.51366,1.83,0.03441,,0.161
Indian Energy Exchange Limited,IEX.NS,25.685009,5.27,0.40870997,0.299,0.092
IFB Agro Industries Limited,IFBAGRO.NS,25.046122,55.29,0.08474,13.624,0.507
IFB Industries Limited,IFBIND.NS,51.23327,31.38,0.14816,18.143,0.124
IFCI Limited,IFCI.NS,37.356644,1.43,0.048839998,22.625,0.145
IFGL Refractories Limited,IFGLEXPOR.NS,49.213074,4.13,0.02654,19.053,0.189
Igarashi Motors India Limited,IGARASHI.NS,91.27066,4.84,0.03302,30.826,0.014
Indogulf Cropsciences Limited,IGCL.NS,14.972629,5.48,,47.136,0.07
International Gemmological Institute (India) Limited,IGIL.NS,28.365791,11.81,,10.626,0.214
Indraprastha Gas Limited,IGL.NS,16.99122,11.39,0.14575,0.903,0.088
IG Petrochemicals Limited,IGPL.NS,37.182762,10.56,0.025,30.804,-0.202
IIFL Finance Limited,IIFL.NS,30.067736,19.93,0.07253,401.134,0.198
IIFL Capital Services Limited,IIFLCAPS.NS,18.375706,17.7,0.23265,61.874,-0.247
Industrial Investment Trust Limited,IITL.NS,,-2.53,-0.010369999,0.692,
IKIO Technologies Limited,IKIO.NS,73.69354,2.48,0.03612,10.202,0.313
Inventurus Knowledge Solutions Limited,IKS.NS,47.54945,36.4,0.33706,34.186,0.215
IL&FS Engineering and Construction Company Limited,IL&FSENGG.NS,,-0.12,,,-0.172
IL&FS Transportation Networks Limited,IL&FSTRANS.NS,,-18.89,,385.701,0.76
Imagicaaworld Entertainment Limited,IMAGICAA.NS,105.53488,0.43,0.01972,15.4,0.046
Indian Metals & Ferro Alloys Limited,IMFA.NS,23.251595,61.17,0.13628,17.281,0.039
India Motor Parts and Accessories Limited,IMPAL.NS,15.081897,68.99,0.0339,,0.044
Impex Ferro Tech Limited,IMPEXFERRO.NS,,-0.83,,,
INCREDIBLE INDUSTRIES LIMITED,INCREDIBLE.NS,13.043334,3.0,0.098120004,11.937,0.171
Indbank Merchant Banking Services Limited,INDBANK.NS,24.549297,1.42,0.068169996,3.198,-0.226
Indegene Limited,INDGN.NS,28.086885,18.53,0.17062001,4.257,0.171
The Indian Hotels Company Limited,INDHOTEL.NS,62.466213,11.84,0.15217,25.013,0.124
The India Cements Limited,INDIACEM.NS,420.28574,1.05,0.00415,13.307,0.083
India Glycols Limited,INDIAGLYCO.NS,24.55545,41.84,0.114420004,85.85,0.136
Indiamart Intermesh Limited,INDIAMART.NS,24.775852,89.45,0.26791,1.325,0.125
Indian Bank,INDIANB.NS,9.300478,83.7,0.15754,,0.1
Indian Card Clothing Company Limited,INDIANCARD.NS,5.642125,41.97,0.07462,1.437,-0.045
Indian Hume Pipe Company Limited,INDIANHUME.NS,3.839368,108.26,0.5034,35.77,0.029
India Shelter Finance Corporation Limited,INDIASHLTR.NS,20.279028,39.96,0.16498,188.395,0.309
InterGlobe Aviation Limited,INDIGO.NS,38.404484,132.12,0.82192004,866.462,0.093
Indigo Paints Limited,INDIGOPNTS.NS,37.433598,30.12,0.14421,2.232,0.042
Indiqube Spaces Limited,INDIQUBE.NS,,-5.33,,866.823,0.388
India Nippon Electricals Limited,INDNIPPON.NS,20.690266,39.55,0.12327,0.212,0.299
Indo Amines Limited,INDOAMIN.NS,13.366943,9.62,0.21325001,85.051,0.029
Indo Borax & Chemicals Limited,INDOBORAX.NS,18.554697,14.26,0.13535,0.009,0.527
Indoco Remedies Limited,INDOCO.NS,,-12.04,-0.111770004,102.504,0.12
Indo Farm Equipment Limited,INDOFARM.NS,32.74055,5.82,,33.236,0.207
Indo Rama Synthetics (India) Limited,INDORAMA.NS,8.939227,5.43,0.37839,245.505,0.284
IndoStar Capital Finance Limited,INDOSTAR.NS,5.9304757,40.13,0.15514,142.897,-0.049
Indo Tech Transformers Limited,INDOTECH.NS,19.563461,79.26,0.29797,3.617,0.251
Indo Thai Securities Limited,INDOTHAI.NS,191.90057,1.71,0.13649,1.429,1.582
Indo Us Biotech Limited,INDOUS.NS,14.643365,8.44,0.21531999,31.895,0.391
Indowind Energy Limited,INDOWIND.NS,78.55556,0.18,0.00693,6.286,0.316
Indraprastha Medical Corporation Limited,INDRAMEDCO.NS,23.927073,19.06,0.29547,4.76,0.089
Ind-Swift Laboratories Limited,INDSWFTLAB.NS,2.825255,32.39,0.20142001,1.687,11.767
Indian Terrain Fashions Limited,INDTERRAIN.NS,,-2.41,-0.07118,59.773,0.176
IndusInd Bank Limited,INDUSINDBK.NS,,-9.75,-0.01161,,-0.4
Indus Towers Limited,INDUSTOWER.NS,11.846784,35.44,0.29018998,58.026,0.097
Infibeam Avenues Limited,INFIBEAM.NS,21.223684,0.76,0.0612,1.811,0.933
InfoBeans Technologies Limited,INFOBEAN.NS,29.93098,26.08,0.18615,4.124,0.276
Infomedia Press Limited,INFOMEDIA.NS,,-0.45,,,
Infosys Limited,INFY.NS,23.3155,71.03,0.29026,8.437,0.037
Ingersoll Rand (India) Limited,INGERRAND.NS,40.19077,83.87,0.4105,1.509,-0.001
Innova Captab Limited,INNOVACAP.NS,32.66682,21.73,0.12989001,32.951,0.195
Innovana Thinklabs Limited,INNOVANA.NS,17.403845,23.92,0.21527,18.74,0.432
Inox Green Energy Services Limited,INOXGREEN.NS,179.42374,1.18,0.03175,4.695,0.556
INOX India Limited,INOXINDIA.NS,40.3631,26.99,0.28408,10.139,0.169
Inox Wind Limited,INOXWIND.NS,34.078167,3.71,0.09874,15.713,0.528
Insecticides (India) Limited,INSECTICID.NS,13.904725,51.22,0.12791,20.483,0.017
Inspirisys Solutions Limited,INSPIRISYS.NS,10.430932,8.47,0.67415,128.048,0.423
Intellect Design Arena Limited,INTELLECT.NS,34.92075,28.39,0.14473,3.007,0.358
Intense Technologies Limited,INTENTECH.NS,27.54353,4.25,0.071830004,,0.1
Interarch Building Solutions Limited,INTERARCH.NS,30.597073,76.54,0.17273001,1.401,0.519
International Conveyors Limited,INTLCONV.NS,8.620206,10.69,0.18712999,30.243,0.472
Inventure Growth & Securities Limited,INVENTURE.NS,39.333332,0.03,0.01392,10.445,0.227
Indian Overseas Bank,IOB.NS,14.947137,2.27,0.14130999,,0.239
Indian Oil Corporation Limited,IOC.NS,8.880887,18.05,0.13166,72.631,0.021
IOL Chemicals and Pharmaceuticals Limited,IOLCP.NS,20.617722,3.95,0.067940004,9.078,0.079
ION Exchange (India) Limited,IONEXCHANG.NS,21.617813,17.74,0.17655,32.485,0.139
IPCA Laboratories Limited,IPCALAB.NS,43.869595,32.82,0.10054,14.425,0.086
India Pesticides Limited,IPL.NS,19.365257,8.98,0.11354,4.981,0.269
IRB Infrastructure Developers Limited,IRB.NS,3.872477,10.9,0.38373002,102.312,-0.087
Ircon International Limited,IRCON.NS,28.010973,6.38,0.09422,79.151,-0.192
Indian Railway Catering And Tourism Corporation Limited,IRCTC.NS,41.18506,17.13,0.35252997,1.836,0.077
Indian Renewable Energy Development Agency Limited,IREDA.NS,22.308544,6.32,0.15483,554.836,0.363
Indian Railway Finance Corporation Limited,IRFC.NS,25.503819,5.24,0.12698,730.143,0.104
IRIS RegTech Solutions Limited,IRIS.NS,71.63855,4.15,0.071329996,1.086,-0.074
Iris Clothings Limited,IRISDOREME.NS,47.487503,0.8,0.13097,20.588,0.074
IRM Energy Limited,IRMENERGY.NS,28.293293,9.99,0.04271,8.415,0.121
Intrasoft Technologies Limited,ISFT.NS,11.999999,7.71,0.05427,4.664,0.055
Isgec Heavy Engineering Limited,ISGEC.NS,21.594807,41.98,0.119169995,31.763,0.029
Ishan Dyes and Chemicals Limited,ISHANCH.NS,,-2.09,-0.036140002,62.878,-0.78
ITC Limited,ITC.NS,25.102484,16.1,0.27811,0.507,-0.06
ITC Hotels Limited,ITCHOTELS.NS,56.070625,3.54,,0.724,0.079
India Tourism Development Corporation Limited,ITDC.NS,70.46912,8.42,0.19376,0.18,-0.229
ITI Limited,ITI.NS,,-1.78,-0.10949001,87.135,-0.465
Ivalue Infosolutions Limited,IVALUE.NS,15.033077,18.14,,19.844,0.521
IL&FS Investment Managers Limited,IVC.NS,19.666668,0.42,,,-0.108
IVP Limited,IVP.NS,13.809074,10.58,0.07849,69.423,0.204
Le Travenues Technology Limited,IXIGO.NS,207.37903,1.24,0.0746,3.628,0.369
IZMO Limited,IZMO.NS,38.507603,21.04,0.087139994,3.329,0.027
The Jammu & Kashmir Bank Limited,J&KBANK.NS,5.190727,18.98,0.148,,-0.059
Jagran Prakashan Limited,JAGRAN.NS,8.971033,7.94,0.06528,9.556,0.047
Jagsonpal Pharmaceuticals Limited,JAGSNPHARM.NS,21.470589,9.18,0.27533,3.495,-0.003
Jai Balaji Industries Limited,JAIBALAJI.NS,20.300632,3.16,0.14116,20.642,-0.131
Jai Corp Limited,JAICORPLTD.NS,13.920168,9.52,0.11658,0.063,0.157
Jain Resource Recycling Limited,JAINREC.NS,63.520805,6.49,,94.847,0.518
Nandani Creation Limited,JAIPURKURT.NS,12.045643,2.41,0.04044,44.319,0.54
Jamna Auto Industries Limited,JAMNAAUTO.NS,27.971111,4.5,0.18214001,14.586,0.035
Jaro Institute of Technology Management and Research Limited,JARO.NS,28.641027,17.55,,13.318,0.082
Jash Engineering Limited,JASH.NS,34.759182,12.25,0.18665001,25.205,0.129
Jayant Agro Organics Limited,JAYAGROGN.NS,11.765015,17.15,0.083780006,30.871,-0.165
Jay Bharat Maruti Limited,JAYBARMARU.NS,14.86743,6.11,0.11590999,102.277,0.049
Jaykay Enterprises Limited,JAYKAY.NS,83.406784,2.36,0.07275,14.625,1.062
Jayaswal Neco Industries Limited,JAYNECOIND.NS,20.636597,3.88,0.158,90.804,0.448
Jayshree Tea & Industries Limited,JAYSREETEA.NS,4.137488,21.02,0.16311,91.73,-0.112
JB Chemicals & Pharmaceuticals Limited,JBCHEPHARM.NS,40.225613,45.21,0.20472999,1.075,0.084
JBM Auto Limited,JBMA.NS,70.4983,8.83,0.16403,218.256,0.064
Jet Freight Logistics Limited,JETFREIGHT.NS,17.30392,1.02,0.07338,95.805,-0.042
J.G.Chemicals Limited,JGCHEM.NS,22.281858,15.93,0.1372,1.013,0.039
JHS Svendgaard Laboratories Limited,JHS.NS,,-0.91,-0.044710003,6.097,0.14
Jindal Photo Limited,JINDALPHOT.NS,10.025376,149.74,0.09052,5.857,12.519
Jindal Poly Films Limited,JINDALPOLY.NS,,-6.05,,107.317,-0.121
Jindal Saw Limited,JINDALSAW.NS,7.7229195,21.51,0.10207,43.953,-0.24
JINDAL STEEL LIMITED,JINDALSTEL.NS,36.57768,26.97,0.05647,38.018,0.042
Jindal Drilling And Industries Limited,JINDRILL.NS,4.8206744,115.99,0.20813,6.544,0.38
Jindal Worldwide Limited,JINDWORLD.NS,41.75714,0.7,0.08894,71.079,0.004
Jio Financial Services Limited,JIOFIN.NS,118.30678,2.51,0.01199,7.797,0.207
Jain Irrigation Systems Limited,JISLDVREQS.NS,34.06024,0.83,0.0091699995,68.821,0.202
Jain Irrigation Systems Limited,JISLJALEQS.NS,49.759037,0.83,0.0091699995,68.821,0.202
JITF Infralogistics Limited,JITFINFRA.NS,,-44.3,,,0.118
JK Cement Limited,JKCEMENT.NS,42.505234,133.76,0.17202999,99.562,0.179
J.Kumar Infraprojects Limited,JKIL.NS,10.693748,53.91,0.13688,24.572,0.039
Jinkushal Industries Limited,JKIPL.NS,18.9413,4.77,,35.053,0.042
JK Lakshmi Cement Limited,JKLAKSHMI.NS,19.99227,38.81,0.13453001,72.145,0.241
JK Paper Limited,JKPAPER.NS,20.755415,17.54,0.05568,37.239,0.039
JK Tyre & Industries Limited,JKTYRE.NS,25.476189,19.53,0.10606,89.667,0.108
Jupiter Life Line Hospitals Limited,JLHL.NS,45.951042,30.23,0.14666,27.808,0.22
Jullundur Motor Agency (Delhi) Limited,JMA.NS,6.3600655,12.22,0.114989996,,0.118
JM Financial Limited,JMFINANCIL.NS,12.155854,11.87,0.104899995,104.102,0.248
JNK India Limited,JNKINDIA.NS,46.946884,5.46,0.0594,4.714,0.718
Jocil Limited,JOCIL.NS,66.296295,2.16,0.00906,2.606,0.07
Jindal Poly Investment and Finance Company Limited,JPOLYINVST.NS,5.0977864,209.64,0.100600004,1.433,1.417
Jaiprakash Power Ventures Limited,JPPOWER.NS,21.637499,0.8,0.06003,27.62,0.173
Jana Small Finance Bank Limited,JSFB.NS,10.574021,39.11,0.100559995,,0.184
Jindal Stainless Limited,JSL.NS,23.62213,33.53,0.16474001,37.899,0.114
Jeena Sikho Lifecare Limited,JSLL.NS,55.553814,12.73,0.54371,30.042,0.773
JSW Cement Limited,JSWCEMENT.NS,,-9.78,,75.362,0.167
JSW Energy Limited,JSWENERGY.NS,41.398964,11.58,0.07455,218.668,0.599
JSW Holdings Limited,JSWHL.NS,173.98315,111.62,0.00375,,-0.485
JSW Infrastructure Limited,JSWINFRA.NS,37.506596,7.58,0.16318001,48.27,0.264
JSW Steel Limited,JSWSTEEL.NS,44.379562,24.66,0.07279,118.74,0.138
Jtekt India Limited,JTEKTINDIA.NS,53.27612,2.68,0.07071,23.209,0.056
JTL INDUSTRIES LIMITED,JTLIND.NS,30.523077,1.95,0.06565,13.09,-0.105
Jubilant Agri and Consumer Products Limited,JUBLCPL.NS,29.13001,82.07,,9.982,0.26
Jubilant Foodworks Limited,JUBLFOOD.NS,124.12416,4.51,0.13579,202.293,0.197
Jubilant Ingrevia Limited,JUBLINGREA.NS,39.057175,18.19,0.09836,26.51,0.072
Jubilant Pharmova Limited,JUBLPHARMA.NS,35.72473,30.08,0.07591,43.867,0.122
Juniper Hotels Limited,JUNIPER.NS,50.998035,5.08,0.04202,50.239,0.074
Just Dial Limited,JUSTDIAL.NS,10.820605,66.78,0.123459995,1.946,0.064
Jupiter Wagons Limited,JWL.NS,52.579422,6.61,0.102539994,26.721,-0.221
Jyothy Labs Limited,JYOTHYLAB.NS,29.752373,9.49,0.20938,3.737,0.003
Jyoti CNC Automation Limited,JYOTICNC.NS,64.43643,15.26,0.20820999,39.56,0.179
Jyoti Structures Limited,JYOTISTRUC.NS,22.0,0.43,0.14052,385.421,0.401
Kabra Extrusion Technik Limited,KABRAEXTRU.NS,72.927635,3.04,0.02329,32.04,0.052
Kajaria Ceramics Limited,KAJARIACER.NS,38.624653,25.23,0.14096,9.676,0.006
Kakatiya Cement Sugar & Industries Limited,KAKATCEM.NS,,-34.95,-0.13124,4.858,0.153
Sai Silks (Kalamandir) Limited,KALAMANDIR.NS,17.502836,8.81,0.11468001,25.323,0.279
Kalpataru Limited,KALPATARU.NS,,-5.02,,226.029,0.568
Kalyani Commercials Limited,KALYANI.NS,5.9215264,23.32,,,
Kalyani Forge Limited,KALYANIFRG.NS,30.016779,20.86,0.085260004,98.678,-0.107
Kalyan Jewellers India Limited,KALYANKJIL.NS,54.51165,9.01,0.19193001,99.88,0.295
Kamat Hotels (I) Limited,KAMATHOTEL.NS,18.210526,12.92,0.14613,87.461,-0.12
Kamdhenu Limited,KAMDHENU.NS,9.354839,2.48,0.21488,0.156,0.005
Kamdhenu Ventures Limited,KAMOPAINTS.NS,6.0588236,1.02,0.034930002,19.23,0.036
Kanani Industries Limited,KANANIIND.NS,16.4,0.1,0.032309998,0.485,0.029
Kanoria Chemicals & Industries Limited,KANORICHEM.NS,,-15.52,-0.16405001,61.61,-0.438
Kanpur Plastipack Limited,KANPRPLA.NS,15.574891,11.55,0.1275,56.258,0.09
Kansai Nerolac Paints Limited,KANSAINER.NS,16.7788,14.15,0.18399,4.284,0.001
Kapston Services Limited,KAPSTON.NS,25.251923,11.71,0.26316,172.342,0.253
Karma Energy Limited,KARMAENG.NS,103.10417,0.48,0.01353,4.177,0.046
Karur Vysya Bank Limited,KARURVYSYA.NS,12.066574,21.78,0.17764,,0.109
Kaushalya Infrastructure Development Corporation Limited,KAUSHALYA.NS,,-119.01,0.01798,,0.399
Kavveri Defence & Wireless Technologies Limited,KAVDEFENCE.NS,53.816902,1.42,0.09802,6.754,0.617
Kaya Limited,KAYA.NS,,-41.27,,,0.025
Kaynes Technology India Limited,KAYNES.NS,69.434,58.48,0.10389,18.899,0.584
KCP Limited,KCP.NS,15.70189,11.64,0.12069,39.481,-0.002
KCP Sugar and Industries Corporation Limited,KCPSUGIND.NS,,-3.56,-0.08234,13.03,-0.089
KDDL Limited,KDDL.NS,31.710718,75.29,0.09526,25.144,0.304
KEC International Limited,KEC.NS,28.374031,25.8,0.12769,94.066,0.191
Kirloskar Electric Company Limited,KECL.NS,92.9813,1.07,0.05856,83.428,-0.12
DSJ Keep Learning Limited,KEEPLEARN.NS,120.00001,0.02,0.05941,,31.347
KEI Industries Limited,KEI.NS,52.410892,83.33,0.16393,3.799,0.196
Kellton Tech Solutions Limited,KELLTONTEC.NS,11.053254,1.69,0.14411001,21.666,0.107
Kernex Microsystems (India) Limited,KERNEX.NS,38.735954,32.04,0.37028998,51.362,0.143
Kesoram Industries Limited,KESORAMIND.NS,,-5.34,-1.05519,57.599,-0.06
Keynote Financial Services Limited,KEYFINSERV.NS,17.836819,17.22,0.06612,0.964,
Kfin Technologies Limited,KFINTECH.NS,55.097652,19.97,0.25816,3.239,0.1
Khadim India Limited,KHADIM.NS,20.023256,7.74,0.06865,154.065,-0.367
Khaitan Chemicals & Fertilizers Limited,KHAICHEM.NS,12.272727,6.6,0.27457002,106.925,0.338
Khaitan (India) Limited,KHAITANLTD.NS,7.827372,12.86,0.23367001,38.132,0.314
Khandwala Securities Limited,KHANDSE.NS,,-1.21,-0.06303,10.031,-0.553
Kalyani Investment Company Limited,KICL.NS,48.09235,102.22,0.00459,,-0.052
Kilitch Drugs (India) Limited,KILITCH.NS,20.31638,16.91,0.11717,31.651,0.031
Krishna Institute of Medical Sciences Limited,KIMS.NS,74.73151,8.38,0.14649999,123.719,0.236
Kingfa Science & Technology (India) Limited,KINGFA.NS,33.750404,123.0,0.16171,1.438,0.113
KIOCL Limited,KIOCL.NS,,-0.49,-0.08081,11.138,7.831
Kiri Industries Limited,KIRIINDUS.NS,41.76105,14.48,0.03907,37.3,-0.216
Kirloskar Brothers Limited,KIRLOSBROS.NS,32.484283,49.31,0.1943,9.871,-0.008
Kirloskar Oil Engines Limited,KIRLOSENG.NS,36.805798,34.5,0.15653,165.651,0.299
Kirloskar Industries Limited,KIRLOSIND.NS,20.586567,158.72,0.03917,14.61,0.049
Kirloskar Pneumatic Company Limited,KIRLPNU.NS,35.976204,28.58,0.17128,0.756,-0.103
Kitex Garments Limited,KITEX.NS,,-1.81,,97.59,-0.434
Kewal Kiran Clothing Limited,KKCL.NS,22.939222,21.06,0.13618,16.664,0.149
Knowledge Marine & Engineering Works Limited,KMEW.NS,82.23483,22.91,0.22511,60.049,-0.044
K.M.Sugar Mills Limited,KMSUGAR.NS,5.3586745,5.13,0.13962,18.481,0.027
KN Agri Resources Limited,KNAGRI.NS,13.624661,14.76,0.10582,13.118,0.088
KNR Constructions Limited,KNRCON.NS,8.166591,21.91,0.10775,48.727,-0.668
Kohinoor Foods Limited,KOHINOOR.NS,0.28681856,98.32,,,1.065
Kokuyo Camlin Limited,KOKUYOCMLN.NS,49.000004,1.81,0.05868,28.954,-0.089
Kolte - Patil Developers Limited,KOLTEPATIL.NS,45.697674,8.6,0.066599995,86.31,-0.55
Kopran Limited,KOPRAN.NS,40.76438,3.65,0.03525,31.299,-0.222
Kotak Mahindra Bank Limited,KOTAKBANK.NS,23.153952,93.47,0.1178,,-0.124
Kothari Sugars And Chemicals Limited,KOTARISUG.NS,,-0.15,-0.00448,17.173,-0.33
Kothari Petrochemicals Limited,KOTHARIPET.NS,11.686555,11.23,0.21608,0.781,-0.208
Kothari Products Limited,KOTHARIPRO.NS,2.8194916,26.37,0.04098,21.976,0.064
K.P. Energy Limited,KPEL.NS,17.36524,19.85,0.43458,121.934,0.514
KPI Green Energy Limited,KPIGREEN.NS,21.277466,19.57,0.1726,88.244,0.764
Kalpataru Projects International Limited,KPIL.NS,24.606047,48.61,0.13382,69.688,0.324
KPIT Technologies Limited,KPITTECH.NS,42.818695,28.24,0.26812,16.215,0.079
K.P.R. Mill Limited,KPRMILL.NS,38.352413,24.46,0.16702999,6.46,0.103
KRBL Limited,KRBL.NS,15.176426,26.64,0.11677,1.295,0.189
Krebs Biochemicals and Industries Limited,KREBSBIO.NS,,-12.74,,,-0.676
Kridhan Infra Limited,KRIDHANINF.NS,6.0571427,0.7,,,
Krishana Phoschem Limited,KRISHANA.NS,28.455648,18.94,0.30223,92.866,1.022
Krishival Foods Limited-RE,KRISHFL-RE.NS,,,,,
Krishival Foods Limited,KRISHIVAL.NS,54.308514,6.58,0.1074,18.157,0.807
Kriti Industries (India) Limited,KRITI.NS,,-3.33,-0.08151,46.083,-0.269
Kritika Wires Limited,KRITIKA.NS,23.866665,0.3,0.08644,39.762,0.133
Kriti Nutrients Limited,KRITINUT.NS,10.659778,6.29,0.14778,2.584,0.227
KRN Heat Exchanger and Refrigeration Limited,KRN.NS,77.79831,9.47,0.114779994,5.766,0.669
Kronox Lab Sciences Limited,KRONOX.NS,20.04125,7.03,0.29024,2.578,0.027
Kross Limited,KROSS.NS,25.829138,7.55,0.11559,13.24,-0.058
Krsnaa Diagnostics Limited,KRSNAA.NS,28.497662,25.66,0.09588,30.959,0.105
Krystal Integrated Services Limited,KRYSTAL.NS,20.961538,24.44,0.14207,21.908,0.065
Ksb Limited,KSB.NS,50.26455,15.12,,0.3,0.054
Kaveri Seed Company Limited,KSCL.NS,16.554111,59.23,0.18070999,,0.593
KSH International Limited,KSHINTL.NS,34.203186,10.04,0.2568,122.749,
Kshitij Polyline Limited,KSHITIJPOL.NS,,-889.56,-0.11685,18.781,-0.085
Kalyani Steels Limited,KSL.NS,12.205489,59.76,0.14001,21.693,-0.073
Ksolves India Limited,KSOLVES.NS,22.21161,13.09,0.94671,7.526,0.139
KSR Footwear Limited,KSR.NS,,-0.06,,43.606,-0.071
The Karnataka Bank Limited,KTKBANK.NS,6.6674356,30.34,0.09513,,-0.019
Kuantum Papers Limited,KUANTUM.NS,12.409946,7.44,0.054780003,56.267,0.003
Lagnam Spintex Limited,LAGNAM.NS,10.196,7.5,0.113579996,289.472,-0.014
Lakshmi Precision Screws Limited,LAKPRE.NS,,-50.11,-0.86243,,0.209
Lorenzini Apparels Limited,LAL.NS,,-0.33,-0.10987,26.272,0.308
Dr. Lal Path Labs Ltd.,LALPATHLAB.NS,43.945557,31.96,0.24223,6.441,0.107
Lambodhara Textiles Limited,LAMBODHARA.NS,17.755043,6.94,0.06062,32.269,0.027
Lancor Holdings Limited,LANCORHOL.NS,,-0.62,-0.0225,64.345,-0.412
Landmark Cars Limited,LANDMARK.NS,93.97436,5.07,0.04046,166.568,0.335
La Opala RG Limited,LAOPALA.NS,22.424175,9.1,0.12482,1.046,0.003
Lasa Supergenerics Limited,LASA.NS,2.4864864,3.7,-0.49188998,13.025,-0.926
Latent View Analytics Limited,LATENTVIEW.NS,49.940414,9.23,0.1225,1.517,0.233
Latteys Industries Limited,LATTEYS.NS,73.870964,0.31,0.09562001,36.75,0.094
Laurus Labs Limited,LAURUSLABS.NS,85.5004,12.69,0.15022999,44.831,0.351
Laxmi Cotspin Limited,LAXMICOT.NS,6.1503267,3.06,0.15785,65.868,0.032
Laxmi Dental Limited,LAXMIDENTL.NS,54.86258,4.73,,3.883,0.265
Laxmi India Finance Limited,LAXMIINDIA.NS,16.431192,7.63,,256.533,0.383
LCC Infotech Limited,LCCINFOTEC.NS,,-0.13,-2.08409,485.616,-0.884
Le Merite Exports Limited,LEMERITE.NS,94.51882,4.78,0.109510005,65.949,-0.284
Lemon Tree Hotels Limited,LEMONTREE.NS,58.122303,2.78,0.15972,109.554,0.077
Lenskart Solutions Limited,LENSKART.NS,168.93257,2.67,,44.215,0.208
Lexus Granito (India) Limited,LEXUS.NS,33.518986,0.79,0.16018999,332.938,0.272
Lakshmi Finance & Industrial Corporation Limited,LFIC.NS,,-7.16,-0.03463,,-0.694
LG Balakrishnan & Bros Limited,LGBBROSLTD.NS,17.700457,101.02,0.16853,9.738,0.191
LG Electronics India Limited,LGEINDIA.NS,50.841682,29.94,,6.876,0.01
Laxmi Goldorna House Limited,LGHL.NS,128.31111,2.25,0.16695999,129.046,0.134
Libas Consumer Products Limited,LIBAS.NS,3.2173913,3.45,-0.016,16.808,0.026
Liberty Shoes Limited,LIBERTSHOE.NS,35.655525,7.78,0.06002,72.559,0.014
LIC Housing Finance Limited,LICHSGFIN.NS,5.3735433,100.39,0.1531,679.251,0.018
Life Insurance Corporation Of India,LICI.NS,10.519312,80.78,0.44623002,-0.26,0.043
Likhitha Infrastructure Limited,LIKHITHA.NS,12.846204,15.28,0.16284999,0.133,-0.233
Linc Limited,LINC.NS,18.288052,6.11,0.15765001,11.183,0.013
Lincoln Pharmaceuticals Limited,LINCOLN.NS,12.025538,39.94,0.11808,0.009,0.013
Linde India Limited,LINDEINDIA.NS,99.13448,60.08,0.13529,1.687,0.015
LLOYDS ENGINEERING WORKS LIMITED,LLOYDSENGG.NS,53.971157,1.04,0.17052001,15.717,0.493
Lloyds Enterprises Limited,LLOYDSENT.NS,26.158995,2.39,0.109969996,15.954,0.055
Lloyds Metals And Energy Limited,LLOYDSME.NS,42.566814,32.18,0.25819,100.054,1.676
LMW Limited,LMW.NS,133.43195,111.54,0.04281,,0.069
Lodha Developers Limited,LODHA.NS,32.266304,33.27,0.16833,45.111,0.447
Lokesh Machines Limited,LOKESHMACH.NS,,-1.61,-0.01359,71.143,-0.33
Lords Chloro Alkali Limited,LORDSCHLO.NS,19.283752,8.74,0.123339996,72.87,0.622
Sri Lotus Developers and Realty Limited,LOTUSDEV.NS,36.833725,4.27,,7.958,0.435
Lotus Eye Hospital and Institute Limited,LOTUSEYE.NS,388.36362,0.33,0.01116,7.917,0.01
Lovable Lingerie Limited,LOVABLE.NS,52.14839,1.55,0.01321,1.621,-0.127
Loyal Textile Mills Limited,LOYALTEX.NS,,-31.57,-0.06112,137.189,-0.425
Landmark Property Development Company Limited,LPDC.NS,,-0.0,0.0014200001,,
Larsen & Toubro Limited,LT.NS,33.959557,119.18,0.16521,111.847,0.107
L&T Finance Limited,LTF.NS,27.975857,10.77,0.10622,370.75,0.099
LT Foods Limited,LTFOODS.NS,21.897871,18.31,0.16159001,43.095,0.299
LTIMindtree Limited,LTIM.NS,36.815296,163.94,0.21789,10.164,0.102
L&T Technology Services Limited,LTTS.NS,37.56797,120.27,0.2152,10.149,0.158
Lumax Industries Limited,LUMAXIND.NS,34.21612,159.91,0.19748,121.301,0.242
Lumax Auto Technologies Limited,LUMAXTECH.NS,48.86027,31.06,0.22785999,87.422,0.373
Lupin Limited,LUPIN.NS,22.379488,94.39,0.24529,31.513,0.242
Lux Industries Limited,LUXIND.NS,26.308819,42.29,0.07412,32.661,0.15
Laxmi Organic Industries Limited,LXCHEM.NS,55.614616,3.01,0.044099998,17.29,-0.093
Lyka Labs Limited,LYKALABS.NS,126.745766,0.59,0.025139999,31.232,-0.109
Lypsa Gems & Jewellery Limited,LYPSAGEMS.NS,,-5.17,-0.62558,,1.598
Mahindra & Mahindra Limited,M&M.NS,28.62753,126.56,0.17235,132.29,0.212
Mahindra & Mahindra Financial Services Limited,M&MFIN.NS,20.766596,18.98,0.109919995,435.079,0.241
Maan Aluminium Limited,MAANALU.NS,57.685314,2.86,0.08637,44.279,-0.07
Macpower CNC Machines Limited,MACPOWER.NS,38.197113,27.04,0.18879,0.841,0.206
Madhav Marbles and Granites Limited,MADHAV.NS,,-1.93,-0.01459,8.785,0.154
Madhucon Projects Limited,MADHUCON.NS,,-94.82,,,-0.536
Madras Fertilizers Limited,MADRASFERT.NS,16.071138,4.92,,2364.063,-0.041
Magadh Sugar & Energy Limited,MAGADSUGAR.NS,8.688119,58.58,0.10666,40.692,0.002
Magnum Ventures Limited,MAGNUM.NS,,-0.42,-0.00464,39.355,0.418
Bank of Maharashtra,MAHABANK.NS,7.1866336,7.93,0.22427,,0.202
Maha Rashtra Apex Corporation Limited,MAHAPEXLTD.NS,17.288925,6.23,0.71444,,-0.494
Mahamaya Steel Industries Limited,MAHASTEEL.NS,143.91518,6.13,,40.365,0.219
Mahindra EPC Irrigation Limited,MAHEPC.NS,25.433132,5.01,0.08397,21.052,-0.009
Maheshwari Logistics Limited,MAHESHWARI.NS,7.8369904,6.38,0.09585,145.284,0.203
Mahindra Lifespace Developers Limited,MAHLIFE.NS,44.494316,8.8,0.06157,9.505,1.307
Mahindra Logistics Limited,MAHLOG.NS,,-4.47,-0.037219997,57.981,0.108
Maharashtra Scooters Limited,MAHSCOOTER.NS,45.137405,313.31,0.01121,,0.659
Maharashtra Seamless Limited,MAHSEAMLES.NS,9.422222,58.5,0.12532,0.151,-0.103
Maithan Alloys Limited,MAITHANALL.NS,6.4386163,152.89,0.114659995,10.735,0.057
Mallcom (India) Limited,MALLCOM.NS,13.98738,83.99,0.18495001,36.932,0.08
Malu Paper Mills Limited,MALUPAPER.NS,,-10.68,,,-0.128
Mamata Machinery Limited,MAMATA.NS,24.087528,17.48,0.27403998,4.109,0.247
Manaksia Aluminium Company Limited,MANAKALUCO.NS,26.416668,0.96,0.04684,193.509,-0.129
Manaksia Coated Metals & Industries Limited,MANAKCOAT.NS,31.413462,4.16,0.15438,30.806,0.26
Manaksia Limited,MANAKSIA.NS,8.0807295,7.68,0.08396,5.797,0.121
Manaksia Steels Limited,MANAKSTEEL.NS,26.934546,2.75,0.059660003,66.71,1.515
Manali Petrochemicals Limited,MANALIPETC.NS,21.397163,2.82,0.043909997,13.6,0.077
Manappuram Finance Limited,MANAPPURAM.NS,60.726746,5.16,0.03363,301.609,-0.309
Manba Finance Limited,MANBA.NS,16.821003,8.38,0.113479994,378.135,0.105
Mangal Credit and Fincorp Limited,MANCREDIT.NS,28.729414,5.95,0.08276,174.678,0.359
Mangalam Drugs And Organics Limited,MANGALAM.NS,,-12.51,-0.1437,79.535,-0.382
Mangalam Cement Limited,MANGLMCEM.NS,27.406418,28.05,0.0892,81.544,0.1
Man Industries (India) Limited,MANINDS.NS,16.3182,24.01,0.09739,28.531,0.035
Man Infraconstruction Limited,MANINFRA.NS,18.061539,7.15,0.15558,1.424,-0.354
Mankind Pharma Limited,MANKIND.NS,51.539368,42.55,0.13463001,53.892,0.202
Manomay Tex India Limited,MANOMAY.NS,19.10149,10.74,0.13046,234.249,-0.059
Manorama Industries Limited,MANORAMA.NS,46.09884,28.53,0.36304,66.88,0.654
Mangalam Organics Limited,MANORG.NS,17.05414,28.26,0.08166,114.035,0.143
Manugraph India Limited,MANUGRAPH.NS,,-2.85,0.00075999997,10.149,0.144
Vedant Fashions Limited,MANYAVAR.NS,36.425423,15.89,0.23729,26.948,-0.018
C.E. Info Systems Limited,MAPMYINDIA.NS,63.66464,26.36,0.18663,1.148,0.097
Maral Overseas Limited,MARALOVER.NS,,-6.3,-0.24774,447.299,-0.079
Marathon Nextgen Realty Limited,MARATHON.NS,12.114785,41.73,0.1396,2.665,-0.2
Marico Limited,MARICO.NS,57.799377,12.86,0.37022,13.671,0.307
Marine Electricals (India) Limited,MARINE.NS,64.35715,3.36,0.112440005,12.715,0.207
Markolines Pavement Technologies Limited,MARKOLINES.NS,14.192574,11.58,0.15425,33.27,0.4
Marksans Pharma Limited,MARKSANS.NS,23.061855,7.76,0.14073,12.238,0.122
Maruti Suzuki India Limited,MARUTI.NS,35.35954,469.35,0.1565,0.1,0.131
MAS Financial Services Limited,MASFIN.NS,16.953838,18.63,0.12874,347.367,0.272
Mask Investments Limited,MASKINVEST.NS,,-0.11,-0.00023,0.826,-0.924
Mastek Limited,MASTEK.NS,18.307442,117.16,0.14722,20.327,0.084
Master Trust Limited,MASTERTR.NS,11.731949,10.11,,,-0.088
Matrimony.Com Limited,MATRIMONY.NS,33.171803,15.89,0.123730004,22.336,-0.008
Mawana Sugars Limited,MAWANASUG.NS,3.3594162,26.71,0.25238,1.911,0.121
Max Estates Limited,MAXESTATES.NS,112.641975,4.05,0.01773,69.537,0.414
Max Healthcare Institute Limited,MAXHEALTH.NS,77.62283,13.84,0.14397,32.579,0.251
Max India Limited,MAXIND.NS,,-31.19,-0.32984,43.616,0.056
Mayur Uniquoters Ltd,MAYURUNIQ.NS,14.060204,35.38,0.16171,0.735,0.155
Mazda Limited,MAZDA.NS,16.772799,12.72,0.11257,,-0.105
Mazagon Dock Shipbuilders Limited,MAZDOCK.NS,43.87776,57.92,0.28816998,0.021,0.063
Madhya Bharat Agro Products Limited,MBAPL.NS,39.850533,10.37,0.21884,68.15,0.618
M & B Engineering Limited,MBEL.NS,25.271345,15.11,,19.131,0.485
MBL Infrastructure Limited,MBLINFRA.NS,,-3.68,-0.08364,98.238,0.521
Madhav Copper Limited,MCL.NS,34.735294,1.7,0.07725,112.554,0.988
Mcleod Russel India Limited,MCLEODRUSS.NS,,-26.44,-1.39805,3010.147,-0.198
Magellanic Cloud Limited,MCLOUD.NS,14.266304,1.84,0.20707001,46.793,0.045
Multi Commodity Exchange of India Limited,MCX.NS,81.0264,136.4,0.25017,0.024,0.289
Global Health Limited,MEDANTA.NS,56.354916,20.85,0.16391,25.468,0.149
Medi Assist Healthcare Services Limited,MEDIASSIST.NS,38.703384,11.53,0.15099,51.568,0.286
Medicamen Biotech Limited,MEDICAMEQ.NS,54.502167,6.93,0.0346,14.033,0.063
Medico Remedies Limited,MEDICO.NS,38.48905,1.37,0.18546,18.737,0.338
Medplus Health Services Limited,MEDPLUS.NS,50.17549,16.24,0.11209,64.689,0.065
Meesho Limited,MEESHO.NS,,-4.71,,8.629,0.426
Megasoft Limited,MEGASOFT.NS,8.583927,23.89,0.64134,1.385,
Megastar Foods Limited,MEGASTAR.NS,44.888454,5.11,0.060650002,177.675,0.533
Mangal Electrical Industries Limited,MEIL.NS,23.36943,16.16,0.12777,11.98,0.167
Menon Bearings Limited,MENONBE.NS,21.754099,4.88,0.17853001,33.356,0.053
MEP Infrastructure Developers Limited,MEP.NS,,-46.14,,,2.245
Metro Brands Limited,METROBRAND.NS,88.243454,12.98,0.1861,77.874,0.112
Metropolis Healthcare Limited,METROPOLIS.NS,62.757607,30.57,0.12077,13.916,0.227
Mahalaxmi Fabric Mills Limited,MFML.NS,4.9860835,5.03,0.05667,65.601,-0.339
Max Financial Services Limited,MFSL.NS,343.3265,4.87,,22.445,0.087
Mangalam Global Enterprise Limited,MGEL.NS,13.321101,1.09,0.17134,103.412,0.254
Mahanagar Gas Limited,MGL.NS,11.520372,98.66,0.16568,3.545,0.148
Mahalaxmi Rubtech Limited,MHLXMIRU.NS,10.901777,19.14,0.29202998,18.767,0.269
Mahindra Holidays & Resorts India Limited,MHRIL.NS,46.508297,6.63,0.19877,471.153,0.069
MIC Electronics Limited,MICEL.NS,115.23077,0.39,0.04309,20.072,0.38
Mishra Dhatu Nigam Limited,MIDHANI.NS,55.3125,5.76,0.07716,23.466,-0.2
Midwest Limited,MIDWESTLTD.NS,49.902393,33.81,,34.016,0.124
Minda Corporation Limited,MINDACORP.NS,52.087814,11.16,0.11748999,62.969,0.19
Mindteck (India) Limited,MINDTECK.NS,20.871399,9.72,0.11833999,2.04,-0.061
MIRC Electronics Limited,MIRCELECTR.NS,,-0.68,-0.12784,31.055,0.079
Mirza International Limited,MIRZAINT.NS,51.287666,0.73,0.01792,4.955,-0.184
MITCON Consultancy & Engineering Services Limited,MITCON.NS,41.126503,1.66,0.027929999,62.951,0.058
Mittal Life Style Limited,MITTAL.NS,40.000004,0.03,0.04422,14.045,0.287
M K Proteins Limited,MKPL.NS,27.636364,0.22,0.12129,2.694,-0.037
MM Forgings Limited,MMFL.NS,18.079838,19.79,0.10746,140.389,-0.033
MMP Industries Limited,MMP.NS,27.5,9.16,0.074489996,53.99,0.296
MMTC Limited,MMTC.NS,43.70068,1.47,0.12129,1.796,-0.295
One Mobikwik Systems Limited,MOBIKWIK.NS,,-23.12,-0.53418,65.223,-0.07
Modi Naturals Limited,MODINATUR.NS,13.551147,27.47,0.29497,106.715,0.003
Modi Rubber Limited,MODIRUBBER.NS,24.821693,6.73,0.02411,2.81,0.201
Modis Navnirman Limited,MODIS.NS,33.92857,10.08,0.12824,3.162,0.507
MODISON LIMITED,MODISONLTD.NS,14.670743,9.81,0.14708,37.68,0.185
Modern Threads (India) Limited,MODTHREAD.NS,27.803797,1.58,,,
Mohit Industries Limited,MOHITIND.NS,,-1.1,-0.00654,40.091,0.343
MOIL Limited,MOIL.NS,24.61876,14.82,0.113570005,,0.192
Moksh Ornaments Limited,MOKSH.NS,12.048,1.25,0.09616,31.143,-0.043
Meghmani Organics Limited,MOL.NS,41.451614,1.55,0.026099999,54.599,0.061
Mold-Tek Technologies Limited,MOLDTECH.NS,152.52475,1.01,0.02248,4.117,-0.066
Mold-Tek Packaging Limited,MOLDTKPAC.NS,29.649683,20.41,0.10493,34.014,0.096
Monarch Networth Capital Limited,MONARCH.NS,15.715762,19.35,0.19315,1.259,-0.161
Moneyboxx Finance Limited,MONEYBOXX.NS,,-0.76,-0.01733,246.36,0.077
Monte Carlo Fashions Limited,MONTECARLO.NS,16.73861,41.7,0.10927,89.066,0.132
Morepen Laboratories Limited,MOREPENLAB.NS,23.06704,1.79,0.0862,13.239,-0.06
Moschip Technologies Limited,MOSCHIP.NS,95.23611,2.16,0.12953,13.098,0.17
Samvardhana Motherson International Limited,MOTHERSON.NS,41.42014,2.88,0.09554,49.937,0.08
Motilal Oswal Financial Services Limited,MOTILALOFS.NS,26.185925,32.97,0.16871001,121.038,-0.387
Motisons Jewellers Limited,MOTISONS.NS,,-1.01,0.14199,12.395,-0.173
The Motor & General Finance Limited,MOTOGENFIN.NS,58.28205,0.39,0.01984,0.483,-0.107
MphasiS Limited,MPHASIS.NS,30.422626,93.7,0.19518,20.567,0.103
MPS Limited,MPSLTD.NS,18.995148,105.09,0.38149,2.061,0.094
MRF Limited,MRF.NS,34.321037,4376.47,0.0999,18.678,0.072
Mangalore Refinery and Petrochemicals Limited,MRPL.NS,24.49493,5.92,0.08091,81.274,-0.093
MSP Steel & Power Limited,MSPL.NS,,-1.55,-0.11058,30.822,0.031
Mstc Limited,MSTCLTD.NS,8.637132,59.14,0.46194,17.456,0.182
Motherson Sumi Wiring India Limited,MSUMI.NS,48.526882,0.93,0.35456002,13.718,0.185
Mtar Technologies Limited,MTARTECH.NS,165.5671,14.46,0.06199,25.061,-0.287
MT Educare Limited,MTEDUCARE.NS,,-3.13,-3.7745402,,0.075
Mahanagar Telephone Nigam Limited,MTNL.NS,,-56.62,,,0.089
Mufin Green Finance Limited,MUFIN.NS,106.66354,1.07,0.06217,272.397,0.063
Credo Brands Marketing Limited,MUFTI.NS,11.378995,8.76,0.14463,58.118,-0.118
Mukand Limited,MUKANDLTD.NS,29.554567,4.49,0.068720005,189.15,-0.081
Mukka Proteins Limited,MUKKA.NS,15.227847,1.58,0.11249,131.932,0.639
Mukta Arts Limited,MUKTAARTS.NS,,-7.1,,,0.086
Munjal Auto Industries Limited,MUNJALAU.NS,24.129911,3.31,0.09437,87.847,0.118
Munjal Showa Limited,MUNJALSHOW.NS,19.288136,6.49,0.03903,,0.047
Murudeshwar Ceramics Limited,MURUDCERA.NS,20.449705,1.69,0.027309999,34.717,0.064
Muthoot Capital Services Limited,MUTHOOTCAP.NS,26.425144,10.42,0.02643,448.898,-0.085
Muthoot Finance Limited,MUTHOOTFIN.NS,20.790668,182.63,0.23806,367.438,0.635
Muthoot Microfin Limited,MUTHOOTMF.NS,,-21.4,-0.12649,320.224,-0.064
Manoj Vaibhav Gems N Jewellers Limited,MVGJL.NS,8.790261,21.36,0.1452,53.159,0.177
Mangalam Worldwide Limited,MWL.NS,22.284008,12.57,0.15061,78.694,0.334
NACL Industries Limited-RE,NACL-RE.NS,,,,,
NACL Industries Limited,NACLIND.NS,,-3.26,-0.1487,112.964,0.038
Nagarjuna Fertilizers and Chemicals Limited,NAGAFERT.NS,,-0.04,,,-0.999
Nagreeka Capital & Infrastructure Limited,NAGREEKCAP.NS,2.0774488,13.17,0.86134005,329.865,-0.659
Nagreeka Exports Limited,NAGREEKEXP.NS,31.282352,0.85,0.017280001,110.687,-0.102
Nahar Capital and Financial Services Limited,NAHARCAP.NS,7.219567,35.57,0.03628,0.362,-0.199
Nahar Industrial Enterprises Limited,NAHARINDUS.NS,11.287201,9.61,0.04196,50.924,-0.044
Nahar Poly Films Limited,NAHARPOLY.NS,9.700162,24.68,0.07085,11.21,0.022
Nahar Spinning Mills Limited,NAHARSPING.NS,21.136364,9.24,0.02279,49.532,-0.016
Nippon Life India Asset Management Limited,NAM-INDIA.NS,41.952106,20.67,0.31588,1.938,0.004
Narmada Agrobase Limited,NARMADA.NS,53.024998,0.4,0.09915,18.194,0.162
Natural Capsules Limited,NATCAPSUQ.NS,,-11.51,-0.047420003,45.685,0.111
Natco Pharma Limited,NATCOPHARM.NS,10.571328,85.94,0.19437,3.012,-0.006
Nath Bio-Genes (India) Limited,NATHBIOGEN.NS,6.734852,23.27,0.06691,22.774,0.362
National Aluminium Company Limited,NATIONALUM.NS,9.220253,33.28,0.34459,0.282,0.073
Info Edge (India) Limited,NAUKRI.NS,67.04958,20.37,0.03525,0.544,0.149
NAVA LIMITED,NAVA.NS,17.214817,32.26,0.13036,15.987,0.07
Navin Fluorine International Limited,NAVINFLUOR.NS,65.10147,88.7,0.14631,32.677,0.463
Navkar Corporation Limited,NAVKARCORP.NS,,-1.54,-0.011879999,9.144,0.222
Navkar Urbanstructure Limited,NAVKARURB.NS,,-0.09,-0.00926,3.823,
Navneet Education Limited,NAVNETEDUL.NS,18.161413,7.93,0.10706,5.146,-0.091
Nazara Technologies Limited,NAZARA.NS,,-2.68,0.008090001,5.66,0.651
NBCC (India) Limited,NBCC.NS,54.98198,2.22,0.22934,0.011,0.227
N. B. I. Industrial Finance Company Limited,NBIFIN.NS,64.38863,34.84,0.00387,,0.57
NCC Limited,NCC.NS,12.498815,12.65,0.11417,37.893,-0.126
NCL Industries Limited,NCLIND.NS,17.958904,10.95,0.05748,35.688,0.044
Naga Dhunseri Group Limited,NDGL.NS,7.297755,395.93,,,
Nandan Denim Limited,NDL.NS,1.2680851,2.35,0.06101,34.572,-0.077
NDL Ventures Limited,NDLVENTURE.NS,404.31818,0.22,0.01232,,
Ndr Auto Components Limited,NDRAUTO.NS,33.359886,24.48,0.19224001,15.671,0.148
New Delhi Television Limited,NDTV.NS,,-33.59,-5.39258,,0.098
North Eastern Carrying Corporation Limited,NECCLTD.NS,25.054054,0.74,0.033350002,55.5,-0.137
Nectar Lifesciences Limited,NECLIFE.NS,,-5.08,-0.12687,64.007,-0.988
Nelcast Limited,NELCAST.NS,24.790096,4.24,0.06661,51.3,-0.096
NELCO Limited,NELCO.NS,399.62366,1.86,0.033570003,55.947,-0.1
Neogen Chemicals Limited,NEOGEN.NS,117.061806,9.87,0.03306,141.474,0.079
Nephrocare Health Services Limited,NEPHROPLUS.NS,71.07463,6.7,0.13448,36.468,
Nesco Limited,NESCO.NS,20.827656,58.72,0.15818,3.913,0.17
Nestle India Limited,NESTLEIND.NS,83.50394,15.24,0.70792,10.753,0.106
Netweb Technologies India Limited,NETWEB.NS,131.4238,23.95,0.2609,3.108,0.21
Network18 Media & Investments Limited,NETWORK18.NS,,-8.34,-0.07545,64.359,-0.727
Neueon Corporation Limited,NEUEON.NS,,-27.25,,6.215,
Neuland Laboratories Limited,NEULANDLAB.NS,80.066284,187.07,0.15928,16.327,0.654
Newgen Software Technologies Limited,NEWGEN.NS,36.672497,22.87,0.22743,3.254,0.146
Next Mediaworks Limited,NEXTMEDIA.NS,0.64816755,9.55,,,
National Fertilizers Limited,NFL.NS,40.8093,2.15,0.04123,176.918,0.54
Nakoda Group of Industries Limited,NGIL.NS,,-1.42,-0.07538,41.959,0.576
NGL Fine-Chem Limited,NGLFINE.NS,39.269814,33.69,0.07221,29.381,0.286
Narayana Hrudayalaya Ltd.,NH.NS,44.85046,41.46,0.23226999,57.614,0.174
NHPC Limited,NHPC.NS,28.915129,2.71,0.07776,100.41,0.103
The New India Assurance Company Limited,NIACL.NS,21.849434,7.04,0.02454,,0.247
NIBE Limited,NIBE.NS,1681.3236,0.68,,31.522,-0.25
NRB Industrial Bearings Limited,NIBL.NS,3.155022,9.16,,,0.092
NIIT Limited,NIITLTD.NS,39.570213,2.35,0.03088,0.638,0.157
NIIT Learning Systems Limited,NIITMTS.NS,29.707682,14.71,0.17095,19.46,0.197
Nila Infrastructures Limited,NILAINFRA.NS,16.525425,0.59,0.13936,13.641,0.86
Nila Spaces Limited,NILASPACES.NS,33.2,0.5,0.13663,62.622,0.322
Nilkamal Limited,NILKAMAL.NS,19.804258,69.99,0.071279995,35.718,0.178
NINtec Systems Limited,NINSYS.NS,25.332914,15.92,0.47384998,2.589,0.23
Indo-National Limited,NIPPOBATRY.NS,,-12.76,-0.02226,36.972,0.073
Niraj Cement Structurals Limited,NIRAJ.NS,10.264483,3.97,0.09782,1.296,0.244
Niraj Ispat Industries Limited,NIRAJISPAT.NS,8.45197,24.36,,,
Nitco Limited,NITCO.NS,,-61.82,,101.391,0.648
Nitin Spinners Limited,NITINSPIN.NS,10.698888,29.69,0.12905,66.856,-0.076
Nitiraj Engineers Limited,NITIRAJ.NS,24.800793,7.58,0.09665,0.028,0.305
Niva Bupa Health Insurance Company Limited,NIVABUPA.NS,150.68,0.5,0.0241,6.577,0.137
NK Industries Limited,NKIND.NS,,-9.67,,,-0.576
NLC India Limited,NLCINDIA.NS,13.14729,19.01,0.1238,104.679,0.142
NMDC Limited,NMDC.NS,10.339174,7.99,0.23085,11.21,0.297
NOCIL Limited,NOCIL.NS,41.45623,3.77,0.0356,0.527,-0.136
Noida Toll Bridge Company Limited,NOIDATOLL.NS,,-12.09,-2.7885501,,0.064
Norben Tea & Exports Limited,NORBTEAEXP.NS,,-0.77,-0.04586,42.932,-0.269
Northern Arc Capital Limited,NORTHARC.NS,19.803616,12.73,0.08036,281.813,0.081
Nova Agritech Limited,NOVAAGRI.NS,13.79078,2.82,0.12157,23.31,0.117
Network People Services Technologies Limited,NPST.NS,97.79305,13.82,0.11071,1.639,-0.301
N R Agarwal Industries Limited,NRAIL.NS,38.917274,12.33,0.027,92.625,0.225
NRB Bearing Limited,NRBBEARING.NS,28.851421,9.49,0.09884,13.631,0.079
Nupur Recyclers Limited,NRL.NS,31.27174,1.84,0.10967,11.462,-0.047
Nalwa Sons Investments Limited,NSIL.NS,132.80933,49.3,0.00151,0.003,-0.586
NMDC Steel Limited,NSLNISP.NS,,-4.5,-0.09648,40.766,1.227
NTPC Limited,NTPC.NS,17.350107,18.68,0.13104,127.753,0.002
NTPC Green Energy Limited,NTPCGREEN.NS,112.0241,0.83,0.044660002,115.845,0.215
Nucleus Software Exports Limited,NUCLEUS.NS,15.040052,61.17,0.20602,0.93,0.056
Nureca Limited,NURECA.NS,69.47562,4.1,0.02088,2.713,0.21
Nuvama Wealth Management Limited,NUVAMA.NS,27.017004,55.28,0.29478002,237.583,0.055
Nuvoco Vistas Corporation Limited,NUVOCO.NS,48.244125,7.66,0.030280001,63.213,0.083
FSN E-Commerce Ventures Limited,NYKAA.NS,720.69446,0.36,0.07422,97.748,0.251
Oriental Aromatics Limited,OAL.NS,103.72413,2.9,0.014880001,60.196,0.146
Orissa Bengal Carrier Limited,OBCL.NS,,-0.03,-0.00074,62.946,0.081
Oberoi Realty Limited,OBEROIRLTY.NS,27.380253,61.38,0.1416,18.083,0.348
OCCL Limited,OCCLLTD.NS,13.97486,7.16,,,
Odigma Consultancy Solutions Limited,ODIGMA.NS,235.57143,0.14,0.0071799997,,0.494
Oracle Financial Services Software Limited,OFSS.NS,28.635075,271.59,0.32889998,0.461,0.069
Oil India Limited,OIL.NS,10.968137,36.72,0.11196,58.174,0.158
Oil Country Tubular Limited,OILCOUNTUB.NS,,-8.29,-0.19785,11.362,-0.551
Ola Electric Mobility Limited,OLAELEC.NS,,-5.24,-0.41777,71.879,-0.432
Olectra Greentech Limited,OLECTRA.NS,71.260796,17.37,0.13527,32.542,0.254
Omax Autos Limited,OMAXAUTO.NS,20.049406,5.06,0.03446,22.535,0.123
Omaxe Limited,OMAXE.NS,,-35.62,,,-0.176
Om Freight Forwarders Limited,OMFREIGHT.NS,14.866769,6.53,,14.352,-0.124
OM INFRA LIMITED,OMINFRAL.NS,37.05283,2.65,0.03237,14.074,-0.481
Omkar Speciality Chemicals Limited,OMKARCHEM.NS,,-3.67,,,-0.492
Onelife Capital Advisors Limited,ONELIFECAP.NS,,-3.05,-0.1129,128.135,-0.522
One Point One Solutions Limited,ONEPOINT.NS,42.08696,1.38,0.0913,12.498,0.134
Onesource Specialty Pharma Limited,ONESOURCE.NS,480.93924,3.62,,21.928,-0.314
Oil & Natural Gas Corporation Limited,ONGC.NS,8.05945,29.1,0.10977,43.805,-0.003
OnMobile Global Limited,ONMOBILE.NS,71.36585,0.82,0.01303,12.156,-0.009
Onward Technologies Limited,ONWARDTEC.NS,15.291992,17.98,0.18664,16.959,0.129
Optiemus Infracom Limited,OPTIEMUS.NS,63.597954,7.81,0.11208,32.446,-0.122
Orbit Exports Limited,ORBTEXP.NS,13.47507,14.44,0.13694,3.749,-0.032
Orchasp Limited,ORCHASP.NS,148.0,0.02,0.03787,14.047,0.644
Orchid Pharma Limited,ORCHPHARMA.NS,73.68115,10.35,0.04196,22.107,-0.131
Oricon Enterprises Limited,ORICONENT.NS,35.105263,1.71,0.020399999,0.892,-0.773
Oriental Trimex Limited,ORIENTALTL.NS,4.6685085,1.81,0.14477,2.914,0.15
Orient Bell Limited,ORIENTBELL.NS,60.382885,4.44,0.020680001,11.857,0.03
Orient Cement Limited,ORIENTCEM.NS,11.47185,14.92,0.16078,3.507,0.183
ORIENT CERATECH LIMITED,ORIENTCER.NS,30.401407,1.42,0.05959,16.058,0.621
Orient Electric Limited,ORIENTELEC.NS,42.9058,4.14,0.12949,17.073,0.064
Oriental Hotels Limited,ORIENTHOT.NS,36.79856,2.78,0.074099995,27.132,0.111
Orient Press Limited,ORIENTLTD.NS,,-2.83,-0.043169998,91.587,0.023
Orient Paper & Industries Limited,ORIENTPPR.NS,,-1.19,-0.01538,16.377,-0.04
Orient Technologies Limited,ORIENTTECH.NS,28.128654,11.97,0.15151,6.129,0.223
The Orissa Minerals Development Company Limited,ORISSAMINE.NS,,-64.49,,,0.074
Orkla India Limited,ORKLAINDIA.NS,31.526617,19.16,,2.462,0.049
ORTIN GLOBAL LIMITED,ORTINGLOBE.NS,,-1.16,-0.53488,71.56,-0.733
Osia Hyper Retail Limited,OSIAHYPER.NS,10.635036,1.37,0.07067,39.501,0.05
Oswal Agro Mills Limited,OSWALAGRO.NS,6.07864,9.41,0.13965,,
Oswal Greentech Limited,OSWALGREEN.NS,96.44118,0.34,0.00482,0.203,0.12
Oswal Pumps Limited,OSWALPUMPS.NS,63.286713,8.58,,8.278,0.739
ShreeOswal Seeds And Chemicals Limited,OSWALSEEDS.NS,50.46154,0.39,0.23365,97.461,-0.417
Pace Digitek Limited,PACEDIGITK.NS,15.53629,12.4,,11.33,-0.37
Page Industries Limited,PAGEIND.NS,53.278988,684.51,0.5272,19.029,0.036
Paisalo Digital Limited,PAISALO.NS,15.182609,2.3,0.13441,226.216,0.131
PAKKA LIMITED,PAKKA.NS,64.208336,1.68,0.02231,66.419,-0.313
Palash Securities Limited,PALASHSECU.NS,,-11.01,-0.028080001,6.863,0.62
Palred Technologies Limited,PALREDTEC.NS,,-7.32,-0.24832001,140.117,-0.166
Panacea Biotec Limited,PANACEABIO.NS,,-1.19,-0.00921,2.786,-0.042
Panache Digilife Limited,PANACHE.NS,74.29545,4.4,0.100080006,40.16,0.665
Panama Petrochem Limited,PANAMAPET.NS,9.272874,31.15,0.14985,2.327,0.106
Pansari Developers Limited,PANSARI.NS,50.432297,6.13,0.09664,47.606,1.912
Par Drugs And Chemicals Limited,PAR.NS,13.2017765,7.88,0.095340006,,-0.173
Paramount Communications Limited,PARACABLES.NS,16.347279,2.39,0.10262,13.638,0.203
Paradeep Phosphates Limited,PARADEEP.NS,15.278579,10.41,0.18238,87.038,0.788
Parag Milk Foods Limited,PARAGMILK.NS,26.86747,10.79,0.12513,45.112,0.157
Paras Defence and Space Technologies Limited,PARAS.NS,80.09747,8.72,0.1204,8.394,0.214
Paras Petrofils Limited,PARASPETRO.NS,,-0.01,0.00092,,
Park Medi World Limited,PARKHOSPS.NS,27.292683,5.33,,58.033,0.169
Apeejay Surrendra Park Hotels Limited,PARKHOTELS.NS,32.33654,4.16,0.06985,23.441,0.168
Parsvnath Developers Limited,PARSVNATH.NS,,-7.57,,,0.147
Pashupati Cotspin Limited,PASHUPATI.NS,98.238495,8.26,0.09034,56.803,0.271
Pasupati Acrylon Limited,PASUPTAC.NS,12.328798,4.41,0.10859,28.845,1.252
Patanjali Foods Limited,PATANJALI.NS,41.626045,13.13,0.12432,23.903,0.202
Patel Engineering Limited,PATELENG.NS,9.869127,2.98,0.07229,39.667,0.029
Patel Retail Limited,PATELRMART.NS,22.414742,9.09,,33.682,0.139
Patel Integrated Logistics Limited,PATINTLOG.NS,12.070176,1.14,0.06554,10.698,0.118
Paushak Limited,PAUSHAKLTD.NS,32.133945,18.44,0.09927,12.493,0.026
Pavna Industries Limited,PAVNAIND.NS,,-4.08,0.0168,36.865,-0.114
One 97 Communications Limited,PAYTM.NS,,-9.54,-0.04086,1.045,0.242
PCBL Chemical Limited,PCBL.NS,33.070652,9.2,0.09061,135.218,0.0
PC Jeweller Limited,PCJEWELLER.NS,28.12121,0.33,0.11517,22.029,0.634
Pudumjee Paper Products Limited,PDMJEPAPER.NS,16.801785,5.6,0.15555,1.877,-0.069
PDS Limited,PDSL.NS,44.944786,8.15,0.11288,70.401,0.034
Pearl Polymers Limited,PEARLPOLY.NS,,-3.38,-0.15285,,-0.087
Pennar Industries Limited,PENIND.NS,20.653526,9.64,0.13031,92.847,0.213
Peninsula Land Limited,PENINLAND.NS,,-1.87,-0.2678,228.395,-0.381
Persistent Systems Limited,PERSISTENT.NS,59.037666,106.72,0.26198998,5.651,0.236
Petronet LNG Limited,PETRONET.NS,11.521473,24.45,0.18330999,11.871,-0.155
Power Finance Corporation Limited,PFC.NS,4.728,75.0,0.21113001,603.342,0.12
Pfizer Limited,PFIZER.NS,27.560001,183.32,0.2209,2.334,0.091
Prime Focus Limited,PFOCUS.NS,,-7.75,-0.13981,246.44,0.169
PTC India Financial Services Limited,PFS.NS,6.216514,5.45,0.12484,75.993,0.77
PG Electroplast Limited,PGEL.NS,64.06284,9.07,0.12576,20.346,-0.024
Procter & Gamble Hygiene and Health Care Limited,PGHH.NS,58.499348,221.37,,0.221,0.013
Procter & Gamble Health Limited,PGHL.NS,50.791866,111.13,,1.0,0.037
Pearl Global Industries Limited,PGIL.NS,28.202765,56.42,0.21385999,58.681,0.092
The Phoenix Mills Limited,PHOENIXLTD.NS,61.251244,30.21,0.100959994,33.657,0.215
Piccadily Agro Industries Limited,PICCADIL.NS,48.853527,11.47,,45.313,0.093
Pidilite Industries Limited,PIDILITIND.NS,66.78571,21.84,0.24080999,4.539,0.099
Power & Instrumentation (Gujarat) Limited,PIGL.NS,17.986938,6.89,0.11171,21.323,0.279
PI Industries Limited,PIIND.NS,32.42883,99.76,0.14849,2.237,-0.157
Pilani Investment and Industries Corporation Limited,PILANIINVS.NS,204.07153,26.28,0.00169,13.114,0.058
PIL ITALICA LIFESTYLE LIMITED,PILITA.NS,47.59091,0.22,0.067090005,18.778,0.267
Pine Labs Limited,PINELABS.NS,,-0.99,,23.128,0.178
Pioneer Embroideries Limited,PIONEEREMB.NS,98.34483,0.29,0.0055,58.879,-0.118
Piramal Finance Limited,PIRAMALFIN.NS,625.1341,2.61,,261.148,0.519
Pitti Engineering Limited,PITTIENG.NS,24.62822,34.16,,82.817,0.113
Pix Transmissions Limited,PIXTRANS.NS,20.230486,70.72,0.16187,4.661,-0.127
The Peria Karamalai Tea & Produce Company Limited,PKTEA.NS,,-13.8,-0.02044,20.57,-0.357
Plastiblends India Limited,PLASTIBLEN.NS,13.021514,12.55,0.07614,5.399,0.039
Platinum Industries Limited,PLATIND.NS,,,0.105459996,6.353,-0.013
Plaza Wires Limited,PLAZACABLE.NS,52.949368,0.79,0.029790001,27.229,0.562
Punjab National Bank,PNB.NS,8.111186,14.84,0.12666,,-0.056
PNB Gilts Limited,PNBGILTS.NS,8.155311,9.98,0.11508001,1560.468,-0.404
PNB Housing Finance Limited,PNBHOUSING.NS,11.449715,82.43,0.127,261.907,0.211
Pritish Nandy Communications Limited,PNC.NS,,-0.74,-0.01459,2.01,0.127
PNC Infratech Limited,PNCINFRA.NS,8.040536,31.33,0.1291,76.537,-0.21
P N Gadgil Jewellers Limited,PNGJL.NS,26.914846,22.9,0.19094999,75.905,0.088
Pondy Oxides & Chemicals Limited,POCL.NS,47.527832,30.54,0.16444,5.327,0.106
Poddar Pigments Limited,PODDARMENT.NS,15.680332,16.83,0.047870003,,-0.007
Pokarna Limited,POKARNA.NS,17.727371,46.51,0.19471,37.631,-0.529
PB Fintech Limited,POLICYBZR.NS,191.70683,9.96,0.07165,4.859,0.382
Polycab India Limited,POLYCAB.NS,46.276566,163.29,0.25748,2.087,0.178
Poly Medicure Limited,POLYMED.NS,49.223877,35.69,0.13104999,8.169,0.057
Polyplex Corporation Limited,POLYPLEX.NS,34.714962,23.33,0.01086,14.462,0.032
Ponni Sugars (Erode) Limited,PONNIERODE.NS,12.129799,21.88,0.03329,,0.203
Poonawalla Fincorp Limited,POONAWALLA.NS,168.32741,2.81,0.024360001,364.414,0.613
Power Grid Corporation of India Limited,POWERGRID.NS,17.159018,15.47,0.15918,141.186,0.018
Hitachi Energy India Limited,POWERINDIA.NS,111.93119,163.94,0.23965,1.843,0.188
Power Mech Projects Limited,POWERMECH.NS,22.689775,103.28,0.17432,41.065,0.195
PPAP Automotive Limited,PPAP.NS,171.7623,1.22,0.00604,,0.276
Prakash Pipes Limited,PPL.NS,10.906179,22.17,0.12229,2.772,-0.096
Piramal Pharma Limited,PPLPHARMA.NS,,-0.2,-0.0029699998,60.083,-0.088
Prabha Energy Limited,PRABHA.NS,,-0.11,,33.72,0.83
Prajay Engineers Syndicate Limited,PRAENG.NS,,-3.69,-0.05709,34.324,-0.667
Praj Industries Limited,PRAJIND.NS,57.930435,5.75,0.08116,16.118,0.031
Prakash Industries Limited,PRAKASH.NS,7.4860573,18.29,0.09927,9.971,-0.328
Prakash Steelage Limited,PRAKASHSTL.NS,71.42857,0.07,0.16118999,22.772,0.302
Praxis Home Retail Limited,PRAXIS.NS,3.3369565,2.76,71.87155,309.88,-0.195
Precision Camshafts Limited,PRECAM.NS,23.5,6.96,0.084,8.02,-0.119
Precot Limited,PRECOT.NS,11.59315,36.5,0.09751,81.297,-0.158
Precision Wires India Limited,PRECWIRE.NS,38.360256,6.19,0.1852,19.307,0.181
Premier Explosives Limited,PREMEXPLN.NS,60.9593,8.6,0.17950001,10.097,-0.201
Premier Limited,PREMIER.NS,,-2.18,,,
Premier Energies Limited,PREMIERENE.NS,35.206745,24.91,0.41425,46.964,0.203
Premier Polyfilm Limited,PREMIERPOL.NS,,-2.74,0.22023001,12.992,0.056
Prestige Estates Projects Limited,PRESTIGE.NS,92.13509,17.47,0.0505,89.294,0.055
Pricol Limited,PRICOLLTD.NS,39.923027,15.59,0.18375,10.545,0.505
Prime Securities Limited,PRIMESECU.NS,28.429586,9.87,0.15892,0.723,0.042
Primo Chemicals Limited,PRIMO.NS,75.53125,0.32,0.0257,40.547,0.003
Prince Pipes And Fittings Limited,PRINCEPIPE.NS,119.90477,2.1,0.01467,14.911,-0.044
Priti International Limited,PRITI.NS,22.901514,2.64,0.03999,,-0.598
Pritika Auto Industries Limited,PRITIKAUTO.NS,16.638556,0.83,0.08326,65.121,0.358
Privi Speciality Chemicals Limited,PRIVISCL.NS,47.855152,68.21,0.22715999,86.003,0.274
Prostarm Info Systems Limited,PROSTARM.NS,44.722225,3.96,,6.147,-0.331
Protean eGov Technologies Limited,PROTEAN.NS,34.601078,22.31,0.09259,6.583,0.14
Prozone Realty Limited,PROZONER.NS,,-1.95,-0.051599998,53.946,-0.055
Prism Johnson Limited,PRSMJOHNSN.NS,38.0854,3.63,0.0964,93.47,0.101
Prudent Corporate Advisory Services Limited,PRUDENT.NS,52.261257,49.53,0.30847,4.26,0.116
Prudential Sugar Corporation Limited,PRUDMOULI.NS,14.175325,1.54,,,
Punjab & Sind Bank,PSB.NS,16.071857,1.67,0.0919,,0.088
PSP Projects Limited,PSPPROJECT.NS,120.698326,7.16,0.0232,29.704,0.199
PTC India Limited,PTC.NS,5.3921504,29.81,0.15334,32.871,0.065
PTC Industries Limited,PTCIL.NS,443.79752,42.08,0.045,12.655,0.722
PTL Enterprises Limited,PTL.NS,12.735484,3.1,0.04575,1.036,-0.0
Punjab Chemicals & Crop Protection Limited,PUNJABCHEM.NS,27.981737,42.71,0.13915,31.02,0.054
Puravankara Limited,PURVA.NS,,-12.14,-0.16622,274.76,0.3
PVP Ventures Limited,PVP.NS,,-0.19,-0.02575,77.376,4.38
PVR INOX Limited,PVRINOX.NS,,-3.89,-0.00545,105.057,0.124
Popular Vehicles and Services Limited,PVSL.NS,,-4.45,-0.04901,176.217,0.012
Physicswallah Limited,PWL.NS,,-0.97,,67.044,0.263
Pyramid Technoplast Limited,PYRAMID.NS,22.116467,7.47,0.110489994,53.667,0.208
Quality Power Electrical Equipments Limited,QPOWER.NS,70.3128,10.55,,5.486,1.182
Quadrant Future Tek Limited,QUADFUTURE.NS,,-9.03,-0.23773001,9.292,-0.132
Quess Corp Limited,QUESS.NS,65.12884,3.26,0.023340002,10.584,-0.26
Quick Heal Technologies Limited,QUICKHEAL.NS,,-0.16,-0.00168,,0.136
Race Eco Chain Limited,RACE.NS,77.693985,1.83,0.09831,84.464,0.396
RACL Geartech Limited,RACLGEAR.NS,39.580116,29.77,0.123789996,72.348,0.134
Radaan Mediaworks India Limited,RADAAN.NS,,-0.65,,,-0.147
Radhika Jeweltech Limited,RADHIKAJWE.NS,12.415858,6.18,0.22557,11.904,0.012
Radiant Cash Management Services Limited,RADIANTCMS.NS,14.32425,3.67,0.14306,57.298,-0.022
Radico Khaitan Limited,RADICO.NS,97.18613,34.01,0.16516,20.939,0.338
Music Broadcast Limited,RADIOCITY.NS,,-1.26,-0.08512,27.219,-0.31
Railtel Corporation Of India Limited,RAILTEL.NS,37.862865,9.99,0.16031,3.341,0.128
Rain Industries Limited,RAIN.NS,,-3.94,,132.969,0.138
Rainbow Childrens Medicare Limited,RAINBOW.NS,54.03777,24.89,0.17687,53.24,0.065
Rajesh Exports Limited,RAJESHEXPO.NS,47.495537,4.48,0.00818,5.254,1.618
Rajnandini Metal Limited,RAJMET.NS,,-0.08,-0.030669998,28.176,-0.744
Rajoo Engineers Limited,RAJOOENG.NS,19.126934,3.23,0.22431,5.21,0.624
Rajratan Global Wire Limited,RAJRATAN.NS,40.01302,11.52,0.102510005,61.82,0.199
Raj Rayon Industries Limited,RAJRILTD.NS,47.7551,0.49,0.30111998,152.096,0.506
Rajshree Sugars & Chemicals Limited,RAJSREESUG.NS,,-9.02,-0.11401,138.15,-0.2
Raj Television Network Limited,RAJTV.NS,,-0.71,-0.02935,19.756,-0.561
Rallis India Limited,RALLIS.NS,30.558628,9.04,0.088599995,2.973,-0.072
Shree Rama Newsprint Limited,RAMANEWS.NS,,-2.01,-1.58258,,-0.241
Rama Phosphates Limited,RAMAPHO.NS,15.213741,10.48,0.09689999,25.556,0.173
Rama Steel Tubes Limited,RAMASTEEL.NS,78.666664,0.12,0.043470003,26.441,0.218
The Ramco Cements Limited,RAMCOCEM.NS,67.7629,15.69,0.04995,62.153,0.095
Ramco Industries Limited,RAMCOIND.NS,11.960302,26.45,0.05465,4.035,0.035
Ramco Systems Limited,RAMCOSYS.NS,238.71368,2.41,0.026970001,14.863,0.233
Ramky Infrastructure Limited,RAMKY.NS,19.872766,29.08,0.09883001,27.608,-0.106
Ram Ratna Wires Limited,RAMRAT.NS,41.188946,7.78,0.15586,122.585,0.238
Rana Sugars Limited,RANASUG.NS,6.246231,1.99,0.056350004,43.163,-0.104
Rane Holdings Limited,RANEHOLDIN.NS,21.31442,63.45,0.07761,76.849,0.527
Rategain Travel Technologies Limited,RATEGAIN.NS,36.385914,17.75,0.124060005,0.823,0.064
Ratnamani Metals & Tubes Limited,RATNAMANI.NS,26.705555,86.57,0.1708,6.134,0.227
Ratnaveer Precision Engineering Limited,RATNAVEER.NS,14.462571,10.42,0.13578,50.633,0.243
Raymond Limited,RAYMOND.NS,53.312267,7.91,0.01086,29.425,0.114
Raymond Lifestyle Limited,RAYMONDLSL.NS,81.903984,12.29,0.00777,25.695,0.073
Raymond Realty Limited,RAYMONDREL.NS,,,,42.016,2.079
Restaurant Brands Asia Limited,RBA.NS,,-3.86,-0.34268,229.249,0.112
RBL Bank Limited,RBLBANK.NS,34.188274,8.87,0.03422,,0.032
RBZ Jewellers Limited,RBZJEWEL.NS,11.925613,11.83,0.19124001,55.481,0.244
Rashtriya Chemicals and Fertilizers Limited,RCF.NS,25.068905,5.66,0.06548,56.443,0.234
Reliance Communications Limited,RCOM.NS,,-0.94,,,-0.011
REC Limited,RECLTD.NS,5.4560738,65.45,0.21997,666.088,0.104
Redington Limited,REDINGTON.NS,12.254636,22.11,0.22066,27.764,0.168
Redtape Limited,REDTAPE.NS,37.669724,3.27,0.23121999,108.421,0.207
Refex Industries Limited,REFEX.NS,21.6214,12.15,0.17426,13.652,-0.191
Regaal Resources Limited,REGAAL.NS,14.228916,4.98,,108.692,
Regency Ceramics Limited,REGENCERAM.NS,85.01852,0.54,,,6.254
Relaxo Footwears Limited,RELAXO.NS,57.51783,7.01,0.0846,10.214,-0.075
Reliance Chemotex Industries Limited,RELCHEMQ.NS,21.534182,6.29,0.034560002,180.277,0.087
Reliable Data Services Limited,RELIABLE.NS,12.742731,11.35,0.16700001,66.061,1.916
Reliance Industries Limited,RELIANCE.NS,25.398273,61.39,0.09717,35.651,0.1
Religare Enterprises Limited,RELIGARE.NS,78.430374,3.16,0.03903,8.066,0.058
Ravindra Energy Limited,RELTD.NS,42.830334,3.89,0.24043,106.093,6.724
Remsons Industries Limited,REMSONSIND.NS,26.482834,4.66,0.16326,71.804,0.266
Shree Renuka Sugars Limited,RENUKA.NS,,-3.5,,,0.05
Repco Home Finance Limited,REPCOHOME.NS,5.5710974,73.28,0.13479,318.337,0.038
Rudrabhishek Enterprises Limited,REPL.NS,15.787799,7.54,,,0.067
Repro India Limited,REPRO.NS,,-14.35,-0.05529,35.444,0.03
Responsive Industries Limited,RESPONIND.NS,25.878748,7.67,0.15100999,13.937,-0.102
JHS Svendgaard Retail Ventures Limited,RETAIL.NS,,-0.25,-0.012940001,29.565,0.041
Renaissance Global Limited,RGL.NS,16.968319,7.26,0.05527,48.158,0.327
Rhetan TMT Limited,RHETAN.NS,486.4,0.05,0.03845,41.664,-0.038
Reliance Home Finance Limited,RHFL.NS,,-0.08,,,
RHI MAGNESITA INDIA LIMITED,RHIM.NS,59.164474,7.6,0.03967,10.315,0.194
Robust Hotels Limited,RHL.NS,14.20061,13.11,0.03168,20.707,0.058
Rico Auto Industries Limited,RICOAUTO.NS,42.271606,3.24,0.058930002,91.352,0.09
Reliance Industrial Infrastructure Limited,RIIL.NS,102.30914,7.99,0.02569,,-0.005
Rishabh Instruments Limited,RISHABH.NS,26.41791,14.74,0.08728,14.997,0.077
Ritco Logistics Limited,RITCO.NS,20.620716,13.13,0.12408,107.999,0.291
RITES Limited,RITES.NS,29.515184,8.56,0.16570999,0.285,0.015
Ravi Kumar Distilleries Limited,RKDL.NS,385.33334,0.06,0.00285,101.046,-0.496
RKEC Projects Limited,RKEC.NS,6.487425,8.35,0.083129995,99.446,-0.596
Ramkrishna Forgings Limited,RKFORGE.NS,41.425102,12.35,0.07421,88.73,-0.139
R K Swamy Limited,RKSWAMY.NS,28.745455,3.85,0.08089,14.856,0.122
R M Drip and Sprinklers Systems Limited,RMDRIP.NS,,-0.37,0.42513,40.967,0.8
Rane (Madras) Limited,RML.NS,46.436573,16.95,0.10007,122.42,0.738
R&B Denims Limited,RNBDENIMS.NS,42.226536,3.09,0.16215,40.53,0.207
Royal Orchid Hotels Limited,ROHLTD.NS,24.2717,16.82,0.19524,263.871,0.125
Rolex Rings Limited,ROLEXRINGS.NS,19.764523,6.37,0.15564,0.01,-0.096
Rollatainers Limited,ROLLT.NS,,-0.03,,,
Raj Oil Mills Limited,ROML.NS,14.535014,3.57,,6007.364,0.32
Rossari Biotech Limited,ROSSARI.NS,23.331982,24.67,0.11533,28.178,0.176
Rossell India Limited,ROSSELLIND.NS,9.839148,5.16,0.09021,35.146,0.009
Rossell Techsys Limited,ROSSTECH.NS,115.8423,5.58,,186.722,1.449
Roto Pumps Limited,ROTO.NS,47.463573,1.51,0.13239,12.527,-0.234
ROUTE MOBILE LIMITED,ROUTE.NS,25.739578,27.11,0.07526,0.814,0.005
Raghav Productivity Enhancers Limited,RPEL.NS,95.74748,9.9,0.23402001,2.905,0.295
RPG Life Sciences Limited,RPGLIFE.NS,18.129221,130.32,0.46161997,,0.055
Reliance Power Limited,RPOWER.NS,61.93221,0.59,0.01938,92.224,0.122
R.P.P. Infra Projects Limited,RPPINFRA.NS,11.478935,9.02,0.104270004,18.172,-0.197
Rajshree Polypack Limited,RPPL.NS,12.954546,1.54,0.06886,69.557,-0.021
RPSG VENTURES LIMITED,RPSGVENT.NS,,-12.69,0.03799,135.449,0.232
Rashi Peripherals Limited,RPTECH.NS,11.642205,30.66,0.116780005,52.063,0.121
R R Kabel Limited,RRKABEL.NS,41.30325,35.68,0.18472,16.78,0.195
R. S. Software (India) Limited,RSSOFTWARE.NS,,-3.94,-0.18381001,,-0.647
RSWM Limited,RSWM.NS,87.99411,1.7,0.00619,115.817,-0.013
R Systems International Limited,RSYSTEMS.NS,27.227058,14.93,,13.974,0.123
RattanIndia Enterprises Limited,RTNINDIA.NS,,-3.04,-0.33999002,107.296,0.18
RattanIndia Power Limited,RTNPOWER.NS,59.500004,0.16,0.01903,84.871,-0.042
Rubfila International Limited,RUBFILA.NS,12.954386,5.7,0.107659996,0.355,0.115
Rubicon Research Limited,RUBICON.NS,74.04994,9.21,,87.66,0.392
The Ruby Mills Limited,RUBYMILLS.NS,14.098259,16.08,0.08533,60.619,0.67
Ruchi Infrastructure Limited,RUCHINFRA.NS,29.545454,0.22,0.047989998,43.622,0.07
Ruchira Papers Limited,RUCHIRA.NS,5.3379035,22.61,0.14513999,38.02,0.007
Rudra Global Infra Products Limited,RUDRA.NS,33.246754,0.77,0.06163,175.134,0.167
Rupa & Company Limited,RUPA.NS,17.268164,9.36,0.07438,24.808,0.084
Rushil Decor Limited,RUSHIL.NS,42.240738,0.54,0.024549998,44.026,0.023
Keystone Realtors Limited,RUSTOMJEE.NS,64.32152,8.18,0.044910002,43.367,-0.063
Ravinder Heights Limited,RVHL.NS,8.988505,6.09,0.14247,0.386,382.346
Rail Vikas Nigam Limited,RVNL.NS,71.053116,5.46,0.12377,52.108,0.055
Revathi Equipment India Limited,RVTH.NS,20.467657,34.32,0.086210005,41.692,0.158
S&S Power Switchgears Limited,S&SPOWER.NS,,-1.94,-0.00988,45.956,0.105
Saatvik Green Energy Limited,SAATVIKGL.NS,14.301485,26.27,,47.22,0.616
Sab Events & Governance Now Media Limited,SABEVENTS.NS,,-0.47,,,
Sri Adhikari Brothers Television Network Limited,SABTNL.NS,,-9.64,-1.64089,1326.72,2.427
Sadbhav Engineering Limited,SADBHAV.NS,,-9.52,,,0.214
Sadbhav Infrastructure Project Limited,SADBHIN.NS,,-1.91,,,0.108
Sadhana Nitrochem Limited,SADHNANIQ.NS,,-0.61,-0.087290004,102.168,-0.937
Safari Industries (India) Limited,SAFARI.NS,67.81896,32.92,0.17159,10.828,0.165
Sagardeep Alloys Limited,SAGARDEEP.NS,22.683762,1.17,0.07079,39.666,-0.044
Sagar Cements Limited,SAGCEM.NS,,-12.03,-0.08926,93.295,0.267
SAGILITY LIMITED,SAGILITY.NS,30.777779,1.71,0.09561,13.851,0.252
Sahyadri Industries Limited,SAHYADRI.NS,15.141928,16.91,0.048499998,8.967,0.179
Steel Authority of India Limited,SAIL.NS,21.411005,6.18,0.044120003,57.763,0.082
Sai Life Sciences Limited,SAILIFE.NS,64.63951,13.87,0.17278999,18.397,0.359
Sakar Healthcare Limited,SAKAR.NS,47.713966,8.88,0.068119995,28.056,0.346
Sakthi Sugars Limited,SAKHTISUG.NS,8.370044,2.27,0.16619,475.742,1.293
Saksoft Limited,SAKSOFT.NS,21.190374,9.35,0.19754,7.303,0.201
Sakuma Exports Limited,SAKUMA.NS,30.857143,0.07,0.01444,6.194,-0.25
Salasar Techno Engineering Limited,SALASAR.NS,70.46154,0.13,0.03131,42.992,0.518
Salona Cotspin Limited,SALONA.NS,109.60251,2.39,0.01495,278.404,0.028
S.A.L. Steel Limited,SALSTEEL.NS,,-1.49,-0.32256,604.599,-0.468
Salzer Electronics Limited,SALZERELEC.NS,21.236906,32.46,0.102790006,82.807,0.217
Sambhaav Media Limited,SAMBHAAV.NS,,-0.01,-0.00219,10.641,-0.056
Sambhv Steel Tubes Limited,SAMBHV.NS,34.810715,2.8,,19.466,0.834
Samhi Hotels Limited,SAMHI.NS,21.590107,8.49,,196.692,0.089
Sammaan Capital Limited,SAMMAANCAP.NS,6.326549,22.11,0.05994,203.545,
Sampann Utpadan India Limited,SAMPANN.NS,13.656903,2.39,0.4584,202.507,0.652
Sanathan Textiles Limited,SANATHAN.NS,26.514042,16.38,0.0863,77.611,0.102
Sanco Industries Limited,SANCO.NS,33.666668,0.06,-0.91438,,0.128
The Sandesh Limited,SANDESH.NS,15.987969,66.5,0.036429998,,-0.303
Sandhar Technologies Limited,SANDHAR.NS,19.010382,28.9,0.15142,77.629,0.291
Sandur Manganese & Iron Ores Limited,SANDUMA.NS,19.69943,12.31,0.22918,63.561,3.735
Sangam (India) Limited,SANGAMIND.NS,62.036537,7.39,0.03688,126.634,0.164
Sanghi Industries Limited,SANGHIIND.NS,,-15.71,-0.65198,592.976,0.881
Sanghvi Movers Limited,SANGHVIMOV.NS,17.808287,20.03,0.153,40.655,0.344
Sanginita Chemicals Limited,SANGINITA.NS,,-0.19,-0.00865,47.453,-0.281
Sanofi India Limited,SANOFI.NS,26.487938,154.61,,2.672,-0.093
Sanofi Consumer Healthcare India Limited,SANOFICONR.NS,47.249973,94.69,,11.012,0.463
Sansera Engineering Limited,SANSERA.NS,42.174778,40.28,0.11417,15.176,0.081
Sanstar Limited,SANSTAR.NS,81.803734,1.07,0.030079998,3.402,0.006
Sanwaria Consumer Limited,SANWARIA.NS,,-0.03,,,0.005
Sapphire Foods India Limited,SAPPHIRE.NS,,-0.03,0.00017000001,99.226,0.067
Sarda Energy & Minerals Limited,SARDAEN.NS,17.328587,30.19,0.16198999,37.709,0.319
Saregama India Limited,SAREGAMA.NS,33.22106,10.54,0.12576,0.185,-0.049
Sarla Performance Fibers Limited,SARLAPOLY.NS,11.217711,8.13,0.13838,32.655,-0.06
Sarveshwar Foods Limited,SARVESHWAR.NS,16.148148,0.27,0.082550004,57.24,0.234
Sasken Technologies Limited,SASKEN.NS,60.768932,25.88,0.050669998,3.242,0.892
Sastasundar Ventures Limited,SASTASUNDR.NS,,-0.63,-0.010249999,0.588,0.037
Satia Industries Limited,SATIA.NS,10.592295,6.23,0.06086,,0.502
Satin Creditcare Network Limited,SATIN.NS,11.619164,12.21,0.05207,367.777,0.494
Saurashtra Cement Limited,SAURASHCEM.NS,26.067741,3.1,,14.325,0.098
SBC Exports Limited,SBC.NS,113.16,0.25,0.27707002,281.519,0.284
Shivalik Bimetal Controls Limited,SBCL.NS,28.980133,15.1,0.21263,12.873,0.085
SBFC Finance Limited,SBFC.NS,29.268908,3.57,0.12254,179.825,0.286
Suratwwala Business Group Limited,SBGLP.NS,32.18261,1.15,0.26598,73.579,10.619
SBI Cards and Payment Services Limited,SBICARD.NS,42.95082,20.13,0.13762,332.839,0.201
SBI Life Insurance Company Limited,SBILIFE.NS,82.37862,24.51,0.14199,,-0.428
State Bank of India,SBIN.NS,10.746219,89.92,0.15675999,,0.081
Schaeffler India Limited,SCHAEFFLER.NS,55.63551,68.37,,1.012,0.15
S Chand And Company Limited,SCHAND.NS,10.949862,14.56,0.0541,15.164,0.318
Schneider Electric Infrastructure Limited,SCHNEIDER.NS,67.358665,10.79,0.48913,80.084,0.084
Shipping Corporation Of India Limited,SCI.NS,13.030127,17.26,0.096920006,32.955,-0.077
Shipping Corporation of India Land and Assets Limited,SCILAL.NS,,-4.2,-0.06303,0.003,0.536
Scoda Tubes Limited,SCODATUBES.NS,53.29412,3.06,,54.523,0.042
Sheetal Cool Products Limited,SCPL.NS,24.091394,13.13,0.10539,63.458,-0.114
Som Distilleries & Breweries Limited,SDBL.NS,20.818008,5.22,0.14021,22.94,-0.072
Seamec Limited,SEAMECLTD.NS,30.361897,34.54,0.086,37.579,0.109
SecMark Consultancy Limited,SECMARK.NS,30.726542,3.73,0.20891,,0.062
SECUREKLOUD TECHNOLOGIES LIMITED,SECURKLOUD.NS,,-28.29,,,-0.222
Sejal Glass Limited,SEJALLTD.NS,45.51804,19.4,0.44313,405.9,0.689
SEL Manufacturing Company Limited,SELMC.NS,,-42.64,,,0.087
Semac Construction Limited,SEMAC.NS,139.04204,2.14,0.00834,61.573,0.762
Senco Gold Limited,SENCO.NS,20.822496,15.38,0.14126,116.632,0.024
Senores Pharmaceuticals Limited,SENORES.NS,36.799274,22.12,,28.895,0.607
SEPC Limited,SEPC.NS,44.68182,0.22,0.02379,19.359,0.389
Sequent Scientific Limited,SEQUENT.NS,131.00613,1.63,0.066360004,55.307,0.15
Servotech Renewable Power System Limited,SERVOTECH.NS,77.823524,1.02,0.097729996,56.375,-0.467
Seshasayee Paper and Boards Limited,SESHAPAPER.NS,17.868633,13.55,0.04097,3.807,-0.131
Setco Automotive Limited,SETCO.NS,,-8.67,,,0.12
Setubandhan Infrastructure Limited,SETUINFRA.NS,47.0,0.01,0.00184,158.545,0.13
Sheela Foam Limited,SFL.NS,119.46393,4.85,0.01732,40.731,0.077
SG Finserve Limited,SGFIN.NS,26.348896,15.42,0.10416,177.049,1.419
Synergy Green Industries Limited,SGIL.NS,51.03586,10.04,0.18739,179.329,-0.19
STL Global Limited,SGL.NS,,-0.04,-0.00494,56.3,0.139
Standard Glass Lining Technology Limited,SGLTL.NS,41.809525,3.57,,18.173,0.105
SG Mart Limited,SGMART.NS,37.203392,10.03,0.09,17.439,-0.061
Shah Metacorp Limited,SHAH.NS,44.727272,0.11,0.04282,20.738,0.376
Shah Alloys Limited,SHAHALLOYS.NS,102.666664,0.66,,,-0.955
Shaily Engineering Plastics Limited,SHAILY.NS,73.59912,31.73,0.25863,29.807,0.337
Shakti Pumps (India) Limited,SHAKTIPUMP.NS,22.120071,33.23,0.31280002,37.999,0.041
Shalby Limited,SHALBY.NS,526.9737,0.38,-0.00022,53.318,0.067
Shalimar Paints Limited,SHALPAINTS.NS,,-13.58,-0.20408002,66.655,-0.076
Shankara Building Products Limited,SHANKARA.NS,3.6512718,29.88,0.11495,14.499,-0.789
Shanti Overseas (India) Limited,SHANTI.NS,,-2.51,-0.15116,38.071,0.293
Shanthi Gears Limited,SHANTIGEAR.NS,38.767517,12.13,0.2299,,-0.149
Shanti Gold International Limited,SHANTIGOLD.NS,12.796874,14.72,,34.024,0.616
Sharda Cropchem Limited,SHARDACROP.NS,17.131441,50.06,0.18185,0.148,0.196
Sharda Motor Industries Limited,SHARDAMOTR.NS,16.16529,58.14,0.32656,4.414,0.107
Share India Securities Limited,SHAREINDIA.NS,13.991849,12.27,0.1161,22.746,-0.289
Shekhawati Industries Limited,SHEKHAWATI.NS,11.188571,1.75,0.40132,1.825,-0.832
Shemaroo Entertainment Limited,SHEMAROO.NS,,-48.52,-0.2994,78.655,-0.115
Shilchar Technologies Limited,SHILCTECH.NS,25.389765,155.35,0.52479,,0.312
Shilpa Medicare Limited,SHILPAMED.NS,58.197464,5.52,0.057690002,24.328,0.076
Shivalik Rasayan Limited,SHIVALIK.NS,41.85039,8.89,0.03521,17.115,0.138
Shivam Autotech Limited,SHIVAMAUTO.NS,,-4.43,-3.17824,19197.627,-0.063
Shiva Mills Limited,SHIVAMILLS.NS,,-3.5,-0.0325,6.938,-0.367
Shiva Texyarn Limited,SHIVATEX.NS,14.4668255,12.51,0.12003,72.496,0.104
Shiv Aum Steels Limited,SHIVAUM.NS,41.682896,7.19,0.04346,63.231,-0.088
S H Kelkar and Company Limited,SHK.NS,16.03125,11.2,0.12405,66.836,0.026
Shoppers Stop Limited,SHOPERSTOP.NS,240.1506,1.66,0.06673,1155.819,0.127
Shradha Infraprojects Limited,SHRADHA.NS,11.77581,3.39,0.16503,92.509,0.53
Shree Digvijay Cement Co.Ltd,SHREDIGCEM.NS,35.47638,2.54,0.104899995,39.119,0.111
SHREE CEMENT LIMITED,SHREECEM.NS,55.522865,475.84,0.07935,9.525,0.174
Shreeji Shipping Global Limited,SHREEJISPG.NS,40.203487,8.6,,30.028,0.113
Shree Pushkar Chemicals & Fertilisers Limited,SHREEPUSHK.NS,17.194132,22.15,0.13209,26.764,0.452
Shree Rama Multi-Tech Limited,SHREERAMA.NS,15.220048,4.09,0.40311,13.028,0.175
Shrenik Limited,SHRENIK.NS,,-0.04,,,0.757
Shreyans Industries Limited,SHREYANIND.NS,5.102526,34.04,0.11228,13.049,0.074
Shringar House of Mangalsutra Limited,SHRINGARMS.NS,27.43378,8.23,,30.311,0.271
Shriram Pistons & Rings Limited,SHRIPISTON.NS,26.019892,122.66,0.22016001,19.519,0.16
Shriram Finance Limited,SHRIRAMFIN.NS,18.363932,52.29,0.17323999,279.083,0.113
Shriram Properties Limited,SHRIRAMPPS.NS,16.013283,5.27,0.06695,50.86,0.461
Shyam Century Ferrous Limited,SHYAMCENT.NS,,-0.35,-0.04531,0.669,-0.772
Shyam Metalics and Energy Limited,SHYAMMETL.NS,23.538551,34.76,0.08509,9.426,0.226
Shyam Telecom Limited,SHYAMTEL.NS,,-4.75,,,
Sical Logistics Limited,SICALLOG.NS,490.0,0.19,,468.87,1.323
Siemens Limited,SIEMENS.NS,65.41983,47.4,,1.098,-0.2
Sigachi Industries Limited,SIGACHI.NS,,-1.35,-0.10738,32.202,-0.096
Signet Industries Limited,SIGIND.NS,10.21576,5.33,0.07017,173.841,0.19
Sigma Solve Limited,SIGMA.NS,30.62963,1.89,0.45837003,5.498,0.5
Signatureglobal (India) Limited,SIGNATURE.NS,207.77371,5.48,0.113929994,356.187,-0.548
Signpost India Limited,SIGNPOST.NS,30.990057,7.04,0.15923001,82.071,0.033
Sikko Industries Limited,SIKKO.NS,45.583332,0.12,0.09133001,14.246,0.254
Standard Industries Limited,SIL.NS,,-2.76,-0.13607,1.847,0.41
Silgo Retail Limited,SILGO.NS,30.01498,2.67,0.062470004,,0.815
SIL Investments Limited,SILINV.NS,14.20033,36.39,0.01298,,0.158
Silly Monks Entertainment Limited,SILLYMONKS.NS,,-0.07,-0.01007,2.097,-0.044
Silver Touch Technologies Limited,SILVERTUC.NS,43.031784,20.45,0.19631,33.247,0.135
Simbhaoli Sugars Limited,SIMBHALS.NS,4.1858406,2.26,,,-0.268
Simplex Infrastructures Limited,SIMPLEXINF.NS,36.819447,7.2,0.080740005,196.588,-0.075
Sinclairs Hotels Limited,SINCLAIR.NS,46.689266,1.77,0.07966,30.207,0.111
Sindhu Trade Links Limited,SINDHUTRAD.NS,,-0.25,-0.01622,20.418,-0.664
Sintercom India Limited,SINTERCOM.NS,283.41666,0.36,0.00985,46.836,0.123
Sirca Paints India Limited,SIRCA.NS,46.486614,10.46,0.15093,10.211,0.243
SIS LIMITED,SIS.NS,91.23656,3.72,0.02046,67.098,0.152
Siti Networks Limited,SITINET.NS,,-2.41,,,-0.122
Siyaram Silk Mills Limited,SIYSIL.NS,14.084094,46.02,0.16375,30.58,0.161
S.J.S. Enterprises Limited,SJS.NS,40.570633,43.11,0.20193,4.444,0.254
SJVN Limited,SJVN.NS,51.13103,1.45,0.03809,202.556,0.006
SKF India Limited,SKFINDIA.NS,16.395649,108.48,0.21259001,0.122,0.052
SKF India (Industrial) Limited,SKFINDUS.NS,,,,,
Skipper Limited,SKIPPER.NS,28.341152,14.92,0.14839,62.585,0.137
SKM Egg Products Export (India) Limited,SKMEGGPROD.NS,20.743761,20.84,0.17358999,50.68,0.584
SKY GOLD AND DIAMONDS LIMITED,SKYGOLD.NS,,-544.09,0.26775,78.497,0.931
Smartlink Holdings Limited,SMARTLINK.NS,12.682951,10.44,0.053340003,1.501,0.239
Smartworks Coworking Spaces Limited,SMARTWORKS.NS,,-3.02,,860.311,0.212
SMC Global Securities Limited,SMCGLOBAL.NS,18.85225,4.67,0.08094,162.127,-0.026
SML Mahindra Limited,SMLMAH.NS,37.050537,97.95,0.36546,57.155,0.01
Sarthak Metals Limited,SMLT.NS,32.050907,2.75,0.03097,2.352,-0.206
SMS Pharmaceuticals Limited,SMSPHARMA.NS,31.604748,9.69,0.1305,44.465,0.232
Snowman Logistics Limited,SNOWMAN.NS,223.83333,0.18,0.00721,80.305,0.085
Sobha Limited,SOBHA.NS,105.38461,14.04,0.03664,23.042,0.508
Softtech Engineers Limited,SOFTTECH.NS,332.57898,0.95,0.012209999,26.731,0.168
Solara Active Pharma Sciences Limited,SOLARA.NS,478.67523,1.17,0.00546,51.38,-0.096
Solar Industries India Limited,SOLARINDS.NS,85.144104,146.07,0.30285,16.425,0.214
Solarworld Energy Solutions Limited,SOLARWORLD.NS,30.911215,8.56,,27.204,-0.029
Solex Energy Limited,SOLEX.NS,21.66639,60.49,0.37625,155.692,0.135
Somany Ceramics Limited,SOMANYCERA.NS,30.139194,13.65,0.055970002,37.969,0.028
Soma Textiles & Industries Limited,SOMATEX.NS,145.93259,0.89,0.01819,0.187,-0.799
Somi Conveyor Beltings Limited,SOMICONVEY.NS,33.36702,3.76,0.058179997,19.262,-0.421
Sona BLW Precision Forgings Limited,SONACOMS.NS,48.844986,9.87,0.10786,3.604,0.234
SONAM LIMITED,SONAMLTD.NS,26.196201,1.58,0.09709,30.114,0.28
Sonata Software Limited,SONATSOFTW.NS,23.045254,15.91,0.27018,41.695,-0.023
Savita Oil Technologies Limited,SOTL.NS,19.28924,20.26,0.08293,,0.186
The South Indian Bank Limited,SOUTHBANK.NS,7.2524085,5.19,0.13551,,0.067
South West Pinnacle Exploration Limited,SOUTHWEST.NS,23.12178,8.54,0.16344,51.856,1.282
S. P. Apparels Limited,SPAL.NS,15.900092,43.94,0.13124,45.394,0.092
Spandana Sphoorty Financial Limited,SPANDANA.NS,,-198.23,-0.51758,147.688,
Sun Pharma Advanced Research Company Limited,SPARC.NS,,-8.23,,,-0.389
Spacenet Enterprises India Limited,SPCENET.NS,28.250002,0.24,0.09591,0.597,0.075
Speciality Restaurants Limited,SPECIALITY.NS,25.093542,4.49,0.06343,42.426,0.116
Spectrum Electrical Industries Limited,SPECTRUM.NS,63.95558,18.91,0.15076,76.093,0.35
Spencer's Retail Limited,SPENCERS.NS,,-26.79,,,-0.141
Southern Petrochemicals Industries Corporation  Limited,SPIC.NS,8.924342,9.12,0.15179,34.524,0.076
SPL Industries Limited,SPLIL.NS,25.182482,1.37,0.01904,,-0.621
Supreme Petrochem Limited,SPLPETRO.NS,39.10061,16.4,0.14277,6.558,-0.258
SPML Infra Limited,SPMLINFRA.NS,31.571688,5.51,0.071339995,43.718,-0.004
Sportking India Limited,SPORTKING.NS,10.189556,8.81,0.11181,48.486,-0.037
Shankar Lal Rampal Dye-Chem Limited,SRD.NS,,-6.13,,16.288,0.238
Sreeleathers Limited,SREEL.NS,21.853268,9.95,0.049879998,0.495,0.196
SRF Limited,SRF.NS,56.878784,54.53,0.12807,34.719,0.063
SRG Housing Finance Limited,SRGHFL.NS,16.349384,17.86,0.112040006,249.831,0.322
Sree Rayalaseema Hi-Strength Hypo Limited,SRHHYPOLTD.NS,9.715983,53.87,0.09421,1.283,0.071
SRM Contractors Limited,SRM.NS,17.042942,31.67,0.27193,19.915,1.165
Shree Ram Proteins Limited,SRPL.NS,,-0.45,-0.59383,196.65,
Saraswati Saree Depot Limited,SSDL.NS,9.774033,8.01,0.17027001,3.465,0.265
Steel Strips Wheels Limited,SSWL.NS,15.665017,12.12,0.117910005,52.775,0.096
Stallion India Fluorochemicals Limited,STALLION.NS,44.472946,4.99,0.19826001,0.366,0.556
Stanley Lifestyles Limited,STANLEY.NS,35.31588,5.73,0.07235,69.949,0.023
Strides Pharma Science Limited,STAR.NS,21.152775,43.07,0.16453,65.787,0.016
Star Cement Limited,STARCEMENT.NS,30.144194,7.49,0.104770005,21.388,0.264
Star Health and Allied Insurance Company Limited,STARHEALTH.NS,49.38753,8.98,0.07294,6.183,-0.412
Star Paper Mills Limited,STARPAPER.NS,6.594573,24.69,0.05627,0.64,-0.059
Starteck Finance Limited,STARTECK.NS,17.617575,16.16,0.06692,108.108,1.029
The State Trading Corporation of India Limited,STCINDIA.NS,60.425926,2.16,,,
Steelcast Limited,STEELCAS.NS,23.298523,8.81,0.27554,,1.183
Steel City Securities Limited,STEELCITY.NS,8.274911,11.24,0.11524,8.717,-0.193
STEEL EXCHANGE INDIA LIMITED,STEELXIND.NS,34.321426,0.28,0.046350002,50.244,-0.111
Stel Holdings Limited,STEL.NS,55.644638,9.23,0.0086199995,,0.191
Sterling Tools Limited,STERTOOLS.NS,20.71161,13.35,0.09632,31.577,-0.268
STL Networks Limited,STLNETWORK.NS,,,,95.632,-0.353
Sterlite Technologies Limited,STLTECH.NS,686.73334,0.15,0.0028,93.525,-0.268
Stove Kraft Limited,STOVEKRAFT.NS,42.039333,13.73,0.09545,52.576,0.134
Studds Accessories Limited,STUDDS.NS,29.99435,17.7,,1.813,0.075
Seshaasai Technologies Limited,STYL.NS,21.18808,12.92,,26.355,-0.108
Stylam Industries Limited,STYLAMIND.NS,29.81564,74.31,0.18911,,0.113
Baazar Style Retail Limited,STYLEBAAZA.NS,25.970505,10.51,0.18542999,190.823,0.71
Styrenix Performance Materials Limited,STYRENIX.NS,17.354488,114.08,0.19559999,44.082,0.223
Subex Limited,SUBEXLTD.NS,,-0.1,-0.01602,9.203,-0.071
Subros Limited,SUBROS.NS,34.803246,24.65,0.14789,6.954,0.062
Sudarshan Chemical Industries Limited,SUDARSCHEM.NS,139.0842,6.77,0.029260002,64.493,2.43
Sudeep Pharma Limited,SUDEEPPHRM.NS,50.774876,12.26,,19.321,0.093
Sukhjit Starch & Chemicals Limited,SUKHJITS.NS,23.276943,7.33,0.04236,74.457,-0.151
Sula Vineyards Limited,SULA.NS,39.154907,5.81,0.08846,70.713,-0.012
Sumeet Industries Limited,SUMEETINDS.NS,0.6105604,49.43,7.21817,48.264,0.113
Sumitomo Chemical India Limited,SUMICHEM.NS,42.46783,10.88,0.18354,1.82,-0.059
Sumit Woods Limited,SUMIT.NS,30.78509,2.28,0.0673,32.611,-0.72
Summit Securities Limited,SUMMITSEC.NS,21.20228,92.99,0.0090499995,,0.122
Sundaram Clayton Limited,SUNCLAY.NS,,-6.07,,186.6,-0.118
Sundaram Multi Pap Limited,SUNDARAM.NS,,-0.07,-0.03951,30.884,0.085
Sundaram Finance Limited,SUNDARMFIN.NS,28.789555,178.86,0.14267999,377.039,0.146
Sundaram Brake Linings Limited,SUNDRMBRAK.NS,,-3.64,-0.01501,40.966,-0.063
Sundram Fasteners Limited,SUNDRMFAST.NS,35.33738,26.38,0.14374,18.193,0.024
Sundrop Brands Limited,SUNDROP.NS,,-41.22,-0.11101,0.931,0.86
Sunflag Iron And Steel Company Limited,SUNFLAG.NS,23.679499,11.17,0.026029998,6.787,0.124
Sun Pharmaceutical Industries Limited,SUNPHARMA.NS,39.438076,43.6,0.14216,6.675,0.089
Sunteck Realty Limited,SUNTECK.NS,33.74687,11.97,0.053979997,15.744,0.493
Sun TV Network Limited,SUNTV.NS,13.929875,41.07,0.13670999,1.183,0.391
Superhouse Limited,SUPERHOUSE.NS,28.104248,5.18,0.012,39.038,0.044
Super Spinning Mills Limited,SUPERSPIN.NS,,-0.32,-0.028110001,37.26,-0.001
Suprajit Engineering Limited,SUPRAJIT.NS,40.96038,11.61,0.12116,67.961,0.129
Supreme Holdings & Hospitality (India) Limited,SUPREME.NS,99.68,0.75,0.00524,1.06,-0.996
Supreme Engineering Limited,SUPREMEENG.NS,,-4.7,,,1.199
Supreme Industries Limited,SUPREMEIND.NS,49.042557,66.74,0.15379,5.629,0.053
Supreme Infrastructure India Limited,SUPREMEINF.NS,0.13403279,651.93,,421.539,0.325
Supriya Lifescience Limited,SUPRIYA.NS,32.542973,22.69,0.18351,0.484,0.203
Suraj Estate Developers Limited,SURAJEST.NS,14.352347,16.83,0.12118,57.442,0.333
Suraj Limited,SURAJLTD.NS,95.68093,2.57,0.034730002,32.135,-0.114
Suraksha Diagnostic Limited,SURAKSHA.NS,44.128666,6.14,0.14621,51.3,0.157
Surana Solar Limited,SURANASOL.NS,677.5,0.04,0.00291,0.246,-0.82
Surana Telecom and Power Limited,SURANAT&P.NS,12.69697,1.65,0.13567,3.738,2.11
Suryalakshmi Cotton Mills Limited,SURYALAXMI.NS,19.696245,2.93,0.020499999,96.321,-0.005
Surya Roshni Limited,SURYAROSNI.NS,17.732403,15.06,0.13726,4.928,0.207
Suryoday Small Finance Bank Limited,SURYODAY.NS,23.41109,6.13,0.033299997,,0.063
Sutlej Textiles and Industries Limited,SUTLEJTEX.NS,,-5.51,-0.10151,97.692,-0.064
Suven Life Sciences Limited,SUVEN.NS,,-9.6,-0.89414,,-0.643
Suvidhaa Infoserve Limited,SUVIDHAA.NS,,-0.71,-0.36733,3.774,-0.708
Suyog Telematics Limited,SUYOG.NS,23.93515,24.98,0.09454001,62.308,0.161
Suzlon Energy Limited,SUZLON.NS,23.030304,2.31,0.50545,5.051,0.847
Shree Vasu Logistics Limited,SVLL.NS,184.69658,3.79,0.12564999,570.803,0.618
SVP GLOBAL TEXTILES LIMITED,SVPGLOB.NS,,-71.95,,,
SWAN CORP LIMITED,SWANCORP.NS,33.255154,14.07,0.06622,28.231,0.103
Swaraj Engines Limited,SWARAJENG.NS,24.714727,145.65,0.48243,0.574,0.086
Swelect Energy Systems Limited,SWELECTES.NS,27.227703,23.32,0.03945,72.499,-0.297
Swiggy Limited,SWIGGY.NS,,-17.96,-0.49398,25.426,0.544
Sterling and Wilson Renewable Energy Limited,SWSOLAR.NS,,-15.88,-0.51939,266.51,0.697
Symphony Limited,SYMPHONY.NS,44.356335,19.42,0.17647,0.639,-0.483
Syncom Formulations (India) Limited,SYNCOMF.NS,22.215385,0.65,0.18222,0.184,0.19
Syngene International Limited,SYNGENE.NS,56.33821,11.62,0.10256,12.283,0.022
Syrma SGS Technology Limited,SYRMA.NS,65.69012,11.23,0.10467,11.483,0.376
Systematix Corporate Services Limited,SYSTMTXC.NS,43.98555,3.46,0.1879,6.278,0.534
Tainwala Chemical and Plastic (I) Limited,TAINWALCHM.NS,25.382278,7.9,0.04611,,0.088
Taj GVK Hotels & Resorts Limited,TAJGVK.NS,20.904669,20.56,0.20389,11.957,-0.002
Take Solutions Limited,TAKE.NS,254.06667,0.15,0.37965,,
Talbros Automotive Components Limited,TALBROAUTO.NS,17.844717,15.52,0.14993,12.625,-0.01
Tanla Platforms Limited,TANLA.NS,15.1261215,35.68,0.21937999,2.572,0.078
Tara Chand InfraLogistic Solutions Limited,TARACHAND.NS,22.93586,3.43,,96.243,0.169
Tarapur Transformers Limited,TARAPUR.NS,29.575758,0.99,,3604.419,
TARC Limited,TARC.NS,,-3.23,-0.08396,181.338,0.593
Transformers And Rectifiers (India) Limited,TARIL.NS,34.562874,8.35,0.20504999,26.723,-0.003
Tarmat Limited,TARMAT.NS,47.71559,1.09,0.017719999,6.468,0.456
Tarsons Products Limited,TARSONS.NS,59.479378,3.88,0.03316,63.182,0.031
Tasty Bite Eatables Limited,TASTYBITE.NS,64.76832,121.07,0.10207,20.737,-0.151
Tata Capital Limited,TATACAP.NS,33.990963,9.96,0.13136,567.967,0.011
Tata Chemicals Limited,TATACHEM.NS,95.85427,7.96,0.016449999,32.125,-0.031
Tata Communications Limited,TATACOMM.NS,35.332935,50.31,0.61891997,467.533,0.058
TATA CONSUMER PRODUCTS LIMITED,TATACONSUM.NS,85.19565,13.8,0.064840004,11.869,0.178
Tata Elxsi Limited,TATAELXSI.NS,49.63341,107.75,0.25846002,6.257,-0.039
Tata Investment Corporation Limited,TATAINVEST.NS,112.807014,6.27,0.01026,,0.082
Tata Power Company Limited,TATAPOWER.NS,29.932964,12.68,0.11721,156.16,-0.01
Tata Steel Limited,TATASTEEL.NS,31.088234,5.44,0.071729995,99.699,0.089
Tata Technologies Limited,TATATECH.NS,38.277775,17.1,0.20447001,6.918,0.021
Tatva Chintan Pharma Chem Limited,TATVA.NS,172.67107,7.6,0.02377,11.004,0.479
TBO Tek Limited,TBOTEK.NS,76.1828,22.32,0.19449,51.855,0.259
Tribhovandas Bhimji Zaveri Limited,TBZ.NS,11.683797,14.01,0.14214,118.113,0.213
Transport Corporation of India Limited,TCI.NS,18.969,56.45,0.19636999,10.416,0.075
TCI Express Limited,TCIEXP.NS,27.20347,21.33,0.10544,1.735,-0.01
TCI Finance Limited,TCIFINANCE.NS,,-1.12,,,-0.91
TCPL Packaging Limited,TCPLPACK.NS,21.998566,139.45,0.20468001,103.305,-0.005
Tata Consultancy Services Limited,TCS.NS,23.987127,136.74,0.47355998,10.173,0.024
TD Power Systems Limited,TDPOWERSYS.NS,53.268364,13.34,0.24018,3.717,0.477
Team India Guaranty Limited,TEAMGTY.NS,102.56229,2.81,0.05307,,0.598
Teamlease Services Limited,TEAMLEASE.NS,22.29131,69.96,0.13012,13.1,0.084
Tech Mahindra Limited,TECHM.NS,31.876236,50.58,0.16267,6.992,0.051
Techno Electric & Engineering Company Limited,TECHNOE.NS,28.23407,38.45,0.12051,1.573,0.911
TECIL Chemicals and Hydro Power Limited,TECILCHEM.NS,,-0.19,,,
Tega Industries Limited,TEGA.NS,54.716663,35.47,0.17339,20.696,0.147
Tejas Networks Limited,TEJASNET.NS,,-23.23,-0.11564,129.357,-0.907
Tembo Global Industries Limited,TEMBO.NS,16.816458,42.17,0.43355,98.882,0.498
Tenneco Clean Air India Limited,TENNIND.NS,36.549896,14.13,,2.447,0.096
Tera Software Limited,TERASOFT.NS,30.64759,13.28,0.13261,21.66,1.819
Texmaco Infrastructure & Holdings Limited,TEXINFRA.NS,,-0.08,-0.00034000003,2.014,0.094
Texmo Pipes and Products Limited,TEXMOPIPES.NS,7.4806805,6.47,0.082779996,28.688,-0.015
Texmaco Rail & Engineering Limited,TEXRAIL.NS,26.734734,5.24,0.07436,31.207,-0.065
Tourism Finance Corporation of India Limited,TFCILTD.NS,26.286884,2.44,0.093030006,82.375,0.12
Transwarranty Finance Limited,TFL.NS,,-1.38,-0.20444,101.481,-0.478
TGB Banquets And Hotels Limited,TGBHOTELS.NS,14.582089,0.67,0.02633,24.265,-0.0
Thangamayil Jewellery Limited,THANGAMAYL.NS,52.26947,61.38,0.21837,96.321,0.447
The Investment Trust Of India Limited,THEINVEST.NS,28.85646,4.18,0.03757,66.682,-0.381
Thejo Engineering Limited,THEJO.NS,38.027447,48.82,0.16969,11.289,0.147
Leela Palaces Hotels & Resorts Limited,THELEELA.NS,56.454548,7.7,,27.671,0.121
Themis Medicare Limited,THEMISMED.NS,,-2.93,-0.06813,25.148,-0.333
Thermax Limited,THERMAX.NS,57.042225,52.81,0.121829994,35.784,-0.053
Thomas Cook  (India)  Limited,THOMASCOOK.NS,26.356089,5.42,0.115509994,21.708,0.035
Thomas Scott (India) Limited,THOMASCOTT.NS,24.9403,13.4,0.17629999,21.124,0.4
Thyrocare Technologies Limited,THYROCARE.NS,57.425182,8.02,0.24735,4.621,0.221
Tilaknagar Industries Limited,TI.NS,33.40844,13.98,0.19912,2.445,0.062
Twamev Construction and Infrastructure Limited,TICL.NS,6.168865,3.79,,111.574,0.521
Tiger Logistics (India) Limited,TIGERLOGS.NS,13.868913,2.67,0.20456,32.359,0.053
Technocraft Industries (India) Limited,TIIL.NS,19.561897,113.9,0.14816,43.315,0.196
Tube Investments of India Limited,TIINDIA.NS,80.14792,32.45,0.11186,27.724,0.125
Tijaria Polypipes Limited,TIJARIA.NS,,-1.99,,,1.236
TIL Limited,TIL.NS,,-1.18,,379.131,0.157
Time Technoplast Limited,TIMETECHNO.NS,19.872707,9.27,0.14594,21.955,0.103
Timken India Limited,TIMKEN.NS,49.453823,60.42,0.16996999,0.55,0.027
Tinna Rubber and Infrastructure Limited,TINNARUBR.NS,31.484344,25.23,0.20377001,38.443,0.016
Tips Films Limited,TIPSFILMS.NS,,-103.28,-0.76641,453.425,137.719
Tips Music Limited,TIPSMUSIC.NS,38.824398,13.61,0.76181,1.065,0.107
Thirumalai Chemicals Limited,TIRUMALCHM.NS,,-14.3,-0.10898,136.102,-0.152
Tirupati Forge Limited,TIRUPATIFL.NS,73.695656,0.46,0.06142,21.318,0.229
TITAGARH RAIL SYSTEMS LIMITED,TITAGARH.NS,61.78596,14.53,0.07995,25.09,-0.244
Titan Company Limited,TITAN.NS,85.81255,46.52,0.36639,223.018,0.288
Tamilnad Mercantile Bank Limited,TMB.NS,6.583648,76.69,0.1359,,0.035
Tata Motors Limited,TMCV.NS,6.5562325,62.33,,,
Tata Motors Passenger Vehicles Limited,TMPV.NS,11.522158,31.14,0.0995,56.134,-0.287
Tamilnadu PetroProducts Limited,TNPETRO.NS,8.670275,12.01,0.11704001,33.127,0.017
Tamil Nadu Newsprint & Papers Limited,TNPL.NS,,-2.9,-0.0095999995,90.413,0.214
Tamilnadu Telecommunication Limited,TNTELE.NS,,-3.65,,,
Tokyo Plast International Limited,TOKYOPLAST.NS,82.90298,1.34,0.02052,58.69,0.142
Tolins Tyres Limited,TOLINS.NS,12.880929,10.33,0.11399999,4.609,-0.14
Torrent Pharmaceuticals Limited,TORNTPHARM.NS,60.32243,63.27,0.26832,33.4,0.143
Torrent Power Limited,TORNTPOWER.NS,21.722118,59.81,0.18314,53.715,0.098
Total Transport Systems Limited,TOTAL.NS,10.656945,7.2,0.17184,43.322,-0.13
Touchwood Entertainment Limited,TOUCHWOOD.NS,18.671404,5.63,0.15889,9.449,0.427
Teamo Productions HQ Limited,TPHQ.NS,77.0,0.01,0.01192,,-0.649
TPL Plastech Limited,TPLPLASTEH.NS,19.877245,3.34,0.18235001,14.357,0.201
Tracxn Technologies Limited,TRACXN.NS,,-1.0,-0.17141001,,-0.007
Transrail Lighting Limited,TRANSRAILL.NS,18.98889,31.5,0.24808,39.105,0.41
TRANSWORLD SHIPPING LINES LIMITED,TRANSWORLD.NS,,-2.87,-0.0081,38.162,-0.214
Travel Food Services Limited,TRAVELFOOD.NS,39.819725,29.4,,23.659,-0.289
Tree House Education & Accessories Limited,TREEHOUSE.NS,,-3.79,-0.08071,,-0.493
TREJHARA SOLUTIONS LIMITED,TREJHARA.NS,93.568634,2.55,0.02191,4.025,4.349
Transindia Real Estate Limited,TREL.NS,11.786885,2.44,0.04883,,0.006
Trent Limited,TRENT.NS,94.24455,45.47,0.2938,37.79,0.159
TRF Limited,TRF.NS,28.49138,10.44,0.14801,143.707,-0.317
Trident Limited,TRIDENT.NS,31.255812,0.86,0.09979,34.742,0.043
Trigyn Technologies Limited,TRIGYN.NS,54.8595,1.21,0.0050700004,0.885,0.164
Triveni Turbine Limited,TRITURBINE.NS,50.491196,10.79,0.2864,2.946,0.01
Triveni Engineering & Industries Limited,TRIVENI.NS,33.5373,11.93,0.08538,24.554,0.144
TruCap Finance Limited,TRU.NS,,-8.85,-0.6233,301.695,
TruAlt Bioenergy Limited,TRUALT.NS,23.549707,17.1,,110.289,-0.704
TSF INVESTMENTS LIMITED,TSFINV.NS,22.101038,21.18,0.08189999,4.579,7.374
TTK Healthcare Limited,TTKHLTCARE.NS,22.124441,46.93,0.0624,2.472,0.026
TTK Prestige Limited,TTKPRESTIG.NS,78.61007,7.95,0.05519,9.993,0.112
T T Limited,TTL.NS,,-3.14,-0.02437,58.218,-0.159
Tata Teleservices (Maharashtra) Limited,TTML.NS,,-6.48,,,-0.167
TVS Electronics Limited,TVSELECT.NS,,-1.74,-0.03462,68.722,0.219
TVS Holdings Limited,TVSHLTD.NS,19.921677,707.32,0.30378,315.772,0.25
TVS Motor Company Limited,TVSMOTOR.NS,66.09859,54.98,0.31233,346.085,0.238
TVS Supply Chain Solutions Limited,TVSSCS.NS,84.80315,1.27,0.03092,112.34,0.06
TVS Srichakra Limited,TVSSRICHAK.NS,114.33426,35.9,0.02461,68.917,0.101
TV Today Network Limited,TVTODAY.NS,30.10191,4.71,0.03199,1.895,-0.093
TV Vision Limited,TVVISION.NS,,-7.65,,,-0.529
United Breweries Limited,UBL.NS,116.49211,13.94,0.08547,17.864,-0.03
UCAL LIMITED,UCAL.NS,,-11.18,-0.069180004,87.154,-0.008
UCO Bank,UCOBANK.NS,13.898058,2.06,0.08405,,0.01
Updater Services Limited,UDS.NS,11.508225,17.02,0.11913,4.984,0.073
United Foodbrands Limited,UFBL.NS,,-13.91,-0.15022,242.354,-0.003
UFLEX Limited,UFLEX.NS,8.964114,54.06,0.05258,120.69,-0.01
UFO Moviez India Limited,UFO.NS,11.418133,7.39,0.09613,29.853,0.15
The Ugar Sugar Works Limited,UGARSUGAR.NS,48.885056,0.87,0.05849,256.285,0.736
Ugro Capital Limited,UGROCAP.NS,11.857636,14.47,0.07035,331.546,0.276
Ujjivan Small Finance Bank Limited,UJJIVANSFB.NS,24.780373,2.14,0.06832,,-0.057
UltraTech Cement Limited,ULTRACEMCO.NS,47.5143,248.22,0.10519,33.192,0.254
Uma Exports Limited,UMAEXPORTS.NS,,-1.17,-0.02026,95.923,0.078
Usha Martin Education & Solutions Limited,UMESLTD.NS,34.2,0.15,0.027379999,2.889,0.203
UMIYA BUILDCON LIMITED,UMIYA-MRO.NS,4.0537434,21.77,0.41774,100.012,0.592
Unichem Laboratories Limited,UNICHEMLAB.NS,35.595524,12.51,0.03659,20.616,0.253
United Drilling Tools Limited,UNIDT.NS,26.802404,7.49,0.05763,11.201,0.138
Unicommerce Esolutions Limited,UNIECOM.NS,68.44643,1.68,0.15158,5.913,0.753
Uniphos Enterprises Limited,UNIENTER.NS,52.38828,2.73,0.0069999998,,-0.199
Uniinfo Telecom Services Limited,UNIINFO.NS,,-0.19,0.0049,15.548,0.343
Unimech Aerospace and Manufacturing Limited,UNIMECH.NS,58.809826,15.67,,16.073,0.009
Union Bank of India,UNIONBANK.NS,6.1997523,24.23,0.15831,,-0.018
Uniparts India Limited,UNIPARTS.NS,18.80841,25.68,0.12875,13.13,0.147
United Spirits Limited,UNITDSPR.NS,61.996525,23.04,0.20406,4.898,0.116
Unitech Limited,UNITECH.NS,,-7.84,,,0.889
United Polyfab Gujarat Limited,UNITEDPOLY.NS,,-2.44,0.21374,89.939,0.167
The United Nilgiri Tea Estates Company Limited,UNITEDTEA.NS,10.77374,42.65,0.095419995,,-0.154
Univastu India Limited,UNIVASTU.NS,23.532421,2.93,0.23806,43.706,0.14
Universal Cables Limited,UNIVCABLES.NS,20.914589,42.15,0.07914,54.171,0.276
Universus Photo Imagings Limited,UNIVPHOTO.NS,,-139.78,-0.15931,,-0.128
UNO Minda Limited,UNOMINDA.NS,66.915794,19.0,0.19128,43.136,0.134
UPL Limited,UPL.NS,29.817026,25.96,0.06831,79.613,0.084
Uravi Defence and Technology Limited,URAVIDEF.NS,109.245,2.0,0.04685,45.279,0.086
Urban Company Limited,URBANCO.NS,104.390236,1.23,,6.017,0.371
Urja Global Limited,URJA.NS,366.6667,0.03,0.01095,23.646,-0.205
Usha Martin Limited,USHAMART.NS,31.997833,13.84,0.15207,8.912,0.018
Udayshivakumar Infra Limited,USK.NS,,-1.98,-0.06968,39.287,-0.245
UTI Asset Management Company Limited,UTIAMC.NS,24.598732,45.73,0.13337,3.024,-0.223
Utkarsh Small Finance Bank Limited,UTKARSHBNK.NS,,-5.81,-0.27289,,
Fujiyama Power Systems Limited,UTLSOLAR.NS,146.41496,1.47,,138.421,0.574
Uttam Sugar Mills Limited,UTTAMSUGAR.NS,8.684834,29.54,0.14299,34.457,0.451
U. Y. Fincorp Limited,UYFINCORP.NS,15.769231,0.91,0.05144,1.149,-0.394
V2 Retail Limited,V2RETAIL.NS,83.12674,28.72,0.29463,339.244,0.865
Vadilal Industries Limited,VADILALIND.NS,26.694847,186.89,0.18611,25.978,0.159
Vaibhav Global Limited,VAIBHAVGBL.NS,21.633518,10.86,0.13363,15.726,0.102
Vaishali Pharma Limited,VAISHALI.NS,147.16667,0.06,-0.00569,23.153,0.609
Vakrangee Limited,VAKRANGEE.NS,87.33333,0.09,0.04699,1.919,0.059
Valiant Laboratories Limited,VALIANTLAB.NS,333.04544,0.22,0.01847,16.944,1.151
Valiant Organics Limited,VALIANTORG.NS,32.862274,8.35,0.032309998,31.902,-0.018
Vardhman Acrylics Limited,VARDHACRLC.NS,29.96063,1.27,0.043920003,,0.266
Vardhman Polytex Limited,VARDMNPOLY.NS,6.6458335,0.96,,,-0.042
Varroc Engineering Limited,VARROC.NS,66.38554,9.13,0.08834,53.145,0.061
Vascon Engineers Limited,VASCONEQ.NS,7.1912227,6.38,0.13448,24.443,0.129
Vaswani Industries Limited,VASWANI.NS,18.141142,3.33,0.0759,174.83,-0.168
Varun Beverages Limited,VBL.NS,55.246,8.74,,11.554,0.019
Vaxtex Cotfab Limited,VCL.NS,34.5,0.06,-0.03985,63.082,
Vedanta Limited,VEDL.NS,19.696821,30.51,0.35051998,190.255,0.055
Veedol Corporation Limited,VEEDOL.NS,15.103223,110.44,0.203,2.144,0.069
Venky's (India) Limited,VENKEYS.NS,90.98955,16.27,0.01588,13.056,0.034
Ventive Hospitality Limited,VENTIVE.NS,73.067955,9.86,,42.178,0.897
Venus Pipes & Tubes Limited,VENUSPIPES.NS,25.622784,45.12,0.16956,42.716,0.273
Venus Remedies Limited,VENUSREM.NS,14.984788,52.59,0.12917,2.42,0.151
Veranda Learning Solutions Limited,VERANDA.NS,,-15.72,-0.16093001,42.052,-0.086
Vertoz Limited,VERTOZ.NS,16.581657,4.47,0.13396,8.016,0.135
Vesuvius India Limited,VESUVIUS.NS,40.14571,12.01,,,0.258
Veto Switchgears And Cables Limited,VETO.NS,10.430644,11.03,0.07655,5.817,0.195
VARVEE GLOBAL LIMITED,VGL.NS,16.440582,8.92,0.31074,27.428,0.798
V-Guard Industries Limited,VGUARD.NS,49.5764,6.61,0.14097999,6.884,0.036
Vardhman Holdings Limited,VHL.NS,4.697188,765.16,0.06745,,-0.591
Viceroy Hotels Limited,VHLTD.NS,54.41636,2.69,0.08441,20.112,-0.047
Vidhi Specialty Food Ingredients Limited,VIDHIING.NS,35.98643,9.58,0.16007,19.505,-0.178
Vidya Wires Limited,VIDYAWIRES.NS,26.588541,1.92,,99.197,0.017
Vijaya Diagnostic Centre Limited,VIJAYA.NS,70.26477,14.73,0.19088,42.224,0.102
Viji Finance Limited,VIJIFIN.NS,Infinity,0.0,0.0023100001,55.097,-0.036
Vikas EcoTech Limited,VIKASECO.NS,35.6,0.05,0.01664,9.468,-0.275
Vikas Lifecare Limited,VIKASLIFE.NS,,-0.08,,14.385,0.003
Vikram Solar Limited,VIKRAMSOLR.NS,24.005848,10.26,,8.898,0.937
Vikran Engineering Limited,VIKRAN.NS,30.16467,3.34,,27.396,0.107
Vimta Labs Limited,VIMTALABS.NS,36.810238,16.6,0.19667,1.632,0.202
Vinati Organics Limited,VINATIORGA.NS,37.766155,42.08,0.15816,,-0.006
Vintage Coffee And Beverages Limited,VINCOFE.NS,34.857788,4.43,0.15111,16.989,0.895
Vindhya Telelinks Limited,VINDHYATEL.NS,6.270487,225.15,0.06363,32.942,0.008
Vineet Laboratories Limited,VINEETLAB.NS,,-15.22,-0.74232,300.832,-0.09
Vinny Overseas Limited,VINNY.NS,9.769231,0.13,0.060960002,16.674,-0.211
Vinyl Chemicals (India) Limited,VINYLINDIA.NS,22.556286,10.66,0.16653,0.405,0.01
VIP Clothing Limited,VIPCLOTHNG.NS,32.020405,0.98,0.04912,40.011,0.115
VIP Industries Limited,VIPIND.NS,,-13.79,-0.35251,167.839,-0.253
Vipul Limited,VIPULLTD.NS,,-1.85,-0.061979998,19.491,-0.494
Virinchi Limited,VIRINCHI.NS,,-1.34,-0.029860001,64.151,-0.168
Visaka Industries Limited,VISAKAIND.NS,13.222426,5.44,0.06159,53.394,0.054
Visa Steel Limited,VISASTEEL.NS,,-45.02,,,-0.496
Vishnu Chemicals Limited,VISHNU.NS,26.376848,20.99,0.1573,41.813,0.167
Vishwaraj Sugar Industries Limited,VISHWARAJ.NS,,-1.36,-0.10869,123.11,-0.407
Visagar Polytex Limited,VIVIDHA.NS,,-0.06,-1.5676199,2622.617,
Vivimed Labs Limited,VIVIMEDLAB.NS,,-2.93,,,-0.16
VL E-Governance & IT Solutions Limited,VLEGOV.NS,,-236.53,,,-0.593
VLS Finance Limited,VLSFINANCE.NS,,-5.62,,0.001,-0.866
V-Mart Retail Limited,VMART.NS,51.295143,14.4,0.14791,94.737,0.221
Vishal Mega Mart Limited,VMM.NS,86.7898,1.57,0.115059994,27.12,0.224
VMS TMT Limited,VMSTMT.NS,17.138264,3.11,0.25761,128.794,
Voltamp Transformers Limited,VOLTAMP.NS,23.932978,324.97,0.21463,0.082,0.213
Voltas Limited,VOLTAS.NS,83.19879,16.6,0.08477,27.449,-0.104
Vishnu Prakash R Punglia Limited,VPRPL.NS,23.87805,2.46,0.039690003,90.698,-0.117
Vraj Iron and Steel Limited,VRAJ.NS,12.5576725,9.97,0.08489,6.498,0.519
VRL Logistics Limited,VRLLOG.NS,19.812733,13.35,0.22352,101.073,0.002
Vardhman Special Steels Limited,VSSL.NS,25.338755,11.07,0.09741,6.413,-0.126
VST Industries Limited,VSTIND.NS,14.264623,17.95,0.25370002,,-0.066
Vibhor Steel Tubes Limited,VSTL.NS,20.250381,6.55,0.06664,100.907,0.193
V.S.T Tillers Tractors Limited,VSTTILLERS.NS,53.919598,109.45,0.093439996,0.173,0.112
Vardhman Textiles Limited,VTL.NS,15.08609,29.62,0.08565,14.465,-0.009
Waaree Energies Limited,WAAREEENER.NS,32.42895,93.95,0.33703,25.128,0.697
Indosolar Limited,WAAREEINDO.NS,10.1237335,51.32,2.2037601,1.522,6.194
Waaree Renewable Technologies Limited,WAAREERTL.NS,28.80477,33.55,0.71734,12.31,0.477
VA Tech Wabag Limited,WABAG.NS,25.33491,50.76,0.14894,10.322,0.192
Wakefit Innovations Limited,WAKEFIT.NS,,-1.07,-0.06579,49.699,
Walchandnagar Industries Limited,WALCHANNAG.NS,,-15.72,-0.27368,55.731,-0.237
Wanbury Limited,WANBURY.NS,15.694722,14.97,0.68705004,182.866,-0.007
Western Carriers (India) Limited,WCIL.NS,27.67048,4.37,0.05584,22.782,0.019
Wealth First Portfolio Managers Limited,WEALTH.NS,31.531157,30.01,0.21679,,-0.118
Websol Energy System Limited,WEBELSOLAR.NS,20.027485,4.73,0.70137,40.716,0.172
Weizmann Limited,WEIZMANIND.NS,,-1.9,-0.0535,11.861,0.141
Wonder Electricals Limited,WEL.NS,113.08888,1.35,0.18945,91.622,-0.265
Welspun Corp Limited,WELCORP.NS,9.83305,82.06,0.29615998,18.258,0.325
Welspun Enterprises Limited,WELENT.NS,18.986486,26.64,0.14705,67.637,-0.006
Welspun Investments and Commercials Limited,WELINV.NS,147.40416,9.13,0.0046900003,,0.005
Welspun Living Limited,WELSPUNLIV.NS,35.733154,3.71,0.07546,54.975,-0.15
Wendt (India) Limited,WENDT.NS,57.74949,137.88,0.1154,0.117,0.017
WESTLIFE FOODWORLD LIMITED,WESTLIFE.NS,224.60742,2.42,0.061539996,266.799,0.036
WE WIN LIMITED,WEWIN.NS,14.298078,3.12,0.11007,30.051,0.018
WeWork India Management Limited,WEWORK.NS,56.31579,10.64,,2378.742,0.252
Wheels India Limited,WHEELS.NS,16.924665,50.84,0.13633001,75.506,0.074
Whirlpool of India Limited,WHIRLPOOL.NS,32.90369,27.62,0.088599995,6.334,-0.038
Williamson Magor & Company Limited,WILLAMAGOR.NS,,-0.27,,,-0.029
Windlas Biotech Limited,WINDLAS.NS,25.097637,31.75,0.13393,5.843,0.189
Windsor Machines Limited,WINDMACHIN.NS,41.842506,6.54,0.06522,5.437,1.311
Winsome Yarns Limited,WINSOME.NS,,-2.46,,,0.878
The Western India Plywoods Limited,WIPL.NS,57.653847,2.6,0.049629997,44.281,-0.038
Wipro Limited,WIPRO.NS,20.739874,12.84,0.16108999,18.738,0.018
Wockhardt Limited,WOCKPHARMA.NS,,-1.29,-0.011879999,50.369,-0.033
Wonderla Holidays Limited,WONDERLA.NS,39.597027,12.78,0.05619,0.304,0.19
Worth Peripherals Limited,WORTHPERI.NS,13.081105,10.85,0.104540005,9.589,0.103
W S Industries (I) Limited,WSI.NS,,-4.17,-0.1102,43.646,-0.613
West Coast Paper Mills Limited,WSTCSTPAPR.NS,15.275027,27.27,0.04578,11.26,-0.002
Xchanging Solutions Limited,XCHANGING.NS,15.446327,5.31,0.16961001,24.199,0.188
Xelpmoc Design And Tech Limited,XELPMOC.NS,,-4.59,,0.36,-0.537
Xpro India Limited,XPROINDIA.NS,164.79132,5.99,0.02138,46.18,-0.105
Xtglobal Infotech Limited,XTGLOBAL.NS,49.57747,0.71,0.06497,25.53,0.901
Yasho Industries Limited,YASHO.NS,135.40465,10.75,0.03507,138.322,0.118
Yatharth Hospital & Trauma Care Services Limited,YATHARTH.NS,42.333332,16.2,0.114980005,1.525,0.283
Yatra Online Limited,YATRA.NS,50.42373,3.54,0.0706,6.87,0.484
Yes Bank Limited,YESBANK.NS,23.911112,0.9,0.05928,,0.064
Yuken India Limited,YUKEN.NS,52.111652,16.48,0.065409996,33.231,-0.027
Zaggle Prepaid Ocean Services Limited,ZAGGLE.NS,41.264706,8.5,0.11467,1.351,0.429
Zee Entertainment Enterprises Limited,ZEEL.NS,15.303691,5.96,0.05012,2.465,-0.016
Zee Learn Limited,ZEELEARN.NS,15.18,0.5,0.04744,219.814,0.276
Zee Media Corporation Limited,ZEEMEDIA.NS,,-1.34,-0.39273,54.648,0.367
Zenith Exports Limited,ZENITHEXPO.NS,19.50183,10.94,0.0727,3.617,0.212
Zenith Steel Pipes & Industries Limited,ZENITHSTL.NS,23.16129,0.31,,,-0.533
Zensar Technologies Limited,ZENSARTECH.NS,23.674305,30.55,0.17543,2.741,0.087
Zen Technologies Limited,ZENTEC.NS,49.902,27.55,0.15868,0.976,-0.282
ZF Commercial Vehicle Control Systems India Limited,ZFCVINDIA.NS,64.36386,229.43,0.15148,1.806,0.003
Zim Laboratories Limited,ZIMLAB.NS,50.43382,1.36,0.026659999,48.918,-0.037
Zodiac Energy Limited,ZODIAC.NS,80.46917,3.73,0.2243,178.121,0.834
Zodiac Clothing Company Limited,ZODIACLOTH.NS,,-13.27,-0.16939,61.685,-0.194
Zota Health Care LImited,ZOTA.NS,,-21.48,-0.25682,56.9,0.917
Zuari Agro Chemicals Limited,ZUARI.NS,1.3218688,232.89,,28.492,0.136
ZUARI INDUSTRIES LIMITED,ZUARIIND.NS,7.7643394,40.1,0.024149999,50.399,0.016
Zydus Lifesciences Limited,ZYDUSLIFE.NS,18.633484,48.92,0.19254999,34.305,0.169
Zydus Wellness Limited,ZYDUSWELL.NS,53.249687,7.97,0.045250002,53.314,0.32
Equity,A.BO,,,,,
