Company,Ticker,Strengths,Risks
20 Microns Limited,20MICRONS.NS,"['Low valuation', 'Average profitability']","['Stock appears undervalued', 'High debt risk', 'Declining revenues']"
21st Century Management Services Limited,21STCENMGM.NS,[],"['PE data missing', 'Weak profitability', 'Debt data missing', 'Revenue growth data missing']"
360 ONE WAM LIMITED,360ONE.NS,"['Average profitability', 'Strong revenue growth']","['Stock may be overvalued', 'High debt risk']"
3i Infotech Limited,3IINFOLTD.NS,"['Low valuation', 'High profitability']","['Stock appears undervalued', 'High debt risk', 'Declining revenues']"
3M India Limited,3MINDIA.NS,"['High profitability', 'Slow revenue growth']","['Stock may be overvalued', 'High debt risk']"
3P Land Holdings Limited,3PLAND.NS,[],"['PE data missing', 'ROE data missing', 'Debt data missing', 'Revenue growth data missing']"
5Paisa Capital Limited,5PAISA.NS,['Fair valuation'],"['Weak profitability', 'High debt risk', 'Declining revenues']"
63 moons technologies limited,63MOONS.NS,['Low debt'],"['PE data missing', 'Weak profitability', 'Declining revenues']"
A2Z Infra Engineering Limited,A2ZINFRA.NS,['Strong revenue growth'],"['Stock may be overvalued', 'Weak profitability', 'High debt risk']"
AAA Technologies Limited,AAATECH.NS,"['Average profitability', 'Strong revenue growth']","['Stock may be overvalued', 'Debt data missing']"
Aadhar Housing Finance Limited,AADHARHFC.NS,"['Fair valuation', 'Average profitability', 'Strong revenue growth']",['High debt risk']
Aakash Exploration Services Limited,AAKASH.NS,['Slow revenue growth'],"['PE data missing', 'Weak profitability', 'High debt risk']"
Aarey Drugs & Pharmaceuticals Limited,AAREYDRUGS.NS,[],"['Stock may be overvalued', 'Weak profitability', 'High debt risk', 'Declining revenues']"
Aaron Industries Limited,AARON.NS,"['Average profitability', 'Strong revenue growth']","['Stock may be overvalued', 'High debt risk']"
Aartech Solonics Limited,AARTECH.NS,['Strong revenue growth'],"['Stock may be overvalued', 'Weak profitability', 'High debt risk']"
Aarti Drugs Limited,AARTIDRUGS.NS,"['Fair valuation', 'Average profitability', 'Slow revenue growth']",['High debt risk']
Aarti Industries Limited,AARTIIND.NS,['Strong revenue growth'],"['Stock may be overvalued', 'Weak profitability', 'High debt risk']"
Aarti Pharmalabs Limited,AARTIPHARM.NS,"['Fair valuation', 'Average profitability']","['High debt risk', 'Declining revenues']"
Aarti Surfactants Limited,AARTISURF.NS,"['Fair valuation', 'Strong revenue growth']","['Weak profitability', 'High debt risk']"
Aarvi Encon Limited,AARVI.NS,"['Low valuation', 'Average profitability', 'Strong revenue growth']","['Stock appears undervalued', 'High debt risk']"
Aavas Financiers Limited,AAVAS.NS,"['Fair valuation', 'Average profitability', 'Strong revenue growth']",['High debt risk']
Aban Offshore Limited,ABAN.NS,[],"['PE data missing', 'ROE data missing', 'Debt data missing', 'Declining revenues']"
ABB India Limited,ABB.NS,['Slow revenue growth'],"['Stock may be overvalued', 'ROE data missing', 'High debt risk']"
Abbott India Limited,ABBOTINDIA.NS,"['High profitability', 'Slow revenue growth']","['Stock may be overvalued', 'High debt risk']"
Aditya Birla Capital Limited,ABCAPITAL.NS,"['Fair valuation', 'Average profitability']","['High debt risk', 'Declining revenues']"
A B Cotspin India Limited,ABCOTS.NS,['Average profitability'],"['Stock may be overvalued', 'High debt risk', 'Declining revenues']"
Allied Blenders and Distillers Limited,ABDL.NS,"['Average profitability', 'Slow revenue growth']","['Stock may be overvalued', 'High debt risk']"
Aditya Birla Fashion and Retail Limited,ABFRL.NS,[],"['PE data missing', 'Weak profitability', 'High debt risk', 'Declining revenues']"
A B Infrabuild Limited,ABINFRA.NS,['Average profitability'],"['Stock may be overvalued', 'High debt risk', 'Declining revenues']"
Aditya Birla Lifestyle Brands Limited,ABLBL.NS,['Slow revenue growth'],"['PE data missing', 'ROE data missing', 'High debt risk']"
ABM International Limited,ABMINTLLTD.NS,[],"['PE data missing', 'Weak profitability', 'High debt risk', 'Declining revenues']"
Aditya Birla Real Estate Limited,ABREL.NS,[],"['PE data missing', 'Weak profitability', 'High debt risk', 'Declining revenues']"
Aditya Birla Sun Life AMC Limited,ABSLAMC.NS,"['Fair valuation', 'High profitability']","['High debt risk', 'Declining revenues']"
ACC Limited,ACC.NS,"['Low valuation', 'Average profitability', 'Strong revenue growth']","['Stock appears undervalued', 'High debt risk']"
Accelya Solutions India Limited,ACCELYA.NS,"['Fair valuation', 'Slow revenue growth']","['ROE data missing', 'High debt risk']"
Accuracy Shipping Limited,ACCURACY.NS,[],"['Stock may be overvalued', 'Weak profitability', 'High debt risk', 'Declining revenues']"
Action Construction Equipment Limited,ACE.NS,"['Fair valuation', 'High profitability']","['High debt risk', 'Declining revenues']"
Ace Integrated Solutions Limited,ACEINTEG.NS,[],"['PE data missing', 'Weak profitability', 'Moderate debt level', 'Declining revenues']"
Archean Chemical Industries Limited,ACI.NS,[],"['Stock may be overvalued', 'Weak profitability', 'High debt risk', 'Declining revenues']"
Andhra Cements Limited,ACL.NS,['Strong revenue growth'],"['PE data missing', 'Weak profitability', 'High debt risk']"
Acme Solar Holdings Limited,ACMESOLAR.NS,"['Fair valuation', 'Average profitability', 'Strong revenue growth']",['High debt risk']
Acutaas Chemicals Limited,ACUTAAS.NS,"['Average profitability', 'Strong revenue growth']","['Stock may be overvalued', 'Moderate debt level']"
Adani Energy Solutions Limited,ADANIENSOL.NS,"['Average profitability', 'Slow revenue growth']","['Stock may be overvalued', 'High debt risk']"
Adani Enterprises Limited,ADANIENT.NS,['Average profitability'],"['Stock may be overvalued', 'High debt risk', 'Declining revenues']"
Adani Green Energy Limited,ADANIGREEN.NS,[],"['Stock may be overvalued', 'Weak profitability', 'High debt risk', 'Declining revenues']"
Adani Ports and Special Economic Zone Limited,ADANIPORTS.NS,"['Fair valuation', 'Average profitability', 'Strong revenue growth']",['High debt risk']
Adani Power Limited,ADANIPOWER.NS,"['Fair valuation', 'Average profitability', 'Slow revenue growth']",['High debt risk']
ADF Foods Limited,ADFFOODS.NS,"['Fair valuation', 'Average profitability', 'Slow revenue growth']",['High debt risk']
Archidply Decor Limited,ADL.NS,[],"['Stock may be overvalued', 'Weak profitability', 'High debt risk', 'Declining revenues']"
Ador Welding Limited,ADOR.NS,"['Average profitability', 'Low debt', 'Slow revenue growth']",['Stock may be overvalued']
Adroit Infotech Limited,ADROITINFO.NS,['Strong revenue growth'],"['Stock may be overvalued', 'Weak profitability', 'High debt risk']"
Allied Digital Services Limited,ADSL.NS,"['Fair valuation', 'Strong revenue growth']","['Weak profitability', 'High debt risk']"
Advance Agrolife Limited,ADVANCE.NS,['Strong revenue growth'],"['Stock may be overvalued', 'ROE data missing', 'High debt risk']"
Advani Hotels & Resorts (India) Limited,ADVANIHOTR.NS,"['Fair valuation', 'High profitability']","['Moderate debt level', 'Declining revenues']"
Advent Hotels International Limited,ADVENTHTL.NS,['Slow revenue growth'],"['Stock may be overvalued', 'Weak profitability', 'High debt risk']"
Advanced Enzyme Technologies Limited,ADVENZYMES.NS,"['Fair valuation', 'Average profitability', 'Strong revenue growth']",['High debt risk']
Aegis Logistics Limited,AEGISLOG.NS,"['Average profitability', 'Strong revenue growth']","['Stock may be overvalued', 'High debt risk']"
Aegis Vopak Terminals Limited,AEGISVOPAK.NS,['Strong revenue growth'],"['Stock may be overvalued', 'ROE data missing', 'High debt risk']"
Aequs Limited,AEQUS.NS,['Strong revenue growth'],"['PE data missing', 'ROE data missing', 'High debt risk']"
Aeroflex Enterprises Limited,AEROENTER.NS,"['Low valuation', 'Strong revenue growth']","['Stock appears undervalued', 'Weak profitability', 'High debt risk']"
Aeroflex Industries Limited,AEROFLEX.NS,"['Average profitability', 'Strong revenue growth']","['Stock may be overvalued', 'High debt risk']"
Aeroflex Neu Limited,AERONEU.NS,['Slow revenue growth'],"['Stock may be overvalued', 'Weak profitability', 'High debt risk']"
Aether Industries Limited,AETHER.NS,['Strong revenue growth'],"['Stock may be overvalued', 'Weak profitability', 'High debt risk']"
Afcons Infrastructure Limited,AFCONS.NS,"['Fair valuation', 'Average profitability', 'Slow revenue growth']",['High debt risk']
Affle 3i Limited,AFFLE.NS,"['Average profitability', 'Strong revenue growth']","['Stock may be overvalued', 'High debt risk']"
Affordable Robotic & Automation Limited,AFFORDABLE.NS,['Slow revenue growth'],"['Stock may be overvalued', 'Weak profitability', 'High debt risk']"
Akme Fintrade (India) Limited,AFIL.NS,['Strong revenue growth'],"['PE data missing', 'Weak profitability', 'High debt risk']"
Abans Financial Services Limited,AFSL.NS,"['Low valuation', 'Average profitability', 'Strong revenue growth']","['Stock appears undervalued', 'High debt risk']"
Agarwal Industrial Corporation Limited,AGARIND.NS,"['Low valuation', 'Average profitability']","['Stock appears undervalued', 'High debt risk', 'Declining revenues']"
Dr. Agarwal's Health Care Limited,AGARWALEYE.NS,['Strong revenue growth'],"['Stock may be overvalued', 'Weak profitability', 'High debt risk']"
AGI Greenpac Limited,AGI.NS,"['Low valuation', 'Average profitability', 'Slow revenue growth']","['Stock appears undervalued', 'High debt risk']"
Agi Infra Limited,AGIIL.NS,"['High profitability', 'Slow revenue growth']","['Stock may be overvalued', 'High debt risk']"
Agri-Tech (India) Limited,AGRITECH.NS,[],"['PE data missing', 'ROE data missing', 'Debt data missing', 'Revenue growth data missing']"
Agro Phos India Limited,AGROPHOS.NS,"['Fair valuation', 'Average profitability', 'Strong revenue growth']",['High debt risk']
AGS Transact Technologies Limited,AGSTRA.NS,[],"['PE data missing', 'ROE data missing', 'High debt risk', 'Declining revenues']"
Anlon Healthcare Limited,AHCL.NS,"['Fair valuation', 'Strong revenue growth']","['ROE data missing', 'High debt risk']"
Ahlada Engineers Limited,AHLADA.NS,['Fair valuation'],"['Weak profitability', 'High debt risk', 'Declining revenues']"
Asian Hotels (East) Limited,AHLEAST.NS,['Slow revenue growth'],"['Stock may be overvalued', 'Weak profitability', 'High debt risk']"
Ahluwalia Contracts (India) Limited,AHLUCONT.NS,"['Fair valuation', 'Average profitability', 'Strong revenue growth']",['High debt risk']
AIA Engineering Limited,AIAENG.NS,"['Average profitability', 'Slow revenue growth']","['Stock may be overvalued', 'High debt risk']"
Authum Investment & Infrastructure Limited,AIIL.NS,"['Low valuation', 'High profitability']","['Stock appears undervalued', 'High debt risk', 'Declining revenues']"
Airan Limited,AIRAN.NS,['Slow revenue growth'],"['Stock may be overvalued', 'Weak profitability', 'Moderate debt level']"
Airo Lam limited,AIROLAM.NS,"['Average profitability', 'Strong revenue growth']","['Stock may be overvalued', 'High debt risk']"
Ajanta Pharma Limited,AJANTPHARM.NS,"['High profitability', 'Slow revenue growth']","['Stock may be overvalued', 'High debt risk']"
Ajax Engineering Limited,AJAXENGG.NS,"['Fair valuation', 'High profitability', 'Low debt', 'Strong revenue growth']",[]
Ajmera Realty & Infra India Limited,AJMERA.NS,"['Fair valuation', 'Average profitability', 'Slow revenue growth']",['High debt risk']
Ajooni Biotech Limited,AJOONI.NS,"['Fair valuation', 'Strong revenue growth']","['Weak profitability', 'High debt risk']"
Akash Infra-Projects Limited,AKASH.NS,"['Fair valuation', 'Strong revenue growth']","['Weak profitability', 'High debt risk']"
Akg Exim Limited,AKG.NS,[],"['Stock may be overvalued', 'Weak profitability', 'High debt risk', 'Declining revenues']"
AKI India Limited,AKI.NS,['Strong revenue growth'],"['Stock may be overvalued', 'Weak profitability', 'High debt risk']"
Akshar Spintex Limited,AKSHAR.NS,[],"['PE data missing', 'Weak profitability', 'High debt risk', 'Declining revenues']"
AksharChem India Limited,AKSHARCHEM.NS,['Slow revenue growth'],"['Stock may be overvalued', 'Weak profitability', 'High debt risk']"
Aksh Optifibre Limited,AKSHOPTFBR.NS,['Strong revenue growth'],"['PE data missing', 'Weak profitability', 'Debt data missing']"
Akums Drugs and Pharmaceuticals Limited,AKUMS.NS,"['Fair valuation', 'Average profitability']","['High debt risk', 'Declining revenues']"
Akzo Nobel India Limited,AKZOINDIA.NS,"['Low valuation', 'High profitability']","['Stock appears undervalued', 'High debt risk', 'Declining revenues']"
Alankit Limited,ALANKIT.NS,"['Fair valuation', 'Strong revenue growth']","['Weak profitability', 'High debt risk']"
Albert David Limited,ALBERTDAVD.NS,[],"['PE data missing', 'Weak profitability', 'High debt risk', 'Declining revenues']"
Alembic Limited,ALEMBICLTD.NS,"['Low valuation', 'Average profitability', 'Low debt', 'Slow revenue growth']",['Stock appears undervalued']
Alicon Castalloy Limited,ALICON.NS,[],"['Stock may be overvalued', 'Weak profitability', 'High debt risk', 'Declining revenues']"
Alivus Life Sciences Limited,ALIVUS.NS,"['Fair valuation', 'Average profitability', 'Strong revenue growth']",['High debt risk']
Alkali Metals Limited,ALKALI.NS,['Slow revenue growth'],"['PE data missing', 'Weak profitability', 'Debt data missing']"
Alkem Laboratories Limited,ALKEM.NS,"['Fair valuation', 'Average profitability', 'Strong revenue growth']",['High debt risk']
Alkyl Amines Chemicals Limited,ALKYLAMINE.NS,"['Low debt', 'Slow revenue growth']","['Stock may be overvalued', 'ROE data missing']"
Allcargo Logistics Limited,ALLCARGO.NS,['Strong revenue growth'],"['Stock may be overvalued', 'Weak profitability', 'Debt data missing']"
Alldigi Tech Limited,ALLDIGI.NS,"['Fair valuation', 'High profitability', 'Slow revenue growth']",['High debt risk']
All Time Plastics Limited,ALLTIME.NS,['Slow revenue growth'],"['Stock may be overvalued', 'ROE data missing', 'High debt risk']"
Almondz Global Securities Limited,ALMONDZ.NS,['Fair valuation'],"['Weak profitability', 'High debt risk', 'Declining revenues']"
Alok Industries Limited,ALOKINDS.NS,['Slow revenue growth'],"['PE data missing', 'ROE data missing', 'Debt data missing']"
Alpa Laboratories Limited,ALPA.NS,"['Low valuation', 'Average profitability', 'Slow revenue growth']","['Stock appears undervalued', 'Debt data missing']"
Alphageo (India) Limited,ALPHAGEO.NS,[],"['PE data missing', 'Weak profitability', 'Debt data missing', 'Declining revenues']"
Alps Industries Limited,ALPSINDUS.NS,[],"['PE data missing', 'ROE data missing', 'Debt data missing', 'Declining revenues']"
Amanta Healthcare Limited,AMANTA.NS,['Slow revenue growth'],"['Stock may be overvalued', 'ROE data missing', 'High debt risk']"
Amber Enterprises India Limited,AMBER.NS,[],"['Stock may be overvalued', 'Weak profitability', 'High debt risk', 'Declining revenues']"
Ambica Agarbathies & Aroma industries Limited,AMBICAAGAR.NS,['Slow revenue growth'],"['Stock may be overvalued', 'Weak profitability', 'High debt risk']"
Ambika Cotton Mills Limited,AMBIKCO.NS,['Low valuation'],"['Stock appears undervalued', 'Weak profitability', 'Debt data missing', 'Declining revenues']"
Ambuja Cements Limited,AMBUJACEM.NS,"['Fair valuation', 'Average profitability', 'Strong revenue growth']",['High debt risk']
AMD Industries Limited,AMDIND.NS,['Slow revenue growth'],"['PE data missing', 'Weak profitability', 'High debt risk']"
Amj Land Holdings Limited,AMJLAND.NS,"['Low valuation', 'Slow revenue growth']","['Stock appears undervalued', 'Weak profitability', 'Debt data missing']"
Amines & Plasticizers Limited,AMNPLST.NS,"['Fair valuation', 'Average profitability']","['High debt risk', 'Declining revenues']"
Amrutanjan Health Care Limited,AMRUTANJAN.NS,"['Average profitability', 'Slow revenue growth']","['Stock may be overvalued', 'Moderate debt level']"
Anand Rathi Wealth Limited,ANANDRATHI.NS,"['High profitability', 'Strong revenue growth']","['Stock may be overvalued', 'High debt risk']"
Anant Raj Limited,ANANTRAJ.NS,"['Average profitability', 'Strong revenue growth']","['Stock may be overvalued', 'High debt risk']"
ANDHRA PAPER LIMITED,ANDHRAPAP.NS,[],"['Stock may be overvalued', 'Weak profitability', 'High debt risk', 'Declining revenues']"
The Andhra Sugars Limited,ANDHRSUGAR.NS,"['Fair valuation', 'Low debt', 'Slow revenue growth']",['Weak profitability']
Angel One Limited,ANGELONE.NS,"['Fair valuation', 'Average profitability']","['High debt risk', 'Declining revenues']"
Anik Industries Limited,ANIKINDS.NS,['Strong revenue growth'],"['Stock may be overvalued', 'Weak profitability', 'High debt risk']"
Ankit Metal & Power Limited,ANKITMETAL.NS,[],"['PE data missing', 'ROE data missing', 'Debt data missing', 'Declining revenues']"
Anmol India Limited,ANMOL.NS,"['Low valuation', 'Strong revenue growth']","['Stock appears undervalued', 'Weak profitability', 'High debt risk']"
Ansal Properties & Infrastructure Limited,ANSALAPI.NS,['Strong revenue growth'],"['PE data missing', 'ROE data missing', 'Debt data missing']"
Antelopus Selan Energy Limited,ANTELOPUS.NS,['Low valuation'],"['Stock appears undervalued', 'ROE data missing', 'Debt data missing', 'Revenue growth data missing']"
Antarctica Limited,ANTGRAPHIC.NS,['Strong revenue growth'],"['PE data missing', 'Weak profitability', 'High debt risk']"
Anthem Biosciences Limited,ANTHEM.NS,"['High profitability', 'Slow revenue growth']","['Stock may be overvalued', 'High debt risk']"
Anuh Pharma Limited,ANUHPHR.NS,"['Fair valuation', 'Average profitability', 'Low debt', 'Slow revenue growth']",[]
The Anup Engineering Limited,ANUP.NS,"['High profitability', 'Strong revenue growth']","['Stock may be overvalued', 'High debt risk']"
Anupam Rasayan India Limited,ANURAS.NS,['Strong revenue growth'],"['Stock may be overvalued', 'Weak profitability', 'High debt risk']"
Apar Industries Limited,APARINDS.NS,"['High profitability', 'Strong revenue growth']","['Stock may be overvalued', 'High debt risk']"
Anjani Portland Cement Limited,APCL.NS,['Strong revenue growth'],"['PE data missing', 'Weak profitability', 'High debt risk']"
Apcotex Industries Limited,APCOTEXIND.NS,"['Fair valuation', 'Average profitability']","['High debt risk', 'Declining revenues']"
Apex Frozen Foods Limited,APEX.NS,['Strong revenue growth'],"['Stock may be overvalued', 'Weak profitability', 'High debt risk']"
APL Apollo Tubes Limited,APLAPOLLO.NS,"['High profitability', 'Slow revenue growth']","['Stock may be overvalued', 'High debt risk']"
Alembic Pharmaceuticals Limited,APLLTD.NS,"['Fair valuation', 'Average profitability', 'Strong revenue growth']",['High debt risk']
Apollo Micro Systems Limited,APOLLO.NS,['Strong revenue growth'],"['Stock may be overvalued', 'Weak profitability', 'High debt risk']"
Apollo Hospitals Enterprise Limited,APOLLOHOSP.NS,"['Average profitability', 'Slow revenue growth']","['Stock may be overvalued', 'High debt risk']"
Apollo Pipes Limited,APOLLOPIPE.NS,[],"['Stock may be overvalued', 'Weak profitability', 'High debt risk', 'Declining revenues']"
Apollo Tyres Limited,APOLLOTYRE.NS,['Slow revenue growth'],"['Stock may be overvalued', 'Weak profitability', 'High debt risk']"
Apollo Sindoori Hotels Limited,APOLSINHOT.NS,"['Fair valuation', 'Slow revenue growth']","['Weak profitability', 'High debt risk']"
Aptech Limited,APTECHT.NS,"['Fair valuation', 'Slow revenue growth']","['Weak profitability', 'High debt risk']"
Aptus Value Housing Finance India Limited,APTUS.NS,"['Fair valuation', 'Average profitability', 'Strong revenue growth']",['High debt risk']
Archidply Industries Limited,ARCHIDPLY.NS,['Strong revenue growth'],"['Stock may be overvalued', 'Weak profitability', 'High debt risk']"
Archies Limited,ARCHIES.NS,[],"['PE data missing', 'Weak profitability', 'High debt risk', 'Declining revenues']"
Amara Raja Energy & Mobility Limited,ARE&M.NS,"['Fair valuation', 'Average profitability', 'Slow revenue growth']",['High debt risk']
Rajdarshan Industries Limited,ARENTERP.NS,[],"['PE data missing', 'Weak profitability', 'Debt data missing', 'Declining revenues']"
Arfin India Limited,ARFIN.NS,[],"['Stock may be overvalued', 'Weak profitability', 'High debt risk', 'Declining revenues']"
Aries Agro Limited,ARIES.NS,"['Low valuation', 'Average profitability', 'Slow revenue growth']","['Stock appears undervalued', 'High debt risk']"
Arihant Capital Markets Limited,ARIHANTCAP.NS,"['Fair valuation', 'Average profitability']","['High debt risk', 'Declining revenues']"
Arihant Superstructures Limited,ARIHANTSUP.NS,"['Fair valuation', 'Average profitability', 'Slow revenue growth']",['High debt risk']
Arisinfra Solutions Limited,ARISINFRA.NS,['Strong revenue growth'],"['Stock may be overvalued', 'ROE data missing', 'High debt risk']"
Arkade Developers Limited,ARKADE.NS,"['Fair valuation', 'Average profitability', 'Strong revenue growth']",['High debt risk']
Arman Financial Services Limited,ARMANFIN.NS,['Strong revenue growth'],"['PE data missing', 'Weak profitability', 'High debt risk']"
Aro Granite Industries Limited,AROGRANITE.NS,[],"['PE data missing', 'Weak profitability', 'High debt risk', 'Declining revenues']"
Arrow Greentech Limited,ARROWGREEN.NS,"['Fair valuation', 'High profitability']","['High debt risk', 'Declining revenues']"
Arshiya Limited,ARSHIYA.NS,['Slow revenue growth'],"['PE data missing', 'ROE data missing', 'Debt data missing']"
Anand Rathi Share and Stock Brokers Limited,ARSSBL.NS,[],"['Stock may be overvalued', 'ROE data missing', 'High debt risk', 'Declining revenues']"
Artemis Medicare Services Limited,ARTEMISMED.NS,"['Average profitability', 'Slow revenue growth']","['Stock may be overvalued', 'High debt risk']"
Art Nirman Limited,ARTNIRMAN.NS,[],"['Stock may be overvalued', 'Weak profitability', 'High debt risk', 'Declining revenues']"
Arvee Laboratories (India) Limited,ARVEE.NS,[],"['Stock may be overvalued', 'Weak profitability', 'High debt risk', 'Declining revenues']"
Arvind Limited,ARVIND.NS,"['Fair valuation', 'Average profitability', 'Slow revenue growth']",['High debt risk']
Arvind Fashions Limited,ARVINDFASN.NS,['Slow revenue growth'],"['PE data missing', 'Weak profitability', 'High debt risk']"
Arvind SmartSpaces Limited,ARVSMART.NS,['Average profitability'],"['Stock may be overvalued', 'High debt risk', 'Declining revenues']"
Asahi India Glass Limited,ASAHIINDIA.NS,['Average profitability'],"['Stock may be overvalued', 'High debt risk', 'Declining revenues']"
Asahi Songwon Colors Limited,ASAHISONG.NS,['Fair valuation'],"['Weak profitability', 'High debt risk', 'Declining revenues']"
Automotive Stampings and Assemblies Limited,ASAL.NS,"['High profitability', 'Slow revenue growth']","['Stock may be overvalued', 'High debt risk']"
Associated Alcohols & Breweries Ltd.,ASALCBR.NS,"['Fair valuation', 'Average profitability']","['High debt risk', 'Declining revenues']"
Ashapura Minechem Limited,ASHAPURMIN.NS,"['Fair valuation', 'High profitability', 'Strong revenue growth']",['High debt risk']
Ashiana Housing Limited,ASHIANA.NS,['Strong revenue growth'],"['Stock may be overvalued', 'Weak profitability', 'High debt risk']"
Ashima Limited,ASHIMASYN.NS,[],"['PE data missing', 'Weak profitability', 'High debt risk', 'Declining revenues']"
Ashoka Buildcon Limited,ASHOKA.NS,"['Low valuation', 'High profitability']","['Stock appears undervalued', 'High debt risk', 'Declining revenues']"
Ashoka Metcast Limited,ASHOKAMET.NS,['Low valuation'],"['Stock appears undervalued', 'Weak profitability', 'High debt risk', 'Declining revenues']"
Ashok Leyland Limited,ASHOKLEY.NS,"['High profitability', 'Slow revenue growth']","['Stock may be overvalued', 'High debt risk']"
Asian Energy Services Limited,ASIANENE.NS,['Slow revenue growth'],"['Stock may be overvalued', 'Weak profitability', 'High debt risk']"
Asian Hotels (North) Limited,ASIANHOTNR.NS,"['Low valuation', 'High profitability']","['Stock appears undervalued', 'High debt risk', 'Declining revenues']"
Asian Paints Limited,ASIANPAINT.NS,"['High profitability', 'Slow revenue growth']","['Stock may be overvalued', 'High debt risk']"
Asian Granito India Limited,ASIANTILES.NS,"['Fair valuation', 'Slow revenue growth']","['Weak profitability', 'High debt risk']"
ASK Automotive Limited,ASKAUTOLTD.NS,"['High profitability', 'Slow revenue growth']","['Stock may be overvalued', 'High debt risk']"
Bartronics India Limited,ASMS.NS,['Strong revenue growth'],"['Stock may be overvalued', 'Weak profitability', 'Moderate debt level']"
Aspinwall and Company Limited,ASPINWALL.NS,"['Fair valuation', 'Slow revenue growth']","['Weak profitability', 'High debt risk']"
Astec LifeSciences Limited,ASTEC.NS,[],"['PE data missing', 'Weak profitability', 'High debt risk', 'Declining revenues']"
Aster DM Healthcare Limited,ASTERDM.NS,['Slow revenue growth'],"['Stock may be overvalued', 'Weak profitability', 'High debt risk']"
Astral Limited,ASTRAL.NS,"['Average profitability', 'Strong revenue growth']","['Stock may be overvalued', 'High debt risk']"
Astra Microwave Products Limited,ASTRAMICRO.NS,['Average profitability'],"['Stock may be overvalued', 'High debt risk', 'Declining revenues']"
AstraZeneca Pharma India Limited,ASTRAZEN.NS,"['High profitability', 'Strong revenue growth']","['Stock may be overvalued', 'High debt risk']"
Astron Paper & Board Mill Limited,ASTRON.NS,[],"['PE data missing', 'Weak profitability', 'High debt risk', 'Declining revenues']"
Atal Realtech Limited,ATALREAL.NS,[],"['Stock may be overvalued', 'Weak profitability', 'High debt risk', 'Declining revenues']"
Atam Valves Limited,ATAM.NS,"['Fair valuation', 'Average profitability']","['High debt risk', 'Declining revenues']"
Adani Total Gas Limited,ATGL.NS,"['Average profitability', 'Strong revenue growth']","['Stock may be overvalued', 'High debt risk']"
Ather Energy Limited,ATHERENERG.NS,['Strong revenue growth'],"['PE data missing', 'ROE data missing', 'High debt risk']"
Allcargo Terminals Limited,ATL.NS,"['Fair valuation', 'Average profitability', 'Slow revenue growth']",['High debt risk']
ATLANTAA LIMITED,ATLANTAA.NS,[],"['Stock may be overvalued', 'Weak profitability', 'High debt risk', 'Declining revenues']"
Atlanta Electricals Limited,ATLANTAELE.NS,['Strong revenue growth'],"['Stock may be overvalued', 'ROE data missing', 'High debt risk']"
Atlas Cycles (Haryana) Limited,ATLASCYCLE.NS,[],"['PE data missing', 'Weak profitability', 'High debt risk', 'Declining revenues']"
Atul Limited,ATUL.NS,['Slow revenue growth'],"['Stock may be overvalued', 'Weak profitability', 'High debt risk']"
Atul Auto Limited,ATULAUTO.NS,['Slow revenue growth'],"['Stock may be overvalued', 'Weak profitability', 'High debt risk']"
AU Small Finance Bank Limited,AUBANK.NS,"['Average profitability', 'Slow revenue growth']","['Stock may be overvalued', 'Debt data missing']"
Auri Grow India Limited,AURIGROW.NS,['Low valuation'],"['Stock appears undervalued', 'Weak profitability', 'High debt risk', 'Declining revenues']"
Aurionpro Solutions Limited,AURIONPRO.NS,"['Fair valuation', 'Average profitability', 'Strong revenue growth']",['High debt risk']
Aurobindo Pharma Limited,AUROPHARMA.NS,"['Fair valuation', 'Average profitability', 'Slow revenue growth']",['High debt risk']
Aurum PropTech Limited,AURUM.NS,['Strong revenue growth'],"['PE data missing', 'Weak profitability', 'High debt risk']"
Ausom Enterprise Limited,AUSOMENT.NS,"['Low valuation', 'Average profitability', 'Low debt', 'Strong revenue growth']",['Stock appears undervalued']
Automotive Axles Limited,AUTOAXLES.NS,"['Fair valuation', 'Average profitability']","['High debt risk', 'Declining revenues']"
Autoline Industries Limited,AUTOIND.NS,"['Fair valuation', 'Slow revenue growth']","['Weak profitability', 'High debt risk']"
Avadh Sugar & Energy Limited,AVADHSUGAR.NS,"['Low valuation', 'Slow revenue growth']","['Stock appears undervalued', 'Weak profitability', 'High debt risk']"
Avalon Technologies Limited,AVALON.NS,"['Average profitability', 'Strong revenue growth']","['Stock may be overvalued', 'High debt risk']"
Avantel Limited,AVANTEL.NS,['Average profitability'],"['Stock may be overvalued', 'High debt risk', 'Declining revenues']"
Avanti Feeds Limited,AVANTIFEED.NS,"['Fair valuation', 'High profitability', 'Low debt', 'Strong revenue growth']",[]
AVG Logistics Limited,AVG.NS,"['Low valuation', 'Slow revenue growth']","['Stock appears undervalued', 'Weak profitability', 'High debt risk']"
Aditya Vision Limited,AVL.NS,"['Average profitability', 'Strong revenue growth']","['Stock may be overvalued', 'High debt risk']"
Avonmore Capital & Management Services Limited,AVONMORE.NS,[],"['Stock may be overvalued', 'Weak profitability', 'High debt risk', 'Declining revenues']"
AVRO INDIA LIMITED,AVROIND.NS,['Strong revenue growth'],"['Stock may be overvalued', 'Weak profitability', 'High debt risk']"
AVT Natural Products Limited,AVTNPL.NS,"['Fair valuation', 'Average profitability', 'Strong revenue growth']",['High debt risk']
Awfis Space Solutions Limited,AWFIS.NS,"['Average profitability', 'Strong revenue growth']","['Stock may be overvalued', 'High debt risk']"
Antony Waste Handling Cell Limited,AWHCL.NS,"['Fair valuation', 'Average profitability', 'Strong revenue growth']",['High debt risk']
AWL Agri Business Limited,AWL.NS,"['Fair valuation', 'Average profitability', 'Strong revenue growth']",['High debt risk']
Axis Bank Limited,AXISBANK.NS,"['Low valuation', 'Average profitability']","['Stock appears undervalued', 'Debt data missing', 'Declining revenues']"
AXISCADES Technologies Limited,AXISCADES.NS,"['Average profitability', 'Slow revenue growth']","['Stock may be overvalued', 'High debt risk']"
Axita Cotton Limited,AXITA.NS,[],"['PE data missing', 'Weak profitability', 'High debt risk', 'Declining revenues']"
AYM Syntex Limited,AYMSYNTEX.NS,[],"['Stock may be overvalued', 'Weak profitability', 'High debt risk', 'Declining revenues']"
Azad Engineering Limited,AZAD.NS,"['Average profitability', 'Strong revenue growth']","['Stock may be overvalued', 'High debt risk']"
Bafna Pharmaceuticals Limited,BAFNAPH.NS,['Average profitability'],"['Stock may be overvalued', 'High debt risk', 'Declining revenues']"
B.A.G Films and Media Limited,BAGFILMS.NS,"['Fair valuation', 'Slow revenue growth']","['Weak profitability', 'High debt risk']"
Baid Finserv Limited,BAIDFIN.NS,"['Low valuation', 'Strong revenue growth']","['Stock appears undervalued', 'Weak profitability', 'High debt risk']"
Bajaj Auto Limited,BAJAJ-AUTO.NS,"['High profitability', 'Strong revenue growth']","['Stock may be overvalued', 'High debt risk']"
Bajaj Consumer Care Limited,BAJAJCON.NS,"['Fair valuation', 'High profitability', 'Slow revenue growth']",['High debt risk']
Bajaj Electricals Limited,BAJAJELEC.NS,[],"['Stock may be overvalued', 'Weak profitability', 'High debt risk', 'Declining revenues']"
Bajaj Finserv Limited,BAJAJFINSV.NS,"['Average profitability', 'Slow revenue growth']","['Stock may be overvalued', 'High debt risk']"
Bajaj Healthcare Limited,BAJAJHCARE.NS,"['Fair valuation', 'Average profitability', 'Slow revenue growth']",['High debt risk']
Bajaj Housing Finance Limited,BAJAJHFL.NS,"['Average profitability', 'Strong revenue growth']","['Stock may be overvalued', 'High debt risk']"
Bajaj Hindusthan Sugar Limited,BAJAJHIND.NS,[],"['PE data missing', 'Weak profitability', 'High debt risk', 'Declining revenues']"
Bajaj Holdings & Investment Limited,BAJAJHLDNG.NS,"['Low valuation', 'Average profitability', 'Low debt', 'Strong revenue growth']",['Stock appears undervalued']
Indef Manufacturing Limited,BAJAJINDEF.NS,['Strong revenue growth'],"['Stock may be overvalued', 'ROE data missing', 'High debt risk']"
Bajel Projects Limited,BAJEL.NS,[],"['Stock may be overvalued', 'Weak profitability', 'High debt risk', 'Declining revenues']"
Bajaj Finance Limited,BAJFINANCE.NS,"['Average profitability', 'Strong revenue growth']","['Stock may be overvalued', 'High debt risk']"
Shree Tirupati Balajee Agro Trading Company Limited,BALAJEE.NS,['Fair valuation'],"['Weak profitability', 'High debt risk', 'Declining revenues']"
Balaji Telefilms Limited,BALAJITELE.NS,"['Fair valuation', 'Average profitability']","['High debt risk', 'Declining revenues']"
Balaji Amines Limited,BALAMINES.NS,['Fair valuation'],"['Weak profitability', 'High debt risk', 'Declining revenues']"
BALAXI PHARMACEUTICALS LIMITED,BALAXI.NS,['Low valuation'],"['Stock appears undervalued', 'Weak profitability', 'High debt risk', 'Declining revenues']"
Balkrishna Paper Mills Limited,BALKRISHNA.NS,[],"['PE data missing', 'ROE data missing', 'Debt data missing', 'Revenue growth data missing']"
Balkrishna Industries Limited,BALKRISIND.NS,['Average profitability'],"['Stock may be overvalued', 'High debt risk', 'Declining revenues']"
Balmer Lawrie & Company Limited,BALMLAWRIE.NS,"['Low valuation', 'Average profitability']","['Stock appears undervalued', 'High debt risk', 'Declining revenues']"
Bal Pharma Limited,BALPHARMA.NS,"['Fair valuation', 'Slow revenue growth']","['Weak profitability', 'High debt risk']"
Balrampur Chini Mills Limited,BALRAMCHIN.NS,"['Fair valuation', 'Average profitability', 'Strong revenue growth']",['High debt risk']
Balu Forge Industries Limited,BALUFORGE.NS,"['Fair valuation', 'High profitability']","['Debt data missing', 'Revenue growth data missing']"
Banaras Beads Limited,BANARBEADS.NS,[],"['Stock may be overvalued', 'Weak profitability', 'High debt risk', 'Declining revenues']"
Bannari Amman Sugars Limited,BANARISUG.NS,['Strong revenue growth'],"['Stock may be overvalued', 'Weak profitability', 'High debt risk']"
Banco Products (I) Limited,BANCOINDIA.NS,"['High profitability', 'Strong revenue growth']","['Stock may be overvalued', 'High debt risk']"
Bandhan Bank Limited,BANDHANBNK.NS,['Fair valuation'],"['Weak profitability', 'Debt data missing', 'Declining revenues']"
Bang Overseas Limited,BANG.NS,"['Low valuation', 'Strong revenue growth']","['Stock appears undervalued', 'Weak profitability', 'High debt risk']"
Banka BioLoo Limited,BANKA.NS,['Slow revenue growth'],"['PE data missing', 'Weak profitability', 'High debt risk']"
Bank of Baroda,BANKBARODA.NS,"['Low valuation', 'Average profitability', 'Slow revenue growth']","['Stock appears undervalued', 'Debt data missing']"
Bank of India,BANKINDIA.NS,"['Low valuation', 'Average profitability', 'Slow revenue growth']","['Stock appears undervalued', 'Debt data missing']"
Bansal Wire Industries Limited,BANSALWIRE.NS,"['Average profitability', 'Strong revenue growth']","['Stock may be overvalued', 'High debt risk']"
Banswara Syntex Limited,BANSWRAS.NS,"['Fair valuation', 'Slow revenue growth']","['Weak profitability', 'High debt risk']"
BASF India Limited,BASF.NS,[],"['Stock may be overvalued', 'ROE data missing', 'High debt risk', 'Declining revenues']"
Bannari Amman Spinning Mills Limited,BASML.NS,['Low valuation'],"['Stock appears undervalued', 'Weak profitability', 'High debt risk', 'Declining revenues']"
Bata India Limited,BATAINDIA.NS,['Average profitability'],"['Stock may be overvalued', 'High debt risk', 'Declining revenues']"
Bayer Cropscience Limited,BAYERCROP.NS,['Average profitability'],"['Stock may be overvalued', 'High debt risk', 'Declining revenues']"
Bharat Bijlee Limited,BBL.NS,"['Fair valuation', 'Strong revenue growth']","['Weak profitability', 'High debt risk']"
Black Box Limited,BBOX.NS,"['High profitability', 'Slow revenue growth']","['Stock may be overvalued', 'High debt risk']"
Bombay Burmah Trading Corporation Limited,BBTC.NS,"['Low valuation', 'High profitability', 'Slow revenue growth']","['Stock appears undervalued', 'High debt risk']"
B&B Triplewall Containers Limited,BBTCL.NS,['Strong revenue growth'],"['Stock may be overvalued', 'Weak profitability', 'High debt risk']"
Brightcom Group Limited,BCG.NS,"['Low valuation', 'Strong revenue growth']","['Stock appears undervalued', 'Weak profitability', 'Debt data missing']"
Bcl Industries Limited,BCLIND.NS,"['Low valuation', 'Average profitability']","['Stock appears undervalued', 'High debt risk', 'Declining revenues']"
Brand Concepts Limited,BCONCEPTS.NS,['Strong revenue growth'],"['Stock may be overvalued', 'Weak profitability', 'High debt risk']"
Bharat Dynamics Limited,BDL.NS,"['Average profitability', 'Low debt', 'Strong revenue growth']",['Stock may be overvalued']
Beardsell Limited,BEARDSELL.NS,"['Low valuation', 'Average profitability', 'Slow revenue growth']","['Stock appears undervalued', 'High debt risk']"
Mrs. Bectors Food Specialities Limited,BECTORFOOD.NS,"['Average profitability', 'Slow revenue growth']","['Stock may be overvalued', 'High debt risk']"
Bedmutha Industries Limited,BEDMUTHA.NS,['Strong revenue growth'],"['PE data missing', 'Weak profitability', 'High debt risk']"
Bharat Electronics Limited,BEL.NS,"['High profitability', 'Low debt', 'Strong revenue growth']",['Stock may be overvalued']
Bella Casa Fashion & Retail Limited,BELLACASA.NS,"['Fair valuation', 'Average profitability', 'Strong revenue growth']",['High debt risk']
Belrise Industries Limited,BELRISE.NS,"['Average profitability', 'Slow revenue growth']","['Stock may be overvalued', 'High debt risk']"
BEML Limited,BEML.NS,['Average profitability'],"['Stock may be overvalued', 'High debt risk', 'Declining revenues']"
Bhansali Engineering Polymers Limited,BEPL.NS,"['Low valuation', 'Average profitability']","['Stock appears undervalued', 'Debt data missing', 'Declining revenues']"
Berger Paints (I) Limited,BERGEPAINT.NS,"['Average profitability', 'Slow revenue growth']","['Stock may be overvalued', 'High debt risk']"
Best Agrolife Limited,BESTAGRO.NS,[],"['Stock may be overvalued', 'Weak profitability', 'High debt risk', 'Declining revenues']"
Beta Drugs Limited,BETA.NS,"['Fair valuation', 'High profitability', 'Slow revenue growth']",['High debt risk']
BF Investment Limited,BFINVEST.NS,"['Fair valuation', 'Slow revenue growth']","['Weak profitability', 'Debt data missing']"
BF Utilities Limited,BFUTILITIE.NS,['Fair valuation'],"['ROE data missing', 'Debt data missing', 'Declining revenues']"
BGR Energy Systems Limited,BGRENERGY.NS,['Slow revenue growth'],"['PE data missing', 'ROE data missing', 'Debt data missing']"
Bhagiradha Chemicals & Industries Limited,BHAGCHEM.NS,['Strong revenue growth'],"['Stock may be overvalued', 'Weak profitability', 'High debt risk']"
Bhageria Industries Limited,BHAGERIA.NS,"['Fair valuation', 'Strong revenue growth']","['Weak profitability', 'High debt risk']"
Bhagyanagar India Limited,BHAGYANGR.NS,"['Fair valuation', 'Average profitability', 'Strong revenue growth']",['High debt risk']
Bhandari Hosiery Exports Limited,BHANDARI.NS,"['Low valuation', 'Slow revenue growth']","['Stock appears undervalued', 'Weak profitability', 'High debt risk']"
Bharat Forge Limited,BHARATFORG.NS,"['Average profitability', 'Slow revenue growth']","['Stock may be overvalued', 'High debt risk']"
Bharat Gears Limited,BHARATGEAR.NS,['Strong revenue growth'],"['Stock may be overvalued', 'Weak profitability', 'High debt risk']"
Bharat Rasayan Limited,BHARATRAS.NS,"['Fair valuation', 'Average profitability']","['High debt risk', 'Declining revenues']"
Bharat Seats Limited,BHARATSE.NS,"['Fair valuation', 'Average profitability', 'Strong revenue growth']",['High debt risk']
Bharat Wire Ropes Limited,BHARATWIRE.NS,"['Fair valuation', 'Slow revenue growth']","['Weak profitability', 'High debt risk']"
Bharti Airtel Limited,BHARTIARTL.NS,"['High profitability', 'Strong revenue growth']","['Stock may be overvalued', 'High debt risk']"
Bharti Hexacom Limited,BHARTIHEXA.NS,"['High profitability', 'Slow revenue growth']","['Stock may be overvalued', 'High debt risk']"
Bharat Heavy Electricals Limited,BHEL.NS,['Slow revenue growth'],"['Stock may be overvalued', 'Weak profitability', 'High debt risk']"
Bigbloc Construction Limited,BIGBLOC.NS,['Strong revenue growth'],"['PE data missing', 'Weak profitability', 'High debt risk']"
Bikaji Foods International Limited,BIKAJI.NS,"['Average profitability', 'Strong revenue growth']","['Stock may be overvalued', 'High debt risk']"
Bhartiya International Limited,BIL.NS,['Strong revenue growth'],"['Stock may be overvalued', 'Weak profitability', 'High debt risk']"
BIL VYAPAR LIMITED,BILVYAPAR.NS,[],"['PE data missing', 'ROE data missing', 'Debt data missing', 'Revenue growth data missing']"
Biocon Limited,BIOCON.NS,['Strong revenue growth'],"['Stock may be overvalued', 'Weak profitability', 'High debt risk']"
Biofil Chemicals & Pharmaceuticals Limited,BIOFILCHEM.NS,"['Fair valuation', 'Average profitability', 'Low debt', 'Strong revenue growth']",[]
Birla Cable Limited,BIRLACABLE.NS,[],"['Stock may be overvalued', 'Weak profitability', 'High debt risk', 'Declining revenues']"
Birla Corporation Limited,BIRLACORPN.NS,"['Fair valuation', 'Slow revenue growth']","['Weak profitability', 'High debt risk']"
Aditya Birla Money Limited,BIRLAMONEY.NS,"['Low valuation', 'High profitability']","['Stock appears undervalued', 'High debt risk', 'Declining revenues']"
BirlaNu Limited,BIRLANU.NS,['Slow revenue growth'],"['PE data missing', 'Weak profitability', 'High debt risk']"
BLACKBUCK LIMITED,BLACKBUCK.NS,"['High profitability', 'Strong revenue growth']","['Stock may be overvalued', 'High debt risk']"
BEML Land Assets Limited,BLAL.NS,[],"['PE data missing', 'ROE data missing', 'Debt data missing', 'Revenue growth data missing']"
BLB Limited,BLBLIMITED.NS,"['Low valuation', 'Average profitability', 'Low debt', 'Strong revenue growth']",['Stock appears undervalued']
Bliss GVS Pharma Limited,BLISSGVS.NS,"['Fair valuation', 'Average profitability', 'Slow revenue growth']",['High debt risk']
B. L. Kashyap and Sons Limited,BLKASHYAP.NS,['Strong revenue growth'],"['Stock may be overvalued', 'Weak profitability', 'High debt risk']"
BLS International Services Limited,BLS.NS,"['Fair valuation', 'High profitability', 'Strong revenue growth']",['High debt risk']
BLS E-Services Limited,BLSE.NS,"['Average profitability', 'Strong revenue growth']","['Stock may be overvalued', 'High debt risk']"
Blue Coast Hotels Limited,BLUECOAST.NS,[],"['PE data missing', 'ROE data missing', 'Debt data missing', 'Revenue growth data missing']"
Blue Dart Express Limited,BLUEDART.NS,"['Average profitability', 'Slow revenue growth']","['Stock may be overvalued', 'High debt risk']"
Blue Jet Healthcare Limited,BLUEJET.NS,"['Fair valuation', 'High profitability']","['High debt risk', 'Declining revenues']"
Blue Star Limited,BLUESTARCO.NS,"['Average profitability', 'Slow revenue growth']","['Stock may be overvalued', 'High debt risk']"
BlueStone Jewellery and Lifestyle Limited,BLUESTONE.NS,['Strong revenue growth'],"['PE data missing', 'ROE data missing', 'High debt risk']"
Bluspring Enterprises Limited,BLUSPRING.NS,['Slow revenue growth'],"['PE data missing', 'ROE data missing', 'High debt risk']"
BMW Ventures Limited,BMWVENTLTD.NS,"['Fair valuation', 'Slow revenue growth']","['ROE data missing', 'High debt risk']"
Bodal Chemicals Limited,BODALCHEM.NS,"['Fair valuation', 'Slow revenue growth']","['Weak profitability', 'High debt risk']"
Bohra Industries Limited,BOHRAIND.NS,[],"['PE data missing', 'Weak profitability', 'High debt risk', 'Revenue growth data missing']"
Bombay Dyeing & Mfg Company Limited,BOMDYEING.NS,"['Fair valuation', 'Low debt']","['Weak profitability', 'Declining revenues']"
Borana Weaves Limited,BORANA.NS,['Strong revenue growth'],"['Stock may be overvalued', 'ROE data missing', 'High debt risk']"
Borosil Limited,BOROLTD.NS,"['Average profitability', 'Strong revenue growth']","['Stock may be overvalued', 'High debt risk']"
BOROSIL RENEWABLES LIMITED,BORORENEW.NS,['Slow revenue growth'],"['PE data missing', 'Weak profitability', 'High debt risk']"
Borosil Scientific Limited,BOROSCI.NS,['Slow revenue growth'],"['Stock may be overvalued', 'Weak profitability', 'High debt risk']"
BOSCH HOME COMFORT INDIA LIMITED,BOSCH-HCIL.NS,['Slow revenue growth'],"['Stock may be overvalued', 'Weak profitability', 'High debt risk']"
Bosch Limited,BOSCHLTD.NS,"['High profitability', 'Slow revenue growth']","['Stock may be overvalued', 'Moderate debt level']"
Bharat Petroleum Corporation Limited,BPCL.NS,"['Low valuation', 'High profitability', 'Slow revenue growth']","['Stock appears undervalued', 'High debt risk']"
BPL Limited,BPL.NS,[],"['PE data missing', 'ROE data missing', 'High debt risk', 'Declining revenues']"
Brigade Enterprises Limited,BRIGADE.NS,"['Fair valuation', 'Average profitability', 'Strong revenue growth']",['High debt risk']
Brigade Hotel Ventures Limited,BRIGHOTEL.NS,['Strong revenue growth'],"['Stock may be overvalued', 'ROE data missing', 'High debt risk']"
Britannia Industries Limited,BRITANNIA.NS,"['High profitability', 'Slow revenue growth']","['Stock may be overvalued', 'High debt risk']"
Bharat Road Network Limited,BRNL.NS,"['Low valuation', 'High profitability']","['Stock appears undervalued', 'High debt risk', 'Declining revenues']"
Brooks Laboratories Limited,BROOKS.NS,"['Fair valuation', 'Average profitability', 'Slow revenue growth']",['High debt risk']
BSE Limited,BSE.NS,"['High profitability', 'Low debt', 'Strong revenue growth']",['Stock may be overvalued']
Bombay Super Hybrid Seeds Limited,BSHSL.NS,['High profitability'],"['Stock may be overvalued', 'High debt risk', 'Declining revenues']"
BSL Limited,BSL.NS,"['Fair valuation', 'Slow revenue growth']","['Weak profitability', 'High debt risk']"
BIRLASOFT LIMITED,BSOFT.NS,"['Fair valuation', 'Average profitability']","['High debt risk', 'Declining revenues']"
Bodhi Tree Multimedia Limited,BTML.NS,"['Fair valuation', 'Average profitability', 'Strong revenue growth']",['High debt risk']
Butterfly Gandhimathi Appliances Limited,BUTTERFLY.NS,"['Fair valuation', 'Average profitability', 'Slow revenue growth']",['High debt risk']
Barak Valley Cements Limited,BVCL.NS,"['Fair valuation', 'Slow revenue growth']","['Weak profitability', 'High debt risk']"
The Byke Hospitality Ltd,BYKE.NS,['Strong revenue growth'],"['Stock may be overvalued', 'Weak profitability', 'High debt risk']"
California Software Company Limited,CALSOFT.NS,['Strong revenue growth'],"['Stock may be overvalued', 'Weak profitability', 'High debt risk']"
Camlin Fine Sciences Limited,CAMLINFINE.NS,"['Fair valuation', 'Slow revenue growth']","['Weak profitability', 'High debt risk']"
Campus Activewear Limited,CAMPUS.NS,"['Average profitability', 'Strong revenue growth']","['Stock may be overvalued', 'High debt risk']"
Computer Age Management Services Limited,CAMS.NS,"['High profitability', 'Slow revenue growth']","['Stock may be overvalued', 'High debt risk']"
Canara Bank,CANBK.NS,"['Low valuation', 'Average profitability', 'Slow revenue growth']","['Stock appears undervalued', 'Debt data missing']"
Can Fin Homes Limited,CANFINHOME.NS,"['Low valuation', 'Average profitability', 'Strong revenue growth']","['Stock appears undervalued', 'High debt risk']"
Canara HSBC Life Insurance Company Limited,CANHLIFE.NS,[],"['Stock may be overvalued', 'Weak profitability', 'Debt data missing', 'Declining revenues']"
Cantabil Retail India Limited,CANTABIL.NS,"['Fair valuation', 'High profitability', 'Strong revenue growth']",['High debt risk']
Capacit'e Infraprojects Limited,CAPACITE.NS,"['Low valuation', 'Average profitability', 'Strong revenue growth']","['Stock appears undervalued', 'High debt risk']"
Capillary Technologies India Limited,CAPILLARY.NS,['Strong revenue growth'],"['Stock may be overvalued', 'ROE data missing', 'High debt risk']"
Capital Small Finance Bank Limited,CAPITALSFB.NS,"['Low valuation', 'Average profitability', 'Slow revenue growth']","['Stock appears undervalued', 'Debt data missing']"
Caplin Point Laboratories Limited,CAPLIPOINT.NS,"['Fair valuation', 'High profitability', 'Low debt', 'Slow revenue growth']",[]
Capital Trust Limited,CAPTRUST.NS,[],"['PE data missing', 'Weak profitability', 'High debt risk', 'Revenue growth data missing']"
Carborundum Universal Limited,CARBORUNIV.NS,['Slow revenue growth'],"['Stock may be overvalued', 'Weak profitability', 'High debt risk']"
CARE Ratings Limited,CARERATING.NS,"['Average profitability', 'Strong revenue growth']","['Stock may be overvalued', 'High debt risk']"
Carraro India Limited,CARRARO.NS,"['High profitability', 'Strong revenue growth']","['Stock may be overvalued', 'High debt risk']"
Cartrade Tech Limited,CARTRADE.NS,['Strong revenue growth'],"['Stock may be overvalued', 'Weak profitability', 'High debt risk']"
CARYSIL LIMITED,CARYSIL.NS,"['Average profitability', 'Strong revenue growth']","['Stock may be overvalued', 'High debt risk']"
Castrol India Limited,CASTROLIND.NS,"['Fair valuation', 'Slow revenue growth']","['ROE data missing', 'High debt risk']"
Consolidated Construction Consortium Limited,CCCL.NS,"['Low valuation', 'High profitability', 'Low debt', 'Strong revenue growth']",['Stock appears undervalued']
Country Club Hospitality & Holidays Limited,CCHHL.NS,"['Fair valuation', 'Strong revenue growth']","['Weak profitability', 'High debt risk']"
CCL Products (India) Limited,CCL.NS,"['Average profitability', 'Strong revenue growth']","['Stock may be overvalued', 'High debt risk']"
Central Depository Services (India) Limited,CDSL.NS,"['High profitability', 'Low debt']","['Stock may be overvalued', 'Declining revenues']"
CEAT Limited,CEATLTD.NS,"['Average profitability', 'Slow revenue growth']","['Stock may be overvalued', 'High debt risk']"
Ceigall India Limited,CEIGALL.NS,"['Fair valuation', 'Average profitability', 'Slow revenue growth']",['High debt risk']
Celebrity Fashions Limited,CELEBRITY.NS,['Slow revenue growth'],"['PE data missing', 'Weak profitability', 'High debt risk']"
Cello World Limited,CELLO.NS,"['Average profitability', 'Low debt', 'Strong revenue growth']",['Stock may be overvalued']
Cemindia Projects Limited,CEMPRO.NS,"['High profitability', 'Slow revenue growth']","['Stock may be overvalued', 'High debt risk']"
Century Enka Limited,CENTENKA.NS,['Fair valuation'],"['Weak profitability', 'High debt risk', 'Declining revenues']"
Century Extrusions Limited,CENTEXT.NS,"['Fair valuation', 'Average profitability', 'Slow revenue growth']",['High debt risk']
Central Bank of India,CENTRALBK.NS,"['Low valuation', 'Average profitability', 'Slow revenue growth']","['Stock appears undervalued', 'Debt data missing']"
Centrum Capital Limited,CENTRUM.NS,[],"['PE data missing', 'Weak profitability', 'High debt risk', 'Declining revenues']"
Centum Electronics Limited,CENTUM.NS,['Slow revenue growth'],"['Stock may be overvalued', 'Weak profitability', 'High debt risk']"
Century Plyboards (India) Limited,CENTURYPLY.NS,['Strong revenue growth'],"['Stock may be overvalued', 'Weak profitability', 'High debt risk']"
Cera Sanitaryware Limited,CERA.NS,"['Fair valuation', 'Average profitability']","['High debt risk', 'Declining revenues']"
Cerebra Integrated Technologies Limited,CEREBRAINT.NS,[],"['PE data missing', 'Weak profitability', 'High debt risk', 'Declining revenues']"
CESC Limited,CESC.NS,"['Fair valuation', 'Average profitability', 'Slow revenue growth']",['High debt risk']
Concord Enviro Systems Limited,CEWATER.NS,"['Fair valuation', 'Average profitability']","['High debt risk', 'Declining revenues']"
Capri Global Capital Limited,CGCL.NS,"['Fair valuation', 'Average profitability', 'Strong revenue growth']",['High debt risk']
CG Power and Industrial Solutions Limited,CGPOWER.NS,"['Average profitability', 'Strong revenue growth']","['Stock may be overvalued', 'High debt risk']"
Chalet Hotels Limited,CHALET.NS,"['Average profitability', 'Strong revenue growth']","['Stock may be overvalued', 'High debt risk']"
Chambal Fertilizers & Chemicals Limited,CHAMBLFERT.NS,"['Low valuation', 'High profitability', 'Strong revenue growth']","['Stock appears undervalued', 'High debt risk']"
Chembond Material Technologies Limited,CHEMBOND.NS,['Fair valuation'],"['Weak profitability', 'High debt risk', 'Declining revenues']"
Chembond Chemicals Limited,CHEMBONDCH.NS,['Low valuation'],"['Stock appears undervalued', 'ROE data missing', 'Debt data missing', 'Revenue growth data missing']"
Chemcon Speciality Chemicals Limited,CHEMCON.NS,"['Fair valuation', 'Low debt', 'Slow revenue growth']",['Weak profitability']
Chemfab Alkalis Limited,CHEMFAB.NS,[],"['PE data missing', 'Weak profitability', 'High debt risk', 'Declining revenues']"
Chemplast Sanmar Limited,CHEMPLASTS.NS,['Slow revenue growth'],"['PE data missing', 'Weak profitability', 'High debt risk']"
Chennai Petroleum Corporation Limited,CHENNPETRO.NS,"['Low valuation', 'Average profitability', 'Strong revenue growth']","['Stock appears undervalued', 'High debt risk']"
Cheviot Company Limited,CHEVIOT.NS,"['Low valuation', 'Strong revenue growth']","['Stock appears undervalued', 'Weak profitability', 'High debt risk']"
Choice International Limited,CHOICEIN.NS,"['Average profitability', 'Slow revenue growth']","['Stock may be overvalued', 'High debt risk']"
Cholamandalam Investment and Finance Company Limited,CHOLAFIN.NS,"['Average profitability', 'Strong revenue growth']","['Stock may be overvalued', 'High debt risk']"
Cholamandalam Financial Holdings Limited,CHOLAHLDNG.NS,"['Fair valuation', 'Average profitability', 'Strong revenue growth']",['High debt risk']
CIE Automotive India Limited,CIEINDIA.NS,"['Fair valuation', 'Slow revenue growth']","['ROE data missing', 'High debt risk']"
Capital India Finance Limited,CIFL.NS,[],"['Stock may be overvalued', 'Weak profitability', 'High debt risk', 'Declining revenues']"
Cigniti Technologies Limited,CIGNITITEC.NS,"['Fair valuation', 'High profitability', 'Slow revenue growth']",['High debt risk']
Cineline India Limited,CINELINE.NS,['Slow revenue growth'],"['PE data missing', 'Weak profitability', 'High debt risk']"
Cinevista Limited,CINEVISTA.NS,['Strong revenue growth'],"['Stock may be overvalued', 'ROE data missing', 'High debt risk']"
Cipla Limited,CIPLA.NS,"['Fair valuation', 'Average profitability', 'Slow revenue growth']",['High debt risk']
Clean Science and Technology Limited,CLEAN.NS,"['Average profitability', 'Low debt', 'Slow revenue growth']",['Stock may be overvalued']
CL Educate Limited,CLEDUCATE.NS,['Strong revenue growth'],"['PE data missing', 'Weak profitability', 'High debt risk']"
Chaman Lal Setia Exports Limited,CLSEL.NS,"['Low valuation', 'Average profitability']","['Stock appears undervalued', 'High debt risk', 'Declining revenues']"
CMS Info Systems Limited,CMSINFO.NS,"['Fair valuation', 'Average profitability']","['High debt risk', 'Declining revenues']"
Creative Newtech Limited,CNL.NS,"['Fair valuation', 'High profitability', 'Strong revenue growth']",['High debt risk']
Coal India Limited,COALINDIA.NS,"['Low valuation', 'High profitability', 'Strong revenue growth']","['Stock appears undervalued', 'High debt risk']"
Coastal Corporation Limited,COASTCORP.NS,['Slow revenue growth'],"['Stock may be overvalued', 'Weak profitability', 'High debt risk']"
Cochin Shipyard Limited,COCHINSHIP.NS,['Average profitability'],"['Stock may be overvalued', 'High debt risk', 'Declining revenues']"
Coffee Day Enterprises Limited,COFFEEDAY.NS,['Slow revenue growth'],"['PE data missing', 'Weak profitability', 'High debt risk']"
Coforge Limited,COFORGE.NS,"['Average profitability', 'Strong revenue growth']","['Stock may be overvalued', 'High debt risk']"
Cohance Lifesciences Limited,COHANCE.NS,['Strong revenue growth'],"['Stock may be overvalued', 'Weak profitability', 'High debt risk']"
Colgate Palmolive (India) Limited,COLPAL.NS,['High profitability'],"['Stock may be overvalued', 'High debt risk', 'Declining revenues']"
Compuage Infocom Limited,COMPINFO.NS,[],"['PE data missing', 'ROE data missing', 'High debt risk', 'Declining revenues']"
Compucom Software Limited,COMPUSOFT.NS,[],"['Stock may be overvalued', 'Weak profitability', 'High debt risk', 'Declining revenues']"
Commercial Syn Bags Limited,COMSYN.NS,"['Fair valuation', 'Average profitability', 'Slow revenue growth']",['High debt risk']
Container Corporation of India Limited,CONCOR.NS,"['Average profitability', 'Slow revenue growth']","['Stock may be overvalued', 'High debt risk']"
Concord Biotech Limited,CONCORDBIO.NS,"['Average profitability', 'Low debt']","['Stock may be overvalued', 'Declining revenues']"
Confidence Petroleum India Limited,CONFIPET.NS,"['Low valuation', 'Strong revenue growth']","['Stock appears undervalued', 'Weak profitability', 'High debt risk']"
Consolidated Finvest & Holdings Limited,CONSOFINVT.NS,"['Low valuation', 'Slow revenue growth']","['Stock appears undervalued', 'Weak profitability', 'Debt data missing']"
Control Print Limited,CONTROLPR.NS,"['Low valuation', 'High profitability', 'Slow revenue growth']","['Stock appears undervalued', 'High debt risk']"
Coral India Finance & Housing Limited,CORALFINAC.NS,['Low valuation'],"['Stock appears undervalued', 'Weak profitability', 'Debt data missing', 'Declining revenues']"
Cords Cable Industries Limited,CORDSCABLE.NS,"['Low valuation', 'Strong revenue growth']","['Stock appears undervalued', 'Weak profitability', 'High debt risk']"
Coromandel International Limited,COROMANDEL.NS,"['Fair valuation', 'High profitability', 'Strong revenue growth']",['High debt risk']
CORONA Remedies Limited,CORONA.NS,['High profitability'],"['Stock may be overvalued', 'High debt risk', 'Revenue growth data missing']"
COSMO FIRST LIMITED,COSMOFIRST.NS,"['Low valuation', 'Strong revenue growth']","['Stock appears undervalued', 'Weak profitability', 'High debt risk']"
Country Condo's Limited,COUNCODOS.NS,"['Low debt', 'Strong revenue growth']","['Stock may be overvalued', 'Weak profitability']"
CP Capital Limited,CPCAP.NS,['Low valuation'],"['Stock appears undervalued', 'Weak profitability', 'High debt risk', 'Declining revenues']"
Career Point Edutech Limited,CPEDU.NS,['Fair valuation'],"['ROE data missing', 'Debt data missing', 'Revenue growth data missing']"
Aditya Infotech Limited,CPPLUS.NS,['Strong revenue growth'],"['Stock may be overvalued', 'ROE data missing', 'High debt risk']"
Craftsman Automation Limited,CRAFTSMAN.NS,['Strong revenue growth'],"['Stock may be overvalued', 'Weak profitability', 'High debt risk']"
Canara Robeco Asset Management Company Limited,CRAMC.NS,['Slow revenue growth'],"['Stock may be overvalued', 'ROE data missing', 'High debt risk']"
Creative Eye Limited,CREATIVEYE.NS,[],"['PE data missing', 'ROE data missing', 'High debt risk', 'Declining revenues']"
CREDITACCESS GRAMEEN LIMITED,CREDITACC.NS,[],"['Stock may be overvalued', 'Weak profitability', 'High debt risk', 'Declining revenues']"
Crest Ventures Limited,CREST.NS,['Fair valuation'],"['Weak profitability', 'High debt risk', 'Declining revenues']"
CRISIL Limited,CRISIL.NS,['Slow revenue growth'],"['Stock may be overvalued', 'ROE data missing', 'High debt risk']"
Crizac Limited,CRIZAC.NS,"['Fair valuation', 'High profitability', 'Low debt', 'Strong revenue growth']",[]
Crompton Greaves Consumer Electricals Limited,CROMPTON.NS,"['Average profitability', 'Slow revenue growth']","['Stock may be overvalued', 'High debt risk']"
Crown Lifters Limited,CROWN.NS,"['Low valuation', 'Average profitability', 'Strong revenue growth']","['Stock appears undervalued', 'High debt risk']"
CSB Bank Limited,CSBBANK.NS,"['Low valuation', 'Average profitability', 'Strong revenue growth']","['Stock appears undervalued', 'Debt data missing']"
CSL Finance Limited,CSLFINANCE.NS,"['Low valuation', 'Average profitability', 'Strong revenue growth']","['Stock appears undervalued', 'High debt risk']"
Cambridge Technology Enterprises Limited,CTE.NS,['Slow revenue growth'],"['PE data missing', 'Weak profitability', 'High debt risk']"
City Union Bank Limited,CUB.NS,"['Fair valuation', 'Average profitability', 'Strong revenue growth']",['Debt data missing']
Cubex Tubings Limited,CUBEXTUB.NS,"['Fair valuation', 'Strong revenue growth']","['Weak profitability', 'High debt risk']"
Cummins India Limited,CUMMINSIND.NS,"['High profitability', 'Low debt', 'Strong revenue growth']",['Stock may be overvalued']
Cupid Limited,CUPID.NS,"['Average profitability', 'Strong revenue growth']","['Stock may be overvalued', 'High debt risk']"
Cura Technologies Limited,CURAA.NS,[],"['PE data missing', 'Weak profitability', 'High debt risk', 'Revenue growth data missing']"
Cyber Media (India) Limited,CYBERMEDIA.NS,['Strong revenue growth'],"['PE data missing', 'Weak profitability', 'Debt data missing']"
Cybertech Systems And Software Limited,CYBERTECH.NS,"['Low valuation', 'Average profitability', 'Slow revenue growth']","['Stock appears undervalued', 'High debt risk']"
Cyient Limited,CYIENT.NS,"['Fair valuation', 'Average profitability']","['High debt risk', 'Declining revenues']"
Cyient DLM Limited,CYIENTDLM.NS,[],"['Stock may be overvalued', 'Weak profitability', 'High debt risk', 'Declining revenues']"
Dabur India Limited,DABUR.NS,"['Average profitability', 'Slow revenue growth']","['Stock may be overvalued', 'High debt risk']"
Dalmia Bharat Limited,DALBHARAT.NS,['Slow revenue growth'],"['Stock may be overvalued', 'Weak profitability', 'High debt risk']"
Dalmia Bharat Sugar and Industries Limited,DALMIASUG.NS,"['Low valuation', 'Average profitability', 'Slow revenue growth']","['Stock appears undervalued', 'High debt risk']"
Dam Capital Advisors Limited,DAMCAPITAL.NS,"['Low valuation', 'Strong revenue growth']","['Stock appears undervalued', 'ROE data missing', 'High debt risk']"
Damodar Industries Limited,DAMODARIND.NS,"['Low valuation', 'Strong revenue growth']","['Stock appears undervalued', 'Weak profitability', 'High debt risk']"
Dangee Dums Limited,DANGEE.NS,['Slow revenue growth'],"['PE data missing', 'Weak profitability', 'High debt risk']"
Datamatics Global Services Limited,DATAMATICS.NS,"['Fair valuation', 'Average profitability', 'Strong revenue growth']",['High debt risk']
Data Patterns (India) Limited,DATAPATTNS.NS,"['Average profitability', 'Low debt', 'Strong revenue growth']",['Stock may be overvalued']
Davangere Sugar Company Limited,DAVANGERE.NS,"['Fair valuation', 'Strong revenue growth']","['Weak profitability', 'High debt risk']"
D.B.Corp Limited,DBCORP.NS,"['Low valuation', 'Average profitability', 'Slow revenue growth']","['Stock appears undervalued', 'High debt risk']"
Deepak Builders & Engineers India Limited,DBEIL.NS,"['Low valuation', 'Average profitability']","['Stock appears undervalued', 'High debt risk', 'Declining revenues']"
Dilip Buildcon Limited,DBL.NS,"['Low valuation', 'Average profitability']","['Stock appears undervalued', 'High debt risk', 'Declining revenues']"
Dhampur Bio Organics Limited,DBOL.NS,['Strong revenue growth'],"['PE data missing', 'Weak profitability', 'High debt risk']"
Valor Estate Limited,DBREALTY.NS,['Strong revenue growth'],"['Stock may be overvalued', 'Weak profitability', 'High debt risk']"
DB (International) Stock Brokers Limited,DBSTOCKBRO.NS,['Fair valuation'],"['Weak profitability', 'High debt risk', 'Declining revenues']"
Dishman Carbogen Amcis Limited,DCAL.NS,['Fair valuation'],"['Weak profitability', 'High debt risk', 'Declining revenues']"
DCB Bank Limited,DCBBANK.NS,"['Low valuation', 'Average profitability', 'Slow revenue growth']","['Stock appears undervalued', 'Debt data missing']"
Dc Infotech And Communication Limited,DCI.NS,"['Fair valuation', 'High profitability', 'Strong revenue growth']",['High debt risk']
DCM  Limited,DCM.NS,"['Low valuation', 'High profitability', 'Slow revenue growth']","['Stock appears undervalued', 'High debt risk']"
DCM Financial Services Limited,DCMFINSERV.NS,[],"['PE data missing', 'ROE data missing', 'Debt data missing', 'Declining revenues']"
DCM Nouvelle Limited,DCMNVL.NS,[],"['Stock may be overvalued', 'Weak profitability', 'High debt risk', 'Declining revenues']"
DCM Shriram Limited,DCMSHRIRAM.NS,"['Fair valuation', 'Average profitability', 'Slow revenue growth']",['High debt risk']
DCM Shriram Industries Limited,DCMSRIND.NS,['Low valuation'],"['Stock appears undervalued', 'Weak profitability', 'High debt risk', 'Declining revenues']"
DCW Limited,DCW.NS,['Slow revenue growth'],"['Stock may be overvalued', 'Weak profitability', 'High debt risk']"
DCX Systems Limited,DCXINDIA.NS,['Low debt'],"['Stock may be overvalued', 'Weak profitability', 'Declining revenues']"
Ddev Plastiks Industries Limited,DDEVPLSTIK.NS,"['Fair valuation', 'High profitability', 'Strong revenue growth']",['High debt risk']
Deccan Cements Limited,DECCANCE.NS,['Strong revenue growth'],"['Stock may be overvalued', 'Weak profitability', 'High debt risk']"
DEE Development Engineers Limited,DEEDEV.NS,['Strong revenue growth'],"['Stock may be overvalued', 'Weak profitability', 'High debt risk']"
Deepak Fertilizers and Petrochemicals Corporation Limited,DEEPAKFERT.NS,"['Fair valuation', 'Average profitability', 'Slow revenue growth']",['High debt risk']
Deepak Nitrite Limited,DEEPAKNTR.NS,[],"['Stock may be overvalued', 'Weak profitability', 'High debt risk', 'Declining revenues']"
Deep Industries Limited,DEEPINDS.NS,['Strong revenue growth'],"['PE data missing', 'Weak profitability', 'High debt risk']"
Delhivery Limited,DELHIVERY.NS,['Strong revenue growth'],"['Stock may be overvalued', 'Weak profitability', 'High debt risk']"
DELPHI WORLD MONEY LIMITED,DELPHIFX.NS,[],"['Stock may be overvalued', 'Weak profitability', 'High debt risk', 'Declining revenues']"
Delta Corp Limited,DELTACORP.NS,"['Low valuation', 'Average profitability']","['Stock appears undervalued', 'High debt risk', 'Declining revenues']"
Delta Manufacturing Limited,DELTAMAGNT.NS,[],"['PE data missing', 'Weak profitability', 'High debt risk', 'Declining revenues']"
Den Networks Limited,DEN.NS,['Low valuation'],"['Stock appears undervalued', 'Weak profitability', 'Moderate debt level', 'Declining revenues']"
De Nora India Limited,DENORA.NS,['Strong revenue growth'],"['Stock may be overvalued', 'Weak profitability', 'Debt data missing']"
Denta Water and Infra Solutions Limited,DENTA.NS,"['Low valuation', 'Strong revenue growth']","['Stock appears undervalued', 'ROE data missing', 'High debt risk']"
Dev Information Technology Limited,DEVIT.NS,"['Low valuation', 'High profitability', 'Strong revenue growth']","['Stock appears undervalued', 'High debt risk']"
Dev Accelerator Limited,DEVX.NS,['Strong revenue growth'],"['Stock may be overvalued', 'ROE data missing', 'High debt risk']"
Devyani International Limited,DEVYANI.NS,['Slow revenue growth'],"['Stock may be overvalued', 'Weak profitability', 'High debt risk']"
Digicontent Limited,DGCONTENT.NS,"['Low valuation', 'High profitability', 'Slow revenue growth']","['Stock appears undervalued', 'High debt risk']"
Dhampur Sugar Mills Limited,DHAMPURSUG.NS,"['Low valuation', 'Strong revenue growth']","['Stock appears undervalued', 'Weak profitability', 'High debt risk']"
Dhanlaxmi Bank Limited,DHANBANK.NS,['Low valuation'],"['Stock appears undervalued', 'Weak profitability', 'Debt data missing', 'Declining revenues']"
Dhanuka Agritech Limited,DHANUKA.NS,"['Fair valuation', 'Average profitability']","['High debt risk', 'Declining revenues']"
DHARAN INFRA-EPC LIMITED,DHARAN.NS,[],"['PE data missing', 'ROE data missing', 'High debt risk', 'Declining revenues']"
Dharmaj Crop Guard Limited,DHARMAJ.NS,"['Fair valuation', 'Average profitability', 'Slow revenue growth']",['High debt risk']
Dhruv Consultancy Services Limited,DHRUV.NS,['Low valuation'],"['Stock appears undervalued', 'Weak profitability', 'High debt risk', 'Declining revenues']"
Dhunseri Investments Limited,DHUNINV.NS,[],"['Stock may be overvalued', 'Weak profitability', 'High debt risk', 'Declining revenues']"
Diamond Power Infrastructure Limited,DIACABS.NS,['Strong revenue growth'],"['Stock may be overvalued', 'ROE data missing', 'Debt data missing']"
Diamines & Chemicals Limited,DIAMINESQ.NS,[],"['PE data missing', 'Weak profitability', 'High debt risk', 'Declining revenues']"
Prataap Snacks Limited,DIAMONDYD.NS,[],"['PE data missing', 'Weak profitability', 'High debt risk', 'Declining revenues']"
DIC India Limited,DICIND.NS,"['Fair valuation', 'Slow revenue growth']","['ROE data missing', 'Debt data missing']"
Diffusion Engineers Limited,DIFFNKG.NS,"['Fair valuation', 'Slow revenue growth']","['ROE data missing', 'High debt risk']"
Digidrive Distributors Limited,DIGIDRIVE.NS,"['Low valuation', 'Low debt', 'Strong revenue growth']","['Stock appears undervalued', 'Weak profitability']"
DiGiSPICE Technologies Limited,DIGISPICE.NS,['Slow revenue growth'],"['PE data missing', 'Weak profitability', 'High debt risk']"
Digitide Solutions Limited,DIGITIDE.NS,['Slow revenue growth'],"['PE data missing', 'ROE data missing', 'High debt risk']"
Digjam Limited,DIGJAMLMTD.NS,"['High profitability', 'Strong revenue growth']","['Stock may be overvalued', 'High debt risk']"
Debock Industries Limited,DIL.NS,['Low valuation'],"['Stock appears undervalued', 'Weak profitability', 'Debt data missing', 'Declining revenues']"
Dish TV India Limited,DISHTV.NS,[],"['PE data missing', 'ROE data missing', 'Debt data missing', 'Declining revenues']"
Divgi Torqtransfer Systems Limited,DIVGIITTS.NS,"['Low debt', 'Strong revenue growth']","['Stock may be overvalued', 'Weak profitability']"
Divi's Laboratories Limited,DIVISLAB.NS,"['Average profitability', 'Strong revenue growth']","['Stock may be overvalued', 'Moderate debt level']"
Dixon Technologies (India) Limited,DIXON.NS,"['High profitability', 'Strong revenue growth']","['Stock may be overvalued', 'High debt risk']"
DJ Mediaprint & Logistics Limited,DJML.NS,"['Fair valuation', 'Average profitability', 'Strong revenue growth']",['High debt risk']
DLF Limited,DLF.NS,['Average profitability'],"['Stock may be overvalued', 'High debt risk', 'Declining revenues']"
D-Link (India) Limited,DLINKINDIA.NS,"['Low valuation', 'High profitability', 'Slow revenue growth']","['Stock appears undervalued', 'High debt risk']"
Avenue Supermarts Limited,DMART.NS,"['Average profitability', 'Strong revenue growth']","['Stock may be overvalued', 'High debt risk']"
DMCC SPECIALITY CHEMICALS LIMITED,DMCC.NS,"['Fair valuation', 'Average profitability', 'Strong revenue growth']",['High debt risk']
Diligent Media Corporation Limited,DNAMEDIA.NS,['Low valuation'],"['Stock appears undervalued', 'ROE data missing', 'Debt data missing', 'Declining revenues']"
Dodla Dairy Limited,DODLA.NS,"['Fair valuation', 'Average profitability', 'Slow revenue growth']",['High debt risk']
Dolat Algotech Limited,DOLATALGO.NS,"['Low valuation', 'Average profitability']","['Stock appears undervalued', 'High debt risk', 'Declining revenues']"
Dollar Industries Limited,DOLLAR.NS,"['Fair valuation', 'Average profitability', 'Slow revenue growth']",['High debt risk']
Dolphin Offshore Enterprises (India) Limited,DOLPHIN.NS,"['Average profitability', 'Strong revenue growth']","['Stock may be overvalued', 'High debt risk']"
DOMS Industries Limited,DOMS.NS,"['High profitability', 'Strong revenue growth']","['Stock may be overvalued', 'High debt risk']"
Donear Industries Limited,DONEAR.NS,"['Low valuation', 'Average profitability', 'Slow revenue growth']","['Stock appears undervalued', 'High debt risk']"
D. P. Abhushan Limited,DPABHUSHAN.NS,"['Fair valuation', 'High profitability']","['High debt risk', 'Declining revenues']"
DPSC Limited,DPSCLTD.NS,[],"['Stock may be overvalued', 'ROE data missing', 'High debt risk', 'Declining revenues']"
D P Wires Limited,DPWIRES.NS,['Fair valuation'],"['Weak profitability', 'Moderate debt level', 'Declining revenues']"
DRC Systems India Limited,DRCSYSTEMS.NS,"['Low valuation', 'High profitability', 'Strong revenue growth']","['Stock appears undervalued', 'High debt risk']"
Dreamfolks Services Limited,DREAMFOLKS.NS,"['Low valuation', 'High profitability']","['Stock appears undervalued', 'High debt risk', 'Declining revenues']"
Dredging Corporation of India Limited,DREDGECORP.NS,['Slow revenue growth'],"['PE data missing', 'Weak profitability', 'High debt risk']"
Dr. Reddy's Laboratories Limited,DRREDDY.NS,"['Fair valuation', 'Average profitability', 'Slow revenue growth']",['High debt risk']
Dynacons Systems & Solutions Limited,DSSL.NS,"['Fair valuation', 'High profitability', 'Slow revenue growth']",['High debt risk']
Dhunseri Tea & Industries Limited,DTIL.NS,['Slow revenue growth'],"['PE data missing', 'Weak profitability', 'High debt risk']"
Ducon Infratechnologies Limited,DUCON.NS,"['Low valuation', 'Slow revenue growth']","['Stock appears undervalued', 'Weak profitability', 'High debt risk']"
Dhunseri Ventures Limited,DVL.NS,['Fair valuation'],"['Weak profitability', 'High debt risk', 'Declining revenues']"
Dwarikesh Sugar Industries Limited,DWARKESH.NS,[],"['Stock may be overvalued', 'Weak profitability', 'High debt risk', 'Declining revenues']"
Dynamic Cables Limited,DYCL.NS,"['Fair valuation', 'High profitability', 'Strong revenue growth']",['High debt risk']
Dynamatic Technologies Limited,DYNAMATECH.NS,['Slow revenue growth'],"['Stock may be overvalued', 'Weak profitability', 'High debt risk']"
Dynemic Products Limited,DYNPRO.NS,['Fair valuation'],"['Weak profitability', 'High debt risk', 'Declining revenues']"
E2E Networks Limited,E2E.NS,[],"['Stock may be overvalued', 'Weak profitability', 'High debt risk', 'Declining revenues']"
Easy Trip Planners Limited,EASEMYTRIP.NS,[],"['Stock may be overvalued', 'Weak profitability', 'High debt risk', 'Declining revenues']"
GNG Electronics Limited,EBGNG.NS,['Strong revenue growth'],"['Stock may be overvalued', 'ROE data missing', 'High debt risk']"
eClerx Services Limited,ECLERX.NS,"['High profitability', 'Strong revenue growth']","['Stock may be overvalued', 'High debt risk']"
Ecos (India) Mobility & Hospitality Limited,ECOSMOBLTY.NS,"['Fair valuation', 'High profitability', 'Strong revenue growth']",['High debt risk']
Edelweiss Financial Services Limited,EDELWEISS.NS,['Fair valuation'],"['Weak profitability', 'High debt risk', 'Declining revenues']"
EFC (I) Limited,EFCIL.NS,"['High profitability', 'Strong revenue growth']","['Stock may be overvalued', 'High debt risk']"
Eicher Motors Limited,EICHERMOT.NS,"['High profitability', 'Strong revenue growth']","['Stock may be overvalued', 'High debt risk']"
EID Parry India Limited,EIDPARRY.NS,"['Fair valuation', 'Average profitability', 'Strong revenue growth']",['High debt risk']
Enviro Infra Engineers Limited,EIEL.NS,"['Fair valuation', 'High profitability', 'Slow revenue growth']",['High debt risk']
Euro India Fresh Foods Limited,EIFFL.NS,[],"['Stock may be overvalued', 'Weak profitability', 'High debt risk', 'Declining revenues']"
EIH Associated Hotels Limited,EIHAHOTELS.NS,"['Fair valuation', 'Average profitability']","['Moderate debt level', 'Declining revenues']"
EIH Limited,EIHOTEL.NS,['Average profitability'],"['Stock may be overvalued', 'High debt risk', 'Declining revenues']"
Eimco Elecon (India) Limited,EIMCOELECO.NS,"['Fair valuation', 'Low debt']","['Weak profitability', 'Declining revenues']"
Everest Kanto Cylinder Limited,EKC.NS,['Low valuation'],"['Stock appears undervalued', 'Weak profitability', 'High debt risk', 'Declining revenues']"
Eldeco Housing And Industries Limited,ELDEHSG.NS,[],"['Stock may be overvalued', 'Weak profitability', 'High debt risk', 'Declining revenues']"
Elecon Engineering Company Limited,ELECON.NS,"['Fair valuation', 'High profitability', 'Slow revenue growth']",['High debt risk']
Electrosteel Castings Limited,ELECTCAST.NS,['Low valuation'],"['Stock appears undervalued', 'Weak profitability', 'High debt risk', 'Declining revenues']"
Electrotherm (India) Limited,ELECTHERM.NS,"['Low valuation', 'Slow revenue growth']","['Stock appears undervalued', 'ROE data missing', 'Debt data missing']"
Elgi Equipments Limited,ELGIEQUIP.NS,"['High profitability', 'Slow revenue growth']","['Stock may be overvalued', 'High debt risk']"
Elgi Rubber Company Limited,ELGIRUBCO.NS,[],"['PE data missing', 'Weak profitability', 'High debt risk', 'Declining revenues']"
Elin Electronics Limited,ELIN.NS,"['Fair valuation', 'Strong revenue growth']","['Weak profitability', 'High debt risk']"
Ellenbarrie Industrial Gases Limited,ELLEN.NS,[],"['PE data missing', 'ROE data missing', 'High debt risk', 'Declining revenues']"
Emami Limited,EMAMILTD.NS,"['Fair valuation', 'High profitability']","['High debt risk', 'Declining revenues']"
Emami Paper Mills Limited,EMAMIPAP.NS,[],"['Stock may be overvalued', 'Weak profitability', 'High debt risk', 'Declining revenues']"
Emami Realty Limited,EMAMIREAL.NS,['Strong revenue growth'],"['PE data missing', 'ROE data missing', 'Debt data missing']"
Embassy Developments Limited,EMBDL.NS,"['Fair valuation', 'Strong revenue growth']","['Weak profitability', 'High debt risk']"
Emcure Pharmaceuticals Limited,EMCURE.NS,"['Average profitability', 'Slow revenue growth']","['Stock may be overvalued', 'High debt risk']"
Electronics Mart India Limited,EMIL.NS,['Slow revenue growth'],"['Stock may be overvalued', 'Weak profitability', 'High debt risk']"
Emkay Global Financial Services Limited,EMKAY.NS,[],"['Stock may be overvalued', 'Weak profitability', 'High debt risk', 'Declining revenues']"
Emmbi Industries Limited,EMMBI.NS,"['Fair valuation', 'Strong revenue growth']","['Weak profitability', 'High debt risk']"
Emmvee Photovoltaic Power Limited,EMMVEE.NS,"['Fair valuation', 'Strong revenue growth']","['ROE data missing', 'High debt risk']"
EMS Limited,EMSLIMITED.NS,"['Low valuation', 'Average profitability']","['Stock appears undervalued', 'High debt risk', 'Declining revenues']"
eMudhra Limited,EMUDHRA.NS,"['Average profitability', 'Strong revenue growth']","['Stock may be overvalued', 'High debt risk']"
Endurance Technologies Limited,ENDURANCE.NS,"['Average profitability', 'Strong revenue growth']","['Stock may be overvalued', 'High debt risk']"
Energy Development Company Limited,ENERGYDEV.NS,['Strong revenue growth'],"['PE data missing', 'Weak profitability', 'High debt risk']"
Engineers India Limited,ENGINERSIN.NS,"['Fair valuation', 'High profitability', 'Strong revenue growth']",['Moderate debt level']
Entertainment Network (India) Limited,ENIL.NS,['Strong revenue growth'],"['Stock may be overvalued', 'Weak profitability', 'High debt risk']"
Siemens Energy India Limited,ENRIN.NS,"['High profitability', 'Strong revenue growth']","['Stock may be overvalued', 'High debt risk']"
Entero Healthcare Solutions Limited,ENTERO.NS,['Strong revenue growth'],"['Stock may be overvalued', 'Weak profitability', 'High debt risk']"
EPACK Durable Limited,EPACK.NS,[],"['Stock may be overvalued', 'Weak profitability', 'High debt risk', 'Declining revenues']"
EPack Prefab Technologies Limited,EPACKPEB.NS,['Strong revenue growth'],"['Stock may be overvalued', 'ROE data missing', 'High debt risk']"
Epigral Limited,EPIGRAL.NS,"['Low valuation', 'High profitability']","['Stock appears undervalued', 'High debt risk', 'Declining revenues']"
EPL Limited,EPL.NS,"['Fair valuation', 'Average profitability', 'Slow revenue growth']",['High debt risk']
Equippp Social Impact Technologies Limited,EQUIPPP.NS,"['Average profitability', 'Strong revenue growth']","['Stock may be overvalued', 'High debt risk']"
Equitas Small Finance Bank Limited,EQUITASBNK.NS,[],"['PE data missing', 'Weak profitability', 'High debt risk', 'Declining revenues']"
Eris Lifesciences Limited,ERIS.NS,"['Average profitability', 'Slow revenue growth']","['Stock may be overvalued', 'High debt risk']"
Esab India Limited,ESABINDIA.NS,"['High profitability', 'Slow revenue growth']","['Stock may be overvalued', 'Moderate debt level']"
ESAF Small Finance Bank Limited,ESAFSFB.NS,[],"['PE data missing', 'Weak profitability', 'Debt data missing', 'Declining revenues']"
Escorts Kubota Limited,ESCORTS.NS,"['Average profitability', 'Slow revenue growth']","['Stock may be overvalued', 'Moderate debt level']"
Essar Shipping Limited,ESSARSHPNG.NS,['Low valuation'],"['Stock appears undervalued', 'ROE data missing', 'Debt data missing', 'Declining revenues']"
Integra Essentia Limited,ESSENTIA.NS,[],"['Stock may be overvalued', 'Weak profitability', 'High debt risk', 'Declining revenues']"
Ester Industries Limited,ESTER.NS,['Slow revenue growth'],"['Stock may be overvalued', 'Weak profitability', 'High debt risk']"
ETERNAL LIMITED,ETERNAL.NS,['Strong revenue growth'],"['Stock may be overvalued', 'Weak profitability', 'High debt risk']"
Ethos Limited,ETHOSLTD.NS,['Strong revenue growth'],"['Stock may be overvalued', 'Weak profitability', 'High debt risk']"
Eureka Forbes Limited,EUREKAFORB.NS,['Slow revenue growth'],"['Stock may be overvalued', 'Weak profitability', 'High debt risk']"
Euro Panel Products Limited,EUROBOND.NS,"['Fair valuation', 'Average profitability', 'Strong revenue growth']",['High debt risk']
Euro Pratik Sales Limited,EUROPRATIK.NS,['Slow revenue growth'],"['Stock may be overvalued', 'ROE data missing', 'High debt risk']"
Eurotex Industries and Exports Limited,EUROTEXIND.NS,"['Low valuation', 'Strong revenue growth']","['Stock appears undervalued', 'ROE data missing', 'Debt data missing']"
Eveready Industries India Limited,EVEREADY.NS,"['Average profitability', 'Slow revenue growth']","['Stock may be overvalued', 'High debt risk']"
Everest Industries Limited,EVERESTIND.NS,[],"['PE data missing', 'Weak profitability', 'High debt risk', 'Declining revenues']"
Excel Realty N Infra Limited,EXCEL.NS,['Low debt'],"['Stock may be overvalued', 'Weak profitability', 'Declining revenues']"
Excel Industries Limited,EXCELINDUS.NS,"['Fair valuation', 'Slow revenue growth']","['Weak profitability', 'Moderate debt level']"
Excelsoft Technologies Limited,EXCELSOFT.NS,"['Fair valuation', 'Strong revenue growth']","['ROE data missing', 'High debt risk']"
Exicom Tele-Systems Limited,EXICOM.NS,['Strong revenue growth'],"['PE data missing', 'Weak profitability', 'High debt risk']"
Exide Industries Limited,EXIDEIND.NS,[],"['Stock may be overvalued', 'Weak profitability', 'High debt risk', 'Declining revenues']"
Expleo Solutions Limited,EXPLEOSOL.NS,"['Low valuation', 'Average profitability', 'Slow revenue growth']","['Stock appears undervalued', 'High debt risk']"
Exxaro Tiles Limited,EXXARO.NS,[],"['Stock may be overvalued', 'Weak profitability', 'High debt risk', 'Declining revenues']"
Fabtech Technologies Limited,FABTECH.NS,"['Fair valuation', 'Strong revenue growth']","['ROE data missing', 'High debt risk']"
Fertilizers and Chemicals Travancore Limited,FACT.NS,['Slow revenue growth'],"['Stock may be overvalued', 'Weak profitability', 'High debt risk']"
Fairchem Organics Limited,FAIRCHEMOR.NS,[],"['Stock may be overvalued', 'Weak profitability', 'High debt risk', 'Declining revenues']"
Faze Three Limited,FAZE3Q.NS,['Strong revenue growth'],"['Stock may be overvalued', 'Weak profitability', 'High debt risk']"
Fineotex Chemical Limited,FCL.NS,"['Fair valuation', 'Average profitability', 'Low debt']",['Declining revenues']
FCS Software Solutions Limited,FCSSOFT.NS,[],"['Stock may be overvalued', 'Weak profitability', 'Debt data missing', 'Declining revenues']"
FDC Limited,FDC.NS,['Fair valuation'],"['Weak profitability', 'Moderate debt level', 'Declining revenues']"
The Federal Bank  Limited,FEDERALBNK.NS,"['Fair valuation', 'Average profitability', 'Slow revenue growth']",['Debt data missing']
Fedbank Financial Services Limited,FEDFINA.NS,"['Fair valuation', 'Slow revenue growth']","['Weak profitability', 'High debt risk']"
Future Enterprises Limited,FEL.NS,[],"['PE data missing', 'Weak profitability', 'Debt data missing', 'Declining revenues']"
Future Enterprises Limited,FELDVR.NS,[],"['PE data missing', 'Weak profitability', 'Debt data missing', 'Declining revenues']"
Fiberweb (India) Limited,FIBERWEB.NS,['Low valuation'],"['Stock appears undervalued', 'Weak profitability', 'High debt risk', 'Declining revenues']"
Fiem Industries Limited,FIEMIND.NS,"['Fair valuation', 'High profitability', 'Strong revenue growth']",['High debt risk']
Filatex India Limited,FILATEX.NS,"['Low valuation', 'Average profitability', 'Slow revenue growth']","['Stock appears undervalued', 'High debt risk']"
Filatex Fashions Limited,FILATFASH.NS,[],"['Stock may be overvalued', 'Weak profitability', 'High debt risk', 'Declining revenues']"
Finolex Cables Limited,FINCABLES.NS,"['Fair valuation', 'Average profitability', 'Low debt', 'Slow revenue growth']",[]
Fine Organic Industries Limited,FINEORG.NS,"['Average profitability', 'Slow revenue growth']","['Stock may be overvalued', 'Moderate debt level']"
Finkurve Financial Services Limited,FINKURVE.NS,['Strong revenue growth'],"['Stock may be overvalued', 'Weak profitability', 'High debt risk']"
Fino Payments Bank Limited,FINOPB.NS,"['Fair valuation', 'Average profitability']","['Debt data missing', 'Declining revenues']"
Finolex Industries Limited,FINPIPE.NS,"['Fair valuation', 'Low debt', 'Slow revenue growth']",['Weak profitability']
Brainbees Solutions Limited,FIRSTCRY.NS,['Slow revenue growth'],"['PE data missing', 'Weak profitability', 'High debt risk']"
Fischer Medical Ventures Limited,FISCHER.NS,"['Fair valuation', 'Strong revenue growth']","['Weak profitability', 'High debt risk']"
Five-Star Business Finance Limited,FIVESTAR.NS,"['Low valuation', 'Average profitability', 'Slow revenue growth']","['Stock appears undervalued', 'High debt risk']"
Flair Writing Industries Limited,FLAIR.NS,"['Fair valuation', 'Average profitability', 'Strong revenue growth']",['High debt risk']
Flexituff Ventures International Limited,FLEXITUFF.NS,[],"['PE data missing', 'ROE data missing', 'Debt data missing', 'Declining revenues']"
Future Lifestyle Fashions Limited,FLFL.NS,[],"['PE data missing', 'ROE data missing', 'Debt data missing', 'Declining revenues']"
Gujarat Fluorochemicals Limited,FLUOROCHEM.NS,['Slow revenue growth'],"['Stock may be overvalued', 'Weak profitability', 'High debt risk']"
Federal-Mogul Goetze (India) Limited.,FMGOETZE.NS,"['Low valuation', 'Average profitability', 'Low debt', 'Slow revenue growth']",['Stock appears undervalued']
Future Market Networks Limited,FMNL.NS,[],"['PE data missing', 'Weak profitability', 'High debt risk', 'Declining revenues']"
Focus Lighting and Fixtures Limited,FOCUS.NS,['Slow revenue growth'],"['Stock may be overvalued', 'ROE data missing', 'Debt data missing']"
Foods & Inns Limited,FOODSIN.NS,"['Fair valuation', 'Slow revenue growth']","['Weak profitability', 'High debt risk']"
FORCE MOTORS LTD,FORCEMOT.NS,"['Fair valuation', 'High profitability', 'Slow revenue growth']",['Debt data missing']
Fortis Healthcare Limited,FORTIS.NS,"['Average profitability', 'Strong revenue growth']","['Stock may be overvalued', 'High debt risk']"
Foseco India Limited,FOSECOIND.NS,"['Low debt', 'Slow revenue growth']","['Stock may be overvalued', 'ROE data missing']"
Firstsource Solutions Limited,FSL.NS,"['Average profitability', 'Strong revenue growth']","['Stock may be overvalued', 'High debt risk']"
Fusion Finance Limited,FUSION.NS,[],"['PE data missing', 'Weak profitability', 'High debt risk', 'Revenue growth data missing']"
Gabriel India Limited,GABRIEL.NS,"['High profitability', 'Slow revenue growth']","['Stock may be overvalued', 'High debt risk']"
Gujarat Ambuja Exports Limited,GAEL.NS,"['Fair valuation', 'Strong revenue growth']","['Weak profitability', 'High debt risk']"
GAIL (India) Limited,GAIL.NS,"['Low valuation', 'Average profitability', 'Slow revenue growth']","['Stock appears undervalued', 'High debt risk']"
Gala Precision Engineering Limited,GALAPREC.NS,"['Average profitability', 'Strong revenue growth']","['Stock may be overvalued', 'High debt risk']"
Galaxy Surfactants Limited,GALAXYSURF.NS,"['Fair valuation', 'Average profitability', 'Strong revenue growth']",['High debt risk']
Gallantt Ispat Limited,GALLANTT.NS,"['Fair valuation', 'Average profitability', 'Slow revenue growth']",['High debt risk']
Gandhar Oil Refinery (India) Limited,GANDHAR.NS,"['Fair valuation', 'Slow revenue growth']","['Weak profitability', 'High debt risk']"
Gandhi Special Tubes Limited,GANDHITUBE.NS,"['Low valuation', 'High profitability', 'Low debt']","['Stock appears undervalued', 'Declining revenues']"
Ganesha Ecosphere Limited,GANECOS.NS,[],"['Stock may be overvalued', 'Weak profitability', 'High debt risk', 'Declining revenues']"
Ganesh Benzoplast Limited,GANESHBE.NS,"['Low valuation', 'Slow revenue growth']","['Stock appears undervalued', 'Weak profitability', 'High debt risk']"
Ganesh Consumer Products Limited,GANESHCP.NS,"['Fair valuation', 'Slow revenue growth']","['ROE data missing', 'High debt risk']"
GANESH HOUSING LIMITED,GANESHHOU.NS,"['Low valuation', 'High profitability']","['Stock appears undervalued', 'High debt risk', 'Declining revenues']"
Ganga Forging Limited,GANGAFORGE.NS,[],"['PE data missing', 'Weak profitability', 'High debt risk', 'Declining revenues']"
Ganges Securities Limited,GANGESSECU.NS,['Slow revenue growth'],"['Stock may be overvalued', 'Weak profitability', 'Debt data missing']"
Garware Technical Fibres Limited,GARFIBRES.NS,['Average profitability'],"['Stock may be overvalued', 'High debt risk', 'Declining revenues']"
Garuda Construction and Engineering Limited,GARUDA.NS,"['Fair valuation', 'Low debt', 'Strong revenue growth']",['ROE data missing']
GACM Technologies Limited,GATECH.NS,"['Low valuation', 'Average profitability', 'Strong revenue growth']","['Stock appears undervalued', 'Debt data missing']"
GACM Technologies Limited,GATECHDVR.NS,"['Low valuation', 'Average profitability', 'Strong revenue growth']","['Stock appears undervalued', 'Debt data missing']"
Gateway Distriparks Limited,GATEWAY.NS,"['Low valuation', 'Average profitability', 'Strong revenue growth']","['Stock appears undervalued', 'High debt risk']"
Gayatri Highways Limited,GAYAHWS.NS,['Strong revenue growth'],"['PE data missing', 'ROE data missing', 'Debt data missing']"
Gretex Corporate Services Limited,GCSL.NS,[],"['Stock may be overvalued', 'Weak profitability', 'High debt risk', 'Declining revenues']"
GeeCee Ventures Limited,GEECEE.NS,['Fair valuation'],"['Weak profitability', 'Debt data missing', 'Declining revenues']"
Geekay Wires Limited,GEEKAYWIRE.NS,"['Low valuation', 'High profitability', 'Slow revenue growth']","['Stock appears undervalued', 'High debt risk']"
Gem Aromatics Limited,GEMAROMA.NS,['Fair valuation'],"['ROE data missing', 'High debt risk', 'Declining revenues']"
Generic Engineering Construction and Projects Limited,GENCON.NS,"['Fair valuation', 'Strong revenue growth']","['Weak profitability', 'High debt risk']"
Genesys International Corporation Limited,GENESYS.NS,['Slow revenue growth'],"['Stock may be overvalued', 'Weak profitability', 'High debt risk']"
Gensol Engineering Limited,GENSOL.NS,"['Low valuation', 'Strong revenue growth']","['Stock appears undervalued', 'ROE data missing', 'High debt risk']"
Genus Paper & Boards Limited,GENUSPAPER.NS,['Strong revenue growth'],"['Stock may be overvalued', 'Weak profitability', 'High debt risk']"
Genus Power Infrastructures Limited,GENUSPOWER.NS,"['Fair valuation', 'High profitability', 'Strong revenue growth']",['High debt risk']
Geojit Financial Services Limited,GEOJITFSL.NS,"['Fair valuation', 'Average profitability']","['High debt risk', 'Declining revenues']"
The Great Eastern Shipping Company Limited,GESHIP.NS,"['Low valuation', 'Average profitability']","['Stock appears undervalued', 'High debt risk', 'Declining revenues']"
GFL Limited,GFLLIMITED.NS,['Strong revenue growth'],"['PE data missing', 'Weak profitability', 'Debt data missing']"
GHCL Limited,GHCL.NS,"['Low valuation', 'Average profitability']","['Stock appears undervalued', 'High debt risk', 'Declining revenues']"
GHCL Textiles Limited,GHCLTEXTIL.NS,"['Low valuation', 'Slow revenue growth']","['Stock appears undervalued', 'Weak profitability', 'High debt risk']"
GIC Housing Finance Limited,GICHSGFIN.NS,"['Low valuation', 'Strong revenue growth']","['Stock appears undervalued', 'Weak profitability', 'High debt risk']"
General Insurance Corporation of India,GICRE.NS,"['Low valuation', 'Average profitability', 'Slow revenue growth']","['Stock appears undervalued', 'Debt data missing']"
Gillanders Arbuthnot & Company Limited,GILLANDERS.NS,"['Low valuation', 'Slow revenue growth']","['Stock appears undervalued', 'Weak profitability', 'High debt risk']"
Gillette India Limited,GILLETTE.NS,"['Low debt', 'Slow revenue growth']","['Stock may be overvalued', 'ROE data missing']"
Ginni Filaments Limited,GINNIFILA.NS,"['Low valuation', 'Average profitability', 'Slow revenue growth']","['Stock appears undervalued', 'High debt risk']"
Gujarat Industries Power Company Limited,GIPCL.NS,"['Low valuation', 'Strong revenue growth']","['Stock appears undervalued', 'Weak profitability', 'High debt risk']"
GK Energy Limited,GKENERGY.NS,"['Fair valuation', 'High profitability', 'Strong revenue growth']",['High debt risk']
GKW Limited,GKWLIMITED.NS,['Low debt'],"['PE data missing', 'Weak profitability', 'Declining revenues']"
Gland Pharma Limited,GLAND.NS,['Slow revenue growth'],"['Stock may be overvalued', 'Weak profitability', 'High debt risk']"
GlaxoSmithKline Pharmaceuticals Limited,GLAXO.NS,['High profitability'],"['Stock may be overvalued', 'High debt risk', 'Declining revenues']"
Glenmark Pharmaceuticals Limited,GLENMARK.NS,"['Average profitability', 'Strong revenue growth']","['Stock may be overvalued', 'High debt risk']"
Global Education Limited,GLOBAL.NS,"['Fair valuation', 'Average profitability', 'Slow revenue growth']",['Debt data missing']
Globale Tessile Limited,GLOBALE.NS,[],"['PE data missing', 'Weak profitability', 'High debt risk', 'Declining revenues']"
Global Vectra Helicorp Limited,GLOBALVECT.NS,[],"['PE data missing', 'Weak profitability', 'High debt risk', 'Declining revenues']"
GLOBE ENTERPRISES (INDIA) LIMITED,GLOBE.NS,"['Low valuation', 'Slow revenue growth']","['Stock appears undervalued', 'Weak profitability', 'High debt risk']"
Globe Civil Projects Limited,GLOBECIVIL.NS,"['Fair valuation', 'High profitability']","['High debt risk', 'Revenue growth data missing']"
Globus Spirits Limited,GLOBUSSPR.NS,['Slow revenue growth'],"['Stock may be overvalued', 'Weak profitability', 'High debt risk']"
Gloster Limited,GLOSTERLTD.NS,['Strong revenue growth'],"['Stock may be overvalued', 'Weak profitability', 'High debt risk']"
Glottis Limited,GLOTTIS.NS,['Low valuation'],"['Stock appears undervalued', 'ROE data missing', 'High debt risk', 'Declining revenues']"
GM Breweries Limited,GMBREW.NS,"['Fair valuation', 'Average profitability', 'Low debt', 'Strong revenue growth']",[]
Gujarat Mineral Development Corporation Limited,GMDCLTD.NS,"['Fair valuation', 'Average profitability']","['High debt risk', 'Declining revenues']"
GMM Pfaudler Limited,GMMPFAUDLR.NS,['Slow revenue growth'],"['Stock may be overvalued', 'Weak profitability', 'High debt risk']"
GMR AIRPORTS LIMITED,GMRAIRPORT.NS,['Strong revenue growth'],"['PE data missing', 'ROE data missing', 'Debt data missing']"
GMR Power and Urban Infra Limited,GMRP&UI.NS,"['Low valuation', 'High profitability', 'Strong revenue growth']","['Stock appears undervalued', 'High debt risk']"
GNA Axles Limited,GNA.NS,"['Low valuation', 'Average profitability']","['Stock appears undervalued', 'High debt risk', 'Declining revenues']"
Gujarat Narmada Valley Fertilizers and Chemicals Limited,GNFC.NS,"['Low valuation', 'Low debt', 'Slow revenue growth']","['Stock appears undervalued', 'Weak profitability']"
Goa Carbon Limited,GOACARBON.NS,[],"['PE data missing', 'Weak profitability', 'High debt risk', 'Declining revenues']"
GOCL Corporation Limited,GOCLCORP.NS,['Low valuation'],"['Stock appears undervalued', 'Weak profitability', 'High debt risk', 'Declining revenues']"
Go Fashion (India) Limited,GOCOLORS.NS,"['Fair valuation', 'Average profitability', 'Slow revenue growth']",['High debt risk']
Godavari Biorefineries Limited,GODAVARIB.NS,['Strong revenue growth'],"['Stock may be overvalued', 'Weak profitability', 'High debt risk']"
Godfrey Phillips India Limited,GODFRYPHLP.NS,['High profitability'],"['Stock may be overvalued', 'High debt risk', 'Declining revenues']"
Go Digit General Insurance Limited,GODIGIT.NS,"['Average profitability', 'Slow revenue growth']","['Stock may be overvalued', 'High debt risk']"
Godrej Agrovet Limited,GODREJAGRO.NS,"['Fair valuation', 'Average profitability', 'Slow revenue growth']",['High debt risk']
Godrej Consumer Products Limited,GODREJCP.NS,"['Average profitability', 'Slow revenue growth']","['Stock may be overvalued', 'High debt risk']"
Godrej Industries Limited,GODREJIND.NS,"['Average profitability', 'Strong revenue growth']","['Stock may be overvalued', 'High debt risk']"
Godrej Properties Limited,GODREJPROP.NS,['Average profitability'],"['Stock may be overvalued', 'High debt risk', 'Declining revenues']"
Gokaldas Exports Limited,GOKEX.NS,['Slow revenue growth'],"['Stock may be overvalued', 'Weak profitability', 'High debt risk']"
Gokul Refoils and Solvent Limited,GOKUL.NS,"['Fair valuation', 'Strong revenue growth']","['Weak profitability', 'High debt risk']"
Gokul Agro Resources Limited,GOKULAGRO.NS,"['Fair valuation', 'High profitability', 'Strong revenue growth']",['High debt risk']
Golden Tobacco Limited,GOLDENTOBC.NS,['Low valuation'],"['Stock appears undervalued', 'ROE data missing', 'Debt data missing', 'Declining revenues']"
Goldiam International Limited,GOLDIAM.NS,"['Fair valuation', 'Average profitability', 'Strong revenue growth']",['High debt risk']
AION-TECH SOLUTIONS LIMITED,GOLDTECH.NS,['Strong revenue growth'],"['Stock may be overvalued', 'Weak profitability', 'High debt risk']"
Goodluck India Limited,GOODLUCK.NS,"['Fair valuation', 'Average profitability', 'Slow revenue growth']",['High debt risk']
Gopal Snacks Limited,GOPAL.NS,[],"['PE data missing', 'Weak profitability', 'High debt risk', 'Declining revenues']"
Goyal Aluminiums Limited,GOYALALUM.NS,['Fair valuation'],"['Weak profitability', 'High debt risk', 'Declining revenues']"
Godawari Power And Ispat limited,GPIL.NS,"['Fair valuation', 'Average profitability', 'Slow revenue growth']",['High debt risk']
Gujarat Pipavav Port Limited,GPPL.NS,"['Fair valuation', 'High profitability', 'Strong revenue growth']",['High debt risk']
GPT Healthcare Limited,GPTHEALTH.NS,"['Fair valuation', 'Average profitability', 'Slow revenue growth']",['High debt risk']
GPT Infraprojects Limited,GPTINFRA.NS,"['Fair valuation', 'Average profitability']","['High debt risk', 'Declining revenues']"
Granules India Limited,GRANULES.NS,"['Fair valuation', 'Average profitability', 'Strong revenue growth']",['High debt risk']
Graphite India Limited,GRAPHITE.NS,['Slow revenue growth'],"['Stock may be overvalued', 'Weak profitability', 'High debt risk']"
Grasim Industries Limited,GRASIM.NS,['Strong revenue growth'],"['Stock may be overvalued', 'Weak profitability', 'High debt risk']"
Gravita India Limited,GRAVITA.NS,"['High profitability', 'Slow revenue growth']","['Stock may be overvalued', 'High debt risk']"
Greaves Cotton Limited,GREAVESCOT.NS,['Strong revenue growth'],"['Stock may be overvalued', 'Weak profitability', 'High debt risk']"
Greenlam Industries Limited,GREENLAM.NS,['Strong revenue growth'],"['Stock may be overvalued', 'Weak profitability', 'High debt risk']"
Greenpanel Industries Limited,GREENPANEL.NS,['Strong revenue growth'],"['PE data missing', 'Weak profitability', 'High debt risk']"
Greenply Industries Limited,GREENPLY.NS,"['Average profitability', 'Slow revenue growth']","['Stock may be overvalued', 'High debt risk']"
Orient Green Power Company Limited,GREENPOWER.NS,"['Fair valuation', 'Slow revenue growth']","['Weak profitability', 'High debt risk']"
Grindwell Norton Limited,GRINDWELL.NS,"['Average profitability', 'Slow revenue growth']","['Stock may be overvalued', 'High debt risk']"
G R Infraprojects Limited,GRINFRA.NS,"['Low valuation', 'Average profitability', 'Slow revenue growth']","['Stock appears undervalued', 'High debt risk']"
GRM Overseas Limited,GRMOVER.NS,"['Average profitability', 'Slow revenue growth']","['Stock may be overvalued', 'High debt risk']"
The Grob Tea Company Limited,GROBTEA.NS,[],"['PE data missing', 'Weak profitability', 'High debt risk', 'Declining revenues']"
Billionbrains Garage Ventures Limited,GROWW.NS,[],"['Stock may be overvalued', 'ROE data missing', 'High debt risk', 'Declining revenues']"
GRP Limited,GRPLTD.NS,"['Average profitability', 'Slow revenue growth']","['Stock may be overvalued', 'High debt risk']"
Garden Reach Shipbuilders & Engineers Limited,GRSE.NS,"['High profitability', 'Strong revenue growth']","['Stock may be overvalued', 'High debt risk']"
Garware Hi-Tech Films Limited,GRWRHITECH.NS,"['Fair valuation', 'Average profitability']","['Moderate debt level', 'Declining revenues']"
Gujarat State Fertilizers & Chemicals Limited,GSFC.NS,"['Low valuation', 'Low debt', 'Strong revenue growth']","['Stock appears undervalued', 'Weak profitability']"
Global Surfaces Limited,GSLSU.NS,['Strong revenue growth'],"['PE data missing', 'Weak profitability', 'High debt risk']"
Gujarat State Petronet Limited,GSPL.NS,"['Fair valuation', 'Average profitability', 'Slow revenue growth']",['Moderate debt level']
GSS Infotech Limited,GSS.NS,[],"['PE data missing', 'Weak profitability', 'High debt risk', 'Declining revenues']"
G-TEC JAINX EDUCATION LIMITED,GTECJAINX.NS,[],"['PE data missing', 'Weak profitability', 'High debt risk', 'Declining revenues']"
GTL Limited,GTL.NS,[],"['PE data missing', 'ROE data missing', 'Debt data missing', 'Declining revenues']"
GTL Infrastructure Limited,GTLINFRA.NS,['Slow revenue growth'],"['PE data missing', 'ROE data missing', 'Debt data missing']"
GTPL Hathway Limited,GTPL.NS,"['Fair valuation', 'Slow revenue growth']","['Weak profitability', 'High debt risk']"
Gufic Biosciences Limited,GUFICBIO.NS,['Strong revenue growth'],"['Stock may be overvalued', 'Weak profitability', 'High debt risk']"
Gujarat Alkalies and Chemicals Limited,GUJALKALI.NS,['Slow revenue growth'],"['Stock may be overvalued', 'Weak profitability', 'High debt risk']"
Gujarat Apollo Industries Limited,GUJAPOLLO.NS,['Strong revenue growth'],"['PE data missing', 'Weak profitability', 'High debt risk']"
Gujarat Gas Limited,GUJGASLTD.NS,"['Fair valuation', 'Average profitability']","['High debt risk', 'Declining revenues']"
Gujarat Raffia Industries Limited,GUJRAFFIA.NS,"['Fair valuation', 'Strong revenue growth']","['Weak profitability', 'High debt risk']"
Gujarat Themis Biosyn Limited,GUJTHEM.NS,"['Average profitability', 'Strong revenue growth']","['Stock may be overvalued', 'High debt risk']"
Gulf Oil Lubricants India Limited,GULFOILLUB.NS,"['Fair valuation', 'High profitability', 'Slow revenue growth']",['High debt risk']
GP Petroleums Limited,GULFPETRO.NS,"['Low valuation', 'Strong revenue growth']","['Stock appears undervalued', 'Weak profitability', 'High debt risk']"
Gulshan Polyols Limited,GULPOLY.NS,"['Fair valuation', 'Strong revenue growth']","['Weak profitability', 'High debt risk']"
GVK Power & Infrastructure Limited,GVKPIL.NS,[],"['PE data missing', 'Weak profitability', 'Debt data missing', 'Declining revenues']"
GE Power India Limited,GVPIL.NS,['Strong revenue growth'],"['Stock may be overvalued', 'Weak profitability', 'High debt risk']"
GVP Infotech Limited,GVPTECH.NS,['Strong revenue growth'],"['PE data missing', 'Weak profitability', 'Debt data missing']"
GE Vernova T&D India Limited,GVT&D.NS,"['High profitability', 'Strong revenue growth']","['Stock may be overvalued', 'High debt risk']"
Hindustan Aeronautics Limited,HAL.NS,"['High profitability', 'Low debt', 'Slow revenue growth']",['Stock may be overvalued']
HALEOS LABS LIMITED,HALEOSLABS.NS,"['Fair valuation', 'Slow revenue growth']","['Weak profitability', 'High debt risk']"
Happiest Minds Technologies Limited,HAPPSTMNDS.NS,"['Average profitability', 'Strong revenue growth']","['Stock may be overvalued', 'Debt data missing']"
Happy Forgings Limited,HAPPYFORGE.NS,"['Average profitability', 'Slow revenue growth']","['Stock may be overvalued', 'High debt risk']"
Hardwyn India Limited,HARDWYN.NS,[],"['Stock may be overvalued', 'Weak profitability', 'High debt risk', 'Declining revenues']"
Hariom Pipe Industries Limited,HARIOMPIPE.NS,"['Fair valuation', 'Average profitability', 'Slow revenue growth']",['High debt risk']
Harrisons  Malayalam Limited,HARRMALAYA.NS,"['Low valuation', 'Average profitability']","['Stock appears undervalued', 'High debt risk', 'Declining revenues']"
Harsha Engineers International Limited,HARSHA.NS,['Slow revenue growth'],"['Stock may be overvalued', 'Weak profitability', 'High debt risk']"
Hathway Cable & Datacom Limited,HATHWAY.NS,"['Fair valuation', 'Low debt', 'Slow revenue growth']",['Weak profitability']
Hatsun Agro Product Limited,HATSUN.NS,"['Average profitability', 'Strong revenue growth']","['Stock may be overvalued', 'High debt risk']"
Havells India Limited,HAVELLS.NS,"['Average profitability', 'Slow revenue growth']","['Stock may be overvalued', 'High debt risk']"
Sri Havisha Hospitality and Infrastructure Limited,HAVISHA.NS,[],"['PE data missing', 'Weak profitability', 'High debt risk', 'Declining revenues']"
HBL Engineering Limited,HBLENGINE.NS,"['High profitability', 'Strong revenue growth']","['Stock may be overvalued', 'High debt risk']"
HB Stockholdings Limited,HBSL.NS,[],"['PE data missing', 'Weak profitability', 'High debt risk', 'Declining revenues']"
Hindustan Construction Company Limited,HCC.NS,"['Fair valuation', 'High profitability']","['High debt risk', 'Declining revenues']"
Healthcare Global Enterprises Limited,HCG.NS,['Strong revenue growth'],"['Stock may be overvalued', 'Weak profitability', 'High debt risk']"
HCL Infosystems Limited,HCL-INSYS.NS,[],"['PE data missing', 'ROE data missing', 'Debt data missing', 'Declining revenues']"
HCL Technologies Limited,HCLTECH.NS,"['Fair valuation', 'High profitability', 'Slow revenue growth']",['High debt risk']
HDB Financial Services Limited,HDBFS.NS,"['Fair valuation', 'Average profitability']","['High debt risk', 'Declining revenues']"
HDFC Asset Management Company Limited,HDFCAMC.NS,"['High profitability', 'Slow revenue growth']","['Stock may be overvalued', 'Debt data missing']"
HDFC Bank Limited,HDFCBANK.NS,"['Fair valuation', 'Average profitability']","['Debt data missing', 'Declining revenues']"
HDFC Life Insurance Company Limited,HDFCLIFE.NS,['Average profitability'],"['Stock may be overvalued', 'High debt risk', 'Declining revenues']"
Housing Development and Infrastructure Limited,HDIL.NS,['Strong revenue growth'],"['Stock may be overvalued', 'ROE data missing', 'Debt data missing']"
Heads UP Ventures Limited,HEADSUP.NS,"['Low valuation', 'High profitability']","['Stock appears undervalued', 'Debt data missing', 'Revenue growth data missing']"
HEC Infra Projects Limited,HECPROJECT.NS,"['Low valuation', 'High profitability', 'Strong revenue growth']","['Stock appears undervalued', 'High debt risk']"
HEG Limited,HEG.NS,['Strong revenue growth'],"['Stock may be overvalued', 'Weak profitability', 'High debt risk']"
HeidelbergCement India Limited,HEIDELBERG.NS,['Slow revenue growth'],"['Stock may be overvalued', 'Weak profitability', 'High debt risk']"
Hemisphere Properties India Limited,HEMIPROP.NS,['Slow revenue growth'],"['PE data missing', 'Weak profitability', 'High debt risk']"
Heranba Industries Limited,HERANBA.NS,['Strong revenue growth'],"['PE data missing', 'Weak profitability', 'High debt risk']"
HERCULES INVESTMENTS LIMITED,HERCULES.NS,[],"['Stock may be overvalued', 'Weak profitability', 'Debt data missing', 'Revenue growth data missing']"
Heritage Foods Limited,HERITGFOOD.NS,"['Fair valuation', 'Average profitability', 'Slow revenue growth']",['High debt risk']
Hero MotoCorp Limited,HEROMOTOCO.NS,"['Fair valuation', 'High profitability', 'Strong revenue growth']",['High debt risk']
Hester Biosciences Limited,HESTERBIO.NS,['Average profitability'],"['Stock may be overvalued', 'High debt risk', 'Declining revenues']"
Heubach Colorants India Limited,HEUBACHIND.NS,"['Fair valuation', 'Average profitability']","['High debt risk', 'Declining revenues']"
Hexa Tradex Limited,HEXATRADEX.NS,"['Low debt', 'Slow revenue growth']","['Stock may be overvalued', 'Weak profitability']"
Hexaware Technologies Limited,HEXT.NS,"['High profitability', 'Slow revenue growth']","['Stock may be overvalued', 'High debt risk']"
HFCL Limited,HFCL.NS,[],"['Stock may be overvalued', 'Weak profitability', 'High debt risk', 'Declining revenues']"
H.G. Infra Engineering Limited,HGINFRA.NS,"['Low valuation', 'Average profitability', 'Slow revenue growth']","['Stock appears undervalued', 'High debt risk']"
HandsOn Global Management (HGM) Limited,HGM.NS,"['Fair valuation', 'High profitability', 'Strong revenue growth']",['High debt risk']
Hinduja Global Solutions Limited,HGS.NS,['Slow revenue growth'],"['PE data missing', 'Weak profitability', 'High debt risk']"
Hikal Limited,HIKAL.NS,[],"['Stock may be overvalued', 'Weak profitability', 'High debt risk', 'Declining revenues']"
Highway Infrastructure Limited,HILINFRA.NS,['Low valuation'],"['Stock appears undervalued', 'ROE data missing', 'High debt risk', 'Declining revenues']"
Hilton Metal Forging Limited,HILTON.NS,"['Fair valuation', 'Strong revenue growth']","['Weak profitability', 'High debt risk']"
Himatsingka Seide Limited,HIMATSEIDE.NS,['Fair valuation'],"['Weak profitability', 'High debt risk', 'Declining revenues']"
Hindalco Industries Limited,HINDALCO.NS,"['Low valuation', 'Average profitability', 'Slow revenue growth']","['Stock appears undervalued', 'High debt risk']"
Hindustan Composites Limited,HINDCOMPOS.NS,"['Fair valuation', 'Low debt', 'Strong revenue growth']",['Weak profitability']
Hindcon Chemicals Limited,HINDCON.NS,"['Fair valuation', 'Strong revenue growth']","['Weak profitability', 'High debt risk']"
Hindustan Copper Limited,HINDCOPPER.NS,"['High profitability', 'Strong revenue growth']","['Stock may be overvalued', 'High debt risk']"
Hindustan Oil Exploration Company Limited,HINDOILEXP.NS,"['Low valuation', 'Average profitability', 'Strong revenue growth']","['Stock appears undervalued', 'High debt risk']"
Hindustan Petroleum Corporation Limited,HINDPETRO.NS,"['Low valuation', 'High profitability', 'Slow revenue growth']","['Stock appears undervalued', 'High debt risk']"
Hindustan Unilever Limited,HINDUNILVR.NS,"['High profitability', 'Slow revenue growth']","['Stock may be overvalued', 'High debt risk']"
Hindware Home Innovation Limited,HINDWAREAP.NS,['Slow revenue growth'],"['PE data missing', 'Weak profitability', 'High debt risk']"
Hindustan Zinc Limited,HINDZINC.NS,"['Fair valuation', 'High profitability', 'Slow revenue growth']",['High debt risk']
Hind Rectifiers Limited,HIRECT.NS,"['High profitability', 'Strong revenue growth']","['Stock may be overvalued', 'High debt risk']"
Hisar Metal Industries Limited,HISARMETAL.NS,[],"['Stock may be overvalued', 'Weak profitability', 'High debt risk', 'Declining revenues']"
Hi-Tech Pipes Limited,HITECH.NS,"['Fair valuation', 'Strong revenue growth']","['Weak profitability', 'High debt risk']"
Hitech Corporation Limited,HITECHCORP.NS,"['Fair valuation', 'Slow revenue growth']","['Weak profitability', 'High debt risk']"
The Hi-Tech Gears Limited,HITECHGEAR.NS,[],"['Stock may be overvalued', 'Weak profitability', 'High debt risk', 'Declining revenues']"
HLE Glascoat Limited,HLEGLAS.NS,"['Average profitability', 'Strong revenue growth']","['Stock may be overvalued', 'High debt risk']"
HLV LIMITED,HLVLTD.NS,[],"['Stock may be overvalued', 'Weak profitability', 'High debt risk', 'Declining revenues']"
HMA Agro Industries Limited,HMAAGRO.NS,"['Fair valuation', 'Average profitability', 'Strong revenue growth']",['High debt risk']
HMT Limited,HMT.NS,[],"['PE data missing', 'ROE data missing', 'Debt data missing', 'Declining revenues']"
Hindustan Media Ventures Limited,HMVL.NS,"['Low valuation', 'Slow revenue growth']","['Stock appears undervalued', 'Weak profitability', 'High debt risk']"
Hindustan Foods Limited,HNDFDS.NS,"['Average profitability', 'Strong revenue growth']","['Stock may be overvalued', 'High debt risk']"
Home First Finance Company India Limited,HOMEFIRST.NS,"['Fair valuation', 'Average profitability', 'Strong revenue growth']",['High debt risk']
Honasa Consumer Limited,HONASA.NS,"['Average profitability', 'Strong revenue growth']","['Stock may be overvalued', 'High debt risk']"
Honeywell Automation India Limited,HONAUT.NS,"['Average profitability', 'Slow revenue growth']","['Stock may be overvalued', 'High debt risk']"
Honda India Power Products Limited,HONDAPOWER.NS,['Low debt'],"['Stock may be overvalued', 'Weak profitability', 'Declining revenues']"
HP Adhesives Limited,HPAL.NS,"['Fair valuation', 'Slow revenue growth']","['Weak profitability', 'High debt risk']"
Hindprakash Industries Limited,HPIL.NS,['Strong revenue growth'],"['Stock may be overvalued', 'Weak profitability', 'High debt risk']"
HPL Electric & Power Limited,HPL.NS,"['Fair valuation', 'Average profitability', 'Slow revenue growth']",['High debt risk']
Himadri Speciality Chemical Limited,HSCL.NS,['Average profitability'],"['Stock may be overvalued', 'High debt risk', 'Declining revenues']"
HT Media Limited,HTMEDIA.NS,['Slow revenue growth'],"['Stock may be overvalued', 'Weak profitability', 'High debt risk']"
Hubtown Limited,HUBTOWN.NS,"['Fair valuation', 'Strong revenue growth']","['Weak profitability', 'High debt risk']"
Housing & Urban Development Corporation Limited,HUDCO.NS,"['Fair valuation', 'Average profitability', 'Slow revenue growth']",['High debt risk']
Huhtamaki India Limited,HUHTAMAKI.NS,['Fair valuation'],"['ROE data missing', 'High debt risk', 'Declining revenues']"
Hybrid Financial Services Limited,HYBRIDFIN.NS,"['Fair valuation', 'Slow revenue growth']","['Weak profitability', 'High debt risk']"
Hyundai Motor India Limited,HYUNDAI.NS,"['High profitability', 'Slow revenue growth']","['Stock may be overvalued', 'High debt risk']"
Indiabulls Limited,IBULLSLTD.NS,[],"['PE data missing', 'Weak profitability', 'High debt risk', 'Revenue growth data missing']"
ICDS Limited,ICDSLTD.NS,[],"['Stock may be overvalued', 'ROE data missing', 'Debt data missing', 'Revenue growth data missing']"
Ice Make Refrigeration Limited,ICEMAKE.NS,"['Average profitability', 'Strong revenue growth']","['Stock may be overvalued', 'High debt risk']"
ICICI Prudential Asset Management Company Limited,ICICIAMC.NS,[],"['Stock may be overvalued', 'ROE data missing', 'Debt data missing', 'Revenue growth data missing']"
ICICI Bank Limited,ICICIBANK.NS,"['Fair valuation', 'Average profitability', 'Slow revenue growth']",['Debt data missing']
ICICI Lombard General Insurance Company Limited,ICICIGI.NS,"['Average profitability', 'Slow revenue growth']","['Stock may be overvalued', 'Debt data missing']"
ICICI Prudential Life Insurance Company Limited,ICICIPRULI.NS,['Average profitability'],"['Stock may be overvalued', 'High debt risk', 'Declining revenues']"
Indo Count Industries Limited,ICIL.NS,['Slow revenue growth'],"['Stock may be overvalued', 'Weak profitability', 'High debt risk']"
ICRA Limited,ICRA.NS,"['Average profitability', 'Slow revenue growth']","['Stock may be overvalued', 'High debt risk']"
IDBI Bank Limited,IDBI.NS,"['Low valuation', 'Average profitability', 'Strong revenue growth']","['Stock appears undervalued', 'Debt data missing']"
Vodafone Idea Limited,IDEA.NS,['Slow revenue growth'],"['PE data missing', 'ROE data missing', 'Debt data missing']"
Ideaforge Technology Limited,IDEAFORGE.NS,['Slow revenue growth'],"['PE data missing', 'Weak profitability', 'High debt risk']"
IDFC First Bank Limited,IDFCFIRSTB.NS,['Strong revenue growth'],"['Stock may be overvalued', 'Weak profitability', 'Debt data missing']"
Indian Energy Exchange Limited,IEX.NS,"['Fair valuation', 'High profitability', 'Low debt', 'Slow revenue growth']",[]
IFB Agro Industries Limited,IFBAGRO.NS,"['Fair valuation', 'Strong revenue growth']","['Weak profitability', 'High debt risk']"
IFB Industries Limited,IFBIND.NS,"['Average profitability', 'Slow revenue growth']","['Stock may be overvalued', 'High debt risk']"
IFCI Limited,IFCI.NS,['Slow revenue growth'],"['Stock may be overvalued', 'Weak profitability', 'High debt risk']"
IFGL Refractories Limited,IFGLEXPOR.NS,['Strong revenue growth'],"['Stock may be overvalued', 'Weak profitability', 'High debt risk']"
Igarashi Motors India Limited,IGARASHI.NS,['Slow revenue growth'],"['Stock may be overvalued', 'Weak profitability', 'High debt risk']"
Indogulf Cropsciences Limited,IGCL.NS,"['Low valuation', 'Slow revenue growth']","['Stock appears undervalued', 'ROE data missing', 'High debt risk']"
International Gemmological Institute (India) Limited,IGIL.NS,"['Fair valuation', 'Strong revenue growth']","['ROE data missing', 'High debt risk']"
Indraprastha Gas Limited,IGL.NS,"['Fair valuation', 'Average profitability', 'Slow revenue growth']",['Moderate debt level']
IG Petrochemicals Limited,IGPL.NS,[],"['Stock may be overvalued', 'Weak profitability', 'High debt risk', 'Declining revenues']"
IIFL Finance Limited,IIFL.NS,['Strong revenue growth'],"['Stock may be overvalued', 'Weak profitability', 'High debt risk']"
IIFL Capital Services Limited,IIFLCAPS.NS,"['Fair valuation', 'High profitability']","['High debt risk', 'Declining revenues']"
Industrial Investment Trust Limited,IITL.NS,[],"['PE data missing', 'Weak profitability', 'Moderate debt level', 'Revenue growth data missing']"
IKIO Technologies Limited,IKIO.NS,['Strong revenue growth'],"['Stock may be overvalued', 'Weak profitability', 'High debt risk']"
Inventurus Knowledge Solutions Limited,IKS.NS,"['High profitability', 'Strong revenue growth']","['Stock may be overvalued', 'High debt risk']"
IL&FS Engineering and Construction Company Limited,IL&FSENGG.NS,[],"['PE data missing', 'ROE data missing', 'Debt data missing', 'Declining revenues']"
IL&FS Transportation Networks Limited,IL&FSTRANS.NS,['Strong revenue growth'],"['PE data missing', 'ROE data missing', 'High debt risk']"
Imagicaaworld Entertainment Limited,IMAGICAA.NS,['Slow revenue growth'],"['Stock may be overvalued', 'Weak profitability', 'High debt risk']"
Indian Metals & Ferro Alloys Limited,IMFA.NS,"['Fair valuation', 'Average profitability', 'Slow revenue growth']",['High debt risk']
India Motor Parts and Accessories Limited,IMPAL.NS,"['Fair valuation', 'Slow revenue growth']","['Weak profitability', 'Debt data missing']"
Impex Ferro Tech Limited,IMPEXFERRO.NS,[],"['PE data missing', 'ROE data missing', 'Debt data missing', 'Revenue growth data missing']"
INCREDIBLE INDUSTRIES LIMITED,INCREDIBLE.NS,"['Low valuation', 'Strong revenue growth']","['Stock appears undervalued', 'Weak profitability', 'High debt risk']"
Indbank Merchant Banking Services Limited,INDBANK.NS,['Fair valuation'],"['Weak profitability', 'High debt risk', 'Declining revenues']"
Indegene Limited,INDGN.NS,"['Fair valuation', 'Average profitability', 'Strong revenue growth']",['High debt risk']
The Indian Hotels Company Limited,INDHOTEL.NS,"['Average profitability', 'Slow revenue growth']","['Stock may be overvalued', 'High debt risk']"
The India Cements Limited,INDIACEM.NS,['Slow revenue growth'],"['Stock may be overvalued', 'Weak profitability', 'High debt risk']"
India Glycols Limited,INDIAGLYCO.NS,"['Fair valuation', 'Average profitability', 'Slow revenue growth']",['High debt risk']
Indiamart Intermesh Limited,INDIAMART.NS,"['Fair valuation', 'High profitability', 'Slow revenue growth']",['High debt risk']
Indian Bank,INDIANB.NS,"['Low valuation', 'Average profitability', 'Slow revenue growth']","['Stock appears undervalued', 'Debt data missing']"
Indian Card Clothing Company Limited,INDIANCARD.NS,['Low valuation'],"['Stock appears undervalued', 'Weak profitability', 'High debt risk', 'Declining revenues']"
Indian Hume Pipe Company Limited,INDIANHUME.NS,"['Low valuation', 'High profitability', 'Slow revenue growth']","['Stock appears undervalued', 'High debt risk']"
India Shelter Finance Corporation Limited,INDIASHLTR.NS,"['Fair valuation', 'Average profitability', 'Strong revenue growth']",['High debt risk']
InterGlobe Aviation Limited,INDIGO.NS,"['High profitability', 'Slow revenue growth']","['Stock may be overvalued', 'High debt risk']"
Indigo Paints Limited,INDIGOPNTS.NS,"['Average profitability', 'Slow revenue growth']","['Stock may be overvalued', 'High debt risk']"
Indiqube Spaces Limited,INDIQUBE.NS,['Strong revenue growth'],"['PE data missing', 'ROE data missing', 'High debt risk']"
India Nippon Electricals Limited,INDNIPPON.NS,"['Fair valuation', 'Average profitability', 'Low debt', 'Strong revenue growth']",[]
Indo Amines Limited,INDOAMIN.NS,"['Low valuation', 'High profitability', 'Slow revenue growth']","['Stock appears undervalued', 'High debt risk']"
Indo Borax & Chemicals Limited,INDOBORAX.NS,"['Fair valuation', 'Average profitability', 'Low debt', 'Strong revenue growth']",[]
Indoco Remedies Limited,INDOCO.NS,['Slow revenue growth'],"['PE data missing', 'Weak profitability', 'High debt risk']"
Indo Farm Equipment Limited,INDOFARM.NS,['Strong revenue growth'],"['Stock may be overvalued', 'ROE data missing', 'High debt risk']"
Indo Rama Synthetics (India) Limited,INDORAMA.NS,"['Low valuation', 'High profitability', 'Strong revenue growth']","['Stock appears undervalued', 'High debt risk']"
IndoStar Capital Finance Limited,INDOSTAR.NS,"['Low valuation', 'Average profitability']","['Stock appears undervalued', 'High debt risk', 'Declining revenues']"
Indo Tech Transformers Limited,INDOTECH.NS,"['Fair valuation', 'High profitability', 'Strong revenue growth']",['High debt risk']
Indo Thai Securities Limited,INDOTHAI.NS,"['Average profitability', 'Strong revenue growth']","['Stock may be overvalued', 'High debt risk']"
Indo Us Biotech Limited,INDOUS.NS,"['Low valuation', 'High profitability', 'Strong revenue growth']","['Stock appears undervalued', 'High debt risk']"
Indowind Energy Limited,INDOWIND.NS,['Strong revenue growth'],"['Stock may be overvalued', 'Weak profitability', 'High debt risk']"
Indraprastha Medical Corporation Limited,INDRAMEDCO.NS,"['Fair valuation', 'High profitability', 'Slow revenue growth']",['High debt risk']
Ind-Swift Laboratories Limited,INDSWFTLAB.NS,"['Low valuation', 'High profitability', 'Strong revenue growth']","['Stock appears undervalued', 'High debt risk']"
Indian Terrain Fashions Limited,INDTERRAIN.NS,['Strong revenue growth'],"['PE data missing', 'Weak profitability', 'High debt risk']"
IndusInd Bank Limited,INDUSINDBK.NS,[],"['PE data missing', 'Weak profitability', 'Debt data missing', 'Declining revenues']"
Indus Towers Limited,INDUSTOWER.NS,"['Low valuation', 'High profitability', 'Slow revenue growth']","['Stock appears undervalued', 'High debt risk']"
Infibeam Avenues Limited,INFIBEAM.NS,"['Fair valuation', 'Strong revenue growth']","['Weak profitability', 'High debt risk']"
InfoBeans Technologies Limited,INFOBEAN.NS,"['Fair valuation', 'Average profitability', 'Strong revenue growth']",['High debt risk']
Infomedia Press Limited,INFOMEDIA.NS,[],"['PE data missing', 'ROE data missing', 'Debt data missing', 'Revenue growth data missing']"
Infosys Limited,INFY.NS,"['Fair valuation', 'High profitability', 'Slow revenue growth']",['High debt risk']
Ingersoll Rand (India) Limited,INGERRAND.NS,['High profitability'],"['Stock may be overvalued', 'High debt risk', 'Declining revenues']"
Innova Captab Limited,INNOVACAP.NS,"['Average profitability', 'Strong revenue growth']","['Stock may be overvalued', 'High debt risk']"
Innovana Thinklabs Limited,INNOVANA.NS,"['Fair valuation', 'High profitability', 'Strong revenue growth']",['High debt risk']
Inox Green Energy Services Limited,INOXGREEN.NS,['Strong revenue growth'],"['Stock may be overvalued', 'Weak profitability', 'High debt risk']"
INOX India Limited,INOXINDIA.NS,"['High profitability', 'Strong revenue growth']","['Stock may be overvalued', 'High debt risk']"
Inox Wind Limited,INOXWIND.NS,['Strong revenue growth'],"['Stock may be overvalued', 'Weak profitability', 'High debt risk']"
Insecticides (India) Limited,INSECTICID.NS,"['Low valuation', 'Average profitability', 'Slow revenue growth']","['Stock appears undervalued', 'High debt risk']"
Inspirisys Solutions Limited,INSPIRISYS.NS,"['Low valuation', 'High profitability', 'Strong revenue growth']","['Stock appears undervalued', 'High debt risk']"
Intellect Design Arena Limited,INTELLECT.NS,"['Average profitability', 'Strong revenue growth']","['Stock may be overvalued', 'High debt risk']"
Intense Technologies Limited,INTENTECH.NS,"['Fair valuation', 'Slow revenue growth']","['Weak profitability', 'Debt data missing']"
Interarch Building Solutions Limited,INTERARCH.NS,"['Average profitability', 'Strong revenue growth']","['Stock may be overvalued', 'High debt risk']"
International Conveyors Limited,INTLCONV.NS,"['Low valuation', 'Average profitability', 'Strong revenue growth']","['Stock appears undervalued', 'High debt risk']"
Inventure Growth & Securities Limited,INVENTURE.NS,['Strong revenue growth'],"['Stock may be overvalued', 'Weak profitability', 'High debt risk']"
Indian Overseas Bank,IOB.NS,"['Low valuation', 'Average profitability', 'Strong revenue growth']","['Stock appears undervalued', 'Debt data missing']"
Indian Oil Corporation Limited,IOC.NS,"['Low valuation', 'Average profitability', 'Slow revenue growth']","['Stock appears undervalued', 'High debt risk']"
IOL Chemicals and Pharmaceuticals Limited,IOLCP.NS,"['Fair valuation', 'Slow revenue growth']","['Weak profitability', 'High debt risk']"
ION Exchange (India) Limited,IONEXCHANG.NS,"['Fair valuation', 'Average profitability', 'Slow revenue growth']",['High debt risk']
IPCA Laboratories Limited,IPCALAB.NS,"['Average profitability', 'Slow revenue growth']","['Stock may be overvalued', 'High debt risk']"
India Pesticides Limited,IPL.NS,"['Fair valuation', 'Average profitability', 'Strong revenue growth']",['High debt risk']
IRB Infrastructure Developers Limited,IRB.NS,"['Low valuation', 'High profitability']","['Stock appears undervalued', 'High debt risk', 'Declining revenues']"
Ircon International Limited,IRCON.NS,['Fair valuation'],"['Weak profitability', 'High debt risk', 'Declining revenues']"
Indian Railway Catering And Tourism Corporation Limited,IRCTC.NS,"['High profitability', 'Slow revenue growth']","['Stock may be overvalued', 'High debt risk']"
Indian Renewable Energy Development Agency Limited,IREDA.NS,"['Fair valuation', 'Average profitability', 'Strong revenue growth']",['High debt risk']
Indian Railway Finance Corporation Limited,IRFC.NS,"['Fair valuation', 'Average profitability', 'Slow revenue growth']",['High debt risk']
IRIS RegTech Solutions Limited,IRIS.NS,[],"['Stock may be overvalued', 'Weak profitability', 'High debt risk', 'Declining revenues']"
Iris Clothings Limited,IRISDOREME.NS,"['Average profitability', 'Slow revenue growth']","['Stock may be overvalued', 'High debt risk']"
IRM Energy Limited,IRMENERGY.NS,"['Fair valuation', 'Slow revenue growth']","['Weak profitability', 'High debt risk']"
Intrasoft Technologies Limited,ISFT.NS,"['Low valuation', 'Slow revenue growth']","['Stock appears undervalued', 'Weak profitability', 'High debt risk']"
Isgec Heavy Engineering Limited,ISGEC.NS,"['Fair valuation', 'Average profitability', 'Slow revenue growth']",['High debt risk']
Ishan Dyes and Chemicals Limited,ISHANCH.NS,[],"['PE data missing', 'Weak profitability', 'High debt risk', 'Declining revenues']"
ITC Limited,ITC.NS,"['Fair valuation', 'High profitability']","['Moderate debt level', 'Declining revenues']"
ITC Hotels Limited,ITCHOTELS.NS,['Slow revenue growth'],"['Stock may be overvalued', 'ROE data missing', 'Moderate debt level']"
India Tourism Development Corporation Limited,ITDC.NS,"['Average profitability', 'Low debt']","['Stock may be overvalued', 'Declining revenues']"
ITI Limited,ITI.NS,[],"['PE data missing', 'Weak profitability', 'High debt risk', 'Declining revenues']"
Ivalue Infosolutions Limited,IVALUE.NS,"['Fair valuation', 'Strong revenue growth']","['ROE data missing', 'High debt risk']"
IL&FS Investment Managers Limited,IVC.NS,['Fair valuation'],"['ROE data missing', 'Debt data missing', 'Declining revenues']"
IVP Limited,IVP.NS,"['Low valuation', 'Strong revenue growth']","['Stock appears undervalued', 'Weak profitability', 'High debt risk']"
Le Travenues Technology Limited,IXIGO.NS,['Strong revenue growth'],"['Stock may be overvalued', 'Weak profitability', 'High debt risk']"
IZMO Limited,IZMO.NS,['Slow revenue growth'],"['Stock may be overvalued', 'Weak profitability', 'High debt risk']"
The Jammu & Kashmir Bank Limited,J&KBANK.NS,"['Low valuation', 'Average profitability']","['Stock appears undervalued', 'Debt data missing', 'Declining revenues']"
Jagran Prakashan Limited,JAGRAN.NS,"['Low valuation', 'Slow revenue growth']","['Stock appears undervalued', 'Weak profitability', 'High debt risk']"
Jagsonpal Pharmaceuticals Limited,JAGSNPHARM.NS,"['Fair valuation', 'High profitability']","['High debt risk', 'Declining revenues']"
Jai Balaji Industries Limited,JAIBALAJI.NS,"['Fair valuation', 'Average profitability']","['High debt risk', 'Declining revenues']"
Jai Corp Limited,JAICORPLTD.NS,"['Low valuation', 'Average profitability', 'Low debt', 'Strong revenue growth']",['Stock appears undervalued']
Jain Resource Recycling Limited,JAINREC.NS,['Strong revenue growth'],"['Stock may be overvalued', 'ROE data missing', 'High debt risk']"
Nandani Creation Limited,JAIPURKURT.NS,"['Low valuation', 'Strong revenue growth']","['Stock appears undervalued', 'Weak profitability', 'High debt risk']"
Jamna Auto Industries Limited,JAMNAAUTO.NS,"['Fair valuation', 'Average profitability', 'Slow revenue growth']",['High debt risk']
Jaro Institute of Technology Management and Research Limited,JARO.NS,"['Fair valuation', 'Slow revenue growth']","['ROE data missing', 'High debt risk']"
Jash Engineering Limited,JASH.NS,"['Average profitability', 'Slow revenue growth']","['Stock may be overvalued', 'High debt risk']"
Jayant Agro Organics Limited,JAYAGROGN.NS,['Low valuation'],"['Stock appears undervalued', 'Weak profitability', 'High debt risk', 'Declining revenues']"
Jay Bharat Maruti Limited,JAYBARMARU.NS,"['Low valuation', 'Average profitability', 'Slow revenue growth']","['Stock appears undervalued', 'High debt risk']"
Jaykay Enterprises Limited,JAYKAY.NS,['Strong revenue growth'],"['Stock may be overvalued', 'Weak profitability', 'High debt risk']"
Jayaswal Neco Industries Limited,JAYNECOIND.NS,"['Fair valuation', 'Average profitability', 'Strong revenue growth']",['High debt risk']
Jayshree Tea & Industries Limited,JAYSREETEA.NS,"['Low valuation', 'Average profitability']","['Stock appears undervalued', 'High debt risk', 'Declining revenues']"
JB Chemicals & Pharmaceuticals Limited,JBCHEPHARM.NS,"['High profitability', 'Slow revenue growth']","['Stock may be overvalued', 'High debt risk']"
JBM Auto Limited,JBMA.NS,"['Average profitability', 'Slow revenue growth']","['Stock may be overvalued', 'High debt risk']"
Jet Freight Logistics Limited,JETFREIGHT.NS,['Fair valuation'],"['Weak profitability', 'High debt risk', 'Declining revenues']"
J.G.Chemicals Limited,JGCHEM.NS,"['Fair valuation', 'Average profitability', 'Slow revenue growth']",['High debt risk']
JHS Svendgaard Laboratories Limited,JHS.NS,['Slow revenue growth'],"['PE data missing', 'Weak profitability', 'High debt risk']"
Jindal Photo Limited,JINDALPHOT.NS,"['Low valuation', 'Strong revenue growth']","['Stock appears undervalued', 'Weak profitability', 'High debt risk']"
Jindal Poly Films Limited,JINDALPOLY.NS,[],"['PE data missing', 'ROE data missing', 'High debt risk', 'Declining revenues']"
Jindal Saw Limited,JINDALSAW.NS,"['Low valuation', 'Average profitability']","['Stock appears undervalued', 'High debt risk', 'Declining revenues']"
JINDAL STEEL LIMITED,JINDALSTEL.NS,['Slow revenue growth'],"['Stock may be overvalued', 'Weak profitability', 'High debt risk']"
Jindal Drilling And Industries Limited,JINDRILL.NS,"['Low valuation', 'High profitability', 'Strong revenue growth']","['Stock appears undervalued', 'High debt risk']"
Jindal Worldwide Limited,JINDWORLD.NS,['Slow revenue growth'],"['Stock may be overvalued', 'Weak profitability', 'High debt risk']"
Jio Financial Services Limited,JIOFIN.NS,['Strong revenue growth'],"['Stock may be overvalued', 'Weak profitability', 'High debt risk']"
Jain Irrigation Systems Limited,JISLDVREQS.NS,['Strong revenue growth'],"['Stock may be overvalued', 'Weak profitability', 'High debt risk']"
Jain Irrigation Systems Limited,JISLJALEQS.NS,['Strong revenue growth'],"['Stock may be overvalued', 'Weak profitability', 'High debt risk']"
JITF Infralogistics Limited,JITFINFRA.NS,['Slow revenue growth'],"['PE data missing', 'ROE data missing', 'Debt data missing']"
JK Cement Limited,JKCEMENT.NS,"['Average profitability', 'Strong revenue growth']","['Stock may be overvalued', 'High debt risk']"
J.Kumar Infraprojects Limited,JKIL.NS,"['Low valuation', 'Average profitability', 'Slow revenue growth']","['Stock appears undervalued', 'High debt risk']"
Jinkushal Industries Limited,JKIPL.NS,"['Fair valuation', 'Slow revenue growth']","['ROE data missing', 'High debt risk']"
JK Lakshmi Cement Limited,JKLAKSHMI.NS,"['Fair valuation', 'Average profitability', 'Strong revenue growth']",['High debt risk']
JK Paper Limited,JKPAPER.NS,"['Fair valuation', 'Slow revenue growth']","['Weak profitability', 'High debt risk']"
JK Tyre & Industries Limited,JKTYRE.NS,"['Fair valuation', 'Average profitability', 'Slow revenue growth']",['High debt risk']
Jupiter Life Line Hospitals Limited,JLHL.NS,"['Average profitability', 'Strong revenue growth']","['Stock may be overvalued', 'High debt risk']"
Jullundur Motor Agency (Delhi) Limited,JMA.NS,"['Low valuation', 'Average profitability', 'Slow revenue growth']","['Stock appears undervalued', 'Debt data missing']"
JM Financial Limited,JMFINANCIL.NS,"['Low valuation', 'Average profitability', 'Strong revenue growth']","['Stock appears undervalued', 'High debt risk']"
JNK India Limited,JNKINDIA.NS,['Strong revenue growth'],"['Stock may be overvalued', 'Weak profitability', 'High debt risk']"
Jocil Limited,JOCIL.NS,['Slow revenue growth'],"['Stock may be overvalued', 'Weak profitability', 'High debt risk']"
Jindal Poly Investment and Finance Company Limited,JPOLYINVST.NS,"['Low valuation', 'Average profitability', 'Strong revenue growth']","['Stock appears undervalued', 'High debt risk']"
Jaiprakash Power Ventures Limited,JPPOWER.NS,"['Fair valuation', 'Strong revenue growth']","['Weak profitability', 'High debt risk']"
Jana Small Finance Bank Limited,JSFB.NS,"['Low valuation', 'Average profitability', 'Strong revenue growth']","['Stock appears undervalued', 'Debt data missing']"
Jindal Stainless Limited,JSL.NS,"['Fair valuation', 'Average profitability', 'Slow revenue growth']",['High debt risk']
Jeena Sikho Lifecare Limited,JSLL.NS,"['High profitability', 'Strong revenue growth']","['Stock may be overvalued', 'High debt risk']"
JSW Cement Limited,JSWCEMENT.NS,['Strong revenue growth'],"['PE data missing', 'ROE data missing', 'High debt risk']"
JSW Energy Limited,JSWENERGY.NS,['Strong revenue growth'],"['Stock may be overvalued', 'Weak profitability', 'High debt risk']"
JSW Holdings Limited,JSWHL.NS,[],"['Stock may be overvalued', 'Weak profitability', 'Debt data missing', 'Declining revenues']"
JSW Infrastructure Limited,JSWINFRA.NS,"['Average profitability', 'Strong revenue growth']","['Stock may be overvalued', 'High debt risk']"
JSW Steel Limited,JSWSTEEL.NS,['Slow revenue growth'],"['Stock may be overvalued', 'Weak profitability', 'High debt risk']"
Jtekt India Limited,JTEKTINDIA.NS,['Slow revenue growth'],"['Stock may be overvalued', 'Weak profitability', 'High debt risk']"
JTL INDUSTRIES LIMITED,JTLIND.NS,[],"['Stock may be overvalued', 'Weak profitability', 'High debt risk', 'Declining revenues']"
Jubilant Agri and Consumer Products Limited,JUBLCPL.NS,"['Fair valuation', 'Strong revenue growth']","['ROE data missing', 'High debt risk']"
Jubilant Foodworks Limited,JUBLFOOD.NS,"['Average profitability', 'Strong revenue growth']","['Stock may be overvalued', 'High debt risk']"
Jubilant Ingrevia Limited,JUBLINGREA.NS,['Slow revenue growth'],"['Stock may be overvalued', 'Weak profitability', 'High debt risk']"
Jubilant Pharmova Limited,JUBLPHARMA.NS,['Slow revenue growth'],"['Stock may be overvalued', 'Weak profitability', 'High debt risk']"
Juniper Hotels Limited,JUNIPER.NS,['Slow revenue growth'],"['Stock may be overvalued', 'Weak profitability', 'High debt risk']"
Just Dial Limited,JUSTDIAL.NS,"['Low valuation', 'Average profitability', 'Slow revenue growth']","['Stock appears undervalued', 'High debt risk']"
Jupiter Wagons Limited,JWL.NS,['Average profitability'],"['Stock may be overvalued', 'High debt risk', 'Declining revenues']"
Jyothy Labs Limited,JYOTHYLAB.NS,"['Fair valuation', 'High profitability', 'Slow revenue growth']",['High debt risk']
Jyoti CNC Automation Limited,JYOTICNC.NS,"['High profitability', 'Strong revenue growth']","['Stock may be overvalued', 'High debt risk']"
Jyoti Structures Limited,JYOTISTRUC.NS,"['Fair valuation', 'Average profitability', 'Strong revenue growth']",['High debt risk']
Kabra Extrusion Technik Limited,KABRAEXTRU.NS,['Slow revenue growth'],"['Stock may be overvalued', 'Weak profitability', 'High debt risk']"
Kajaria Ceramics Limited,KAJARIACER.NS,"['Average profitability', 'Slow revenue growth']","['Stock may be overvalued', 'High debt risk']"
Kakatiya Cement Sugar & Industries Limited,KAKATCEM.NS,['Strong revenue growth'],"['PE data missing', 'Weak profitability', 'High debt risk']"
Sai Silks (Kalamandir) Limited,KALAMANDIR.NS,"['Fair valuation', 'Average profitability', 'Strong revenue growth']",['High debt risk']
Kalpataru Limited,KALPATARU.NS,['Strong revenue growth'],"['PE data missing', 'ROE data missing', 'High debt risk']"
Kalyani Commercials Limited,KALYANI.NS,['Low valuation'],"['Stock appears undervalued', 'ROE data missing', 'Debt data missing', 'Revenue growth data missing']"
Kalyani Forge Limited,KALYANIFRG.NS,[],"['Stock may be overvalued', 'Weak profitability', 'High debt risk', 'Declining revenues']"
Kalyan Jewellers India Limited,KALYANKJIL.NS,"['Average profitability', 'Strong revenue growth']","['Stock may be overvalued', 'High debt risk']"
Kamat Hotels (I) Limited,KAMATHOTEL.NS,"['Fair valuation', 'Average profitability']","['High debt risk', 'Declining revenues']"
Kamdhenu Limited,KAMDHENU.NS,"['Low valuation', 'High profitability', 'Low debt', 'Slow revenue growth']",['Stock appears undervalued']
Kamdhenu Ventures Limited,KAMOPAINTS.NS,"['Low valuation', 'Slow revenue growth']","['Stock appears undervalued', 'Weak profitability', 'High debt risk']"
Kanani Industries Limited,KANANIIND.NS,"['Fair valuation', 'Low debt', 'Slow revenue growth']",['Weak profitability']
Kanoria Chemicals & Industries Limited,KANORICHEM.NS,[],"['PE data missing', 'Weak profitability', 'High debt risk', 'Declining revenues']"
Kanpur Plastipack Limited,KANPRPLA.NS,"['Fair valuation', 'Average profitability', 'Slow revenue growth']",['High debt risk']
Kansai Nerolac Paints Limited,KANSAINER.NS,"['Fair valuation', 'Average profitability', 'Slow revenue growth']",['High debt risk']
Kapston Services Limited,KAPSTON.NS,"['Fair valuation', 'High profitability', 'Strong revenue growth']",['High debt risk']
Karma Energy Limited,KARMAENG.NS,['Slow revenue growth'],"['Stock may be overvalued', 'Weak profitability', 'High debt risk']"
Karur Vysya Bank Limited,KARURVYSYA.NS,"['Low valuation', 'Average profitability', 'Slow revenue growth']","['Stock appears undervalued', 'Debt data missing']"
Kaushalya Infrastructure Development Corporation Limited,KAUSHALYA.NS,['Strong revenue growth'],"['PE data missing', 'Weak profitability', 'Debt data missing']"
Kavveri Defence & Wireless Technologies Limited,KAVDEFENCE.NS,['Strong revenue growth'],"['Stock may be overvalued', 'Weak profitability', 'High debt risk']"
Kaya Limited,KAYA.NS,['Slow revenue growth'],"['PE data missing', 'ROE data missing', 'Debt data missing']"
Kaynes Technology India Limited,KAYNES.NS,"['Average profitability', 'Strong revenue growth']","['Stock may be overvalued', 'High debt risk']"
KCP Limited,KCP.NS,"['Fair valuation', 'Average profitability']","['High debt risk', 'Declining revenues']"
KCP Sugar and Industries Corporation Limited,KCPSUGIND.NS,[],"['PE data missing', 'Weak profitability', 'High debt risk', 'Declining revenues']"
KDDL Limited,KDDL.NS,['Strong revenue growth'],"['Stock may be overvalued', 'Weak profitability', 'High debt risk']"
KEC International Limited,KEC.NS,"['Fair valuation', 'Average profitability', 'Strong revenue growth']",['High debt risk']
Kirloskar Electric Company Limited,KECL.NS,[],"['Stock may be overvalued', 'Weak profitability', 'High debt risk', 'Declining revenues']"
DSJ Keep Learning Limited,KEEPLEARN.NS,['Strong revenue growth'],"['Stock may be overvalued', 'Weak profitability', 'Debt data missing']"
KEI Industries Limited,KEI.NS,"['Average profitability', 'Strong revenue growth']","['Stock may be overvalued', 'High debt risk']"
Kellton Tech Solutions Limited,KELLTONTEC.NS,"['Low valuation', 'Average profitability', 'Slow revenue growth']","['Stock appears undervalued', 'High debt risk']"
Kernex Microsystems (India) Limited,KERNEX.NS,"['High profitability', 'Slow revenue growth']","['Stock may be overvalued', 'High debt risk']"
Kesoram Industries Limited,KESORAMIND.NS,[],"['PE data missing', 'Weak profitability', 'High debt risk', 'Declining revenues']"
Keynote Financial Services Limited,KEYFINSERV.NS,['Fair valuation'],"['Weak profitability', 'Moderate debt level', 'Revenue growth data missing']"
Kfin Technologies Limited,KFINTECH.NS,"['High profitability', 'Slow revenue growth']","['Stock may be overvalued', 'High debt risk']"
Khadim India Limited,KHADIM.NS,['Fair valuation'],"['Weak profitability', 'High debt risk', 'Declining revenues']"
Khaitan Chemicals & Fertilizers Limited,KHAICHEM.NS,"['Low valuation', 'High profitability', 'Strong revenue growth']","['Stock appears undervalued', 'High debt risk']"
Khaitan (India) Limited,KHAITANLTD.NS,"['Low valuation', 'High profitability', 'Strong revenue growth']","['Stock appears undervalued', 'High debt risk']"
Khandwala Securities Limited,KHANDSE.NS,[],"['PE data missing', 'Weak profitability', 'High debt risk', 'Declining revenues']"
Kalyani Investment Company Limited,KICL.NS,[],"['Stock may be overvalued', 'Weak profitability', 'Debt data missing', 'Declining revenues']"
Kilitch Drugs (India) Limited,KILITCH.NS,"['Fair valuation', 'Average profitability', 'Slow revenue growth']",['High debt risk']
Krishna Institute of Medical Sciences Limited,KIMS.NS,"['Average profitability', 'Strong revenue growth']","['Stock may be overvalued', 'High debt risk']"
Kingfa Science & Technology (India) Limited,KINGFA.NS,"['Average profitability', 'Slow revenue growth']","['Stock may be overvalued', 'High debt risk']"
KIOCL Limited,KIOCL.NS,['Strong revenue growth'],"['PE data missing', 'Weak profitability', 'High debt risk']"
Kiri Industries Limited,KIRIINDUS.NS,[],"['Stock may be overvalued', 'Weak profitability', 'High debt risk', 'Declining revenues']"
Kirloskar Brothers Limited,KIRLOSBROS.NS,['Average profitability'],"['Stock may be overvalued', 'High debt risk', 'Declining revenues']"
Kirloskar Oil Engines Limited,KIRLOSENG.NS,"['Average profitability', 'Strong revenue growth']","['Stock may be overvalued', 'High debt risk']"
Kirloskar Industries Limited,KIRLOSIND.NS,"['Fair valuation', 'Slow revenue growth']","['Weak profitability', 'High debt risk']"
Kirloskar Pneumatic Company Limited,KIRLPNU.NS,['Average profitability'],"['Stock may be overvalued', 'Moderate debt level', 'Declining revenues']"
Kitex Garments Limited,KITEX.NS,[],"['PE data missing', 'ROE data missing', 'High debt risk', 'Declining revenues']"
Kewal Kiran Clothing Limited,KKCL.NS,"['Fair valuation', 'Average profitability', 'Slow revenue growth']",['High debt risk']
Knowledge Marine & Engineering Works Limited,KMEW.NS,['High profitability'],"['Stock may be overvalued', 'High debt risk', 'Declining revenues']"
K.M.Sugar Mills Limited,KMSUGAR.NS,"['Low valuation', 'Average profitability', 'Slow revenue growth']","['Stock appears undervalued', 'High debt risk']"
KN Agri Resources Limited,KNAGRI.NS,"['Low valuation', 'Average profitability', 'Slow revenue growth']","['Stock appears undervalued', 'High debt risk']"
KNR Constructions Limited,KNRCON.NS,"['Low valuation', 'Average profitability']","['Stock appears undervalued', 'High debt risk', 'Declining revenues']"
Kohinoor Foods Limited,KOHINOOR.NS,"['Low valuation', 'Strong revenue growth']","['Stock appears undervalued', 'ROE data missing', 'Debt data missing']"
Kokuyo Camlin Limited,KOKUYOCMLN.NS,[],"['Stock may be overvalued', 'Weak profitability', 'High debt risk', 'Declining revenues']"
Kolte - Patil Developers Limited,KOLTEPATIL.NS,[],"['Stock may be overvalued', 'Weak profitability', 'High debt risk', 'Declining revenues']"
Kopran Limited,KOPRAN.NS,[],"['Stock may be overvalued', 'Weak profitability', 'High debt risk', 'Declining revenues']"
Kotak Mahindra Bank Limited,KOTAKBANK.NS,"['Fair valuation', 'Average profitability']","['Debt data missing', 'Declining revenues']"
Kothari Sugars And Chemicals Limited,KOTARISUG.NS,[],"['PE data missing', 'Weak profitability', 'High debt risk', 'Declining revenues']"
Kothari Petrochemicals Limited,KOTHARIPET.NS,"['Low valuation', 'High profitability']","['Stock appears undervalued', 'Moderate debt level', 'Declining revenues']"
Kothari Products Limited,KOTHARIPRO.NS,"['Low valuation', 'Slow revenue growth']","['Stock appears undervalued', 'Weak profitability', 'High debt risk']"
K.P. Energy Limited,KPEL.NS,"['Fair valuation', 'High profitability', 'Strong revenue growth']",['High debt risk']
KPI Green Energy Limited,KPIGREEN.NS,"['Fair valuation', 'Average profitability', 'Strong revenue growth']",['High debt risk']
Kalpataru Projects International Limited,KPIL.NS,"['Fair valuation', 'Average profitability', 'Strong revenue growth']",['High debt risk']
KPIT Technologies Limited,KPITTECH.NS,"['High profitability', 'Slow revenue growth']","['Stock may be overvalued', 'High debt risk']"
K.P.R. Mill Limited,KPRMILL.NS,"['Average profitability', 'Slow revenue growth']","['Stock may be overvalued', 'High debt risk']"
KRBL Limited,KRBL.NS,"['Fair valuation', 'Average profitability', 'Strong revenue growth']",['High debt risk']
Krebs Biochemicals and Industries Limited,KREBSBIO.NS,[],"['PE data missing', 'ROE data missing', 'Debt data missing', 'Declining revenues']"
Kridhan Infra Limited,KRIDHANINF.NS,['Low valuation'],"['Stock appears undervalued', 'ROE data missing', 'Debt data missing', 'Revenue growth data missing']"
Krishana Phoschem Limited,KRISHANA.NS,"['Fair valuation', 'High profitability', 'Strong revenue growth']",['High debt risk']
Krishival Foods Limited-RE,KRISHFL-RE.NS,[],"['PE data missing', 'ROE data missing', 'Debt data missing', 'Revenue growth data missing']"
Krishival Foods Limited,KRISHIVAL.NS,"['Average profitability', 'Strong revenue growth']","['Stock may be overvalued', 'High debt risk']"
Kriti Industries (India) Limited,KRITI.NS,[],"['PE data missing', 'Weak profitability', 'High debt risk', 'Declining revenues']"
Kritika Wires Limited,KRITIKA.NS,"['Fair valuation', 'Slow revenue growth']","['Weak profitability', 'High debt risk']"
Kriti Nutrients Limited,KRITINUT.NS,"['Low valuation', 'Average profitability', 'Strong revenue growth']","['Stock appears undervalued', 'High debt risk']"
KRN Heat Exchanger and Refrigeration Limited,KRN.NS,"['Average profitability', 'Strong revenue growth']","['Stock may be overvalued', 'High debt risk']"
Kronox Lab Sciences Limited,KRONOX.NS,"['Fair valuation', 'High profitability', 'Slow revenue growth']",['High debt risk']
Kross Limited,KROSS.NS,"['Fair valuation', 'Average profitability']","['High debt risk', 'Declining revenues']"
Krsnaa Diagnostics Limited,KRSNAA.NS,"['Fair valuation', 'Slow revenue growth']","['Weak profitability', 'High debt risk']"
Krystal Integrated Services Limited,KRYSTAL.NS,"['Fair valuation', 'Average profitability', 'Slow revenue growth']",['High debt risk']
Ksb Limited,KSB.NS,"['Low debt', 'Slow revenue growth']","['Stock may be overvalued', 'ROE data missing']"
Kaveri Seed Company Limited,KSCL.NS,"['Fair valuation', 'Average profitability', 'Strong revenue growth']",['Debt data missing']
KSH International Limited,KSHINTL.NS,['High profitability'],"['Stock may be overvalued', 'High debt risk', 'Revenue growth data missing']"
Kshitij Polyline Limited,KSHITIJPOL.NS,[],"['PE data missing', 'Weak profitability', 'High debt risk', 'Declining revenues']"
Kalyani Steels Limited,KSL.NS,"['Low valuation', 'Average profitability']","['Stock appears undervalued', 'High debt risk', 'Declining revenues']"
Ksolves India Limited,KSOLVES.NS,"['Fair valuation', 'High profitability', 'Slow revenue growth']",['High debt risk']
KSR Footwear Limited,KSR.NS,[],"['PE data missing', 'ROE data missing', 'High debt risk', 'Declining revenues']"
The Karnataka Bank Limited,KTKBANK.NS,['Low valuation'],"['Stock appears undervalued', 'Weak profitability', 'Debt data missing', 'Declining revenues']"
Kuantum Papers Limited,KUANTUM.NS,"['Low valuation', 'Slow revenue growth']","['Stock appears undervalued', 'Weak profitability', 'High debt risk']"
Lagnam Spintex Limited,LAGNAM.NS,"['Low valuation', 'Average profitability']","['Stock appears undervalued', 'High debt risk', 'Declining revenues']"
Lakshmi Precision Screws Limited,LAKPRE.NS,['Strong revenue growth'],"['PE data missing', 'Weak profitability', 'Debt data missing']"
Lorenzini Apparels Limited,LAL.NS,['Strong revenue growth'],"['PE data missing', 'Weak profitability', 'High debt risk']"
Dr. Lal Path Labs Ltd.,LALPATHLAB.NS,"['High profitability', 'Slow revenue growth']","['Stock may be overvalued', 'High debt risk']"
Lambodhara Textiles Limited,LAMBODHARA.NS,"['Fair valuation', 'Slow revenue growth']","['Weak profitability', 'High debt risk']"
Lancor Holdings Limited,LANCORHOL.NS,[],"['PE data missing', 'Weak profitability', 'High debt risk', 'Declining revenues']"
Landmark Cars Limited,LANDMARK.NS,['Strong revenue growth'],"['Stock may be overvalued', 'Weak profitability', 'High debt risk']"
La Opala RG Limited,LAOPALA.NS,"['Fair valuation', 'Average profitability', 'Slow revenue growth']",['High debt risk']
Lasa Supergenerics Limited,LASA.NS,['Low valuation'],"['Stock appears undervalued', 'Weak profitability', 'High debt risk', 'Declining revenues']"
Latent View Analytics Limited,LATENTVIEW.NS,"['Average profitability', 'Strong revenue growth']","['Stock may be overvalued', 'High debt risk']"
Latteys Industries Limited,LATTEYS.NS,['Slow revenue growth'],"['Stock may be overvalued', 'Weak profitability', 'High debt risk']"
Laurus Labs Limited,LAURUSLABS.NS,"['Average profitability', 'Strong revenue growth']","['Stock may be overvalued', 'High debt risk']"
Laxmi Cotspin Limited,LAXMICOT.NS,"['Low valuation', 'Average profitability', 'Slow revenue growth']","['Stock appears undervalued', 'High debt risk']"
Laxmi Dental Limited,LAXMIDENTL.NS,['Strong revenue growth'],"['Stock may be overvalued', 'ROE data missing', 'High debt risk']"
Laxmi India Finance Limited,LAXMIINDIA.NS,"['Fair valuation', 'Strong revenue growth']","['ROE data missing', 'High debt risk']"
LCC Infotech Limited,LCCINFOTEC.NS,[],"['PE data missing', 'Weak profitability', 'High debt risk', 'Declining revenues']"
Le Merite Exports Limited,LEMERITE.NS,['Average profitability'],"['Stock may be overvalued', 'High debt risk', 'Declining revenues']"
Lemon Tree Hotels Limited,LEMONTREE.NS,"['Average profitability', 'Slow revenue growth']","['Stock may be overvalued', 'High debt risk']"
Lenskart Solutions Limited,LENSKART.NS,['Strong revenue growth'],"['Stock may be overvalued', 'ROE data missing', 'High debt risk']"
Lexus Granito (India) Limited,LEXUS.NS,"['Average profitability', 'Strong revenue growth']","['Stock may be overvalued', 'High debt risk']"
Lakshmi Finance & Industrial Corporation Limited,LFIC.NS,[],"['PE data missing', 'Weak profitability', 'Debt data missing', 'Declining revenues']"
LG Balakrishnan & Bros Limited,LGBBROSLTD.NS,"['Fair valuation', 'Average profitability', 'Strong revenue growth']",['High debt risk']
LG Electronics India Limited,LGEINDIA.NS,['Slow revenue growth'],"['Stock may be overvalued', 'ROE data missing', 'High debt risk']"
Laxmi Goldorna House Limited,LGHL.NS,"['Average profitability', 'Slow revenue growth']","['Stock may be overvalued', 'High debt risk']"
Libas Consumer Products Limited,LIBAS.NS,"['Low valuation', 'Slow revenue growth']","['Stock appears undervalued', 'Weak profitability', 'High debt risk']"
Liberty Shoes Limited,LIBERTSHOE.NS,['Slow revenue growth'],"['Stock may be overvalued', 'Weak profitability', 'High debt risk']"
LIC Housing Finance Limited,LICHSGFIN.NS,"['Low valuation', 'Average profitability', 'Slow revenue growth']","['Stock appears undervalued', 'High debt risk']"
Life Insurance Corporation Of India,LICI.NS,"['Low valuation', 'High profitability', 'Low debt', 'Slow revenue growth']",['Stock appears undervalued']
Likhitha Infrastructure Limited,LIKHITHA.NS,"['Low valuation', 'Average profitability', 'Low debt']","['Stock appears undervalued', 'Declining revenues']"
Linc Limited,LINC.NS,"['Fair valuation', 'Average profitability', 'Slow revenue growth']",['High debt risk']
Lincoln Pharmaceuticals Limited,LINCOLN.NS,"['Low valuation', 'Average profitability', 'Low debt', 'Slow revenue growth']",['Stock appears undervalued']
Linde India Limited,LINDEINDIA.NS,"['Average profitability', 'Slow revenue growth']","['Stock may be overvalued', 'High debt risk']"
LLOYDS ENGINEERING WORKS LIMITED,LLOYDSENGG.NS,"['Average profitability', 'Strong revenue growth']","['Stock may be overvalued', 'High debt risk']"
Lloyds Enterprises Limited,LLOYDSENT.NS,"['Fair valuation', 'Average profitability', 'Slow revenue growth']",['High debt risk']
Lloyds Metals And Energy Limited,LLOYDSME.NS,"['High profitability', 'Strong revenue growth']","['Stock may be overvalued', 'High debt risk']"
LMW Limited,LMW.NS,['Slow revenue growth'],"['Stock may be overvalued', 'Weak profitability', 'Debt data missing']"
Lodha Developers Limited,LODHA.NS,"['Average profitability', 'Strong revenue growth']","['Stock may be overvalued', 'High debt risk']"
Lokesh Machines Limited,LOKESHMACH.NS,[],"['PE data missing', 'Weak profitability', 'High debt risk', 'Declining revenues']"
Lords Chloro Alkali Limited,LORDSCHLO.NS,"['Fair valuation', 'Average profitability', 'Strong revenue growth']",['High debt risk']
Sri Lotus Developers and Realty Limited,LOTUSDEV.NS,['Strong revenue growth'],"['Stock may be overvalued', 'ROE data missing', 'High debt risk']"
Lotus Eye Hospital and Institute Limited,LOTUSEYE.NS,['Slow revenue growth'],"['Stock may be overvalued', 'Weak profitability', 'High debt risk']"
Lovable Lingerie Limited,LOVABLE.NS,[],"['Stock may be overvalued', 'Weak profitability', 'High debt risk', 'Declining revenues']"
Loyal Textile Mills Limited,LOYALTEX.NS,[],"['PE data missing', 'Weak profitability', 'High debt risk', 'Declining revenues']"
Landmark Property Development Company Limited,LPDC.NS,[],"['PE data missing', 'Weak profitability', 'Debt data missing', 'Revenue growth data missing']"
Larsen & Toubro Limited,LT.NS,"['Average profitability', 'Slow revenue growth']","['Stock may be overvalued', 'High debt risk']"
L&T Finance Limited,LTF.NS,"['Fair valuation', 'Average profitability', 'Slow revenue growth']",['High debt risk']
LT Foods Limited,LTFOODS.NS,"['Fair valuation', 'Average profitability', 'Strong revenue growth']",['High debt risk']
LTIMindtree Limited,LTIM.NS,"['High profitability', 'Slow revenue growth']","['Stock may be overvalued', 'High debt risk']"
L&T Technology Services Limited,LTTS.NS,"['High profitability', 'Strong revenue growth']","['Stock may be overvalued', 'High debt risk']"
Lumax Industries Limited,LUMAXIND.NS,"['Average profitability', 'Strong revenue growth']","['Stock may be overvalued', 'High debt risk']"
Lumax Auto Technologies Limited,LUMAXTECH.NS,"['High profitability', 'Strong revenue growth']","['Stock may be overvalued', 'High debt risk']"
Lupin Limited,LUPIN.NS,"['Fair valuation', 'High profitability', 'Strong revenue growth']",['High debt risk']
Lux Industries Limited,LUXIND.NS,"['Fair valuation', 'Slow revenue growth']","['Weak profitability', 'High debt risk']"
Laxmi Organic Industries Limited,LXCHEM.NS,[],"['Stock may be overvalued', 'Weak profitability', 'High debt risk', 'Declining revenues']"
Lyka Labs Limited,LYKALABS.NS,[],"['Stock may be overvalued', 'Weak profitability', 'High debt risk', 'Declining revenues']"
Lypsa Gems & Jewellery Limited,LYPSAGEMS.NS,['Strong revenue growth'],"['PE data missing', 'Weak profitability', 'Debt data missing']"
Mahindra & Mahindra Limited,M&M.NS,"['Fair valuation', 'Average profitability', 'Strong revenue growth']",['High debt risk']
Mahindra & Mahindra Financial Services Limited,M&MFIN.NS,"['Fair valuation', 'Average profitability', 'Strong revenue growth']",['High debt risk']
Maan Aluminium Limited,MAANALU.NS,[],"['Stock may be overvalued', 'Weak profitability', 'High debt risk', 'Declining revenues']"
Macpower CNC Machines Limited,MACPOWER.NS,"['Average profitability', 'Strong revenue growth']","['Stock may be overvalued', 'Moderate debt level']"
Madhav Marbles and Granites Limited,MADHAV.NS,['Strong revenue growth'],"['PE data missing', 'Weak profitability', 'High debt risk']"
Madhucon Projects Limited,MADHUCON.NS,[],"['PE data missing', 'ROE data missing', 'Debt data missing', 'Declining revenues']"
Madras Fertilizers Limited,MADRASFERT.NS,['Fair valuation'],"['ROE data missing', 'High debt risk', 'Declining revenues']"
Magadh Sugar & Energy Limited,MAGADSUGAR.NS,"['Low valuation', 'Average profitability', 'Slow revenue growth']","['Stock appears undervalued', 'High debt risk']"
Magnum Ventures Limited,MAGNUM.NS,['Strong revenue growth'],"['PE data missing', 'Weak profitability', 'High debt risk']"
Bank of Maharashtra,MAHABANK.NS,"['Low valuation', 'High profitability', 'Strong revenue growth']","['Stock appears undervalued', 'Debt data missing']"
Maha Rashtra Apex Corporation Limited,MAHAPEXLTD.NS,"['Fair valuation', 'High profitability']","['Debt data missing', 'Declining revenues']"
Mahamaya Steel Industries Limited,MAHASTEEL.NS,['Strong revenue growth'],"['Stock may be overvalued', 'ROE data missing', 'High debt risk']"
Mahindra EPC Irrigation Limited,MAHEPC.NS,['Fair valuation'],"['Weak profitability', 'High debt risk', 'Declining revenues']"
Maheshwari Logistics Limited,MAHESHWARI.NS,"['Low valuation', 'Strong revenue growth']","['Stock appears undervalued', 'Weak profitability', 'High debt risk']"
Mahindra Lifespace Developers Limited,MAHLIFE.NS,['Strong revenue growth'],"['Stock may be overvalued', 'Weak profitability', 'High debt risk']"
Mahindra Logistics Limited,MAHLOG.NS,['Slow revenue growth'],"['PE data missing', 'Weak profitability', 'High debt risk']"
Maharashtra Scooters Limited,MAHSCOOTER.NS,['Strong revenue growth'],"['Stock may be overvalued', 'Weak profitability', 'Debt data missing']"
Maharashtra Seamless Limited,MAHSEAMLES.NS,"['Low valuation', 'Average profitability', 'Low debt']","['Stock appears undervalued', 'Declining revenues']"
Maithan Alloys Limited,MAITHANALL.NS,"['Low valuation', 'Average profitability', 'Slow revenue growth']","['Stock appears undervalued', 'High debt risk']"
Mallcom (India) Limited,MALLCOM.NS,"['Low valuation', 'Average profitability', 'Slow revenue growth']","['Stock appears undervalued', 'High debt risk']"
Malu Paper Mills Limited,MALUPAPER.NS,[],"['PE data missing', 'ROE data missing', 'Debt data missing', 'Declining revenues']"
Mamata Machinery Limited,MAMATA.NS,"['Fair valuation', 'High profitability', 'Strong revenue growth']",['High debt risk']
Manaksia Aluminium Company Limited,MANAKALUCO.NS,['Fair valuation'],"['Weak profitability', 'High debt risk', 'Declining revenues']"
Manaksia Coated Metals & Industries Limited,MANAKCOAT.NS,"['Average profitability', 'Strong revenue growth']","['Stock may be overvalued', 'High debt risk']"
Manaksia Limited,MANAKSIA.NS,"['Low valuation', 'Slow revenue growth']","['Stock appears undervalued', 'Weak profitability', 'High debt risk']"
Manaksia Steels Limited,MANAKSTEEL.NS,"['Fair valuation', 'Strong revenue growth']","['Weak profitability', 'High debt risk']"
Manali Petrochemicals Limited,MANALIPETC.NS,"['Fair valuation', 'Slow revenue growth']","['Weak profitability', 'High debt risk']"
Manappuram Finance Limited,MANAPPURAM.NS,[],"['Stock may be overvalued', 'Weak profitability', 'High debt risk', 'Declining revenues']"
Manba Finance Limited,MANBA.NS,"['Fair valuation', 'Average profitability', 'Slow revenue growth']",['High debt risk']
Mangal Credit and Fincorp Limited,MANCREDIT.NS,"['Fair valuation', 'Strong revenue growth']","['Weak profitability', 'High debt risk']"
Mangalam Drugs And Organics Limited,MANGALAM.NS,[],"['PE data missing', 'Weak profitability', 'High debt risk', 'Declining revenues']"
Mangalam Cement Limited,MANGLMCEM.NS,"['Fair valuation', 'Slow revenue growth']","['Weak profitability', 'High debt risk']"
Man Industries (India) Limited,MANINDS.NS,"['Fair valuation', 'Slow revenue growth']","['Weak profitability', 'High debt risk']"
Man Infraconstruction Limited,MANINFRA.NS,"['Fair valuation', 'Average profitability']","['High debt risk', 'Declining revenues']"
Mankind Pharma Limited,MANKIND.NS,"['Average profitability', 'Strong revenue growth']","['Stock may be overvalued', 'High debt risk']"
Manomay Tex India Limited,MANOMAY.NS,"['Fair valuation', 'Average profitability']","['High debt risk', 'Declining revenues']"
Manorama Industries Limited,MANORAMA.NS,"['High profitability', 'Strong revenue growth']","['Stock may be overvalued', 'High debt risk']"
Mangalam Organics Limited,MANORG.NS,"['Fair valuation', 'Slow revenue growth']","['Weak profitability', 'High debt risk']"
Manugraph India Limited,MANUGRAPH.NS,['Slow revenue growth'],"['PE data missing', 'Weak profitability', 'High debt risk']"
Vedant Fashions Limited,MANYAVAR.NS,['High profitability'],"['Stock may be overvalued', 'High debt risk', 'Declining revenues']"
C.E. Info Systems Limited,MAPMYINDIA.NS,"['Average profitability', 'Slow revenue growth']","['Stock may be overvalued', 'High debt risk']"
Maral Overseas Limited,MARALOVER.NS,[],"['PE data missing', 'Weak profitability', 'High debt risk', 'Declining revenues']"
Marathon Nextgen Realty Limited,MARATHON.NS,"['Low valuation', 'Average profitability']","['Stock appears undervalued', 'High debt risk', 'Declining revenues']"
Marico Limited,MARICO.NS,"['High profitability', 'Strong revenue growth']","['Stock may be overvalued', 'High debt risk']"
Marine Electricals (India) Limited,MARINE.NS,"['Average profitability', 'Strong revenue growth']","['Stock may be overvalued', 'High debt risk']"
Markolines Pavement Technologies Limited,MARKOLINES.NS,"['Low valuation', 'Average profitability', 'Strong revenue growth']","['Stock appears undervalued', 'High debt risk']"
Marksans Pharma Limited,MARKSANS.NS,"['Fair valuation', 'Average profitability', 'Slow revenue growth']",['High debt risk']
Maruti Suzuki India Limited,MARUTI.NS,"['Average profitability', 'Low debt', 'Slow revenue growth']",['Stock may be overvalued']
MAS Financial Services Limited,MASFIN.NS,"['Fair valuation', 'Average profitability', 'Strong revenue growth']",['High debt risk']
Mask Investments Limited,MASKINVEST.NS,[],"['PE data missing', 'Weak profitability', 'Moderate debt level', 'Declining revenues']"
Mastek Limited,MASTEK.NS,"['Fair valuation', 'Average profitability', 'Slow revenue growth']",['High debt risk']
Master Trust Limited,MASTERTR.NS,['Low valuation'],"['Stock appears undervalued', 'ROE data missing', 'Debt data missing', 'Declining revenues']"
Matrimony.Com Limited,MATRIMONY.NS,['Average profitability'],"['Stock may be overvalued', 'High debt risk', 'Declining revenues']"
Mawana Sugars Limited,MAWANASUG.NS,"['Low valuation', 'High profitability', 'Slow revenue growth']","['Stock appears undervalued', 'High debt risk']"
Max Estates Limited,MAXESTATES.NS,['Strong revenue growth'],"['Stock may be overvalued', 'Weak profitability', 'High debt risk']"
Max Healthcare Institute Limited,MAXHEALTH.NS,"['Average profitability', 'Strong revenue growth']","['Stock may be overvalued', 'High debt risk']"
Max India Limited,MAXIND.NS,['Slow revenue growth'],"['PE data missing', 'Weak profitability', 'High debt risk']"
Mayur Uniquoters Ltd,MAYURUNIQ.NS,"['Low valuation', 'Average profitability', 'Strong revenue growth']","['Stock appears undervalued', 'Moderate debt level']"
Mazda Limited,MAZDA.NS,"['Fair valuation', 'Average profitability']","['Debt data missing', 'Declining revenues']"
Mazagon Dock Shipbuilders Limited,MAZDOCK.NS,"['High profitability', 'Low debt', 'Slow revenue growth']",['Stock may be overvalued']
Madhya Bharat Agro Products Limited,MBAPL.NS,"['High profitability', 'Strong revenue growth']","['Stock may be overvalued', 'High debt risk']"
M & B Engineering Limited,MBEL.NS,"['Fair valuation', 'Strong revenue growth']","['ROE data missing', 'High debt risk']"
MBL Infrastructure Limited,MBLINFRA.NS,['Strong revenue growth'],"['PE data missing', 'Weak profitability', 'High debt risk']"
Madhav Copper Limited,MCL.NS,['Strong revenue growth'],"['Stock may be overvalued', 'Weak profitability', 'High debt risk']"
Mcleod Russel India Limited,MCLEODRUSS.NS,[],"['PE data missing', 'Weak profitability', 'High debt risk', 'Declining revenues']"
Magellanic Cloud Limited,MCLOUD.NS,"['Low valuation', 'High profitability', 'Slow revenue growth']","['Stock appears undervalued', 'High debt risk']"
Multi Commodity Exchange of India Limited,MCX.NS,"['High profitability', 'Low debt', 'Strong revenue growth']",['Stock may be overvalued']
Global Health Limited,MEDANTA.NS,"['Average profitability', 'Slow revenue growth']","['Stock may be overvalued', 'High debt risk']"
Medi Assist Healthcare Services Limited,MEDIASSIST.NS,"['Average profitability', 'Strong revenue growth']","['Stock may be overvalued', 'High debt risk']"
Medicamen Biotech Limited,MEDICAMEQ.NS,['Slow revenue growth'],"['Stock may be overvalued', 'Weak profitability', 'High debt risk']"
Medico Remedies Limited,MEDICO.NS,"['Average profitability', 'Strong revenue growth']","['Stock may be overvalued', 'High debt risk']"
Medplus Health Services Limited,MEDPLUS.NS,"['Average profitability', 'Slow revenue growth']","['Stock may be overvalued', 'High debt risk']"
Meesho Limited,MEESHO.NS,['Strong revenue growth'],"['PE data missing', 'ROE data missing', 'High debt risk']"
Megasoft Limited,MEGASOFT.NS,"['Low valuation', 'High profitability']","['Stock appears undervalued', 'High debt risk', 'Revenue growth data missing']"
Megastar Foods Limited,MEGASTAR.NS,['Strong revenue growth'],"['Stock may be overvalued', 'Weak profitability', 'High debt risk']"
Mangal Electrical Industries Limited,MEIL.NS,"['Fair valuation', 'Average profitability', 'Strong revenue growth']",['High debt risk']
Menon Bearings Limited,MENONBE.NS,"['Fair valuation', 'Average profitability', 'Slow revenue growth']",['High debt risk']
MEP Infrastructure Developers Limited,MEP.NS,['Strong revenue growth'],"['PE data missing', 'ROE data missing', 'Debt data missing']"
Metro Brands Limited,METROBRAND.NS,"['Average profitability', 'Slow revenue growth']","['Stock may be overvalued', 'High debt risk']"
Metropolis Healthcare Limited,METROPOLIS.NS,"['Average profitability', 'Strong revenue growth']","['Stock may be overvalued', 'High debt risk']"
Mahalaxmi Fabric Mills Limited,MFML.NS,['Low valuation'],"['Stock appears undervalued', 'Weak profitability', 'High debt risk', 'Declining revenues']"
Max Financial Services Limited,MFSL.NS,['Slow revenue growth'],"['Stock may be overvalued', 'ROE data missing', 'High debt risk']"
Mangalam Global Enterprise Limited,MGEL.NS,"['Low valuation', 'Average profitability', 'Strong revenue growth']","['Stock appears undervalued', 'High debt risk']"
Mahanagar Gas Limited,MGL.NS,"['Low valuation', 'Average profitability', 'Slow revenue growth']","['Stock appears undervalued', 'High debt risk']"
Mahalaxmi Rubtech Limited,MHLXMIRU.NS,"['Low valuation', 'High profitability', 'Strong revenue growth']","['Stock appears undervalued', 'High debt risk']"
Mahindra Holidays & Resorts India Limited,MHRIL.NS,"['Average profitability', 'Slow revenue growth']","['Stock may be overvalued', 'High debt risk']"
MIC Electronics Limited,MICEL.NS,['Strong revenue growth'],"['Stock may be overvalued', 'Weak profitability', 'High debt risk']"
Mishra Dhatu Nigam Limited,MIDHANI.NS,[],"['Stock may be overvalued', 'Weak profitability', 'High debt risk', 'Declining revenues']"
Midwest Limited,MIDWESTLTD.NS,['Slow revenue growth'],"['Stock may be overvalued', 'ROE data missing', 'High debt risk']"
Minda Corporation Limited,MINDACORP.NS,"['Average profitability', 'Strong revenue growth']","['Stock may be overvalued', 'High debt risk']"
Mindteck (India) Limited,MINDTECK.NS,"['Fair valuation', 'Average profitability']","['High debt risk', 'Declining revenues']"
MIRC Electronics Limited,MIRCELECTR.NS,['Slow revenue growth'],"['PE data missing', 'Weak profitability', 'High debt risk']"
Mirza International Limited,MIRZAINT.NS,[],"['Stock may be overvalued', 'Weak profitability', 'High debt risk', 'Declining revenues']"
MITCON Consultancy & Engineering Services Limited,MITCON.NS,['Slow revenue growth'],"['Stock may be overvalued', 'Weak profitability', 'High debt risk']"
Mittal Life Style Limited,MITTAL.NS,['Strong revenue growth'],"['Stock may be overvalued', 'Weak profitability', 'High debt risk']"
M K Proteins Limited,MKPL.NS,"['Fair valuation', 'Average profitability']","['High debt risk', 'Declining revenues']"
MM Forgings Limited,MMFL.NS,"['Fair valuation', 'Average profitability']","['High debt risk', 'Declining revenues']"
MMP Industries Limited,MMP.NS,"['Fair valuation', 'Strong revenue growth']","['Weak profitability', 'High debt risk']"
MMTC Limited,MMTC.NS,['Average profitability'],"['Stock may be overvalued', 'High debt risk', 'Declining revenues']"
One Mobikwik Systems Limited,MOBIKWIK.NS,[],"['PE data missing', 'Weak profitability', 'High debt risk', 'Declining revenues']"
Modi Naturals Limited,MODINATUR.NS,"['Low valuation', 'High profitability', 'Slow revenue growth']","['Stock appears undervalued', 'High debt risk']"
Modi Rubber Limited,MODIRUBBER.NS,"['Fair valuation', 'Strong revenue growth']","['Weak profitability', 'High debt risk']"
Modis Navnirman Limited,MODIS.NS,"['Average profitability', 'Strong revenue growth']","['Stock may be overvalued', 'High debt risk']"
MODISON LIMITED,MODISONLTD.NS,"['Low valuation', 'Average profitability', 'Strong revenue growth']","['Stock appears undervalued', 'High debt risk']"
Modern Threads (India) Limited,MODTHREAD.NS,['Fair valuation'],"['ROE data missing', 'Debt data missing', 'Revenue growth data missing']"
Mohit Industries Limited,MOHITIND.NS,['Strong revenue growth'],"['PE data missing', 'Weak profitability', 'High debt risk']"
MOIL Limited,MOIL.NS,"['Fair valuation', 'Average profitability', 'Strong revenue growth']",['Debt data missing']
Moksh Ornaments Limited,MOKSH.NS,['Low valuation'],"['Stock appears undervalued', 'Weak profitability', 'High debt risk', 'Declining revenues']"
Meghmani Organics Limited,MOL.NS,['Slow revenue growth'],"['Stock may be overvalued', 'Weak profitability', 'High debt risk']"
Mold-Tek Technologies Limited,MOLDTECH.NS,[],"['Stock may be overvalued', 'Weak profitability', 'High debt risk', 'Declining revenues']"
Mold-Tek Packaging Limited,MOLDTKPAC.NS,"['Fair valuation', 'Average profitability', 'Slow revenue growth']",['High debt risk']
Monarch Networth Capital Limited,MONARCH.NS,"['Fair valuation', 'Average profitability']","['High debt risk', 'Declining revenues']"
Moneyboxx Finance Limited,MONEYBOXX.NS,['Slow revenue growth'],"['PE data missing', 'Weak profitability', 'High debt risk']"
Monte Carlo Fashions Limited,MONTECARLO.NS,"['Fair valuation', 'Average profitability', 'Slow revenue growth']",['High debt risk']
Morepen Laboratories Limited,MOREPENLAB.NS,['Fair valuation'],"['Weak profitability', 'High debt risk', 'Declining revenues']"
Moschip Technologies Limited,MOSCHIP.NS,"['Average profitability', 'Strong revenue growth']","['Stock may be overvalued', 'High debt risk']"
Samvardhana Motherson International Limited,MOTHERSON.NS,['Slow revenue growth'],"['Stock may be overvalued', 'Weak profitability', 'High debt risk']"
Motilal Oswal Financial Services Limited,MOTILALOFS.NS,"['Fair valuation', 'Average profitability']","['High debt risk', 'Declining revenues']"
Motisons Jewellers Limited,MOTISONS.NS,['Average profitability'],"['PE data missing', 'High debt risk', 'Declining revenues']"
The Motor & General Finance Limited,MOTOGENFIN.NS,['Low debt'],"['Stock may be overvalued', 'Weak profitability', 'Declining revenues']"
MphasiS Limited,MPHASIS.NS,"['Average profitability', 'Slow revenue growth']","['Stock may be overvalued', 'High debt risk']"
MPS Limited,MPSLTD.NS,"['Fair valuation', 'High profitability', 'Slow revenue growth']",['High debt risk']
MRF Limited,MRF.NS,['Slow revenue growth'],"['Stock may be overvalued', 'Weak profitability', 'High debt risk']"
Mangalore Refinery and Petrochemicals Limited,MRPL.NS,['Fair valuation'],"['Weak profitability', 'High debt risk', 'Declining revenues']"
MSP Steel & Power Limited,MSPL.NS,['Slow revenue growth'],"['PE data missing', 'Weak profitability', 'High debt risk']"
Mstc Limited,MSTCLTD.NS,"['Low valuation', 'High profitability', 'Strong revenue growth']","['Stock appears undervalued', 'High debt risk']"
Motherson Sumi Wiring India Limited,MSUMI.NS,"['High profitability', 'Strong revenue growth']","['Stock may be overvalued', 'High debt risk']"
Mtar Technologies Limited,MTARTECH.NS,[],"['Stock may be overvalued', 'Weak profitability', 'High debt risk', 'Declining revenues']"
MT Educare Limited,MTEDUCARE.NS,['Slow revenue growth'],"['PE data missing', 'Weak profitability', 'Debt data missing']"
Mahanagar Telephone Nigam Limited,MTNL.NS,['Slow revenue growth'],"['PE data missing', 'ROE data missing', 'Debt data missing']"
Mufin Green Finance Limited,MUFIN.NS,['Slow revenue growth'],"['Stock may be overvalued', 'Weak profitability', 'High debt risk']"
Credo Brands Marketing Limited,MUFTI.NS,"['Low valuation', 'Average profitability']","['Stock appears undervalued', 'High debt risk', 'Declining revenues']"
Mukand Limited,MUKANDLTD.NS,['Fair valuation'],"['Weak profitability', 'High debt risk', 'Declining revenues']"
Mukka Proteins Limited,MUKKA.NS,"['Fair valuation', 'Average profitability', 'Strong revenue growth']",['High debt risk']
Mukta Arts Limited,MUKTAARTS.NS,['Slow revenue growth'],"['PE data missing', 'ROE data missing', 'Debt data missing']"
Munjal Auto Industries Limited,MUNJALAU.NS,"['Fair valuation', 'Slow revenue growth']","['Weak profitability', 'High debt risk']"
Munjal Showa Limited,MUNJALSHOW.NS,"['Fair valuation', 'Slow revenue growth']","['Weak profitability', 'Debt data missing']"
Murudeshwar Ceramics Limited,MURUDCERA.NS,"['Fair valuation', 'Slow revenue growth']","['Weak profitability', 'High debt risk']"
Muthoot Capital Services Limited,MUTHOOTCAP.NS,['Fair valuation'],"['Weak profitability', 'High debt risk', 'Declining revenues']"
Muthoot Finance Limited,MUTHOOTFIN.NS,"['Fair valuation', 'High profitability', 'Strong revenue growth']",['High debt risk']
Muthoot Microfin Limited,MUTHOOTMF.NS,[],"['PE data missing', 'Weak profitability', 'High debt risk', 'Declining revenues']"
Manoj Vaibhav Gems N Jewellers Limited,MVGJL.NS,"['Low valuation', 'Average profitability', 'Strong revenue growth']","['Stock appears undervalued', 'High debt risk']"
Mangalam Worldwide Limited,MWL.NS,"['Fair valuation', 'Average profitability', 'Strong revenue growth']",['High debt risk']
NACL Industries Limited-RE,NACL-RE.NS,[],"['PE data missing', 'ROE data missing', 'Debt data missing', 'Revenue growth data missing']"
NACL Industries Limited,NACLIND.NS,['Slow revenue growth'],"['PE data missing', 'Weak profitability', 'High debt risk']"
Nagarjuna Fertilizers and Chemicals Limited,NAGAFERT.NS,[],"['PE data missing', 'ROE data missing', 'Debt data missing', 'Declining revenues']"
Nagreeka Capital & Infrastructure Limited,NAGREEKCAP.NS,"['Low valuation', 'High profitability']","['Stock appears undervalued', 'High debt risk', 'Declining revenues']"
Nagreeka Exports Limited,NAGREEKEXP.NS,[],"['Stock may be overvalued', 'Weak profitability', 'High debt risk', 'Declining revenues']"
Nahar Capital and Financial Services Limited,NAHARCAP.NS,"['Low valuation', 'Low debt']","['Stock appears undervalued', 'Weak profitability', 'Declining revenues']"
Nahar Industrial Enterprises Limited,NAHARINDUS.NS,['Low valuation'],"['Stock appears undervalued', 'Weak profitability', 'High debt risk', 'Declining revenues']"
Nahar Poly Films Limited,NAHARPOLY.NS,"['Low valuation', 'Slow revenue growth']","['Stock appears undervalued', 'Weak profitability', 'High debt risk']"
Nahar Spinning Mills Limited,NAHARSPING.NS,['Fair valuation'],"['Weak profitability', 'High debt risk', 'Declining revenues']"
Nippon Life India Asset Management Limited,NAM-INDIA.NS,"['High profitability', 'Slow revenue growth']","['Stock may be overvalued', 'High debt risk']"
Narmada Agrobase Limited,NARMADA.NS,['Strong revenue growth'],"['Stock may be overvalued', 'Weak profitability', 'High debt risk']"
Natural Capsules Limited,NATCAPSUQ.NS,['Slow revenue growth'],"['PE data missing', 'Weak profitability', 'High debt risk']"
Natco Pharma Limited,NATCOPHARM.NS,"['Low valuation', 'Average profitability']","['Stock appears undervalued', 'High debt risk', 'Declining revenues']"
Nath Bio-Genes (India) Limited,NATHBIOGEN.NS,"['Low valuation', 'Strong revenue growth']","['Stock appears undervalued', 'Weak profitability', 'High debt risk']"
National Aluminium Company Limited,NATIONALUM.NS,"['Low valuation', 'High profitability', 'Low debt', 'Slow revenue growth']",['Stock appears undervalued']
Info Edge (India) Limited,NAUKRI.NS,['Slow revenue growth'],"['Stock may be overvalued', 'Weak profitability', 'Moderate debt level']"
NAVA LIMITED,NAVA.NS,"['Fair valuation', 'Average profitability', 'Slow revenue growth']",['High debt risk']
Navin Fluorine International Limited,NAVINFLUOR.NS,"['Average profitability', 'Strong revenue growth']","['Stock may be overvalued', 'High debt risk']"
Navkar Corporation Limited,NAVKARCORP.NS,['Strong revenue growth'],"['PE data missing', 'Weak profitability', 'High debt risk']"
Navkar Urbanstructure Limited,NAVKARURB.NS,[],"['PE data missing', 'Weak profitability', 'High debt risk', 'Revenue growth data missing']"
Navneet Education Limited,NAVNETEDUL.NS,"['Fair valuation', 'Average profitability']","['High debt risk', 'Declining revenues']"
Nazara Technologies Limited,NAZARA.NS,['Strong revenue growth'],"['PE data missing', 'Weak profitability', 'High debt risk']"
NBCC (India) Limited,NBCC.NS,"['High profitability', 'Low debt', 'Strong revenue growth']",['Stock may be overvalued']
N. B. I. Industrial Finance Company Limited,NBIFIN.NS,['Strong revenue growth'],"['Stock may be overvalued', 'Weak profitability', 'Debt data missing']"
NCC Limited,NCC.NS,"['Low valuation', 'Average profitability']","['Stock appears undervalued', 'High debt risk', 'Declining revenues']"
NCL Industries Limited,NCLIND.NS,"['Fair valuation', 'Slow revenue growth']","['Weak profitability', 'High debt risk']"
Naga Dhunseri Group Limited,NDGL.NS,['Low valuation'],"['Stock appears undervalued', 'ROE data missing', 'Debt data missing', 'Revenue growth data missing']"
Nandan Denim Limited,NDL.NS,['Low valuation'],"['Stock appears undervalued', 'Weak profitability', 'High debt risk', 'Declining revenues']"
NDL Ventures Limited,NDLVENTURE.NS,[],"['Stock may be overvalued', 'Weak profitability', 'Debt data missing', 'Revenue growth data missing']"
Ndr Auto Components Limited,NDRAUTO.NS,"['Average profitability', 'Slow revenue growth']","['Stock may be overvalued', 'High debt risk']"
New Delhi Television Limited,NDTV.NS,['Slow revenue growth'],"['PE data missing', 'Weak profitability', 'Debt data missing']"
North Eastern Carrying Corporation Limited,NECCLTD.NS,['Fair valuation'],"['Weak profitability', 'High debt risk', 'Declining revenues']"
Nectar Lifesciences Limited,NECLIFE.NS,[],"['PE data missing', 'Weak profitability', 'High debt risk', 'Declining revenues']"
Nelcast Limited,NELCAST.NS,['Fair valuation'],"['Weak profitability', 'High debt risk', 'Declining revenues']"
NELCO Limited,NELCO.NS,[],"['Stock may be overvalued', 'Weak profitability', 'High debt risk', 'Declining revenues']"
Neogen Chemicals Limited,NEOGEN.NS,['Slow revenue growth'],"['Stock may be overvalued', 'Weak profitability', 'High debt risk']"
Nephrocare Health Services Limited,NEPHROPLUS.NS,['Average profitability'],"['Stock may be overvalued', 'High debt risk', 'Revenue growth data missing']"
Nesco Limited,NESCO.NS,"['Fair valuation', 'Average profitability', 'Strong revenue growth']",['High debt risk']
Nestle India Limited,NESTLEIND.NS,"['High profitability', 'Slow revenue growth']","['Stock may be overvalued', 'High debt risk']"
Netweb Technologies India Limited,NETWEB.NS,"['High profitability', 'Strong revenue growth']","['Stock may be overvalued', 'High debt risk']"
Network18 Media & Investments Limited,NETWORK18.NS,[],"['PE data missing', 'Weak profitability', 'High debt risk', 'Declining revenues']"
Neueon Corporation Limited,NEUEON.NS,[],"['PE data missing', 'ROE data missing', 'High debt risk', 'Revenue growth data missing']"
Neuland Laboratories Limited,NEULANDLAB.NS,"['Average profitability', 'Strong revenue growth']","['Stock may be overvalued', 'High debt risk']"
Newgen Software Technologies Limited,NEWGEN.NS,"['High profitability', 'Slow revenue growth']","['Stock may be overvalued', 'High debt risk']"
Next Mediaworks Limited,NEXTMEDIA.NS,['Low valuation'],"['Stock appears undervalued', 'ROE data missing', 'Debt data missing', 'Revenue growth data missing']"
National Fertilizers Limited,NFL.NS,['Strong revenue growth'],"['Stock may be overvalued', 'Weak profitability', 'High debt risk']"
Nakoda Group of Industries Limited,NGIL.NS,['Strong revenue growth'],"['PE data missing', 'Weak profitability', 'High debt risk']"
NGL Fine-Chem Limited,NGLFINE.NS,['Strong revenue growth'],"['Stock may be overvalued', 'Weak profitability', 'High debt risk']"
Narayana Hrudayalaya Ltd.,NH.NS,"['High profitability', 'Strong revenue growth']","['Stock may be overvalued', 'High debt risk']"
NHPC Limited,NHPC.NS,"['Fair valuation', 'Slow revenue growth']","['Weak profitability', 'High debt risk']"
The New India Assurance Company Limited,NIACL.NS,"['Fair valuation', 'Strong revenue growth']","['Weak profitability', 'Debt data missing']"
NIBE Limited,NIBE.NS,[],"['Stock may be overvalued', 'ROE data missing', 'High debt risk', 'Declining revenues']"
NRB Industrial Bearings Limited,NIBL.NS,"['Low valuation', 'Slow revenue growth']","['Stock appears undervalued', 'ROE data missing', 'Debt data missing']"
NIIT Limited,NIITLTD.NS,['Strong revenue growth'],"['Stock may be overvalued', 'Weak profitability', 'Moderate debt level']"
NIIT Learning Systems Limited,NIITMTS.NS,"['Fair valuation', 'Average profitability', 'Strong revenue growth']",['High debt risk']
Nila Infrastructures Limited,NILAINFRA.NS,"['Fair valuation', 'Average profitability', 'Strong revenue growth']",['High debt risk']
Nila Spaces Limited,NILASPACES.NS,"['Average profitability', 'Strong revenue growth']","['Stock may be overvalued', 'High debt risk']"
Nilkamal Limited,NILKAMAL.NS,"['Fair valuation', 'Strong revenue growth']","['Weak profitability', 'High debt risk']"
NINtec Systems Limited,NINSYS.NS,"['Fair valuation', 'High profitability', 'Strong revenue growth']",['High debt risk']
Indo-National Limited,NIPPOBATRY.NS,['Slow revenue growth'],"['PE data missing', 'Weak profitability', 'High debt risk']"
Niraj Cement Structurals Limited,NIRAJ.NS,"['Low valuation', 'Strong revenue growth']","['Stock appears undervalued', 'Weak profitability', 'High debt risk']"
Niraj Ispat Industries Limited,NIRAJISPAT.NS,['Low valuation'],"['Stock appears undervalued', 'ROE data missing', 'Debt data missing', 'Revenue growth data missing']"
Nitco Limited,NITCO.NS,['Strong revenue growth'],"['PE data missing', 'ROE data missing', 'High debt risk']"
Nitin Spinners Limited,NITINSPIN.NS,"['Low valuation', 'Average profitability']","['Stock appears undervalued', 'High debt risk', 'Declining revenues']"
Nitiraj Engineers Limited,NITIRAJ.NS,"['Fair valuation', 'Low debt', 'Strong revenue growth']",['Weak profitability']
Niva Bupa Health Insurance Company Limited,NIVABUPA.NS,['Slow revenue growth'],"['Stock may be overvalued', 'Weak profitability', 'High debt risk']"
NK Industries Limited,NKIND.NS,[],"['PE data missing', 'ROE data missing', 'Debt data missing', 'Declining revenues']"
NLC India Limited,NLCINDIA.NS,"['Low valuation', 'Average profitability', 'Slow revenue growth']","['Stock appears undervalued', 'High debt risk']"
NMDC Limited,NMDC.NS,"['Low valuation', 'High profitability', 'Strong revenue growth']","['Stock appears undervalued', 'High debt risk']"
NOCIL Limited,NOCIL.NS,[],"['Stock may be overvalued', 'Weak profitability', 'Moderate debt level', 'Declining revenues']"
Noida Toll Bridge Company Limited,NOIDATOLL.NS,['Slow revenue growth'],"['PE data missing', 'Weak profitability', 'Debt data missing']"
Norben Tea & Exports Limited,NORBTEAEXP.NS,[],"['PE data missing', 'Weak profitability', 'High debt risk', 'Declining revenues']"
Northern Arc Capital Limited,NORTHARC.NS,"['Fair valuation', 'Slow revenue growth']","['Weak profitability', 'High debt risk']"
Nova Agritech Limited,NOVAAGRI.NS,"['Low valuation', 'Average profitability', 'Slow revenue growth']","['Stock appears undervalued', 'High debt risk']"
Network People Services Technologies Limited,NPST.NS,['Average profitability'],"['Stock may be overvalued', 'High debt risk', 'Declining revenues']"
N R Agarwal Industries Limited,NRAIL.NS,['Strong revenue growth'],"['Stock may be overvalued', 'Weak profitability', 'High debt risk']"
NRB Bearing Limited,NRBBEARING.NS,"['Fair valuation', 'Slow revenue growth']","['Weak profitability', 'High debt risk']"
Nupur Recyclers Limited,NRL.NS,['Average profitability'],"['Stock may be overvalued', 'High debt risk', 'Declining revenues']"
Nalwa Sons Investments Limited,NSIL.NS,['Low debt'],"['Stock may be overvalued', 'Weak profitability', 'Declining revenues']"
NMDC Steel Limited,NSLNISP.NS,['Strong revenue growth'],"['PE data missing', 'Weak profitability', 'High debt risk']"
NTPC Limited,NTPC.NS,"['Fair valuation', 'Average profitability', 'Slow revenue growth']",['High debt risk']
NTPC Green Energy Limited,NTPCGREEN.NS,['Strong revenue growth'],"['Stock may be overvalued', 'Weak profitability', 'High debt risk']"
Nucleus Software Exports Limited,NUCLEUS.NS,"['Fair valuation', 'High profitability', 'Slow revenue growth']",['Moderate debt level']
Nureca Limited,NURECA.NS,['Strong revenue growth'],"['Stock may be overvalued', 'Weak profitability', 'High debt risk']"
Nuvama Wealth Management Limited,NUVAMA.NS,"['Fair valuation', 'High profitability', 'Slow revenue growth']",['High debt risk']
Nuvoco Vistas Corporation Limited,NUVOCO.NS,['Slow revenue growth'],"['Stock may be overvalued', 'Weak profitability', 'High debt risk']"
FSN E-Commerce Ventures Limited,NYKAA.NS,['Strong revenue growth'],"['Stock may be overvalued', 'Weak profitability', 'High debt risk']"
Oriental Aromatics Limited,OAL.NS,['Slow revenue growth'],"['Stock may be overvalued', 'Weak profitability', 'High debt risk']"
Orissa Bengal Carrier Limited,OBCL.NS,['Slow revenue growth'],"['PE data missing', 'Weak profitability', 'High debt risk']"
Oberoi Realty Limited,OBEROIRLTY.NS,"['Fair valuation', 'Average profitability', 'Strong revenue growth']",['High debt risk']
OCCL Limited,OCCLLTD.NS,['Low valuation'],"['Stock appears undervalued', 'ROE data missing', 'Debt data missing', 'Revenue growth data missing']"
Odigma Consultancy Solutions Limited,ODIGMA.NS,['Strong revenue growth'],"['Stock may be overvalued', 'Weak profitability', 'Debt data missing']"
Oracle Financial Services Software Limited,OFSS.NS,"['Fair valuation', 'High profitability', 'Low debt', 'Slow revenue growth']",[]
Oil India Limited,OIL.NS,"['Low valuation', 'Average profitability', 'Strong revenue growth']","['Stock appears undervalued', 'High debt risk']"
Oil Country Tubular Limited,OILCOUNTUB.NS,[],"['PE data missing', 'Weak profitability', 'High debt risk', 'Declining revenues']"
Ola Electric Mobility Limited,OLAELEC.NS,[],"['PE data missing', 'Weak profitability', 'High debt risk', 'Declining revenues']"
Olectra Greentech Limited,OLECTRA.NS,"['Average profitability', 'Strong revenue growth']","['Stock may be overvalued', 'High debt risk']"
Omax Autos Limited,OMAXAUTO.NS,"['Fair valuation', 'Slow revenue growth']","['Weak profitability', 'High debt risk']"
Omaxe Limited,OMAXE.NS,[],"['PE data missing', 'ROE data missing', 'Debt data missing', 'Declining revenues']"
Om Freight Forwarders Limited,OMFREIGHT.NS,['Low valuation'],"['Stock appears undervalued', 'ROE data missing', 'High debt risk', 'Declining revenues']"
OM INFRA LIMITED,OMINFRAL.NS,[],"['Stock may be overvalued', 'Weak profitability', 'High debt risk', 'Declining revenues']"
Omkar Speciality Chemicals Limited,OMKARCHEM.NS,[],"['PE data missing', 'ROE data missing', 'Debt data missing', 'Declining revenues']"
Onelife Capital Advisors Limited,ONELIFECAP.NS,[],"['PE data missing', 'Weak profitability', 'High debt risk', 'Declining revenues']"
One Point One Solutions Limited,ONEPOINT.NS,['Slow revenue growth'],"['Stock may be overvalued', 'Weak profitability', 'High debt risk']"
Onesource Specialty Pharma Limited,ONESOURCE.NS,[],"['Stock may be overvalued', 'ROE data missing', 'High debt risk', 'Declining revenues']"
Oil & Natural Gas Corporation Limited,ONGC.NS,"['Low valuation', 'Average profitability']","['Stock appears undervalued', 'High debt risk', 'Declining revenues']"
OnMobile Global Limited,ONMOBILE.NS,[],"['Stock may be overvalued', 'Weak profitability', 'High debt risk', 'Declining revenues']"
Onward Technologies Limited,ONWARDTEC.NS,"['Fair valuation', 'Average profitability', 'Slow revenue growth']",['High debt risk']
Optiemus Infracom Limited,OPTIEMUS.NS,['Average profitability'],"['Stock may be overvalued', 'High debt risk', 'Declining revenues']"
Orbit Exports Limited,ORBTEXP.NS,"['Low valuation', 'Average profitability']","['Stock appears undervalued', 'High debt risk', 'Declining revenues']"
Orchasp Limited,ORCHASP.NS,['Strong revenue growth'],"['Stock may be overvalued', 'Weak profitability', 'High debt risk']"
Orchid Pharma Limited,ORCHPHARMA.NS,[],"['Stock may be overvalued', 'Weak profitability', 'High debt risk', 'Declining revenues']"
Oricon Enterprises Limited,ORICONENT.NS,[],"['Stock may be overvalued', 'Weak profitability', 'Moderate debt level', 'Declining revenues']"
Oriental Trimex Limited,ORIENTALTL.NS,"['Low valuation', 'Average profitability', 'Slow revenue growth']","['Stock appears undervalued', 'High debt risk']"
Orient Bell Limited,ORIENTBELL.NS,['Slow revenue growth'],"['Stock may be overvalued', 'Weak profitability', 'High debt risk']"
Orient Cement Limited,ORIENTCEM.NS,"['Low valuation', 'Average profitability', 'Strong revenue growth']","['Stock appears undervalued', 'High debt risk']"
ORIENT CERATECH LIMITED,ORIENTCER.NS,['Strong revenue growth'],"['Stock may be overvalued', 'Weak profitability', 'High debt risk']"
Orient Electric Limited,ORIENTELEC.NS,"['Average profitability', 'Slow revenue growth']","['Stock may be overvalued', 'High debt risk']"
Oriental Hotels Limited,ORIENTHOT.NS,['Slow revenue growth'],"['Stock may be overvalued', 'Weak profitability', 'High debt risk']"
Orient Press Limited,ORIENTLTD.NS,['Slow revenue growth'],"['PE data missing', 'Weak profitability', 'High debt risk']"
Orient Paper & Industries Limited,ORIENTPPR.NS,[],"['PE data missing', 'Weak profitability', 'High debt risk', 'Declining revenues']"
Orient Technologies Limited,ORIENTTECH.NS,"['Fair valuation', 'Average profitability', 'Strong revenue growth']",['High debt risk']
The Orissa Minerals Development Company Limited,ORISSAMINE.NS,['Slow revenue growth'],"['PE data missing', 'ROE data missing', 'Debt data missing']"
Orkla India Limited,ORKLAINDIA.NS,['Slow revenue growth'],"['Stock may be overvalued', 'ROE data missing', 'High debt risk']"
ORTIN GLOBAL LIMITED,ORTINGLOBE.NS,[],"['PE data missing', 'Weak profitability', 'High debt risk', 'Declining revenues']"
Osia Hyper Retail Limited,OSIAHYPER.NS,"['Low valuation', 'Slow revenue growth']","['Stock appears undervalued', 'Weak profitability', 'High debt risk']"
Oswal Agro Mills Limited,OSWALAGRO.NS,"['Low valuation', 'Average profitability']","['Stock appears undervalued', 'Debt data missing', 'Revenue growth data missing']"
Oswal Greentech Limited,OSWALGREEN.NS,"['Low debt', 'Slow revenue growth']","['Stock may be overvalued', 'Weak profitability']"
Oswal Pumps Limited,OSWALPUMPS.NS,['Strong revenue growth'],"['Stock may be overvalued', 'ROE data missing', 'High debt risk']"
ShreeOswal Seeds And Chemicals Limited,OSWALSEEDS.NS,['High profitability'],"['Stock may be overvalued', 'High debt risk', 'Declining revenues']"
Pace Digitek Limited,PACEDIGITK.NS,['Fair valuation'],"['ROE data missing', 'High debt risk', 'Declining revenues']"
Page Industries Limited,PAGEIND.NS,"['High profitability', 'Slow revenue growth']","['Stock may be overvalued', 'High debt risk']"
Paisalo Digital Limited,PAISALO.NS,"['Fair valuation', 'Average profitability', 'Slow revenue growth']",['High debt risk']
PAKKA LIMITED,PAKKA.NS,[],"['Stock may be overvalued', 'Weak profitability', 'High debt risk', 'Declining revenues']"
Palash Securities Limited,PALASHSECU.NS,['Strong revenue growth'],"['PE data missing', 'Weak profitability', 'High debt risk']"
Palred Technologies Limited,PALREDTEC.NS,[],"['PE data missing', 'Weak profitability', 'High debt risk', 'Declining revenues']"
Panacea Biotec Limited,PANACEABIO.NS,[],"['PE data missing', 'Weak profitability', 'High debt risk', 'Declining revenues']"
Panache Digilife Limited,PANACHE.NS,"['Average profitability', 'Strong revenue growth']","['Stock may be overvalued', 'High debt risk']"
Panama Petrochem Limited,PANAMAPET.NS,"['Low valuation', 'Average profitability', 'Slow revenue growth']","['Stock appears undervalued', 'High debt risk']"
Pansari Developers Limited,PANSARI.NS,['Strong revenue growth'],"['Stock may be overvalued', 'Weak profitability', 'High debt risk']"
Par Drugs And Chemicals Limited,PAR.NS,['Low valuation'],"['Stock appears undervalued', 'Weak profitability', 'Debt data missing', 'Declining revenues']"
Paramount Communications Limited,PARACABLES.NS,"['Fair valuation', 'Average profitability', 'Strong revenue growth']",['High debt risk']
Paradeep Phosphates Limited,PARADEEP.NS,"['Fair valuation', 'Average profitability', 'Strong revenue growth']",['High debt risk']
Parag Milk Foods Limited,PARAGMILK.NS,"['Fair valuation', 'Average profitability', 'Strong revenue growth']",['High debt risk']
Paras Defence and Space Technologies Limited,PARAS.NS,"['Average profitability', 'Strong revenue growth']","['Stock may be overvalued', 'High debt risk']"
Paras Petrofils Limited,PARASPETRO.NS,[],"['PE data missing', 'Weak profitability', 'Debt data missing', 'Revenue growth data missing']"
Park Medi World Limited,PARKHOSPS.NS,"['Fair valuation', 'Strong revenue growth']","['ROE data missing', 'High debt risk']"
Apeejay Surrendra Park Hotels Limited,PARKHOTELS.NS,['Strong revenue growth'],"['Stock may be overvalued', 'Weak profitability', 'High debt risk']"
Parsvnath Developers Limited,PARSVNATH.NS,['Slow revenue growth'],"['PE data missing', 'ROE data missing', 'Debt data missing']"
Pashupati Cotspin Limited,PASHUPATI.NS,['Strong revenue growth'],"['Stock may be overvalued', 'Weak profitability', 'High debt risk']"
Pasupati Acrylon Limited,PASUPTAC.NS,"['Low valuation', 'Average profitability', 'Strong revenue growth']","['Stock appears undervalued', 'High debt risk']"
Patanjali Foods Limited,PATANJALI.NS,"['Average profitability', 'Strong revenue growth']","['Stock may be overvalued', 'High debt risk']"
Patel Engineering Limited,PATELENG.NS,"['Low valuation', 'Slow revenue growth']","['Stock appears undervalued', 'Weak profitability', 'High debt risk']"
Patel Retail Limited,PATELRMART.NS,"['Fair valuation', 'Slow revenue growth']","['ROE data missing', 'High debt risk']"
Patel Integrated Logistics Limited,PATINTLOG.NS,"['Low valuation', 'Slow revenue growth']","['Stock appears undervalued', 'Weak profitability', 'High debt risk']"
Paushak Limited,PAUSHAKLTD.NS,['Slow revenue growth'],"['Stock may be overvalued', 'Weak profitability', 'High debt risk']"
Pavna Industries Limited,PAVNAIND.NS,[],"['PE data missing', 'Weak profitability', 'High debt risk', 'Declining revenues']"
One 97 Communications Limited,PAYTM.NS,['Strong revenue growth'],"['PE data missing', 'Weak profitability', 'High debt risk']"
PCBL Chemical Limited,PCBL.NS,[],"['Stock may be overvalued', 'Weak profitability', 'High debt risk', 'Declining revenues']"
PC Jeweller Limited,PCJEWELLER.NS,"['Fair valuation', 'Average profitability', 'Strong revenue growth']",['High debt risk']
Pudumjee Paper Products Limited,PDMJEPAPER.NS,"['Fair valuation', 'Average profitability']","['High debt risk', 'Declining revenues']"
PDS Limited,PDSL.NS,"['Average profitability', 'Slow revenue growth']","['Stock may be overvalued', 'High debt risk']"
Pearl Polymers Limited,PEARLPOLY.NS,[],"['PE data missing', 'Weak profitability', 'Debt data missing', 'Declining revenues']"
Pennar Industries Limited,PENIND.NS,"['Fair valuation', 'Average profitability', 'Strong revenue growth']",['High debt risk']
Peninsula Land Limited,PENINLAND.NS,[],"['PE data missing', 'Weak profitability', 'High debt risk', 'Declining revenues']"
Persistent Systems Limited,PERSISTENT.NS,"['High profitability', 'Strong revenue growth']","['Stock may be overvalued', 'High debt risk']"
Petronet LNG Limited,PETRONET.NS,"['Low valuation', 'Average profitability']","['Stock appears undervalued', 'High debt risk', 'Declining revenues']"
Power Finance Corporation Limited,PFC.NS,"['Low valuation', 'High profitability', 'Slow revenue growth']","['Stock appears undervalued', 'High debt risk']"
Pfizer Limited,PFIZER.NS,"['Fair valuation', 'High profitability', 'Slow revenue growth']",['High debt risk']
Prime Focus Limited,PFOCUS.NS,['Strong revenue growth'],"['PE data missing', 'Weak profitability', 'High debt risk']"
PTC India Financial Services Limited,PFS.NS,"['Low valuation', 'Average profitability', 'Strong revenue growth']","['Stock appears undervalued', 'High debt risk']"
PG Electroplast Limited,PGEL.NS,['Average profitability'],"['Stock may be overvalued', 'High debt risk', 'Declining revenues']"
Procter & Gamble Hygiene and Health Care Limited,PGHH.NS,"['Low debt', 'Slow revenue growth']","['Stock may be overvalued', 'ROE data missing']"
Procter & Gamble Health Limited,PGHL.NS,['Slow revenue growth'],"['Stock may be overvalued', 'ROE data missing', 'High debt risk']"
Pearl Global Industries Limited,PGIL.NS,"['Fair valuation', 'High profitability', 'Slow revenue growth']",['High debt risk']
The Phoenix Mills Limited,PHOENIXLTD.NS,"['Average profitability', 'Strong revenue growth']","['Stock may be overvalued', 'High debt risk']"
Piccadily Agro Industries Limited,PICCADIL.NS,['Slow revenue growth'],"['Stock may be overvalued', 'ROE data missing', 'High debt risk']"
Pidilite Industries Limited,PIDILITIND.NS,"['High profitability', 'Slow revenue growth']","['Stock may be overvalued', 'High debt risk']"
Power & Instrumentation (Gujarat) Limited,PIGL.NS,"['Fair valuation', 'Average profitability', 'Strong revenue growth']",['High debt risk']
PI Industries Limited,PIIND.NS,['Average profitability'],"['Stock may be overvalued', 'High debt risk', 'Declining revenues']"
Pilani Investment and Industries Corporation Limited,PILANIINVS.NS,['Slow revenue growth'],"['Stock may be overvalued', 'Weak profitability', 'High debt risk']"
PIL ITALICA LIFESTYLE LIMITED,PILITA.NS,['Strong revenue growth'],"['Stock may be overvalued', 'Weak profitability', 'High debt risk']"
Pine Labs Limited,PINELABS.NS,['Strong revenue growth'],"['PE data missing', 'ROE data missing', 'High debt risk']"
Pioneer Embroideries Limited,PIONEEREMB.NS,[],"['Stock may be overvalued', 'Weak profitability', 'High debt risk', 'Declining revenues']"
Piramal Finance Limited,PIRAMALFIN.NS,['Strong revenue growth'],"['Stock may be overvalued', 'ROE data missing', 'High debt risk']"
Pitti Engineering Limited,PITTIENG.NS,"['Fair valuation', 'Slow revenue growth']","['ROE data missing', 'High debt risk']"
Pix Transmissions Limited,PIXTRANS.NS,"['Fair valuation', 'Average profitability']","['High debt risk', 'Declining revenues']"
The Peria Karamalai Tea & Produce Company Limited,PKTEA.NS,[],"['PE data missing', 'Weak profitability', 'High debt risk', 'Declining revenues']"
Plastiblends India Limited,PLASTIBLEN.NS,"['Low valuation', 'Slow revenue growth']","['Stock appears undervalued', 'Weak profitability', 'High debt risk']"
Platinum Industries Limited,PLATIND.NS,['Average profitability'],"['PE data missing', 'High debt risk', 'Declining revenues']"
Plaza Wires Limited,PLAZACABLE.NS,['Strong revenue growth'],"['Stock may be overvalued', 'Weak profitability', 'High debt risk']"
Punjab National Bank,PNB.NS,"['Low valuation', 'Average profitability']","['Stock appears undervalued', 'Debt data missing', 'Declining revenues']"
PNB Gilts Limited,PNBGILTS.NS,"['Low valuation', 'Average profitability']","['Stock appears undervalued', 'High debt risk', 'Declining revenues']"
PNB Housing Finance Limited,PNBHOUSING.NS,"['Low valuation', 'Average profitability', 'Strong revenue growth']","['Stock appears undervalued', 'High debt risk']"
Pritish Nandy Communications Limited,PNC.NS,['Slow revenue growth'],"['PE data missing', 'Weak profitability', 'High debt risk']"
PNC Infratech Limited,PNCINFRA.NS,"['Low valuation', 'Average profitability']","['Stock appears undervalued', 'High debt risk', 'Declining revenues']"
P N Gadgil Jewellers Limited,PNGJL.NS,"['Fair valuation', 'Average profitability', 'Slow revenue growth']",['High debt risk']
Pondy Oxides & Chemicals Limited,POCL.NS,"['Average profitability', 'Slow revenue growth']","['Stock may be overvalued', 'High debt risk']"
Poddar Pigments Limited,PODDARMENT.NS,['Fair valuation'],"['Weak profitability', 'Debt data missing', 'Declining revenues']"
Pokarna Limited,POKARNA.NS,"['Fair valuation', 'Average profitability']","['High debt risk', 'Declining revenues']"
PB Fintech Limited,POLICYBZR.NS,['Strong revenue growth'],"['Stock may be overvalued', 'Weak profitability', 'High debt risk']"
Polycab India Limited,POLYCAB.NS,"['High profitability', 'Strong revenue growth']","['Stock may be overvalued', 'High debt risk']"
Poly Medicure Limited,POLYMED.NS,"['Average profitability', 'Slow revenue growth']","['Stock may be overvalued', 'High debt risk']"
Polyplex Corporation Limited,POLYPLEX.NS,['Slow revenue growth'],"['Stock may be overvalued', 'Weak profitability', 'High debt risk']"
Ponni Sugars (Erode) Limited,PONNIERODE.NS,"['Low valuation', 'Strong revenue growth']","['Stock appears undervalued', 'Weak profitability', 'Debt data missing']"
Poonawalla Fincorp Limited,POONAWALLA.NS,['Strong revenue growth'],"['Stock may be overvalued', 'Weak profitability', 'High debt risk']"
Power Grid Corporation of India Limited,POWERGRID.NS,"['Fair valuation', 'Average profitability', 'Slow revenue growth']",['High debt risk']
Hitachi Energy India Limited,POWERINDIA.NS,"['High profitability', 'Strong revenue growth']","['Stock may be overvalued', 'High debt risk']"
Power Mech Projects Limited,POWERMECH.NS,"['Fair valuation', 'Average profitability', 'Strong revenue growth']",['High debt risk']
PPAP Automotive Limited,PPAP.NS,['Strong revenue growth'],"['Stock may be overvalued', 'Weak profitability', 'Debt data missing']"
Prakash Pipes Limited,PPL.NS,"['Low valuation', 'Average profitability']","['Stock appears undervalued', 'High debt risk', 'Declining revenues']"
Piramal Pharma Limited,PPLPHARMA.NS,[],"['PE data missing', 'Weak profitability', 'High debt risk', 'Declining revenues']"
Prabha Energy Limited,PRABHA.NS,['Strong revenue growth'],"['PE data missing', 'ROE data missing', 'High debt risk']"
Prajay Engineers Syndicate Limited,PRAENG.NS,[],"['PE data missing', 'Weak profitability', 'High debt risk', 'Declining revenues']"
Praj Industries Limited,PRAJIND.NS,['Slow revenue growth'],"['Stock may be overvalued', 'Weak profitability', 'High debt risk']"
Prakash Industries Limited,PRAKASH.NS,['Low valuation'],"['Stock appears undervalued', 'Weak profitability', 'High debt risk', 'Declining revenues']"
Prakash Steelage Limited,PRAKASHSTL.NS,"['Average profitability', 'Strong revenue growth']","['Stock may be overvalued', 'High debt risk']"
Praxis Home Retail Limited,PRAXIS.NS,"['Low valuation', 'High profitability']","['Stock appears undervalued', 'High debt risk', 'Declining revenues']"
Precision Camshafts Limited,PRECAM.NS,['Fair valuation'],"['Weak profitability', 'High debt risk', 'Declining revenues']"
Precot Limited,PRECOT.NS,['Low valuation'],"['Stock appears undervalued', 'Weak profitability', 'High debt risk', 'Declining revenues']"
Precision Wires India Limited,PRECWIRE.NS,"['Average profitability', 'Strong revenue growth']","['Stock may be overvalued', 'High debt risk']"
Premier Explosives Limited,PREMEXPLN.NS,['Average profitability'],"['Stock may be overvalued', 'High debt risk', 'Declining revenues']"
Premier Limited,PREMIER.NS,[],"['PE data missing', 'ROE data missing', 'Debt data missing', 'Revenue growth data missing']"
Premier Energies Limited,PREMIERENE.NS,"['High profitability', 'Strong revenue growth']","['Stock may be overvalued', 'High debt risk']"
Premier Polyfilm Limited,PREMIERPOL.NS,"['High profitability', 'Slow revenue growth']","['PE data missing', 'High debt risk']"
Prestige Estates Projects Limited,PRESTIGE.NS,['Slow revenue growth'],"['Stock may be overvalued', 'Weak profitability', 'High debt risk']"
Pricol Limited,PRICOLLTD.NS,"['Average profitability', 'Strong revenue growth']","['Stock may be overvalued', 'High debt risk']"
Prime Securities Limited,PRIMESECU.NS,"['Fair valuation', 'Average profitability', 'Slow revenue growth']",['Moderate debt level']
Primo Chemicals Limited,PRIMO.NS,['Slow revenue growth'],"['Stock may be overvalued', 'Weak profitability', 'High debt risk']"
Prince Pipes And Fittings Limited,PRINCEPIPE.NS,[],"['Stock may be overvalued', 'Weak profitability', 'High debt risk', 'Declining revenues']"
Priti International Limited,PRITI.NS,['Fair valuation'],"['Weak profitability', 'Debt data missing', 'Declining revenues']"
Pritika Auto Industries Limited,PRITIKAUTO.NS,"['Fair valuation', 'Strong revenue growth']","['Weak profitability', 'High debt risk']"
Privi Speciality Chemicals Limited,PRIVISCL.NS,"['High profitability', 'Strong revenue growth']","['Stock may be overvalued', 'High debt risk']"
Prostarm Info Systems Limited,PROSTARM.NS,[],"['Stock may be overvalued', 'ROE data missing', 'High debt risk', 'Declining revenues']"
Protean eGov Technologies Limited,PROTEAN.NS,['Slow revenue growth'],"['Stock may be overvalued', 'Weak profitability', 'High debt risk']"
Prozone Realty Limited,PROZONER.NS,[],"['PE data missing', 'Weak profitability', 'High debt risk', 'Declining revenues']"
Prism Johnson Limited,PRSMJOHNSN.NS,['Slow revenue growth'],"['Stock may be overvalued', 'Weak profitability', 'High debt risk']"
Prudent Corporate Advisory Services Limited,PRUDENT.NS,"['High profitability', 'Slow revenue growth']","['Stock may be overvalued', 'High debt risk']"
Prudential Sugar Corporation Limited,PRUDMOULI.NS,['Low valuation'],"['Stock appears undervalued', 'ROE data missing', 'Debt data missing', 'Revenue growth data missing']"
Punjab & Sind Bank,PSB.NS,"['Fair valuation', 'Slow revenue growth']","['Weak profitability', 'Debt data missing']"
PSP Projects Limited,PSPPROJECT.NS,['Strong revenue growth'],"['Stock may be overvalued', 'Weak profitability', 'High debt risk']"
PTC India Limited,PTC.NS,"['Low valuation', 'Average profitability', 'Slow revenue growth']","['Stock appears undervalued', 'High debt risk']"
PTC Industries Limited,PTCIL.NS,['Strong revenue growth'],"['Stock may be overvalued', 'Weak profitability', 'High debt risk']"
PTL Enterprises Limited,PTL.NS,['Low valuation'],"['Stock appears undervalued', 'Weak profitability', 'High debt risk', 'Declining revenues']"
Punjab Chemicals & Crop Protection Limited,PUNJABCHEM.NS,"['Fair valuation', 'Average profitability', 'Slow revenue growth']",['High debt risk']
Puravankara Limited,PURVA.NS,['Strong revenue growth'],"['PE data missing', 'Weak profitability', 'High debt risk']"
PVP Ventures Limited,PVP.NS,['Strong revenue growth'],"['PE data missing', 'Weak profitability', 'High debt risk']"
PVR INOX Limited,PVRINOX.NS,['Slow revenue growth'],"['PE data missing', 'Weak profitability', 'High debt risk']"
Popular Vehicles and Services Limited,PVSL.NS,['Slow revenue growth'],"['PE data missing', 'Weak profitability', 'High debt risk']"
Physicswallah Limited,PWL.NS,['Strong revenue growth'],"['PE data missing', 'ROE data missing', 'High debt risk']"
Pyramid Technoplast Limited,PYRAMID.NS,"['Fair valuation', 'Average profitability', 'Strong revenue growth']",['High debt risk']
Quality Power Electrical Equipments Limited,QPOWER.NS,['Strong revenue growth'],"['Stock may be overvalued', 'ROE data missing', 'High debt risk']"
Quadrant Future Tek Limited,QUADFUTURE.NS,[],"['PE data missing', 'Weak profitability', 'High debt risk', 'Declining revenues']"
Quess Corp Limited,QUESS.NS,[],"['Stock may be overvalued', 'Weak profitability', 'High debt risk', 'Declining revenues']"
Quick Heal Technologies Limited,QUICKHEAL.NS,['Slow revenue growth'],"['PE data missing', 'Weak profitability', 'Debt data missing']"
Race Eco Chain Limited,RACE.NS,['Strong revenue growth'],"['Stock may be overvalued', 'Weak profitability', 'High debt risk']"
RACL Geartech Limited,RACLGEAR.NS,"['Average profitability', 'Slow revenue growth']","['Stock may be overvalued', 'High debt risk']"
Radaan Mediaworks India Limited,RADAAN.NS,[],"['PE data missing', 'ROE data missing', 'Debt data missing', 'Declining revenues']"
Radhika Jeweltech Limited,RADHIKAJWE.NS,"['Low valuation', 'High profitability', 'Slow revenue growth']","['Stock appears undervalued', 'High debt risk']"
Radiant Cash Management Services Limited,RADIANTCMS.NS,"['Low valuation', 'Average profitability']","['Stock appears undervalued', 'High debt risk', 'Declining revenues']"
Radico Khaitan Limited,RADICO.NS,"['Average profitability', 'Strong revenue growth']","['Stock may be overvalued', 'High debt risk']"
Music Broadcast Limited,RADIOCITY.NS,[],"['PE data missing', 'Weak profitability', 'High debt risk', 'Declining revenues']"
Railtel Corporation Of India Limited,RAILTEL.NS,"['Average profitability', 'Slow revenue growth']","['Stock may be overvalued', 'High debt risk']"
Rain Industries Limited,RAIN.NS,['Slow revenue growth'],"['PE data missing', 'ROE data missing', 'High debt risk']"
Rainbow Childrens Medicare Limited,RAINBOW.NS,"['Average profitability', 'Slow revenue growth']","['Stock may be overvalued', 'High debt risk']"
Rajesh Exports Limited,RAJESHEXPO.NS,['Strong revenue growth'],"['Stock may be overvalued', 'Weak profitability', 'High debt risk']"
Rajnandini Metal Limited,RAJMET.NS,[],"['PE data missing', 'Weak profitability', 'High debt risk', 'Declining revenues']"
Rajoo Engineers Limited,RAJOOENG.NS,"['Fair valuation', 'High profitability', 'Strong revenue growth']",['High debt risk']
Rajratan Global Wire Limited,RAJRATAN.NS,"['Average profitability', 'Strong revenue growth']","['Stock may be overvalued', 'High debt risk']"
Raj Rayon Industries Limited,RAJRILTD.NS,"['High profitability', 'Strong revenue growth']","['Stock may be overvalued', 'High debt risk']"
Rajshree Sugars & Chemicals Limited,RAJSREESUG.NS,[],"['PE data missing', 'Weak profitability', 'High debt risk', 'Declining revenues']"
Raj Television Network Limited,RAJTV.NS,[],"['PE data missing', 'Weak profitability', 'High debt risk', 'Declining revenues']"
Rallis India Limited,RALLIS.NS,[],"['Stock may be overvalued', 'Weak profitability', 'High debt risk', 'Declining revenues']"
Shree Rama Newsprint Limited,RAMANEWS.NS,[],"['PE data missing', 'Weak profitability', 'Debt data missing', 'Declining revenues']"
Rama Phosphates Limited,RAMAPHO.NS,"['Fair valuation', 'Strong revenue growth']","['Weak profitability', 'High debt risk']"
Rama Steel Tubes Limited,RAMASTEEL.NS,['Strong revenue growth'],"['Stock may be overvalued', 'Weak profitability', 'High debt risk']"
The Ramco Cements Limited,RAMCOCEM.NS,['Slow revenue growth'],"['Stock may be overvalued', 'Weak profitability', 'High debt risk']"
Ramco Industries Limited,RAMCOIND.NS,"['Low valuation', 'Slow revenue growth']","['Stock appears undervalued', 'Weak profitability', 'High debt risk']"
Ramco Systems Limited,RAMCOSYS.NS,['Strong revenue growth'],"['Stock may be overvalued', 'Weak profitability', 'High debt risk']"
Ramky Infrastructure Limited,RAMKY.NS,['Fair valuation'],"['Weak profitability', 'High debt risk', 'Declining revenues']"
Ram Ratna Wires Limited,RAMRAT.NS,"['Average profitability', 'Strong revenue growth']","['Stock may be overvalued', 'High debt risk']"
Rana Sugars Limited,RANASUG.NS,['Low valuation'],"['Stock appears undervalued', 'Weak profitability', 'High debt risk', 'Declining revenues']"
Rane Holdings Limited,RANEHOLDIN.NS,"['Fair valuation', 'Strong revenue growth']","['Weak profitability', 'High debt risk']"
Rategain Travel Technologies Limited,RATEGAIN.NS,"['Average profitability', 'Slow revenue growth']","['Stock may be overvalued', 'Moderate debt level']"
Ratnamani Metals & Tubes Limited,RATNAMANI.NS,"['Fair valuation', 'Average profitability', 'Strong revenue growth']",['High debt risk']
Ratnaveer Precision Engineering Limited,RATNAVEER.NS,"['Low valuation', 'Average profitability', 'Strong revenue growth']","['Stock appears undervalued', 'High debt risk']"
Raymond Limited,RAYMOND.NS,['Slow revenue growth'],"['Stock may be overvalued', 'Weak profitability', 'High debt risk']"
Raymond Lifestyle Limited,RAYMONDLSL.NS,['Slow revenue growth'],"['Stock may be overvalued', 'Weak profitability', 'High debt risk']"
Raymond Realty Limited,RAYMONDREL.NS,['Strong revenue growth'],"['PE data missing', 'ROE data missing', 'High debt risk']"
Restaurant Brands Asia Limited,RBA.NS,['Slow revenue growth'],"['PE data missing', 'Weak profitability', 'High debt risk']"
RBL Bank Limited,RBLBANK.NS,['Slow revenue growth'],"['Stock may be overvalued', 'Weak profitability', 'Debt data missing']"
RBZ Jewellers Limited,RBZJEWEL.NS,"['Low valuation', 'Average profitability', 'Strong revenue growth']","['Stock appears undervalued', 'High debt risk']"
Rashtriya Chemicals and Fertilizers Limited,RCF.NS,"['Fair valuation', 'Strong revenue growth']","['Weak profitability', 'High debt risk']"
Reliance Communications Limited,RCOM.NS,[],"['PE data missing', 'ROE data missing', 'Debt data missing', 'Declining revenues']"
REC Limited,RECLTD.NS,"['Low valuation', 'High profitability', 'Slow revenue growth']","['Stock appears undervalued', 'High debt risk']"
Redington Limited,REDINGTON.NS,"['Low valuation', 'High profitability', 'Strong revenue growth']","['Stock appears undervalued', 'High debt risk']"
Redtape Limited,REDTAPE.NS,"['High profitability', 'Strong revenue growth']","['Stock may be overvalued', 'High debt risk']"
Refex Industries Limited,REFEX.NS,"['Fair valuation', 'Average profitability']","['High debt risk', 'Declining revenues']"
Regaal Resources Limited,REGAAL.NS,['Low valuation'],"['Stock appears undervalued', 'ROE data missing', 'High debt risk', 'Revenue growth data missing']"
Regency Ceramics Limited,REGENCERAM.NS,['Strong revenue growth'],"['Stock may be overvalued', 'ROE data missing', 'Debt data missing']"
Relaxo Footwears Limited,RELAXO.NS,[],"['Stock may be overvalued', 'Weak profitability', 'High debt risk', 'Declining revenues']"
Reliance Chemotex Industries Limited,RELCHEMQ.NS,"['Fair valuation', 'Slow revenue growth']","['Weak profitability', 'High debt risk']"
Reliable Data Services Limited,RELIABLE.NS,"['Low valuation', 'Average profitability', 'Strong revenue growth']","['Stock appears undervalued', 'High debt risk']"
Reliance Industries Limited,RELIANCE.NS,"['Fair valuation', 'Slow revenue growth']","['Weak profitability', 'High debt risk']"
Religare Enterprises Limited,RELIGARE.NS,['Slow revenue growth'],"['Stock may be overvalued', 'Weak profitability', 'High debt risk']"
Ravindra Energy Limited,RELTD.NS,"['High profitability', 'Strong revenue growth']","['Stock may be overvalued', 'High debt risk']"
Remsons Industries Limited,REMSONSIND.NS,"['Fair valuation', 'Average profitability', 'Strong revenue growth']",['High debt risk']
Shree Renuka Sugars Limited,RENUKA.NS,['Slow revenue growth'],"['PE data missing', 'ROE data missing', 'Debt data missing']"
Repco Home Finance Limited,REPCOHOME.NS,"['Low valuation', 'Average profitability', 'Slow revenue growth']","['Stock appears undervalued', 'High debt risk']"
Rudrabhishek Enterprises Limited,REPL.NS,"['Fair valuation', 'Slow revenue growth']","['ROE data missing', 'Debt data missing']"
Repro India Limited,REPRO.NS,['Slow revenue growth'],"['PE data missing', 'Weak profitability', 'High debt risk']"
Responsive Industries Limited,RESPONIND.NS,"['Fair valuation', 'Average profitability']","['High debt risk', 'Declining revenues']"
JHS Svendgaard Retail Ventures Limited,RETAIL.NS,['Slow revenue growth'],"['PE data missing', 'Weak profitability', 'High debt risk']"
Renaissance Global Limited,RGL.NS,"['Fair valuation', 'Strong revenue growth']","['Weak profitability', 'High debt risk']"
Rhetan TMT Limited,RHETAN.NS,[],"['Stock may be overvalued', 'Weak profitability', 'High debt risk', 'Declining revenues']"
Reliance Home Finance Limited,RHFL.NS,[],"['PE data missing', 'ROE data missing', 'Debt data missing', 'Revenue growth data missing']"
RHI MAGNESITA INDIA LIMITED,RHIM.NS,['Strong revenue growth'],"['Stock may be overvalued', 'Weak profitability', 'High debt risk']"
Robust Hotels Limited,RHL.NS,"['Low valuation', 'Slow revenue growth']","['Stock appears undervalued', 'Weak profitability', 'High debt risk']"
Rico Auto Industries Limited,RICOAUTO.NS,['Slow revenue growth'],"['Stock may be overvalued', 'Weak profitability', 'High debt risk']"
Reliance Industrial Infrastructure Limited,RIIL.NS,[],"['Stock may be overvalued', 'Weak profitability', 'Debt data missing', 'Declining revenues']"
Rishabh Instruments Limited,RISHABH.NS,"['Fair valuation', 'Slow revenue growth']","['Weak profitability', 'High debt risk']"
Ritco Logistics Limited,RITCO.NS,"['Fair valuation', 'Average profitability', 'Strong revenue growth']",['High debt risk']
RITES Limited,RITES.NS,"['Fair valuation', 'Average profitability', 'Low debt', 'Slow revenue growth']",[]
Ravi Kumar Distilleries Limited,RKDL.NS,[],"['Stock may be overvalued', 'Weak profitability', 'High debt risk', 'Declining revenues']"
RKEC Projects Limited,RKEC.NS,['Low valuation'],"['Stock appears undervalued', 'Weak profitability', 'High debt risk', 'Declining revenues']"
Ramkrishna Forgings Limited,RKFORGE.NS,[],"['Stock may be overvalued', 'Weak profitability', 'High debt risk', 'Declining revenues']"
R K Swamy Limited,RKSWAMY.NS,"['Fair valuation', 'Slow revenue growth']","['Weak profitability', 'High debt risk']"
R M Drip and Sprinklers Systems Limited,RMDRIP.NS,"['High profitability', 'Strong revenue growth']","['PE data missing', 'High debt risk']"
Rane (Madras) Limited,RML.NS,"['Average profitability', 'Strong revenue growth']","['Stock may be overvalued', 'High debt risk']"
R&B Denims Limited,RNBDENIMS.NS,"['Average profitability', 'Strong revenue growth']","['Stock may be overvalued', 'High debt risk']"
Royal Orchid Hotels Limited,ROHLTD.NS,"['Fair valuation', 'Average profitability', 'Slow revenue growth']",['High debt risk']
Rolex Rings Limited,ROLEXRINGS.NS,"['Fair valuation', 'Average profitability', 'Low debt']",['Declining revenues']
Rollatainers Limited,ROLLT.NS,[],"['PE data missing', 'ROE data missing', 'Debt data missing', 'Revenue growth data missing']"
Raj Oil Mills Limited,ROML.NS,"['Low valuation', 'Strong revenue growth']","['Stock appears undervalued', 'ROE data missing', 'High debt risk']"
Rossari Biotech Limited,ROSSARI.NS,"['Fair valuation', 'Average profitability', 'Strong revenue growth']",['High debt risk']
Rossell India Limited,ROSSELLIND.NS,"['Low valuation', 'Slow revenue growth']","['Stock appears undervalued', 'Weak profitability', 'High debt risk']"
Rossell Techsys Limited,ROSSTECH.NS,['Strong revenue growth'],"['Stock may be overvalued', 'ROE data missing', 'High debt risk']"
Roto Pumps Limited,ROTO.NS,['Average profitability'],"['Stock may be overvalued', 'High debt risk', 'Declining revenues']"
ROUTE MOBILE LIMITED,ROUTE.NS,"['Fair valuation', 'Slow revenue growth']","['Weak profitability', 'Moderate debt level']"
Raghav Productivity Enhancers Limited,RPEL.NS,"['High profitability', 'Strong revenue growth']","['Stock may be overvalued', 'High debt risk']"
RPG Life Sciences Limited,RPGLIFE.NS,"['Fair valuation', 'High profitability', 'Slow revenue growth']",['Debt data missing']
Reliance Power Limited,RPOWER.NS,['Slow revenue growth'],"['Stock may be overvalued', 'Weak profitability', 'High debt risk']"
R.P.P. Infra Projects Limited,RPPINFRA.NS,"['Low valuation', 'Average profitability']","['Stock appears undervalued', 'High debt risk', 'Declining revenues']"
Rajshree Polypack Limited,RPPL.NS,['Low valuation'],"['Stock appears undervalued', 'Weak profitability', 'High debt risk', 'Declining revenues']"
RPSG VENTURES LIMITED,RPSGVENT.NS,['Strong revenue growth'],"['PE data missing', 'Weak profitability', 'High debt risk']"
Rashi Peripherals Limited,RPTECH.NS,"['Low valuation', 'Average profitability', 'Slow revenue growth']","['Stock appears undervalued', 'High debt risk']"
R R Kabel Limited,RRKABEL.NS,"['Average profitability', 'Strong revenue growth']","['Stock may be overvalued', 'High debt risk']"
R. S. Software (India) Limited,RSSOFTWARE.NS,[],"['PE data missing', 'Weak profitability', 'Debt data missing', 'Declining revenues']"
RSWM Limited,RSWM.NS,[],"['Stock may be overvalued', 'Weak profitability', 'High debt risk', 'Declining revenues']"
R Systems International Limited,RSYSTEMS.NS,"['Fair valuation', 'Slow revenue growth']","['ROE data missing', 'High debt risk']"
RattanIndia Enterprises Limited,RTNINDIA.NS,['Strong revenue growth'],"['PE data missing', 'Weak profitability', 'High debt risk']"
RattanIndia Power Limited,RTNPOWER.NS,[],"['Stock may be overvalued', 'Weak profitability', 'High debt risk', 'Declining revenues']"
Rubfila International Limited,RUBFILA.NS,"['Low valuation', 'Average profitability', 'Low debt', 'Slow revenue growth']",['Stock appears undervalued']
Rubicon Research Limited,RUBICON.NS,['Strong revenue growth'],"['Stock may be overvalued', 'ROE data missing', 'High debt risk']"
The Ruby Mills Limited,RUBYMILLS.NS,"['Low valuation', 'Strong revenue growth']","['Stock appears undervalued', 'Weak profitability', 'High debt risk']"
Ruchi Infrastructure Limited,RUCHINFRA.NS,"['Fair valuation', 'Slow revenue growth']","['Weak profitability', 'High debt risk']"
Ruchira Papers Limited,RUCHIRA.NS,"['Low valuation', 'Average profitability', 'Slow revenue growth']","['Stock appears undervalued', 'High debt risk']"
Rudra Global Infra Products Limited,RUDRA.NS,['Strong revenue growth'],"['Stock may be overvalued', 'Weak profitability', 'High debt risk']"
Rupa & Company Limited,RUPA.NS,"['Fair valuation', 'Slow revenue growth']","['Weak profitability', 'High debt risk']"
Rushil Decor Limited,RUSHIL.NS,['Slow revenue growth'],"['Stock may be overvalued', 'Weak profitability', 'High debt risk']"
Keystone Realtors Limited,RUSTOMJEE.NS,[],"['Stock may be overvalued', 'Weak profitability', 'High debt risk', 'Declining revenues']"
Ravinder Heights Limited,RVHL.NS,"['Low valuation', 'Average profitability', 'Low debt', 'Strong revenue growth']",['Stock appears undervalued']
Rail Vikas Nigam Limited,RVNL.NS,"['Average profitability', 'Slow revenue growth']","['Stock may be overvalued', 'High debt risk']"
Revathi Equipment India Limited,RVTH.NS,"['Fair valuation', 'Strong revenue growth']","['Weak profitability', 'High debt risk']"
S&S Power Switchgears Limited,S&SPOWER.NS,['Slow revenue growth'],"['PE data missing', 'Weak profitability', 'High debt risk']"
Saatvik Green Energy Limited,SAATVIKGL.NS,"['Low valuation', 'Strong revenue growth']","['Stock appears undervalued', 'ROE data missing', 'High debt risk']"
Sab Events & Governance Now Media Limited,SABEVENTS.NS,[],"['PE data missing', 'ROE data missing', 'Debt data missing', 'Revenue growth data missing']"
Sri Adhikari Brothers Television Network Limited,SABTNL.NS,['Strong revenue growth'],"['PE data missing', 'Weak profitability', 'High debt risk']"
Sadbhav Engineering Limited,SADBHAV.NS,['Strong revenue growth'],"['PE data missing', 'ROE data missing', 'Debt data missing']"
Sadbhav Infrastructure Project Limited,SADBHIN.NS,['Slow revenue growth'],"['PE data missing', 'ROE data missing', 'Debt data missing']"
Sadhana Nitrochem Limited,SADHNANIQ.NS,[],"['PE data missing', 'Weak profitability', 'High debt risk', 'Declining revenues']"
Safari Industries (India) Limited,SAFARI.NS,"['Average profitability', 'Strong revenue growth']","['Stock may be overvalued', 'High debt risk']"
Sagardeep Alloys Limited,SAGARDEEP.NS,['Fair valuation'],"['Weak profitability', 'High debt risk', 'Declining revenues']"
Sagar Cements Limited,SAGCEM.NS,['Strong revenue growth'],"['PE data missing', 'Weak profitability', 'High debt risk']"
SAGILITY LIMITED,SAGILITY.NS,['Strong revenue growth'],"['Stock may be overvalued', 'Weak profitability', 'High debt risk']"
Sahyadri Industries Limited,SAHYADRI.NS,"['Fair valuation', 'Strong revenue growth']","['Weak profitability', 'High debt risk']"
Steel Authority of India Limited,SAIL.NS,"['Fair valuation', 'Slow revenue growth']","['Weak profitability', 'High debt risk']"
Sai Life Sciences Limited,SAILIFE.NS,"['Average profitability', 'Strong revenue growth']","['Stock may be overvalued', 'High debt risk']"
Sakar Healthcare Limited,SAKAR.NS,['Strong revenue growth'],"['Stock may be overvalued', 'Weak profitability', 'High debt risk']"
Sakthi Sugars Limited,SAKHTISUG.NS,"['Low valuation', 'Average profitability', 'Strong revenue growth']","['Stock appears undervalued', 'High debt risk']"
Saksoft Limited,SAKSOFT.NS,"['Fair valuation', 'Average profitability', 'Strong revenue growth']",['High debt risk']
Sakuma Exports Limited,SAKUMA.NS,[],"['Stock may be overvalued', 'Weak profitability', 'High debt risk', 'Declining revenues']"
Salasar Techno Engineering Limited,SALASAR.NS,['Strong revenue growth'],"['Stock may be overvalued', 'Weak profitability', 'High debt risk']"
Salona Cotspin Limited,SALONA.NS,['Slow revenue growth'],"['Stock may be overvalued', 'Weak profitability', 'High debt risk']"
S.A.L. Steel Limited,SALSTEEL.NS,[],"['PE data missing', 'Weak profitability', 'High debt risk', 'Declining revenues']"
Salzer Electronics Limited,SALZERELEC.NS,"['Fair valuation', 'Average profitability', 'Strong revenue growth']",['High debt risk']
Sambhaav Media Limited,SAMBHAAV.NS,[],"['PE data missing', 'Weak profitability', 'High debt risk', 'Declining revenues']"
Sambhv Steel Tubes Limited,SAMBHV.NS,['Strong revenue growth'],"['Stock may be overvalued', 'ROE data missing', 'High debt risk']"
Samhi Hotels Limited,SAMHI.NS,"['Fair valuation', 'Slow revenue growth']","['ROE data missing', 'High debt risk']"
Sammaan Capital Limited,SAMMAANCAP.NS,['Low valuation'],"['Stock appears undervalued', 'Weak profitability', 'High debt risk', 'Revenue growth data missing']"
Sampann Utpadan India Limited,SAMPANN.NS,"['Low valuation', 'High profitability', 'Strong revenue growth']","['Stock appears undervalued', 'High debt risk']"
Sanathan Textiles Limited,SANATHAN.NS,"['Fair valuation', 'Slow revenue growth']","['Weak profitability', 'High debt risk']"
Sanco Industries Limited,SANCO.NS,['Slow revenue growth'],"['Stock may be overvalued', 'Weak profitability', 'Debt data missing']"
The Sandesh Limited,SANDESH.NS,['Fair valuation'],"['Weak profitability', 'Debt data missing', 'Declining revenues']"
Sandhar Technologies Limited,SANDHAR.NS,"['Fair valuation', 'Average profitability', 'Strong revenue growth']",['High debt risk']
Sandur Manganese & Iron Ores Limited,SANDUMA.NS,"['Fair valuation', 'High profitability', 'Strong revenue growth']",['High debt risk']
Sangam (India) Limited,SANGAMIND.NS,['Strong revenue growth'],"['Stock may be overvalued', 'Weak profitability', 'High debt risk']"
Sanghi Industries Limited,SANGHIIND.NS,['Strong revenue growth'],"['PE data missing', 'Weak profitability', 'High debt risk']"
Sanghvi Movers Limited,SANGHVIMOV.NS,"['Fair valuation', 'Average profitability', 'Strong revenue growth']",['High debt risk']
Sanginita Chemicals Limited,SANGINITA.NS,[],"['PE data missing', 'Weak profitability', 'High debt risk', 'Declining revenues']"
Sanofi India Limited,SANOFI.NS,['Fair valuation'],"['ROE data missing', 'High debt risk', 'Declining revenues']"
Sanofi Consumer Healthcare India Limited,SANOFICONR.NS,['Strong revenue growth'],"['Stock may be overvalued', 'ROE data missing', 'High debt risk']"
Sansera Engineering Limited,SANSERA.NS,"['Average profitability', 'Slow revenue growth']","['Stock may be overvalued', 'High debt risk']"
Sanstar Limited,SANSTAR.NS,['Slow revenue growth'],"['Stock may be overvalued', 'Weak profitability', 'High debt risk']"
Sanwaria Consumer Limited,SANWARIA.NS,['Slow revenue growth'],"['PE data missing', 'ROE data missing', 'Debt data missing']"
Sapphire Foods India Limited,SAPPHIRE.NS,['Slow revenue growth'],"['PE data missing', 'Weak profitability', 'High debt risk']"
Sarda Energy & Minerals Limited,SARDAEN.NS,"['Fair valuation', 'Average profitability', 'Strong revenue growth']",['High debt risk']
Saregama India Limited,SAREGAMA.NS,"['Average profitability', 'Low debt']","['Stock may be overvalued', 'Declining revenues']"
Sarla Performance Fibers Limited,SARLAPOLY.NS,"['Low valuation', 'Average profitability']","['Stock appears undervalued', 'High debt risk', 'Declining revenues']"
Sarveshwar Foods Limited,SARVESHWAR.NS,"['Fair valuation', 'Strong revenue growth']","['Weak profitability', 'High debt risk']"
Sasken Technologies Limited,SASKEN.NS,['Strong revenue growth'],"['Stock may be overvalued', 'Weak profitability', 'High debt risk']"
Sastasundar Ventures Limited,SASTASUNDR.NS,['Slow revenue growth'],"['PE data missing', 'Weak profitability', 'Moderate debt level']"
Satia Industries Limited,SATIA.NS,"['Low valuation', 'Strong revenue growth']","['Stock appears undervalued', 'Weak profitability', 'Debt data missing']"
Satin Creditcare Network Limited,SATIN.NS,"['Low valuation', 'Strong revenue growth']","['Stock appears undervalued', 'Weak profitability', 'High debt risk']"
Saurashtra Cement Limited,SAURASHCEM.NS,"['Fair valuation', 'Slow revenue growth']","['ROE data missing', 'High debt risk']"
SBC Exports Limited,SBC.NS,"['High profitability', 'Strong revenue growth']","['Stock may be overvalued', 'High debt risk']"
Shivalik Bimetal Controls Limited,SBCL.NS,"['Fair valuation', 'High profitability', 'Slow revenue growth']",['High debt risk']
SBFC Finance Limited,SBFC.NS,"['Fair valuation', 'Average profitability', 'Strong revenue growth']",['High debt risk']
Suratwwala Business Group Limited,SBGLP.NS,"['High profitability', 'Strong revenue growth']","['Stock may be overvalued', 'High debt risk']"
SBI Cards and Payment Services Limited,SBICARD.NS,"['Average profitability', 'Strong revenue growth']","['Stock may be overvalued', 'High debt risk']"
SBI Life Insurance Company Limited,SBILIFE.NS,['Average profitability'],"['Stock may be overvalued', 'Debt data missing', 'Declining revenues']"
State Bank of India,SBIN.NS,"['Low valuation', 'Average profitability', 'Slow revenue growth']","['Stock appears undervalued', 'Debt data missing']"
Schaeffler India Limited,SCHAEFFLER.NS,['Slow revenue growth'],"['Stock may be overvalued', 'ROE data missing', 'High debt risk']"
S Chand And Company Limited,SCHAND.NS,"['Low valuation', 'Strong revenue growth']","['Stock appears undervalued', 'Weak profitability', 'High debt risk']"
Schneider Electric Infrastructure Limited,SCHNEIDER.NS,"['High profitability', 'Slow revenue growth']","['Stock may be overvalued', 'High debt risk']"
Shipping Corporation Of India Limited,SCI.NS,['Low valuation'],"['Stock appears undervalued', 'Weak profitability', 'High debt risk', 'Declining revenues']"
Shipping Corporation of India Land and Assets Limited,SCILAL.NS,"['Low debt', 'Strong revenue growth']","['PE data missing', 'Weak profitability']"
Scoda Tubes Limited,SCODATUBES.NS,['Slow revenue growth'],"['Stock may be overvalued', 'ROE data missing', 'High debt risk']"
Sheetal Cool Products Limited,SCPL.NS,"['Fair valuation', 'Average profitability']","['High debt risk', 'Declining revenues']"
Som Distilleries & Breweries Limited,SDBL.NS,"['Fair valuation', 'Average profitability']","['High debt risk', 'Declining revenues']"
Seamec Limited,SEAMECLTD.NS,['Slow revenue growth'],"['Stock may be overvalued', 'Weak profitability', 'High debt risk']"
SecMark Consultancy Limited,SECMARK.NS,"['High profitability', 'Slow revenue growth']","['Stock may be overvalued', 'Debt data missing']"
SECUREKLOUD TECHNOLOGIES LIMITED,SECURKLOUD.NS,[],"['PE data missing', 'ROE data missing', 'Debt data missing', 'Declining revenues']"
Sejal Glass Limited,SEJALLTD.NS,"['High profitability', 'Strong revenue growth']","['Stock may be overvalued', 'High debt risk']"
SEL Manufacturing Company Limited,SELMC.NS,['Slow revenue growth'],"['PE data missing', 'ROE data missing', 'Debt data missing']"
Semac Construction Limited,SEMAC.NS,['Strong revenue growth'],"['Stock may be overvalued', 'Weak profitability', 'High debt risk']"
Senco Gold Limited,SENCO.NS,"['Fair valuation', 'Average profitability', 'Slow revenue growth']",['High debt risk']
Senores Pharmaceuticals Limited,SENORES.NS,['Strong revenue growth'],"['Stock may be overvalued', 'ROE data missing', 'High debt risk']"
SEPC Limited,SEPC.NS,['Strong revenue growth'],"['Stock may be overvalued', 'Weak profitability', 'High debt risk']"
Sequent Scientific Limited,SEQUENT.NS,['Slow revenue growth'],"['Stock may be overvalued', 'Weak profitability', 'High debt risk']"
Servotech Renewable Power System Limited,SERVOTECH.NS,[],"['Stock may be overvalued', 'Weak profitability', 'High debt risk', 'Declining revenues']"
Seshasayee Paper and Boards Limited,SESHAPAPER.NS,['Fair valuation'],"['Weak profitability', 'High debt risk', 'Declining revenues']"
Setco Automotive Limited,SETCO.NS,['Slow revenue growth'],"['PE data missing', 'ROE data missing', 'Debt data missing']"
Setubandhan Infrastructure Limited,SETUINFRA.NS,['Slow revenue growth'],"['Stock may be overvalued', 'Weak profitability', 'High debt risk']"
Sheela Foam Limited,SFL.NS,['Slow revenue growth'],"['Stock may be overvalued', 'Weak profitability', 'High debt risk']"
SG Finserve Limited,SGFIN.NS,"['Fair valuation', 'Average profitability', 'Strong revenue growth']",['High debt risk']
Synergy Green Industries Limited,SGIL.NS,['Average profitability'],"['Stock may be overvalued', 'High debt risk', 'Declining revenues']"
STL Global Limited,SGL.NS,['Slow revenue growth'],"['PE data missing', 'Weak profitability', 'High debt risk']"
Standard Glass Lining Technology Limited,SGLTL.NS,['Slow revenue growth'],"['Stock may be overvalued', 'ROE data missing', 'High debt risk']"
SG Mart Limited,SGMART.NS,[],"['Stock may be overvalued', 'Weak profitability', 'High debt risk', 'Declining revenues']"
Shah Metacorp Limited,SHAH.NS,['Strong revenue growth'],"['Stock may be overvalued', 'Weak profitability', 'High debt risk']"
Shah Alloys Limited,SHAHALLOYS.NS,[],"['Stock may be overvalued', 'ROE data missing', 'Debt data missing', 'Declining revenues']"
Shaily Engineering Plastics Limited,SHAILY.NS,"['High profitability', 'Strong revenue growth']","['Stock may be overvalued', 'High debt risk']"
Shakti Pumps (India) Limited,SHAKTIPUMP.NS,"['Fair valuation', 'High profitability', 'Slow revenue growth']",['High debt risk']
Shalby Limited,SHALBY.NS,['Slow revenue growth'],"['Stock may be overvalued', 'Weak profitability', 'High debt risk']"
Shalimar Paints Limited,SHALPAINTS.NS,[],"['PE data missing', 'Weak profitability', 'High debt risk', 'Declining revenues']"
Shankara Building Products Limited,SHANKARA.NS,"['Low valuation', 'Average profitability']","['Stock appears undervalued', 'High debt risk', 'Declining revenues']"
Shanti Overseas (India) Limited,SHANTI.NS,['Strong revenue growth'],"['PE data missing', 'Weak profitability', 'High debt risk']"
Shanthi Gears Limited,SHANTIGEAR.NS,['High profitability'],"['Stock may be overvalued', 'Debt data missing', 'Declining revenues']"
Shanti Gold International Limited,SHANTIGOLD.NS,"['Low valuation', 'Strong revenue growth']","['Stock appears undervalued', 'ROE data missing', 'High debt risk']"
Sharda Cropchem Limited,SHARDACROP.NS,"['Fair valuation', 'Average profitability', 'Low debt', 'Strong revenue growth']",[]
Sharda Motor Industries Limited,SHARDAMOTR.NS,"['Fair valuation', 'High profitability', 'Slow revenue growth']",['High debt risk']
Share India Securities Limited,SHAREINDIA.NS,"['Low valuation', 'Average profitability']","['Stock appears undervalued', 'High debt risk', 'Declining revenues']"
Shekhawati Industries Limited,SHEKHAWATI.NS,"['Low valuation', 'High profitability']","['Stock appears undervalued', 'High debt risk', 'Declining revenues']"
Shemaroo Entertainment Limited,SHEMAROO.NS,[],"['PE data missing', 'Weak profitability', 'High debt risk', 'Declining revenues']"
Shilchar Technologies Limited,SHILCTECH.NS,"['Fair valuation', 'High profitability', 'Strong revenue growth']",['Debt data missing']
Shilpa Medicare Limited,SHILPAMED.NS,['Slow revenue growth'],"['Stock may be overvalued', 'Weak profitability', 'High debt risk']"
Shivalik Rasayan Limited,SHIVALIK.NS,['Slow revenue growth'],"['Stock may be overvalued', 'Weak profitability', 'High debt risk']"
Shivam Autotech Limited,SHIVAMAUTO.NS,[],"['PE data missing', 'Weak profitability', 'High debt risk', 'Declining revenues']"
Shiva Mills Limited,SHIVAMILLS.NS,[],"['PE data missing', 'Weak profitability', 'High debt risk', 'Declining revenues']"
Shiva Texyarn Limited,SHIVATEX.NS,"['Low valuation', 'Average profitability', 'Slow revenue growth']","['Stock appears undervalued', 'High debt risk']"
Shiv Aum Steels Limited,SHIVAUM.NS,[],"['Stock may be overvalued', 'Weak profitability', 'High debt risk', 'Declining revenues']"
S H Kelkar and Company Limited,SHK.NS,"['Fair valuation', 'Average profitability', 'Slow revenue growth']",['High debt risk']
Shoppers Stop Limited,SHOPERSTOP.NS,['Slow revenue growth'],"['Stock may be overvalued', 'Weak profitability', 'High debt risk']"
Shradha Infraprojects Limited,SHRADHA.NS,"['Low valuation', 'Average profitability', 'Strong revenue growth']","['Stock appears undervalued', 'High debt risk']"
Shree Digvijay Cement Co.Ltd,SHREDIGCEM.NS,"['Average profitability', 'Slow revenue growth']","['Stock may be overvalued', 'High debt risk']"
SHREE CEMENT LIMITED,SHREECEM.NS,['Strong revenue growth'],"['Stock may be overvalued', 'Weak profitability', 'High debt risk']"
Shreeji Shipping Global Limited,SHREEJISPG.NS,['Slow revenue growth'],"['Stock may be overvalued', 'ROE data missing', 'High debt risk']"
Shree Pushkar Chemicals & Fertilisers Limited,SHREEPUSHK.NS,"['Fair valuation', 'Average profitability', 'Strong revenue growth']",['High debt risk']
Shree Rama Multi-Tech Limited,SHREERAMA.NS,"['Fair valuation', 'High profitability', 'Strong revenue growth']",['High debt risk']
Shrenik Limited,SHRENIK.NS,['Strong revenue growth'],"['PE data missing', 'ROE data missing', 'Debt data missing']"
Shreyans Industries Limited,SHREYANIND.NS,"['Low valuation', 'Average profitability', 'Slow revenue growth']","['Stock appears undervalued', 'High debt risk']"
Shringar House of Mangalsutra Limited,SHRINGARMS.NS,"['Fair valuation', 'Strong revenue growth']","['ROE data missing', 'High debt risk']"
Shriram Pistons & Rings Limited,SHRIPISTON.NS,"['Fair valuation', 'High profitability', 'Strong revenue growth']",['High debt risk']
Shriram Finance Limited,SHRIRAMFIN.NS,"['Fair valuation', 'Average profitability', 'Slow revenue growth']",['High debt risk']
Shriram Properties Limited,SHRIRAMPPS.NS,"['Fair valuation', 'Strong revenue growth']","['Weak profitability', 'High debt risk']"
Shyam Century Ferrous Limited,SHYAMCENT.NS,[],"['PE data missing', 'Weak profitability', 'Moderate debt level', 'Declining revenues']"
Shyam Metalics and Energy Limited,SHYAMMETL.NS,"['Fair valuation', 'Strong revenue growth']","['Weak profitability', 'High debt risk']"
Shyam Telecom Limited,SHYAMTEL.NS,[],"['PE data missing', 'ROE data missing', 'Debt data missing', 'Revenue growth data missing']"
Sical Logistics Limited,SICALLOG.NS,['Strong revenue growth'],"['Stock may be overvalued', 'ROE data missing', 'High debt risk']"
Siemens Limited,SIEMENS.NS,[],"['Stock may be overvalued', 'ROE data missing', 'High debt risk', 'Declining revenues']"
Sigachi Industries Limited,SIGACHI.NS,[],"['PE data missing', 'Weak profitability', 'High debt risk', 'Declining revenues']"
Signet Industries Limited,SIGIND.NS,"['Low valuation', 'Strong revenue growth']","['Stock appears undervalued', 'Weak profitability', 'High debt risk']"
Sigma Solve Limited,SIGMA.NS,"['High profitability', 'Strong revenue growth']","['Stock may be overvalued', 'High debt risk']"
Signatureglobal (India) Limited,SIGNATURE.NS,['Average profitability'],"['Stock may be overvalued', 'High debt risk', 'Declining revenues']"
Signpost India Limited,SIGNPOST.NS,"['Average profitability', 'Slow revenue growth']","['Stock may be overvalued', 'High debt risk']"
Sikko Industries Limited,SIKKO.NS,['Strong revenue growth'],"['Stock may be overvalued', 'Weak profitability', 'High debt risk']"
Standard Industries Limited,SIL.NS,['Strong revenue growth'],"['PE data missing', 'Weak profitability', 'High debt risk']"
Silgo Retail Limited,SILGO.NS,['Strong revenue growth'],"['Stock may be overvalued', 'Weak profitability', 'Debt data missing']"
SIL Investments Limited,SILINV.NS,"['Low valuation', 'Strong revenue growth']","['Stock appears undervalued', 'Weak profitability', 'Debt data missing']"
Silly Monks Entertainment Limited,SILLYMONKS.NS,[],"['PE data missing', 'Weak profitability', 'High debt risk', 'Declining revenues']"
Silver Touch Technologies Limited,SILVERTUC.NS,"['Average profitability', 'Slow revenue growth']","['Stock may be overvalued', 'High debt risk']"
Simbhaoli Sugars Limited,SIMBHALS.NS,['Low valuation'],"['Stock appears undervalued', 'ROE data missing', 'Debt data missing', 'Declining revenues']"
Simplex Infrastructures Limited,SIMPLEXINF.NS,[],"['Stock may be overvalued', 'Weak profitability', 'High debt risk', 'Declining revenues']"
Sinclairs Hotels Limited,SINCLAIR.NS,['Slow revenue growth'],"['Stock may be overvalued', 'Weak profitability', 'High debt risk']"
Sindhu Trade Links Limited,SINDHUTRAD.NS,[],"['PE data missing', 'Weak profitability', 'High debt risk', 'Declining revenues']"
Sintercom India Limited,SINTERCOM.NS,['Slow revenue growth'],"['Stock may be overvalued', 'Weak profitability', 'High debt risk']"
Sirca Paints India Limited,SIRCA.NS,"['Average profitability', 'Strong revenue growth']","['Stock may be overvalued', 'High debt risk']"
SIS LIMITED,SIS.NS,['Strong revenue growth'],"['Stock may be overvalued', 'Weak profitability', 'High debt risk']"
Siti Networks Limited,SITINET.NS,[],"['PE data missing', 'ROE data missing', 'Debt data missing', 'Declining revenues']"
Siyaram Silk Mills Limited,SIYSIL.NS,"['Low valuation', 'Average profitability', 'Strong revenue growth']","['Stock appears undervalued', 'High debt risk']"
S.J.S. Enterprises Limited,SJS.NS,"['High profitability', 'Strong revenue growth']","['Stock may be overvalued', 'High debt risk']"
SJVN Limited,SJVN.NS,['Slow revenue growth'],"['Stock may be overvalued', 'Weak profitability', 'High debt risk']"
SKF India Limited,SKFINDIA.NS,"['Fair valuation', 'High profitability', 'Low debt', 'Slow revenue growth']",[]
SKF India (Industrial) Limited,SKFINDUS.NS,[],"['PE data missing', 'ROE data missing', 'Debt data missing', 'Revenue growth data missing']"
Skipper Limited,SKIPPER.NS,"['Fair valuation', 'Average profitability', 'Slow revenue growth']",['High debt risk']
SKM Egg Products Export (India) Limited,SKMEGGPROD.NS,"['Fair valuation', 'Average profitability', 'Strong revenue growth']",['High debt risk']
SKY GOLD AND DIAMONDS LIMITED,SKYGOLD.NS,"['High profitability', 'Strong revenue growth']","['PE data missing', 'High debt risk']"
Smartlink Holdings Limited,SMARTLINK.NS,"['Low valuation', 'Strong revenue growth']","['Stock appears undervalued', 'Weak profitability', 'High debt risk']"
Smartworks Coworking Spaces Limited,SMARTWORKS.NS,['Strong revenue growth'],"['PE data missing', 'ROE data missing', 'High debt risk']"
SMC Global Securities Limited,SMCGLOBAL.NS,['Fair valuation'],"['Weak profitability', 'High debt risk', 'Declining revenues']"
SML Mahindra Limited,SMLMAH.NS,"['High profitability', 'Slow revenue growth']","['Stock may be overvalued', 'High debt risk']"
Sarthak Metals Limited,SMLT.NS,[],"['Stock may be overvalued', 'Weak profitability', 'High debt risk', 'Declining revenues']"
SMS Pharmaceuticals Limited,SMSPHARMA.NS,"['Average profitability', 'Strong revenue growth']","['Stock may be overvalued', 'High debt risk']"
Snowman Logistics Limited,SNOWMAN.NS,['Slow revenue growth'],"['Stock may be overvalued', 'Weak profitability', 'High debt risk']"
Sobha Limited,SOBHA.NS,['Strong revenue growth'],"['Stock may be overvalued', 'Weak profitability', 'High debt risk']"
Softtech Engineers Limited,SOFTTECH.NS,['Strong revenue growth'],"['Stock may be overvalued', 'Weak profitability', 'High debt risk']"
Solara Active Pharma Sciences Limited,SOLARA.NS,[],"['Stock may be overvalued', 'Weak profitability', 'High debt risk', 'Declining revenues']"
Solar Industries India Limited,SOLARINDS.NS,"['High profitability', 'Strong revenue growth']","['Stock may be overvalued', 'High debt risk']"
Solarworld Energy Solutions Limited,SOLARWORLD.NS,[],"['Stock may be overvalued', 'ROE data missing', 'High debt risk', 'Declining revenues']"
Solex Energy Limited,SOLEX.NS,"['Fair valuation', 'High profitability', 'Slow revenue growth']",['High debt risk']
Somany Ceramics Limited,SOMANYCERA.NS,['Slow revenue growth'],"['Stock may be overvalued', 'Weak profitability', 'High debt risk']"
Soma Textiles & Industries Limited,SOMATEX.NS,['Low debt'],"['Stock may be overvalued', 'Weak profitability', 'Declining revenues']"
Somi Conveyor Beltings Limited,SOMICONVEY.NS,[],"['Stock may be overvalued', 'Weak profitability', 'High debt risk', 'Declining revenues']"
Sona BLW Precision Forgings Limited,SONACOMS.NS,"['Average profitability', 'Strong revenue growth']","['Stock may be overvalued', 'High debt risk']"
SONAM LIMITED,SONAMLTD.NS,"['Fair valuation', 'Strong revenue growth']","['Weak profitability', 'High debt risk']"
Sonata Software Limited,SONATSOFTW.NS,"['Fair valuation', 'High profitability']","['High debt risk', 'Declining revenues']"
Savita Oil Technologies Limited,SOTL.NS,"['Fair valuation', 'Strong revenue growth']","['Weak profitability', 'Debt data missing']"
The South Indian Bank Limited,SOUTHBANK.NS,"['Low valuation', 'Average profitability', 'Slow revenue growth']","['Stock appears undervalued', 'Debt data missing']"
South West Pinnacle Exploration Limited,SOUTHWEST.NS,"['Fair valuation', 'Average profitability', 'Strong revenue growth']",['High debt risk']
S. P. Apparels Limited,SPAL.NS,"['Fair valuation', 'Average profitability', 'Slow revenue growth']",['High debt risk']
Spandana Sphoorty Financial Limited,SPANDANA.NS,[],"['PE data missing', 'Weak profitability', 'High debt risk', 'Revenue growth data missing']"
Sun Pharma Advanced Research Company Limited,SPARC.NS,[],"['PE data missing', 'ROE data missing', 'Debt data missing', 'Declining revenues']"
Spacenet Enterprises India Limited,SPCENET.NS,"['Fair valuation', 'Slow revenue growth']","['Weak profitability', 'Moderate debt level']"
Speciality Restaurants Limited,SPECIALITY.NS,"['Fair valuation', 'Slow revenue growth']","['Weak profitability', 'High debt risk']"
Spectrum Electrical Industries Limited,SPECTRUM.NS,"['Average profitability', 'Strong revenue growth']","['Stock may be overvalued', 'High debt risk']"
Spencer's Retail Limited,SPENCERS.NS,[],"['PE data missing', 'ROE data missing', 'Debt data missing', 'Declining revenues']"
Southern Petrochemicals Industries Corporation  Limited,SPIC.NS,"['Low valuation', 'Average profitability', 'Slow revenue growth']","['Stock appears undervalued', 'High debt risk']"
SPL Industries Limited,SPLIL.NS,['Fair valuation'],"['Weak profitability', 'Debt data missing', 'Declining revenues']"
Supreme Petrochem Limited,SPLPETRO.NS,['Average profitability'],"['Stock may be overvalued', 'High debt risk', 'Declining revenues']"
SPML Infra Limited,SPMLINFRA.NS,[],"['Stock may be overvalued', 'Weak profitability', 'High debt risk', 'Declining revenues']"
Sportking India Limited,SPORTKING.NS,"['Low valuation', 'Average profitability']","['Stock appears undervalued', 'High debt risk', 'Declining revenues']"
Shankar Lal Rampal Dye-Chem Limited,SRD.NS,['Strong revenue growth'],"['PE data missing', 'ROE data missing', 'High debt risk']"
Sreeleathers Limited,SREEL.NS,"['Fair valuation', 'Low debt', 'Strong revenue growth']",['Weak profitability']
SRF Limited,SRF.NS,"['Average profitability', 'Slow revenue growth']","['Stock may be overvalued', 'High debt risk']"
SRG Housing Finance Limited,SRGHFL.NS,"['Fair valuation', 'Average profitability', 'Strong revenue growth']",['High debt risk']
Sree Rayalaseema Hi-Strength Hypo Limited,SRHHYPOLTD.NS,"['Low valuation', 'Slow revenue growth']","['Stock appears undervalued', 'Weak profitability', 'High debt risk']"
SRM Contractors Limited,SRM.NS,"['Fair valuation', 'High profitability', 'Strong revenue growth']",['High debt risk']
Shree Ram Proteins Limited,SRPL.NS,[],"['PE data missing', 'Weak profitability', 'High debt risk', 'Revenue growth data missing']"
Saraswati Saree Depot Limited,SSDL.NS,"['Low valuation', 'Average profitability', 'Strong revenue growth']","['Stock appears undervalued', 'High debt risk']"
Steel Strips Wheels Limited,SSWL.NS,"['Fair valuation', 'Average profitability', 'Slow revenue growth']",['High debt risk']
Stallion India Fluorochemicals Limited,STALLION.NS,"['Average profitability', 'Low debt', 'Strong revenue growth']",['Stock may be overvalued']
Stanley Lifestyles Limited,STANLEY.NS,['Slow revenue growth'],"['Stock may be overvalued', 'Weak profitability', 'High debt risk']"
Strides Pharma Science Limited,STAR.NS,"['Fair valuation', 'Average profitability', 'Slow revenue growth']",['High debt risk']
Star Cement Limited,STARCEMENT.NS,"['Average profitability', 'Strong revenue growth']","['Stock may be overvalued', 'High debt risk']"
Star Health and Allied Insurance Company Limited,STARHEALTH.NS,[],"['Stock may be overvalued', 'Weak profitability', 'High debt risk', 'Declining revenues']"
Star Paper Mills Limited,STARPAPER.NS,['Low valuation'],"['Stock appears undervalued', 'Weak profitability', 'Moderate debt level', 'Declining revenues']"
Starteck Finance Limited,STARTECK.NS,"['Fair valuation', 'Strong revenue growth']","['Weak profitability', 'High debt risk']"
The State Trading Corporation of India Limited,STCINDIA.NS,[],"['Stock may be overvalued', 'ROE data missing', 'Debt data missing', 'Revenue growth data missing']"
Steelcast Limited,STEELCAS.NS,"['Fair valuation', 'High profitability', 'Strong revenue growth']",['Debt data missing']
Steel City Securities Limited,STEELCITY.NS,"['Low valuation', 'Average profitability']","['Stock appears undervalued', 'High debt risk', 'Declining revenues']"
STEEL EXCHANGE INDIA LIMITED,STEELXIND.NS,[],"['Stock may be overvalued', 'Weak profitability', 'High debt risk', 'Declining revenues']"
Stel Holdings Limited,STEL.NS,['Strong revenue growth'],"['Stock may be overvalued', 'Weak profitability', 'Debt data missing']"
Sterling Tools Limited,STERTOOLS.NS,['Fair valuation'],"['Weak profitability', 'High debt risk', 'Declining revenues']"
STL Networks Limited,STLNETWORK.NS,[],"['PE data missing', 'ROE data missing', 'High debt risk', 'Declining revenues']"
Sterlite Technologies Limited,STLTECH.NS,[],"['Stock may be overvalued', 'Weak profitability', 'High debt risk', 'Declining revenues']"
Stove Kraft Limited,STOVEKRAFT.NS,['Slow revenue growth'],"['Stock may be overvalued', 'Weak profitability', 'High debt risk']"
Studds Accessories Limited,STUDDS.NS,"['Fair valuation', 'Slow revenue growth']","['ROE data missing', 'High debt risk']"
Seshaasai Technologies Limited,STYL.NS,['Fair valuation'],"['ROE data missing', 'High debt risk', 'Declining revenues']"
Stylam Industries Limited,STYLAMIND.NS,"['Fair valuation', 'Average profitability', 'Slow revenue growth']",['Debt data missing']
Baazar Style Retail Limited,STYLEBAAZA.NS,"['Fair valuation', 'Average profitability', 'Strong revenue growth']",['High debt risk']
Styrenix Performance Materials Limited,STYRENIX.NS,"['Fair valuation', 'Average profitability', 'Strong revenue growth']",['High debt risk']
Subex Limited,SUBEXLTD.NS,[],"['PE data missing', 'Weak profitability', 'High debt risk', 'Declining revenues']"
Subros Limited,SUBROS.NS,"['Average profitability', 'Slow revenue growth']","['Stock may be overvalued', 'High debt risk']"
Sudarshan Chemical Industries Limited,SUDARSCHEM.NS,['Strong revenue growth'],"['Stock may be overvalued', 'Weak profitability', 'High debt risk']"
Sudeep Pharma Limited,SUDEEPPHRM.NS,['Slow revenue growth'],"['Stock may be overvalued', 'ROE data missing', 'High debt risk']"
Sukhjit Starch & Chemicals Limited,SUKHJITS.NS,['Fair valuation'],"['Weak profitability', 'High debt risk', 'Declining revenues']"
Sula Vineyards Limited,SULA.NS,[],"['Stock may be overvalued', 'Weak profitability', 'High debt risk', 'Declining revenues']"
Sumeet Industries Limited,SUMEETINDS.NS,"['Low valuation', 'High profitability', 'Slow revenue growth']","['Stock appears undervalued', 'High debt risk']"
Sumitomo Chemical India Limited,SUMICHEM.NS,['Average profitability'],"['Stock may be overvalued', 'High debt risk', 'Declining revenues']"
Sumit Woods Limited,SUMIT.NS,[],"['Stock may be overvalued', 'Weak profitability', 'High debt risk', 'Declining revenues']"
Summit Securities Limited,SUMMITSEC.NS,"['Fair valuation', 'Slow revenue growth']","['Weak profitability', 'Debt data missing']"
Sundaram Clayton Limited,SUNCLAY.NS,[],"['PE data missing', 'ROE data missing', 'High debt risk', 'Declining revenues']"
Sundaram Multi Pap Limited,SUNDARAM.NS,['Slow revenue growth'],"['PE data missing', 'Weak profitability', 'High debt risk']"
Sundaram Finance Limited,SUNDARMFIN.NS,"['Fair valuation', 'Average profitability', 'Slow revenue growth']",['High debt risk']
Sundaram Brake Linings Limited,SUNDRMBRAK.NS,[],"['PE data missing', 'Weak profitability', 'High debt risk', 'Declining revenues']"
Sundram Fasteners Limited,SUNDRMFAST.NS,"['Average profitability', 'Slow revenue growth']","['Stock may be overvalued', 'High debt risk']"
Sundrop Brands Limited,SUNDROP.NS,['Strong revenue growth'],"['PE data missing', 'Weak profitability', 'Moderate debt level']"
Sunflag Iron And Steel Company Limited,SUNFLAG.NS,"['Fair valuation', 'Slow revenue growth']","['Weak profitability', 'High debt risk']"
Sun Pharmaceutical Industries Limited,SUNPHARMA.NS,"['Average profitability', 'Slow revenue growth']","['Stock may be overvalued', 'High debt risk']"
Sunteck Realty Limited,SUNTECK.NS,['Strong revenue growth'],"['Stock may be overvalued', 'Weak profitability', 'High debt risk']"
Sun TV Network Limited,SUNTV.NS,"['Low valuation', 'Average profitability', 'Strong revenue growth']","['Stock appears undervalued', 'High debt risk']"
Superhouse Limited,SUPERHOUSE.NS,"['Fair valuation', 'Slow revenue growth']","['Weak profitability', 'High debt risk']"
Super Spinning Mills Limited,SUPERSPIN.NS,[],"['PE data missing', 'Weak profitability', 'High debt risk', 'Declining revenues']"
Suprajit Engineering Limited,SUPRAJIT.NS,"['Average profitability', 'Slow revenue growth']","['Stock may be overvalued', 'High debt risk']"
Supreme Holdings & Hospitality (India) Limited,SUPREME.NS,[],"['Stock may be overvalued', 'Weak profitability', 'High debt risk', 'Declining revenues']"
Supreme Engineering Limited,SUPREMEENG.NS,['Strong revenue growth'],"['PE data missing', 'ROE data missing', 'Debt data missing']"
Supreme Industries Limited,SUPREMEIND.NS,"['Average profitability', 'Slow revenue growth']","['Stock may be overvalued', 'High debt risk']"
Supreme Infrastructure India Limited,SUPREMEINF.NS,"['Low valuation', 'Strong revenue growth']","['Stock appears undervalued', 'ROE data missing', 'High debt risk']"
Supriya Lifescience Limited,SUPRIYA.NS,"['Average profitability', 'Low debt', 'Strong revenue growth']",['Stock may be overvalued']
Suraj Estate Developers Limited,SURAJEST.NS,"['Low valuation', 'Average profitability', 'Strong revenue growth']","['Stock appears undervalued', 'High debt risk']"
Suraj Limited,SURAJLTD.NS,[],"['Stock may be overvalued', 'Weak profitability', 'High debt risk', 'Declining revenues']"
Suraksha Diagnostic Limited,SURAKSHA.NS,"['Average profitability', 'Strong revenue growth']","['Stock may be overvalued', 'High debt risk']"
Surana Solar Limited,SURANASOL.NS,['Low debt'],"['Stock may be overvalued', 'Weak profitability', 'Declining revenues']"
Surana Telecom and Power Limited,SURANAT&P.NS,"['Low valuation', 'Average profitability', 'Strong revenue growth']","['Stock appears undervalued', 'High debt risk']"
Suryalakshmi Cotton Mills Limited,SURYALAXMI.NS,['Fair valuation'],"['Weak profitability', 'High debt risk', 'Declining revenues']"
Surya Roshni Limited,SURYAROSNI.NS,"['Fair valuation', 'Average profitability', 'Strong revenue growth']",['High debt risk']
Suryoday Small Finance Bank Limited,SURYODAY.NS,"['Fair valuation', 'Slow revenue growth']","['Weak profitability', 'Debt data missing']"
Sutlej Textiles and Industries Limited,SUTLEJTEX.NS,[],"['PE data missing', 'Weak profitability', 'High debt risk', 'Declining revenues']"
Suven Life Sciences Limited,SUVEN.NS,[],"['PE data missing', 'Weak profitability', 'Debt data missing', 'Declining revenues']"
Suvidhaa Infoserve Limited,SUVIDHAA.NS,[],"['PE data missing', 'Weak profitability', 'High debt risk', 'Declining revenues']"
Suyog Telematics Limited,SUYOG.NS,"['Fair valuation', 'Strong revenue growth']","['Weak profitability', 'High debt risk']"
Suzlon Energy Limited,SUZLON.NS,"['Fair valuation', 'High profitability', 'Strong revenue growth']",['High debt risk']
Shree Vasu Logistics Limited,SVLL.NS,"['Average profitability', 'Strong revenue growth']","['Stock may be overvalued', 'High debt risk']"
SVP GLOBAL TEXTILES LIMITED,SVPGLOB.NS,[],"['PE data missing', 'ROE data missing', 'Debt data missing', 'Revenue growth data missing']"
SWAN CORP LIMITED,SWANCORP.NS,['Slow revenue growth'],"['Stock may be overvalued', 'Weak profitability', 'High debt risk']"
Swaraj Engines Limited,SWARAJENG.NS,"['Fair valuation', 'High profitability', 'Slow revenue growth']",['Moderate debt level']
Swelect Energy Systems Limited,SWELECTES.NS,['Fair valuation'],"['Weak profitability', 'High debt risk', 'Declining revenues']"
Swiggy Limited,SWIGGY.NS,['Strong revenue growth'],"['PE data missing', 'Weak profitability', 'High debt risk']"
Sterling and Wilson Renewable Energy Limited,SWSOLAR.NS,['Strong revenue growth'],"['PE data missing', 'Weak profitability', 'High debt risk']"
Symphony Limited,SYMPHONY.NS,['Average profitability'],"['Stock may be overvalued', 'Moderate debt level', 'Declining revenues']"
Syncom Formulations (India) Limited,SYNCOMF.NS,"['Fair valuation', 'Average profitability', 'Low debt', 'Strong revenue growth']",[]
Syngene International Limited,SYNGENE.NS,"['Average profitability', 'Slow revenue growth']","['Stock may be overvalued', 'High debt risk']"
Syrma SGS Technology Limited,SYRMA.NS,"['Average profitability', 'Strong revenue growth']","['Stock may be overvalued', 'High debt risk']"
Systematix Corporate Services Limited,SYSTMTXC.NS,"['Average profitability', 'Strong revenue growth']","['Stock may be overvalued', 'High debt risk']"
Tainwala Chemical and Plastic (I) Limited,TAINWALCHM.NS,"['Fair valuation', 'Slow revenue growth']","['Weak profitability', 'Debt data missing']"
Taj GVK Hotels & Resorts Limited,TAJGVK.NS,"['Fair valuation', 'High profitability']","['High debt risk', 'Declining revenues']"
Take Solutions Limited,TAKE.NS,['High profitability'],"['Stock may be overvalued', 'Debt data missing', 'Revenue growth data missing']"
Talbros Automotive Components Limited,TALBROAUTO.NS,"['Fair valuation', 'Average profitability']","['High debt risk', 'Declining revenues']"
Tanla Platforms Limited,TANLA.NS,"['Fair valuation', 'High profitability', 'Slow revenue growth']",['High debt risk']
Tara Chand InfraLogistic Solutions Limited,TARACHAND.NS,"['Fair valuation', 'Strong revenue growth']","['ROE data missing', 'High debt risk']"
Tarapur Transformers Limited,TARAPUR.NS,['Fair valuation'],"['ROE data missing', 'High debt risk', 'Revenue growth data missing']"
TARC Limited,TARC.NS,['Strong revenue growth'],"['PE data missing', 'Weak profitability', 'High debt risk']"
Transformers And Rectifiers (India) Limited,TARIL.NS,['High profitability'],"['Stock may be overvalued', 'High debt risk', 'Declining revenues']"
Tarmat Limited,TARMAT.NS,['Strong revenue growth'],"['Stock may be overvalued', 'Weak profitability', 'High debt risk']"
Tarsons Products Limited,TARSONS.NS,['Slow revenue growth'],"['Stock may be overvalued', 'Weak profitability', 'High debt risk']"
Tasty Bite Eatables Limited,TASTYBITE.NS,['Average profitability'],"['Stock may be overvalued', 'High debt risk', 'Declining revenues']"
Tata Capital Limited,TATACAP.NS,"['Average profitability', 'Slow revenue growth']","['Stock may be overvalued', 'High debt risk']"
Tata Chemicals Limited,TATACHEM.NS,[],"['Stock may be overvalued', 'Weak profitability', 'High debt risk', 'Declining revenues']"
Tata Communications Limited,TATACOMM.NS,"['High profitability', 'Slow revenue growth']","['Stock may be overvalued', 'High debt risk']"
TATA CONSUMER PRODUCTS LIMITED,TATACONSUM.NS,['Strong revenue growth'],"['Stock may be overvalued', 'Weak profitability', 'High debt risk']"
Tata Elxsi Limited,TATAELXSI.NS,['High profitability'],"['Stock may be overvalued', 'High debt risk', 'Declining revenues']"
Tata Investment Corporation Limited,TATAINVEST.NS,['Slow revenue growth'],"['Stock may be overvalued', 'Weak profitability', 'Debt data missing']"
Tata Power Company Limited,TATAPOWER.NS,"['Fair valuation', 'Average profitability']","['High debt risk', 'Declining revenues']"
Tata Steel Limited,TATASTEEL.NS,['Slow revenue growth'],"['Stock may be overvalued', 'Weak profitability', 'High debt risk']"
Tata Technologies Limited,TATATECH.NS,"['High profitability', 'Slow revenue growth']","['Stock may be overvalued', 'High debt risk']"
Tatva Chintan Pharma Chem Limited,TATVA.NS,['Strong revenue growth'],"['Stock may be overvalued', 'Weak profitability', 'High debt risk']"
TBO Tek Limited,TBOTEK.NS,"['Average profitability', 'Strong revenue growth']","['Stock may be overvalued', 'High debt risk']"
Tribhovandas Bhimji Zaveri Limited,TBZ.NS,"['Low valuation', 'Average profitability', 'Strong revenue growth']","['Stock appears undervalued', 'High debt risk']"
Transport Corporation of India Limited,TCI.NS,"['Fair valuation', 'Average profitability', 'Slow revenue growth']",['High debt risk']
TCI Express Limited,TCIEXP.NS,"['Fair valuation', 'Average profitability']","['High debt risk', 'Declining revenues']"
TCI Finance Limited,TCIFINANCE.NS,[],"['PE data missing', 'ROE data missing', 'Debt data missing', 'Declining revenues']"
TCPL Packaging Limited,TCPLPACK.NS,"['Fair valuation', 'High profitability']","['High debt risk', 'Declining revenues']"
Tata Consultancy Services Limited,TCS.NS,"['Fair valuation', 'High profitability', 'Slow revenue growth']",['High debt risk']
TD Power Systems Limited,TDPOWERSYS.NS,"['High profitability', 'Strong revenue growth']","['Stock may be overvalued', 'High debt risk']"
Team India Guaranty Limited,TEAMGTY.NS,['Strong revenue growth'],"['Stock may be overvalued', 'Weak profitability', 'Debt data missing']"
Teamlease Services Limited,TEAMLEASE.NS,"['Fair valuation', 'Average profitability', 'Slow revenue growth']",['High debt risk']
Tech Mahindra Limited,TECHM.NS,"['Average profitability', 'Slow revenue growth']","['Stock may be overvalued', 'High debt risk']"
Techno Electric & Engineering Company Limited,TECHNOE.NS,"['Fair valuation', 'Average profitability', 'Strong revenue growth']",['High debt risk']
TECIL Chemicals and Hydro Power Limited,TECILCHEM.NS,[],"['PE data missing', 'ROE data missing', 'Debt data missing', 'Revenue growth data missing']"
Tega Industries Limited,TEGA.NS,"['Average profitability', 'Slow revenue growth']","['Stock may be overvalued', 'High debt risk']"
Tejas Networks Limited,TEJASNET.NS,[],"['PE data missing', 'Weak profitability', 'High debt risk', 'Declining revenues']"
Tembo Global Industries Limited,TEMBO.NS,"['Fair valuation', 'High profitability', 'Strong revenue growth']",['High debt risk']
Tenneco Clean Air India Limited,TENNIND.NS,['Slow revenue growth'],"['Stock may be overvalued', 'ROE data missing', 'High debt risk']"
Tera Software Limited,TERASOFT.NS,"['Average profitability', 'Strong revenue growth']","['Stock may be overvalued', 'High debt risk']"
Texmaco Infrastructure & Holdings Limited,TEXINFRA.NS,['Slow revenue growth'],"['PE data missing', 'Weak profitability', 'High debt risk']"
Texmo Pipes and Products Limited,TEXMOPIPES.NS,['Low valuation'],"['Stock appears undervalued', 'Weak profitability', 'High debt risk', 'Declining revenues']"
Texmaco Rail & Engineering Limited,TEXRAIL.NS,['Fair valuation'],"['Weak profitability', 'High debt risk', 'Declining revenues']"
Tourism Finance Corporation of India Limited,TFCILTD.NS,"['Fair valuation', 'Slow revenue growth']","['Weak profitability', 'High debt risk']"
Transwarranty Finance Limited,TFL.NS,[],"['PE data missing', 'Weak profitability', 'High debt risk', 'Declining revenues']"
TGB Banquets And Hotels Limited,TGBHOTELS.NS,['Low valuation'],"['Stock appears undervalued', 'Weak profitability', 'High debt risk', 'Declining revenues']"
Thangamayil Jewellery Limited,THANGAMAYL.NS,"['High profitability', 'Strong revenue growth']","['Stock may be overvalued', 'High debt risk']"
The Investment Trust Of India Limited,THEINVEST.NS,['Fair valuation'],"['Weak profitability', 'High debt risk', 'Declining revenues']"
Thejo Engineering Limited,THEJO.NS,"['Average profitability', 'Slow revenue growth']","['Stock may be overvalued', 'High debt risk']"
Leela Palaces Hotels & Resorts Limited,THELEELA.NS,['Slow revenue growth'],"['Stock may be overvalued', 'ROE data missing', 'High debt risk']"
Themis Medicare Limited,THEMISMED.NS,[],"['PE data missing', 'Weak profitability', 'High debt risk', 'Declining revenues']"
Thermax Limited,THERMAX.NS,['Average profitability'],"['Stock may be overvalued', 'High debt risk', 'Declining revenues']"
Thomas Cook  (India)  Limited,THOMASCOOK.NS,"['Fair valuation', 'Average profitability', 'Slow revenue growth']",['High debt risk']
Thomas Scott (India) Limited,THOMASCOTT.NS,"['Fair valuation', 'Average profitability', 'Strong revenue growth']",['High debt risk']
Thyrocare Technologies Limited,THYROCARE.NS,"['High profitability', 'Strong revenue growth']","['Stock may be overvalued', 'High debt risk']"
Tilaknagar Industries Limited,TI.NS,"['Average profitability', 'Slow revenue growth']","['Stock may be overvalued', 'High debt risk']"
Twamev Construction and Infrastructure Limited,TICL.NS,"['Low valuation', 'Strong revenue growth']","['Stock appears undervalued', 'ROE data missing', 'High debt risk']"
Tiger Logistics (India) Limited,TIGERLOGS.NS,"['Low valuation', 'High profitability', 'Slow revenue growth']","['Stock appears undervalued', 'High debt risk']"
Technocraft Industries (India) Limited,TIIL.NS,"['Fair valuation', 'Average profitability', 'Strong revenue growth']",['High debt risk']
Tube Investments of India Limited,TIINDIA.NS,"['Average profitability', 'Slow revenue growth']","['Stock may be overvalued', 'High debt risk']"
Tijaria Polypipes Limited,TIJARIA.NS,['Strong revenue growth'],"['PE data missing', 'ROE data missing', 'Debt data missing']"
TIL Limited,TIL.NS,['Strong revenue growth'],"['PE data missing', 'ROE data missing', 'High debt risk']"
Time Technoplast Limited,TIMETECHNO.NS,"['Fair valuation', 'Average profitability', 'Slow revenue growth']",['High debt risk']
Timken India Limited,TIMKEN.NS,"['Average profitability', 'Slow revenue growth']","['Stock may be overvalued', 'Moderate debt level']"
Tinna Rubber and Infrastructure Limited,TINNARUBR.NS,"['High profitability', 'Slow revenue growth']","['Stock may be overvalued', 'High debt risk']"
Tips Films Limited,TIPSFILMS.NS,['Strong revenue growth'],"['PE data missing', 'Weak profitability', 'High debt risk']"
Tips Music Limited,TIPSMUSIC.NS,"['High profitability', 'Slow revenue growth']","['Stock may be overvalued', 'High debt risk']"
Thirumalai Chemicals Limited,TIRUMALCHM.NS,[],"['PE data missing', 'Weak profitability', 'High debt risk', 'Declining revenues']"
Tirupati Forge Limited,TIRUPATIFL.NS,['Strong revenue growth'],"['Stock may be overvalued', 'Weak profitability', 'High debt risk']"
TITAGARH RAIL SYSTEMS LIMITED,TITAGARH.NS,[],"['Stock may be overvalued', 'Weak profitability', 'High debt risk', 'Declining revenues']"
Titan Company Limited,TITAN.NS,"['High profitability', 'Strong revenue growth']","['Stock may be overvalued', 'High debt risk']"
Tamilnad Mercantile Bank Limited,TMB.NS,"['Low valuation', 'Average profitability', 'Slow revenue growth']","['Stock appears undervalued', 'Debt data missing']"
Tata Motors Limited,TMCV.NS,['Low valuation'],"['Stock appears undervalued', 'ROE data missing', 'Debt data missing', 'Revenue growth data missing']"
Tata Motors Passenger Vehicles Limited,TMPV.NS,['Low valuation'],"['Stock appears undervalued', 'Weak profitability', 'High debt risk', 'Declining revenues']"
Tamilnadu PetroProducts Limited,TNPETRO.NS,"['Low valuation', 'Average profitability', 'Slow revenue growth']","['Stock appears undervalued', 'High debt risk']"
Tamil Nadu Newsprint & Papers Limited,TNPL.NS,['Strong revenue growth'],"['PE data missing', 'Weak profitability', 'High debt risk']"
Tamilnadu Telecommunication Limited,TNTELE.NS,[],"['PE data missing', 'ROE data missing', 'Debt data missing', 'Revenue growth data missing']"
Tokyo Plast International Limited,TOKYOPLAST.NS,['Slow revenue growth'],"['Stock may be overvalued', 'Weak profitability', 'High debt risk']"
Tolins Tyres Limited,TOLINS.NS,"['Low valuation', 'Average profitability']","['Stock appears undervalued', 'High debt risk', 'Declining revenues']"
Torrent Pharmaceuticals Limited,TORNTPHARM.NS,"['High profitability', 'Slow revenue growth']","['Stock may be overvalued', 'High debt risk']"
Torrent Power Limited,TORNTPOWER.NS,"['Fair valuation', 'Average profitability', 'Slow revenue growth']",['High debt risk']
Total Transport Systems Limited,TOTAL.NS,"['Low valuation', 'Average profitability']","['Stock appears undervalued', 'High debt risk', 'Declining revenues']"
Touchwood Entertainment Limited,TOUCHWOOD.NS,"['Fair valuation', 'Average profitability', 'Strong revenue growth']",['High debt risk']
Teamo Productions HQ Limited,TPHQ.NS,[],"['Stock may be overvalued', 'Weak profitability', 'Debt data missing', 'Declining revenues']"
TPL Plastech Limited,TPLPLASTEH.NS,"['Fair valuation', 'Average profitability', 'Strong revenue growth']",['High debt risk']
Tracxn Technologies Limited,TRACXN.NS,[],"['PE data missing', 'Weak profitability', 'Debt data missing', 'Declining revenues']"
Transrail Lighting Limited,TRANSRAILL.NS,"['Fair valuation', 'High profitability', 'Strong revenue growth']",['High debt risk']
TRANSWORLD SHIPPING LINES LIMITED,TRANSWORLD.NS,[],"['PE data missing', 'Weak profitability', 'High debt risk', 'Declining revenues']"
Travel Food Services Limited,TRAVELFOOD.NS,[],"['Stock may be overvalued', 'ROE data missing', 'High debt risk', 'Declining revenues']"
Tree House Education & Accessories Limited,TREEHOUSE.NS,[],"['PE data missing', 'Weak profitability', 'Debt data missing', 'Declining revenues']"
TREJHARA SOLUTIONS LIMITED,TREJHARA.NS,['Strong revenue growth'],"['Stock may be overvalued', 'Weak profitability', 'High debt risk']"
Transindia Real Estate Limited,TREL.NS,"['Low valuation', 'Slow revenue growth']","['Stock appears undervalued', 'Weak profitability', 'Debt data missing']"
Trent Limited,TRENT.NS,"['High profitability', 'Strong revenue growth']","['Stock may be overvalued', 'High debt risk']"
TRF Limited,TRF.NS,"['Fair valuation', 'Average profitability']","['High debt risk', 'Declining revenues']"
Trident Limited,TRIDENT.NS,['Slow revenue growth'],"['Stock may be overvalued', 'Weak profitability', 'High debt risk']"
Trigyn Technologies Limited,TRIGYN.NS,['Strong revenue growth'],"['Stock may be overvalued', 'Weak profitability', 'Moderate debt level']"
Triveni Turbine Limited,TRITURBINE.NS,"['High profitability', 'Slow revenue growth']","['Stock may be overvalued', 'High debt risk']"
Triveni Engineering & Industries Limited,TRIVENI.NS,['Slow revenue growth'],"['Stock may be overvalued', 'Weak profitability', 'High debt risk']"
TruCap Finance Limited,TRU.NS,[],"['PE data missing', 'Weak profitability', 'High debt risk', 'Revenue growth data missing']"
TruAlt Bioenergy Limited,TRUALT.NS,['Fair valuation'],"['ROE data missing', 'High debt risk', 'Declining revenues']"
TSF INVESTMENTS LIMITED,TSFINV.NS,"['Fair valuation', 'Strong revenue growth']","['Weak profitability', 'High debt risk']"
TTK Healthcare Limited,TTKHLTCARE.NS,"['Fair valuation', 'Slow revenue growth']","['Weak profitability', 'High debt risk']"
TTK Prestige Limited,TTKPRESTIG.NS,['Slow revenue growth'],"['Stock may be overvalued', 'Weak profitability', 'High debt risk']"
T T Limited,TTL.NS,[],"['PE data missing', 'Weak profitability', 'High debt risk', 'Declining revenues']"
Tata Teleservices (Maharashtra) Limited,TTML.NS,[],"['PE data missing', 'ROE data missing', 'Debt data missing', 'Declining revenues']"
TVS Electronics Limited,TVSELECT.NS,['Strong revenue growth'],"['PE data missing', 'Weak profitability', 'High debt risk']"
TVS Holdings Limited,TVSHLTD.NS,"['Fair valuation', 'High profitability', 'Strong revenue growth']",['High debt risk']
TVS Motor Company Limited,TVSMOTOR.NS,"['High profitability', 'Strong revenue growth']","['Stock may be overvalued', 'High debt risk']"
TVS Supply Chain Solutions Limited,TVSSCS.NS,['Slow revenue growth'],"['Stock may be overvalued', 'Weak profitability', 'High debt risk']"
TVS Srichakra Limited,TVSSRICHAK.NS,['Slow revenue growth'],"['Stock may be overvalued', 'Weak profitability', 'High debt risk']"
TV Today Network Limited,TVTODAY.NS,[],"['Stock may be overvalued', 'Weak profitability', 'High debt risk', 'Declining revenues']"
TV Vision Limited,TVVISION.NS,[],"['PE data missing', 'ROE data missing', 'Debt data missing', 'Declining revenues']"
United Breweries Limited,UBL.NS,[],"['Stock may be overvalued', 'Weak profitability', 'High debt risk', 'Declining revenues']"
UCAL LIMITED,UCAL.NS,[],"['PE data missing', 'Weak profitability', 'High debt risk', 'Declining revenues']"
UCO Bank,UCOBANK.NS,"['Low valuation', 'Slow revenue growth']","['Stock appears undervalued', 'Weak profitability', 'Debt data missing']"
Updater Services Limited,UDS.NS,"['Low valuation', 'Average profitability', 'Slow revenue growth']","['Stock appears undervalued', 'High debt risk']"
United Foodbrands Limited,UFBL.NS,[],"['PE data missing', 'Weak profitability', 'High debt risk', 'Declining revenues']"
UFLEX Limited,UFLEX.NS,['Low valuation'],"['Stock appears undervalued', 'Weak profitability', 'High debt risk', 'Declining revenues']"
UFO Moviez India Limited,UFO.NS,"['Low valuation', 'Slow revenue growth']","['Stock appears undervalued', 'Weak profitability', 'High debt risk']"
The Ugar Sugar Works Limited,UGARSUGAR.NS,['Strong revenue growth'],"['Stock may be overvalued', 'Weak profitability', 'High debt risk']"
Ugro Capital Limited,UGROCAP.NS,"['Low valuation', 'Strong revenue growth']","['Stock appears undervalued', 'Weak profitability', 'High debt risk']"
Ujjivan Small Finance Bank Limited,UJJIVANSFB.NS,['Fair valuation'],"['Weak profitability', 'Debt data missing', 'Declining revenues']"
UltraTech Cement Limited,ULTRACEMCO.NS,"['Average profitability', 'Strong revenue growth']","['Stock may be overvalued', 'High debt risk']"
Uma Exports Limited,UMAEXPORTS.NS,['Slow revenue growth'],"['PE data missing', 'Weak profitability', 'High debt risk']"
Usha Martin Education & Solutions Limited,UMESLTD.NS,['Strong revenue growth'],"['Stock may be overvalued', 'Weak profitability', 'High debt risk']"
UMIYA BUILDCON LIMITED,UMIYA-MRO.NS,"['Low valuation', 'High profitability', 'Strong revenue growth']","['Stock appears undervalued', 'High debt risk']"
Unichem Laboratories Limited,UNICHEMLAB.NS,['Strong revenue growth'],"['Stock may be overvalued', 'Weak profitability', 'High debt risk']"
United Drilling Tools Limited,UNIDT.NS,"['Fair valuation', 'Slow revenue growth']","['Weak profitability', 'High debt risk']"
Unicommerce Esolutions Limited,UNIECOM.NS,"['Average profitability', 'Strong revenue growth']","['Stock may be overvalued', 'High debt risk']"
Uniphos Enterprises Limited,UNIENTER.NS,[],"['Stock may be overvalued', 'Weak profitability', 'Debt data missing', 'Declining revenues']"
Uniinfo Telecom Services Limited,UNIINFO.NS,['Strong revenue growth'],"['PE data missing', 'Weak profitability', 'High debt risk']"
Unimech Aerospace and Manufacturing Limited,UNIMECH.NS,['Slow revenue growth'],"['Stock may be overvalued', 'ROE data missing', 'High debt risk']"
Union Bank of India,UNIONBANK.NS,"['Low valuation', 'Average profitability']","['Stock appears undervalued', 'Debt data missing', 'Declining revenues']"
Uniparts India Limited,UNIPARTS.NS,"['Fair valuation', 'Average profitability', 'Slow revenue growth']",['High debt risk']
United Spirits Limited,UNITDSPR.NS,"['High profitability', 'Slow revenue growth']","['Stock may be overvalued', 'High debt risk']"
Unitech Limited,UNITECH.NS,['Strong revenue growth'],"['PE data missing', 'ROE data missing', 'Debt data missing']"
United Polyfab Gujarat Limited,UNITEDPOLY.NS,"['High profitability', 'Strong revenue growth']","['PE data missing', 'High debt risk']"
The United Nilgiri Tea Estates Company Limited,UNITEDTEA.NS,['Low valuation'],"['Stock appears undervalued', 'Weak profitability', 'Debt data missing', 'Declining revenues']"
Univastu India Limited,UNIVASTU.NS,"['Fair valuation', 'High profitability', 'Slow revenue growth']",['High debt risk']
Universal Cables Limited,UNIVCABLES.NS,"['Fair valuation', 'Strong revenue growth']","['Weak profitability', 'High debt risk']"
Universus Photo Imagings Limited,UNIVPHOTO.NS,[],"['PE data missing', 'Weak profitability', 'Debt data missing', 'Declining revenues']"
UNO Minda Limited,UNOMINDA.NS,"['Average profitability', 'Slow revenue growth']","['Stock may be overvalued', 'High debt risk']"
UPL Limited,UPL.NS,"['Fair valuation', 'Slow revenue growth']","['Weak profitability', 'High debt risk']"
Uravi Defence and Technology Limited,URAVIDEF.NS,['Slow revenue growth'],"['Stock may be overvalued', 'Weak profitability', 'High debt risk']"
Urban Company Limited,URBANCO.NS,['Strong revenue growth'],"['Stock may be overvalued', 'ROE data missing', 'High debt risk']"
Urja Global Limited,URJA.NS,[],"['Stock may be overvalued', 'Weak profitability', 'High debt risk', 'Declining revenues']"
Usha Martin Limited,USHAMART.NS,"['Average profitability', 'Slow revenue growth']","['Stock may be overvalued', 'High debt risk']"
Udayshivakumar Infra Limited,USK.NS,[],"['PE data missing', 'Weak profitability', 'High debt risk', 'Declining revenues']"
UTI Asset Management Company Limited,UTIAMC.NS,"['Fair valuation', 'Average profitability']","['High debt risk', 'Declining revenues']"
Utkarsh Small Finance Bank Limited,UTKARSHBNK.NS,[],"['PE data missing', 'Weak profitability', 'Debt data missing', 'Revenue growth data missing']"
Fujiyama Power Systems Limited,UTLSOLAR.NS,['Strong revenue growth'],"['Stock may be overvalued', 'ROE data missing', 'High debt risk']"
Uttam Sugar Mills Limited,UTTAMSUGAR.NS,"['Low valuation', 'Average profitability', 'Strong revenue growth']","['Stock appears undervalued', 'High debt risk']"
U. Y. Fincorp Limited,UYFINCORP.NS,['Fair valuation'],"['Weak profitability', 'High debt risk', 'Declining revenues']"
V2 Retail Limited,V2RETAIL.NS,"['High profitability', 'Strong revenue growth']","['Stock may be overvalued', 'High debt risk']"
Vadilal Industries Limited,VADILALIND.NS,"['Fair valuation', 'Average profitability', 'Strong revenue growth']",['High debt risk']
Vaibhav Global Limited,VAIBHAVGBL.NS,"['Fair valuation', 'Average profitability', 'Slow revenue growth']",['High debt risk']
Vaishali Pharma Limited,VAISHALI.NS,['Strong revenue growth'],"['Stock may be overvalued', 'Weak profitability', 'High debt risk']"
Vakrangee Limited,VAKRANGEE.NS,['Slow revenue growth'],"['Stock may be overvalued', 'Weak profitability', 'High debt risk']"
Valiant Laboratories Limited,VALIANTLAB.NS,['Strong revenue growth'],"['Stock may be overvalued', 'Weak profitability', 'High debt risk']"
Valiant Organics Limited,VALIANTORG.NS,[],"['Stock may be overvalued', 'Weak profitability', 'High debt risk', 'Declining revenues']"
Vardhman Acrylics Limited,VARDHACRLC.NS,"['Fair valuation', 'Strong revenue growth']","['Weak profitability', 'Debt data missing']"
Vardhman Polytex Limited,VARDMNPOLY.NS,['Low valuation'],"['Stock appears undervalued', 'ROE data missing', 'Debt data missing', 'Declining revenues']"
Varroc Engineering Limited,VARROC.NS,['Slow revenue growth'],"['Stock may be overvalued', 'Weak profitability', 'High debt risk']"
Vascon Engineers Limited,VASCONEQ.NS,"['Low valuation', 'Average profitability', 'Slow revenue growth']","['Stock appears undervalued', 'High debt risk']"
Vaswani Industries Limited,VASWANI.NS,['Fair valuation'],"['Weak profitability', 'High debt risk', 'Declining revenues']"
Varun Beverages Limited,VBL.NS,['Slow revenue growth'],"['Stock may be overvalued', 'ROE data missing', 'High debt risk']"
Vaxtex Cotfab Limited,VCL.NS,[],"['Stock may be overvalued', 'Weak profitability', 'High debt risk', 'Revenue growth data missing']"
Vedanta Limited,VEDL.NS,"['Fair valuation', 'High profitability', 'Slow revenue growth']",['High debt risk']
Veedol Corporation Limited,VEEDOL.NS,"['Fair valuation', 'High profitability', 'Slow revenue growth']",['High debt risk']
Venky's (India) Limited,VENKEYS.NS,['Slow revenue growth'],"['Stock may be overvalued', 'Weak profitability', 'High debt risk']"
Ventive Hospitality Limited,VENTIVE.NS,['Strong revenue growth'],"['Stock may be overvalued', 'ROE data missing', 'High debt risk']"
Venus Pipes & Tubes Limited,VENUSPIPES.NS,"['Fair valuation', 'Average profitability', 'Strong revenue growth']",['High debt risk']
Venus Remedies Limited,VENUSREM.NS,"['Low valuation', 'Average profitability', 'Strong revenue growth']","['Stock appears undervalued', 'High debt risk']"
Veranda Learning Solutions Limited,VERANDA.NS,[],"['PE data missing', 'Weak profitability', 'High debt risk', 'Declining revenues']"
Vertoz Limited,VERTOZ.NS,"['Fair valuation', 'Average profitability', 'Slow revenue growth']",['High debt risk']
Vesuvius India Limited,VESUVIUS.NS,['Strong revenue growth'],"['Stock may be overvalued', 'ROE data missing', 'Debt data missing']"
Veto Switchgears And Cables Limited,VETO.NS,"['Low valuation', 'Strong revenue growth']","['Stock appears undervalued', 'Weak profitability', 'High debt risk']"
VARVEE GLOBAL LIMITED,VGL.NS,"['Fair valuation', 'High profitability', 'Strong revenue growth']",['High debt risk']
V-Guard Industries Limited,VGUARD.NS,"['Average profitability', 'Slow revenue growth']","['Stock may be overvalued', 'High debt risk']"
Vardhman Holdings Limited,VHL.NS,['Low valuation'],"['Stock appears undervalued', 'Weak profitability', 'Debt data missing', 'Declining revenues']"
Viceroy Hotels Limited,VHLTD.NS,[],"['Stock may be overvalued', 'Weak profitability', 'High debt risk', 'Declining revenues']"
Vidhi Specialty Food Ingredients Limited,VIDHIING.NS,['Average profitability'],"['Stock may be overvalued', 'High debt risk', 'Declining revenues']"
Vidya Wires Limited,VIDYAWIRES.NS,"['Fair valuation', 'Slow revenue growth']","['ROE data missing', 'High debt risk']"
Vijaya Diagnostic Centre Limited,VIJAYA.NS,"['Average profitability', 'Slow revenue growth']","['Stock may be overvalued', 'High debt risk']"
Viji Finance Limited,VIJIFIN.NS,[],"['Stock may be overvalued', 'Weak profitability', 'High debt risk', 'Declining revenues']"
Vikas EcoTech Limited,VIKASECO.NS,[],"['Stock may be overvalued', 'Weak profitability', 'High debt risk', 'Declining revenues']"
Vikas Lifecare Limited,VIKASLIFE.NS,['Slow revenue growth'],"['PE data missing', 'ROE data missing', 'High debt risk']"
Vikram Solar Limited,VIKRAMSOLR.NS,"['Fair valuation', 'Strong revenue growth']","['ROE data missing', 'High debt risk']"
Vikran Engineering Limited,VIKRAN.NS,['Slow revenue growth'],"['Stock may be overvalued', 'ROE data missing', 'High debt risk']"
Vimta Labs Limited,VIMTALABS.NS,"['Average profitability', 'Strong revenue growth']","['Stock may be overvalued', 'High debt risk']"
Vinati Organics Limited,VINATIORGA.NS,['Average profitability'],"['Stock may be overvalued', 'Debt data missing', 'Declining revenues']"
Vintage Coffee And Beverages Limited,VINCOFE.NS,"['Average profitability', 'Strong revenue growth']","['Stock may be overvalued', 'High debt risk']"
Vindhya Telelinks Limited,VINDHYATEL.NS,"['Low valuation', 'Slow revenue growth']","['Stock appears undervalued', 'Weak profitability', 'High debt risk']"
Vineet Laboratories Limited,VINEETLAB.NS,[],"['PE data missing', 'Weak profitability', 'High debt risk', 'Declining revenues']"
Vinny Overseas Limited,VINNY.NS,['Low valuation'],"['Stock appears undervalued', 'Weak profitability', 'High debt risk', 'Declining revenues']"
Vinyl Chemicals (India) Limited,VINYLINDIA.NS,"['Fair valuation', 'Average profitability', 'Low debt', 'Slow revenue growth']",[]
VIP Clothing Limited,VIPCLOTHNG.NS,['Slow revenue growth'],"['Stock may be overvalued', 'Weak profitability', 'High debt risk']"
VIP Industries Limited,VIPIND.NS,[],"['PE data missing', 'Weak profitability', 'High debt risk', 'Declining revenues']"
Vipul Limited,VIPULLTD.NS,[],"['PE data missing', 'Weak profitability', 'High debt risk', 'Declining revenues']"
Virinchi Limited,VIRINCHI.NS,[],"['PE data missing', 'Weak profitability', 'High debt risk', 'Declining revenues']"
Visaka Industries Limited,VISAKAIND.NS,"['Low valuation', 'Slow revenue growth']","['Stock appears undervalued', 'Weak profitability', 'High debt risk']"
Visa Steel Limited,VISASTEEL.NS,[],"['PE data missing', 'ROE data missing', 'Debt data missing', 'Declining revenues']"
Vishnu Chemicals Limited,VISHNU.NS,"['Fair valuation', 'Average profitability', 'Strong revenue growth']",['High debt risk']
Vishwaraj Sugar Industries Limited,VISHWARAJ.NS,[],"['PE data missing', 'Weak profitability', 'High debt risk', 'Declining revenues']"
Visagar Polytex Limited,VIVIDHA.NS,[],"['PE data missing', 'Weak profitability', 'High debt risk', 'Revenue growth data missing']"
Vivimed Labs Limited,VIVIMEDLAB.NS,[],"['PE data missing', 'ROE data missing', 'Debt data missing', 'Declining revenues']"
VL E-Governance & IT Solutions Limited,VLEGOV.NS,[],"['PE data missing', 'ROE data missing', 'Debt data missing', 'Declining revenues']"
VLS Finance Limited,VLSFINANCE.NS,['Low debt'],"['PE data missing', 'ROE data missing', 'Declining revenues']"
V-Mart Retail Limited,VMART.NS,"['Average profitability', 'Strong revenue growth']","['Stock may be overvalued', 'High debt risk']"
Vishal Mega Mart Limited,VMM.NS,"['Average profitability', 'Strong revenue growth']","['Stock may be overvalued', 'High debt risk']"
VMS TMT Limited,VMSTMT.NS,"['Fair valuation', 'High profitability']","['High debt risk', 'Revenue growth data missing']"
Voltamp Transformers Limited,VOLTAMP.NS,"['Fair valuation', 'High profitability', 'Low debt', 'Strong revenue growth']",[]
Voltas Limited,VOLTAS.NS,[],"['Stock may be overvalued', 'Weak profitability', 'High debt risk', 'Declining revenues']"
Vishnu Prakash R Punglia Limited,VPRPL.NS,['Fair valuation'],"['Weak profitability', 'High debt risk', 'Declining revenues']"
Vraj Iron and Steel Limited,VRAJ.NS,"['Low valuation', 'Strong revenue growth']","['Stock appears undervalued', 'Weak profitability', 'High debt risk']"
VRL Logistics Limited,VRLLOG.NS,"['Fair valuation', 'High profitability', 'Slow revenue growth']",['High debt risk']
Vardhman Special Steels Limited,VSSL.NS,['Fair valuation'],"['Weak profitability', 'High debt risk', 'Declining revenues']"
VST Industries Limited,VSTIND.NS,"['Low valuation', 'High profitability']","['Stock appears undervalued', 'Debt data missing', 'Declining revenues']"
Vibhor Steel Tubes Limited,VSTL.NS,"['Fair valuation', 'Strong revenue growth']","['Weak profitability', 'High debt risk']"
V.S.T Tillers Tractors Limited,VSTTILLERS.NS,"['Low debt', 'Slow revenue growth']","['Stock may be overvalued', 'Weak profitability']"
Vardhman Textiles Limited,VTL.NS,['Fair valuation'],"['Weak profitability', 'High debt risk', 'Declining revenues']"
Waaree Energies Limited,WAAREEENER.NS,"['High profitability', 'Strong revenue growth']","['Stock may be overvalued', 'High debt risk']"
Indosolar Limited,WAAREEINDO.NS,"['Low valuation', 'High profitability', 'Strong revenue growth']","['Stock appears undervalued', 'High debt risk']"
Waaree Renewable Technologies Limited,WAAREERTL.NS,"['Fair valuation', 'High profitability', 'Strong revenue growth']",['High debt risk']
VA Tech Wabag Limited,WABAG.NS,"['Fair valuation', 'Average profitability', 'Strong revenue growth']",['High debt risk']
Wakefit Innovations Limited,WAKEFIT.NS,[],"['PE data missing', 'Weak profitability', 'High debt risk', 'Revenue growth data missing']"
Walchandnagar Industries Limited,WALCHANNAG.NS,[],"['PE data missing', 'Weak profitability', 'High debt risk', 'Declining revenues']"
Wanbury Limited,WANBURY.NS,"['Fair valuation', 'High profitability']","['High debt risk', 'Declining revenues']"
Western Carriers (India) Limited,WCIL.NS,"['Fair valuation', 'Slow revenue growth']","['Weak profitability', 'High debt risk']"
Wealth First Portfolio Managers Limited,WEALTH.NS,['High profitability'],"['Stock may be overvalued', 'Debt data missing', 'Declining revenues']"
Websol Energy System Limited,WEBELSOLAR.NS,"['Fair valuation', 'High profitability', 'Strong revenue growth']",['High debt risk']
Weizmann Limited,WEIZMANIND.NS,['Slow revenue growth'],"['PE data missing', 'Weak profitability', 'High debt risk']"
Wonder Electricals Limited,WEL.NS,['Average profitability'],"['Stock may be overvalued', 'High debt risk', 'Declining revenues']"
Welspun Corp Limited,WELCORP.NS,"['Low valuation', 'High profitability', 'Strong revenue growth']","['Stock appears undervalued', 'High debt risk']"
Welspun Enterprises Limited,WELENT.NS,"['Fair valuation', 'Average profitability']","['High debt risk', 'Declining revenues']"
Welspun Investments and Commercials Limited,WELINV.NS,['Slow revenue growth'],"['Stock may be overvalued', 'Weak profitability', 'Debt data missing']"
Welspun Living Limited,WELSPUNLIV.NS,[],"['Stock may be overvalued', 'Weak profitability', 'High debt risk', 'Declining revenues']"
Wendt (India) Limited,WENDT.NS,"['Average profitability', 'Low debt', 'Slow revenue growth']",['Stock may be overvalued']
WESTLIFE FOODWORLD LIMITED,WESTLIFE.NS,['Slow revenue growth'],"['Stock may be overvalued', 'Weak profitability', 'High debt risk']"
WE WIN LIMITED,WEWIN.NS,"['Low valuation', 'Average profitability', 'Slow revenue growth']","['Stock appears undervalued', 'High debt risk']"
WeWork India Management Limited,WEWORK.NS,['Strong revenue growth'],"['Stock may be overvalued', 'ROE data missing', 'High debt risk']"
Wheels India Limited,WHEELS.NS,"['Fair valuation', 'Average profitability', 'Slow revenue growth']",['High debt risk']
Whirlpool of India Limited,WHIRLPOOL.NS,[],"['Stock may be overvalued', 'Weak profitability', 'High debt risk', 'Declining revenues']"
Williamson Magor & Company Limited,WILLAMAGOR.NS,[],"['PE data missing', 'ROE data missing', 'Debt data missing', 'Declining revenues']"
Windlas Biotech Limited,WINDLAS.NS,"['Fair valuation', 'Average profitability', 'Strong revenue growth']",['High debt risk']
Windsor Machines Limited,WINDMACHIN.NS,['Strong revenue growth'],"['Stock may be overvalued', 'Weak profitability', 'High debt risk']"
Winsome Yarns Limited,WINSOME.NS,['Strong revenue growth'],"['PE data missing', 'ROE data missing', 'Debt data missing']"
The Western India Plywoods Limited,WIPL.NS,[],"['Stock may be overvalued', 'Weak profitability', 'High debt risk', 'Declining revenues']"
Wipro Limited,WIPRO.NS,"['Fair valuation', 'Average profitability', 'Slow revenue growth']",['High debt risk']
Wockhardt Limited,WOCKPHARMA.NS,[],"['PE data missing', 'Weak profitability', 'High debt risk', 'Declining revenues']"
Wonderla Holidays Limited,WONDERLA.NS,"['Low debt', 'Strong revenue growth']","['Stock may be overvalued', 'Weak profitability']"
Worth Peripherals Limited,WORTHPERI.NS,"['Low valuation', 'Average profitability', 'Slow revenue growth']","['Stock appears undervalued', 'High debt risk']"
W S Industries (I) Limited,WSI.NS,[],"['PE data missing', 'Weak profitability', 'High debt risk', 'Declining revenues']"
West Coast Paper Mills Limited,WSTCSTPAPR.NS,['Fair valuation'],"['Weak profitability', 'High debt risk', 'Declining revenues']"
Xchanging Solutions Limited,XCHANGING.NS,"['Fair valuation', 'Average profitability', 'Strong revenue growth']",['High debt risk']
Xelpmoc Design And Tech Limited,XELPMOC.NS,['Low debt'],"['PE data missing', 'ROE data missing', 'Declining revenues']"
Xpro India Limited,XPROINDIA.NS,[],"['Stock may be overvalued', 'Weak profitability', 'High debt risk', 'Declining revenues']"
Xtglobal Infotech Limited,XTGLOBAL.NS,['Strong revenue growth'],"['Stock may be overvalued', 'Weak profitability', 'High debt risk']"
Yasho Industries Limited,YASHO.NS,['Slow revenue growth'],"['Stock may be overvalued', 'Weak profitability', 'High debt risk']"
Yatharth Hospital & Trauma Care Services Limited,YATHARTH.NS,"['Average profitability', 'Strong revenue growth']","['Stock may be overvalued', 'High debt risk']"
Yatra Online Limited,YATRA.NS,['Strong revenue growth'],"['Stock may be overvalued', 'Weak profitability', 'High debt risk']"
Yes Bank Limited,YESBANK.NS,"['Fair valuation', 'Slow revenue growth']","['Weak profitability', 'Debt data missing']"
Yuken India Limited,YUKEN.NS,[],"['Stock may be overvalued', 'Weak profitability', 'High debt risk', 'Declining revenues']"
Zaggle Prepaid Ocean Services Limited,ZAGGLE.NS,"['Average profitability', 'Strong revenue growth']","['Stock may be overvalued', 'High debt risk']"
Zee Entertainment Enterprises Limited,ZEEL.NS,['Fair valuation'],"['Weak profitability', 'High debt risk', 'Declining revenues']"
Zee Learn Limited,ZEELEARN.NS,"['Fair valuation', 'Strong revenue growth']","['Weak profitability', 'High debt risk']"
Zee Media Corporation Limited,ZEEMEDIA.NS,['Strong revenue growth'],"['PE data missing', 'Weak profitability', 'High debt risk']"
Zenith Exports Limited,ZENITHEXPO.NS,"['Fair valuation', 'Strong revenue growth']","['Weak profitability', 'High debt risk']"
Zenith Steel Pipes & Industries Limited,ZENITHSTL.NS,['Fair valuation'],"['ROE data missing', 'Debt data missing', 'Declining revenues']"
Zensar Technologies Limited,ZENSARTECH.NS,"['Fair valuation', 'Average profitability', 'Slow revenue growth']",['High debt risk']
Zen Technologies Limited,ZENTEC.NS,['Average profitability'],"['Stock may be overvalued', 'Moderate debt level', 'Declining revenues']"
ZF Commercial Vehicle Control Systems India Limited,ZFCVINDIA.NS,"['Average profitability', 'Slow revenue growth']","['Stock may be overvalued', 'High debt risk']"
Zim Laboratories Limited,ZIMLAB.NS,[],"['Stock may be overvalued', 'Weak profitability', 'High debt risk', 'Declining revenues']"
Zodiac Energy Limited,ZODIAC.NS,"['High profitability', 'Strong revenue growth']","['Stock may be overvalued', 'High debt risk']"
Zodiac Clothing Company Limited,ZODIACLOTH.NS,[],"['PE data missing', 'Weak profitability', 'High debt risk', 'Declining revenues']"
Zota Health Care LImited,ZOTA.NS,['Strong revenue growth'],"['PE data missing', 'Weak profitability', 'High debt risk']"
Zuari Agro Chemicals Limited,ZUARI.NS,"['Low valuation', 'Slow revenue growth']","['Stock appears undervalued', 'ROE data missing', 'High debt risk']"
ZUARI INDUSTRIES LIMITED,ZUARIIND.NS,"['Low valuation', 'Slow revenue growth']","['Stock appears undervalued', 'Weak profitability', 'High debt risk']"
Zydus Lifesciences Limited,ZYDUSLIFE.NS,"['Fair valuation', 'Average profitability', 'Strong revenue growth']",['High debt risk']
Zydus Wellness Limited,ZYDUSWELL.NS,['Strong revenue growth'],"['Stock may be overvalued', 'Weak profitability', 'High debt risk']"
Equity,A.BO,[],"['PE data missing', 'ROE data missing', 'Debt data missing', 'Revenue growth data missing']"
