Company,Ticker,Strengths,Risks,PE,EPS,ROE,DebtEquity,RevenueGrowth,Score,Recommendation
20 Microns Limited,20MICRONS.NS,"['Low valuation', 'Average profitability']","['Stock appears undervalued', 'High debt risk', 'Declining revenues']",12.306953,17.69,0.14787,35.637,-0.039,-1,SELL
21st Century Management Services Limited,21STCENMGM.NS,[],"['PE data missing', 'Weak profitability', 'Debt data missing', 'Revenue growth data missing']",,-19.14,-0.28151,,,-1,SELL
360 ONE WAM LIMITED,360ONE.NS,"['Average profitability', 'Strong revenue growth']","['Stock may be overvalued', 'High debt risk']",42.68549,27.63,0.16991,147.235,0.244,-2,SELL
3i Infotech Limited,3IINFOLTD.NS,"['Low valuation', 'High profitability']","['Stock appears undervalued', 'High debt risk', 'Declining revenues']",4.251269,3.94,0.23164,10.763,-0.015,1,SELL
3M India Limited,3MINDIA.NS,"['High profitability', 'Slow revenue growth']","['Stock may be overvalued', 'High debt risk']",70.42182,490.97,0.33832002,6.416,0.14,0,SELL
3P Land Holdings Limited,3PLAND.NS,[],"['PE data missing', 'ROE data missing', 'Debt data missing', 'Revenue growth data missing']",,,,,,0,SELL
5Paisa Capital Limited,5PAISA.NS,['Fair valuation'],"['Weak profitability', 'High debt risk', 'Declining revenues']",22.333113,15.13,0.07865,46.389,-0.269,-4,SELL
63 moons technologies limited,63MOONS.NS,['Low debt'],"['PE data missing', 'Weak profitability', 'Declining revenues']",,-7.0,-0.01773,0.148,-0.466,-1,SELL
A2Z Infra Engineering Limited,A2ZINFRA.NS,['Strong revenue growth'],"['Stock may be overvalued', 'Weak profitability', 'High debt risk']",125.928566,0.14,-0.018609999,353.886,0.208,-3,SELL
AAA Technologies Limited,AAATECH.NS,"['Average profitability', 'Strong revenue growth']","['Stock may be overvalued', 'Debt data missing']",33.803635,2.75,0.11717,,0.823,0,SELL
Aadhar Housing Finance Limited,AADHARHFC.NS,"['Fair valuation', 'Average profitability', 'Strong revenue growth']",['High debt risk'],21.607143,22.4,0.15477,255.35,0.169,-1,SELL
Aakash Exploration Services Limited,AAKASH.NS,['Slow revenue growth'],"['PE data missing', 'Weak profitability', 'High debt risk']",,-0.05,0.02232,53.68,0.076,-3,SELL
Aarey Drugs & Pharmaceuticals Limited,AAREYDRUGS.NS,[],"['Stock may be overvalued', 'Weak profitability', 'High debt risk', 'Declining revenues']",56.615997,1.25,0.0252,38.267,-0.2,-5,SELL
Aaron Industries Limited,AARON.NS,"['Average profitability', 'Strong revenue growth']","['Stock may be overvalued', 'High debt risk']",52.75749,3.34,0.16944,72.439,0.216,-2,SELL
Aartech Solonics Limited,AARTECH.NS,['Strong revenue growth'],"['Stock may be overvalued', 'Weak profitability', 'High debt risk']",52.838707,0.93,0.09066,15.972,0.244,-3,SELL
Aarti Drugs Limited,AARTIDRUGS.NS,"['Fair valuation', 'Average profitability', 'Slow revenue growth']",['High debt risk'],19.203865,21.73,0.14491999,39.05,0.091,-2,SELL
Aarti Industries Limited,AARTIIND.NS,['Strong revenue growth'],"['Stock may be overvalued', 'Weak profitability', 'High debt risk']",46.99126,8.01,0.05215,69.555,0.291,-3,SELL
Aarti Pharmalabs Limited,AARTIPHARM.NS,"['Fair valuation', 'Average profitability']","['High debt risk', 'Declining revenues']",28.08245,26.44,0.12287,32.974,-0.087,-3,SELL
Aarti Surfactants Limited,AARTISURF.NS,"['Fair valuation', 'Strong revenue growth']","['Weak profitability', 'High debt risk']",22.094593,17.76,0.06545,49.926,0.188,-2,SELL
Aarvi Encon Limited,AARVI.NS,"['Low valuation', 'Average profitability', 'Strong revenue growth']","['Stock appears undervalued', 'High debt risk']",13.374999,9.6,0.11412,24.178,0.313,1,SELL
Aavas Financiers Limited,AAVAS.NS,"['Fair valuation', 'Average profitability', 'Strong revenue growth']",['High debt risk'],19.622217,75.44,0.13823,307.971,0.175,-1,SELL
Aban Offshore Limited,ABAN.NS,[],"['PE data missing', 'ROE data missing', 'Debt data missing', 'Declining revenues']",,-187.92,,,-0.617,-1,SELL
ABB India Limited,ABB.NS,['Slow revenue growth'],"['Stock may be overvalued', 'ROE data missing', 'High debt risk']",62.11649,83.44,,1.018,0.137,-2,SELL
Abbott India Limited,ABBOTINDIA.NS,"['High profitability', 'Slow revenue growth']","['Stock may be overvalued', 'High debt risk']",40.71012,710.02,0.40068,4.549,0.076,-1,SELL
Aditya Birla Capital Limited,ABCAPITAL.NS,"['Fair valuation', 'Average profitability']","['High debt risk', 'Declining revenues']",28.076612,12.4,0.10341,459.779,-0.031,-3,SELL
A B Cotspin India Limited,ABCOTS.NS,['Average profitability'],"['Stock may be overvalued', 'High debt risk', 'Declining revenues']",46.123596,8.9,0.12702,93.028,-0.34,-4,SELL
Allied Blenders and Distillers Limited,ABDL.NS,"['Average profitability', 'Slow revenue growth']","['Stock may be overvalued', 'High debt risk']",66.690216,9.2,0.17039,66.738,0.144,-2,SELL
Aditya Birla Fashion and Retail Limited,ABFRL.NS,[],"['PE data missing', 'Weak profitability', 'High debt risk', 'Declining revenues']",,-6.5,-0.14866,84.682,-0.456,-4,SELL
A B Infrabuild Limited,ABINFRA.NS,['Average profitability'],"['Stock may be overvalued', 'High debt risk', 'Declining revenues']",49.527775,0.36,0.15856,58.087,-0.21,-4,SELL
Aditya Birla Lifestyle Brands Limited,ABLBL.NS,['Slow revenue growth'],"['PE data missing', 'ROE data missing', 'High debt risk']",,,,266.809,0.037,-2,SELL
ABM International Limited,ABMINTLLTD.NS,[],"['PE data missing', 'Weak profitability', 'High debt risk', 'Declining revenues']",,-4.58,-0.28386998,109.454,-0.374,-4,SELL
Aditya Birla Real Estate Limited,ABREL.NS,[],"['PE data missing', 'Weak profitability', 'High debt risk', 'Declining revenues']",,-23.94,-0.070300005,144.576,-0.913,-4,SELL
Aditya Birla Sun Life AMC Limited,ABSLAMC.NS,"['Fair valuation', 'High profitability']","['High debt risk', 'Declining revenues']",22.943716,33.58,0.28410998,1.929,-0.026,-1,SELL
ACC Limited,ACC.NS,"['Low valuation', 'Average profitability', 'Strong revenue growth']","['Stock appears undervalued', 'High debt risk']",9.790679,177.24,0.18207,2.435,0.286,1,SELL
Accelya Solutions India Limited,ACCELYA.NS,"['Fair valuation', 'Slow revenue growth']","['ROE data missing', 'High debt risk']",15.417455,84.56,,22.338,0.071,-2,SELL
Accuracy Shipping Limited,ACCURACY.NS,[],"['Stock may be overvalued', 'Weak profitability', 'High debt risk', 'Declining revenues']",30.578947,0.19,0.022820001,111.931,-0.247,-5,SELL
Action Construction Equipment Limited,ACE.NS,"['Fair valuation', 'High profitability']","['High debt risk', 'Declining revenues']",27.05347,35.16,0.26391,8.005,-0.016,-1,SELL
Ace Integrated Solutions Limited,ACEINTEG.NS,[],"['PE data missing', 'Weak profitability', 'Moderate debt level', 'Declining revenues']",,-1.93,-0.106920004,0.64,-0.946,-2,SELL
Archean Chemical Industries Limited,ACI.NS,[],"['Stock may be overvalued', 'Weak profitability', 'High debt risk', 'Declining revenues']",38.22849,13.83,0.09313,14.782,-0.03,-5,SELL
Andhra Cements Limited,ACL.NS,['Strong revenue growth'],"['PE data missing', 'Weak profitability', 'High debt risk']",,-17.92,-1.0503299,1222.06,0.419,-2,SELL
Acme Solar Holdings Limited,ACMESOLAR.NS,"['Fair valuation', 'Average profitability', 'Strong revenue growth']",['High debt risk'],28.998745,7.97,0.14244,271.784,0.585,-1,SELL
Acutaas Chemicals Limited,ACUTAAS.NS,"['Average profitability', 'Strong revenue growth']","['Stock may be overvalued', 'Moderate debt level']",60.23688,27.44,0.16902,0.58,0.241,0,SELL
Adani Energy Solutions Limited,ADANIENSOL.NS,"['Average profitability', 'Slow revenue growth']","['Stock may be overvalued', 'High debt risk']",53.919277,18.83,0.10536,186.654,0.067,-3,SELL
Adani Enterprises Limited,ADANIENT.NS,['Average profitability'],"['Stock may be overvalued', 'High debt risk', 'Declining revenues']",34.359013,64.9,0.15823,177.767,-0.06,-4,SELL
Adani Green Energy Limited,ADANIGREEN.NS,[],"['Stock may be overvalued', 'Weak profitability', 'High debt risk', 'Declining revenues']",85.69865,11.88,0.089779995,296.223,-0.015,-5,SELL
Adani Ports and Special Economic Zone Limited,ADANIPORTS.NS,"['Fair valuation', 'Average profitability', 'Strong revenue growth']",['High debt risk'],26.896364,55.29,0.18591999,81.556,0.297,-1,SELL
Adani Power Limited,ADANIPOWER.NS,"['Fair valuation', 'Average profitability', 'Slow revenue growth']",['High debt risk'],23.271687,6.11,0.19976999,81.251,0.009,-2,SELL
ADF Foods Limited,ADFFOODS.NS,"['Fair valuation', 'Average profitability', 'Slow revenue growth']",['High debt risk'],29.723892,6.99,0.15484999,10.727,0.008,-2,SELL
Archidply Decor Limited,ADL.NS,[],"['Stock may be overvalued', 'Weak profitability', 'High debt risk', 'Declining revenues']",4047.0002,0.02,0.00014999999,37.099,-0.067,-5,SELL
Ador Welding Limited,ADOR.NS,"['Average profitability', 'Low debt', 'Slow revenue growth']",['Stock may be overvalued'],38.14254,27.08,0.112959996,0.4,0.044,0,SELL
Adroit Infotech Limited,ADROITINFO.NS,['Strong revenue growth'],"['Stock may be overvalued', 'Weak profitability', 'High debt risk']",32.64516,0.31,0.02116,29.363,0.618,-3,SELL
Allied Digital Services Limited,ADSL.NS,"['Fair valuation', 'Strong revenue growth']","['Weak profitability', 'High debt risk']",24.390553,6.35,0.0617,17.707,0.151,-2,SELL
Advance Agrolife Limited,ADVANCE.NS,['Strong revenue growth'],"['Stock may be overvalued', 'ROE data missing', 'High debt risk']",30.907269,3.99,,79.756,0.279,-2,SELL
Advani Hotels & Resorts (India) Limited,ADVANIHOTR.NS,"['Fair valuation', 'High profitability']","['Moderate debt level', 'Declining revenues']",21.854477,2.68,0.34858,0.576,-0.091,1,SELL
Advent Hotels International Limited,ADVENTHTL.NS,['Slow revenue growth'],"['Stock may be overvalued', 'Weak profitability', 'High debt risk']",inf,0.0,0.01467,80.095,0.031,-4,SELL
Advanced Enzyme Technologies Limited,ADVENZYMES.NS,"['Fair valuation', 'Average profitability', 'Strong revenue growth']",['High debt risk'],22.460136,13.17,0.103190005,2.26,0.263,-1,SELL
Aegis Logistics Limited,AEGISLOG.NS,"['Average profitability', 'Strong revenue growth']","['Stock may be overvalued', 'High debt risk']",35.333332,20.4,0.13468,28.45,0.311,-2,SELL
Aegis Vopak Terminals Limited,AEGISVOPAK.NS,['Strong revenue growth'],"['Stock may be overvalued', 'ROE data missing', 'High debt risk']",196.8254,1.26,,42.268,0.262,-2,SELL
Aequs Limited,AEQUS.NS,['Strong revenue growth'],"['PE data missing', 'ROE data missing', 'High debt risk']",,-0.73,,108.0,0.17,-1,SELL
Aeroflex Enterprises Limited,AEROENTER.NS,"['Low valuation', 'Strong revenue growth']","['Stock appears undervalued', 'Weak profitability', 'High debt risk']",13.167894,6.79,0.09192,5.391,0.251,0,SELL
Aeroflex Industries Limited,AEROFLEX.NS,"['Average profitability', 'Strong revenue growth']","['Stock may be overvalued', 'High debt risk']",54.638588,3.68,0.14156,2.584,0.167,-2,SELL
Aeroflex Neu Limited,AERONEU.NS,['Slow revenue growth'],"['Stock may be overvalued', 'Weak profitability', 'High debt risk']",130.96552,0.58,0.01604,27.163,0.018,-4,SELL
Aether Industries Limited,AETHER.NS,['Strong revenue growth'],"['Stock may be overvalued', 'Weak profitability', 'High debt risk']",57.791813,14.65,0.08733,9.242,0.384,-3,SELL
Afcons Infrastructure Limited,AFCONS.NS,"['Fair valuation', 'Average profitability', 'Slow revenue growth']",['High debt risk'],28.505117,13.68,0.10935,66.143,0.01,-2,SELL
Affle 3i Limited,AFFLE.NS,"['Average profitability', 'Strong revenue growth']","['Stock may be overvalued', 'High debt risk']",59.575394,29.91,0.14091,1.18,0.191,-2,SELL
Affordable Robotic & Automation Limited,AFFORDABLE.NS,['Slow revenue growth'],"['Stock may be overvalued', 'Weak profitability', 'High debt risk']",153.99258,1.35,0.01497,69.146,0.143,-3,SELL
Akme Fintrade (India) Limited,AFIL.NS,['Strong revenue growth'],"['PE data missing', 'Weak profitability', 'High debt risk']",,-3.22,0.09523,95.75,0.3,-2,SELL
Abans Financial Services Limited,AFSL.NS,"['Low valuation', 'Average profitability', 'Strong revenue growth']","['Stock appears undervalued', 'High debt risk']",7.7638464,26.0,0.11112001,57.54,9.645,1,SELL
Agarwal Industrial Corporation Limited,AGARIND.NS,"['Low valuation', 'Average profitability']","['Stock appears undervalued', 'High debt risk', 'Declining revenues']",13.157563,55.66,0.13633999,63.478,-0.248,-1,SELL
Dr. Agarwal's Health Care Limited,AGARWALEYE.NS,['Strong revenue growth'],"['Stock may be overvalued', 'Weak profitability', 'High debt risk']",138.37912,3.64,0.08126,48.682,0.197,-3,SELL
AGI Greenpac Limited,AGI.NS,"['Low valuation', 'Average profitability', 'Slow revenue growth']","['Stock appears undervalued', 'High debt risk']",13.565912,54.39,0.17052001,20.88,0.004,0,SELL
Agi Infra Limited,AGIIL.NS,"['High profitability', 'Slow revenue growth']","['Stock may be overvalued', 'High debt risk']",39.968204,6.29,0.25873,42.327,0.1,-1,SELL
Agri-Tech (India) Limited,AGRITECH.NS,[],"['PE data missing', 'ROE data missing', 'Debt data missing', 'Revenue growth data missing']",,-0.73,,,,0,SELL
Agro Phos India Limited,AGROPHOS.NS,"['Fair valuation', 'Average profitability', 'Strong revenue growth']",['High debt risk'],15.798388,2.48,0.17263001,37.092,0.272,-1,SELL
AGS Transact Technologies Limited,AGSTRA.NS,[],"['PE data missing', 'ROE data missing', 'High debt risk', 'Declining revenues']",,-13.96,,199.958,-0.439,-3,SELL
Anlon Healthcare Limited,AHCL.NS,"['Fair valuation', 'Strong revenue growth']","['ROE data missing', 'High debt risk']",28.561886,5.09,,26.981,1.16,-1,SELL
Ahlada Engineers Limited,AHLADA.NS,['Fair valuation'],"['Weak profitability', 'High debt risk', 'Declining revenues']",27.65746,1.81,0.01694,26.993,-0.094,-4,SELL
Asian Hotels (East) Limited,AHLEAST.NS,['Slow revenue growth'],"['Stock may be overvalued', 'Weak profitability', 'High debt risk']",166.2125,0.8,0.00599,154.746,0.132,-3,SELL
Ahluwalia Contracts (India) Limited,AHLUCONT.NS,"['Fair valuation', 'Average profitability', 'Strong revenue growth']",['High debt risk'],25.704441,39.18,0.14632,3.881,0.164,-1,SELL
AIA Engineering Limited,AIAENG.NS,"['Average profitability', 'Slow revenue growth']","['Stock may be overvalued', 'High debt risk']",32.202785,120.62,0.16348,13.852,0.003,-3,SELL
Authum Investment & Infrastructure Limited,AIIL.NS,"['Low valuation', 'High profitability']","['Stock appears undervalued', 'High debt risk', 'Declining revenues']",12.213233,236.08,0.27507,20.291,-0.468,1,SELL
Airan Limited,AIRAN.NS,['Slow revenue growth'],"['Stock may be overvalued', 'Weak profitability', 'Moderate debt level']",100.666664,0.18,0.01619,0.678,0.002,-2,SELL
Airo Lam limited,AIROLAM.NS,"['Average profitability', 'Strong revenue growth']","['Stock may be overvalued', 'High debt risk']",56.233337,1.8,0.10349,117.642,0.194,-2,SELL
Ajanta Pharma Limited,AJANTPHARM.NS,"['High profitability', 'Slow revenue growth']","['Stock may be overvalued', 'High debt risk']",34.41037,77.93,0.24365999,5.698,0.141,0,SELL
Ajax Engineering Limited,AJAXENGG.NS,"['Fair valuation', 'High profitability', 'Low debt', 'Strong revenue growth']",[],26.974463,21.93,0.22328,0.043,0.478,4,BUY
Ajmera Realty & Infra India Limited,AJMERA.NS,"['Fair valuation', 'Average profitability', 'Slow revenue growth']",['High debt risk'],29.277914,32.96,0.10551,47.19,0.095,-2,SELL
Ajooni Biotech Limited,AJOONI.NS,"['Fair valuation', 'Strong revenue growth']","['Weak profitability', 'High debt risk']",22.1,0.2,0.045500003,9.879,0.225,-2,SELL
Akash Infra-Projects Limited,AKASH.NS,"['Fair valuation', 'Strong revenue growth']","['Weak profitability', 'High debt risk']",27.619564,0.92,0.018509999,102.888,0.311,-2,SELL
Akg Exim Limited,AKG.NS,[],"['Stock may be overvalued', 'Weak profitability', 'High debt risk', 'Declining revenues']",59.857143,0.21,0.012610001,20.638,-0.312,-5,SELL
AKI India Limited,AKI.NS,['Strong revenue growth'],"['Stock may be overvalued', 'Weak profitability', 'High debt risk']",36.578945,0.19,0.0207,26.026,1.03,-3,SELL
Akshar Spintex Limited,AKSHAR.NS,[],"['PE data missing', 'Weak profitability', 'High debt risk', 'Declining revenues']",,-0.09,-0.10443,5.75,-0.037,-4,SELL
AksharChem India Limited,AKSHARCHEM.NS,['Slow revenue growth'],"['Stock may be overvalued', 'Weak profitability', 'High debt risk']",103.05439,2.39,0.00733,28.443,0.131,-3,SELL
Aksh Optifibre Limited,AKSHOPTFBR.NS,['Strong revenue growth'],"['PE data missing', 'Weak profitability', 'Debt data missing']",,-1.28,-1.79515,,0.194,0,SELL
Akums Drugs and Pharmaceuticals Limited,AKUMS.NS,"['Fair valuation', 'Average profitability']","['High debt risk', 'Declining revenues']",21.420345,20.84,0.107489996,2.85,-0.015,-3,SELL
Akzo Nobel India Limited,AKZOINDIA.NS,"['Low valuation', 'High profitability']","['Stock appears undervalued', 'High debt risk', 'Declining revenues']",7.1456676,437.16,1.08163,3.157,-0.15,1,SELL
Alankit Limited,ALANKIT.NS,"['Fair valuation', 'Strong revenue growth']","['Weak profitability', 'High debt risk']",15.73913,0.69,0.06554,7.408,0.356,-2,SELL
Albert David Limited,ALBERTDAVD.NS,[],"['PE data missing', 'Weak profitability', 'High debt risk', 'Declining revenues']",,-26.43,-0.03737,10.514,-0.114,-4,SELL
Alembic Limited,ALEMBICLTD.NS,"['Low valuation', 'Average profitability', 'Low debt', 'Slow revenue growth']",['Stock appears undervalued'],7.997621,12.61,0.13549,0.496,0.056,3,HOLD
Alicon Castalloy Limited,ALICON.NS,[],"['Stock may be overvalued', 'Weak profitability', 'High debt risk', 'Declining revenues']",41.39135,20.34,0.055409998,57.003,-0.077,-5,SELL
Alivus Life Sciences Limited,ALIVUS.NS,"['Fair valuation', 'Average profitability', 'Strong revenue growth']",['High debt risk'],21.024334,43.15,0.191,2.005,0.16,-1,SELL
Alkali Metals Limited,ALKALI.NS,['Slow revenue growth'],"['PE data missing', 'Weak profitability', 'Debt data missing']",,-2.6,-0.060879998,,0.053,-1,SELL
Alkem Laboratories Limited,ALKEM.NS,"['Fair valuation', 'Average profitability', 'Strong revenue growth']",['High debt risk'],28.012552,197.59,0.18741,17.056,0.172,-1,SELL
Alkyl Amines Chemicals Limited,ALKYLAMINE.NS,"['Low debt', 'Slow revenue growth']","['Stock may be overvalued', 'ROE data missing']",44.41573,35.6,,0.394,0.015,0,SELL
Allcargo Logistics Limited,ALLCARGO.NS,['Strong revenue growth'],"['Stock may be overvalued', 'Weak profitability', 'Debt data missing']",53.449997,0.2,0.01914,,1.119,-1,SELL
Alldigi Tech Limited,ALLDIGI.NS,"['Fair valuation', 'High profitability', 'Slow revenue growth']",['High debt risk'],17.439983,47.07,0.27868,33.037,0.122,1,SELL
All Time Plastics Limited,ALLTIME.NS,['Slow revenue growth'],"['Stock may be overvalued', 'ROE data missing', 'High debt risk']",44.55858,5.89,,22.351,0.125,-2,SELL
Almondz Global Securities Limited,ALMONDZ.NS,['Fair valuation'],"['Weak profitability', 'High debt risk', 'Declining revenues']",15.0353985,1.13,0.07742,18.84,-0.017,-4,SELL
Alok Industries Limited,ALOKINDS.NS,['Slow revenue growth'],"['PE data missing', 'ROE data missing', 'Debt data missing']",,-1.37,,,0.063,0,SELL
Alpa Laboratories Limited,ALPA.NS,"['Low valuation', 'Average profitability', 'Slow revenue growth']","['Stock appears undervalued', 'Debt data missing']",8.628248,8.85,0.10696,,0.053,2,HOLD
Alphageo (India) Limited,ALPHAGEO.NS,[],"['PE data missing', 'Weak profitability', 'Debt data missing', 'Declining revenues']",,-25.98,-0.06102,,-0.722,-2,SELL
Alps Industries Limited,ALPSINDUS.NS,[],"['PE data missing', 'ROE data missing', 'Debt data missing', 'Declining revenues']",,-16.97,,,-0.701,-1,SELL
Amanta Healthcare Limited,AMANTA.NS,['Slow revenue growth'],"['Stock may be overvalued', 'ROE data missing', 'High debt risk']",31.131195,3.43,,88.22,0.062,-3,SELL
Amber Enterprises India Limited,AMBER.NS,[],"['Stock may be overvalued', 'Weak profitability', 'High debt risk', 'Declining revenues']",102.97214,64.6,0.077810004,74.27,-0.022,-5,SELL
Ambica Agarbathies & Aroma industries Limited,AMBICAAGAR.NS,['Slow revenue growth'],"['Stock may be overvalued', 'Weak profitability', 'High debt risk']",87.655174,0.29,0.00472,74.724,0.033,-4,SELL
Ambika Cotton Mills Limited,AMBIKCO.NS,['Low valuation'],"['Stock appears undervalued', 'Weak profitability', 'Debt data missing', 'Declining revenues']",11.77193,108.3,0.06775,,-0.004,0,SELL
Ambuja Cements Limited,AMBUJACEM.NS,"['Fair valuation', 'Average profitability', 'Strong revenue growth']",['High debt risk'],24.146715,22.97,0.11124,1.829,0.221,-1,SELL
AMD Industries Limited,AMDIND.NS,['Slow revenue growth'],"['PE data missing', 'Weak profitability', 'High debt risk']",,-1.61,-0.0196,53.424,0.094,-3,SELL
Amj Land Holdings Limited,AMJLAND.NS,"['Low valuation', 'Slow revenue growth']","['Stock appears undervalued', 'Weak profitability', 'Debt data missing']",9.831702,5.11,0.09024,,0.126,2,HOLD
Amines & Plasticizers Limited,AMNPLST.NS,"['Fair valuation', 'Average profitability']","['High debt risk', 'Declining revenues']",29.13526,6.58,0.14319,11.324,-0.201,-3,SELL
Amrutanjan Health Care Limited,AMRUTANJAN.NS,"['Average profitability', 'Slow revenue growth']","['Stock may be overvalued', 'Moderate debt level']",34.905563,19.59,0.17722,0.565,0.071,-1,SELL
Anand Rathi Wealth Limited,ANANDRATHI.NS,"['High profitability', 'Strong revenue growth']","['Stock may be overvalued', 'High debt risk']",73.379295,41.34,0.49627998,9.912,0.231,0,SELL
Anant Raj Limited,ANANTRAJ.NS,"['Average profitability', 'Strong revenue growth']","['Stock may be overvalued', 'High debt risk']",38.517365,14.4,0.119169995,12.727,0.23,-2,SELL
ANDHRA PAPER LIMITED,ANDHRAPAP.NS,[],"['Stock may be overvalued', 'Weak profitability', 'High debt risk', 'Declining revenues']",64.689316,1.03,0.010620001,13.63,-0.162,-5,SELL
The Andhra Sugars Limited,ANDHRSUGAR.NS,"['Fair valuation', 'Low debt', 'Slow revenue growth']",['Weak profitability'],16.11879,4.63,0.03744,0.427,0.131,1,SELL
Angel One Limited,ANGELONE.NS,"['Fair valuation', 'Average profitability']","['High debt risk', 'Declining revenues']",29.786371,83.79,0.14078,76.349,-0.23,-3,SELL
Anik Industries Limited,ANIKINDS.NS,['Strong revenue growth'],"['Stock may be overvalued', 'Weak profitability', 'High debt risk']",91.789474,0.57,0.00382,4.702,1.579,-3,SELL
Ankit Metal & Power Limited,ANKITMETAL.NS,[],"['PE data missing', 'ROE data missing', 'Debt data missing', 'Declining revenues']",,-18.2,,,-0.255,-1,SELL
Anmol India Limited,ANMOL.NS,"['Low valuation', 'Strong revenue growth']","['Stock appears undervalued', 'Weak profitability', 'High debt risk']",10.050725,1.38,0.07126,185.097,0.229,0,SELL
Ansal Properties & Infrastructure Limited,ANSALAPI.NS,['Strong revenue growth'],"['PE data missing', 'ROE data missing', 'Debt data missing']",,-10.1,,,0.71,1,SELL
Antelopus Selan Energy Limited,ANTELOPUS.NS,['Low valuation'],"['Stock appears undervalued', 'ROE data missing', 'Debt data missing', 'Revenue growth data missing']",9.564919,43.9,,,,2,HOLD
Antarctica Limited,ANTGRAPHIC.NS,['Strong revenue growth'],"['PE data missing', 'Weak profitability', 'High debt risk']",,-0.03,0.07565,65.28,11.587,-2,SELL
Anthem Biosciences Limited,ANTHEM.NS,"['High profitability', 'Slow revenue growth']","['Stock may be overvalued', 'High debt risk']",70.92733,9.22,0.20826,3.997,0.048,-1,SELL
Anuh Pharma Limited,ANUHPHR.NS,"['Fair valuation', 'Average profitability', 'Low debt', 'Slow revenue growth']",[],20.862694,3.86,0.122889996,0.07,0.12,2,HOLD
The Anup Engineering Limited,ANUP.NS,"['High profitability', 'Strong revenue growth']","['Stock may be overvalued', 'High debt risk']",37.207626,59.77,0.20268999,24.782,0.203,0,SELL
Anupam Rasayan India Limited,ANURAS.NS,['Strong revenue growth'],"['Stock may be overvalued', 'Weak profitability', 'High debt risk']",97.046295,13.61,0.069409996,37.505,1.488,-3,SELL
Apar Industries Limited,APARINDS.NS,"['High profitability', 'Strong revenue growth']","['Stock may be overvalued', 'High debt risk']",36.896816,233.76,0.20971,14.499,0.231,0,SELL
Anjani Portland Cement Limited,APCL.NS,['Strong revenue growth'],"['PE data missing', 'Weak profitability', 'High debt risk']",,-14.25,-0.18403,223.154,0.592,-2,SELL
Apcotex Industries Limited,APCOTEXIND.NS,"['Fair valuation', 'Average profitability']","['High debt risk', 'Declining revenues']",26.577635,14.04,0.12952,23.281,-0.041,-3,SELL
Apex Frozen Foods Limited,APEX.NS,['Strong revenue growth'],"['Stock may be overvalued', 'Weak profitability', 'High debt risk']",37.982094,7.26,0.04533,7.972,0.195,-3,SELL
APL Apollo Tubes Limited,APLAPOLLO.NS,"['High profitability', 'Slow revenue growth']","['Stock may be overvalued', 'High debt risk']",49.9894,37.73,0.2481,15.534,0.091,-1,SELL
Alembic Pharmaceuticals Limited,APLLTD.NS,"['Fair valuation', 'Average profitability', 'Strong revenue growth']",['High debt risk'],26.367575,32.32,0.12380999,28.004,0.159,-1,SELL
Apollo Micro Systems Limited,APOLLO.NS,['Strong revenue growth'],"['Stock may be overvalued', 'Weak profitability', 'High debt risk']",109.20407,2.45,0.09664,33.483,0.402,-3,SELL
Apollo Hospitals Enterprise Limited,APOLLOHOSP.NS,"['Average profitability', 'Slow revenue growth']","['Stock may be overvalued', 'High debt risk']",61.588776,116.19,0.19795,83.606,0.128,-2,SELL
Apollo Pipes Limited,APOLLOPIPE.NS,[],"['Stock may be overvalued', 'Weak profitability', 'High debt risk', 'Declining revenues']",46.175114,6.51,0.03255,7.855,-0.059,-5,SELL
Apollo Tyres Limited,APOLLOTYRE.NS,['Slow revenue growth'],"['Stock may be overvalued', 'Weak profitability', 'High debt risk']",40.496395,12.49,0.05313,29.09,0.061,-4,SELL
Apollo Sindoori Hotels Limited,APOLSINHOT.NS,"['Fair valuation', 'Slow revenue growth']","['Weak profitability', 'High debt risk']",28.881577,42.56,0.07571,53.838,0.108,-2,SELL
Aptech Limited,APTECHT.NS,"['Fair valuation', 'Slow revenue growth']","['Weak profitability', 'High debt risk']",25.347595,3.74,0.090299994,5.75,0.066,-3,SELL
Aptus Value Housing Finance India Limited,APTUS.NS,"['Fair valuation', 'Average profitability', 'Strong revenue growth']",['High debt risk'],16.670622,16.85,0.19451,157.024,0.243,-1,SELL
Archidply Industries Limited,ARCHIDPLY.NS,['Strong revenue growth'],"['Stock may be overvalued', 'Weak profitability', 'High debt risk']",130.53622,0.69,0.01277,178.165,0.35,-3,SELL
Archies Limited,ARCHIES.NS,[],"['PE data missing', 'Weak profitability', 'High debt risk', 'Declining revenues']",,-0.31,-0.00786,33.451,-0.089,-4,SELL
Amara Raja Energy & Mobility Limited,ARE&M.NS,"['Fair valuation', 'Average profitability', 'Slow revenue growth']",['High debt risk'],18.695917,49.23,0.12014,4.005,0.067,-2,SELL
Rajdarshan Industries Limited,ARENTERP.NS,[],"['PE data missing', 'Weak profitability', 'Debt data missing', 'Declining revenues']",,-0.64,-0.00856,,-0.755,-2,SELL
Arfin India Limited,ARFIN.NS,[],"['Stock may be overvalued', 'Weak profitability', 'High debt risk', 'Declining revenues']",165.85716,0.42,0.045110002,92.774,-0.142,-5,SELL
Aries Agro Limited,ARIES.NS,"['Low valuation', 'Average profitability', 'Slow revenue growth']","['Stock appears undervalued', 'High debt risk']",10.997943,29.16,0.122980006,20.67,0.041,0,SELL
Arihant Capital Markets Limited,ARIHANTCAP.NS,"['Fair valuation', 'Average profitability']","['High debt risk', 'Declining revenues']",21.820576,4.18,0.11662,51.095,-0.28,-3,SELL
Arihant Superstructures Limited,ARIHANTSUP.NS,"['Fair valuation', 'Average profitability', 'Slow revenue growth']",['High debt risk'],23.533861,13.88,0.16219999,197.85,0.097,-2,SELL
Arisinfra Solutions Limited,ARISINFRA.NS,['Strong revenue growth'],"['Stock may be overvalued', 'ROE data missing', 'High debt risk']",65.04902,2.04,,7.91,0.384,-2,SELL
Arkade Developers Limited,ARKADE.NS,"['Fair valuation', 'Average profitability', 'Strong revenue growth']",['High debt risk'],16.114119,8.5,0.17731,18.386,0.308,-1,SELL
Arman Financial Services Limited,ARMANFIN.NS,['Strong revenue growth'],"['PE data missing', 'Weak profitability', 'High debt risk']",,-1.06,-0.00125,137.292,0.17,-2,SELL
Aro Granite Industries Limited,AROGRANITE.NS,[],"['PE data missing', 'Weak profitability', 'High debt risk', 'Declining revenues']",,-1.61,-0.013099999,80.851,-0.291,-4,SELL
Arrow Greentech Limited,ARROWGREEN.NS,"['Fair valuation', 'High profitability']","['High debt risk', 'Declining revenues']",15.364121,33.78,0.26816,1.218,-0.058,-1,SELL
Arshiya Limited,ARSHIYA.NS,['Slow revenue growth'],"['PE data missing', 'ROE data missing', 'Debt data missing']",,-106.98,,,0.028,0,SELL
Anand Rathi Share and Stock Brokers Limited,ARSSBL.NS,[],"['Stock may be overvalued', 'ROE data missing', 'High debt risk', 'Declining revenues']",43.61053,14.43,,94.882,-0.086,-4,SELL
Artemis Medicare Services Limited,ARTEMISMED.NS,"['Average profitability', 'Slow revenue growth']","['Stock may be overvalued', 'High debt risk']",120.19651,2.29,0.11229,31.431,0.138,-2,SELL
Art Nirman Limited,ARTNIRMAN.NS,[],"['Stock may be overvalued', 'Weak profitability', 'High debt risk', 'Declining revenues']",60.837498,0.8,0.03827,52.666,-0.202,-5,SELL
Arvee Laboratories (India) Limited,ARVEE.NS,[],"['Stock may be overvalued', 'Weak profitability', 'High debt risk', 'Declining revenues']",683.0833,0.36,0.01291,3.29,-0.725,-5,SELL
Arvind Limited,ARVIND.NS,"['Fair valuation', 'Average profitability', 'Slow revenue growth']",['High debt risk'],19.777071,15.7,0.11231,39.143,0.084,-2,SELL
Arvind Fashions Limited,ARVINDFASN.NS,['Slow revenue growth'],"['PE data missing', 'Weak profitability', 'High debt risk']",,-1.08,0.04823,102.338,0.113,-2,SELL
Arvind SmartSpaces Limited,ARVSMART.NS,['Average profitability'],"['Stock may be overvalued', 'High debt risk', 'Declining revenues']",30.027514,19.99,0.13154,21.182,-0.471,-4,SELL
Asahi India Glass Limited,ASAHIINDIA.NS,['Average profitability'],"['Stock may be overvalued', 'High debt risk', 'Declining revenues']",79.57634,12.51,0.100439996,77.144,-0.006,-4,SELL
Asahi Songwon Colors Limited,ASAHISONG.NS,['Fair valuation'],"['Weak profitability', 'High debt risk', 'Declining revenues']",19.730322,13.72,0.04975,49.417,-0.146,-4,SELL
Automotive Stampings and Assemblies Limited,ASAL.NS,"['High profitability', 'Slow revenue growth']","['Stock may be overvalued', 'High debt risk']",49.67112,9.73,1.8990101,717.719,0.074,-1,SELL
Associated Alcohols & Breweries Ltd.,ASALCBR.NS,"['Fair valuation', 'Average profitability']","['High debt risk', 'Declining revenues']",21.548365,44.66,0.16563,12.748,-0.003,-3,SELL
Ashapura Minechem Limited,ASHAPURMIN.NS,"['Fair valuation', 'High profitability', 'Strong revenue growth']",['High debt risk'],21.379599,41.86,0.32928002,86.445,0.577,1,SELL
Ashiana Housing Limited,ASHIANA.NS,['Strong revenue growth'],"['Stock may be overvalued', 'Weak profitability', 'High debt risk']",40.239067,7.32,0.0924,44.275,2.047,-3,SELL
Ashima Limited,ASHIMASYN.NS,[],"['PE data missing', 'Weak profitability', 'High debt risk', 'Declining revenues']",,-0.55,-0.03534,58.263,-0.241,-4,SELL
Ashoka Buildcon Limited,ASHOKA.NS,"['Low valuation', 'High profitability']","['Stock appears undervalued', 'High debt risk', 'Declining revenues']",3.4615073,49.23,0.38044998,44.43,-0.256,1,SELL
Ashoka Metcast Limited,ASHOKAMET.NS,['Low valuation'],"['Stock appears undervalued', 'Weak profitability', 'High debt risk', 'Declining revenues']",8.387979,1.83,0.03877,25.935,-0.636,-2,SELL
Ashok Leyland Limited,ASHOKLEY.NS,"['High profitability', 'Slow revenue growth']","['Stock may be overvalued', 'High debt risk']",31.530685,5.54,0.23669,327.886,0.128,0,SELL
Asian Energy Services Limited,ASIANENE.NS,['Slow revenue growth'],"['Stock may be overvalued', 'Weak profitability', 'High debt risk']",39.11725,7.42,0.08415,23.826,0.044,-4,SELL
Asian Hotels (North) Limited,ASIANHOTNR.NS,"['Low valuation', 'High profitability']","['Stock appears undervalued', 'High debt risk', 'Declining revenues']",3.2710474,96.33,2.04882,338.495,-0.015,1,SELL
Asian Paints Limited,ASIANPAINT.NS,"['High profitability', 'Slow revenue growth']","['Stock may be overvalued', 'High debt risk']",67.53135,40.67,0.20392,17.609,0.063,-1,SELL
Asian Granito India Limited,ASIANTILES.NS,"['Fair valuation', 'Slow revenue growth']","['Weak profitability', 'High debt risk']",24.859936,3.07,0.03264,20.089,0.061,-3,SELL
ASK Automotive Limited,ASKAUTOLTD.NS,"['High profitability', 'Slow revenue growth']","['Stock may be overvalued', 'High debt risk']",35.421246,13.65,0.25908002,52.765,0.082,-1,SELL
Bartronics India Limited,ASMS.NS,['Strong revenue growth'],"['Stock may be overvalued', 'Weak profitability', 'Moderate debt level']",174.71428,0.07,0.07195,0.562,0.4,-1,SELL
Aspinwall and Company Limited,ASPINWALL.NS,"['Fair valuation', 'Slow revenue growth']","['Weak profitability', 'High debt risk']",27.444971,8.45,0.03553,43.708,0.124,-2,SELL
Astec LifeSciences Limited,ASTEC.NS,[],"['PE data missing', 'Weak profitability', 'High debt risk', 'Declining revenues']",,-56.26,-0.32265,88.605,-0.252,-4,SELL
Aster DM Healthcare Limited,ASTERDM.NS,['Slow revenue growth'],"['Stock may be overvalued', 'Weak profitability', 'High debt risk']",94.923195,6.51,0.087139994,43.791,0.102,-3,SELL
Astral Limited,ASTRAL.NS,"['Average profitability', 'Strong revenue growth']","['Stock may be overvalued', 'High debt risk']",73.19642,18.99,0.13975,6.769,0.151,-2,SELL
Astra Microwave Products Limited,ASTRAMICRO.NS,['Average profitability'],"['Stock may be overvalued', 'High debt risk', 'Declining revenues']",57.679626,16.98,0.15033,23.894,-0.065,-4,SELL
AstraZeneca Pharma India Limited,ASTRAZEN.NS,"['High profitability', 'Strong revenue growth']","['Stock may be overvalued', 'High debt risk']",111.321465,79.76,0.26942,4.354,0.37,0,SELL
Astron Paper & Board Mill Limited,ASTRON.NS,[],"['PE data missing', 'Weak profitability', 'High debt risk', 'Declining revenues']",,-10.61,-0.46506,94.276,-1.0,-4,SELL
Atal Realtech Limited,ATALREAL.NS,[],"['Stock may be overvalued', 'Weak profitability', 'High debt risk', 'Declining revenues']",181.42857,0.14,0.0478,23.862,-0.306,-5,SELL
Atam Valves Limited,ATAM.NS,"['Fair valuation', 'Average profitability']","['High debt risk', 'Declining revenues']",15.810176,5.11,0.16608,33.533,-0.326,-3,SELL
Adani Total Gas Limited,ATGL.NS,"['Average profitability', 'Strong revenue growth']","['Stock may be overvalued', 'High debt risk']",99.78984,5.71,0.14863,44.513,0.191,-2,SELL
Ather Energy Limited,ATHERENERG.NS,['Strong revenue growth'],"['PE data missing', 'ROE data missing', 'High debt risk']",,-23.1,,15.813,0.541,-1,SELL
Allcargo Terminals Limited,ATL.NS,"['Fair valuation', 'Average profitability', 'Slow revenue growth']",['High debt risk'],24.052631,1.14,0.10318,208.703,0.063,-2,SELL
ATLANTAA LIMITED,ATLANTAA.NS,[],"['Stock may be overvalued', 'Weak profitability', 'High debt risk', 'Declining revenues']",41.163464,1.04,0.04496,152.042,-0.098,-5,SELL
Atlanta Electricals Limited,ATLANTAELE.NS,['Strong revenue growth'],"['Stock may be overvalued', 'ROE data missing', 'High debt risk']",66.65131,14.11,,46.263,0.173,-2,SELL
Atlas Cycles (Haryana) Limited,ATLASCYCLE.NS,[],"['PE data missing', 'Weak profitability', 'High debt risk', 'Declining revenues']",,-4.18,-0.0070599997,2.346,-0.472,-4,SELL
Atul Limited,ATUL.NS,['Slow revenue growth'],"['Stock may be overvalued', 'Weak profitability', 'High debt risk']",32.85978,184.07,0.09648,3.14,0.114,-3,SELL
Atul Auto Limited,ATULAUTO.NS,['Slow revenue growth'],"['Stock may be overvalued', 'Weak profitability', 'High debt risk']",44.83094,9.76,0.05246,31.784,0.102,-3,SELL
AU Small Finance Bank Limited,AUBANK.NS,"['Average profitability', 'Slow revenue growth']","['Stock may be overvalued', 'Debt data missing']",33.480427,29.12,0.12654,,0.061,-1,SELL
Auri Grow India Limited,AURIGROW.NS,['Low valuation'],"['Stock appears undervalued', 'Weak profitability', 'High debt risk', 'Declining revenues']",11.0,0.08,0.05131,14.284,-0.904,-2,SELL
Aurionpro Solutions Limited,AURIONPRO.NS,"['Fair valuation', 'Average profitability', 'Strong revenue growth']",['High debt risk'],29.807848,36.95,0.1367,1.841,0.285,-1,SELL
Aurobindo Pharma Limited,AUROPHARMA.NS,"['Fair valuation', 'Average profitability', 'Slow revenue growth']",['High debt risk'],20.489214,58.87,0.10379,22.248,0.063,-2,SELL
Aurum PropTech Limited,AURUM.NS,['Strong revenue growth'],"['PE data missing', 'Weak profitability', 'High debt risk']",,-5.13,-0.09308,57.165,0.29,-2,SELL
Ausom Enterprise Limited,AUSOMENT.NS,"['Low valuation', 'Average profitability', 'Low debt', 'Strong revenue growth']",['Stock appears undervalued'],5.481863,20.4,0.19156,0.078,214.064,4,BUY
Automotive Axles Limited,AUTOAXLES.NS,"['Fair valuation', 'Average profitability']","['High debt risk', 'Declining revenues']",17.423325,104.01,0.16517,1.472,-0.067,-3,SELL
Autoline Industries Limited,AUTOIND.NS,"['Fair valuation', 'Slow revenue growth']","['Weak profitability', 'High debt risk']",29.90262,2.67,0.05782,153.954,0.108,-2,SELL
Avadh Sugar & Energy Limited,AVADHSUGAR.NS,"['Low valuation', 'Slow revenue growth']","['Stock appears undervalued', 'Weak profitability', 'High debt risk']",11.684028,31.68,0.059720002,56.04,0.057,-1,SELL
Avalon Technologies Limited,AVALON.NS,"['Average profitability', 'Strong revenue growth']","['Stock may be overvalued', 'High debt risk']",67.70611,13.1,0.14425999,25.091,0.391,-2,SELL
Avantel Limited,AVANTEL.NS,['Average profitability'],"['Stock may be overvalued', 'High debt risk', 'Declining revenues']",84.62963,1.89,0.12936,9.483,-0.284,-4,SELL
Avanti Feeds Limited,AVANTIFEED.NS,"['Fair valuation', 'High profitability', 'Low debt', 'Strong revenue growth']",[],18.40709,45.42,0.20798999,0.441,0.188,4,BUY
AVG Logistics Limited,AVG.NS,"['Low valuation', 'Slow revenue growth']","['Stock appears undervalued', 'Weak profitability', 'High debt risk']",12.852224,13.94,0.088149995,109.016,0.033,-1,SELL
Aditya Vision Limited,AVL.NS,"['Average profitability', 'Strong revenue growth']","['Stock may be overvalued', 'High debt risk']",60.905277,8.34,0.183,64.573,0.217,-2,SELL
Avonmore Capital & Management Services Limited,AVONMORE.NS,[],"['Stock may be overvalued', 'Weak profitability', 'High debt risk', 'Declining revenues']",37.938774,0.49,0.0512,5.155,-0.318,-5,SELL
AVRO INDIA LIMITED,AVROIND.NS,['Strong revenue growth'],"['Stock may be overvalued', 'Weak profitability', 'High debt risk']",40.87197,2.89,0.06489,26.816,0.158,-3,SELL
AVT Natural Products Limited,AVTNPL.NS,"['Fair valuation', 'Average profitability', 'Strong revenue growth']",['High debt risk'],16.508684,4.03,0.122959994,19.139,0.316,-1,SELL
Awfis Space Solutions Limited,AWFIS.NS,"['Average profitability', 'Strong revenue growth']","['Stock may be overvalued', 'High debt risk']",66.98087,7.32,0.113450006,290.895,0.255,-2,SELL
Antony Waste Handling Cell Limited,AWHCL.NS,"['Fair valuation', 'Average profitability', 'Strong revenue growth']",['High debt risk'],16.593496,30.75,0.12913999,54.786,0.165,-1,SELL
AWL Agri Business Limited,AWL.NS,"['Fair valuation', 'Average profitability', 'Strong revenue growth']",['High debt risk'],28.343302,8.36,0.115059994,11.063,0.217,-1,SELL
Axis Bank Limited,AXISBANK.NS,"['Low valuation', 'Average profitability']","['Stock appears undervalued', 'Debt data missing', 'Declining revenues']",14.70722,83.51,0.14004,,-0.06,1,SELL
AXISCADES Technologies Limited,AXISCADES.NS,"['Average profitability', 'Slow revenue growth']","['Stock may be overvalued', 'High debt risk']",63.819412,20.71,0.13741,37.084,0.131,-2,SELL
Axita Cotton Limited,AXITA.NS,[],"['PE data missing', 'Weak profitability', 'High debt risk', 'Declining revenues']",,-0.04,-0.025929999,34.066,-0.513,-4,SELL
AYM Syntex Limited,AYMSYNTEX.NS,[],"['Stock may be overvalued', 'Weak profitability', 'High debt risk', 'Declining revenues']",707.1739,0.23,0.00294,41.435,-0.135,-5,SELL
Azad Engineering Limited,AZAD.NS,"['Average profitability', 'Strong revenue growth']","['Stock may be overvalued', 'High debt risk']",92.030205,17.88,0.10235,21.146,0.306,-2,SELL
Bafna Pharmaceuticals Limited,BAFNAPH.NS,['Average profitability'],"['Stock may be overvalued', 'High debt risk', 'Declining revenues']",43.962364,3.72,0.100839995,35.519,-0.12,-4,SELL
B.A.G Films and Media Limited,BAGFILMS.NS,"['Fair valuation', 'Slow revenue growth']","['Weak profitability', 'High debt risk']",22.357143,0.28,0.04837,60.33,0.037,-3,SELL
Baid Finserv Limited,BAIDFIN.NS,"['Low valuation', 'Strong revenue growth']","['Stock appears undervalued', 'Weak profitability', 'High debt risk']",8.292857,1.4,0.09369001,142.612,0.361,0,SELL
Bajaj Auto Limited,BAJAJ-AUTO.NS,"['High profitability', 'Strong revenue growth']","['Stock may be overvalued', 'High debt risk']",30.414724,298.03,0.25572002,57.257,0.195,0,SELL
Bajaj Consumer Care Limited,BAJAJCON.NS,"['Fair valuation', 'High profitability', 'Slow revenue growth']",['High debt risk'],26.263792,9.97,0.20405,2.789,0.134,1,SELL
Bajaj Electricals Limited,BAJAJELEC.NS,[],"['Stock may be overvalued', 'Weak profitability', 'High debt risk', 'Declining revenues']",51.49413,9.37,0.06498,84.783,-0.01,-5,SELL
Bajaj Finserv Limited,BAJAJFINSV.NS,"['Average profitability', 'Slow revenue growth']","['Stock may be overvalued', 'High debt risk']",33.710945,59.85,0.15100999,237.537,0.111,-2,SELL
Bajaj Healthcare Limited,BAJAJHCARE.NS,"['Fair valuation', 'Average profitability', 'Slow revenue growth']",['High debt risk'],26.217228,16.02,0.109799996,48.929,0.111,-1,SELL
Bajaj Housing Finance Limited,BAJAJHFL.NS,"['Average profitability', 'Strong revenue growth']","['Stock may be overvalued', 'High debt risk']",33.61484,2.83,0.118149996,443.872,0.169,-2,SELL
Bajaj Hindusthan Sugar Limited,BAJAJHIND.NS,[],"['PE data missing', 'Weak profitability', 'High debt risk', 'Declining revenues']",,-1.3,-0.04,87.126,-0.002,-4,SELL
Bajaj Holdings & Investment Limited,BAJAJHLDNG.NS,"['Low valuation', 'Average profitability', 'Low debt', 'Strong revenue growth']",['Stock appears undervalued'],14.5725565,765.48,0.11792,0.019,0.4,4,BUY
Indef Manufacturing Limited,BAJAJINDEF.NS,['Strong revenue growth'],"['Stock may be overvalued', 'ROE data missing', 'High debt risk']",39.15656,9.07,,1.565,0.219,-2,SELL
Bajel Projects Limited,BAJEL.NS,[],"['Stock may be overvalued', 'Weak profitability', 'High debt risk', 'Declining revenues']",159.92793,1.11,0.019919999,15.984,-0.073,-5,SELL
Bajaj Finance Limited,BAJFINANCE.NS,"['Average profitability', 'Strong revenue growth']","['Stock may be overvalued', 'High debt risk']",33.967392,29.44,0.1909,310.294,0.206,-2,SELL
Shree Tirupati Balajee Agro Trading Company Limited,BALAJEE.NS,['Fair valuation'],"['Weak profitability', 'High debt risk', 'Declining revenues']",18.196507,2.29,0.06781,63.12,-0.083,-4,SELL
Balaji Telefilms Limited,BALAJITELE.NS,"['Fair valuation', 'Average profitability']","['High debt risk', 'Declining revenues']",16.022923,6.98,0.13135,3.918,-0.662,-3,SELL
Balaji Amines Limited,BALAMINES.NS,['Fair valuation'],"['Weak profitability', 'High debt risk', 'Declining revenues']",24.945593,45.03,0.07259,1.53,-0.018,-4,SELL
BALAXI PHARMACEUTICALS LIMITED,BALAXI.NS,['Low valuation'],"['Stock appears undervalued', 'Weak profitability', 'High debt risk', 'Declining revenues']",10.839695,2.62,-0.01242,9.636,-0.258,-2,SELL
Balkrishna Paper Mills Limited,BALKRISHNA.NS,[],"['PE data missing', 'ROE data missing', 'Debt data missing', 'Revenue growth data missing']",,-1.7,,,,0,SELL
Balkrishna Industries Limited,BALKRISIND.NS,['Average profitability'],"['Stock may be overvalued', 'High debt risk', 'Declining revenues']",32.174522,71.28,0.13908,35.269,-0.011,-4,SELL
Balmer Lawrie & Company Limited,BALMLAWRIE.NS,"['Low valuation', 'Average profitability']","['Stock appears undervalued', 'High debt risk', 'Declining revenues']",11.894194,15.5,0.13673,12.098,-0.005,-1,SELL
Bal Pharma Limited,BALPHARMA.NS,"['Fair valuation', 'Slow revenue growth']","['Weak profitability', 'High debt risk']",16.752914,4.29,0.093310006,197.725,0.004,-3,SELL
Balrampur Chini Mills Limited,BALRAMCHIN.NS,"['Fair valuation', 'Average profitability', 'Strong revenue growth']",['High debt risk'],21.940971,19.99,0.10847,19.761,0.287,-1,SELL
Balu Forge Industries Limited,BALUFORGE.NS,"['Fair valuation', 'High profitability']","['Debt data missing', 'Revenue growth data missing']",28.664946,21.31,0.22686,,,2,HOLD
Banaras Beads Limited,BANARBEADS.NS,[],"['Stock may be overvalued', 'Weak profitability', 'High debt risk', 'Declining revenues']",47.38007,2.71,0.03206,27.474,-0.563,-5,SELL
Bannari Amman Sugars Limited,BANARISUG.NS,['Strong revenue growth'],"['Stock may be overvalued', 'Weak profitability', 'High debt risk']",37.12815,97.15,0.06864,1.035,0.207,-3,SELL
Banco Products (I) Limited,BANCOINDIA.NS,"['High profitability', 'Strong revenue growth']","['Stock may be overvalued', 'High debt risk']",43.87794,15.73,0.29768,44.582,0.16,0,SELL
Bandhan Bank Limited,BANDHANBNK.NS,['Fair valuation'],"['Weak profitability', 'Debt data missing', 'Declining revenues']",19.013124,7.62,0.05056,,-0.325,-2,SELL
Bang Overseas Limited,BANG.NS,"['Low valuation', 'Strong revenue growth']","['Stock appears undervalued', 'Weak profitability', 'High debt risk']",12.184343,3.96,0.061329998,35.295,0.199,0,SELL
Banka BioLoo Limited,BANKA.NS,['Slow revenue growth'],"['PE data missing', 'Weak profitability', 'High debt risk']",,-3.82,-0.12828,105.547,0.048,-3,SELL
Bank of Baroda,BANKBARODA.NS,"['Low valuation', 'Average profitability', 'Slow revenue growth']","['Stock appears undervalued', 'Debt data missing']",7.749396,37.19,0.13079001,,0.002,2,HOLD
Bank of India,BANKINDIA.NS,"['Low valuation', 'Average profitability', 'Slow revenue growth']","['Stock appears undervalued', 'Debt data missing']",6.59915,21.18,0.12234,,0.025,2,HOLD
Bansal Wire Industries Limited,BANSALWIRE.NS,"['Average profitability', 'Strong revenue growth']","['Stock may be overvalued', 'High debt risk']",32.082478,9.7,0.120120004,44.37,0.279,-2,SELL
Banswara Syntex Limited,BANSWRAS.NS,"['Fair valuation', 'Slow revenue growth']","['Weak profitability', 'High debt risk']",18.039433,6.34,0.03951,89.715,0.006,-3,SELL
BASF India Limited,BASF.NS,[],"['Stock may be overvalued', 'ROE data missing', 'High debt risk', 'Declining revenues']",44.857143,86.8,,3.857,-0.048,-4,SELL
Bannari Amman Spinning Mills Limited,BASML.NS,['Low valuation'],"['Stock appears undervalued', 'Weak profitability', 'High debt risk', 'Declining revenues']",12.646227,2.12,0.03419,95.855,-0.02,-2,SELL
Bata India Limited,BATAINDIA.NS,['Average profitability'],"['Stock may be overvalued', 'High debt risk', 'Declining revenues']",71.53123,13.29,0.113900006,90.391,-0.043,-4,SELL
Bayer Cropscience Limited,BAYERCROP.NS,['Average profitability'],"['Stock may be overvalued', 'High debt risk', 'Declining revenues']",33.621723,135.35,0.19624001,3.266,-0.106,-4,SELL
Bharat Bijlee Limited,BBL.NS,"['Fair valuation', 'Strong revenue growth']","['Weak profitability', 'High debt risk']",20.806366,130.09,0.066750005,8.707,0.201,-2,SELL
Black Box Limited,BBOX.NS,"['High profitability', 'Slow revenue growth']","['Stock may be overvalued', 'High debt risk']",42.738556,12.89,0.28500998,114.749,0.058,-1,SELL
Bombay Burmah Trading Corporation Limited,BBTC.NS,"['Low valuation', 'High profitability', 'Slow revenue growth']","['Stock appears undervalued', 'High debt risk']",11.347996,161.87,0.30644,30.298,0.039,2,HOLD
B&B Triplewall Containers Limited,BBTCL.NS,['Strong revenue growth'],"['Stock may be overvalued', 'Weak profitability', 'High debt risk']",30.360317,6.3,-0.022149999,199.068,0.217,-3,SELL
Brightcom Group Limited,BCG.NS,"['Low valuation', 'Strong revenue growth']","['Stock appears undervalued', 'Weak profitability', 'Debt data missing']",2.5935159,4.01,0.09182,,0.262,2,HOLD
Bcl Industries Limited,BCLIND.NS,"['Low valuation', 'Average profitability']","['Stock appears undervalued', 'High debt risk', 'Declining revenues']",9.107346,3.54,0.13576001,74.479,-0.041,-1,SELL
Brand Concepts Limited,BCONCEPTS.NS,['Strong revenue growth'],"['Stock may be overvalued', 'Weak profitability', 'High debt risk']",868.68427,0.38,0.00764,238.883,0.383,-3,SELL
Bharat Dynamics Limited,BDL.NS,"['Average profitability', 'Low debt', 'Strong revenue growth']",['Stock may be overvalued'],83.16826,17.77,0.16458,0.029,1.106,1,SELL
Beardsell Limited,BEARDSELL.NS,"['Low valuation', 'Average profitability', 'Slow revenue growth']","['Stock appears undervalued', 'High debt risk']",13.245764,2.36,0.115109995,36.022,0.037,0,SELL
Mrs. Bectors Food Specialities Limited,BECTORFOOD.NS,"['Average profitability', 'Slow revenue growth']","['Stock may be overvalued', 'High debt risk']",52.73138,4.43,0.11693,15.033,0.111,-2,SELL
Bedmutha Industries Limited,BEDMUTHA.NS,['Strong revenue growth'],"['PE data missing', 'Weak profitability', 'High debt risk']",,-0.02,-0.00035999998,151.954,0.446,-2,SELL
Bharat Electronics Limited,BEL.NS,"['High profitability', 'Low debt', 'Strong revenue growth']",['Stock may be overvalued'],51.083332,7.8,0.29009,0.273,0.258,3,HOLD
Bella Casa Fashion & Retail Limited,BELLACASA.NS,"['Fair valuation', 'Average profitability', 'Strong revenue growth']",['High debt risk'],26.058163,14.27,0.15186,49.781,0.18,-1,SELL
Belrise Industries Limited,BELRISE.NS,"['Average profitability', 'Slow revenue growth']","['Stock may be overvalued', 'High debt risk']",35.03711,5.12,0.12213001,28.531,0.138,-2,SELL
BEML Limited,BEML.NS,['Average profitability'],"['Stock may be overvalued', 'High debt risk', 'Declining revenues']",52.888134,35.49,0.10762,23.787,-0.024,-4,SELL
Bhansali Engineering Polymers Limited,BEPL.NS,"['Low valuation', 'Average profitability']","['Stock appears undervalued', 'Debt data missing', 'Declining revenues']",13.394619,6.69,0.16578,,-0.114,1,SELL
Berger Paints (I) Limited,BERGEPAINT.NS,"['Average profitability', 'Slow revenue growth']","['Stock may be overvalued', 'High debt risk']",58.473568,9.27,0.18165001,11.082,0.019,-3,SELL
Best Agrolife Limited,BESTAGRO.NS,[],"['Stock may be overvalued', 'Weak profitability', 'High debt risk', 'Declining revenues']",70.53505,5.42,0.01637,53.825,-0.308,-5,SELL
Beta Drugs Limited,BETA.NS,"['Fair valuation', 'High profitability', 'Slow revenue growth']",['High debt risk'],24.310965,63.93,0.20852,65.95,0.129,1,SELL
BF Investment Limited,BFINVEST.NS,"['Fair valuation', 'Slow revenue growth']","['Weak profitability', 'Debt data missing']",19.19229,21.79,0.01089,,0.042,-1,SELL
BF Utilities Limited,BFUTILITIE.NS,['Fair valuation'],"['ROE data missing', 'Debt data missing', 'Declining revenues']",17.912954,39.29,,,-0.971,-1,SELL
BGR Energy Systems Limited,BGRENERGY.NS,['Slow revenue growth'],"['PE data missing', 'ROE data missing', 'Debt data missing']",,-137.71,,,0.009,0,SELL
Bhagiradha Chemicals & Industries Limited,BHAGCHEM.NS,['Strong revenue growth'],"['Stock may be overvalued', 'Weak profitability', 'High debt risk']",246.39784,0.93,0.01852,27.379,0.351,-3,SELL
Bhageria Industries Limited,BHAGERIA.NS,"['Fair valuation', 'Strong revenue growth']","['Weak profitability', 'High debt risk']",15.660103,11.68,0.088690005,12.876,0.583,-2,SELL
Bhagyanagar India Limited,BHAGYANGR.NS,"['Fair valuation', 'Average profitability', 'Strong revenue growth']",['High debt risk'],17.878647,8.57,0.12896,162.99,0.422,-1,SELL
Bhandari Hosiery Exports Limited,BHANDARI.NS,"['Low valuation', 'Slow revenue growth']","['Stock appears undervalued', 'Weak profitability', 'High debt risk']",11.705882,0.34,0.054180004,64.953,0.002,-1,SELL
Bharat Forge Limited,BHARATFORG.NS,"['Average profitability', 'Slow revenue growth']","['Stock may be overvalued', 'High debt risk']",63.80027,22.63,0.13017,71.382,0.093,-3,SELL
Bharat Gears Limited,BHARATGEAR.NS,['Strong revenue growth'],"['Stock may be overvalued', 'Weak profitability', 'High debt risk']",555.4211,0.19,0.00235,64.485,0.244,-3,SELL
Bharat Rasayan Limited,BHARATRAS.NS,"['Fair valuation', 'Average profitability']","['High debt risk', 'Declining revenues']",28.674728,80.21,0.117819995,7.556,-0.128,-3,SELL
Bharat Seats Limited,BHARATSE.NS,"['Fair valuation', 'Average profitability', 'Strong revenue growth']",['High debt risk'],29.38715,6.07,0.19917,63.95,0.578,-1,SELL
Bharat Wire Ropes Limited,BHARATWIRE.NS,"['Fair valuation', 'Slow revenue growth']","['Weak profitability', 'High debt risk']",16.72243,10.7,0.099259995,13.182,0.081,-3,SELL
Bharti Airtel Limited,BHARTIARTL.NS,"['High profitability', 'Strong revenue growth']","['Stock may be overvalued', 'High debt risk']",32.71795,64.35,0.33018002,129.719,0.257,0,SELL
Bharti Hexacom Limited,BHARTIHEXA.NS,"['High profitability', 'Slow revenue growth']","['Stock may be overvalued', 'High debt risk']",59.19689,30.88,0.26943,105.803,0.105,0,SELL
Bharat Heavy Electricals Limited,BHEL.NS,['Slow revenue growth'],"['Stock may be overvalued', 'Weak profitability', 'High debt risk']",174.84473,1.61,0.02299,44.956,0.141,-3,SELL
Bigbloc Construction Limited,BIGBLOC.NS,['Strong revenue growth'],"['PE data missing', 'Weak profitability', 'High debt risk']",,-0.09,-0.05691,140.107,0.303,-2,SELL
Bikaji Foods International Limited,BIKAJI.NS,"['Average profitability', 'Strong revenue growth']","['Stock may be overvalued', 'High debt risk']",87.85464,8.53,0.14022,19.446,0.151,-2,SELL
Bhartiya International Limited,BIL.NS,['Strong revenue growth'],"['Stock may be overvalued', 'Weak profitability', 'High debt risk']",33.034206,22.51,0.06491,104.25,0.35,-3,SELL
BIL VYAPAR LIMITED,BILVYAPAR.NS,[],"['PE data missing', 'ROE data missing', 'Debt data missing', 'Revenue growth data missing']",,-0.73,,,,0,SELL
Biocon Limited,BIOCON.NS,['Strong revenue growth'],"['Stock may be overvalued', 'Weak profitability', 'High debt risk']",99.3593,3.98,0.025510002,50.024,0.196,-3,SELL
Biofil Chemicals & Pharmaceuticals Limited,BIOFILCHEM.NS,"['Fair valuation', 'Average profitability', 'Low debt', 'Strong revenue growth']",[],19.33143,1.75,0.144,0.094,4.601,2,HOLD
Birla Cable Limited,BIRLACABLE.NS,[],"['Stock may be overvalued', 'Weak profitability', 'High debt risk', 'Declining revenues']",82.76048,1.67,0.01881,41.628,-0.031,-5,SELL
Birla Corporation Limited,BIRLACORPN.NS,"['Fair valuation', 'Slow revenue growth']","['Weak profitability', 'High debt risk']",16.655834,64.62,0.070700005,44.718,0.13,-2,SELL
Aditya Birla Money Limited,BIRLAMONEY.NS,"['Low valuation', 'High profitability']","['Stock appears undervalued', 'High debt risk', 'Declining revenues']",14.380858,10.03,0.23936,658.075,-0.211,1,SELL
BirlaNu Limited,BIRLANU.NS,['Slow revenue growth'],"['PE data missing', 'Weak profitability', 'High debt risk']",,-138.39,-0.085,88.333,0.046,-3,SELL
BLACKBUCK LIMITED,BLACKBUCK.NS,"['High profitability', 'Strong revenue growth']","['Stock may be overvalued', 'High debt risk']",39.852676,16.63,0.35064,3.633,0.53,0,SELL
BEML Land Assets Limited,BLAL.NS,[],"['PE data missing', 'ROE data missing', 'Debt data missing', 'Revenue growth data missing']",,-1.0,,,,0,SELL
BLB Limited,BLBLIMITED.NS,"['Low valuation', 'Average profitability', 'Low debt', 'Strong revenue growth']",['Stock appears undervalued'],5.927966,2.36,0.11095,0.17,0.995,4,BUY
Bliss GVS Pharma Limited,BLISSGVS.NS,"['Fair valuation', 'Average profitability', 'Slow revenue growth']",['High debt risk'],16.171677,10.31,0.10414,4.493,0.123,-1,SELL
B. L. Kashyap and Sons Limited,BLKASHYAP.NS,['Strong revenue growth'],"['Stock may be overvalued', 'Weak profitability', 'High debt risk']",5020.0,0.01,0.00014999999,58.747,0.329,-3,SELL
BLS International Services Limited,BLS.NS,"['Fair valuation', 'High profitability', 'Strong revenue growth']",['High debt risk'],21.916496,14.61,0.31094,16.545,0.488,1,SELL
BLS E-Services Limited,BLSE.NS,"['Average profitability', 'Strong revenue growth']","['Stock may be overvalued', 'High debt risk']",33.593548,6.2,0.13281,1.361,2.496,-2,SELL
Blue Coast Hotels Limited,BLUECOAST.NS,[],"['PE data missing', 'ROE data missing', 'Debt data missing', 'Revenue growth data missing']",,-7.35,,,,0,SELL
Blue Dart Express Limited,BLUEDART.NS,"['Average profitability', 'Slow revenue growth']","['Stock may be overvalued', 'High debt risk']",48.572193,112.06,0.17432,66.24,0.07,-3,SELL
Blue Jet Healthcare Limited,BLUEJET.NS,"['Fair valuation', 'High profitability']","['High debt risk', 'Declining revenues']",26.06404,20.3,0.32333001,1.643,-0.205,-1,SELL
Blue Star Limited,BLUESTARCO.NS,"['Average profitability', 'Slow revenue growth']","['Stock may be overvalued', 'High debt risk']",66.16279,26.66,0.18671,33.084,0.064,-3,SELL
BlueStone Jewellery and Lifestyle Limited,BLUESTONE.NS,['Strong revenue growth'],"['PE data missing', 'ROE data missing', 'High debt risk']",,-10.88,,113.663,0.376,-1,SELL
Bluspring Enterprises Limited,BLUSPRING.NS,['Slow revenue growth'],"['PE data missing', 'ROE data missing', 'High debt risk']",,,,31.894,0.113,-1,SELL
BMW Ventures Limited,BMWVENTLTD.NS,"['Fair valuation', 'Slow revenue growth']","['ROE data missing', 'High debt risk']",15.494709,3.78,,107.33,0.062,-2,SELL
Bodal Chemicals Limited,BODALCHEM.NS,"['Fair valuation', 'Slow revenue growth']","['Weak profitability', 'High debt risk']",19.099644,2.81,0.03215,77.215,0.121,-2,SELL
Bohra Industries Limited,BOHRAIND.NS,[],"['PE data missing', 'Weak profitability', 'High debt risk', 'Revenue growth data missing']",,-2.83,-0.05726,1.562,,-3,SELL
Bombay Dyeing & Mfg Company Limited,BOMDYEING.NS,"['Fair valuation', 'Low debt']","['Weak profitability', 'Declining revenues']",27.5414,4.71,0.04038,0.13,-0.047,-1,SELL
Borana Weaves Limited,BORANA.NS,['Strong revenue growth'],"['Stock may be overvalued', 'ROE data missing', 'High debt risk']",33.478016,8.87,,17.66,0.349,-2,SELL
Borosil Limited,BOROLTD.NS,"['Average profitability', 'Strong revenue growth']","['Stock may be overvalued', 'High debt risk']",39.00275,7.27,0.10786,9.413,0.243,-2,SELL
BOROSIL RENEWABLES LIMITED,BORORENEW.NS,['Slow revenue growth'],"['PE data missing', 'Weak profitability', 'High debt risk']",,-14.15,-0.22907,22.805,0.017,-3,SELL
Borosil Scientific Limited,BOROSCI.NS,['Slow revenue growth'],"['Stock may be overvalued', 'Weak profitability', 'High debt risk']",89.5303,1.32,0.029000001,2.192,0.042,-4,SELL
BOSCH HOME COMFORT INDIA LIMITED,BOSCH-HCIL.NS,['Slow revenue growth'],"['Stock may be overvalued', 'Weak profitability', 'High debt risk']",144.99025,10.26,0.052550003,37.841,0.022,-4,SELL
Bosch Limited,BOSCHLTD.NS,"['High profitability', 'Slow revenue growth']","['Stock may be overvalued', 'Moderate debt level']",39.466587,908.49,0.20058,0.778,0.091,1,SELL
Bharat Petroleum Corporation Limited,BPCL.NS,"['Low valuation', 'High profitability', 'Slow revenue growth']","['Stock appears undervalued', 'High debt risk']",7.3656673,49.69,0.24822001,56.386,0.021,2,HOLD
BPL Limited,BPL.NS,[],"['PE data missing', 'ROE data missing', 'High debt risk', 'Declining revenues']",,-3.0,,47.01,-0.051,-3,SELL
Brigade Enterprises Limited,BRIGADE.NS,"['Fair valuation', 'Average profitability', 'Strong revenue growth']",['High debt risk'],26.611732,33.07,0.13221,75.557,0.29,-1,SELL
Brigade Hotel Ventures Limited,BRIGHOTEL.NS,['Strong revenue growth'],"['Stock may be overvalued', 'ROE data missing', 'High debt risk']",75.03261,0.92,,37.098,0.164,-2,SELL
Britannia Industries Limited,BRITANNIA.NS,"['High profitability', 'Slow revenue growth']","['Stock may be overvalued', 'High debt risk']",62.52591,96.48,0.66230005,58.424,0.037,-1,SELL
Bharat Road Network Limited,BRNL.NS,"['Low valuation', 'High profitability']","['Stock appears undervalued', 'High debt risk', 'Declining revenues']",0.9879249,22.36,0.44214,77.326,-0.776,1,SELL
Brooks Laboratories Limited,BROOKS.NS,"['Fair valuation', 'Average profitability', 'Slow revenue growth']",['High debt risk'],18.481798,4.67,0.15979,6.772,0.128,-1,SELL
BSE Limited,BSE.NS,"['High profitability', 'Low debt', 'Strong revenue growth']",['Stock may be overvalued'],60.840607,43.54,0.31448,0.0,0.394,2,HOLD
Bombay Super Hybrid Seeds Limited,BSHSL.NS,['High profitability'],"['Stock may be overvalued', 'High debt risk', 'Declining revenues']",41.261192,2.68,0.26303,24.979,-0.048,-2,SELL
BSL Limited,BSL.NS,"['Fair valuation', 'Slow revenue growth']","['Weak profitability', 'High debt risk']",29.38131,5.35,0.04664,366.394,0.035,-3,SELL
BIRLASOFT LIMITED,BSOFT.NS,"['Fair valuation', 'Average profitability']","['High debt risk', 'Declining revenues']",27.131195,16.54,0.1328,4.089,-0.029,-3,SELL
Bodhi Tree Multimedia Limited,BTML.NS,"['Fair valuation', 'Average profitability', 'Strong revenue growth']",['High debt risk'],16.714285,0.49,0.1318,32.08,0.671,-1,SELL
Butterfly Gandhimathi Appliances Limited,BUTTERFLY.NS,"['Fair valuation', 'Average profitability', 'Slow revenue growth']",['High debt risk'],29.014917,22.79,0.1243,3.141,0.137,-1,SELL
Barak Valley Cements Limited,BVCL.NS,"['Fair valuation', 'Slow revenue growth']","['Weak profitability', 'High debt risk']",27.740965,1.66,0.02955,28.58,0.135,-2,SELL
The Byke Hospitality Ltd,BYKE.NS,['Strong revenue growth'],"['Stock may be overvalued', 'Weak profitability', 'High debt risk']",51.92,1.0,0.02335,45.915,0.202,-3,SELL
California Software Company Limited,CALSOFT.NS,['Strong revenue growth'],"['Stock may be overvalued', 'Weak profitability', 'High debt risk']",150.0,0.1,0.04764,2.377,0.444,-3,SELL
Camlin Fine Sciences Limited,CAMLINFINE.NS,"['Fair valuation', 'Slow revenue growth']","['Weak profitability', 'High debt risk']",19.282581,7.75,0.019550001,78.095,0.087,-3,SELL
Campus Activewear Limited,CAMPUS.NS,"['Average profitability', 'Strong revenue growth']","['Stock may be overvalued', 'High debt risk']",64.5679,4.05,0.1665,48.005,0.16,-2,SELL
Computer Age Management Services Limited,CAMS.NS,"['High profitability', 'Slow revenue growth']","['Stock may be overvalued', 'High debt risk']",40.042778,18.7,0.40825,6.395,0.032,-1,SELL
Canara Bank,CANBK.NS,"['Low valuation', 'Average profitability', 'Slow revenue growth']","['Stock appears undervalued', 'Debt data missing']",6.353514,23.62,0.17573999,,0.125,3,HOLD
Can Fin Homes Limited,CANFINHOME.NS,"['Low valuation', 'Average profitability', 'Strong revenue growth']","['Stock appears undervalued', 'High debt risk']",13.366314,69.23,0.18129998,658.72,0.224,1,SELL
Canara HSBC Life Insurance Company Limited,CANHLIFE.NS,[],"['Stock may be overvalued', 'Weak profitability', 'Debt data missing', 'Declining revenues']",118.46875,1.28,0.0838,,-0.311,-3,SELL
Cantabil Retail India Limited,CANTABIL.NS,"['Fair valuation', 'High profitability', 'Strong revenue growth']",['High debt risk'],27.216042,9.35,0.20895,126.45,0.164,1,SELL
Capacit'e Infraprojects Limited,CAPACITE.NS,"['Low valuation', 'Average profitability', 'Strong revenue growth']","['Stock appears undervalued', 'High debt risk']",10.825243,23.69,0.11857,23.09,0.247,1,SELL
Capillary Technologies India Limited,CAPILLARY.NS,['Strong revenue growth'],"['Stock may be overvalued', 'ROE data missing', 'High debt risk']",214.02821,3.19,,16.8,0.251,-2,SELL
Capital Small Finance Bank Limited,CAPITALSFB.NS,"['Low valuation', 'Average profitability', 'Slow revenue growth']","['Stock appears undervalued', 'Debt data missing']",8.862646,29.85,0.10177,,0.063,2,HOLD
Caplin Point Laboratories Limited,CAPLIPOINT.NS,"['Fair valuation', 'High profitability', 'Low debt', 'Slow revenue growth']",[],24.806421,77.23,0.20658001,0.166,0.105,4,BUY
Capital Trust Limited,CAPTRUST.NS,[],"['PE data missing', 'Weak profitability', 'High debt risk', 'Revenue growth data missing']",,-10.03,-0.35819998,134.274,,-3,SELL
Carborundum Universal Limited,CARBORUNIV.NS,['Slow revenue growth'],"['Stock may be overvalued', 'Weak profitability', 'High debt risk']",78.66419,10.78,0.05513,7.95,0.06,-4,SELL
CARE Ratings Limited,CARERATING.NS,"['Average profitability', 'Strong revenue growth']","['Stock may be overvalued', 'High debt risk']",31.537857,50.85,0.19013001,2.913,0.162,-2,SELL
Carraro India Limited,CARRARO.NS,"['High profitability', 'Strong revenue growth']","['Stock may be overvalued', 'High debt risk']",30.392328,17.46,0.21754,37.201,0.331,0,SELL
Cartrade Tech Limited,CARTRADE.NS,['Strong revenue growth'],"['Stock may be overvalued', 'Weak profitability', 'High debt risk']",74.21407,37.09,0.086619996,5.247,0.254,-3,SELL
CARYSIL LIMITED,CARYSIL.NS,"['Average profitability', 'Strong revenue growth']","['Stock may be overvalued', 'High debt risk']",30.698736,28.48,0.15262,42.1,0.162,-2,SELL
Castrol India Limited,CASTROLIND.NS,"['Fair valuation', 'Slow revenue growth']","['ROE data missing', 'High debt risk']",19.602837,9.87,,4.022,0.058,-2,SELL
Consolidated Construction Consortium Limited,CCCL.NS,"['Low valuation', 'High profitability', 'Low debt', 'Strong revenue growth']",['Stock appears undervalued'],7.3632655,2.45,0.60971,0.108,0.167,6,BUY
Country Club Hospitality & Holidays Limited,CCHHL.NS,"['Fair valuation', 'Strong revenue growth']","['Weak profitability', 'High debt risk']",29.745098,0.51,0.02674,7.499,0.981,-2,SELL
CCL Products (India) Limited,CCL.NS,"['Average profitability', 'Strong revenue growth']","['Stock may be overvalued', 'High debt risk']",37.133858,25.4,0.17368001,77.989,0.527,-2,SELL
Central Depository Services (India) Limited,CDSL.NS,"['High profitability', 'Low debt']","['Stock may be overvalued', 'Declining revenues']",65.519226,22.63,0.28139,0.139,-0.048,1,SELL
CEAT Limited,CEATLTD.NS,"['Average profitability', 'Slow revenue growth']","['Stock may be overvalued', 'High debt risk']",31.481966,122.54,0.11236,67.986,0.142,-2,SELL
Ceigall India Limited,CEIGALL.NS,"['Fair valuation', 'Average profitability', 'Slow revenue growth']",['High debt risk'],17.54963,14.81,0.1375,69.07,0.045,-2,SELL
Celebrity Fashions Limited,CELEBRITY.NS,['Slow revenue growth'],"['PE data missing', 'Weak profitability', 'High debt risk']",,-2.77,-1.04147,565.147,0.081,-3,SELL
Cello World Limited,CELLO.NS,"['Average profitability', 'Low debt', 'Strong revenue growth']",['Stock may be overvalued'],35.767197,15.12,0.1514,0.221,0.226,1,SELL
Cemindia Projects Limited,CEMPRO.NS,"['High profitability', 'Slow revenue growth']","['Stock may be overvalued', 'High debt risk']",30.78866,25.93,0.24184999,47.864,0.093,-1,SELL
Century Enka Limited,CENTENKA.NS,['Fair valuation'],"['Weak profitability', 'High debt risk', 'Declining revenues']",16.676636,26.75,0.04126,2.535,-0.238,-4,SELL
Century Extrusions Limited,CENTEXT.NS,"['Fair valuation', 'Average profitability', 'Slow revenue growth']",['High debt risk'],16.585938,1.28,0.12344,63.677,0.03,-2,SELL
Central Bank of India,CENTRALBK.NS,"['Low valuation', 'Average profitability', 'Slow revenue growth']","['Stock appears undervalued', 'Debt data missing']",7.143411,5.16,0.12716,,0.003,2,HOLD
Centrum Capital Limited,CENTRUM.NS,[],"['PE data missing', 'Weak profitability', 'High debt risk', 'Declining revenues']",,-3.04,-0.088470004,307.801,-0.487,-4,SELL
Centum Electronics Limited,CENTUM.NS,['Slow revenue growth'],"['Stock may be overvalued', 'Weak profitability', 'High debt risk']",213.41441,11.51,0.03774,53.972,0.118,-3,SELL
Century Plyboards (India) Limited,CENTURYPLY.NS,['Strong revenue growth'],"['Stock may be overvalued', 'Weak profitability', 'High debt risk']",79.12919,10.45,0.09923001,66.141,0.171,-3,SELL
Cera Sanitaryware Limited,CERA.NS,"['Fair valuation', 'Average profitability']","['High debt risk', 'Declining revenues']",28.521883,181.65,0.1817,4.352,-0.009,-3,SELL
Cerebra Integrated Technologies Limited,CEREBRAINT.NS,[],"['PE data missing', 'Weak profitability', 'High debt risk', 'Declining revenues']",,-3.55,-0.25035998,29.8,-0.819,-4,SELL
CESC Limited,CESC.NS,"['Fair valuation', 'Average profitability', 'Slow revenue growth']",['High debt risk'],15.255494,10.92,0.116730005,141.107,0.121,-1,SELL
Concord Enviro Systems Limited,CEWATER.NS,"['Fair valuation', 'Average profitability']","['High debt risk', 'Declining revenues']",17.811882,25.25,0.11833999,30.084,-0.229,-3,SELL
Capri Global Capital Limited,CGCL.NS,"['Fair valuation', 'Average profitability', 'Strong revenue growth']",['High debt risk'],21.818071,8.19,0.13415,251.55,0.59,-1,SELL
CG Power and Industrial Solutions Limited,CGPOWER.NS,"['Average profitability', 'Strong revenue growth']","['Stock may be overvalued', 'High debt risk']",94.5245,6.94,0.18687999,1.519,0.211,-2,SELL
Chalet Hotels Limited,CHALET.NS,"['Average profitability', 'Strong revenue growth']","['Stock may be overvalued', 'High debt risk']",32.761814,26.45,0.18569,72.88,0.95,-2,SELL
Chambal Fertilizers & Chemicals Limited,CHAMBLFERT.NS,"['Low valuation', 'High profitability', 'Strong revenue growth']","['Stock appears undervalued', 'High debt risk']",10.182796,46.5,0.20681,1.022,0.475,3,HOLD
Chembond Material Technologies Limited,CHEMBOND.NS,['Fair valuation'],"['Weak profitability', 'High debt risk', 'Declining revenues']",15.132587,10.71,0.05311,3.705,-0.532,-4,SELL
Chembond Chemicals Limited,CHEMBONDCH.NS,['Low valuation'],"['Stock appears undervalued', 'ROE data missing', 'Debt data missing', 'Revenue growth data missing']",12.980834,12.0,,,,2,HOLD
Chemcon Speciality Chemicals Limited,CHEMCON.NS,"['Fair valuation', 'Low debt', 'Slow revenue growth']",['Weak profitability'],29.462555,6.81,0.04974,0.051,0.021,0,SELL
Chemfab Alkalis Limited,CHEMFAB.NS,[],"['PE data missing', 'Weak profitability', 'High debt risk', 'Declining revenues']",,-4.75,-0.01767,28.847,-0.065,-4,SELL
Chemplast Sanmar Limited,CHEMPLASTS.NS,['Slow revenue growth'],"['PE data missing', 'Weak profitability', 'High debt risk']",,-13.66,-0.11826,96.728,0.041,-3,SELL
Chennai Petroleum Corporation Limited,CHENNPETRO.NS,"['Low valuation', 'Average profitability', 'Strong revenue growth']","['Stock appears undervalued', 'High debt risk']",10.545511,78.55,0.14144,21.902,0.351,1,SELL
Cheviot Company Limited,CHEVIOT.NS,"['Low valuation', 'Strong revenue growth']","['Stock appears undervalued', 'Weak profitability', 'High debt risk']",11.255978,96.18,0.08522,1.473,0.441,0,SELL
Choice International Limited,CHOICEIN.NS,"['Average profitability', 'Slow revenue growth']","['Stock may be overvalued', 'High debt risk']",90.1864,9.12,0.16600999,35.606,0.125,-2,SELL
Cholamandalam Investment and Finance Company Limited,CHOLAFIN.NS,"['Average profitability', 'Strong revenue growth']","['Stock may be overvalued', 'High debt risk']",30.772018,55.18,0.19619,724.311,0.196,-2,SELL
Cholamandalam Financial Holdings Limited,CHOLAHLDNG.NS,"['Fair valuation', 'Average profitability', 'Strong revenue growth']",['High debt risk'],15.65232,118.73,0.18281001,635.38,0.168,-1,SELL
CIE Automotive India Limited,CIEINDIA.NS,"['Fair valuation', 'Slow revenue growth']","['ROE data missing', 'High debt risk']",18.62861,21.11,,7.022,0.111,-1,SELL
Capital India Finance Limited,CIFL.NS,[],"['Stock may be overvalued', 'Weak profitability', 'High debt risk', 'Declining revenues']",34.097343,1.13,0.05534,100.828,-0.211,-5,SELL
Cigniti Technologies Limited,CIGNITITEC.NS,"['Fair valuation', 'High profitability', 'Slow revenue growth']",['High debt risk'],15.934629,103.41,0.29424998,1.799,0.136,1,SELL
Cineline India Limited,CINELINE.NS,['Slow revenue growth'],"['PE data missing', 'Weak profitability', 'High debt risk']",,-2.65,-0.06365,71.321,0.11,-2,SELL
Cinevista Limited,CINEVISTA.NS,['Strong revenue growth'],"['Stock may be overvalued', 'ROE data missing', 'High debt risk']",inf,0.0,,43.705,190.49,-2,SELL
Cipla Limited,CIPLA.NS,"['Fair valuation', 'Average profitability', 'Slow revenue growth']",['High debt risk'],22.367443,67.33,0.17676,1.415,0.07,-2,SELL
Clean Science and Technology Limited,CLEAN.NS,"['Average profitability', 'Low debt', 'Slow revenue growth']",['Stock may be overvalued'],35.290813,24.93,0.18962999,0.142,0.027,0,SELL
CL Educate Limited,CLEDUCATE.NS,['Strong revenue growth'],"['PE data missing', 'Weak profitability', 'High debt risk']",,-1.36,-0.026029998,103.966,0.665,-2,SELL
Chaman Lal Setia Exports Limited,CLSEL.NS,"['Low valuation', 'Average profitability']","['Stock appears undervalued', 'High debt risk', 'Declining revenues']",13.608029,18.93,0.13114001,8.804,-0.261,-1,SELL
CMS Info Systems Limited,CMSINFO.NS,"['Fair valuation', 'Average profitability']","['High debt risk', 'Declining revenues']",16.010218,21.53,0.16128999,9.543,-0.025,-3,SELL
Creative Newtech Limited,CNL.NS,"['Fair valuation', 'High profitability', 'Strong revenue growth']",['High debt risk'],21.102942,35.36,0.20156999,36.852,0.587,1,SELL
Coal India Limited,COALINDIA.NS,"['Low valuation', 'High profitability', 'Strong revenue growth']","['Stock appears undervalued', 'High debt risk']",7.9444885,50.62,0.30576,12.976,0.185,3,HOLD
Coastal Corporation Limited,COASTCORP.NS,['Slow revenue growth'],"['Stock may be overvalued', 'Weak profitability', 'High debt risk']",56.95062,0.81,0.03869,153.742,0.032,-4,SELL
Cochin Shipyard Limited,COCHINSHIP.NS,['Average profitability'],"['Stock may be overvalued', 'High debt risk', 'Declining revenues']",57.24532,28.86,0.13844,20.291,-0.022,-4,SELL
Coffee Day Enterprises Limited,COFFEEDAY.NS,['Slow revenue growth'],"['PE data missing', 'Weak profitability', 'High debt risk']",,-1.31,-0.03892,38.774,0.038,-3,SELL
Coforge Limited,COFORGE.NS,"['Average profitability', 'Strong revenue growth']","['Stock may be overvalued', 'High debt risk']",51.502,32.49,0.15033,10.888,0.302,-2,SELL
Cohance Lifesciences Limited,COHANCE.NS,['Strong revenue growth'],"['Stock may be overvalued', 'Weak profitability', 'High debt risk']",66.3395,8.1,0.05508,11.486,1.156,-3,SELL
Colgate Palmolive (India) Limited,COLPAL.NS,['High profitability'],"['Stock may be overvalued', 'High debt risk', 'Declining revenues']",42.8009,48.77,0.8197,3.791,-0.062,-2,SELL
Compuage Infocom Limited,COMPINFO.NS,[],"['PE data missing', 'ROE data missing', 'High debt risk', 'Declining revenues']",,-43.7,,292.783,-0.698,-3,SELL
Compucom Software Limited,COMPUSOFT.NS,[],"['Stock may be overvalued', 'Weak profitability', 'High debt risk', 'Declining revenues']",40.0,0.41,0.022920001,32.821,-0.012,-5,SELL
Commercial Syn Bags Limited,COMSYN.NS,"['Fair valuation', 'Average profitability', 'Slow revenue growth']",['High debt risk'],23.417336,6.23,0.17233999,67.103,0.136,-1,SELL
Container Corporation of India Limited,CONCOR.NS,"['Average profitability', 'Slow revenue growth']","['Stock may be overvalued', 'High debt risk']",30.267595,17.19,0.104329996,7.016,0.029,-3,SELL
Concord Biotech Limited,CONCORDBIO.NS,"['Average profitability', 'Low debt']","['Stock may be overvalued', 'Declining revenues']",43.421906,30.86,0.1893,0.088,-0.204,-1,SELL
Confidence Petroleum India Limited,CONFIPET.NS,"['Low valuation', 'Strong revenue growth']","['Stock appears undervalued', 'Weak profitability', 'High debt risk']",13.510949,2.74,0.06578,55.384,0.318,0,SELL
Consolidated Finvest & Holdings Limited,CONSOFINVT.NS,"['Low valuation', 'Slow revenue growth']","['Stock appears undervalued', 'Weak profitability', 'Debt data missing']",8.240893,20.59,0.06781,,0.109,2,HOLD
Control Print Limited,CONTROLPR.NS,"['Low valuation', 'High profitability', 'Slow revenue growth']","['Stock appears undervalued', 'High debt risk']",10.817526,63.79,0.25372,1.652,0.1,2,HOLD
Coral India Finance & Housing Limited,CORALFINAC.NS,['Low valuation'],"['Stock appears undervalued', 'Weak profitability', 'Debt data missing', 'Declining revenues']",12.541795,3.23,0.058140002,,-0.402,0,SELL
Cords Cable Industries Limited,CORDSCABLE.NS,"['Low valuation', 'Strong revenue growth']","['Stock appears undervalued', 'Weak profitability', 'High debt risk']",14.247462,12.81,0.091129996,57.801,0.234,0,SELL
Coromandel International Limited,COROMANDEL.NS,"['Fair valuation', 'High profitability', 'Strong revenue growth']",['High debt risk'],28.94297,81.36,0.20782,11.599,0.299,1,SELL
CORONA Remedies Limited,CORONA.NS,['High profitability'],"['Stock may be overvalued', 'High debt risk', 'Revenue growth data missing']",55.95326,24.39,0.27501,21.421,,-1,SELL
COSMO FIRST LIMITED,COSMOFIRST.NS,"['Low valuation', 'Strong revenue growth']","['Stock appears undervalued', 'Weak profitability', 'High debt risk']",11.984056,55.82,0.09851,110.979,0.211,0,SELL
Country Condo's Limited,COUNCODOS.NS,"['Low debt', 'Strong revenue growth']","['Stock may be overvalued', 'Weak profitability']",65.25,0.08,0.02333,0.046,0.17,0,SELL
CP Capital Limited,CPCAP.NS,['Low valuation'],"['Stock appears undervalued', 'Weak profitability', 'High debt risk', 'Declining revenues']",5.490719,21.01,0.0687,14.352,-0.372,-2,SELL
Career Point Edutech Limited,CPEDU.NS,['Fair valuation'],"['ROE data missing', 'Debt data missing', 'Revenue growth data missing']",21.535269,12.05,,,,0,SELL
Aditya Infotech Limited,CPPLUS.NS,['Strong revenue growth'],"['Stock may be overvalued', 'ROE data missing', 'High debt risk']",89.23991,16.84,,8.041,0.375,-2,SELL
Craftsman Automation Limited,CRAFTSMAN.NS,['Strong revenue growth'],"['Stock may be overvalued', 'Weak profitability', 'High debt risk']",73.647705,100.2,0.082609996,109.273,0.649,-3,SELL
Canara Robeco Asset Management Company Limited,CRAMC.NS,['Slow revenue growth'],"['Stock may be overvalued', 'ROE data missing', 'High debt risk']",30.580936,10.07,,2.748,0.033,-3,SELL
Creative Eye Limited,CREATIVEYE.NS,[],"['PE data missing', 'ROE data missing', 'High debt risk', 'Declining revenues']",,-0.42,,28.762,-0.016,-3,SELL
CREDITACCESS GRAMEEN LIMITED,CREDITACC.NS,[],"['Stock may be overvalued', 'Weak profitability', 'High debt risk', 'Declining revenues']",151.27098,8.34,0.01889,280.714,-0.083,-5,SELL
Crest Ventures Limited,CREST.NS,['Fair valuation'],"['Weak profitability', 'High debt risk', 'Declining revenues']",21.750278,17.94,0.04168,15.576,-0.167,-4,SELL
CRISIL Limited,CRISIL.NS,['Slow revenue growth'],"['Stock may be overvalued', 'ROE data missing', 'High debt risk']",41.529984,102.55,,10.58,0.122,-2,SELL
Crizac Limited,CRIZAC.NS,"['Fair valuation', 'High profitability', 'Low debt', 'Strong revenue growth']",[],27.632326,10.58,0.37052,0.014,0.249,4,BUY
Crompton Greaves Consumer Electricals Limited,CROMPTON.NS,"['Average profitability', 'Slow revenue growth']","['Stock may be overvalued', 'High debt risk']",34.993187,7.34,0.13014,4.826,0.01,-3,SELL
Crown Lifters Limited,CROWN.NS,"['Low valuation', 'Average profitability', 'Strong revenue growth']","['Stock appears undervalued', 'High debt risk']",14.498913,9.2,0.17774999,66.801,0.261,1,SELL
CSB Bank Limited,CSBBANK.NS,"['Low valuation', 'Average profitability', 'Strong revenue growth']","['Stock appears undervalued', 'Debt data missing']",11.757474,35.79,0.14048,,0.282,3,HOLD
CSL Finance Limited,CSLFINANCE.NS,"['Low valuation', 'Average profitability', 'Strong revenue growth']","['Stock appears undervalued', 'High debt risk']",8.944993,35.45,0.15006,137.222,0.175,1,SELL
Cambridge Technology Enterprises Limited,CTE.NS,['Slow revenue growth'],"['PE data missing', 'Weak profitability', 'High debt risk']",,-7.78,-0.21295999,117.654,0.025,-3,SELL
City Union Bank Limited,CUB.NS,"['Fair valuation', 'Average profitability', 'Strong revenue growth']",['Debt data missing'],18.024046,16.22,0.12852,,0.176,1,SELL
Cubex Tubings Limited,CUBEXTUB.NS,"['Fair valuation', 'Strong revenue growth']","['Weak profitability', 'High debt risk']",21.751444,5.19,0.09882,52.805,0.335,-2,SELL
Cummins India Limited,CUMMINSIND.NS,"['High profitability', 'Low debt', 'Strong revenue growth']",['Stock may be overvalued'],52.05893,83.49,0.31142,0.308,0.264,3,HOLD
Cupid Limited,CUPID.NS,"['Average profitability', 'Strong revenue growth']","['Stock may be overvalued', 'High debt risk']",211.23347,2.27,0.17591,7.019,1.032,-2,SELL
Cura Technologies Limited,CURAA.NS,[],"['PE data missing', 'Weak profitability', 'High debt risk', 'Revenue growth data missing']",,-1.51,-0.12652999,55.07,,-3,SELL
Cyber Media (India) Limited,CYBERMEDIA.NS,['Strong revenue growth'],"['PE data missing', 'Weak profitability', 'Debt data missing']",,-5.51,-4.9885902,,0.172,0,SELL
Cybertech Systems And Software Limited,CYBERTECH.NS,"['Low valuation', 'Average profitability', 'Slow revenue growth']","['Stock appears undervalued', 'High debt risk']",12.905013,11.37,0.16863,2.503,0.014,0,SELL
Cyient Limited,CYIENT.NS,"['Fair valuation', 'Average profitability']","['High debt risk', 'Declining revenues']",21.647652,51.71,0.10576,7.224,-0.037,-3,SELL
Cyient DLM Limited,CYIENTDLM.NS,[],"['Stock may be overvalued', 'Weak profitability', 'High debt risk', 'Declining revenues']",41.077,10.26,0.08487,21.401,-0.202,-5,SELL
Dabur India Limited,DABUR.NS,"['Average profitability', 'Slow revenue growth']","['Stock may be overvalued', 'High debt risk']",47.862747,10.2,0.16096,11.464,0.054,-3,SELL
Dalmia Bharat Limited,DALBHARAT.NS,['Slow revenue growth'],"['Stock may be overvalued', 'Weak profitability', 'High debt risk']",36.0641,59.91,0.06427,39.764,0.107,-3,SELL
Dalmia Bharat Sugar and Industries Limited,DALMIASUG.NS,"['Low valuation', 'Average profitability', 'Slow revenue growth']","['Stock appears undervalued', 'High debt risk']",7.0887575,42.25,0.109239995,16.971,0.067,0,SELL
Dam Capital Advisors Limited,DAMCAPITAL.NS,"['Low valuation', 'Strong revenue growth']","['Stock appears undervalued', 'ROE data missing', 'High debt risk']",13.292637,15.89,,1.278,0.664,1,SELL
Damodar Industries Limited,DAMODARIND.NS,"['Low valuation', 'Strong revenue growth']","['Stock appears undervalued', 'Weak profitability', 'High debt risk']",7.282609,4.14,0.06753,122.316,0.26,0,SELL
Dangee Dums Limited,DANGEE.NS,['Slow revenue growth'],"['PE data missing', 'Weak profitability', 'High debt risk']",,-0.04,-0.036259998,121.846,0.022,-3,SELL
Datamatics Global Services Limited,DATAMATICS.NS,"['Fair valuation', 'Average profitability', 'Strong revenue growth']",['High debt risk'],20.93964,39.43,0.17094,12.851,0.205,-1,SELL
Data Patterns (India) Limited,DATAPATTNS.NS,"['Average profitability', 'Low debt', 'Strong revenue growth']",['Stock may be overvalued'],64.23123,41.69,0.16169001,0.378,2.378,1,SELL
Davangere Sugar Company Limited,DAVANGERE.NS,"['Fair valuation', 'Strong revenue growth']","['Weak profitability', 'High debt risk']",23.733332,0.15,0.029930001,46.8,0.225,-2,SELL
D.B.Corp Limited,DBCORP.NS,"['Low valuation', 'Average profitability', 'Slow revenue growth']","['Stock appears undervalued', 'High debt risk']",13.456567,19.34,0.15502,12.612,0.099,0,SELL
Deepak Builders & Engineers India Limited,DBEIL.NS,"['Low valuation', 'Average profitability']","['Stock appears undervalued', 'High debt risk', 'Declining revenues']",11.740923,10.19,0.15385,35.454,-0.63,-1,SELL
Dilip Buildcon Limited,DBL.NS,"['Low valuation', 'Average profitability']","['Stock appears undervalued', 'High debt risk', 'Declining revenues']",7.955456,59.94,0.16944,170.648,-0.218,-1,SELL
Dhampur Bio Organics Limited,DBOL.NS,['Strong revenue growth'],"['PE data missing', 'Weak profitability', 'High debt risk']",,-0.02,-5e-05,58.445,0.197,-2,SELL
Valor Estate Limited,DBREALTY.NS,['Strong revenue growth'],"['Stock may be overvalued', 'Weak profitability', 'High debt risk']",1697.857,0.07,0.00298,24.791,0.731,-3,SELL
DB (International) Stock Brokers Limited,DBSTOCKBRO.NS,['Fair valuation'],"['Weak profitability', 'High debt risk', 'Declining revenues']",19.888,1.25,0.06589,3.583,-0.35,-4,SELL
Dishman Carbogen Amcis Limited,DCAL.NS,['Fair valuation'],"['Weak profitability', 'High debt risk', 'Declining revenues']",28.637197,8.71,0.02254,40.201,-0.173,-4,SELL
DCB Bank Limited,DCBBANK.NS,"['Low valuation', 'Average profitability', 'Slow revenue growth']","['Stock appears undervalued', 'Debt data missing']",8.041509,21.2,0.11828,,0.08,2,HOLD
Dc Infotech And Communication Limited,DCI.NS,"['Fair valuation', 'High profitability', 'Strong revenue growth']",['High debt risk'],22.822655,10.77,0.22364001,72.74,0.177,1,SELL
DCM  Limited,DCM.NS,"['Low valuation', 'High profitability', 'Slow revenue growth']","['Stock appears undervalued', 'High debt risk']",6.604568,14.01,0.75782996,2.73,0.06,2,HOLD
DCM Financial Services Limited,DCMFINSERV.NS,[],"['PE data missing', 'ROE data missing', 'Debt data missing', 'Declining revenues']",,-0.77,,,-0.662,-1,SELL
DCM Nouvelle Limited,DCMNVL.NS,[],"['Stock may be overvalued', 'Weak profitability', 'High debt risk', 'Declining revenues']",39.43804,3.47,0.00593,52.207,-0.08,-5,SELL
DCM Shriram Limited,DCMSHRIRAM.NS,"['Fair valuation', 'Average profitability', 'Slow revenue growth']",['High debt risk'],27.220398,45.69,0.10277,30.055,0.106,-1,SELL
DCM Shriram Industries Limited,DCMSRIND.NS,['Low valuation'],"['Stock appears undervalued', 'Weak profitability', 'High debt risk', 'Declining revenues']",7.7774606,7.01,0.068390004,33.1,-0.012,-2,SELL
DCW Limited,DCW.NS,['Slow revenue growth'],"['Stock may be overvalued', 'Weak profitability', 'High debt risk']",35.390533,1.69,0.04773,35.935,0.103,-3,SELL
DCX Systems Limited,DCXINDIA.NS,['Low debt'],"['Stock may be overvalued', 'Weak profitability', 'Declining revenues']",86.5065,2.31,0.01844,0.242,-0.014,-2,SELL
Ddev Plastiks Industries Limited,DDEVPLSTIK.NS,"['Fair valuation', 'High profitability', 'Strong revenue growth']",['High debt risk'],15.818942,19.11,0.23913,5.001,0.172,1,SELL
Deccan Cements Limited,DECCANCE.NS,['Strong revenue growth'],"['Stock may be overvalued', 'Weak profitability', 'High debt risk']",32.183544,23.7,0.04546,101.902,0.165,-3,SELL
DEE Development Engineers Limited,DEEDEV.NS,['Strong revenue growth'],"['Stock may be overvalued', 'Weak profitability', 'High debt risk']",30.428572,7.0,0.06073,69.855,0.392,-3,SELL
Deepak Fertilizers and Petrochemicals Corporation Limited,DEEPAKFERT.NS,"['Fair valuation', 'Average profitability', 'Slow revenue growth']",['High debt risk'],16.107046,77.91,0.15364,62.046,0.094,-2,SELL
Deepak Nitrite Limited,DEEPAKNTR.NS,[],"['Stock may be overvalued', 'Weak profitability', 'High debt risk', 'Declining revenues']",45.273144,38.99,0.09961,22.412,-0.064,-5,SELL
Deep Industries Limited,DEEPINDS.NS,['Strong revenue growth'],"['PE data missing', 'Weak profitability', 'High debt risk']",,-6.13,-0.01441,10.086,0.692,-2,SELL
Delhivery Limited,DELHIVERY.NS,['Strong revenue growth'],"['Stock may be overvalued', 'Weak profitability', 'High debt risk']",222.54099,1.83,0.0147,17.226,0.169,-3,SELL
DELPHI WORLD MONEY LIMITED,DELPHIFX.NS,[],"['Stock may be overvalued', 'Weak profitability', 'High debt risk', 'Declining revenues']",109.231476,2.16,0.022079999,2547.188,-0.198,-5,SELL
Delta Corp Limited,DELTACORP.NS,"['Low valuation', 'Average profitability']","['Stock appears undervalued', 'High debt risk', 'Declining revenues']",6.2932734,11.15,0.12361,1.395,-0.026,-1,SELL
Delta Manufacturing Limited,DELTAMAGNT.NS,[],"['PE data missing', 'Weak profitability', 'High debt risk', 'Declining revenues']",,-6.87,-0.48499,308.765,-0.28,-4,SELL
Den Networks Limited,DEN.NS,['Low valuation'],"['Stock appears undervalued', 'Weak profitability', 'Moderate debt level', 'Declining revenues']",7.873134,4.02,0.05217,0.575,-0.031,0,SELL
De Nora India Limited,DENORA.NS,['Strong revenue growth'],"['Stock may be overvalued', 'Weak profitability', 'Debt data missing']",140.47285,4.97,0.02104,,0.205,-1,SELL
Denta Water and Infra Solutions Limited,DENTA.NS,"['Low valuation', 'Strong revenue growth']","['Stock appears undervalued', 'ROE data missing', 'High debt risk']",13.561339,24.78,,3.104,0.538,1,SELL
Dev Information Technology Limited,DEVIT.NS,"['Low valuation', 'High profitability', 'Strong revenue growth']","['Stock appears undervalued', 'High debt risk']",2.9186814,13.65,0.79074997,18.23,0.35,3,HOLD
Dev Accelerator Limited,DEVX.NS,['Strong revenue growth'],"['Stock may be overvalued', 'ROE data missing', 'High debt risk']",114.72221,0.36,,177.212,0.504,-2,SELL
Devyani International Limited,DEVYANI.NS,['Slow revenue growth'],"['Stock may be overvalued', 'Weak profitability', 'High debt risk']",2414.0,0.06,-0.02553,170.712,0.126,-3,SELL
Digicontent Limited,DGCONTENT.NS,"['Low valuation', 'High profitability', 'Slow revenue growth']","['Stock appears undervalued', 'High debt risk']",9.775811,3.39,0.76584,275.528,0.15,3,HOLD
Dhampur Sugar Mills Limited,DHAMPURSUG.NS,"['Low valuation', 'Strong revenue growth']","['Stock appears undervalued', 'Weak profitability', 'High debt risk']",14.034483,8.7,0.05175,44.818,0.197,0,SELL
Dhanlaxmi Bank Limited,DHANBANK.NS,['Low valuation'],"['Stock appears undervalued', 'Weak profitability', 'Debt data missing', 'Declining revenues']",9.621622,2.59,0.0681,,-0.003,0,SELL
Dhanuka Agritech Limited,DHANUKA.NS,"['Fair valuation', 'Average profitability']","['High debt risk', 'Declining revenues']",19.440334,62.18,0.19896,2.063,-0.086,-3,SELL
DHARAN INFRA-EPC LIMITED,DHARAN.NS,[],"['PE data missing', 'ROE data missing', 'High debt risk', 'Declining revenues']",,-0.19,,7.248,-0.988,-3,SELL
Dharmaj Crop Guard Limited,DHARMAJ.NS,"['Fair valuation', 'Average profitability', 'Slow revenue growth']",['High debt risk'],16.568056,14.4,0.11586001,31.256,0.115,-1,SELL
Dhruv Consultancy Services Limited,DHRUV.NS,['Low valuation'],"['Stock appears undervalued', 'Weak profitability', 'High debt risk', 'Declining revenues']",12.824,3.75,0.06598,22.271,-0.411,-2,SELL
Dhunseri Investments Limited,DHUNINV.NS,[],"['Stock may be overvalued', 'Weak profitability', 'High debt risk', 'Declining revenues']",46.446102,28.11,0.00677,15.416,-0.448,-5,SELL
Diamond Power Infrastructure Limited,DIACABS.NS,['Strong revenue growth'],"['Stock may be overvalued', 'ROE data missing', 'Debt data missing']",119.59829,1.17,,,0.751,0,SELL
Diamines & Chemicals Limited,DIAMINESQ.NS,[],"['PE data missing', 'Weak profitability', 'High debt risk', 'Declining revenues']",,-5.18,-0.03121,6.365,-0.515,-4,SELL
Prataap Snacks Limited,DIAMONDYD.NS,[],"['PE data missing', 'Weak profitability', 'High debt risk', 'Declining revenues']",,-18.67,-0.061880004,7.953,-0.021,-4,SELL
DIC India Limited,DICIND.NS,"['Fair valuation', 'Slow revenue growth']","['ROE data missing', 'Debt data missing']",22.107437,21.78,,,0.008,0,SELL
Diffusion Engineers Limited,DIFFNKG.NS,"['Fair valuation', 'Slow revenue growth']","['ROE data missing', 'High debt risk']",29.334803,11.35,,5.714,0.013,-2,SELL
Digidrive Distributors Limited,DIGIDRIVE.NS,"['Low valuation', 'Low debt', 'Strong revenue growth']","['Stock appears undervalued', 'Weak profitability']",12.660194,2.06,0.024920002,0.391,0.366,3,HOLD
DiGiSPICE Technologies Limited,DIGISPICE.NS,['Slow revenue growth'],"['PE data missing', 'Weak profitability', 'High debt risk']",,-0.69,-0.06548,5.5,0.144,-2,SELL
Digitide Solutions Limited,DIGITIDE.NS,['Slow revenue growth'],"['PE data missing', 'ROE data missing', 'High debt risk']",,,,46.421,0.07,-2,SELL
Digjam Limited,DIGJAMLMTD.NS,"['High profitability', 'Strong revenue growth']","['Stock may be overvalued', 'High debt risk']",92.6909,0.55,0.63910997,1263.899,1.507,0,SELL
Debock Industries Limited,DIL.NS,['Low valuation'],"['Stock appears undervalued', 'Weak profitability', 'Debt data missing', 'Declining revenues']",2.3066666,0.75,0.02765,,-1.0,0,SELL
Dish TV India Limited,DISHTV.NS,[],"['PE data missing', 'ROE data missing', 'Debt data missing', 'Declining revenues']",,-3.51,,,-0.264,-1,SELL
Divgi Torqtransfer Systems Limited,DIVGIITTS.NS,"['Low debt', 'Strong revenue growth']","['Stock may be overvalued', 'Weak profitability']",61.15657,9.9,0.05069,0.262,0.538,0,SELL
Divi's Laboratories Limited,DIVISLAB.NS,"['Average profitability', 'Strong revenue growth']","['Stock may be overvalued', 'Moderate debt level']",68.70657,93.55,0.17061001,0.584,0.161,0,SELL
Dixon Technologies (India) Limited,DIXON.NS,"['High profitability', 'Strong revenue growth']","['Stock may be overvalued', 'High debt risk']",47.85157,257.63,0.47032002,29.663,0.288,0,SELL
DJ Mediaprint & Logistics Limited,DJML.NS,"['Fair valuation', 'Average profitability', 'Strong revenue growth']",['High debt risk'],27.726908,2.49,0.14199,37.044,0.699,-1,SELL
DLF Limited,DLF.NS,['Average profitability'],"['Stock may be overvalued', 'High debt risk', 'Declining revenues']",40.173412,17.3,0.10293999,4.133,-0.168,-4,SELL
D-Link (India) Limited,DLINKINDIA.NS,"['Low valuation', 'High profitability', 'Slow revenue growth']","['Stock appears undervalued', 'High debt risk']",14.895584,29.21,0.2274,2.353,0.118,3,HOLD
Avenue Supermarts Limited,DMART.NS,"['Average profitability', 'Strong revenue growth']","['Stock may be overvalued', 'High debt risk']",90.60766,41.8,0.12699,7.031,0.155,-2,SELL
DMCC SPECIALITY CHEMICALS LIMITED,DMCC.NS,"['Fair valuation', 'Average profitability', 'Strong revenue growth']",['High debt risk'],23.070726,11.17,0.12441,16.885,0.227,-1,SELL
Diligent Media Corporation Limited,DNAMEDIA.NS,['Low valuation'],"['Stock appears undervalued', 'ROE data missing', 'Debt data missing', 'Declining revenues']",11.735294,0.34,,,-0.058,1,SELL
Dodla Dairy Limited,DODLA.NS,"['Fair valuation', 'Average profitability', 'Slow revenue growth']",['High debt risk'],28.431557,43.1,0.1844,3.614,0.021,-2,SELL
Dolat Algotech Limited,DOLATALGO.NS,"['Low valuation', 'Average profitability']","['Stock appears undervalued', 'High debt risk', 'Declining revenues']",12.527778,6.84,0.12205,18.689,-0.648,-1,SELL
Dollar Industries Limited,DOLLAR.NS,"['Fair valuation', 'Average profitability', 'Slow revenue growth']",['High debt risk'],19.230152,18.64,0.12429,37.489,0.056,-2,SELL
Dolphin Offshore Enterprises (India) Limited,DOLPHIN.NS,"['Average profitability', 'Strong revenue growth']","['Stock may be overvalued', 'High debt risk']",30.914589,13.23,0.19451,64.104,0.471,-2,SELL
DOMS Industries Limited,DOMS.NS,"['High profitability', 'Strong revenue growth']","['Stock may be overvalued', 'High debt risk']",74.55073,34.5,0.21075001,13.64,0.241,0,SELL
Donear Industries Limited,DONEAR.NS,"['Low valuation', 'Average profitability', 'Slow revenue growth']","['Stock appears undervalued', 'High debt risk']",14.545455,6.49,0.14061,155.524,0.129,1,SELL
D. P. Abhushan Limited,DPABHUSHAN.NS,"['Fair valuation', 'High profitability']","['High debt risk', 'Declining revenues']",22.418892,66.27,0.35627,44.551,-0.037,-1,SELL
DPSC Limited,DPSCLTD.NS,[],"['Stock may be overvalued', 'ROE data missing', 'High debt risk', 'Declining revenues']",248.0,0.04,,17.775,-0.047,-4,SELL
D P Wires Limited,DPWIRES.NS,['Fair valuation'],"['Weak profitability', 'Moderate debt level', 'Declining revenues']",23.50562,8.9,0.055970002,0.865,-0.121,-2,SELL
DRC Systems India Limited,DRCSYSTEMS.NS,"['Low valuation', 'High profitability', 'Strong revenue growth']","['Stock appears undervalued', 'High debt risk']",13.934426,1.22,0.24643,4.245,0.415,3,HOLD
Dreamfolks Services Limited,DREAMFOLKS.NS,"['Low valuation', 'High profitability']","['Stock appears undervalued', 'High debt risk', 'Declining revenues']",9.14038,12.11,0.21533,3.056,-0.351,1,SELL
Dredging Corporation of India Limited,DREDGECORP.NS,['Slow revenue growth'],"['PE data missing', 'Weak profitability', 'High debt risk']",,-9.38,-0.01708,91.479,0.036,-3,SELL
Dr. Reddy's Laboratories Limited,DRREDDY.NS,"['Fair valuation', 'Average profitability', 'Slow revenue growth']",['High debt risk'],18.068329,70.25,0.1736,16.167,0.098,-2,SELL
Dynacons Systems & Solutions Limited,DSSL.NS,"['Fair valuation', 'High profitability', 'Slow revenue growth']",['High debt risk'],15.135375,62.05,0.33928,63.929,0.15,1,SELL
Dhunseri Tea & Industries Limited,DTIL.NS,['Slow revenue growth'],"['PE data missing', 'Weak profitability', 'High debt risk']",,-7.21,-0.01375,42.832,0.02,-3,SELL
Ducon Infratechnologies Limited,DUCON.NS,"['Low valuation', 'Slow revenue growth']","['Stock appears undervalued', 'Weak profitability', 'High debt risk']",8.255814,0.43,0.0809,57.96,0.023,-1,SELL
Dhunseri Ventures Limited,DVL.NS,['Fair valuation'],"['Weak profitability', 'High debt risk', 'Declining revenues']",15.081066,19.12,0.019650001,16.554,-0.382,-4,SELL
Dwarikesh Sugar Industries Limited,DWARKESH.NS,[],"['Stock may be overvalued', 'Weak profitability', 'High debt risk', 'Declining revenues']",46.06173,0.81,0.02001,23.127,-0.001,-5,SELL
Dynamic Cables Limited,DYCL.NS,"['Fair valuation', 'High profitability', 'Strong revenue growth']",['High debt risk'],21.072546,15.99,0.20727,18.848,0.202,1,SELL
Dynamatic Technologies Limited,DYNAMATECH.NS,['Slow revenue growth'],"['Stock may be overvalued', 'Weak profitability', 'High debt risk']",194.2214,49.32,0.04583,77.708,0.086,-4,SELL
Dynemic Products Limited,DYNPRO.NS,['Fair valuation'],"['Weak profitability', 'High debt risk', 'Declining revenues']",18.622732,14.34,0.07946,33.912,-0.087,-4,SELL
E2E Networks Limited,E2E.NS,[],"['Stock may be overvalued', 'Weak profitability', 'High debt risk', 'Declining revenues']",429.03766,4.78,0.00863,10.166,-0.079,-5,SELL
Easy Trip Planners Limited,EASEMYTRIP.NS,[],"['Stock may be overvalued', 'Weak profitability', 'High debt risk', 'Declining revenues']",149.4,0.05,0.015700001,4.102,-0.182,-5,SELL
GNG Electronics Limited,EBGNG.NS,['Strong revenue growth'],"['Stock may be overvalued', 'ROE data missing', 'High debt risk']",42.25503,7.45,,34.381,0.247,-2,SELL
eClerx Services Limited,ECLERX.NS,"['High profitability', 'Strong revenue growth']","['Stock may be overvalued', 'High debt risk']",36.630672,127.8,0.26288998,15.04,0.208,0,SELL
Ecos (India) Mobility & Hospitality Limited,ECOSMOBLTY.NS,"['Fair valuation', 'High profitability', 'Strong revenue growth']",['High debt risk'],20.305412,9.79,0.27581,3.246,0.342,1,SELL
Edelweiss Financial Services Limited,EDELWEISS.NS,['Fair valuation'],"['Weak profitability', 'High debt risk', 'Declining revenues']",17.197138,6.29,0.09842,350.698,-0.389,-4,SELL
EFC (I) Limited,EFCIL.NS,"['High profitability', 'Strong revenue growth']","['Stock may be overvalued', 'High debt risk']",427.78574,0.7,0.32609,160.926,0.53,0,SELL
Eicher Motors Limited,EICHERMOT.NS,"['High profitability', 'Strong revenue growth']","['Stock may be overvalued', 'High debt risk']",39.43146,185.74,0.24874,2.018,0.448,0,SELL
EID Parry India Limited,EIDPARRY.NS,"['Fair valuation', 'Average profitability', 'Strong revenue growth']",['High debt risk'],16.530548,64.65,0.16527,18.388,0.246,-1,SELL
Enviro Infra Engineers Limited,EIEL.NS,"['Fair valuation', 'High profitability', 'Slow revenue growth']",['High debt risk'],18.127846,11.42,0.2711,25.86,0.067,0,SELL
Euro India Fresh Foods Limited,EIFFL.NS,[],"['Stock may be overvalued', 'Weak profitability', 'High debt risk', 'Declining revenues']",115.783195,2.26,0.05175,85.026,-0.008,-5,SELL
EIH Associated Hotels Limited,EIHAHOTELS.NS,"['Fair valuation', 'Average profitability']","['Moderate debt level', 'Declining revenues']",22.932138,15.62,0.19538,0.787,-0.177,-1,SELL
EIH Limited,EIHOTEL.NS,['Average profitability'],"['Stock may be overvalued', 'High debt risk', 'Declining revenues']",34.566856,10.62,0.15303001,5.176,-0.04,-4,SELL
Eimco Elecon (India) Limited,EIMCOELECO.NS,"['Fair valuation', 'Low debt']","['Weak profitability', 'Declining revenues']",21.59633,70.85,0.09511,0.376,-0.501,-1,SELL
Everest Kanto Cylinder Limited,EKC.NS,['Low valuation'],"['Stock appears undervalued', 'Weak profitability', 'High debt risk', 'Declining revenues']",13.544084,8.62,0.07875,15.317,-0.019,-2,SELL
Eldeco Housing And Industries Limited,ELDEHSG.NS,[],"['Stock may be overvalued', 'Weak profitability', 'High debt risk', 'Declining revenues']",63.544304,15.01,0.03822,26.96,-0.01,-5,SELL
Elecon Engineering Company Limited,ELECON.NS,"['Fair valuation', 'High profitability', 'Slow revenue growth']",['High debt risk'],20.777246,23.03,0.25869,11.49,0.138,1,SELL
Electrosteel Castings Limited,ELECTCAST.NS,['Low valuation'],"['Stock appears undervalued', 'Weak profitability', 'High debt risk', 'Declining revenues']",9.476961,8.03,0.0875,37.702,-0.236,-2,SELL
Electrotherm (India) Limited,ELECTHERM.NS,"['Low valuation', 'Slow revenue growth']","['Stock appears undervalued', 'ROE data missing', 'Debt data missing']",4.051552,219.78,,,0.001,2,HOLD
Elgi Equipments Limited,ELGIEQUIP.NS,"['High profitability', 'Slow revenue growth']","['Stock may be overvalued', 'High debt risk']",37.626015,12.3,0.20885,26.275,0.114,0,SELL
Elgi Rubber Company Limited,ELGIRUBCO.NS,[],"['PE data missing', 'Weak profitability', 'High debt risk', 'Declining revenues']",,-5.6,-0.14986,183.179,-0.042,-4,SELL
Elin Electronics Limited,ELIN.NS,"['Fair valuation', 'Strong revenue growth']","['Weak profitability', 'High debt risk']",21.088385,7.92,0.07169,2.771,0.23,-2,SELL
Ellenbarrie Industrial Gases Limited,ELLEN.NS,[],"['PE data missing', 'ROE data missing', 'High debt risk', 'Declining revenues']",,,,12.866,-0.058,-3,SELL
Emami Limited,EMAMILTD.NS,"['Fair valuation', 'High profitability']","['High debt risk', 'Declining revenues']",29.820395,17.26,0.2713,2.457,-0.103,-1,SELL
Emami Paper Mills Limited,EMAMIPAP.NS,[],"['Stock may be overvalued', 'Weak profitability', 'High debt risk', 'Declining revenues']",36.414223,2.39,0.02664,101.476,-0.09,-5,SELL
Emami Realty Limited,EMAMIREAL.NS,['Strong revenue growth'],"['PE data missing', 'ROE data missing', 'Debt data missing']",,-46.12,,,0.528,1,SELL
Embassy Developments Limited,EMBDL.NS,"['Fair valuation', 'Strong revenue growth']","['Weak profitability', 'High debt risk']",17.021738,3.68,-0.028570002,45.923,1.005,-2,SELL
Emcure Pharmaceuticals Limited,EMCURE.NS,"['Average profitability', 'Slow revenue growth']","['Stock may be overvalued', 'High debt risk']",34.073013,41.91,0.1784,33.972,0.134,-2,SELL
Electronics Mart India Limited,EMIL.NS,['Slow revenue growth'],"['Stock may be overvalued', 'Weak profitability', 'High debt risk']",40.83004,2.53,0.06445,126.148,0.148,-3,SELL
Emkay Global Financial Services Limited,EMKAY.NS,[],"['Stock may be overvalued', 'Weak profitability', 'High debt risk', 'Declining revenues']",30.260973,8.43,0.07678,23.429,-0.347,-5,SELL
Emmbi Industries Limited,EMMBI.NS,"['Fair valuation', 'Strong revenue growth']","['Weak profitability', 'High debt risk']",24.136585,4.1,0.03957,84.014,0.191,-2,SELL
Emmvee Photovoltaic Power Limited,EMMVEE.NS,"['Fair valuation', 'Strong revenue growth']","['ROE data missing', 'High debt risk']",17.405867,10.57,,214.9,1.811,-1,SELL
EMS Limited,EMSLIMITED.NS,"['Low valuation', 'Average profitability']","['Stock appears undervalued', 'High debt risk', 'Declining revenues']",14.601362,29.35,0.16903,15.798,-0.261,-1,SELL
eMudhra Limited,EMUDHRA.NS,"['Average profitability', 'Strong revenue growth']","['Stock may be overvalued', 'High debt risk']",52.51965,11.45,0.1302,2.019,0.224,-2,SELL
Endurance Technologies Limited,ENDURANCE.NS,"['Average profitability', 'Strong revenue growth']","['Stock may be overvalued', 'High debt risk']",40.634262,62.75,0.15271,19.638,0.23,-2,SELL
Energy Development Company Limited,ENERGYDEV.NS,['Strong revenue growth'],"['PE data missing', 'Weak profitability', 'High debt risk']",,-19.19,-1.6540401,1500.784,0.369,-2,SELL
Engineers India Limited,ENGINERSIN.NS,"['Fair valuation', 'High profitability', 'Strong revenue growth']",['Moderate debt level'],21.457682,9.57,0.21128,0.731,0.337,3,HOLD
Entertainment Network (India) Limited,ENIL.NS,['Strong revenue growth'],"['Stock may be overvalued', 'Weak profitability', 'High debt risk']",46.06967,2.44,0.01596,23.226,0.243,-3,SELL
Siemens Energy India Limited,ENRIN.NS,"['High profitability', 'Strong revenue growth']","['Stock may be overvalued', 'High debt risk']",84.9822,30.89,0.28957,3.369,0.273,0,SELL
Entero Healthcare Solutions Limited,ENTERO.NS,['Strong revenue growth'],"['Stock may be overvalued', 'Weak profitability', 'High debt risk']",37.618484,25.32,0.072569996,24.634,0.208,-3,SELL
EPACK Durable Limited,EPACK.NS,[],"['Stock may be overvalued', 'Weak profitability', 'High debt risk', 'Declining revenues']",66.42019,4.26,0.043759998,75.66,-0.434,-5,SELL
EPack Prefab Technologies Limited,EPACKPEB.NS,['Strong revenue growth'],"['Stock may be overvalued', 'ROE data missing', 'High debt risk']",50.050934,5.89,,32.125,0.616,-2,SELL
Epigral Limited,EPIGRAL.NS,"['Low valuation', 'High profitability']","['Stock appears undervalued', 'High debt risk', 'Declining revenues']",13.646267,93.63,0.22986999,25.565,-0.062,1,SELL
EPL Limited,EPL.NS,"['Fair valuation', 'Average profitability', 'Slow revenue growth']",['High debt risk'],16.50311,12.86,0.17245,32.296,0.11,-1,SELL
Equippp Social Impact Technologies Limited,EQUIPPP.NS,"['Average profitability', 'Strong revenue growth']","['Stock may be overvalued', 'High debt risk']",328.57144,0.07,0.17584999,71.587,20.965,-2,SELL
Equitas Small Finance Bank Limited,EQUITASBNK.NS,[],"['PE data missing', 'Weak profitability', 'High debt risk', 'Declining revenues']",,-0.8,-0.01545,58.933,-0.037,-4,SELL
Eris Lifesciences Limited,ERIS.NS,"['Average profitability', 'Slow revenue growth']","['Stock may be overvalued', 'High debt risk']",50.12812,30.44,0.1342,68.185,0.069,-3,SELL
Esab India Limited,ESABINDIA.NS,"['High profitability', 'Slow revenue growth']","['Stock may be overvalued', 'Moderate debt level']",45.204006,134.8,0.54427,0.876,0.127,2,HOLD
ESAF Small Finance Bank Limited,ESAFSFB.NS,[],"['PE data missing', 'Weak profitability', 'Debt data missing', 'Declining revenues']",,-11.48,-0.2888,,-0.123,-2,SELL
Escorts Kubota Limited,ESCORTS.NS,"['Average profitability', 'Slow revenue growth']","['Stock may be overvalued', 'Moderate debt level']",32.625496,113.35,0.11486,0.871,0.122,0,SELL
Essar Shipping Limited,ESSARSHPNG.NS,['Low valuation'],"['Stock appears undervalued', 'ROE data missing', 'Debt data missing', 'Declining revenues']",8.929032,3.1,,,-1.0,1,SELL
Integra Essentia Limited,ESSENTIA.NS,[],"['Stock may be overvalued', 'Weak profitability', 'High debt risk', 'Declining revenues']",51.333332,0.03,0.016619999,23.209,-0.08,-5,SELL
Ester Industries Limited,ESTER.NS,['Slow revenue growth'],"['Stock may be overvalued', 'Weak profitability', 'High debt risk']",218.53061,0.49,0.0051499996,93.212,0.07,-4,SELL
ETERNAL LIMITED,ETERNAL.NS,['Strong revenue growth'],"['Stock may be overvalued', 'Weak profitability', 'High debt risk']",1408.75,0.2,0.00721,10.875,1.832,-3,SELL
Ethos Limited,ETHOSLTD.NS,['Strong revenue growth'],"['Stock may be overvalued', 'Weak profitability', 'High debt risk']",82.02954,36.56,0.07491,19.497,0.29,-3,SELL
Eureka Forbes Limited,EUREKAFORB.NS,['Slow revenue growth'],"['Stock may be overvalued', 'Weak profitability', 'High debt risk']",66.50471,9.57,0.0421,2.009,0.147,-3,SELL
Euro Panel Products Limited,EUROBOND.NS,"['Fair valuation', 'Average profitability', 'Strong revenue growth']",['High debt risk'],19.199787,9.41,0.17198999,88.695,0.306,-1,SELL
Euro Pratik Sales Limited,EUROPRATIK.NS,['Slow revenue growth'],"['Stock may be overvalued', 'ROE data missing', 'High debt risk']",45.377644,6.62,,8.422,0.101,-2,SELL
Eurotex Industries and Exports Limited,EUROTEXIND.NS,"['Low valuation', 'Strong revenue growth']","['Stock appears undervalued', 'ROE data missing', 'Debt data missing']",6.0680857,2.35,,,0.46,3,HOLD
Eveready Industries India Limited,EVEREADY.NS,"['Average profitability', 'Slow revenue growth']","['Stock may be overvalued', 'High debt risk']",52.257553,6.29,0.100710005,75.46,0.067,-3,SELL
Everest Industries Limited,EVERESTIND.NS,[],"['PE data missing', 'Weak profitability', 'High debt risk', 'Declining revenues']",,-15.42,-0.041360002,53.597,-0.187,-4,SELL
Excel Realty N Infra Limited,EXCEL.NS,['Low debt'],"['Stock may be overvalued', 'Weak profitability', 'Declining revenues']",160.0,0.01,0.00087,0.492,-0.63,-2,SELL
Excel Industries Limited,EXCELINDUS.NS,"['Fair valuation', 'Slow revenue growth']","['Weak profitability', 'Moderate debt level']",15.966171,58.53,0.04329,0.621,0.005,-1,SELL
Excelsoft Technologies Limited,EXCELSOFT.NS,"['Fair valuation', 'Strong revenue growth']","['ROE data missing', 'High debt risk']",29.282393,3.01,,11.581,0.191,-1,SELL
Exicom Tele-Systems Limited,EXICOM.NS,['Strong revenue growth'],"['PE data missing', 'Weak profitability', 'High debt risk']",,-20.68,-0.35738,78.314,0.837,-2,SELL
Exide Industries Limited,EXIDEIND.NS,[],"['Stock may be overvalued', 'Weak profitability', 'High debt risk', 'Declining revenues']",39.475674,9.25,0.05558,11.151,-0.019,-5,SELL
Expleo Solutions Limited,EXPLEOSOL.NS,"['Low valuation', 'Average profitability', 'Slow revenue growth']","['Stock appears undervalued', 'High debt risk']",14.784618,67.09,0.15142,2.866,0.09,0,SELL
Exxaro Tiles Limited,EXXARO.NS,[],"['Stock may be overvalued', 'Weak profitability', 'High debt risk', 'Declining revenues']",53.733334,0.15,0.024500001,31.657,-0.013,-5,SELL
Fabtech Technologies Limited,FABTECH.NS,"['Fair valuation', 'Strong revenue growth']","['ROE data missing', 'High debt risk']",19.353111,10.45,,21.62,1.068,-1,SELL
Fertilizers and Chemicals Travancore Limited,FACT.NS,['Slow revenue growth'],"['Stock may be overvalued', 'Weak profitability', 'High debt risk']",562.4367,1.58,0.07755,278.992,0.125,-3,SELL
Fairchem Organics Limited,FAIRCHEMOR.NS,[],"['Stock may be overvalued', 'Weak profitability', 'High debt risk', 'Declining revenues']",149.60385,4.67,0.020469999,18.502,-0.195,-5,SELL
Faze Three Limited,FAZE3Q.NS,['Strong revenue growth'],"['Stock may be overvalued', 'Weak profitability', 'High debt risk']",31.362986,13.94,0.08245,54.853,0.361,-3,SELL
Fineotex Chemical Limited,FCL.NS,"['Fair valuation', 'Average profitability', 'Low debt']",['Declining revenues'],29.302326,0.86,0.13344,0.004,-0.055,0,SELL
FCS Software Solutions Limited,FCSSOFT.NS,[],"['Stock may be overvalued', 'Weak profitability', 'Debt data missing', 'Declining revenues']",inf,0.0,0.00104,,-0.117,-3,SELL
FDC Limited,FDC.NS,['Fair valuation'],"['Weak profitability', 'Moderate debt level', 'Declining revenues']",29.361933,13.87,0.09546,0.852,-0.079,-2,SELL
The Federal Bank  Limited,FEDERALBNK.NS,"['Fair valuation', 'Average profitability', 'Slow revenue growth']",['Debt data missing'],16.40576,15.97,0.11451,,0.02,0,SELL
Fedbank Financial Services Limited,FEDFINA.NS,"['Fair valuation', 'Slow revenue growth']","['Weak profitability', 'High debt risk']",22.552671,6.55,0.09607001,383.461,0.097,-3,SELL
Future Enterprises Limited,FEL.NS,[],"['PE data missing', 'Weak profitability', 'Debt data missing', 'Declining revenues']",,-31.09,-2.38273,,-0.132,-2,SELL
Future Enterprises Limited,FELDVR.NS,[],"['PE data missing', 'Weak profitability', 'Debt data missing', 'Declining revenues']",,-34.04,-2.38273,,-0.132,-2,SELL
Fiberweb (India) Limited,FIBERWEB.NS,['Low valuation'],"['Stock appears undervalued', 'Weak profitability', 'High debt risk', 'Declining revenues']",6.508021,5.61,0.09196,3.545,-0.19,-2,SELL
Fiem Industries Limited,FIEMIND.NS,"['Fair valuation', 'High profitability', 'Strong revenue growth']",['High debt risk'],26.763374,86.17,0.22563,5.696,0.172,1,SELL
Filatex India Limited,FILATEX.NS,"['Low valuation', 'Average profitability', 'Slow revenue growth']","['Stock appears undervalued', 'High debt risk']",12.347607,3.97,0.13317999,9.979,0.026,0,SELL
Filatex Fashions Limited,FILATFASH.NS,[],"['Stock may be overvalued', 'Weak profitability', 'High debt risk', 'Declining revenues']",35.0,0.01,0.00343,2.572,-0.356,-5,SELL
Finolex Cables Limited,FINCABLES.NS,"['Fair valuation', 'Average profitability', 'Low debt', 'Slow revenue growth']",[],17.648952,43.47,0.12194,0.377,0.049,1,SELL
Fine Organic Industries Limited,FINEORG.NS,"['Average profitability', 'Slow revenue growth']","['Stock may be overvalued', 'Moderate debt level']",31.796036,132.18,0.17639999,0.661,0.002,-1,SELL
Finkurve Financial Services Limited,FINKURVE.NS,['Strong revenue growth'],"['Stock may be overvalued', 'Weak profitability', 'High debt risk']",65.628204,1.56,0.07829,116.173,0.443,-3,SELL
Fino Payments Bank Limited,FINOPB.NS,"['Fair valuation', 'Average profitability']","['Debt data missing', 'Declining revenues']",26.317707,9.6,0.1086,,-0.135,-1,SELL
Finolex Industries Limited,FINPIPE.NS,"['Fair valuation', 'Low debt', 'Slow revenue growth']",['Weak profitability'],21.854568,7.77,0.07564,0.359,0.037,0,SELL
Brainbees Solutions Limited,FIRSTCRY.NS,['Slow revenue growth'],"['PE data missing', 'Weak profitability', 'High debt risk']",,-3.56,-0.04593,31.483,0.102,-2,SELL
Fischer Medical Ventures Limited,FISCHER.NS,"['Fair valuation', 'Strong revenue growth']","['Weak profitability', 'High debt risk']",15.08772,2.85,0.08996,10.264,1.176,-2,SELL
Five-Star Business Finance Limited,FIVESTAR.NS,"['Low valuation', 'Average profitability', 'Slow revenue growth']","['Stock appears undervalued', 'High debt risk']",14.683847,37.64,0.17645,123.056,0.099,0,SELL
Flair Writing Industries Limited,FLAIR.NS,"['Fair valuation', 'Average profitability', 'Strong revenue growth']",['High debt risk'],24.143314,12.49,0.12946999,5.464,0.188,-1,SELL
Flexituff Ventures International Limited,FLEXITUFF.NS,[],"['PE data missing', 'ROE data missing', 'Debt data missing', 'Declining revenues']",,-90.35,,,-0.933,-1,SELL
Future Lifestyle Fashions Limited,FLFL.NS,[],"['PE data missing', 'ROE data missing', 'Debt data missing', 'Declining revenues']",,-72.08,,,-0.787,-1,SELL
Gujarat Fluorochemicals Limited,FLUOROCHEM.NS,['Slow revenue growth'],"['Stock may be overvalued', 'Weak profitability', 'High debt risk']",58.700645,61.8,0.09854,22.475,0.019,-4,SELL
Federal-Mogul Goetze (India) Limited.,FMGOETZE.NS,"['Low valuation', 'Average profitability', 'Low debt', 'Slow revenue growth']",['Stock appears undervalued'],13.820363,32.51,0.13992,0.143,0.058,3,HOLD
Future Market Networks Limited,FMNL.NS,[],"['PE data missing', 'Weak profitability', 'High debt risk', 'Declining revenues']",,-3.71,-0.18591999,160.459,-0.069,-4,SELL
Focus Lighting and Fixtures Limited,FOCUS.NS,['Slow revenue growth'],"['Stock may be overvalued', 'ROE data missing', 'Debt data missing']",106.12676,0.71,,,0.088,-1,SELL
Foods & Inns Limited,FOODSIN.NS,"['Fair valuation', 'Slow revenue growth']","['Weak profitability', 'High debt risk']",16.340425,4.23,0.059510004,88.516,0.141,-2,SELL
FORCE MOTORS LTD,FORCEMOT.NS,"['Fair valuation', 'High profitability', 'Slow revenue growth']",['Debt data missing'],22.602907,817.24,0.35486,,0.072,2,HOLD
Fortis Healthcare Limited,FORTIS.NS,"['Average profitability', 'Strong revenue growth']","['Stock may be overvalued', 'High debt risk']",67.09294,13.45,0.112679996,32.958,0.173,-2,SELL
Foseco India Limited,FOSECOIND.NS,"['Low debt', 'Slow revenue growth']","['Stock may be overvalued', 'ROE data missing']",40.11179,124.34,,0.424,0.071,0,SELL
Firstsource Solutions Limited,FSL.NS,"['Average profitability', 'Strong revenue growth']","['Stock may be overvalued', 'High debt risk']",36.06842,9.5,0.16209,54.258,0.201,-2,SELL
Fusion Finance Limited,FUSION.NS,[],"['PE data missing', 'Weak profitability', 'High debt risk', 'Revenue growth data missing']",,-89.38,-0.44958,257.668,,-3,SELL
Gabriel India Limited,GABRIEL.NS,"['High profitability', 'Slow revenue growth']","['Stock may be overvalued', 'High debt risk']",57.782146,17.81,0.21625,8.126,0.149,0,SELL
Gujarat Ambuja Exports Limited,GAEL.NS,"['Fair valuation', 'Strong revenue growth']","['Weak profitability', 'High debt risk']",27.880264,4.51,0.06879,9.321,0.322,-2,SELL
GAIL (India) Limited,GAIL.NS,"['Low valuation', 'Average profitability', 'Slow revenue growth']","['Stock appears undervalued', 'High debt risk']",10.3086195,16.59,0.12713,25.373,0.049,0,SELL
Gala Precision Engineering Limited,GALAPREC.NS,"['Average profitability', 'Strong revenue growth']","['Stock may be overvalued', 'High debt risk']",33.633232,23.23,0.1173,8.821,0.394,-2,SELL
Galaxy Surfactants Limited,GALAXYSURF.NS,"['Fair valuation', 'Average profitability', 'Strong revenue growth']",['High debt risk'],25.430235,80.77,0.11924,10.558,0.248,-1,SELL
Gallantt Ispat Limited,GALLANTT.NS,"['Fair valuation', 'Average profitability', 'Slow revenue growth']",['High debt risk'],25.464602,20.34,0.17205,21.152,0.074,-2,SELL
Gandhar Oil Refinery (India) Limited,GANDHAR.NS,"['Fair valuation', 'Slow revenue growth']","['Weak profitability', 'High debt risk']",16.005331,9.38,0.07572,24.674,0.133,-2,SELL
Gandhi Special Tubes Limited,GANDHITUBE.NS,"['Low valuation', 'High profitability', 'Low debt']","['Stock appears undervalued', 'Declining revenues']",13.964508,54.66,0.25287,0.04,-0.012,4,BUY
Ganesha Ecosphere Limited,GANECOS.NS,[],"['Stock may be overvalued', 'Weak profitability', 'High debt risk', 'Declining revenues']",35.614536,24.49,0.054050002,43.209,-0.061,-5,SELL
Ganesh Benzoplast Limited,GANESHBE.NS,"['Low valuation', 'Slow revenue growth']","['Stock appears undervalued', 'Weak profitability', 'High debt risk']",12.321101,6.54,0.0836,8.888,0.014,-1,SELL
Ganesh Consumer Products Limited,GANESHCP.NS,"['Fair valuation', 'Slow revenue growth']","['ROE data missing', 'High debt risk']",26.62805,8.2,,52.589,0.072,-2,SELL
GANESH HOUSING LIMITED,GANESHHOU.NS,"['Low valuation', 'High profitability']","['Stock appears undervalued', 'High debt risk', 'Declining revenues']",12.710873,63.19,0.29663,3.485,-0.266,1,SELL
Ganga Forging Limited,GANGAFORGE.NS,[],"['PE data missing', 'Weak profitability', 'High debt risk', 'Declining revenues']",,-0.23,-0.10439,58.193,-0.282,-4,SELL
Ganges Securities Limited,GANGESSECU.NS,['Slow revenue growth'],"['Stock may be overvalued', 'Weak profitability', 'Debt data missing']",137.72,1.0,0.00147,,0.014,-2,SELL
Garware Technical Fibres Limited,GARFIBRES.NS,['Average profitability'],"['Stock may be overvalued', 'High debt risk', 'Declining revenues']",34.010216,20.56,0.16843,10.153,-0.173,-4,SELL
Garuda Construction and Engineering Limited,GARUDA.NS,"['Fair valuation', 'Low debt', 'Strong revenue growth']",['ROE data missing'],21.265657,9.26,,0.023,1.492,2,HOLD
GACM Technologies Limited,GATECH.NS,"['Low valuation', 'Average profitability', 'Strong revenue growth']","['Stock appears undervalued', 'Debt data missing']",5.5,0.1,0.11946,,0.752,3,HOLD
GACM Technologies Limited,GATECHDVR.NS,"['Low valuation', 'Average profitability', 'Strong revenue growth']","['Stock appears undervalued', 'Debt data missing']",5.1,0.1,0.11946,,0.752,3,HOLD
Gateway Distriparks Limited,GATEWAY.NS,"['Low valuation', 'Average profitability', 'Strong revenue growth']","['Stock appears undervalued', 'High debt risk']",7.8318357,7.79,0.17419,28.437,0.455,1,SELL
Gayatri Highways Limited,GAYAHWS.NS,['Strong revenue growth'],"['PE data missing', 'ROE data missing', 'Debt data missing']",,-0.95,,,0.258,1,SELL
Gretex Corporate Services Limited,GCSL.NS,[],"['Stock may be overvalued', 'Weak profitability', 'High debt risk', 'Declining revenues']",3170.909,0.11,-0.025139999,3.959,-0.303,-5,SELL
GeeCee Ventures Limited,GEECEE.NS,['Fair valuation'],"['Weak profitability', 'Debt data missing', 'Declining revenues']",18.274887,17.68,0.04719,,-0.395,-2,SELL
Geekay Wires Limited,GEEKAYWIRE.NS,"['Low valuation', 'High profitability', 'Slow revenue growth']","['Stock appears undervalued', 'High debt risk']",10.305467,3.11,0.22599001,74.965,0.003,2,HOLD
Gem Aromatics Limited,GEMAROMA.NS,['Fair valuation'],"['ROE data missing', 'High debt risk', 'Declining revenues']",21.160603,7.97,,31.583,-0.202,-3,SELL
Generic Engineering Construction and Projects Limited,GENCON.NS,"['Fair valuation', 'Strong revenue growth']","['Weak profitability', 'High debt risk']",27.496855,1.59,0.043119997,23.407,0.199,-2,SELL
Genesys International Corporation Limited,GENESYS.NS,['Slow revenue growth'],"['Stock may be overvalued', 'Weak profitability', 'High debt risk']",30.182005,14.56,0.09819,21.419,0.068,-4,SELL
Gensol Engineering Limited,GENSOL.NS,"['Low valuation', 'Strong revenue growth']","['Stock appears undervalued', 'ROE data missing', 'High debt risk']",1.1791044,22.78,,228.07,0.564,1,SELL
Genus Paper & Boards Limited,GENUSPAPER.NS,['Strong revenue growth'],"['Stock may be overvalued', 'Weak profitability', 'High debt risk']",47.035713,0.28,0.01401,84.844,0.158,-3,SELL
Genus Power Infrastructures Limited,GENUSPOWER.NS,"['Fair valuation', 'High profitability', 'Strong revenue growth']",['High debt risk'],18.234224,16.48,0.25522,91.662,1.36,1,SELL
Geojit Financial Services Limited,GEOJITFSL.NS,"['Fair valuation', 'Average profitability']","['High debt risk', 'Declining revenues']",18.337322,4.18,0.108669996,10.436,-0.195,-3,SELL
The Great Eastern Shipping Company Limited,GESHIP.NS,"['Low valuation', 'Average profitability']","['Stock appears undervalued', 'High debt risk', 'Declining revenues']",7.678896,142.82,0.14222999,8.236,-0.083,-1,SELL
GFL Limited,GFLLIMITED.NS,['Strong revenue growth'],"['PE data missing', 'Weak profitability', 'Debt data missing']",,-0.66,-0.0028600001,,0.19,0,SELL
GHCL Limited,GHCL.NS,"['Low valuation', 'Average profitability']","['Stock appears undervalued', 'High debt risk', 'Declining revenues']",9.49958,59.55,0.16726999,2.663,-0.09,-1,SELL
GHCL Textiles Limited,GHCLTEXTIL.NS,"['Low valuation', 'Slow revenue growth']","['Stock appears undervalued', 'Weak profitability', 'High debt risk']",12.940647,5.56,0.03692,3.879,0.11,0,SELL
GIC Housing Finance Limited,GICHSGFIN.NS,"['Low valuation', 'Strong revenue growth']","['Stock appears undervalued', 'Weak profitability', 'High debt risk']",6.8021936,26.44,0.073410004,451.51,0.158,0,SELL
General Insurance Corporation of India,GICRE.NS,"['Low valuation', 'Average profitability', 'Slow revenue growth']","['Stock appears undervalued', 'Debt data missing']",6.799121,54.61,0.10281,,0.029,2,HOLD
Gillanders Arbuthnot & Company Limited,GILLANDERS.NS,"['Low valuation', 'Slow revenue growth']","['Stock appears undervalued', 'Weak profitability', 'High debt risk']",9.021448,11.19,0.09847999,57.589,0.044,-1,SELL
Gillette India Limited,GILLETTE.NS,"['Low debt', 'Slow revenue growth']","['Stock may be overvalued', 'ROE data missing']",51.593445,164.11,,0.004,0.037,0,SELL
Ginni Filaments Limited,GINNIFILA.NS,"['Low valuation', 'Average profitability', 'Slow revenue growth']","['Stock appears undervalued', 'High debt risk']",13.930071,2.86,0.11821,18.852,0.018,0,SELL
Gujarat Industries Power Company Limited,GIPCL.NS,"['Low valuation', 'Strong revenue growth']","['Stock appears undervalued', 'Weak profitability', 'High debt risk']",12.945351,12.26,0.054390002,79.265,0.164,0,SELL
GK Energy Limited,GKENERGY.NS,"['Fair valuation', 'High profitability', 'Strong revenue growth']",['High debt risk'],18.786325,8.19,0.37502,54.322,0.915,1,SELL
GKW Limited,GKWLIMITED.NS,['Low debt'],"['PE data missing', 'Weak profitability', 'Declining revenues']",,-48.94,-0.01127,0.016,-0.25,-1,SELL
Gland Pharma Limited,GLAND.NS,['Slow revenue growth'],"['Stock may be overvalued', 'Weak profitability', 'High debt risk']",34.43357,48.02,0.08614001,3.161,0.058,-4,SELL
GlaxoSmithKline Pharmaceuticals Limited,GLAXO.NS,['High profitability'],"['Stock may be overvalued', 'High debt risk', 'Declining revenues']",43.65456,56.45,0.56517,2.091,-0.031,-2,SELL
Glenmark Pharmaceuticals Limited,GLENMARK.NS,"['Average profitability', 'Strong revenue growth']","['Stock may be overvalued', 'High debt risk']",56.224834,35.76,0.11203,12.776,0.761,-2,SELL
Global Education Limited,GLOBAL.NS,"['Fair valuation', 'Average profitability', 'Slow revenue growth']",['Debt data missing'],21.148148,4.32,0.19633,,0.052,0,SELL
Globale Tessile Limited,GLOBALE.NS,[],"['PE data missing', 'Weak profitability', 'High debt risk', 'Declining revenues']",,-1.94,-0.18201,107.309,-0.838,-4,SELL
Global Vectra Helicorp Limited,GLOBALVECT.NS,[],"['PE data missing', 'Weak profitability', 'High debt risk', 'Declining revenues']",,-4.25,-0.71669996,14097.473,-0.054,-4,SELL
GLOBE ENTERPRISES (INDIA) LIMITED,GLOBE.NS,"['Low valuation', 'Slow revenue growth']","['Stock appears undervalued', 'Weak profitability', 'High debt risk']",12.714287,0.21,0.0664,107.624,0.058,-1,SELL
Globe Civil Projects Limited,GLOBECIVIL.NS,"['Fair valuation', 'High profitability']","['High debt risk', 'Revenue growth data missing']",23.143412,2.58,0.26150998,66.902,,0,SELL
Globus Spirits Limited,GLOBUSSPR.NS,['Slow revenue growth'],"['Stock may be overvalued', 'Weak profitability', 'High debt risk']",61.17353,16.02,0.04458,45.349,0.037,-4,SELL
Gloster Limited,GLOSTERLTD.NS,['Strong revenue growth'],"['Stock may be overvalued', 'Weak profitability', 'High debt risk']",78.11377,8.35,0.00848,69.656,1.521,-3,SELL
Glottis Limited,GLOTTIS.NS,['Low valuation'],"['Stock appears undervalued', 'ROE data missing', 'High debt risk', 'Declining revenues']",10.032895,6.08,,25.397,-0.014,-1,SELL
GM Breweries Limited,GMBREW.NS,"['Fair valuation', 'Average profitability', 'Low debt', 'Strong revenue growth']",[],19.102667,62.63,0.15564,0.124,0.205,2,HOLD
Gujarat Mineral Development Corporation Limited,GMDCLTD.NS,"['Fair valuation', 'Average profitability']","['High debt risk', 'Declining revenues']",18.674698,31.54,0.15535,4.139,-0.11,-3,SELL
GMM Pfaudler Limited,GMMPFAUDLR.NS,['Slow revenue growth'],"['Stock may be overvalued', 'Weak profitability', 'High debt risk']",72.525116,14.93,0.055040002,89.639,0.12,-3,SELL
GMR AIRPORTS LIMITED,GMRAIRPORT.NS,['Strong revenue growth'],"['PE data missing', 'ROE data missing', 'Debt data missing']",,-0.13,,,0.471,1,SELL
GMR Power and Urban Infra Limited,GMRP&UI.NS,"['Low valuation', 'High profitability', 'Strong revenue growth']","['Stock appears undervalued', 'High debt risk']",9.14934,12.12,0.77619004,731.235,0.308,3,HOLD
GNA Axles Limited,GNA.NS,"['Low valuation', 'Average profitability']","['Stock appears undervalued', 'High debt risk', 'Declining revenues']",12.89861,24.46,0.11726,24.247,-0.102,-1,SELL
Gujarat Narmada Valley Fertilizers and Chemicals Limited,GNFC.NS,"['Low valuation', 'Low debt', 'Slow revenue growth']","['Stock appears undervalued', 'Weak profitability']",11.258943,43.33,0.074829996,0.15,0.027,2,HOLD
Goa Carbon Limited,GOACARBON.NS,[],"['PE data missing', 'Weak profitability', 'High debt risk', 'Declining revenues']",,-48.34,-0.21045,207.636,-0.139,-4,SELL
GOCL Corporation Limited,GOCLCORP.NS,['Low valuation'],"['Stock appears undervalued', 'Weak profitability', 'High debt risk', 'Declining revenues']",12.914069,22.46,0.052529998,5.952,-0.983,-2,SELL
Go Fashion (India) Limited,GOCOLORS.NS,"['Fair valuation', 'Average profitability', 'Slow revenue growth']",['High debt risk'],28.914371,16.35,0.12657,72.092,0.075,-2,SELL
Godavari Biorefineries Limited,GODAVARIB.NS,['Strong revenue growth'],"['Stock may be overvalued', 'Weak profitability', 'High debt risk']",73.64467,3.94,0.03571,67.931,0.342,-3,SELL
Godfrey Phillips India Limited,GODFRYPHLP.NS,['High profitability'],"['Stock may be overvalued', 'High debt risk', 'Declining revenues']",34.544563,81.79,0.24123,3.005,-0.069,-2,SELL
Go Digit General Insurance Limited,GODIGIT.NS,"['Average profitability', 'Slow revenue growth']","['Stock may be overvalued', 'High debt risk']",65.378075,5.29,0.10438,7.443,0.114,-2,SELL
Godrej Agrovet Limited,GODREJAGRO.NS,"['Fair valuation', 'Average profitability', 'Slow revenue growth']",['High debt risk'],24.982315,22.62,0.17841999,110.727,0.05,-2,SELL
Godrej Consumer Products Limited,GODREJCP.NS,"['Average profitability', 'Slow revenue growth']","['Stock may be overvalued', 'High debt risk']",67.916664,17.76,0.14976,33.818,0.043,-3,SELL
Godrej Industries Limited,GODREJIND.NS,"['Average profitability', 'Strong revenue growth']","['Stock may be overvalued', 'High debt risk']",35.16952,28.61,0.10305,212.69,0.228,-2,SELL
Godrej Properties Limited,GODREJPROP.NS,['Average profitability'],"['Stock may be overvalued', 'High debt risk', 'Declining revenues']",38.840183,51.56,0.103599995,87.886,-0.323,-4,SELL
Gokaldas Exports Limited,GOKEX.NS,['Slow revenue growth'],"['Stock may be overvalued', 'Weak profitability', 'High debt risk']",38.132324,20.48,0.074439995,46.068,0.06,-4,SELL
Gokul Refoils and Solvent Limited,GOKUL.NS,"['Fair valuation', 'Strong revenue growth']","['Weak profitability', 'High debt risk']",25.986486,1.48,0.04242,97.223,0.241,-2,SELL
Gokul Agro Resources Limited,GOKULAGRO.NS,"['Fair valuation', 'High profitability', 'Strong revenue growth']",['High debt risk'],15.729076,11.59,0.27665,48.257,0.379,1,SELL
Golden Tobacco Limited,GOLDENTOBC.NS,['Low valuation'],"['Stock appears undervalued', 'ROE data missing', 'Debt data missing', 'Declining revenues']",14.463964,2.22,,,-0.184,1,SELL
Goldiam International Limited,GOLDIAM.NS,"['Fair valuation', 'Average profitability', 'Strong revenue growth']",['High debt risk'],28.71417,12.56,0.16217,2.357,0.408,-1,SELL
AION-TECH SOLUTIONS LIMITED,GOLDTECH.NS,['Strong revenue growth'],"['Stock may be overvalued', 'Weak profitability', 'High debt risk']",41.786884,1.22,0.030669998,33.574,0.658,-3,SELL
Goodluck India Limited,GOODLUCK.NS,"['Fair valuation', 'Average profitability', 'Slow revenue growth']",['High debt risk'],20.611353,50.38,0.122609995,70.111,0.016,-2,SELL
Gopal Snacks Limited,GOPAL.NS,[],"['PE data missing', 'Weak profitability', 'High debt risk', 'Declining revenues']",,-0.51,-0.01362,14.964,-0.072,-4,SELL
Goyal Aluminiums Limited,GOYALALUM.NS,['Fair valuation'],"['Weak profitability', 'High debt risk', 'Declining revenues']",29.347826,0.23,0.08773,5.731,-0.44,-4,SELL
Godawari Power And Ispat limited,GPIL.NS,"['Fair valuation', 'Average profitability', 'Slow revenue growth']",['High debt risk'],21.007486,12.02,0.15154,3.643,0.031,-2,SELL
Gujarat Pipavav Port Limited,GPPL.NS,"['Fair valuation', 'High profitability', 'Strong revenue growth']",['High debt risk'],18.54306,9.87,0.20214,2.111,0.319,1,SELL
GPT Healthcare Limited,GPTHEALTH.NS,"['Fair valuation', 'Average profitability', 'Slow revenue growth']",['High debt risk'],25.790169,5.29,0.17914,38.278,0.125,-1,SELL
GPT Infraprojects Limited,GPTINFRA.NS,"['Fair valuation', 'Average profitability']","['High debt risk', 'Declining revenues']",15.252078,7.22,0.17287001,33.327,-0.031,-3,SELL
Granules India Limited,GRANULES.NS,"['Fair valuation', 'Average profitability', 'Strong revenue growth']",['High debt risk'],29.216753,21.13,0.13843,45.369,0.342,-1,SELL
Graphite India Limited,GRAPHITE.NS,['Slow revenue growth'],"['Stock may be overvalued', 'Weak profitability', 'High debt risk']",47.266827,12.33,0.04047,4.572,0.134,-3,SELL
Grasim Industries Limited,GRASIM.NS,['Strong revenue growth'],"['Stock may be overvalued', 'Weak profitability', 'High debt risk']",44.296494,63.61,0.058280002,126.634,0.189,-3,SELL
Gravita India Limited,GRAVITA.NS,"['High profitability', 'Slow revenue growth']","['Stock may be overvalued', 'High debt risk']",37.0486,50.62,0.22555,19.62,0.117,0,SELL
Greaves Cotton Limited,GREAVESCOT.NS,['Strong revenue growth'],"['Stock may be overvalued', 'Weak profitability', 'High debt risk']",42.25336,4.46,0.02303,12.328,0.156,-3,SELL
Greenlam Industries Limited,GREENLAM.NS,['Strong revenue growth'],"['Stock may be overvalued', 'Weak profitability', 'High debt risk']",208.54701,1.17,0.026789999,103.274,0.187,-3,SELL
Greenpanel Industries Limited,GREENPANEL.NS,['Strong revenue growth'],"['PE data missing', 'Weak profitability', 'High debt risk']",,-0.23,-0.00212,30.888,0.175,-2,SELL
Greenply Industries Limited,GREENPLY.NS,"['Average profitability', 'Slow revenue growth']","['Stock may be overvalued', 'High debt risk']",38.931187,6.83,0.10663,64.017,0.075,-3,SELL
Orient Green Power Company Limited,GREENPOWER.NS,"['Fair valuation', 'Slow revenue growth']","['Weak profitability', 'High debt risk']",19.474577,0.59,0.06626,41.218,0.056,-3,SELL
Grindwell Norton Limited,GRINDWELL.NS,"['Average profitability', 'Slow revenue growth']","['Stock may be overvalued', 'High debt risk']",45.57754,34.37,0.17528999,3.481,0.117,-2,SELL
G R Infraprojects Limited,GRINFRA.NS,"['Low valuation', 'Average profitability', 'Slow revenue growth']","['Stock appears undervalued', 'High debt risk']",8.897569,113.93,0.13016,62.543,0.149,1,SELL
GRM Overseas Limited,GRMOVER.NS,"['Average profitability', 'Slow revenue growth']","['Stock may be overvalued', 'High debt risk']",54.04839,3.1,0.15576,44.143,0.149,-2,SELL
The Grob Tea Company Limited,GROBTEA.NS,[],"['PE data missing', 'Weak profitability', 'High debt risk', 'Declining revenues']",,-7.08,-0.00775,14.11,-0.243,-4,SELL
Billionbrains Garage Ventures Limited,GROWW.NS,[],"['Stock may be overvalued', 'ROE data missing', 'High debt risk', 'Declining revenues']",54.531353,3.03,,4.986,-0.098,-4,SELL
GRP Limited,GRPLTD.NS,"['Average profitability', 'Slow revenue growth']","['Stock may be overvalued', 'High debt risk']",32.778854,51.64,0.15809,112.442,0.005,-3,SELL
Garden Reach Shipbuilders & Engineers Limited,GRSE.NS,"['High profitability', 'Strong revenue growth']","['Stock may be overvalued', 'High debt risk']",46.44957,53.74,0.29792,1.393,0.455,0,SELL
Garware Hi-Tech Films Limited,GRWRHITECH.NS,"['Fair valuation', 'Average profitability']","['Moderate debt level', 'Declining revenues']",23.28235,134.69,0.13212,0.734,-0.082,-1,SELL
Gujarat State Fertilizers & Chemicals Limited,GSFC.NS,"['Low valuation', 'Low debt', 'Strong revenue growth']","['Stock appears undervalued', 'Weak profitability']",10.616945,16.76,0.051609997,0.011,0.21,3,HOLD
Global Surfaces Limited,GSLSU.NS,['Strong revenue growth'],"['PE data missing', 'Weak profitability', 'High debt risk']",,-6.13,-0.085260004,71.035,0.151,-2,SELL
Gujarat State Petronet Limited,GSPL.NS,"['Fair valuation', 'Average profitability', 'Slow revenue growth']",['Moderate debt level'],16.274672,18.24,0.10007,0.876,0.004,0,SELL
GSS Infotech Limited,GSS.NS,[],"['PE data missing', 'Weak profitability', 'High debt risk', 'Declining revenues']",,-1.08,-0.0081,41.074,-0.383,-4,SELL
G-TEC JAINX EDUCATION LIMITED,GTECJAINX.NS,[],"['PE data missing', 'Weak profitability', 'High debt risk', 'Declining revenues']",,-3.35,-0.98508,62.029,-0.007,-4,SELL
GTL Limited,GTL.NS,[],"['PE data missing', 'ROE data missing', 'Debt data missing', 'Declining revenues']",,-3.47,,,-0.207,-1,SELL
GTL Infrastructure Limited,GTLINFRA.NS,['Slow revenue growth'],"['PE data missing', 'ROE data missing', 'Debt data missing']",,-0.68,,,0.06,0,SELL
GTPL Hathway Limited,GTPL.NS,"['Fair valuation', 'Slow revenue growth']","['Weak profitability', 'High debt risk']",27.493076,3.61,0.02762,29.458,0.119,-2,SELL
Gufic Biosciences Limited,GUFICBIO.NS,['Strong revenue growth'],"['Stock may be overvalued', 'Weak profitability', 'High debt risk']",58.758804,5.68,0.094440006,58.497,0.161,-3,SELL
Gujarat Alkalies and Chemicals Limited,GUJALKALI.NS,['Slow revenue growth'],"['Stock may be overvalued', 'Weak profitability', 'High debt risk']",inf,0.0,3.0000001e-05,11.429,0.093,-4,SELL
Gujarat Apollo Industries Limited,GUJAPOLLO.NS,['Strong revenue growth'],"['PE data missing', 'Weak profitability', 'High debt risk']",,-2.53,-0.0083099995,9.248,0.311,-2,SELL
Gujarat Gas Limited,GUJGASLTD.NS,"['Fair valuation', 'Average profitability']","['High debt risk', 'Declining revenues']",24.291,16.22,0.1339,1.739,-0.0,-2,SELL
Gujarat Raffia Industries Limited,GUJRAFFIA.NS,"['Fair valuation', 'Strong revenue growth']","['Weak profitability', 'High debt risk']",24.289856,2.07,0.032899998,10.054,3.773,-2,SELL
Gujarat Themis Biosyn Limited,GUJTHEM.NS,"['Average profitability', 'Strong revenue growth']","['Stock may be overvalued', 'High debt risk']",100.29411,4.42,0.19798,27.036,0.22,-2,SELL
Gulf Oil Lubricants India Limited,GULFOILLUB.NS,"['Fair valuation', 'High profitability', 'Slow revenue growth']",['High debt risk'],15.96997,74.59,0.23413,29.566,0.119,1,SELL
GP Petroleums Limited,GULFPETRO.NS,"['Low valuation', 'Strong revenue growth']","['Stock appears undervalued', 'Weak profitability', 'High debt risk']",6.694184,5.33,0.08311,4.622,0.216,0,SELL
Gulshan Polyols Limited,GULPOLY.NS,"['Fair valuation', 'Strong revenue growth']","['Weak profitability', 'High debt risk']",20.47145,6.83,0.06865,70.759,0.23,-2,SELL
GVK Power & Infrastructure Limited,GVKPIL.NS,[],"['PE data missing', 'Weak profitability', 'Debt data missing', 'Declining revenues']",,-6.21,-2.7135599,,-0.997,-2,SELL
GE Power India Limited,GVPIL.NS,['Strong revenue growth'],"['Stock may be overvalued', 'Weak profitability', 'High debt risk']",41.579975,7.69,0.07482,5.207,0.29,-3,SELL
GVP Infotech Limited,GVPTECH.NS,['Strong revenue growth'],"['PE data missing', 'Weak profitability', 'Debt data missing']",,-5.25,-0.71369004,,3.674,0,SELL
GE Vernova T&D India Limited,GVT&D.NS,"['High profitability', 'Strong revenue growth']","['Stock may be overvalued', 'High debt risk']",85.221855,36.06,0.53129,1.46,0.389,0,SELL
Hindustan Aeronautics Limited,HAL.NS,"['High profitability', 'Low debt', 'Slow revenue growth']",['Stock may be overvalued'],34.86912,126.45,0.24792999,0.031,0.109,3,HOLD
HALEOS LABS LIMITED,HALEOSLABS.NS,"['Fair valuation', 'Slow revenue growth']","['Weak profitability', 'High debt risk']",20.208704,61.81,0.08992,31.368,0.037,-3,SELL
Happiest Minds Technologies Limited,HAPPSTMNDS.NS,"['Average profitability', 'Strong revenue growth']","['Stock may be overvalued', 'Debt data missing']",36.811874,12.97,0.12388,,0.358,0,SELL
Happy Forgings Limited,HAPPYFORGE.NS,"['Average profitability', 'Slow revenue growth']","['Stock may be overvalued', 'High debt risk']",37.802082,28.8,0.14789,9.832,0.045,-3,SELL
Hardwyn India Limited,HARDWYN.NS,[],"['Stock may be overvalued', 'Weak profitability', 'High debt risk', 'Declining revenues']",63.642857,0.28,0.03462,1.527,-0.019,-5,SELL
Hariom Pipe Industries Limited,HARIOMPIPE.NS,"['Fair valuation', 'Average profitability', 'Slow revenue growth']",['High debt risk'],17.248388,20.17,0.10823,69.094,0.069,-2,SELL
Harrisons  Malayalam Limited,HARRMALAYA.NS,"['Low valuation', 'Average profitability']","['Stock appears undervalued', 'High debt risk', 'Declining revenues']",10.326491,15.59,0.18898001,68.843,-0.021,-1,SELL
Harsha Engineers International Limited,HARSHA.NS,['Slow revenue growth'],"['Stock may be overvalued', 'Weak profitability', 'High debt risk']",34.704525,10.83,0.07755,24.121,0.073,-4,SELL
Hathway Cable & Datacom Limited,HATHWAY.NS,"['Fair valuation', 'Low debt', 'Slow revenue growth']",['Weak profitability'],22.89091,0.55,0.02229,0.212,0.047,0,SELL
Hatsun Agro Product Limited,HATSUN.NS,"['Average profitability', 'Strong revenue growth']","['Stock may be overvalued', 'High debt risk']",65.74813,14.77,0.19368,109.967,0.172,-2,SELL
Havells India Limited,HAVELLS.NS,"['Average profitability', 'Slow revenue growth']","['Stock may be overvalued', 'High debt risk']",60.710613,23.36,0.17709999,3.292,0.053,-3,SELL
Sri Havisha Hospitality and Infrastructure Limited,HAVISHA.NS,[],"['PE data missing', 'Weak profitability', 'High debt risk', 'Declining revenues']",,-0.2,-0.23645,208.219,-0.297,-4,SELL
HBL Engineering Limited,HBLENGINE.NS,"['High profitability', 'Strong revenue growth']","['Stock may be overvalued', 'High debt risk']",38.852814,23.1,0.38127,4.396,1.347,0,SELL
HB Stockholdings Limited,HBSL.NS,[],"['PE data missing', 'Weak profitability', 'High debt risk', 'Declining revenues']",,-22.03,-0.15645,13.379,-0.796,-4,SELL
Hindustan Construction Company Limited,HCC.NS,"['Fair valuation', 'High profitability']","['High debt risk', 'Declining revenues']",26.600002,0.7,0.22076,147.434,-0.317,-1,SELL
Healthcare Global Enterprises Limited,HCG.NS,['Strong revenue growth'],"['Stock may be overvalued', 'Weak profitability', 'High debt risk']",267.8486,2.51,0.04335,177.905,0.169,-3,SELL
HCL Infosystems Limited,HCL-INSYS.NS,[],"['PE data missing', 'ROE data missing', 'Debt data missing', 'Declining revenues']",,-0.58,,,-0.253,-1,SELL
HCL Technologies Limited,HCLTECH.NS,"['Fair valuation', 'High profitability', 'Slow revenue growth']",['High debt risk'],26.51924,62.63,0.24326,9.495,0.058,0,SELL
HDB Financial Services Limited,HDBFS.NS,"['Fair valuation', 'Average profitability']","['High debt risk', 'Declining revenues']",29.169231,26.0,0.12581,468.269,-0.144,-3,SELL
HDFC Asset Management Company Limited,HDFCAMC.NS,"['High profitability', 'Slow revenue growth']","['Stock may be overvalued', 'Debt data missing']",41.356037,64.01,0.37780997,,0.062,1,SELL
HDFC Bank Limited,HDFCBANK.NS,"['Fair valuation', 'Average profitability']","['Debt data missing', 'Declining revenues']",22.557981,43.98,0.108430006,,-0.072,-1,SELL
HDFC Life Insurance Company Limited,HDFCLIFE.NS,['Average profitability'],"['Stock may be overvalued', 'High debt risk', 'Declining revenues']",85.4395,8.76,0.11649,13.88,-0.275,-4,SELL
Housing Development and Infrastructure Limited,HDIL.NS,['Strong revenue growth'],"['Stock may be overvalued', 'ROE data missing', 'Debt data missing']",inf,0.0,,,0.796,0,SELL
Heads UP Ventures Limited,HEADSUP.NS,"['Low valuation', 'High profitability']","['Stock appears undervalued', 'Debt data missing', 'Revenue growth data missing']",4.017544,2.28,0.30604,,,4,BUY
HEC Infra Projects Limited,HECPROJECT.NS,"['Low valuation', 'High profitability', 'Strong revenue growth']","['Stock appears undervalued', 'High debt risk']",13.407489,9.08,0.22955999,73.815,1.021,3,HOLD
HEG Limited,HEG.NS,['Strong revenue growth'],"['Stock may be overvalued', 'Weak profitability', 'High debt risk']",41.838562,13.38,0.05661,13.812,0.232,-3,SELL
HeidelbergCement India Limited,HEIDELBERG.NS,['Slow revenue growth'],"['Stock may be overvalued', 'Weak profitability', 'High debt risk']",30.566902,5.68,0.097229995,5.868,0.109,-3,SELL
Hemisphere Properties India Limited,HEMIPROP.NS,['Slow revenue growth'],"['PE data missing', 'Weak profitability', 'High debt risk']",,-0.33,-0.024349999,20.011,0.046,-3,SELL
Heranba Industries Limited,HERANBA.NS,['Strong revenue growth'],"['PE data missing', 'Weak profitability', 'High debt risk']",,-11.76,-0.0546,60.274,0.193,-2,SELL
HERCULES INVESTMENTS LIMITED,HERCULES.NS,[],"['Stock may be overvalued', 'Weak profitability', 'Debt data missing', 'Revenue growth data missing']",63.40081,2.47,0.00913,,,-2,SELL
Heritage Foods Limited,HERITGFOOD.NS,"['Fair valuation', 'Average profitability', 'Slow revenue growth']",['High debt risk'],24.283798,18.64,0.17846,21.029,0.091,-2,SELL
Hero MotoCorp Limited,HEROMOTOCO.NS,"['Fair valuation', 'High profitability', 'Strong revenue growth']",['High debt risk'],21.365221,263.84,0.26332,3.395,0.166,1,SELL
Hester Biosciences Limited,HESTERBIO.NS,['Average profitability'],"['Stock may be overvalued', 'High debt risk', 'Declining revenues']",31.20771,50.84,0.13401,60.852,-0.057,-4,SELL
Heubach Colorants India Limited,HEUBACHIND.NS,"['Fair valuation', 'Average profitability']","['High debt risk', 'Declining revenues']",18.079245,26.5,0.11647,4.325,-0.162,-3,SELL
Hexa Tradex Limited,HEXATRADEX.NS,"['Low debt', 'Slow revenue growth']","['Stock may be overvalued', 'Weak profitability']",41.42636,3.87,0.00435,0.412,0.016,-1,SELL
Hexaware Technologies Limited,HEXT.NS,"['High profitability', 'Slow revenue growth']","['Stock may be overvalued', 'High debt risk']",33.121693,22.68,0.24176,10.008,0.111,0,SELL
HFCL Limited,HFCL.NS,[],"['Stock may be overvalued', 'Weak profitability', 'High debt risk', 'Declining revenues']",279.4091,0.22,0.00759,41.391,-0.046,-5,SELL
H.G. Infra Engineering Limited,HGINFRA.NS,"['Low valuation', 'Average profitability', 'Slow revenue growth']","['Stock appears undervalued', 'High debt risk']",12.309632,63.43,0.14265001,182.684,0.002,0,SELL
HandsOn Global Management (HGM) Limited,HGM.NS,"['Fair valuation', 'High profitability', 'Strong revenue growth']",['High debt risk'],17.898964,3.86,0.20697,100.637,2.394,1,SELL
Hinduja Global Solutions Limited,HGS.NS,['Slow revenue growth'],"['PE data missing', 'Weak profitability', 'High debt risk']",,-12.55,-0.0105,23.446,0.004,-3,SELL
Hikal Limited,HIKAL.NS,[],"['Stock may be overvalued', 'Weak profitability', 'High debt risk', 'Declining revenues']",288.8642,0.81,0.00842,57.213,-0.297,-5,SELL
Highway Infrastructure Limited,HILINFRA.NS,['Low valuation'],"['Stock appears undervalued', 'ROE data missing', 'High debt risk', 'Declining revenues']",12.946189,4.46,,27.666,-0.021,-1,SELL
Hilton Metal Forging Limited,HILTON.NS,"['Fair valuation', 'Strong revenue growth']","['Weak profitability', 'High debt risk']",15.494381,2.67,0.059910003,58.483,1.003,-2,SELL
Himatsingka Seide Limited,HIMATSEIDE.NS,['Fair valuation'],"['Weak profitability', 'High debt risk', 'Declining revenues']",17.036926,6.77,0.04676,121.696,-0.093,-4,SELL
Hindalco Industries Limited,HINDALCO.NS,"['Low valuation', 'Average profitability', 'Slow revenue growth']","['Stock appears undervalued', 'High debt risk']",10.927642,79.88,0.14206,57.571,0.135,1,SELL
Hindustan Composites Limited,HINDCOMPOS.NS,"['Fair valuation', 'Low debt', 'Strong revenue growth']",['Weak profitability'],21.989594,20.18,0.0269,0.307,0.151,1,SELL
Hindcon Chemicals Limited,HINDCON.NS,"['Fair valuation', 'Strong revenue growth']","['Weak profitability', 'High debt risk']",27.2,1.0,0.07241,10.848,0.182,-2,SELL
Hindustan Copper Limited,HINDCOPPER.NS,"['High profitability', 'Strong revenue growth']","['Stock may be overvalued', 'High debt risk']",80.74703,5.89,0.21079999,4.776,0.382,0,SELL
Hindustan Oil Exploration Company Limited,HINDOILEXP.NS,"['Low valuation', 'Average profitability', 'Strong revenue growth']","['Stock appears undervalued', 'High debt risk']",14.510777,10.67,0.10882,5.622,2.323,1,SELL
Hindustan Petroleum Corporation Limited,HINDPETRO.NS,"['Low valuation', 'High profitability', 'Slow revenue growth']","['Stock appears undervalued', 'High debt risk']",7.14373,65.47,0.27104,110.909,0.009,2,HOLD
Hindustan Unilever Limited,HINDUNILVR.NS,"['High profitability', 'Slow revenue growth']","['Stock may be overvalued', 'High debt risk']",49.328724,46.33,0.21819,3.611,0.02,-1,SELL
Hindware Home Innovation Limited,HINDWAREAP.NS,['Slow revenue growth'],"['PE data missing', 'Weak profitability', 'High debt risk']",,-9.38,-0.11132,119.294,0.063,-3,SELL
Hindustan Zinc Limited,HINDZINC.NS,"['Fair valuation', 'High profitability', 'Slow revenue growth']",['High debt risk'],25.484194,24.99,0.99113,88.173,0.035,0,SELL
Hind Rectifiers Limited,HIRECT.NS,"['High profitability', 'Strong revenue growth']","['Stock may be overvalued', 'High debt risk']",54.804348,27.6,0.288,109.187,0.37,0,SELL
Hisar Metal Industries Limited,HISARMETAL.NS,[],"['Stock may be overvalued', 'Weak profitability', 'High debt risk', 'Declining revenues']",35.232964,4.55,0.03909,106.756,-0.081,-5,SELL
Hi-Tech Pipes Limited,HITECH.NS,"['Fair valuation', 'Strong revenue growth']","['Weak profitability', 'High debt risk']",23.856398,3.83,0.07616,20.944,0.217,-2,SELL
Hitech Corporation Limited,HITECHCORP.NS,"['Fair valuation', 'Slow revenue growth']","['Weak profitability', 'High debt risk']",26.714285,6.51,0.04093,47.479,0.122,-2,SELL
The Hi-Tech Gears Limited,HITECHGEAR.NS,[],"['Stock may be overvalued', 'Weak profitability', 'High debt risk', 'Declining revenues']",45.711464,15.18,0.05788,36.226,-0.023,-5,SELL
HLE Glascoat Limited,HLEGLAS.NS,"['Average profitability', 'Strong revenue growth']","['Stock may be overvalued', 'High debt risk']",41.962086,10.55,0.13395001,65.063,0.488,-2,SELL
HLV LIMITED,HLVLTD.NS,[],"['Stock may be overvalued', 'Weak profitability', 'High debt risk', 'Declining revenues']",80.91667,0.12,0.016900001,8.381,-0.174,-5,SELL
HMA Agro Industries Limited,HMAAGRO.NS,"['Fair valuation', 'Average profitability', 'Strong revenue growth']",['High debt risk'],16.639536,1.72,0.14912,70.83,0.458,-1,SELL
HMT Limited,HMT.NS,[],"['PE data missing', 'ROE data missing', 'Debt data missing', 'Declining revenues']",,-4.32,,,-0.379,-1,SELL
Hindustan Media Ventures Limited,HMVL.NS,"['Low valuation', 'Slow revenue growth']","['Stock appears undervalued', 'Weak profitability', 'High debt risk']",6.138083,11.37,0.054920003,5.327,0.145,0,SELL
Hindustan Foods Limited,HNDFDS.NS,"['Average profitability', 'Strong revenue growth']","['Stock may be overvalued', 'High debt risk']",48.10232,10.75,0.14484,86.577,0.176,-2,SELL
Home First Finance Company India Limited,HOMEFIRST.NS,"['Fair valuation', 'Average profitability', 'Strong revenue growth']",['High debt risk'],24.066883,46.35,0.14366001,240.452,0.353,-1,SELL
Honasa Consumer Limited,HONASA.NS,"['Average profitability', 'Strong revenue growth']","['Stock may be overvalued', 'High debt risk']",66.77861,4.02,0.10981,11.184,0.165,-2,SELL
Honeywell Automation India Limited,HONAUT.NS,"['Average profitability', 'Slow revenue growth']","['Stock may be overvalued', 'High debt risk']",56.433277,584.85,0.12968999,2.215,0.123,-2,SELL
Honda India Power Products Limited,HONDAPOWER.NS,['Low debt'],"['Stock may be overvalued', 'Weak profitability', 'Declining revenues']",31.10948,74.81,0.096099995,0.008,-0.009,-2,SELL
HP Adhesives Limited,HPAL.NS,"['Fair valuation', 'Slow revenue growth']","['Weak profitability', 'High debt risk']",24.158192,1.77,0.08885,1.13,0.104,-2,SELL
Hindprakash Industries Limited,HPIL.NS,['Strong revenue growth'],"['Stock may be overvalued', 'Weak profitability', 'High debt risk']",157.40477,0.84,0.01865,73.098,0.544,-3,SELL
HPL Electric & Power Limited,HPL.NS,"['Fair valuation', 'Average profitability', 'Slow revenue growth']",['High debt risk'],26.991953,14.91,0.10538,77.475,0.029,-2,SELL
Himadri Speciality Chemical Limited,HSCL.NS,['Average profitability'],"['Stock may be overvalued', 'High debt risk', 'Declining revenues']",36.61229,13.18,0.17351,21.091,-0.058,-4,SELL
HT Media Limited,HTMEDIA.NS,['Slow revenue growth'],"['Stock may be overvalued', 'Weak profitability', 'High debt risk']",30.776316,0.76,0.01597,39.322,0.065,-4,SELL
Hubtown Limited,HUBTOWN.NS,"['Fair valuation', 'Strong revenue growth']","['Weak profitability', 'High debt risk']",26.878546,8.81,0.05424,39.557,1.107,-2,SELL
Housing & Urban Development Corporation Limited,HUDCO.NS,"['Fair valuation', 'Average profitability', 'Slow revenue growth']",['High debt risk'],15.842031,13.99,0.15944,705.764,0.022,-2,SELL
Huhtamaki India Limited,HUHTAMAKI.NS,['Fair valuation'],"['ROE data missing', 'High debt risk', 'Declining revenues']",15.819561,13.19,,12.134,-0.043,-3,SELL
Hybrid Financial Services Limited,HYBRIDFIN.NS,"['Fair valuation', 'Slow revenue growth']","['Weak profitability', 'High debt risk']",18.045872,1.09,0.07477,1.604,0.027,-3,SELL
Hyundai Motor India Limited,HYUNDAI.NS,"['High profitability', 'Slow revenue growth']","['Stock may be overvalued', 'High debt risk']",32.974857,70.39,0.36782002,4.892,0.012,-1,SELL
Indiabulls Limited,IBULLSLTD.NS,[],"['PE data missing', 'Weak profitability', 'High debt risk', 'Revenue growth data missing']",,-6.35,0.08554,17.554,,-3,SELL
ICDS Limited,ICDSLTD.NS,[],"['Stock may be overvalued', 'ROE data missing', 'Debt data missing', 'Revenue growth data missing']",50.73256,0.86,,,,-1,SELL
Ice Make Refrigeration Limited,ICEMAKE.NS,"['Average profitability', 'Strong revenue growth']","['Stock may be overvalued', 'High debt risk']",85.77801,9.64,0.13062,139.699,0.427,-2,SELL
ICICI Prudential Asset Management Company Limited,ICICIAMC.NS,[],"['Stock may be overvalued', 'ROE data missing', 'Debt data missing', 'Revenue growth data missing']",44.265278,,,,,-1,SELL
ICICI Bank Limited,ICICIBANK.NS,"['Fair valuation', 'Average profitability', 'Slow revenue growth']",['Debt data missing'],18.155418,74.38,0.17599002,,0.079,0,SELL
ICICI Lombard General Insurance Company Limited,ICICIGI.NS,"['Average profitability', 'Slow revenue growth']","['Stock may be overvalued', 'Debt data missing']",34.796574,56.04,0.17802,,0.126,0,SELL
ICICI Prudential Life Insurance Company Limited,ICICIPRULI.NS,['Average profitability'],"['Stock may be overvalued', 'High debt risk', 'Declining revenues']",72.21667,9.0,0.10762,22.675,-0.524,-4,SELL
Indo Count Industries Limited,ICIL.NS,['Slow revenue growth'],"['Stock may be overvalued', 'Weak profitability', 'High debt risk']",31.539377,8.38,0.07362,53.871,0.025,-4,SELL
ICRA Limited,ICRA.NS,"['Average profitability', 'Slow revenue growth']","['Stock may be overvalued', 'High debt risk']",31.41899,195.28,0.18423,1.121,0.083,-3,SELL
IDBI Bank Limited,IDBI.NS,"['Low valuation', 'Average profitability', 'Strong revenue growth']","['Stock appears undervalued', 'Debt data missing']",11.732638,8.64,0.15128,,0.298,3,HOLD
Vodafone Idea Limited,IDEA.NS,['Slow revenue growth'],"['PE data missing', 'ROE data missing', 'Debt data missing']",,-3.08,,,0.023,0,SELL
Ideaforge Technology Limited,IDEAFORGE.NS,['Slow revenue growth'],"['PE data missing', 'Weak profitability', 'High debt risk']",,-21.41,-0.15204,7.632,0.099,-3,SELL
IDFC First Bank Limited,IDFCFIRSTB.NS,['Strong revenue growth'],"['Stock may be overvalued', 'Weak profitability', 'Debt data missing']",46.51366,1.83,0.03441,,0.161,-1,SELL
Indian Energy Exchange Limited,IEX.NS,"['Fair valuation', 'High profitability', 'Low debt', 'Slow revenue growth']",[],25.685009,5.27,0.40870997,0.299,0.092,3,HOLD
IFB Agro Industries Limited,IFBAGRO.NS,"['Fair valuation', 'Strong revenue growth']","['Weak profitability', 'High debt risk']",25.046122,55.29,0.08474,13.624,0.507,-2,SELL
IFB Industries Limited,IFBIND.NS,"['Average profitability', 'Slow revenue growth']","['Stock may be overvalued', 'High debt risk']",51.23327,31.38,0.14816,18.143,0.124,-2,SELL
IFCI Limited,IFCI.NS,['Slow revenue growth'],"['Stock may be overvalued', 'Weak profitability', 'High debt risk']",37.356644,1.43,0.048839998,22.625,0.145,-3,SELL
IFGL Refractories Limited,IFGLEXPOR.NS,['Strong revenue growth'],"['Stock may be overvalued', 'Weak profitability', 'High debt risk']",49.213074,4.13,0.02654,19.053,0.189,-3,SELL
Igarashi Motors India Limited,IGARASHI.NS,['Slow revenue growth'],"['Stock may be overvalued', 'Weak profitability', 'High debt risk']",91.27066,4.84,0.03302,30.826,0.014,-4,SELL
Indogulf Cropsciences Limited,IGCL.NS,"['Low valuation', 'Slow revenue growth']","['Stock appears undervalued', 'ROE data missing', 'High debt risk']",14.972629,5.48,,47.136,0.07,0,SELL
International Gemmological Institute (India) Limited,IGIL.NS,"['Fair valuation', 'Strong revenue growth']","['ROE data missing', 'High debt risk']",28.365791,11.81,,10.626,0.214,-1,SELL
Indraprastha Gas Limited,IGL.NS,"['Fair valuation', 'Average profitability', 'Slow revenue growth']",['Moderate debt level'],16.99122,11.39,0.14575,0.903,0.088,0,SELL
IG Petrochemicals Limited,IGPL.NS,[],"['Stock may be overvalued', 'Weak profitability', 'High debt risk', 'Declining revenues']",37.182762,10.56,0.025,30.804,-0.202,-5,SELL
IIFL Finance Limited,IIFL.NS,['Strong revenue growth'],"['Stock may be overvalued', 'Weak profitability', 'High debt risk']",30.067736,19.93,0.07253,401.134,0.198,-3,SELL
IIFL Capital Services Limited,IIFLCAPS.NS,"['Fair valuation', 'High profitability']","['High debt risk', 'Declining revenues']",18.375706,17.7,0.23265,61.874,-0.247,-1,SELL
Industrial Investment Trust Limited,IITL.NS,[],"['PE data missing', 'Weak profitability', 'Moderate debt level', 'Revenue growth data missing']",,-2.53,-0.010369999,0.692,,-1,SELL
IKIO Technologies Limited,IKIO.NS,['Strong revenue growth'],"['Stock may be overvalued', 'Weak profitability', 'High debt risk']",73.69354,2.48,0.03612,10.202,0.313,-3,SELL
Inventurus Knowledge Solutions Limited,IKS.NS,"['High profitability', 'Strong revenue growth']","['Stock may be overvalued', 'High debt risk']",47.54945,36.4,0.33706,34.186,0.215,0,SELL
IL&FS Engineering and Construction Company Limited,IL&FSENGG.NS,[],"['PE data missing', 'ROE data missing', 'Debt data missing', 'Declining revenues']",,-0.12,,,-0.172,-1,SELL
IL&FS Transportation Networks Limited,IL&FSTRANS.NS,['Strong revenue growth'],"['PE data missing', 'ROE data missing', 'High debt risk']",,-18.89,,385.701,0.76,-1,SELL
Imagicaaworld Entertainment Limited,IMAGICAA.NS,['Slow revenue growth'],"['Stock may be overvalued', 'Weak profitability', 'High debt risk']",105.53488,0.43,0.01972,15.4,0.046,-4,SELL
Indian Metals & Ferro Alloys Limited,IMFA.NS,"['Fair valuation', 'Average profitability', 'Slow revenue growth']",['High debt risk'],23.251595,61.17,0.13628,17.281,0.039,-2,SELL
India Motor Parts and Accessories Limited,IMPAL.NS,"['Fair valuation', 'Slow revenue growth']","['Weak profitability', 'Debt data missing']",15.081897,68.99,0.0339,,0.044,-1,SELL
Impex Ferro Tech Limited,IMPEXFERRO.NS,[],"['PE data missing', 'ROE data missing', 'Debt data missing', 'Revenue growth data missing']",,-0.83,,,,0,SELL
INCREDIBLE INDUSTRIES LIMITED,INCREDIBLE.NS,"['Low valuation', 'Strong revenue growth']","['Stock appears undervalued', 'Weak profitability', 'High debt risk']",13.043334,3.0,0.098120004,11.937,0.171,0,SELL
Indbank Merchant Banking Services Limited,INDBANK.NS,['Fair valuation'],"['Weak profitability', 'High debt risk', 'Declining revenues']",24.549297,1.42,0.068169996,3.198,-0.226,-4,SELL
Indegene Limited,INDGN.NS,"['Fair valuation', 'Average profitability', 'Strong revenue growth']",['High debt risk'],28.086885,18.53,0.17062001,4.257,0.171,-1,SELL
The Indian Hotels Company Limited,INDHOTEL.NS,"['Average profitability', 'Slow revenue growth']","['Stock may be overvalued', 'High debt risk']",62.466213,11.84,0.15217,25.013,0.124,-2,SELL
The India Cements Limited,INDIACEM.NS,['Slow revenue growth'],"['Stock may be overvalued', 'Weak profitability', 'High debt risk']",420.28574,1.05,0.00415,13.307,0.083,-4,SELL
India Glycols Limited,INDIAGLYCO.NS,"['Fair valuation', 'Average profitability', 'Slow revenue growth']",['High debt risk'],24.55545,41.84,0.114420004,85.85,0.136,-1,SELL
Indiamart Intermesh Limited,INDIAMART.NS,"['Fair valuation', 'High profitability', 'Slow revenue growth']",['High debt risk'],24.775852,89.45,0.26791,1.325,0.125,1,SELL
Indian Bank,INDIANB.NS,"['Low valuation', 'Average profitability', 'Slow revenue growth']","['Stock appears undervalued', 'Debt data missing']",9.300478,83.7,0.15754,,0.1,2,HOLD
Indian Card Clothing Company Limited,INDIANCARD.NS,['Low valuation'],"['Stock appears undervalued', 'Weak profitability', 'High debt risk', 'Declining revenues']",5.642125,41.97,0.07462,1.437,-0.045,-2,SELL
Indian Hume Pipe Company Limited,INDIANHUME.NS,"['Low valuation', 'High profitability', 'Slow revenue growth']","['Stock appears undervalued', 'High debt risk']",3.839368,108.26,0.5034,35.77,0.029,2,HOLD
India Shelter Finance Corporation Limited,INDIASHLTR.NS,"['Fair valuation', 'Average profitability', 'Strong revenue growth']",['High debt risk'],20.279028,39.96,0.16498,188.395,0.309,-1,SELL
InterGlobe Aviation Limited,INDIGO.NS,"['High profitability', 'Slow revenue growth']","['Stock may be overvalued', 'High debt risk']",38.404484,132.12,0.82192004,866.462,0.093,-1,SELL
Indigo Paints Limited,INDIGOPNTS.NS,"['Average profitability', 'Slow revenue growth']","['Stock may be overvalued', 'High debt risk']",37.433598,30.12,0.14421,2.232,0.042,-3,SELL
Indiqube Spaces Limited,INDIQUBE.NS,['Strong revenue growth'],"['PE data missing', 'ROE data missing', 'High debt risk']",,-5.33,,866.823,0.388,-1,SELL
India Nippon Electricals Limited,INDNIPPON.NS,"['Fair valuation', 'Average profitability', 'Low debt', 'Strong revenue growth']",[],20.690266,39.55,0.12327,0.212,0.299,2,HOLD
Indo Amines Limited,INDOAMIN.NS,"['Low valuation', 'High profitability', 'Slow revenue growth']","['Stock appears undervalued', 'High debt risk']",13.366943,9.62,0.21325001,85.051,0.029,2,HOLD
Indo Borax & Chemicals Limited,INDOBORAX.NS,"['Fair valuation', 'Average profitability', 'Low debt', 'Strong revenue growth']",[],18.554697,14.26,0.13535,0.009,0.527,2,HOLD
Indoco Remedies Limited,INDOCO.NS,['Slow revenue growth'],"['PE data missing', 'Weak profitability', 'High debt risk']",,-12.04,-0.111770004,102.504,0.12,-2,SELL
Indo Farm Equipment Limited,INDOFARM.NS,['Strong revenue growth'],"['Stock may be overvalued', 'ROE data missing', 'High debt risk']",32.74055,5.82,,33.236,0.207,-2,SELL
Indo Rama Synthetics (India) Limited,INDORAMA.NS,"['Low valuation', 'High profitability', 'Strong revenue growth']","['Stock appears undervalued', 'High debt risk']",8.939227,5.43,0.37839,245.505,0.284,3,HOLD
IndoStar Capital Finance Limited,INDOSTAR.NS,"['Low valuation', 'Average profitability']","['Stock appears undervalued', 'High debt risk', 'Declining revenues']",5.9304757,40.13,0.15514,142.897,-0.049,-1,SELL
Indo Tech Transformers Limited,INDOTECH.NS,"['Fair valuation', 'High profitability', 'Strong revenue growth']",['High debt risk'],19.563461,79.26,0.29797,3.617,0.251,1,SELL
Indo Thai Securities Limited,INDOTHAI.NS,"['Average profitability', 'Strong revenue growth']","['Stock may be overvalued', 'High debt risk']",191.90057,1.71,0.13649,1.429,1.582,-2,SELL
Indo Us Biotech Limited,INDOUS.NS,"['Low valuation', 'High profitability', 'Strong revenue growth']","['Stock appears undervalued', 'High debt risk']",14.643365,8.44,0.21531999,31.895,0.391,3,HOLD
Indowind Energy Limited,INDOWIND.NS,['Strong revenue growth'],"['Stock may be overvalued', 'Weak profitability', 'High debt risk']",78.55556,0.18,0.00693,6.286,0.316,-3,SELL
Indraprastha Medical Corporation Limited,INDRAMEDCO.NS,"['Fair valuation', 'High profitability', 'Slow revenue growth']",['High debt risk'],23.927073,19.06,0.29547,4.76,0.089,0,SELL
Ind-Swift Laboratories Limited,INDSWFTLAB.NS,"['Low valuation', 'High profitability', 'Strong revenue growth']","['Stock appears undervalued', 'High debt risk']",2.825255,32.39,0.20142001,1.687,11.767,3,HOLD
Indian Terrain Fashions Limited,INDTERRAIN.NS,['Strong revenue growth'],"['PE data missing', 'Weak profitability', 'High debt risk']",,-2.41,-0.07118,59.773,0.176,-2,SELL
IndusInd Bank Limited,INDUSINDBK.NS,[],"['PE data missing', 'Weak profitability', 'Debt data missing', 'Declining revenues']",,-9.75,-0.01161,,-0.4,-2,SELL
Indus Towers Limited,INDUSTOWER.NS,"['Low valuation', 'High profitability', 'Slow revenue growth']","['Stock appears undervalued', 'High debt risk']",11.846784,35.44,0.29018998,58.026,0.097,2,HOLD
Infibeam Avenues Limited,INFIBEAM.NS,"['Fair valuation', 'Strong revenue growth']","['Weak profitability', 'High debt risk']",21.223684,0.76,0.0612,1.811,0.933,-2,SELL
InfoBeans Technologies Limited,INFOBEAN.NS,"['Fair valuation', 'Average profitability', 'Strong revenue growth']",['High debt risk'],29.93098,26.08,0.18615,4.124,0.276,-1,SELL
Infomedia Press Limited,INFOMEDIA.NS,[],"['PE data missing', 'ROE data missing', 'Debt data missing', 'Revenue growth data missing']",,-0.45,,,,0,SELL
Infosys Limited,INFY.NS,"['Fair valuation', 'High profitability', 'Slow revenue growth']",['High debt risk'],23.3155,71.03,0.29026,8.437,0.037,0,SELL
Ingersoll Rand (India) Limited,INGERRAND.NS,['High profitability'],"['Stock may be overvalued', 'High debt risk', 'Declining revenues']",40.19077,83.87,0.4105,1.509,-0.001,-2,SELL
Innova Captab Limited,INNOVACAP.NS,"['Average profitability', 'Strong revenue growth']","['Stock may be overvalued', 'High debt risk']",32.66682,21.73,0.12989001,32.951,0.195,-2,SELL
Innovana Thinklabs Limited,INNOVANA.NS,"['Fair valuation', 'High profitability', 'Strong revenue growth']",['High debt risk'],17.403845,23.92,0.21527,18.74,0.432,1,SELL
Inox Green Energy Services Limited,INOXGREEN.NS,['Strong revenue growth'],"['Stock may be overvalued', 'Weak profitability', 'High debt risk']",179.42374,1.18,0.03175,4.695,0.556,-3,SELL
INOX India Limited,INOXINDIA.NS,"['High profitability', 'Strong revenue growth']","['Stock may be overvalued', 'High debt risk']",40.3631,26.99,0.28408,10.139,0.169,0,SELL
Inox Wind Limited,INOXWIND.NS,['Strong revenue growth'],"['Stock may be overvalued', 'Weak profitability', 'High debt risk']",34.078167,3.71,0.09874,15.713,0.528,-3,SELL
Insecticides (India) Limited,INSECTICID.NS,"['Low valuation', 'Average profitability', 'Slow revenue growth']","['Stock appears undervalued', 'High debt risk']",13.904725,51.22,0.12791,20.483,0.017,0,SELL
Inspirisys Solutions Limited,INSPIRISYS.NS,"['Low valuation', 'High profitability', 'Strong revenue growth']","['Stock appears undervalued', 'High debt risk']",10.430932,8.47,0.67415,128.048,0.423,3,HOLD
Intellect Design Arena Limited,INTELLECT.NS,"['Average profitability', 'Strong revenue growth']","['Stock may be overvalued', 'High debt risk']",34.92075,28.39,0.14473,3.007,0.358,-2,SELL
Intense Technologies Limited,INTENTECH.NS,"['Fair valuation', 'Slow revenue growth']","['Weak profitability', 'Debt data missing']",27.54353,4.25,0.071830004,,0.1,-1,SELL
Interarch Building Solutions Limited,INTERARCH.NS,"['Average profitability', 'Strong revenue growth']","['Stock may be overvalued', 'High debt risk']",30.597073,76.54,0.17273001,1.401,0.519,-2,SELL
International Conveyors Limited,INTLCONV.NS,"['Low valuation', 'Average profitability', 'Strong revenue growth']","['Stock appears undervalued', 'High debt risk']",8.620206,10.69,0.18712999,30.243,0.472,1,SELL
Inventure Growth & Securities Limited,INVENTURE.NS,['Strong revenue growth'],"['Stock may be overvalued', 'Weak profitability', 'High debt risk']",39.333332,0.03,0.01392,10.445,0.227,-3,SELL
Indian Overseas Bank,IOB.NS,"['Low valuation', 'Average profitability', 'Strong revenue growth']","['Stock appears undervalued', 'Debt data missing']",14.947137,2.27,0.14130999,,0.239,3,HOLD
Indian Oil Corporation Limited,IOC.NS,"['Low valuation', 'Average profitability', 'Slow revenue growth']","['Stock appears undervalued', 'High debt risk']",8.880887,18.05,0.13166,72.631,0.021,0,SELL
IOL Chemicals and Pharmaceuticals Limited,IOLCP.NS,"['Fair valuation', 'Slow revenue growth']","['Weak profitability', 'High debt risk']",20.617722,3.95,0.067940004,9.078,0.079,-3,SELL
ION Exchange (India) Limited,IONEXCHANG.NS,"['Fair valuation', 'Average profitability', 'Slow revenue growth']",['High debt risk'],21.617813,17.74,0.17655,32.485,0.139,-1,SELL
IPCA Laboratories Limited,IPCALAB.NS,"['Average profitability', 'Slow revenue growth']","['Stock may be overvalued', 'High debt risk']",43.869595,32.82,0.10054,14.425,0.086,-3,SELL
India Pesticides Limited,IPL.NS,"['Fair valuation', 'Average profitability', 'Strong revenue growth']",['High debt risk'],19.365257,8.98,0.11354,4.981,0.269,-1,SELL
IRB Infrastructure Developers Limited,IRB.NS,"['Low valuation', 'High profitability']","['Stock appears undervalued', 'High debt risk', 'Declining revenues']",3.872477,10.9,0.38373002,102.312,-0.087,1,SELL
Ircon International Limited,IRCON.NS,['Fair valuation'],"['Weak profitability', 'High debt risk', 'Declining revenues']",28.010973,6.38,0.09422,79.151,-0.192,-4,SELL
Indian Railway Catering And Tourism Corporation Limited,IRCTC.NS,"['High profitability', 'Slow revenue growth']","['Stock may be overvalued', 'High debt risk']",41.18506,17.13,0.35252997,1.836,0.077,-1,SELL
Indian Renewable Energy Development Agency Limited,IREDA.NS,"['Fair valuation', 'Average profitability', 'Strong revenue growth']",['High debt risk'],22.308544,6.32,0.15483,554.836,0.363,-1,SELL
Indian Railway Finance Corporation Limited,IRFC.NS,"['Fair valuation', 'Average profitability', 'Slow revenue growth']",['High debt risk'],25.503819,5.24,0.12698,730.143,0.104,-1,SELL
IRIS RegTech Solutions Limited,IRIS.NS,[],"['Stock may be overvalued', 'Weak profitability', 'High debt risk', 'Declining revenues']",71.63855,4.15,0.071329996,1.086,-0.074,-5,SELL
Iris Clothings Limited,IRISDOREME.NS,"['Average profitability', 'Slow revenue growth']","['Stock may be overvalued', 'High debt risk']",47.487503,0.8,0.13097,20.588,0.074,-3,SELL
IRM Energy Limited,IRMENERGY.NS,"['Fair valuation', 'Slow revenue growth']","['Weak profitability', 'High debt risk']",28.293293,9.99,0.04271,8.415,0.121,-2,SELL
Intrasoft Technologies Limited,ISFT.NS,"['Low valuation', 'Slow revenue growth']","['Stock appears undervalued', 'Weak profitability', 'High debt risk']",11.999999,7.71,0.05427,4.664,0.055,-1,SELL
Isgec Heavy Engineering Limited,ISGEC.NS,"['Fair valuation', 'Average profitability', 'Slow revenue growth']",['High debt risk'],21.594807,41.98,0.119169995,31.763,0.029,-2,SELL
Ishan Dyes and Chemicals Limited,ISHANCH.NS,[],"['PE data missing', 'Weak profitability', 'High debt risk', 'Declining revenues']",,-2.09,-0.036140002,62.878,-0.78,-4,SELL
ITC Limited,ITC.NS,"['Fair valuation', 'High profitability']","['Moderate debt level', 'Declining revenues']",25.102484,16.1,0.27811,0.507,-0.06,1,SELL
ITC Hotels Limited,ITCHOTELS.NS,['Slow revenue growth'],"['Stock may be overvalued', 'ROE data missing', 'Moderate debt level']",56.070625,3.54,,0.724,0.079,-1,SELL
India Tourism Development Corporation Limited,ITDC.NS,"['Average profitability', 'Low debt']","['Stock may be overvalued', 'Declining revenues']",70.46912,8.42,0.19376,0.18,-0.229,-1,SELL
ITI Limited,ITI.NS,[],"['PE data missing', 'Weak profitability', 'High debt risk', 'Declining revenues']",,-1.78,-0.10949001,87.135,-0.465,-4,SELL
Ivalue Infosolutions Limited,IVALUE.NS,"['Fair valuation', 'Strong revenue growth']","['ROE data missing', 'High debt risk']",15.033077,18.14,,19.844,0.521,-1,SELL
IL&FS Investment Managers Limited,IVC.NS,['Fair valuation'],"['ROE data missing', 'Debt data missing', 'Declining revenues']",19.666668,0.42,,,-0.108,-1,SELL
IVP Limited,IVP.NS,"['Low valuation', 'Strong revenue growth']","['Stock appears undervalued', 'Weak profitability', 'High debt risk']",13.809074,10.58,0.07849,69.423,0.204,0,SELL
Le Travenues Technology Limited,IXIGO.NS,['Strong revenue growth'],"['Stock may be overvalued', 'Weak profitability', 'High debt risk']",207.37903,1.24,0.0746,3.628,0.369,-3,SELL
IZMO Limited,IZMO.NS,['Slow revenue growth'],"['Stock may be overvalued', 'Weak profitability', 'High debt risk']",38.507603,21.04,0.087139994,3.329,0.027,-4,SELL
The Jammu & Kashmir Bank Limited,J&KBANK.NS,"['Low valuation', 'Average profitability']","['Stock appears undervalued', 'Debt data missing', 'Declining revenues']",5.190727,18.98,0.148,,-0.059,1,SELL
Jagran Prakashan Limited,JAGRAN.NS,"['Low valuation', 'Slow revenue growth']","['Stock appears undervalued', 'Weak profitability', 'High debt risk']",8.971033,7.94,0.06528,9.556,0.047,-1,SELL
Jagsonpal Pharmaceuticals Limited,JAGSNPHARM.NS,"['Fair valuation', 'High profitability']","['High debt risk', 'Declining revenues']",21.470589,9.18,0.27533,3.495,-0.003,-1,SELL
Jai Balaji Industries Limited,JAIBALAJI.NS,"['Fair valuation', 'Average profitability']","['High debt risk', 'Declining revenues']",20.300632,3.16,0.14116,20.642,-0.131,-3,SELL
Jai Corp Limited,JAICORPLTD.NS,"['Low valuation', 'Average profitability', 'Low debt', 'Strong revenue growth']",['Stock appears undervalued'],13.920168,9.52,0.11658,0.063,0.157,4,BUY
Jain Resource Recycling Limited,JAINREC.NS,['Strong revenue growth'],"['Stock may be overvalued', 'ROE data missing', 'High debt risk']",63.520805,6.49,,94.847,0.518,-2,SELL
Nandani Creation Limited,JAIPURKURT.NS,"['Low valuation', 'Strong revenue growth']","['Stock appears undervalued', 'Weak profitability', 'High debt risk']",12.045643,2.41,0.04044,44.319,0.54,0,SELL
Jamna Auto Industries Limited,JAMNAAUTO.NS,"['Fair valuation', 'Average profitability', 'Slow revenue growth']",['High debt risk'],27.971111,4.5,0.18214001,14.586,0.035,-2,SELL
Jaro Institute of Technology Management and Research Limited,JARO.NS,"['Fair valuation', 'Slow revenue growth']","['ROE data missing', 'High debt risk']",28.641027,17.55,,13.318,0.082,-2,SELL
Jash Engineering Limited,JASH.NS,"['Average profitability', 'Slow revenue growth']","['Stock may be overvalued', 'High debt risk']",34.759182,12.25,0.18665001,25.205,0.129,-2,SELL
Jayant Agro Organics Limited,JAYAGROGN.NS,['Low valuation'],"['Stock appears undervalued', 'Weak profitability', 'High debt risk', 'Declining revenues']",11.765015,17.15,0.083780006,30.871,-0.165,-2,SELL
Jay Bharat Maruti Limited,JAYBARMARU.NS,"['Low valuation', 'Average profitability', 'Slow revenue growth']","['Stock appears undervalued', 'High debt risk']",14.86743,6.11,0.11590999,102.277,0.049,0,SELL
Jaykay Enterprises Limited,JAYKAY.NS,['Strong revenue growth'],"['Stock may be overvalued', 'Weak profitability', 'High debt risk']",83.406784,2.36,0.07275,14.625,1.062,-3,SELL
Jayaswal Neco Industries Limited,JAYNECOIND.NS,"['Fair valuation', 'Average profitability', 'Strong revenue growth']",['High debt risk'],20.636597,3.88,0.158,90.804,0.448,-1,SELL
Jayshree Tea & Industries Limited,JAYSREETEA.NS,"['Low valuation', 'Average profitability']","['Stock appears undervalued', 'High debt risk', 'Declining revenues']",4.137488,21.02,0.16311,91.73,-0.112,-1,SELL
JB Chemicals & Pharmaceuticals Limited,JBCHEPHARM.NS,"['High profitability', 'Slow revenue growth']","['Stock may be overvalued', 'High debt risk']",40.225613,45.21,0.20472999,1.075,0.084,-1,SELL
JBM Auto Limited,JBMA.NS,"['Average profitability', 'Slow revenue growth']","['Stock may be overvalued', 'High debt risk']",70.4983,8.83,0.16403,218.256,0.064,-3,SELL
Jet Freight Logistics Limited,JETFREIGHT.NS,['Fair valuation'],"['Weak profitability', 'High debt risk', 'Declining revenues']",17.30392,1.02,0.07338,95.805,-0.042,-4,SELL
J.G.Chemicals Limited,JGCHEM.NS,"['Fair valuation', 'Average profitability', 'Slow revenue growth']",['High debt risk'],22.281858,15.93,0.1372,1.013,0.039,-2,SELL
JHS Svendgaard Laboratories Limited,JHS.NS,['Slow revenue growth'],"['PE data missing', 'Weak profitability', 'High debt risk']",,-0.91,-0.044710003,6.097,0.14,-2,SELL
Jindal Photo Limited,JINDALPHOT.NS,"['Low valuation', 'Strong revenue growth']","['Stock appears undervalued', 'Weak profitability', 'High debt risk']",10.025376,149.74,0.09052,5.857,12.519,0,SELL
Jindal Poly Films Limited,JINDALPOLY.NS,[],"['PE data missing', 'ROE data missing', 'High debt risk', 'Declining revenues']",,-6.05,,107.317,-0.121,-3,SELL
Jindal Saw Limited,JINDALSAW.NS,"['Low valuation', 'Average profitability']","['Stock appears undervalued', 'High debt risk', 'Declining revenues']",7.7229195,21.51,0.10207,43.953,-0.24,-1,SELL
JINDAL STEEL LIMITED,JINDALSTEL.NS,['Slow revenue growth'],"['Stock may be overvalued', 'Weak profitability', 'High debt risk']",36.57768,26.97,0.05647,38.018,0.042,-4,SELL
Jindal Drilling And Industries Limited,JINDRILL.NS,"['Low valuation', 'High profitability', 'Strong revenue growth']","['Stock appears undervalued', 'High debt risk']",4.8206744,115.99,0.20813,6.544,0.38,3,HOLD
Jindal Worldwide Limited,JINDWORLD.NS,['Slow revenue growth'],"['Stock may be overvalued', 'Weak profitability', 'High debt risk']",41.75714,0.7,0.08894,71.079,0.004,-4,SELL
Jio Financial Services Limited,JIOFIN.NS,['Strong revenue growth'],"['Stock may be overvalued', 'Weak profitability', 'High debt risk']",118.30678,2.51,0.01199,7.797,0.207,-3,SELL
Jain Irrigation Systems Limited,JISLDVREQS.NS,['Strong revenue growth'],"['Stock may be overvalued', 'Weak profitability', 'High debt risk']",34.06024,0.83,0.0091699995,68.821,0.202,-3,SELL
Jain Irrigation Systems Limited,JISLJALEQS.NS,['Strong revenue growth'],"['Stock may be overvalued', 'Weak profitability', 'High debt risk']",49.759037,0.83,0.0091699995,68.821,0.202,-3,SELL
JITF Infralogistics Limited,JITFINFRA.NS,['Slow revenue growth'],"['PE data missing', 'ROE data missing', 'Debt data missing']",,-44.3,,,0.118,1,SELL
JK Cement Limited,JKCEMENT.NS,"['Average profitability', 'Strong revenue growth']","['Stock may be overvalued', 'High debt risk']",42.505234,133.76,0.17202999,99.562,0.179,-2,SELL
J.Kumar Infraprojects Limited,JKIL.NS,"['Low valuation', 'Average profitability', 'Slow revenue growth']","['Stock appears undervalued', 'High debt risk']",10.693748,53.91,0.13688,24.572,0.039,0,SELL
Jinkushal Industries Limited,JKIPL.NS,"['Fair valuation', 'Slow revenue growth']","['ROE data missing', 'High debt risk']",18.9413,4.77,,35.053,0.042,-2,SELL
JK Lakshmi Cement Limited,JKLAKSHMI.NS,"['Fair valuation', 'Average profitability', 'Strong revenue growth']",['High debt risk'],19.99227,38.81,0.13453001,72.145,0.241,-1,SELL
JK Paper Limited,JKPAPER.NS,"['Fair valuation', 'Slow revenue growth']","['Weak profitability', 'High debt risk']",20.755415,17.54,0.05568,37.239,0.039,-3,SELL
JK Tyre & Industries Limited,JKTYRE.NS,"['Fair valuation', 'Average profitability', 'Slow revenue growth']",['High debt risk'],25.476189,19.53,0.10606,89.667,0.108,-1,SELL
Jupiter Life Line Hospitals Limited,JLHL.NS,"['Average profitability', 'Strong revenue growth']","['Stock may be overvalued', 'High debt risk']",45.951042,30.23,0.14666,27.808,0.22,-2,SELL
Jullundur Motor Agency (Delhi) Limited,JMA.NS,"['Low valuation', 'Average profitability', 'Slow revenue growth']","['Stock appears undervalued', 'Debt data missing']",6.3600655,12.22,0.114989996,,0.118,3,HOLD
JM Financial Limited,JMFINANCIL.NS,"['Low valuation', 'Average profitability', 'Strong revenue growth']","['Stock appears undervalued', 'High debt risk']",12.155854,11.87,0.104899995,104.102,0.248,1,SELL
JNK India Limited,JNKINDIA.NS,['Strong revenue growth'],"['Stock may be overvalued', 'Weak profitability', 'High debt risk']",46.946884,5.46,0.0594,4.714,0.718,-3,SELL
Jocil Limited,JOCIL.NS,['Slow revenue growth'],"['Stock may be overvalued', 'Weak profitability', 'High debt risk']",66.296295,2.16,0.00906,2.606,0.07,-4,SELL
Jindal Poly Investment and Finance Company Limited,JPOLYINVST.NS,"['Low valuation', 'Average profitability', 'Strong revenue growth']","['Stock appears undervalued', 'High debt risk']",5.0977864,209.64,0.100600004,1.433,1.417,1,SELL
Jaiprakash Power Ventures Limited,JPPOWER.NS,"['Fair valuation', 'Strong revenue growth']","['Weak profitability', 'High debt risk']",21.637499,0.8,0.06003,27.62,0.173,-2,SELL
Jana Small Finance Bank Limited,JSFB.NS,"['Low valuation', 'Average profitability', 'Strong revenue growth']","['Stock appears undervalued', 'Debt data missing']",10.574021,39.11,0.100559995,,0.184,3,HOLD
Jindal Stainless Limited,JSL.NS,"['Fair valuation', 'Average profitability', 'Slow revenue growth']",['High debt risk'],23.62213,33.53,0.16474001,37.899,0.114,-1,SELL
Jeena Sikho Lifecare Limited,JSLL.NS,"['High profitability', 'Strong revenue growth']","['Stock may be overvalued', 'High debt risk']",55.553814,12.73,0.54371,30.042,0.773,0,SELL
JSW Cement Limited,JSWCEMENT.NS,['Strong revenue growth'],"['PE data missing', 'ROE data missing', 'High debt risk']",,-9.78,,75.362,0.167,-1,SELL
JSW Energy Limited,JSWENERGY.NS,['Strong revenue growth'],"['Stock may be overvalued', 'Weak profitability', 'High debt risk']",41.398964,11.58,0.07455,218.668,0.599,-3,SELL
JSW Holdings Limited,JSWHL.NS,[],"['Stock may be overvalued', 'Weak profitability', 'Debt data missing', 'Declining revenues']",173.98315,111.62,0.00375,,-0.485,-3,SELL
JSW Infrastructure Limited,JSWINFRA.NS,"['Average profitability', 'Strong revenue growth']","['Stock may be overvalued', 'High debt risk']",37.506596,7.58,0.16318001,48.27,0.264,-2,SELL
JSW Steel Limited,JSWSTEEL.NS,['Slow revenue growth'],"['Stock may be overvalued', 'Weak profitability', 'High debt risk']",44.379562,24.66,0.07279,118.74,0.138,-3,SELL
Jtekt India Limited,JTEKTINDIA.NS,['Slow revenue growth'],"['Stock may be overvalued', 'Weak profitability', 'High debt risk']",53.27612,2.68,0.07071,23.209,0.056,-4,SELL
JTL INDUSTRIES LIMITED,JTLIND.NS,[],"['Stock may be overvalued', 'Weak profitability', 'High debt risk', 'Declining revenues']",30.523077,1.95,0.06565,13.09,-0.105,-5,SELL
Jubilant Agri and Consumer Products Limited,JUBLCPL.NS,"['Fair valuation', 'Strong revenue growth']","['ROE data missing', 'High debt risk']",29.13001,82.07,,9.982,0.26,-1,SELL
Jubilant Foodworks Limited,JUBLFOOD.NS,"['Average profitability', 'Strong revenue growth']","['Stock may be overvalued', 'High debt risk']",124.12416,4.51,0.13579,202.293,0.197,-2,SELL
Jubilant Ingrevia Limited,JUBLINGREA.NS,['Slow revenue growth'],"['Stock may be overvalued', 'Weak profitability', 'High debt risk']",39.057175,18.19,0.09836,26.51,0.072,-4,SELL
Jubilant Pharmova Limited,JUBLPHARMA.NS,['Slow revenue growth'],"['Stock may be overvalued', 'Weak profitability', 'High debt risk']",35.72473,30.08,0.07591,43.867,0.122,-3,SELL
Juniper Hotels Limited,JUNIPER.NS,['Slow revenue growth'],"['Stock may be overvalued', 'Weak profitability', 'High debt risk']",50.998035,5.08,0.04202,50.239,0.074,-4,SELL
Just Dial Limited,JUSTDIAL.NS,"['Low valuation', 'Average profitability', 'Slow revenue growth']","['Stock appears undervalued', 'High debt risk']",10.820605,66.78,0.123459995,1.946,0.064,0,SELL
Jupiter Wagons Limited,JWL.NS,['Average profitability'],"['Stock may be overvalued', 'High debt risk', 'Declining revenues']",52.579422,6.61,0.102539994,26.721,-0.221,-4,SELL
Jyothy Labs Limited,JYOTHYLAB.NS,"['Fair valuation', 'High profitability', 'Slow revenue growth']",['High debt risk'],29.752373,9.49,0.20938,3.737,0.003,0,SELL
Jyoti CNC Automation Limited,JYOTICNC.NS,"['High profitability', 'Strong revenue growth']","['Stock may be overvalued', 'High debt risk']",64.43643,15.26,0.20820999,39.56,0.179,0,SELL
Jyoti Structures Limited,JYOTISTRUC.NS,"['Fair valuation', 'Average profitability', 'Strong revenue growth']",['High debt risk'],22.0,0.43,0.14052,385.421,0.401,-1,SELL
Kabra Extrusion Technik Limited,KABRAEXTRU.NS,['Slow revenue growth'],"['Stock may be overvalued', 'Weak profitability', 'High debt risk']",72.927635,3.04,0.02329,32.04,0.052,-4,SELL
Kajaria Ceramics Limited,KAJARIACER.NS,"['Average profitability', 'Slow revenue growth']","['Stock may be overvalued', 'High debt risk']",38.624653,25.23,0.14096,9.676,0.006,-3,SELL
Kakatiya Cement Sugar & Industries Limited,KAKATCEM.NS,['Strong revenue growth'],"['PE data missing', 'Weak profitability', 'High debt risk']",,-34.95,-0.13124,4.858,0.153,-2,SELL
Sai Silks (Kalamandir) Limited,KALAMANDIR.NS,"['Fair valuation', 'Average profitability', 'Strong revenue growth']",['High debt risk'],17.502836,8.81,0.11468001,25.323,0.279,-1,SELL
Kalpataru Limited,KALPATARU.NS,['Strong revenue growth'],"['PE data missing', 'ROE data missing', 'High debt risk']",,-5.02,,226.029,0.568,-1,SELL
Kalyani Commercials Limited,KALYANI.NS,['Low valuation'],"['Stock appears undervalued', 'ROE data missing', 'Debt data missing', 'Revenue growth data missing']",5.9215264,23.32,,,,2,HOLD
Kalyani Forge Limited,KALYANIFRG.NS,[],"['Stock may be overvalued', 'Weak profitability', 'High debt risk', 'Declining revenues']",30.016779,20.86,0.085260004,98.678,-0.107,-5,SELL
Kalyan Jewellers India Limited,KALYANKJIL.NS,"['Average profitability', 'Strong revenue growth']","['Stock may be overvalued', 'High debt risk']",54.51165,9.01,0.19193001,99.88,0.295,-2,SELL
Kamat Hotels (I) Limited,KAMATHOTEL.NS,"['Fair valuation', 'Average profitability']","['High debt risk', 'Declining revenues']",18.210526,12.92,0.14613,87.461,-0.12,-3,SELL
Kamdhenu Limited,KAMDHENU.NS,"['Low valuation', 'High profitability', 'Low debt', 'Slow revenue growth']",['Stock appears undervalued'],9.354839,2.48,0.21488,0.156,0.005,5,BUY
Kamdhenu Ventures Limited,KAMOPAINTS.NS,"['Low valuation', 'Slow revenue growth']","['Stock appears undervalued', 'Weak profitability', 'High debt risk']",6.0588236,1.02,0.034930002,19.23,0.036,-1,SELL
Kanani Industries Limited,KANANIIND.NS,"['Fair valuation', 'Low debt', 'Slow revenue growth']",['Weak profitability'],16.4,0.1,0.032309998,0.485,0.029,0,SELL
Kanoria Chemicals & Industries Limited,KANORICHEM.NS,[],"['PE data missing', 'Weak profitability', 'High debt risk', 'Declining revenues']",,-15.52,-0.16405001,61.61,-0.438,-4,SELL
Kanpur Plastipack Limited,KANPRPLA.NS,"['Fair valuation', 'Average profitability', 'Slow revenue growth']",['High debt risk'],15.574891,11.55,0.1275,56.258,0.09,-2,SELL
Kansai Nerolac Paints Limited,KANSAINER.NS,"['Fair valuation', 'Average profitability', 'Slow revenue growth']",['High debt risk'],16.7788,14.15,0.18399,4.284,0.001,-2,SELL
Kapston Services Limited,KAPSTON.NS,"['Fair valuation', 'High profitability', 'Strong revenue growth']",['High debt risk'],25.251923,11.71,0.26316,172.342,0.253,1,SELL
Karma Energy Limited,KARMAENG.NS,['Slow revenue growth'],"['Stock may be overvalued', 'Weak profitability', 'High debt risk']",103.10417,0.48,0.01353,4.177,0.046,-4,SELL
Karur Vysya Bank Limited,KARURVYSYA.NS,"['Low valuation', 'Average profitability', 'Slow revenue growth']","['Stock appears undervalued', 'Debt data missing']",12.066574,21.78,0.17764,,0.109,3,HOLD
Kaushalya Infrastructure Development Corporation Limited,KAUSHALYA.NS,['Strong revenue growth'],"['PE data missing', 'Weak profitability', 'Debt data missing']",,-119.01,0.01798,,0.399,0,SELL
Kavveri Defence & Wireless Technologies Limited,KAVDEFENCE.NS,['Strong revenue growth'],"['Stock may be overvalued', 'Weak profitability', 'High debt risk']",53.816902,1.42,0.09802,6.754,0.617,-3,SELL
Kaya Limited,KAYA.NS,['Slow revenue growth'],"['PE data missing', 'ROE data missing', 'Debt data missing']",,-41.27,,,0.025,0,SELL
Kaynes Technology India Limited,KAYNES.NS,"['Average profitability', 'Strong revenue growth']","['Stock may be overvalued', 'High debt risk']",69.434,58.48,0.10389,18.899,0.584,-2,SELL
KCP Limited,KCP.NS,"['Fair valuation', 'Average profitability']","['High debt risk', 'Declining revenues']",15.70189,11.64,0.12069,39.481,-0.002,-3,SELL
KCP Sugar and Industries Corporation Limited,KCPSUGIND.NS,[],"['PE data missing', 'Weak profitability', 'High debt risk', 'Declining revenues']",,-3.56,-0.08234,13.03,-0.089,-4,SELL
KDDL Limited,KDDL.NS,['Strong revenue growth'],"['Stock may be overvalued', 'Weak profitability', 'High debt risk']",31.710718,75.29,0.09526,25.144,0.304,-3,SELL
KEC International Limited,KEC.NS,"['Fair valuation', 'Average profitability', 'Strong revenue growth']",['High debt risk'],28.374031,25.8,0.12769,94.066,0.191,-1,SELL
Kirloskar Electric Company Limited,KECL.NS,[],"['Stock may be overvalued', 'Weak profitability', 'High debt risk', 'Declining revenues']",92.9813,1.07,0.05856,83.428,-0.12,-5,SELL
DSJ Keep Learning Limited,KEEPLEARN.NS,['Strong revenue growth'],"['Stock may be overvalued', 'Weak profitability', 'Debt data missing']",120.00001,0.02,0.05941,,31.347,-1,SELL
KEI Industries Limited,KEI.NS,"['Average profitability', 'Strong revenue growth']","['Stock may be overvalued', 'High debt risk']",52.410892,83.33,0.16393,3.799,0.196,-2,SELL
Kellton Tech Solutions Limited,KELLTONTEC.NS,"['Low valuation', 'Average profitability', 'Slow revenue growth']","['Stock appears undervalued', 'High debt risk']",11.053254,1.69,0.14411001,21.666,0.107,1,SELL
Kernex Microsystems (India) Limited,KERNEX.NS,"['High profitability', 'Slow revenue growth']","['Stock may be overvalued', 'High debt risk']",38.735954,32.04,0.37028998,51.362,0.143,0,SELL
Kesoram Industries Limited,KESORAMIND.NS,[],"['PE data missing', 'Weak profitability', 'High debt risk', 'Declining revenues']",,-5.34,-1.05519,57.599,-0.06,-4,SELL
Keynote Financial Services Limited,KEYFINSERV.NS,['Fair valuation'],"['Weak profitability', 'Moderate debt level', 'Revenue growth data missing']",17.836819,17.22,0.06612,0.964,,-1,SELL
Kfin Technologies Limited,KFINTECH.NS,"['High profitability', 'Slow revenue growth']","['Stock may be overvalued', 'High debt risk']",55.097652,19.97,0.25816,3.239,0.1,-1,SELL
Khadim India Limited,KHADIM.NS,['Fair valuation'],"['Weak profitability', 'High debt risk', 'Declining revenues']",20.023256,7.74,0.06865,154.065,-0.367,-4,SELL
Khaitan Chemicals & Fertilizers Limited,KHAICHEM.NS,"['Low valuation', 'High profitability', 'Strong revenue growth']","['Stock appears undervalued', 'High debt risk']",12.272727,6.6,0.27457002,106.925,0.338,3,HOLD
Khaitan (India) Limited,KHAITANLTD.NS,"['Low valuation', 'High profitability', 'Strong revenue growth']","['Stock appears undervalued', 'High debt risk']",7.827372,12.86,0.23367001,38.132,0.314,3,HOLD
Khandwala Securities Limited,KHANDSE.NS,[],"['PE data missing', 'Weak profitability', 'High debt risk', 'Declining revenues']",,-1.21,-0.06303,10.031,-0.553,-4,SELL
Kalyani Investment Company Limited,KICL.NS,[],"['Stock may be overvalued', 'Weak profitability', 'Debt data missing', 'Declining revenues']",48.09235,102.22,0.00459,,-0.052,-3,SELL
Kilitch Drugs (India) Limited,KILITCH.NS,"['Fair valuation', 'Average profitability', 'Slow revenue growth']",['High debt risk'],20.31638,16.91,0.11717,31.651,0.031,-2,SELL
Krishna Institute of Medical Sciences Limited,KIMS.NS,"['Average profitability', 'Strong revenue growth']","['Stock may be overvalued', 'High debt risk']",74.73151,8.38,0.14649999,123.719,0.236,-2,SELL
Kingfa Science & Technology (India) Limited,KINGFA.NS,"['Average profitability', 'Slow revenue growth']","['Stock may be overvalued', 'High debt risk']",33.750404,123.0,0.16171,1.438,0.113,-2,SELL
KIOCL Limited,KIOCL.NS,['Strong revenue growth'],"['PE data missing', 'Weak profitability', 'High debt risk']",,-0.49,-0.08081,11.138,7.831,-2,SELL
Kiri Industries Limited,KIRIINDUS.NS,[],"['Stock may be overvalued', 'Weak profitability', 'High debt risk', 'Declining revenues']",41.76105,14.48,0.03907,37.3,-0.216,-5,SELL
Kirloskar Brothers Limited,KIRLOSBROS.NS,['Average profitability'],"['Stock may be overvalued', 'High debt risk', 'Declining revenues']",32.484283,49.31,0.1943,9.871,-0.008,-4,SELL
Kirloskar Oil Engines Limited,KIRLOSENG.NS,"['Average profitability', 'Strong revenue growth']","['Stock may be overvalued', 'High debt risk']",36.805798,34.5,0.15653,165.651,0.299,-2,SELL
Kirloskar Industries Limited,KIRLOSIND.NS,"['Fair valuation', 'Slow revenue growth']","['Weak profitability', 'High debt risk']",20.586567,158.72,0.03917,14.61,0.049,-3,SELL
Kirloskar Pneumatic Company Limited,KIRLPNU.NS,['Average profitability'],"['Stock may be overvalued', 'Moderate debt level', 'Declining revenues']",35.976204,28.58,0.17128,0.756,-0.103,-2,SELL
Kitex Garments Limited,KITEX.NS,[],"['PE data missing', 'ROE data missing', 'High debt risk', 'Declining revenues']",,-1.81,,97.59,-0.434,-3,SELL
Kewal Kiran Clothing Limited,KKCL.NS,"['Fair valuation', 'Average profitability', 'Slow revenue growth']",['High debt risk'],22.939222,21.06,0.13618,16.664,0.149,-1,SELL
Knowledge Marine & Engineering Works Limited,KMEW.NS,['High profitability'],"['Stock may be overvalued', 'High debt risk', 'Declining revenues']",82.23483,22.91,0.22511,60.049,-0.044,-2,SELL
K.M.Sugar Mills Limited,KMSUGAR.NS,"['Low valuation', 'Average profitability', 'Slow revenue growth']","['Stock appears undervalued', 'High debt risk']",5.3586745,5.13,0.13962,18.481,0.027,0,SELL
KN Agri Resources Limited,KNAGRI.NS,"['Low valuation', 'Average profitability', 'Slow revenue growth']","['Stock appears undervalued', 'High debt risk']",13.624661,14.76,0.10582,13.118,0.088,0,SELL
KNR Constructions Limited,KNRCON.NS,"['Low valuation', 'Average profitability']","['Stock appears undervalued', 'High debt risk', 'Declining revenues']",8.166591,21.91,0.10775,48.727,-0.668,-1,SELL
Kohinoor Foods Limited,KOHINOOR.NS,"['Low valuation', 'Strong revenue growth']","['Stock appears undervalued', 'ROE data missing', 'Debt data missing']",0.28681856,98.32,,,1.065,3,HOLD
Kokuyo Camlin Limited,KOKUYOCMLN.NS,[],"['Stock may be overvalued', 'Weak profitability', 'High debt risk', 'Declining revenues']",49.000004,1.81,0.05868,28.954,-0.089,-5,SELL
Kolte - Patil Developers Limited,KOLTEPATIL.NS,[],"['Stock may be overvalued', 'Weak profitability', 'High debt risk', 'Declining revenues']",45.697674,8.6,0.066599995,86.31,-0.55,-5,SELL
Kopran Limited,KOPRAN.NS,[],"['Stock may be overvalued', 'Weak profitability', 'High debt risk', 'Declining revenues']",40.76438,3.65,0.03525,31.299,-0.222,-5,SELL
Kotak Mahindra Bank Limited,KOTAKBANK.NS,"['Fair valuation', 'Average profitability']","['Debt data missing', 'Declining revenues']",23.153952,93.47,0.1178,,-0.124,-1,SELL
Kothari Sugars And Chemicals Limited,KOTARISUG.NS,[],"['PE data missing', 'Weak profitability', 'High debt risk', 'Declining revenues']",,-0.15,-0.00448,17.173,-0.33,-4,SELL
Kothari Petrochemicals Limited,KOTHARIPET.NS,"['Low valuation', 'High profitability']","['Stock appears undervalued', 'Moderate debt level', 'Declining revenues']",11.686555,11.23,0.21608,0.781,-0.208,3,HOLD
Kothari Products Limited,KOTHARIPRO.NS,"['Low valuation', 'Slow revenue growth']","['Stock appears undervalued', 'Weak profitability', 'High debt risk']",2.8194916,26.37,0.04098,21.976,0.064,-1,SELL
K.P. Energy Limited,KPEL.NS,"['Fair valuation', 'High profitability', 'Strong revenue growth']",['High debt risk'],17.36524,19.85,0.43458,121.934,0.514,1,SELL
KPI Green Energy Limited,KPIGREEN.NS,"['Fair valuation', 'Average profitability', 'Strong revenue growth']",['High debt risk'],21.277466,19.57,0.1726,88.244,0.764,-1,SELL
Kalpataru Projects International Limited,KPIL.NS,"['Fair valuation', 'Average profitability', 'Strong revenue growth']",['High debt risk'],24.606047,48.61,0.13382,69.688,0.324,-1,SELL
KPIT Technologies Limited,KPITTECH.NS,"['High profitability', 'Slow revenue growth']","['Stock may be overvalued', 'High debt risk']",42.818695,28.24,0.26812,16.215,0.079,-1,SELL
K.P.R. Mill Limited,KPRMILL.NS,"['Average profitability', 'Slow revenue growth']","['Stock may be overvalued', 'High debt risk']",38.352413,24.46,0.16702999,6.46,0.103,-2,SELL
KRBL Limited,KRBL.NS,"['Fair valuation', 'Average profitability', 'Strong revenue growth']",['High debt risk'],15.176426,26.64,0.11677,1.295,0.189,-1,SELL
Krebs Biochemicals and Industries Limited,KREBSBIO.NS,[],"['PE data missing', 'ROE data missing', 'Debt data missing', 'Declining revenues']",,-12.74,,,-0.676,-1,SELL
Kridhan Infra Limited,KRIDHANINF.NS,['Low valuation'],"['Stock appears undervalued', 'ROE data missing', 'Debt data missing', 'Revenue growth data missing']",6.0571427,0.7,,,,2,HOLD
Krishana Phoschem Limited,KRISHANA.NS,"['Fair valuation', 'High profitability', 'Strong revenue growth']",['High debt risk'],28.455648,18.94,0.30223,92.866,1.022,1,SELL
Krishival Foods Limited-RE,KRISHFL-RE.NS,[],"['PE data missing', 'ROE data missing', 'Debt data missing', 'Revenue growth data missing']",,,,,,0,SELL
Krishival Foods Limited,KRISHIVAL.NS,"['Average profitability', 'Strong revenue growth']","['Stock may be overvalued', 'High debt risk']",54.308514,6.58,0.1074,18.157,0.807,-2,SELL
Kriti Industries (India) Limited,KRITI.NS,[],"['PE data missing', 'Weak profitability', 'High debt risk', 'Declining revenues']",,-3.33,-0.08151,46.083,-0.269,-4,SELL
Kritika Wires Limited,KRITIKA.NS,"['Fair valuation', 'Slow revenue growth']","['Weak profitability', 'High debt risk']",23.866665,0.3,0.08644,39.762,0.133,-2,SELL
Kriti Nutrients Limited,KRITINUT.NS,"['Low valuation', 'Average profitability', 'Strong revenue growth']","['Stock appears undervalued', 'High debt risk']",10.659778,6.29,0.14778,2.584,0.227,1,SELL
KRN Heat Exchanger and Refrigeration Limited,KRN.NS,"['Average profitability', 'Strong revenue growth']","['Stock may be overvalued', 'High debt risk']",77.79831,9.47,0.114779994,5.766,0.669,-2,SELL
Kronox Lab Sciences Limited,KRONOX.NS,"['Fair valuation', 'High profitability', 'Slow revenue growth']",['High debt risk'],20.04125,7.03,0.29024,2.578,0.027,0,SELL
Kross Limited,KROSS.NS,"['Fair valuation', 'Average profitability']","['High debt risk', 'Declining revenues']",25.829138,7.55,0.11559,13.24,-0.058,-3,SELL
Krsnaa Diagnostics Limited,KRSNAA.NS,"['Fair valuation', 'Slow revenue growth']","['Weak profitability', 'High debt risk']",28.497662,25.66,0.09588,30.959,0.105,-2,SELL
Krystal Integrated Services Limited,KRYSTAL.NS,"['Fair valuation', 'Average profitability', 'Slow revenue growth']",['High debt risk'],20.961538,24.44,0.14207,21.908,0.065,-2,SELL
Ksb Limited,KSB.NS,"['Low debt', 'Slow revenue growth']","['Stock may be overvalued', 'ROE data missing']",50.26455,15.12,,0.3,0.054,0,SELL
Kaveri Seed Company Limited,KSCL.NS,"['Fair valuation', 'Average profitability', 'Strong revenue growth']",['Debt data missing'],16.554111,59.23,0.18070999,,0.593,1,SELL
KSH International Limited,KSHINTL.NS,['High profitability'],"['Stock may be overvalued', 'High debt risk', 'Revenue growth data missing']",34.203186,10.04,0.2568,122.749,,-1,SELL
Kshitij Polyline Limited,KSHITIJPOL.NS,[],"['PE data missing', 'Weak profitability', 'High debt risk', 'Declining revenues']",,-889.56,-0.11685,18.781,-0.085,-4,SELL
Kalyani Steels Limited,KSL.NS,"['Low valuation', 'Average profitability']","['Stock appears undervalued', 'High debt risk', 'Declining revenues']",12.205489,59.76,0.14001,21.693,-0.073,-1,SELL
Ksolves India Limited,KSOLVES.NS,"['Fair valuation', 'High profitability', 'Slow revenue growth']",['High debt risk'],22.21161,13.09,0.94671,7.526,0.139,1,SELL
KSR Footwear Limited,KSR.NS,[],"['PE data missing', 'ROE data missing', 'High debt risk', 'Declining revenues']",,-0.06,,43.606,-0.071,-3,SELL
The Karnataka Bank Limited,KTKBANK.NS,['Low valuation'],"['Stock appears undervalued', 'Weak profitability', 'Debt data missing', 'Declining revenues']",6.6674356,30.34,0.09513,,-0.019,0,SELL
Kuantum Papers Limited,KUANTUM.NS,"['Low valuation', 'Slow revenue growth']","['Stock appears undervalued', 'Weak profitability', 'High debt risk']",12.409946,7.44,0.054780003,56.267,0.003,-1,SELL
Lagnam Spintex Limited,LAGNAM.NS,"['Low valuation', 'Average profitability']","['Stock appears undervalued', 'High debt risk', 'Declining revenues']",10.196,7.5,0.113579996,289.472,-0.014,-1,SELL
Lakshmi Precision Screws Limited,LAKPRE.NS,['Strong revenue growth'],"['PE data missing', 'Weak profitability', 'Debt data missing']",,-50.11,-0.86243,,0.209,0,SELL
Lorenzini Apparels Limited,LAL.NS,['Strong revenue growth'],"['PE data missing', 'Weak profitability', 'High debt risk']",,-0.33,-0.10987,26.272,0.308,-2,SELL
Dr. Lal Path Labs Ltd.,LALPATHLAB.NS,"['High profitability', 'Slow revenue growth']","['Stock may be overvalued', 'High debt risk']",43.945557,31.96,0.24223,6.441,0.107,0,SELL
Lambodhara Textiles Limited,LAMBODHARA.NS,"['Fair valuation', 'Slow revenue growth']","['Weak profitability', 'High debt risk']",17.755043,6.94,0.06062,32.269,0.027,-3,SELL
Lancor Holdings Limited,LANCORHOL.NS,[],"['PE data missing', 'Weak profitability', 'High debt risk', 'Declining revenues']",,-0.62,-0.0225,64.345,-0.412,-4,SELL
Landmark Cars Limited,LANDMARK.NS,['Strong revenue growth'],"['Stock may be overvalued', 'Weak profitability', 'High debt risk']",93.97436,5.07,0.04046,166.568,0.335,-3,SELL
La Opala RG Limited,LAOPALA.NS,"['Fair valuation', 'Average profitability', 'Slow revenue growth']",['High debt risk'],22.424175,9.1,0.12482,1.046,0.003,-2,SELL
Lasa Supergenerics Limited,LASA.NS,['Low valuation'],"['Stock appears undervalued', 'Weak profitability', 'High debt risk', 'Declining revenues']",2.4864864,3.7,-0.49188998,13.025,-0.926,-2,SELL
Latent View Analytics Limited,LATENTVIEW.NS,"['Average profitability', 'Strong revenue growth']","['Stock may be overvalued', 'High debt risk']",49.940414,9.23,0.1225,1.517,0.233,-2,SELL
Latteys Industries Limited,LATTEYS.NS,['Slow revenue growth'],"['Stock may be overvalued', 'Weak profitability', 'High debt risk']",73.870964,0.31,0.09562001,36.75,0.094,-4,SELL
Laurus Labs Limited,LAURUSLABS.NS,"['Average profitability', 'Strong revenue growth']","['Stock may be overvalued', 'High debt risk']",85.5004,12.69,0.15022999,44.831,0.351,-2,SELL
Laxmi Cotspin Limited,LAXMICOT.NS,"['Low valuation', 'Average profitability', 'Slow revenue growth']","['Stock appears undervalued', 'High debt risk']",6.1503267,3.06,0.15785,65.868,0.032,0,SELL
Laxmi Dental Limited,LAXMIDENTL.NS,['Strong revenue growth'],"['Stock may be overvalued', 'ROE data missing', 'High debt risk']",54.86258,4.73,,3.883,0.265,-2,SELL
Laxmi India Finance Limited,LAXMIINDIA.NS,"['Fair valuation', 'Strong revenue growth']","['ROE data missing', 'High debt risk']",16.431192,7.63,,256.533,0.383,-1,SELL
LCC Infotech Limited,LCCINFOTEC.NS,[],"['PE data missing', 'Weak profitability', 'High debt risk', 'Declining revenues']",,-0.13,-2.08409,485.616,-0.884,-4,SELL
Le Merite Exports Limited,LEMERITE.NS,['Average profitability'],"['Stock may be overvalued', 'High debt risk', 'Declining revenues']",94.51882,4.78,0.109510005,65.949,-0.284,-4,SELL
Lemon Tree Hotels Limited,LEMONTREE.NS,"['Average profitability', 'Slow revenue growth']","['Stock may be overvalued', 'High debt risk']",58.122303,2.78,0.15972,109.554,0.077,-3,SELL
Lenskart Solutions Limited,LENSKART.NS,['Strong revenue growth'],"['Stock may be overvalued', 'ROE data missing', 'High debt risk']",168.93257,2.67,,44.215,0.208,-2,SELL
Lexus Granito (India) Limited,LEXUS.NS,"['Average profitability', 'Strong revenue growth']","['Stock may be overvalued', 'High debt risk']",33.518986,0.79,0.16018999,332.938,0.272,-2,SELL
Lakshmi Finance & Industrial Corporation Limited,LFIC.NS,[],"['PE data missing', 'Weak profitability', 'Debt data missing', 'Declining revenues']",,-7.16,-0.03463,,-0.694,-2,SELL
LG Balakrishnan & Bros Limited,LGBBROSLTD.NS,"['Fair valuation', 'Average profitability', 'Strong revenue growth']",['High debt risk'],17.700457,101.02,0.16853,9.738,0.191,-1,SELL
LG Electronics India Limited,LGEINDIA.NS,['Slow revenue growth'],"['Stock may be overvalued', 'ROE data missing', 'High debt risk']",50.841682,29.94,,6.876,0.01,-3,SELL
Laxmi Goldorna House Limited,LGHL.NS,"['Average profitability', 'Slow revenue growth']","['Stock may be overvalued', 'High debt risk']",128.31111,2.25,0.16695999,129.046,0.134,-2,SELL
Libas Consumer Products Limited,LIBAS.NS,"['Low valuation', 'Slow revenue growth']","['Stock appears undervalued', 'Weak profitability', 'High debt risk']",3.2173913,3.45,-0.016,16.808,0.026,-1,SELL
Liberty Shoes Limited,LIBERTSHOE.NS,['Slow revenue growth'],"['Stock may be overvalued', 'Weak profitability', 'High debt risk']",35.655525,7.78,0.06002,72.559,0.014,-4,SELL
LIC Housing Finance Limited,LICHSGFIN.NS,"['Low valuation', 'Average profitability', 'Slow revenue growth']","['Stock appears undervalued', 'High debt risk']",5.3735433,100.39,0.1531,679.251,0.018,0,SELL
Life Insurance Corporation Of India,LICI.NS,"['Low valuation', 'High profitability', 'Low debt', 'Slow revenue growth']",['Stock appears undervalued'],10.519312,80.78,0.44623002,-0.26,0.043,5,BUY
Likhitha Infrastructure Limited,LIKHITHA.NS,"['Low valuation', 'Average profitability', 'Low debt']","['Stock appears undervalued', 'Declining revenues']",12.846204,15.28,0.16284999,0.133,-0.233,2,HOLD
Linc Limited,LINC.NS,"['Fair valuation', 'Average profitability', 'Slow revenue growth']",['High debt risk'],18.288052,6.11,0.15765001,11.183,0.013,-2,SELL
Lincoln Pharmaceuticals Limited,LINCOLN.NS,"['Low valuation', 'Average profitability', 'Low debt', 'Slow revenue growth']",['Stock appears undervalued'],12.025538,39.94,0.11808,0.009,0.013,3,HOLD
Linde India Limited,LINDEINDIA.NS,"['Average profitability', 'Slow revenue growth']","['Stock may be overvalued', 'High debt risk']",99.13448,60.08,0.13529,1.687,0.015,-3,SELL
LLOYDS ENGINEERING WORKS LIMITED,LLOYDSENGG.NS,"['Average profitability', 'Strong revenue growth']","['Stock may be overvalued', 'High debt risk']",53.971157,1.04,0.17052001,15.717,0.493,-2,SELL
Lloyds Enterprises Limited,LLOYDSENT.NS,"['Fair valuation', 'Average profitability', 'Slow revenue growth']",['High debt risk'],26.158995,2.39,0.109969996,15.954,0.055,-2,SELL
Lloyds Metals And Energy Limited,LLOYDSME.NS,"['High profitability', 'Strong revenue growth']","['Stock may be overvalued', 'High debt risk']",42.566814,32.18,0.25819,100.054,1.676,0,SELL
LMW Limited,LMW.NS,['Slow revenue growth'],"['Stock may be overvalued', 'Weak profitability', 'Debt data missing']",133.43195,111.54,0.04281,,0.069,-2,SELL
Lodha Developers Limited,LODHA.NS,"['Average profitability', 'Strong revenue growth']","['Stock may be overvalued', 'High debt risk']",32.266304,33.27,0.16833,45.111,0.447,-2,SELL
Lokesh Machines Limited,LOKESHMACH.NS,[],"['PE data missing', 'Weak profitability', 'High debt risk', 'Declining revenues']",,-1.61,-0.01359,71.143,-0.33,-4,SELL
Lords Chloro Alkali Limited,LORDSCHLO.NS,"['Fair valuation', 'Average profitability', 'Strong revenue growth']",['High debt risk'],19.283752,8.74,0.123339996,72.87,0.622,-1,SELL
Sri Lotus Developers and Realty Limited,LOTUSDEV.NS,['Strong revenue growth'],"['Stock may be overvalued', 'ROE data missing', 'High debt risk']",36.833725,4.27,,7.958,0.435,-2,SELL
Lotus Eye Hospital and Institute Limited,LOTUSEYE.NS,['Slow revenue growth'],"['Stock may be overvalued', 'Weak profitability', 'High debt risk']",388.36362,0.33,0.01116,7.917,0.01,-4,SELL
Lovable Lingerie Limited,LOVABLE.NS,[],"['Stock may be overvalued', 'Weak profitability', 'High debt risk', 'Declining revenues']",52.14839,1.55,0.01321,1.621,-0.127,-5,SELL
Loyal Textile Mills Limited,LOYALTEX.NS,[],"['PE data missing', 'Weak profitability', 'High debt risk', 'Declining revenues']",,-31.57,-0.06112,137.189,-0.425,-4,SELL
Landmark Property Development Company Limited,LPDC.NS,[],"['PE data missing', 'Weak profitability', 'Debt data missing', 'Revenue growth data missing']",,-0.0,0.0014200001,,,-1,SELL
Larsen & Toubro Limited,LT.NS,"['Average profitability', 'Slow revenue growth']","['Stock may be overvalued', 'High debt risk']",33.959557,119.18,0.16521,111.847,0.107,-2,SELL
L&T Finance Limited,LTF.NS,"['Fair valuation', 'Average profitability', 'Slow revenue growth']",['High debt risk'],27.975857,10.77,0.10622,370.75,0.099,-2,SELL
LT Foods Limited,LTFOODS.NS,"['Fair valuation', 'Average profitability', 'Strong revenue growth']",['High debt risk'],21.897871,18.31,0.16159001,43.095,0.299,-1,SELL
LTIMindtree Limited,LTIM.NS,"['High profitability', 'Slow revenue growth']","['Stock may be overvalued', 'High debt risk']",36.815296,163.94,0.21789,10.164,0.102,0,SELL
L&T Technology Services Limited,LTTS.NS,"['High profitability', 'Strong revenue growth']","['Stock may be overvalued', 'High debt risk']",37.56797,120.27,0.2152,10.149,0.158,0,SELL
Lumax Industries Limited,LUMAXIND.NS,"['Average profitability', 'Strong revenue growth']","['Stock may be overvalued', 'High debt risk']",34.21612,159.91,0.19748,121.301,0.242,-2,SELL
Lumax Auto Technologies Limited,LUMAXTECH.NS,"['High profitability', 'Strong revenue growth']","['Stock may be overvalued', 'High debt risk']",48.86027,31.06,0.22785999,87.422,0.373,0,SELL
Lupin Limited,LUPIN.NS,"['Fair valuation', 'High profitability', 'Strong revenue growth']",['High debt risk'],22.379488,94.39,0.24529,31.513,0.242,1,SELL
Lux Industries Limited,LUXIND.NS,"['Fair valuation', 'Slow revenue growth']","['Weak profitability', 'High debt risk']",26.308819,42.29,0.07412,32.661,0.15,-2,SELL
Laxmi Organic Industries Limited,LXCHEM.NS,[],"['Stock may be overvalued', 'Weak profitability', 'High debt risk', 'Declining revenues']",55.614616,3.01,0.044099998,17.29,-0.093,-5,SELL
Lyka Labs Limited,LYKALABS.NS,[],"['Stock may be overvalued', 'Weak profitability', 'High debt risk', 'Declining revenues']",126.745766,0.59,0.025139999,31.232,-0.109,-5,SELL
Lypsa Gems & Jewellery Limited,LYPSAGEMS.NS,['Strong revenue growth'],"['PE data missing', 'Weak profitability', 'Debt data missing']",,-5.17,-0.62558,,1.598,0,SELL
Mahindra & Mahindra Limited,M&M.NS,"['Fair valuation', 'Average profitability', 'Strong revenue growth']",['High debt risk'],28.62753,126.56,0.17235,132.29,0.212,-1,SELL
Mahindra & Mahindra Financial Services Limited,M&MFIN.NS,"['Fair valuation', 'Average profitability', 'Strong revenue growth']",['High debt risk'],20.766596,18.98,0.109919995,435.079,0.241,-1,SELL
Maan Aluminium Limited,MAANALU.NS,[],"['Stock may be overvalued', 'Weak profitability', 'High debt risk', 'Declining revenues']",57.685314,2.86,0.08637,44.279,-0.07,-5,SELL
Macpower CNC Machines Limited,MACPOWER.NS,"['Average profitability', 'Strong revenue growth']","['Stock may be overvalued', 'Moderate debt level']",38.197113,27.04,0.18879,0.841,0.206,0,SELL
Madhav Marbles and Granites Limited,MADHAV.NS,['Strong revenue growth'],"['PE data missing', 'Weak profitability', 'High debt risk']",,-1.93,-0.01459,8.785,0.154,-2,SELL
Madhucon Projects Limited,MADHUCON.NS,[],"['PE data missing', 'ROE data missing', 'Debt data missing', 'Declining revenues']",,-94.82,,,-0.536,-1,SELL
Madras Fertilizers Limited,MADRASFERT.NS,['Fair valuation'],"['ROE data missing', 'High debt risk', 'Declining revenues']",16.071138,4.92,,2364.063,-0.041,-3,SELL
Magadh Sugar & Energy Limited,MAGADSUGAR.NS,"['Low valuation', 'Average profitability', 'Slow revenue growth']","['Stock appears undervalued', 'High debt risk']",8.688119,58.58,0.10666,40.692,0.002,0,SELL
Magnum Ventures Limited,MAGNUM.NS,['Strong revenue growth'],"['PE data missing', 'Weak profitability', 'High debt risk']",,-0.42,-0.00464,39.355,0.418,-2,SELL
Bank of Maharashtra,MAHABANK.NS,"['Low valuation', 'High profitability', 'Strong revenue growth']","['Stock appears undervalued', 'Debt data missing']",7.1866336,7.93,0.22427,,0.202,5,BUY
Maha Rashtra Apex Corporation Limited,MAHAPEXLTD.NS,"['Fair valuation', 'High profitability']","['Debt data missing', 'Declining revenues']",17.288925,6.23,0.71444,,-0.494,1,SELL
Mahamaya Steel Industries Limited,MAHASTEEL.NS,['Strong revenue growth'],"['Stock may be overvalued', 'ROE data missing', 'High debt risk']",143.91518,6.13,,40.365,0.219,-2,SELL
Mahindra EPC Irrigation Limited,MAHEPC.NS,['Fair valuation'],"['Weak profitability', 'High debt risk', 'Declining revenues']",25.433132,5.01,0.08397,21.052,-0.009,-4,SELL
Maheshwari Logistics Limited,MAHESHWARI.NS,"['Low valuation', 'Strong revenue growth']","['Stock appears undervalued', 'Weak profitability', 'High debt risk']",7.8369904,6.38,0.09585,145.284,0.203,0,SELL
Mahindra Lifespace Developers Limited,MAHLIFE.NS,['Strong revenue growth'],"['Stock may be overvalued', 'Weak profitability', 'High debt risk']",44.494316,8.8,0.06157,9.505,1.307,-3,SELL
Mahindra Logistics Limited,MAHLOG.NS,['Slow revenue growth'],"['PE data missing', 'Weak profitability', 'High debt risk']",,-4.47,-0.037219997,57.981,0.108,-2,SELL
Maharashtra Scooters Limited,MAHSCOOTER.NS,['Strong revenue growth'],"['Stock may be overvalued', 'Weak profitability', 'Debt data missing']",45.137405,313.31,0.01121,,0.659,-1,SELL
Maharashtra Seamless Limited,MAHSEAMLES.NS,"['Low valuation', 'Average profitability', 'Low debt']","['Stock appears undervalued', 'Declining revenues']",9.422222,58.5,0.12532,0.151,-0.103,2,HOLD
Maithan Alloys Limited,MAITHANALL.NS,"['Low valuation', 'Average profitability', 'Slow revenue growth']","['Stock appears undervalued', 'High debt risk']",6.4386163,152.89,0.114659995,10.735,0.057,0,SELL
Mallcom (India) Limited,MALLCOM.NS,"['Low valuation', 'Average profitability', 'Slow revenue growth']","['Stock appears undervalued', 'High debt risk']",13.98738,83.99,0.18495001,36.932,0.08,0,SELL
Malu Paper Mills Limited,MALUPAPER.NS,[],"['PE data missing', 'ROE data missing', 'Debt data missing', 'Declining revenues']",,-10.68,,,-0.128,-1,SELL
Mamata Machinery Limited,MAMATA.NS,"['Fair valuation', 'High profitability', 'Strong revenue growth']",['High debt risk'],24.087528,17.48,0.27403998,4.109,0.247,1,SELL
Manaksia Aluminium Company Limited,MANAKALUCO.NS,['Fair valuation'],"['Weak profitability', 'High debt risk', 'Declining revenues']",26.416668,0.96,0.04684,193.509,-0.129,-4,SELL
Manaksia Coated Metals & Industries Limited,MANAKCOAT.NS,"['Average profitability', 'Strong revenue growth']","['Stock may be overvalued', 'High debt risk']",31.413462,4.16,0.15438,30.806,0.26,-2,SELL
Manaksia Limited,MANAKSIA.NS,"['Low valuation', 'Slow revenue growth']","['Stock appears undervalued', 'Weak profitability', 'High debt risk']",8.0807295,7.68,0.08396,5.797,0.121,0,SELL
Manaksia Steels Limited,MANAKSTEEL.NS,"['Fair valuation', 'Strong revenue growth']","['Weak profitability', 'High debt risk']",26.934546,2.75,0.059660003,66.71,1.515,-2,SELL
Manali Petrochemicals Limited,MANALIPETC.NS,"['Fair valuation', 'Slow revenue growth']","['Weak profitability', 'High debt risk']",21.397163,2.82,0.043909997,13.6,0.077,-3,SELL
Manappuram Finance Limited,MANAPPURAM.NS,[],"['Stock may be overvalued', 'Weak profitability', 'High debt risk', 'Declining revenues']",60.726746,5.16,0.03363,301.609,-0.309,-5,SELL
Manba Finance Limited,MANBA.NS,"['Fair valuation', 'Average profitability', 'Slow revenue growth']",['High debt risk'],16.821003,8.38,0.113479994,378.135,0.105,-1,SELL
Mangal Credit and Fincorp Limited,MANCREDIT.NS,"['Fair valuation', 'Strong revenue growth']","['Weak profitability', 'High debt risk']",28.729414,5.95,0.08276,174.678,0.359,-2,SELL
Mangalam Drugs And Organics Limited,MANGALAM.NS,[],"['PE data missing', 'Weak profitability', 'High debt risk', 'Declining revenues']",,-12.51,-0.1437,79.535,-0.382,-4,SELL
Mangalam Cement Limited,MANGLMCEM.NS,"['Fair valuation', 'Slow revenue growth']","['Weak profitability', 'High debt risk']",27.406418,28.05,0.0892,81.544,0.1,-3,SELL
Man Industries (India) Limited,MANINDS.NS,"['Fair valuation', 'Slow revenue growth']","['Weak profitability', 'High debt risk']",16.3182,24.01,0.09739,28.531,0.035,-3,SELL
Man Infraconstruction Limited,MANINFRA.NS,"['Fair valuation', 'Average profitability']","['High debt risk', 'Declining revenues']",18.061539,7.15,0.15558,1.424,-0.354,-3,SELL
Mankind Pharma Limited,MANKIND.NS,"['Average profitability', 'Strong revenue growth']","['Stock may be overvalued', 'High debt risk']",51.539368,42.55,0.13463001,53.892,0.202,-2,SELL
Manomay Tex India Limited,MANOMAY.NS,"['Fair valuation', 'Average profitability']","['High debt risk', 'Declining revenues']",19.10149,10.74,0.13046,234.249,-0.059,-3,SELL
Manorama Industries Limited,MANORAMA.NS,"['High profitability', 'Strong revenue growth']","['Stock may be overvalued', 'High debt risk']",46.09884,28.53,0.36304,66.88,0.654,0,SELL
Mangalam Organics Limited,MANORG.NS,"['Fair valuation', 'Slow revenue growth']","['Weak profitability', 'High debt risk']",17.05414,28.26,0.08166,114.035,0.143,-2,SELL
Manugraph India Limited,MANUGRAPH.NS,['Slow revenue growth'],"['PE data missing', 'Weak profitability', 'High debt risk']",,-2.85,0.00075999997,10.149,0.144,-2,SELL
Vedant Fashions Limited,MANYAVAR.NS,['High profitability'],"['Stock may be overvalued', 'High debt risk', 'Declining revenues']",36.425423,15.89,0.23729,26.948,-0.018,-2,SELL
C.E. Info Systems Limited,MAPMYINDIA.NS,"['Average profitability', 'Slow revenue growth']","['Stock may be overvalued', 'High debt risk']",63.66464,26.36,0.18663,1.148,0.097,-3,SELL
Maral Overseas Limited,MARALOVER.NS,[],"['PE data missing', 'Weak profitability', 'High debt risk', 'Declining revenues']",,-6.3,-0.24774,447.299,-0.079,-4,SELL
Marathon Nextgen Realty Limited,MARATHON.NS,"['Low valuation', 'Average profitability']","['Stock appears undervalued', 'High debt risk', 'Declining revenues']",12.114785,41.73,0.1396,2.665,-0.2,-1,SELL
Marico Limited,MARICO.NS,"['High profitability', 'Strong revenue growth']","['Stock may be overvalued', 'High debt risk']",57.799377,12.86,0.37022,13.671,0.307,0,SELL
Marine Electricals (India) Limited,MARINE.NS,"['Average profitability', 'Strong revenue growth']","['Stock may be overvalued', 'High debt risk']",64.35715,3.36,0.112440005,12.715,0.207,-2,SELL
Markolines Pavement Technologies Limited,MARKOLINES.NS,"['Low valuation', 'Average profitability', 'Strong revenue growth']","['Stock appears undervalued', 'High debt risk']",14.192574,11.58,0.15425,33.27,0.4,1,SELL
Marksans Pharma Limited,MARKSANS.NS,"['Fair valuation', 'Average profitability', 'Slow revenue growth']",['High debt risk'],23.061855,7.76,0.14073,12.238,0.122,-1,SELL
Maruti Suzuki India Limited,MARUTI.NS,"['Average profitability', 'Low debt', 'Slow revenue growth']",['Stock may be overvalued'],35.35954,469.35,0.1565,0.1,0.131,1,SELL
MAS Financial Services Limited,MASFIN.NS,"['Fair valuation', 'Average profitability', 'Strong revenue growth']",['High debt risk'],16.953838,18.63,0.12874,347.367,0.272,-1,SELL
Mask Investments Limited,MASKINVEST.NS,[],"['PE data missing', 'Weak profitability', 'Moderate debt level', 'Declining revenues']",,-0.11,-0.00023,0.826,-0.924,-2,SELL
Mastek Limited,MASTEK.NS,"['Fair valuation', 'Average profitability', 'Slow revenue growth']",['High debt risk'],18.307442,117.16,0.14722,20.327,0.084,-2,SELL
Master Trust Limited,MASTERTR.NS,['Low valuation'],"['Stock appears undervalued', 'ROE data missing', 'Debt data missing', 'Declining revenues']",11.731949,10.11,,,-0.088,1,SELL
Matrimony.Com Limited,MATRIMONY.NS,['Average profitability'],"['Stock may be overvalued', 'High debt risk', 'Declining revenues']",33.171803,15.89,0.123730004,22.336,-0.008,-4,SELL
Mawana Sugars Limited,MAWANASUG.NS,"['Low valuation', 'High profitability', 'Slow revenue growth']","['Stock appears undervalued', 'High debt risk']",3.3594162,26.71,0.25238,1.911,0.121,3,HOLD
Max Estates Limited,MAXESTATES.NS,['Strong revenue growth'],"['Stock may be overvalued', 'Weak profitability', 'High debt risk']",112.641975,4.05,0.01773,69.537,0.414,-3,SELL
Max Healthcare Institute Limited,MAXHEALTH.NS,"['Average profitability', 'Strong revenue growth']","['Stock may be overvalued', 'High debt risk']",77.62283,13.84,0.14397,32.579,0.251,-2,SELL
Max India Limited,MAXIND.NS,['Slow revenue growth'],"['PE data missing', 'Weak profitability', 'High debt risk']",,-31.19,-0.32984,43.616,0.056,-3,SELL
Mayur Uniquoters Ltd,MAYURUNIQ.NS,"['Low valuation', 'Average profitability', 'Strong revenue growth']","['Stock appears undervalued', 'Moderate debt level']",14.060204,35.38,0.16171,0.735,0.155,3,HOLD
Mazda Limited,MAZDA.NS,"['Fair valuation', 'Average profitability']","['Debt data missing', 'Declining revenues']",16.772799,12.72,0.11257,,-0.105,-1,SELL
Mazagon Dock Shipbuilders Limited,MAZDOCK.NS,"['High profitability', 'Low debt', 'Slow revenue growth']",['Stock may be overvalued'],43.87776,57.92,0.28816998,0.021,0.063,2,HOLD
Madhya Bharat Agro Products Limited,MBAPL.NS,"['High profitability', 'Strong revenue growth']","['Stock may be overvalued', 'High debt risk']",39.850533,10.37,0.21884,68.15,0.618,0,SELL
M & B Engineering Limited,MBEL.NS,"['Fair valuation', 'Strong revenue growth']","['ROE data missing', 'High debt risk']",25.271345,15.11,,19.131,0.485,-1,SELL
MBL Infrastructure Limited,MBLINFRA.NS,['Strong revenue growth'],"['PE data missing', 'Weak profitability', 'High debt risk']",,-3.68,-0.08364,98.238,0.521,-2,SELL
Madhav Copper Limited,MCL.NS,['Strong revenue growth'],"['Stock may be overvalued', 'Weak profitability', 'High debt risk']",34.735294,1.7,0.07725,112.554,0.988,-3,SELL
Mcleod Russel India Limited,MCLEODRUSS.NS,[],"['PE data missing', 'Weak profitability', 'High debt risk', 'Declining revenues']",,-26.44,-1.39805,3010.147,-0.198,-4,SELL
Magellanic Cloud Limited,MCLOUD.NS,"['Low valuation', 'High profitability', 'Slow revenue growth']","['Stock appears undervalued', 'High debt risk']",14.266304,1.84,0.20707001,46.793,0.045,2,HOLD
Multi Commodity Exchange of India Limited,MCX.NS,"['High profitability', 'Low debt', 'Strong revenue growth']",['Stock may be overvalued'],81.0264,136.4,0.25017,0.024,0.289,3,HOLD
Global Health Limited,MEDANTA.NS,"['Average profitability', 'Slow revenue growth']","['Stock may be overvalued', 'High debt risk']",56.354916,20.85,0.16391,25.468,0.149,-2,SELL
Medi Assist Healthcare Services Limited,MEDIASSIST.NS,"['Average profitability', 'Strong revenue growth']","['Stock may be overvalued', 'High debt risk']",38.703384,11.53,0.15099,51.568,0.286,-2,SELL
Medicamen Biotech Limited,MEDICAMEQ.NS,['Slow revenue growth'],"['Stock may be overvalued', 'Weak profitability', 'High debt risk']",54.502167,6.93,0.0346,14.033,0.063,-4,SELL
Medico Remedies Limited,MEDICO.NS,"['Average profitability', 'Strong revenue growth']","['Stock may be overvalued', 'High debt risk']",38.48905,1.37,0.18546,18.737,0.338,-2,SELL
Medplus Health Services Limited,MEDPLUS.NS,"['Average profitability', 'Slow revenue growth']","['Stock may be overvalued', 'High debt risk']",50.17549,16.24,0.11209,64.689,0.065,-3,SELL
Meesho Limited,MEESHO.NS,['Strong revenue growth'],"['PE data missing', 'ROE data missing', 'High debt risk']",,-4.71,,8.629,0.426,-1,SELL
Megasoft Limited,MEGASOFT.NS,"['Low valuation', 'High profitability']","['Stock appears undervalued', 'High debt risk', 'Revenue growth data missing']",8.583927,23.89,0.64134,1.385,,2,HOLD
Megastar Foods Limited,MEGASTAR.NS,['Strong revenue growth'],"['Stock may be overvalued', 'Weak profitability', 'High debt risk']",44.888454,5.11,0.060650002,177.675,0.533,-3,SELL
Mangal Electrical Industries Limited,MEIL.NS,"['Fair valuation', 'Average profitability', 'Strong revenue growth']",['High debt risk'],23.36943,16.16,0.12777,11.98,0.167,-1,SELL
Menon Bearings Limited,MENONBE.NS,"['Fair valuation', 'Average profitability', 'Slow revenue growth']",['High debt risk'],21.754099,4.88,0.17853001,33.356,0.053,-2,SELL
MEP Infrastructure Developers Limited,MEP.NS,['Strong revenue growth'],"['PE data missing', 'ROE data missing', 'Debt data missing']",,-46.14,,,2.245,1,SELL
Metro Brands Limited,METROBRAND.NS,"['Average profitability', 'Slow revenue growth']","['Stock may be overvalued', 'High debt risk']",88.243454,12.98,0.1861,77.874,0.112,-2,SELL
Metropolis Healthcare Limited,METROPOLIS.NS,"['Average profitability', 'Strong revenue growth']","['Stock may be overvalued', 'High debt risk']",62.757607,30.57,0.12077,13.916,0.227,-2,SELL
Mahalaxmi Fabric Mills Limited,MFML.NS,['Low valuation'],"['Stock appears undervalued', 'Weak profitability', 'High debt risk', 'Declining revenues']",4.9860835,5.03,0.05667,65.601,-0.339,-2,SELL
Max Financial Services Limited,MFSL.NS,['Slow revenue growth'],"['Stock may be overvalued', 'ROE data missing', 'High debt risk']",343.3265,4.87,,22.445,0.087,-3,SELL
Mangalam Global Enterprise Limited,MGEL.NS,"['Low valuation', 'Average profitability', 'Strong revenue growth']","['Stock appears undervalued', 'High debt risk']",13.321101,1.09,0.17134,103.412,0.254,1,SELL
Mahanagar Gas Limited,MGL.NS,"['Low valuation', 'Average profitability', 'Slow revenue growth']","['Stock appears undervalued', 'High debt risk']",11.520372,98.66,0.16568,3.545,0.148,1,SELL
Mahalaxmi Rubtech Limited,MHLXMIRU.NS,"['Low valuation', 'High profitability', 'Strong revenue growth']","['Stock appears undervalued', 'High debt risk']",10.901777,19.14,0.29202998,18.767,0.269,3,HOLD
Mahindra Holidays & Resorts India Limited,MHRIL.NS,"['Average profitability', 'Slow revenue growth']","['Stock may be overvalued', 'High debt risk']",46.508297,6.63,0.19877,471.153,0.069,-3,SELL
MIC Electronics Limited,MICEL.NS,['Strong revenue growth'],"['Stock may be overvalued', 'Weak profitability', 'High debt risk']",115.23077,0.39,0.04309,20.072,0.38,-3,SELL
Mishra Dhatu Nigam Limited,MIDHANI.NS,[],"['Stock may be overvalued', 'Weak profitability', 'High debt risk', 'Declining revenues']",55.3125,5.76,0.07716,23.466,-0.2,-5,SELL
Midwest Limited,MIDWESTLTD.NS,['Slow revenue growth'],"['Stock may be overvalued', 'ROE data missing', 'High debt risk']",49.902393,33.81,,34.016,0.124,-2,SELL
Minda Corporation Limited,MINDACORP.NS,"['Average profitability', 'Strong revenue growth']","['Stock may be overvalued', 'High debt risk']",52.087814,11.16,0.11748999,62.969,0.19,-2,SELL
Mindteck (India) Limited,MINDTECK.NS,"['Fair valuation', 'Average profitability']","['High debt risk', 'Declining revenues']",20.871399,9.72,0.11833999,2.04,-0.061,-3,SELL
MIRC Electronics Limited,MIRCELECTR.NS,['Slow revenue growth'],"['PE data missing', 'Weak profitability', 'High debt risk']",,-0.68,-0.12784,31.055,0.079,-3,SELL
Mirza International Limited,MIRZAINT.NS,[],"['Stock may be overvalued', 'Weak profitability', 'High debt risk', 'Declining revenues']",51.287666,0.73,0.01792,4.955,-0.184,-5,SELL
MITCON Consultancy & Engineering Services Limited,MITCON.NS,['Slow revenue growth'],"['Stock may be overvalued', 'Weak profitability', 'High debt risk']",41.126503,1.66,0.027929999,62.951,0.058,-4,SELL
Mittal Life Style Limited,MITTAL.NS,['Strong revenue growth'],"['Stock may be overvalued', 'Weak profitability', 'High debt risk']",40.000004,0.03,0.04422,14.045,0.287,-3,SELL
M K Proteins Limited,MKPL.NS,"['Fair valuation', 'Average profitability']","['High debt risk', 'Declining revenues']",27.636364,0.22,0.12129,2.694,-0.037,-3,SELL
MM Forgings Limited,MMFL.NS,"['Fair valuation', 'Average profitability']","['High debt risk', 'Declining revenues']",18.079838,19.79,0.10746,140.389,-0.033,-3,SELL
MMP Industries Limited,MMP.NS,"['Fair valuation', 'Strong revenue growth']","['Weak profitability', 'High debt risk']",27.5,9.16,0.074489996,53.99,0.296,-2,SELL
MMTC Limited,MMTC.NS,['Average profitability'],"['Stock may be overvalued', 'High debt risk', 'Declining revenues']",43.70068,1.47,0.12129,1.796,-0.295,-4,SELL
One Mobikwik Systems Limited,MOBIKWIK.NS,[],"['PE data missing', 'Weak profitability', 'High debt risk', 'Declining revenues']",,-23.12,-0.53418,65.223,-0.07,-4,SELL
Modi Naturals Limited,MODINATUR.NS,"['Low valuation', 'High profitability', 'Slow revenue growth']","['Stock appears undervalued', 'High debt risk']",13.551147,27.47,0.29497,106.715,0.003,2,HOLD
Modi Rubber Limited,MODIRUBBER.NS,"['Fair valuation', 'Strong revenue growth']","['Weak profitability', 'High debt risk']",24.821693,6.73,0.02411,2.81,0.201,-2,SELL
Modis Navnirman Limited,MODIS.NS,"['Average profitability', 'Strong revenue growth']","['Stock may be overvalued', 'High debt risk']",33.92857,10.08,0.12824,3.162,0.507,-2,SELL
MODISON LIMITED,MODISONLTD.NS,"['Low valuation', 'Average profitability', 'Strong revenue growth']","['Stock appears undervalued', 'High debt risk']",14.670743,9.81,0.14708,37.68,0.185,1,SELL
Modern Threads (India) Limited,MODTHREAD.NS,['Fair valuation'],"['ROE data missing', 'Debt data missing', 'Revenue growth data missing']",27.803797,1.58,,,,0,SELL
Mohit Industries Limited,MOHITIND.NS,['Strong revenue growth'],"['PE data missing', 'Weak profitability', 'High debt risk']",,-1.1,-0.00654,40.091,0.343,-2,SELL
MOIL Limited,MOIL.NS,"['Fair valuation', 'Average profitability', 'Strong revenue growth']",['Debt data missing'],24.61876,14.82,0.113570005,,0.192,1,SELL
Moksh Ornaments Limited,MOKSH.NS,['Low valuation'],"['Stock appears undervalued', 'Weak profitability', 'High debt risk', 'Declining revenues']",12.048,1.25,0.09616,31.143,-0.043,-2,SELL
Meghmani Organics Limited,MOL.NS,['Slow revenue growth'],"['Stock may be overvalued', 'Weak profitability', 'High debt risk']",41.451614,1.55,0.026099999,54.599,0.061,-4,SELL
Mold-Tek Technologies Limited,MOLDTECH.NS,[],"['Stock may be overvalued', 'Weak profitability', 'High debt risk', 'Declining revenues']",152.52475,1.01,0.02248,4.117,-0.066,-5,SELL
Mold-Tek Packaging Limited,MOLDTKPAC.NS,"['Fair valuation', 'Average profitability', 'Slow revenue growth']",['High debt risk'],29.649683,20.41,0.10493,34.014,0.096,-2,SELL
Monarch Networth Capital Limited,MONARCH.NS,"['Fair valuation', 'Average profitability']","['High debt risk', 'Declining revenues']",15.715762,19.35,0.19315,1.259,-0.161,-3,SELL
Moneyboxx Finance Limited,MONEYBOXX.NS,['Slow revenue growth'],"['PE data missing', 'Weak profitability', 'High debt risk']",,-0.76,-0.01733,246.36,0.077,-3,SELL
Monte Carlo Fashions Limited,MONTECARLO.NS,"['Fair valuation', 'Average profitability', 'Slow revenue growth']",['High debt risk'],16.73861,41.7,0.10927,89.066,0.132,-1,SELL
Morepen Laboratories Limited,MOREPENLAB.NS,['Fair valuation'],"['Weak profitability', 'High debt risk', 'Declining revenues']",23.06704,1.79,0.0862,13.239,-0.06,-4,SELL
Moschip Technologies Limited,MOSCHIP.NS,"['Average profitability', 'Strong revenue growth']","['Stock may be overvalued', 'High debt risk']",95.23611,2.16,0.12953,13.098,0.17,-2,SELL
Samvardhana Motherson International Limited,MOTHERSON.NS,['Slow revenue growth'],"['Stock may be overvalued', 'Weak profitability', 'High debt risk']",41.42014,2.88,0.09554,49.937,0.08,-4,SELL
Motilal Oswal Financial Services Limited,MOTILALOFS.NS,"['Fair valuation', 'Average profitability']","['High debt risk', 'Declining revenues']",26.185925,32.97,0.16871001,121.038,-0.387,-3,SELL
Motisons Jewellers Limited,MOTISONS.NS,['Average profitability'],"['PE data missing', 'High debt risk', 'Declining revenues']",,-1.01,0.14199,12.395,-0.173,-3,SELL
The Motor & General Finance Limited,MOTOGENFIN.NS,['Low debt'],"['Stock may be overvalued', 'Weak profitability', 'Declining revenues']",58.28205,0.39,0.01984,0.483,-0.107,-2,SELL
MphasiS Limited,MPHASIS.NS,"['Average profitability', 'Slow revenue growth']","['Stock may be overvalued', 'High debt risk']",30.422626,93.7,0.19518,20.567,0.103,-2,SELL
MPS Limited,MPSLTD.NS,"['Fair valuation', 'High profitability', 'Slow revenue growth']",['High debt risk'],18.995148,105.09,0.38149,2.061,0.094,0,SELL
MRF Limited,MRF.NS,['Slow revenue growth'],"['Stock may be overvalued', 'Weak profitability', 'High debt risk']",34.321037,4376.47,0.0999,18.678,0.072,-4,SELL
Mangalore Refinery and Petrochemicals Limited,MRPL.NS,['Fair valuation'],"['Weak profitability', 'High debt risk', 'Declining revenues']",24.49493,5.92,0.08091,81.274,-0.093,-4,SELL
MSP Steel & Power Limited,MSPL.NS,['Slow revenue growth'],"['PE data missing', 'Weak profitability', 'High debt risk']",,-1.55,-0.11058,30.822,0.031,-3,SELL
Mstc Limited,MSTCLTD.NS,"['Low valuation', 'High profitability', 'Strong revenue growth']","['Stock appears undervalued', 'High debt risk']",8.637132,59.14,0.46194,17.456,0.182,3,HOLD
Motherson Sumi Wiring India Limited,MSUMI.NS,"['High profitability', 'Strong revenue growth']","['Stock may be overvalued', 'High debt risk']",48.526882,0.93,0.35456002,13.718,0.185,0,SELL
Mtar Technologies Limited,MTARTECH.NS,[],"['Stock may be overvalued', 'Weak profitability', 'High debt risk', 'Declining revenues']",165.5671,14.46,0.06199,25.061,-0.287,-5,SELL
MT Educare Limited,MTEDUCARE.NS,['Slow revenue growth'],"['PE data missing', 'Weak profitability', 'Debt data missing']",,-3.13,-3.7745402,,0.075,-1,SELL
Mahanagar Telephone Nigam Limited,MTNL.NS,['Slow revenue growth'],"['PE data missing', 'ROE data missing', 'Debt data missing']",,-56.62,,,0.089,0,SELL
Mufin Green Finance Limited,MUFIN.NS,['Slow revenue growth'],"['Stock may be overvalued', 'Weak profitability', 'High debt risk']",106.66354,1.07,0.06217,272.397,0.063,-4,SELL
Credo Brands Marketing Limited,MUFTI.NS,"['Low valuation', 'Average profitability']","['Stock appears undervalued', 'High debt risk', 'Declining revenues']",11.378995,8.76,0.14463,58.118,-0.118,-1,SELL
Mukand Limited,MUKANDLTD.NS,['Fair valuation'],"['Weak profitability', 'High debt risk', 'Declining revenues']",29.554567,4.49,0.068720005,189.15,-0.081,-4,SELL
Mukka Proteins Limited,MUKKA.NS,"['Fair valuation', 'Average profitability', 'Strong revenue growth']",['High debt risk'],15.227847,1.58,0.11249,131.932,0.639,-1,SELL
Mukta Arts Limited,MUKTAARTS.NS,['Slow revenue growth'],"['PE data missing', 'ROE data missing', 'Debt data missing']",,-7.1,,,0.086,0,SELL
Munjal Auto Industries Limited,MUNJALAU.NS,"['Fair valuation', 'Slow revenue growth']","['Weak profitability', 'High debt risk']",24.129911,3.31,0.09437,87.847,0.118,-2,SELL
Munjal Showa Limited,MUNJALSHOW.NS,"['Fair valuation', 'Slow revenue growth']","['Weak profitability', 'Debt data missing']",19.288136,6.49,0.03903,,0.047,-1,SELL
Murudeshwar Ceramics Limited,MURUDCERA.NS,"['Fair valuation', 'Slow revenue growth']","['Weak profitability', 'High debt risk']",20.449705,1.69,0.027309999,34.717,0.064,-3,SELL
Muthoot Capital Services Limited,MUTHOOTCAP.NS,['Fair valuation'],"['Weak profitability', 'High debt risk', 'Declining revenues']",26.425144,10.42,0.02643,448.898,-0.085,-4,SELL
Muthoot Finance Limited,MUTHOOTFIN.NS,"['Fair valuation', 'High profitability', 'Strong revenue growth']",['High debt risk'],20.790668,182.63,0.23806,367.438,0.635,1,SELL
Muthoot Microfin Limited,MUTHOOTMF.NS,[],"['PE data missing', 'Weak profitability', 'High debt risk', 'Declining revenues']",,-21.4,-0.12649,320.224,-0.064,-4,SELL
Manoj Vaibhav Gems N Jewellers Limited,MVGJL.NS,"['Low valuation', 'Average profitability', 'Strong revenue growth']","['Stock appears undervalued', 'High debt risk']",8.790261,21.36,0.1452,53.159,0.177,1,SELL
Mangalam Worldwide Limited,MWL.NS,"['Fair valuation', 'Average profitability', 'Strong revenue growth']",['High debt risk'],22.284008,12.57,0.15061,78.694,0.334,-1,SELL
NACL Industries Limited-RE,NACL-RE.NS,[],"['PE data missing', 'ROE data missing', 'Debt data missing', 'Revenue growth data missing']",,,,,,0,SELL
NACL Industries Limited,NACLIND.NS,['Slow revenue growth'],"['PE data missing', 'Weak profitability', 'High debt risk']",,-3.26,-0.1487,112.964,0.038,-3,SELL
Nagarjuna Fertilizers and Chemicals Limited,NAGAFERT.NS,[],"['PE data missing', 'ROE data missing', 'Debt data missing', 'Declining revenues']",,-0.04,,,-0.999,-1,SELL
Nagreeka Capital & Infrastructure Limited,NAGREEKCAP.NS,"['Low valuation', 'High profitability']","['Stock appears undervalued', 'High debt risk', 'Declining revenues']",2.0774488,13.17,0.86134005,329.865,-0.659,1,SELL
Nagreeka Exports Limited,NAGREEKEXP.NS,[],"['Stock may be overvalued', 'Weak profitability', 'High debt risk', 'Declining revenues']",31.282352,0.85,0.017280001,110.687,-0.102,-5,SELL
Nahar Capital and Financial Services Limited,NAHARCAP.NS,"['Low valuation', 'Low debt']","['Stock appears undervalued', 'Weak profitability', 'Declining revenues']",7.219567,35.57,0.03628,0.362,-0.199,1,SELL
Nahar Industrial Enterprises Limited,NAHARINDUS.NS,['Low valuation'],"['Stock appears undervalued', 'Weak profitability', 'High debt risk', 'Declining revenues']",11.287201,9.61,0.04196,50.924,-0.044,-2,SELL
Nahar Poly Films Limited,NAHARPOLY.NS,"['Low valuation', 'Slow revenue growth']","['Stock appears undervalued', 'Weak profitability', 'High debt risk']",9.700162,24.68,0.07085,11.21,0.022,-1,SELL
Nahar Spinning Mills Limited,NAHARSPING.NS,['Fair valuation'],"['Weak profitability', 'High debt risk', 'Declining revenues']",21.136364,9.24,0.02279,49.532,-0.016,-4,SELL
Nippon Life India Asset Management Limited,NAM-INDIA.NS,"['High profitability', 'Slow revenue growth']","['Stock may be overvalued', 'High debt risk']",41.952106,20.67,0.31588,1.938,0.004,-1,SELL
Narmada Agrobase Limited,NARMADA.NS,['Strong revenue growth'],"['Stock may be overvalued', 'Weak profitability', 'High debt risk']",53.024998,0.4,0.09915,18.194,0.162,-3,SELL
Natural Capsules Limited,NATCAPSUQ.NS,['Slow revenue growth'],"['PE data missing', 'Weak profitability', 'High debt risk']",,-11.51,-0.047420003,45.685,0.111,-2,SELL
Natco Pharma Limited,NATCOPHARM.NS,"['Low valuation', 'Average profitability']","['Stock appears undervalued', 'High debt risk', 'Declining revenues']",10.571328,85.94,0.19437,3.012,-0.006,-1,SELL
Nath Bio-Genes (India) Limited,NATHBIOGEN.NS,"['Low valuation', 'Strong revenue growth']","['Stock appears undervalued', 'Weak profitability', 'High debt risk']",6.734852,23.27,0.06691,22.774,0.362,0,SELL
National Aluminium Company Limited,NATIONALUM.NS,"['Low valuation', 'High profitability', 'Low debt', 'Slow revenue growth']",['Stock appears undervalued'],9.220253,33.28,0.34459,0.282,0.073,5,BUY
Info Edge (India) Limited,NAUKRI.NS,['Slow revenue growth'],"['Stock may be overvalued', 'Weak profitability', 'Moderate debt level']",67.04958,20.37,0.03525,0.544,0.149,-1,SELL
NAVA LIMITED,NAVA.NS,"['Fair valuation', 'Average profitability', 'Slow revenue growth']",['High debt risk'],17.214817,32.26,0.13036,15.987,0.07,-2,SELL
Navin Fluorine International Limited,NAVINFLUOR.NS,"['Average profitability', 'Strong revenue growth']","['Stock may be overvalued', 'High debt risk']",65.10147,88.7,0.14631,32.677,0.463,-2,SELL
Navkar Corporation Limited,NAVKARCORP.NS,['Strong revenue growth'],"['PE data missing', 'Weak profitability', 'High debt risk']",,-1.54,-0.011879999,9.144,0.222,-2,SELL
Navkar Urbanstructure Limited,NAVKARURB.NS,[],"['PE data missing', 'Weak profitability', 'High debt risk', 'Revenue growth data missing']",,-0.09,-0.00926,3.823,,-3,SELL
Navneet Education Limited,NAVNETEDUL.NS,"['Fair valuation', 'Average profitability']","['High debt risk', 'Declining revenues']",18.161413,7.93,0.10706,5.146,-0.091,-3,SELL
Nazara Technologies Limited,NAZARA.NS,['Strong revenue growth'],"['PE data missing', 'Weak profitability', 'High debt risk']",,-2.68,0.008090001,5.66,0.651,-2,SELL
NBCC (India) Limited,NBCC.NS,"['High profitability', 'Low debt', 'Strong revenue growth']",['Stock may be overvalued'],54.98198,2.22,0.22934,0.011,0.227,3,HOLD
N. B. I. Industrial Finance Company Limited,NBIFIN.NS,['Strong revenue growth'],"['Stock may be overvalued', 'Weak profitability', 'Debt data missing']",64.38863,34.84,0.00387,,0.57,-1,SELL
NCC Limited,NCC.NS,"['Low valuation', 'Average profitability']","['Stock appears undervalued', 'High debt risk', 'Declining revenues']",12.498815,12.65,0.11417,37.893,-0.126,-1,SELL
NCL Industries Limited,NCLIND.NS,"['Fair valuation', 'Slow revenue growth']","['Weak profitability', 'High debt risk']",17.958904,10.95,0.05748,35.688,0.044,-3,SELL
Naga Dhunseri Group Limited,NDGL.NS,['Low valuation'],"['Stock appears undervalued', 'ROE data missing', 'Debt data missing', 'Revenue growth data missing']",7.297755,395.93,,,,2,HOLD
Nandan Denim Limited,NDL.NS,['Low valuation'],"['Stock appears undervalued', 'Weak profitability', 'High debt risk', 'Declining revenues']",1.2680851,2.35,0.06101,34.572,-0.077,-2,SELL
NDL Ventures Limited,NDLVENTURE.NS,[],"['Stock may be overvalued', 'Weak profitability', 'Debt data missing', 'Revenue growth data missing']",404.31818,0.22,0.01232,,,-2,SELL
Ndr Auto Components Limited,NDRAUTO.NS,"['Average profitability', 'Slow revenue growth']","['Stock may be overvalued', 'High debt risk']",33.359886,24.48,0.19224001,15.671,0.148,-2,SELL
New Delhi Television Limited,NDTV.NS,['Slow revenue growth'],"['PE data missing', 'Weak profitability', 'Debt data missing']",,-33.59,-5.39258,,0.098,-1,SELL
North Eastern Carrying Corporation Limited,NECCLTD.NS,['Fair valuation'],"['Weak profitability', 'High debt risk', 'Declining revenues']",25.054054,0.74,0.033350002,55.5,-0.137,-4,SELL
Nectar Lifesciences Limited,NECLIFE.NS,[],"['PE data missing', 'Weak profitability', 'High debt risk', 'Declining revenues']",,-5.08,-0.12687,64.007,-0.988,-4,SELL
Nelcast Limited,NELCAST.NS,['Fair valuation'],"['Weak profitability', 'High debt risk', 'Declining revenues']",24.790096,4.24,0.06661,51.3,-0.096,-4,SELL
NELCO Limited,NELCO.NS,[],"['Stock may be overvalued', 'Weak profitability', 'High debt risk', 'Declining revenues']",399.62366,1.86,0.033570003,55.947,-0.1,-5,SELL
Neogen Chemicals Limited,NEOGEN.NS,['Slow revenue growth'],"['Stock may be overvalued', 'Weak profitability', 'High debt risk']",117.061806,9.87,0.03306,141.474,0.079,-4,SELL
Nephrocare Health Services Limited,NEPHROPLUS.NS,['Average profitability'],"['Stock may be overvalued', 'High debt risk', 'Revenue growth data missing']",71.07463,6.7,0.13448,36.468,,-3,SELL
Nesco Limited,NESCO.NS,"['Fair valuation', 'Average profitability', 'Strong revenue growth']",['High debt risk'],20.827656,58.72,0.15818,3.913,0.17,-1,SELL
Nestle India Limited,NESTLEIND.NS,"['High profitability', 'Slow revenue growth']","['Stock may be overvalued', 'High debt risk']",83.50394,15.24,0.70792,10.753,0.106,0,SELL
Netweb Technologies India Limited,NETWEB.NS,"['High profitability', 'Strong revenue growth']","['Stock may be overvalued', 'High debt risk']",131.4238,23.95,0.2609,3.108,0.21,0,SELL
Network18 Media & Investments Limited,NETWORK18.NS,[],"['PE data missing', 'Weak profitability', 'High debt risk', 'Declining revenues']",,-8.34,-0.07545,64.359,-0.727,-4,SELL
Neueon Corporation Limited,NEUEON.NS,[],"['PE data missing', 'ROE data missing', 'High debt risk', 'Revenue growth data missing']",,-27.25,,6.215,,-2,SELL
Neuland Laboratories Limited,NEULANDLAB.NS,"['Average profitability', 'Strong revenue growth']","['Stock may be overvalued', 'High debt risk']",80.066284,187.07,0.15928,16.327,0.654,-2,SELL
Newgen Software Technologies Limited,NEWGEN.NS,"['High profitability', 'Slow revenue growth']","['Stock may be overvalued', 'High debt risk']",36.672497,22.87,0.22743,3.254,0.146,0,SELL
Next Mediaworks Limited,NEXTMEDIA.NS,['Low valuation'],"['Stock appears undervalued', 'ROE data missing', 'Debt data missing', 'Revenue growth data missing']",0.64816755,9.55,,,,2,HOLD
National Fertilizers Limited,NFL.NS,['Strong revenue growth'],"['Stock may be overvalued', 'Weak profitability', 'High debt risk']",40.8093,2.15,0.04123,176.918,0.54,-3,SELL
Nakoda Group of Industries Limited,NGIL.NS,['Strong revenue growth'],"['PE data missing', 'Weak profitability', 'High debt risk']",,-1.42,-0.07538,41.959,0.576,-2,SELL
NGL Fine-Chem Limited,NGLFINE.NS,['Strong revenue growth'],"['Stock may be overvalued', 'Weak profitability', 'High debt risk']",39.269814,33.69,0.07221,29.381,0.286,-3,SELL
Narayana Hrudayalaya Ltd.,NH.NS,"['High profitability', 'Strong revenue growth']","['Stock may be overvalued', 'High debt risk']",44.85046,41.46,0.23226999,57.614,0.174,0,SELL
NHPC Limited,NHPC.NS,"['Fair valuation', 'Slow revenue growth']","['Weak profitability', 'High debt risk']",28.915129,2.71,0.07776,100.41,0.103,-2,SELL
The New India Assurance Company Limited,NIACL.NS,"['Fair valuation', 'Strong revenue growth']","['Weak profitability', 'Debt data missing']",21.849434,7.04,0.02454,,0.247,0,SELL
NIBE Limited,NIBE.NS,[],"['Stock may be overvalued', 'ROE data missing', 'High debt risk', 'Declining revenues']",1681.3236,0.68,,31.522,-0.25,-4,SELL
NRB Industrial Bearings Limited,NIBL.NS,"['Low valuation', 'Slow revenue growth']","['Stock appears undervalued', 'ROE data missing', 'Debt data missing']",3.155022,9.16,,,0.092,2,HOLD
NIIT Limited,NIITLTD.NS,['Strong revenue growth'],"['Stock may be overvalued', 'Weak profitability', 'Moderate debt level']",39.570213,2.35,0.03088,0.638,0.157,-1,SELL
NIIT Learning Systems Limited,NIITMTS.NS,"['Fair valuation', 'Average profitability', 'Strong revenue growth']",['High debt risk'],29.707682,14.71,0.17095,19.46,0.197,-1,SELL
Nila Infrastructures Limited,NILAINFRA.NS,"['Fair valuation', 'Average profitability', 'Strong revenue growth']",['High debt risk'],16.525425,0.59,0.13936,13.641,0.86,-1,SELL
Nila Spaces Limited,NILASPACES.NS,"['Average profitability', 'Strong revenue growth']","['Stock may be overvalued', 'High debt risk']",33.2,0.5,0.13663,62.622,0.322,-2,SELL
Nilkamal Limited,NILKAMAL.NS,"['Fair valuation', 'Strong revenue growth']","['Weak profitability', 'High debt risk']",19.804258,69.99,0.071279995,35.718,0.178,-2,SELL
NINtec Systems Limited,NINSYS.NS,"['Fair valuation', 'High profitability', 'Strong revenue growth']",['High debt risk'],25.332914,15.92,0.47384998,2.589,0.23,1,SELL
Indo-National Limited,NIPPOBATRY.NS,['Slow revenue growth'],"['PE data missing', 'Weak profitability', 'High debt risk']",,-12.76,-0.02226,36.972,0.073,-3,SELL
Niraj Cement Structurals Limited,NIRAJ.NS,"['Low valuation', 'Strong revenue growth']","['Stock appears undervalued', 'Weak profitability', 'High debt risk']",10.264483,3.97,0.09782,1.296,0.244,0,SELL
Niraj Ispat Industries Limited,NIRAJISPAT.NS,['Low valuation'],"['Stock appears undervalued', 'ROE data missing', 'Debt data missing', 'Revenue growth data missing']",8.45197,24.36,,,,2,HOLD
Nitco Limited,NITCO.NS,['Strong revenue growth'],"['PE data missing', 'ROE data missing', 'High debt risk']",,-61.82,,101.391,0.648,-1,SELL
Nitin Spinners Limited,NITINSPIN.NS,"['Low valuation', 'Average profitability']","['Stock appears undervalued', 'High debt risk', 'Declining revenues']",10.698888,29.69,0.12905,66.856,-0.076,-1,SELL
Nitiraj Engineers Limited,NITIRAJ.NS,"['Fair valuation', 'Low debt', 'Strong revenue growth']",['Weak profitability'],24.800793,7.58,0.09665,0.028,0.305,1,SELL
Niva Bupa Health Insurance Company Limited,NIVABUPA.NS,['Slow revenue growth'],"['Stock may be overvalued', 'Weak profitability', 'High debt risk']",150.68,0.5,0.0241,6.577,0.137,-3,SELL
NK Industries Limited,NKIND.NS,[],"['PE data missing', 'ROE data missing', 'Debt data missing', 'Declining revenues']",,-9.67,,,-0.576,-1,SELL
NLC India Limited,NLCINDIA.NS,"['Low valuation', 'Average profitability', 'Slow revenue growth']","['Stock appears undervalued', 'High debt risk']",13.14729,19.01,0.1238,104.679,0.142,1,SELL
NMDC Limited,NMDC.NS,"['Low valuation', 'High profitability', 'Strong revenue growth']","['Stock appears undervalued', 'High debt risk']",10.339174,7.99,0.23085,11.21,0.297,3,HOLD
NOCIL Limited,NOCIL.NS,[],"['Stock may be overvalued', 'Weak profitability', 'Moderate debt level', 'Declining revenues']",41.45623,3.77,0.0356,0.527,-0.136,-3,SELL
Noida Toll Bridge Company Limited,NOIDATOLL.NS,['Slow revenue growth'],"['PE data missing', 'Weak profitability', 'Debt data missing']",,-12.09,-2.7885501,,0.064,-1,SELL
Norben Tea & Exports Limited,NORBTEAEXP.NS,[],"['PE data missing', 'Weak profitability', 'High debt risk', 'Declining revenues']",,-0.77,-0.04586,42.932,-0.269,-4,SELL
Northern Arc Capital Limited,NORTHARC.NS,"['Fair valuation', 'Slow revenue growth']","['Weak profitability', 'High debt risk']",19.803616,12.73,0.08036,281.813,0.081,-3,SELL
Nova Agritech Limited,NOVAAGRI.NS,"['Low valuation', 'Average profitability', 'Slow revenue growth']","['Stock appears undervalued', 'High debt risk']",13.79078,2.82,0.12157,23.31,0.117,1,SELL
Network People Services Technologies Limited,NPST.NS,['Average profitability'],"['Stock may be overvalued', 'High debt risk', 'Declining revenues']",97.79305,13.82,0.11071,1.639,-0.301,-4,SELL
N R Agarwal Industries Limited,NRAIL.NS,['Strong revenue growth'],"['Stock may be overvalued', 'Weak profitability', 'High debt risk']",38.917274,12.33,0.027,92.625,0.225,-3,SELL
NRB Bearing Limited,NRBBEARING.NS,"['Fair valuation', 'Slow revenue growth']","['Weak profitability', 'High debt risk']",28.851421,9.49,0.09884,13.631,0.079,-3,SELL
Nupur Recyclers Limited,NRL.NS,['Average profitability'],"['Stock may be overvalued', 'High debt risk', 'Declining revenues']",31.27174,1.84,0.10967,11.462,-0.047,-4,SELL
Nalwa Sons Investments Limited,NSIL.NS,['Low debt'],"['Stock may be overvalued', 'Weak profitability', 'Declining revenues']",132.80933,49.3,0.00151,0.003,-0.586,-2,SELL
NMDC Steel Limited,NSLNISP.NS,['Strong revenue growth'],"['PE data missing', 'Weak profitability', 'High debt risk']",,-4.5,-0.09648,40.766,1.227,-2,SELL
NTPC Limited,NTPC.NS,"['Fair valuation', 'Average profitability', 'Slow revenue growth']",['High debt risk'],17.350107,18.68,0.13104,127.753,0.002,-2,SELL
NTPC Green Energy Limited,NTPCGREEN.NS,['Strong revenue growth'],"['Stock may be overvalued', 'Weak profitability', 'High debt risk']",112.0241,0.83,0.044660002,115.845,0.215,-3,SELL
Nucleus Software Exports Limited,NUCLEUS.NS,"['Fair valuation', 'High profitability', 'Slow revenue growth']",['Moderate debt level'],15.040052,61.17,0.20602,0.93,0.056,2,HOLD
Nureca Limited,NURECA.NS,['Strong revenue growth'],"['Stock may be overvalued', 'Weak profitability', 'High debt risk']",69.47562,4.1,0.02088,2.713,0.21,-3,SELL
Nuvama Wealth Management Limited,NUVAMA.NS,"['Fair valuation', 'High profitability', 'Slow revenue growth']",['High debt risk'],27.017004,55.28,0.29478002,237.583,0.055,0,SELL
Nuvoco Vistas Corporation Limited,NUVOCO.NS,['Slow revenue growth'],"['Stock may be overvalued', 'Weak profitability', 'High debt risk']",48.244125,7.66,0.030280001,63.213,0.083,-4,SELL
FSN E-Commerce Ventures Limited,NYKAA.NS,['Strong revenue growth'],"['Stock may be overvalued', 'Weak profitability', 'High debt risk']",720.69446,0.36,0.07422,97.748,0.251,-3,SELL
Oriental Aromatics Limited,OAL.NS,['Slow revenue growth'],"['Stock may be overvalued', 'Weak profitability', 'High debt risk']",103.72413,2.9,0.014880001,60.196,0.146,-3,SELL
Orissa Bengal Carrier Limited,OBCL.NS,['Slow revenue growth'],"['PE data missing', 'Weak profitability', 'High debt risk']",,-0.03,-0.00074,62.946,0.081,-3,SELL
Oberoi Realty Limited,OBEROIRLTY.NS,"['Fair valuation', 'Average profitability', 'Strong revenue growth']",['High debt risk'],27.380253,61.38,0.1416,18.083,0.348,-1,SELL
OCCL Limited,OCCLLTD.NS,['Low valuation'],"['Stock appears undervalued', 'ROE data missing', 'Debt data missing', 'Revenue growth data missing']",13.97486,7.16,,,,2,HOLD
Odigma Consultancy Solutions Limited,ODIGMA.NS,['Strong revenue growth'],"['Stock may be overvalued', 'Weak profitability', 'Debt data missing']",235.57143,0.14,0.0071799997,,0.494,-1,SELL
Oracle Financial Services Software Limited,OFSS.NS,"['Fair valuation', 'High profitability', 'Low debt', 'Slow revenue growth']",[],28.635075,271.59,0.32889998,0.461,0.069,3,HOLD
Oil India Limited,OIL.NS,"['Low valuation', 'Average profitability', 'Strong revenue growth']","['Stock appears undervalued', 'High debt risk']",10.968137,36.72,0.11196,58.174,0.158,1,SELL
Oil Country Tubular Limited,OILCOUNTUB.NS,[],"['PE data missing', 'Weak profitability', 'High debt risk', 'Declining revenues']",,-8.29,-0.19785,11.362,-0.551,-4,SELL
Ola Electric Mobility Limited,OLAELEC.NS,[],"['PE data missing', 'Weak profitability', 'High debt risk', 'Declining revenues']",,-5.24,-0.41777,71.879,-0.432,-4,SELL
Olectra Greentech Limited,OLECTRA.NS,"['Average profitability', 'Strong revenue growth']","['Stock may be overvalued', 'High debt risk']",71.260796,17.37,0.13527,32.542,0.254,-2,SELL
Omax Autos Limited,OMAXAUTO.NS,"['Fair valuation', 'Slow revenue growth']","['Weak profitability', 'High debt risk']",20.049406,5.06,0.03446,22.535,0.123,-2,SELL
Omaxe Limited,OMAXE.NS,[],"['PE data missing', 'ROE data missing', 'Debt data missing', 'Declining revenues']",,-35.62,,,-0.176,-1,SELL
Om Freight Forwarders Limited,OMFREIGHT.NS,['Low valuation'],"['Stock appears undervalued', 'ROE data missing', 'High debt risk', 'Declining revenues']",14.866769,6.53,,14.352,-0.124,-1,SELL
OM INFRA LIMITED,OMINFRAL.NS,[],"['Stock may be overvalued', 'Weak profitability', 'High debt risk', 'Declining revenues']",37.05283,2.65,0.03237,14.074,-0.481,-5,SELL
Omkar Speciality Chemicals Limited,OMKARCHEM.NS,[],"['PE data missing', 'ROE data missing', 'Debt data missing', 'Declining revenues']",,-3.67,,,-0.492,-1,SELL
Onelife Capital Advisors Limited,ONELIFECAP.NS,[],"['PE data missing', 'Weak profitability', 'High debt risk', 'Declining revenues']",,-3.05,-0.1129,128.135,-0.522,-4,SELL
One Point One Solutions Limited,ONEPOINT.NS,['Slow revenue growth'],"['Stock may be overvalued', 'Weak profitability', 'High debt risk']",42.08696,1.38,0.0913,12.498,0.134,-3,SELL
Onesource Specialty Pharma Limited,ONESOURCE.NS,[],"['Stock may be overvalued', 'ROE data missing', 'High debt risk', 'Declining revenues']",480.93924,3.62,,21.928,-0.314,-4,SELL
Oil & Natural Gas Corporation Limited,ONGC.NS,"['Low valuation', 'Average profitability']","['Stock appears undervalued', 'High debt risk', 'Declining revenues']",8.05945,29.1,0.10977,43.805,-0.003,-1,SELL
OnMobile Global Limited,ONMOBILE.NS,[],"['Stock may be overvalued', 'Weak profitability', 'High debt risk', 'Declining revenues']",71.36585,0.82,0.01303,12.156,-0.009,-5,SELL
Onward Technologies Limited,ONWARDTEC.NS,"['Fair valuation', 'Average profitability', 'Slow revenue growth']",['High debt risk'],15.291992,17.98,0.18664,16.959,0.129,-1,SELL
Optiemus Infracom Limited,OPTIEMUS.NS,['Average profitability'],"['Stock may be overvalued', 'High debt risk', 'Declining revenues']",63.597954,7.81,0.11208,32.446,-0.122,-4,SELL
Orbit Exports Limited,ORBTEXP.NS,"['Low valuation', 'Average profitability']","['Stock appears undervalued', 'High debt risk', 'Declining revenues']",13.47507,14.44,0.13694,3.749,-0.032,-1,SELL
Orchasp Limited,ORCHASP.NS,['Strong revenue growth'],"['Stock may be overvalued', 'Weak profitability', 'High debt risk']",148.0,0.02,0.03787,14.047,0.644,-3,SELL
Orchid Pharma Limited,ORCHPHARMA.NS,[],"['Stock may be overvalued', 'Weak profitability', 'High debt risk', 'Declining revenues']",73.68115,10.35,0.04196,22.107,-0.131,-5,SELL
Oricon Enterprises Limited,ORICONENT.NS,[],"['Stock may be overvalued', 'Weak profitability', 'Moderate debt level', 'Declining revenues']",35.105263,1.71,0.020399999,0.892,-0.773,-3,SELL
Oriental Trimex Limited,ORIENTALTL.NS,"['Low valuation', 'Average profitability', 'Slow revenue growth']","['Stock appears undervalued', 'High debt risk']",4.6685085,1.81,0.14477,2.914,0.15,1,SELL
Orient Bell Limited,ORIENTBELL.NS,['Slow revenue growth'],"['Stock may be overvalued', 'Weak profitability', 'High debt risk']",60.382885,4.44,0.020680001,11.857,0.03,-4,SELL
Orient Cement Limited,ORIENTCEM.NS,"['Low valuation', 'Average profitability', 'Strong revenue growth']","['Stock appears undervalued', 'High debt risk']",11.47185,14.92,0.16078,3.507,0.183,1,SELL
ORIENT CERATECH LIMITED,ORIENTCER.NS,['Strong revenue growth'],"['Stock may be overvalued', 'Weak profitability', 'High debt risk']",30.401407,1.42,0.05959,16.058,0.621,-3,SELL
Orient Electric Limited,ORIENTELEC.NS,"['Average profitability', 'Slow revenue growth']","['Stock may be overvalued', 'High debt risk']",42.9058,4.14,0.12949,17.073,0.064,-3,SELL
Oriental Hotels Limited,ORIENTHOT.NS,['Slow revenue growth'],"['Stock may be overvalued', 'Weak profitability', 'High debt risk']",36.79856,2.78,0.074099995,27.132,0.111,-3,SELL
Orient Press Limited,ORIENTLTD.NS,['Slow revenue growth'],"['PE data missing', 'Weak profitability', 'High debt risk']",,-2.83,-0.043169998,91.587,0.023,-3,SELL
Orient Paper & Industries Limited,ORIENTPPR.NS,[],"['PE data missing', 'Weak profitability', 'High debt risk', 'Declining revenues']",,-1.19,-0.01538,16.377,-0.04,-4,SELL
Orient Technologies Limited,ORIENTTECH.NS,"['Fair valuation', 'Average profitability', 'Strong revenue growth']",['High debt risk'],28.128654,11.97,0.15151,6.129,0.223,-1,SELL
The Orissa Minerals Development Company Limited,ORISSAMINE.NS,['Slow revenue growth'],"['PE data missing', 'ROE data missing', 'Debt data missing']",,-64.49,,,0.074,0,SELL
Orkla India Limited,ORKLAINDIA.NS,['Slow revenue growth'],"['Stock may be overvalued', 'ROE data missing', 'High debt risk']",31.526617,19.16,,2.462,0.049,-3,SELL
ORTIN GLOBAL LIMITED,ORTINGLOBE.NS,[],"['PE data missing', 'Weak profitability', 'High debt risk', 'Declining revenues']",,-1.16,-0.53488,71.56,-0.733,-4,SELL
Osia Hyper Retail Limited,OSIAHYPER.NS,"['Low valuation', 'Slow revenue growth']","['Stock appears undervalued', 'Weak profitability', 'High debt risk']",10.635036,1.37,0.07067,39.501,0.05,-1,SELL
Oswal Agro Mills Limited,OSWALAGRO.NS,"['Low valuation', 'Average profitability']","['Stock appears undervalued', 'Debt data missing', 'Revenue growth data missing']",6.07864,9.41,0.13965,,,2,HOLD
Oswal Greentech Limited,OSWALGREEN.NS,"['Low debt', 'Slow revenue growth']","['Stock may be overvalued', 'Weak profitability']",96.44118,0.34,0.00482,0.203,0.12,0,SELL
Oswal Pumps Limited,OSWALPUMPS.NS,['Strong revenue growth'],"['Stock may be overvalued', 'ROE data missing', 'High debt risk']",63.286713,8.58,,8.278,0.739,-2,SELL
ShreeOswal Seeds And Chemicals Limited,OSWALSEEDS.NS,['High profitability'],"['Stock may be overvalued', 'High debt risk', 'Declining revenues']",50.46154,0.39,0.23365,97.461,-0.417,-2,SELL
Pace Digitek Limited,PACEDIGITK.NS,['Fair valuation'],"['ROE data missing', 'High debt risk', 'Declining revenues']",15.53629,12.4,,11.33,-0.37,-3,SELL
Page Industries Limited,PAGEIND.NS,"['High profitability', 'Slow revenue growth']","['Stock may be overvalued', 'High debt risk']",53.278988,684.51,0.5272,19.029,0.036,-1,SELL
Paisalo Digital Limited,PAISALO.NS,"['Fair valuation', 'Average profitability', 'Slow revenue growth']",['High debt risk'],15.182609,2.3,0.13441,226.216,0.131,-1,SELL
PAKKA LIMITED,PAKKA.NS,[],"['Stock may be overvalued', 'Weak profitability', 'High debt risk', 'Declining revenues']",64.208336,1.68,0.02231,66.419,-0.313,-5,SELL
Palash Securities Limited,PALASHSECU.NS,['Strong revenue growth'],"['PE data missing', 'Weak profitability', 'High debt risk']",,-11.01,-0.028080001,6.863,0.62,-2,SELL
Palred Technologies Limited,PALREDTEC.NS,[],"['PE data missing', 'Weak profitability', 'High debt risk', 'Declining revenues']",,-7.32,-0.24832001,140.117,-0.166,-4,SELL
Panacea Biotec Limited,PANACEABIO.NS,[],"['PE data missing', 'Weak profitability', 'High debt risk', 'Declining revenues']",,-1.19,-0.00921,2.786,-0.042,-4,SELL
Panache Digilife Limited,PANACHE.NS,"['Average profitability', 'Strong revenue growth']","['Stock may be overvalued', 'High debt risk']",74.29545,4.4,0.100080006,40.16,0.665,-2,SELL
Panama Petrochem Limited,PANAMAPET.NS,"['Low valuation', 'Average profitability', 'Slow revenue growth']","['Stock appears undervalued', 'High debt risk']",9.272874,31.15,0.14985,2.327,0.106,1,SELL
Pansari Developers Limited,PANSARI.NS,['Strong revenue growth'],"['Stock may be overvalued', 'Weak profitability', 'High debt risk']",50.432297,6.13,0.09664,47.606,1.912,-3,SELL
Par Drugs And Chemicals Limited,PAR.NS,['Low valuation'],"['Stock appears undervalued', 'Weak profitability', 'Debt data missing', 'Declining revenues']",13.2017765,7.88,0.095340006,,-0.173,0,SELL
Paramount Communications Limited,PARACABLES.NS,"['Fair valuation', 'Average profitability', 'Strong revenue growth']",['High debt risk'],16.347279,2.39,0.10262,13.638,0.203,-1,SELL
Paradeep Phosphates Limited,PARADEEP.NS,"['Fair valuation', 'Average profitability', 'Strong revenue growth']",['High debt risk'],15.278579,10.41,0.18238,87.038,0.788,-1,SELL
Parag Milk Foods Limited,PARAGMILK.NS,"['Fair valuation', 'Average profitability', 'Strong revenue growth']",['High debt risk'],26.86747,10.79,0.12513,45.112,0.157,-1,SELL
Paras Defence and Space Technologies Limited,PARAS.NS,"['Average profitability', 'Strong revenue growth']","['Stock may be overvalued', 'High debt risk']",80.09747,8.72,0.1204,8.394,0.214,-2,SELL
Paras Petrofils Limited,PARASPETRO.NS,[],"['PE data missing', 'Weak profitability', 'Debt data missing', 'Revenue growth data missing']",,-0.01,0.00092,,,-1,SELL
Park Medi World Limited,PARKHOSPS.NS,"['Fair valuation', 'Strong revenue growth']","['ROE data missing', 'High debt risk']",27.292683,5.33,,58.033,0.169,-1,SELL
Apeejay Surrendra Park Hotels Limited,PARKHOTELS.NS,['Strong revenue growth'],"['Stock may be overvalued', 'Weak profitability', 'High debt risk']",32.33654,4.16,0.06985,23.441,0.168,-3,SELL
Parsvnath Developers Limited,PARSVNATH.NS,['Slow revenue growth'],"['PE data missing', 'ROE data missing', 'Debt data missing']",,-7.57,,,0.147,1,SELL
Pashupati Cotspin Limited,PASHUPATI.NS,['Strong revenue growth'],"['Stock may be overvalued', 'Weak profitability', 'High debt risk']",98.238495,8.26,0.09034,56.803,0.271,-3,SELL
Pasupati Acrylon Limited,PASUPTAC.NS,"['Low valuation', 'Average profitability', 'Strong revenue growth']","['Stock appears undervalued', 'High debt risk']",12.328798,4.41,0.10859,28.845,1.252,1,SELL
Patanjali Foods Limited,PATANJALI.NS,"['Average profitability', 'Strong revenue growth']","['Stock may be overvalued', 'High debt risk']",41.626045,13.13,0.12432,23.903,0.202,-2,SELL
Patel Engineering Limited,PATELENG.NS,"['Low valuation', 'Slow revenue growth']","['Stock appears undervalued', 'Weak profitability', 'High debt risk']",9.869127,2.98,0.07229,39.667,0.029,-1,SELL
Patel Retail Limited,PATELRMART.NS,"['Fair valuation', 'Slow revenue growth']","['ROE data missing', 'High debt risk']",22.414742,9.09,,33.682,0.139,-1,SELL
Patel Integrated Logistics Limited,PATINTLOG.NS,"['Low valuation', 'Slow revenue growth']","['Stock appears undervalued', 'Weak profitability', 'High debt risk']",12.070176,1.14,0.06554,10.698,0.118,0,SELL
Paushak Limited,PAUSHAKLTD.NS,['Slow revenue growth'],"['Stock may be overvalued', 'Weak profitability', 'High debt risk']",32.133945,18.44,0.09927,12.493,0.026,-4,SELL
Pavna Industries Limited,PAVNAIND.NS,[],"['PE data missing', 'Weak profitability', 'High debt risk', 'Declining revenues']",,-4.08,0.0168,36.865,-0.114,-4,SELL
One 97 Communications Limited,PAYTM.NS,['Strong revenue growth'],"['PE data missing', 'Weak profitability', 'High debt risk']",,-9.54,-0.04086,1.045,0.242,-2,SELL
PCBL Chemical Limited,PCBL.NS,[],"['Stock may be overvalued', 'Weak profitability', 'High debt risk', 'Declining revenues']",33.070652,9.2,0.09061,135.218,0.0,-4,SELL
PC Jeweller Limited,PCJEWELLER.NS,"['Fair valuation', 'Average profitability', 'Strong revenue growth']",['High debt risk'],28.12121,0.33,0.11517,22.029,0.634,-1,SELL
Pudumjee Paper Products Limited,PDMJEPAPER.NS,"['Fair valuation', 'Average profitability']","['High debt risk', 'Declining revenues']",16.801785,5.6,0.15555,1.877,-0.069,-3,SELL
PDS Limited,PDSL.NS,"['Average profitability', 'Slow revenue growth']","['Stock may be overvalued', 'High debt risk']",44.944786,8.15,0.11288,70.401,0.034,-3,SELL
Pearl Polymers Limited,PEARLPOLY.NS,[],"['PE data missing', 'Weak profitability', 'Debt data missing', 'Declining revenues']",,-3.38,-0.15285,,-0.087,-2,SELL
Pennar Industries Limited,PENIND.NS,"['Fair valuation', 'Average profitability', 'Strong revenue growth']",['High debt risk'],20.653526,9.64,0.13031,92.847,0.213,-1,SELL
Peninsula Land Limited,PENINLAND.NS,[],"['PE data missing', 'Weak profitability', 'High debt risk', 'Declining revenues']",,-1.87,-0.2678,228.395,-0.381,-4,SELL
Persistent Systems Limited,PERSISTENT.NS,"['High profitability', 'Strong revenue growth']","['Stock may be overvalued', 'High debt risk']",59.037666,106.72,0.26198998,5.651,0.236,0,SELL
Petronet LNG Limited,PETRONET.NS,"['Low valuation', 'Average profitability']","['Stock appears undervalued', 'High debt risk', 'Declining revenues']",11.521473,24.45,0.18330999,11.871,-0.155,-1,SELL
Power Finance Corporation Limited,PFC.NS,"['Low valuation', 'High profitability', 'Slow revenue growth']","['Stock appears undervalued', 'High debt risk']",4.728,75.0,0.21113001,603.342,0.12,3,HOLD
Pfizer Limited,PFIZER.NS,"['Fair valuation', 'High profitability', 'Slow revenue growth']",['High debt risk'],27.560001,183.32,0.2209,2.334,0.091,0,SELL
Prime Focus Limited,PFOCUS.NS,['Strong revenue growth'],"['PE data missing', 'Weak profitability', 'High debt risk']",,-7.75,-0.13981,246.44,0.169,-2,SELL
PTC India Financial Services Limited,PFS.NS,"['Low valuation', 'Average profitability', 'Strong revenue growth']","['Stock appears undervalued', 'High debt risk']",6.216514,5.45,0.12484,75.993,0.77,1,SELL
PG Electroplast Limited,PGEL.NS,['Average profitability'],"['Stock may be overvalued', 'High debt risk', 'Declining revenues']",64.06284,9.07,0.12576,20.346,-0.024,-4,SELL
Procter & Gamble Hygiene and Health Care Limited,PGHH.NS,"['Low debt', 'Slow revenue growth']","['Stock may be overvalued', 'ROE data missing']",58.499348,221.37,,0.221,0.013,0,SELL
Procter & Gamble Health Limited,PGHL.NS,['Slow revenue growth'],"['Stock may be overvalued', 'ROE data missing', 'High debt risk']",50.791866,111.13,,1.0,0.037,-1,SELL
Pearl Global Industries Limited,PGIL.NS,"['Fair valuation', 'High profitability', 'Slow revenue growth']",['High debt risk'],28.202765,56.42,0.21385999,58.681,0.092,0,SELL
The Phoenix Mills Limited,PHOENIXLTD.NS,"['Average profitability', 'Strong revenue growth']","['Stock may be overvalued', 'High debt risk']",61.251244,30.21,0.100959994,33.657,0.215,-2,SELL
Piccadily Agro Industries Limited,PICCADIL.NS,['Slow revenue growth'],"['Stock may be overvalued', 'ROE data missing', 'High debt risk']",48.853527,11.47,,45.313,0.093,-3,SELL
Pidilite Industries Limited,PIDILITIND.NS,"['High profitability', 'Slow revenue growth']","['Stock may be overvalued', 'High debt risk']",66.78571,21.84,0.24080999,4.539,0.099,-1,SELL
Power & Instrumentation (Gujarat) Limited,PIGL.NS,"['Fair valuation', 'Average profitability', 'Strong revenue growth']",['High debt risk'],17.986938,6.89,0.11171,21.323,0.279,-1,SELL
PI Industries Limited,PIIND.NS,['Average profitability'],"['Stock may be overvalued', 'High debt risk', 'Declining revenues']",32.42883,99.76,0.14849,2.237,-0.157,-4,SELL
Pilani Investment and Industries Corporation Limited,PILANIINVS.NS,['Slow revenue growth'],"['Stock may be overvalued', 'Weak profitability', 'High debt risk']",204.07153,26.28,0.00169,13.114,0.058,-4,SELL
PIL ITALICA LIFESTYLE LIMITED,PILITA.NS,['Strong revenue growth'],"['Stock may be overvalued', 'Weak profitability', 'High debt risk']",47.59091,0.22,0.067090005,18.778,0.267,-3,SELL
Pine Labs Limited,PINELABS.NS,['Strong revenue growth'],"['PE data missing', 'ROE data missing', 'High debt risk']",,-0.99,,23.128,0.178,-1,SELL
Pioneer Embroideries Limited,PIONEEREMB.NS,[],"['Stock may be overvalued', 'Weak profitability', 'High debt risk', 'Declining revenues']",98.34483,0.29,0.0055,58.879,-0.118,-5,SELL
Piramal Finance Limited,PIRAMALFIN.NS,['Strong revenue growth'],"['Stock may be overvalued', 'ROE data missing', 'High debt risk']",625.1341,2.61,,261.148,0.519,-2,SELL
Pitti Engineering Limited,PITTIENG.NS,"['Fair valuation', 'Slow revenue growth']","['ROE data missing', 'High debt risk']",24.62822,34.16,,82.817,0.113,-1,SELL
Pix Transmissions Limited,PIXTRANS.NS,"['Fair valuation', 'Average profitability']","['High debt risk', 'Declining revenues']",20.230486,70.72,0.16187,4.661,-0.127,-3,SELL
The Peria Karamalai Tea & Produce Company Limited,PKTEA.NS,[],"['PE data missing', 'Weak profitability', 'High debt risk', 'Declining revenues']",,-13.8,-0.02044,20.57,-0.357,-4,SELL
Plastiblends India Limited,PLASTIBLEN.NS,"['Low valuation', 'Slow revenue growth']","['Stock appears undervalued', 'Weak profitability', 'High debt risk']",13.021514,12.55,0.07614,5.399,0.039,-1,SELL
Platinum Industries Limited,PLATIND.NS,['Average profitability'],"['PE data missing', 'High debt risk', 'Declining revenues']",,,0.105459996,6.353,-0.013,-3,SELL
Plaza Wires Limited,PLAZACABLE.NS,['Strong revenue growth'],"['Stock may be overvalued', 'Weak profitability', 'High debt risk']",52.949368,0.79,0.029790001,27.229,0.562,-3,SELL
Punjab National Bank,PNB.NS,"['Low valuation', 'Average profitability']","['Stock appears undervalued', 'Debt data missing', 'Declining revenues']",8.111186,14.84,0.12666,,-0.056,1,SELL
PNB Gilts Limited,PNBGILTS.NS,"['Low valuation', 'Average profitability']","['Stock appears undervalued', 'High debt risk', 'Declining revenues']",8.155311,9.98,0.11508001,1560.468,-0.404,-1,SELL
PNB Housing Finance Limited,PNBHOUSING.NS,"['Low valuation', 'Average profitability', 'Strong revenue growth']","['Stock appears undervalued', 'High debt risk']",11.449715,82.43,0.127,261.907,0.211,1,SELL
Pritish Nandy Communications Limited,PNC.NS,['Slow revenue growth'],"['PE data missing', 'Weak profitability', 'High debt risk']",,-0.74,-0.01459,2.01,0.127,-2,SELL
PNC Infratech Limited,PNCINFRA.NS,"['Low valuation', 'Average profitability']","['Stock appears undervalued', 'High debt risk', 'Declining revenues']",8.040536,31.33,0.1291,76.537,-0.21,-1,SELL
P N Gadgil Jewellers Limited,PNGJL.NS,"['Fair valuation', 'Average profitability', 'Slow revenue growth']",['High debt risk'],26.914846,22.9,0.19094999,75.905,0.088,-2,SELL
Pondy Oxides & Chemicals Limited,POCL.NS,"['Average profitability', 'Slow revenue growth']","['Stock may be overvalued', 'High debt risk']",47.527832,30.54,0.16444,5.327,0.106,-2,SELL
Poddar Pigments Limited,PODDARMENT.NS,['Fair valuation'],"['Weak profitability', 'Debt data missing', 'Declining revenues']",15.680332,16.83,0.047870003,,-0.007,-2,SELL
Pokarna Limited,POKARNA.NS,"['Fair valuation', 'Average profitability']","['High debt risk', 'Declining revenues']",17.727371,46.51,0.19471,37.631,-0.529,-3,SELL
PB Fintech Limited,POLICYBZR.NS,['Strong revenue growth'],"['Stock may be overvalued', 'Weak profitability', 'High debt risk']",191.70683,9.96,0.07165,4.859,0.382,-3,SELL
Polycab India Limited,POLYCAB.NS,"['High profitability', 'Strong revenue growth']","['Stock may be overvalued', 'High debt risk']",46.276566,163.29,0.25748,2.087,0.178,0,SELL
Poly Medicure Limited,POLYMED.NS,"['Average profitability', 'Slow revenue growth']","['Stock may be overvalued', 'High debt risk']",49.223877,35.69,0.13104999,8.169,0.057,-3,SELL
Polyplex Corporation Limited,POLYPLEX.NS,['Slow revenue growth'],"['Stock may be overvalued', 'Weak profitability', 'High debt risk']",34.714962,23.33,0.01086,14.462,0.032,-4,SELL
Ponni Sugars (Erode) Limited,PONNIERODE.NS,"['Low valuation', 'Strong revenue growth']","['Stock appears undervalued', 'Weak profitability', 'Debt data missing']",12.129799,21.88,0.03329,,0.203,2,HOLD
Poonawalla Fincorp Limited,POONAWALLA.NS,['Strong revenue growth'],"['Stock may be overvalued', 'Weak profitability', 'High debt risk']",168.32741,2.81,0.024360001,364.414,0.613,-3,SELL
Power Grid Corporation of India Limited,POWERGRID.NS,"['Fair valuation', 'Average profitability', 'Slow revenue growth']",['High debt risk'],17.159018,15.47,0.15918,141.186,0.018,-2,SELL
Hitachi Energy India Limited,POWERINDIA.NS,"['High profitability', 'Strong revenue growth']","['Stock may be overvalued', 'High debt risk']",111.93119,163.94,0.23965,1.843,0.188,0,SELL
Power Mech Projects Limited,POWERMECH.NS,"['Fair valuation', 'Average profitability', 'Strong revenue growth']",['High debt risk'],22.689775,103.28,0.17432,41.065,0.195,-1,SELL
PPAP Automotive Limited,PPAP.NS,['Strong revenue growth'],"['Stock may be overvalued', 'Weak profitability', 'Debt data missing']",171.7623,1.22,0.00604,,0.276,-1,SELL
Prakash Pipes Limited,PPL.NS,"['Low valuation', 'Average profitability']","['Stock appears undervalued', 'High debt risk', 'Declining revenues']",10.906179,22.17,0.12229,2.772,-0.096,-1,SELL
Piramal Pharma Limited,PPLPHARMA.NS,[],"['PE data missing', 'Weak profitability', 'High debt risk', 'Declining revenues']",,-0.2,-0.0029699998,60.083,-0.088,-4,SELL
Prabha Energy Limited,PRABHA.NS,['Strong revenue growth'],"['PE data missing', 'ROE data missing', 'High debt risk']",,-0.11,,33.72,0.83,-1,SELL
Prajay Engineers Syndicate Limited,PRAENG.NS,[],"['PE data missing', 'Weak profitability', 'High debt risk', 'Declining revenues']",,-3.69,-0.05709,34.324,-0.667,-4,SELL
Praj Industries Limited,PRAJIND.NS,['Slow revenue growth'],"['Stock may be overvalued', 'Weak profitability', 'High debt risk']",57.930435,5.75,0.08116,16.118,0.031,-4,SELL
Prakash Industries Limited,PRAKASH.NS,['Low valuation'],"['Stock appears undervalued', 'Weak profitability', 'High debt risk', 'Declining revenues']",7.4860573,18.29,0.09927,9.971,-0.328,-2,SELL
Prakash Steelage Limited,PRAKASHSTL.NS,"['Average profitability', 'Strong revenue growth']","['Stock may be overvalued', 'High debt risk']",71.42857,0.07,0.16118999,22.772,0.302,-2,SELL
Praxis Home Retail Limited,PRAXIS.NS,"['Low valuation', 'High profitability']","['Stock appears undervalued', 'High debt risk', 'Declining revenues']",3.3369565,2.76,71.87155,309.88,-0.195,1,SELL
Precision Camshafts Limited,PRECAM.NS,['Fair valuation'],"['Weak profitability', 'High debt risk', 'Declining revenues']",23.5,6.96,0.084,8.02,-0.119,-4,SELL
Precot Limited,PRECOT.NS,['Low valuation'],"['Stock appears undervalued', 'Weak profitability', 'High debt risk', 'Declining revenues']",11.59315,36.5,0.09751,81.297,-0.158,-2,SELL
Precision Wires India Limited,PRECWIRE.NS,"['Average profitability', 'Strong revenue growth']","['Stock may be overvalued', 'High debt risk']",38.360256,6.19,0.1852,19.307,0.181,-2,SELL
Premier Explosives Limited,PREMEXPLN.NS,['Average profitability'],"['Stock may be overvalued', 'High debt risk', 'Declining revenues']",60.9593,8.6,0.17950001,10.097,-0.201,-4,SELL
Premier Limited,PREMIER.NS,[],"['PE data missing', 'ROE data missing', 'Debt data missing', 'Revenue growth data missing']",,-2.18,,,,0,SELL
Premier Energies Limited,PREMIERENE.NS,"['High profitability', 'Strong revenue growth']","['Stock may be overvalued', 'High debt risk']",35.206745,24.91,0.41425,46.964,0.203,0,SELL
Premier Polyfilm Limited,PREMIERPOL.NS,"['High profitability', 'Slow revenue growth']","['PE data missing', 'High debt risk']",,-2.74,0.22023001,12.992,0.056,0,SELL
Prestige Estates Projects Limited,PRESTIGE.NS,['Slow revenue growth'],"['Stock may be overvalued', 'Weak profitability', 'High debt risk']",92.13509,17.47,0.0505,89.294,0.055,-4,SELL
Pricol Limited,PRICOLLTD.NS,"['Average profitability', 'Strong revenue growth']","['Stock may be overvalued', 'High debt risk']",39.923027,15.59,0.18375,10.545,0.505,-2,SELL
Prime Securities Limited,PRIMESECU.NS,"['Fair valuation', 'Average profitability', 'Slow revenue growth']",['Moderate debt level'],28.429586,9.87,0.15892,0.723,0.042,0,SELL
Primo Chemicals Limited,PRIMO.NS,['Slow revenue growth'],"['Stock may be overvalued', 'Weak profitability', 'High debt risk']",75.53125,0.32,0.0257,40.547,0.003,-4,SELL
Prince Pipes And Fittings Limited,PRINCEPIPE.NS,[],"['Stock may be overvalued', 'Weak profitability', 'High debt risk', 'Declining revenues']",119.90477,2.1,0.01467,14.911,-0.044,-5,SELL
Priti International Limited,PRITI.NS,['Fair valuation'],"['Weak profitability', 'Debt data missing', 'Declining revenues']",22.901514,2.64,0.03999,,-0.598,-2,SELL
Pritika Auto Industries Limited,PRITIKAUTO.NS,"['Fair valuation', 'Strong revenue growth']","['Weak profitability', 'High debt risk']",16.638556,0.83,0.08326,65.121,0.358,-2,SELL
Privi Speciality Chemicals Limited,PRIVISCL.NS,"['High profitability', 'Strong revenue growth']","['Stock may be overvalued', 'High debt risk']",47.855152,68.21,0.22715999,86.003,0.274,0,SELL
Prostarm Info Systems Limited,PROSTARM.NS,[],"['Stock may be overvalued', 'ROE data missing', 'High debt risk', 'Declining revenues']",44.722225,3.96,,6.147,-0.331,-4,SELL
Protean eGov Technologies Limited,PROTEAN.NS,['Slow revenue growth'],"['Stock may be overvalued', 'Weak profitability', 'High debt risk']",34.601078,22.31,0.09259,6.583,0.14,-3,SELL
Prozone Realty Limited,PROZONER.NS,[],"['PE data missing', 'Weak profitability', 'High debt risk', 'Declining revenues']",,-1.95,-0.051599998,53.946,-0.055,-4,SELL
Prism Johnson Limited,PRSMJOHNSN.NS,['Slow revenue growth'],"['Stock may be overvalued', 'Weak profitability', 'High debt risk']",38.0854,3.63,0.0964,93.47,0.101,-3,SELL
Prudent Corporate Advisory Services Limited,PRUDENT.NS,"['High profitability', 'Slow revenue growth']","['Stock may be overvalued', 'High debt risk']",52.261257,49.53,0.30847,4.26,0.116,0,SELL
Prudential Sugar Corporation Limited,PRUDMOULI.NS,['Low valuation'],"['Stock appears undervalued', 'ROE data missing', 'Debt data missing', 'Revenue growth data missing']",14.175325,1.54,,,,2,HOLD
Punjab & Sind Bank,PSB.NS,"['Fair valuation', 'Slow revenue growth']","['Weak profitability', 'Debt data missing']",16.071857,1.67,0.0919,,0.088,-1,SELL
PSP Projects Limited,PSPPROJECT.NS,['Strong revenue growth'],"['Stock may be overvalued', 'Weak profitability', 'High debt risk']",120.698326,7.16,0.0232,29.704,0.199,-3,SELL
PTC India Limited,PTC.NS,"['Low valuation', 'Average profitability', 'Slow revenue growth']","['Stock appears undervalued', 'High debt risk']",5.3921504,29.81,0.15334,32.871,0.065,0,SELL
PTC Industries Limited,PTCIL.NS,['Strong revenue growth'],"['Stock may be overvalued', 'Weak profitability', 'High debt risk']",443.79752,42.08,0.045,12.655,0.722,-3,SELL
PTL Enterprises Limited,PTL.NS,['Low valuation'],"['Stock appears undervalued', 'Weak profitability', 'High debt risk', 'Declining revenues']",12.735484,3.1,0.04575,1.036,-0.0,-1,SELL
Punjab Chemicals & Crop Protection Limited,PUNJABCHEM.NS,"['Fair valuation', 'Average profitability', 'Slow revenue growth']",['High debt risk'],27.981737,42.71,0.13915,31.02,0.054,-2,SELL
Puravankara Limited,PURVA.NS,['Strong revenue growth'],"['PE data missing', 'Weak profitability', 'High debt risk']",,-12.14,-0.16622,274.76,0.3,-2,SELL
PVP Ventures Limited,PVP.NS,['Strong revenue growth'],"['PE data missing', 'Weak profitability', 'High debt risk']",,-0.19,-0.02575,77.376,4.38,-2,SELL
PVR INOX Limited,PVRINOX.NS,['Slow revenue growth'],"['PE data missing', 'Weak profitability', 'High debt risk']",,-3.89,-0.00545,105.057,0.124,-2,SELL
Popular Vehicles and Services Limited,PVSL.NS,['Slow revenue growth'],"['PE data missing', 'Weak profitability', 'High debt risk']",,-4.45,-0.04901,176.217,0.012,-3,SELL
Physicswallah Limited,PWL.NS,['Strong revenue growth'],"['PE data missing', 'ROE data missing', 'High debt risk']",,-0.97,,67.044,0.263,-1,SELL
Pyramid Technoplast Limited,PYRAMID.NS,"['Fair valuation', 'Average profitability', 'Strong revenue growth']",['High debt risk'],22.116467,7.47,0.110489994,53.667,0.208,-1,SELL
Quality Power Electrical Equipments Limited,QPOWER.NS,['Strong revenue growth'],"['Stock may be overvalued', 'ROE data missing', 'High debt risk']",70.3128,10.55,,5.486,1.182,-2,SELL
Quadrant Future Tek Limited,QUADFUTURE.NS,[],"['PE data missing', 'Weak profitability', 'High debt risk', 'Declining revenues']",,-9.03,-0.23773001,9.292,-0.132,-4,SELL
Quess Corp Limited,QUESS.NS,[],"['Stock may be overvalued', 'Weak profitability', 'High debt risk', 'Declining revenues']",65.12884,3.26,0.023340002,10.584,-0.26,-5,SELL
Quick Heal Technologies Limited,QUICKHEAL.NS,['Slow revenue growth'],"['PE data missing', 'Weak profitability', 'Debt data missing']",,-0.16,-0.00168,,0.136,0,SELL
Race Eco Chain Limited,RACE.NS,['Strong revenue growth'],"['Stock may be overvalued', 'Weak profitability', 'High debt risk']",77.693985,1.83,0.09831,84.464,0.396,-3,SELL
RACL Geartech Limited,RACLGEAR.NS,"['Average profitability', 'Slow revenue growth']","['Stock may be overvalued', 'High debt risk']",39.580116,29.77,0.123789996,72.348,0.134,-2,SELL
Radaan Mediaworks India Limited,RADAAN.NS,[],"['PE data missing', 'ROE data missing', 'Debt data missing', 'Declining revenues']",,-0.65,,,-0.147,-1,SELL
Radhika Jeweltech Limited,RADHIKAJWE.NS,"['Low valuation', 'High profitability', 'Slow revenue growth']","['Stock appears undervalued', 'High debt risk']",12.415858,6.18,0.22557,11.904,0.012,2,HOLD
Radiant Cash Management Services Limited,RADIANTCMS.NS,"['Low valuation', 'Average profitability']","['Stock appears undervalued', 'High debt risk', 'Declining revenues']",14.32425,3.67,0.14306,57.298,-0.022,-1,SELL
Radico Khaitan Limited,RADICO.NS,"['Average profitability', 'Strong revenue growth']","['Stock may be overvalued', 'High debt risk']",97.18613,34.01,0.16516,20.939,0.338,-2,SELL
Music Broadcast Limited,RADIOCITY.NS,[],"['PE data missing', 'Weak profitability', 'High debt risk', 'Declining revenues']",,-1.26,-0.08512,27.219,-0.31,-4,SELL
Railtel Corporation Of India Limited,RAILTEL.NS,"['Average profitability', 'Slow revenue growth']","['Stock may be overvalued', 'High debt risk']",37.862865,9.99,0.16031,3.341,0.128,-2,SELL
Rain Industries Limited,RAIN.NS,['Slow revenue growth'],"['PE data missing', 'ROE data missing', 'High debt risk']",,-3.94,,132.969,0.138,-1,SELL
Rainbow Childrens Medicare Limited,RAINBOW.NS,"['Average profitability', 'Slow revenue growth']","['Stock may be overvalued', 'High debt risk']",54.03777,24.89,0.17687,53.24,0.065,-3,SELL
Rajesh Exports Limited,RAJESHEXPO.NS,['Strong revenue growth'],"['Stock may be overvalued', 'Weak profitability', 'High debt risk']",47.495537,4.48,0.00818,5.254,1.618,-3,SELL
Rajnandini Metal Limited,RAJMET.NS,[],"['PE data missing', 'Weak profitability', 'High debt risk', 'Declining revenues']",,-0.08,-0.030669998,28.176,-0.744,-4,SELL
Rajoo Engineers Limited,RAJOOENG.NS,"['Fair valuation', 'High profitability', 'Strong revenue growth']",['High debt risk'],19.126934,3.23,0.22431,5.21,0.624,1,SELL
Rajratan Global Wire Limited,RAJRATAN.NS,"['Average profitability', 'Strong revenue growth']","['Stock may be overvalued', 'High debt risk']",40.01302,11.52,0.102510005,61.82,0.199,-2,SELL
Raj Rayon Industries Limited,RAJRILTD.NS,"['High profitability', 'Strong revenue growth']","['Stock may be overvalued', 'High debt risk']",47.7551,0.49,0.30111998,152.096,0.506,0,SELL
Rajshree Sugars & Chemicals Limited,RAJSREESUG.NS,[],"['PE data missing', 'Weak profitability', 'High debt risk', 'Declining revenues']",,-9.02,-0.11401,138.15,-0.2,-4,SELL
Raj Television Network Limited,RAJTV.NS,[],"['PE data missing', 'Weak profitability', 'High debt risk', 'Declining revenues']",,-0.71,-0.02935,19.756,-0.561,-4,SELL
Rallis India Limited,RALLIS.NS,[],"['Stock may be overvalued', 'Weak profitability', 'High debt risk', 'Declining revenues']",30.558628,9.04,0.088599995,2.973,-0.072,-5,SELL
Shree Rama Newsprint Limited,RAMANEWS.NS,[],"['PE data missing', 'Weak profitability', 'Debt data missing', 'Declining revenues']",,-2.01,-1.58258,,-0.241,-2,SELL
Rama Phosphates Limited,RAMAPHO.NS,"['Fair valuation', 'Strong revenue growth']","['Weak profitability', 'High debt risk']",15.213741,10.48,0.09689999,25.556,0.173,-2,SELL
Rama Steel Tubes Limited,RAMASTEEL.NS,['Strong revenue growth'],"['Stock may be overvalued', 'Weak profitability', 'High debt risk']",78.666664,0.12,0.043470003,26.441,0.218,-3,SELL
The Ramco Cements Limited,RAMCOCEM.NS,['Slow revenue growth'],"['Stock may be overvalued', 'Weak profitability', 'High debt risk']",67.7629,15.69,0.04995,62.153,0.095,-4,SELL
Ramco Industries Limited,RAMCOIND.NS,"['Low valuation', 'Slow revenue growth']","['Stock appears undervalued', 'Weak profitability', 'High debt risk']",11.960302,26.45,0.05465,4.035,0.035,-1,SELL
Ramco Systems Limited,RAMCOSYS.NS,['Strong revenue growth'],"['Stock may be overvalued', 'Weak profitability', 'High debt risk']",238.71368,2.41,0.026970001,14.863,0.233,-3,SELL
Ramky Infrastructure Limited,RAMKY.NS,['Fair valuation'],"['Weak profitability', 'High debt risk', 'Declining revenues']",19.872766,29.08,0.09883001,27.608,-0.106,-4,SELL
Ram Ratna Wires Limited,RAMRAT.NS,"['Average profitability', 'Strong revenue growth']","['Stock may be overvalued', 'High debt risk']",41.188946,7.78,0.15586,122.585,0.238,-2,SELL
Rana Sugars Limited,RANASUG.NS,['Low valuation'],"['Stock appears undervalued', 'Weak profitability', 'High debt risk', 'Declining revenues']",6.246231,1.99,0.056350004,43.163,-0.104,-2,SELL
Rane Holdings Limited,RANEHOLDIN.NS,"['Fair valuation', 'Strong revenue growth']","['Weak profitability', 'High debt risk']",21.31442,63.45,0.07761,76.849,0.527,-2,SELL
Rategain Travel Technologies Limited,RATEGAIN.NS,"['Average profitability', 'Slow revenue growth']","['Stock may be overvalued', 'Moderate debt level']",36.385914,17.75,0.124060005,0.823,0.064,-1,SELL
Ratnamani Metals & Tubes Limited,RATNAMANI.NS,"['Fair valuation', 'Average profitability', 'Strong revenue growth']",['High debt risk'],26.705555,86.57,0.1708,6.134,0.227,-1,SELL
Ratnaveer Precision Engineering Limited,RATNAVEER.NS,"['Low valuation', 'Average profitability', 'Strong revenue growth']","['Stock appears undervalued', 'High debt risk']",14.462571,10.42,0.13578,50.633,0.243,1,SELL
Raymond Limited,RAYMOND.NS,['Slow revenue growth'],"['Stock may be overvalued', 'Weak profitability', 'High debt risk']",53.312267,7.91,0.01086,29.425,0.114,-3,SELL
Raymond Lifestyle Limited,RAYMONDLSL.NS,['Slow revenue growth'],"['Stock may be overvalued', 'Weak profitability', 'High debt risk']",81.903984,12.29,0.00777,25.695,0.073,-4,SELL
Raymond Realty Limited,RAYMONDREL.NS,['Strong revenue growth'],"['PE data missing', 'ROE data missing', 'High debt risk']",,,,42.016,2.079,-1,SELL
Restaurant Brands Asia Limited,RBA.NS,['Slow revenue growth'],"['PE data missing', 'Weak profitability', 'High debt risk']",,-3.86,-0.34268,229.249,0.112,-2,SELL
RBL Bank Limited,RBLBANK.NS,['Slow revenue growth'],"['Stock may be overvalued', 'Weak profitability', 'Debt data missing']",34.188274,8.87,0.03422,,0.032,-2,SELL
RBZ Jewellers Limited,RBZJEWEL.NS,"['Low valuation', 'Average profitability', 'Strong revenue growth']","['Stock appears undervalued', 'High debt risk']",11.925613,11.83,0.19124001,55.481,0.244,1,SELL
Rashtriya Chemicals and Fertilizers Limited,RCF.NS,"['Fair valuation', 'Strong revenue growth']","['Weak profitability', 'High debt risk']",25.068905,5.66,0.06548,56.443,0.234,-2,SELL
Reliance Communications Limited,RCOM.NS,[],"['PE data missing', 'ROE data missing', 'Debt data missing', 'Declining revenues']",,-0.94,,,-0.011,-1,SELL
REC Limited,RECLTD.NS,"['Low valuation', 'High profitability', 'Slow revenue growth']","['Stock appears undervalued', 'High debt risk']",5.4560738,65.45,0.21997,666.088,0.104,3,HOLD
Redington Limited,REDINGTON.NS,"['Low valuation', 'High profitability', 'Strong revenue growth']","['Stock appears undervalued', 'High debt risk']",12.254636,22.11,0.22066,27.764,0.168,3,HOLD
Redtape Limited,REDTAPE.NS,"['High profitability', 'Strong revenue growth']","['Stock may be overvalued', 'High debt risk']",37.669724,3.27,0.23121999,108.421,0.207,0,SELL
Refex Industries Limited,REFEX.NS,"['Fair valuation', 'Average profitability']","['High debt risk', 'Declining revenues']",21.6214,12.15,0.17426,13.652,-0.191,-3,SELL
Regaal Resources Limited,REGAAL.NS,['Low valuation'],"['Stock appears undervalued', 'ROE data missing', 'High debt risk', 'Revenue growth data missing']",14.228916,4.98,,108.692,,0,SELL
Regency Ceramics Limited,REGENCERAM.NS,['Strong revenue growth'],"['Stock may be overvalued', 'ROE data missing', 'Debt data missing']",85.01852,0.54,,,6.254,0,SELL
Relaxo Footwears Limited,RELAXO.NS,[],"['Stock may be overvalued', 'Weak profitability', 'High debt risk', 'Declining revenues']",57.51783,7.01,0.0846,10.214,-0.075,-5,SELL
Reliance Chemotex Industries Limited,RELCHEMQ.NS,"['Fair valuation', 'Slow revenue growth']","['Weak profitability', 'High debt risk']",21.534182,6.29,0.034560002,180.277,0.087,-3,SELL
Reliable Data Services Limited,RELIABLE.NS,"['Low valuation', 'Average profitability', 'Strong revenue growth']","['Stock appears undervalued', 'High debt risk']",12.742731,11.35,0.16700001,66.061,1.916,1,SELL
Reliance Industries Limited,RELIANCE.NS,"['Fair valuation', 'Slow revenue growth']","['Weak profitability', 'High debt risk']",25.398273,61.39,0.09717,35.651,0.1,-3,SELL
Religare Enterprises Limited,RELIGARE.NS,['Slow revenue growth'],"['Stock may be overvalued', 'Weak profitability', 'High debt risk']",78.430374,3.16,0.03903,8.066,0.058,-4,SELL
Ravindra Energy Limited,RELTD.NS,"['High profitability', 'Strong revenue growth']","['Stock may be overvalued', 'High debt risk']",42.830334,3.89,0.24043,106.093,6.724,0,SELL
Remsons Industries Limited,REMSONSIND.NS,"['Fair valuation', 'Average profitability', 'Strong revenue growth']",['High debt risk'],26.482834,4.66,0.16326,71.804,0.266,-1,SELL
Shree Renuka Sugars Limited,RENUKA.NS,['Slow revenue growth'],"['PE data missing', 'ROE data missing', 'Debt data missing']",,-3.5,,,0.05,0,SELL
Repco Home Finance Limited,REPCOHOME.NS,"['Low valuation', 'Average profitability', 'Slow revenue growth']","['Stock appears undervalued', 'High debt risk']",5.5710974,73.28,0.13479,318.337,0.038,0,SELL
Rudrabhishek Enterprises Limited,REPL.NS,"['Fair valuation', 'Slow revenue growth']","['ROE data missing', 'Debt data missing']",15.787799,7.54,,,0.067,0,SELL
Repro India Limited,REPRO.NS,['Slow revenue growth'],"['PE data missing', 'Weak profitability', 'High debt risk']",,-14.35,-0.05529,35.444,0.03,-3,SELL
Responsive Industries Limited,RESPONIND.NS,"['Fair valuation', 'Average profitability']","['High debt risk', 'Declining revenues']",25.878748,7.67,0.15100999,13.937,-0.102,-3,SELL
JHS Svendgaard Retail Ventures Limited,RETAIL.NS,['Slow revenue growth'],"['PE data missing', 'Weak profitability', 'High debt risk']",,-0.25,-0.012940001,29.565,0.041,-3,SELL
Renaissance Global Limited,RGL.NS,"['Fair valuation', 'Strong revenue growth']","['Weak profitability', 'High debt risk']",16.968319,7.26,0.05527,48.158,0.327,-2,SELL
Rhetan TMT Limited,RHETAN.NS,[],"['Stock may be overvalued', 'Weak profitability', 'High debt risk', 'Declining revenues']",486.4,0.05,0.03845,41.664,-0.038,-5,SELL
Reliance Home Finance Limited,RHFL.NS,[],"['PE data missing', 'ROE data missing', 'Debt data missing', 'Revenue growth data missing']",,-0.08,,,,0,SELL
RHI MAGNESITA INDIA LIMITED,RHIM.NS,['Strong revenue growth'],"['Stock may be overvalued', 'Weak profitability', 'High debt risk']",59.164474,7.6,0.03967,10.315,0.194,-3,SELL
Robust Hotels Limited,RHL.NS,"['Low valuation', 'Slow revenue growth']","['Stock appears undervalued', 'Weak profitability', 'High debt risk']",14.20061,13.11,0.03168,20.707,0.058,-1,SELL
Rico Auto Industries Limited,RICOAUTO.NS,['Slow revenue growth'],"['Stock may be overvalued', 'Weak profitability', 'High debt risk']",42.271606,3.24,0.058930002,91.352,0.09,-4,SELL
Reliance Industrial Infrastructure Limited,RIIL.NS,[],"['Stock may be overvalued', 'Weak profitability', 'Debt data missing', 'Declining revenues']",102.30914,7.99,0.02569,,-0.005,-3,SELL
Rishabh Instruments Limited,RISHABH.NS,"['Fair valuation', 'Slow revenue growth']","['Weak profitability', 'High debt risk']",26.41791,14.74,0.08728,14.997,0.077,-3,SELL
Ritco Logistics Limited,RITCO.NS,"['Fair valuation', 'Average profitability', 'Strong revenue growth']",['High debt risk'],20.620716,13.13,0.12408,107.999,0.291,-1,SELL
RITES Limited,RITES.NS,"['Fair valuation', 'Average profitability', 'Low debt', 'Slow revenue growth']",[],29.515184,8.56,0.16570999,0.285,0.015,1,SELL
Ravi Kumar Distilleries Limited,RKDL.NS,[],"['Stock may be overvalued', 'Weak profitability', 'High debt risk', 'Declining revenues']",385.33334,0.06,0.00285,101.046,-0.496,-5,SELL
RKEC Projects Limited,RKEC.NS,['Low valuation'],"['Stock appears undervalued', 'Weak profitability', 'High debt risk', 'Declining revenues']",6.487425,8.35,0.083129995,99.446,-0.596,-2,SELL
Ramkrishna Forgings Limited,RKFORGE.NS,[],"['Stock may be overvalued', 'Weak profitability', 'High debt risk', 'Declining revenues']",41.425102,12.35,0.07421,88.73,-0.139,-5,SELL
R K Swamy Limited,RKSWAMY.NS,"['Fair valuation', 'Slow revenue growth']","['Weak profitability', 'High debt risk']",28.745455,3.85,0.08089,14.856,0.122,-2,SELL
R M Drip and Sprinklers Systems Limited,RMDRIP.NS,"['High profitability', 'Strong revenue growth']","['PE data missing', 'High debt risk']",,-0.37,0.42513,40.967,0.8,1,SELL
Rane (Madras) Limited,RML.NS,"['Average profitability', 'Strong revenue growth']","['Stock may be overvalued', 'High debt risk']",46.436573,16.95,0.10007,122.42,0.738,-2,SELL
R&B Denims Limited,RNBDENIMS.NS,"['Average profitability', 'Strong revenue growth']","['Stock may be overvalued', 'High debt risk']",42.226536,3.09,0.16215,40.53,0.207,-2,SELL
Royal Orchid Hotels Limited,ROHLTD.NS,"['Fair valuation', 'Average profitability', 'Slow revenue growth']",['High debt risk'],24.2717,16.82,0.19524,263.871,0.125,-1,SELL
Rolex Rings Limited,ROLEXRINGS.NS,"['Fair valuation', 'Average profitability', 'Low debt']",['Declining revenues'],19.764523,6.37,0.15564,0.01,-0.096,0,SELL
Rollatainers Limited,ROLLT.NS,[],"['PE data missing', 'ROE data missing', 'Debt data missing', 'Revenue growth data missing']",,-0.03,,,,0,SELL
Raj Oil Mills Limited,ROML.NS,"['Low valuation', 'Strong revenue growth']","['Stock appears undervalued', 'ROE data missing', 'High debt risk']",14.535014,3.57,,6007.364,0.32,1,SELL
Rossari Biotech Limited,ROSSARI.NS,"['Fair valuation', 'Average profitability', 'Strong revenue growth']",['High debt risk'],23.331982,24.67,0.11533,28.178,0.176,-1,SELL
Rossell India Limited,ROSSELLIND.NS,"['Low valuation', 'Slow revenue growth']","['Stock appears undervalued', 'Weak profitability', 'High debt risk']",9.839148,5.16,0.09021,35.146,0.009,-1,SELL
Rossell Techsys Limited,ROSSTECH.NS,['Strong revenue growth'],"['Stock may be overvalued', 'ROE data missing', 'High debt risk']",115.8423,5.58,,186.722,1.449,-2,SELL
Roto Pumps Limited,ROTO.NS,['Average profitability'],"['Stock may be overvalued', 'High debt risk', 'Declining revenues']",47.463573,1.51,0.13239,12.527,-0.234,-4,SELL
ROUTE MOBILE LIMITED,ROUTE.NS,"['Fair valuation', 'Slow revenue growth']","['Weak profitability', 'Moderate debt level']",25.739578,27.11,0.07526,0.814,0.005,-1,SELL
Raghav Productivity Enhancers Limited,RPEL.NS,"['High profitability', 'Strong revenue growth']","['Stock may be overvalued', 'High debt risk']",95.74748,9.9,0.23402001,2.905,0.295,0,SELL
RPG Life Sciences Limited,RPGLIFE.NS,"['Fair valuation', 'High profitability', 'Slow revenue growth']",['Debt data missing'],18.129221,130.32,0.46161997,,0.055,2,HOLD
Reliance Power Limited,RPOWER.NS,['Slow revenue growth'],"['Stock may be overvalued', 'Weak profitability', 'High debt risk']",61.93221,0.59,0.01938,92.224,0.122,-3,SELL
R.P.P. Infra Projects Limited,RPPINFRA.NS,"['Low valuation', 'Average profitability']","['Stock appears undervalued', 'High debt risk', 'Declining revenues']",11.478935,9.02,0.104270004,18.172,-0.197,-1,SELL
Rajshree Polypack Limited,RPPL.NS,['Low valuation'],"['Stock appears undervalued', 'Weak profitability', 'High debt risk', 'Declining revenues']",12.954546,1.54,0.06886,69.557,-0.021,-2,SELL
RPSG VENTURES LIMITED,RPSGVENT.NS,['Strong revenue growth'],"['PE data missing', 'Weak profitability', 'High debt risk']",,-12.69,0.03799,135.449,0.232,-2,SELL
Rashi Peripherals Limited,RPTECH.NS,"['Low valuation', 'Average profitability', 'Slow revenue growth']","['Stock appears undervalued', 'High debt risk']",11.642205,30.66,0.116780005,52.063,0.121,1,SELL
R R Kabel Limited,RRKABEL.NS,"['Average profitability', 'Strong revenue growth']","['Stock may be overvalued', 'High debt risk']",41.30325,35.68,0.18472,16.78,0.195,-2,SELL
R. S. Software (India) Limited,RSSOFTWARE.NS,[],"['PE data missing', 'Weak profitability', 'Debt data missing', 'Declining revenues']",,-3.94,-0.18381001,,-0.647,-2,SELL
RSWM Limited,RSWM.NS,[],"['Stock may be overvalued', 'Weak profitability', 'High debt risk', 'Declining revenues']",87.99411,1.7,0.00619,115.817,-0.013,-5,SELL
R Systems International Limited,RSYSTEMS.NS,"['Fair valuation', 'Slow revenue growth']","['ROE data missing', 'High debt risk']",27.227058,14.93,,13.974,0.123,-1,SELL
RattanIndia Enterprises Limited,RTNINDIA.NS,['Strong revenue growth'],"['PE data missing', 'Weak profitability', 'High debt risk']",,-3.04,-0.33999002,107.296,0.18,-2,SELL
RattanIndia Power Limited,RTNPOWER.NS,[],"['Stock may be overvalued', 'Weak profitability', 'High debt risk', 'Declining revenues']",59.500004,0.16,0.01903,84.871,-0.042,-5,SELL
Rubfila International Limited,RUBFILA.NS,"['Low valuation', 'Average profitability', 'Low debt', 'Slow revenue growth']",['Stock appears undervalued'],12.954386,5.7,0.107659996,0.355,0.115,4,BUY
Rubicon Research Limited,RUBICON.NS,['Strong revenue growth'],"['Stock may be overvalued', 'ROE data missing', 'High debt risk']",74.04994,9.21,,87.66,0.392,-2,SELL
The Ruby Mills Limited,RUBYMILLS.NS,"['Low valuation', 'Strong revenue growth']","['Stock appears undervalued', 'Weak profitability', 'High debt risk']",14.098259,16.08,0.08533,60.619,0.67,0,SELL
Ruchi Infrastructure Limited,RUCHINFRA.NS,"['Fair valuation', 'Slow revenue growth']","['Weak profitability', 'High debt risk']",29.545454,0.22,0.047989998,43.622,0.07,-3,SELL
Ruchira Papers Limited,RUCHIRA.NS,"['Low valuation', 'Average profitability', 'Slow revenue growth']","['Stock appears undervalued', 'High debt risk']",5.3379035,22.61,0.14513999,38.02,0.007,0,SELL
Rudra Global Infra Products Limited,RUDRA.NS,['Strong revenue growth'],"['Stock may be overvalued', 'Weak profitability', 'High debt risk']",33.246754,0.77,0.06163,175.134,0.167,-3,SELL
Rupa & Company Limited,RUPA.NS,"['Fair valuation', 'Slow revenue growth']","['Weak profitability', 'High debt risk']",17.268164,9.36,0.07438,24.808,0.084,-3,SELL
Rushil Decor Limited,RUSHIL.NS,['Slow revenue growth'],"['Stock may be overvalued', 'Weak profitability', 'High debt risk']",42.240738,0.54,0.024549998,44.026,0.023,-4,SELL
Keystone Realtors Limited,RUSTOMJEE.NS,[],"['Stock may be overvalued', 'Weak profitability', 'High debt risk', 'Declining revenues']",64.32152,8.18,0.044910002,43.367,-0.063,-5,SELL
Ravinder Heights Limited,RVHL.NS,"['Low valuation', 'Average profitability', 'Low debt', 'Strong revenue growth']",['Stock appears undervalued'],8.988505,6.09,0.14247,0.386,382.346,4,BUY
Rail Vikas Nigam Limited,RVNL.NS,"['Average profitability', 'Slow revenue growth']","['Stock may be overvalued', 'High debt risk']",71.053116,5.46,0.12377,52.108,0.055,-3,SELL
Revathi Equipment India Limited,RVTH.NS,"['Fair valuation', 'Strong revenue growth']","['Weak profitability', 'High debt risk']",20.467657,34.32,0.086210005,41.692,0.158,-2,SELL
S&S Power Switchgears Limited,S&SPOWER.NS,['Slow revenue growth'],"['PE data missing', 'Weak profitability', 'High debt risk']",,-1.94,-0.00988,45.956,0.105,-2,SELL
Saatvik Green Energy Limited,SAATVIKGL.NS,"['Low valuation', 'Strong revenue growth']","['Stock appears undervalued', 'ROE data missing', 'High debt risk']",14.301485,26.27,,47.22,0.616,1,SELL
Sab Events & Governance Now Media Limited,SABEVENTS.NS,[],"['PE data missing', 'ROE data missing', 'Debt data missing', 'Revenue growth data missing']",,-0.47,,,,0,SELL
Sri Adhikari Brothers Television Network Limited,SABTNL.NS,['Strong revenue growth'],"['PE data missing', 'Weak profitability', 'High debt risk']",,-9.64,-1.64089,1326.72,2.427,-2,SELL
Sadbhav Engineering Limited,SADBHAV.NS,['Strong revenue growth'],"['PE data missing', 'ROE data missing', 'Debt data missing']",,-9.52,,,0.214,1,SELL
Sadbhav Infrastructure Project Limited,SADBHIN.NS,['Slow revenue growth'],"['PE data missing', 'ROE data missing', 'Debt data missing']",,-1.91,,,0.108,1,SELL
Sadhana Nitrochem Limited,SADHNANIQ.NS,[],"['PE data missing', 'Weak profitability', 'High debt risk', 'Declining revenues']",,-0.61,-0.087290004,102.168,-0.937,-4,SELL
Safari Industries (India) Limited,SAFARI.NS,"['Average profitability', 'Strong revenue growth']","['Stock may be overvalued', 'High debt risk']",67.81896,32.92,0.17159,10.828,0.165,-2,SELL
Sagardeep Alloys Limited,SAGARDEEP.NS,['Fair valuation'],"['Weak profitability', 'High debt risk', 'Declining revenues']",22.683762,1.17,0.07079,39.666,-0.044,-4,SELL
Sagar Cements Limited,SAGCEM.NS,['Strong revenue growth'],"['PE data missing', 'Weak profitability', 'High debt risk']",,-12.03,-0.08926,93.295,0.267,-2,SELL
SAGILITY LIMITED,SAGILITY.NS,['Strong revenue growth'],"['Stock may be overvalued', 'Weak profitability', 'High debt risk']",30.777779,1.71,0.09561,13.851,0.252,-3,SELL
Sahyadri Industries Limited,SAHYADRI.NS,"['Fair valuation', 'Strong revenue growth']","['Weak profitability', 'High debt risk']",15.141928,16.91,0.048499998,8.967,0.179,-2,SELL
Steel Authority of India Limited,SAIL.NS,"['Fair valuation', 'Slow revenue growth']","['Weak profitability', 'High debt risk']",21.411005,6.18,0.044120003,57.763,0.082,-3,SELL
Sai Life Sciences Limited,SAILIFE.NS,"['Average profitability', 'Strong revenue growth']","['Stock may be overvalued', 'High debt risk']",64.63951,13.87,0.17278999,18.397,0.359,-2,SELL
Sakar Healthcare Limited,SAKAR.NS,['Strong revenue growth'],"['Stock may be overvalued', 'Weak profitability', 'High debt risk']",47.713966,8.88,0.068119995,28.056,0.346,-3,SELL
Sakthi Sugars Limited,SAKHTISUG.NS,"['Low valuation', 'Average profitability', 'Strong revenue growth']","['Stock appears undervalued', 'High debt risk']",8.370044,2.27,0.16619,475.742,1.293,1,SELL
Saksoft Limited,SAKSOFT.NS,"['Fair valuation', 'Average profitability', 'Strong revenue growth']",['High debt risk'],21.190374,9.35,0.19754,7.303,0.201,-1,SELL
Sakuma Exports Limited,SAKUMA.NS,[],"['Stock may be overvalued', 'Weak profitability', 'High debt risk', 'Declining revenues']",30.857143,0.07,0.01444,6.194,-0.25,-5,SELL
Salasar Techno Engineering Limited,SALASAR.NS,['Strong revenue growth'],"['Stock may be overvalued', 'Weak profitability', 'High debt risk']",70.46154,0.13,0.03131,42.992,0.518,-3,SELL
Salona Cotspin Limited,SALONA.NS,['Slow revenue growth'],"['Stock may be overvalued', 'Weak profitability', 'High debt risk']",109.60251,2.39,0.01495,278.404,0.028,-4,SELL
S.A.L. Steel Limited,SALSTEEL.NS,[],"['PE data missing', 'Weak profitability', 'High debt risk', 'Declining revenues']",,-1.49,-0.32256,604.599,-0.468,-4,SELL
Salzer Electronics Limited,SALZERELEC.NS,"['Fair valuation', 'Average profitability', 'Strong revenue growth']",['High debt risk'],21.236906,32.46,0.102790006,82.807,0.217,-1,SELL
Sambhaav Media Limited,SAMBHAAV.NS,[],"['PE data missing', 'Weak profitability', 'High debt risk', 'Declining revenues']",,-0.01,-0.00219,10.641,-0.056,-4,SELL
Sambhv Steel Tubes Limited,SAMBHV.NS,['Strong revenue growth'],"['Stock may be overvalued', 'ROE data missing', 'High debt risk']",34.810715,2.8,,19.466,0.834,-2,SELL
Samhi Hotels Limited,SAMHI.NS,"['Fair valuation', 'Slow revenue growth']","['ROE data missing', 'High debt risk']",21.590107,8.49,,196.692,0.089,-2,SELL
Sammaan Capital Limited,SAMMAANCAP.NS,['Low valuation'],"['Stock appears undervalued', 'Weak profitability', 'High debt risk', 'Revenue growth data missing']",6.326549,22.11,0.05994,203.545,,-1,SELL
Sampann Utpadan India Limited,SAMPANN.NS,"['Low valuation', 'High profitability', 'Strong revenue growth']","['Stock appears undervalued', 'High debt risk']",13.656903,2.39,0.4584,202.507,0.652,3,HOLD
Sanathan Textiles Limited,SANATHAN.NS,"['Fair valuation', 'Slow revenue growth']","['Weak profitability', 'High debt risk']",26.514042,16.38,0.0863,77.611,0.102,-2,SELL
Sanco Industries Limited,SANCO.NS,['Slow revenue growth'],"['Stock may be overvalued', 'Weak profitability', 'Debt data missing']",33.666668,0.06,-0.91438,,0.128,-1,SELL
The Sandesh Limited,SANDESH.NS,['Fair valuation'],"['Weak profitability', 'Debt data missing', 'Declining revenues']",15.987969,66.5,0.036429998,,-0.303,-2,SELL
Sandhar Technologies Limited,SANDHAR.NS,"['Fair valuation', 'Average profitability', 'Strong revenue growth']",['High debt risk'],19.010382,28.9,0.15142,77.629,0.291,-1,SELL
Sandur Manganese & Iron Ores Limited,SANDUMA.NS,"['Fair valuation', 'High profitability', 'Strong revenue growth']",['High debt risk'],19.69943,12.31,0.22918,63.561,3.735,1,SELL
Sangam (India) Limited,SANGAMIND.NS,['Strong revenue growth'],"['Stock may be overvalued', 'Weak profitability', 'High debt risk']",62.036537,7.39,0.03688,126.634,0.164,-3,SELL
Sanghi Industries Limited,SANGHIIND.NS,['Strong revenue growth'],"['PE data missing', 'Weak profitability', 'High debt risk']",,-15.71,-0.65198,592.976,0.881,-2,SELL
Sanghvi Movers Limited,SANGHVIMOV.NS,"['Fair valuation', 'Average profitability', 'Strong revenue growth']",['High debt risk'],17.808287,20.03,0.153,40.655,0.344,-1,SELL
Sanginita Chemicals Limited,SANGINITA.NS,[],"['PE data missing', 'Weak profitability', 'High debt risk', 'Declining revenues']",,-0.19,-0.00865,47.453,-0.281,-4,SELL
Sanofi India Limited,SANOFI.NS,['Fair valuation'],"['ROE data missing', 'High debt risk', 'Declining revenues']",26.487938,154.61,,2.672,-0.093,-3,SELL
Sanofi Consumer Healthcare India Limited,SANOFICONR.NS,['Strong revenue growth'],"['Stock may be overvalued', 'ROE data missing', 'High debt risk']",47.249973,94.69,,11.012,0.463,-2,SELL
Sansera Engineering Limited,SANSERA.NS,"['Average profitability', 'Slow revenue growth']","['Stock may be overvalued', 'High debt risk']",42.174778,40.28,0.11417,15.176,0.081,-3,SELL
Sanstar Limited,SANSTAR.NS,['Slow revenue growth'],"['Stock may be overvalued', 'Weak profitability', 'High debt risk']",81.803734,1.07,0.030079998,3.402,0.006,-4,SELL
Sanwaria Consumer Limited,SANWARIA.NS,['Slow revenue growth'],"['PE data missing', 'ROE data missing', 'Debt data missing']",,-0.03,,,0.005,0,SELL
Sapphire Foods India Limited,SAPPHIRE.NS,['Slow revenue growth'],"['PE data missing', 'Weak profitability', 'High debt risk']",,-0.03,0.00017000001,99.226,0.067,-3,SELL
Sarda Energy & Minerals Limited,SARDAEN.NS,"['Fair valuation', 'Average profitability', 'Strong revenue growth']",['High debt risk'],17.328587,30.19,0.16198999,37.709,0.319,-1,SELL
Saregama India Limited,SAREGAMA.NS,"['Average profitability', 'Low debt']","['Stock may be overvalued', 'Declining revenues']",33.22106,10.54,0.12576,0.185,-0.049,-1,SELL
Sarla Performance Fibers Limited,SARLAPOLY.NS,"['Low valuation', 'Average profitability']","['Stock appears undervalued', 'High debt risk', 'Declining revenues']",11.217711,8.13,0.13838,32.655,-0.06,-1,SELL
Sarveshwar Foods Limited,SARVESHWAR.NS,"['Fair valuation', 'Strong revenue growth']","['Weak profitability', 'High debt risk']",16.148148,0.27,0.082550004,57.24,0.234,-2,SELL
Sasken Technologies Limited,SASKEN.NS,['Strong revenue growth'],"['Stock may be overvalued', 'Weak profitability', 'High debt risk']",60.768932,25.88,0.050669998,3.242,0.892,-3,SELL
Sastasundar Ventures Limited,SASTASUNDR.NS,['Slow revenue growth'],"['PE data missing', 'Weak profitability', 'Moderate debt level']",,-0.63,-0.010249999,0.588,0.037,-1,SELL
Satia Industries Limited,SATIA.NS,"['Low valuation', 'Strong revenue growth']","['Stock appears undervalued', 'Weak profitability', 'Debt data missing']",10.592295,6.23,0.06086,,0.502,2,HOLD
Satin Creditcare Network Limited,SATIN.NS,"['Low valuation', 'Strong revenue growth']","['Stock appears undervalued', 'Weak profitability', 'High debt risk']",11.619164,12.21,0.05207,367.777,0.494,0,SELL
Saurashtra Cement Limited,SAURASHCEM.NS,"['Fair valuation', 'Slow revenue growth']","['ROE data missing', 'High debt risk']",26.067741,3.1,,14.325,0.098,-2,SELL
SBC Exports Limited,SBC.NS,"['High profitability', 'Strong revenue growth']","['Stock may be overvalued', 'High debt risk']",113.16,0.25,0.27707002,281.519,0.284,0,SELL
Shivalik Bimetal Controls Limited,SBCL.NS,"['Fair valuation', 'High profitability', 'Slow revenue growth']",['High debt risk'],28.980133,15.1,0.21263,12.873,0.085,0,SELL
SBFC Finance Limited,SBFC.NS,"['Fair valuation', 'Average profitability', 'Strong revenue growth']",['High debt risk'],29.268908,3.57,0.12254,179.825,0.286,-1,SELL
Suratwwala Business Group Limited,SBGLP.NS,"['High profitability', 'Strong revenue growth']","['Stock may be overvalued', 'High debt risk']",32.18261,1.15,0.26598,73.579,10.619,0,SELL
SBI Cards and Payment Services Limited,SBICARD.NS,"['Average profitability', 'Strong revenue growth']","['Stock may be overvalued', 'High debt risk']",42.95082,20.13,0.13762,332.839,0.201,-2,SELL
SBI Life Insurance Company Limited,SBILIFE.NS,['Average profitability'],"['Stock may be overvalued', 'Debt data missing', 'Declining revenues']",82.37862,24.51,0.14199,,-0.428,-2,SELL
State Bank of India,SBIN.NS,"['Low valuation', 'Average profitability', 'Slow revenue growth']","['Stock appears undervalued', 'Debt data missing']",10.746219,89.92,0.15675999,,0.081,2,HOLD
Schaeffler India Limited,SCHAEFFLER.NS,['Slow revenue growth'],"['Stock may be overvalued', 'ROE data missing', 'High debt risk']",55.63551,68.37,,1.012,0.15,-2,SELL
S Chand And Company Limited,SCHAND.NS,"['Low valuation', 'Strong revenue growth']","['Stock appears undervalued', 'Weak profitability', 'High debt risk']",10.949862,14.56,0.0541,15.164,0.318,0,SELL
Schneider Electric Infrastructure Limited,SCHNEIDER.NS,"['High profitability', 'Slow revenue growth']","['Stock may be overvalued', 'High debt risk']",67.358665,10.79,0.48913,80.084,0.084,-1,SELL
Shipping Corporation Of India Limited,SCI.NS,['Low valuation'],"['Stock appears undervalued', 'Weak profitability', 'High debt risk', 'Declining revenues']",13.030127,17.26,0.096920006,32.955,-0.077,-2,SELL
Shipping Corporation of India Land and Assets Limited,SCILAL.NS,"['Low debt', 'Strong revenue growth']","['PE data missing', 'Weak profitability']",,-4.2,-0.06303,0.003,0.536,1,SELL
Scoda Tubes Limited,SCODATUBES.NS,['Slow revenue growth'],"['Stock may be overvalued', 'ROE data missing', 'High debt risk']",53.29412,3.06,,54.523,0.042,-3,SELL
Sheetal Cool Products Limited,SCPL.NS,"['Fair valuation', 'Average profitability']","['High debt risk', 'Declining revenues']",24.091394,13.13,0.10539,63.458,-0.114,-3,SELL
Som Distilleries & Breweries Limited,SDBL.NS,"['Fair valuation', 'Average profitability']","['High debt risk', 'Declining revenues']",20.818008,5.22,0.14021,22.94,-0.072,-3,SELL
Seamec Limited,SEAMECLTD.NS,['Slow revenue growth'],"['Stock may be overvalued', 'Weak profitability', 'High debt risk']",30.361897,34.54,0.086,37.579,0.109,-3,SELL
SecMark Consultancy Limited,SECMARK.NS,"['High profitability', 'Slow revenue growth']","['Stock may be overvalued', 'Debt data missing']",30.726542,3.73,0.20891,,0.062,1,SELL
SECUREKLOUD TECHNOLOGIES LIMITED,SECURKLOUD.NS,[],"['PE data missing', 'ROE data missing', 'Debt data missing', 'Declining revenues']",,-28.29,,,-0.222,-1,SELL
Sejal Glass Limited,SEJALLTD.NS,"['High profitability', 'Strong revenue growth']","['Stock may be overvalued', 'High debt risk']",45.51804,19.4,0.44313,405.9,0.689,0,SELL
SEL Manufacturing Company Limited,SELMC.NS,['Slow revenue growth'],"['PE data missing', 'ROE data missing', 'Debt data missing']",,-42.64,,,0.087,0,SELL
Semac Construction Limited,SEMAC.NS,['Strong revenue growth'],"['Stock may be overvalued', 'Weak profitability', 'High debt risk']",139.04204,2.14,0.00834,61.573,0.762,-3,SELL
Senco Gold Limited,SENCO.NS,"['Fair valuation', 'Average profitability', 'Slow revenue growth']",['High debt risk'],20.822496,15.38,0.14126,116.632,0.024,-2,SELL
Senores Pharmaceuticals Limited,SENORES.NS,['Strong revenue growth'],"['Stock may be overvalued', 'ROE data missing', 'High debt risk']",36.799274,22.12,,28.895,0.607,-2,SELL
SEPC Limited,SEPC.NS,['Strong revenue growth'],"['Stock may be overvalued', 'Weak profitability', 'High debt risk']",44.68182,0.22,0.02379,19.359,0.389,-3,SELL
Sequent Scientific Limited,SEQUENT.NS,['Slow revenue growth'],"['Stock may be overvalued', 'Weak profitability', 'High debt risk']",131.00613,1.63,0.066360004,55.307,0.15,-3,SELL
Servotech Renewable Power System Limited,SERVOTECH.NS,[],"['Stock may be overvalued', 'Weak profitability', 'High debt risk', 'Declining revenues']",77.823524,1.02,0.097729996,56.375,-0.467,-5,SELL
Seshasayee Paper and Boards Limited,SESHAPAPER.NS,['Fair valuation'],"['Weak profitability', 'High debt risk', 'Declining revenues']",17.868633,13.55,0.04097,3.807,-0.131,-4,SELL
Setco Automotive Limited,SETCO.NS,['Slow revenue growth'],"['PE data missing', 'ROE data missing', 'Debt data missing']",,-8.67,,,0.12,1,SELL
Setubandhan Infrastructure Limited,SETUINFRA.NS,['Slow revenue growth'],"['Stock may be overvalued', 'Weak profitability', 'High debt risk']",47.0,0.01,0.00184,158.545,0.13,-3,SELL
Sheela Foam Limited,SFL.NS,['Slow revenue growth'],"['Stock may be overvalued', 'Weak profitability', 'High debt risk']",119.46393,4.85,0.01732,40.731,0.077,-4,SELL
SG Finserve Limited,SGFIN.NS,"['Fair valuation', 'Average profitability', 'Strong revenue growth']",['High debt risk'],26.348896,15.42,0.10416,177.049,1.419,-1,SELL
Synergy Green Industries Limited,SGIL.NS,['Average profitability'],"['Stock may be overvalued', 'High debt risk', 'Declining revenues']",51.03586,10.04,0.18739,179.329,-0.19,-4,SELL
STL Global Limited,SGL.NS,['Slow revenue growth'],"['PE data missing', 'Weak profitability', 'High debt risk']",,-0.04,-0.00494,56.3,0.139,-2,SELL
Standard Glass Lining Technology Limited,SGLTL.NS,['Slow revenue growth'],"['Stock may be overvalued', 'ROE data missing', 'High debt risk']",41.809525,3.57,,18.173,0.105,-2,SELL
SG Mart Limited,SGMART.NS,[],"['Stock may be overvalued', 'Weak profitability', 'High debt risk', 'Declining revenues']",37.203392,10.03,0.09,17.439,-0.061,-5,SELL
Shah Metacorp Limited,SHAH.NS,['Strong revenue growth'],"['Stock may be overvalued', 'Weak profitability', 'High debt risk']",44.727272,0.11,0.04282,20.738,0.376,-3,SELL
Shah Alloys Limited,SHAHALLOYS.NS,[],"['Stock may be overvalued', 'ROE data missing', 'Debt data missing', 'Declining revenues']",102.666664,0.66,,,-0.955,-2,SELL
Shaily Engineering Plastics Limited,SHAILY.NS,"['High profitability', 'Strong revenue growth']","['Stock may be overvalued', 'High debt risk']",73.59912,31.73,0.25863,29.807,0.337,0,SELL
Shakti Pumps (India) Limited,SHAKTIPUMP.NS,"['Fair valuation', 'High profitability', 'Slow revenue growth']",['High debt risk'],22.120071,33.23,0.31280002,37.999,0.041,0,SELL
Shalby Limited,SHALBY.NS,['Slow revenue growth'],"['Stock may be overvalued', 'Weak profitability', 'High debt risk']",526.9737,0.38,-0.00022,53.318,0.067,-4,SELL
Shalimar Paints Limited,SHALPAINTS.NS,[],"['PE data missing', 'Weak profitability', 'High debt risk', 'Declining revenues']",,-13.58,-0.20408002,66.655,-0.076,-4,SELL
Shankara Building Products Limited,SHANKARA.NS,"['Low valuation', 'Average profitability']","['Stock appears undervalued', 'High debt risk', 'Declining revenues']",3.6512718,29.88,0.11495,14.499,-0.789,-1,SELL
Shanti Overseas (India) Limited,SHANTI.NS,['Strong revenue growth'],"['PE data missing', 'Weak profitability', 'High debt risk']",,-2.51,-0.15116,38.071,0.293,-2,SELL
Shanthi Gears Limited,SHANTIGEAR.NS,['High profitability'],"['Stock may be overvalued', 'Debt data missing', 'Declining revenues']",38.767517,12.13,0.2299,,-0.149,0,SELL
Shanti Gold International Limited,SHANTIGOLD.NS,"['Low valuation', 'Strong revenue growth']","['Stock appears undervalued', 'ROE data missing', 'High debt risk']",12.796874,14.72,,34.024,0.616,1,SELL
Sharda Cropchem Limited,SHARDACROP.NS,"['Fair valuation', 'Average profitability', 'Low debt', 'Strong revenue growth']",[],17.131441,50.06,0.18185,0.148,0.196,2,HOLD
Sharda Motor Industries Limited,SHARDAMOTR.NS,"['Fair valuation', 'High profitability', 'Slow revenue growth']",['High debt risk'],16.16529,58.14,0.32656,4.414,0.107,1,SELL
Share India Securities Limited,SHAREINDIA.NS,"['Low valuation', 'Average profitability']","['Stock appears undervalued', 'High debt risk', 'Declining revenues']",13.991849,12.27,0.1161,22.746,-0.289,-1,SELL
Shekhawati Industries Limited,SHEKHAWATI.NS,"['Low valuation', 'High profitability']","['Stock appears undervalued', 'High debt risk', 'Declining revenues']",11.188571,1.75,0.40132,1.825,-0.832,1,SELL
Shemaroo Entertainment Limited,SHEMAROO.NS,[],"['PE data missing', 'Weak profitability', 'High debt risk', 'Declining revenues']",,-48.52,-0.2994,78.655,-0.115,-4,SELL
Shilchar Technologies Limited,SHILCTECH.NS,"['Fair valuation', 'High profitability', 'Strong revenue growth']",['Debt data missing'],25.389765,155.35,0.52479,,0.312,3,HOLD
Shilpa Medicare Limited,SHILPAMED.NS,['Slow revenue growth'],"['Stock may be overvalued', 'Weak profitability', 'High debt risk']",58.197464,5.52,0.057690002,24.328,0.076,-4,SELL
Shivalik Rasayan Limited,SHIVALIK.NS,['Slow revenue growth'],"['Stock may be overvalued', 'Weak profitability', 'High debt risk']",41.85039,8.89,0.03521,17.115,0.138,-3,SELL
Shivam Autotech Limited,SHIVAMAUTO.NS,[],"['PE data missing', 'Weak profitability', 'High debt risk', 'Declining revenues']",,-4.43,-3.17824,19197.627,-0.063,-4,SELL
Shiva Mills Limited,SHIVAMILLS.NS,[],"['PE data missing', 'Weak profitability', 'High debt risk', 'Declining revenues']",,-3.5,-0.0325,6.938,-0.367,-4,SELL
Shiva Texyarn Limited,SHIVATEX.NS,"['Low valuation', 'Average profitability', 'Slow revenue growth']","['Stock appears undervalued', 'High debt risk']",14.4668255,12.51,0.12003,72.496,0.104,1,SELL
Shiv Aum Steels Limited,SHIVAUM.NS,[],"['Stock may be overvalued', 'Weak profitability', 'High debt risk', 'Declining revenues']",41.682896,7.19,0.04346,63.231,-0.088,-5,SELL
S H Kelkar and Company Limited,SHK.NS,"['Fair valuation', 'Average profitability', 'Slow revenue growth']",['High debt risk'],16.03125,11.2,0.12405,66.836,0.026,-2,SELL
Shoppers Stop Limited,SHOPERSTOP.NS,['Slow revenue growth'],"['Stock may be overvalued', 'Weak profitability', 'High debt risk']",240.1506,1.66,0.06673,1155.819,0.127,-3,SELL
Shradha Infraprojects Limited,SHRADHA.NS,"['Low valuation', 'Average profitability', 'Strong revenue growth']","['Stock appears undervalued', 'High debt risk']",11.77581,3.39,0.16503,92.509,0.53,1,SELL
Shree Digvijay Cement Co.Ltd,SHREDIGCEM.NS,"['Average profitability', 'Slow revenue growth']","['Stock may be overvalued', 'High debt risk']",35.47638,2.54,0.104899995,39.119,0.111,-2,SELL
SHREE CEMENT LIMITED,SHREECEM.NS,['Strong revenue growth'],"['Stock may be overvalued', 'Weak profitability', 'High debt risk']",55.522865,475.84,0.07935,9.525,0.174,-3,SELL
Shreeji Shipping Global Limited,SHREEJISPG.NS,['Slow revenue growth'],"['Stock may be overvalued', 'ROE data missing', 'High debt risk']",40.203487,8.6,,30.028,0.113,-2,SELL
Shree Pushkar Chemicals & Fertilisers Limited,SHREEPUSHK.NS,"['Fair valuation', 'Average profitability', 'Strong revenue growth']",['High debt risk'],17.194132,22.15,0.13209,26.764,0.452,-1,SELL
Shree Rama Multi-Tech Limited,SHREERAMA.NS,"['Fair valuation', 'High profitability', 'Strong revenue growth']",['High debt risk'],15.220048,4.09,0.40311,13.028,0.175,1,SELL
Shrenik Limited,SHRENIK.NS,['Strong revenue growth'],"['PE data missing', 'ROE data missing', 'Debt data missing']",,-0.04,,,0.757,1,SELL
Shreyans Industries Limited,SHREYANIND.NS,"['Low valuation', 'Average profitability', 'Slow revenue growth']","['Stock appears undervalued', 'High debt risk']",5.102526,34.04,0.11228,13.049,0.074,0,SELL
Shringar House of Mangalsutra Limited,SHRINGARMS.NS,"['Fair valuation', 'Strong revenue growth']","['ROE data missing', 'High debt risk']",27.43378,8.23,,30.311,0.271,-1,SELL
Shriram Pistons & Rings Limited,SHRIPISTON.NS,"['Fair valuation', 'High profitability', 'Strong revenue growth']",['High debt risk'],26.019892,122.66,0.22016001,19.519,0.16,1,SELL
Shriram Finance Limited,SHRIRAMFIN.NS,"['Fair valuation', 'Average profitability', 'Slow revenue growth']",['High debt risk'],18.363932,52.29,0.17323999,279.083,0.113,-1,SELL
Shriram Properties Limited,SHRIRAMPPS.NS,"['Fair valuation', 'Strong revenue growth']","['Weak profitability', 'High debt risk']",16.013283,5.27,0.06695,50.86,0.461,-2,SELL
Shyam Century Ferrous Limited,SHYAMCENT.NS,[],"['PE data missing', 'Weak profitability', 'Moderate debt level', 'Declining revenues']",,-0.35,-0.04531,0.669,-0.772,-2,SELL
Shyam Metalics and Energy Limited,SHYAMMETL.NS,"['Fair valuation', 'Strong revenue growth']","['Weak profitability', 'High debt risk']",23.538551,34.76,0.08509,9.426,0.226,-2,SELL
Shyam Telecom Limited,SHYAMTEL.NS,[],"['PE data missing', 'ROE data missing', 'Debt data missing', 'Revenue growth data missing']",,-4.75,,,,0,SELL
Sical Logistics Limited,SICALLOG.NS,['Strong revenue growth'],"['Stock may be overvalued', 'ROE data missing', 'High debt risk']",490.0,0.19,,468.87,1.323,-2,SELL
Siemens Limited,SIEMENS.NS,[],"['Stock may be overvalued', 'ROE data missing', 'High debt risk', 'Declining revenues']",65.41983,47.4,,1.098,-0.2,-4,SELL
Sigachi Industries Limited,SIGACHI.NS,[],"['PE data missing', 'Weak profitability', 'High debt risk', 'Declining revenues']",,-1.35,-0.10738,32.202,-0.096,-4,SELL
Signet Industries Limited,SIGIND.NS,"['Low valuation', 'Strong revenue growth']","['Stock appears undervalued', 'Weak profitability', 'High debt risk']",10.21576,5.33,0.07017,173.841,0.19,0,SELL
Sigma Solve Limited,SIGMA.NS,"['High profitability', 'Strong revenue growth']","['Stock may be overvalued', 'High debt risk']",30.62963,1.89,0.45837003,5.498,0.5,0,SELL
Signatureglobal (India) Limited,SIGNATURE.NS,['Average profitability'],"['Stock may be overvalued', 'High debt risk', 'Declining revenues']",207.77371,5.48,0.113929994,356.187,-0.548,-4,SELL
Signpost India Limited,SIGNPOST.NS,"['Average profitability', 'Slow revenue growth']","['Stock may be overvalued', 'High debt risk']",30.990057,7.04,0.15923001,82.071,0.033,-3,SELL
Sikko Industries Limited,SIKKO.NS,['Strong revenue growth'],"['Stock may be overvalued', 'Weak profitability', 'High debt risk']",45.583332,0.12,0.09133001,14.246,0.254,-3,SELL
Standard Industries Limited,SIL.NS,['Strong revenue growth'],"['PE data missing', 'Weak profitability', 'High debt risk']",,-2.76,-0.13607,1.847,0.41,-2,SELL
Silgo Retail Limited,SILGO.NS,['Strong revenue growth'],"['Stock may be overvalued', 'Weak profitability', 'Debt data missing']",30.01498,2.67,0.062470004,,0.815,-1,SELL
SIL Investments Limited,SILINV.NS,"['Low valuation', 'Strong revenue growth']","['Stock appears undervalued', 'Weak profitability', 'Debt data missing']",14.20033,36.39,0.01298,,0.158,2,HOLD
Silly Monks Entertainment Limited,SILLYMONKS.NS,[],"['PE data missing', 'Weak profitability', 'High debt risk', 'Declining revenues']",,-0.07,-0.01007,2.097,-0.044,-4,SELL
Silver Touch Technologies Limited,SILVERTUC.NS,"['Average profitability', 'Slow revenue growth']","['Stock may be overvalued', 'High debt risk']",43.031784,20.45,0.19631,33.247,0.135,-2,SELL
Simbhaoli Sugars Limited,SIMBHALS.NS,['Low valuation'],"['Stock appears undervalued', 'ROE data missing', 'Debt data missing', 'Declining revenues']",4.1858406,2.26,,,-0.268,1,SELL
Simplex Infrastructures Limited,SIMPLEXINF.NS,[],"['Stock may be overvalued', 'Weak profitability', 'High debt risk', 'Declining revenues']",36.819447,7.2,0.080740005,196.588,-0.075,-5,SELL
Sinclairs Hotels Limited,SINCLAIR.NS,['Slow revenue growth'],"['Stock may be overvalued', 'Weak profitability', 'High debt risk']",46.689266,1.77,0.07966,30.207,0.111,-3,SELL
Sindhu Trade Links Limited,SINDHUTRAD.NS,[],"['PE data missing', 'Weak profitability', 'High debt risk', 'Declining revenues']",,-0.25,-0.01622,20.418,-0.664,-4,SELL
Sintercom India Limited,SINTERCOM.NS,['Slow revenue growth'],"['Stock may be overvalued', 'Weak profitability', 'High debt risk']",283.41666,0.36,0.00985,46.836,0.123,-3,SELL
Sirca Paints India Limited,SIRCA.NS,"['Average profitability', 'Strong revenue growth']","['Stock may be overvalued', 'High debt risk']",46.486614,10.46,0.15093,10.211,0.243,-2,SELL
SIS LIMITED,SIS.NS,['Strong revenue growth'],"['Stock may be overvalued', 'Weak profitability', 'High debt risk']",91.23656,3.72,0.02046,67.098,0.152,-3,SELL
Siti Networks Limited,SITINET.NS,[],"['PE data missing', 'ROE data missing', 'Debt data missing', 'Declining revenues']",,-2.41,,,-0.122,-1,SELL
Siyaram Silk Mills Limited,SIYSIL.NS,"['Low valuation', 'Average profitability', 'Strong revenue growth']","['Stock appears undervalued', 'High debt risk']",14.084094,46.02,0.16375,30.58,0.161,1,SELL
S.J.S. Enterprises Limited,SJS.NS,"['High profitability', 'Strong revenue growth']","['Stock may be overvalued', 'High debt risk']",40.570633,43.11,0.20193,4.444,0.254,0,SELL
SJVN Limited,SJVN.NS,['Slow revenue growth'],"['Stock may be overvalued', 'Weak profitability', 'High debt risk']",51.13103,1.45,0.03809,202.556,0.006,-4,SELL
SKF India Limited,SKFINDIA.NS,"['Fair valuation', 'High profitability', 'Low debt', 'Slow revenue growth']",[],16.395649,108.48,0.21259001,0.122,0.052,3,HOLD
SKF India (Industrial) Limited,SKFINDUS.NS,[],"['PE data missing', 'ROE data missing', 'Debt data missing', 'Revenue growth data missing']",,,,,,0,SELL
Skipper Limited,SKIPPER.NS,"['Fair valuation', 'Average profitability', 'Slow revenue growth']",['High debt risk'],28.341152,14.92,0.14839,62.585,0.137,-1,SELL
SKM Egg Products Export (India) Limited,SKMEGGPROD.NS,"['Fair valuation', 'Average profitability', 'Strong revenue growth']",['High debt risk'],20.743761,20.84,0.17358999,50.68,0.584,-1,SELL
SKY GOLD AND DIAMONDS LIMITED,SKYGOLD.NS,"['High profitability', 'Strong revenue growth']","['PE data missing', 'High debt risk']",,-544.09,0.26775,78.497,0.931,1,SELL
Smartlink Holdings Limited,SMARTLINK.NS,"['Low valuation', 'Strong revenue growth']","['Stock appears undervalued', 'Weak profitability', 'High debt risk']",12.682951,10.44,0.053340003,1.501,0.239,0,SELL
Smartworks Coworking Spaces Limited,SMARTWORKS.NS,['Strong revenue growth'],"['PE data missing', 'ROE data missing', 'High debt risk']",,-3.02,,860.311,0.212,-1,SELL
SMC Global Securities Limited,SMCGLOBAL.NS,['Fair valuation'],"['Weak profitability', 'High debt risk', 'Declining revenues']",18.85225,4.67,0.08094,162.127,-0.026,-4,SELL
SML Mahindra Limited,SMLMAH.NS,"['High profitability', 'Slow revenue growth']","['Stock may be overvalued', 'High debt risk']",37.050537,97.95,0.36546,57.155,0.01,-1,SELL
Sarthak Metals Limited,SMLT.NS,[],"['Stock may be overvalued', 'Weak profitability', 'High debt risk', 'Declining revenues']",32.050907,2.75,0.03097,2.352,-0.206,-5,SELL
SMS Pharmaceuticals Limited,SMSPHARMA.NS,"['Average profitability', 'Strong revenue growth']","['Stock may be overvalued', 'High debt risk']",31.604748,9.69,0.1305,44.465,0.232,-2,SELL
Snowman Logistics Limited,SNOWMAN.NS,['Slow revenue growth'],"['Stock may be overvalued', 'Weak profitability', 'High debt risk']",223.83333,0.18,0.00721,80.305,0.085,-4,SELL
Sobha Limited,SOBHA.NS,['Strong revenue growth'],"['Stock may be overvalued', 'Weak profitability', 'High debt risk']",105.38461,14.04,0.03664,23.042,0.508,-3,SELL
Softtech Engineers Limited,SOFTTECH.NS,['Strong revenue growth'],"['Stock may be overvalued', 'Weak profitability', 'High debt risk']",332.57898,0.95,0.012209999,26.731,0.168,-3,SELL
Solara Active Pharma Sciences Limited,SOLARA.NS,[],"['Stock may be overvalued', 'Weak profitability', 'High debt risk', 'Declining revenues']",478.67523,1.17,0.00546,51.38,-0.096,-5,SELL
Solar Industries India Limited,SOLARINDS.NS,"['High profitability', 'Strong revenue growth']","['Stock may be overvalued', 'High debt risk']",85.144104,146.07,0.30285,16.425,0.214,0,SELL
Solarworld Energy Solutions Limited,SOLARWORLD.NS,[],"['Stock may be overvalued', 'ROE data missing', 'High debt risk', 'Declining revenues']",30.911215,8.56,,27.204,-0.029,-4,SELL
Solex Energy Limited,SOLEX.NS,"['Fair valuation', 'High profitability', 'Slow revenue growth']",['High debt risk'],21.66639,60.49,0.37625,155.692,0.135,1,SELL
Somany Ceramics Limited,SOMANYCERA.NS,['Slow revenue growth'],"['Stock may be overvalued', 'Weak profitability', 'High debt risk']",30.139194,13.65,0.055970002,37.969,0.028,-4,SELL
Soma Textiles & Industries Limited,SOMATEX.NS,['Low debt'],"['Stock may be overvalued', 'Weak profitability', 'Declining revenues']",145.93259,0.89,0.01819,0.187,-0.799,-2,SELL
Somi Conveyor Beltings Limited,SOMICONVEY.NS,[],"['Stock may be overvalued', 'Weak profitability', 'High debt risk', 'Declining revenues']",33.36702,3.76,0.058179997,19.262,-0.421,-5,SELL
Sona BLW Precision Forgings Limited,SONACOMS.NS,"['Average profitability', 'Strong revenue growth']","['Stock may be overvalued', 'High debt risk']",48.844986,9.87,0.10786,3.604,0.234,-2,SELL
SONAM LIMITED,SONAMLTD.NS,"['Fair valuation', 'Strong revenue growth']","['Weak profitability', 'High debt risk']",26.196201,1.58,0.09709,30.114,0.28,-2,SELL
Sonata Software Limited,SONATSOFTW.NS,"['Fair valuation', 'High profitability']","['High debt risk', 'Declining revenues']",23.045254,15.91,0.27018,41.695,-0.023,-1,SELL
Savita Oil Technologies Limited,SOTL.NS,"['Fair valuation', 'Strong revenue growth']","['Weak profitability', 'Debt data missing']",19.28924,20.26,0.08293,,0.186,0,SELL
The South Indian Bank Limited,SOUTHBANK.NS,"['Low valuation', 'Average profitability', 'Slow revenue growth']","['Stock appears undervalued', 'Debt data missing']",7.2524085,5.19,0.13551,,0.067,2,HOLD
South West Pinnacle Exploration Limited,SOUTHWEST.NS,"['Fair valuation', 'Average profitability', 'Strong revenue growth']",['High debt risk'],23.12178,8.54,0.16344,51.856,1.282,-1,SELL
S. P. Apparels Limited,SPAL.NS,"['Fair valuation', 'Average profitability', 'Slow revenue growth']",['High debt risk'],15.900092,43.94,0.13124,45.394,0.092,-2,SELL
Spandana Sphoorty Financial Limited,SPANDANA.NS,[],"['PE data missing', 'Weak profitability', 'High debt risk', 'Revenue growth data missing']",,-198.23,-0.51758,147.688,,-3,SELL
Sun Pharma Advanced Research Company Limited,SPARC.NS,[],"['PE data missing', 'ROE data missing', 'Debt data missing', 'Declining revenues']",,-8.23,,,-0.389,-1,SELL
Spacenet Enterprises India Limited,SPCENET.NS,"['Fair valuation', 'Slow revenue growth']","['Weak profitability', 'Moderate debt level']",28.250002,0.24,0.09591,0.597,0.075,-1,SELL
Speciality Restaurants Limited,SPECIALITY.NS,"['Fair valuation', 'Slow revenue growth']","['Weak profitability', 'High debt risk']",25.093542,4.49,0.06343,42.426,0.116,-2,SELL
Spectrum Electrical Industries Limited,SPECTRUM.NS,"['Average profitability', 'Strong revenue growth']","['Stock may be overvalued', 'High debt risk']",63.95558,18.91,0.15076,76.093,0.35,-2,SELL
Spencer's Retail Limited,SPENCERS.NS,[],"['PE data missing', 'ROE data missing', 'Debt data missing', 'Declining revenues']",,-26.79,,,-0.141,-1,SELL
Southern Petrochemicals Industries Corporation  Limited,SPIC.NS,"['Low valuation', 'Average profitability', 'Slow revenue growth']","['Stock appears undervalued', 'High debt risk']",8.924342,9.12,0.15179,34.524,0.076,0,SELL
SPL Industries Limited,SPLIL.NS,['Fair valuation'],"['Weak profitability', 'Debt data missing', 'Declining revenues']",25.182482,1.37,0.01904,,-0.621,-2,SELL
Supreme Petrochem Limited,SPLPETRO.NS,['Average profitability'],"['Stock may be overvalued', 'High debt risk', 'Declining revenues']",39.10061,16.4,0.14277,6.558,-0.258,-4,SELL
SPML Infra Limited,SPMLINFRA.NS,[],"['Stock may be overvalued', 'Weak profitability', 'High debt risk', 'Declining revenues']",31.571688,5.51,0.071339995,43.718,-0.004,-5,SELL
Sportking India Limited,SPORTKING.NS,"['Low valuation', 'Average profitability']","['Stock appears undervalued', 'High debt risk', 'Declining revenues']",10.189556,8.81,0.11181,48.486,-0.037,-1,SELL
Shankar Lal Rampal Dye-Chem Limited,SRD.NS,['Strong revenue growth'],"['PE data missing', 'ROE data missing', 'High debt risk']",,-6.13,,16.288,0.238,-1,SELL
Sreeleathers Limited,SREEL.NS,"['Fair valuation', 'Low debt', 'Strong revenue growth']",['Weak profitability'],21.853268,9.95,0.049879998,0.495,0.196,1,SELL
SRF Limited,SRF.NS,"['Average profitability', 'Slow revenue growth']","['Stock may be overvalued', 'High debt risk']",56.878784,54.53,0.12807,34.719,0.063,-3,SELL
SRG Housing Finance Limited,SRGHFL.NS,"['Fair valuation', 'Average profitability', 'Strong revenue growth']",['High debt risk'],16.349384,17.86,0.112040006,249.831,0.322,-1,SELL
Sree Rayalaseema Hi-Strength Hypo Limited,SRHHYPOLTD.NS,"['Low valuation', 'Slow revenue growth']","['Stock appears undervalued', 'Weak profitability', 'High debt risk']",9.715983,53.87,0.09421,1.283,0.071,-1,SELL
SRM Contractors Limited,SRM.NS,"['Fair valuation', 'High profitability', 'Strong revenue growth']",['High debt risk'],17.042942,31.67,0.27193,19.915,1.165,1,SELL
Shree Ram Proteins Limited,SRPL.NS,[],"['PE data missing', 'Weak profitability', 'High debt risk', 'Revenue growth data missing']",,-0.45,-0.59383,196.65,,-3,SELL
Saraswati Saree Depot Limited,SSDL.NS,"['Low valuation', 'Average profitability', 'Strong revenue growth']","['Stock appears undervalued', 'High debt risk']",9.774033,8.01,0.17027001,3.465,0.265,1,SELL
Steel Strips Wheels Limited,SSWL.NS,"['Fair valuation', 'Average profitability', 'Slow revenue growth']",['High debt risk'],15.665017,12.12,0.117910005,52.775,0.096,-2,SELL
Stallion India Fluorochemicals Limited,STALLION.NS,"['Average profitability', 'Low debt', 'Strong revenue growth']",['Stock may be overvalued'],44.472946,4.99,0.19826001,0.366,0.556,1,SELL
Stanley Lifestyles Limited,STANLEY.NS,['Slow revenue growth'],"['Stock may be overvalued', 'Weak profitability', 'High debt risk']",35.31588,5.73,0.07235,69.949,0.023,-4,SELL
Strides Pharma Science Limited,STAR.NS,"['Fair valuation', 'Average profitability', 'Slow revenue growth']",['High debt risk'],21.152775,43.07,0.16453,65.787,0.016,-2,SELL
Star Cement Limited,STARCEMENT.NS,"['Average profitability', 'Strong revenue growth']","['Stock may be overvalued', 'High debt risk']",30.144194,7.49,0.104770005,21.388,0.264,-2,SELL
Star Health and Allied Insurance Company Limited,STARHEALTH.NS,[],"['Stock may be overvalued', 'Weak profitability', 'High debt risk', 'Declining revenues']",49.38753,8.98,0.07294,6.183,-0.412,-5,SELL
Star Paper Mills Limited,STARPAPER.NS,['Low valuation'],"['Stock appears undervalued', 'Weak profitability', 'Moderate debt level', 'Declining revenues']",6.594573,24.69,0.05627,0.64,-0.059,0,SELL
Starteck Finance Limited,STARTECK.NS,"['Fair valuation', 'Strong revenue growth']","['Weak profitability', 'High debt risk']",17.617575,16.16,0.06692,108.108,1.029,-2,SELL
The State Trading Corporation of India Limited,STCINDIA.NS,[],"['Stock may be overvalued', 'ROE data missing', 'Debt data missing', 'Revenue growth data missing']",60.425926,2.16,,,,-1,SELL
Steelcast Limited,STEELCAS.NS,"['Fair valuation', 'High profitability', 'Strong revenue growth']",['Debt data missing'],23.298523,8.81,0.27554,,1.183,3,HOLD
Steel City Securities Limited,STEELCITY.NS,"['Low valuation', 'Average profitability']","['Stock appears undervalued', 'High debt risk', 'Declining revenues']",8.274911,11.24,0.11524,8.717,-0.193,-1,SELL
STEEL EXCHANGE INDIA LIMITED,STEELXIND.NS,[],"['Stock may be overvalued', 'Weak profitability', 'High debt risk', 'Declining revenues']",34.321426,0.28,0.046350002,50.244,-0.111,-5,SELL
Stel Holdings Limited,STEL.NS,['Strong revenue growth'],"['Stock may be overvalued', 'Weak profitability', 'Debt data missing']",55.644638,9.23,0.0086199995,,0.191,-1,SELL
Sterling Tools Limited,STERTOOLS.NS,['Fair valuation'],"['Weak profitability', 'High debt risk', 'Declining revenues']",20.71161,13.35,0.09632,31.577,-0.268,-4,SELL
STL Networks Limited,STLNETWORK.NS,[],"['PE data missing', 'ROE data missing', 'High debt risk', 'Declining revenues']",,,,95.632,-0.353,-3,SELL
Sterlite Technologies Limited,STLTECH.NS,[],"['Stock may be overvalued', 'Weak profitability', 'High debt risk', 'Declining revenues']",686.73334,0.15,0.0028,93.525,-0.268,-5,SELL
Stove Kraft Limited,STOVEKRAFT.NS,['Slow revenue growth'],"['Stock may be overvalued', 'Weak profitability', 'High debt risk']",42.039333,13.73,0.09545,52.576,0.134,-3,SELL
Studds Accessories Limited,STUDDS.NS,"['Fair valuation', 'Slow revenue growth']","['ROE data missing', 'High debt risk']",29.99435,17.7,,1.813,0.075,-2,SELL
Seshaasai Technologies Limited,STYL.NS,['Fair valuation'],"['ROE data missing', 'High debt risk', 'Declining revenues']",21.18808,12.92,,26.355,-0.108,-3,SELL
Stylam Industries Limited,STYLAMIND.NS,"['Fair valuation', 'Average profitability', 'Slow revenue growth']",['Debt data missing'],29.81564,74.31,0.18911,,0.113,1,SELL
Baazar Style Retail Limited,STYLEBAAZA.NS,"['Fair valuation', 'Average profitability', 'Strong revenue growth']",['High debt risk'],25.970505,10.51,0.18542999,190.823,0.71,-1,SELL
Styrenix Performance Materials Limited,STYRENIX.NS,"['Fair valuation', 'Average profitability', 'Strong revenue growth']",['High debt risk'],17.354488,114.08,0.19559999,44.082,0.223,-1,SELL
Subex Limited,SUBEXLTD.NS,[],"['PE data missing', 'Weak profitability', 'High debt risk', 'Declining revenues']",,-0.1,-0.01602,9.203,-0.071,-4,SELL
Subros Limited,SUBROS.NS,"['Average profitability', 'Slow revenue growth']","['Stock may be overvalued', 'High debt risk']",34.803246,24.65,0.14789,6.954,0.062,-3,SELL
Sudarshan Chemical Industries Limited,SUDARSCHEM.NS,['Strong revenue growth'],"['Stock may be overvalued', 'Weak profitability', 'High debt risk']",139.0842,6.77,0.029260002,64.493,2.43,-3,SELL
Sudeep Pharma Limited,SUDEEPPHRM.NS,['Slow revenue growth'],"['Stock may be overvalued', 'ROE data missing', 'High debt risk']",50.774876,12.26,,19.321,0.093,-3,SELL
Sukhjit Starch & Chemicals Limited,SUKHJITS.NS,['Fair valuation'],"['Weak profitability', 'High debt risk', 'Declining revenues']",23.276943,7.33,0.04236,74.457,-0.151,-4,SELL
Sula Vineyards Limited,SULA.NS,[],"['Stock may be overvalued', 'Weak profitability', 'High debt risk', 'Declining revenues']",39.154907,5.81,0.08846,70.713,-0.012,-5,SELL
Sumeet Industries Limited,SUMEETINDS.NS,"['Low valuation', 'High profitability', 'Slow revenue growth']","['Stock appears undervalued', 'High debt risk']",0.6105604,49.43,7.21817,48.264,0.113,3,HOLD
Sumitomo Chemical India Limited,SUMICHEM.NS,['Average profitability'],"['Stock may be overvalued', 'High debt risk', 'Declining revenues']",42.46783,10.88,0.18354,1.82,-0.059,-4,SELL
Sumit Woods Limited,SUMIT.NS,[],"['Stock may be overvalued', 'Weak profitability', 'High debt risk', 'Declining revenues']",30.78509,2.28,0.0673,32.611,-0.72,-5,SELL
Summit Securities Limited,SUMMITSEC.NS,"['Fair valuation', 'Slow revenue growth']","['Weak profitability', 'Debt data missing']",21.20228,92.99,0.0090499995,,0.122,0,SELL
Sundaram Clayton Limited,SUNCLAY.NS,[],"['PE data missing', 'ROE data missing', 'High debt risk', 'Declining revenues']",,-6.07,,186.6,-0.118,-3,SELL
Sundaram Multi Pap Limited,SUNDARAM.NS,['Slow revenue growth'],"['PE data missing', 'Weak profitability', 'High debt risk']",,-0.07,-0.03951,30.884,0.085,-3,SELL
Sundaram Finance Limited,SUNDARMFIN.NS,"['Fair valuation', 'Average profitability', 'Slow revenue growth']",['High debt risk'],28.789555,178.86,0.14267999,377.039,0.146,-1,SELL
Sundaram Brake Linings Limited,SUNDRMBRAK.NS,[],"['PE data missing', 'Weak profitability', 'High debt risk', 'Declining revenues']",,-3.64,-0.01501,40.966,-0.063,-4,SELL
Sundram Fasteners Limited,SUNDRMFAST.NS,"['Average profitability', 'Slow revenue growth']","['Stock may be overvalued', 'High debt risk']",35.33738,26.38,0.14374,18.193,0.024,-3,SELL
Sundrop Brands Limited,SUNDROP.NS,['Strong revenue growth'],"['PE data missing', 'Weak profitability', 'Moderate debt level']",,-41.22,-0.11101,0.931,0.86,0,SELL
Sunflag Iron And Steel Company Limited,SUNFLAG.NS,"['Fair valuation', 'Slow revenue growth']","['Weak profitability', 'High debt risk']",23.679499,11.17,0.026029998,6.787,0.124,-2,SELL
Sun Pharmaceutical Industries Limited,SUNPHARMA.NS,"['Average profitability', 'Slow revenue growth']","['Stock may be overvalued', 'High debt risk']",39.438076,43.6,0.14216,6.675,0.089,-3,SELL
Sunteck Realty Limited,SUNTECK.NS,['Strong revenue growth'],"['Stock may be overvalued', 'Weak profitability', 'High debt risk']",33.74687,11.97,0.053979997,15.744,0.493,-3,SELL
Sun TV Network Limited,SUNTV.NS,"['Low valuation', 'Average profitability', 'Strong revenue growth']","['Stock appears undervalued', 'High debt risk']",13.929875,41.07,0.13670999,1.183,0.391,1,SELL
Superhouse Limited,SUPERHOUSE.NS,"['Fair valuation', 'Slow revenue growth']","['Weak profitability', 'High debt risk']",28.104248,5.18,0.012,39.038,0.044,-3,SELL
Super Spinning Mills Limited,SUPERSPIN.NS,[],"['PE data missing', 'Weak profitability', 'High debt risk', 'Declining revenues']",,-0.32,-0.028110001,37.26,-0.001,-4,SELL
Suprajit Engineering Limited,SUPRAJIT.NS,"['Average profitability', 'Slow revenue growth']","['Stock may be overvalued', 'High debt risk']",40.96038,11.61,0.12116,67.961,0.129,-2,SELL
Supreme Holdings & Hospitality (India) Limited,SUPREME.NS,[],"['Stock may be overvalued', 'Weak profitability', 'High debt risk', 'Declining revenues']",99.68,0.75,0.00524,1.06,-0.996,-5,SELL
Supreme Engineering Limited,SUPREMEENG.NS,['Strong revenue growth'],"['PE data missing', 'ROE data missing', 'Debt data missing']",,-4.7,,,1.199,1,SELL
Supreme Industries Limited,SUPREMEIND.NS,"['Average profitability', 'Slow revenue growth']","['Stock may be overvalued', 'High debt risk']",49.042557,66.74,0.15379,5.629,0.053,-3,SELL
Supreme Infrastructure India Limited,SUPREMEINF.NS,"['Low valuation', 'Strong revenue growth']","['Stock appears undervalued', 'ROE data missing', 'High debt risk']",0.13403279,651.93,,421.539,0.325,1,SELL
Supriya Lifescience Limited,SUPRIYA.NS,"['Average profitability', 'Low debt', 'Strong revenue growth']",['Stock may be overvalued'],32.542973,22.69,0.18351,0.484,0.203,1,SELL
Suraj Estate Developers Limited,SURAJEST.NS,"['Low valuation', 'Average profitability', 'Strong revenue growth']","['Stock appears undervalued', 'High debt risk']",14.352347,16.83,0.12118,57.442,0.333,1,SELL
Suraj Limited,SURAJLTD.NS,[],"['Stock may be overvalued', 'Weak profitability', 'High debt risk', 'Declining revenues']",95.68093,2.57,0.034730002,32.135,-0.114,-5,SELL
Suraksha Diagnostic Limited,SURAKSHA.NS,"['Average profitability', 'Strong revenue growth']","['Stock may be overvalued', 'High debt risk']",44.128666,6.14,0.14621,51.3,0.157,-2,SELL
Surana Solar Limited,SURANASOL.NS,['Low debt'],"['Stock may be overvalued', 'Weak profitability', 'Declining revenues']",677.5,0.04,0.00291,0.246,-0.82,-2,SELL
Surana Telecom and Power Limited,SURANAT&P.NS,"['Low valuation', 'Average profitability', 'Strong revenue growth']","['Stock appears undervalued', 'High debt risk']",12.69697,1.65,0.13567,3.738,2.11,1,SELL
Suryalakshmi Cotton Mills Limited,SURYALAXMI.NS,['Fair valuation'],"['Weak profitability', 'High debt risk', 'Declining revenues']",19.696245,2.93,0.020499999,96.321,-0.005,-4,SELL
Surya Roshni Limited,SURYAROSNI.NS,"['Fair valuation', 'Average profitability', 'Strong revenue growth']",['High debt risk'],17.732403,15.06,0.13726,4.928,0.207,-1,SELL
Suryoday Small Finance Bank Limited,SURYODAY.NS,"['Fair valuation', 'Slow revenue growth']","['Weak profitability', 'Debt data missing']",23.41109,6.13,0.033299997,,0.063,-1,SELL
Sutlej Textiles and Industries Limited,SUTLEJTEX.NS,[],"['PE data missing', 'Weak profitability', 'High debt risk', 'Declining revenues']",,-5.51,-0.10151,97.692,-0.064,-4,SELL
Suven Life Sciences Limited,SUVEN.NS,[],"['PE data missing', 'Weak profitability', 'Debt data missing', 'Declining revenues']",,-9.6,-0.89414,,-0.643,-2,SELL
Suvidhaa Infoserve Limited,SUVIDHAA.NS,[],"['PE data missing', 'Weak profitability', 'High debt risk', 'Declining revenues']",,-0.71,-0.36733,3.774,-0.708,-4,SELL
Suyog Telematics Limited,SUYOG.NS,"['Fair valuation', 'Strong revenue growth']","['Weak profitability', 'High debt risk']",23.93515,24.98,0.09454001,62.308,0.161,-2,SELL
Suzlon Energy Limited,SUZLON.NS,"['Fair valuation', 'High profitability', 'Strong revenue growth']",['High debt risk'],23.030304,2.31,0.50545,5.051,0.847,1,SELL
Shree Vasu Logistics Limited,SVLL.NS,"['Average profitability', 'Strong revenue growth']","['Stock may be overvalued', 'High debt risk']",184.69658,3.79,0.12564999,570.803,0.618,-2,SELL
SVP GLOBAL TEXTILES LIMITED,SVPGLOB.NS,[],"['PE data missing', 'ROE data missing', 'Debt data missing', 'Revenue growth data missing']",,-71.95,,,,0,SELL
SWAN CORP LIMITED,SWANCORP.NS,['Slow revenue growth'],"['Stock may be overvalued', 'Weak profitability', 'High debt risk']",33.255154,14.07,0.06622,28.231,0.103,-3,SELL
Swaraj Engines Limited,SWARAJENG.NS,"['Fair valuation', 'High profitability', 'Slow revenue growth']",['Moderate debt level'],24.714727,145.65,0.48243,0.574,0.086,2,HOLD
Swelect Energy Systems Limited,SWELECTES.NS,['Fair valuation'],"['Weak profitability', 'High debt risk', 'Declining revenues']",27.227703,23.32,0.03945,72.499,-0.297,-4,SELL
Swiggy Limited,SWIGGY.NS,['Strong revenue growth'],"['PE data missing', 'Weak profitability', 'High debt risk']",,-17.96,-0.49398,25.426,0.544,-2,SELL
Sterling and Wilson Renewable Energy Limited,SWSOLAR.NS,['Strong revenue growth'],"['PE data missing', 'Weak profitability', 'High debt risk']",,-15.88,-0.51939,266.51,0.697,-2,SELL
Symphony Limited,SYMPHONY.NS,['Average profitability'],"['Stock may be overvalued', 'Moderate debt level', 'Declining revenues']",44.356335,19.42,0.17647,0.639,-0.483,-2,SELL
Syncom Formulations (India) Limited,SYNCOMF.NS,"['Fair valuation', 'Average profitability', 'Low debt', 'Strong revenue growth']",[],22.215385,0.65,0.18222,0.184,0.19,2,HOLD
Syngene International Limited,SYNGENE.NS,"['Average profitability', 'Slow revenue growth']","['Stock may be overvalued', 'High debt risk']",56.33821,11.62,0.10256,12.283,0.022,-3,SELL
Syrma SGS Technology Limited,SYRMA.NS,"['Average profitability', 'Strong revenue growth']","['Stock may be overvalued', 'High debt risk']",65.69012,11.23,0.10467,11.483,0.376,-2,SELL
Systematix Corporate Services Limited,SYSTMTXC.NS,"['Average profitability', 'Strong revenue growth']","['Stock may be overvalued', 'High debt risk']",43.98555,3.46,0.1879,6.278,0.534,-2,SELL
Tainwala Chemical and Plastic (I) Limited,TAINWALCHM.NS,"['Fair valuation', 'Slow revenue growth']","['Weak profitability', 'Debt data missing']",25.382278,7.9,0.04611,,0.088,-1,SELL
Taj GVK Hotels & Resorts Limited,TAJGVK.NS,"['Fair valuation', 'High profitability']","['High debt risk', 'Declining revenues']",20.904669,20.56,0.20389,11.957,-0.002,-1,SELL
Take Solutions Limited,TAKE.NS,['High profitability'],"['Stock may be overvalued', 'Debt data missing', 'Revenue growth data missing']",254.06667,0.15,0.37965,,,1,SELL
Talbros Automotive Components Limited,TALBROAUTO.NS,"['Fair valuation', 'Average profitability']","['High debt risk', 'Declining revenues']",17.844717,15.52,0.14993,12.625,-0.01,-3,SELL
Tanla Platforms Limited,TANLA.NS,"['Fair valuation', 'High profitability', 'Slow revenue growth']",['High debt risk'],15.1261215,35.68,0.21937999,2.572,0.078,0,SELL
Tara Chand InfraLogistic Solutions Limited,TARACHAND.NS,"['Fair valuation', 'Strong revenue growth']","['ROE data missing', 'High debt risk']",22.93586,3.43,,96.243,0.169,-1,SELL
Tarapur Transformers Limited,TARAPUR.NS,['Fair valuation'],"['ROE data missing', 'High debt risk', 'Revenue growth data missing']",29.575758,0.99,,3604.419,,-2,SELL
TARC Limited,TARC.NS,['Strong revenue growth'],"['PE data missing', 'Weak profitability', 'High debt risk']",,-3.23,-0.08396,181.338,0.593,-2,SELL
Transformers And Rectifiers (India) Limited,TARIL.NS,['High profitability'],"['Stock may be overvalued', 'High debt risk', 'Declining revenues']",34.562874,8.35,0.20504999,26.723,-0.003,-2,SELL
Tarmat Limited,TARMAT.NS,['Strong revenue growth'],"['Stock may be overvalued', 'Weak profitability', 'High debt risk']",47.71559,1.09,0.017719999,6.468,0.456,-3,SELL
Tarsons Products Limited,TARSONS.NS,['Slow revenue growth'],"['Stock may be overvalued', 'Weak profitability', 'High debt risk']",59.479378,3.88,0.03316,63.182,0.031,-4,SELL
Tasty Bite Eatables Limited,TASTYBITE.NS,['Average profitability'],"['Stock may be overvalued', 'High debt risk', 'Declining revenues']",64.76832,121.07,0.10207,20.737,-0.151,-4,SELL
Tata Capital Limited,TATACAP.NS,"['Average profitability', 'Slow revenue growth']","['Stock may be overvalued', 'High debt risk']",33.990963,9.96,0.13136,567.967,0.011,-3,SELL
Tata Chemicals Limited,TATACHEM.NS,[],"['Stock may be overvalued', 'Weak profitability', 'High debt risk', 'Declining revenues']",95.85427,7.96,0.016449999,32.125,-0.031,-5,SELL
Tata Communications Limited,TATACOMM.NS,"['High profitability', 'Slow revenue growth']","['Stock may be overvalued', 'High debt risk']",35.332935,50.31,0.61891997,467.533,0.058,-1,SELL
TATA CONSUMER PRODUCTS LIMITED,TATACONSUM.NS,['Strong revenue growth'],"['Stock may be overvalued', 'Weak profitability', 'High debt risk']",85.19565,13.8,0.064840004,11.869,0.178,-3,SELL
Tata Elxsi Limited,TATAELXSI.NS,['High profitability'],"['Stock may be overvalued', 'High debt risk', 'Declining revenues']",49.63341,107.75,0.25846002,6.257,-0.039,-2,SELL
Tata Investment Corporation Limited,TATAINVEST.NS,['Slow revenue growth'],"['Stock may be overvalued', 'Weak profitability', 'Debt data missing']",112.807014,6.27,0.01026,,0.082,-2,SELL
Tata Power Company Limited,TATAPOWER.NS,"['Fair valuation', 'Average profitability']","['High debt risk', 'Declining revenues']",29.932964,12.68,0.11721,156.16,-0.01,-3,SELL
Tata Steel Limited,TATASTEEL.NS,['Slow revenue growth'],"['Stock may be overvalued', 'Weak profitability', 'High debt risk']",31.088234,5.44,0.071729995,99.699,0.089,-4,SELL
Tata Technologies Limited,TATATECH.NS,"['High profitability', 'Slow revenue growth']","['Stock may be overvalued', 'High debt risk']",38.277775,17.1,0.20447001,6.918,0.021,-1,SELL
Tatva Chintan Pharma Chem Limited,TATVA.NS,['Strong revenue growth'],"['Stock may be overvalued', 'Weak profitability', 'High debt risk']",172.67107,7.6,0.02377,11.004,0.479,-3,SELL
TBO Tek Limited,TBOTEK.NS,"['Average profitability', 'Strong revenue growth']","['Stock may be overvalued', 'High debt risk']",76.1828,22.32,0.19449,51.855,0.259,-2,SELL
Tribhovandas Bhimji Zaveri Limited,TBZ.NS,"['Low valuation', 'Average profitability', 'Strong revenue growth']","['Stock appears undervalued', 'High debt risk']",11.683797,14.01,0.14214,118.113,0.213,1,SELL
Transport Corporation of India Limited,TCI.NS,"['Fair valuation', 'Average profitability', 'Slow revenue growth']",['High debt risk'],18.969,56.45,0.19636999,10.416,0.075,-2,SELL
TCI Express Limited,TCIEXP.NS,"['Fair valuation', 'Average profitability']","['High debt risk', 'Declining revenues']",27.20347,21.33,0.10544,1.735,-0.01,-3,SELL
TCI Finance Limited,TCIFINANCE.NS,[],"['PE data missing', 'ROE data missing', 'Debt data missing', 'Declining revenues']",,-1.12,,,-0.91,-1,SELL
TCPL Packaging Limited,TCPLPACK.NS,"['Fair valuation', 'High profitability']","['High debt risk', 'Declining revenues']",21.998566,139.45,0.20468001,103.305,-0.005,-1,SELL
Tata Consultancy Services Limited,TCS.NS,"['Fair valuation', 'High profitability', 'Slow revenue growth']",['High debt risk'],23.987127,136.74,0.47355998,10.173,0.024,0,SELL
TD Power Systems Limited,TDPOWERSYS.NS,"['High profitability', 'Strong revenue growth']","['Stock may be overvalued', 'High debt risk']",53.268364,13.34,0.24018,3.717,0.477,0,SELL
Team India Guaranty Limited,TEAMGTY.NS,['Strong revenue growth'],"['Stock may be overvalued', 'Weak profitability', 'Debt data missing']",102.56229,2.81,0.05307,,0.598,-1,SELL
Teamlease Services Limited,TEAMLEASE.NS,"['Fair valuation', 'Average profitability', 'Slow revenue growth']",['High debt risk'],22.29131,69.96,0.13012,13.1,0.084,-2,SELL
Tech Mahindra Limited,TECHM.NS,"['Average profitability', 'Slow revenue growth']","['Stock may be overvalued', 'High debt risk']",31.876236,50.58,0.16267,6.992,0.051,-3,SELL
Techno Electric & Engineering Company Limited,TECHNOE.NS,"['Fair valuation', 'Average profitability', 'Strong revenue growth']",['High debt risk'],28.23407,38.45,0.12051,1.573,0.911,-1,SELL
TECIL Chemicals and Hydro Power Limited,TECILCHEM.NS,[],"['PE data missing', 'ROE data missing', 'Debt data missing', 'Revenue growth data missing']",,-0.19,,,,0,SELL
Tega Industries Limited,TEGA.NS,"['Average profitability', 'Slow revenue growth']","['Stock may be overvalued', 'High debt risk']",54.716663,35.47,0.17339,20.696,0.147,-2,SELL
Tejas Networks Limited,TEJASNET.NS,[],"['PE data missing', 'Weak profitability', 'High debt risk', 'Declining revenues']",,-23.23,-0.11564,129.357,-0.907,-4,SELL
Tembo Global Industries Limited,TEMBO.NS,"['Fair valuation', 'High profitability', 'Strong revenue growth']",['High debt risk'],16.816458,42.17,0.43355,98.882,0.498,1,SELL
Tenneco Clean Air India Limited,TENNIND.NS,['Slow revenue growth'],"['Stock may be overvalued', 'ROE data missing', 'High debt risk']",36.549896,14.13,,2.447,0.096,-3,SELL
Tera Software Limited,TERASOFT.NS,"['Average profitability', 'Strong revenue growth']","['Stock may be overvalued', 'High debt risk']",30.64759,13.28,0.13261,21.66,1.819,-2,SELL
Texmaco Infrastructure & Holdings Limited,TEXINFRA.NS,['Slow revenue growth'],"['PE data missing', 'Weak profitability', 'High debt risk']",,-0.08,-0.00034000003,2.014,0.094,-3,SELL
Texmo Pipes and Products Limited,TEXMOPIPES.NS,['Low valuation'],"['Stock appears undervalued', 'Weak profitability', 'High debt risk', 'Declining revenues']",7.4806805,6.47,0.082779996,28.688,-0.015,-2,SELL
Texmaco Rail & Engineering Limited,TEXRAIL.NS,['Fair valuation'],"['Weak profitability', 'High debt risk', 'Declining revenues']",26.734734,5.24,0.07436,31.207,-0.065,-4,SELL
Tourism Finance Corporation of India Limited,TFCILTD.NS,"['Fair valuation', 'Slow revenue growth']","['Weak profitability', 'High debt risk']",26.286884,2.44,0.093030006,82.375,0.12,-2,SELL
Transwarranty Finance Limited,TFL.NS,[],"['PE data missing', 'Weak profitability', 'High debt risk', 'Declining revenues']",,-1.38,-0.20444,101.481,-0.478,-4,SELL
TGB Banquets And Hotels Limited,TGBHOTELS.NS,['Low valuation'],"['Stock appears undervalued', 'Weak profitability', 'High debt risk', 'Declining revenues']",14.582089,0.67,0.02633,24.265,-0.0,-1,SELL
Thangamayil Jewellery Limited,THANGAMAYL.NS,"['High profitability', 'Strong revenue growth']","['Stock may be overvalued', 'High debt risk']",52.26947,61.38,0.21837,96.321,0.447,0,SELL
The Investment Trust Of India Limited,THEINVEST.NS,['Fair valuation'],"['Weak profitability', 'High debt risk', 'Declining revenues']",28.85646,4.18,0.03757,66.682,-0.381,-4,SELL
Thejo Engineering Limited,THEJO.NS,"['Average profitability', 'Slow revenue growth']","['Stock may be overvalued', 'High debt risk']",38.027447,48.82,0.16969,11.289,0.147,-2,SELL
Leela Palaces Hotels & Resorts Limited,THELEELA.NS,['Slow revenue growth'],"['Stock may be overvalued', 'ROE data missing', 'High debt risk']",56.454548,7.7,,27.671,0.121,-2,SELL
Themis Medicare Limited,THEMISMED.NS,[],"['PE data missing', 'Weak profitability', 'High debt risk', 'Declining revenues']",,-2.93,-0.06813,25.148,-0.333,-4,SELL
Thermax Limited,THERMAX.NS,['Average profitability'],"['Stock may be overvalued', 'High debt risk', 'Declining revenues']",57.042225,52.81,0.121829994,35.784,-0.053,-4,SELL
Thomas Cook  (India)  Limited,THOMASCOOK.NS,"['Fair valuation', 'Average profitability', 'Slow revenue growth']",['High debt risk'],26.356089,5.42,0.115509994,21.708,0.035,-2,SELL
Thomas Scott (India) Limited,THOMASCOTT.NS,"['Fair valuation', 'Average profitability', 'Strong revenue growth']",['High debt risk'],24.9403,13.4,0.17629999,21.124,0.4,-1,SELL
Thyrocare Technologies Limited,THYROCARE.NS,"['High profitability', 'Strong revenue growth']","['Stock may be overvalued', 'High debt risk']",57.425182,8.02,0.24735,4.621,0.221,0,SELL
Tilaknagar Industries Limited,TI.NS,"['Average profitability', 'Slow revenue growth']","['Stock may be overvalued', 'High debt risk']",33.40844,13.98,0.19912,2.445,0.062,-3,SELL
Twamev Construction and Infrastructure Limited,TICL.NS,"['Low valuation', 'Strong revenue growth']","['Stock appears undervalued', 'ROE data missing', 'High debt risk']",6.168865,3.79,,111.574,0.521,1,SELL
Tiger Logistics (India) Limited,TIGERLOGS.NS,"['Low valuation', 'High profitability', 'Slow revenue growth']","['Stock appears undervalued', 'High debt risk']",13.868913,2.67,0.20456,32.359,0.053,2,HOLD
Technocraft Industries (India) Limited,TIIL.NS,"['Fair valuation', 'Average profitability', 'Strong revenue growth']",['High debt risk'],19.561897,113.9,0.14816,43.315,0.196,-1,SELL
Tube Investments of India Limited,TIINDIA.NS,"['Average profitability', 'Slow revenue growth']","['Stock may be overvalued', 'High debt risk']",80.14792,32.45,0.11186,27.724,0.125,-2,SELL
Tijaria Polypipes Limited,TIJARIA.NS,['Strong revenue growth'],"['PE data missing', 'ROE data missing', 'Debt data missing']",,-1.99,,,1.236,1,SELL
TIL Limited,TIL.NS,['Strong revenue growth'],"['PE data missing', 'ROE data missing', 'High debt risk']",,-1.18,,379.131,0.157,-1,SELL
Time Technoplast Limited,TIMETECHNO.NS,"['Fair valuation', 'Average profitability', 'Slow revenue growth']",['High debt risk'],19.872707,9.27,0.14594,21.955,0.103,-1,SELL
Timken India Limited,TIMKEN.NS,"['Average profitability', 'Slow revenue growth']","['Stock may be overvalued', 'Moderate debt level']",49.453823,60.42,0.16996999,0.55,0.027,-1,SELL
Tinna Rubber and Infrastructure Limited,TINNARUBR.NS,"['High profitability', 'Slow revenue growth']","['Stock may be overvalued', 'High debt risk']",31.484344,25.23,0.20377001,38.443,0.016,-1,SELL
Tips Films Limited,TIPSFILMS.NS,['Strong revenue growth'],"['PE data missing', 'Weak profitability', 'High debt risk']",,-103.28,-0.76641,453.425,137.719,-2,SELL
Tips Music Limited,TIPSMUSIC.NS,"['High profitability', 'Slow revenue growth']","['Stock may be overvalued', 'High debt risk']",38.824398,13.61,0.76181,1.065,0.107,0,SELL
Thirumalai Chemicals Limited,TIRUMALCHM.NS,[],"['PE data missing', 'Weak profitability', 'High debt risk', 'Declining revenues']",,-14.3,-0.10898,136.102,-0.152,-4,SELL
Tirupati Forge Limited,TIRUPATIFL.NS,['Strong revenue growth'],"['Stock may be overvalued', 'Weak profitability', 'High debt risk']",73.695656,0.46,0.06142,21.318,0.229,-3,SELL
TITAGARH RAIL SYSTEMS LIMITED,TITAGARH.NS,[],"['Stock may be overvalued', 'Weak profitability', 'High debt risk', 'Declining revenues']",61.78596,14.53,0.07995,25.09,-0.244,-5,SELL
Titan Company Limited,TITAN.NS,"['High profitability', 'Strong revenue growth']","['Stock may be overvalued', 'High debt risk']",85.81255,46.52,0.36639,223.018,0.288,0,SELL
Tamilnad Mercantile Bank Limited,TMB.NS,"['Low valuation', 'Average profitability', 'Slow revenue growth']","['Stock appears undervalued', 'Debt data missing']",6.583648,76.69,0.1359,,0.035,2,HOLD
Tata Motors Limited,TMCV.NS,['Low valuation'],"['Stock appears undervalued', 'ROE data missing', 'Debt data missing', 'Revenue growth data missing']",6.5562325,62.33,,,,2,HOLD
Tata Motors Passenger Vehicles Limited,TMPV.NS,['Low valuation'],"['Stock appears undervalued', 'Weak profitability', 'High debt risk', 'Declining revenues']",11.522158,31.14,0.0995,56.134,-0.287,-2,SELL
Tamilnadu PetroProducts Limited,TNPETRO.NS,"['Low valuation', 'Average profitability', 'Slow revenue growth']","['Stock appears undervalued', 'High debt risk']",8.670275,12.01,0.11704001,33.127,0.017,0,SELL
Tamil Nadu Newsprint & Papers Limited,TNPL.NS,['Strong revenue growth'],"['PE data missing', 'Weak profitability', 'High debt risk']",,-2.9,-0.0095999995,90.413,0.214,-2,SELL
Tamilnadu Telecommunication Limited,TNTELE.NS,[],"['PE data missing', 'ROE data missing', 'Debt data missing', 'Revenue growth data missing']",,-3.65,,,,0,SELL
Tokyo Plast International Limited,TOKYOPLAST.NS,['Slow revenue growth'],"['Stock may be overvalued', 'Weak profitability', 'High debt risk']",82.90298,1.34,0.02052,58.69,0.142,-3,SELL
Tolins Tyres Limited,TOLINS.NS,"['Low valuation', 'Average profitability']","['Stock appears undervalued', 'High debt risk', 'Declining revenues']",12.880929,10.33,0.11399999,4.609,-0.14,-1,SELL
Torrent Pharmaceuticals Limited,TORNTPHARM.NS,"['High profitability', 'Slow revenue growth']","['Stock may be overvalued', 'High debt risk']",60.32243,63.27,0.26832,33.4,0.143,0,SELL
Torrent Power Limited,TORNTPOWER.NS,"['Fair valuation', 'Average profitability', 'Slow revenue growth']",['High debt risk'],21.722118,59.81,0.18314,53.715,0.098,-2,SELL
Total Transport Systems Limited,TOTAL.NS,"['Low valuation', 'Average profitability']","['Stock appears undervalued', 'High debt risk', 'Declining revenues']",10.656945,7.2,0.17184,43.322,-0.13,-1,SELL
Touchwood Entertainment Limited,TOUCHWOOD.NS,"['Fair valuation', 'Average profitability', 'Strong revenue growth']",['High debt risk'],18.671404,5.63,0.15889,9.449,0.427,-1,SELL
Teamo Productions HQ Limited,TPHQ.NS,[],"['Stock may be overvalued', 'Weak profitability', 'Debt data missing', 'Declining revenues']",77.0,0.01,0.01192,,-0.649,-3,SELL
TPL Plastech Limited,TPLPLASTEH.NS,"['Fair valuation', 'Average profitability', 'Strong revenue growth']",['High debt risk'],19.877245,3.34,0.18235001,14.357,0.201,-1,SELL
Tracxn Technologies Limited,TRACXN.NS,[],"['PE data missing', 'Weak profitability', 'Debt data missing', 'Declining revenues']",,-1.0,-0.17141001,,-0.007,-2,SELL
Transrail Lighting Limited,TRANSRAILL.NS,"['Fair valuation', 'High profitability', 'Strong revenue growth']",['High debt risk'],18.98889,31.5,0.24808,39.105,0.41,1,SELL
TRANSWORLD SHIPPING LINES LIMITED,TRANSWORLD.NS,[],"['PE data missing', 'Weak profitability', 'High debt risk', 'Declining revenues']",,-2.87,-0.0081,38.162,-0.214,-4,SELL
Travel Food Services Limited,TRAVELFOOD.NS,[],"['Stock may be overvalued', 'ROE data missing', 'High debt risk', 'Declining revenues']",39.819725,29.4,,23.659,-0.289,-4,SELL
Tree House Education & Accessories Limited,TREEHOUSE.NS,[],"['PE data missing', 'Weak profitability', 'Debt data missing', 'Declining revenues']",,-3.79,-0.08071,,-0.493,-2,SELL
TREJHARA SOLUTIONS LIMITED,TREJHARA.NS,['Strong revenue growth'],"['Stock may be overvalued', 'Weak profitability', 'High debt risk']",93.568634,2.55,0.02191,4.025,4.349,-3,SELL
Transindia Real Estate Limited,TREL.NS,"['Low valuation', 'Slow revenue growth']","['Stock appears undervalued', 'Weak profitability', 'Debt data missing']",11.786885,2.44,0.04883,,0.006,1,SELL
Trent Limited,TRENT.NS,"['High profitability', 'Strong revenue growth']","['Stock may be overvalued', 'High debt risk']",94.24455,45.47,0.2938,37.79,0.159,0,SELL
TRF Limited,TRF.NS,"['Fair valuation', 'Average profitability']","['High debt risk', 'Declining revenues']",28.49138,10.44,0.14801,143.707,-0.317,-3,SELL
Trident Limited,TRIDENT.NS,['Slow revenue growth'],"['Stock may be overvalued', 'Weak profitability', 'High debt risk']",31.255812,0.86,0.09979,34.742,0.043,-4,SELL
Trigyn Technologies Limited,TRIGYN.NS,['Strong revenue growth'],"['Stock may be overvalued', 'Weak profitability', 'Moderate debt level']",54.8595,1.21,0.0050700004,0.885,0.164,-1,SELL
Triveni Turbine Limited,TRITURBINE.NS,"['High profitability', 'Slow revenue growth']","['Stock may be overvalued', 'High debt risk']",50.491196,10.79,0.2864,2.946,0.01,-1,SELL
Triveni Engineering & Industries Limited,TRIVENI.NS,['Slow revenue growth'],"['Stock may be overvalued', 'Weak profitability', 'High debt risk']",33.5373,11.93,0.08538,24.554,0.144,-3,SELL
TruCap Finance Limited,TRU.NS,[],"['PE data missing', 'Weak profitability', 'High debt risk', 'Revenue growth data missing']",,-8.85,-0.6233,301.695,,-3,SELL
TruAlt Bioenergy Limited,TRUALT.NS,['Fair valuation'],"['ROE data missing', 'High debt risk', 'Declining revenues']",23.549707,17.1,,110.289,-0.704,-3,SELL
TSF INVESTMENTS LIMITED,TSFINV.NS,"['Fair valuation', 'Strong revenue growth']","['Weak profitability', 'High debt risk']",22.101038,21.18,0.08189999,4.579,7.374,-2,SELL
TTK Healthcare Limited,TTKHLTCARE.NS,"['Fair valuation', 'Slow revenue growth']","['Weak profitability', 'High debt risk']",22.124441,46.93,0.0624,2.472,0.026,-3,SELL
TTK Prestige Limited,TTKPRESTIG.NS,['Slow revenue growth'],"['Stock may be overvalued', 'Weak profitability', 'High debt risk']",78.61007,7.95,0.05519,9.993,0.112,-3,SELL
T T Limited,TTL.NS,[],"['PE data missing', 'Weak profitability', 'High debt risk', 'Declining revenues']",,-3.14,-0.02437,58.218,-0.159,-4,SELL
Tata Teleservices (Maharashtra) Limited,TTML.NS,[],"['PE data missing', 'ROE data missing', 'Debt data missing', 'Declining revenues']",,-6.48,,,-0.167,-1,SELL
TVS Electronics Limited,TVSELECT.NS,['Strong revenue growth'],"['PE data missing', 'Weak profitability', 'High debt risk']",,-1.74,-0.03462,68.722,0.219,-2,SELL
TVS Holdings Limited,TVSHLTD.NS,"['Fair valuation', 'High profitability', 'Strong revenue growth']",['High debt risk'],19.921677,707.32,0.30378,315.772,0.25,1,SELL
TVS Motor Company Limited,TVSMOTOR.NS,"['High profitability', 'Strong revenue growth']","['Stock may be overvalued', 'High debt risk']",66.09859,54.98,0.31233,346.085,0.238,0,SELL
TVS Supply Chain Solutions Limited,TVSSCS.NS,['Slow revenue growth'],"['Stock may be overvalued', 'Weak profitability', 'High debt risk']",84.80315,1.27,0.03092,112.34,0.06,-4,SELL
TVS Srichakra Limited,TVSSRICHAK.NS,['Slow revenue growth'],"['Stock may be overvalued', 'Weak profitability', 'High debt risk']",114.33426,35.9,0.02461,68.917,0.101,-3,SELL
TV Today Network Limited,TVTODAY.NS,[],"['Stock may be overvalued', 'Weak profitability', 'High debt risk', 'Declining revenues']",30.10191,4.71,0.03199,1.895,-0.093,-5,SELL
TV Vision Limited,TVVISION.NS,[],"['PE data missing', 'ROE data missing', 'Debt data missing', 'Declining revenues']",,-7.65,,,-0.529,-1,SELL
United Breweries Limited,UBL.NS,[],"['Stock may be overvalued', 'Weak profitability', 'High debt risk', 'Declining revenues']",116.49211,13.94,0.08547,17.864,-0.03,-5,SELL
UCAL LIMITED,UCAL.NS,[],"['PE data missing', 'Weak profitability', 'High debt risk', 'Declining revenues']",,-11.18,-0.069180004,87.154,-0.008,-4,SELL
UCO Bank,UCOBANK.NS,"['Low valuation', 'Slow revenue growth']","['Stock appears undervalued', 'Weak profitability', 'Debt data missing']",13.898058,2.06,0.08405,,0.01,1,SELL
Updater Services Limited,UDS.NS,"['Low valuation', 'Average profitability', 'Slow revenue growth']","['Stock appears undervalued', 'High debt risk']",11.508225,17.02,0.11913,4.984,0.073,0,SELL
United Foodbrands Limited,UFBL.NS,[],"['PE data missing', 'Weak profitability', 'High debt risk', 'Declining revenues']",,-13.91,-0.15022,242.354,-0.003,-4,SELL
UFLEX Limited,UFLEX.NS,['Low valuation'],"['Stock appears undervalued', 'Weak profitability', 'High debt risk', 'Declining revenues']",8.964114,54.06,0.05258,120.69,-0.01,-2,SELL
UFO Moviez India Limited,UFO.NS,"['Low valuation', 'Slow revenue growth']","['Stock appears undervalued', 'Weak profitability', 'High debt risk']",11.418133,7.39,0.09613,29.853,0.15,0,SELL
The Ugar Sugar Works Limited,UGARSUGAR.NS,['Strong revenue growth'],"['Stock may be overvalued', 'Weak profitability', 'High debt risk']",48.885056,0.87,0.05849,256.285,0.736,-3,SELL
Ugro Capital Limited,UGROCAP.NS,"['Low valuation', 'Strong revenue growth']","['Stock appears undervalued', 'Weak profitability', 'High debt risk']",11.857636,14.47,0.07035,331.546,0.276,0,SELL
Ujjivan Small Finance Bank Limited,UJJIVANSFB.NS,['Fair valuation'],"['Weak profitability', 'Debt data missing', 'Declining revenues']",24.780373,2.14,0.06832,,-0.057,-2,SELL
UltraTech Cement Limited,ULTRACEMCO.NS,"['Average profitability', 'Strong revenue growth']","['Stock may be overvalued', 'High debt risk']",47.5143,248.22,0.10519,33.192,0.254,-2,SELL
Uma Exports Limited,UMAEXPORTS.NS,['Slow revenue growth'],"['PE data missing', 'Weak profitability', 'High debt risk']",,-1.17,-0.02026,95.923,0.078,-3,SELL
Usha Martin Education & Solutions Limited,UMESLTD.NS,['Strong revenue growth'],"['Stock may be overvalued', 'Weak profitability', 'High debt risk']",34.2,0.15,0.027379999,2.889,0.203,-3,SELL
UMIYA BUILDCON LIMITED,UMIYA-MRO.NS,"['Low valuation', 'High profitability', 'Strong revenue growth']","['Stock appears undervalued', 'High debt risk']",4.0537434,21.77,0.41774,100.012,0.592,3,HOLD
Unichem Laboratories Limited,UNICHEMLAB.NS,['Strong revenue growth'],"['Stock may be overvalued', 'Weak profitability', 'High debt risk']",35.595524,12.51,0.03659,20.616,0.253,-3,SELL
United Drilling Tools Limited,UNIDT.NS,"['Fair valuation', 'Slow revenue growth']","['Weak profitability', 'High debt risk']",26.802404,7.49,0.05763,11.201,0.138,-2,SELL
Unicommerce Esolutions Limited,UNIECOM.NS,"['Average profitability', 'Strong revenue growth']","['Stock may be overvalued', 'High debt risk']",68.44643,1.68,0.15158,5.913,0.753,-2,SELL
Uniphos Enterprises Limited,UNIENTER.NS,[],"['Stock may be overvalued', 'Weak profitability', 'Debt data missing', 'Declining revenues']",52.38828,2.73,0.0069999998,,-0.199,-3,SELL
Uniinfo Telecom Services Limited,UNIINFO.NS,['Strong revenue growth'],"['PE data missing', 'Weak profitability', 'High debt risk']",,-0.19,0.0049,15.548,0.343,-2,SELL
Unimech Aerospace and Manufacturing Limited,UNIMECH.NS,['Slow revenue growth'],"['Stock may be overvalued', 'ROE data missing', 'High debt risk']",58.809826,15.67,,16.073,0.009,-3,SELL
Union Bank of India,UNIONBANK.NS,"['Low valuation', 'Average profitability']","['Stock appears undervalued', 'Debt data missing', 'Declining revenues']",6.1997523,24.23,0.15831,,-0.018,1,SELL
Uniparts India Limited,UNIPARTS.NS,"['Fair valuation', 'Average profitability', 'Slow revenue growth']",['High debt risk'],18.80841,25.68,0.12875,13.13,0.147,-1,SELL
United Spirits Limited,UNITDSPR.NS,"['High profitability', 'Slow revenue growth']","['Stock may be overvalued', 'High debt risk']",61.996525,23.04,0.20406,4.898,0.116,0,SELL
Unitech Limited,UNITECH.NS,['Strong revenue growth'],"['PE data missing', 'ROE data missing', 'Debt data missing']",,-7.84,,,0.889,1,SELL
United Polyfab Gujarat Limited,UNITEDPOLY.NS,"['High profitability', 'Strong revenue growth']","['PE data missing', 'High debt risk']",,-2.44,0.21374,89.939,0.167,1,SELL
The United Nilgiri Tea Estates Company Limited,UNITEDTEA.NS,['Low valuation'],"['Stock appears undervalued', 'Weak profitability', 'Debt data missing', 'Declining revenues']",10.77374,42.65,0.095419995,,-0.154,0,SELL
Univastu India Limited,UNIVASTU.NS,"['Fair valuation', 'High profitability', 'Slow revenue growth']",['High debt risk'],23.532421,2.93,0.23806,43.706,0.14,1,SELL
Universal Cables Limited,UNIVCABLES.NS,"['Fair valuation', 'Strong revenue growth']","['Weak profitability', 'High debt risk']",20.914589,42.15,0.07914,54.171,0.276,-2,SELL
Universus Photo Imagings Limited,UNIVPHOTO.NS,[],"['PE data missing', 'Weak profitability', 'Debt data missing', 'Declining revenues']",,-139.78,-0.15931,,-0.128,-2,SELL
UNO Minda Limited,UNOMINDA.NS,"['Average profitability', 'Slow revenue growth']","['Stock may be overvalued', 'High debt risk']",66.915794,19.0,0.19128,43.136,0.134,-2,SELL
UPL Limited,UPL.NS,"['Fair valuation', 'Slow revenue growth']","['Weak profitability', 'High debt risk']",29.817026,25.96,0.06831,79.613,0.084,-3,SELL
Uravi Defence and Technology Limited,URAVIDEF.NS,['Slow revenue growth'],"['Stock may be overvalued', 'Weak profitability', 'High debt risk']",109.245,2.0,0.04685,45.279,0.086,-4,SELL
Urban Company Limited,URBANCO.NS,['Strong revenue growth'],"['Stock may be overvalued', 'ROE data missing', 'High debt risk']",104.390236,1.23,,6.017,0.371,-2,SELL
Urja Global Limited,URJA.NS,[],"['Stock may be overvalued', 'Weak profitability', 'High debt risk', 'Declining revenues']",366.6667,0.03,0.01095,23.646,-0.205,-5,SELL
Usha Martin Limited,USHAMART.NS,"['Average profitability', 'Slow revenue growth']","['Stock may be overvalued', 'High debt risk']",31.997833,13.84,0.15207,8.912,0.018,-3,SELL
Udayshivakumar Infra Limited,USK.NS,[],"['PE data missing', 'Weak profitability', 'High debt risk', 'Declining revenues']",,-1.98,-0.06968,39.287,-0.245,-4,SELL
UTI Asset Management Company Limited,UTIAMC.NS,"['Fair valuation', 'Average profitability']","['High debt risk', 'Declining revenues']",24.598732,45.73,0.13337,3.024,-0.223,-3,SELL
Utkarsh Small Finance Bank Limited,UTKARSHBNK.NS,[],"['PE data missing', 'Weak profitability', 'Debt data missing', 'Revenue growth data missing']",,-5.81,-0.27289,,,-1,SELL
Fujiyama Power Systems Limited,UTLSOLAR.NS,['Strong revenue growth'],"['Stock may be overvalued', 'ROE data missing', 'High debt risk']",146.41496,1.47,,138.421,0.574,-2,SELL
Uttam Sugar Mills Limited,UTTAMSUGAR.NS,"['Low valuation', 'Average profitability', 'Strong revenue growth']","['Stock appears undervalued', 'High debt risk']",8.684834,29.54,0.14299,34.457,0.451,1,SELL
U. Y. Fincorp Limited,UYFINCORP.NS,['Fair valuation'],"['Weak profitability', 'High debt risk', 'Declining revenues']",15.769231,0.91,0.05144,1.149,-0.394,-4,SELL
V2 Retail Limited,V2RETAIL.NS,"['High profitability', 'Strong revenue growth']","['Stock may be overvalued', 'High debt risk']",83.12674,28.72,0.29463,339.244,0.865,0,SELL
Vadilal Industries Limited,VADILALIND.NS,"['Fair valuation', 'Average profitability', 'Strong revenue growth']",['High debt risk'],26.694847,186.89,0.18611,25.978,0.159,-1,SELL
Vaibhav Global Limited,VAIBHAVGBL.NS,"['Fair valuation', 'Average profitability', 'Slow revenue growth']",['High debt risk'],21.633518,10.86,0.13363,15.726,0.102,-1,SELL
Vaishali Pharma Limited,VAISHALI.NS,['Strong revenue growth'],"['Stock may be overvalued', 'Weak profitability', 'High debt risk']",147.16667,0.06,-0.00569,23.153,0.609,-3,SELL
Vakrangee Limited,VAKRANGEE.NS,['Slow revenue growth'],"['Stock may be overvalued', 'Weak profitability', 'High debt risk']",87.33333,0.09,0.04699,1.919,0.059,-4,SELL
Valiant Laboratories Limited,VALIANTLAB.NS,['Strong revenue growth'],"['Stock may be overvalued', 'Weak profitability', 'High debt risk']",333.04544,0.22,0.01847,16.944,1.151,-3,SELL
Valiant Organics Limited,VALIANTORG.NS,[],"['Stock may be overvalued', 'Weak profitability', 'High debt risk', 'Declining revenues']",32.862274,8.35,0.032309998,31.902,-0.018,-5,SELL
Vardhman Acrylics Limited,VARDHACRLC.NS,"['Fair valuation', 'Strong revenue growth']","['Weak profitability', 'Debt data missing']",29.96063,1.27,0.043920003,,0.266,0,SELL
Vardhman Polytex Limited,VARDMNPOLY.NS,['Low valuation'],"['Stock appears undervalued', 'ROE data missing', 'Debt data missing', 'Declining revenues']",6.6458335,0.96,,,-0.042,1,SELL
Varroc Engineering Limited,VARROC.NS,['Slow revenue growth'],"['Stock may be overvalued', 'Weak profitability', 'High debt risk']",66.38554,9.13,0.08834,53.145,0.061,-4,SELL
Vascon Engineers Limited,VASCONEQ.NS,"['Low valuation', 'Average profitability', 'Slow revenue growth']","['Stock appears undervalued', 'High debt risk']",7.1912227,6.38,0.13448,24.443,0.129,1,SELL
Vaswani Industries Limited,VASWANI.NS,['Fair valuation'],"['Weak profitability', 'High debt risk', 'Declining revenues']",18.141142,3.33,0.0759,174.83,-0.168,-4,SELL
Varun Beverages Limited,VBL.NS,['Slow revenue growth'],"['Stock may be overvalued', 'ROE data missing', 'High debt risk']",55.246,8.74,,11.554,0.019,-3,SELL
Vaxtex Cotfab Limited,VCL.NS,[],"['Stock may be overvalued', 'Weak profitability', 'High debt risk', 'Revenue growth data missing']",34.5,0.06,-0.03985,63.082,,-4,SELL
Vedanta Limited,VEDL.NS,"['Fair valuation', 'High profitability', 'Slow revenue growth']",['High debt risk'],19.696821,30.51,0.35051998,190.255,0.055,0,SELL
Veedol Corporation Limited,VEEDOL.NS,"['Fair valuation', 'High profitability', 'Slow revenue growth']",['High debt risk'],15.103223,110.44,0.203,2.144,0.069,0,SELL
Venky's (India) Limited,VENKEYS.NS,['Slow revenue growth'],"['Stock may be overvalued', 'Weak profitability', 'High debt risk']",90.98955,16.27,0.01588,13.056,0.034,-4,SELL
Ventive Hospitality Limited,VENTIVE.NS,['Strong revenue growth'],"['Stock may be overvalued', 'ROE data missing', 'High debt risk']",73.067955,9.86,,42.178,0.897,-2,SELL
Venus Pipes & Tubes Limited,VENUSPIPES.NS,"['Fair valuation', 'Average profitability', 'Strong revenue growth']",['High debt risk'],25.622784,45.12,0.16956,42.716,0.273,-1,SELL
Venus Remedies Limited,VENUSREM.NS,"['Low valuation', 'Average profitability', 'Strong revenue growth']","['Stock appears undervalued', 'High debt risk']",14.984788,52.59,0.12917,2.42,0.151,1,SELL
Veranda Learning Solutions Limited,VERANDA.NS,[],"['PE data missing', 'Weak profitability', 'High debt risk', 'Declining revenues']",,-15.72,-0.16093001,42.052,-0.086,-4,SELL
Vertoz Limited,VERTOZ.NS,"['Fair valuation', 'Average profitability', 'Slow revenue growth']",['High debt risk'],16.581657,4.47,0.13396,8.016,0.135,-1,SELL
Vesuvius India Limited,VESUVIUS.NS,['Strong revenue growth'],"['Stock may be overvalued', 'ROE data missing', 'Debt data missing']",40.14571,12.01,,,0.258,0,SELL
Veto Switchgears And Cables Limited,VETO.NS,"['Low valuation', 'Strong revenue growth']","['Stock appears undervalued', 'Weak profitability', 'High debt risk']",10.430644,11.03,0.07655,5.817,0.195,0,SELL
VARVEE GLOBAL LIMITED,VGL.NS,"['Fair valuation', 'High profitability', 'Strong revenue growth']",['High debt risk'],16.440582,8.92,0.31074,27.428,0.798,1,SELL
V-Guard Industries Limited,VGUARD.NS,"['Average profitability', 'Slow revenue growth']","['Stock may be overvalued', 'High debt risk']",49.5764,6.61,0.14097999,6.884,0.036,-3,SELL
Vardhman Holdings Limited,VHL.NS,['Low valuation'],"['Stock appears undervalued', 'Weak profitability', 'Debt data missing', 'Declining revenues']",4.697188,765.16,0.06745,,-0.591,0,SELL
Viceroy Hotels Limited,VHLTD.NS,[],"['Stock may be overvalued', 'Weak profitability', 'High debt risk', 'Declining revenues']",54.41636,2.69,0.08441,20.112,-0.047,-5,SELL
Vidhi Specialty Food Ingredients Limited,VIDHIING.NS,['Average profitability'],"['Stock may be overvalued', 'High debt risk', 'Declining revenues']",35.98643,9.58,0.16007,19.505,-0.178,-4,SELL
Vidya Wires Limited,VIDYAWIRES.NS,"['Fair valuation', 'Slow revenue growth']","['ROE data missing', 'High debt risk']",26.588541,1.92,,99.197,0.017,-2,SELL
Vijaya Diagnostic Centre Limited,VIJAYA.NS,"['Average profitability', 'Slow revenue growth']","['Stock may be overvalued', 'High debt risk']",70.26477,14.73,0.19088,42.224,0.102,-2,SELL
Viji Finance Limited,VIJIFIN.NS,[],"['Stock may be overvalued', 'Weak profitability', 'High debt risk', 'Declining revenues']",inf,0.0,0.0023100001,55.097,-0.036,-5,SELL
Vikas EcoTech Limited,VIKASECO.NS,[],"['Stock may be overvalued', 'Weak profitability', 'High debt risk', 'Declining revenues']",35.6,0.05,0.01664,9.468,-0.275,-5,SELL
Vikas Lifecare Limited,VIKASLIFE.NS,['Slow revenue growth'],"['PE data missing', 'ROE data missing', 'High debt risk']",,-0.08,,14.385,0.003,-2,SELL
Vikram Solar Limited,VIKRAMSOLR.NS,"['Fair valuation', 'Strong revenue growth']","['ROE data missing', 'High debt risk']",24.005848,10.26,,8.898,0.937,-1,SELL
Vikran Engineering Limited,VIKRAN.NS,['Slow revenue growth'],"['Stock may be overvalued', 'ROE data missing', 'High debt risk']",30.16467,3.34,,27.396,0.107,-2,SELL
Vimta Labs Limited,VIMTALABS.NS,"['Average profitability', 'Strong revenue growth']","['Stock may be overvalued', 'High debt risk']",36.810238,16.6,0.19667,1.632,0.202,-2,SELL
Vinati Organics Limited,VINATIORGA.NS,['Average profitability'],"['Stock may be overvalued', 'Debt data missing', 'Declining revenues']",37.766155,42.08,0.15816,,-0.006,-2,SELL
Vintage Coffee And Beverages Limited,VINCOFE.NS,"['Average profitability', 'Strong revenue growth']","['Stock may be overvalued', 'High debt risk']",34.857788,4.43,0.15111,16.989,0.895,-2,SELL
Vindhya Telelinks Limited,VINDHYATEL.NS,"['Low valuation', 'Slow revenue growth']","['Stock appears undervalued', 'Weak profitability', 'High debt risk']",6.270487,225.15,0.06363,32.942,0.008,-1,SELL
Vineet Laboratories Limited,VINEETLAB.NS,[],"['PE data missing', 'Weak profitability', 'High debt risk', 'Declining revenues']",,-15.22,-0.74232,300.832,-0.09,-4,SELL
Vinny Overseas Limited,VINNY.NS,['Low valuation'],"['Stock appears undervalued', 'Weak profitability', 'High debt risk', 'Declining revenues']",9.769231,0.13,0.060960002,16.674,-0.211,-2,SELL
Vinyl Chemicals (India) Limited,VINYLINDIA.NS,"['Fair valuation', 'Average profitability', 'Low debt', 'Slow revenue growth']",[],22.556286,10.66,0.16653,0.405,0.01,1,SELL
VIP Clothing Limited,VIPCLOTHNG.NS,['Slow revenue growth'],"['Stock may be overvalued', 'Weak profitability', 'High debt risk']",32.020405,0.98,0.04912,40.011,0.115,-3,SELL
VIP Industries Limited,VIPIND.NS,[],"['PE data missing', 'Weak profitability', 'High debt risk', 'Declining revenues']",,-13.79,-0.35251,167.839,-0.253,-4,SELL
Vipul Limited,VIPULLTD.NS,[],"['PE data missing', 'Weak profitability', 'High debt risk', 'Declining revenues']",,-1.85,-0.061979998,19.491,-0.494,-4,SELL
Virinchi Limited,VIRINCHI.NS,[],"['PE data missing', 'Weak profitability', 'High debt risk', 'Declining revenues']",,-1.34,-0.029860001,64.151,-0.168,-4,SELL
Visaka Industries Limited,VISAKAIND.NS,"['Low valuation', 'Slow revenue growth']","['Stock appears undervalued', 'Weak profitability', 'High debt risk']",13.222426,5.44,0.06159,53.394,0.054,-1,SELL
Visa Steel Limited,VISASTEEL.NS,[],"['PE data missing', 'ROE data missing', 'Debt data missing', 'Declining revenues']",,-45.02,,,-0.496,-1,SELL
Vishnu Chemicals Limited,VISHNU.NS,"['Fair valuation', 'Average profitability', 'Strong revenue growth']",['High debt risk'],26.376848,20.99,0.1573,41.813,0.167,-1,SELL
Vishwaraj Sugar Industries Limited,VISHWARAJ.NS,[],"['PE data missing', 'Weak profitability', 'High debt risk', 'Declining revenues']",,-1.36,-0.10869,123.11,-0.407,-4,SELL
Visagar Polytex Limited,VIVIDHA.NS,[],"['PE data missing', 'Weak profitability', 'High debt risk', 'Revenue growth data missing']",,-0.06,-1.5676199,2622.617,,-3,SELL
Vivimed Labs Limited,VIVIMEDLAB.NS,[],"['PE data missing', 'ROE data missing', 'Debt data missing', 'Declining revenues']",,-2.93,,,-0.16,-1,SELL
VL E-Governance & IT Solutions Limited,VLEGOV.NS,[],"['PE data missing', 'ROE data missing', 'Debt data missing', 'Declining revenues']",,-236.53,,,-0.593,-1,SELL
VLS Finance Limited,VLSFINANCE.NS,['Low debt'],"['PE data missing', 'ROE data missing', 'Declining revenues']",,-5.62,,0.001,-0.866,0,SELL
V-Mart Retail Limited,VMART.NS,"['Average profitability', 'Strong revenue growth']","['Stock may be overvalued', 'High debt risk']",51.295143,14.4,0.14791,94.737,0.221,-2,SELL
Vishal Mega Mart Limited,VMM.NS,"['Average profitability', 'Strong revenue growth']","['Stock may be overvalued', 'High debt risk']",86.7898,1.57,0.115059994,27.12,0.224,-2,SELL
VMS TMT Limited,VMSTMT.NS,"['Fair valuation', 'High profitability']","['High debt risk', 'Revenue growth data missing']",17.138264,3.11,0.25761,128.794,,0,SELL
Voltamp Transformers Limited,VOLTAMP.NS,"['Fair valuation', 'High profitability', 'Low debt', 'Strong revenue growth']",[],23.932978,324.97,0.21463,0.082,0.213,4,BUY
Voltas Limited,VOLTAS.NS,[],"['Stock may be overvalued', 'Weak profitability', 'High debt risk', 'Declining revenues']",83.19879,16.6,0.08477,27.449,-0.104,-5,SELL
Vishnu Prakash R Punglia Limited,VPRPL.NS,['Fair valuation'],"['Weak profitability', 'High debt risk', 'Declining revenues']",23.87805,2.46,0.039690003,90.698,-0.117,-4,SELL
Vraj Iron and Steel Limited,VRAJ.NS,"['Low valuation', 'Strong revenue growth']","['Stock appears undervalued', 'Weak profitability', 'High debt risk']",12.5576725,9.97,0.08489,6.498,0.519,0,SELL
VRL Logistics Limited,VRLLOG.NS,"['Fair valuation', 'High profitability', 'Slow revenue growth']",['High debt risk'],19.812733,13.35,0.22352,101.073,0.002,0,SELL
Vardhman Special Steels Limited,VSSL.NS,['Fair valuation'],"['Weak profitability', 'High debt risk', 'Declining revenues']",25.338755,11.07,0.09741,6.413,-0.126,-4,SELL
VST Industries Limited,VSTIND.NS,"['Low valuation', 'High profitability']","['Stock appears undervalued', 'Debt data missing', 'Declining revenues']",14.264623,17.95,0.25370002,,-0.066,3,HOLD
Vibhor Steel Tubes Limited,VSTL.NS,"['Fair valuation', 'Strong revenue growth']","['Weak profitability', 'High debt risk']",20.250381,6.55,0.06664,100.907,0.193,-2,SELL
V.S.T Tillers Tractors Limited,VSTTILLERS.NS,"['Low debt', 'Slow revenue growth']","['Stock may be overvalued', 'Weak profitability']",53.919598,109.45,0.093439996,0.173,0.112,0,SELL
Vardhman Textiles Limited,VTL.NS,['Fair valuation'],"['Weak profitability', 'High debt risk', 'Declining revenues']",15.08609,29.62,0.08565,14.465,-0.009,-4,SELL
Waaree Energies Limited,WAAREEENER.NS,"['High profitability', 'Strong revenue growth']","['Stock may be overvalued', 'High debt risk']",32.42895,93.95,0.33703,25.128,0.697,0,SELL
Indosolar Limited,WAAREEINDO.NS,"['Low valuation', 'High profitability', 'Strong revenue growth']","['Stock appears undervalued', 'High debt risk']",10.1237335,51.32,2.2037601,1.522,6.194,3,HOLD
Waaree Renewable Technologies Limited,WAAREERTL.NS,"['Fair valuation', 'High profitability', 'Strong revenue growth']",['High debt risk'],28.80477,33.55,0.71734,12.31,0.477,1,SELL
VA Tech Wabag Limited,WABAG.NS,"['Fair valuation', 'Average profitability', 'Strong revenue growth']",['High debt risk'],25.33491,50.76,0.14894,10.322,0.192,-1,SELL
Wakefit Innovations Limited,WAKEFIT.NS,[],"['PE data missing', 'Weak profitability', 'High debt risk', 'Revenue growth data missing']",,-1.07,-0.06579,49.699,,-3,SELL
Walchandnagar Industries Limited,WALCHANNAG.NS,[],"['PE data missing', 'Weak profitability', 'High debt risk', 'Declining revenues']",,-15.72,-0.27368,55.731,-0.237,-4,SELL
Wanbury Limited,WANBURY.NS,"['Fair valuation', 'High profitability']","['High debt risk', 'Declining revenues']",15.694722,14.97,0.68705004,182.866,-0.007,-1,SELL
Western Carriers (India) Limited,WCIL.NS,"['Fair valuation', 'Slow revenue growth']","['Weak profitability', 'High debt risk']",27.67048,4.37,0.05584,22.782,0.019,-3,SELL
Wealth First Portfolio Managers Limited,WEALTH.NS,['High profitability'],"['Stock may be overvalued', 'Debt data missing', 'Declining revenues']",31.531157,30.01,0.21679,,-0.118,0,SELL
Websol Energy System Limited,WEBELSOLAR.NS,"['Fair valuation', 'High profitability', 'Strong revenue growth']",['High debt risk'],20.027485,4.73,0.70137,40.716,0.172,1,SELL
Weizmann Limited,WEIZMANIND.NS,['Slow revenue growth'],"['PE data missing', 'Weak profitability', 'High debt risk']",,-1.9,-0.0535,11.861,0.141,-2,SELL
Wonder Electricals Limited,WEL.NS,['Average profitability'],"['Stock may be overvalued', 'High debt risk', 'Declining revenues']",113.08888,1.35,0.18945,91.622,-0.265,-4,SELL
Welspun Corp Limited,WELCORP.NS,"['Low valuation', 'High profitability', 'Strong revenue growth']","['Stock appears undervalued', 'High debt risk']",9.83305,82.06,0.29615998,18.258,0.325,3,HOLD
Welspun Enterprises Limited,WELENT.NS,"['Fair valuation', 'Average profitability']","['High debt risk', 'Declining revenues']",18.986486,26.64,0.14705,67.637,-0.006,-3,SELL
Welspun Investments and Commercials Limited,WELINV.NS,['Slow revenue growth'],"['Stock may be overvalued', 'Weak profitability', 'Debt data missing']",147.40416,9.13,0.0046900003,,0.005,-2,SELL
Welspun Living Limited,WELSPUNLIV.NS,[],"['Stock may be overvalued', 'Weak profitability', 'High debt risk', 'Declining revenues']",35.733154,3.71,0.07546,54.975,-0.15,-5,SELL
Wendt (India) Limited,WENDT.NS,"['Average profitability', 'Low debt', 'Slow revenue growth']",['Stock may be overvalued'],57.74949,137.88,0.1154,0.117,0.017,0,SELL
WESTLIFE FOODWORLD LIMITED,WESTLIFE.NS,['Slow revenue growth'],"['Stock may be overvalued', 'Weak profitability', 'High debt risk']",224.60742,2.42,0.061539996,266.799,0.036,-4,SELL
WE WIN LIMITED,WEWIN.NS,"['Low valuation', 'Average profitability', 'Slow revenue growth']","['Stock appears undervalued', 'High debt risk']",14.298078,3.12,0.11007,30.051,0.018,0,SELL
WeWork India Management Limited,WEWORK.NS,['Strong revenue growth'],"['Stock may be overvalued', 'ROE data missing', 'High debt risk']",56.31579,10.64,,2378.742,0.252,-2,SELL
Wheels India Limited,WHEELS.NS,"['Fair valuation', 'Average profitability', 'Slow revenue growth']",['High debt risk'],16.924665,50.84,0.13633001,75.506,0.074,-2,SELL
Whirlpool of India Limited,WHIRLPOOL.NS,[],"['Stock may be overvalued', 'Weak profitability', 'High debt risk', 'Declining revenues']",32.90369,27.62,0.088599995,6.334,-0.038,-5,SELL
Williamson Magor & Company Limited,WILLAMAGOR.NS,[],"['PE data missing', 'ROE data missing', 'Debt data missing', 'Declining revenues']",,-0.27,,,-0.029,-1,SELL
Windlas Biotech Limited,WINDLAS.NS,"['Fair valuation', 'Average profitability', 'Strong revenue growth']",['High debt risk'],25.097637,31.75,0.13393,5.843,0.189,-1,SELL
Windsor Machines Limited,WINDMACHIN.NS,['Strong revenue growth'],"['Stock may be overvalued', 'Weak profitability', 'High debt risk']",41.842506,6.54,0.06522,5.437,1.311,-3,SELL
Winsome Yarns Limited,WINSOME.NS,['Strong revenue growth'],"['PE data missing', 'ROE data missing', 'Debt data missing']",,-2.46,,,0.878,1,SELL
The Western India Plywoods Limited,WIPL.NS,[],"['Stock may be overvalued', 'Weak profitability', 'High debt risk', 'Declining revenues']",57.653847,2.6,0.049629997,44.281,-0.038,-5,SELL
Wipro Limited,WIPRO.NS,"['Fair valuation', 'Average profitability', 'Slow revenue growth']",['High debt risk'],20.739874,12.84,0.16108999,18.738,0.018,-2,SELL
Wockhardt Limited,WOCKPHARMA.NS,[],"['PE data missing', 'Weak profitability', 'High debt risk', 'Declining revenues']",,-1.29,-0.011879999,50.369,-0.033,-4,SELL
Wonderla Holidays Limited,WONDERLA.NS,"['Low debt', 'Strong revenue growth']","['Stock may be overvalued', 'Weak profitability']",39.597027,12.78,0.05619,0.304,0.19,0,SELL
Worth Peripherals Limited,WORTHPERI.NS,"['Low valuation', 'Average profitability', 'Slow revenue growth']","['Stock appears undervalued', 'High debt risk']",13.081105,10.85,0.104540005,9.589,0.103,1,SELL
W S Industries (I) Limited,WSI.NS,[],"['PE data missing', 'Weak profitability', 'High debt risk', 'Declining revenues']",,-4.17,-0.1102,43.646,-0.613,-4,SELL
West Coast Paper Mills Limited,WSTCSTPAPR.NS,['Fair valuation'],"['Weak profitability', 'High debt risk', 'Declining revenues']",15.275027,27.27,0.04578,11.26,-0.002,-4,SELL
Xchanging Solutions Limited,XCHANGING.NS,"['Fair valuation', 'Average profitability', 'Strong revenue growth']",['High debt risk'],15.446327,5.31,0.16961001,24.199,0.188,-1,SELL
Xelpmoc Design And Tech Limited,XELPMOC.NS,['Low debt'],"['PE data missing', 'ROE data missing', 'Declining revenues']",,-4.59,,0.36,-0.537,0,SELL
Xpro India Limited,XPROINDIA.NS,[],"['Stock may be overvalued', 'Weak profitability', 'High debt risk', 'Declining revenues']",164.79132,5.99,0.02138,46.18,-0.105,-5,SELL
Xtglobal Infotech Limited,XTGLOBAL.NS,['Strong revenue growth'],"['Stock may be overvalued', 'Weak profitability', 'High debt risk']",49.57747,0.71,0.06497,25.53,0.901,-3,SELL
Yasho Industries Limited,YASHO.NS,['Slow revenue growth'],"['Stock may be overvalued', 'Weak profitability', 'High debt risk']",135.40465,10.75,0.03507,138.322,0.118,-3,SELL
Yatharth Hospital & Trauma Care Services Limited,YATHARTH.NS,"['Average profitability', 'Strong revenue growth']","['Stock may be overvalued', 'High debt risk']",42.333332,16.2,0.114980005,1.525,0.283,-2,SELL
Yatra Online Limited,YATRA.NS,['Strong revenue growth'],"['Stock may be overvalued', 'Weak profitability', 'High debt risk']",50.42373,3.54,0.0706,6.87,0.484,-3,SELL
Yes Bank Limited,YESBANK.NS,"['Fair valuation', 'Slow revenue growth']","['Weak profitability', 'Debt data missing']",23.911112,0.9,0.05928,,0.064,-1,SELL
Yuken India Limited,YUKEN.NS,[],"['Stock may be overvalued', 'Weak profitability', 'High debt risk', 'Declining revenues']",52.111652,16.48,0.065409996,33.231,-0.027,-5,SELL
Zaggle Prepaid Ocean Services Limited,ZAGGLE.NS,"['Average profitability', 'Strong revenue growth']","['Stock may be overvalued', 'High debt risk']",41.264706,8.5,0.11467,1.351,0.429,-2,SELL
Zee Entertainment Enterprises Limited,ZEEL.NS,['Fair valuation'],"['Weak profitability', 'High debt risk', 'Declining revenues']",15.303691,5.96,0.05012,2.465,-0.016,-4,SELL
Zee Learn Limited,ZEELEARN.NS,"['Fair valuation', 'Strong revenue growth']","['Weak profitability', 'High debt risk']",15.18,0.5,0.04744,219.814,0.276,-2,SELL
Zee Media Corporation Limited,ZEEMEDIA.NS,['Strong revenue growth'],"['PE data missing', 'Weak profitability', 'High debt risk']",,-1.34,-0.39273,54.648,0.367,-2,SELL
Zenith Exports Limited,ZENITHEXPO.NS,"['Fair valuation', 'Strong revenue growth']","['Weak profitability', 'High debt risk']",19.50183,10.94,0.0727,3.617,0.212,-2,SELL
Zenith Steel Pipes & Industries Limited,ZENITHSTL.NS,['Fair valuation'],"['ROE data missing', 'Debt data missing', 'Declining revenues']",23.16129,0.31,,,-0.533,-1,SELL
Zensar Technologies Limited,ZENSARTECH.NS,"['Fair valuation', 'Average profitability', 'Slow revenue growth']",['High debt risk'],23.674305,30.55,0.17543,2.741,0.087,-2,SELL
Zen Technologies Limited,ZENTEC.NS,['Average profitability'],"['Stock may be overvalued', 'Moderate debt level', 'Declining revenues']",49.902,27.55,0.15868,0.976,-0.282,-2,SELL
ZF Commercial Vehicle Control Systems India Limited,ZFCVINDIA.NS,"['Average profitability', 'Slow revenue growth']","['Stock may be overvalued', 'High debt risk']",64.36386,229.43,0.15148,1.806,0.003,-3,SELL
Zim Laboratories Limited,ZIMLAB.NS,[],"['Stock may be overvalued', 'Weak profitability', 'High debt risk', 'Declining revenues']",50.43382,1.36,0.026659999,48.918,-0.037,-5,SELL
Zodiac Energy Limited,ZODIAC.NS,"['High profitability', 'Strong revenue growth']","['Stock may be overvalued', 'High debt risk']",80.46917,3.73,0.2243,178.121,0.834,0,SELL
Zodiac Clothing Company Limited,ZODIACLOTH.NS,[],"['PE data missing', 'Weak profitability', 'High debt risk', 'Declining revenues']",,-13.27,-0.16939,61.685,-0.194,-4,SELL
Zota Health Care LImited,ZOTA.NS,['Strong revenue growth'],"['PE data missing', 'Weak profitability', 'High debt risk']",,-21.48,-0.25682,56.9,0.917,-2,SELL
Zuari Agro Chemicals Limited,ZUARI.NS,"['Low valuation', 'Slow revenue growth']","['Stock appears undervalued', 'ROE data missing', 'High debt risk']",1.3218688,232.89,,28.492,0.136,1,SELL
ZUARI INDUSTRIES LIMITED,ZUARIIND.NS,"['Low valuation', 'Slow revenue growth']","['Stock appears undervalued', 'Weak profitability', 'High debt risk']",7.7643394,40.1,0.024149999,50.399,0.016,-1,SELL
Zydus Lifesciences Limited,ZYDUSLIFE.NS,"['Fair valuation', 'Average profitability', 'Strong revenue growth']",['High debt risk'],18.633484,48.92,0.19254999,34.305,0.169,-1,SELL
Zydus Wellness Limited,ZYDUSWELL.NS,['Strong revenue growth'],"['Stock may be overvalued', 'Weak profitability', 'High debt risk']",53.249687,7.97,0.045250002,53.314,0.32,-3,SELL
Equity,A.BO,[],"['PE data missing', 'ROE data missing', 'Debt data missing', 'Revenue growth data missing']",,,,,,0,SELL
