Date,Open,High,Low,Close,Volume,Dividends,Stock Splits
2010-01-04 00:00:00+05:30,132.943845726187,134.15655925045235,132.64067052559147,133.35313415527344,9162186,0.0,0.0
2010-01-05 00:00:00+05:30,134.61134475859376,136.39252313191804,133.62600933465166,134.61892700195312,14659997,0.0,0.0
2010-01-06 00:00:00+05:30,135.67246850594313,137.5446084117714,134.9296885159888,135.6497344970703,20410054,0.0,0.0
2010-01-07 00:00:00+05:30,135.93774141920156,135.93774141920156,132.86805266669575,134.36878967285156,10852286,0.0,0.0
2010-01-08 00:00:00+05:30,134.77808637073088,134.91451585947715,132.03431938766747,132.48150634765625,20580934,0.0,0.0
2010-01-11 00:00:00+05:30,133.09542287192886,133.67145695247157,131.26876421293366,131.791748046875,18184672,0.0,0.0
2010-01-12 00:00:00+05:30,131.79176689738892,132.1859035700599,127.33503667014979,127.75190734863281,22781935,0.0,0.0
2010-01-13 00:00:00+05:30,124.55335990458047,127.97169117039044,124.55335990458047,127.43355560302734,31684856,0.0,0.0
2010-01-14 00:00:00+05:30,128.39616207201533,130.51841384131072,126.00105136010642,126.62256622314453,33858143,0.0,0.0
2010-01-15 00:00:00+05:30,127.37293198961402,128.63870847867668,125.88735952481831,127.70643615722656,19521925,0.0,0.0
2010-01-18 00:00:00+05:30,126.42551614285178,131.7008234543012,125.86463372058415,130.87466430664062,22909535,0.0,0.0
2010-01-19 00:00:00+05:30,130.97321377601227,132.79227806169652,130.2152692634867,131.20059204101562,20804140,0.0,0.0
2010-01-20 00:00:00+05:30,131.852369596843,134.09589868857807,131.72352238988708,133.08782958984375,27480893,0.0,0.0
2010-01-21 00:00:00+05:30,131.859978383119,132.33748154657428,127.68368945877178,129.26022338867188,33727122,0.0,0.0
2010-01-22 00:00:00+05:30,125.66755094883617,128.39616590008958,124.43210342808328,127.44114685058594,32621154,0.0,0.0
2010-01-25 00:00:00+05:30,126.06168704816992,127.20618582084802,125.09909848247162,125.94042205810547,15865157,0.0,0.0
2010-01-27 00:00:00+05:30,124.30323941311241,125.42499131231303,118.23965993243881,119.34626007080078,38013514,0.0,0.0
2010-01-28 00:00:00+05:30,121.27147065695893,122.45386796975444,118.12599763947084,119.45997619628906,56519067,0.0,0.0
2010-01-29 00:00:00+05:30,117.481728945007,127.18344957656873,117.481728945007,125.8721923828125,59256560,0.0,0.0
2010-02-01 00:00:00+05:30,124.31840528848363,128.6083895939226,123.54530918525742,126.6983642578125,28587542,0.0,0.0
2010-02-02 00:00:00+05:30,127.48664581773855,127.70645454700733,123.66659451709883,124.15167999267578,29159537,0.0,0.0
2010-02-03 00:00:00+05:30,125.07635369045747,128.0929790816896,124.79591252276535,127.25165557861328,18166148,0.0,0.0
2010-02-04 00:00:00+05:30,126.54680662503495,128.6993752769091,125.13703076448107,125.63726806640625,18276049,0.0,0.0
2010-02-05 00:00:00+05:30,122.75702605338009,122.75702605338009,119.75556517787165,120.99101257324219,27352501,0.0,0.0
2010-02-08 00:00:00+05:30,128.85097571917674,128.85097571917674,119.14925181191343,122.08251190185547,22972361,0.0,0.0
2010-02-09 00:00:00+05:30,122.18103590734717,124.00010028928081,119.96783476041611,123.15120697021484,20874557,0.0,0.0
2010-02-10 00:00:00+05:30,124.00006838174495,124.53821676320592,120.7939629857996,121.24114990234375,19253811,0.0,0.0
2010-02-11 00:00:00+05:30,119.77074694019774,125.78884740377913,119.77074694019774,125.22038269042969,19596379,0.0,0.0
2010-02-15 00:00:00+05:30,126.12233334394875,126.12233334394875,123.16633986413356,123.90155029296875,10649243,0.0,0.0
2010-02-16 00:00:00+05:30,123.84848117201554,127.00153616297125,123.84848117201554,126.1905288696289,11282936,0.0,0.0
2010-02-17 00:00:00+05:30,127.33504558072968,128.50229119529308,125.91011819786966,127.47905731201172,28238435,0.0,0.0
2010-02-18 00:00:00+05:30,127.33503860692886,129.30570927837434,126.4785632311237,127.34262084960938,25365791,0.0,0.0
2010-02-19 00:00:00+05:30,126.1223342251833,126.8802913888529,123.86365266440865,126.35730743408203,18276038,0.0,0.0
2010-02-22 00:00:00+05:30,128.115736192602,128.85094661018866,125.62967644345213,126.06169891357422,12621301,0.0,0.0
2010-02-23 00:00:00+05:30,125.80401891691587,129.15413671412253,125.15217493228307,128.5098876953125,20701076,0.0,0.0
2010-02-24 00:00:00+05:30,127.35022064646185,128.22944287150202,126.27393641586723,127.50938415527344,17102217,0.0,0.0
2010-02-25 00:00:00+05:30,127.52452368251954,130.03332988891495,126.22843096887601,129.09347534179688,23944123,0.0,0.0
2010-02-26 00:00:00+05:30,128.13848733163692,134.45976350876717,127.63825005083196,132.2086639404297,35508192,0.0,0.0
2010-03-02 00:00:00+05:30,134.17172117651165,136.88517161089513,134.17172117651165,135.9983673095703,28273393,0.0,0.0
2010-03-03 00:00:00+05:30,136.4152538637475,138.32527944076747,135.7255241723076,137.69618225097656,25091231,0.0,0.0
2010-03-04 00:00:00+05:30,137.33993455019797,138.63602733422056,134.7932424380727,136.1878662109375,17625426,0.0,0.0
2010-03-05 00:00:00+05:30,136.14237857543205,137.7946967396795,135.16462553546128,136.6956787109375,14922803,0.0,0.0
2010-03-08 00:00:00+05:30,137.94631646567996,140.4930216463092,137.94631646567996,140.03067016601562,32294977,0.0,0.0
2010-03-09 00:00:00+05:30,139.76538618321533,141.67541178942622,137.8022975958372,140.24288940429688,34059690,0.0,0.0
2010-03-10 00:00:00+05:30,140.22014117201925,140.9022885615084,137.7037526296664,139.12869262695312,22191510,0.0,0.0
2010-03-11 00:00:00+05:30,138.7042255107518,141.99372257240896,138.41621482127175,141.10691833496094,21146158,0.0,0.0
2010-03-12 00:00:00+05:30,141.74361756148838,142.7820031703662,141.16000113690592,141.9861602783203,20491075,0.0,0.0
2010-03-15 00:00:00+05:30,140.97810713577329,141.7360516228253,129.76049565050184,140.03067016601562,16240301,0.0,0.0
2010-03-16 00:00:00+05:30,139.61374413402606,141.7208310090522,138.2797532053641,141.05384826660156,14485526,0.0,0.0
2010-03-17 00:00:00+05:30,141.73604745183331,144.55561154707664,141.28127822860796,143.7900848388672,23114982,0.0,0.0
2010-03-18 00:00:00+05:30,144.01743653575593,146.96584733869136,143.8582730618217,146.0790557861328,25947581,0.0,0.0
2010-03-19 00:00:00+05:30,145.980545510645,146.87491943212459,143.77491423573557,145.00279235839844,17969248,0.0,0.0
2010-03-22 00:00:00+05:30,143.85827912376786,143.85827912376786,139.61377545866182,141.77392578125,20087584,0.0,0.0
2010-03-23 00:00:00+05:30,142.34238389682488,143.40351622032838,139.7653755152101,140.29592895507812,20200125,0.0,0.0
2010-03-25 00:00:00+05:30,139.462188608645,142.49397891284357,138.34043650081742,141.56170654296875,26513751,0.0,0.0
2010-03-26 00:00:00+05:30,142.34237938170062,144.29788551449684,141.77392746817577,143.63088989257812,21544611,0.0,0.0
2010-03-29 00:00:00+05:30,143.25194099564172,145.37419319842536,142.4181995131869,144.40402221679688,21909514,0.0,0.0
2010-03-30 00:00:00+05:30,144.9345856663057,146.79913060048412,144.74509318670943,145.49546813964844,18572757,0.0,0.0
2010-03-31 00:00:00+05:30,146.25341520648377,147.16295368089632,143.81282326858337,144.3888702392578,28237176,0.0,0.0
2010-04-01 00:00:00+05:30,145.0709886709438,145.81378124467795,143.14579886172905,144.4115753173828,19839534,0.0,0.0
2010-04-05 00:00:00+05:30,144.76783123617582,150.17956820003812,144.76783123617582,149.36856079101562,28263136,0.0,0.0
2010-04-06 00:00:00+05:30,150.36145507875253,153.0597408986184,149.3685375987721,151.25582885742188,30864163,0.0,0.0
2010-04-07 00:00:00+05:30,151.99864926216964,152.9536557075198,148.57272202694125,149.6717529296875,19863459,0.0,0.0
2010-04-08 00:00:00+05:30,148.89104069755322,149.77026275105948,145.17710323830295,145.6925048828125,23439388,0.0,0.0
2010-04-09 00:00:00+05:30,145.87443834885593,148.85316594474554,145.8289576100081,148.29986572265625,12637042,0.0,0.0
2010-04-12 00:00:00+05:30,148.5575633382891,149.30034326741236,145.71525269901272,146.2306671142578,20644701,0.0,0.0
2010-04-13 00:00:00+05:30,146.23064879232908,146.51107724994222,142.547014970692,142.8274688720703,21935727,0.0,0.0
2010-04-15 00:00:00+05:30,143.67639039065241,145.2074438181332,138.74973861231493,139.15902709960938,29869411,0.0,0.0
2010-04-16 00:00:00+05:30,139.00744614663057,142.02408526702436,138.74975161797994,139.8336181640625,24517465,0.0,0.0
2010-04-19 00:00:00+05:30,138.5223008434894,140.45507258371748,136.81693272252465,139.4318389892578,23085573,0.0,0.0
2010-04-20 00:00:00+05:30,139.76536346633802,143.2519099041356,139.4621755589692,141.43284606933594,24374751,0.0,0.0
2010-04-21 00:00:00+05:30,142.48637264263516,144.69200343815572,142.34236094182077,144.29786682128906,20722333,0.0,0.0
2010-04-22 00:00:00+05:30,143.32771589293603,146.23065886847067,141.75876417242958,143.0775909423828,23026162,0.0,0.0
2010-04-23 00:00:00+05:30,143.85829083407913,148.5272350682493,143.25192766604076,148.2089080810547,26901132,0.0,0.0
2010-04-26 00:00:00+05:30,148.5727314205089,151.308916402566,145.2832461913792,145.54852294921875,31212868,0.0,0.0
2010-04-27 00:00:00+05:30,145.2225961545413,145.52577137288728,141.75877062373183,143.5475311279297,15461006,0.0,0.0
2010-04-28 00:00:00+05:30,141.17516005584037,142.6379986737862,138.4617092981684,139.3788299560547,21680010,0.0,0.0
2010-04-29 00:00:00+05:30,139.9169452000588,144.1614486996219,139.9169452000588,143.5626678466797,25572305,0.0,0.0
2010-04-30 00:00:00+05:30,144.44946214164136,146.1927416072648,143.57782240882966,144.30545043945312,18736987,0.0,0.0
2010-05-03 00:00:00+05:30,143.41871777247133,145.21504822209258,141.4328948154343,142.0240936279297,16415217,0.0,0.0
2010-05-04 00:00:00+05:30,142.78198423354092,143.4944478039182,137.79468835337107,138.7345428466797,19283099,0.0,0.0
2010-05-05 00:00:00+05:30,137.94629217905216,137.94629217905216,134.497631376058,136.98370361328125,29067978,0.0,0.0
2010-05-06 00:00:00+05:30,136.1954590488946,138.33286288662342,135.06611190596942,136.86244201660156,17990027,0.0,0.0
2010-05-07 00:00:00+05:30,134.14143425416893,135.21771851683494,131.73115848768344,132.88323974609375,28132593,0.0,0.0
2010-05-10 00:00:00+05:30,134.89936212035693,140.67490674379917,134.7022874113649,139.78053283691406,24365786,0.0,0.0
2010-05-11 00:00:00+05:30,139.76538225182358,141.58444633111873,137.64313022440896,138.94679260253906,22917191,0.0,0.0
2010-05-12 00:00:00+05:30,139.76536680628027,139.97759325775692,137.35509158326664,138.6663360595703,19398219,0.0,0.0
2010-05-13 00:00:00+05:30,139.76537106382972,141.5844349975117,139.62135934437774,140.5233154296875,16082291,0.0,0.0
2010-05-14 00:00:00+05:30,140.227705281135,140.227705281135,137.18834567205462,138.10545349121094,14222945,0.0,0.0
2010-05-17 00:00:00+05:30,136.12720385032802,137.17317154826736,133.86095322667478,136.59713745117188,18725272,0.0,0.0
2010-05-18 00:00:00+05:30,136.77149909031792,136.77149909031792,133.77760696379016,134.7932586669922,20063351,0.0,0.0
2010-05-19 00:00:00+05:30,133.39861394407038,134.00496434097076,124.00006829516549,124.97782135009766,67251569,0.0,0.0
2010-05-20 00:00:00+05:30,125.97075915992299,128.39618658156974,123.62111600867095,126.06929016113281,35100450,0.0,0.0
2010-05-21 00:00:00+05:30,123.23456455339534,127.19104510908012,122.37807641864552,126.54678344726562,24783665,0.0,0.0
2010-05-24 00:00:00+05:30,127.25926183065704,143.9492419687191,125.06121280270168,126.13749694824219,23350662,0.0,0.0
2010-05-25 00:00:00+05:30,124.47002893355918,124.47002893355918,121.62773061717954,122.68885040283203,24955590,0.0,0.0
2010-05-26 00:00:00+05:30,125.06880841463409,128.96465694701374,124.485191903548,128.5098876953125,23904468,0.0,0.0
2010-05-27 00:00:00+05:30,128.09301168588794,131.12478961032448,126.31183324996177,129.8817596435547,32111810,0.0,0.0
2010-05-28 00:00:00+05:30,130.68513168248134,132.94381244127672,128.64625956807333,131.0868377685547,22395593,0.0,0.0
2010-05-31 00:00:00+05:30,131.08688208548668,132.55730292844532,129.97271217143884,131.62503051757812,20342899,0.0,0.0
2010-06-01 00:00:00+05:30,129.10107865108947,131.09447081670467,126.28909679311028,127.02430725097656,21329060,0.0,0.0
2010-06-02 00:00:00+05:30,128.0474980550752,128.8357585863258,124.75801374551057,127.68367767333984,18265478,0.0,0.0
2010-06-03 00:00:00+05:30,129.06315422394871,130.2228046991279,128.57806884515477,129.47244262695312,13719871,0.0,0.0
2010-06-04 00:00:00+05:30,129.47242329662618,131.67047165693953,129.47242329662618,131.25360107421875,16301560,0.0,0.0
2010-06-07 00:00:00+05:30,107.93160365686602,128.85093386916222,107.93160365686602,127.6306381225586,19093156,0.0,0.0
2010-06-08 00:00:00+05:30,127.18344647584443,128.04750402036686,123.25728267627751,123.92427825927734,25602786,0.0,0.0
2010-06-09 00:00:00+05:30,123.84845198556576,127.31984582653745,123.84845198556576,124.99295043945312,19901849,0.0,0.0
2010-06-10 00:00:00+05:30,126.56973481746816,128.32337144147093,125.21604270539582,127.5311508178711,19786860,2.181818,0.0
2010-06-11 00:00:00+05:30,129.98469945988177,130.75383732530912,127.95416155260935,130.13851928710938,20875123,0.0,0.0
2010-06-14 00:00:00+05:30,131.52298934740867,132.1383074518391,129.73858879116003,131.31532287597656,15172569,0.0,0.0
2010-06-15 00:00:00+05:30,131.3153478459788,133.03822079232313,129.10791970748667,132.3075408935547,14494936,0.0,0.0
2010-06-16 00:00:00+05:30,133.6765637021953,135.35328366648983,132.29980207151934,134.8687286376953,20689289,0.0,0.0
2010-06-17 00:00:00+05:30,135.0610645483636,137.1992705080821,130.13855752567633,135.96095275878906,64208595,0.0,0.0
2010-06-18 00:00:00+05:30,134.76875909560806,136.1378266761042,132.91513642674386,133.7227325439453,17517863,0.0,0.0
2010-06-21 00:00:00+05:30,135.19948079853998,139.98352957743103,134.69184305059204,138.41448974609375,28587960,0.0,0.0
2010-06-22 00:00:00+05:30,137.98377021935033,139.3374493823821,136.66084211505898,137.15309143066406,18128176,0.0,0.0
2010-06-23 00:00:00+05:30,136.30702864809294,139.16823245853146,135.6071129062214,138.50677490234375,17704599,0.0,0.0
2010-06-24 00:00:00+05:30,138.1683717474633,138.75291298892074,135.08411274317092,136.24551391601562,19182339,0.0,0.0
2010-06-25 00:00:00+05:30,135.36870129129565,135.6686596895904,130.99229083199188,131.7614288330078,20190291,0.0,0.0
2010-06-28 00:00:00+05:30,131.06151820902764,134.13038902481327,131.06151820902764,133.85350036621094,13951817,0.0,0.0
2010-06-29 00:00:00+05:30,133.85347203295254,133.85347203295254,129.46938101680252,130.49232482910156,18167385,0.0,0.0
2010-06-30 00:00:00+05:30,128.6156698682463,132.96130396053022,128.33108696686816,132.5536651611328,22055880,0.0,0.0
2010-07-01 00:00:00+05:30,131.43837249834058,131.83062272512754,128.68484923374777,129.4385986328125,18383568,0.0,0.0
2010-07-02 00:00:00+05:30,129.60012368776947,130.4077196948252,128.16951545659015,129.22323608398438,17940307,0.0,0.0
2010-07-05 00:00:00+05:30,128.90790393356565,130.09238767870673,128.29259876783541,129.307861328125,8028047,0.0,0.0
2010-07-06 00:00:00+05:30,129.13864236572203,132.5536231912215,128.97711541350674,132.10751342773438,12755105,0.0,0.0
2010-07-07 00:00:00+05:30,131.83061002604856,131.9998311778863,129.86930744199327,130.1692657470703,11463655,0.0,0.0
2010-07-08 00:00:00+05:30,131.98447744215903,133.18433679744282,131.53068630147362,132.64593505859375,9200433,0.0,0.0
2010-07-09 00:00:00+05:30,133.29200741830778,135.21485218850069,133.2150910455473,134.7379913330078,17697773,0.0,0.0
2010-07-12 00:00:00+05:30,136.1224620460199,137.67611355902065,134.7610756662017,137.43768310546875,22222106,0.0,0.0
2010-07-13 00:00:00+05:30,132.33059565438168,138.59908719679495,132.33059565438168,138.36065673828125,13894930,0.0,0.0
2010-07-14 00:00:00+05:30,138.90672617257906,140.668056778354,136.31471686627054,137.0992431640625,14287663,0.0,0.0
2010-07-15 00:00:00+05:30,136.76082904790366,138.57600647852124,135.10717859009566,135.6532745361328,15469250,0.0,0.0
2010-07-16 00:00:00+05:30,136.2916333560858,139.21436467588902,136.2916333560858,138.8144073486328,16519811,0.0,0.0
2010-07-19 00:00:00+05:30,137.69149814458734,139.11441242553434,136.44548637127795,138.45294189453125,17190327,0.0,0.0
2010-07-20 00:00:00+05:30,138.45293421806244,139.38359911396228,135.830173628301,136.4224090576172,8007180,0.0,0.0
2010-07-21 00:00:00+05:30,137.52225416821764,139.19897399084164,137.00692230896675,138.8451690673828,16133474,0.0,0.0
2010-07-22 00:00:00+05:30,138.29143284179165,139.98354160060086,136.32243543659771,139.7835693359375,15511622,0.0,0.0
2010-07-23 00:00:00+05:30,140.7526736476939,141.64488040036466,139.2759256562308,140.4219512939453,26262956,0.0,0.0
2010-07-26 00:00:00+05:30,141.33718584529106,142.50626797587495,140.16809080494625,141.01414489746094,11298100,0.0,0.0
2010-07-27 00:00:00+05:30,140.79882482447795,142.67553022169943,138.1760512182545,142.1678924560547,22837809,0.0,0.0
2010-07-28 00:00:00+05:30,142.29095453927195,142.36785800368088,138.82982097960075,139.80662536621094,11353760,0.0,0.0
2010-07-29 00:00:00+05:30,138.75290471731967,143.3677451640147,138.4913916268735,142.860107421875,27850388,0.0,0.0
2010-07-30 00:00:00+05:30,142.5985952082746,143.2908166984496,138.4452404476986,139.19898986816406,13123495,0.0,0.0
2010-08-02 00:00:00+05:30,140.2911638291605,144.89062819824704,140.13734400880207,144.5291290283203,35178759,0.0,0.0
2010-08-03 00:00:00+05:30,145.27521847783962,148.59790782288917,145.05985778790452,147.9825897216797,36030291,0.0,0.0
2010-08-04 00:00:00+05:30,148.14411759391194,149.6746992719965,147.22114689137334,149.09783935546875,24579956,0.0,0.0
2010-08-05 00:00:00+05:30,149.674717786591,149.674717786591,146.54431897622845,146.96734619140625,16833531,0.0,0.0
2010-08-06 00:00:00+05:30,146.90579554002386,148.1364188021717,144.99063203685438,146.1058807373047,19349913,0.0,0.0
2010-08-09 00:00:00+05:30,145.98279785001344,151.05912270809685,145.98279785001344,150.766845703125,26036059,0.0,0.0
2010-08-10 00:00:00+05:30,150.31310675724274,153.0589365645583,148.69791427173547,152.12059020996094,32136478,0.0,0.0
2010-08-11 00:00:00+05:30,150.7668381086017,153.67419375639474,148.0902315298772,149.4977569580078,24126129,0.0,0.0
2010-08-12 00:00:00+05:30,148.29023649308198,151.9821191358059,147.21344599546345,148.18255615234375,27957517,0.0,0.0
2010-08-13 00:00:00+05:30,149.1978339897668,151.48987223922282,148.18255850106706,150.1977081298828,18807717,0.0,0.0
2010-08-16 00:00:00+05:30,150.29002779652376,150.9053330343655,146.61353317075225,147.22885131835938,17307295,0.0,0.0
2010-08-17 00:00:00+05:30,147.29037660239936,149.1824576028042,146.52123861409325,147.5057373046875,17407340,0.0,0.0
2010-08-18 00:00:00+05:30,147.98260017326533,150.29002707856233,146.30587985290293,148.8901824951172,18024050,0.0,0.0
2010-08-19 00:00:00+05:30,149.52855223785159,156.27391671085562,149.52855223785159,155.82781982421875,31322681,0.0,0.0
2010-08-20 00:00:00+05:30,154.6818096555615,155.35865572689517,152.5359097811543,152.90509033203125,13829926,0.0,0.0
2010-08-23 00:00:00+05:30,152.82817727396827,156.39697831753787,151.52063762335126,155.59707641601562,21478556,0.0,0.0
2010-08-24 00:00:00+05:30,154.75102670134115,157.5199388353513,153.5204033894804,154.08956909179688,20445177,0.0,0.0
2010-08-25 00:00:00+05:30,152.7897257335082,154.42030648541876,151.00531222432744,151.4129638671875,21110166,0.0,0.0
2010-08-26 00:00:00+05:30,151.52064708339685,153.0589230461568,150.1515794109781,151.29759216308594,23825681,0.0,0.0
2010-08-27 00:00:00+05:30,152.28975689097004,152.28975689097004,146.63657182707337,147.28265380859375,15228587,0.0,0.0
2010-08-30 00:00:00+05:30,148.73636264127427,150.89763809333118,147.39036468899812,148.8901824951172,9860900,0.0,0.0
2010-08-31 00:00:00+05:30,147.98258284427894,150.982231015019,147.67493026285436,150.39768981933594,16651382,0.0,0.0
2010-09-01 00:00:00+05:30,150.80531905698507,154.24338259103823,150.80531905698507,153.05889892578125,23069332,0.0,0.0
2010-09-02 00:00:00+05:30,154.3202829258102,155.10480920760304,153.13581219428985,154.42796325683594,13626541,0.0,0.0
2010-09-03 00:00:00+05:30,154.44335786575084,155.35863426116367,152.93584608091143,153.98187255859375,10505940,0.0,0.0
2010-09-06 00:00:00+05:30,153.98188977166262,161.21180984564538,153.98188977166262,159.89657592773438,26211993,0.0,0.0
2010-09-07 00:00:00+05:30,159.9811840556648,161.3887098596884,158.92746325755778,159.7658233642578,20394539,0.0,0.0
2010-09-08 00:00:00+05:30,158.4506205565664,160.17349351610622,157.48919147623366,158.07374572753906,14453131,0.0,0.0
2010-09-09 00:00:00+05:30,159.2197503494441,162.1348014131884,158.7659591521045,161.5502471923828,19452207,0.0,0.0
2010-09-13 00:00:00+05:30,162.90391681019005,169.77233758075496,162.30398714111138,168.90321350097656,27495979,0.0,0.0
2010-09-14 00:00:00+05:30,169.5184847706407,171.7874528973132,167.98020917207342,169.23390197753906,21616595,0.0,0.0
2010-09-15 00:00:00+05:30,169.28777773846335,170.73376169756398,168.46479318027764,169.810791015625,18293869,0.0,0.0
2010-09-16 00:00:00+05:30,169.210844518803,172.9027139692779,168.74935922377327,169.75692749023438,24753080,0.0,0.0
2010-09-17 00:00:00+05:30,169.97998278318858,172.59506182473234,169.97998278318858,171.39520263671875,17280802,0.0,0.0
2010-09-20 00:00:00+05:30,171.51825281043378,174.40253904312576,169.97997714747473,173.4795684814453,17251201,0.0,0.0
2010-09-21 00:00:00+05:30,173.51807686518077,174.25645094619446,169.98772054574147,173.38731384277344,26808430,0.0,0.0
2010-09-22 00:00:00+05:30,172.97195017361284,174.8871136581228,171.3644521839653,173.22576904296875,24402427,0.0,0.0
2010-09-23 00:00:00+05:30,172.90270926300232,176.59457861298745,166.18812228614695,169.24929809570312,11279944,0.0,0.0
2010-09-24 00:00:00+05:30,169.2108674740362,172.0566830879819,167.43414820165296,171.3798370361328,16652922,0.0,0.0
2010-09-27 00:00:00+05:30,171.91056621373076,173.95648015679714,170.74916490843867,171.53369140625,16681098,0.0,0.0
2010-09-28 00:00:00+05:30,171.0567813969817,171.5336422076541,168.9031877109251,170.85679626464844,19714788,0.0,0.0
2010-09-29 00:00:00+05:30,171.53367777012303,171.82595485583107,168.5417234809618,169.51083374023438,13729534,0.0,0.0
2010-09-30 00:00:00+05:30,169.2108898332595,172.4412748537976,168.795556829436,171.2029571533203,21504956,0.0,0.0
2010-10-01 00:00:00+05:30,171.83362634671298,175.03324669677565,171.67209938502327,174.62559509277344,17485077,0.0,0.0
2010-10-04 00:00:00+05:30,175.51780079422716,179.9788082978158,175.51780079422716,177.84829711914062,17268410,0.0,0.0
2010-10-05 00:00:00+05:30,176.60224984058974,178.25589984175429,175.63313991040292,176.5484161376953,13780156,0.0,0.0
2010-10-06 00:00:00+05:30,178.59435579304812,178.9327723152591,175.1332225650856,176.771484375,13735144,0.0,0.0
2010-10-07 00:00:00+05:30,176.74844870997626,177.05610132674164,174.11799366258998,174.99481201171875,12894359,0.0,0.0
2010-10-08 00:00:00+05:30,175.51781504740416,175.65625936232368,172.01822316632425,173.2411651611328,15274957,0.0,0.0
2010-10-11 00:00:00+05:30,173.82568959610455,176.27924174881608,172.8488852663732,174.22564697265625,12662463,0.0,0.0
2010-10-12 00:00:00+05:30,174.74866854041883,176.08697212563064,173.73340597745886,175.16400146484375,13894050,0.0,0.0
2010-10-13 00:00:00+05:30,175.16399043722353,179.17890094009624,174.77942150440057,178.2405548095703,23386759,0.0,0.0
2010-10-14 00:00:00+05:30,179.20198578711498,179.85574910797686,172.94117663191636,175.3178253173828,15209738,0.0,0.0
2010-10-15 00:00:00+05:30,175.51780921823607,175.82546180675476,171.99514770491646,173.00271606445312,12092877,0.0,0.0
2010-10-18 00:00:00+05:30,172.28745412775086,172.90275940965623,168.2956123770219,171.69520568847656,31960313,0.0,0.0
2010-10-19 00:00:00+05:30,173.0565454224904,177.57909353442835,171.28752062293893,172.2181854248047,21956495,0.0,0.0
2010-10-20 00:00:00+05:30,171.36444849691136,173.5257365849509,170.40301966568018,171.34906005859375,12450344,0.0,0.0
2010-10-21 00:00:00+05:30,172.44123217437584,174.11027090710675,169.68770878570606,173.76416015625,20931966,0.0,0.0
2010-10-22 00:00:00+05:30,174.5948303318922,175.21014838975591,171.8413068742469,174.1102752685547,11809754,0.0,0.0
2010-10-25 00:00:00+05:30,175.05630291962194,178.1174787287413,174.59481763721934,175.68699645996094,13466711,0.0,0.0
2010-10-26 00:00:00+05:30,175.67164816484464,175.8254680096485,173.3642213951411,174.0026092529297,12090254,0.0,0.0
2010-10-27 00:00:00+05:30,173.41804514703875,173.71800348716127,167.45720743052868,170.24917602539062,19789264,0.0,0.0
2010-10-28 00:00:00+05:30,171.44138373920578,171.99516102337404,165.8343500077068,167.52645874023438,50115582,0.0,0.0
2010-10-29 00:00:00+05:30,168.94935853520232,181.05563265967353,165.21133608306297,178.90203857421875,53175655,0.0,0.0
2010-11-01 00:00:00+05:30,182.47853041044854,191.36210036627435,182.44007222403786,189.5161590576172,52388754,0.0,0.0
2010-11-02 00:00:00+05:30,188.90082105642253,191.7774130559348,186.01654774824954,189.41615295410156,25181574,0.0,0.0
2010-11-03 00:00:00+05:30,191.5159279440883,193.0234398552247,189.66999947057425,190.53912353515625,17747581,0.0,0.0
2010-11-04 00:00:00+05:30,192.11586390307616,195.44624755783667,190.90062901671718,194.75401306152344,16242809,0.0,0.0
2010-11-08 00:00:00+05:30,195.82310126075464,196.59223914303936,191.35439957867453,193.100341796875,29505399,0.0,0.0
2010-11-09 00:00:00+05:30,192.43889890954105,196.56149014959956,192.0004833119711,195.2308807373047,19700472,0.0,0.0
2010-11-10 00:00:00+05:30,193.82333483327795,194.5770842568096,192.077379753521,193.0849609375,12210517,0.0,0.0
2010-11-11 00:00:00+05:30,193.51570122827619,194.57711629882627,189.53156696834844,190.3007049560547,12496528,0.0,0.0
2010-11-12 00:00:00+05:30,189.66999108986613,189.96225523181866,183.64761211144116,184.6628875732422,15188365,0.0,0.0
2010-11-15 00:00:00+05:30,184.6628667015678,190.26989921653293,184.1859929916264,188.16244506835938,23387001,0.0,0.0
2010-11-16 00:00:00+05:30,189.51618304124548,190.8237228153886,183.6091907616238,184.94749450683594,21744272,0.0,0.0
2010-11-18 00:00:00+05:30,185.6704595399273,185.73968169460815,175.1793914472765,179.1173858642578,39112364,0.0,0.0
2010-11-19 00:00:00+05:30,179.50196185060952,179.97882273268402,175.4485927139182,176.70228576660156,17577142,0.0,0.0
2010-11-22 00:00:00+05:30,177.34835784571356,183.5399322026187,176.15619279796007,181.52479553222656,17846708,0.0,0.0
2010-11-23 00:00:00+05:30,180.2864955883459,180.8095088999172,173.51806068850877,177.97137451171875,20635851,0.0,0.0
2010-11-24 00:00:00+05:30,178.44051680640308,180.7325547440477,171.40288895665637,173.07191467285156,27031867,0.0,0.0
2010-11-25 00:00:00+05:30,174.7486933586866,178.03292485336914,169.6108389696491,171.71058654785156,41819998,0.0,0.0
2010-11-26 00:00:00+05:30,173.67188235655763,177.30222451519276,167.8648763287048,172.9258270263672,30729622,0.0,0.0
2010-11-29 00:00:00+05:30,174.7486692137136,178.94048248032115,174.34101759724285,177.563720703125,20550194,0.0,0.0
2010-11-30 00:00:00+05:30,176.91761957644704,177.93289494359033,173.46418063179732,175.68699645996094,32235126,0.0,0.0
2010-12-01 00:00:00+05:30,176.9022767621905,181.20946492126302,176.1023619062315,179.58657836914062,23061665,0.0,0.0
2010-12-02 00:00:00+05:30,181.82477392220446,184.90133880124637,181.51712130722981,183.2322998046875,21933323,0.0,0.0
2010-12-03 00:00:00+05:30,182.44005852480913,183.1630439735612,179.5173269454093,181.74014282226562,14783175,0.0,0.0
2010-12-06 00:00:00+05:30,182.97847172459893,183.8553029343696,175.8562320684856,177.0868682861328,21383741,0.0,0.0
2010-12-07 00:00:00+05:30,176.70229319843452,176.70229319843452,169.21087271659363,170.82606506347656,34666654,0.0,0.0
2010-12-08 00:00:00+05:30,169.97998721022668,171.28752676505272,166.94188097724154,169.8876953125,23239832,0.0,0.0
2010-12-09 00:00:00+05:30,169.83386308471262,172.3951086985525,160.7657089306617,162.79623413085938,46268178,0.0,0.0
2010-12-10 00:00:00+05:30,162.596266911164,173.05657165023948,160.15039578591148,171.84132385253906,37551387,0.0,0.0
2010-12-13 00:00:00+05:30,173.2103830796092,173.29499367385827,167.08033648942688,172.3489532470703,20001096,0.0,0.0
2010-12-14 00:00:00+05:30,173.04117612482753,174.2871878409737,169.72618104110708,172.21051025390625,15565874,0.0,0.0
2010-12-15 00:00:00+05:30,169.51854685996756,170.5491980851886,164.7652611260437,165.93435668945312,26295830,0.0,0.0
2010-12-16 00:00:00+05:30,166.74962347698548,171.07988135968387,164.3037523338144,170.0953826904297,22559251,0.0,0.0
2010-12-20 00:00:00+05:30,169.1646897565733,172.1181852757528,167.37259522258455,169.21853637695312,17667639,0.0,0.0
2010-12-21 00:00:00+05:30,169.62616153355464,175.82542910649596,169.51848121113503,175.11013793945312,22757977,0.0,0.0
2010-12-22 00:00:00+05:30,176.13314212655214,176.13314212655214,172.3028147926296,174.09490966796875,14806913,0.0,0.0
2010-12-23 00:00:00+05:30,175.21017095039454,175.36399080234418,172.7181473413934,173.77188110351562,10596553,0.0,0.0
2010-12-24 00:00:00+05:30,171.82595088415178,173.50267115863548,171.05681290668653,172.0028533935547,11189920,0.0,0.0
2010-12-27 00:00:00+05:30,172.01821614476714,174.7486699626707,172.01821614476714,173.1411590576172,8825591,0.0,0.0
2010-12-28 00:00:00+05:30,173.2103856506698,173.2103856506698,170.54916682897223,171.03372192382812,8497280,0.0,0.0
2010-12-29 00:00:00+05:30,171.51825772408125,174.13333675383828,170.61067557332552,173.74107360839844,12598855,0.0,0.0
2010-12-30 00:00:00+05:30,172.76428925261646,175.91777030777038,172.76428925261646,174.87942504882812,20579317,0.0,0.0
2010-12-31 00:00:00+05:30,174.84863800168898,176.62535699989988,174.59481915769277,176.1484832763672,10779400,0.0,0.0
2011-01-03 00:00:00+05:30,177.51757216207054,178.19441819130998,175.2024641412517,176.11004638671875,7588053,0.0,0.0
2011-01-04 00:00:00+05:30,176.24082634430542,176.77921520388804,168.9186010104675,169.83387756347656,22965195,0.0,0.0
2011-01-05 00:00:00+05:30,168.78013791292048,169.05702653214107,163.82688091513933,164.49603271484375,29191800,0.0,0.0
2011-01-06 00:00:00+05:30,165.24977598896206,165.8958580160425,161.09642103719028,162.05015563964844,26233795,0.0,0.0
2011-01-07 00:00:00+05:30,160.7503259908145,165.81126363506814,160.13500787014317,161.3964080810547,33983851,0.0,0.0
2011-01-10 00:00:00+05:30,160.63494232343186,162.8808410723866,154.61257610478867,155.9816436767578,35807255,0.0,0.0
2011-01-11 00:00:00+05:30,156.28928928192633,160.38881050503755,154.25106999895144,157.3583984375,34005752,0.0,0.0
2011-01-12 00:00:00+05:30,158.56596355841364,165.24978755265266,157.5737707008821,164.51141357421875,37752814,0.0,0.0
2011-01-13 00:00:00+05:30,164.28837299177374,164.28837299177374,156.2893021250433,157.8275909423828,28324004,0.0,0.0
2011-01-14 00:00:00+05:30,158.44290695195377,162.10402606657274,154.5972040108623,155.2432861328125,24588250,0.0,0.0
2011-01-17 00:00:00+05:30,155.38172095921075,156.8892329085096,152.75126604023728,154.0049591064453,18208866,0.0,0.0
2011-01-18 00:00:00+05:30,155.36632874735974,157.51992254787677,153.84342852209767,155.58937072753906,19144675,0.0,0.0
2011-01-19 00:00:00+05:30,156.27391914691634,159.21203941649932,156.27391914691634,157.40455627441406,18071174,0.0,0.0
2011-01-20 00:00:00+05:30,156.70465645256138,164.05763272918065,154.8202567451182,161.6040802001953,19835882,0.0,0.0
2011-01-21 00:00:00+05:30,160.46573853500996,164.4575797106937,159.127434893424,163.91148376464844,23706760,0.0,0.0
2011-01-24 00:00:00+05:30,163.8268640411926,167.96483028408372,163.0577132884231,166.7342071533203,47351716,0.0,0.0
2011-01-25 00:00:00+05:30,167.36493888385544,167.82642427689603,158.90439486105458,159.6581573486328,38448415,0.0,0.0
2011-01-27 00:00:00+05:30,161.05797116651928,161.51945650829285,154.82793841722247,156.03549194335938,33297764,0.0,0.0
2011-01-28 00:00:00+05:30,156.59696131682674,158.4736666269967,152.78971698038515,156.6661834716797,26788206,0.0,0.0
2011-01-31 00:00:00+05:30,153.65884398009524,158.4428927958358,152.52820682258218,157.15074157714844,21694667,0.0,0.0
2011-02-01 00:00:00+05:30,156.7661904023579,156.90463473044,152.28979367158286,153.02816772460938,25132965,0.0,0.0
2011-02-02 00:00:00+05:30,156.13545747102387,157.49683065832662,154.1587662726033,155.58168029785156,17083781,0.0,0.0
2011-02-03 00:00:00+05:30,155.36633326144863,159.6273685825608,154.32798806094942,157.9813995361328,16068459,0.0,0.0
2011-02-04 00:00:00+05:30,156.9046076654185,159.1735760661287,152.32053136910667,153.21273803710938,19283671,0.0,0.0
2011-02-07 00:00:00+05:30,151.520663655904,153.05893978691225,149.88238847398108,150.55923461914062,18498540,0.0,0.0
2011-02-08 00:00:00+05:30,151.65906813235674,151.6744436601566,145.6443837049668,146.3750762939453,38561842,0.0,0.0
2011-02-09 00:00:00+05:30,146.29049587801194,151.659099410721,144.56762309402498,147.22116088867188,36993066,0.0,0.0
2011-02-10 00:00:00+05:30,147.2596227452047,149.94391166859023,146.90581769711426,147.65188598632812,18715125,0.0,0.0
2011-02-11 00:00:00+05:30,147.8518196923336,155.05865597478913,147.8518196923336,153.9126434326172,22211942,0.0,0.0
2011-02-14 00:00:00+05:30,155.38172693515008,159.72737335473067,155.38172693515008,159.0966796875,19183411,0.0,0.0
2011-02-15 00:00:00+05:30,159.05819894878493,164.00377436412367,159.05819894878493,162.16552734375,26982532,0.0,0.0
2011-02-16 00:00:00+05:30,160.98107926155677,162.9962292146738,160.6349684300563,161.61178588867188,9236227,0.0,0.0
2011-02-17 00:00:00+05:30,161.1887267323468,164.59601355699522,159.38893785538764,162.59625244140625,21857841,0.0,0.0
2011-02-18 00:00:00+05:30,163.36538416348444,165.05749263804074,157.30456020260186,157.85833740234375,35232444,0.0,0.0
2011-02-21 00:00:00+05:30,157.8583590750652,160.25807781642686,154.7664187389896,159.61968994140625,15063350,0.0,0.0
2011-02-22 00:00:00+05:30,157.93523721203474,158.90434720997428,156.15851833612982,157.99676513671875,14653699,0.0,0.0
2011-02-23 00:00:00+05:30,156.75079132818442,158.4121360622362,154.3049330914744,154.76641845703125,14496949,0.0,0.0
2011-02-24 00:00:00+05:30,154.3202890578095,154.44335783091316,145.1675251057457,146.3443145751953,43431096,0.0,0.0
2011-02-25 00:00:00+05:30,149.12087941169665,153.29730321932976,148.62863023227646,151.71287536621094,26761487,0.0,0.0
2011-02-28 00:00:00+05:30,153.48963996817125,154.82024941171858,147.9979809988134,149.34397888183594,36869228,0.0,0.0
2011-03-01 00:00:00+05:30,151.35141657608725,158.44287856765317,150.48997390114374,157.85833740234375,26361698,0.0,0.0
2011-03-03 00:00:00+05:30,155.21250178136776,159.3197173019739,153.22043486490696,156.83538818359375,34432750,0.0,0.0
2011-03-04 00:00:00+05:30,158.442871450864,160.97335273996714,155.58168077420518,156.34312438964844,18568319,0.0,0.0
2011-03-07 00:00:00+05:30,155.0202108728225,155.98163970943565,152.59742259793055,155.389404296875,17101144,0.0,0.0
2011-03-08 00:00:00+05:30,156.13548783324512,157.6045416354227,154.61258740111444,156.99691772460938,15472270,0.0,0.0
2011-03-09 00:00:00+05:30,158.39672230769315,159.98115028016787,157.10455843205506,159.25045776367188,17054807,0.0,0.0
2011-03-10 00:00:00+05:30,158.13526791806154,158.13526791806154,155.0740911606473,156.0662841796875,10533066,0.0,0.0
2011-03-11 00:00:00+05:30,154.90486903119177,157.67376842658362,153.8511481587104,154.8894805908203,14535279,0.0,0.0
2011-03-14 00:00:00+05:30,154.88945387358535,157.1507279931485,154.74331535432609,156.7661590576172,10378098,0.0,0.0
2011-03-15 00:00:00+05:30,152.28979101942775,154.3587745939965,151.63601467285608,153.3050537109375,21340874,0.0,0.0
2011-03-16 00:00:00+05:30,154.135734013279,159.0428392196684,154.135734013279,158.0506591796875,22552920,0.0,0.0
2011-03-17 00:00:00+05:30,156.9046177198357,158.04294910266972,154.47413511173355,155.6509246826172,31400270,0.0,0.0
2011-03-18 00:00:00+05:30,155.9124303498756,157.21227584039536,153.8357526710243,154.22032165527344,11674993,0.0,0.0
2011-03-21 00:00:00+05:30,155.35096143795525,155.80475258870933,153.36657563485682,154.38185119628906,10459223,0.0,0.0
2011-03-22 00:00:00+05:30,155.05098475589844,155.88934479838574,153.4127099466634,154.4664306640625,18005289,0.0,0.0
2011-03-23 00:00:00+05:30,154.08955357181193,160.54264077173568,153.7126788513849,160.11961364746094,28313109,0.0,0.0
2011-03-24 00:00:00+05:30,160.9733810351486,163.81919668482064,160.9733810351486,161.996337890625,16644864,0.0,0.0
2011-03-25 00:00:00+05:30,164.71906479893974,168.74936379344916,162.9269701914225,167.84178161621094,21900758,0.0,0.0
2011-03-28 00:00:00+05:30,165.98046791294462,171.59518225662507,165.8343293900658,169.3339080810547,31802133,0.0,0.0
2011-03-29 00:00:00+05:30,169.21085802399497,170.74913385702624,168.13405461306195,169.13394165039062,19421473,0.0,0.0
2011-03-30 00:00:00+05:30,169.97996325163666,171.58747383958234,169.29543605968013,170.61065673828125,14285155,0.0,0.0
2011-03-31 00:00:00+05:30,171.08756044162706,173.51804293001845,168.84166175506508,171.70286560058594,39723216,0.0,0.0
2011-04-01 00:00:00+05:30,171.48748933718304,172.1335713141611,168.4417019666349,169.6569366455078,17402236,0.0,0.0
2011-04-04 00:00:00+05:30,170.0184376730923,173.35650210440215,170.0184376730923,172.16433715820312,16912005,0.0,0.0
2011-04-05 00:00:00+05:30,173.01812989573264,173.50268505297254,169.84157869202056,170.9414520263672,14686804,0.0,0.0
2011-04-06 00:00:00+05:30,170.5645257164674,172.21048165575198,168.59551589023127,169.28775024414062,17832133,0.0,0.0
2011-04-07 00:00:00+05:30,169.2108514707338,171.42597323202574,168.2417284384266,169.82615661621094,15195235,0.0,0.0
2011-04-08 00:00:00+05:30,169.90307542829407,172.11819722141666,167.8802445644984,168.9493408203125,18281763,0.0,0.0
2011-04-11 00:00:00+05:30,166.90347297857443,170.5030517187206,166.90347297857443,169.30319213867188,17869494,0.0,0.0
2011-04-13 00:00:00+05:30,168.25712086346257,173.82569581982415,167.0880255676371,173.3411407470703,27268070,0.0,0.0
2011-04-15 00:00:00+05:30,172.27973903360393,175.21016526274084,168.94167407282674,169.47238159179688,32808215,0.0,0.0
2011-04-18 00:00:00+05:30,169.5338805613215,171.879752241877,166.37270573727162,166.7649688720703,32784537,0.0,0.0
2011-04-19 00:00:00+05:30,166.7496153394344,168.2109748322706,164.90367396978422,167.68026733398438,19193520,0.0,0.0
2011-04-20 00:00:00+05:30,169.780032043917,171.34907192157658,168.44172838865035,171.1106414794922,13743636,0.0,0.0
2011-04-21 00:00:00+05:30,172.54896634257688,172.89507720141668,170.979926145914,172.0567169189453,13116108,0.0,0.0
2011-04-25 00:00:00+05:30,171.4413363234214,173.26419465283473,170.61065771714593,171.15675354003906,15140691,0.0,0.0
2011-04-26 00:00:00+05:30,172.05667640902018,173.11809139940195,168.92627806422044,172.51046752929688,22127270,0.0,0.0
2011-04-27 00:00:00+05:30,173.51034486899843,173.5949554586196,169.51850400428128,170.2645721435547,24888902,0.0,0.0
2011-04-28 00:00:00+05:30,171.97978128226865,173.51037602092117,166.9034548279204,171.9028778076172,63212490,0.0,0.0
2011-04-29 00:00:00+05:30,171.67210046867984,173.51804175255774,169.68771487948746,171.4336700439453,26534112,0.0,0.0
2011-05-02 00:00:00+05:30,171.33368379514826,172.02590532119794,168.34941119448158,168.9493408203125,12139336,0.0,0.0
2011-05-03 00:00:00+05:30,168.59555095185385,170.4337981800011,162.50396224724736,164.25759887695312,34744754,0.0,0.0
2011-05-04 00:00:00+05:30,163.0192995999167,164.9036863894055,160.41191431928252,162.69625854492188,23253048,0.0,0.0
2011-05-05 00:00:00+05:30,162.59625428396294,164.1806825020001,157.05844328516153,158.44288635253906,26183866,0.0,0.0
2011-05-06 00:00:00+05:30,158.90439715704545,167.4726216590159,158.83517499257746,166.7188720703125,31367308,0.0,0.0
2011-05-09 00:00:00+05:30,168.19561150817287,168.19561150817287,164.01917337469354,166.59579467773438,11077110,0.0,0.0
2011-05-10 00:00:00+05:30,166.2881328898853,166.90343808396347,164.01916432603142,165.5497589111328,11888525,0.0,0.0
2011-05-11 00:00:00+05:30,165.82666599945782,166.39583175868722,163.21158635910078,165.62669372558594,11803324,0.0,0.0
2011-05-12 00:00:00+05:30,164.5960340756041,165.97279598956078,161.51946919210505,161.85020446777344,12828887,0.0,0.0
2011-05-13 00:00:00+05:30,162.2886395403099,168.65713128069,160.7965156666957,165.06524658203125,23128644,0.0,0.0
2011-05-16 00:00:00+05:30,163.59616733876294,164.1038051908095,162.28862742296943,162.71165466308594,10263132,0.0,0.0
2011-05-17 00:00:00+05:30,162.7500757650554,163.48075549242245,157.36609745697146,159.94271850585938,19981456,0.0,0.0
2011-05-18 00:00:00+05:30,160.75030431102132,161.78863655555188,157.68143416091473,158.78900146484375,17008519,0.0,0.0
2011-05-19 00:00:00+05:30,160.59645708994384,160.59645708994384,157.48144772753218,158.458251953125,9594981,0.0,0.0
2011-05-20 00:00:00+05:30,159.673519614882,162.15015467284474,157.67375835101066,160.4734344482422,14523778,0.0,0.0
2011-05-23 00:00:00+05:30,159.50432152298367,159.50432152298367,154.28955088234613,154.8894805908203,20182530,0.0,0.0
2011-05-24 00:00:00+05:30,155.0740753979802,158.58904300260187,155.0740753979802,156.72003173828125,14121596,0.0,0.0
2011-05-25 00:00:00+05:30,157.0584412123216,157.0584412123216,154.35105722792895,155.17404174804688,22213400,0.0,0.0
2011-05-26 00:00:00+05:30,156.68925354610687,158.75055557676228,155.96626802833399,157.8660430908203,24824552,0.0,0.0
2011-05-27 00:00:00+05:30,158.48137329382894,165.1652110553073,158.4736919829883,164.31146240234375,21147302,0.0,0.0
2011-05-30 00:00:00+05:30,164.90366881032594,166.64962400128323,164.61139175699768,165.78048706054688,12552633,0.0,0.0
2011-05-31 00:00:00+05:30,166.25735679871903,168.4109506404951,165.07287308537227,167.07264709472656,12853775,0.0,0.0
2011-06-01 00:00:00+05:30,166.71884024339172,167.44182572206415,164.44987187045544,166.85728454589844,14988578,0.0,0.0
2011-06-02 00:00:00+05:30,165.45476530647707,165.5015211904163,162.44706065157644,163.46002197265625,16240906,2.545455,0.0
2011-06-03 00:00:00+05:30,164.41060872158337,166.4365310059758,162.24444496727708,163.22622680664062,12010872,0.0,0.0
2011-06-06 00:00:00+05:30,162.07299638417527,165.81313883282303,161.3717106835408,164.88589477539062,8044250,0.0,0.0
2011-06-07 00:00:00+05:30,163.67815872871233,165.7741950675786,163.63919768136273,164.58981323242188,7526590,0.0,0.0
2011-06-08 00:00:00+05:30,163.65475814667172,165.563796964656,162.07299732564042,163.48333740234375,7484163,0.0,0.0
2011-06-09 00:00:00+05:30,162.85219794664894,164.70668613956204,162.4626005759284,163.31971740722656,11750871,0.0,0.0
2011-06-10 00:00:00+05:30,163.63141198437722,163.63141198437722,159.984767608979,161.43408203125,11831715,0.0,0.0
2011-06-13 00:00:00+05:30,160.5458053570472,163.00806793063225,160.19515589718225,162.0106964111328,10309585,0.0,0.0
2011-06-14 00:00:00+05:30,162.228867390479,164.79243666104082,162.228867390479,164.496337890625,13611840,0.0,0.0
2011-06-15 00:00:00+05:30,163.78726891022762,164.2236222359411,160.07829179879792,160.69384765625,10068916,0.0,0.0
2011-06-16 00:00:00+05:30,158.95620179883664,162.6807676146945,158.66010310624497,160.2808380126953,17063546,0.0,0.0
2011-06-17 00:00:00+05:30,162.05741070385216,162.05741070385216,159.58735373881512,160.85745239257812,8868018,0.0,0.0
2011-06-20 00:00:00+05:30,160.65487215856592,162.35352942991238,157.39783831815015,159.71205139160156,17278728,0.0,0.0
2011-06-21 00:00:00+05:30,160.00036088868237,161.76133758993993,156.3692930036086,158.0211944580078,25492472,0.0,0.0
2011-06-22 00:00:00+05:30,159.6341273840827,160.10944171392404,157.39783643547514,158.78480529785156,15268286,0.0,0.0
2011-06-23 00:00:00+05:30,158.3328590429658,161.44185648884778,158.07573443771653,160.54579162597656,16378895,0.0,0.0
2011-06-24 00:00:00+05:30,161.3094294572921,166.5768098551391,161.29385288217003,165.8287811279297,30416006,0.0,0.0
2011-06-27 00:00:00+05:30,164.31707208156763,169.0467907442118,163.1950228744184,168.2130584716797,31891365,0.0,0.0
2011-06-28 00:00:00+05:30,168.30660166112736,170.17667980839224,167.2702690855887,168.8208770751953,18590737,0.0,0.0
2011-06-29 00:00:00+05:30,169.84941597995808,170.59744462823818,168.85204444891795,169.4364471435547,23534104,0.0,0.0
2011-06-30 00:00:00+05:30,170.0208171499671,171.34545351408178,167.83906390781144,170.58963012695312,30256534,0.0,0.0
2011-07-01 00:00:00+05:30,173.19215457992058,173.19215457992058,169.56889475212506,170.6208038330078,15351198,0.0,0.0
2011-07-04 00:00:00+05:30,172.98176528881484,173.2622743649288,170.68314198256664,171.38441467285156,9907144,0.0,0.0
2011-07-05 00:00:00+05:30,171.71167675651415,171.71167675651415,169.5610897707643,171.0026092529297,11382959,0.0,0.0
2011-07-06 00:00:00+05:30,170.22340480212105,171.42336311248258,166.9975245069286,167.59750366210938,13279783,0.0,0.0
2011-07-07 00:00:00+05:30,168.21311192813775,170.51953043095898,165.68072193158105,169.8416290283203,21552668,0.0,0.0
2011-07-08 00:00:00+05:30,170.04420914166167,170.62080389069257,164.68333100438144,165.22097778320312,22574838,0.0,0.0
2011-07-11 00:00:00+05:30,165.1898019555538,165.1898019555538,163.07818892319787,164.25477600097656,11887007,0.0,0.0
2011-07-12 00:00:00+05:30,162.38470250832927,166.03914181901115,161.62108422475535,163.10935974121094,14191237,0.0,0.0
2011-07-13 00:00:00+05:30,163.63141228602524,165.23655783078095,163.06259927193335,164.25477600097656,7449898,0.0,0.0
2011-07-14 00:00:00+05:30,163.61583901363483,168.92996149562794,163.03923116227983,166.60015869140625,13062016,0.0,0.0
2011-07-15 00:00:00+05:30,165.96902383079518,167.37156941993146,164.80021840175814,165.29112243652344,8569632,0.0,0.0
2011-07-18 00:00:00+05:30,164.72229147437983,165.11188888219914,162.36910429801577,163.2574005126953,8912761,0.0,0.0
2011-07-19 00:00:00+05:30,163.00027941886188,166.73262793563254,162.24445592402628,165.4703369140625,9965032,0.0,0.0
2011-07-20 00:00:00+05:30,166.12485498510304,166.59237454106452,162.43146749514526,162.90676879882812,9530686,0.0,0.0
2011-07-21 00:00:00+05:30,162.38471078786338,164.27816040235265,161.6444769441025,162.22886657714844,7679364,0.0,0.0
2011-07-22 00:00:00+05:30,163.31974633481582,166.74821426726697,163.0781982763272,166.44432067871094,14966286,0.0,0.0
2011-07-25 00:00:00+05:30,166.42097023350632,168.92998904726113,164.6444035920888,167.50405883789062,11831814,0.0,0.0
2011-07-26 00:00:00+05:30,167.67543707906762,168.25983970318546,160.94316697835163,162.0028839111328,23305628,0.0,0.0
2011-07-27 00:00:00+05:30,162.29896567932994,163.03921247314315,158.74583338328753,159.71983337402344,14696011,0.0,0.0
2011-07-28 00:00:00+05:30,157.7251054339108,161.3717367359647,157.3978404645885,158.558837890625,21029090,0.0,0.0
2011-07-29 00:00:00+05:30,157.5536731399586,163.7872580341891,156.4004705281649,161.56654357910156,35954077,0.0,0.0
2011-08-01 00:00:00+05:30,164.06777940172663,165.14307307258125,161.8704361808509,162.90676879882812,11485974,0.0,0.0
2011-08-02 00:00:00+05:30,162.05744663146973,162.28341812246273,158.66014483312327,159.22117614746094,16090563,0.0,0.0
2011-08-03 00:00:00+05:30,157.77965293494958,157.77965293494958,154.3355953336495,156.14334106445312,21226898,0.0,0.0
2011-08-04 00:00:00+05:30,157.1640618972966,158.17702295013132,154.2810360035065,154.7719268798828,14940392,0.0,0.0
2011-08-05 00:00:00+05:30,151.16423120023265,152.67587782816122,148.04743928763776,150.61878967285156,25544739,0.0,0.0
2011-08-08 00:00:00+05:30,146.49688151999274,151.9434641028517,145.46054889674735,148.187744140625,18978404,0.0,0.0
2011-08-09 00:00:00+05:30,142.59304780439166,150.7902071617043,141.88398043488186,146.5124053955078,29403467,0.0,0.0
2011-08-10 00:00:00+05:30,150.22142564680075,151.35125677965357,149.24742562414775,150.18246459960938,18588124,0.0,0.0
2011-08-11 00:00:00+05:30,149.37207760064214,151.14086190740105,146.48905190764782,146.88644409179688,21163912,0.0,0.0
2011-08-12 00:00:00+05:30,149.49677635884282,150.3850595087821,145.25015277680498,146.4812774658203,26148012,0.0,0.0
2011-08-16 00:00:00+05:30,149.93312873178667,150.49414691178148,145.34365056013752,145.80337524414062,16205882,0.0,0.0
2011-08-17 00:00:00+05:30,145.39819273537864,146.80073810313348,141.2918239650358,141.78271484375,32595326,0.0,0.0
2011-08-18 00:00:00+05:30,142.59310884946936,142.59310884946936,134.22453826334404,134.6141357421875,43620357,0.0,0.0
2011-08-19 00:00:00+05:30,131.68433097734243,133.00117258690221,128.31040090310663,129.68179321289062,47374162,0.0,0.0
2011-08-22 00:00:00+05:30,130.12595556846998,133.6401409260213,128.63769287735508,132.619384765625,20057889,0.0,0.0
2011-08-23 00:00:00+05:30,133.55442282291662,134.5362179174546,129.61169202625098,132.79859924316406,25564489,0.0,0.0
2011-08-24 00:00:00+05:30,131.68433915446795,133.8582978229962,129.95451554802227,131.24798583984375,16749628,0.0,0.0
2011-08-25 00:00:00+05:30,132.44793987814066,133.08688017632542,128.9571396368401,129.94671630859375,31804679,0.0,0.0
2011-08-26 00:00:00+05:30,129.74412180912495,130.40643346773422,126.83771133228288,127.82730102539062,19450365,0.0,0.0
2011-08-29 00:00:00+05:30,130.12592617609215,134.59852114493032,130.12592617609215,133.71803283691406,16352996,0.0,0.0
2011-08-30 00:00:00+05:30,135.58032448694115,138.19841817668225,134.02192168454894,136.0867919921875,19674077,0.0,0.0
2011-09-02 00:00:00+05:30,138.93089219062432,140.20877301234455,136.53875652418208,138.25299072265625,38295103,0.0,0.0
2011-09-05 00:00:00+05:30,136.6712000666414,138.5724444980969,134.86346739258528,137.6374053955078,18440438,0.0,0.0
2011-09-06 00:00:00+05:30,136.35951625187926,139.67110087907926,133.28947967224408,138.58023071289062,28641646,0.0,0.0
2011-09-07 00:00:00+05:30,139.320472123139,141.27625416631994,138.7126980188555,139.842529296875,18460090,0.0,0.0
2011-09-08 00:00:00+05:30,140.55159605239137,144.61900432285603,137.76206843482663,143.2086639404297,23734656,0.0,0.0
2011-09-09 00:00:00+05:30,144.26834813798055,144.26834813798055,139.27369628903782,139.75680541992188,17818630,0.0,0.0
2011-09-12 00:00:00+05:30,137.18547555899963,137.76207036324314,132.98559442165063,134.38815307617188,20189950,0.0,0.0
2011-09-13 00:00:00+05:30,135.9699062306967,137.19323600662,131.2168024271272,132.8375244140625,14670975,0.0,0.0
2011-09-14 00:00:00+05:30,133.5310418428931,135.36995390201838,130.91293485713956,134.65309143066406,22201311,0.0,0.0
2011-09-15 00:00:00+05:30,136.35951362684125,137.512716219511,132.60378094831336,136.54652404785156,15777349,0.0,0.0
2011-09-16 00:00:00+05:30,138.85295033882187,139.46851925934328,135.73615776321213,137.74649047851562,34330356,0.0,0.0
2011-09-19 00:00:00+05:30,136.78023693467387,136.78023693467387,133.3985260952854,133.94395446777344,11492277,0.0,0.0
2011-09-20 00:00:00+05:30,134.37256158750685,138.35426600783705,134.03751485052638,137.50494384765625,14962002,0.0,0.0
2011-09-21 00:00:00+05:30,138.21400861140438,141.0035361725638,136.6867851039766,140.4425048828125,17767211,0.0,0.0
2011-09-22 00:00:00+05:30,137.15430933270815,137.6997379106602,133.04792687423358,134.38815307617188,16171727,0.0,0.0
2011-09-23 00:00:00+05:30,132.19860005999425,134.9413717415677,130.64800515468298,131.48953247070312,16569982,0.0,0.0
2011-09-26 00:00:00+05:30,131.52848468715035,136.2893835679044,129.81425086649014,133.71803283691406,22269373,0.0,0.0
2011-09-27 00:00:00+05:30,136.28160724011045,139.84253508259053,136.14914750429978,138.08155822753906,16565763,0.0,0.0
2011-09-28 00:00:00+05:30,138.77501996160487,139.0087862570857,133.64790805494872,135.38551330566406,17561780,0.0,0.0
2011-09-29 00:00:00+05:30,134.35698716209734,139.58539301491717,133.7258416514515,138.8061981201172,25041192,0.0,0.0
2011-09-30 00:00:00+05:30,138.57243160252943,138.57243160252943,134.95695351230654,136.42184448242188,20190109,0.0,0.0
2011-10-03 00:00:00+05:30,134.02190882627986,134.02190882627986,130.28956082595013,130.76486206054688,14760988,0.0,0.0
2011-10-04 00:00:00+05:30,129.9701073709403,131.60641924954487,123.2923870475767,124.81961059570312,32054121,0.0,0.0
2011-10-05 00:00:00+05:30,124.82741143503215,125.29493100552152,118.65615833599954,121.43790435791016,46823914,0.0,0.0
2011-10-07 00:00:00+05:30,127.33639077343565,129.5960660523015,127.0091389122054,128.4818115234375,34183363,0.0,0.0
2011-10-10 00:00:00+05:30,128.55195900037762,132.12068152090168,127.1883744880407,131.318115234375,17562314,0.0,0.0
2011-10-11 00:00:00+05:30,132.7751983445812,134.1777568486724,129.20647617773872,129.736328125,16706844,0.0,0.0
2011-10-12 00:00:00+05:30,130.90512433537728,134.5439869631487,129.93113733315468,133.9751739501953,22795839,0.0,0.0
2011-10-13 00:00:00+05:30,136.43742465034535,138.51008952866727,134.9569441321588,137.11532592773438,32000985,0.0,0.0
2011-10-14 00:00:00+05:30,136.67119046938328,140.25550241808986,135.90757220422554,138.7594451904297,18327496,0.0,0.0
2011-10-17 00:00:00+05:30,139.47630159574518,140.73860566766052,138.24517682807107,140.0762939453125,14377132,0.0,0.0
2011-10-18 00:00:00+05:30,138.38540214684772,138.39319697126126,134.96472977150023,136.59324645996094,14456079,0.0,0.0
2011-10-19 00:00:00+05:30,138.38540877312056,141.48661120308793,138.38540877312056,140.9022216796875,14040647,0.0,0.0
2011-10-20 00:00:00+05:30,137.97243431534025,138.22179025048493,135.6036837171236,136.83480834960938,14801732,0.0,0.0
2011-10-21 00:00:00+05:30,137.1387013616009,137.6529767231332,135.04266502530132,135.666015625,10742424,0.0,0.0
2011-10-24 00:00:00+05:30,137.886755358254,139.86592199622308,134.18557288907297,135.33877563476562,17946791,0.0,0.0
2011-10-25 00:00:00+05:30,136.9828571869028,138.99318968220376,132.8764883550802,136.8893585205078,41863701,0.0,0.0
2011-10-28 00:00:00+05:30,142.07103161263032,145.7098812305112,142.04764713533896,145.45274353027344,37484238,0.0,0.0
2011-10-31 00:00:00+05:30,145.70987301316916,148.61628349524796,143.61383663635468,145.10989379882812,29742339,0.0,0.0
2011-11-01 00:00:00+05:30,143.05282044412783,143.9177322605392,139.08670565760707,139.47630310058594,29988117,0.0,0.0
2011-11-02 00:00:00+05:30,138.02695022814817,140.87101442572447,133.89721102423255,137.91786193847656,24366930,0.0,0.0
2011-11-03 00:00:00+05:30,137.138701904053,138.94643434460858,135.43226295545668,136.83480834960938,26032380,0.0,0.0
2011-11-04 00:00:00+05:30,138.63475803166716,139.00877885308853,137.02181776159821,137.80880737304688,17798830,0.0,0.0
2011-11-08 00:00:00+05:30,137.83997906426575,138.22957647287473,135.68161020528592,137.34129333496094,14542528,0.0,0.0
2011-11-09 00:00:00+05:30,138.19060547488687,138.5957925052372,133.60114074633097,134.35696411132812,30353092,0.0,0.0
2011-11-11 00:00:00+05:30,133.43755061294377,133.554420703468,127.27409198035575,127.94419860839844,45793786,0.0,0.0
2011-11-14 00:00:00+05:30,130.5778953943558,130.81944348095965,126.81436720953917,127.94419860839844,29633483,0.0,0.0
2011-11-15 00:00:00+05:30,127.63249731793182,128.24806618920314,121.983315313668,123.08977508544922,24873563,0.0,0.0
2011-11-16 00:00:00+05:30,122.64562556601825,124.82737862871865,120.55737116141583,122.93392944335938,28535793,0.0,0.0
2011-11-17 00:00:00+05:30,123.19107474793563,124.49233982713152,120.65090319589594,121.27425384521484,23036904,0.0,0.0
2011-11-18 00:00:00+05:30,119.99635798223062,120.50283849449212,116.56789061130975,120.01194763183594,28100193,0.0,0.0
2011-11-21 00:00:00+05:30,118.8898993433301,119.37299538544026,113.12383458753689,114.01213073730469,26758259,0.0,0.0
2011-11-22 00:00:00+05:30,115.32896691783827,117.19123681229568,114.41729941404279,116.17049407958984,38140432,0.0,0.0
2011-11-23 00:00:00+05:30,115.31339783405681,115.32119265995902,110.6460104109062,113.24852752685547,35767616,0.0,0.0
2011-11-24 00:00:00+05:30,113.13941826790776,114.69780770308412,112.04853520043268,113.77835845947266,29724508,0.0,0.0
2011-11-25 00:00:00+05:30,113.03034127938713,114.48743737818153,111.05896981463431,111.92388153076172,27487955,0.0,0.0
2011-11-28 00:00:00+05:30,113.76280258749924,117.46399821279996,113.45892205041277,116.8562240600586,31005744,0.0,0.0
2011-11-29 00:00:00+05:30,116.95749480759524,117.81461170030816,112.61737272436179,114.37834930419922,47558362,0.0,0.0
2011-11-30 00:00:00+05:30,112.82775218226338,114.42510279122118,109.85121451703971,111.02780151367188,175381222,0.0,0.0
2011-12-01 00:00:00+05:30,117.50293978749382,120.93140745726915,117.36268524308055,118.77302551269531,56778700,0.0,0.0
2011-12-02 00:00:00+05:30,119.26390959972154,123.42482905560834,118.1418733085632,122.75472259521484,38640305,0.0,0.0
2011-12-05 00:00:00+05:30,122.48979302393651,123.15989950035922,120.26129695982083,121.48462677001953,25876042,0.0,0.0
2011-12-07 00:00:00+05:30,122.17811362212578,122.47421234213482,119.15483321517128,119.66130065917969,35551543,0.0,0.0
2011-12-08 00:00:00+05:30,118.20420668828044,119.31846124179626,115.17313140313811,115.99128723144531,39494048,0.0,0.0
2011-12-09 00:00:00+05:30,113.9186070609896,115.62504575790345,112.53163844324366,113.94197845458984,41202469,0.0,0.0
2011-12-12 00:00:00+05:30,115.94452879622101,115.94452879622101,109.7265472542611,110.19405364990234,31186853,0.0,0.0
2011-12-13 00:00:00+05:30,109.08760608021872,111.03559962980147,107.55258786939008,110.09276580810547,32788915,0.0,0.0
2011-12-14 00:00:00+05:30,109.08761812793861,111.7368846781031,108.0590738104815,109.77330780029297,45207921,0.0,0.0
2011-12-15 00:00:00+05:30,108.77593295639608,110.00707078532535,107.38116917533753,108.86943817138672,27702009,0.0,0.0
2011-12-16 00:00:00+05:30,108.96294383590029,111.42520642534981,103.6098601707499,105.34746551513672,42420169,0.0,0.0
2011-12-19 00:00:00+05:30,104.72410365377289,104.72410365377289,99.89308390511242,102.41767883300781,34087234,0.0,0.0
2011-12-20 00:00:00+05:30,103.16569813241726,104.56825655623783,101.00732287928886,101.82548522949219,25864234,0.0,0.0
2011-12-21 00:00:00+05:30,105.33188217227345,110.49016710869937,104.66956391867022,109.4538345336914,43980706,0.0,0.0
2011-12-22 00:00:00+05:30,107.529199566852,115.47700411269686,106.53182822115484,113.47447967529297,48452464,0.0,0.0
2011-12-23 00:00:00+05:30,113.51345205872849,114.44849116609551,111.3161219271268,112.47711944580078,30488474,0.0,0.0
2011-12-26 00:00:00+05:30,112.36023413459087,114.49523152389612,112.05634058053745,113.70044708251953,14152754,0.0,0.0
2011-12-27 00:00:00+05:30,113.31084514289473,114.38613861961896,112.41476724562453,113.15501403808594,18044147,0.0,0.0
2011-12-28 00:00:00+05:30,112.3134785735729,112.32906822400484,108.20710971982288,108.67462921142578,20522848,0.0,0.0
2011-12-29 00:00:00+05:30,107.74738462917375,109.24344176498586,105.53446514763094,106.89805603027344,26730649,0.0,0.0
2011-12-30 00:00:00+05:30,107.58376354773344,109.05644944252364,106.0643283147291,106.69548034667969,14003913,0.0,0.0
2012-01-02 00:00:00+05:30,107.5525858522522,109.00968193962797,106.7655962375665,108.54995727539062,14927627,0.0,0.0
2012-01-03 00:00:00+05:30,109.86681884424583,113.60696213994777,109.86681884424583,113.1082763671875,18500311,0.0,0.0
2012-01-04 00:00:00+05:30,114.29264183904579,116.72373789975359,113.82512235978925,115.80427551269531,32952243,0.0,0.0
2012-01-05 00:00:00+05:30,116.10037931394268,117.9392910899461,115.1653403145217,116.58348846435547,23203350,0.0,0.0
2012-01-06 00:00:00+05:30,115.63286152115269,118.90548498886912,113.451108183153,117.1445083618164,22273933,0.0,0.0
2012-01-09 00:00:00+05:30,116.25621883243865,117.65876419661258,113.91862142787294,116.53672790527344,18357806,0.0,0.0
2012-01-10 00:00:00+05:30,116.98868494377703,121.3989482772638,116.88739143042537,120.69766235351562,22240036,0.0,0.0
2012-01-11 00:00:00+05:30,121.25867012716002,123.11315847138859,120.4872570689099,121.57814025878906,27287084,0.0,0.0
2012-01-12 00:00:00+05:30,121.53918074692706,124.172863929464,120.63530796082603,121.77293395996094,27573436,0.0,0.0
2012-01-13 00:00:00+05:30,122.77029762970798,126.18318848923995,121.67942757378718,123.02743530273438,32983258,0.0,0.0
2012-01-16 00:00:00+05:30,121.8664157189299,124.11050094180459,121.1339638797722,123.36247253417969,27942612,0.0,0.0
2012-01-17 00:00:00+05:30,124.67156626426994,125.35726250097629,122.08462553260395,122.41968536376953,23766616,0.0,0.0
2012-01-18 00:00:00+05:30,121.52358462977908,121.8586443984841,118.74964705131008,119.94181060791016,24342285,0.0,0.0
2012-01-19 00:00:00+05:30,121.63267449122687,124.9676433349568,121.63267449122687,124.23519134521484,24162462,0.0,0.0
2012-01-20 00:00:00+05:30,126.85333693021387,132.7129023390927,126.85333693021387,131.28697204589844,53063989,0.0,0.0
2012-01-23 00:00:00+05:30,131.37264947224838,135.8296681734504,131.37264947224838,133.51544189453125,25234418,0.0,0.0
2012-01-24 00:00:00+05:30,134.02193216422623,139.47630970267986,132.00381757563989,138.3932342529297,46604728,0.0,0.0
2012-01-25 00:00:00+05:30,138.97761897268757,139.47630475188998,135.47124194436475,137.14651489257812,31109006,0.0,0.0
2012-01-27 00:00:00+05:30,138.38543459674915,138.77503204457255,134.66866265066034,138.3776397705078,25271570,0.0,0.0
2012-01-30 00:00:00+05:30,136.6711712073844,137.33348280270138,132.1518339372561,132.8063507080078,24137976,0.0,0.0
2012-01-31 00:00:00+05:30,133.9829677314594,141.3230130155116,133.85830282466128,140.59056091308594,56490241,0.0,0.0
2012-02-01 00:00:00+05:30,141.50221214597218,141.8684381545275,136.8270301928165,138.6815185546875,43818566,0.0,0.0
2012-02-02 00:00:00+05:30,140.09966220452216,142.09440523148058,137.0218307364771,140.62171936035156,46734902,0.0,0.0
2012-02-03 00:00:00+05:30,140.87883584063937,143.17747210230078,139.0243476447397,142.79566955566406,27169367,0.0,0.0
2012-02-06 00:00:00+05:30,144.15151444868897,145.9982083627822,143.26321805601748,144.62681579589844,32126297,0.0,0.0
2012-02-07 00:00:00+05:30,146.44232349768907,147.45528466990655,144.30732590437367,146.13844299316406,21908854,0.0,0.0
2012-02-08 00:00:00+05:30,144.60343925684583,144.90731979204256,141.98533221241775,143.4424285888672,123255759,0.0,0.0
2012-02-09 00:00:00+05:30,142.76450090457126,147.22930097649427,142.3047762336645,146.45790100097656,31702544,0.0,0.0
2012-02-10 00:00:00+05:30,145.39818565138884,146.33321149148122,142.7956689442172,145.00079345703125,21887888,0.0,0.0
2012-02-13 00:00:00+05:30,144.7748309351263,147.3929374530056,143.21644136036505,145.6553192138672,26742848,0.0,0.0
2012-02-14 00:00:00+05:30,144.46318691465055,148.04748632837698,144.41643103214324,147.06570434570312,21797572,0.0,0.0
2012-02-15 00:00:00+05:30,148.3747102256069,153.8057150895896,148.3747102256069,152.90185546875,30846134,0.0,0.0
2012-02-16 00:00:00+05:30,152.87847803359796,153.01873257013642,149.76168585100842,150.97723388671875,17470497,0.0,0.0
2012-02-17 00:00:00+05:30,153.4706705501917,155.4186574276341,152.02135628109468,152.97198486328125,23888958,0.0,0.0
2012-02-21 00:00:00+05:30,152.2551462892067,155.6524479653654,152.09930208329007,154.483642578125,17884201,0.0,0.0
2012-02-22 00:00:00+05:30,154.281065634501,154.281065634501,148.24228536136158,149.24745178222656,26260360,0.0,0.0
2012-02-23 00:00:00+05:30,148.35916936071155,149.46562929684566,145.25796622462497,147.1046600341797,31112955,0.0,0.0
2012-02-24 00:00:00+05:30,146.67606740305274,147.09683099670247,143.07617930421884,145.18780517578125,24143553,0.0,0.0
2012-02-27 00:00:00+05:30,145.304682265351,145.304682265351,137.40363302919758,138.29969787597656,27078117,0.0,0.0
2012-02-28 00:00:00+05:30,139.6321367787453,143.3411135727573,139.50747188410608,141.93856811523438,27126286,0.0,0.0
2012-02-29 00:00:00+05:30,142.59309215838329,143.6761806083581,139.8425256478579,141.23728942871094,27450786,0.0,0.0
2012-03-01 00:00:00+05:30,140.6450599401248,140.6450599401248,135.59585842015883,137.68411254882812,22889075,0.0,0.0
2012-03-02 00:00:00+05:30,138.8529472878314,142.5541293985276,136.35951851355813,140.67626953125,23122115,0.0,0.0
2012-03-05 00:00:00+05:30,139.75680017324262,139.75680017324262,135.35433285670197,135.6348419189453,22522533,0.0,0.0
2012-03-06 00:00:00+05:30,135.58032849914284,138.85295224744877,132.4635358806907,132.9700164794922,43440551,0.0,0.0
2012-03-07 00:00:00+05:30,132.61934520193478,135.25304126689042,131.44275824182748,134.0452880859375,33588164,0.0,0.0
2012-03-09 00:00:00+05:30,136.6634028668425,142.92035945645267,136.50757173816245,142.4684295654297,33285477,0.0,0.0
2012-03-12 00:00:00+05:30,147.11245196816685,147.11245196816685,143.22425915430927,144.76705932617188,30684005,0.0,0.0
2012-03-13 00:00:00+05:30,145.75660736678913,146.9877318364366,144.55663603670695,144.9072723388672,15392685,0.0,0.0
2012-03-14 00:00:00+05:30,147.54876792895382,149.23183546331373,147.21372123424615,148.6552276611328,28866101,0.0,0.0
2012-03-15 00:00:00+05:30,148.8266741321784,149.07601700737524,143.93331530197756,144.96185302734375,17542272,0.0,0.0
2012-03-16 00:00:00+05:30,145.86571249145734,148.6552266606567,141.88400860029606,143.0138397216797,26255856,0.0,0.0
2012-03-19 00:00:00+05:30,144.46317131330306,145.01639470252516,139.49189024347257,141.48663330078125,17366497,0.0,0.0
2012-03-20 00:00:00+05:30,141.77493398494178,143.6839731481511,140.2632870745986,141.59571838378906,15039469,0.0,0.0
2012-03-21 00:00:00+05:30,140.58275132361035,146.45789123926846,139.82692797048907,145.5618133544922,19473910,0.0,0.0
2012-03-22 00:00:00+05:30,145.8734962313823,146.4578988627409,139.18020017314691,140.20094299316406,20007922,0.0,0.0
2012-03-23 00:00:00+05:30,141.3152097450012,143.90215027072531,139.80356282971178,141.8996124267578,18745826,0.0,0.0
2012-03-26 00:00:00+05:30,140.8321019088201,141.034688892667,134.97253824200598,135.96990966796875,21647994,0.0,0.0
2012-03-27 00:00:00+05:30,138.2295668767962,138.4399617566914,132.77519045635412,136.81143188476562,45526915,0.0,0.0
2012-03-28 00:00:00+05:30,136.32055381477298,136.32055381477298,132.88429124660718,133.92062377929688,37140526,0.0,0.0
2012-03-29 00:00:00+05:30,132.61934185204188,135.63484039439314,132.01936268914693,133.35958862304688,46255594,0.0,0.0
2012-03-30 00:00:00+05:30,134.64528670696507,139.35163522699787,134.49723732764588,138.728271484375,32431927,0.0,0.0
2012-04-02 00:00:00+05:30,138.35425835476687,139.20358046796738,137.30233616679595,138.76722717285156,11001446,0.0,0.0
2012-04-03 00:00:00+05:30,140.4113367448184,143.1852876948604,139.943817215678,141.53338623046875,17691256,0.0,0.0
2012-04-04 00:00:00+05:30,140.09965090121295,140.38795480718318,137.20103526956316,138.73605346679688,14909625,0.0,0.0
2012-04-09 00:00:00+05:30,136.72573585232163,136.87378523407133,134.6063278654574,135.12059020996094,11466477,0.0,0.0
2012-04-10 00:00:00+05:30,135.71280089409743,136.2972036516469,133.25053802695112,134.6141357421875,20557586,0.0,0.0
2012-04-11 00:00:00+05:30,133.25833702678574,136.359540379492,132.6193835397624,134.75439453125,32322361,0.0,0.0
2012-04-12 00:00:00+05:30,135.75951887189143,137.90231094653535,135.59587986775358,137.0373992919922,17417158,0.0,0.0
2012-04-13 00:00:00+05:30,137.917878255566,140.38014026988367,132.54142444685903,134.80108642578125,24283341,0.0,0.0
2012-04-16 00:00:00+05:30,133.73366028861648,136.58552091220596,133.73366028861648,136.14137268066406,20013075,0.0,0.0
2012-04-17 00:00:00+05:30,137.294543989344,139.1568140206525,132.85311543309922,137.98802185058594,39678342,0.0,0.0
2012-04-18 00:00:00+05:30,139.17239239921204,140.08404681760177,136.64000302988396,137.33348083496094,19053287,0.0,0.0
2012-04-19 00:00:00+05:30,137.4503390241036,137.70747663445903,134.98807736453466,136.80360412597656,16033732,0.0,0.0
2012-04-20 00:00:00+05:30,136.04781690990737,136.9828558791938,133.32063517448174,134.185546875,16000858,0.0,0.0
2012-04-23 00:00:00+05:30,132.46353769422316,135.34656403951448,130.29737379177595,131.51290893554688,17939993,0.0,0.0
2012-04-24 00:00:00+05:30,132.46355170525612,133.00119859425757,130.64022917889065,132.12069702148438,17862146,0.0,0.0
2012-04-25 00:00:00+05:30,131.69212485034853,133.32065500299066,128.9181868303268,130.65579223632812,29238880,0.0,0.0
2012-04-26 00:00:00+05:30,130.92850127386552,131.78561815675445,130.2038441045676,131.13108825683594,24080837,0.0,0.0
2012-04-27 00:00:00+05:30,131.76224016875358,136.3595131877407,131.06876226598277,134.15438842773438,80624329,0.0,0.0
2012-04-30 00:00:00+05:30,135.65823706694036,138.54127644159783,135.65823706694036,137.50494384765625,28953732,0.0,0.0
2012-05-02 00:00:00+05:30,138.04259363154355,139.476305444949,136.6400349661046,137.45819091796875,21254607,0.0,0.0
2012-05-03 00:00:00+05:30,136.3750983512758,137.0919607758606,132.62716027429096,133.64012145996094,25787019,0.0,0.0
2012-05-04 00:00:00+05:30,132.50247260886428,132.9544024203291,127.04808325821212,129.86878967285156,30391718,0.0,0.0
2012-05-07 00:00:00+05:30,127.74936550048841,133.0868584919712,124.20401513508656,132.19078063964844,36282735,0.0,0.0
2012-05-08 00:00:00+05:30,132.69730735634843,133.08690485239111,128.7234102809994,129.37013244628906,21579195,0.0,0.0
2012-05-09 00:00:00+05:30,128.10001894662685,129.03505796787346,126.23773572966672,128.09222412109375,28400064,0.0,0.0
2012-05-10 00:00:00+05:30,128.41168130479986,130.35968124894853,125.69228143916433,126.87666320800781,20493286,0.0,0.0
2012-05-11 00:00:00+05:30,126.07409042622315,128.25584344791065,125.23255020490254,126.72860717773438,15680747,0.0,0.0
2012-05-14 00:00:00+05:30,127.0091411154288,129.33114887685016,124.0637696847407,124.78063201904297,25823094,0.0,0.0
2012-05-15 00:00:00+05:30,123.76768050847956,128.02209897068172,123.26899476602338,127.29745483398438,19189131,0.0,0.0
2012-05-16 00:00:00+05:30,124.51572110114515,125.00662514373278,121.55477258563398,123.79885864257812,25680253,0.0,0.0
2012-05-17 00:00:00+05:30,124.34429152709882,125.7312604663281,121.64827575012094,122.71577453613281,17934966,0.0,0.0
2012-05-18 00:00:00+05:30,120.01974487832055,126.22993162245339,119.73922272972028,125.48190307617188,24381560,0.0,0.0
2012-05-21 00:00:00+05:30,124.21961396134026,127.60132557653337,124.21961396134026,126.4013671875,17162794,0.0,0.0
2012-05-22 00:00:00+05:30,127.79613566661,128.54416425155557,124.42220566970903,124.79622650146484,22998915,0.0,0.0
2012-05-23 00:00:00+05:30,123.5806680975298,125.42736146889546,123.14431485643742,123.62741088867188,14613428,0.0,0.0
2012-05-24 00:00:00+05:30,124.82738179010651,128.72336856655838,123.39365719157296,127.88182830810547,16923032,0.0,0.0
2012-05-25 00:00:00+05:30,127.47665983819738,128.47404442112202,125.48971165529596,126.94680786132812,19192052,0.0,0.0
2012-05-28 00:00:00+05:30,127.34420604687821,130.37528175168111,127.32083464691324,130.03244018554688,15097219,0.0,0.0
2012-05-29 00:00:00+05:30,130.51551949589478,131.5206857434167,129.97009099081185,130.70252990722656,14274419,0.0,0.0
2012-05-30 00:00:00+05:30,129.95453254597743,130.50776908764612,126.71307464498506,127.35980987548828,18202316,0.0,0.0
2012-05-31 00:00:00+05:30,127.04168061330334,127.04168061330334,124.21853927419515,124.57640075683594,39922690,3.0,0.0
2012-06-01 00:00:00+05:30,124.6956966997211,126.5724873619188,123.88453507884435,124.32987976074219,22170296,0.0,0.0
2012-06-04 00:00:00+05:30,122.46103116730141,126.42934273592431,122.05545035695276,125.46709442138672,19790419,0.0,0.0
2012-06-05 00:00:00+05:30,126.71563495122102,127.79718825394144,125.2046611923339,125.97605895996094,20350445,0.0,0.0
2012-06-06 00:00:00+05:30,126.76330392103185,128.950249294036,126.66787867401277,128.57647705078125,28167216,0.0,0.0
2012-06-07 00:00:00+05:30,130.10337585407848,133.2048635848112,129.6262362167874,132.0199432373047,25033805,0.0,0.0
2012-06-08 00:00:00+05:30,132.91859171784284,132.91859171784284,129.30814211379484,131.87681579589844,18841009,0.0,0.0
2012-06-11 00:00:00+05:30,133.37987681419438,134.95446753666357,130.89868575713064,131.4951171875,18055312,0.0,0.0
2012-06-12 00:00:00+05:30,129.90455364497143,133.84105527057662,129.63416209281388,133.45138549804688,17886242,0.0,0.0
2012-06-13 00:00:00+05:30,133.3957650666531,136.4177259273557,132.8311421060674,135.08966064453125,25697248,0.0,0.0
2012-06-14 00:00:00+05:30,134.71585864638936,135.03395620706408,129.78528638967228,130.23858642578125,19523289,0.0,0.0
2012-06-15 00:00:00+05:30,130.9940850803588,136.07575781239754,130.92251278898044,134.5091094970703,21824440,0.0,0.0
2012-06-18 00:00:00+05:30,136.4654180447049,137.4515325162274,128.8628047658544,129.87277221679688,26764353,0.0,0.0
2012-06-19 00:00:00+05:30,129.30810525910724,131.90063118284726,128.51285485630336,131.5030059814453,16859507,0.0,0.0
2012-06-20 00:00:00+05:30,131.89270638626806,133.507073888759,131.5030365349301,132.48915100097656,12698994,0.0,0.0
2012-06-21 00:00:00+05:30,132.33008592184132,135.82919893116954,131.66208241784418,135.1373291015625,19538656,0.0,0.0
2012-06-22 00:00:00+05:30,133.43548876818855,135.82919574311393,132.48913825735235,135.46337890625,16548279,0.0,0.0
2012-06-25 00:00:00+05:30,136.13141025323725,138.485366966774,134.07965357142382,134.699951171875,17258890,0.0,0.0
2012-06-26 00:00:00+05:30,134.0001579117271,135.30437013897765,133.3400963544591,134.254638671875,12241757,0.0,0.0
2012-06-27 00:00:00+05:30,135.20095214582528,137.15726994741559,135.08166056824848,135.5906219482422,16390385,0.0,0.0
2012-06-28 00:00:00+05:30,136.79943744078963,138.37404121380797,135.5906505711184,136.29843139648438,21821090,0.0,0.0
2012-06-29 00:00:00+05:30,138.37405018821923,143.9328630429337,138.37405018821923,143.0660400390625,26272482,0.0,0.0
2012-07-02 00:00:00+05:30,143.30458356936495,143.78173657557676,140.6166318678823,142.25485229492188,25763358,0.0,0.0
2012-07-03 00:00:00+05:30,143.12963281204122,144.87123397042242,142.82743278885113,143.4000244140625,17527620,0.0,0.0
2012-07-04 00:00:00+05:30,144.57698047653793,145.10185276360954,142.58089872380472,143.5908660888672,19609062,0.0,0.0
2012-07-05 00:00:00+05:30,143.4398026143508,146.94687193492155,142.1912651132538,146.46177673339844,20610463,0.0,0.0
2012-07-06 00:00:00+05:30,146.46175217282334,149.18946784871792,144.95872080918903,148.7282257080078,27997271,0.0,0.0
2012-07-09 00:00:00+05:30,147.83755600078038,149.95292979956986,146.97868845002063,147.91708374023438,26408041,0.0,0.0
2012-07-10 00:00:00+05:30,148.71231827178258,150.3028194957163,148.13973996685576,149.96881103515625,25745714,0.0,0.0
2012-07-11 00:00:00+05:30,148.8713772184082,149.50757238365145,147.99659885515487,148.95884704589844,20032639,0.0,0.0
2012-07-12 00:00:00+05:30,147.6784692011171,148.71230289863632,146.6605463873381,147.57508850097656,17641354,0.0,0.0
2012-07-13 00:00:00+05:30,147.90116054531825,148.9508919138008,146.8434737339404,147.288818359375,11895856,0.0,0.0
2012-07-16 00:00:00+05:30,147.91708741743824,148.71233813562856,145.8414774367763,146.3424835205078,11950724,0.0,0.0
2012-07-17 00:00:00+05:30,147.7262064847051,148.23516795354263,146.07207503695392,146.78781127929688,12351042,0.0,0.0
2012-07-18 00:00:00+05:30,146.82754774790462,149.82564124968545,146.82754774790462,149.38031005859375,19347801,0.0,0.0
2012-07-19 00:00:00+05:30,150.62093418155982,152.1955245594429,150.39030642606608,151.2332763671875,17223024,0.0,0.0
2012-07-20 00:00:00+05:30,151.97286841985795,152.21145164363304,148.26699314014607,148.73619079589844,19528844,0.0,0.0
2012-07-23 00:00:00+05:30,147.75803399121344,147.86937016115456,144.6724563563854,145.21322631835938,17632895,0.0,0.0
2012-07-24 00:00:00+05:30,145.3722737026391,146.60491359910893,144.7360651458479,145.74603271484375,11203478,0.0,0.0
2012-07-25 00:00:00+05:30,145.67443528970935,146.70826901062503,144.31456192531013,146.00048828125,11564822,0.0,0.0
2012-07-26 00:00:00+05:30,146.9548181335643,147.12182905149982,143.30460444571887,144.21914672851562,34698053,0.0,0.0
2012-07-27 00:00:00+05:30,148.2351469520183,150.92309849424169,146.65258801790793,147.63870239257812,38883861,0.0,0.0
2012-07-30 00:00:00+05:30,149.98472639155938,154.21547365532146,149.98472639155938,153.40431213378906,40639208,0.0,0.0
2012-07-31 00:00:00+05:30,154.51766697002859,154.79600067596994,151.17759575844224,152.9112548828125,32326305,0.0,0.0
2012-08-01 00:00:00+05:30,151.41618266603317,153.48383694908688,151.41618266603317,152.62496948242188,16975645,0.0,0.0
2012-08-02 00:00:00+05:30,152.35457064283767,153.24525983839803,151.7422284949188,152.5136260986328,13503539,0.0,0.0
2012-08-03 00:00:00+05:30,151.09809067325048,151.41620163978106,148.3147131525282,149.4996337890625,20106465,0.0,0.0
2012-08-06 00:00:00+05:30,151.48775815234083,152.68858955129684,151.12989670034378,151.73428344726562,18837725,0.0,0.0
2012-08-07 00:00:00+05:30,152.68859683191482,155.3845043629192,151.82177386284306,154.9630126953125,21468397,0.0,0.0
2012-08-08 00:00:00+05:30,155.55151551636953,155.86962649270058,152.0603570052318,152.41026306152344,18885493,0.0,0.0
2012-08-09 00:00:00+05:30,153.34070618374085,154.91531002918688,150.9151902377608,151.5195770263672,20166140,0.0,0.0
2012-08-10 00:00:00+05:30,152.21143811595422,152.9589694516146,148.71232459604724,151.85357666015625,24225063,0.0,0.0
2012-08-13 00:00:00+05:30,151.25712907522973,151.8138098557329,148.90318560747968,150.9310760498047,19828479,0.0,0.0
2012-08-14 00:00:00+05:30,151.44798080926685,154.82780239124136,151.11397236777134,154.2472686767578,12958462,0.0,0.0
2012-08-16 00:00:00+05:30,154.50178000446286,155.20160544701108,151.5831999692904,152.11602783203125,14593001,0.0,0.0
2012-08-17 00:00:00+05:30,152.32279578597266,154.1200721098722,151.45597272660973,153.0305633544922,16247143,0.0,0.0
2012-08-21 00:00:00+05:30,153.64290300453095,155.71055743012835,152.4738799733836,155.10617065429688,11457798,0.0,0.0
2012-08-22 00:00:00+05:30,153.9928023602935,156.29903989744807,153.77013004514268,154.8914337158203,11877387,0.0,0.0
2012-08-23 00:00:00+05:30,155.44811450369735,157.28515442966224,154.12799149875696,154.8914337158203,22625014,0.0,0.0
2012-08-24 00:00:00+05:30,154.10414245982918,154.5176786768387,151.44799884409883,151.7899627685547,14489772,0.0,0.0
2012-08-27 00:00:00+05:30,152.33867385117526,152.33867385117526,148.314701258259,148.75209045410156,13891509,0.0,0.0
2012-08-28 00:00:00+05:30,149.03042318957304,149.45985693942603,146.1039013272698,146.70033264160156,19070854,0.0,0.0
2012-08-29 00:00:00+05:30,147.1615754011941,148.21132014686728,145.41997406560012,145.7539825439453,13951624,0.0,0.0
2012-08-30 00:00:00+05:30,145.16550845102225,149.94498166617223,143.94082391751573,146.31863403320312,30491835,0.0,0.0
2012-08-31 00:00:00+05:30,145.6187720481072,146.74007557320834,142.35822882591816,143.48748779296875,19478376,0.0,0.0
2012-09-03 00:00:00+05:30,143.97259381547505,145.65853346988902,142.45366504697327,143.5908660888672,13718111,0.0,0.0
2012-09-04 00:00:00+05:30,143.5908985713285,145.49951094001162,141.95267784916408,145.1575469970703,14125210,0.0,0.0
2012-09-05 00:00:00+05:30,144.1953125681708,144.6247463879568,139.43174998056406,139.9088897705078,33446655,0.0,0.0
2012-09-06 00:00:00+05:30,141.71409444051045,143.52726800872836,140.92679925506434,142.58091735839844,15364459,0.0,0.0
2012-09-07 00:00:00+05:30,145.9846161518542,149.66663830809478,145.84941365764342,149.16561889648438,25978452,0.0,0.0
2012-09-10 00:00:00+05:30,149.92909186077893,150.44599552297635,147.19342010703582,148.60101318359375,13318657,0.0,0.0
2012-09-11 00:00:00+05:30,148.01249532392129,151.08217501601774,147.59895912585876,150.43006896972656,13007412,0.0,0.0
2012-09-12 00:00:00+05:30,151.24122803764172,152.65677626268513,149.74615208178705,150.95492553710938,17858472,0.0,0.0
2012-09-13 00:00:00+05:30,152.0206013779019,153.4838692345905,151.8933676589174,152.60113525390625,20175160,0.0,0.0
2012-09-14 00:00:00+05:30,157.10226180937454,167.86203957108785,156.6807701174958,160.32302856445312,45380571,0.0,0.0
2012-09-17 00:00:00+05:30,163.82212549909406,170.1364379969886,163.82212549909406,168.69703674316406,42722014,0.0,0.0
2012-09-18 00:00:00+05:30,166.9951800985229,167.95744161365775,165.6273511832513,166.85203552246094,15733366,0.0,0.0
2012-09-20 00:00:00+05:30,163.98119841550616,165.7148444589444,162.1282607591159,162.63722229003906,16886831,0.0,0.0
2012-09-21 00:00:00+05:30,163.8221632285057,172.76876834715515,163.75854636627344,169.4684600830078,32631197,0.0,0.0
2012-09-24 00:00:00+05:30,169.4684146099116,172.87210269889746,168.36302187000223,170.3352508544922,26437147,0.0,0.0
2012-09-25 00:00:00+05:30,170.93166565799012,171.97345480035986,169.20597547397352,169.69107055664062,20529877,0.0,0.0
2012-09-26 00:00:00+05:30,169.0151732545258,170.3591495465064,167.591669210724,169.4684600830078,16583418,0.0,0.0
2012-09-27 00:00:00+05:30,170.0250999626183,170.50225301032418,167.26557573763372,167.85406494140625,25812880,0.0,0.0
2012-09-28 00:00:00+05:30,169.07082046589454,170.75676060982153,167.61550811325833,168.40281677246094,22840686,0.0,0.0
2012-10-01 00:00:00+05:30,168.5936421654392,168.7368000941465,166.36694572244664,167.1065216064453,11890164,0.0,0.0
2012-10-03 00:00:00+05:30,167.3530519560635,169.0707868387261,166.40668799480915,167.48028564453125,14719534,0.0,0.0
2012-10-04 00:00:00+05:30,168.15623977741035,173.98545665191637,168.15623977741035,172.31541442871094,26381146,0.0,0.0
2012-10-05 00:00:00+05:30,174.95569182706868,174.95569182706868,137.85713505520343,169.6593017578125,24384492,0.0,0.0
2012-10-08 00:00:00+05:30,170.18416987519294,170.18416987519294,166.88386212739485,167.3530731201172,12172028,0.0,0.0
2012-10-09 00:00:00+05:30,168.593646370484,170.7646948112368,168.28350422069587,169.2537078857422,11088011,0.0,0.0
2012-10-10 00:00:00+05:30,167.99721086484791,168.54593620669644,166.7884240241936,167.67115783691406,10838525,0.0,0.0
2012-10-11 00:00:00+05:30,168.5936464199456,169.83424171558005,166.7168559382755,168.26759338378906,23597805,0.0,0.0
2012-10-12 00:00:00+05:30,168.73679496466025,169.05489253998087,165.9056851653264,166.16812133789062,11267652,0.0,0.0
2012-10-15 00:00:00+05:30,166.2238202524077,167.89384945068326,164.14025480245948,167.54393005371094,9156532,0.0,0.0
2012-10-16 00:00:00+05:30,168.75272219378363,169.06287772903775,165.42856123522458,165.92958068847656,10115490,0.0,0.0
2012-10-17 00:00:00+05:30,167.5200382118871,167.7506659417542,165.74662869907252,166.93154907226562,8096214,0.0,0.0
2012-10-18 00:00:00+05:30,167.83815561422347,169.67519553235303,167.33714958130037,169.38095092773438,24908741,0.0,0.0
2012-10-19 00:00:00+05:30,168.7526890074962,171.13845414314235,167.0190432424378,168.16419982910156,14180017,0.0,0.0
2012-10-22 00:00:00+05:30,167.44848200387014,171.92575447270605,167.00313738540032,171.0748291015625,25355198,0.0,0.0
2012-10-23 00:00:00+05:30,171.5838160077721,173.0232307884582,170.47046764457352,171.6872100830078,12511774,0.0,0.0
2012-10-25 00:00:00+05:30,170.2000771035054,173.6673826229403,170.2000771035054,172.91189575195312,22144919,0.0,0.0
2012-10-29 00:00:00+05:30,171.29754165376056,172.4745203224934,169.11855070612603,169.9376678466797,12828508,0.0,0.0
2012-10-30 00:00:00+05:30,170.50224615860927,172.9357172604781,164.2436087339936,166.2317352294922,22333806,0.0,0.0
2012-10-31 00:00:00+05:30,166.36693906003003,167.7824872720118,164.7366606376158,167.03494262695312,11476465,0.0,0.0
2012-11-01 00:00:00+05:30,167.32123952266375,168.75269868615143,166.25561060407964,168.1721649169922,7583587,0.0,0.0
2012-11-02 00:00:00+05:30,170.50225187486907,172.14842787628294,169.48432893935762,171.718994140625,11431942,0.0,0.0
2012-11-05 00:00:00+05:30,171.13845608420178,171.91779580384105,169.77856927405668,171.40087890625,6995868,0.0,0.0
2012-11-06 00:00:00+05:30,170.42273394593076,172.96754143109334,169.89787491039928,171.88600158691406,9482401,0.0,0.0
2012-11-07 00:00:00+05:30,172.74488579499638,174.915920968602,171.7826241891652,173.83438110351562,14058995,0.0,0.0
2012-11-08 00:00:00+05:30,171.77465340469433,172.2359089058929,170.3750160598287,171.13845825195312,8693828,0.0,0.0
2012-11-09 00:00:00+05:30,171.1861603924805,171.45655200260012,167.71885550842646,168.46640014648438,8468267,0.0,0.0
2012-11-12 00:00:00+05:30,168.83222102922022,170.327296992755,167.50414262280046,168.3391571044922,11718536,0.0,0.0
2012-11-15 00:00:00+05:30,167.76660505907194,168.1721858733368,165.96138667885776,167.7427520751953,9099585,0.0,0.0
2012-11-16 00:00:00+05:30,166.6214044549779,167.32917182181112,162.54969984298745,163.39266967773438,13092530,0.0,0.0
2012-11-19 00:00:00+05:30,163.51992630923561,164.3628961935002,161.62722512783205,162.41452026367188,9793987,0.0,0.0
2012-11-20 00:00:00+05:30,163.94938563447266,164.48220013461273,161.4363864737675,162.8837432861328,8967777,0.0,0.0
2012-11-21 00:00:00+05:30,163.82212502277397,166.52598786574347,163.27339968085266,166.1204071044922,9800725,0.0,0.0
2012-11-22 00:00:00+05:30,166.28744436804735,167.63937600379302,163.82215098612963,164.23568725585938,15855147,0.0,0.0
2012-11-23 00:00:00+05:30,165.03089679578113,165.24561364718187,162.26341735809478,163.0427703857422,12372706,0.0,0.0
2012-11-26 00:00:00+05:30,164.61736871218397,164.61736871218397,161.4363532098078,161.96121215820312,11108696,0.0,0.0
2012-11-27 00:00:00+05:30,163.88576916421522,164.97526449783015,163.0666521290701,164.47425842285156,30901959,0.0,0.0
2012-11-29 00:00:00+05:30,167.00317430687946,172.72899872264128,166.31130424596003,172.05303955078125,50446946,0.0,0.0
2012-11-30 00:00:00+05:30,174.9556614507303,175.74295658803553,173.47649644038006,174.9318084716797,22979440,0.0,0.0
2012-12-03 00:00:00+05:30,174.16043507608836,177.12672095141633,173.87414589546125,175.32150268554688,17887342,0.0,0.0
2012-12-04 00:00:00+05:30,175.27377232900568,178.55021350894214,174.24789393102475,178.03330993652344,16095821,0.0,0.0
2012-12-05 00:00:00+05:30,178.43886876546964,179.4090857120668,176.25192293641751,178.10487365722656,11804232,0.0,0.0
2012-12-06 00:00:00+05:30,180.0452693995545,181.79482595148679,175.27375274410807,180.63375854492188,15910317,0.0,0.0
2012-12-07 00:00:00+05:30,181.36541811881352,182.02547964095723,178.47864672685202,179.99758911132812,16483456,0.0,0.0
2012-12-10 00:00:00+05:30,181.31768228425574,181.37335703365864,177.85039077025596,178.36729431152344,11639776,0.0,0.0
2012-12-11 00:00:00+05:30,178.9239833951003,182.82867759943886,176.29169286707614,178.55816650390625,19806627,0.0,0.0
2012-12-12 00:00:00+05:30,179.46473268561996,180.17251340621567,175.9656196404556,177.05511474609375,16439901,0.0,0.0
2012-12-13 00:00:00+05:30,178.1366890109539,180.2759156157566,177.42095276301373,178.3354949951172,15190774,0.0,0.0
2012-12-14 00:00:00+05:30,177.5004817798914,181.23022302527326,177.08694557471367,180.689453125,15357897,0.0,0.0
2012-12-17 00:00:00+05:30,179.76694615438785,182.74914256878188,179.76694615438785,181.9698028564453,9314893,0.0,0.0
2012-12-18 00:00:00+05:30,182.43106877027472,183.44899180331112,177.9458404004357,182.7412109375,15076039,0.0,0.0
2012-12-19 00:00:00+05:30,183.71936327971753,184.28398614321668,180.21229445806824,181.11888122558594,9690604,0.0,0.0
2012-12-20 00:00:00+05:30,182.081142838865,182.11296461205555,179.74311013320863,181.2620391845703,12803494,0.0,0.0
2012-12-21 00:00:00+05:30,180.34748980770485,181.15865133483092,177.69134625917192,178.75698852539062,11991144,0.0,0.0
2012-12-24 00:00:00+05:30,179.67948687929018,179.72720619286108,177.21420702976906,178.37527465820312,7691233,0.0,0.0
2012-12-26 00:00:00+05:30,179.09097407568862,182.9081983060623,178.29572347704678,182.6934814453125,7557676,0.0,0.0
2012-12-27 00:00:00+05:30,183.26608140515933,183.51260671723045,180.12482915593355,180.75308227539062,16870650,0.0,0.0
2012-12-28 00:00:00+05:30,181.7312370711434,182.3515347322289,179.69539107538768,181.56423950195312,7501631,0.0,0.0
2012-12-31 00:00:00+05:30,181.5562693172692,181.93798373645063,180.39520182634078,181.0393524169922,5533500,0.0,0.0
2013-01-01 00:00:00+05:30,182.3355992680275,184.8088474837431,181.81074030127743,184.25216674804688,7229216,0.0,0.0
2013-01-02 00:00:00+05:30,186.08920957273975,187.20257114236608,185.293958936183,186.7254180908203,10345197,0.0,0.0
2013-01-03 00:00:00+05:30,187.21051854674573,187.36161856385405,185.3416702874421,186.41526794433594,9034338,0.0,0.0
2013-01-04 00:00:00+05:30,186.55045839908428,188.4590571887901,185.30190773649608,188.06143188476562,12765126,0.0,0.0
2013-01-07 00:00:00+05:30,188.9521359010807,188.9521359010807,187.20257908718182,188.0216827392578,9683993,0.0,0.0
2013-01-08 00:00:00+05:30,187.54455270228786,187.99783946766806,186.12899095227846,187.60816955566406,8639152,0.0,0.0
2013-01-09 00:00:00+05:30,187.4013776393497,188.93621751220348,186.67769929114522,187.7512969970703,19800115,0.0,0.0
2013-01-10 00:00:00+05:30,188.67380221658925,188.95213594684634,184.6975355160324,187.60020446777344,12068754,0.0,0.0
2013-01-11 00:00:00+05:30,188.31591397691017,188.37954417053905,184.35555844523594,185.06333923339844,9227372,0.0,0.0
2013-01-14 00:00:00+05:30,185.29397124410937,189.58833564521058,185.29397124410937,188.49884033203125,14894011,0.0,0.0
2013-01-15 00:00:00+05:30,188.18865794117738,192.63412142562632,186.74130146197726,191.55258178710938,17996797,0.0,0.0
2013-01-16 00:00:00+05:30,191.5526228477805,191.97410117506132,187.10715841041454,187.6558837890625,18080590,0.0,0.0
2013-01-17 00:00:00+05:30,187.24233315497503,188.8248789694801,184.2124173142872,184.89633178710938,13615173,0.0,0.0
2013-01-18 00:00:00+05:30,185.37349513381758,188.66584733539838,185.37349513381758,187.07533264160156,18630606,0.0,0.0
2013-01-21 00:00:00+05:30,187.67972419663462,188.06939407198018,185.29395893887116,187.29005432128906,9208034,0.0,0.0
2013-01-22 00:00:00+05:30,187.07531578214287,190.04161467355976,185.13490858659384,186.11306762695312,10433076,0.0,0.0
2013-01-23 00:00:00+05:30,186.88445246983432,189.5883016594207,184.75316819021415,187.8387451171875,7832247,0.0,0.0
2013-01-24 00:00:00+05:30,187.65590270016514,188.7374426795105,184.1170247604423,185.21446228027344,12884718,0.0,0.0
2013-01-25 00:00:00+05:30,186.12103670580902,187.67972960012625,185.0712919533347,186.5584259033203,8369614,0.0,0.0
2013-01-28 00:00:00+05:30,186.66182439864843,189.97007439810017,186.43119661317553,189.3100128173828,15775364,0.0,0.0
2013-01-29 00:00:00+05:30,190.20070830942925,195.314176841608,187.99785115478153,191.05162048339844,27676544,0.0,0.0
2013-01-30 00:00:00+05:30,191.65602220740448,194.44735533681384,191.47311373006718,192.88070678710938,16929517,0.0,0.0
2013-01-31 00:00:00+05:30,191.97409473865991,195.95036140266083,188.68174257715626,189.45314025878906,38534611,0.0,0.0
2013-02-01 00:00:00+05:30,189.90644135016328,191.38560652367994,185.71545778579707,186.27212524414062,13833055,0.0,0.0
2013-02-04 00:00:00+05:30,188.31593032012125,191.30608249814333,187.36163750956774,187.95806884765625,21575075,0.0,0.0
2013-02-05 00:00:00+05:30,185.45302783285263,187.56840162027515,184.8247747122137,185.4609832763672,12408572,0.0,0.0
2013-02-06 00:00:00+05:30,186.56636624705874,186.56636624705874,183.03544427550295,183.74322509765625,10558658,0.0,0.0
2013-02-07 00:00:00+05:30,183.28197005283874,185.60410499714808,180.76895787993783,182.08908081054688,16021500,0.0,0.0
2013-02-08 00:00:00+05:30,182.27993187091477,182.86842100813664,178.90011040093356,179.7510223388672,13064034,0.0,0.0
2013-02-11 00:00:00+05:30,180.0930006965829,180.41905371126117,177.6674850190034,178.5661163330078,12921150,0.0,0.0
2013-02-12 00:00:00+05:30,178.3752580427136,180.36339796357123,177.19827963670375,179.54428100585938,14740935,0.0,0.0
2013-02-13 00:00:00+05:30,180.84055760266043,182.33563375555838,179.94988160513867,181.7312469482422,18682229,0.0,0.0
2013-02-14 00:00:00+05:30,182.59010996410345,182.8764124952271,178.2321286698008,179.12281799316406,11742126,0.0,0.0
2013-02-15 00:00:00+05:30,179.09098688723049,179.88625089082072,176.72114580689313,178.43093872070312,10179257,0.0,0.0
2013-02-18 00:00:00+05:30,178.8365026420432,179.7271919015569,178.0571628880274,178.4547882080078,8438243,0.0,0.0
2013-02-19 00:00:00+05:30,178.6536047786629,180.36341110835593,177.27782028913597,179.9498748779297,9649772,0.0,0.0
2013-02-20 00:00:00+05:30,180.68149123369753,180.97573582817793,177.92990917278368,178.38320922851562,8424042,0.0,0.0
2013-02-21 00:00:00+05:30,176.90403987135815,177.2380483482535,171.13846597859364,171.71104431152344,18339766,0.0,0.0
2013-02-22 00:00:00+05:30,171.3054570997835,174.79661506762187,171.3054570997835,173.77073669433594,12275747,0.0,0.0
2013-02-25 00:00:00+05:30,174.79662182261416,175.2499219020241,171.96552523125095,173.9854736328125,13709701,0.0,0.0
2013-02-26 00:00:00+05:30,173.0470852394935,173.18228774361722,167.40874438013938,169.22987365722656,11043499,0.0,0.0
2013-02-27 00:00:00+05:30,170.1126007398386,173.19817830941645,170.0251175552848,172.2756805419922,14729671,0.0,0.0
2013-02-28 00:00:00+05:30,173.683271165522,174.1286157956515,163.82212584719142,165.47625732421875,37422676,0.0,0.0
2013-03-01 00:00:00+05:30,167.87791816297914,169.714958066687,166.61346992617547,168.0131072998047,19070529,0.0,0.0
2013-03-04 00:00:00+05:30,167.7188600248343,170.16029998002602,166.47827813645733,168.37892150878906,16475178,0.0,0.0
2013-03-05 00:00:00+05:30,170.18416500154638,174.73301007430769,169.60363120799047,173.93775939941406,21050260,0.0,0.0
2013-03-06 00:00:00+05:30,176.34739981740094,176.5462058369679,174.31949565984,176.28378295898438,19993539,0.0,0.0
2013-03-07 00:00:00+05:30,175.28968795772644,178.48660149054015,174.6375818812848,177.6833953857422,13692519,0.0,0.0
2013-03-08 00:00:00+05:30,178.00941638822675,181.76301004786907,178.00941638822675,181.20632934570312,15786001,0.0,0.0
2013-03-11 00:00:00+05:30,182.2242840797788,183.13087083117318,179.25002975174172,180.03733825683594,16292661,0.0,0.0
2013-03-12 00:00:00+05:30,179.72719619808097,180.9677914974561,177.3414308731061,178.62974548339844,13388914,0.0,0.0
2013-03-13 00:00:00+05:30,177.16648753255714,177.29373458592775,172.20410606423818,172.68125915527344,14724347,0.0,0.0
2013-03-14 00:00:00+05:30,172.8879853091684,177.50044609411947,168.5936086980066,176.64952087402344,32873681,0.0,0.0
2013-03-15 00:00:00+05:30,175.13064070910787,175.41692989288453,167.95746018338764,169.7865447998047,39011340,0.0,0.0
2013-03-18 00:00:00+05:30,167.16219797133593,167.90972930548295,164.68896286176263,167.22581481933594,23564761,0.0,0.0
2013-03-19 00:00:00+05:30,169.54797516456395,170.48638387864062,162.4066024929058,164.23568725585938,34783644,0.0,0.0
2013-03-20 00:00:00+05:30,163.98118374272596,164.57762840605702,158.5018856577421,159.29714965820312,18850507,0.0,0.0
2013-03-21 00:00:00+05:30,161.21373020047665,168.47439466441665,160.8240602540372,164.67308044433594,36062972,0.0,0.0
2013-03-22 00:00:00+05:30,165.8897982246783,166.8440910115983,161.83400382504675,163.55970764160156,20358745,0.0,0.0
2013-03-25 00:00:00+05:30,165.46831301781643,166.78843611109536,160.45822563583965,161.05465698242188,15002658,0.0,0.0
2013-03-26 00:00:00+05:30,159.5834533955929,163.34499012577635,159.39258948413354,162.37478637695312,14911814,0.0,0.0
2013-03-28 00:00:00+05:30,163.03483141097223,168.01311005514543,160.02082639665977,166.2397003173828,30690621,0.0,0.0
2013-04-01 00:00:00+05:30,168.11651590965678,168.59365565127982,165.17406963193667,167.2496795654297,11418841,0.0,0.0
2013-04-02 00:00:00+05:30,167.43257036733922,167.64728723284017,165.27743292153625,166.5100860595703,8498853,0.0,0.0
2013-04-03 00:00:00+05:30,166.85205892383107,169.0310496411008,163.07461131764362,164.04481506347656,14162923,0.0,0.0
2013-04-04 00:00:00+05:30,162.0327867465994,162.70875905765604,159.46412666953282,160.4502410888672,18866171,0.0,0.0
2013-04-05 00:00:00+05:30,160.45027366839489,160.45027366839489,156.66487067163223,158.75637817382812,28818724,0.0,0.0
2013-04-08 00:00:00+05:30,158.20764678287276,159.86177834435858,157.03068164779688,157.3169708251953,12105428,0.0,0.0
2013-04-09 00:00:00+05:30,158.5018684926439,162.19184553608417,156.37855295117177,157.46804809570312,20901188,0.0,0.0
2013-04-10 00:00:00+05:30,158.66094509544564,160.21168257160681,156.13999058671993,159.7345428466797,22694012,0.0,0.0
2013-04-11 00:00:00+05:30,163.0109866421585,166.84409547490617,162.90759257385494,165.4444580078125,30178714,0.0,0.0
2013-04-12 00:00:00+05:30,163.99711962193064,167.1463142871446,163.23367727750957,166.26358032226562,11153571,0.0,0.0
2013-04-15 00:00:00+05:30,165.01501619164793,170.00920572986743,164.06071007768466,166.54190063476562,20935975,0.0,0.0
2013-04-16 00:00:00+05:30,166.20791581685438,172.56993523536667,166.11249053109944,171.5997314453125,31681606,0.0,0.0
2013-04-17 00:00:00+05:30,171.9496185134042,176.79272152870257,171.9496185134042,174.5819091796875,26780105,0.0,0.0
2013-04-18 00:00:00+05:30,172.09275406120938,179.28184484342958,172.09275406120938,178.55816650390625,20986465,0.0,0.0
2013-04-22 00:00:00+05:30,178.9637493084025,184.45098939101925,177.5720540173736,182.66168212890625,19837163,0.0,0.0
2013-04-23 00:00:00+05:30,182.9082121024772,185.27806654009595,178.8762707072321,184.70547485351562,22457715,0.0,0.0
2013-04-25 00:00:00+05:30,186.10514277838752,188.95215054322964,184.81682804989924,187.2582550048828,34175350,0.0,0.0
2013-04-26 00:00:00+05:30,186.4868360390919,189.07934920720803,178.9319287899283,182.03341674804688,38868885,0.0,0.0
2013-04-29 00:00:00+05:30,182.92411133728982,184.49871513088638,180.28387859224168,183.41717529296875,12108723,0.0,0.0
2013-04-30 00:00:00+05:30,184.10107982452595,186.40731730944185,181.65169776140675,185.07923889160156,16337541,0.0,0.0
2013-05-02 00:00:00+05:30,184.53053449158853,188.793090594184,184.4987260648305,186.359619140625,15253199,0.0,0.0
2013-05-03 00:00:00+05:30,185.71545326171713,186.08921225657056,178.43887913174333,179.71923828125,21828449,0.0,0.0
2013-05-06 00:00:00+05:30,179.32956331366492,182.74914901201686,176.4268945262854,181.7391815185547,13608061,0.0,0.0
2013-05-07 00:00:00+05:30,181.79485233975117,186.40732756330522,181.63581021525357,185.12696838378906,16100205,0.0,0.0
2013-05-08 00:00:00+05:30,186.08919206015187,187.01168965273325,182.208364513673,184.17263793945312,13112506,0.0,0.0
2013-05-09 00:00:00+05:30,184.4987350576856,185.31785214185518,181.9221188840958,183.3297119140625,8672928,0.0,0.0
2013-05-10 00:00:00+05:30,183.38535111911483,186.07330294466294,182.96385949261224,185.34962463378906,10691846,0.0,0.0
2013-05-13 00:00:00+05:30,184.65776685372936,187.12304653788766,182.15270995421363,182.71734619140625,10484056,0.0,0.0
2013-05-14 00:00:00+05:30,183.3853583159996,185.54049579615707,181.61989070743792,182.50262451171875,11398414,0.0,0.0
2013-05-15 00:00:00+05:30,183.37741467712084,190.66988663931403,183.22631464525006,189.46905517578125,19773429,0.0,0.0
2013-05-16 00:00:00+05:30,188.4749631354697,193.8826884853963,188.44315471374819,192.05360412597656,16552888,0.0,0.0
2013-05-17 00:00:00+05:30,191.67190061979096,196.72972062264552,191.34584757082067,195.70384216308594,15429496,0.0,0.0
2013-05-20 00:00:00+05:30,195.46526251296444,196.33208551154465,191.4333342441912,192.41944885253906,15072865,0.0,0.0
2013-05-21 00:00:00+05:30,192.4194418870257,196.61838092708555,191.2106549900931,192.6103057861328,13731074,0.0,0.0
2013-05-22 00:00:00+05:30,193.24651820108076,195.15513066606167,191.5685335242355,192.46717834472656,14560749,0.0,0.0
2013-05-23 00:00:00+05:30,190.86074610847584,191.87866909106597,184.8565755821611,186.4550323486328,18462532,0.0,0.0
2013-05-24 00:00:00+05:30,188.6976564950135,192.56258706041385,187.31391658137926,191.5207977294922,14106999,0.0,0.0
2013-05-27 00:00:00+05:30,191.49692238088008,194.83698016903742,190.03365490094595,193.94630432128906,13687630,0.0,0.0
2013-05-28 00:00:00+05:30,194.5984221019553,196.9682764577651,194.02584378319975,195.94239807128906,14966160,0.0,0.0
2013-05-29 00:00:00+05:30,195.63225357062137,196.02987888140996,192.1490376947538,193.2305908203125,11424242,0.0,0.0
2013-05-30 00:00:00+05:30,193.24678096952795,193.64298668801706,189.56782480839797,191.27389526367188,23897703,3.636364,0.0
2013-05-31 00:00:00+05:30,190.9827725752809,192.24413266559492,185.64625120417944,186.68930053710938,18191398,0.0,0.0
2013-06-03 00:00:00+05:30,185.96968818452234,187.26338911226125,183.48739740888024,185.1853790283203,13596192,0.0,0.0
2013-06-04 00:00:00+05:30,185.96971049948078,188.5813648955377,183.49550802651177,184.06149291992188,12805567,0.0,0.0
2013-06-05 00:00:00+05:30,184.33639598150143,185.12070517073283,181.11831394001157,183.4469757080078,14967551,0.0,0.0
2013-06-06 00:00:00+05:30,182.41200147367127,188.03960372429572,181.6115151436581,186.71356201171875,10282987,0.0,0.0
2013-06-07 00:00:00+05:30,185.48455134560797,187.23105101639837,184.14233237241547,184.62747192382812,13126982,0.0,0.0
2013-06-10 00:00:00+05:30,185.3228282595703,187.23104558261025,179.3556268789972,180.7625274658203,16822921,0.0,0.0
2013-06-11 00:00:00+05:30,179.01604232169547,179.9782328747263,173.5663208640605,174.08380126953125,31926708,0.0,0.0
2013-06-12 00:00:00+05:30,173.07308830522433,176.10520016560355,172.83860035562478,174.8519287109375,17971541,0.0,0.0
2013-06-13 00:00:00+05:30,173.03268015347493,175.1996243037025,172.38582284847334,172.84671020507812,14672218,0.0,0.0
2013-06-14 00:00:00+05:30,175.7656080761756,178.60367509523613,173.84122709379847,178.2317352294922,19640098,0.0,0.0
2013-06-17 00:00:00+05:30,177.8840423215308,178.8300555855433,174.66596050395546,178.1185302734375,14558142,0.0,0.0
2013-06-18 00:00:00+05:30,177.38275335743714,177.79512270191816,175.46646073144672,176.42056274414062,10463062,0.0,0.0
2013-06-19 00:00:00+05:30,175.7494535671791,176.42863810877293,174.32637568402504,175.7332763671875,7688026,0.0,0.0
2013-06-20 00:00:00+05:30,172.70925599910458,172.70925599910458,167.64763802965442,169.1758270263672,26143441,0.0,0.0
2013-06-21 00:00:00+05:30,167.56676586145966,169.79840503540476,165.9415545065357,168.96559143066406,22564300,0.0,0.0
2013-06-24 00:00:00+05:30,167.61528050551763,170.44525884189005,166.4428678886364,169.66094970703125,22071538,0.0,0.0
2013-06-25 00:00:00+05:30,170.6069573703464,170.8495339136877,166.2649675306963,167.0250244140625,28836703,0.0,0.0
2013-06-26 00:00:00+05:30,168.14894584242265,169.2809290864697,165.15724966673736,165.94155883789062,22165990,0.0,0.0
2013-06-27 00:00:00+05:30,168.3430152456661,168.8281548696804,165.78795379731238,166.6531219482422,34649395,0.0,0.0
2013-06-28 00:00:00+05:30,169.47499179776133,174.0272042567227,168.82813451988557,173.15396118164062,26626495,0.0,0.0
2013-07-01 00:00:00+05:30,171.84409381652407,173.65527530853788,171.25384312939607,172.69308471679688,11799568,0.0,0.0
2013-07-02 00:00:00+05:30,173.12971248470598,175.2966703296048,172.81437920026792,174.5042724609375,15842376,0.0,0.0
2013-07-03 00:00:00+05:30,171.67430490460694,173.3075915097874,170.80104818353922,172.06240844726562,18527223,0.0,0.0
2013-07-04 00:00:00+05:30,172.06240352879638,173.00034188491628,169.1839203718992,172.01388549804688,16176704,0.0,0.0
2013-07-05 00:00:00+05:30,173.67952377133196,174.16466335689083,169.6447915395721,170.049072265625,15904383,0.0,0.0
2013-07-08 00:00:00+05:30,167.29184667532164,168.003385508045,165.12488935359255,166.2326202392578,19362282,0.0,0.0
2013-07-09 00:00:00+05:30,168.01957702243268,168.50471659929272,165.85263291250274,167.26760864257812,21259342,0.0,0.0
2013-07-10 00:00:00+05:30,167.68805242146348,169.79840329568702,167.37271918740677,167.94679260253906,11910833,0.0,0.0
2013-07-11 00:00:00+05:30,170.97083046430242,173.62292772447952,169.7903291359674,171.0840301513672,11951973,0.0,0.0
2013-07-12 00:00:00+05:30,172.7254075140477,172.7900891677117,170.04098317223455,171.480224609375,10987867,0.0,0.0
2013-07-15 00:00:00+05:30,170.76867720428385,172.12705972099013,169.89543420886017,171.5853271484375,10010192,0.0,0.0
2013-07-16 00:00:00+05:30,167.3727541847553,167.5344583495674,161.24383383715715,162.2707061767578,35235590,0.0,0.0
2013-07-17 00:00:00+05:30,163.1520386964309,163.59674890169788,156.5622444859258,158.5189666748047,33010593,0.0,0.0
2013-07-18 00:00:00+05:30,158.47850624715622,160.34628044116374,154.17694593881214,159.1981201171875,40802025,0.0,0.0
2013-07-19 00:00:00+05:30,159.12536011957212,159.88541703291398,154.3224963725147,155.1310577392578,29801794,0.0,0.0
2013-07-22 00:00:00+05:30,155.24427370342357,158.06616375516018,154.6621116297284,157.58102416992188,14668846,0.0,0.0
2013-07-23 00:00:00+05:30,160.09563860648495,160.7667480670266,158.9232259861154,160.03903198242188,19862078,0.0,0.0
2013-07-24 00:00:00+05:30,157.18481470692188,157.18481470692188,152.4547208285226,153.91822814941406,25522145,0.0,0.0
2013-07-25 00:00:00+05:30,152.17173171495017,153.94248373292206,150.04520343045314,151.1772003173828,29546368,0.0,0.0
2013-07-26 00:00:00+05:30,152.66494300932084,153.90205095782866,148.6706403054316,150.64353942871094,24788945,0.0,0.0
2013-07-29 00:00:00+05:30,150.50607241329618,152.15553594100334,149.27705318814515,150.16647338867188,17053421,0.0,0.0
2013-07-30 00:00:00+05:30,150.59502213812553,152.7134617867344,149.26089169694006,149.75411987304688,23377365,0.0,0.0
2013-07-31 00:00:00+05:30,149.5843009089659,149.5843009089659,144.26394370549136,147.00497436523438,42761911,0.0,0.0
2013-08-01 00:00:00+05:30,149.9077357680672,149.9077357680672,144.24779264230168,147.8378143310547,29563572,0.0,0.0
2013-08-02 00:00:00+05:30,148.45233674086157,148.7515063853242,142.9864514220426,143.45541381835938,32469283,0.0,0.0
2013-08-05 00:00:00+05:30,144.07798385540443,147.07775488173422,140.34242172828291,145.93768310546875,13765306,0.0,0.0
2013-08-06 00:00:00+05:30,144.8946599524378,144.8946599524378,139.49345612482242,140.09988403320312,24008127,0.0,0.0
2013-08-07 00:00:00+05:30,140.36667506717214,142.2587151576952,139.1538330311369,140.4071044921875,24653909,0.0,0.0
2013-08-08 00:00:00+05:30,140.6901248621325,142.99452089493317,139.4368397013756,141.50677490234375,23881990,0.0,0.0
2013-08-12 00:00:00+05:30,143.03494844628338,144.14267950466467,139.3317267849864,140.2130584716797,31439567,0.0,0.0
2013-08-13 00:00:00+05:30,138.76570577052064,145.16143885406927,137.63370920703318,144.33670043945312,22996369,0.0,0.0
2013-08-14 00:00:00+05:30,144.73292711930267,147.7973936011998,143.3664558893633,146.50369262695312,24325284,0.0,0.0
2013-08-16 00:00:00+05:30,144.5712110913111,144.95931456593246,138.42612857609305,138.84657287597656,34698262,0.0,0.0
2013-08-19 00:00:00+05:30,139.33170573606046,139.33170573606046,130.98732535870352,131.8524932861328,32644062,0.0,0.0
2013-08-20 00:00:00+05:30,128.87697880667676,135.00589759980144,127.57518935984997,134.28627014160156,36937593,0.0,0.0
2013-08-21 00:00:00+05:30,140.41520566643155,142.31533452641966,129.97665019374554,134.14883422851562,63672988,0.0,0.0
2013-08-22 00:00:00+05:30,133.73643905181265,135.11908724365628,129.69361911329247,134.3994598388672,41854169,0.0,0.0
2013-08-23 00:00:00+05:30,135.19188826670984,140.04327058318,132.8308855536587,137.9490966796875,43210046,0.0,0.0
2013-08-26 00:00:00+05:30,137.86821518380881,138.78997617973673,132.782345722524,134.2943572998047,36175271,0.0,0.0
2013-08-27 00:00:00+05:30,132.42661552634902,133.25134067961704,129.37023722710305,129.7906951904297,39921134,0.0,0.0
2013-08-28 00:00:00+05:30,128.07650276103413,130.7690154602965,122.40038280424702,128.7799530029297,43588979,0.0,0.0
2013-08-29 00:00:00+05:30,131.69886988844308,132.28103188344588,128.17352995036214,130.5345458984375,30345694,0.0,0.0
2013-08-30 00:00:00+05:30,131.1247991806689,133.8011348356027,128.80421260928242,129.9766387939453,81385683,0.0,0.0
2013-09-02 00:00:00+05:30,131.65036484191586,134.6582108501622,130.84178993181655,133.67176818847656,25276520,0.0,0.0
2013-09-03 00:00:00+05:30,134.86846434365108,134.86846434365108,125.57805560979726,126.71005249023438,31504698,0.0,0.0
2013-09-04 00:00:00+05:30,126.71815402782248,132.98452622497427,126.1359783278127,132.2406463623047,31392993,0.0,0.0
2013-09-05 00:00:00+05:30,140.20498061746275,146.762432949807,139.78452271116225,144.522705078125,48903976,0.0,0.0
2013-09-06 00:00:00+05:30,145.81638536843016,155.85874709558956,145.81638536843016,154.98550415039062,57729875,0.0,0.0
2013-09-10 00:00:00+05:30,155.7294358572894,158.8019779614264,155.41408897401917,156.79673767089844,38762086,0.0,0.0
2013-09-11 00:00:00+05:30,156.05280623087822,158.13890470360047,153.33602777138935,156.82093811035156,20022057,0.0,0.0
2013-09-12 00:00:00+05:30,155.06639410211076,155.0825577312972,152.0504454680132,153.82119750976562,25472507,0.0,0.0
2013-09-13 00:00:00+05:30,152.01001631747815,155.22809853692704,150.76483329431935,152.3253631591797,21111519,0.0,0.0
2013-09-16 00:00:00+05:30,156.86140586146007,159.93394770159932,153.7888640213208,156.8533172607422,28962010,0.0,0.0
2013-09-17 00:00:00+05:30,156.05282645636058,157.6376084416797,154.32250396073033,155.6404571533203,17370347,0.0,0.0
2013-09-18 00:00:00+05:30,156.52180080472948,157.7993382391838,155.62430544622035,157.3627166748047,16914892,0.0,0.0
2013-09-19 00:00:00+05:30,165.91729227880555,172.11898128640917,165.91729227880555,167.57484436035156,49554114,0.0,0.0
2013-09-20 00:00:00+05:30,166.96843573690748,167.5344341607261,155.2766088068091,159.65093994140625,30961557,0.0,0.0
2013-09-23 00:00:00+05:30,155.40597654014184,157.58102284086743,150.8133345053326,152.54367065429688,21412435,0.0,0.0
2013-09-24 00:00:00+05:30,150.74864225477612,155.01786212600948,150.74864225477612,152.7943115234375,13807678,0.0,0.0
2013-09-25 00:00:00+05:30,153.14201269593576,154.43571374525575,148.46851171774608,151.23379516601562,16844844,0.0,0.0
2013-09-26 00:00:00+05:30,151.5087004801323,154.72678243160289,151.06399035582533,152.9964599609375,17722391,0.0,0.0
2013-09-27 00:00:00+05:30,153.36841799686414,153.3845951995579,148.02382037100253,149.30943298339844,16665368,0.0,0.0
2013-09-30 00:00:00+05:30,146.64114241199405,148.20976075804188,142.17786393695948,142.89749145507812,18900326,0.0,0.0
2013-10-01 00:00:00+05:30,143.91628483020702,147.96718032779043,142.9540807741268,147.2799072265625,21525163,0.0,0.0
2013-10-03 00:00:00+05:30,148.61404886688365,152.0504417770909,146.38240951811827,151.66233825683594,23232891,0.0,0.0
2013-10-04 00:00:00+05:30,150.71631331835033,152.68921248917528,148.79193217750176,150.4899139404297,13725492,0.0,0.0
2013-10-07 00:00:00+05:30,148.6625427962407,148.77574247568907,144.40950014605338,148.16123962402344,17777111,0.0,0.0
2013-10-08 00:00:00+05:30,153.15816898384614,154.01524843259065,150.77291415012346,151.54104614257812,16082632,0.0,0.0
2013-10-09 00:00:00+05:30,148.93747367157056,154.4357132937124,146.83521116900687,153.69183349609375,24777016,0.0,0.0
2013-10-10 00:00:00+05:30,152.6568657878593,154.76721679572134,151.08015880330376,153.31179809570312,15558823,0.0,0.0
2013-10-11 00:00:00+05:30,155.40593867388316,162.00381908406288,153.78881617840767,161.23568725585938,28277942,0.0,0.0
2013-10-14 00:00:00+05:30,160.43525728544756,162.50517897317005,159.5377483616837,161.2519073486328,15013905,0.0,0.0
2013-10-15 00:00:00+05:30,162.06851907025455,162.513229126752,157.0392429897292,157.59715270996094,10947931,0.0,0.0
2013-10-17 00:00:00+05:30,157.79122450243403,159.39218355493324,154.904653191348,156.03663635253906,23994982,0.0,0.0
2013-10-18 00:00:00+05:30,157.18480955430212,163.87972730783773,157.18480955430212,163.14393615722656,24448578,0.0,0.0
2013-10-21 00:00:00+05:30,163.3299013842806,165.8606966111066,162.27876344430808,163.37033081054688,14406821,0.0,0.0
2013-10-22 00:00:00+05:30,161.3893611326762,166.07902581415053,161.3893611326762,163.3541717529297,17948997,0.0,0.0
2013-10-23 00:00:00+05:30,163.6533111490449,166.2407128103427,162.56174386333893,165.87686157226562,16787435,0.0,0.0
2013-10-24 00:00:00+05:30,165.1087522733599,169.44265404213854,163.7099266078139,165.0925750732422,17110005,0.0,0.0
2013-10-25 00:00:00+05:30,165.8202605009464,167.85784107384887,162.7153784034712,165.3027801513672,35171977,0.0,0.0
2013-10-28 00:00:00+05:30,165.59390763125901,168.3268504223703,163.1682095283794,164.13848876953125,18652799,0.0,0.0
2013-10-29 00:00:00+05:30,165.10065706127673,174.55276942499106,162.22217413078153,173.78463745117188,29328299,0.0,0.0
2013-10-30 00:00:00+05:30,174.97321615702532,178.99987316090838,174.55277182274727,177.7223358154297,28588340,0.0,0.0
2013-10-31 00:00:00+05:30,176.76823416608133,182.73543585402084,175.8869024969285,181.27194213867188,31071430,0.0,0.0
2013-11-01 00:00:00+05:30,181.0859766921491,184.35256325466605,179.04030730837349,183.29335021972656,18527624,0.0,0.0
2013-11-05 00:00:00+05:30,180.5280326692999,183.6733439211318,176.5822351642187,177.23716735839844,21797308,0.0,0.0
2013-11-06 00:00:00+05:30,177.88403959622028,177.88403959622028,174.0918708559817,174.71446228027344,15238751,0.0,0.0
2013-11-07 00:00:00+05:30,175.5392122205717,176.59035018512628,169.63669227683837,170.03289794921875,20711839,0.0,0.0
2013-11-08 00:00:00+05:30,169.45882164195757,171.02744008811604,168.34300195198634,169.78225708007812,14738262,0.0,0.0
2013-11-11 00:00:00+05:30,167.8659675568996,170.25123629139253,165.80413429249262,167.728515625,14205246,0.0,0.0
2013-11-12 00:00:00+05:30,167.85784878796005,168.6664237463774,163.02264409402332,163.7746124267578,17580420,0.0,0.0
2013-11-13 00:00:00+05:30,161.61575598656566,165.4160002278442,161.0174167139162,164.12229919433594,19424333,0.0,0.0
2013-11-14 00:00:00+05:30,166.07092788686853,172.6849728458775,166.07092788686853,170.13800048828125,18201832,0.0,0.0
2013-11-18 00:00:00+05:30,171.90066219140508,175.9111417049795,171.26998216421353,173.62290954589844,18228419,0.0,0.0
2013-11-19 00:00:00+05:30,174.27785745387536,176.21841573384435,173.03267448616367,175.45835876464844,17385560,0.0,0.0
2013-11-20 00:00:00+05:30,174.1646438186212,174.1646438186212,168.35916021515894,169.66094970703125,12389960,0.0,0.0
2013-11-21 00:00:00+05:30,168.16509811869832,168.36724524049475,165.27043819201424,166.6045684814453,13863921,0.0,0.0
2013-11-22 00:00:00+05:30,168.18129203785222,168.77963129208723,163.62907954575059,165.03598022460938,17010537,0.0,0.0
2013-11-25 00:00:00+05:30,167.45354299157304,174.47996997658234,166.94415129416927,173.77651977539062,20881300,0.0,0.0
2013-11-26 00:00:00+05:30,172.38583056624745,175.37752707503824,167.99533543894563,168.7877197265625,20095630,0.0,0.0
2013-11-27 00:00:00+05:30,170.93040416217502,171.0112494438727,167.67189280820193,168.6098175048828,14816301,0.0,0.0
2013-11-28 00:00:00+05:30,170.9789211715124,172.15942251439563,166.6369307234375,167.87403869628906,21809337,0.0,0.0
2013-11-29 00:00:00+05:30,168.98985168818513,173.5097233044231,168.82813397636772,172.81436157226562,12891444,0.0,0.0
2013-12-02 00:00:00+05:30,173.09735937922292,177.88405994021957,173.09735937922292,175.9920196533203,15862258,0.0,0.0
2013-12-03 00:00:00+05:30,175.59582628804304,177.83554065021733,174.49617024994174,175.52305603027344,13775069,0.0,0.0
2013-12-04 00:00:00+05:30,174.3910803006542,174.3910803006542,171.4559902623998,172.42626953125,16082533,0.0,0.0
2013-12-05 00:00:00+05:30,179.25862341990546,184.43342760521654,179.25862341990546,183.6814727783203,43417099,0.0,0.0
2013-12-06 00:00:00+05:30,183.60867082014988,185.5815698103272,181.58726737591437,184.9832305908203,18361233,0.0,0.0
2013-12-09 00:00:00+05:30,194.05532690290082,195.12262845942868,192.61607191428413,194.33023071289062,33902616,0.0,0.0
2013-12-10 00:00:00+05:30,194.05532360920637,194.5566267668413,186.58418569736733,187.31997680664062,27365360,0.0,0.0
2013-12-11 00:00:00+05:30,185.6462474622894,189.6567270092705,184.52235287153673,187.31997680664062,16227854,0.0,0.0
2013-12-12 00:00:00+05:30,186.78635048447703,186.93997960031967,182.46052372651366,183.15589904785156,14555046,0.0,0.0
2013-12-13 00:00:00+05:30,180.30974089309447,180.30974089309447,174.64979733848685,175.45835876464844,25356595,0.0,0.0
2013-12-16 00:00:00+05:30,176.10520563263196,178.52281473961605,175.4583483870755,177.48785400390625,11417488,0.0,0.0
2013-12-17 00:00:00+05:30,179.50117102188645,181.36087035745018,176.29117769674446,177.609130859375,13249758,0.0,0.0
2013-12-18 00:00:00+05:30,176.00819952216813,183.17206648626535,174.90045485933862,177.20486450195312,40179903,0.0,0.0
2013-12-19 00:00:00+05:30,179.50117985933815,179.8084380876828,171.14872320876933,171.98153686523438,21106184,0.0,0.0
2013-12-20 00:00:00+05:30,173.0326697013119,176.3639513707231,172.36964880733478,175.89498901367188,15528089,0.0,0.0
2013-12-23 00:00:00+05:30,175.78177962181996,178.99986143122456,175.78177962181996,177.56869506835938,11206459,0.0,0.0
2013-12-24 00:00:00+05:30,177.88404427022056,179.48500338294764,175.99200414999316,177.6980743408203,9597725,0.0,0.0
2013-12-26 00:00:00+05:30,177.07546841167826,178.81387928649184,176.6469219634415,177.82742309570312,14374063,0.0,0.0
2013-12-27 00:00:00+05:30,179.17774420158895,180.11568244291144,178.27214678631546,179.54159545898438,7796519,0.0,0.0
2013-12-30 00:00:00+05:30,180.30971374581637,181.91067272860414,176.7843875442401,177.35037231445312,7419764,0.0,0.0
2013-12-31 00:00:00+05:30,178.06195907165423,179.30715575849877,176.92188705414623,177.6819305419922,4356632,0.0,0.0
2014-01-01 00:00:00+05:30,178.02959587332887,178.86242309357826,176.59035437347183,177.51211547851562,3102869,0.0,0.0
2014-01-02 00:00:00+05:30,177.26145420892803,180.7948693235523,173.04882745239195,173.93824768066406,11321513,0.0,0.0
2014-01-03 00:00:00+05:30,172.70924102436916,173.84122423063366,168.98984242818824,172.5151824951172,15567502,0.0,0.0
2014-01-06 00:00:00+05:30,172.3857995409773,172.87093906126577,167.3807888114711,168.31063842773438,14802265,0.0,0.0
2014-01-07 00:00:00+05:30,168.9979281202917,171.28616029178409,165.56961059122966,169.79840087890625,18566515,0.0,0.0
2014-01-08 00:00:00+05:30,170.44525470337047,172.03812516095252,168.71491877479653,170.49375915527344,18955475,0.0,0.0
2014-01-09 00:00:00+05:30,172.19178788101348,172.3211512066477,168.54515896040314,169.93588256835938,19238686,0.0,0.0
2014-01-10 00:00:00+05:30,169.3698748493231,170.54228750875288,164.72871509496912,165.6747283935547,21835286,0.0,0.0
2014-01-13 00:00:00+05:30,166.58034026695384,171.59344032388654,166.58034026695384,170.5908203125,17981914,0.0,0.0
2014-01-14 00:00:00+05:30,170.12182454344324,171.57724314628578,167.04928320731486,167.60719299316406,16934159,0.0,0.0
2014-01-15 00:00:00+05:30,168.9898281758166,172.83858975258246,168.6502291711359,171.14869689941406,18898968,0.0,0.0
2014-01-16 00:00:00+05:30,172.4667057077205,172.4667057077205,169.64481525955847,171.23768615722656,8986741,0.0,0.0
2014-01-17 00:00:00+05:30,170.34823297579564,171.72279280093233,166.733958859987,167.29995727539062,9672228,0.0,0.0
2014-01-20 00:00:00+05:30,167.29189134520226,169.47501287590558,166.2407532272244,168.82815551757812,10617040,0.0,0.0
2014-01-21 00:00:00+05:30,170.28356315475128,174.6498059279413,169.60436500906317,174.33447265625,14897789,0.0,0.0
2014-01-22 00:00:00+05:30,174.68215480493015,176.42865470895606,172.90331406935456,175.93544006347656,12788578,0.0,0.0
2014-01-23 00:00:00+05:30,176.42864180240184,176.42864180240184,173.3722773725517,174.5608673095703,10274170,0.0,0.0
2014-01-24 00:00:00+05:30,172.0785815035365,173.67952723922247,170.21888198367407,171.1244659423828,10283619,0.0,0.0
2014-01-27 00:00:00+05:30,167.98722583741036,168.0599960908794,162.88519235202472,163.2975616455078,27904404,0.0,0.0
2014-01-28 00:00:00+05:30,163.44310165803537,166.38626618630255,158.2763729629364,164.7287139892578,26612800,0.0,0.0
2014-01-29 00:00:00+05:30,166.85522454024937,167.90634880192383,161.00122335529068,161.93914794921875,26522925,0.0,0.0
2014-01-30 00:00:00+05:30,159.58622863801378,160.46756015256895,155.81023745700534,157.59715270996094,27447838,0.0,0.0
2014-01-31 00:00:00+05:30,159.20625913304647,160.64550090035868,157.09590773345496,159.72373962402344,14484481,0.0,0.0
2014-02-03 00:00:00+05:30,158.64022176261187,158.8019394657509,154.50037884841814,155.8102569580078,19562653,0.0,0.0
2014-02-04 00:00:00+05:30,153.60285099120253,157.3465013545879,152.592142614775,156.64305114746094,16988900,0.0,0.0
2014-02-05 00:00:00+05:30,157.66187501950603,158.2602006918082,154.47613383355863,156.25497436523438,16441700,0.0,0.0
2014-02-06 00:00:00+05:30,156.8613788233887,157.57291770583706,152.98836475227864,154.9289093017578,22979121,0.0,0.0
2014-02-07 00:00:00+05:30,156.8613997944576,157.18482166736374,153.70799921206066,155.31704711914062,15640619,0.0,0.0
2014-02-10 00:00:00+05:30,155.75364879910327,156.50561711122688,154.63782922997643,155.33319091796875,8923442,0.0,0.0
2014-02-11 00:00:00+05:30,156.0366463825321,157.42738337613594,155.56768403255424,156.6754150390625,11240361,0.0,0.0
2014-02-12 00:00:00+05:30,158.03379721583877,161.9957585411664,158.03379721583877,161.58338928222656,21465790,0.0,0.0
2014-02-13 00:00:00+05:30,161.7936110870294,163.1681707567957,158.47850696754432,159.0606689453125,24636953,0.0,0.0
2014-02-14 00:00:00+05:30,159.4487650895705,160.30584439055045,156.8937043837038,159.844970703125,15133266,0.0,0.0
2014-02-17 00:00:00+05:30,160.25736778681622,163.9525008126778,159.93393236094676,163.19244384765625,14271416,0.0,0.0
2014-02-18 00:00:00+05:30,163.6533317397225,168.7957948850051,162.40814877464126,167.8255157470703,19122130,0.0,0.0
2014-02-19 00:00:00+05:30,167.51826122761585,168.6259922138978,166.1679536853955,166.70968627929688,11779856,0.0,0.0
2014-02-20 00:00:00+05:30,164.607419561456,164.94701858775778,162.68303865055455,162.98220825195312,10389857,0.0,0.0
2014-02-21 00:00:00+05:30,163.4996831223927,167.0250229982318,163.4996831223927,165.80409240722656,8404451,0.0,0.0
2014-02-24 00:00:00+05:30,164.96325195872237,168.5856156631255,164.65599365342212,167.5668182373047,10661106,0.0,0.0
2014-02-25 00:00:00+05:30,168.79579455643545,169.474992665963,165.76368243489875,166.74205017089844,15457821,0.0,0.0
2014-02-26 00:00:00+05:30,166.74203857373487,168.15701417962222,166.25689903945403,167.60719299316406,10073030,0.0,0.0
2014-02-28 00:00:00+05:30,168.9898639965133,169.61245551799448,166.7258837235549,168.80389404296875,15521473,0.0,0.0
2014-03-03 00:00:00+05:30,167.72849308213097,169.96013238269427,165.17343192642812,166.5318145751953,18154565,0.0,0.0
2014-03-04 00:00:00+05:30,166.88757350953895,173.3560777983699,166.88757350953895,172.88711547851562,15723317,0.0,0.0
2014-03-05 00:00:00+05:30,173.8412050471684,178.28830567295986,172.33728214724445,177.78700256347656,21977021,0.0,0.0
2014-03-06 00:00:00+05:30,178.64411401640498,184.4900415430625,178.42580322851637,183.3742218017578,23331583,0.0,0.0
2014-03-07 00:00:00+05:30,185.1692216482629,198.9067323228025,184.22320825701198,194.3625946044922,45170196,0.0,0.0
2014-03-10 00:00:00+05:30,191.46791578203457,196.3920815311342,191.18492336626028,193.02037048339844,42221157,0.0,0.0
2014-03-11 00:00:00+05:30,193.85318703356256,199.28673107031423,192.502879445535,193.75616455078125,44639886,0.0,0.0
2014-03-12 00:00:00+05:30,193.08503953472373,197.77470344539265,192.11476049900602,195.93927001953125,21739498,0.0,0.0
2014-03-13 00:00:00+05:30,196.31928699393197,200.7663879790269,196.31928699393197,197.28956604003906,17975842,0.0,0.0
2014-03-14 00:00:00+05:30,193.4570096432313,197.21682453046841,192.11479055289803,196.4810333251953,24014875,0.0,0.0
2014-03-18 00:00:00+05:30,196.4810169290211,199.06841883213434,193.85318559884587,194.7830352783203,19604816,0.0,0.0
2014-03-19 00:00:00+05:30,195.83415871235195,197.87173925634403,194.54044428528476,195.6643524169922,18888683,0.0,0.0
2014-03-20 00:00:00+05:30,195.4298920920539,197.2572507463609,193.59445840897308,194.17662048339844,16807334,0.0,0.0
2014-03-21 00:00:00+05:30,195.67245222655882,196.31929590567634,192.6484288480114,193.98255920410156,19290540,0.0,0.0
2014-03-24 00:00:00+05:30,194.70218416847263,201.96308698540716,194.70218416847263,200.87960815429688,20422748,0.0,0.0
2014-03-25 00:00:00+05:30,200.20040044717513,203.58827489165273,199.5535432347699,202.55331420898438,16143154,0.0,0.0
2014-03-26 00:00:00+05:30,204.29176596522302,205.16502269784291,202.39972554460388,203.19212341308594,13291063,0.0,0.0
2014-03-27 00:00:00+05:30,203.7742558440298,206.34549406317353,201.51027583527147,203.59637451171875,35664090,0.0,0.0
2014-03-28 00:00:00+05:30,205.2135051399724,205.5369405618195,201.8175417823876,203.62872314453125,11252411,0.0,0.0
2014-03-31 00:00:00+05:30,205.860371672505,205.860371672505,200.60470868878627,201.3404998779297,13578647,0.0,0.0
2014-04-01 00:00:00+05:30,202.51291345756667,203.4751040275742,197.0631919037779,197.92835998535156,23417124,0.0,0.0
2014-04-02 00:00:00+05:30,198.93097577027785,202.51290916687748,198.93097577027785,201.01707458496094,21486437,0.0,0.0
2014-04-03 00:00:00+05:30,201.32430383267607,201.44559210997159,198.10622197068759,199.51312255859375,27446622,0.0,0.0
2014-04-04 00:00:00+05:30,198.9067219304366,201.31624258500693,196.52145350439523,198.9794921875,13921022,0.0,0.0
2014-04-07 00:00:00+05:30,199.27865460842938,199.82038721681104,194.44343627416075,195.53500366210938,21844784,0.0,0.0
2014-04-09 00:00:00+05:30,197.85557474859317,204.32407944144424,195.99587540831226,203.7257537841797,25150895,0.0,0.0
2014-04-10 00:00:00+05:30,202.3026529055815,205.35094175624317,200.0386731282852,201.71240234375,21686857,0.0,0.0
2014-04-11 00:00:00+05:30,199.71526281680013,200.81490515965123,198.37304392770312,199.8850555419922,16585882,0.0,0.0
2014-04-15 00:00:00+05:30,200.28126776993724,200.7421415085935,196.54569197817048,197.2006378173828,12426375,0.0,0.0
2014-04-16 00:00:00+05:30,196.09294612566214,200.03873129295764,196.09294612566214,197.7019805908203,10880776,0.0,0.0
2014-04-17 00:00:00+05:30,198.92287171166163,205.90078158990954,198.47816160023635,204.21896362304688,15660562,0.0,0.0
2014-04-21 00:00:00+05:30,205.21351979223354,208.91675520787012,203.32956803995523,207.3157958984375,17192499,0.0,0.0
2014-04-22 00:00:00+05:30,206.91956288694973,210.00019280743308,205.37521041276997,208.59329223632812,10952617,0.0,0.0
2014-04-23 00:00:00+05:30,208.47203459640969,211.03517079737907,207.2187494530197,210.15383911132812,28399723,0.0,0.0
2014-04-24 00:00:00+05:30,210.15383911132812,210.15383911132812,210.15383911132812,210.15383911132812,0,0.0,0.0
2014-04-25 00:00:00+05:30,210.94622034588386,213.21827533974786,203.1678377536682,205.45606994628906,26271410,0.0,0.0
2014-04-28 00:00:00+05:30,206.1838048327603,207.63922366184536,202.32695375714528,206.26466369628906,19357426,0.0,0.0
2014-04-29 00:00:00+05:30,206.3454948625865,206.91149325983775,202.23799271855393,204.2108917236328,12507649,0.0,0.0
2014-04-30 00:00:00+05:30,205.13265184579112,206.82254485875367,199.7152715991093,201.0736541748047,19888929,0.0,0.0
2014-05-02 00:00:00+05:30,202.14096616945653,204.4372871217115,201.66391520201694,202.52908325195312,9145994,0.0,0.0
2014-05-05 00:00:00+05:30,201.5345656374864,206.50723636378464,200.20043512903942,202.5371856689453,14052241,0.0,0.0
2014-05-06 00:00:00+05:30,204.4373020930455,206.9923634302514,204.4373020930455,206.2808380126953,7045379,0.0,0.0
2014-05-07 00:00:00+05:30,206.34548412635877,206.50720182329513,203.22442486151758,205.48031616210938,28329075,0.0,0.0
2014-05-08 00:00:00+05:30,206.16764048058042,209.7091446903202,204.76881471798004,208.44778442382812,16439945,0.0,0.0
2014-05-09 00:00:00+05:30,207.82516963670832,224.92630158345384,207.3157778553286,222.93722534179688,34424511,0.0,0.0
2014-05-12 00:00:00+05:30,223.4951412147986,228.7103745943659,219.95363730523067,226.1876678466797,28438118,0.0,0.0
2014-05-13 00:00:00+05:30,229.30869725395138,230.92581997887672,225.34673572070403,226.52723693847656,22394201,0.0,0.0
2014-05-14 00:00:00+05:30,224.2956363602585,228.59719740200438,222.71084071326385,227.91799926757812,20961468,0.0,0.0
2014-05-15 00:00:00+05:30,227.91798207431086,227.99884092775864,223.9964498253773,225.60548400878906,22401164,0.0,0.0
2014-05-16 00:00:00+05:30,234.48351729706636,257.6407988587449,229.2602089001833,236.95773315429688,64509505,0.0,0.0
2014-05-19 00:00:00+05:30,239.49660902788548,241.52608742105616,233.71537775975372,237.45901489257812,42620820,0.0,0.0
2014-05-20 00:00:00+05:30,239.32678729549573,240.14343718819606,232.94721724262516,234.4673309326172,22394427,0.0,0.0
2014-05-21 00:00:00+05:30,235.29205887011864,235.60740566848088,229.8099971671383,232.955322265625,19602885,0.0,0.0
2014-05-22 00:00:00+05:30,233.20600272352613,240.14346988525253,233.20600272352613,234.72608947753906,17050280,0.0,0.0
2014-05-23 00:00:00+05:30,236.12488633908134,237.67732739234256,233.67493648492606,236.23001098632812,18774596,0.0,0.0
2014-05-26 00:00:00+05:30,235.77722268833764,242.26189099003494,233.67494679425684,235.21929931640625,22024612,0.0,0.0
2014-05-27 00:00:00+05:30,233.67492904026852,235.38908773793625,230.8530394254549,234.01454162597656,10500330,0.0,0.0
2014-05-28 00:00:00+05:30,234.49160011263123,237.52371214573338,233.0766108781233,235.48614501953125,13082932,0.0,0.0
2014-05-29 00:00:00+05:30,235.77720529236908,237.63690449000978,230.73176523319603,232.37315368652344,24559144,0.0,0.0
2014-05-30 00:00:00+05:30,232.9472543528433,234.2247917152612,227.166022536579,229.31680297851562,17143027,0.0,0.0
2014-06-02 00:00:00+05:30,228.21716717410857,237.71779809786125,228.03118365567386,236.77984619140625,15135730,0.0,0.0
2014-06-03 00:00:00+05:30,236.45642155619672,238.96296458105834,232.87447478190342,235.8338165283203,19736579,0.0,0.0
2014-06-04 00:00:00+05:30,239.86749425691303,244.24620129463543,237.25504075207954,241.42837524414062,12880208,4.181818,0.0
2014-06-05 00:00:00+05:30,241.5285311262729,245.5345431702503,239.91778301842893,244.2242431640625,21069081,4.181818,0.0
2014-06-06 00:00:00+05:30,245.80159208570538,250.93428443546858,243.6984554050177,248.08834838867188,21390919,0.0,0.0
2014-06-09 00:00:00+05:30,248.06331395401173,252.32805779623794,247.6209906797295,249.0731658935547,21202940,0.0,0.0
2014-06-10 00:00:00+05:30,249.12328176741715,249.12328176741715,246.03531142939312,247.24545288085938,10364431,0.0,0.0
2014-06-11 00:00:00+05:30,246.702953420636,250.7256634704788,243.69847224066368,245.35093688964844,12749231,0.0,0.0
2014-06-12 00:00:00+05:30,245.36760277877292,246.03526206347672,241.72045335057197,243.59828186035156,11788678,0.0,0.0
2014-06-13 00:00:00+05:30,244.08238372282923,246.86987773616823,237.2888493911493,238.41555786132812,16782672,0.0,0.0
2014-06-16 00:00:00+05:30,237.6226958621954,238.5240402357213,233.85036850106954,236.01194763183594,13089175,0.0,0.0
2014-06-17 00:00:00+05:30,236.0203015903852,242.3380892512253,234.85187662754507,241.94583129882812,15687243,0.0,0.0
2014-06-18 00:00:00+05:30,241.33658492097396,243.3228933395359,235.72820116057773,237.27218627929688,13210807,0.0,0.0
2014-06-19 00:00:00+05:30,239.0915465875518,239.61733075632097,233.22441778895754,235.64471435546875,16235054,0.0,0.0
2014-06-20 00:00:00+05:30,236.1871954503364,237.85635776145583,232.43156624210735,233.15765380859375,16995341,0.0,0.0
2014-06-23 00:00:00+05:30,233.6834466171723,236.9383244507904,233.25780713029022,236.05364990234375,11711777,0.0,0.0
2014-06-24 00:00:00+05:30,238.02330796891377,241.3449352003764,236.47097394697653,240.24330139160156,12547546,0.0,0.0
2014-06-25 00:00:00+05:30,239.35860060553577,239.35860060553577,236.57110680266624,237.10523986816406,6914721,0.0,0.0
2014-06-26 00:00:00+05:30,238.02329685154584,238.87457585554347,233.68345491652047,234.1257781982422,14728395,0.0,0.0
2014-06-27 00:00:00+05:30,234.51801439565457,235.38597709892568,229.76088229352504,231.1212615966797,14970114,0.0,0.0
2014-06-30 00:00:00+05:30,232.3480928608146,238.80775458062323,232.3480928608146,236.7129669189453,13310649,0.0,0.0
2014-07-01 00:00:00+05:30,237.11361703769785,242.28802647368394,237.11361703769785,240.03463745117188,15801005,0.0,0.0
2014-07-02 00:00:00+05:30,242.863835612573,243.86533856507617,241.7788997624126,242.36309814453125,13500459,0.0,0.0
2014-07-03 00:00:00+05:30,242.4799886460487,244.53308843458055,242.02931640459346,242.70535278320312,13249676,0.0,0.0
2014-07-04 00:00:00+05:30,242.8972744920202,244.86688517599865,239.5255538212649,244.17417907714844,7890861,0.0,0.0
2014-07-07 00:00:00+05:30,245.1840052036384,245.1840052036384,240.73566983728176,242.25460815429688,10595145,0.0,0.0
2014-07-08 00:00:00+05:30,244.67489280572997,244.67489280572997,233.44973643658287,235.55288696289062,11441408,0.0,0.0
2014-07-09 00:00:00+05:30,235.5362336117486,237.75622703100254,232.86556799645328,234.19256591796875,15815585,0.0,0.0
2014-07-10 00:00:00+05:30,234.55142878189722,243.16434992356113,228.95137987244016,231.84738159179688,21087066,0.0,0.0
2014-07-11 00:00:00+05:30,231.34661119452994,234.58479124506567,225.50452887367507,226.4392547607422,12540753,0.0,0.0
2014-07-14 00:00:00+05:30,229.4938485517085,229.4938485517085,222.55011791721677,224.3778533935547,17222782,0.0,0.0
2014-07-15 00:00:00+05:30,226.8398621967198,233.98389567230348,226.24730086686628,232.78208923339844,20701505,0.0,0.0
2014-07-16 00:00:00+05:30,235.79495521059144,245.08385621497223,235.75321074065454,243.84034729003906,34666637,0.0,0.0
2014-07-17 00:00:00+05:30,243.59828263418893,243.59828263418893,240.560406263538,242.12940979003906,13358004,0.0,0.0
2014-07-18 00:00:00+05:30,239.52555177343393,248.27199930229781,239.52555177343393,247.11192321777344,22105369,0.0,0.0
2014-07-21 00:00:00+05:30,248.37212380176643,249.81597821284032,246.37749451745245,247.4707794189453,10873830,0.0,0.0
2014-07-22 00:00:00+05:30,248.29704000915916,248.68929800179697,244.82518835830115,247.57931518554688,9693398,0.0,0.0
2014-07-23 00:00:00+05:30,249.81599297557253,252.44491424748873,248.9062716283099,251.37664794921875,22595353,0.0,0.0
2014-07-24 00:00:00+05:30,251.19306562402593,251.8440272909617,248.71434031649534,251.44342041015625,18655884,0.0,0.0
2014-07-25 00:00:00+05:30,250.59211322991558,251.26814952274964,245.27582882117062,246.31069946289062,11547481,0.0,0.0
2014-07-28 00:00:00+05:30,247.7044346165043,247.7711977461178,240.79410049625224,242.19618225097656,7511350,0.0,0.0
2014-07-30 00:00:00+05:30,242.84718537691555,249.87437637936702,241.19469276497412,248.4472198486328,16305135,0.0,0.0
2014-07-31 00:00:00+05:30,249.4988301160719,251.20970904634237,244.73334855445458,245.57627868652344,21827960,0.0,0.0
2014-08-01 00:00:00+05:30,244.08238522389982,251.12624633902794,243.4063489310658,246.31069946289062,25283104,0.0,0.0
2014-08-04 00:00:00+05:30,249.05646219412333,250.5420047644622,247.1369172860295,248.93960571289062,11518006,0.0,0.0
2014-08-05 00:00:00+05:30,248.72264374516325,250.17481890825286,244.71663170225895,248.13009643554688,10886089,0.0,0.0
2014-08-06 00:00:00+05:30,247.0201151959623,247.9965716421839,240.77743943605657,241.54525756835938,11961031,0.0,0.0
2014-08-07 00:00:00+05:30,242.69694962451405,245.00040368788441,240.5270218214033,241.16966247558594,10130070,0.0,0.0
2014-08-08 00:00:00+05:30,238.69100139005064,240.58550026852924,235.65312406804725,239.8844451904297,14898592,0.0,0.0
2014-08-11 00:00:00+05:30,241.35326026637568,242.51333622111792,239.3753009260515,240.5103302001953,7812183,0.0,0.0
2014-08-12 00:00:00+05:30,242.95568050653392,244.85017909191143,240.376824740029,244.24928283691406,7573830,0.0,0.0
2014-08-13 00:00:00+05:30,242.89726769467484,244.53306263347102,241.02778776462208,242.3965301513672,9495711,0.0,0.0
2014-08-14 00:00:00+05:30,243.39797655782846,248.63917644669792,243.39797655782846,246.97836303710938,13636485,0.0,0.0
2014-08-18 00:00:00+05:30,248.12171678835546,256.5510164076108,247.3455499500138,255.49942016601562,21247732,0.0,0.0
2014-08-19 00:00:00+05:30,257.0518513393466,260.2649994810884,254.77344331515042,257.5359191894531,18915512,0.0,0.0
2014-08-20 00:00:00+05:30,257.88636334448285,258.8127543171287,255.7164355148885,257.51080322265625,9462876,0.0,0.0
2014-08-21 00:00:00+05:30,257.0517889504636,261.02440546941284,255.80825206077648,257.8780212402344,15249839,0.0,0.0
2014-08-22 00:00:00+05:30,257.90307559491174,259.6807456155325,256.49261682329063,256.9766845703125,13225470,0.0,0.0
2014-08-25 00:00:00+05:30,257.46912197452934,259.0548235964273,251.74385352029296,252.76205444335938,6260974,0.0,0.0
2014-08-26 00:00:00+05:30,247.8713568017053,253.2877993655696,247.38728909079268,251.7187957763672,9349499,0.0,0.0
2014-08-27 00:00:00+05:30,255.88340777654912,258.5540736227378,254.09741662666363,257.1018981933594,12302625,0.0,0.0
2014-08-28 00:00:00+05:30,257.55256358221794,261.0578386775647,257.55256358221794,259.85601806640625,22862356,0.0,0.0
2014-09-01 00:00:00+05:30,260.05624796751766,267.5341096208128,260.05624796751766,266.7829895019531,14692249,0.0,0.0
2014-09-02 00:00:00+05:30,267.0501133728035,270.21319562606186,265.06380496462714,265.5812683105469,12260539,0.0,0.0
2014-09-03 00:00:00+05:30,266.8998762184215,267.29213414754344,262.64350927149525,263.86199951171875,9697814,0.0,0.0
2014-09-04 00:00:00+05:30,264.17914997678866,264.5714079126876,257.43570906977254,262.334716796875,15945864,0.0,0.0
2014-09-05 00:00:00+05:30,262.33471966637484,263.8202905026403,256.5427164149618,258.22857666015625,12019744,0.0,0.0
2014-09-08 00:00:00+05:30,260.80746147894916,262.38481429338896,258.53740252541724,261.6921081542969,8527112,0.0,0.0
2014-09-09 00:00:00+05:30,260.8575024917025,260.8575024917025,256.96834661151695,258.0115661621094,8552346,0.0,0.0
2014-09-10 00:00:00+05:30,261.05778551826904,263.3612395334041,258.23689624314795,262.0759582519531,14187943,0.0,0.0
2014-09-11 00:00:00+05:30,263.2277413407103,264.5630882491034,260.6572342629966,261.36663818359375,9666635,0.0,0.0
2014-09-12 00:00:00+05:30,262.7269720406608,262.7269720406608,259.9060825051165,261.12457275390625,6356713,0.0,0.0
2014-09-15 00:00:00+05:30,259.81428448702815,260.63216794716493,256.81812407605946,259.2801513671875,7465540,0.0,0.0
2014-09-16 00:00:00+05:30,258.8878370533526,259.91438661449166,253.98883022057257,254.67318725585938,7520914,0.0,0.0
2014-09-17 00:00:00+05:30,255.74985233593011,257.6693975716397,254.54805984624176,255.3408966064453,10495633,0.0,0.0
2014-09-18 00:00:00+05:30,254.54802156797288,261.558514058833,254.13071700712692,261.22467041015625,6706084,0.0,0.0
2014-09-19 00:00:00+05:30,262.04263512184366,263.14426895731566,259.8059438562373,262.4265441894531,10378769,0.0,0.0
2014-09-22 00:00:00+05:30,260.39011478100485,266.0903359462722,259.78086967405557,263.5364990234375,10506210,0.0,0.0
2014-09-23 00:00:00+05:30,263.5615609421466,265.69809338682956,255.96684088396282,256.8014221191406,21190009,0.0,0.0
2014-09-24 00:00:00+05:30,256.88490705309835,258.72099154537705,250.06635335013635,253.11257934570312,17279366,0.0,0.0
2014-09-25 00:00:00+05:30,252.21120195938406,253.65502828316252,242.4465822586146,244.58311462402344,30332934,0.0,0.0
2014-09-26 00:00:00+05:30,244.6999381742792,247.42069693930756,239.52552920914977,246.69459533691406,18873354,0.0,0.0
2014-09-29 00:00:00+05:30,246.91994074640584,247.036797245924,242.52169856315118,243.44808959960938,7073148,0.0,0.0
2014-09-30 00:00:00+05:30,242.863867111728,245.0170973380602,238.27365632425185,239.28350830078125,13333391,0.0,0.0
2014-10-01 00:00:00+05:30,240.86086117783333,240.86086117783333,236.85484931037612,238.49899291992188,10776667,0.0,0.0
2014-10-07 00:00:00+05:30,236.18720847735685,243.1142408554925,236.18720847735685,238.63253784179688,18449612,0.0,0.0
2014-10-08 00:00:00+05:30,238.2903513596104,242.80545006415562,238.1902206640238,241.7872772216797,10532802,0.0,0.0
2014-10-09 00:00:00+05:30,242.86385987664679,249.50716999580297,242.86385987664679,248.43890380859375,12238358,0.0,0.0
2014-10-10 00:00:00+05:30,245.53454831706227,247.4540654439147,242.596802354376,243.523193359375,9018405,0.0,0.0
2014-10-13 00:00:00+05:30,241.52853755268572,247.25377743998183,239.8259795870528,246.68624877929688,9459494,0.0,0.0
2014-10-14 00:00:00+05:30,247.85469727738658,248.24695523934653,242.24631335187644,246.71131896972656,11288403,0.0,0.0
2014-10-15 00:00:00+05:30,246.71131896972656,246.71131896972656,246.71131896972656,246.71131896972656,0,0.0,0.0
2014-10-16 00:00:00+05:30,245.7014797451842,249.39034654231466,242.3047402234257,243.790283203125,15670605,0.0,0.0
2014-10-17 00:00:00+05:30,245.65967837290137,252.26959150758606,245.36757921492136,251.2430419921875,14839423,0.0,0.0
2014-10-20 00:00:00+05:30,258.5290507719631,258.5290507719631,254.68161103010442,256.5343933105469,13952152,0.0,0.0
2014-10-21 00:00:00+05:30,257.05175886263584,264.79670159588426,257.05175886263584,264.0789489746094,15513168,0.0,0.0
2014-10-22 00:00:00+05:30,265.7314708576833,266.0485887319767,260.7823700100882,262.2261962890625,8615480,0.0,0.0
2014-10-27 00:00:00+05:30,264.1207237778959,265.0637845437362,261.67539447205013,262.5683898925781,11126714,0.0,0.0
2014-10-28 00:00:00+05:30,263.728488340144,268.38546237663917,263.728488340144,267.27545166015625,10254244,0.0,0.0
2014-10-29 00:00:00+05:30,269.22836604069164,269.22836604069164,266.349034386387,268.0432434082031,10474618,0.0,0.0
2014-10-30 00:00:00+05:30,267.0834537597429,271.3732156060539,264.3960909363933,269.41192626953125,26322631,0.0,0.0
2014-10-31 00:00:00+05:30,268.9529205872501,272.6084189563323,266.98331026249394,271.5151062011719,21065660,0.0,0.0
2014-11-03 00:00:00+05:30,271.40662578259673,275.4126379773296,269.12821825382184,274.69488525390625,13022333,0.0,0.0
2014-11-05 00:00:00+05:30,276.3306691703492,280.4201421253661,274.78668419736914,278.9762878417969,16438026,0.0,0.0
2014-11-07 00:00:00+05:30,280.16978023511257,282.381424706706,277.3488906224736,281.20465087890625,9347464,0.0,0.0
2014-11-10 00:00:00+05:30,280.53693918149685,280.662116537451,277.6576358632057,278.25018310546875,8030726,0.0,0.0
2014-11-11 00:00:00+05:30,277.2487028738723,282.25621776767935,276.6227600100938,281.34649658203125,11662277,0.0,0.0
2014-11-12 00:00:00+05:30,282.623422288354,286.2538459859185,282.623422288354,285.08544921875,10523271,0.0,0.0
2014-11-13 00:00:00+05:30,285.12719190390976,286.4291430635883,281.5050887497052,282.506591796875,15610947,0.0,0.0
2014-11-14 00:00:00+05:30,281.42163962968095,283.59156765895256,281.28811335550455,282.4732360839844,10524866,0.0,0.0
2014-11-17 00:00:00+05:30,281.58850091078097,281.58850091078097,277.4155956171874,279.3935546875,13396053,0.0,0.0
2014-11-18 00:00:00+05:30,279.75247606922926,281.6720213146648,279.01805354768146,280.6204528808594,11248880,0.0,0.0
2014-11-19 00:00:00+05:30,281.01268240132515,284.42611902707705,279.0847884567281,280.9041748046875,14558984,0.0,0.0
2014-11-20 00:00:00+05:30,281.3382036354226,282.73193663764846,279.50211932815023,281.74713134765625,8960451,0.0,0.0
2014-11-21 00:00:00+05:30,282.2561986056349,290.2347983045738,279.91934914169747,288.8827819824219,17794084,0.0,0.0
2014-11-24 00:00:00+05:30,290.43512127315825,296.9448763099499,290.43512127315825,295.9934387207031,13578185,0.0,0.0
2014-11-25 00:00:00+05:30,294.95022389159266,295.1004479325885,287.639255191482,289.9761047363281,17101408,0.0,0.0
2014-11-26 00:00:00+05:30,287.0133843779171,289.45039323382963,284.7600231974716,285.49444580078125,15505330,0.0,0.0
2014-11-27 00:00:00+05:30,286.16201712194504,289.56713254552255,284.5930136739722,287.6308898925781,15438511,0.0,0.0
2014-11-28 00:00:00+05:30,287.9313885077817,296.6110723916032,287.9313885077817,292.8387451171875,16467154,0.0,0.0
2014-12-01 00:00:00+05:30,294.774929944133,296.410724496629,292.27118678601727,293.4646301269531,17857713,0.0,0.0
2014-12-02 00:00:00+05:30,292.7218706821621,296.31057775849166,289.6088543730798,295.52606201171875,14228054,0.0,0.0
2014-12-03 00:00:00+05:30,294.6247089450641,300.14130965183807,293.7984767761944,299.4653015136719,12067709,0.0,0.0
2014-12-04 00:00:00+05:30,302.53657910013976,305.4993716164461,299.07307711402257,302.2862243652344,13537613,0.0,5.0
2014-12-05 00:00:00+05:30,303.6215584308375,304.58134501813646,299.1148087601185,300.2832336425781,8548679,0.0,0.0
2014-12-08 00:00:00+05:30,301.2013149236117,302.1193571613904,294.2742536659584,295.2757568359375,6475662,0.0,0.0
2014-12-09 00:00:00+05:30,296.27716947644035,298.73919618299914,291.43660498643834,292.4380798339844,8119718,0.0,0.0
2014-12-10 00:00:00+05:30,288.4321383878163,296.1102907741848,288.4321383878163,293.815185546875,11679797,0.0,0.0
2014-12-11 00:00:00+05:30,293.5230576757932,294.73319885630644,287.3054299518283,290.39337158203125,8902775,0.0,0.0
2014-12-12 00:00:00+05:30,290.0178911264241,292.89719527869937,287.59760810082616,289.0163879394531,7508487,0.0,0.0
2014-12-15 00:00:00+05:30,286.09532493736845,291.26976247946794,285.5528429043316,288.14007568359375,7925545,0.0,0.0
2014-12-16 00:00:00+05:30,285.3024524837552,285.8449344490085,274.78668487108723,275.996826171875,16369716,0.0,0.0
2014-12-17 00:00:00+05:30,274.99536536939064,282.3814477109303,266.39916955774424,277.3739318847656,25141233,0.0,0.0
2014-12-18 00:00:00+05:30,285.385939384466,289.60059010349494,283.2160113259009,288.5573425292969,10631579,0.0,0.0
2014-12-19 00:00:00+05:30,291.26974775691036,298.3637022678916,289.39191896444794,297.11181640625,25004771,0.0,0.0
2014-12-22 00:00:00+05:30,296.6944984490186,300.99260942414764,292.98058585248214,299.7824401855469,9977669,0.0,0.0
2014-12-23 00:00:00+05:30,298.6140440203368,302.035829417941,293.1475082607664,294.6080322265625,8114147,0.0,0.0
2014-12-24 00:00:00+05:30,294.0655854007583,297.86295937172304,292.8554440317124,294.6915283203125,13035476,0.0,0.0
2014-12-26 00:00:00+05:30,295.56784924426864,297.6960327232928,290.5186175320488,292.89715576171875,3566406,0.0,0.0
2014-12-29 00:00:00+05:30,292.10430124958623,296.0268522959475,290.76895458956636,291.3948974609375,4125797,0.0,0.0
2014-12-30 00:00:00+05:30,293.77351255253564,293.77351255253564,289.8092443946569,292.31298828125,6246150,0.0,0.0
2014-12-31 00:00:00+05:30,292.18778465851864,296.1103079904022,292.18778465851864,294.6915283203125,5069990,0.0,0.0
2015-01-01 00:00:00+05:30,294.3576498674838,294.9835927131261,292.27121107056894,294.0238342285156,2583280,0.0,0.0
2015-01-02 00:00:00+05:30,293.77349714452174,303.3712235643792,293.77349714452174,302.3697204589844,8272990,0.0,0.0
2015-01-05 00:00:00+05:30,304.87343411211407,306.62605736940117,301.7020032554291,302.99560546875,10316090,0.0,0.0
2015-01-06 00:00:00+05:30,299.9494003132877,300.3667049344391,288.9328945119674,290.1430358886719,13282427,0.0,0.0
2015-01-07 00:00:00+05:30,288.4321385473316,288.9746205119431,279.961121435418,282.2979431152344,21254332,0.0,0.0
2015-01-08 00:00:00+05:30,287.9313543804829,290.85240230333085,284.7599517335882,289.9761047363281,12558144,0.0,0.0
2015-01-09 00:00:00+05:30,292.0625389546834,292.43809905129706,281.33816194441545,285.30242919921875,15701030,0.0,0.0
2015-01-12 00:00:00+05:30,286.0536632787683,290.10139305727404,282.67359304712176,289.2250671386719,8304115,0.0,0.0
2015-01-13 00:00:00+05:30,291.26975196127665,291.26975196127665,283.54985440804086,284.5096130371094,13100848,0.0,0.0
2015-01-14 00:00:00+05:30,283.1325262147822,285.2607096200544,277.9163728386153,281.1712646484375,13127934,0.0,0.0
2015-01-15 00:00:00+05:30,293.89865319335144,297.1118005851373,290.0595909204979,294.4828796386719,16662989,0.0,0.0
2015-01-16 00:00:00+05:30,294.48286270447,295.943386709151,289.97611332469603,295.31744384765625,14726646,0.0,0.0
2015-01-19 00:00:00+05:30,296.69453942102786,301.952409603704,295.0253769519012,301.1178283691406,10277015,0.0,0.0
2015-01-20 00:00:00+05:30,300.1997581364678,308.170037598456,300.1997581364678,306.91815185546875,11477610,0.0,0.0
2015-01-21 00:00:00+05:30,305.874934497409,309.5888192683902,304.74825413089843,307.50238037109375,12457852,0.0,0.0
2015-01-22 00:00:00+05:30,307.8779081548671,310.7154950148748,304.289201129414,308.6290283203125,9320935,0.0,0.0
2015-01-23 00:00:00+05:30,312.88540368885884,313.3861691579776,307.71099527314504,309.3801574707031,13525550,0.0,0.0
2015-01-27 00:00:00+05:30,312.5516351892971,321.1478302078791,311.0493665718306,320.0628662109375,13932787,0.0,0.0
2015-01-28 00:00:00+05:30,319.60386940265926,328.32527047778706,318.4771888663328,320.52191162109375,14787690,0.0,0.0
2015-01-29 00:00:00+05:30,317.22529005994903,320.3132603117763,313.42794395277554,317.3922119140625,22085259,0.0,0.0
2015-01-30 00:00:00+05:30,318.3519861795481,318.8110072522871,295.98513099283986,301.03436279296875,31372235,0.0,0.0
2015-02-02 00:00:00+05:30,300.7005255021685,301.03436920451554,292.1043303309678,293.6483154296875,37165959,0.0,0.0
2015-02-03 00:00:00+05:30,293.7734732320384,297.7794853275377,288.0148378488636,289.2667236328125,25975650,0.0,0.0
2015-02-04 00:00:00+05:30,288.8077071088053,289.8092101483816,283.9671137535899,287.6392822265625,15639435,0.0,0.0
2015-02-05 00:00:00+05:30,284.5096234073029,288.18179223745454,277.7077677802197,280.0863342285156,18771838,0.0,0.0
2015-02-06 00:00:00+05:30,280.42017590032805,283.7585009883181,273.4931149213967,274.87017822265625,17811770,0.0,0.0
2015-02-09 00:00:00+05:30,273.3261485712576,273.3261485712576,265.81489032954966,267.1085205078125,15330887,0.0,0.0
2015-02-10 00:00:00+05:30,265.8148897598776,279.5855205013568,264.06226657609113,276.2889404296875,31301276,0.0,0.0
2015-02-11 00:00:00+05:30,278.83443951719704,283.71674964591335,278.70926213517697,279.335205078125,13732188,0.0,0.0
2015-02-12 00:00:00+05:30,282.25626596792387,284.8851872217395,275.4126657804586,283.0491027832031,14372362,0.0,0.0
2015-02-13 00:00:00+05:30,287.09676549340185,288.68249479036,283.92536293232274,286.9715881347656,9926537,0.0,0.0
2015-02-16 00:00:00+05:30,289.55884068903987,289.55884068903987,280.7539792398307,282.13104248046875,11084024,0.0,0.0
2015-02-18 00:00:00+05:30,283.5080858208558,287.0967932854875,283.5080858208558,285.761474609375,8830098,0.0,0.0
2015-02-19 00:00:00+05:30,283.8419114686716,286.97159768651534,277.29041182574514,282.5483093261719,10326464,0.0,0.0
2015-02-20 00:00:00+05:30,279.5855157832226,280.25320309257467,274.16072449325424,276.2054748535156,17197010,0.0,0.0
2015-02-23 00:00:00+05:30,277.9163888702803,279.1682747180305,272.9089015121255,274.57806396484375,12236793,0.0,0.0
2015-02-24 00:00:00+05:30,274.9953624083852,276.58109207917795,270.822455945201,272.1160583496094,12177664,0.0,0.0
2015-02-25 00:00:00+05:30,273.4096571326356,276.2472446965864,268.11004218062493,269.1532897949219,18029910,0.0,0.0
2015-02-26 00:00:00+05:30,270.98932039883965,271.61526323981974,267.19194690455623,268.1517333984375,18356309,0.0,0.0
2015-02-27 00:00:00+05:30,270.9058976171122,281.2964605873685,269.5705508339693,279.7942199707031,17157486,0.0,0.0
2015-03-02 00:00:00+05:30,292.813700355315,293.73174241426506,284.2174781609932,291.3114318847656,16237130,0.0,0.0
2015-03-03 00:00:00+05:30,290.4351181823285,291.68697581919207,287.1802266903619,290.97760009765625,16309976,0.0,0.0
2015-03-04 00:00:00+05:30,300.45015043139665,302.1193127974493,288.8077023043678,291.56182861328125,27007377,0.0,0.0
2015-03-05 00:00:00+05:30,289.0998209943104,292.0208693399215,283.84195078206443,290.22650146484375,12677758,0.0,0.0
2015-03-09 00:00:00+05:30,285.4276311341497,286.22049585994233,276.87315305485373,277.74945068359375,13711772,0.0,0.0
2015-03-10 00:00:00+05:30,277.66599514237856,281.922361601055,275.7047057217495,278.4588317871094,15690129,0.0,0.0
2015-03-11 00:00:00+05:30,278.4171628922732,281.2130058832314,274.57807232428746,277.6242980957031,11762499,0.0,0.0
2015-03-12 00:00:00+05:30,281.713713164473,283.50805267882026,279.29340282026817,282.2561950683594,12265104,0.0,0.0
2015-03-13 00:00:00+05:30,287.93135165827806,288.7659327688557,274.57802587261676,275.57952880859375,14368069,0.0,0.0
2015-03-16 00:00:00+05:30,274.99535664047676,277.91640511165065,271.78220892547046,276.622802734375,12496540,0.0,0.0
2015-03-17 00:00:00+05:30,277.08179150369733,280.83742081175666,275.5378065191232,279.4603576660156,11214858,0.0,0.0
2015-03-18 00:00:00+05:30,277.99989325376873,280.8792255504303,276.2890140796643,279.418701171875,9603665,0.0,0.0
2015-03-19 00:00:00+05:30,283.3411415418915,284.92687086676625,274.0355439482784,275.57952880859375,15488184,0.0,0.0
2015-03-20 00:00:00+05:30,274.49459940380183,274.7866986266941,264.3126749574126,265.89837646484375,23389273,0.0,0.0
2015-03-23 00:00:00+05:30,268.77767981139914,269.06977900335994,260.7656561666476,261.8923645019531,11517028,0.0,0.0
2015-03-24 00:00:00+05:30,259.1382438325642,264.27093608185965,258.26191822181704,260.306640625,18209548,0.0,0.0
2015-03-25 00:00:00+05:30,260.3901107724678,266.2322070074426,259.63899051743874,264.4795837402344,15109255,0.0,0.0
2015-03-26 00:00:00+05:30,259.5555616058076,261.8089506651955,252.545067672467,257.0101013183594,34971712,0.0,0.0
2015-03-27 00:00:00+05:30,261.22468036715327,263.89537362552716,257.2604129618977,262.518310546875,17383920,0.0,0.0
2015-03-30 00:00:00+05:30,263.9788358826823,266.6495294380755,261.51683666350505,265.9818420410156,14140124,0.0,0.0
2015-03-31 00:00:00+05:30,266.1487752535267,269.361922931582,261.8924079976598,263.3111877441406,14317689,0.0,0.0
2015-04-01 00:00:00+05:30,262.8938848997012,270.7389592198593,262.1010201691296,269.69573974609375,9190830,0.0,0.0
2015-04-06 00:00:00+05:30,271.61532144406607,271.61532144406607,266.5243447284779,268.11004638671875,10512775,0.0,0.0
2015-04-07 00:00:00+05:30,269.5288364003313,269.9461130119007,262.89390293842007,264.8968811035156,9849292,0.0,0.0
2015-04-08 00:00:00+05:30,266.14872808312026,266.8163873739313,262.5183044239419,262.9773254394531,9158573,0.0,0.0
2015-04-09 00:00:00+05:30,265.39760768630515,268.652471241014,264.4795656559489,267.5675354003906,13516230,0.0,0.0
2015-04-10 00:00:00+05:30,266.64951327235644,268.4438530021145,264.7299681550287,265.64801025390625,9053218,0.0,0.0
2015-04-13 00:00:00+05:30,266.9833272624716,266.9833272624716,263.72846348520534,264.4795837402344,8810668,0.0,0.0
2015-04-15 00:00:00+05:30,265.68973319738166,268.9863415435755,261.26644443405985,262.8938903808594,11297754,0.0,0.0
2015-04-16 00:00:00+05:30,263.64499063447084,263.72845154974374,258.8461420965906,260.8074035644531,9682703,0.0,0.0
2015-04-17 00:00:00+05:30,262.10102113136134,262.8521413965438,257.26042784313205,258.8044128417969,11639567,0.0,0.0
2015-04-20 00:00:00+05:30,261.1413104792262,265.06383436506553,257.30221951244886,259.6807861328125,11663690,0.0,0.0
2015-04-21 00:00:00+05:30,259.5555057279929,264.22917668286766,258.6792081831895,259.4303283691406,9953639,0.0,0.0
2015-04-22 00:00:00+05:30,261.433366163164,262.8938902661021,253.21270352756514,261.1829833984375,12256206,0.0,0.0
2015-04-23 00:00:00+05:30,262.2679905456275,263.6450539537273,258.5123605220439,260.2649841308594,10352840,0.0,0.0
2015-04-24 00:00:00+05:30,260.7656837184426,260.8491446415953,256.3006784200964,257.26043701171875,13482295,0.0,0.0
2015-04-27 00:00:00+05:30,259.30516811988997,260.7656641242629,247.62097595354166,252.29464721679688,24819034,0.0,0.0
2015-04-28 00:00:00+05:30,255.0487630901851,274.24418485028576,255.0487630901851,272.7836608886719,37447522,0.0,0.0
2015-04-29 00:00:00+05:30,273.57654968017874,279.41864604173685,271.3231608498452,275.5378112792969,24501414,0.0,0.0
2015-04-30 00:00:00+05:30,276.2471981228968,278.41712589902914,271.40660509267394,276.37237548828125,20787994,0.0,0.0
2015-05-04 00:00:00+05:30,277.7077338323845,281.1712639237283,272.2411977119162,274.82843017578125,11308400,0.0,0.0
2015-05-05 00:00:00+05:30,274.8284223398637,276.16374097692653,272.99233820158685,274.1190185546875,10109107,0.0,0.0
2015-05-06 00:00:00+05:30,272.82545929521456,282.0893423610814,258.84618777462583,260.5153503417969,19967506,0.0,0.0
2015-05-07 00:00:00+05:30,260.5570210740874,261.22468038050494,250.8758630735624,254.2141876220703,16086181,0.0,0.0
2015-05-08 00:00:00+05:30,258.7209231349054,266.1487200729374,258.7209231349054,264.5630187988281,15672276,0.0,0.0
2015-05-11 00:00:00+05:30,267.1085199732181,271.9073685005415,266.31565528808,269.9878234863281,9605442,0.0,0.0
2015-05-12 00:00:00+05:30,270.0295648946495,270.4051250390545,256.21721642520106,257.2187194824219,13692241,0.0,0.0
2015-05-13 00:00:00+05:30,261.3499004488198,266.3573875529873,255.79990335614937,265.10552978515625,15431501,0.0,0.0
2015-05-14 00:00:00+05:30,265.147247606017,265.35588589899584,259.7642003420635,262.8521423339844,11672149,0.0,0.0
2015-05-15 00:00:00+05:30,263.1442501536455,264.1040367622975,259.1799823752861,260.6822509765625,12014773,0.0,0.0
2015-05-18 00:00:00+05:30,262.8939141990309,264.4796158204778,261.141290719237,263.9371337890625,7629436,0.0,0.0
2015-05-19 00:00:00+05:30,262.0175796857546,266.14876946773217,260.3901336459508,263.1860046386719,9064851,0.0,0.0
2015-05-20 00:00:00+05:30,263.9370926986512,267.9013601433134,263.9370926986512,266.0235595703125,7555070,0.0,0.0
2015-05-21 00:00:00+05:30,267.23368174196514,267.7344191868579,260.97430959050445,261.6836853027344,11132704,0.0,0.0
2015-05-22 00:00:00+05:30,262.89388874606664,265.52280970301723,260.1814788516011,261.7254638671875,8944914,0.0,0.0
2015-05-25 00:00:00+05:30,260.3901449385828,262.14276843575493,259.51384719820925,260.5153503417969,5481212,0.0,0.0
2015-05-26 00:00:00+05:30,260.390126274272,261.22470749803625,257.5942833771254,258.4705810546875,5505501,0.0,0.0
2015-05-27 00:00:00+05:30,260.22320370799645,262.72694710281786,256.63446842073995,261.3498840332031,12557150,0.0,0.0
2015-05-28 00:00:00+05:30,262.26798520932084,263.7285095230212,259.9728795758525,262.47662353515625,11520281,0.0,0.0
2015-05-29 00:00:00+05:30,264.64645961426714,266.1486998634146,262.7269148423474,264.7716369628906,22664703,0.0,0.0
2015-06-01 00:00:00+05:30,264.5630554891827,266.2322179056681,263.72847428094,264.1040344238281,7621775,0.0,0.0
2015-06-02 00:00:00+05:30,264.5630598636383,264.9803364664479,252.87889473862472,254.13075256347656,13982208,0.0,0.0
2015-06-03 00:00:00+05:30,253.9220940908245,253.9220940908245,242.69695093046633,246.82814025878906,22831293,0.0,0.0
2015-06-04 00:00:00+05:30,247.71952812973333,248.5684615237618,242.32877685416778,246.2763214111328,20759124,4.545455,0.0
2015-06-05 00:00:00+05:30,247.21013838009924,248.2288641005948,240.24887920463146,241.18270874023438,23735127,0.0,0.0
2015-06-08 00:00:00+05:30,242.49856843028283,242.49856843028283,237.99919865824472,240.376220703125,21145729,0.0,0.0
2015-06-09 00:00:00+05:30,240.16398169335434,244.32375223903964,239.44237837486034,243.72950744628906,19411474,0.0,0.0
2015-06-10 00:00:00+05:30,243.64461868500908,249.88430319185773,243.38993012397822,248.3137664794922,17487792,0.0,0.0
2015-06-11 00:00:00+05:30,251.28505989551104,252.30378569154772,243.2201782166235,244.9180450439453,21760535,0.0,0.0
2015-06-12 00:00:00+05:30,245.76698035189844,252.13399525253908,243.77196259093316,251.2425994873047,20748570,0.0,0.0
2015-06-15 00:00:00+05:30,250.43612197634545,254.97791138298894,248.90801906067304,254.00164794921875,17020704,0.0,0.0
2015-06-16 00:00:00+05:30,252.17641667051296,257.2276115941897,249.502286503044,256.4211120605469,15828124,0.0,0.0
2015-06-17 00:00:00+05:30,258.28874697835073,258.3311808190933,254.7232214238444,255.82684326171875,16849471,0.0,0.0
2015-06-18 00:00:00+05:30,258.543475571859,259.51973904232364,256.6758163255628,257.5247497558594,15455462,0.0,0.0
2015-06-19 00:00:00+05:30,255.02039512604875,259.77443965487083,255.02039512604875,258.5434875488281,9060393,0.0,0.0
2015-06-22 00:00:00+05:30,260.113968869761,268.1788787390734,259.81684646105185,267.457275390625,17123638,0.0,0.0
2015-06-23 00:00:00+05:30,267.37240105312515,268.94293791118423,264.8680345495411,266.1414489746094,13093667,0.0,0.0
2015-06-24 00:00:00+05:30,266.3112242380156,271.9990979402663,265.4198284981493,269.7494201660156,14984900,0.0,0.0
2015-06-25 00:00:00+05:30,268.5608736847513,271.36236214566554,265.8867152454371,267.2450256347656,18385230,0.0,0.0
2015-06-26 00:00:00+05:30,267.414800040389,267.4572338786684,261.93915350781776,264.6133117675781,11342004,0.0,0.0
2015-06-29 00:00:00+05:30,256.37868155976287,265.716978379791,254.80817313857472,264.18890380859375,11605396,0.0,0.0
2015-06-30 00:00:00+05:30,263.2126499363221,266.22636533932695,258.11902034836487,261.4723205566406,15125139,0.0,0.0
2015-07-01 00:00:00+05:30,262.0665603039636,266.14146389403874,262.0665603039636,265.037841796875,15481941,0.0,0.0
2015-07-02 00:00:00+05:30,266.82054077686587,267.7968325887069,264.10394853669584,265.7169189453125,9252723,0.0,0.0
2015-07-03 00:00:00+05:30,264.65577027772366,267.839277384673,263.9341669740054,267.0328063964844,5716323,0.0,0.0
2015-07-06 00:00:00+05:30,262.40608265928364,268.90045514825994,259.1376794944883,267.5421447753906,8562220,0.0,0.0
2015-07-07 00:00:00+05:30,266.56589846088224,269.96163186231695,264.48598467919845,265.37738037109375,10617091,0.0,0.0
2015-07-08 00:00:00+05:30,261.81178256700326,264.5283742403714,260.0290201719244,261.0901794433594,13252578,0.0,0.0
2015-07-09 00:00:00+05:30,260.62334929238955,263.9766490149655,259.51972733333156,262.7456970214844,6959346,0.0,0.0
2015-07-10 00:00:00+05:30,265.29248835526914,267.3299398274345,263.38236691328297,265.84429931640625,10664155,0.0,0.0
2015-07-13 00:00:00+05:30,266.9903922712344,269.2825326212422,265.5472139013925,268.6033630371094,8964077,0.0,0.0
2015-07-14 00:00:00+05:30,269.11274487895014,269.19764107843486,264.9105112464505,266.0990295410156,8304877,0.0,0.0
2015-07-15 00:00:00+05:30,266.48105804405765,268.2638213027216,266.0141431787356,267.11773681640625,7378092,0.0,0.0
2015-07-16 00:00:00+05:30,267.20258367246095,270.1738647209098,266.90546126725934,269.1976013183594,13466904,0.0,0.0
2015-07-17 00:00:00+05:30,269.96169637332434,272.5084970329929,268.7307441460623,269.4947814941406,9339699,0.0,0.0
2015-07-20 00:00:00+05:30,270.7681221090605,271.4896969083472,264.95289038539374,268.0939636230469,9420104,0.0,0.0
2015-07-21 00:00:00+05:30,269.5371861617559,269.5371861617559,263.5097557367096,264.401123046875,10702263,0.0,0.0
2015-07-22 00:00:00+05:30,263.84930303636554,269.70696936823276,263.00036960397847,268.94293212890625,11141670,0.0,0.0
2015-07-23 00:00:00+05:30,268.98532037598466,269.70692364555873,265.0802386483095,265.6320495605469,15214876,0.0,0.0
2015-07-24 00:00:00+05:30,264.69827453101715,264.69827453101715,254.08656349543034,255.190185546875,21177605,0.0,0.0
2015-07-27 00:00:00+05:30,254.55346235803097,254.55346235803097,246.27632598960324,247.12525939941406,11212545,0.0,0.0
2015-07-28 00:00:00+05:30,247.6346514813222,250.7332628887697,239.99422183394344,241.94677734375,25395273,0.0,0.0
2015-07-29 00:00:00+05:30,244.06909279257067,246.10651572917394,241.14024566818748,245.5547332763672,13165836,0.0,0.0
2015-07-30 00:00:00+05:30,246.1914108936604,249.29005037447453,244.06909178121597,247.04034423828125,13705803,0.0,0.0
2015-07-31 00:00:00+05:30,249.96922782015676,262.2363435129622,249.67210538092266,256.71826171875,38967790,0.0,0.0
2015-08-03 00:00:00+05:30,258.4585361996748,266.5658790276849,258.24628150389714,265.6320495605469,28709585,0.0,0.0
2015-08-04 00:00:00+05:30,266.14142262580725,267.6270631418976,260.66577533798227,266.60833740234375,16797983,0.0,0.0
2015-08-05 00:00:00+05:30,267.20257742092576,271.48970651940505,262.32120352594643,264.3161926269531,13798462,0.0,0.0
2015-08-06 00:00:00+05:30,265.50476290419715,265.5896591058433,261.0054067080607,264.06158447265625,12210084,0.0,0.0
2015-08-07 00:00:00+05:30,263.0852611411363,265.33493897188146,261.8543091108706,263.2975158691406,6215341,0.0,0.0
2015-08-10 00:00:00+05:30,263.1701837434973,266.56594625195453,260.7507132868267,262.83062744140625,7698226,0.0,0.0
2015-08-11 00:00:00+05:30,263.0852566724854,263.0852566724854,255.31749751171023,256.5909118652344,10431195,0.0,0.0
2015-08-12 00:00:00+05:30,254.68078096315293,254.80813949274932,246.27631493488494,247.5921630859375,10292540,0.0,0.0
2015-08-13 00:00:00+05:30,250.6483970409673,253.5772164111843,246.91307796093497,247.80447387695312,13754705,0.0,0.0
2015-08-14 00:00:00+05:30,249.7994129581851,257.90675677604503,247.9317537958809,256.8880310058594,9669851,0.0,0.0
2015-08-17 00:00:00+05:30,256.33623113124116,258.6708051852597,252.00666779404975,257.1427307128906,8331141,0.0,0.0
2015-08-18 00:00:00+05:30,257.2276231632694,258.2463204645491,252.72823900789695,255.6146240234375,5936462,0.0,0.0
2015-08-19 00:00:00+05:30,255.5721882401028,259.2650442993571,255.10527343963034,258.5010070800781,8754270,0.0,0.0
2015-08-20 00:00:00+05:30,254.8930706454374,260.41115256758286,251.15775189824845,253.19517517089844,15936951,0.0,0.0
2015-08-21 00:00:00+05:30,249.3749443641097,252.89803663973518,245.00294715253818,251.7095184326172,13769807,0.0,0.0
2015-08-24 00:00:00+05:30,239.73955287298034,241.819467096059,227.09041761986975,229.17030334472656,33312582,0.0,0.0
2015-08-25 00:00:00+05:30,234.77322514605757,241.4373617284108,226.79322623460766,240.67332458496094,26553623,0.0,0.0
2015-08-26 00:00:00+05:30,237.65961561690705,239.6121708631956,234.05164176996126,236.046630859375,16189880,0.0,0.0
2015-08-27 00:00:00+05:30,240.0366272224434,241.52226772763174,237.8718457286083,239.78196716308594,27884874,0.0,0.0
2015-08-28 00:00:00+05:30,241.98921080302247,245.5971993802038,239.1028256409213,240.84315490722656,14365759,0.0,0.0
2015-08-31 00:00:00+05:30,240.16399269713625,241.39494468035656,234.6034491027952,235.9193115234375,15079961,0.0,0.0
2015-09-01 00:00:00+05:30,233.45739141165163,236.38622439002734,227.76951783014803,230.01919555664062,17342438,0.0,0.0
2015-09-02 00:00:00+05:30,234.30633874381684,234.9430459398072,223.35507186672535,224.8406982421875,18825908,0.0,0.0
2015-09-03 00:00:00+05:30,228.06661793252175,229.04289549649914,222.1665187081038,226.53854370117188,16509187,0.0,0.0
2015-09-04 00:00:00+05:30,224.88314004910026,225.05293242971146,216.18155127584316,218.81324768066406,21605844,0.0,0.0
2015-09-07 00:00:00+05:30,220.7657873816069,221.78451309470265,210.28143635300702,211.46994018554688,21698736,0.0,0.0
2015-09-08 00:00:00+05:30,213.76208240807898,222.6759117117435,211.55485269214657,221.4025115966797,18300349,0.0,0.0
2015-09-09 00:00:00+05:30,227.47239872035445,228.36378020511188,222.9730289530313,224.5860137939453,24478703,0.0,0.0
2015-09-10 00:00:00+05:30,220.7233601717028,229.21272291852006,217.53985270392363,227.0054931640625,13718266,0.0,0.0
2015-09-11 00:00:00+05:30,226.96303437249415,229.12781592878454,224.45866806297508,227.1328125,14872838,0.0,0.0
2015-09-14 00:00:00+05:30,226.02920891100814,232.01420505712576,223.35506442533807,231.2501678466797,13300446,0.0,0.0
2015-09-15 00:00:00+05:30,231.75951482528131,231.75951482528131,226.49610815604203,227.93930053710938,14825729,0.0,0.0
2015-09-16 00:00:00+05:30,231.33505022460662,232.56601648156231,228.40623141295583,231.63218688964844,13377086,0.0,0.0
2015-09-18 00:00:00+05:30,236.2164473544935,242.24389182880208,233.28761418592163,235.8768768310547,21286324,0.0,0.0
2015-09-21 00:00:00+05:30,230.82570007129004,237.9992000945867,230.06164861529433,237.10781860351562,11510079,0.0,0.0
2015-09-22 00:00:00+05:30,236.0042086730876,237.99921223059872,228.44868966107776,229.6796417236328,14741229,0.0,0.0
2015-09-23 00:00:00+05:30,226.6234557571066,233.45738493460766,224.2464338151262,232.056640625,12489166,0.0,0.0
2015-09-24 00:00:00+05:30,230.4012122916554,232.26887140786974,226.66589405922673,227.76951599121094,10557228,0.0,0.0
2015-09-28 00:00:00+05:30,230.910583106029,231.5048421859291,226.19898705997508,227.5997314453125,8561999,0.0,0.0
2015-09-29 00:00:00+05:30,223.8643999742301,231.4623805358564,217.62472987257402,228.36376953125,29415623,0.0,0.0
2015-09-30 00:00:00+05:30,230.3163261723215,231.16525952807737,225.5622822811591,229.50982666015625,13700514,0.0,0.0
2015-10-01 00:00:00+05:30,232.14154466377104,232.14154466377104,225.85941197977107,226.75079345703125,7677876,0.0,0.0
2015-10-05 00:00:00+05:30,231.2501492587424,239.3999405945565,231.2501492587424,238.508544921875,13756761,0.0,0.0
2015-10-06 00:00:00+05:30,241.09782446701786,241.8194278251487,237.7020766472984,240.03663635253906,10497246,0.0,0.0
2015-10-07 00:00:00+05:30,238.46612406730816,240.9280424107622,235.32506468027935,240.2489013671875,7765703,0.0,0.0
2015-10-08 00:00:00+05:30,239.7395004980147,239.7395004980147,235.28259331192567,236.38621520996094,6649535,0.0,0.0
2015-10-09 00:00:00+05:30,238.97547405547127,244.4086591067865,238.16898876640911,242.88058471679688,11102562,0.0,0.0
2015-10-12 00:00:00+05:30,244.23885938658464,247.46482894404951,242.15897408536765,244.15399169921875,7892259,0.0,0.0
2015-10-13 00:00:00+05:30,242.71079366973535,245.93676334186785,241.52227552755843,244.02664184570312,6102034,0.0,0.0
2015-10-14 00:00:00+05:30,240.63091626850527,242.11655687090263,239.35750189553096,240.16400146484375,5325426,0.0,0.0
2015-10-15 00:00:00+05:30,241.09784510389298,243.6446454998456,240.8007226657648,243.09283447265625,6759388,0.0,0.0
2015-10-16 00:00:00+05:30,243.22013459873406,248.4835265191647,239.86683539193942,245.72447204589844,8890588,0.0,0.0
2015-10-19 00:00:00+05:30,245.68209718935168,246.10654967285475,242.45612722291781,243.81443786621094,5806930,0.0,0.0
2015-10-20 00:00:00+05:30,243.22018846222204,245.76698881048816,241.35252917384972,242.9654998779297,8710318,0.0,0.0
2015-10-21 00:00:00+05:30,242.4136717950541,244.36622714072988,236.68335004120792,239.99420166015625,5616168,0.0,0.0
2015-10-23 00:00:00+05:30,242.75324399775747,245.34247787812717,241.6496220988053,243.00790405273438,8208290,0.0,0.0
2015-10-26 00:00:00+05:30,244.28131738812976,245.97918407316865,240.88558401805196,242.24386596679688,6085533,0.0,0.0
2015-10-27 00:00:00+05:30,241.0978434945877,242.71081421810263,239.48487277107276,240.84315490722656,6090339,0.0,0.0
2015-10-28 00:00:00+05:30,237.70209789292645,238.29635702054122,228.44869743755467,230.23146057128906,15503186,0.0,0.0
2015-10-29 00:00:00+05:30,231.16526790369457,232.86313467672366,229.50983497579352,230.44366455078125,9035266,0.0,0.0
2015-10-30 00:00:00+05:30,231.12280251122877,237.4049205005424,229.6371620714658,235.15524291992188,27623495,0.0,0.0
2015-11-02 00:00:00+05:30,235.15525732040894,238.80567938221859,234.0516496325992,237.32005310058594,11398428,0.0,0.0
2015-11-03 00:00:00+05:30,238.04166908824092,239.99422462072025,236.1740097526711,237.2351837158203,9079788,0.0,0.0
2015-11-04 00:00:00+05:30,238.50855121790045,238.50855121790045,231.33503729932505,232.056640625,7389933,0.0,0.0
2015-11-05 00:00:00+05:30,230.91057612646995,232.18399043763796,228.15153553411972,229.25515747070312,11422504,0.0,0.0
2015-11-06 00:00:00+05:30,229.12781547942785,229.12781547942785,224.75580428126767,226.75079345703125,12121540,0.0,0.0
2015-11-09 00:00:00+05:30,220.12908798927847,224.96802817208618,217.32759930430734,223.39749145507812,13448248,0.0,0.0
2015-11-10 00:00:00+05:30,221.99676554542674,226.15656507375755,221.10538400338712,223.1003875732422,8652695,0.0,0.0
2015-11-13 00:00:00+05:30,221.02049569498985,223.2701735338981,219.87442560301466,222.20899963378906,10160904,0.0,0.0
2015-11-16 00:00:00+05:30,221.57228816165517,227.81197290480884,220.38378424582575,226.87814331054688,8992376,0.0,0.0
2015-11-17 00:00:00+05:30,230.65590039513683,231.20771136003484,225.01047496421805,227.3874969482422,17959700,0.0,0.0
2015-11-18 00:00:00+05:30,226.66587547905567,227.72704923058447,220.29886146809702,221.1053466796875,9500657,0.0,0.0
2015-11-19 00:00:00+05:30,223.27015512616762,227.51483612753765,222.9305703867003,226.1565399169922,9618626,0.0,0.0
2015-11-20 00:00:00+05:30,224.6284604757278,229.42495262476967,223.69463090241567,224.9255828857422,9819811,0.0,0.0
2015-11-23 00:00:00+05:30,225.8169689690493,227.3026095476289,218.43122842028612,225.77452087402344,12735592,0.0,0.0
2015-11-24 00:00:00+05:30,223.56727600097656,225.30759078245842,220.4262169260588,223.56727600097656,11775700,0.0,0.0
2015-11-26 00:00:00+05:30,223.4823876931371,227.26015403425458,223.4823876931371,224.1190948486328,13255344,0.0,0.0
2015-11-27 00:00:00+05:30,225.60473541000027,230.06164275176346,224.4586653797707,229.25515747070312,11608418,0.0,0.0
2015-11-30 00:00:00+05:30,227.68463757475735,235.57974134140144,227.68463757475735,232.22645568847656,16528998,0.0,0.0
2015-12-01 00:00:00+05:30,233.49983722021634,234.94302964837377,232.01419669866235,232.5235595703125,6603705,0.0,0.0
2015-12-02 00:00:00+05:30,233.07539957603032,233.79698875546333,227.98178447398382,229.55230712890625,7161062,0.0,0.0
2015-12-03 00:00:00+05:30,228.0666421522392,229.2551602907347,225.05292721004915,225.64718627929688,8549273,0.0,0.0
2015-12-04 00:00:00+05:30,223.31262679830465,224.1191121414809,221.40251943354346,221.95433044433594,9085607,0.0,0.0
2015-12-07 00:00:00+05:30,224.37378172340556,224.58602220348965,222.08165578404305,223.3126220703125,5522740,0.0,0.0
2015-12-08 00:00:00+05:30,222.2090047767197,222.84571198134324,220.42624170270508,221.95433044433594,11624224,0.0,0.0
2015-12-09 00:00:00+05:30,221.40250927489956,222.37878696094324,219.36505771287645,220.25643920898438,8129762,0.0,0.0
2015-12-10 00:00:00+05:30,221.4449396887199,222.33632111365597,217.3275887984534,219.8319549560547,11053207,0.0,0.0
2015-12-11 00:00:00+05:30,221.19026182557985,221.65717660639518,209.81452896060244,211.63973999023438,18851171,0.0,0.0
2015-12-14 00:00:00+05:30,209.94186307783238,213.8894218693213,207.98930772931564,211.3850555419922,13279719,0.0,0.0
2015-12-15 00:00:00+05:30,210.4512260143882,210.4512260143882,206.3338890931648,209.17782592773438,13675557,0.0,0.0
2015-12-16 00:00:00+05:30,209.89940138829297,215.20525611137313,206.8432385292063,213.97430419921875,18885293,0.0,0.0
2015-12-17 00:00:00+05:30,215.58729839238987,216.7333684962551,212.3188947153973,214.9081573486328,17692297,0.0,0.0
2015-12-18 00:00:00+05:30,214.0167745299701,214.78081176185796,212.10666720114128,212.3188934326172,14450734,0.0,0.0
2015-12-21 00:00:00+05:30,212.31890381194793,220.298904037197,212.2340076155637,219.19528198242188,14307700,0.0,0.0
2015-12-22 00:00:00+05:30,217.75210584879716,223.6946544175344,217.70965775017453,220.3413543701172,21342967,0.0,0.0
2015-12-23 00:00:00+05:30,220.38379218369715,223.22772916402985,219.95932546639025,222.2938995361328,11533960,0.0,0.0
2015-12-24 00:00:00+05:30,223.27019255666704,223.77955550215304,218.4312516991049,218.98306274414062,6097366,0.0,0.0
2015-12-28 00:00:00+05:30,220.76579702420221,224.9680300874362,220.7233489302102,224.1615447998047,12041784,0.0,0.0
2015-12-29 00:00:00+05:30,224.1191064102912,226.24143995624817,221.9967586152252,224.7558135986328,9054719,0.0,0.0
2015-12-30 00:00:00+05:30,223.48240577941468,224.5011316110093,222.20900561447613,222.71836853027344,10025565,0.0,0.0
2015-12-31 00:00:00+05:30,222.50610818428729,223.9917487019973,220.85068954253865,221.86941528320312,8546444,0.0,0.0
2016-01-01 00:00:00+05:30,221.82696445372972,223.77951972440093,219.02547582601224,223.27015686035156,5998096,0.0,0.0
2016-01-04 00:00:00+05:30,221.57227142615352,221.86940806949954,216.18153474331118,216.94557189941406,9435792,0.0,0.0
2016-01-05 00:00:00+05:30,217.53981068115235,218.60098438179193,213.67714867018094,217.9218292236328,8966977,0.0,0.0
2016-01-06 00:00:00+05:30,216.8182633790378,217.96431922686963,211.55485620072932,212.3188934326172,17416181,0.0,0.0
2016-01-07 00:00:00+05:30,209.17782266084646,210.2814446015088,206.3763339644958,209.47494506835938,18240712,0.0,0.0
2016-01-08 00:00:00+05:30,207.5648387552633,210.36632746391786,206.6734572797013,208.03175354003906,14404391,0.0,0.0
2016-01-11 00:00:00+05:30,205.35762600958452,207.05549291242525,202.08922224723943,203.27774047851562,14208668,0.0,0.0
2016-01-12 00:00:00+05:30,204.59358416440418,205.31517330719447,200.00933223026442,200.985595703125,11895899,0.0,0.0
2016-01-13 00:00:00+05:30,201.87699684695875,206.20656031699713,196.1891227500778,203.32017517089844,18215710,0.0,0.0
2016-01-14 00:00:00+05:30,198.82082465816399,203.57486923265978,196.78337291220578,200.1366729736328,14600781,0.0,0.0
2016-01-15 00:00:00+05:30,200.00934218708028,200.60358706986332,188.25157509069905,190.543701171875,22333902,0.0,0.0
2016-01-18 00:00:00+05:30,190.33147377917186,194.15168892711375,184.89828776821238,189.39764404296875,30239009,0.0,0.0
2016-01-19 00:00:00+05:30,190.71344802305393,196.3164251352237,190.71344802305393,194.194091796875,16222439,0.0,0.0
2016-01-20 00:00:00+05:30,190.9257026611081,193.47251710538097,186.85081379938023,190.50123596191406,14353478,0.0,0.0
2016-01-21 00:00:00+05:30,193.9818866725081,198.2265683714868,190.33146411615508,192.11422729492188,15665863,0.0,0.0
2016-01-22 00:00:00+05:30,197.46249947215512,199.4150547360117,195.0854775312568,197.58984375,15148522,0.0,0.0
2016-01-25 00:00:00+05:30,200.30644597370627,202.47122755734443,198.8208054068881,200.39134216308594,17137268,0.0,0.0
2016-01-27 00:00:00+05:30,202.04675845913735,203.1503804097441,199.24526973754342,201.45249938964844,12155561,0.0,0.0
2016-01-28 00:00:00+05:30,202.51368183106126,203.36261525254298,196.31644505567033,197.9718780517578,24258166,0.0,0.0
2016-01-29 00:00:00+05:30,185.91694446701658,198.90565973337937,185.91694446701658,195.382568359375,47755494,0.0,0.0
2016-02-01 00:00:00+05:30,192.70845514751875,193.0055917951407,183.28526359080976,184.38888549804688,40395715,0.0,0.0
2016-02-02 00:00:00+05:30,185.06806014466986,186.511238445234,178.02188978418454,178.6161346435547,31821419,0.0,0.0
2016-02-03 00:00:00+05:30,175.72976938747573,177.25784393062568,171.95200262970297,173.22540283203125,23592288,0.0,0.0
2016-02-04 00:00:00+05:30,175.22038726441716,175.22038726441716,170.21165470214657,173.14048767089844,30869158,0.0,0.0
2016-02-05 00:00:00+05:30,174.45632994541774,179.1254776008825,172.84335943667963,177.76718139648438,36189377,0.0,0.0
2016-02-08 00:00:00+05:30,179.12550942307954,182.94572441060689,175.00817198618617,177.04562377929688,19366081,0.0,0.0
2016-02-09 00:00:00+05:30,173.1829299255022,179.54994427418768,170.42388942446462,177.76718139648438,20906682,0.0,0.0
2016-02-10 00:00:00+05:30,172.418908107293,177.85209340839603,171.48507849309658,175.94198608398438,22742128,0.0,0.0
2016-02-11 00:00:00+05:30,172.97071328107222,175.68732031303284,168.08933874137992,169.1505126953125,31817116,0.0,0.0
2016-02-12 00:00:00+05:30,166.900817658483,168.42890641629913,161.7223207692514,164.3115692138672,41775526,0.0,0.0
2016-02-15 00:00:00+05:30,164.60867689883563,175.98442399489593,164.60867689883563,172.7584686279297,34130349,0.0,0.0
2016-02-16 00:00:00+05:30,175.72974958434708,175.72974958434708,165.966973052676,166.9008026123047,20895952,0.0,0.0
2016-02-17 00:00:00+05:30,166.8159440021684,167.36774079711554,160.32158427012342,161.93455505371094,28792115,0.0,0.0
2016-02-18 00:00:00+05:30,164.2691209160657,168.93826912943763,164.0144465812952,166.518798828125,32260277,0.0,0.0
2016-02-19 00:00:00+05:30,166.22166299593505,171.01815511457355,165.75474821223858,168.76846313476562,17617480,0.0,0.0
2016-02-22 00:00:00+05:30,167.66485869277997,170.89081414733124,166.77347720199006,168.47134399414062,17567788,0.0,0.0
2016-02-23 00:00:00+05:30,169.27781502202114,169.27781502202114,161.51005657906728,162.99569702148438,20001984,0.0,0.0
2016-02-24 00:00:00+05:30,160.44890447602992,162.3165637418847,157.7747598678586,158.75103759765625,20654961,0.0,0.0
2016-02-25 00:00:00+05:30,159.34527700540212,160.4488846402659,154.12431847601073,155.3552703857422,38340699,0.0,0.0
2016-02-26 00:00:00+05:30,156.4588951414972,157.85963944342942,153.44516607562434,156.88336181640625,24687792,0.0,0.0
2016-02-29 00:00:00+05:30,156.88336373061406,166.3065553766089,154.25166746424588,161.34027099609375,43510436,0.0,0.0
2016-03-01 00:00:00+05:30,165.75475175233743,175.26284000490026,165.75475175233743,173.9894256591797,27223692,0.0,0.0
2016-03-02 00:00:00+05:30,179.71973033027024,187.95440345188834,179.21036749037447,186.76589965820312,40766551,0.0,0.0
2016-03-03 00:00:00+05:30,185.5774028482844,187.02059535159432,181.84208442774317,185.06805419921875,22903720,0.0,0.0
2016-03-04 00:00:00+05:30,188.2515577814172,190.50123555709757,185.95943191099678,187.1903839111328,24493722,0.0,0.0
2016-03-08 00:00:00+05:30,186.72347812234992,186.72347812234992,181.92698567651044,184.09178161621094,18883002,0.0,0.0
2016-03-09 00:00:00+05:30,180.65358328218403,184.9831608588383,178.31900923336693,183.6673126220703,17300650,0.0,0.0
2016-03-10 00:00:00+05:30,185.068057045064,185.78964618326057,182.18167199405937,182.94570922851562,13551255,0.0,0.0
2016-03-11 00:00:00+05:30,181.12050093121093,185.53497476958924,180.48379372642185,181.5449676513672,14879621,0.0,0.0
2016-03-14 00:00:00+05:30,185.91697877940837,189.14293414849567,185.61984212427788,188.16665649414062,16726756,0.0,0.0
2016-03-15 00:00:00+05:30,189.1429229299934,190.88323766753103,187.19036773709385,187.91195678710938,13475557,0.0,0.0
2016-03-16 00:00:00+05:30,186.68101551558607,193.0480300512249,185.53495973874303,192.1990966796875,17144832,0.0,0.0
2016-03-17 00:00:00+05:30,195.2552763012284,200.56111706270312,190.96814704857738,193.3451690673828,32391146,0.0,0.0
2016-03-18 00:00:00+05:30,193.72719723918343,196.48623799130027,191.9868822953486,195.42506408691406,18370981,0.0,0.0
2016-03-21 00:00:00+05:30,196.5711308285001,200.0093268104927,196.4862346377407,199.37261962890625,14818419,0.0,0.0
2016-03-22 00:00:00+05:30,199.16038055892778,199.16038055892778,195.7646468974354,198.3114471435547,12269251,0.0,0.0
2016-03-23 00:00:00+05:30,196.4862268731672,199.49995603137788,195.9344159041461,198.82080078125,16987529,0.0,0.0
2016-03-28 00:00:00+05:30,198.65102037607238,198.65102037607238,190.07677566463616,191.3926239013672,20214214,0.0,0.0
2016-03-29 00:00:00+05:30,189.56741703798548,192.66602839114697,188.80337978627705,189.65231323242188,20447782,0.0,0.0
2016-03-30 00:00:00+05:30,193.9818699451965,202.8956993194895,192.53869168615452,201.62229919433594,23016348,0.0,0.0
2016-03-31 00:00:00+05:30,202.21657464571885,204.89071939962136,198.3963597120809,200.90072631835938,30614104,0.0,0.0
2016-04-01 00:00:00+05:30,200.3489123579641,203.27774566427965,197.54742334734314,202.3014678955078,15677352,0.0,0.0
2016-04-04 00:00:00+05:30,203.95685644132593,204.63601166835195,199.20281259946725,202.68345642089844,16716587,0.0,0.0
2016-04-05 00:00:00+05:30,200.68847783124596,201.62230747787962,191.01061083407268,191.5199737548828,26547328,0.0,0.0
2016-04-06 00:00:00+05:30,192.96311832853561,193.55736304742223,186.85077904818482,188.9306640625,19185947,0.0,0.0
2016-04-07 00:00:00+05:30,189.1429471946944,190.37389924638688,186.04432164354026,187.02059936523438,17724531,0.0,0.0
2016-04-08 00:00:00+05:30,187.23284354724927,189.99188438077417,186.3839100983354,187.8271026611328,9986871,0.0,0.0
2016-04-11 00:00:00+05:30,188.63360189051988,191.1804024246304,186.00190515545023,190.7559356689453,19813955,0.0,0.0
2016-04-12 00:00:00+05:30,190.41632563041742,196.0193027425872,189.99185896274767,194.194091796875,20594261,0.0,0.0
2016-04-13 00:00:00+05:30,197.88698465709595,207.31017711678803,197.84453656051093,204.29644775390625,26283492,0.0,0.0
2016-04-18 00:00:00+05:30,206.71590164504804,207.09792023495416,199.1603690369401,201.32516479492188,17531597,0.0,0.0
2016-04-20 00:00:00+05:30,202.98058434433986,203.40505102937306,198.73590324489987,202.08920288085938,18650423,0.0,0.0
2016-04-21 00:00:00+05:30,209.05048742849286,218.8556982901529,209.05048742849286,214.82325744628906,36699098,0.0,0.0
2016-04-22 00:00:00+05:30,217.53984353497486,218.1765507013382,212.40378085702906,213.93186950683594,25884500,0.0,0.0
2016-04-25 00:00:00+05:30,214.8656712929903,216.77577829591027,213.21023857420988,214.7383270263672,18121694,0.0,0.0
2016-04-26 00:00:00+05:30,212.95558768403384,216.22399114265988,209.26271753914153,215.67218017578125,30185498,0.0,0.0
2016-04-27 00:00:00+05:30,212.99805323985927,213.08294943389424,206.50369388371547,207.64974975585938,36932788,0.0,0.0
2016-04-28 00:00:00+05:30,208.32889871341368,210.5361284455446,202.89569920087192,203.82952880859375,41386507,0.0,0.0
2016-04-29 00:00:00+05:30,204.38133571579857,207.47996114705603,196.35888801918182,201.15538024902344,71191415,0.0,0.0
2016-05-02 00:00:00+05:30,192.9631458528883,195.67973830962777,191.35016106657594,192.49623107910156,36440547,0.0,0.0
2016-05-03 00:00:00+05:30,191.64728192313672,195.25527005447586,186.7659080087842,187.69973754882812,29305611,0.0,0.0
2016-05-04 00:00:00+05:30,185.45006912639658,187.44505833474642,181.20538789200614,182.0543212890625,36781786,0.0,0.0
2016-05-05 00:00:00+05:30,181.92696918438796,186.6810131024748,181.46005441116708,182.22410583496094,27512684,0.0,0.0
2016-05-06 00:00:00+05:30,181.67229624037935,186.97813690830844,180.99314099736245,185.577392578125,22266141,0.0,0.0
2016-05-09 00:00:00+05:30,186.42633308245465,191.85951782289422,186.00186641517703,191.2652587890625,19006901,0.0,0.0
2016-05-10 00:00:00+05:30,191.35017765919653,193.132940722952,188.97315549115285,191.43507385253906,22357177,0.0,0.0
2016-05-11 00:00:00+05:30,186.76590218919435,192.3264311635447,185.66228031294636,190.11920166015625,32481385,0.0,0.0
2016-05-12 00:00:00+05:30,193.98185189005096,197.71716997545178,193.76962568016648,196.78334045410156,23932051,0.0,0.0
2016-05-13 00:00:00+05:30,195.6372962885949,195.6372962885949,189.65230022959318,192.28399658203125,23963285,0.0,0.0
2016-05-16 00:00:00+05:30,193.3027167232607,193.3027167232607,184.81335459262527,189.9494171142578,21535308,0.0,0.0
2016-05-17 00:00:00+05:30,191.30769954690152,193.1329104209579,188.6760034608451,191.8170623779297,18859442,0.0,0.0
2016-05-18 00:00:00+05:30,189.31271364655572,193.09048001060026,188.29400214033168,192.24154663085938,17541869,0.0,0.0
2016-05-19 00:00:00+05:30,192.24154573329977,193.98186057855406,190.3314385132467,191.47750854492188,16422069,0.0,0.0
2016-05-20 00:00:00+05:30,191.43506659494227,192.11420761771643,186.4263481178249,186.85081481933594,14666521,0.0,0.0
2016-05-23 00:00:00+05:30,188.5486709035757,190.0767594915861,187.06303040821348,187.69973754882812,14239474,0.0,0.0
2016-05-24 00:00:00+05:30,188.97313768973274,191.18036726316862,188.12420433449645,190.62857055664062,10907585,0.0,0.0
2016-05-25 00:00:00+05:30,192.6659959509164,200.00930179658832,192.3688735695267,199.49993896484375,20767970,0.0,0.0
2016-05-26 00:00:00+05:30,200.26397919494002,206.29142284013986,197.80206117816317,204.72088623046875,33650773,0.0,0.0
2016-05-27 00:00:00+05:30,202.89568550230933,210.70590660257074,202.13164832906986,206.4187774658203,26582685,0.0,0.0
2016-05-30 00:00:00+05:30,206.50369019436516,209.34762714907117,202.72592362017684,207.56484985351562,15860236,0.0,0.0
2016-05-31 00:00:00+05:30,210.91817086118832,211.38508571774304,204.84827772597697,207.6922149658203,18249239,0.0,0.0
2016-06-01 00:00:00+05:30,207.05546695117548,208.37132930991072,202.98057834581402,203.7870635986328,11862710,0.0,0.0
2016-06-02 00:00:00+05:30,202.98059399591773,205.78208279981035,201.70719388026896,204.8907012939453,15349530,0.0,0.0
2016-06-03 00:00:00+05:30,206.20652780620506,209.17780867916406,205.44249066703614,206.92813110351562,16566716,0.0,0.0
2016-06-06 00:00:00+05:30,206.631000422067,208.83824421947202,205.44249658809397,206.7158966064453,11592082,0.0,0.0
2016-06-07 00:00:00+05:30,208.41378596137193,216.35133728638968,207.73463070803237,215.71463012695312,25311345,0.0,0.0
2016-06-08 00:00:00+05:30,216.64846239667477,221.74207698837043,214.61101086035308,218.7283477783203,25139392,0.0,0.0
2016-06-09 00:00:00+05:30,218.17653337338425,220.0866404716617,214.95057820163078,216.0966339111328,13787240,0.0,0.0
2016-06-10 00:00:00+05:30,214.78079363570055,218.72833799945198,213.50739360698472,214.44122314453125,13236448,0.0,0.0
2016-06-13 00:00:00+05:30,210.87567532136498,210.87567532136498,205.8245092366206,206.92813110351562,14297870,0.0,0.0
2016-06-14 00:00:00+05:30,209.6871991174738,210.06921773733373,207.395073149205,207.94688415527344,11988708,0.0,0.0
2016-06-15 00:00:00+05:30,208.41376717552032,211.5548260974568,205.10291589327645,210.49365234375,15761615,0.0,0.0
2016-06-16 00:00:00+05:30,211.14350166114122,211.14350166114122,206.24829549185847,207.1147003173828,17042021,4.545455,0.0
2016-06-17 00:00:00+05:30,209.19406212699514,209.8438729508281,203.73568901693466,206.59483337402344,15150943,0.0,0.0
2016-06-20 00:00:00+05:30,202.436096276979,207.4612673752024,202.436096276979,206.29161071777344,17780316,0.0,0.0
2016-06-21 00:00:00+05:30,208.15439545746747,208.80420635881927,204.68876155419443,206.07501220703125,12191664,0.0,0.0
2016-06-22 00:00:00+05:30,205.42519920187826,209.973831515667,204.29886427543497,207.0713653564453,13478056,0.0,0.0
2016-06-23 00:00:00+05:30,207.11470070458336,209.19408392361854,204.51548622315113,208.71755981445312,7979235,0.0,0.0
2016-06-24 00:00:00+05:30,198.4073138193486,201.78628969627644,191.56268959062052,200.0968017578125,33755632,0.0,0.0
2016-06-27 00:00:00+05:30,198.66720370382288,203.08588514760027,198.66720370382288,201.6129913330078,13172968,0.0,0.0
2016-06-28 00:00:00+05:30,199.79355033010427,202.912610358754,199.2737045682692,202.0028839111328,11302737,0.0,0.0
2016-06-29 00:00:00+05:30,204.38552844070685,206.4649117340551,202.95595606212052,205.03533935546875,7959976,0.0,0.0
2016-06-30 00:00:00+05:30,207.50456564469908,210.36371008229304,207.33129341786227,208.414306640625,16851065,0.0,0.0
2016-07-01 00:00:00+05:30,209.41065459725078,210.23375217973103,207.54788006310514,208.2410125732422,9108853,0.0,0.0
2016-07-04 00:00:00+05:30,210.62364797691825,215.69212619625287,209.58395640824418,214.99900817871094,10389222,0.0,0.0
2016-07-05 00:00:00+05:30,217.29497270762243,217.5548883136161,211.87992124954468,212.3564453125,10375132,0.0,0.0
2016-07-07 00:00:00+05:30,212.2698125988952,214.04595840817302,211.40340781222167,212.13986206054688,8365966,0.0,0.0
2016-07-08 00:00:00+05:30,211.83660718835617,211.83660718835617,207.54789046728183,209.6272735595703,7658211,0.0,0.0
2016-07-11 00:00:00+05:30,213.65607057666827,217.20833299192904,213.65607057666827,216.47189331054688,9682385,0.0,0.0
2016-07-12 00:00:00+05:30,217.98810989644147,227.1720329761473,217.2516701625902,226.73883056640625,28558549,0.0,0.0
2016-07-13 00:00:00+05:30,228.94815633934132,231.9372659506122,224.48616731164708,226.26229858398438,28248930,0.0,0.0
2016-07-14 00:00:00+05:30,226.13234747553804,233.58346111726664,224.96270530039564,232.71705627441406,14269365,0.0,0.0
2016-07-15 00:00:00+05:30,233.4967818912793,233.80001917703328,228.2116957101119,230.2477569580078,11510449,0.0,0.0
2016-07-18 00:00:00+05:30,230.2910988179933,235.01301798859714,227.47527599304092,228.2117156982422,14310274,0.0,0.0
2016-07-19 00:00:00+05:30,229.5979741091484,234.3632151361019,228.081758411052,233.19357299804688,14880049,0.0,0.0
2016-07-20 00:00:00+05:30,231.33076014491627,232.37045163427211,229.98783136381496,231.76397705078125,7892214,0.0,0.0
2016-07-21 00:00:00+05:30,231.24414786257185,233.0636008280326,226.39226359310248,226.912109375,12060367,0.0,0.0
2016-07-22 00:00:00+05:30,227.30197204080156,229.07810317164888,224.26954097739792,228.25502014160156,8537587,0.0,0.0
2016-07-25 00:00:00+05:30,226.91212082544436,234.75310055854473,225.9157509050587,232.76036071777344,11311554,0.0,0.0
2016-07-26 00:00:00+05:30,232.58707130096343,233.49679776242058,225.3525667596206,226.69549560546875,11896758,0.0,0.0
2016-07-27 00:00:00+05:30,227.69184912197534,237.22232997976243,227.69184912197534,234.4498291015625,26003949,0.0,0.0
2016-07-28 00:00:00+05:30,234.7097631187145,237.395635370949,234.31988242436003,235.66281127929688,9781546,0.0,0.0
2016-07-29 00:00:00+05:30,233.97333194620938,235.0996669196956,227.04206441182868,227.7785186767578,21115025,0.0,0.0
2016-08-01 00:00:00+05:30,221.71367237869694,226.39227000594042,215.04233495479303,216.1686553955078,42583051,0.0,0.0
2016-08-02 00:00:00+05:30,216.12533906703365,216.12533906703365,212.2698244627256,212.52975463867188,20758831,0.0,0.0
2016-08-03 00:00:00+05:30,212.0099033462729,214.2192370728704,208.41431901089788,209.7572479248047,17910406,0.0,0.0
2016-08-04 00:00:00+05:30,212.13984840465773,212.3131206254219,205.03530925196367,208.2410125732422,29931529,0.0,0.0
2016-08-05 00:00:00+05:30,211.4900365835851,215.4321940871098,211.4900365835851,213.0928955078125,16307350,0.0,0.0
2016-08-08 00:00:00+05:30,213.22287469055777,214.60913989055533,211.87994572931976,212.48643493652344,11906856,0.0,0.0
2016-08-09 00:00:00+05:30,212.6163655126075,215.3022229990997,211.83658964639133,212.5730438232422,12642014,0.0,0.0
2016-08-10 00:00:00+05:30,213.13624487551667,213.61276899137107,206.33494216495077,207.3746337890625,12527824,0.0,0.0
2016-08-11 00:00:00+05:30,207.93778564361952,210.84023727408683,205.8150808589932,210.27708435058594,9477854,0.0,0.0
2016-08-12 00:00:00+05:30,210.9701908390346,214.52246766973641,208.97745124198428,213.0928955078125,11727486,0.0,0.0
2016-08-16 00:00:00+05:30,213.13623213351383,216.12532719618451,211.2734574776607,215.34556579589844,13111524,0.0,0.0
2016-08-17 00:00:00+05:30,214.95569386650854,217.9881107465213,212.4431082463229,214.52249145507812,12875115,0.0,0.0
2016-08-18 00:00:00+05:30,214.7390806622452,219.89420233290508,214.65243727339418,219.11444091796875,20725328,0.0,0.0
2016-08-19 00:00:00+05:30,219.20105837944325,221.54035688991843,217.94477301678273,219.98081970214844,14519513,0.0,0.0
2016-08-22 00:00:00+05:30,220.2840936502519,220.8905682766595,215.47553107847648,218.55126953125,9076842,0.0,0.0
2016-08-23 00:00:00+05:30,216.9917396868166,218.33466851936498,215.5188457775298,216.77513122558594,10995821,0.0,0.0
2016-08-24 00:00:00+05:30,216.77515743524484,218.07476473267883,214.73909582294456,215.25894165039062,9228359,0.0,0.0
2016-08-25 00:00:00+05:30,214.82570955489362,216.7751275030512,213.22285059639324,213.9593048095703,14901359,0.0,0.0
2016-08-26 00:00:00+05:30,215.04234029434312,215.56218610387378,210.71030157649548,212.52975463867188,11490424,0.0,0.0
2016-08-29 00:00:00+05:30,212.26982358164867,218.897853990063,211.92326455752067,217.03506469726562,9206563,0.0,0.0
2016-08-30 00:00:00+05:30,218.3346640527847,222.58005892481037,218.3346640527847,222.0168914794922,15251016,0.0,0.0
2016-08-31 00:00:00+05:30,222.75335085993265,226.00239074527823,222.66672201190715,223.5331268310547,16906022,0.0,0.0
2016-09-01 00:00:00+05:30,224.18290822464004,228.73155503538126,224.18290822464004,226.08900451660156,18098850,0.0,0.0
2016-09-02 00:00:00+05:30,227.4319492271171,228.99147198978744,225.48253123141842,226.3922576904297,8034006,0.0,0.0
2016-09-06 00:00:00+05:30,227.6052107669802,237.30897859723996,227.6052107669802,236.269287109375,23274042,0.0,0.0
2016-09-07 00:00:00+05:30,237.39564191961554,245.84312506134037,235.79278286265293,240.99122619628906,35379184,0.0,0.0
2016-09-08 00:00:00+05:30,241.3811044494739,243.20057195877163,238.73856838651565,239.4316864013672,13116475,0.0,0.0
2016-09-09 00:00:00+05:30,237.87214996591706,239.12843538482187,234.01663578436057,237.48226928710938,16649877,0.0,0.0
2016-09-12 00:00:00+05:30,231.33076138592594,233.45346606661172,227.6052123143812,232.37045288085938,20617372,0.0,0.0
2016-09-14 00:00:00+05:30,231.07084948440396,237.2223406285343,230.76761218617483,235.186279296875,16807794,0.0,0.0
2016-09-15 00:00:00+05:30,235.4028771873412,237.17900829019433,232.3704461717327,234.4498291015625,12135372,0.0,0.0
2016-09-16 00:00:00+05:30,235.44621047524348,238.7818789397876,230.7242915033112,231.63401794433594,32955498,0.0,0.0
2016-09-19 00:00:00+05:30,232.19719354656567,236.0093862113196,232.02390677367288,235.31625366210938,15144399,0.0,0.0
2016-09-20 00:00:00+05:30,235.57619370458167,237.56891896464492,233.36684542695346,235.7494659423828,11030397,0.0,0.0
2016-09-21 00:00:00+05:30,236.35595412008257,236.5292408995044,231.28747578797032,233.84336853027344,12736748,0.0,0.0
2016-09-22 00:00:00+05:30,239.1284538683769,240.77463463569205,235.9227502652869,238.69525146484375,14886284,0.0,0.0
2016-09-23 00:00:00+05:30,238.95514342424502,238.99846511454396,233.84334393492983,235.01300048828125,17977571,0.0,0.0
2016-09-26 00:00:00+05:30,232.63040243327995,232.80367466865093,226.82546988758398,227.47528076171875,15868805,0.0,0.0
2016-09-27 00:00:00+05:30,228.34166772729043,228.9914640083009,224.3995101807381,225.2659149169922,17356843,0.0,0.0
2016-09-28 00:00:00+05:30,225.61248910901702,227.38863493464407,224.44284699894965,225.91574096679688,17881785,0.0,0.0
2016-09-29 00:00:00+05:30,227.86514369433507,228.29834606251197,210.79692094414085,216.90509033203125,48140661,0.0,0.0
2016-09-30 00:00:00+05:30,214.91238253228227,219.46101534277662,213.9593342727156,218.4646453857422,15104920,0.0,0.0
2016-10-03 00:00:00+05:30,217.46826320874288,222.58006291488203,216.6884872926467,221.9302520751953,18062317,0.0,0.0
2016-10-04 00:00:00+05:30,222.5367634621558,225.22262138886813,220.84726092707257,223.70640563964844,16201324,0.0,0.0
2016-10-05 00:00:00+05:30,225.22259690552914,225.78576435600314,220.5873213111886,221.32376098632812,16039581,0.0,0.0
2016-10-06 00:00:00+05:30,222.66670947258336,222.71003116533726,215.90872899602522,217.6848602294922,13854468,0.0,0.0
2016-10-07 00:00:00+05:30,217.38161899460007,219.98083325870317,215.04232033996308,217.12168884277344,10506728,0.0,0.0
2016-10-10 00:00:00+05:30,218.24804451232285,219.37437952600436,215.8654239390442,216.68850708007812,6611211,0.0,0.0
2016-10-13 00:00:00+05:30,214.6957380978015,215.21558383801332,207.1579966782701,208.9341278076172,20736801,0.0,0.0
2016-10-14 00:00:00+05:30,208.97747065274024,210.53700803124855,207.6778634418307,209.45399475097656,10761830,0.0,0.0
2016-10-17 00:00:00+05:30,213.1362246386605,225.17927693779916,212.74632940986692,224.1829071044922,69082439,0.0,0.0
2016-10-18 00:00:00+05:30,224.87603609433646,235.1429570256251,224.8327144029305,234.2332305908203,41861705,0.0,0.0
2016-10-19 00:00:00+05:30,235.09965438376335,235.40289168705831,228.08174383449713,229.6412811279297,19968759,0.0,0.0
2016-10-20 00:00:00+05:30,231.46073673555077,241.64102914044923,231.46073673555077,240.5146942138672,36280178,0.0,0.0
2016-10-21 00:00:00+05:30,239.34507597526013,242.6374231550727,237.4823011712489,240.34144592285156,26362877,0.0,0.0
2016-10-24 00:00:00+05:30,241.85762760127253,248.1824058096905,241.85762760127253,246.53623962402344,22219428,0.0,0.0
2016-10-25 00:00:00+05:30,250.565016426914,252.64439946667147,246.57953711483236,250.6083526611328,25090671,0.0,0.0
2016-10-26 00:00:00+05:30,246.44960510876794,246.44960510876794,239.99486158732117,241.2078399658203,30017739,0.0,0.0
2016-10-27 00:00:00+05:30,240.34143691068903,246.92613102340567,238.26205369936307,246.3196563720703,19868027,0.0,0.0
2016-10-28 00:00:00+05:30,244.32688662463175,244.76007444117596,238.73854856428494,239.86488342285156,18314125,0.0,0.0
2016-11-01 00:00:00+05:30,242.1175541212124,242.37746973627563,237.82883740496285,238.56527709960938,11675305,0.0,0.0
2016-11-02 00:00:00+05:30,233.92999124308176,236.7458139056291,232.84697805214503,235.576171875,15140657,0.0,0.0
2016-11-03 00:00:00+05:30,235.6628121866781,239.47500484368584,232.5437520774722,233.71339416503906,12484687,0.0,0.0
2016-11-04 00:00:00+05:30,235.5761813362849,236.09601256475756,229.90119954988333,233.7567138671875,16361493,0.0,0.0
2016-11-07 00:00:00+05:30,238.95515744693628,243.63376939253868,236.0960129735819,241.46774291992188,18741014,0.0,0.0
2016-11-08 00:00:00+05:30,247.6192485698392,249.0488208891732,241.07787616565204,245.36660766601562,35153751,0.0,0.0
2016-11-09 00:00:00+05:30,220.8472367807088,246.70951599799542,212.26980358079604,243.85035705566406,51055067,0.0,0.0
2016-11-10 00:00:00+05:30,249.9585408431205,258.53597403486447,248.39898902707193,253.51080322265625,29137485,0.0,0.0
2016-11-11 00:00:00+05:30,248.87552271608368,254.94038527858268,237.82883992516264,239.47500610351562,33036653,0.0,0.0
2016-11-15 00:00:00+05:30,239.99485061894697,243.2871975006936,230.59433405583314,233.71339416503906,37961485,0.0,0.0
2016-11-16 00:00:00+05:30,239.64828516066572,241.03453567656612,228.90484002684744,230.6376495361328,26473183,0.0,0.0
2016-11-17 00:00:00+05:30,232.15388158625223,234.4931804065739,228.73156947466777,231.89395141601562,14654093,0.0,0.0
2016-11-18 00:00:00+05:30,232.58705688248392,233.06358093000952,227.2586489797231,229.2513885498047,9983933,0.0,0.0
2016-11-21 00:00:00+05:30,230.63767228783829,231.33079034298223,220.80395263056434,226.30563354492188,21625818,0.0,0.0
2016-11-22 00:00:00+05:30,229.5979643252498,230.98421487925813,224.65943672872194,227.605224609375,23906788,0.0,0.0
2016-11-23 00:00:00+05:30,228.81820202756447,230.3344176550497,225.6991273866187,229.5546417236328,17154845,0.0,0.0
2016-11-24 00:00:00+05:30,228.5582751732705,228.5582751732705,223.5331186800376,224.65943908691406,22563160,0.0,0.0
2016-11-25 00:00:00+05:30,227.3453246923527,227.3453246923527,222.71004862784469,225.3525848388672,16611698,0.0,0.0
2016-11-28 00:00:00+05:30,222.363474563842,222.363474563842,219.63429496659094,221.19383239746094,32939718,0.0,0.0
2016-11-29 00:00:00+05:30,221.3670826780846,224.74607283856815,220.32740570301007,221.32376098632812,32329662,0.0,0.0
2016-11-30 00:00:00+05:30,223.05659709931246,230.89757651139345,221.75698990337594,230.07449340820312,20731093,0.0,0.0
2016-12-01 00:00:00+05:30,230.68098686503842,232.19720255962156,223.3165168666467,224.5294952392578,15792045,0.0,0.0
2016-12-02 00:00:00+05:30,223.53311076022132,229.25139960631452,221.6703361702692,224.8327178955078,12275345,0.0,0.0
2016-12-05 00:00:00+05:30,224.9193671256921,226.47890445398716,223.35982979739703,226.00238037109375,8305074,0.0,0.0
2016-12-06 00:00:00+05:30,227.21533743211324,227.56189642513968,224.8760387800538,226.13232421875,8335181,0.0,0.0
2016-12-07 00:00:00+05:30,227.69186511637056,229.0781156528488,217.4682655920485,224.1396026611328,13635680,0.0,0.0
2016-12-08 00:00:00+05:30,225.7424631296651,228.2117270718423,223.87968838470167,227.6485595703125,11336250,0.0,0.0
2016-12-09 00:00:00+05:30,228.68821572346073,233.7566933666281,227.8651327178095,232.58705139160156,17533272,0.0,0.0
2016-12-12 00:00:00+05:30,231.76399391807757,232.45711193318513,228.60159752927095,229.46800231933594,7515935,0.0,0.0
2016-12-13 00:00:00+05:30,228.2117353982222,229.9012234220913,227.43197393218452,229.07814025878906,10265621,0.0,0.0
2016-12-14 00:00:00+05:30,229.16474332574415,229.3380300843081,225.26590759693397,225.742431640625,14369017,0.0,0.0
2016-12-15 00:00:00+05:30,224.13961304675013,226.73882746969738,223.31651539135822,225.52586364746094,24089601,0.0,0.0
2016-12-16 00:00:00+05:30,225.26591252571174,225.26591252571174,220.8039238186608,221.45372009277344,24984316,0.0,0.0
2016-12-19 00:00:00+05:30,221.28044711050873,224.35618533520133,220.71727967715375,222.75332641601562,7417692,0.0,0.0
2016-12-20 00:00:00+05:30,222.4067955045984,222.4067955045984,216.81847124091135,217.9881134033203,11590031,0.0,0.0
2016-12-21 00:00:00+05:30,219.20106965892626,221.23713099142168,217.64153239090678,219.41766357421875,7685724,0.0,0.0
2016-12-22 00:00:00+05:30,218.94112166254325,220.76058893143053,217.1649906240143,219.15773010253906,8951470,0.0,0.0
2016-12-23 00:00:00+05:30,219.15776009575677,220.71729745008227,216.73181794759304,218.2047119140625,6932571,0.0,0.0
2016-12-26 00:00:00+05:30,218.55127073892598,218.72455751449203,214.08928169171142,214.99900817871094,6767153,0.0,0.0
2016-12-27 00:00:00+05:30,215.73542441090936,220.37069972921688,213.74268487822104,219.67758178710938,9094498,0.0,0.0
2016-12-28 00:00:00+05:30,220.06747520752143,220.76060773217844,217.51156810969673,218.11805725097656,9176829,0.0,0.0
2016-12-29 00:00:00+05:30,218.42132045954713,219.20108186580006,216.64517463496475,217.55490112304688,6379633,0.0,0.0
2016-12-30 00:00:00+05:30,218.3346877120469,223.09992885440363,217.7715202057026,221.19383239746094,11565801,0.0,0.0
2017-01-02 00:00:00+05:30,222.06020676019403,222.06020676019403,214.95566771767898,218.2913360595703,10404350,0.0,0.0
2017-01-03 00:00:00+05:30,218.42130689658555,221.28045126512146,215.99536489821932,220.41403198242188,10236706,0.0,0.0
2017-01-04 00:00:00+05:30,220.2840951296545,221.58370232086313,216.94842649256623,217.55490112304688,6901181,0.0,0.0
2017-01-05 00:00:00+05:30,219.3743750667673,223.96632933561358,218.50795570489072,222.88331604003906,13830668,0.0,0.0
2017-01-06 00:00:00+05:30,223.74969951851057,226.47889334474476,222.83997309055258,223.66307067871094,9055143,0.0,0.0
2017-01-09 00:00:00+05:30,223.44647012171333,225.13595796410968,221.80028942956753,224.1396026611328,7875294,0.0,0.0
2017-01-10 00:00:00+05:30,225.26590696750623,226.9120875421845,223.79301315090765,225.43919372558594,14784040,0.0,0.0
2017-01-11 00:00:00+05:30,227.43194692901096,232.2838164805914,226.6521710131944,229.33804321289062,19565679,0.0,0.0
2017-01-12 00:00:00+05:30,230.98424195247352,233.49682773839186,229.98787197775357,232.50045776367188,11711279,0.0,0.0
2017-01-13 00:00:00+05:30,233.92999685431283,233.92999685431283,229.4246717607527,232.24050903320312,7810375,0.0,0.0
2017-01-16 00:00:00+05:30,231.67736580332175,234.6664610718581,229.42469574981808,233.3235321044922,8863676,0.0,0.0
2017-01-17 00:00:00+05:30,233.4967950914727,235.22960460921522,230.03116151362707,232.5437469482422,6968061,0.0,0.0
2017-01-18 00:00:00+05:30,231.67732500801662,235.74943288966537,231.11415759380702,232.58705139160156,10085606,0.0,0.0
2017-01-19 00:00:00+05:30,232.89031377857265,234.53649450969985,230.63765842124798,233.6700897216797,8605687,0.0,0.0
2017-01-20 00:00:00+05:30,231.33075835289617,232.15385592530342,227.47525880180518,228.25502014160156,12207059,0.0,0.0
2017-01-23 00:00:00+05:30,226.82547732030028,226.82547732030028,221.06386628023836,223.14324951171875,43793368,0.0,0.0
2017-01-24 00:00:00+05:30,224.00965503865422,224.00965503865422,221.49706938321805,222.7966766357422,26520047,0.0,0.0
2017-01-25 00:00:00+05:30,224.3995121623699,225.95904942681534,221.4537243992041,225.22259521484375,41078083,0.0,0.0
2017-01-27 00:00:00+05:30,227.9084754580936,237.395635370949,225.87241405802374,235.66281127929688,89433645,0.0,0.0
2017-01-30 00:00:00+05:30,236.52923478263514,238.78189014505574,233.670090250284,234.62313842773438,17037472,0.0,0.0
2017-01-31 00:00:00+05:30,232.890313849713,237.3956391080997,230.85425241759089,233.02027893066406,20535165,0.0,0.0
2017-02-01 00:00:00+05:30,230.33442858320032,245.62650703546132,227.6918778973828,243.4604949951172,44647342,0.0,0.0
2017-02-02 00:00:00+05:30,244.326884832369,249.0921252877186,243.07058491263876,247.6192169189453,28910922,0.0,0.0
2017-02-03 00:00:00+05:30,246.88276965297783,246.88276965297783,241.55437616551774,243.93699645996094,20058936,0.0,0.0
2017-02-06 00:00:00+05:30,245.66984191720115,253.20758413530976,245.66984191720115,251.51808166503906,22521926,0.0,0.0
2017-02-07 00:00:00+05:30,249.52532561017983,253.5974483174531,247.18604149740145,249.61196899414062,12829302,0.0,0.0
2017-02-08 00:00:00+05:30,249.52531310108515,249.95852999917128,244.93335940497,247.6192169189453,16662978,0.0,0.0
2017-02-09 00:00:00+05:30,248.3123682931676,250.17515757858374,241.38111512626304,246.92613220214844,16631183,0.0,0.0
2017-02-10 00:00:00+05:30,247.44595055231912,247.92247463712556,242.68072424661568,243.98033142089844,16771421,0.0,0.0
2017-02-13 00:00:00+05:30,244.7601054060053,246.14637058070804,242.20421261935866,244.02365112304688,13144434,0.0,0.0
2017-02-14 00:00:00+05:30,245.19332196149685,247.70589304843156,243.72041339798633,246.62289428710938,12889195,0.0,0.0
2017-02-15 00:00:00+05:30,247.09937920267205,248.13907064591191,241.38107626485282,243.2438507080078,14420745,0.0,0.0
2017-02-16 00:00:00+05:30,243.72040961438796,243.85037469897924,236.39927586019766,241.5543975830078,20257845,0.0,0.0
2017-02-17 00:00:00+05:30,242.33415450256405,247.87917137610555,238.9984858565719,245.1933135986328,28496342,0.0,0.0
2017-02-20 00:00:00+05:30,245.23660153771135,247.9224591047654,243.54711377122638,244.630126953125,9947581,0.0,0.0
2017-02-21 00:00:00+05:30,245.19330014487886,247.6192276248887,243.63376287142077,246.75282287597656,11288626,0.0,0.0
2017-02-22 00:00:00+05:30,249.43867035405165,249.43867035405165,243.59043126573476,247.92245483398438,30787289,0.0,0.0
2017-02-23 00:00:00+05:30,246.6661914382045,250.1751468378274,244.37021437968923,246.49290466308594,25499159,0.0,0.0
2017-02-27 00:00:00+05:30,246.9261101481525,247.40263421526564,240.08148644148707,241.5977020263672,15037984,0.0,0.0
2017-02-28 00:00:00+05:30,241.6843563055374,242.68072617645242,238.86853346768572,239.4316864013672,18179839,0.0,0.0
2017-03-01 00:00:00+05:30,240.51469338638958,243.41715953598302,240.2114560805965,241.81430053710938,19983162,0.0,0.0
2017-03-02 00:00:00+05:30,244.37019565612786,246.49288577688478,239.99483580087298,241.42440795898438,20040929,0.0,0.0
2017-03-03 00:00:00+05:30,241.38110585306288,241.64103601691448,238.30536737734727,239.0851287841797,9256168,0.0,0.0
2017-03-06 00:00:00+05:30,239.0851267220789,242.03091463282257,238.6952460220254,239.77825927734375,12565060,0.0,0.0
2017-03-07 00:00:00+05:30,239.99483795982,241.9442558786321,238.26202849525816,239.12843322753906,9116307,0.0,0.0
2017-03-08 00:00:00+05:30,239.30174013358103,239.60497745269558,235.74946298139284,237.74220275878906,12969749,0.0,0.0
2017-03-09 00:00:00+05:30,237.39563524842737,239.08512310387835,236.1826569306608,236.96243286132812,11647809,0.0,0.0
2017-03-10 00:00:00+05:30,238.39201957104322,239.5616617244962,233.41017000347944,234.4065399169922,15749231,0.0,0.0
2017-03-14 00:00:00+05:30,243.5470952431688,249.69858579890234,243.5470952431688,248.87548828125,43486006,0.0,0.0
2017-03-15 00:00:00+05:30,247.70588692442215,248.65893511793504,246.1463640931184,247.0560760498047,13414846,0.0,0.0
2017-03-16 00:00:00+05:30,248.26905048096776,249.04881188427905,244.71678792992634,246.49290466308594,10712223,0.0,0.0
2017-03-17 00:00:00+05:30,247.8791628786307,248.39899410479262,242.29082450260273,243.11392211914062,25016303,0.0,0.0
2017-03-20 00:00:00+05:30,242.33414540162542,242.33414540162542,237.39563243037335,238.30535888671875,12153226,0.0,0.0
2017-03-21 00:00:00+05:30,239.12844290051484,239.82157543979355,234.88304790671995,235.7061309814453,16304076,0.0,0.0
2017-03-22 00:00:00+05:30,232.11053145970186,232.84697110044175,229.1647438120229,229.5979461669922,24534011,0.0,0.0
2017-03-23 00:00:00+05:30,230.89756509951255,232.413780691015,229.42467119996965,231.28746032714844,13209523,0.0,0.0
2017-03-24 00:00:00+05:30,233.62675827218007,239.8648928447368,233.62675827218007,238.04542541503906,19227304,0.0,0.0
2017-03-27 00:00:00+05:30,242.59407707958994,242.59407707958994,235.83609661084952,236.6591796875,12341637,0.0,0.0
2017-03-28 00:00:00+05:30,239.9948272705078,240.47135130627407,238.34866126096594,239.9948272705078,13884032,0.0,0.0
2017-03-29 00:00:00+05:30,241.68435951381028,245.02002817826093,239.69161974552728,244.5001678466797,18910842,0.0,0.0
2017-03-30 00:00:00+05:30,243.67710406222128,245.40991369870557,242.3774822924965,243.76373291015625,16543030,0.0,0.0
2017-03-31 00:00:00+05:30,242.8972999351803,245.10664796218717,238.86851363466414,239.86488342285156,19741901,0.0,0.0
2017-04-03 00:00:00+05:30,241.55437772601718,249.00549049464112,239.86488993466125,248.39898681640625,20449617,0.0,0.0
2017-04-05 00:00:00+05:30,248.2257146807768,248.2257146807768,245.106640342795,246.796142578125,10569529,0.0,0.0
2017-04-06 00:00:00+05:30,244.2402463328923,245.7997690277239,241.94425489659895,243.33050537109375,17014957,0.0,0.0
2017-04-07 00:00:00+05:30,242.6807160466506,245.19330146592134,238.9118451889247,240.298095703125,18994042,0.0,0.0
2017-04-10 00:00:00+05:30,241.20780945940731,241.72765519267998,239.21506990558873,240.55799865722656,10395338,0.0,0.0
2017-04-11 00:00:00+05:30,241.12117955765405,246.2763009465315,239.77825073095295,245.7564697265625,13734771,0.0,0.0
2017-04-12 00:00:00+05:30,245.88642984065382,247.74921904462343,240.99122387103282,243.28720092773438,18252914,0.0,0.0
2017-04-13 00:00:00+05:30,242.8539779383163,247.61921842260264,242.07421660174575,245.02000427246094,15178825,0.0,0.0
2017-04-17 00:00:00+05:30,245.19329167871416,247.53257569458864,243.0272653388631,244.67343139648438,8250861,0.0,0.0
2017-04-18 00:00:00+05:30,245.5398406982422,252.6443944282765,244.80341557841842,245.5398406982422,19072022,0.0,0.0
2017-04-19 00:00:00+05:30,245.53985165974362,246.92611674872938,241.59770848451052,243.0706024169922,15189575,0.0,0.0
2017-04-20 00:00:00+05:30,238.21871839098404,239.34505332314842,235.4895389888482,236.3126220703125,31912290,0.0,0.0
2017-04-21 00:00:00+05:30,236.22598985187813,237.22235975227397,231.3307837399091,233.19357299804688,18165879,0.0,0.0
2017-04-24 00:00:00+05:30,233.75673063815907,235.09967412553925,229.77126549897832,232.76036071777344,24418208,0.0,0.0
2017-04-25 00:00:00+05:30,235.66282115409535,236.78915613374713,233.93001153219546,236.0960235595703,13685114,0.0,0.0
2017-04-26 00:00:00+05:30,237.39564731932845,240.81795943955217,236.52924250107571,239.90821838378906,15205419,0.0,0.0
2017-04-27 00:00:00+05:30,239.95154652979048,240.0381899224174,236.83248619175555,237.52560424804688,14909618,0.0,0.0
2017-04-28 00:00:00+05:30,236.96245579626697,242.07425609268367,236.44260997296126,241.29449462890625,9367499,0.0,0.0
2017-05-02 00:00:00+05:30,242.7673558236071,243.33052330151025,238.26204508510392,238.78189086914062,16780204,0.0,0.0
2017-05-03 00:00:00+05:30,239.04180147244833,240.03817132574125,235.01301490868033,236.3126220703125,24205196,0.0,0.0
2017-05-04 00:00:00+05:30,252.64442791192036,259.70564634444236,245.9297539685614,258.0161437988281,122120948,0.0,0.0
2017-05-05 00:00:00+05:30,259.92224016752743,261.4384559255083,255.1136917980117,258.66595458984375,48189321,0.0,0.0
2017-05-08 00:00:00+05:30,259.92224200158194,266.9834604807171,259.92224200158194,262.4781494140625,30347849,0.0,0.0
2017-05-09 00:00:00+05:30,263.64779746626715,264.5575385815841,258.5360116124186,260.4421081542969,15194182,0.0,0.0
2017-05-10 00:00:00+05:30,260.8752228528378,262.21815148647704,257.62619821213417,258.7525329589844,15054831,0.0,0.0
2017-05-11 00:00:00+05:30,261.39511113157613,262.0882290945057,259.5323220680978,260.0954895019531,10261128,0.0,0.0
2017-05-12 00:00:00+05:30,259.92220028700916,260.39872433541103,254.1172683260481,256.93310546875,16605029,0.0,0.0
2017-05-15 00:00:00+05:30,259.4890412114024,262.9546604619069,258.3627062295716,261.4817810058594,17095696,0.0,0.0
2017-05-16 00:00:00+05:30,262.39151799716933,265.0340689243158,260.8319950026439,262.2182312011719,19569431,0.0,0.0
2017-05-17 00:00:00+05:30,264.77409136422517,268.7595706202909,263.8210432414582,268.36968994140625,23363685,0.0,0.0
2017-05-18 00:00:00+05:30,263.9943734983323,271.05559219988965,263.9943734983323,266.8102111816406,27753950,0.0,0.0
2017-05-19 00:00:00+05:30,266.7668497685276,270.66568591651236,263.1279437863346,266.0303955078125,16728969,0.0,0.0
2017-05-22 00:00:00+05:30,268.19640087154755,269.92921033719216,261.8283013632914,263.25787353515625,14850717,0.0,0.0
2017-05-23 00:00:00+05:30,262.65143034775156,268.3697197188362,262.34819301771955,265.16400146484375,29771017,0.0,0.0
2017-05-24 00:00:00+05:30,265.8137551898828,268.2830186221708,262.7813243723559,265.72711181640625,20506719,0.0,0.0
2017-05-25 00:00:00+05:30,265.42393998770496,277.12044927402053,265.1207026481374,275.2576599121094,41775676,0.0,0.0
2017-05-26 00:00:00+05:30,274.6511190843709,279.8495470142301,273.3948337888909,278.59326171875,21336089,0.0,0.0
2017-05-29 00:00:00+05:30,276.60055184584013,277.59693621060836,271.8786474258471,272.8316955566406,11266657,0.0,0.0
2017-05-30 00:00:00+05:30,272.7883666017336,281.14920608626466,272.4418221442929,278.4633483886719,15573191,0.0,0.0
2017-05-31 00:00:00+05:30,279.84956025050144,283.66175254659356,276.0807041858026,282.83868408203125,128437479,0.0,0.0
2017-06-01 00:00:00+05:30,282.0156028784549,282.14555341072855,274.43455407826417,277.3370056152344,19883562,0.0,0.0
2017-06-02 00:00:00+05:30,278.9831597644951,279.8062573261973,273.4814942248631,275.6474914550781,13469524,0.0,0.0
2017-06-05 00:00:00+05:30,275.9507551554862,278.67994915524594,275.64751784100673,277.0337829589844,9831353,0.0,0.0
2017-06-06 00:00:00+05:30,277.72690377182164,278.16012071452707,275.2576399102071,276.3406677246094,10757211,0.0,0.0
2017-06-07 00:00:00+05:30,278.1601277998518,282.40550852289095,277.9001976276076,281.322509765625,15076040,0.0,0.0
2017-06-08 00:00:00+05:30,282.36217236119177,283.31522047678516,276.81717043132466,277.42364501953125,20130322,0.0,0.0
2017-06-09 00:00:00+05:30,276.34068831157145,279.93625832263945,273.8714242660005,279.1131896972656,10190305,0.0,0.0
2017-06-12 00:00:00+05:30,277.25035715167405,277.85683173746537,272.7883538855804,273.568115234375,10376913,0.0,0.0
2017-06-13 00:00:00+05:30,272.96164736296896,276.1240290690473,271.9652920782718,272.7883605957031,9305516,0.0,0.0
2017-06-14 00:00:00+05:30,276.4706433694731,279.3297881967807,273.2649249565313,276.42730712890625,22264301,0.0,0.0
2017-06-15 00:00:00+05:30,276.3839431011706,276.73051661549005,273.524798862193,274.4345397949219,11206355,0.0,0.0
2017-06-16 00:00:00+05:30,275.9074283374205,276.60054630464293,273.48150090978186,274.2179260253906,23228635,0.0,0.0
2017-06-19 00:00:00+05:30,275.5175330071741,278.7232506977232,274.69443546913624,277.77020263671875,10719809,0.0,0.0
2017-06-20 00:00:00+05:30,279.2765274128086,283.7430249120379,276.6350469299704,280.9094543457031,16849368,2.272727,1.1
2017-06-21 00:00:00+05:30,280.4771800122972,281.1015240366504,278.1238494820786,279.6127014160156,7142413,0.0,0.0
2017-06-22 00:00:00+05:30,279.9969224772391,281.7739242458445,276.87517291274156,278.1719055175781,9180870,0.0,0.0
2017-06-23 00:00:00+05:30,278.12384376095764,281.96599683277634,273.36919692256294,280.3330993652344,14937649,0.0,0.0
2017-06-27 00:00:00+05:30,281.4377842605402,281.5338439744855,272.2646531882933,276.5390319824219,18053262,0.0,0.0
2017-06-28 00:00:00+05:30,277.3554363120178,281.72587388615875,277.3554363120178,278.8923034667969,17157094,0.0,0.0
2017-06-29 00:00:00+05:30,279.9968840850284,285.1837844798613,278.65213647352346,281.6778259277344,34774280,0.0,0.0
2017-06-30 00:00:00+05:30,280.4771971157917,280.4771971157917,276.1547745575004,278.7001953125,12435467,0.0,0.0
2017-07-03 00:00:00+05:30,279.9008585618486,280.7173219906068,277.35543789491095,278.6041259765625,6106230,0.0,0.0
2017-07-04 00:00:00+05:30,280.8614221955481,281.2456316927477,277.2113880021932,278.07586669921875,8335899,0.0,0.0
2017-07-05 00:00:00+05:30,278.5561001860233,282.1581187229115,277.115292771268,281.29364013671875,6958589,0.0,0.0
2017-07-06 00:00:00+05:30,282.39824613530584,283.4548440753431,280.8133638819006,282.1581115722656,9967582,0.0,0.0
2017-07-07 00:00:00+05:30,281.91800889929203,281.91800889929203,277.787705673108,278.2679748535156,8477468,0.0,0.0
2017-07-10 00:00:00+05:30,279.5166595917964,281.6778708773,278.5561212426837,279.94891357421875,1114874,0.0,0.0
2017-07-11 00:00:00+05:30,281.00546484462757,281.3897036110376,277.30741588100074,278.21990966796875,10893055,0.0,0.0
2017-07-12 00:00:00+05:30,278.2679945536397,282.97462699218227,277.2113964192796,280.81341552734375,8091465,0.0,0.0
2017-07-13 00:00:00+05:30,283.9351218228009,287.6812152573142,283.4068081800901,286.14434814453125,13747313,0.0,0.0
2017-07-14 00:00:00+05:30,287.5851735326072,287.5851735326072,282.8785415227335,286.4805603027344,6196683,0.0,0.0
2017-07-17 00:00:00+05:30,288.1615225526411,292.53196058603373,287.0088647371081,291.5234069824219,12506474,0.0,0.0
2017-07-18 00:00:00+05:30,289.8424412255434,293.92472913012847,289.6023066429207,291.9075927734375,11772154,0.0,0.0
2017-07-19 00:00:00+05:30,291.04309657548856,292.8681134306283,289.506229476786,290.32269287109375,10780451,0.0,0.0
2017-07-20 00:00:00+05:30,290.0825406055861,291.85954216400876,287.9213296242531,288.73779296875,8458004,0.0,0.0
2017-07-21 00:00:00+05:30,287.6811934924659,291.9075557478923,284.51142912922114,290.13055419921875,9705981,0.0,0.0
2017-07-24 00:00:00+05:30,290.2746609367973,294.5010232294335,289.69833214386966,291.0910949707031,15604131,0.0,0.0
2017-07-25 00:00:00+05:30,294.6931563806328,294.6931563806328,289.8904645927261,292.1477355957031,18129742,0.0,0.0
2017-07-26 00:00:00+05:30,294.69315958443826,298.7274324554609,292.5319482563843,298.10308837890625,26050717,0.0,0.0
2017-07-27 00:00:00+05:30,302.0412956093191,302.0412956093191,293.3003907695733,295.077392578125,28535869,0.0,0.0
2017-07-28 00:00:00+05:30,292.0036408816226,292.0036408816226,282.2541830766894,284.4634094238281,30571846,0.0,0.0
2017-07-31 00:00:00+05:30,287.0569164248796,294.3570143747849,284.55951063763484,290.658935546875,21526493,0.0,0.0
2017-08-01 00:00:00+05:30,291.9076237838441,293.1563413341198,289.50627770251384,290.658935546875,10722862,0.0,0.0
2017-08-02 00:00:00+05:30,290.2747319185163,292.43594343550734,287.87338578852626,289.93853759765625,8348096,0.0,0.0
2017-08-03 00:00:00+05:30,289.4581934333679,289.6022683012061,282.926516062807,284.0311584472656,14389817,0.0,0.0
2017-08-04 00:00:00+05:30,283.35883624241825,285.76018231226925,282.30223810902254,284.55950927734375,10099985,0.0,0.0
2017-08-07 00:00:00+05:30,285.5200172287314,291.04311259985064,284.9917328750761,288.3055725097656,11870705,0.0,0.0
2017-08-08 00:00:00+05:30,287.96935300507573,289.6502949272845,282.25416805754634,283.83905029296875,10288608,0.0,0.0
2017-08-09 00:00:00+05:30,282.7824802403423,282.7824802403423,278.41204253710174,279.1324462890625,12959158,0.0,0.0
2017-08-10 00:00:00+05:30,277.59557281097807,281.8219355309068,251.22878436018507,277.3554382324219,17225844,0.0,0.0
2017-08-11 00:00:00+05:30,272.74491046695033,278.2199621616819,269.2389215984244,275.62652587890625,17211539,0.0,0.0
2017-08-14 00:00:00+05:30,276.2027769152369,281.29364750198374,276.2027769152369,280.2850646972656,8428420,0.0,0.0
2017-08-16 00:00:00+05:30,280.1890716370322,284.12725574771025,275.9626790961863,283.3108215332031,8605873,0.0,0.0
2017-08-17 00:00:00+05:30,286.0963907033315,286.0963907033315,279.80484610273504,281.58184814453125,8168684,0.0,0.0
2017-08-18 00:00:00+05:30,280.47723476070377,282.7345060401039,279.3245768651311,281.58184814453125,6700778,0.0,0.0
2017-08-21 00:00:00+05:30,283.5989413415756,287.92136381756916,280.7173263575799,281.9179992675781,10623264,0.0,0.0
2017-08-22 00:00:00+05:30,285.27991122234965,285.61610553257935,280.6212940148116,282.35028076171875,7549155,0.0,0.0
2017-08-23 00:00:00+05:30,284.31933650330495,287.39307078541844,283.64694796868554,286.8167419433594,9142592,0.0,0.0
2017-08-24 00:00:00+05:30,288.16152767893993,288.3056025801181,284.94371809053047,285.9523010253906,12766567,0.0,0.0
2017-08-28 00:00:00+05:30,287.8733724754564,290.32273368944954,286.33650516067576,289.0260009765625,8827300,0.0,0.0
2017-08-29 00:00:00+05:30,288.16154365348496,290.8510396689276,286.3365264063412,287.6812744140625,12737088,0.0,0.0
2017-08-30 00:00:00+05:30,289.8904534772197,290.370722637595,287.5851673700788,288.44964599609375,8552010,0.0,0.0
2017-08-31 00:00:00+05:30,289.025992391371,289.025992391371,285.2798985757644,286.2884521484375,14865124,0.0,0.0
2017-09-01 00:00:00+05:30,287.8733415298142,287.8733415298142,285.42395126581835,286.528564453125,7472688,0.0,0.0
2017-09-04 00:00:00+05:30,288.0654416656466,288.1615013620947,282.8785405037896,285.3759460449219,6244661,0.0,0.0
2017-09-05 00:00:00+05:30,284.99175299820257,287.2009795773213,284.99175299820257,285.8562316894531,7683590,0.0,0.0
2017-09-06 00:00:00+05:30,283.2627533417185,284.3193513885937,282.6864244694862,283.69500732421875,4854030,0.0,0.0
2017-09-07 00:00:00+05:30,283.88708723286817,286.7206869870395,280.5732476345676,281.1015319824219,15630577,0.0,0.0
2017-09-08 00:00:00+05:30,283.16669907338587,283.16669907338587,278.6041418267988,280.4772033691406,8077662,0.0,0.0
2017-09-11 00:00:00+05:30,281.4377506445107,282.11013924850585,277.64361224667715,279.3245544433594,7639794,0.0,0.0
2017-09-12 00:00:00+05:30,281.1015337291793,281.82193746980425,279.03638220204857,279.7087707519531,8497603,0.0,0.0
2017-09-13 00:00:00+05:30,280.5732630685718,281.67787632876883,279.7087844003005,280.4772033691406,8297426,0.0,0.0
2017-09-14 00:00:00+05:30,280.18903084239554,283.93512430972,280.18903084239554,282.110107421875,12267908,0.0,0.0
2017-09-15 00:00:00+05:30,282.8305272044627,283.8870959325496,279.4686429994126,280.0929870605469,22632513,0.0,0.0
2017-09-18 00:00:00+05:30,282.30222281627994,282.78249200423323,280.6212806584434,281.437744140625,11181986,0.0,0.0
2017-09-19 00:00:00+05:30,280.3811331136576,283.8390769698597,278.17190667643865,283.0226135253906,7558625,0.0,0.0
2017-09-20 00:00:00+05:30,280.4772039826308,281.2936674596247,278.17191775776325,279.08441162109375,14617079,0.0,0.0
2017-09-21 00:00:00+05:30,278.02780538216246,278.94029912247356,272.45666600040175,273.70538330078125,14496834,0.0,0.0
2017-09-22 00:00:00+05:30,272.40865990313364,272.744854161119,264.8684286024701,266.1651611328125,23451953,0.0,0.0
2017-09-25 00:00:00+05:30,267.94220509408757,269.6231473360497,264.67635100191603,268.4704895019531,13358067,0.0,0.0
2017-09-26 00:00:00+05:30,268.4704442517511,272.7928664311174,265.8289640310272,271.5921936035156,11325047,0.0,0.0
2017-09-27 00:00:00+05:30,273.5132990507421,273.5132990507421,264.53225948790754,265.4927978515625,17853590,0.0,0.0
2017-09-28 00:00:00+05:30,265.060546875,266.8375192207961,258.52886906227604,265.060546875,32223724,0.0,0.0
2017-09-29 00:00:00+05:30,266.50136944307434,270.5356128117136,264.8684425686444,265.6849060058594,9980756,0.0,0.0
2017-10-03 00:00:00+05:30,268.4704468380818,269.6231044890043,264.29209949511494,267.4138488769531,6752832,0.0,0.0
2017-10-04 00:00:00+05:30,268.23034089383015,268.37441578724463,264.24411250506984,265.20465087890625,7417758,0.0,0.0
2017-10-05 00:00:00+05:30,265.1086140640007,266.4533620407943,260.4019814885694,261.0743408203125,10975305,0.0,0.0
2017-10-06 00:00:00+05:30,261.4105043874072,263.61976016600187,259.8736371747551,261.2184143066406,25447787,0.0,0.0
2017-10-09 00:00:00+05:30,262.56317343117314,265.3967440792504,260.54603695979114,261.02630615234375,20478222,0.0,0.0
2017-10-10 00:00:00+05:30,261.1223806664971,262.2269940093697,258.52891515426853,259.15325927734375,18594444,0.0,0.0
2017-10-11 00:00:00+05:30,260.4019847382485,261.2664634974535,255.6953521040809,257.04010009765625,12687990,0.0,0.0
2017-10-12 00:00:00+05:30,257.04007941966603,257.37627371934116,253.63015054196916,256.9920349121094,11831125,0.0,0.0
2017-10-13 00:00:00+05:30,257.0400505962801,263.8118337714526,257.0400505962801,260.5940246582031,14402254,0.0,0.0
2017-10-16 00:00:00+05:30,263.7638371078537,265.10858493690176,259.68154911516586,263.4276428222656,12848154,0.0,0.0
2017-10-17 00:00:00+05:30,263.9079246820807,265.6368820720551,262.41910189145307,263.0914611816406,9183764,0.0,0.0
2017-10-18 00:00:00+05:30,257.80851287332285,257.80851287332285,251.9012072969891,252.76568603515625,30669948,0.0,0.0
2017-10-19 00:00:00+05:30,249.35576206242771,250.7005098926778,246.47414700619004,247.67481994628906,3822821,0.0,0.0
2017-10-23 00:00:00+05:30,248.1550875888667,254.01437736300363,246.37808578584017,252.1893310546875,22939775,0.0,0.0
2017-10-24 00:00:00+05:30,252.86172920356614,257.5683614153495,244.93728754761395,256.031494140625,15126641,0.0,0.0
2017-10-25 00:00:00+05:30,281.62986684020575,298.5353190035518,273.12909625119164,293.6365966796875,123615362,0.0,0.0
2017-10-26 00:00:00+05:30,287.96935486743104,302.23335370508244,283.3587830048755,287.4410705566406,43256025,0.0,0.0
2017-10-27 00:00:00+05:30,280.3811632762687,293.39647665675875,274.23372315575375,289.2661437988281,36889009,0.0,0.0
2017-10-30 00:00:00+05:30,286.81675662740264,296.27806521957683,283.59894729835906,288.6897888183594,38047961,0.0,0.0
2017-10-31 00:00:00+05:30,288.40164325104433,291.2832583376493,286.5285817194293,288.257568359375,19050731,0.0,0.0
2017-11-01 00:00:00+05:30,291.0431218061343,306.3637203063994,290.46679292999596,301.03271484375,38829935,0.0,0.0
2017-11-02 00:00:00+05:30,301.08074446428856,307.7564681190435,299.11162334427655,304.1544494628906,27736221,0.0,0.0
2017-11-03 00:00:00+05:30,305.2590684715716,306.0755319118514,301.6570497467813,303.4340515136719,14258432,0.0,0.0
2017-11-06 00:00:00+05:30,302.3774423016043,307.6123877132236,299.35175254741335,303.62615966796875,16349376,0.0,0.0
2017-11-07 00:00:00+05:30,304.58673702141493,305.4032005361889,297.1425643109755,300.1202392578125,12752869,0.0,0.0
2017-11-08 00:00:00+05:30,299.6878947805851,301.6089710291786,291.907530111122,293.44439697265625,11942186,0.0,0.0
2017-11-09 00:00:00+05:30,294.69317164935137,302.3774789081434,294.69317164935137,299.0155944824219,12716330,0.0,0.0
2017-11-10 00:00:00+05:30,300.16822755056046,311.40653771537484,298.7754352494045,305.93145751953125,21000915,0.0,0.0
2017-11-13 00:00:00+05:30,304.4906318561369,309.10120383084603,300.6484787727787,301.8491516113281,13679015,0.0,0.0
2017-11-14 00:00:00+05:30,300.9366603566521,304.5867237598648,297.57477605315097,301.7051086425781,12362405,0.0,0.0
2017-11-15 00:00:00+05:30,300.6005045237542,306.98807903210945,300.3123254152738,303.04986572265625,14408468,0.0,0.0
2017-11-16 00:00:00+05:30,303.6741836155639,307.372262005478,303.5301087304095,306.36370849609375,8983382,0.0,0.0
2017-11-17 00:00:00+05:30,311.2144285529627,319.23492971938055,311.0223091556947,312.2710266113281,20440466,0.0,0.0
2017-11-20 00:00:00+05:30,310.5900940441429,311.118378432938,304.68278881258374,305.9794921875,13606336,0.0,0.0
2017-11-21 00:00:00+05:30,306.17157094363995,309.4854396721152,305.0189133041786,307.27618408203125,13102056,0.0,0.0
2017-11-22 00:00:00+05:30,306.79591243750394,309.3893774483925,305.49917993205963,306.3156433105469,9342622,0.0,0.0
2017-11-23 00:00:00+05:30,307.1321133801782,307.8525170863084,302.7616759549757,306.8439636230469,9998609,0.0,0.0
2017-11-24 00:00:00+05:30,307.2762056764854,308.3808188925056,303.48209686378095,304.6827697753906,7867381,0.0,0.0
2017-11-27 00:00:00+05:30,302.6175697546875,306.0274981957205,301.1287471638869,304.4906311035156,9334428,0.0,0.0
2017-11-28 00:00:00+05:30,300.7445469969829,302.90575816770223,299.4478144318908,300.8406066894531,13929413,0.0,0.0
2017-11-29 00:00:00+05:30,300.2643255949869,303.81830027510745,299.9761464717508,302.425537109375,12384876,0.0,0.0
2017-11-30 00:00:00+05:30,302.5216131059029,303.33804738243,294.1649164083265,295.4136047363281,23832543,0.0,0.0
2017-12-01 00:00:00+05:30,297.47872233290127,297.7188569071728,292.38785177036317,293.2043151855469,6602231,0.0,0.0
2017-12-04 00:00:00+05:30,295.1254200994136,295.365554696728,290.37074334726606,292.2438049316406,8763567,0.0,0.0
2017-12-05 00:00:00+05:30,292.7720612265371,295.46158604635986,291.71549255038434,293.2043151855469,8219441,0.0,0.0
2017-12-06 00:00:00+05:30,291.81157814777254,292.96423604770973,286.3845416049602,287.6812744140625,6751957,0.0,0.0
2017-12-07 00:00:00+05:30,289.60233204004527,294.6451587173595,288.3536438262233,293.7326354980469,7414305,0.0,0.0
2017-12-08 00:00:00+05:30,295.1253901486999,299.59188734280576,294.8852555757555,298.4872741699219,10732806,0.0,0.0
2017-12-11 00:00:00+05:30,298.72741400451554,299.92808689038577,296.085933655601,299.15966796875,6829121,0.0,0.0
2017-12-12 00:00:00+05:30,299.7359560921278,300.0241351617472,294.21286102739356,295.4615783691406,11995276,0.0,0.0
2017-12-13 00:00:00+05:30,295.8458243352064,296.2300338288248,288.3536366130785,290.9951171875,14805881,0.0,0.0
2017-12-14 00:00:00+05:30,291.8595745896791,293.9247261163984,289.45822878807456,292.33984375,11140346,0.0,0.0
2017-12-15 00:00:00+05:30,298.1510666115307,298.43924567419646,290.61083549461017,291.1871643066406,23227021,0.0,0.0
2017-12-18 00:00:00+05:30,286.24043426050196,299.97612122620416,275.6745121904834,296.7102966308594,16300443,0.0,0.0
2017-12-19 00:00:00+05:30,296.99849983572545,302.377491693677,296.326111196828,301.3209228515625,13135113,0.0,0.0
2017-12-20 00:00:00+05:30,301.70508466237453,305.3071032726863,299.20767922989785,303.3379821777344,14003657,0.0,0.0
2017-12-21 00:00:00+05:30,302.95375603696976,304.05836915396895,299.78399155978923,303.0018005371094,9705688,0.0,0.0
2017-12-22 00:00:00+05:30,302.569578100756,306.603850867421,301.416920363622,304.1064453125,7628532,0.0,0.0
2017-12-26 00:00:00+05:30,303.77022850726496,306.4117087551542,300.8405985031085,305.5952453613281,7632721,0.0,0.0
2017-12-27 00:00:00+05:30,303.4821096967029,305.35514193003416,299.78403110990894,300.4563903808594,6354635,0.0,0.0
2017-12-28 00:00:00+05:30,300.45635092379524,306.60381913452017,298.2471246884603,302.8576965332031,22689602,0.0,0.0
2017-12-29 00:00:00+05:30,301.51297960980577,303.2899814046872,300.1682317940293,301.6090393066406,9637881,0.0,0.0
2018-01-01 00:00:00+05:30,301.609026633792,301.609026633792,296.9023948196832,298.0550231933594,7739502,0.0,0.0
2018-01-02 00:00:00+05:30,298.6794021473152,299.3998058868762,295.3655332200133,297.4787292480469,7046560,0.0,0.0
2018-01-03 00:00:00+05:30,300.1682342044891,303.86631271254925,300.1682342044891,302.569580078125,8898342,0.0,0.0
2018-01-04 00:00:00+05:30,302.5215676950621,303.19392695794096,299.2076986333517,302.28143310546875,6385367,0.0,0.0
2018-01-05 00:00:00+05:30,302.0413118258674,302.7136711183749,299.30377152120735,300.5524597167969,6366054,0.0,0.0
2018-01-08 00:00:00+05:30,301.12873828196376,305.6432797359132,300.2642597285034,301.7530822753906,7329648,0.0,0.0
2018-01-09 00:00:00+05:30,302.37744892521084,303.3379872373155,298.4872804865084,300.2642822265625,9190909,0.0,0.0
2018-01-10 00:00:00+05:30,300.2162421177416,300.60048089885055,298.2951654654104,299.6879577636719,6736971,0.0,0.0
2018-01-11 00:00:00+05:30,300.168205347508,300.168205347508,296.37406750659494,297.2865905761719,8366713,0.0,0.0
2018-01-12 00:00:00+05:30,297.3826589303541,306.21959356531465,297.3826589303541,305.16302490234375,11699345,0.0,0.0
2018-01-15 00:00:00+05:30,308.1406616187,317.6500138290225,307.61237730181597,316.30523681640625,30242005,0.0,0.0
2018-01-16 00:00:00+05:30,316.73751542434735,327.3034370912702,313.6637810322847,320.9158630371094,26707100,0.0,0.0
2018-01-17 00:00:00+05:30,320.8678088243847,330.61729606362,320.8678088243847,329.70477294921875,43305353,0.0,0.0
2018-01-18 00:00:00+05:30,336.1884350940077,339.262169654475,329.46466639212747,332.4903564453125,31504669,0.0,0.0
2018-01-19 00:00:00+05:30,333.7390273996696,340.99107947731744,327.3514245729043,339.6463317871094,18812611,0.0,0.0
2018-01-22 00:00:00+05:30,338.49369003049827,338.97395917904134,331.19359310998306,337.62921142578125,15269782,0.0,0.0
2018-01-23 00:00:00+05:30,336.6206656109933,350.0682020766786,336.6206656109933,348.0030212402344,22485663,0.0,0.0
2018-01-24 00:00:00+05:30,343.6325866569449,345.02537895711623,337.9173718831013,338.82989501953125,12815095,0.0,0.0
2018-01-25 00:00:00+05:30,338.5897389376736,350.40434789017814,336.8607817833125,346.56219482421875,30183655,0.0,0.0
2018-01-29 00:00:00+05:30,345.7937697721101,351.26884951882226,341.56740733755566,343.5364990234375,17855095,0.0,0.0
2018-01-30 00:00:00+05:30,342.7201109911933,342.7201109911933,336.66873041518767,339.3102111816406,13358981,0.0,0.0
2018-01-31 00:00:00+05:30,335.0837902990161,339.9825414694748,330.04096424687083,339.0220031738281,22638319,0.0,0.0
2018-02-01 00:00:00+05:30,333.83509444534644,341.85559559364987,330.233075604489,332.53839111328125,29472295,0.0,0.0
2018-02-02 00:00:00+05:30,329.03242805437156,330.1370707014748,320.5316863844497,321.8764343261719,16957983,0.0,0.0
2018-02-05 00:00:00+05:30,314.6724080319364,321.0599829825401,314.1440942864637,316.6895446777344,17339547,0.0,0.0
2018-02-06 00:00:00+05:30,302.80972519138777,324.61395820725545,300.64851382999007,317.6500549316406,18491736,0.0,0.0
2018-02-07 00:00:00+05:30,322.11655757259075,323.1251111649826,316.8816115791334,319.4270324707031,11819190,0.0,0.0
2018-02-08 00:00:00+05:30,319.4269724268384,325.0461268605107,316.49734258949394,320.6756896972656,10294899,0.0,0.0
2018-02-09 00:00:00+05:30,312.1749842905688,315.68094363609396,309.91771315688345,313.8559265136719,9493398,0.0,0.0
2018-02-12 00:00:00+05:30,315.87301571434256,316.2092099712498,310.49399554373207,313.3756103515625,8356351,0.0,0.0
2018-02-14 00:00:00+05:30,314.09603023684775,314.09603023684775,304.0583930804101,306.36370849609375,15189066,0.0,0.0
2018-02-15 00:00:00+05:30,309.4374092181026,318.7065980024368,309.4374092181026,315.680908203125,23779772,0.0,0.0
2018-02-16 00:00:00+05:30,317.3138531964387,320.81981234896864,306.2196175466878,308.3808288574219,17585994,0.0,0.0
2018-02-19 00:00:00+05:30,316.4974215867652,316.59348129512824,302.76173337675965,307.1321716308594,19044107,0.0,0.0
2018-02-20 00:00:00+05:30,307.85252338286176,311.4065267977821,303.81825082069827,304.73077392578125,16030558,0.0,0.0
2018-02-21 00:00:00+05:30,306.4117319241198,308.0446588352439,303.24196711229536,306.6038513183594,9974873,0.0,0.0
2018-02-22 00:00:00+05:30,304.49068180975036,306.6999084697982,301.5610513283861,305.78741455078125,25530698,0.0,0.0
2018-02-23 00:00:00+05:30,306.459699346259,311.2623903205825,305.7873401978334,310.0137023925781,7949765,0.0,0.0
2018-02-26 00:00:00+05:30,312.1749511560102,314.86444670218697,310.3979494175385,314.14404296875,7133735,0.0,0.0
2018-02-27 00:00:00+05:30,314.0960250794532,314.1440402692819,307.03606268977745,309.4374084472656,9623651,0.0,0.0
2018-02-28 00:00:00+05:30,302.71365837929125,304.49066020846846,298.82348974548273,300.8886413574219,17481687,0.0,0.0
2018-03-01 00:00:00+05:30,300.3122955829489,301.60902815903205,292.2437796732022,292.9161682128906,18986889,0.0,0.0
2018-03-05 00:00:00+05:30,292.4359316132358,294.40502363490054,287.4891353347941,291.37933349609375,14456193,0.0,0.0
2018-03-06 00:00:00+05:30,295.2694525824399,295.5576316458061,282.59036525345465,283.40679931640625,18951451,0.0,0.0
2018-03-07 00:00:00+05:30,281.7259133234234,282.2061825444407,274.08965029723254,275.3863830566406,31472773,0.0,0.0
2018-03-08 00:00:00+05:30,278.79625393789274,286.24042609299585,277.83571559529884,285.23187255859375,21413552,0.0,0.0
2018-03-09 00:00:00+05:30,287.20091492258416,287.6811840110835,279.22845977881525,281.1495361328125,12489587,0.0,0.0
2018-03-12 00:00:00+05:30,283.9351810644212,289.9865617740475,282.15817901054425,288.785888671875,12163952,0.0,0.0
2018-03-13 00:00:00+05:30,288.25755588727225,294.8852644370402,287.77728672695133,292.33984375,15966647,0.0,0.0
2018-03-14 00:00:00+05:30,291.18719247398406,295.31752493198974,286.04830648234076,293.9727478027344,12964285,0.0,0.0
2018-03-15 00:00:00+05:30,293.684624810461,293.684624810461,288.545738350135,289.5543212890625,13282019,0.0,0.0
2018-03-16 00:00:00+05:30,289.3621767437632,289.93850561404645,285.66409824885847,286.33648681640625,28835112,0.0,0.0
2018-03-19 00:00:00+05:30,286.33650362360015,288.16152072553405,279.75680970437264,282.92657470703125,13601784,0.0,0.0
2018-03-20 00:00:00+05:30,281.4377417368432,285.4720146065157,278.79626122566117,280.4772033691406,10880002,0.0,0.0
2018-03-21 00:00:00+05:30,283.3588307758155,283.40684597096356,276.01071780649363,277.7877197265625,13618228,0.0,0.0
2018-03-22 00:00:00+05:30,278.07587494138903,278.21994984294605,269.81523859687644,272.072509765625,24593489,0.0,0.0
2018-03-23 00:00:00+05:30,266.16518259660313,266.88558635896493,262.75525386677475,264.67633056640625,31922568,0.0,0.0
2018-03-26 00:00:00+05:30,265.2046380226302,271.9764215045808,265.0605631362,270.5356140136719,24618534,0.0,0.0
2018-03-27 00:00:00+05:30,273.2731366836024,275.9626321031467,270.29546219627014,272.6968078613281,22377328,0.0,0.0
2018-03-28 00:00:00+05:30,271.83234201000266,272.1204917779783,266.1651718378257,267.3658447265625,27172599,0.0,0.0
2018-04-02 00:00:00+05:30,262.2269483902721,263.0434117845505,248.58729319556727,251.51695251464844,73359584,0.0,0.0
2018-04-03 00:00:00+05:30,251.08472065665805,260.7861639250003,251.08472065665805,259.39337158203125,40773239,0.0,0.0
2018-04-04 00:00:00+05:30,256.70389707152793,262.51514288514903,255.02295480819706,258.04864501953125,33486876,0.0,0.0
2018-04-05 00:00:00+05:30,257.23214527116653,268.9507242681723,257.1361148917129,267.65399169921875,26759108,0.0,0.0
2018-04-06 00:00:00+05:30,267.4138620254196,271.78432896286546,266.0691142420913,269.5750732421875,31577015,0.0,0.0
2018-04-09 00:00:00+05:30,266.78953705101213,272.2646175835017,263.52371239711715,269.7672119140625,31712527,0.0,0.0
2018-04-10 00:00:00+05:30,268.4224329528756,282.830507092841,268.03819419183503,277.4034423828125,44741783,0.0,0.0
2018-04-11 00:00:00+05:30,276.39487047805187,276.5389453471789,271.2079699963801,273.3211364746094,16811454,0.0,0.0
2018-04-12 00:00:00+05:30,274.0415644333572,278.460046462614,272.36062241345644,275.4343566894531,22954325,0.0,0.0
2018-04-13 00:00:00+05:30,276.6350790058543,279.61275412170386,274.5218826492365,276.8752136230469,17497198,0.0,0.0
2018-04-16 00:00:00+05:30,273.7534487462274,277.5475872173309,272.8889700339005,276.2508544921875,16874313,0.0,0.0
2018-04-17 00:00:00+05:30,276.25086238412405,281.6778987305943,275.48241404086457,280.2370910644531,15406113,0.0,0.0
2018-04-18 00:00:00+05:30,282.1101142698592,283.26274265754455,277.5955724731749,278.6041259765625,20755245,0.0,0.0
2018-04-19 00:00:00+05:30,279.5166533134702,279.5166533134702,275.96264977625935,278.1719055175781,17282341,0.0,0.0
2018-04-20 00:00:00+05:30,277.835696773703,278.7001753608139,268.6625679486733,271.015869140625,19745690,0.0,0.0
2018-04-23 00:00:00+05:30,268.95068789615374,271.6401830497958,264.3881315836297,268.3743591308594,11620499,0.0,0.0
2018-04-24 00:00:00+05:30,268.32635943967784,275.29026158191294,268.32635943967784,272.888916015625,15412234,0.0,0.0
2018-04-25 00:00:00+05:30,272.84090106104077,274.3777682525456,265.92504266922424,267.8941345214844,7961352,0.0,0.0
2018-04-26 00:00:00+05:30,268.75862423472654,269.33495311946047,264.48424607566784,267.84613037109375,14112673,0.0,0.0
2018-04-27 00:00:00+05:30,266.4533775976585,280.18909591917884,265.1086295423519,276.5390319824219,16488361,0.0,0.0
2018-04-30 00:00:00+05:30,277.54754208880615,279.51663379745395,271.1599392060239,272.9849853515625,9737559,0.0,0.0
2018-05-02 00:00:00+05:30,272.4566865905703,272.5527462845206,264.6763203934441,265.9730529785156,14211445,0.0,0.0
2018-05-03 00:00:00+05:30,266.35730455295266,272.4567296668477,266.35730455295266,270.7757873535156,14724116,0.0,0.0
2018-05-04 00:00:00+05:30,269.38300714989754,274.3297740682546,267.3658706386658,271.68829345703125,11861951,0.0,0.0
2018-05-07 00:00:00+05:30,272.7928728288869,281.4377173903657,271.6882596642473,278.3639831542969,19673100,0.0,0.0
2018-05-08 00:00:00+05:30,290.08262420003587,302.0893553341433,288.1615472185787,297.09454345703125,87176185,0.0,0.0
2018-05-09 00:00:00+05:30,292.96418849598666,297.5747607207661,292.2437847537834,294.6931457519531,20140490,0.0,0.0
2018-05-10 00:00:00+05:30,296.2780782246999,300.5524564737153,293.6365976512738,294.7412109375,16239386,0.0,0.0
2018-05-11 00:00:00+05:30,295.7977977803741,299.54389149756287,295.4135589882076,298.6794128417969,16671145,0.0,0.0
2018-05-14 00:00:00+05:30,297.7668858598315,298.7274242013149,293.1082690409766,297.8629455566406,10425585,0.0,0.0
2018-05-15 00:00:00+05:30,298.43929887231855,304.97094840415593,293.0122333477098,296.0859680175781,16400700,0.0,0.0
2018-05-16 00:00:00+05:30,291.90759358409076,292.8681319172489,283.64695805627025,285.52001953125,25515791,0.0,0.0
2018-05-17 00:00:00+05:30,287.2009816556363,288.11350486113537,282.446304849393,284.3193664550781,10668400,0.0,0.0
2018-05-18 00:00:00+05:30,282.54238145243704,283.6469948160627,273.3692509072885,274.81005859375,17469524,0.0,0.0
2018-05-21 00:00:00+05:30,278.0758474192761,281.43773158496685,276.3949053364307,277.88372802734375,23155638,0.0,0.0
2018-05-22 00:00:00+05:30,278.07584985098634,282.2541974989728,275.53042910879356,278.8442687988281,11284988,0.0,0.0
2018-05-23 00:00:00+05:30,277.45147226866203,286.62460059588585,277.40342776941196,280.5251770019531,15887229,0.0,0.0
2018-05-24 00:00:00+05:30,282.11014732300475,287.20098925334344,279.70880125901357,285.9523010253906,11489424,0.0,0.0
2018-05-25 00:00:00+05:30,286.62463473130333,289.07402508575547,282.97460076541483,283.983154296875,13541580,0.0,0.0
2018-05-28 00:00:00+05:30,282.1581101955328,290.3707004861164,281.77390075920334,287.4410705566406,19063427,0.0,0.0
2018-05-29 00:00:00+05:30,286.96085391532955,286.96085391532955,276.9232156681152,278.4600830078125,12969969,0.0,0.0
2018-05-30 00:00:00+05:30,274.6178869076299,276.779098025969,271.5921972046155,273.6573486328125,25142319,0.0,0.0
2018-05-31 00:00:00+05:30,273.7534011938375,277.5475390058795,268.27832144464026,274.5218200683594,23698686,0.0,0.0
2018-06-01 00:00:00+05:30,283.3588082510758,288.11348472501703,275.5304266993424,277.88372802734375,29675949,0.0,0.0
2018-06-04 00:00:00+05:30,281.7258708100464,281.7258708100464,274.28169900762873,275.4343566894531,17188567,0.0,0.0
2018-06-05 00:00:00+05:30,276.6350092363742,276.6350092363742,271.9283777891098,272.888916015625,12376050,0.0,0.0
2018-06-06 00:00:00+05:30,274.42579432815086,275.57842265939775,270.00731244178377,272.6968078613281,16873633,0.0,0.0
2018-06-07 00:00:00+05:30,276.1547688149161,281.48574480063047,275.81857453804594,279.42059326171875,20297969,0.0,0.0
2018-06-08 00:00:00+05:30,278.65221565293353,279.4206347026267,274.2337328339285,276.8752136230469,11340014,0.0,0.0
2018-06-11 00:00:00+05:30,274.1376062966344,278.8922822833019,272.0244397684604,275.09814453125,16876061,0.0,0.0
2018-06-12 00:00:00+05:30,277.1632677803429,277.73959652535694,273.9935036527121,276.05865478515625,14257648,0.0,0.0
2018-06-13 00:00:00+05:30,277.59560802981247,281.3417020678994,275.0982022333189,279.27655029296875,10927770,0.0,0.0
2018-06-14 00:00:00+05:30,279.3725645153557,279.3725645153557,272.8889311273354,273.5132751464844,11400592,0.0,0.0
2018-06-15 00:00:00+05:30,275.866592200984,277.1152801783739,268.9507051991151,271.35205078125,47186222,0.0,0.0
2018-06-18 00:00:00+05:30,272.7928987574659,282.59040191703485,272.2165698692609,281.437744140625,27792317,0.0,0.0
2018-06-19 00:00:00+05:30,283.83910143030306,283.83910143030306,276.9712576306067,281.2456359863281,27176748,0.0,0.0
2018-06-20 00:00:00+05:30,281.05355388485805,282.97463076812664,279.51668651558174,281.6298828125,20364143,0.0,0.0
2018-06-21 00:00:00+05:30,283.1666638796487,288.4976687458097,282.9265293175685,286.1923828125,30192796,0.0,0.0
2018-06-22 00:00:00+05:30,286.43258697960175,290.7550101474228,283.9831962631849,288.785888671875,17490606,0.0,0.0
2018-06-25 00:00:00+05:30,287.96938884710664,288.64177742499913,277.40346687813826,278.2679748535156,15461874,0.0,0.0
2018-06-26 00:00:00+05:30,276.20276546956427,277.6916173634122,273.46525487393376,276.7310791015625,11614686,0.0,0.0
2018-06-27 00:00:00+05:30,276.538978051223,276.538978051223,263.18750118931615,268.0382080078125,25318055,0.0,0.0
2018-06-28 00:00:00+05:30,267.02965276415165,267.4138622292092,259.1532268206072,260.6900939941406,34197884,0.0,0.0
2018-06-29 00:00:00+05:30,261.2664325360385,265.1085859556861,258.96114634691077,264.5322570800781,20930477,0.0,0.0
2018-07-02 00:00:00+05:30,263.1875140197691,268.85468455388417,260.30589890276434,266.4533386230469,69733139,0.0,0.0
2018-07-03 00:00:00+05:30,265.01250472315974,265.8769833096738,261.4585306867569,262.1308898925781,14020388,0.0,0.0
2018-07-04 00:00:00+05:30,263.379686448706,264.0040306537689,260.30595131304324,262.4671630859375,8233522,0.0,0.0
2018-07-05 00:00:00+05:30,262.2269597612987,264.62830554665857,260.0657485544748,260.83416748046875,7505990,0.0,0.0
2018-07-06 00:00:00+05:30,260.40195444486193,261.21841791097125,256.51175651103677,259.39337158203125,26025797,0.0,0.0
2018-07-09 00:00:00+05:30,263.0914523553782,263.859900635491,259.3453585939049,260.4980163574219,18374471,0.0,0.0
2018-07-10 00:00:00+05:30,261.26645808894995,265.0605966872557,261.17039838140283,262.6112060546875,14450561,0.0,0.0
2018-07-11 00:00:00+05:30,263.715794591675,264.0519888797991,256.94401088980743,258.1446838378906,12717543,0.0,0.0
2018-07-12 00:00:00+05:30,259.7295182312102,262.8993118158973,258.43278582444265,261.5545349121094,15837704,0.0,0.0
2018-07-13 00:00:00+05:30,262.2269694010417,262.5151191805563,255.55121614701218,257.18414306640625,19159840,0.0,0.0
2018-07-16 00:00:00+05:30,254.83080693210763,256.079524347661,246.37808136310042,249.01956176757812,29794402,0.0,0.0
2018-07-17 00:00:00+05:30,249.98010582137238,256.94400886538756,249.7399712336477,255.93545532226562,15128995,0.0,0.0
2018-07-18 00:00:00+05:30,255.5031998730506,256.7999325019844,250.70050814611355,252.33343505859375,22908592,0.0,0.0
2018-07-19 00:00:00+05:30,253.53407347399116,253.91828289717876,249.16360700949494,250.89259338378906,15145144,0.0,0.0
2018-07-20 00:00:00+05:30,251.4689425733968,257.13614261060536,251.4689425733968,255.31109619140625,13794388,0.0,0.0
2018-07-23 00:00:00+05:30,254.87885698626815,265.39673432876805,254.87885698626815,264.67633056640625,16917863,0.0,0.0
2018-07-24 00:00:00+05:30,262.85129312272335,266.93358079196463,262.5631433655094,263.523681640625,12012225,0.0,0.0
2018-07-25 00:00:00+05:30,262.2269463387295,265.6848899553071,261.50654263999667,263.81182861328125,17947377,0.0,0.0
2018-07-26 00:00:00+05:30,264.1480200325229,275.19420996115565,262.46707808686136,274.37774658203125,36630780,0.0,0.0
2018-07-27 00:00:00+05:30,273.65739615895114,283.5029151857027,271.06395995452266,281.6298828125,30926969,0.0,0.0
2018-07-30 00:00:00+05:30,288.1615331570228,296.2780947329351,282.6384371048465,295.22149658203125,56119080,0.0,0.0
2018-07-31 00:00:00+05:30,292.2918201257814,296.32609308598563,290.2747129589846,292.2438049316406,20824059,0.0,0.0
2018-08-01 00:00:00+05:30,290.6588683899887,293.5884982069964,285.0877291805332,287.48907470703125,15581508,0.0,0.0
2018-08-02 00:00:00+05:30,283.358777767624,288.8818725885184,282.4942992235354,286.7686767578125,14089168,0.0,0.0
2018-08-03 00:00:00+05:30,288.1615110303535,294.64514502853643,285.8081802982837,292.9642028808594,14478297,0.0,0.0
2018-08-06 00:00:00+05:30,294.83726747937686,305.4512048535248,294.69316327172646,302.6656494140625,25849864,0.0,0.0
2018-08-07 00:00:00+05:30,301.56102027306963,305.5952636690039,298.15109161534866,300.7925720214844,20751115,0.0,0.0
2018-08-08 00:00:00+05:30,300.64848567895433,307.37225372928236,296.0859287876603,306.1235656738281,17916047,0.0,0.0
2018-08-09 00:00:00+05:30,307.6124189909514,332.202207605114,307.6124189909514,319.8592834472656,76423347,0.0,0.0
2018-08-10 00:00:00+05:30,320.86775836476147,326.87112182251633,312.5110940195456,315.6328430175781,36321097,0.0,0.0
2018-08-13 00:00:00+05:30,311.2144093317477,314.52827819347164,309.2933327309344,312.0788879394531,15332907,0.0,0.0
2018-08-14 00:00:00+05:30,311.8867914595567,320.33951660415056,311.8867914595567,319.3309631347656,15314006,0.0,0.0
2018-08-16 00:00:00+05:30,316.54541385112964,325.814632740441,315.77699486651045,321.10797119140625,37463597,0.0,0.0
2018-08-17 00:00:00+05:30,323.5093341214144,328.69626513611087,322.5968401935006,326.58306884765625,24090696,0.0,0.0
2018-08-20 00:00:00+05:30,326.5829997844969,328.93633018473486,323.41323533543823,325.09417724609375,13032778,0.0,0.0
2018-08-21 00:00:00+05:30,324.95011039452294,328.3600391073219,320.8678224281932,325.4784240722656,16009673,0.0,0.0
2018-08-23 00:00:00+05:30,323.26921174624124,325.334392916287,321.5402542181138,323.8935852050781,18867868,0.0,0.0
2018-08-24 00:00:00+05:30,322.6392556994344,323.7005749487792,315.7889544837925,318.5387268066406,17805968,1.5,0.0
2018-08-27 00:00:00+05:30,319.3588173221691,330.26138752554505,319.3105875866916,327.94580078125,28083933,0.0,0.0
2018-08-28 00:00:00+05:30,329.97193661456583,331.41918195059463,324.4723925599437,326.98095703125,16427306,0.0,0.0
2018-08-29 00:00:00+05:30,324.5207052417485,330.59912487751154,323.99003086447607,328.6694641113281,18868248,0.0,0.0
2018-08-30 00:00:00+05:30,327.2704787653351,333.3006686788747,325.8232331860856,332.2393493652344,22349447,0.0,0.0
2018-08-31 00:00:00+05:30,330.9367684878309,334.6031115796626,326.59503245810714,330.55084228515625,19809916,0.0,0.0
2018-09-03 00:00:00+05:30,331.5156989383653,331.90162517180124,320.8543063934564,322.3980407714844,12859450,0.0,0.0
2018-09-04 00:00:00+05:30,323.02516580950834,324.61715932616244,315.7407089767572,316.9467468261719,15470215,0.0,0.0
2018-09-05 00:00:00+05:30,315.4995105059993,319.6965282318626,313.18392365719745,318.0563049316406,14548867,0.0,0.0
2018-09-06 00:00:00+05:30,318.3939879302117,319.6000257632807,314.0522517311634,317.0914611816406,11322771,0.0,0.0
2018-09-07 00:00:00+05:30,315.933720218006,324.5689344663542,311.10956831022935,323.3146667480469,16435004,0.0,0.0
2018-09-10 00:00:00+05:30,320.13066691435245,323.9417582003044,318.7799104458585,321.1919860839844,16673909,0.0,0.0
2018-09-11 00:00:00+05:30,321.96386748764513,324.8583582491968,313.66632141567374,315.0653076171875,13005562,0.0,0.0
2018-09-12 00:00:00+05:30,315.49948042617245,315.5477101592284,307.2984235955227,311.5436706542969,15263406,0.0,0.0
2018-09-14 00:00:00+05:30,315.69248352304663,320.32365714991016,312.7497334639847,316.8020324707031,10736693,0.0,0.0
2018-09-17 00:00:00+05:30,315.7889441763435,315.9819220133018,310.0482215803821,314.2452392578125,7227361,0.0,0.0
2018-09-18 00:00:00+05:30,312.846216509507,316.51255977492747,306.5265899891871,307.6361389160156,14825218,0.0,0.0
2018-09-19 00:00:00+05:30,308.7457223570847,313.280436931919,305.851231209987,309.6623229980469,15942065,0.0,0.0
2018-09-21 00:00:00+05:30,312.0744022706665,321.96391379502194,297.50545745324655,305.9477233886719,34169460,0.0,0.0
2018-09-24 00:00:00+05:30,305.6581983057895,305.6581983057895,294.80385845907426,297.8913269042969,24382310,0.0,0.0
2018-09-25 00:00:00+05:30,296.2029116770689,302.4743088298407,289.49732909754505,300.1587219238281,30472132,0.0,0.0
2018-09-26 00:00:00+05:30,303.9215506243335,304.21098794245233,294.3697363507114,302.08837890625,23224979,0.0,0.0
2018-09-27 00:00:00+05:30,304.5486765060979,304.88637299795874,294.5626770712637,295.8652038574219,24888615,0.0,0.0
2018-09-28 00:00:00+05:30,298.2290593634864,300.6411351761249,291.1857803240109,294.80389404296875,26289107,0.0,0.0
2018-10-01 00:00:00+05:30,295.52749092610566,303.9697555315853,289.9797170425047,302.9566955566406,21104376,0.0,0.0
2018-10-03 00:00:00+05:30,300.1587204607839,303.43913768200264,291.8129440254777,293.01898193359375,19105555,0.0,0.0
2018-10-04 00:00:00+05:30,288.4842450230796,309.95171810590074,284.43194619153064,305.3687744140625,56268976,0.0,0.0
2018-10-05 00:00:00+05:30,303.58384869790655,310.5306386514495,288.82195685198286,296.4923400878906,36131946,0.0,0.0
2018-10-08 00:00:00+05:30,296.4923456823244,303.00495034504894,288.09833956138357,299.9175109863281,20488368,0.0,0.0
2018-10-09 00:00:00+05:30,300.49640788840395,300.93056385564256,292.3435800980549,295.4792785644531,14852835,0.0,0.0
2018-10-10 00:00:00+05:30,296.2993375267151,311.5919009097423,293.7907733107397,308.6009216308594,23972064,0.0,0.0
2018-10-11 00:00:00+05:30,299.09738661060646,304.3557234109902,293.3084049342722,300.73760986328125,21691068,0.0,0.0
2018-10-12 00:00:00+05:30,302.812012396726,312.84624218631984,302.5708048083017,308.16680908203125,25930022,0.0,0.0
2018-10-15 00:00:00+05:30,305.7547257380956,306.7195560682532,298.66321692258003,302.32958984375,23756416,0.0,0.0
2018-10-16 00:00:00+05:30,302.71548013578297,311.59192989676,302.71548013578297,309.372802734375,18042549,0.0,0.0
2018-10-17 00:00:00+05:30,313.6663152277592,316.6090356662372,300.689336791762,303.7285461425781,20203287,0.0,0.0
2018-10-19 00:00:00+05:30,301.84714836206786,310.19292410144624,299.29035409892174,304.355712890625,18322589,0.0,0.0
2018-10-22 00:00:00+05:30,308.93871475547877,318.2493224947768,304.9829041126898,315.5960388183594,33593953,0.0,0.0
2018-10-23 00:00:00+05:30,311.6402020616214,317.0432578933425,307.1537468372075,311.4954833984375,21509920,0.0,0.0
2018-10-24 00:00:00+05:30,317.187989631795,318.39402761518585,305.12760979788646,310.6753845214844,33104174,0.0,0.0
2018-10-25 00:00:00+05:30,307.2984634764838,310.7235994078482,300.8340884168467,308.6974792480469,26920180,0.0,0.0
2018-10-26 00:00:00+05:30,308.5527153568468,312.02611029412265,301.9918811542132,304.5486755371094,22952163,0.0,0.0
2018-10-29 00:00:00+05:30,317.42919122564587,340.5368903281452,316.7537981900045,337.1117248535156,80069836,0.0,0.0
2018-10-30 00:00:00+05:30,335.2302925897405,341.4052004933632,330.84029714882956,333.5418395996094,34460428,0.0,0.0
2018-10-31 00:00:00+05:30,333.348852582045,344.01021510543643,330.2613839931524,342.5147399902344,31233009,0.0,0.0
2018-11-01 00:00:00+05:30,344.4444571469197,345.8434730222903,338.7519636039374,341.2605285644531,22157128,0.0,0.0
2018-11-02 00:00:00+05:30,341.5499454222257,345.2162889908517,339.3308473850498,341.984130859375,26714413,0.0,0.0
2018-11-05 00:00:00+05:30,338.6554626902199,339.4755744004068,335.76097155611546,337.3529357910156,22873951,0.0,0.0
2018-11-06 00:00:00+05:30,336.4363322238595,345.69867940626744,335.42324275783864,340.68157958984375,21349153,0.0,0.0
2018-11-07 00:00:00+05:30,344.2032293669142,344.4444369558188,342.08059080683904,343.38311767578125,2074764,0.0,0.0
2018-11-09 00:00:00+05:30,344.34791235225686,345.50572043674873,340.0061762018366,344.2996826171875,15130936,0.0,0.0
2018-11-12 00:00:00+05:30,343.4796021585329,345.60224069115935,339.1378656143942,339.9579772949219,10642857,0.0,0.0
2018-11-13 00:00:00+05:30,335.5679328079795,349.22030373513394,335.5679328079795,348.20721435546875,17684864,0.0,0.0
2018-11-14 00:00:00+05:30,352.1630527700196,356.89071526081517,348.5931689505279,353.706787109375,31774158,0.0,0.0
2018-11-15 00:00:00+05:30,353.22438083112087,361.71487574418,349.3650596080423,356.9872131347656,21967798,0.0,0.0
2018-11-16 00:00:00+05:30,357.08371762190524,362.1008177640663,352.6937218726931,354.6233825683594,29972926,0.0,0.0
2018-11-19 00:00:00+05:30,355.34697261983797,357.6625887969154,348.06251594194015,349.65447998046875,16002154,0.0,0.0
2018-11-20 00:00:00+05:30,349.26858496238,352.597261431034,342.1288462967575,345.3127746582031,19591217,0.0,0.0
2018-11-21 00:00:00+05:30,343.81732079707285,347.62838323120894,340.6333627931998,344.2032470703125,29323882,0.0,0.0
2018-11-22 00:00:00+05:30,345.07157399681176,345.8916856955468,338.65545796133034,339.66851806640625,12547369,0.0,0.0
2018-11-26 00:00:00+05:30,342.273556855142,345.2645367432969,338.3660058273215,343.8172912597656,20673027,0.0,0.0
2018-11-27 00:00:00+05:30,343.23841282862116,343.576109355539,339.2343725804756,342.1770935058594,17933339,0.0,0.0
2018-11-28 00:00:00+05:30,344.39619409669615,348.834390008049,340.8263101391806,346.37408447265625,18163000,0.0,0.0
2018-11-29 00:00:00+05:30,350.2334309019537,353.51384833283913,347.53191759282134,349.4615783691406,38692771,0.0,0.0
2018-11-30 00:00:00+05:30,352.1630694763634,352.1630694763634,341.35695803252537,342.65948486328125,21893877,0.0,0.0
2018-12-03 00:00:00+05:30,346.2775789027963,346.2775789027963,339.71674482767247,342.9971618652344,23427270,0.0,0.0
2018-12-04 00:00:00+05:30,340.87453843011605,346.47057192234604,340.87453843011605,345.36102294921875,18651442,0.0,0.0
2018-12-05 00:00:00+05:30,342.8042143424324,343.81730388467554,338.1248106626156,339.0413818359375,12068267,0.0,0.0
2018-12-06 00:00:00+05:30,335.9538920573349,337.6423449306529,331.27445963385435,335.4232177734375,17784829,0.0,0.0
2018-12-07 00:00:00+05:30,337.30469812663085,340.5851154460358,333.1559099319632,339.8132629394531,14979672,0.0,0.0
2018-12-10 00:00:00+05:30,334.3137250150825,337.15998639970763,332.1428566708288,334.16900634765625,14107881,0.0,0.0
2018-12-11 00:00:00+05:30,325.5337573969282,332.86647401777105,324.18300078252486,330.74383544921875,36885929,0.0,0.0
2018-12-12 00:00:00+05:30,330.743804521385,339.3308174731417,327.4633874947897,337.6423645019531,24740214,0.0,0.0
2018-12-13 00:00:00+05:30,340.4885959808395,341.74289299688684,335.37500733375987,337.25640869140625,19129928,0.0,0.0
2018-12-14 00:00:00+05:30,336.91877936011963,341.5981831322239,336.8705201747072,339.5238037109375,12104234,0.0,0.0
2018-12-17 00:00:00+05:30,339.90971471770683,347.82133523019934,339.90971471770683,345.84344482421875,18378122,0.0,0.0
2018-12-18 00:00:00+05:30,344.20319913517943,350.1368994122131,342.12881994165167,349.509765625,15405953,0.0,0.0
2018-12-19 00:00:00+05:30,350.23338461507717,356.26357374412464,348.30372409378197,353.61029052734375,19442031,0.0,0.0
2018-12-20 00:00:00+05:30,350.2816103788496,352.64545626834774,348.44843879326055,349.41326904296875,12109613,0.0,0.0
2018-12-21 00:00:00+05:30,348.30375448910803,350.715830351221,339.62028138550147,341.742919921875,13555416,0.0,0.0
2018-12-24 00:00:00+05:30,340.97100584650406,344.5408895637214,339.1378342529124,340.3438720703125,9025217,0.0,0.0
2018-12-26 00:00:00+05:30,338.31770995729187,344.34789881808877,335.90563441297314,343.3348388671875,8695108,0.0,0.0
2018-12-27 00:00:00+05:30,346.85650946002033,348.0625473927742,342.4182839786289,343.14190673828125,10122458,0.0,0.0
2018-12-28 00:00:00+05:30,345.698714816593,350.04045154468224,345.698714816593,348.06256103515625,13004606,0.0,0.0
2018-12-31 00:00:00+05:30,350.0404063592953,350.7157993186399,346.85647828074565,347.4836120605469,7314108,0.0,0.0
2019-01-01 00:00:00+05:30,348.78613268665435,351.9700607094005,343.86549256072476,350.9570007324219,7759872,0.0,0.0
2019-01-02 00:00:00+05:30,348.78621085101605,354.96111989838647,347.6284025227577,351.7771911621094,18243156,0.0,0.0
2019-01-03 00:00:00+05:30,352.1630624139711,354.38216034461936,349.3168012277061,350.474609375,12884409,0.0,0.0
2019-01-04 00:00:00+05:30,349.12383084932657,355.8293834010112,345.45745824328,352.35601806640625,22896026,0.0,0.0
2019-01-07 00:00:00+05:30,354.5751495958849,357.9520557825124,353.6585489960862,354.76812744140625,12719847,0.0,0.0
2019-01-08 00:00:00+05:30,354.864552966476,368.37217642057783,353.7067743369796,366.78021240234375,21501136,0.0,0.0
2019-01-09 00:00:00+05:30,368.2274619233816,370.06063352396103,362.3902506426274,368.8063659667969,21730142,0.0,0.0
2019-01-10 00:00:00+05:30,367.5521530663013,368.7099318810161,362.8244605456161,366.15313720703125,14497154,0.0,0.0
2019-01-11 00:00:00+05:30,367.2144003992878,367.793304440289,362.052552653808,365.2364807128906,12537973,0.0,0.0
2019-01-14 00:00:00+05:30,365.38126971005715,365.38126971005715,359.5922875405455,360.21942138671875,14844029,0.0,0.0
2019-01-15 00:00:00+05:30,360.4123554104411,362.19729739700404,357.56612362391314,359.6405029296875,12960779,0.0,0.0
2019-01-16 00:00:00+05:30,358.96507083442305,366.394275290844,358.96507083442305,362.10076904296875,15106484,0.0,0.0
2019-01-17 00:00:00+05:30,362.7761714908635,364.6576022430636,359.68870293450493,361.4254150390625,13171721,0.0,0.0
2019-01-18 00:00:00+05:30,361.4254347756805,363.16211753079205,357.3249060176213,358.9168701171875,12212121,0.0,0.0
2019-01-21 00:00:00+05:30,359.88170904343286,362.9209186599025,357.56612216632664,358.62744140625,8908581,0.0,0.0
2019-01-22 00:00:00+05:30,357.5178325135855,359.3992632532955,353.22435562585366,356.0705871582031,14756076,0.0,0.0
2019-01-23 00:00:00+05:30,355.8294248274152,360.5571171446799,353.5620970378817,354.4786682128906,9726450,0.0,0.0
2019-01-24 00:00:00+05:30,353.7068050348332,355.53997677384683,349.027372043254,351.9700927734375,17521254,0.0,0.0
2019-01-25 00:00:00+05:30,349.6062602236428,351.8253581050158,342.0805663219095,344.63739013671875,22978238,0.0,0.0
2019-01-28 00:00:00+05:30,340.77810506814666,342.4182990623723,324.810144468515,331.46746826171875,34362360,0.0,0.0
2019-01-29 00:00:00+05:30,330.8885653985097,337.7870962012659,329.34483101922194,334.6513977050781,20738442,0.0,0.0
2019-01-30 00:00:00+05:30,338.6554369372461,355.6364561881985,338.6554369372461,353.0314025878906,39400056,0.0,0.0
2019-01-31 00:00:00+05:30,359.5922969811152,363.40335934285935,341.6464458956299,351.6324462890625,85917249,0.0,0.0
2019-02-01 00:00:00+05:30,351.6806787801333,352.06660504905926,336.48460006741146,342.1770935058594,25605469,0.0,0.0
2019-02-04 00:00:00+05:30,338.65540045381715,344.3478927492274,333.83124945020154,342.0805358886719,17039321,0.0,0.0
2019-02-05 00:00:00+05:30,342.1288675913948,343.57611319927355,336.5810927611929,340.2474365234375,12197271,0.0,0.0
2019-02-06 00:00:00+05:30,341.1639681357315,349.1720471008048,340.7780419405981,346.6634826660156,15396216,0.0,0.0
2019-02-07 00:00:00+05:30,346.47053180463246,349.0755556863027,343.96196738784244,346.0363464355469,10247434,0.0,0.0
2019-02-08 00:00:00+05:30,344.347919289709,345.79516470233955,338.4142189867803,342.6112365722656,9308651,0.0,0.0
2019-02-11 00:00:00+05:30,342.1287951295112,342.22528403845786,336.77396984792387,337.7388000488281,9419635,0.0,0.0
2019-02-12 00:00:00+05:30,336.72578488146894,339.6202758689887,331.17801048872263,332.1910705566406,14924394,0.0,0.0
2019-02-14 00:00:00+05:30,327.8975834347343,334.6513955366062,324.3276995460313,331.8533935546875,15172596,0.0,0.0
2019-02-15 00:00:00+05:30,331.9498709996414,335.51975508160274,328.6212239500905,330.11669921875,20316848,0.0,0.0
2019-02-18 00:00:00+05:30,330.1649187700445,330.93677118167665,325.6784346140509,326.83624267578125,10601490,0.0,0.0
2019-02-19 00:00:00+05:30,327.17396907358875,338.0765399676161,327.17396907358875,331.1780090332031,14384763,0.0,0.0
2019-02-20 00:00:00+05:30,332.86647039467925,335.37503519085857,330.3096758587656,333.0594482421875,9474758,0.0,0.0
2019-02-21 00:00:00+05:30,334.60314874197263,342.46653953568057,334.0725038348948,338.94488525390625,18631331,0.0,0.0
2019-02-22 00:00:00+05:30,339.04138421829805,341.64643798033035,338.9448952929846,339.66851806640625,10997730,0.0,0.0
2019-02-25 00:00:00+05:30,340.6332629334379,344.87853902739374,340.6332629334379,343.0935974121094,10344411,0.0,0.0
2019-02-26 00:00:00+05:30,337.69060119977377,340.2956547581712,334.410184105547,335.95391845703125,18096382,0.0,0.0
2019-02-27 00:00:00+05:30,338.65546258044037,342.22534675572655,331.226256894266,333.3971252441406,17325417,0.0,0.0
2019-02-28 00:00:00+05:30,336.1951332880528,339.3790615332523,332.86645694092977,337.8353271484375,18347113,0.0,0.0
2019-03-01 00:00:00+05:30,339.6684992332524,342.51476042861236,338.31774268661616,341.7911376953125,14190221,0.0,0.0
2019-03-05 00:00:00+05:30,342.5147593341363,351.3429507633283,340.3921208788589,350.474609375,17638277,0.0,0.0
2019-03-06 00:00:00+05:30,352.4042773672393,359.73699375025376,352.4042773672393,358.86865234375,31436190,0.0,0.0
2019-03-07 00:00:00+05:30,358.4344872840951,360.8465632415924,355.53999613509836,357.75909423828125,15355303,0.0,0.0
2019-03-08 00:00:00+05:30,356.7942191978587,360.2676140307717,354.71984002290384,357.56610107421875,16143455,0.0,0.0
2019-03-11 00:00:00+05:30,358.72388939259116,365.09177518387935,356.9872066514597,362.6314697265625,11449587,0.0,0.0
2019-03-12 00:00:00+05:30,364.7058386995896,375.31897157179986,364.0787049187246,374.547119140625,37108265,0.0,0.0
2019-03-13 00:00:00+05:30,374.2576528280548,379.4195006198129,370.78425799518976,378.1169738769531,19574619,0.0,0.0
2019-03-14 00:00:00+05:30,378.2134391108221,379.17826931263545,373.1963102836804,374.25762939453125,13182462,0.0,0.0
2019-03-15 00:00:00+05:30,375.1742922499775,384.24369176627533,374.4506694782896,381.3974304199219,31466545,0.0,0.0
2019-03-18 00:00:00+05:30,382.314006932447,385.83563164372504,379.66072360357833,384.0506896972656,21220626,0.0,0.0
2019-03-19 00:00:00+05:30,384.38836669921875,386.84870150961257,380.0466305630582,384.38836669921875,11670392,0.0,0.0
2019-03-20 00:00:00+05:30,383.6165626811079,384.1472076092177,378.40648454914486,379.08184814453125,14181408,0.0,0.0
2019-03-22 00:00:00+05:30,380.5773009933862,382.36221338687403,376.2837946358539,378.0204772949219,17409249,0.0,0.0
2019-03-25 00:00:00+05:30,374.305958145717,374.305958145717,369.04762079072276,370.012451171875,12345034,0.0,0.0
2019-03-26 00:00:00+05:30,371.411432739162,381.59038054358456,369.9159281197661,380.2396240234375,14063632,0.0,0.0
2019-03-27 00:00:00+05:30,381.49391648752766,384.4366667369215,376.42855712365304,379.3713073730469,17950017,0.0,0.0
2019-03-28 00:00:00+05:30,378.9371039209851,387.7652953609049,378.9371039209851,386.4627685546875,23117485,0.0,0.0
2019-04-01 00:00:00+05:30,387.3311517266913,395.14625392437483,381.8316070116023,384.2436828613281,16106604,0.0,0.0
2019-04-02 00:00:00+05:30,385.9321147356451,385.9321147356451,379.61248813456234,383.1823425292969,13010810,0.0,0.0
2019-04-03 00:00:00+05:30,384.9673212859598,388.63366494906387,376.9109817310931,378.30999755859375,12317200,0.0,0.0
2019-04-04 00:00:00+05:30,380.5290437996483,381.7833407882134,373.67874315220064,375.0777587890625,14521564,0.0,0.0
2019-04-05 00:00:00+05:30,375.56018554187983,378.6958839439636,372.0385609176271,376.814453125,10853927,0.0,0.0
2019-04-08 00:00:00+05:30,377.68282695605757,377.68282695605757,371.4596598381977,373.4858093261719,6305407,0.0,0.0
2019-04-09 00:00:00+05:30,373.7752472326155,384.34015065121724,373.5340396609057,383.1823425292969,13206348,0.0,0.0
2019-04-10 00:00:00+05:30,381.6386179706842,384.7743164833433,378.88887513808766,380.33612060546875,14000018,0.0,0.0
2019-04-11 00:00:00+05:30,380.6255685517697,380.6255685517697,373.9199859212424,376.3320617675781,8704774,0.0,0.0
2019-04-12 00:00:00+05:30,376.862724661645,381.63861702560513,374.59536754617255,380.7220458984375,7035256,0.0,0.0
2019-04-15 00:00:00+05:30,380.33608836482887,382.9893714967786,378.0204722578836,378.93707275390625,9770752,0.0,0.0
2019-04-16 00:00:00+05:30,383.520055485006,394.0367001742285,383.520055485006,392.6859436035156,24487788,0.0,0.0
2019-04-18 00:00:00+05:30,396.5452540448809,396.5452540448809,388.4406853985139,390.1773681640625,18660434,0.0,0.0
2019-04-22 00:00:00+05:30,390.03270718534634,390.3704037297758,379.85375777368535,380.6256103515625,10493872,0.0,0.0
2019-04-23 00:00:00+05:30,382.16931056219516,385.88391332808425,379.75723466801855,382.55523681640625,10203957,0.0,0.0
2019-04-24 00:00:00+05:30,383.1340873124317,388.48888327055596,379.61246288853044,386.993408203125,11397163,0.0,0.0
2019-04-25 00:00:00+05:30,386.8004631587624,388.2477086154135,380.4325772606407,381.493896484375,16524091,0.0,0.0
2019-04-26 00:00:00+05:30,385.93211637749164,393.6507587050415,380.3843422045652,392.87890625,14286163,0.0,0.0
2019-04-30 00:00:00+05:30,393.40957306469875,395.3874634936863,389.1160662529247,393.1683654785156,19375553,0.0,0.0
2019-05-02 00:00:00+05:30,389.5020012877828,390.7562688916969,380.5290618911068,381.63861083984375,16572948,0.0,0.0
2019-05-03 00:00:00+05:30,383.18239816343333,390.9493007667326,380.8185812840459,387.6688537597656,24431248,0.0,0.0
2019-05-06 00:00:00+05:30,382.5552275403774,390.6597964594376,380.77028553311004,387.1864013671875,20751521,0.0,0.0
2019-05-07 00:00:00+05:30,384.00243872165066,393.0236074297218,370.7842525457301,372.9068908691406,41519416,0.0,0.0
2019-05-08 00:00:00+05:30,372.7139288224016,376.2838126690264,366.73199869782326,368.7581481933594,22509400,0.0,0.0
2019-05-09 00:00:00+05:30,367.5521111254743,372.13505500761596,364.2716645807248,367.98626708984375,19739885,0.0,0.0
2019-05-10 00:00:00+05:30,370.0124179835148,375.51196244051397,368.8063801152504,371.55615234375,18361701,0.0,0.0
2019-05-13 00:00:00+05:30,371.4596477802618,372.1832704707428,362.05255280400837,363.06561279296875,13828080,0.0,0.0
2019-05-14 00:00:00+05:30,364.80232552968613,373.14810135173457,363.25859123187604,367.02142333984375,21481226,0.0,0.0
2019-05-15 00:00:00+05:30,368.90289470693455,370.9772740958565,362.58323817084965,363.7892761230469,16183425,0.0,0.0
2019-05-16 00:00:00+05:30,365.67067097183923,371.45965257033805,364.2716553078222,369.0475769042969,13430281,0.0,0.0
2019-05-17 00:00:00+05:30,367.79329725292797,378.21345201018977,367.3591118695912,375.9943542480469,19096980,0.0,0.0
2019-05-20 00:00:00+05:30,390.99745175984697,399.4397162950688,387.8617535039074,393.3612976074219,33350816,0.0,0.0
2019-05-21 00:00:00+05:30,394.22970233371007,396.35231152024295,383.6165680681854,386.0768737792969,18286421,0.0,0.0
2019-05-22 00:00:00+05:30,388.82660655452975,394.03668422744585,387.4275908574513,391.0939636230469,15370847,0.0,0.0
2019-05-23 00:00:00+05:30,399.43972208317587,412.899115800648,393.0718365669064,396.4005126953125,43279956,0.0,0.0
2019-05-24 00:00:00+05:30,400.88699802029805,418.3021735212036,398.13722571902747,416.56549072265625,37708344,0.0,0.0
2019-05-27 00:00:00+05:30,417.0478952891791,423.36752194788914,414.53933063166556,420.18359375,23397222,0.0,0.0
2019-05-28 00:00:00+05:30,419.74941007824145,423.7534793771515,413.04385716235265,419.0257873535156,23389724,0.0,0.0
2019-05-29 00:00:00+05:30,413.5262770040585,415.311218967491,407.25487998527916,408.41265869140625,22132254,0.0,0.0
2019-05-30 00:00:00+05:30,406.04881513409276,412.94734550780834,404.8427773259508,411.2106628417969,18281037,0.0,0.0
2019-05-31 00:00:00+05:30,411.9825427501775,415.07001152274034,399.7291860241564,408.7986145019531,24644955,0.0,0.0
2019-06-03 00:00:00+05:30,411.01768251572224,411.4036087231247,404.84277486443636,408.0267028808594,17125380,0.0,0.0
2019-06-04 00:00:00+05:30,403.00965597305054,407.8820375474703,402.81667812198424,404.36041259765625,14514451,0.0,0.0
2019-06-06 00:00:00+05:30,402.72016034685856,403.154345758511,395.918118526197,397.0758972167969,17762399,0.0,0.0
2019-06-07 00:00:00+05:30,398.957323445814,404.21566028466333,393.55426795285433,401.94830322265625,14107696,0.0,0.0
2019-06-10 00:00:00+05:30,404.16739432669533,407.8819967560864,398.4749016209667,401.46588134765625,13074522,0.0,0.0
2019-06-11 00:00:00+05:30,403.7332480380859,408.7986070782746,398.52314089846476,406.53125,10939138,0.0,0.0
2019-06-12 00:00:00+05:30,407.15839353132475,407.15839353132475,400.21160347535135,403.299072265625,11136959,0.0,0.0
2019-06-13 00:00:00+05:30,402.0447716383415,407.44779741149637,400.69398575077065,404.8427734375,12164077,0.0,0.0
2019-06-14 00:00:00+05:30,405.5181668367948,407.1583901387642,401.46589720814546,403.057861328125,8601256,0.0,0.0
2019-06-17 00:00:00+05:30,404.21569572731084,404.9393185055951,398.61966190867406,399.63275146484375,9539802,0.0,0.0
2019-06-18 00:00:00+05:30,400.8387252833984,411.06590202442345,400.5010288187159,407.3030700683594,17761348,0.0,0.0
2019-06-19 00:00:00+05:30,408.84682743305,411.01769554331395,402.6719195860446,405.0357360839844,17010384,0.0,0.0
2019-06-20 00:00:00+05:30,404.9875126666611,419.36347804339874,404.26388995195,418.1574401855469,24315929,0.0,0.0
2019-06-21 00:00:00+05:30,418.929311189591,419.8941414507883,413.7674634033287,415.64886474609375,13909654,0.0,0.0
2019-06-24 00:00:00+05:30,416.2760657267079,418.5433934907374,413.14036709341497,414.3464050292969,8545999,0.0,0.0
2019-06-25 00:00:00+05:30,412.85090704522656,419.50823067084747,409.66697862036455,418.398681640625,12964387,0.0,0.0
2019-06-26 00:00:00+05:30,417.2890782411161,424.52530503142447,417.2890782411161,423.2227783203125,12261068,0.0,0.0
2019-06-27 00:00:00+05:30,422.595694249795,428.2881874387319,422.2097679977847,425.44195556640625,18787957,0.0,0.0
2019-06-28 00:00:00+05:30,424.0429122454521,425.0077425349753,418.35041942612185,421.7273254394531,13459208,0.0,0.0
2019-07-01 00:00:00+05:30,424.04293152411594,426.45500735758645,422.3062487017312,423.5605163574219,6871979,0.0,0.0
2019-07-02 00:00:00+05:30,423.5605166893245,424.5253470234688,418.35043877380264,421.3896484375,7787303,0.0,0.0
2019-07-03 00:00:00+05:30,422.49919934508773,424.5253489448178,418.9293447591684,420.6177978515625,10415896,0.0,0.0
2019-07-04 00:00:00+05:30,422.5956609909943,425.87607804133717,418.8328288025339,420.8589782714844,11810688,0.0,0.0
2019-07-05 00:00:00+05:30,421.10018154244847,424.4288282949148,417.9644831766897,421.0036926269531,12154330,0.0,0.0
2019-07-08 00:00:00+05:30,418.73633464176527,420.0388613872264,407.15837147194685,410.92120361328125,12184946,0.0,0.0
2019-07-09 00:00:00+05:30,411.01767298944355,414.68401604121425,409.7151463059024,413.42974853515625,11679067,0.0,0.0
2019-07-10 00:00:00+05:30,414.87701996589027,417.48207349687783,412.1755069624304,415.745361328125,16494282,0.0,0.0
2019-07-11 00:00:00+05:30,417.43384133293785,417.67504891829657,409.85991726381707,411.5483703613281,16535185,0.0,0.0
2019-07-12 00:00:00+05:30,412.2719692901681,417.7715136962151,409.08804112516214,412.03076171875,8824728,0.0,0.0
2019-07-15 00:00:00+05:30,413.3333164890773,413.3333164890773,406.77248187984014,407.4478454589844,7825336,0.0,0.0
2019-07-16 00:00:00+05:30,406.7242115136377,415.4076844341031,406.7242115136377,409.6669616699219,12149205,0.0,0.0
2019-07-17 00:00:00+05:30,409.66693881845066,412.0307553150402,407.64078936117164,409.763427734375,10961022,0.0,0.0
2019-07-18 00:00:00+05:30,410.05288693085885,410.53530209195395,402.81665951443193,403.92620849609375,10651654,0.0,0.0
2019-07-19 00:00:00+05:30,405.13225011368974,405.5664355403705,394.13319022872196,395.869873046875,12260757,0.0,0.0
2019-07-22 00:00:00+05:30,396.305102435236,399.40011443157897,390.9855708589241,397.9976806640625,17937246,1.0,0.0
2019-07-23 00:00:00+05:30,399.2550387469754,402.3500509453522,396.30512830494735,398.4329528808594,14207080,0.0,0.0
2019-07-24 00:00:00+05:30,398.33621469965817,398.33621469965817,388.5192665679784,395.09613037109375,16505930,0.0,0.0
2019-07-25 00:00:00+05:30,395.77319176499174,400.2706083612753,392.00113637821437,395.5797424316406,16852479,0.0,0.0
2019-07-26 00:00:00+05:30,396.7887140344011,405.63847469645754,395.144483303211,402.1082458496094,17493739,0.0,0.0
2019-07-29 00:00:00+05:30,418.7922221722303,421.0651188886497,411.3448659991681,415.2619934082031,46754670,0.0,0.0
2019-07-30 00:00:00+05:30,418.7922287115771,424.30520981057435,408.8785558610143,411.39324951171875,23617273,0.0,0.0
2019-07-31 00:00:00+05:30,409.9908035765818,416.0841029558666,407.37941485650725,410.6678466796875,22329888,0.0,0.0
2019-08-01 00:00:00+05:30,409.3621448951675,412.36043230857155,397.1755754345004,403.3655700683594,18269866,0.0,0.0
2019-08-02 00:00:00+05:30,400.3189350030264,404.13933776525306,392.19456520293033,397.1272277832031,30939803,0.0,0.0
2019-08-05 00:00:00+05:30,390.4052368371306,393.30679939930354,382.76446132665257,389.43804931640625,25033370,0.0,0.0
2019-08-06 00:00:00+05:30,387.8422113635931,397.99768073845024,387.7454867043977,396.7886962890625,30665326,0.0,0.0
2019-08-07 00:00:00+05:30,395.86985254048335,401.3828333838099,392.96828988951603,394.9993896484375,20977349,0.0,0.0
2019-08-08 00:00:00+05:30,397.5140889365014,402.9303451999512,390.8888482176486,400.8025207519531,19046657,0.0,0.0
2019-08-09 00:00:00+05:30,402.83363227461825,408.54003316710055,400.8992570896261,406.3638610839844,17664017,0.0,0.0
2019-08-13 00:00:00+05:30,403.3172123157564,407.8630056519431,395.72478407035686,396.7886962890625,18389104,0.0,0.0
2019-08-14 00:00:00+05:30,398.3845839918311,408.3466344180486,397.75591792753096,403.6073913574219,13307755,0.0,0.0
2019-08-16 00:00:00+05:30,404.0909577441148,406.2187822193719,398.57800626658536,405.2032470703125,15154141,0.0,0.0
2019-08-19 00:00:00+05:30,406.3154950447453,413.8595461168659,406.3154950447453,409.5072021484375,12304262,0.0,0.0
2019-08-20 00:00:00+05:30,406.9925150980617,409.3137888644873,398.96487012387615,403.2204895019531,16181488,0.0,0.0
2019-08-21 00:00:00+05:30,402.35003533536457,404.96145362119375,397.0788511909482,398.5296325683594,12868183,0.0,0.0
2019-08-22 00:00:00+05:30,397.5140727630505,398.96485405050686,384.94063493842845,386.0045471191406,18182520,0.0,0.0
2019-08-23 00:00:00+05:30,376.23593970485933,390.26015853704564,373.1409278802336,382.4259338378906,26883695,0.0,0.0
2019-08-26 00:00:00+05:30,393.6453448886707,400.415657945724,379.95964654087174,398.14276123046875,26701988,0.0,0.0
2019-08-27 00:00:00+05:30,399.2550401539513,406.7023966796642,397.7559111403375,404.86474609375,28793372,0.0,0.0
2019-08-28 00:00:00+05:30,404.28440135369607,404.5261982444578,396.25675638689376,399.4001159667969,12154347,0.0,0.0
2019-08-29 00:00:00+05:30,396.45017736447437,397.3206402705516,386.24636035058154,391.1306457519531,30331105,0.0,0.0
2019-08-30 00:00:00+05:30,393.1617694265638,399.3034167464351,389.4380911683565,396.2084045410156,18314194,0.0,0.0
2019-09-03 00:00:00+05:30,391.7593062962526,393.0650153952473,378.2186805625447,379.2825927734375,20194305,0.0,0.0
2019-09-04 00:00:00+05:30,378.17031249999997,386.53647847175597,377.10640034675595,384.45703125,18614965,0.0,0.0
2019-09-05 00:00:00+05:30,376.76787270636686,381.071868818033,375.2687439121746,376.2359313964844,25022673,0.0,0.0
2019-09-06 00:00:00+05:30,378.17032855504044,381.55548494875563,376.4294027876183,378.50885009765625,17564286,0.0,0.0
2019-09-09 00:00:00+05:30,380.10474370251336,387.2619263575346,376.33271779802334,382.474365234375,18651819,0.0,0.0
2019-09-11 00:00:00+05:30,381.94236614469617,385.90784109174047,380.4432372151144,381.6522216796875,17463978,0.0,0.0
2019-09-12 00:00:00+05:30,386.5365103671635,393.83879430445006,386.5365103671635,389.4864501953125,19577114,0.0,0.0
2019-09-13 00:00:00+05:30,393.4519134474416,401.28613910131776,387.5037154659477,399.8353576660156,17775449,0.0,0.0
2019-09-16 00:00:00+05:30,395.09611411967614,402.01149919796353,393.4035359074132,398.6263427734375,17629622,0.0,0.0
2019-09-17 00:00:00+05:30,392.5331106930613,398.38458412490684,385.23082628094124,387.50372314453125,20793363,0.0,0.0
2019-09-18 00:00:00+05:30,392.14618760286623,392.14618760286623,383.4898475848167,386.246337890625,18477377,0.0,0.0
2019-09-19 00:00:00+05:30,382.7161157569675,382.7161157569675,371.7385314361394,373.9147033691406,22647508,0.0,0.0
2019-09-20 00:00:00+05:30,376.23596593434223,410.08753099270206,373.9630692343222,403.8008117675781,75217723,0.0,0.0
2019-09-23 00:00:00+05:30,421.5003229500866,435.23439798177805,414.3915180626949,431.6557922363281,57490445,0.0,0.0
2019-09-24 00:00:00+05:30,427.0133323887581,433.92871793869483,419.1307592229918,426.4330139160156,26639931,0.0,0.0
2019-09-25 00:00:00+05:30,424.69203262039184,426.4813353795381,415.50375146846085,419.95281982421875,19987241,0.0,0.0
2019-09-26 00:00:00+05:30,424.59533186067483,443.6005611990302,424.16008565934044,437.12042236328125,40909369,0.0,0.0
2019-09-27 00:00:00+05:30,434.75080730269593,437.02370396714457,428.7542326368596,434.4606628417969,19432963,0.0,0.0
2019-09-30 00:00:00+05:30,428.75421483926203,430.54351765045703,416.8578201766712,419.46923828125,27524660,0.0,0.0
2019-10-01 00:00:00+05:30,422.61261903038616,428.65754132160794,403.02707080682757,410.6678466796875,30623906,0.0,0.0
2019-10-03 00:00:00+05:30,410.0874983912744,420.33969175430025,408.44326784123643,413.2792053222656,23275379,0.0,0.0
2019-10-04 00:00:00+05:30,414.43988398306385,415.2136222516889,398.52963625703813,400.3189392089844,17952697,0.0,0.0
2019-10-07 00:00:00+05:30,401.4795592728844,409.603928817255,397.997678177805,402.4467468261719,21933703,0.0,0.0
2019-10-09 00:00:00+05:30,406.4605719295872,424.0150202334148,403.4139370200339,422.3708190917969,34533981,0.0,0.0
2019-10-10 00:00:00+05:30,415.8906638109647,417.34144519635186,406.7023817035132,409.7973937988281,19074005,0.0,0.0
2019-10-11 00:00:00+05:30,413.9079617622177,419.03404444051677,408.2499081729324,414.4882507324219,18004922,0.0,0.0
2019-10-14 00:00:00+05:30,415.8906411125036,422.0806354490733,412.0218909626198,414.77838134765625,17211042,0.0,0.0
2019-10-15 00:00:00+05:30,415.8906592326785,421.1618433480468,414.1497333958679,417.6799621582031,14971985,0.0,0.0
2019-10-16 00:00:00+05:30,420.2429854086292,425.07892310032804,417.0029012519467,421.0167236328125,17833051,0.0,0.0
2019-10-17 00:00:00+05:30,421.69378402102126,428.80261862278525,419.46926439804156,426.1428527832031,12452421,0.0,0.0
2019-10-18 00:00:00+05:30,423.3380277525866,429.1411533995516,420.96840630691986,423.4347229003906,15988455,0.0,0.0
2019-10-22 00:00:00+05:30,426.046137654268,443.6489637747361,423.19292242875474,436.3466796875,34966169,0.0,0.0
2019-10-23 00:00:00+05:30,437.16876595995217,443.93907870711956,433.493465132264,440.16705322265625,25196183,0.0,0.0
2019-10-24 00:00:00+05:30,442.39162412666934,443.9391302661361,436.201629085027,439.8285827636719,23542540,0.0,0.0
2019-10-25 00:00:00+05:30,442.6817700561398,455.20683158899516,439.49003331161515,453.70770263671875,34397573,0.0,0.0
2019-10-27 00:00:00+05:30,455.54534760793007,457.96331654427786,449.7422221606953,454.1429138183594,8206762,0.0,0.0
2019-10-29 00:00:00+05:30,454.77158853675166,466.18438958738176,451.53150440712216,461.7353210449219,33686172,0.0,0.0
2019-10-30 00:00:00+05:30,463.28285821493506,463.28285821493506,454.57816985599055,455.6904296875,22396012,0.0,0.0
2019-10-31 00:00:00+05:30,459.4140733589741,461.1066515239809,446.1635924892901,447.8561706542969,21198377,0.0,0.0
2019-11-01 00:00:00+05:30,451.33807794143297,451.6282519249335,445.3898802324525,447.08245849609375,13522994,0.0,0.0
2019-11-04 00:00:00+05:30,447.8078605497808,456.8026934584383,447.8078605497808,455.061767578125,16254715,0.0,0.0
2019-11-05 00:00:00+05:30,456.6092839180195,458.44693450329,451.5798964587512,452.9823303222656,14952189,0.0,0.0
2019-11-06 00:00:00+05:30,451.8216540917099,468.0220454112336,449.5004098954403,464.92706298828125,24922680,0.0,0.0
2019-11-07 00:00:00+05:30,467.1515916650373,467.1515916650373,460.04275719297715,462.84759521484375,18312032,0.0,0.0
2019-11-08 00:00:00+05:30,464.9754401776298,479.7250511245021,464.5401939497574,473.3899841308594,52207121,0.0,0.0
2019-11-11 00:00:00+05:30,471.98754037528516,482.6266037853838,468.69910849722646,480.498779296875,24766065,0.0,0.0
2019-11-13 00:00:00+05:30,480.4987818900337,481.1758250080919,467.44174945262813,469.8113708496094,24272664,0.0,0.0
2019-11-14 00:00:00+05:30,473.6800923152925,483.44869226117976,467.8769671414451,482.2880554199219,35396276,0.0,0.0
2019-11-15 00:00:00+05:30,481.51435525792476,492.9755342853091,479.72505228466673,483.44873046875,42074833,0.0,0.0
2019-11-18 00:00:00+05:30,482.38479392413916,487.89777480404666,480.35369415174057,481.9979248046875,22910109,0.0,0.0
2019-11-19 00:00:00+05:30,481.611095175566,485.52819329506235,473.77686942034904,477.3070983886719,27939336,0.0,0.0
2019-11-20 00:00:00+05:30,478.95132286630644,481.6594364050663,476.33990447689786,478.75787353515625,22606112,0.0,0.0
2019-11-21 00:00:00+05:30,481.75614236499155,487.26909389402914,475.13090149936403,481.9012145996094,25745594,0.0,0.0
2019-11-22 00:00:00+05:30,484.6577036123744,485.2863696379084,476.001362940396,480.498779296875,18462401,0.0,0.0
2019-11-25 00:00:00+05:30,475.8562966568599,483.59379741550805,475.4210504326968,481.4659729003906,25692878,0.0,0.0
2019-11-26 00:00:00+05:30,485.33469527795165,500.5678990176486,484.56095705321746,493.94268798828125,286857658,0.0,0.0
2019-11-27 00:00:00+05:30,497.03772950249066,498.92369808989156,487.7526931557233,488.913330078125,29866539,0.0,0.0
2019-11-28 00:00:00+05:30,492.8304119542971,502.9375338153443,491.33128303499024,502.1154479980469,35706498,0.0,0.0
2019-11-29 00:00:00+05:30,499.0687958879973,499.5523896824624,493.5558148246059,495.78033447265625,13324549,0.0,0.0
2019-12-02 00:00:00+05:30,496.60245433574767,497.1343956763837,490.6058797798553,494.1361083984375,10130049,0.0,0.0
2019-12-03 00:00:00+05:30,493.0238930735014,494.4746745146201,488.0912302704531,492.63702392578125,12795657,0.0,0.0
2019-12-04 00:00:00+05:30,493.2656426445515,513.915072895224,492.5885995638451,511.8840026855469,30992538,0.0,0.0
2019-12-05 00:00:00+05:30,515.0757249783763,519.8633152227303,508.78900581754334,510.771728515625,32354118,0.0,0.0
2019-12-06 00:00:00+05:30,512.657720931047,515.994529601877,504.5333813764608,507.5799865722656,24868376,0.0,0.0
2019-12-09 00:00:00+05:30,506.8545611178306,511.932295127663,505.06528798448306,509.22418212890625,12980877,0.0,0.0
2019-12-10 00:00:00+05:30,508.78904098378206,512.8512408365013,507.48336129618747,511.35211181640625,12021443,0.0,0.0
2019-12-11 00:00:00+05:30,513.1896926235871,517.6387907921829,509.9012903589139,516.0429077148438,13768156,0.0,0.0
2019-12-12 00:00:00+05:30,517.3002806963412,519.4764528655401,512.415994967518,517.7838745117188,12385216,0.0,0.0
2019-12-13 00:00:00+05:30,520.2502454841018,524.9894294124089,518.1224209092233,519.4281005859375,17884861,0.0,0.0
2019-12-16 00:00:00+05:30,521.7977661642146,523.6354464142893,519.0896524002515,521.5559692382812,13070575,0.0,0.0
2019-12-17 00:00:00+05:30,523.2001053753017,525.1828280023396,521.0722810060046,523.3935546875,11516163,0.0,0.0
2019-12-18 00:00:00+05:30,524.2640124799556,525.0861573370083,518.364191893787,523.6353759765625,12906168,0.0,0.0
2019-12-19 00:00:00+05:30,519.5731687668296,523.4419190048068,516.1880123085996,522.4747314453125,12082790,0.0,0.0
2019-12-20 00:00:00+05:30,523.2001109034006,531.4695525533842,521.5558802810053,528.1810913085938,27691592,0.0,0.0
2019-12-23 00:00:00+05:30,529.0515546938946,530.8408279295179,519.959968715064,523.53857421875,11521942,0.0,0.0
2019-12-24 00:00:00+05:30,524.2157073434624,526.1017350712065,521.6042888767745,523.34521484375,6715007,0.0,0.0
2019-12-26 00:00:00+05:30,523.3451939384097,524.6025850616447,520.0084438985158,521.0723266601562,7831074,0.0,0.0
2019-12-27 00:00:00+05:30,523.2485248356639,532.4368076192847,520.6854539198845,531.3729248046875,11247684,0.0,0.0
2019-12-30 00:00:00+05:30,531.566320528795,534.0810438936231,524.7960068297549,526.1017456054688,13180302,0.0,0.0
2019-12-31 00:00:00+05:30,525.9565909195592,525.9565909195592,520.3469147970097,521.2174072265625,12491978,0.0,0.0
2020-01-01 00:00:00+05:30,522.1846039776586,524.6992681012023,518.1224042890957,519.137939453125,7642793,0.0,0.0
2020-01-02 00:00:00+05:30,518.4125330945819,524.1189633218469,518.2674313473428,522.861572265625,10264223,0.0,0.0
2020-01-03 00:00:00+05:30,520.3469205137261,523.0550339441114,518.6543422406796,521.1690063476562,9594690,0.0,0.0
2020-01-06 00:00:00+05:30,519.6215359327784,519.6215359327784,506.6128509605454,508.4505310058594,12534334,0.0,0.0
2020-01-07 00:00:00+05:30,513.866772253729,518.0256672258183,504.53344711196837,505.742431640625,16101835,0.0,0.0
2020-01-08 00:00:00+05:30,499.06879350691327,510.0463489759186,498.1016059225975,508.69232177734375,16094310,0.0,0.0
2020-01-09 00:00:00+05:30,513.286529136822,529.4385756887742,512.8996304401171,528.3746337890625,18934019,0.0,0.0
2020-01-10 00:00:00+05:30,527.0206401081672,528.5681169290115,520.8306147598768,522.523193359375,12335407,0.0,0.0
2020-01-13 00:00:00+05:30,521.7009823159947,528.1327440329308,520.3468961479856,520.9271850585938,7901800,0.0,0.0
2020-01-14 00:00:00+05:30,518.6059338971962,521.2656994431668,516.6232113875967,519.9599609375,13939440,0.0,0.0
2020-01-15 00:00:00+05:30,517.542040984465,519.3313733942234,513.2381035580961,518.025634765625,12353176,0.0,0.0
2020-01-16 00:00:00+05:30,516.381420952677,522.281240987898,515.7043779078715,519.5247802734375,11249232,0.0,0.0
2020-01-17 00:00:00+05:30,516.9617232529095,520.3468795323953,513.1896683570775,514.5921020507812,18312609,0.0,0.0
2020-01-20 00:00:00+05:30,515.5109585983402,526.1500215337655,513.5765835191719,517.3002319335938,19159996,0.0,0.0
2020-01-21 00:00:00+05:30,515.4625576776752,522.5230141793963,512.8027922191036,513.6248779296875,13477994,0.0,0.0
2020-01-22 00:00:00+05:30,514.0601343403872,517.396942879658,503.6628691585261,505.6939392089844,17527408,0.0,0.0
2020-01-23 00:00:00+05:30,504.29155756162544,512.8511428390334,500.084256755365,510.38482666015625,17061293,0.0,0.0
2020-01-24 00:00:00+05:30,511.88402956783887,519.7666320017483,509.7078575007106,516.3330688476562,17851868,0.0,0.0
2020-01-27 00:00:00+05:30,520.8304442791342,527.1171627337569,514.0601320972327,519.6214599609375,38149166,0.0,0.0
2020-01-28 00:00:00+05:30,520.4436526215231,522.8616217547443,507.24157657360587,510.8685302734375,24009224,0.0,0.0
2020-01-29 00:00:00+05:30,514.108605280642,517.2519652760012,508.0636822126436,509.3210144042969,16400827,0.0,0.0
2020-01-30 00:00:00+05:30,510.33661246804417,516.4298831590178,506.9514555250086,514.7373046875,14319317,0.0,0.0
2020-01-31 00:00:00+05:30,512.6094336555489,515.2691995848936,505.25883142742913,508.4021911621094,16292578,0.0,0.0
2020-02-03 00:00:00+05:30,487.46251034862905,502.1154248976805,485.52813530756305,498.6335144042969,22531888,0.0,0.0
2020-02-04 00:00:00+05:30,502.93756418436715,517.1068864806173,499.69750925885074,513.3831787109375,17781475,0.0,0.0
2020-02-05 00:00:00+05:30,511.69054386593217,522.6681575991328,508.45048929820246,521.4107666015625,18782476,0.0,0.0
2020-02-06 00:00:00+05:30,522.6197509558725,529.0515715539195,518.6543057509859,523.8287353515625,15296851,0.0,0.0
2020-02-07 00:00:00+05:30,523.2001223399084,523.9738605813478,517.590446298918,518.8477783203125,8297149,0.0,0.0
2020-02-10 00:00:00+05:30,520.9755413372889,524.4573925294891,513.0929400403761,516.4297485351562,12536053,0.0,0.0
2020-02-11 00:00:00+05:30,520.0568278418365,526.9238367634496,519.8633784991605,522.03955078125,11243552,0.0,0.0
2020-02-12 00:00:00+05:30,527.8909058887191,532.6301480738938,524.8926483641803,531.2760620117188,14026335,0.0,0.0
2020-02-13 00:00:00+05:30,530.9859127249163,530.9859127249163,520.3468507213205,523.2484130859375,9227235,0.0,0.0
2020-02-14 00:00:00+05:30,523.4902993462483,530.6475113475179,518.9445057255743,527.8909912109375,14458649,0.0,0.0
2020-02-17 00:00:00+05:30,525.1828214877116,527.4556885386323,520.1050870258139,523.8287353515625,7793293,0.0,0.0
2020-02-18 00:00:00+05:30,523.2485062345065,526.5369677794586,518.4125680992523,523.4419555664062,15918303,0.0,0.0
2020-02-19 00:00:00+05:30,525.66643507738,528.5679977365008,522.7648724182593,526.9237670898438,8704234,0.0,0.0
2020-02-20 00:00:00+05:30,527.6007934235568,531.324441771498,524.022187784498,529.0515747070312,13588526,0.0,0.0
2020-02-24 00:00:00+05:30,521.7977399539365,524.0706073305613,510.23983566839274,512.46435546875,16940750,0.0,0.0
2020-02-25 00:00:00+05:30,514.9790406526263,521.1206581950111,508.06362581746794,513.5282592773438,14942960,0.0,0.0
2020-02-26 00:00:00+05:30,509.562718533249,511.9806873201249,505.06533200912446,506.51611328125,15743918,0.0,0.0
2020-02-27 00:00:00+05:30,505.6456842051377,506.12927802305245,495.82876512093804,498.44012451171875,26315054,0.0,0.0
2020-02-28 00:00:00+05:30,485.14129284470374,490.2190276063518,476.0497355556641,480.93402099609375,32737933,0.0,0.0
2020-03-02 00:00:00+05:30,491.573069142122,503.46946412451314,482.0946430192593,489.4936218261719,28642076,0.0,0.0
2020-03-03 00:00:00+05:30,493.12058905073525,502.45394320902517,491.81487992644713,497.85980224609375,19661945,0.0,0.0
2020-03-04 00:00:00+05:30,500.51956003540244,500.51956003540244,480.74056271640364,491.6697998046875,21883404,0.0,0.0
2020-03-05 00:00:00+05:30,493.0238404590618,494.37789708969245,483.5937620981479,487.94610595703125,16671516,0.0,0.0
2020-03-06 00:00:00+05:30,469.0859535248069,480.49875460820033,461.638597713904,470.39166259765625,31024353,0.0,0.0
2020-03-09 00:00:00+05:30,459.4141195017025,459.4141195017025,428.4157680870771,442.7301330566406,42027175,0.0,0.0
2020-03-11 00:00:00+05:30,435.23440075934474,456.27073012937973,434.8475316396919,450.3708801269531,31018779,0.0,0.0
2020-03-12 00:00:00+05:30,423.6281524285834,431.3173053579198,402.350026050892,411.6833801269531,50757033,0.0,0.0
2020-03-13 00:00:00+05:30,387.8422272645073,449.50043671117146,382.23255099584907,432.52630615234375,67104335,0.0,0.0
2020-03-16 00:00:00+05:30,410.2809516661042,410.2809516661042,384.4086858923071,389.6798400878906,34833637,0.0,0.0
2020-03-17 00:00:00+05:30,393.6453530848473,395.0477869109263,352.0562862970133,355.19964599609375,47232699,0.0,0.0
2020-03-18 00:00:00+05:30,356.9889675732343,363.1789626309428,331.0683208395067,343.39996337890625,61202289,0.0,0.0
2020-03-19 00:00:00+05:30,325.07178363719385,357.4725707662842,312.40161918496113,327.4413757324219,57985870,0.0,0.0
2020-03-20 00:00:00+05:30,317.2375189112755,347.994071438258,312.4015811229939,334.35675048828125,88640642,0.0,0.0
2020-03-23 00:00:00+05:30,300.9404449047829,303.4067912327427,270.81255415795556,274.6813049316406,56867949,0.0,0.0
2020-03-24 00:00:00+05:30,285.6104812587644,294.99221261395974,259.4964165355614,286.7711181640625,67895418,0.0,0.0
2020-03-25 00:00:00+05:30,274.68124653860457,323.1856931491318,272.36000247109973,306.501708984375,66544138,0.0,0.0
2020-03-26 00:00:00+05:30,311.43436904895674,352.4431123620972,303.93866606718836,319.4136657714844,76173940,0.0,0.0
2020-03-27 00:00:00+05:30,344.1253239070689,347.75227727673115,315.30314626930806,328.6986999511719,72889985,0.0,0.0
2020-03-30 00:00:00+05:30,319.26865344380957,322.9439547565384,300.8920878477153,303.1166076660156,36559880,0.0,0.0
2020-03-31 00:00:00+05:30,314.04582366361694,323.8627718421397,305.6312797870415,313.1269836425781,46279768,0.0,0.0
2020-04-01 00:00:00+05:30,308.5328273126788,313.12696815824376,297.99048895978456,300.9403991699219,33141186,0.0,0.0
2020-04-03 00:00:00+05:30,299.34453366978437,299.34453366978437,272.2632834508701,277.2442932128906,57326314,0.0,0.0
2020-04-07 00:00:00+05:30,298.1839154061408,318.7850283141518,287.10963546233984,315.3998718261719,57661076,0.0,0.0
2020-04-08 00:00:00+05:30,312.25652281004926,341.1754261696618,304.76081890412473,308.4844970703125,73931321,0.0,0.0
2020-04-09 00:00:00+05:30,321.49312066927496,333.6796891321271,312.0630424981496,331.4551696777344,52431174,0.0,0.0
2020-04-13 00:00:00+05:30,329.85934403955287,334.45348548587657,318.44654130570194,319.80059814453125,30994190,0.0,0.0
2020-04-15 00:00:00+05:30,331.45519126914274,340.3532991825679,314.3359595137511,316.6088562011719,49132329,0.0,0.0
2020-04-16 00:00:00+05:30,314.6260935544684,336.3878131075626,308.87134542682736,330.77813720703125,56494027,0.0,0.0
2020-04-17 00:00:00+05:30,350.1219146203379,372.85082344237645,337.59682327149113,363.227294921875,69006835,0.0,0.0
2020-04-20 00:00:00+05:30,363.662460201715,366.4672977415168,345.2858997127986,349.4447937011719,55810736,0.0,0.0
2020-04-21 00:00:00+05:30,329.81094146887716,334.8403283358878,317.237503817571,320.961181640625,50118175,0.0,0.0
2020-04-22 00:00:00+05:30,315.30313841871805,326.9093889126586,312.4499233658025,324.9266662597656,49115085,0.0,0.0
2020-04-23 00:00:00+05:30,329.08554255401384,343.158108687749,326.9093707075876,341.36883544921875,45953398,0.0,0.0
2020-04-24 00:00:00+05:30,326.8126419260983,331.9871008210172,320.62264798883376,323.86273193359375,38513206,0.0,0.0
2020-04-27 00:00:00+05:30,328.16670912924627,341.3204651201001,326.90937717735994,336.4845275878906,38980019,0.0,0.0
2020-04-28 00:00:00+05:30,342.1425999220629,350.9440126360233,338.75744345640294,348.0424499511719,32933194,0.0,0.0
2020-04-29 00:00:00+05:30,341.4172123089181,364.14612021050334,340.11150318579536,358.2946472167969,39341745,0.0,0.0
2020-04-30 00:00:00+05:30,369.4656947174445,380.05641164737983,361.87326550652415,367.6763916015625,45734705,0.0,0.0
2020-05-04 00:00:00+05:30,347.22035615066665,347.22035615066665,324.9750408541058,326.957763671875,38837299,0.0,0.0
2020-05-05 00:00:00+05:30,336.5813118416779,336.5813118416779,318.7366873815125,319.9940490722656,45069968,0.0,0.0
2020-05-06 00:00:00+05:30,320.62266435267026,334.21163726459827,314.577742324905,330.19781494140625,49952812,0.0,0.0
2020-05-07 00:00:00+05:30,325.94220582414044,331.6486064917045,322.750498701194,325.7004089355469,27656346,0.0,0.0
2020-05-08 00:00:00+05:30,332.7125016514916,340.93359544229884,322.750482158531,326.6192321777344,42968091,0.0,0.0
2020-05-11 00:00:00+05:30,329.8109463881018,332.27726277307875,307.7590826003124,309.64508056640625,83665601,0.0,0.0
2020-05-12 00:00:00+05:30,307.85577709852924,313.7556268984765,297.8937574073057,310.66064453125,69072308,0.0,0.0
2020-05-13 00:00:00+05:30,332.22894801602786,336.9681614585721,321.3964348477348,326.957763671875,72816461,0.0,0.0
2020-05-14 00:00:00+05:30,319.1718895629042,323.5242335114893,314.96461784269434,316.6571960449219,33999095,0.0,0.0
2020-05-15 00:00:00+05:30,318.4948647396511,319.703849239143,308.33939494391933,312.1114501953125,31828868,0.0,0.0
2020-05-18 00:00:00+05:30,309.50003925879395,309.98363307013585,283.6277703520042,288.70550537109375,74034133,0.0,0.0
2020-05-19 00:00:00+05:30,296.9749271329466,301.278923561746,287.3514286647042,290.4464111328125,61827491,0.0,0.0
2020-05-20 00:00:00+05:30,289.18905872165243,298.1355429797637,287.73827749060735,295.620849609375,42238419,0.0,0.0
2020-05-21 00:00:00+05:30,295.95937111731735,302.5362342245476,292.0906211680713,294.411865234375,43075357,0.0,0.0
2020-05-22 00:00:00+05:30,291.1234673841994,297.6036361058851,276.1804071687869,281.49993896484375,80358245,0.0,0.0
2020-05-26 00:00:00+05:30,286.33584920831356,288.1251519968047,280.48437660629116,283.0957946777344,46681705,0.0,0.0
2020-05-27 00:00:00+05:30,286.38423957610104,311.38604365713445,285.1752551381035,308.38775634765625,80541990,0.0,0.0
2020-05-28 00:00:00+05:30,311.6762057711041,318.9301128099971,310.2254243633255,316.1252746582031,66136408,0.0,0.0
2020-05-29 00:00:00+05:30,312.30488692071617,323.33082025002983,309.50004863322255,321.0579528808594,60487477,0.0,0.0
2020-06-01 00:00:00+05:30,327.87655030196436,336.58123747812266,325.1684372092027,328.11834716796875,44024770,0.0,0.0
2020-06-02 00:00:00+05:30,325.94223689822275,338.51567630379213,321.5898924886026,336.9681701660156,47558213,0.0,0.0
2020-06-03 00:00:00+05:30,346.1564348278739,360.7609734358961,342.1909597796235,345.1408996582031,69689299,0.0,0.0
2020-06-04 00:00:00+05:30,345.28594772804377,351.0890728999437,334.163291148569,336.4361877441406,57061575,0.0,0.0
2020-06-05 00:00:00+05:30,338.5156385495436,348.18751393667344,335.6140759334047,345.4794006347656,37251097,0.0,0.0
2020-06-08 00:00:00+05:30,354.52259575695115,361.4863581416881,341.56228808401204,347.99407958984375,46827341,0.0,0.0
2020-06-09 00:00:00+05:30,348.2358458937745,357.2307073102484,333.92148276910325,337.1131896972656,47621969,0.0,0.0
2020-06-10 00:00:00+05:30,337.11323953109655,345.1409146389146,333.96987970654584,341.417236328125,36292403,0.0,0.0
2020-06-11 00:00:00+05:30,340.885246181488,342.577824306488,328.940474653244,330.052734375,36999490,0.0,0.0
2020-06-12 00:00:00+05:30,313.56222382899574,334.79197340456153,313.46549916818725,332.9059753417969,47509067,0.0,0.0
2020-06-15 00:00:00+05:30,330.0044096557877,331.0199447946147,314.81955304790966,320.2358093261719,43500660,0.0,0.0
2020-06-16 00:00:00+05:30,331.01994785716687,336.4845517578464,315.3514973208427,331.6969909667969,57511237,0.0,0.0
2020-06-17 00:00:00+05:30,327.48971313977,339.4828329593045,325.0717442440485,330.72979736328125,37107002,0.0,0.0
2020-06-18 00:00:00+05:30,328.84376179088247,343.0614303571532,326.13564850026955,340.45001220703125,39285919,0.0,0.0
2020-06-19 00:00:00+05:30,339.48286393471415,353.458737233673,337.74193797743624,351.86285400390625,51367236,0.0,0.0
2020-06-22 00:00:00+05:30,354.95783525870985,362.9371326453157,353.1685323657417,355.4897766113281,40133602,0.0,0.0
2020-06-23 00:00:00+05:30,356.89223161101904,365.88706466627065,352.24974284370666,363.8076171875,32493320,0.0,0.0
2020-06-24 00:00:00+05:30,367.5312875305494,367.5312875305494,333.67972157378824,336.6780090332031,57955780,0.0,0.0
2020-06-25 00:00:00+05:30,334.5501864357477,343.931918004273,327.3930040669237,339.48284912109375,69902888,0.0,0.0
2020-06-26 00:00:00+05:30,343.931922140493,346.7367603235475,334.743639788823,337.64520263671875,34596104,0.0,0.0
2020-06-29 00:00:00+05:30,333.9214882615841,334.26000979376823,327.3929725605973,331.842041015625,27384244,0.0,0.0
2020-06-30 00:00:00+05:30,335.61412436305574,342.81968437272974,334.9370811817697,339.9181213378906,47526095,0.0,0.0
2020-07-01 00:00:00+05:30,342.62618811503546,353.74884489223496,340.0631470217947,352.1046142578125,36922617,0.0,0.0
2020-07-02 00:00:00+05:30,353.9906350524131,358.7298480337504,349.4932189529422,350.9440002441406,50964311,0.0,0.0
2020-07-03 00:00:00+05:30,352.6849529631178,355.1029219667265,347.9940871928723,349.15472412109375,28779044,0.0,0.0
2020-07-06 00:00:00+05:30,355.7799627282729,355.7799627282729,348.6711280016928,349.9768371582031,33334074,0.0,0.0
2020-07-07 00:00:00+05:30,351.08909039354813,365.5969040461741,350.21862747763504,363.71087646484375,46030825,0.0,0.0
2020-07-08 00:00:00+05:30,365.5001520073305,366.5640641654081,355.48975543360626,356.8438415527344,46315597,0.0,0.0
2020-07-09 00:00:00+05:30,361.19619373080394,363.6625101179346,353.3135917735156,358.1979064941406,35144463,0.0,0.0
2020-07-10 00:00:00+05:30,352.9267538413985,356.1184906718707,347.22035283180844,348.52606201171875,27864858,0.0,0.0
2020-07-13 00:00:00+05:30,352.15296606080295,354.9578038391216,340.9335854313089,341.99749755859375,32379935,0.0,0.0
2020-07-14 00:00:00+05:30,339.9664170180611,340.8852569786524,329.4240788373882,334.2116394042969,34031256,0.0,0.0
2020-07-15 00:00:00+05:30,338.0320666243409,345.0925243067149,332.47073791735966,334.4534606933594,30442553,0.0,0.0
2020-07-16 00:00:00+05:30,336.5329231799516,337.1615891904671,329.81095783403026,333.3411865234375,35535437,0.0,0.0
2020-07-17 00:00:00+05:30,334.64689729031846,344.3187729345473,334.11495593637466,342.1909484863281,27511781,0.0,0.0
2020-07-20 00:00:00+05:30,346.2531731555613,354.3291958069875,343.5934071606512,351.089111328125,36312529,0.0,0.0
2020-07-21 00:00:00+05:30,358.82661471266346,367.43457881195957,357.9077746474755,366.37066650390625,45559912,0.0,0.0
2020-07-22 00:00:00+05:30,374.2048913391625,376.71958510188074,362.9855088321132,368.59521484375,45500191,0.0,0.0
2020-07-23 00:00:00+05:30,369.9976020339969,382.66776541027866,366.4190256482927,379.37933349609375,37838027,0.0,0.0
2020-07-24 00:00:00+05:30,375.55890520951584,375.945803833583,359.9388325399852,369.2721862792969,52980980,0.0,0.0
2020-07-27 00:00:00+05:30,372.3672268280923,373.14096510332377,344.8991048302517,346.73675537109375,73275058,0.0,0.0
2020-07-28 00:00:00+05:30,349.25144115245945,350.8472947567231,331.9387893681909,340.5467529296875,125939354,0.0,0.0
2020-07-29 00:00:00+05:30,341.6106965842816,345.91466400269246,336.77475823805014,339.5312194824219,50194622,0.0,0.0
2020-07-30 00:00:00+05:30,341.80406451074566,342.9647013441066,329.2306267196255,333.63134765625,40820253,0.0,0.0
2020-07-31 00:00:00+05:30,335.08216224337133,341.4172293381997,330.8265131088964,335.420654296875,37345191,0.0,0.0
2020-08-03 00:00:00+05:30,335.42062552679175,337.88697145221033,329.32735585923274,331.98712158203125,32119883,0.0,0.0
2020-08-04 00:00:00+05:30,335.61409870375934,341.610673657117,332.90598521811455,339.48284912109375,30811518,0.0,0.0
2020-08-05 00:00:00+05:30,341.80410109370257,348.18754532796,339.2410597882832,340.64349365234375,37057881,0.0,0.0
2020-08-06 00:00:00+05:30,341.8524938149423,351.81451501082046,337.16162771155297,346.97857666015625,48021824,0.0,0.0
2020-08-07 00:00:00+05:30,347.6555848258986,347.8490046307121,341.56228540793796,346.2048034667969,28510964,0.0,0.0
2020-08-10 00:00:00+05:30,347.7039348244234,352.9751189390991,345.62448743177777,351.62103271484375,22856010,0.0,0.0
2020-08-11 00:00:00+05:30,357.85939733287915,362.0182920359347,352.10461954225354,355.2963562011719,45446107,0.0,0.0
2020-08-12 00:00:00+05:30,353.7488319757996,356.6503945073851,351.8144569547426,354.812744140625,25706005,0.0,0.0
2020-08-13 00:00:00+05:30,356.84388113536465,360.1323131118277,354.2324627773426,355.973388671875,26257336,0.0,0.0
2020-08-14 00:00:00+05:30,359.60034067407724,359.60034067407724,342.5778623944847,349.5415954589844,28893259,0.0,0.0
2020-08-17 00:00:00+05:30,353.99065765632804,354.32917921580133,342.72292814510206,348.3809814453125,24232497,0.0,0.0
2020-08-18 00:00:00+05:30,350.0251846220773,357.8594100424678,349.7350401501537,357.4241638183594,26517363,0.0,0.0
2020-08-19 00:00:00+05:30,361.7281449078393,363.5174477845582,358.24626381296866,362.16339111328125,35790233,0.0,0.0
2020-08-20 00:00:00+05:30,354.95783686427177,357.5208780119546,350.70221747541046,355.6832275390625,68444775,0.0,0.0
2020-08-21 00:00:00+05:30,357.85938940339884,360.76095202018314,355.0061743570724,358.9716491699219,34109928,0.0,0.0
2020-08-24 00:00:00+05:30,362.5502501000301,368.69189679465643,361.5830625738282,367.8697814941406,32907235,0.0,0.0
2020-08-25 00:00:00+05:30,369.94923465927934,377.0096919064189,368.8853224602829,373.67291259765625,53072303,0.0,0.0
2020-08-26 00:00:00+05:30,375.46223358490164,378.7990130548061,371.59348323169803,376.5744934082031,37163882,0.0,0.0
2020-08-27 00:00:00+05:30,377.15482152293737,384.4087286209586,374.88192472897936,379.33099365234375,36910405,0.0,0.0
2020-08-28 00:00:00+05:30,380.97513430107574,398.3845085678383,380.0079468418112,396.2567138671875,83472297,0.0,0.0
2020-08-31 00:00:00+05:30,401.23777000577206,408.15315523988585,374.78518401766775,381.6522216796875,72744175,0.0,0.0
2020-09-01 00:00:00+05:30,381.74896282771005,386.5365238044594,372.6573756484797,378.12200927734375,34872793,0.0,0.0
2020-09-02 00:00:00+05:30,374.543403750598,381.0719201490913,368.5952058241043,379.5244140625,31295799,0.0,0.0
2020-09-03 00:00:00+05:30,379.5244254133476,379.6694976566305,368.5468397561697,370.1910705566406,26135555,0.0,0.0
2020-09-04 00:00:00+05:30,362.69530472443745,367.4828945532878,356.26351389056794,360.32568359375,33118984,0.0,0.0
2020-09-07 00:00:00+05:30,361.82487024345374,364.4846360198119,356.8922078095089,361.1478271484375,22323904,0.0,0.0
2020-09-08 00:00:00+05:30,360.18066910299757,368.7886331448536,357.03730929158434,363.3724060058594,32052920,0.0,0.0
2020-09-09 00:00:00+05:30,358.63312940280946,360.18063537599676,350.02516616699563,355.53814697265625,25285238,0.0,0.0
2020-09-10 00:00:00+05:30,359.50362554204924,362.6953326629949,353.4587033309993,358.53643798828125,24852274,0.0,0.0
2020-09-11 00:00:00+05:30,360.7609559340998,361.38962193797926,353.1201801969168,358.3429870605469,22678353,0.0,0.0
2020-09-14 00:00:00+05:30,361.2445391829076,361.58306071858556,347.5588416606146,351.76611328125,27140598,0.0,0.0
2020-09-15 00:00:00+05:30,352.10461392092714,360.0355635957437,351.76612189318297,359.3585205078125,24967618,0.0,0.0
2020-09-16 00:00:00+05:30,359.1650977328899,364.3395569585755,353.02345097029934,362.4051818847656,22068622,0.0,0.0
2020-09-17 00:00:00+05:30,357.85939948022525,359.55197772101013,355.34470590495766,356.8922119140625,24084936,0.0,0.0
2020-09-18 00:00:00+05:30,357.8594100424678,362.3568264546218,352.58822584481254,357.4241638183594,78166508,0.0,0.0
2020-09-21 00:00:00+05:30,354.61927990452523,355.34467050688664,337.0648332306219,339.1926574707031,28932482,0.0,0.0
2020-09-22 00:00:00+05:30,342.38440162511273,344.46384900857447,338.03205753665793,342.7712707519531,28593292,0.0,0.0
2020-09-23 00:00:00+05:30,344.89907231776743,345.3826660732561,331.213374940682,340.304931640625,22740143,0.0,0.0
2020-09-24 00:00:00+05:30,333.6313917709597,335.5657670715219,322.7988782813213,324.6849060058594,25840472,0.0,0.0
2020-09-25 00:00:00+05:30,327.9249537961334,338.9992639543412,325.55536181488884,337.2099609375,23231600,0.0,0.0
2020-09-28 00:00:00+05:30,339.96645353122847,352.00795138740176,337.6452091116427,351.089111328125,18495592,0.0,0.0
2020-09-29 00:00:00+05:30,351.81445769137866,351.81445769137866,342.6261763221193,345.33428955078125,17080848,0.0,0.0
2020-09-30 00:00:00+05:30,345.23762677969063,345.76956815497823,337.8869950918926,343.10980224609375,19565058,0.0,0.0
2020-10-01 00:00:00+05:30,346.494947138134,359.02003798283323,346.494947138134,357.0856628417969,23237122,0.0,0.0
2020-10-05 00:00:00+05:30,358.5848301137739,370.09435753043147,358.5848301137739,360.85772705078125,26530105,0.0,0.0
2020-10-06 00:00:00+05:30,364.7264764539831,369.2722407956626,362.7921011129556,368.11163330078125,18093629,0.0,0.0
2020-10-07 00:00:00+05:30,366.8542152151069,371.7385299099674,361.8248578114402,370.09429931640625,21845743,0.0,0.0
2020-10-08 00:00:00+05:30,372.3671875,376.91298055648804,370.094290971756,374.78515625,21085500,0.0,0.0
2020-10-09 00:00:00+05:30,377.8801918138343,390.26018078567677,374.204861373034,388.3258056640625,41641237,0.0,0.0
2020-10-12 00:00:00+05:30,390.21182534600655,396.546891935066,387.5520596074177,390.7921142578125,25742564,0.0,0.0
2020-10-13 00:00:00+05:30,387.842218383404,387.842218383404,380.58831155578423,383.2480773925781,19922778,0.0,0.0
2020-10-14 00:00:00+05:30,381.410436373652,395.821525725914,376.2359768048395,393.451904296875,23368177,0.0,0.0
2020-10-15 00:00:00+05:30,393.5485941984707,396.4501567453008,376.381015796393,378.1703186035156,34234586,0.0,0.0
2020-10-16 00:00:00+05:30,381.0718970553735,388.13235440752493,377.6867406094501,383.1029968261719,25339096,0.0,0.0
2020-10-19 00:00:00+05:30,388.8577498246702,405.0097940133014,387.9872869169009,403.4139404296875,41072871,0.0,0.0
2020-10-20 00:00:00+05:30,399.93205945142114,403.2204912800626,397.5140905309168,400.9959716796875,26158669,0.0,0.0
2020-10-21 00:00:00+05:30,402.35001651855634,414.4398607649072,396.83703573573183,406.5089111328125,43124966,0.0,0.0
2020-10-22 00:00:00+05:30,402.7369021331522,405.8802617660011,394.27401081394356,399.35174560546875,33088074,0.0,0.0
2020-10-23 00:00:00+05:30,403.31717691294597,406.7023330740858,398.2394426712362,403.2688293457031,22151463,0.0,0.0
2020-10-26 00:00:00+05:30,404.33274317052866,405.3966553779823,388.2774534654376,391.17901611328125,21712057,0.0,0.0
2020-10-27 00:00:00+05:30,393.0166844347562,398.86815756764355,380.3465210594732,396.4985656738281,33571163,0.0,0.0
2020-10-28 00:00:00+05:30,396.4501486688141,396.4501486688141,381.84561157738256,383.0545959472656,28145103,0.0,0.0
2020-10-29 00:00:00+05:30,379.3793409805598,389.67988314982745,376.8646472849647,386.7783203125,32615425,0.0,0.0
2020-10-30 00:00:00+05:30,386.2946979444968,389.48643453930106,375.3171134516885,379.71783447265625,27225165,0.0,0.0
2020-11-02 00:00:00+05:30,403.31722570111475,408.92690192596,393.64534978502087,403.7524719238281,72698777,0.0,0.0
2020-11-03 00:00:00+05:30,411.05473210847276,432.23613475387646,410.28099383099317,429.2862243652344,61813071,0.0,0.0
2020-11-04 00:00:00+05:30,422.95114749841457,427.4969412594735,411.34489569951484,422.7093505859375,43426662,0.0,0.0
2020-11-05 00:00:00+05:30,430.3984746639378,431.6074591433309,421.30691728214634,424.11175537109375,30129938,0.0,0.0
2020-11-06 00:00:00+05:30,425.41744435635866,430.30172961520657,421.887215747033,428.2706298828125,27831424,0.0,0.0
2020-11-09 00:00:00+05:30,435.23440625669036,449.3553506740408,434.26721868723104,447.5177001953125,40995422,0.0,0.0
2020-11-10 00:00:00+05:30,469.85972246825423,471.0687069636092,457.4797330423089,467.9737243652344,57535138,0.0,0.0
2020-11-11 00:00:00+05:30,468.8441572525586,474.45383314501777,456.60924084689134,470.5850830078125,45609279,0.0,0.0
2020-11-12 00:00:00+05:30,465.79756303743744,467.6835611840398,455.8838899464377,461.058349609375,31071572,0.0,0.0
2020-11-13 00:00:00+05:30,457.1895830720594,471.11707838782104,452.2085433981173,469.617919921875,34815091,0.0,0.0
2020-11-14 00:00:00+05:30,473.7768602974157,473.7768602974157,468.74747288033177,470.92364501953125,3636073,0.0,0.0
2020-11-17 00:00:00+05:30,474.4055079398093,476.8234768895535,462.46073542482856,470.4400329589844,36127378,0.0,0.0
2020-11-18 00:00:00+05:30,471.987538108646,482.62660146765234,470.2949598469859,481.3208923339844,29156543,0.0,0.0
2020-11-19 00:00:00+05:30,473.92190623470134,477.1619904764891,460.18783102304366,463.0410461425781,31896908,0.0,0.0
2020-11-20 00:00:00+05:30,463.76643834197404,467.5868410378285,452.7405059822393,464.4434814453125,30089190,0.0,0.0
2020-11-23 00:00:00+05:30,465.9909382537843,467.4900966289245,451.1929809114097,452.88555908203125,29513544,0.0,0.0
2020-11-24 00:00:00+05:30,458.4469250062765,464.25005063926733,455.7388115173701,462.5091247558594,23135994,0.0,0.0
2020-11-25 00:00:00+05:30,469.0859704750994,473.8735607431382,455.64206918328426,457.1895751953125,34168305,0.0,0.0
2020-11-26 00:00:00+05:30,459.51080383552255,461.5419035625045,450.51594204923714,459.7042236328125,28707911,0.0,0.0
2020-11-27 00:00:00+05:30,460.7681475553961,463.8147824653229,455.83548509749374,457.8182373046875,48390771,0.0,0.0
2020-12-01 00:00:00+05:30,463.9598714470202,472.47110993204035,458.737035155163,469.18267822265625,20120049,0.0,0.0
2020-12-02 00:00:00+05:30,470.39167288327013,471.0203388902489,456.70597489473414,464.6852722167969,21244707,0.0,0.0
2020-12-03 00:00:00+05:30,466.28110351762894,469.0859413876305,463.1377441165778,466.039306640625,22701738,0.0,0.0
2020-12-04 00:00:00+05:30,467.82863927708763,487.4625351357903,467.15159617179904,485.5765075683594,39547014,0.0,0.0
2020-12-07 00:00:00+05:30,488.4297736408244,498.68193933594864,487.60765821758986,493.7009582519531,37778332,0.0,0.0
2020-12-08 00:00:00+05:30,494.71645763065817,495.20005143088366,488.8166073646628,491.7181701660156,19339943,0.0,0.0
2020-12-09 00:00:00+05:30,493.2656797705508,498.10161780751696,489.44527691485814,494.7164611816406,21272782,0.0,0.0
2020-12-10 00:00:00+05:30,491.42799463025165,497.52129383768204,482.3847852343927,490.31573486328125,20419020,0.0,0.0
2020-12-11 00:00:00+05:30,492.5402600971471,499.9392684715248,489.49362521628535,498.5368347167969,25335765,0.0,0.0
2020-12-14 00:00:00+05:30,501.09985462432047,510.48158582648927,501.09985462432047,508.5472106933594,26369591,0.0,0.0
2020-12-15 00:00:00+05:30,506.8062607073669,507.0480575874754,496.2638931216608,501.0514831542969,26969145,0.0,0.0
2020-12-16 00:00:00+05:30,502.98588637801146,504.581769489123,494.32957529483787,495.6352844238281,24263586,0.0,0.0
2020-12-17 00:00:00+05:30,497.13440798976995,499.552376900226,492.39519482852046,493.65252685546875,23883288,0.0,0.0
2020-12-18 00:00:00+05:30,497.13442675344913,501.24497405637163,492.4435609868694,500.18109130859375,21735833,0.0,0.0
2020-12-21 00:00:00+05:30,497.71470834826346,497.8114625263707,472.1809914867809,478.2742614746094,29157759,0.0,0.0
2020-12-22 00:00:00+05:30,480.98237886731914,485.33472304192634,473.05145830332435,483.8839416503906,32328041,0.0,0.0
2020-12-23 00:00:00+05:30,482.62661470921796,488.91333413929794,480.2569932713908,487.07568359375,19205951,0.0,0.0
2020-12-24 00:00:00+05:30,490.12229413871137,499.02043146286394,488.52644057411385,496.69915771484375,17576807,0.0,0.0
2020-12-28 00:00:00+05:30,498.9721000804918,504.09818248853617,496.7475214029454,503.03424072265625,14470472,0.0,0.0
2020-12-29 00:00:00+05:30,505.40383884193494,513.383136072534,500.85804558286276,511.4487609863281,19092649,0.0,0.0
2020-12-30 00:00:00+05:30,514.2052273030188,515.5109067371269,507.33816104334363,511.4003601074219,21365141,0.0,0.0
2020-12-31 00:00:00+05:30,512.7061229542174,520.8305224041408,509.2242712085053,517.4937133789062,27817770,0.0,0.0
2021-01-01 00:00:00+05:30,517.9773467683997,519.3797807015515,508.8374114467705,510.1914978027344,13592625,0.0,0.0
2021-01-04 00:00:00+05:30,514.8338899561849,517.4453079899116,507.0963900236254,514.2536010742188,16549750,0.0,0.0
2021-01-05 00:00:00+05:30,509.36929655560454,522.2328778947298,505.8390387334952,519.6214599609375,23311516,0.0,0.0
2021-01-06 00:00:00+05:30,521.0722612079111,532.5334093727797,518.2673938687116,528.7614135742188,28178838,0.0,0.0
2021-01-07 00:00:00+05:30,534.0326856234831,536.2088578403149,522.0395351266308,523.34521484375,21138034,0.0,0.0
2021-01-08 00:00:00+05:30,529.0515670232015,529.1482621610521,518.7509964471592,524.2639770507812,21937965,0.0,0.0
2021-01-11 00:00:00+05:30,527.2622725348874,528.0843582708685,517.4452961079023,526.8270263671875,19394393,0.0,0.0
2021-01-12 00:00:00+05:30,523.2484254488979,532.5818082219139,519.4763706727973,530.0187377929688,16388310,0.0,0.0
2021-01-13 00:00:00+05:30,533.4039304447089,542.5922121114808,530.2605709271289,538.2398681640625,21920297,0.0,0.0
2021-01-14 00:00:00+05:30,535.870227056857,540.1258757054776,532.5334183474205,535.1448364257812,13330898,0.0,0.0
2021-01-15 00:00:00+05:30,531.9531744575852,532.9203620475081,523.7320799432407,525.182861328125,15708956,0.0,0.0
2021-01-18 00:00:00+05:30,526.6336843298268,530.4057398415881,511.5455803476824,515.6561279296875,21580313,0.0,0.0
2021-01-19 00:00:00+05:30,521.3140942006606,529.7769853402817,516.3814612636875,528.5196533203125,20575358,0.0,0.0
2021-01-20 00:00:00+05:30,528.5197180313229,536.4022621813141,528.0844717700771,532.92041015625,16097138,0.0,0.0
2021-01-21 00:00:00+05:30,536.78903348342,542.5921581697272,531.6629518170026,534.5645141601562,18189277,0.0,0.0
2021-01-22 00:00:00+05:30,534.9514378749004,535.3383365278268,513.1897168778343,516.2847290039062,24515997,0.0,0.0
2021-01-25 00:00:00+05:30,518.9444823072852,524.5058108715461,513.7700523865595,520.395263671875,23415249,0.0,0.0
2021-01-27 00:00:00+05:30,520.1534474912922,521.5075336610132,502.06702867686676,505.21038818359375,28049286,0.0,0.0
2021-01-28 00:00:00+05:30,497.7147352366271,512.464346726049,495.200070989115,510.9168701171875,29836591,0.0,0.0
2021-01-29 00:00:00+05:30,515.8495022563794,527.0689142579889,512.0775058939221,519.3797607421875,33172808,0.0,0.0
2021-02-01 00:00:00+05:30,533.8874929379452,589.452425884442,532.9203054507387,583.98779296875,69354326,0.0,0.0
2021-02-02 00:00:00+05:30,592.8860191274805,603.5250830922477,579.0552477797728,597.09326171875,42362384,0.0,0.0
2021-02-03 00:00:00+05:30,602.9447323202672,606.9101775967672,593.8531458875141,601.9291381835938,27155908,0.0,0.0
2021-02-04 00:00:00+05:30,598.4956777203032,610.9240738547344,589.017251004875,607.6839599609375,29982222,0.0,0.0
2021-02-05 00:00:00+05:30,607.6839602021124,614.4542734347405,590.9516264479638,593.998291015625,32015570,0.0,0.0
2021-02-08 00:00:00+05:30,601.9291741391906,613.1485856234531,601.9291741391906,608.9412841796875,18230551,0.0,0.0
2021-02-09 00:00:00+05:30,610.6338621221892,622.0950704979593,607.9740962462539,612.5682373046875,27155615,0.0,0.0
2021-02-10 00:00:00+05:30,612.5682316814824,617.2591268754472,605.8463252099625,611.4076538085938,23967387,0.0,0.0
2021-02-11 00:00:00+05:30,606.18485376823,612.8100654936029,603.6217829075667,609.9569091796875,16072702,0.0,0.0
2021-02-12 00:00:00+05:30,609.2315335696467,628.5752868624444,608.7479397373266,626.3507080078125,19049709,0.0,0.0
2021-02-15 00:00:00+05:30,633.5078437351505,654.592520468244,630.6062810920887,651.8360595703125,27155194,0.0,0.0
2021-02-16 00:00:00+05:30,651.3042076572302,657.1073337401906,628.2367460579921,636.7479858398438,24966739,0.0,0.0
2021-02-17 00:00:00+05:30,633.3143842829531,643.1313613478358,628.0432004259342,635.7807006835938,21684753,0.0,0.0
2021-02-18 00:00:00+05:30,628.6719275027538,630.9932013095881,616.6787778881848,623.4974975585938,27845347,0.0,0.0
2021-02-19 00:00:00+05:30,614.6476732455143,614.6476732455143,598.689079054246,603.5733642578125,24055811,0.0,0.0
2021-02-22 00:00:00+05:30,601.5906465933704,608.651103790309,587.3729780265563,589.8392944335938,27092321,0.0,0.0
2021-02-23 00:00:00+05:30,594.5785688013192,602.6062139627861,589.065587751776,596.0776977539062,23534585,0.0,0.0
2021-02-24 00:00:00+05:30,594.9170279499745,623.8359588003635,594.9170279499745,620.0639038085938,17762047,0.0,0.0
2021-02-25 00:00:00+05:30,621.6114680275654,627.1244490272395,605.749568139458,607.393798828125,38571809,0.0,0.0
2021-02-26 00:00:00+05:30,594.820400415131,594.820400415131,571.511201832981,578.1364135742188,57349273,0.0,0.0
2021-03-01 00:00:00+05:30,587.6148115351774,591.7737063871841,580.506006324913,588.3885498046875,21527318,0.0,0.0
2021-03-02 00:00:00+05:30,589.9844237881347,596.2711430580083,579.3453604083487,590.468017578125,24051433,0.0,0.0
2021-03-03 00:00:00+05:30,597.7219315035081,612.9551360685247,593.7080793860969,611.3592529296875,21036174,0.0,0.0
2021-03-04 00:00:00+05:30,598.4473386312079,610.1986918027633,595.5941233516484,600.3817138671875,25057198,0.0,0.0
2021-03-05 00:00:00+05:30,593.0794682716344,594.530249720913,581.7633611607706,589.4525146484375,26645968,0.0,0.0
2021-03-08 00:00:00+05:30,591.5318927303614,595.7875416407732,581.4248298749109,588.098388671875,19632433,0.0,0.0
2021-03-09 00:00:00+05:30,594.6752556001715,607.7322878346637,592.2089390957008,604.5889282226562,23056249,0.0,0.0
2021-03-10 00:00:00+05:30,608.1191741716692,609.8117523900396,601.3972088693664,605.072509765625,15838994,0.0,0.0
2021-03-12 00:00:00+05:30,610.7306308056782,617.0656978723295,588.3885614977289,592.7409057617188,21757862,0.0,0.0
2021-03-15 00:00:00+05:30,591.822030109098,592.7408109697164,571.2208899948206,583.6976318359375,24347946,0.0,0.0
2021-03-16 00:00:00+05:30,586.9377186412936,587.0828203812176,574.1708906958592,575.42822265625,17925629,0.0,0.0
2021-03-17 00:00:00+05:30,577.9429530608669,583.8428329882277,567.7391354315761,570.1571044921875,20214082,0.0,0.0
2021-03-18 00:00:00+05:30,575.2347246487313,581.6665446785432,556.6163665999915,559.6146240234375,22776537,0.0,0.0
2021-03-19 00:00:00+05:30,556.3262649856949,569.5767456179047,551.2968781504658,567.4005737304688,29162618,0.0,0.0
2021-03-22 00:00:00+05:30,567.5939436827399,567.5939436827399,550.8132646756579,554.6336669921875,21755401,0.0,0.0
2021-03-23 00:00:00+05:30,557.1000991092656,569.9153357641228,555.4558682602654,567.1588745117188,29486417,0.0,0.0
2021-03-24 00:00:00+05:30,560.968812379543,561.5007537572067,546.4609982662789,548.8789672851562,24434219,0.0,0.0
2021-03-25 00:00:00+05:30,549.4592117255838,560.0015794068414,538.8201489043831,552.7960205078125,27170186,0.0,0.0
2021-03-26 00:00:00+05:30,565.3211846063751,565.3211846063751,555.4558587143677,559.56640625,20724410,0.0,0.0
2021-03-30 00:00:00+05:30,562.9032166852746,573.6389760709313,562.9032166852746,572.0431518554688,28011943,0.0,0.0
2021-03-31 00:00:00+05:30,566.7719331798698,570.3021915302315,560.0016199848885,562.9998779296875,20119972,0.0,0.0
2021-04-01 00:00:00+05:30,568.2711518198842,576.5405952921021,561.1623454564324,574.8964233398438,15631940,0.0,0.0
2021-04-05 00:00:00+05:30,572.5750632521882,572.5750632521882,545.0102164571082,552.5059204101562,23260127,0.0,0.0
2021-04-06 00:00:00+05:30,555.842658952547,559.5179595858626,545.8806396721993,547.3314208984375,23284697,0.0,0.0
2021-04-07 00:00:00+05:30,547.9601054160856,560.968790025758,541.0447497171314,558.6959228515625,23984399,0.0,0.0
2021-04-08 00:00:00+05:30,562.9031204765378,566.6267687086387,554.4885774876686,557.7770385742188,19262565,0.0,0.0
2021-04-09 00:00:00+05:30,555.1173471325743,560.001632814362,546.4610061141875,547.6216430664062,23239564,0.0,0.0
2021-04-12 00:00:00+05:30,533.3071782073054,533.8391194929959,513.7216325407562,520.8787841796875,26601702,0.0,0.0
2021-04-13 00:00:00+05:30,523.2484697116017,545.3003342626445,520.2018052860706,542.205322265625,25445897,0.0,0.0
2021-04-15 00:00:00+05:30,547.3798090534764,557.8254228504287,535.9670077006499,556.3262939453125,37614884,0.0,0.0
2021-04-16 00:00:00+05:30,555.7459340877606,558.7925984364795,545.5904649686207,548.3469848632812,24045008,0.0,0.0
2021-04-19 00:00:00+05:30,531.9531010111937,543.8494949182292,516.8650003045784,541.3831787109375,28526176,0.0,0.0
2021-04-20 00:00:00+05:30,546.6543958688338,553.8599546697744,534.4677977473423,540.7545166015625,24425842,0.0,0.0
2021-04-22 00:00:00+05:30,533.8875538970873,561.5490955766029,528.9549207621035,560.195068359375,34942633,0.0,0.0
2021-04-23 00:00:00+05:30,551.2002486168636,561.45241378269,548.4437284785654,551.2485961914062,33749097,0.0,0.0
2021-04-26 00:00:00+05:30,582.2468965619786,585.6320529373389,568.7062710605372,571.7045288085938,62584522,0.0,0.0
2021-04-27 00:00:00+05:30,573.7840448494992,582.198588792846,571.7045678923548,579.1035766601562,24239685,0.0,0.0
2021-04-28 00:00:00+05:30,578.3781688725504,602.3644088855251,578.3781688725504,600.9619750976562,33292864,0.0,0.0
2021-04-29 00:00:00+05:30,602.1225373710332,607.8289669596686,589.0171591825718,601.0586547851562,34537860,0.0,0.0
2021-04-30 00:00:00+05:30,590.0811197457465,596.1260421289493,578.4748687699971,580.796142578125,23653258,0.0,0.0
2021-05-03 00:00:00+05:30,573.1069898029775,579.2002597619761,568.2227043212583,577.169189453125,18010557,0.0,0.0
2021-05-04 00:00:00+05:30,577.0725238825328,588.0500798858435,569.6735148894109,572.1398315429688,15115127,0.0,0.0
2021-05-05 00:00:00+05:30,575.7667234251652,584.9550049381851,565.5145592446672,583.0206298828125,17253943,0.0,0.0
2021-05-06 00:00:00+05:30,583.0206329483368,590.8064807806612,579.5871290134854,588.2434692382812,16949763,0.0,0.0
2021-05-07 00:00:00+05:30,591.9188082591196,594.6269217191755,583.8911630254934,587.1795654296875,10941083,0.0,0.0
2021-05-10 00:00:00+05:30,590.951574662244,596.7546997816768,590.951574662244,593.1277465820312,12060808,0.0,0.0
2021-05-11 00:00:00+05:30,586.5025446647772,592.7892636404315,583.4558803174449,589.8392944335938,13818480,0.0,0.0
2021-05-12 00:00:00+05:30,583.4076108502059,586.7444200981761,573.7357342082345,575.23486328125,14785569,0.0,0.0
2021-05-14 00:00:00+05:30,572.5750286399276,582.1985565527799,571.70453623341,577.7011108398438,12675754,0.0,0.0
2021-05-17 00:00:00+05:30,583.4558798556767,604.0086149521262,581.4731572175665,603.1381225585938,20453101,0.0,0.0
2021-05-18 00:00:00+05:30,607.393709234189,614.6476149973363,605.4593343640165,612.423095703125,19242627,0.0,0.0
2021-05-19 00:00:00+05:30,606.5233143390998,613.1969323259727,602.8963608750266,604.927490234375,13911576,0.0,0.0
2021-05-20 00:00:00+05:30,607.442181031065,612.1330764700582,596.41627743557,598.30224609375,13900762,0.0,0.0
2021-05-21 00:00:00+05:30,601.8807769259918,622.8204101742858,601.8807769259918,621.36962890625,23975898,0.0,0.0
2021-05-24 00:00:00+05:30,622.1433804124802,632.0087050525594,617.0656458657791,626.1088256835938,20323003,0.0,0.0
2021-05-25 00:00:00+05:30,628.768647837575,630.6063279276439,621.418045542195,628.9620971679688,14884778,0.0,0.0
2021-05-26 00:00:00+05:30,628.0432402525254,635.1037569113275,622.1917671180947,631.0899047851562,14487031,0.0,0.0
2021-05-27 00:00:00+05:30,629.7358551210899,634.958692042569,626.8342921719235,630.84814453125,23349546,0.0,0.0
2021-05-28 00:00:00+05:30,636.4577646306658,638.3437921867975,618.2746502354701,621.949951171875,14191446,0.0,0.0
2021-05-31 00:00:00+05:30,622.6269768391497,643.1797119969469,622.6269768391497,641.0035400390625,21786138,0.0,0.0
2021-06-01 00:00:00+05:30,642.7444255255857,643.0829765617314,627.0759766040885,628.7685546875,14123196,0.0,0.0
2021-06-02 00:00:00+05:30,627.2211515560365,628.0432373938256,620.0639397834365,627.0760498046875,16025108,0.0,0.0
2021-06-03 00:00:00+05:30,632.0087695512198,632.2022188839913,623.594225351465,628.9137573242188,11805702,0.0,0.0
2021-06-04 00:00:00+05:30,631.5735321671981,633.411212305626,618.4198038085485,621.6115112304688,15111572,0.0,0.0
2021-06-07 00:00:00+05:30,624.0293458933596,628.671833782497,623.1105060221133,626.930908203125,7556341,0.0,0.0
2021-06-08 00:00:00+05:30,626.7375155842017,626.7375155842017,616.4853514422515,621.3212890625,11912935,0.0,0.0
2021-06-09 00:00:00+05:30,623.2557318923634,624.4163098214876,608.1675694568202,615.22802734375,15823094,0.0,0.0
2021-06-10 00:00:00+05:30,614.59943302568,621.3213993171391,610.2954359734182,619.3870239257812,10712418,0.0,0.0
2021-06-11 00:00:00+05:30,622.8688320240907,623.4007734126527,610.7789866820082,614.8411865234375,9015059,0.0,0.0
2021-06-14 00:00:00+05:30,614.8411454545931,615.2279850602316,602.8963436350101,614.3092041015625,10170497,0.0,0.0
2021-06-15 00:00:00+05:30,615.4698186584785,624.9966521393501,615.1313266043011,624.1261596679688,11039987,0.0,0.0
2021-06-16 00:00:00+05:30,623.7393497833037,627.8982449430603,616.67883259139,619.0968017578125,8601339,0.0,0.0
2021-06-17 00:00:00+05:30,612.2780839004929,616.6304279976123,606.1364663986469,612.229736328125,9720060,0.0,0.0
2021-06-18 00:00:00+05:30,611.8427921408321,615.7115421614063,600.3332962490882,609.7150268554688,13820690,0.0,0.0
2021-06-21 00:00:00+05:30,602.4127709849872,612.3264438510531,596.0293564598159,610.5371704101562,13407446,0.0,0.0
2021-06-22 00:00:00+05:30,614.1640592361767,622.9654418264279,608.8928755827011,610.1502075195312,15270093,0.0,0.0
2021-06-23 00:00:00+05:30,612.9551231132912,614.1641075770254,602.9931029386095,604.2020874023438,10950633,0.0,0.0
2021-06-24 00:00:00+05:30,606.4265790037326,615.4214111920364,603.9602626181005,613.2452392578125,12815724,0.0,0.0
2021-06-25 00:00:00+05:30,615.2279690658137,628.6718994516805,615.2279690658137,627.7047119140625,14785922,0.0,0.0
2021-06-28 00:00:00+05:30,629.6391403081229,631.5735155471648,624.9483039664254,628.9620971679688,12093491,0.0,0.0
2021-06-29 00:00:00+05:30,625.09337709703,627.4629986866141,615.5666021943059,619.0968017578125,12225470,0.0,0.0
2021-06-30 00:00:00+05:30,617.3557603738263,619.7737290883035,609.1346667446039,610.1986083984375,14276494,0.0,0.0
2021-07-01 00:00:00+05:30,613.1485241730616,616.485332836817,609.3764693301312,610.1502075195312,10517081,0.0,0.0
2021-07-02 00:00:00+05:30,611.5043209840059,620.3057039680308,611.5043209840059,619.2418212890625,10999396,0.0,0.0
2021-07-05 00:00:00+05:30,621.6597745189683,627.2211027235332,620.1606456790087,626.5924072265625,7358568,0.0,0.0
2021-07-06 00:00:00+05:30,624.0294639213911,633.5078907862066,624.0294639213911,628.9620971679688,9209891,0.0,0.0
2021-07-07 00:00:00+05:30,629.5423916613154,633.2660400670603,624.7064539746634,632.5406494140625,7741559,0.0,0.0
2021-07-08 00:00:00+05:30,629.1555586299752,632.5407153635723,617.1624083036803,620.8377685546875,10782941,0.0,0.0
2021-07-09 00:00:00+05:30,618.5164351893227,620.1123182519674,613.0034543748918,617.5975952148438,7069698,0.0,0.0
2021-07-12 00:00:00+05:30,624.803125,628.913671875,621.321273612976,625.044921875,6992783,0.0,0.0
2021-07-13 00:00:00+05:30,633.6529819845153,644.4854359167069,631.5735050242135,643.1314086914062,19825411,0.0,0.0
2021-07-14 00:00:00+05:30,640.2782190797917,646.0813449324787,636.6029178462464,642.5510864257812,11648541,0.0,0.0
2021-07-15 00:00:00+05:30,643.2763903345876,647.6287341366685,639.4076402882935,645.54931640625,8244429,0.0,0.0
2021-07-16 00:00:00+05:30,645.5493255515078,645.8394700026021,636.1192471800733,638.6339111328125,9212875,0.0,0.0
2021-07-19 00:00:00+05:30,624.4646842448664,635.3455445129817,624.3679300674605,634.3783569335938,9121737,0.0,0.0
2021-07-20 00:00:00+05:30,627.366285112339,629.8809493586032,618.1295959418509,620.8377685546875,13169127,0.0,0.0
2021-07-22 00:00:00+05:30,631.0899485767536,638.634000523365,627.0277485955166,634.4267578125,13123569,0.0,0.0
2021-07-23 00:00:00+05:30,634.426773910736,655.6081487970552,629.397386141227,654.4475708007812,19298083,0.0,0.0
2021-07-26 00:00:00+05:30,657.6874877343462,665.1831907195537,641.8255894171892,654.5441284179688,31054759,0.0,0.0
2021-07-27 00:00:00+05:30,657.8326094935254,663.1037342047175,651.2073396209524,655.22119140625,12598869,0.0,0.0
2021-07-28 00:00:00+05:30,655.6564826169622,664.4578659621436,648.0640247116105,662.5718383789062,18367497,0.0,0.0
2021-07-29 00:00:00+05:30,671.738525390625,671.738525390625,662.6203181147575,666.888427734375,11043138,2.0,0.0
2021-07-30 00:00:00+05:30,666.40341796875,667.0339543461799,657.6732421875,662.038330078125,14536250,0.0,0.0
2021-08-02 00:00:00+05:30,663.5418296380883,667.4219076527314,657.3822294719592,660.9713134765625,9348206,0.0,0.0
2021-08-03 00:00:00+05:30,662.5233695507073,671.1565674480547,656.3637689331963,669.7015380859375,10162609,0.0,0.0
2021-08-04 00:00:00+05:30,673.1935601400174,695.8920410372308,672.417556349791,693.2244873046875,28730606,0.0,0.0
2021-08-05 00:00:00+05:30,694.0490645055875,695.0190841624786,678.0922293086685,681.3903198242188,17774554,0.0,0.0
2021-08-06 00:00:00+05:30,683.9122396680449,684.8337700381915,674.842580984925,676.734130859375,14701949,0.0,0.0
2021-08-09 00:00:00+05:30,676.4916392046472,685.1247774384981,673.5330322944652,681.7781982421875,8602980,0.0,0.0
2021-08-10 00:00:00+05:30,682.9907339113992,687.0648278173533,676.3946128854847,679.88671875,10843554,0.0,0.0
2021-08-11 00:00:00+05:30,685.0762786559645,685.9493198967227,669.3134616249423,672.7570190429688,9748084,0.0,0.0
2021-08-12 00:00:00+05:30,672.7084910883534,681.8751867661595,672.5144753565708,680.3231201171875,8840339,0.0,0.0
2021-08-13 00:00:00+05:30,685.8522826669118,688.616873793436,679.9836764727914,683.6697387695312,12787590,0.0,0.0
2021-08-16 00:00:00+05:30,681.3417236395012,686.1918211619769,677.7041504976445,681.584228515625,7920846,0.0,0.0
2021-08-17 00:00:00+05:30,678.8196832947818,681.8267794851803,670.7685327042499,680.177734375,8669653,0.0,0.0
2021-08-18 00:00:00+05:30,679.8381619358785,679.8381619358785,663.1053250921738,667.6644287109375,11069373,0.0,0.0
2021-08-20 00:00:00+05:30,663.3478233200453,663.8813814188723,655.1026574217951,660.2922973632812,13121808,0.0,0.0
2021-08-23 00:00:00+05:30,669.2650026008532,669.2650026008532,653.6476522704689,662.2323608398438,10917371,0.0,0.0
2021-08-24 00:00:00+05:30,662.7658955292947,676.346170007758,660.0013633354409,673.630126953125,9821388,0.0,0.0
2021-08-25 00:00:00+05:30,678.9652293529431,679.4502391518658,666.5489903415817,670.33203125,9535359,0.0,0.0
2021-08-26 00:00:00+05:30,671.3019778020057,680.5171629788125,669.3134496838583,677.849609375,10756731,0.0,0.0
2021-08-27 00:00:00+05:30,675.2305841643647,679.4502047243641,668.3919581871249,678.7711791992188,9135827,0.0,0.0
2021-08-30 00:00:00+05:30,683.3787532578738,693.563958239006,679.8867066607456,692.2544555664062,10797869,0.0,0.0
2021-08-31 00:00:00+05:30,692.593966767437,698.3171058612189,688.0833521252788,697.4925537109375,19760246,0.0,0.0
2021-09-01 00:00:00+05:30,705.7862422805786,712.7703952911427,695.6980738922512,698.317138671875,13729351,0.0,0.0
2021-09-02 00:00:00+05:30,700.6450768553976,706.2226890110181,695.9889950708947,703.40966796875,8627956,0.0,0.0
2021-09-03 00:00:00+05:30,703.02166467893,709.8602906246755,699.4810696603816,702.5851440429688,8993813,0.0,0.0
2021-09-06 00:00:00+05:30,703.6521236248844,706.1741504801985,698.4139949804161,699.529541015625,5329995,0.0,0.0
2021-09-07 00:00:00+05:30,699.2871216814693,700.7906401523801,690.3144407874563,695.4070434570312,6242711,0.0,0.0
2021-09-08 00:00:00+05:30,695.0189726673069,701.0815945503086,693.5639434153866,699.3355712890625,7118011,0.0,0.0
2021-09-09 00:00:00+05:30,699.1900540675887,702.1971500850995,696.0859797807648,698.6565551757812,6243422,0.0,0.0
2021-09-13 00:00:00+05:30,696.3771004174755,696.3771004174755,684.057839552124,686.19189453125,6967906,0.0,0.0
2021-09-14 00:00:00+05:30,691.8663965731278,692.5939111857178,685.3187650598175,686.2402954101562,5241865,0.0,0.0
2021-09-15 00:00:00+05:30,685.9007692238437,694.5339665120459,685.1247654598607,692.9334106445312,5936741,0.0,0.0
2021-09-16 00:00:00+05:30,698.4140411072442,707.5322481038166,691.4783779891319,705.398193359375,13557169,0.0,0.0
2021-09-17 00:00:00+05:30,710.9273190031025,712.3823482608204,692.5939266737396,698.5595703125,17075003,0.0,0.0
2021-09-20 00:00:00+05:30,688.7139282226562,698.8021559238119,685.3188595624038,688.7139282226562,7943459,0.0,0.0
2021-09-21 00:00:00+05:30,689.82939552629,693.0789371899905,673.5815687972035,690.5083618164062,10009615,0.0,0.0
2021-09-22 00:00:00+05:30,693.5639343175438,693.5639343175438,681.1961858384548,682.26318359375,9740470,0.0,0.0
2021-09-23 00:00:00+05:30,689.6839109285107,698.4140870162134,685.949359284223,695.5040283203125,10412491,0.0,0.0
2021-09-24 00:00:00+05:30,700.9360924051521,702.8761314754186,695.0674860586548,701.275634765625,11780868,0.0,0.0
2021-09-27 00:00:00+05:30,702.779150390625,709.8117919921875,700.6450955808162,708.1142578125,7712240,0.0,0.0
2021-09-28 00:00:00+05:30,712.0913199559708,713.3523927210091,685.415782631291,695.6495361328125,13491800,0.0,0.0
2021-09-29 00:00:00+05:30,686.1433160876496,690.6054416128642,680.2747095564644,688.2288818359375,11453404,0.0,0.0
2021-09-30 00:00:00+05:30,688.3258670863279,692.4969986251765,677.8496675120839,679.8381958007812,18487517,0.0,0.0
2021-10-01 00:00:00+05:30,672.223553973205,674.0180664741322,667.2764779074683,671.593017578125,10935810,0.0,0.0
2021-10-04 00:00:00+05:30,676.1521173636177,682.2632287045247,673.2420587055386,679.2077026367188,8976533,0.0,0.0
2021-10-05 00:00:00+05:30,672.2235053040437,678.043622233083,671.1079592105281,676.2005615234375,7497208,0.0,0.0
2021-10-06 00:00:00+05:30,675.7156064520935,683.8637944941421,667.712945027162,668.8284912109375,13200810,0.0,0.0
2021-10-07 00:00:00+05:30,676.6370907187762,683.815258704445,672.6600344489249,681.147705078125,10041549,0.0,0.0
2021-10-08 00:00:00+05:30,684.8338559587717,688.7139344627874,677.3646929974816,682.3118286132812,9383924,0.0,0.0
2021-10-11 00:00:00+05:30,680.9537081745954,697.8320716319804,679.3046631371025,691.9149169921875,9337637,0.0,0.0
2021-10-12 00:00:00+05:30,685.3188175717172,691.6239446972885,683.2818001824968,687.3558349609375,7376091,0.0,0.0
2021-10-13 00:00:00+05:30,692.4485074421119,694.4370951002587,686.7254269974661,688.6654663085938,6357766,0.0,0.0
2021-10-14 00:00:00+05:30,688.9563574078832,707.9202269991712,687.7923221540975,705.4951782226562,8950350,0.0,0.0
2021-10-18 00:00:00+05:30,716.8443758697888,726.4475921379814,710.1027288294143,723.1010131835938,15345601,0.0,0.0
2021-10-19 00:00:00+05:30,732.3647735901549,732.3647735901549,716.6019556155323,725.0411376953125,11349799,0.0,0.0
2021-10-20 00:00:00+05:30,724.3621160046894,734.741337274942,719.6575447586221,723.4890747070312,12762996,0.0,0.0
2021-10-21 00:00:00+05:30,726.4476264344589,737.0692925835626,715.2924021967076,732.8497314453125,12166996,0.0,0.0
2021-10-22 00:00:00+05:30,735.7597628720237,742.8893822447653,730.7641389541915,736.5357666015625,13248928,0.0,0.0
2021-10-25 00:00:00+05:30,776.0156276682939,841.0069364855135,774.4636200950748,816.4654541015625,96124084,0.0,0.0
2021-10-26 00:00:00+05:30,803.8552761783236,816.4655313205759,797.6956160279669,804.5343017578125,16925115,0.0,0.0
2021-10-27 00:00:00+05:30,803.9036865234375,823.54658203125,799.4901094973087,809.96630859375,22898400,0.0,0.0
2021-10-28 00:00:00+05:30,805.2131540654456,807.0077256431113,772.378018047821,774.7545776367188,18750423,0.0,0.0
2021-10-29 00:00:00+05:30,774.0755831442972,784.5032930676069,760.3983314851432,778.004150390625,15701200,0.0,0.0
2021-11-01 00:00:00+05:30,783.4848296671813,785.4248688347587,769.2255299444283,779.7987670898438,11406421,0.0,0.0
2021-11-02 00:00:00+05:30,784.7457789574072,785.7157984616808,774.0755644103967,776.9371337890625,9452457,0.0,0.0
2021-11-03 00:00:00+05:30,781.8357826218131,781.8357826218131,757.0517941576773,762.3869018554688,11839149,0.0,0.0
2021-11-04 00:00:00+05:30,764.86043165069,765.3454414361375,755.6452457271877,758.6522827148438,3149310,0.0,0.0
2021-11-08 00:00:00+05:30,769.2255312127747,769.2255312127747,749.9706661249394,756.7608032226562,13967995,0.0,0.0
2021-11-09 00:00:00+05:30,760.4952123620734,764.9572779361652,755.8391310662199,762.96875,10084357,0.0,0.0
2021-11-10 00:00:00+05:30,759.0887168011323,760.7862508566225,749.9220210604275,757.4882202148438,9507347,0.0,0.0
2021-11-11 00:00:00+05:30,753.4141354289994,753.70512942942,743.131893506917,748.321533203125,9221059,0.0,0.0
2021-11-12 00:00:00+05:30,749.5340980513727,756.5182504653758,748.0790687653425,753.317138671875,15380106,0.0,0.0
2021-11-15 00:00:00+05:30,753.7051729604387,761.0288085529081,748.4185546938531,750.1160888671875,10934583,0.0,0.0
2021-11-16 00:00:00+05:30,750.1161135428322,752.4926733047377,739.1549043612118,741.1434326171875,12785837,0.0,0.0
2021-11-17 00:00:00+05:30,738.0879188061928,748.8066232762401,733.6257932349524,738.4758911132812,11657214,0.0,0.0
2021-11-18 00:00:00+05:30,741.9679932427853,744.4900204442565,733.7228268925884,740.0279541015625,20644385,0.0,0.0
2021-11-22 00:00:00+05:30,745.2660189615661,747.3515847056727,718.0569820404053,729.4547119140625,20403786,0.0,0.0
2021-11-23 00:00:00+05:30,718.7360261076268,735.2263591159697,709.2783351175478,729.3092041015625,24913042,0.0,0.0
2021-11-24 00:00:00+05:30,727.7571681382037,749.0975982602171,724.3136105732106,737.4088745117188,23186419,0.0,0.0
2021-11-25 00:00:00+05:30,732.2678140794005,732.3163032179673,722.95559046798,728.533203125,17749726,0.0,0.0
2021-11-26 00:00:00+05:30,716.844473939417,719.8030218351846,697.0560507060612,700.5481567382812,18987552,0.0,0.0
2021-11-29 00:00:00+05:30,704.9617617605244,705.9317813845499,689.1989428701102,696.8621215820312,15878074,0.0,0.0
2021-11-30 00:00:00+05:30,695.2614811417723,710.3452726237059,689.7808472490506,692.9334106445312,23965914,0.0,0.0
2021-12-01 00:00:00+05:30,694.9219705634979,710.781765183323,693.5639196261699,705.8831787109375,15214913,0.0,0.0
2021-12-02 00:00:00+05:30,702.8761220492831,705.3011708545943,693.7579740644888,700.7421264648438,21924640,0.0,0.0
2021-12-03 00:00:00+05:30,698.8990448845714,707.6292203237957,693.6609159389202,694.824951171875,20130259,0.0,0.0
2021-12-06 00:00:00+05:30,697.4440401239817,705.0101805958118,686.2888155601072,688.27734375,20129080,0.0,0.0
2021-12-07 00:00:00+05:30,695.5040093861126,718.735989183653,690.6539116916487,712.6248779296875,30513303,0.0,0.0
2021-12-08 00:00:00+05:30,725.477697267346,736.0508755990655,721.7915753481878,730.8128051757812,33432411,0.0,0.0
2021-12-09 00:00:00+05:30,736.2933133542538,740.12490234375,725.9626408696174,732.36474609375,16007459,0.0,0.0
2021-12-10 00:00:00+05:30,733.8197510248752,737.0208035306538,728.5331329140408,735.2747802734375,7627774,0.0,0.0
2021-12-13 00:00:00+05:30,740.1248899910115,746.624032582974,729.9396850828783,731.3947143554688,16855546,0.0,0.0
2021-12-14 00:00:00+05:30,728.5331505780205,741.4343983870167,723.925557845858,735.9053344726562,17488089,0.0,0.0
2021-12-15 00:00:00+05:30,734.8867854867298,736.7298463090547,728.3877018828672,729.6972045898438,7358740,0.0,0.0
2021-12-16 00:00:00+05:30,735.1778196752333,735.1778196752333,716.7959378855409,718.9299926757812,14123215,0.0,0.0
2021-12-17 00:00:00+05:30,719.754551510597,719.754551510597,704.2827268708932,706.4652709960938,13227787,0.0,0.0
2021-12-20 00:00:00+05:30,696.5710909782581,698.608167778123,677.2677353557189,688.6654663085938,16900016,0.0,0.0
2021-12-21 00:00:00+05:30,698.4140568879703,707.0957434639558,694.6795054047839,698.7535400390625,14563335,0.0,0.0
2021-12-22 00:00:00+05:30,704.4767059838692,712.9158880033236,698.4625728662525,710.830322265625,9843359,0.0,0.0
2021-12-23 00:00:00+05:30,716.8929569013119,717.3294775522406,706.1257632733157,709.3753051757812,9994049,0.0,0.0
2021-12-24 00:00:00+05:30,711.8973889628089,711.8973889628089,698.0260616918899,705.3012084960938,8800690,0.0,0.0
2021-12-27 00:00:00+05:30,702.2940925929857,716.6018797003704,694.6309151381012,713.934326171875,7955163,0.0,0.0
2021-12-28 00:00:00+05:30,718.2025432114203,720.1910715716506,710.5393646072569,713.7404174804688,17833655,0.0,0.0
2021-12-29 00:00:00+05:30,715.8744046334617,722.6160521279113,709.9573092528904,713.6433715820312,7143073,0.0,0.0
2021-12-30 00:00:00+05:30,711.3153010555776,718.2994534296456,707.1442289672,713.6433715820312,14326182,0.0,0.0
2021-12-31 00:00:00+05:30,714.4678551932623,723.8770562410723,714.4678551932623,717.9599609375,6973055,0.0,0.0
2022-01-03 00:00:00+05:30,720.772979859294,743.034939294085,720.7244907252026,741.77392578125,9653095,0.0,0.0
2022-01-04 00:00:00+05:30,744.926444637151,754.6751282184525,740.7068245281807,749.6795043945312,12114437,0.0,0.0
2022-01-05 00:00:00+05:30,749.8251068763901,771.9900297558837,748.0790835397291,764.4238891601562,19741360,0.0,0.0
2022-01-06 00:00:00+05:30,751.8135989795604,768.7404510358562,750.7950903492147,761.5137939453125,13018067,0.0,0.0
2022-01-07 00:00:00+05:30,768.4495088790554,778.2466827734125,762.6778806439341,769.468017578125,12250210,0.0,0.0
2022-01-10 00:00:00+05:30,776.2581539806891,788.431887634735,775.0456295289855,786.443359375,10905080,0.0,0.0
2022-01-11 00:00:00+05:30,785.4733332316896,790.2749418612598,777.8587034209163,786.3463745117188,9982061,0.0,0.0
2022-01-12 00:00:00+05:30,794.0580252527016,800.7026950724887,787.7044086787562,799.0536499023438,13034848,0.0,0.0
2022-01-13 00:00:00+05:30,796.3860744078269,803.1762114612432,792.8940276053314,799.9751586914062,9372244,0.0,0.0
2022-01-14 00:00:00+05:30,796.3860351562499,797.3560546875,787.2678278803825,795.416015625,7552844,0.0,0.0
2022-01-17 00:00:00+05:30,795.4160250326835,804.0492226450341,790.1294066837855,794.7369995117188,6722700,0.0,0.0
2022-01-18 00:00:00+05:30,796.38601737993,810.9363100238994,793.669974594114,798.4230346679688,10835146,0.0,0.0
2022-01-19 00:00:00+05:30,791.535894877621,796.3859922727045,779.1681465201582,784.3577270507812,16416144,0.0,0.0
2022-01-20 00:00:00+05:30,778.9256714959455,788.5773775230373,771.5535468550623,785.9583129882812,13567654,0.0,0.0
2022-01-21 00:00:00+05:30,778.9256470409367,787.0252860646632,771.6505008979641,780.3806762695312,12078277,0.0,0.0
2022-01-24 00:00:00+05:30,788.6259190532194,792.2150033426144,759.8163256674114,774.5121459960938,29612316,0.0,0.0
2022-01-25 00:00:00+05:30,765.3454997832382,780.1867885083169,762.4839299898833,777.6162719726562,19513184,0.0,0.0
2022-01-27 00:00:00+05:30,763.3083983827408,777.4706599600323,757.6337485604175,770.8260498046875,23984679,0.0,0.0
2022-01-28 00:00:00+05:30,779.6532542601936,781.6902717400607,755.1602593363119,757.7308349609375,14072314,0.0,0.0
2022-01-31 00:00:00+05:30,765.2968937941276,774.7545838873432,760.495285444206,765.1513671875,14824509,0.0,0.0
2022-02-01 00:00:00+05:30,778.0041745847009,788.4803739691243,765.6364252212842,786.0068359375,20031583,0.0,0.0
2022-02-02 00:00:00+05:30,790.56591796875,794.1550020754337,784.600274169445,789.3533935546875,11214375,0.0,0.0
2022-02-03 00:00:00+05:30,789.6443412621226,793.863961498765,781.8356963345784,784.697265625,9755335,0.0,0.0
2022-02-04 00:00:00+05:30,785.5218385784158,787.6558934806294,771.9415645528877,780.9142456054688,10314067,0.0,0.0
2022-02-07 00:00:00+05:30,774.1241179345495,780.865765891066,758.021816506368,762.8234252929688,14659368,0.0,0.0
2022-02-08 00:00:00+05:30,766.3154905301163,771.844614138292,751.086170839281,768.7405395507812,14642455,0.0,0.0
2022-02-09 00:00:00+05:30,773.348092746373,780.1382296535221,770.3895449350314,778.731689453125,8855292,0.0,0.0
2022-02-10 00:00:00+05:30,781.7872896935493,784.5518218050651,772.4265770961425,781.3507690429688,13159771,0.0,0.0
2022-02-11 00:00:00+05:30,772.9599754634849,773.493533525501,764.2783487455761,767.0913696289062,13138408,0.0,0.0
2022-02-14 00:00:00+05:30,748.8551685244854,750.7467186798237,728.6302825385546,731.1038208007812,16170656,0.0,0.0
2022-02-15 00:00:00+05:30,730.3762033282566,754.6751802603627,720.9185130872045,752.7836303710938,18880659,0.0,0.0
2022-02-16 00:00:00+05:30,752.4441841678203,754.238696670831,737.6028967480834,741.1434326171875,10549784,0.0,0.0
2022-02-17 00:00:00+05:30,743.5199649675193,744.2474796103446,723.9255587463642,727.8541259765625,16683808,0.0,0.0
2022-02-18 00:00:00+05:30,724.4590444841016,734.1107504113271,723.1980309671683,726.4476318359375,8945567,0.0,0.0
2022-02-21 00:00:00+05:30,723.8770658978235,740.0279145678118,717.8144439053794,731.8312377929688,10967164,0.0,0.0
2022-02-22 00:00:00+05:30,716.2624188030735,736.9723113395816,715.6318824491955,728.775634765625,13156371,0.0,0.0
2022-02-23 00:00:00+05:30,731.9767460218848,733.7228286173266,720.4335486276524,722.2765502929688,11624282,0.0,0.0
2022-02-24 00:00:00+05:30,691.5270023764157,705.3012334487867,681.2447590061901,686.19189453125,28023104,0.0,0.0
2022-02-25 00:00:00+05:30,703.2156439894683,717.1354000457194,698.6565405267843,708.1627197265625,16935750,0.0,0.0
2022-02-28 00:00:00+05:30,701.2756465733906,722.42206095429,693.9520108008815,720.4335327148438,20547432,0.0,0.0
2022-03-02 00:00:00+05:30,695.5040227620968,703.2156900856645,686.5313418547755,693.41845703125,25252492,0.0,0.0
2022-03-03 00:00:00+05:30,696.0859890579119,700.3056095245371,672.6600529984909,677.3646240234375,23190595,0.0,0.0
2022-03-04 00:00:00+05:30,670.2835055337035,685.3672976160152,664.4633882642357,667.4219360351562,18697223,0.0,0.0
2022-03-07 00:00:00+05:30,643.6079589843749,647.00302734375,622.8980656743049,634.1502685546875,27799873,0.0,0.0
2022-03-08 00:00:00+05:30,624.0135526120663,649.3795870363712,623.72255859375,645.06298828125,26716975,0.0,0.0
2022-03-09 00:00:00+05:30,644.7719605885366,654.2781396572502,638.2728182275325,647.4395141601562,33728639,0.0,0.0
2022-03-10 00:00:00+05:30,673.1450597932595,679.983685589009,653.4536753184026,656.315185546875,35959638,0.0,0.0
2022-03-11 00:00:00+05:30,654.4236695822449,664.1723535705743,650.4950433016918,657.5762329101562,20546724,0.0,0.0
2022-03-14 00:00:00+05:30,657.7701545845479,677.5100855917592,656.9456617476736,675.279052734375,24648981,0.0,0.0
2022-03-15 00:00:00+05:30,680.4687200830572,686.8708254851132,667.3734560472463,676.443115234375,27714580,0.0,0.0
2022-03-16 00:00:00+05:30,685.7068059466105,690.0718936820614,680.2261721077612,686.7738037109375,14621688,0.0,0.0
2022-03-17 00:00:00+05:30,696.2800142614094,703.2641667933818,694.7280066788796,698.5110473632812,18329844,0.0,0.0
2022-03-21 00:00:00+05:30,699.3841067973971,701.2271676541549,684.3488035306015,689.44140625,12866839,0.0,0.0
2022-03-22 00:00:00+05:30,687.4043552277658,699.3840725949519,678.5286529544644,696.6680297851562,11761758,0.0,0.0
2022-03-23 00:00:00+05:30,703.2641573226852,705.0101806308414,692.8364474037626,696.7650146484375,7140403,0.0,0.0
2022-03-24 00:00:00+05:30,681.3902343680235,691.3329346041988,677.0736355951617,683.0877685546875,17727969,0.0,0.0
2022-03-25 00:00:00+05:30,683.8638064534825,684.930804313348,675.7641666123579,678.2861938476562,15263007,0.0,0.0
2022-03-28 00:00:00+05:30,680.9537053887425,692.0119516370017,674.794105097614,689.0533447265625,13806166,0.0,0.0
2022-03-29 00:00:00+05:30,692.8849609072935,695.4555364272713,684.6882837719272,693.85498046875,11489374,0.0,0.0
2022-03-30 00:00:00+05:30,699.4325767058435,709.8117976134745,697.5410267638673,708.9873046875,20154520,0.0,0.0
2022-03-31 00:00:00+05:30,717.7174967447032,717.7174967447032,705.9802245354099,708.4052734375,16046383,0.0,0.0
2022-04-01 00:00:00+05:30,703.26416015625,716.1654080808163,701.4210993647575,714.1768798828125,12658848,0.0,0.0
2022-04-04 00:00:00+05:30,719.7544259482318,727.3205657546083,703.2640954345931,724.2164916992188,17192197,0.0,0.0
2022-04-05 00:00:00+05:30,724.4105221128956,732.8012141382112,715.8743626915073,719.5604248046875,12290391,0.0,0.0
2022-04-06 00:00:00+05:30,710.345345618719,722.5676281772567,710.1513298564631,719.3665161132812,13518142,0.0,0.0
2022-04-07 00:00:00+05:30,715.0013580175118,735.0807737402448,715.0013580175118,726.1080932617188,15087175,0.0,0.0
2022-04-08 00:00:00+05:30,727.369131169894,733.334775045837,721.3065090216976,731.6857299804688,15480705,0.0,0.0
2022-04-11 00:00:00+05:30,729.7456517780823,742.5014317762851,729.1151746316407,736.8267822265625,13216391,0.0,0.0
2022-04-12 00:00:00+05:30,734.3047916894062,745.8480478960997,727.757159795214,740.9494018554688,14020000,0.0,0.0
2022-04-13 00:00:00+05:30,746.5270198926197,749.3885893981088,737.8938814451427,739.3973999023438,16119956,0.0,0.0
2022-04-18 00:00:00+05:30,728.4846288940821,740.0278843789141,726.7386056725445,735.0807495117188,17651530,0.0,0.0
2022-04-19 00:00:00+05:30,738.9608400036045,754.5781894079806,734.3047582651742,743.325927734375,31088359,0.0,0.0
2022-04-20 00:00:00+05:30,743.8109742610528,746.9150486419223,731.2007201930724,732.8982543945312,15984202,0.0,0.0
2022-04-21 00:00:00+05:30,736.2933320721821,741.288956467235,728.6787022404092,739.494384765625,8953098,0.0,0.0
2022-04-22 00:00:00+05:30,734.3048279202951,736.099340475498,723.5376341784837,725.2351684570312,14411607,0.0,0.0
2022-04-25 00:00:00+05:30,725.2351047451931,739.3488766658785,721.6945098788588,729.648681640625,35417460,0.0,0.0
2022-04-26 00:00:00+05:30,744.9750621890548,745.508561134719,729.1152652112901,731.1522827148438,18727514,0.0,0.0
2022-04-27 00:00:00+05:30,726.544569706298,727.5145891585095,710.5877378763637,714.6133422851562,21441480,0.0,0.0
2022-04-28 00:00:00+05:30,716.9414777965625,729.3577763026325,712.6249378497746,724.7501831054688,18649559,0.0,0.0
2022-04-29 00:00:00+05:30,727.6116238754458,737.1663517442317,717.9114286007149,721.0155029296875,19560317,0.0,0.0
2022-05-02 00:00:00+05:30,710.0543089337676,721.5005277558487,709.1812676586985,718.7844848632812,10903446,0.0,0.0
2022-05-04 00:00:00+05:30,723.8285609058236,724.6045646627977,699.5295843334909,702.53662109375,12212165,0.0,0.0
2022-05-05 00:00:00+05:30,708.890234300298,720.7244839669235,704.7191623175906,706.9501953125,9121547,0.0,0.0
2022-05-06 00:00:00+05:30,694.7764649455813,701.3240965523983,689.004837095551,697.6865234375,12455025,0.0,0.0
2022-05-09 00:00:00+05:30,684.1547579747249,698.4140568089666,683.3302650619983,689.0533447265625,13055889,0.0,0.0
2022-05-10 00:00:00+05:30,683.8637425509091,698.4140349456094,683.8637425509091,689.974853515625,12797419,0.0,0.0
2022-05-11 00:00:00+05:30,696.474087619717,698.2201110958097,685.9493984178897,692.7880249023438,13516852,0.0,0.0
2022-05-12 00:00:00+05:30,686.3372425742325,689.3928274907596,672.5144655614166,674.9395141601562,16685166,0.0,0.0
2022-05-13 00:00:00+05:30,681.3417619266664,681.3417619266664,654.7632023278333,657.042724609375,15717043,0.0,0.0
2022-05-16 00:00:00+05:30,656.4122044490664,670.2349822600079,655.4906740872786,662.5233154296875,9025623,0.0,0.0
2022-05-17 00:00:00+05:30,665.530435689098,690.6539674570863,664.6089644169829,688.7139282226562,12765052,0.0,0.0
2022-05-18 00:00:00+05:30,690.9934083360105,695.5040229620245,684.9307860995912,686.143310546875,11835013,0.0,0.0
2022-05-19 00:00:00+05:30,672.3205351215821,677.7526801950419,665.0453884024539,669.6044921875,16661023,0.0,0.0
2022-05-20 00:00:00+05:30,673.9695557224218,690.5569251623157,672.9025579245164,688.27734375,11695528,0.0,0.0
2022-05-23 00:00:00+05:30,688.2773315746425,704.1856752229598,686.2403142854777,689.7323608398438,17438451,0.0,0.0
2022-05-24 00:00:00+05:30,689.732393749025,695.8435051133911,684.8822959669416,686.9193725585938,13779981,0.0,0.0
2022-05-25 00:00:00+05:30,690.702426335335,699.2385867517748,690.2659056856536,691.9634399414062,10457589,0.0,0.0
2022-05-26 00:00:00+05:30,701.3240726342656,711.0242672765099,694.000437520429,706.6591796875,14028733,0.0,0.0
2022-05-27 00:00:00+05:30,711.5578004198139,718.9784733607349,709.3267673856765,717.6204223632812,8110620,0.0,0.0
2022-05-30 00:00:00+05:30,726.3021362345459,729.4062106277925,721.9855374068509,726.0596313476562,7628515,0.0,0.0
2022-05-31 00:00:00+05:30,718.7844671298695,734.0137854944626,718.2994573679736,730.2791748046875,20272212,0.0,0.0
2022-06-01 00:00:00+05:30,725.574590691841,732.9467152573952,721.8885284090638,730.085205078125,10102092,0.0,0.0
2022-06-02 00:00:00+05:30,728.5331693324507,729.2121948567817,720.9185395664465,727.2721557617188,10949759,0.0,0.0
2022-06-03 00:00:00+05:30,733.4803017861097,734.304794716289,718.9784977640621,721.9855346679688,8563791,0.0,0.0
2022-06-06 00:00:00+05:30,718.0084446723899,728.4361542818696,717.4263974500811,724.362060546875,9107831,0.0,0.0
2022-06-07 00:00:00+05:30,718.7843988412742,720.6759485740193,710.3937070755195,713.206787109375,9938912,0.0,0.0
2022-06-08 00:00:00+05:30,714.5163876883088,718.7844974551812,704.6707246296103,707.6292724609375,9369224,0.0,0.0
2022-06-09 00:00:00+05:30,703.2642084679397,712.0913631265906,700.4996762960814,710.7818603515625,7444368,0.0,0.0
2022-06-10 00:00:00+05:30,703.0215938356188,706.4651510295613,696.4739625718859,698.4140014648438,7990818,0.0,0.0
2022-06-13 00:00:00+05:30,681.19625319991,681.2447423380745,661.6503348905528,667.3734741210938,16622521,0.0,0.0
2022-06-14 00:00:00+05:30,661.9413882626029,673.8241281748404,660.243853989426,664.9484252929688,13348598,0.0,0.0
2022-06-15 00:00:00+05:30,666.8884399458468,675.4730892724864,665.530388895112,666.6459350585938,9199591,0.0,0.0
2022-06-16 00:00:00+05:30,679.0136844688421,679.0621736052452,656.0242093107667,658.1582641601562,13237239,0.0,0.0
2022-06-17 00:00:00+05:30,651.1255929345484,671.8840340301465,649.8645794187131,666.2578735351562,16335613,0.0,0.0
2022-06-20 00:00:00+05:30,665.4334378688459,667.1794612875005,657.2852496413942,665.3849487304688,10981042,0.0,0.0
2022-06-21 00:00:00+05:30,669.8469335645228,686.773785167115,667.9553837558436,675.2305297851562,13319648,0.0,0.0
2022-06-22 00:00:00+05:30,673.4360538929959,677.9466683573997,664.5603515747664,666.015380859375,6838249,0.0,0.0
2022-06-23 00:00:00+05:30,669.5075219542216,684.8338193855298,666.4034474757209,678.189208984375,14960412,0.0,0.0
2022-06-24 00:00:00+05:30,689.5868869182846,693.8064480653665,685.3672665659108,692.0604248046875,10856736,0.0,0.0
2022-06-27 00:00:00+05:30,706.9986687565013,706.9986687565013,694.6309204837532,695.8434448242188,8285225,0.0,0.0
2022-06-28 00:00:00+05:30,689.7323974837518,695.7950197441837,685.8038301000511,689.0048828125,8339931,0.0,0.0
2022-06-29 00:00:00+05:30,683.8153293767314,685.5128636780115,679.9352509738054,681.6812744140625,9570557,0.0,0.0
2022-06-30 00:00:00+05:30,681.6812041152125,690.5569062287119,680.1776857301896,685.997802734375,11970404,0.0,0.0
2022-07-01 00:00:00+05:30,682.3602933077206,685.5613461177948,673.2905746063301,682.7968139648438,9884899,0.0,0.0
2022-07-04 00:00:00+05:30,683.7182493721101,699.4810669036859,683.7182493721101,698.5110473632812,8303732,0.0,0.0
2022-07-05 00:00:00+05:30,701.3726621231307,710.1998760337988,696.5710532471181,697.880615234375,11460367,0.0,0.0
2022-07-06 00:00:00+05:30,701.3241603619987,709.9573583556275,700.3541407764358,704.1857299804688,12163533,0.0,0.0
2022-07-07 00:00:00+05:30,713.8859706169943,721.6946169295401,711.0244008190227,719.7545776367188,10374018,0.0,0.0
2022-07-08 00:00:00+05:30,728.7756526421427,734.7897854998337,722.2280208901641,733.0437622070312,9797700,0.0,0.0
2022-07-11 00:00:00+05:30,732.3647101627223,748.4185207762245,732.3647101627223,746.4299926757812,12440573,0.0,0.0
2022-07-12 00:00:00+05:30,742.4044179205171,744.4414944411,734.9838040959955,737.1178588867188,10219829,0.0,0.0
2022-07-13 00:00:00+05:30,741.8224269796456,741.8224269796456,727.4176608080226,730.6187133789062,8674121,0.0,0.0
2022-07-14 00:00:00+05:30,727.5146418662545,736.7298273298937,726.3506065982099,729.8427124023438,7044542,0.0,0.0
2022-07-15 00:00:00+05:30,730.6671780080716,736.2447900539347,721.8885134986842,728.6786499023438,6358018,0.0,0.0
2022-07-18 00:00:00+05:30,736.4873531124134,749.9706487184862,735.129302042271,748.8551025390625,8045363,0.0,0.0
2022-07-19 00:00:00+05:30,744.7810017811212,758.555291290108,744.1505245941465,757.2457885742188,12825591,0.0,0.0
2022-07-20 00:00:00+05:30,765.8304019544345,765.8788910888006,756.9062106352496,759.6222534179688,8152179,0.0,0.0
2022-07-21 00:00:00+05:30,761.3683659501904,765.2969332735929,756.712224761408,762.4353637695312,8312338,0.0,0.0
2022-07-22 00:00:00+05:30,765.4424217781757,779.7987588304273,765.4424217781757,776.0641479492188,12267898,0.0,0.0
2022-07-25 00:00:00+05:30,778.9256892232296,793.281966548427,773.2025502653746,776.888671875,21034148,0.0,0.0
2022-07-26 00:00:00+05:30,777.5676051652617,778.7316404027981,767.9159585336972,772.426513671875,7374145,0.0,0.0
2022-07-27 00:00:00+05:30,771.165563713231,779.7017241497522,770.8260805434004,776.5006713867188,9536564,0.0,0.0
2022-07-28 00:00:00+05:30,782.7573032983998,791.0509587749691,781.1567473269146,790.1779174804688,11124518,0.0,0.0
2022-07-29 00:00:00+05:30,796.0465708488148,798.7141246229065,783.7757998058745,794.0579833984375,11095993,0.0,0.0
2022-08-01 00:00:00+05:30,796.0949858992641,800.2660577531622,792.7968960397413,798.7140502929688,7974903,0.0,0.0
2022-08-02 00:00:00+05:30,795.4160033843817,797.3560424170265,787.8498629981253,793.2334594726562,11106772,0.0,0.0
2022-08-03 00:00:00+05:30,793.2335173070709,803.176218074295,787.2193840263247,800.0721435546875,11073975,0.0,0.0
2022-08-04 00:00:00+05:30,799.2961428013563,805.0677712075469,784.1153125235562,795.6585693359375,11113742,0.0,0.0
2022-08-05 00:00:00+05:30,798.4231031950561,815.6894993120746,798.4231031950561,813.0704345703125,16056522,0.0,0.0
2022-08-08 00:00:00+05:30,816.3882174189047,821.9505207188839,811.069933828099,816.7297973632812,12142951,5.0,0.0
2022-08-10 00:00:00+05:30,821.8041659557855,832.3920123947211,821.8041659557855,828.2446899414062,23658553,0.0,0.0
2022-08-11 00:00:00+05:30,839.2716961670366,845.5658799495219,837.3687950848084,838.93017578125,22787391,0.0,0.0
2022-08-12 00:00:00+05:30,843.0775387772877,856.0562074685697,837.7591953397174,853.2750854492188,10792853,0.0,0.0
2022-08-16 00:00:00+05:30,860.1547348322915,863.1310368403135,855.2267515651621,858.0078735351562,13804836,0.0,0.0
2022-08-17 00:00:00+05:30,860.4962130919745,864.106835156637,857.1783908503086,861.9111938476562,9058040,0.0,0.0
2022-08-18 00:00:00+05:30,859.276428878953,866.2049328790207,853.909305576073,863.7164916992188,13137856,0.0,0.0
2022-08-19 00:00:00+05:30,863.6189534069804,865.4730744193198,843.4190405507679,849.3717041015625,10787199,0.0,0.0
2022-08-22 00:00:00+05:30,844.6387624066966,846.4441031311904,829.0740939751595,831.6600952148438,13848023,0.0,0.0
2022-08-23 00:00:00+05:30,824.9267964243761,847.0296090090403,822.4384148998874,843.0286865234375,13254855,0.0,0.0
2022-08-24 00:00:00+05:30,836.3441890909899,854.202060474313,836.3441890909899,852.2015991210938,10494109,0.0,0.0
2022-08-25 00:00:00+05:30,852.2015966285933,860.1547214600488,845.7610723978989,851.2745361328125,9827829,0.0,0.0
2022-08-26 00:00:00+05:30,853.0310514850003,856.3000935449566,846.3465078959074,849.8107299804688,5976725,0.0,0.0
2022-08-29 00:00:00+05:30,829.5132931497114,840.198759670883,826.53699122095,835.1731567382812,7755134,0.0,0.0
2022-08-30 00:00:00+05:30,839.7108264248318,869.2300042276803,838.3446257766652,865.8633422851562,12544701,0.0,0.0
2022-09-01 00:00:00+05:30,842.1504294135921,864.302022725116,842.1504294135921,853.2261962890625,15877583,0.0,0.0
2022-09-02 00:00:00+05:30,852.9822456312818,860.0083098715986,846.053801187429,851.3233642578125,8401284,0.0,0.0
2022-09-05 00:00:00+05:30,850.4938677754845,864.4972162001684,850.4938677754845,861.1305541992188,8744999,0.0,0.0
2022-09-06 00:00:00+05:30,861.1793341866904,868.4493586083719,856.8856116990898,862.3015747070312,9879326,0.0,0.0
2022-09-07 00:00:00+05:30,857.324756787144,861.3257390281522,851.4209330033636,855.0315551757812,8814960,0.0,0.0
2022-09-08 00:00:00+05:30,864.1068423208869,879.0371914336259,864.1068423208869,877.0855102539062,12163106,0.0,0.0
2022-09-09 00:00:00+05:30,888.1613233024965,889.9178244256609,876.0120962296875,879.476318359375,9936230,0.0,0.0
2022-09-12 00:00:00+05:30,883.184450795855,886.9414725345509,880.9888096256512,885.2825317382812,6016978,0.0,0.0
2022-09-13 00:00:00+05:30,891.8695359284446,891.8695359284446,883.4284908418431,888.0149536132812,10400475,0.0,0.0
2022-09-14 00:00:00+05:30,876.5488379819374,899.9690128904444,876.3536579455829,895.9192504882812,14712947,0.0,0.0
2022-09-15 00:00:00+05:30,897.7733155832948,914.0210847384641,893.6259932015241,895.4312744140625,16253099,0.0,0.0
2022-09-16 00:00:00+05:30,892.7965807927752,895.4313027407838,883.330915145174,887.1366577148438,11966860,0.0,0.0
2022-09-19 00:00:00+05:30,883.0869132125273,890.4544974160177,873.71880824309,877.475830078125,11235656,0.0,0.0
2022-09-20 00:00:00+05:30,887.2342830774511,900.2129511108898,885.4289422358922,894.6018676757812,12090663,0.0,0.0
2022-09-21 00:00:00+05:30,889.9665797425566,894.8457824823732,883.7700160872216,893.1380615234375,8917640,0.0,0.0
2022-09-22 00:00:00+05:30,884.1115635336504,889.6738667395215,873.6700574385206,881.5744018554688,11125669,0.0,0.0
2022-09-23 00:00:00+05:30,879.9154752286213,883.0381770404971,857.5199216916697,860.9353637695312,15927517,0.0,0.0
2022-09-26 00:00:00+05:30,848.981282433677,856.6904466386289,838.4422163569614,840.2474975585938,14208640,0.0,0.0
2022-09-27 00:00:00+05:30,844.0532660442398,853.7140514142088,828.0982378747345,831.9528198242188,12493809,0.0,0.0
2022-09-28 00:00:00+05:30,823.6094393761035,842.394370309741,823.6094393761035,828.9765625,11411458,0.0,0.0
2022-09-29 00:00:00+05:30,837.271230419244,840.78423273663,820.7795005412984,823.5119018554688,13803629,0.0,0.0
2022-09-30 00:00:00+05:30,823.5119300342992,846.1026048427556,817.2665261890385,841.1746215820312,13175031,0.0,0.0
2022-10-03 00:00:00+05:30,838.9301969435782,840.1499977244196,825.2684281981548,827.8543701171875,8232026,0.0,0.0
2022-10-04 00:00:00+05:30,844.1021089680631,851.5673132935744,839.3204662606582,846.6881103515625,8975095,0.0,0.0
2022-10-06 00:00:00+05:30,851.9576577243595,870.1571094607641,851.9576577243595,864.05810546875,12116698,0.0,0.0
2022-10-07 00:00:00+05:30,856.0073044567253,863.1309282440803,851.7135824026761,861.22802734375,9705750,0.0,0.0
2022-10-10 00:00:00+05:30,850.9329425237454,868.3028920530546,849.664361746319,860.4473876953125,7357588,0.0,0.0
2022-10-11 00:00:00+05:30,861.911241360188,861.911241360188,844.5412899593006,849.5668334960938,11130051,0.0,0.0
2022-10-12 00:00:00+05:30,846.9808542844545,850.6402565068132,840.6866705498809,847.3711547851562,14557532,0.0,0.0
2022-10-13 00:00:00+05:30,841.5161445864678,844.541286279882,829.9524569296713,832.9775390625,11563124,0.0,0.0
2022-10-14 00:00:00+05:30,862.4479089579862,862.4479089579862,847.566339832314,849.2252807617188,8199540,0.0,0.0
2022-10-17 00:00:00+05:30,850.9329794415917,866.0585083192806,847.5663175534736,863.8140869140625,8936947,0.0,0.0
2022-10-18 00:00:00+05:30,874.4019450781407,878.9396276267804,869.62036194361,875.2314453125,8097552,0.0,0.0
2022-10-19 00:00:00+05:30,878.3053078550508,878.8908479432257,864.1556193526078,870.54736328125,5529462,0.0,0.0
2022-10-20 00:00:00+05:30,868.2054068661961,871.7184092551068,858.8373012281268,867.1807861328125,8107159,0.0,0.0
2022-10-21 00:00:00+05:30,866.546454336231,888.0149475742908,864.3020328643687,885.2338256835938,17022807,0.0,0.0
2022-10-24 00:00:00+05:30,902.6525007513261,910.9471453528248,895.4312569210836,903.9210815429688,4390050,0.0,0.0
2022-10-25 00:00:00+05:30,919.2906455454911,920.4616662033744,900.6521134996117,902.7013549804688,15838120,0.0,0.0
2022-10-27 00:00:00+05:30,903.6772400401293,911.1424449857235,898.0173760693862,902.067138671875,16080842,0.0,0.0
2022-10-28 00:00:00+05:30,895.8216143723628,905.0920994884167,879.232325217319,885.9168090820312,9854094,0.0,0.0
2022-10-31 00:00:00+05:30,890.5520803773597,894.8945828260715,882.7453558171879,886.746337890625,9000840,0.0,0.0
2022-11-01 00:00:00+05:30,898.7491899037128,898.7491899037128,877.8173971843925,886.6487426757812,9823761,0.0,0.0
2022-11-02 00:00:00+05:30,898.3588476426912,898.5052475593865,880.549756393211,882.843017578125,7690974,0.0,0.0
2022-11-03 00:00:00+05:30,879.2811466233138,891.7718941909748,875.3777842858833,886.6975708007812,9022366,0.0,0.0
2022-11-04 00:00:00+05:30,884.404307378681,891.3328112458532,878.4517036538972,883.428466796875,7099336,0.0,0.0
2022-11-07 00:00:00+05:30,888.258956518355,897.8709631491665,881.6232519741969,895.3338012695312,11100219,0.0,0.0
2022-11-09 00:00:00+05:30,897.7733543768877,899.62747534603,883.8676257900718,888.5028686523438,11590409,0.0,0.0
2022-11-10 00:00:00+05:30,885.624137323697,890.8937004635314,882.1111349375303,888.6980590820312,10009741,0.0,0.0
2022-11-11 00:00:00+05:30,903.5308674465132,905.5801089550436,881.6720134061227,884.6483154296875,17921457,0.0,0.0
2022-11-14 00:00:00+05:30,883.135738311916,884.6482793217701,869.7179301331439,873.3285522460938,12641308,0.0,0.0
2022-11-15 00:00:00+05:30,878.7931823299733,891.5767290813355,877.0854613928531,889.673828125,15176911,0.0,0.0
2022-11-16 00:00:00+05:30,890.5033333770526,895.9192368299623,886.1608307668516,891.5279541015625,13008311,0.0,0.0
2022-11-17 00:00:00+05:30,890.942481763275,900.0177875733908,888.3564803085126,897.5781860351562,12584194,0.0,0.0
2022-11-18 00:00:00+05:30,897.5781067500195,899.7249678261456,888.5515818558852,898.1148071289062,10874061,0.0,0.0
2022-11-21 00:00:00+05:30,891.9671229788867,902.4574098341772,891.9671229788867,899.1395874023438,9245704,0.0,0.0
2022-11-22 00:00:00+05:30,901.4327522857458,904.1163139298982,898.1637101071026,901.3839721679688,11256509,0.0,0.0
2022-11-23 00:00:00+05:30,904.6042558044601,909.3370589927953,901.3839936667877,905.0433959960938,10959704,0.0,0.0
2022-11-24 00:00:00+05:30,905.1409210367791,917.9244684130731,905.1409210367791,916.1679077148438,10844395,0.0,0.0
2022-11-25 00:00:00+05:30,917.582868510347,920.1200897078235,905.0921212292191,907.824462890625,9815055,0.0,0.0
2022-11-28 00:00:00+05:30,901.6767631860741,920.9983961993727,901.6279830655516,914.7530517578125,9381474,0.0,0.0
2022-11-29 00:00:00+05:30,910.9959675424216,926.9509968667758,910.9959675424216,923.8770751953125,13096845,0.0,0.0
2022-11-30 00:00:00+05:30,925.1456773495776,935.0504833540824,918.2660129689936,929.8785400390625,20858573,0.0,0.0
2022-12-01 00:00:00+05:30,932.9035591960835,933.8793997391756,913.6307084700137,917.4852905273438,15920653,0.0,0.0
2022-12-02 00:00:00+05:30,905.824046924139,911.9230507412958,903.7259657868033,908.1172485351562,14228874,0.0,0.0
2022-12-05 00:00:00+05:30,914.3626818126604,914.3626818126604,905.9704761133208,911.0447998046875,10984608,0.0,0.0
2022-12-06 00:00:00+05:30,902.6525154501334,907.2877580970394,897.9684926874812,900.3593139648438,18220912,0.0,0.0
2022-12-07 00:00:00+05:30,899.7250600423364,910.6544870005209,898.4076990172678,899.8714599609375,15675663,0.0,0.0
2022-12-08 00:00:00+05:30,902.6524798192328,910.995904342203,901.4814592846488,909.3858032226562,10136870,0.0,0.0
2022-12-09 00:00:00+05:30,909.4834455516406,912.215787338606,902.7013414221591,907.4342041015625,9575331,0.0,0.0
2022-12-12 00:00:00+05:30,902.7012999402709,911.3375246500736,902.7012999402709,907.824462890625,8493863,0.0,0.0
2022-12-13 00:00:00+05:30,907.0438603945855,913.2892642150814,905.3849194209615,910.4105224609375,10415140,0.0,0.0
2022-12-14 00:00:00+05:30,913.3867457663752,913.4355258812766,897.7732971207961,899.4810180664062,12319827,0.0,0.0
2022-12-15 00:00:00+05:30,893.8699358801766,897.6757378156889,883.1356899252837,886.8438720703125,8929748,0.0,0.0
2022-12-16 00:00:00+05:30,883.6236941724553,891.6255992841462,877.9150502872375,880.208251953125,9157260,0.0,0.0
2022-12-19 00:00:00+05:30,886.0632612266272,888.6004229521618,879.3787769678182,884.5507202148438,7015083,0.0,0.0
2022-12-20 00:00:00+05:30,884.1116067771366,890.4057907242563,874.0604602457607,887.7222290039062,6384331,0.0,0.0
2022-12-21 00:00:00+05:30,888.2589176484736,893.7236012549803,865.5706234047746,870.6937866210938,11341147,0.0,0.0
2022-12-22 00:00:00+05:30,878.7444522871822,882.0134944431401,864.9362840988583,869.1324462890625,9788367,0.0,0.0
2022-12-23 00:00:00+05:30,861.7160848477346,868.1566689546379,854.1533197156482,857.6663818359375,11059215,0.0,0.0
2022-12-26 00:00:00+05:30,859.8131424263865,875.3290320358716,854.1044986503864,871.620849609375,6943159,0.0,0.0
2022-12-27 00:00:00+05:30,876.0120665940304,880.9400494197373,866.7415814436704,878.8908081054688,4994381,0.0,0.0
2022-12-28 00:00:00+05:30,874.353191864668,882.111136673352,874.1580118293671,877.23193359375,8980300,0.0,0.0
2022-12-29 00:00:00+05:30,876.207314018528,901.0424100780956,867.8638290929013,886.112060546875,11994220,0.0,0.0
2022-12-30 00:00:00+05:30,886.5511238731773,886.5511238731773,867.0830933355579,869.3275146484375,9688527,0.0,0.0
2023-01-02 00:00:00+05:30,872.4014740958874,885.0874015715547,872.4014740958874,880.6473388671875,4315403,0.0,0.0
2023-01-03 00:00:00+05:30,876.7927916486487,884.0628161348139,875.0850705742079,879.5739135742188,5846855,0.0,0.0
2023-01-04 00:00:00+05:30,877.2807356586387,885.9657411818296,873.1821930571263,877.3782958984375,12454582,0.0,0.0
2023-01-05 00:00:00+05:30,879.1348111478047,881.184052562088,850.9329942792257,857.9102783203125,16547196,0.0,0.0
2023-01-06 00:00:00+05:30,857.7150822158359,857.7150822158359,839.7108117598847,849.078857421875,14804613,0.0,0.0
2023-01-09 00:00:00+05:30,853.1285854792023,857.5198678751491,841.4672792045169,852.2503051757812,16811853,0.0,0.0
2023-01-10 00:00:00+05:30,854.2508913830072,857.1784132046618,835.9050403188388,840.540283203125,13470142,0.0,0.0
2023-01-11 00:00:00+05:30,842.0528443311998,849.810729146555,834.1972801627661,845.3706665039062,15558460,0.0,0.0
2023-01-12 00:00:00+05:30,844.5900418696975,848.3470043668949,834.294935420491,839.8572387695312,16659001,0.0,0.0
2023-01-13 00:00:00+05:30,843.8094168254664,853.7630033069328,837.5640128792874,852.3480224609375,11223103,0.0,0.0
2023-01-16 00:00:00+05:30,856.05621828147,856.2513983254271,840.2475876903445,844.3461303710938,8319812,0.0,0.0
2023-01-17 00:00:00+05:30,846.0050363579256,846.9808769766993,837.3688111454281,844.24853515625,12624859,0.0,0.0
2023-01-18 00:00:00+05:30,843.5653643668032,850.9329485111774,837.905501162675,848.4933471679688,11313898,0.0,0.0
2023-01-19 00:00:00+05:30,847.029646532359,849.5180281670827,841.1746028927344,845.224365234375,6694679,0.0,0.0
2023-01-20 00:00:00+05:30,852.3967365563113,855.3242582617137,844.6387921248788,849.3228149414062,8127162,0.0,0.0
2023-01-23 00:00:00+05:30,860.6914050079915,861.9599858696962,843.7117548264578,850.6402587890625,16882379,0.0,0.0
2023-01-24 00:00:00+05:30,857.7638806877826,860.3986621992815,847.0296341717808,849.7131958007812,11504090,0.0,0.0
2023-01-25 00:00:00+05:30,852.2015435388557,855.616985476424,827.512789445121,834.6364135742188,14918485,0.0,0.0
2023-01-27 00:00:00+05:30,818.876621159135,822.6335834514962,793.4559271893047,797.4569091796875,39718683,0.0,0.0
2023-01-30 00:00:00+05:30,780.6724821645415,806.2882979855656,776.7691197537189,803.604736328125,36301441,0.0,0.0
2023-01-31 00:00:00+05:30,806.0443354842496,818.0471629504093,794.4318085216838,811.8018188476562,27291226,0.0,0.0
2023-02-01 00:00:00+05:30,823.0727675844201,854.0557066947356,803.2632152779729,827.4640502929688,39237711,0.0,0.0
2023-02-02 00:00:00+05:30,808.3863483354639,839.8083668980825,806.1418673862072,837.1736450195312,16798190,0.0,0.0
2023-02-03 00:00:00+05:30,843.760591547997,851.5673162826182,831.5137444720939,842.9310913085938,14914366,0.0,0.0
2023-02-06 00:00:00+05:30,840.6866790648273,846.8344629485416,829.1229917492834,833.0751342773438,8463833,0.0,0.0
2023-02-07 00:00:00+05:30,834.343773834309,835.3196145054602,826.7322285114469,832.1481323242188,9337066,0.0,0.0
2023-02-08 00:00:00+05:30,831.9040805956793,839.9059851305341,831.3186000816627,838.3446044921875,8082983,0.0,0.0
2023-02-09 00:00:00+05:30,837.7591795408565,844.0045833872938,831.0258553801846,840.0036010742188,6299265,0.0,0.0
2023-02-10 00:00:00+05:30,834.8803764054466,841.076999677084,831.4161543411412,833.221435546875,8656405,0.0,0.0
2023-02-13 00:00:00+05:30,832.7823775217515,838.5398012262449,828.830175511351,830.0988159179688,9394365,0.0,0.0
2023-02-14 00:00:00+05:30,833.2702896230664,846.3465175729854,831.5137289421172,844.3948364257812,13402934,0.0,0.0
2023-02-15 00:00:00+05:30,845.4683000864001,852.1527842173793,839.8083770889955,849.761962890625,12070288,0.0,0.0
2023-02-16 00:00:00+05:30,854.787605159296,856.5928864866202,843.9557385135968,848.4446411132812,10715685,0.0,0.0
2023-02-17 00:00:00+05:30,846.5904820244143,846.5904820244143,834.4900945865224,841.8088989257812,9990618,0.0,0.0
2023-02-20 00:00:00+05:30,841.8088986592531,845.6146411781135,829.7084516646102,831.5137329101562,9013430,0.0,0.0
2023-02-21 00:00:00+05:30,833.7582903972411,838.6862738575413,826.3906457068396,833.5631103515625,11704445,0.0,0.0
2023-02-22 00:00:00+05:30,830.6842687366475,833.4653904817538,814.5828996510032,818.9741821289062,13880984,0.0,0.0
2023-02-23 00:00:00+05:30,816.339395513742,824.0485596388099,813.4118738805132,819.4620971679688,11743574,0.0,0.0
2023-02-24 00:00:00+05:30,823.5607138018664,825.1708151093187,815.3636286637227,819.4133911132812,8246139,0.0,0.0
2023-02-27 00:00:00+05:30,813.4118474165347,837.5639001048967,813.4118474165347,835.7098388671875,14422574,0.0,0.0
2023-02-28 00:00:00+05:30,834.2461663394178,837.2712484244097,829.4645234973756,834.1973266601562,19600146,0.0,0.0
2023-03-01 00:00:00+05:30,843.1262893169088,843.1262893169088,831.269802049156,835.6123046875,11015843,0.0,0.0
2023-03-02 00:00:00+05:30,832.3920183025423,841.0281836482711,830.5378973683739,833.3678588867188,12327141,0.0,0.0
2023-03-03 00:00:00+05:30,836.0514379926584,851.9088478174389,829.3181139966719,847.5663452148438,12823098,0.0,0.0
2023-03-06 00:00:00+05:30,850.6890067647562,855.6657697882442,844.443603366914,846.78564453125,13904231,0.0,0.0
2023-03-08 00:00:00+05:30,845.7122948969003,852.5431792187243,840.686691893039,851.0305786132812,16144568,0.0,0.0
2023-03-09 00:00:00+05:30,846.2489584201631,848.7861200905347,833.5142508305153,835.270751953125,10624440,0.0,0.0
2023-03-10 00:00:00+05:30,824.292636780852,824.9268974884017,816.0467710979982,822.2921752929688,17273189,0.0,0.0
2023-03-13 00:00:00+05:30,821.1211220704034,834.6364911699224,804.0439107949028,808.3864135742188,16413159,0.0,0.0
2023-03-14 00:00:00+05:30,807.0202033098866,814.2902279362222,798.4815977730528,810.2892456054688,15456802,0.0,0.0
2023-03-15 00:00:00+05:30,816.2418837869195,823.5606883048955,802.3361552027651,805.94677734375,12914488,0.0,0.0
2023-03-16 00:00:00+05:30,809.6549809174596,811.2163020979362,790.7236489111071,803.9951171875,14987868,0.0,0.0
2023-03-17 00:00:00+05:30,811.7041893648593,818.1447729834259,798.8719213661859,816.0466918945312,11104490,0.0,0.0
2023-03-20 00:00:00+05:30,816.7785827424584,817.5592433108602,805.0684955346812,816.2418823242188,14838651,0.0,0.0
2023-03-21 00:00:00+05:30,822.6335934511657,833.8557599098707,818.7790113206246,831.8065185546875,18755854,0.0,0.0
2023-03-22 00:00:00+05:30,836.9297092178792,841.7112923918411,830.4403454439372,839.4180908203125,17431520,0.0,0.0
2023-03-23 00:00:00+05:30,836.2953779024698,846.4929238858591,832.1968355502246,834.7828369140625,17920621,0.0,0.0
2023-03-24 00:00:00+05:30,831.9040787866177,839.2228829988167,828.6350367294012,831.8065185546875,17295696,0.0,0.0
2023-03-27 00:00:00+05:30,834.2948650706796,835.7098457377868,823.6581795709955,828.1958618164062,17047675,0.0,0.0
2023-03-28 00:00:00+05:30,834.8803919931624,838.1494936556207,827.7079875914543,834.0997314453125,24469018,0.0,0.0
2023-03-29 00:00:00+05:30,836.344192498566,841.2721757235752,827.5128467887045,830.4403686523438,34881515,0.0,0.0
2023-03-31 00:00:00+05:30,841.1257433494965,859.7154932378126,837.7590816624995,856.0560913085938,25739021,0.0,0.0
2023-04-03 00:00:00+05:30,858.9348737808818,865.6681379160334,847.8590476761958,862.4478759765625,26416933,0.0,0.0
2023-04-05 00:00:00+05:30,865.1802578730985,866.3024983947739,852.8846900557955,863.2285766601562,21068934,0.0,0.0
2023-04-06 00:00:00+05:30,860.6914189453125,868.5957040705766,851.6161131746726,853.8605346679688,26042745,0.0,0.0
2023-04-10 00:00:00+05:30,858.7884767219354,861.4720382738286,843.5166076266008,847.46875,30906205,0.0,0.0
2023-04-11 00:00:00+05:30,852.5919670233527,864.2044347387856,844.1021416632927,860.5938720703125,39504022,0.0,0.0
2023-04-12 00:00:00+05:30,862.1063873379366,870.4498125302297,859.0324656331312,868.64453125,22686032,0.0,0.0
2023-04-13 00:00:00+05:30,869.5715361080806,879.8667021016108,865.0826931657463,877.2807006835938,34439635,0.0,0.0
2023-04-17 00:00:00+05:30,895.1385344204618,895.1385344204618,871.5720206158405,879.5250854492188,29957514,0.0,0.0
2023-04-18 00:00:00+05:30,886.0144835702572,886.0144835702572,872.4990555408676,875.1826171875,26699379,0.0,0.0
2023-04-19 00:00:00+05:30,874.2555961921902,875.2314367685581,865.8145513823755,870.3522338867188,24377956,0.0,0.0
2023-04-20 00:00:00+05:30,870.6937889701342,877.573453395635,867.717487005693,872.7918701171875,16999919,0.0,0.0
2023-04-21 00:00:00+05:30,872.9381803026192,878.9396237033103,861.0817529732831,864.2532348632812,29578071,0.0,0.0
2023-04-24 00:00:00+05:30,883.135744818471,884.5995057214851,873.3773387983774,882.8917846679688,30881665,0.0,0.0
2023-04-25 00:00:00+05:30,884.4042472519276,893.8699121640335,881.2815456903305,891.3815307617188,41383839,0.0,0.0
2023-04-26 00:00:00+05:30,889.4298949363513,894.7970180441831,883.8675918033912,892.8453369140625,30371555,0.0,0.0
2023-04-27 00:00:00+05:30,887.5270423599347,897.6758086146725,886.599981860416,896.1632080078125,25835108,0.0,0.0
2023-04-28 00:00:00+05:30,892.9916614936355,898.2124441608663,888.2588586608995,895.4801025390625,20381002,0.0,0.0
2023-05-02 00:00:00+05:30,901.6766917183744,903.433192842073,896.504748580591,899.8225708007812,17515017,0.0,0.0
2023-05-03 00:00:00+05:30,897.3342422175527,901.5303450275906,889.5275171530784,900.5545043945312,18715142,0.0,0.0
2023-05-04 00:00:00+05:30,897.773371044411,901.5791732893766,889.7714660425504,899.4323120117188,20485002,0.0,0.0
2023-05-05 00:00:00+05:30,902.6525189158281,919.6809486172212,901.1399779584096,904.555419921875,19002035,0.0,0.0
2023-05-08 00:00:00+05:30,904.6042195927597,918.9490880615251,904.6042195927597,915.2409057617188,18623913,0.0,0.0
2023-05-09 00:00:00+05:30,918.2660247654843,922.1693872512037,909.2882791362127,911.8255004882812,21507610,0.0,0.0
2023-05-10 00:00:00+05:30,912.0205661468576,918.2659695728609,905.8240023974581,913.435546875,25910923,0.0,0.0
2023-05-11 00:00:00+05:30,917.3389621864789,924.121066402181,911.2887384351924,916.509521484375,20027372,0.0,0.0
2023-05-12 00:00:00+05:30,917.0461850344827,925.0968698193026,912.5085025133513,921.095947265625,13873480,0.0,0.0
2023-05-15 00:00:00+05:30,920.9495639221207,926.0727270591709,915.5336605179272,922.9012451171875,10453762,0.0,0.0
2023-05-16 00:00:00+05:30,927.048597490951,929.1954587867314,920.2177130883861,923.4867553710938,19612293,0.0,0.0
2023-05-17 00:00:00+05:30,924.4137672580238,925.4872276297442,913.1916006155064,916.6558227539062,19273344,0.0,0.0
2023-05-18 00:00:00+05:30,925.0480373135742,929.2441396577233,919.3393345076573,923.633056640625,21550141,0.0,0.0
2023-05-19 00:00:00+05:30,928.4635680040531,932.9036309042945,918.8515021794102,931.2446899414062,15427412,0.0,0.0
2023-05-22 00:00:00+05:30,928.0731149247673,931.1958165018618,923.2915321116159,927.3900146484375,15509525,0.0,0.0
2023-05-23 00:00:00+05:30,929.0002544091722,935.6847387180298,922.1693701855753,930.366455078125,16579935,0.0,0.0
2023-05-24 00:00:00+05:30,923.828323327991,930.8055479979184,915.8264183625203,917.9244995117188,18049620,0.0,0.0
2023-05-25 00:00:00+05:30,914.3626768370067,918.8515199428152,910.4105341694121,917.143798828125,19328582,0.0,0.0
2023-05-26 00:00:00+05:30,917.0950028696642,929.439410538322,912.9476802341859,927.731689453125,10957182,0.0,0.0
2023-05-29 00:00:00+05:30,930.8055912909057,934.4649937720943,923.9259265383885,925.2433471679688,12108079,0.0,0.0
2023-05-30 00:00:00+05:30,922.5109142673763,929.2930185471208,921.8278734759396,926.9998168945312,18483624,0.0,0.0
2023-05-31 00:00:00+05:30,926.5606365918726,929.0002380573593,917.7780713161202,926.2191162109375,27254425,0.0,0.0
2023-06-01 00:00:00+05:30,931.1959059694744,931.1959059694744,910.2641128857094,913.484375,21650700,0.0,0.0
2023-06-02 00:00:00+05:30,920.2176662665535,921.827827046608,912.4597217491146,915.48486328125,12494376,0.0,0.0
2023-06-05 00:00:00+05:30,920.2176729962289,928.8050582446286,920.2176729962289,923.8770751953125,10751684,0.0,0.0
2023-06-06 00:00:00+05:30,923.6331390198327,924.9017199029888,915.4360540569128,919.3394165039062,11894330,0.0,0.0
2023-06-07 00:00:00+05:30,921.5349930448281,922.9987538594663,911.239887227322,917.4852905273438,16486469,0.0,0.0
2023-06-08 00:00:00+05:30,913.9722653565424,927.5364732717563,912.6061242779729,915.2409057617188,17608140,0.0,0.0
2023-06-09 00:00:00+05:30,918.6563698311431,921.1935315811797,913.581986770486,915.3872680664062,12253128,0.0,0.0
2023-06-12 00:00:00+05:30,915.3385351627903,920.7056587698215,910.7520721683007,913.3380737304688,10520125,0.0,0.0
2023-06-13 00:00:00+05:30,913.2892496101983,923.3891760871558,911.5326888658717,920.75439453125,13528776,0.0,0.0
2023-06-14 00:00:00+05:30,923.1940358059712,924.0723162159532,913.6308093399507,917.0950317382812,13489262,0.0,0.0
2023-06-15 00:00:00+05:30,917.9732552476846,920.1688965759562,902.0182258592284,904.2138671875,19366819,0.0,0.0
2023-06-16 00:00:00+05:30,906.848667243868,915.0945323130579,904.6042457522844,911.6303100585938,11249387,0.0,0.0
2023-06-19 00:00:00+05:30,910.9472166078564,911.386356797931,896.5047873782526,900.8472900390625,19351375,0.0,0.0
2023-06-20 00:00:00+05:30,898.7004270111945,906.1167918668598,892.6989833999372,903.1892700195312,15212286,0.0,0.0
2023-06-21 00:00:00+05:30,905.580064269418,905.97042432825,897.7733395774403,902.3598022460938,9210553,0.0,0.0
2023-06-22 00:00:00+05:30,902.0670384808453,912.9476250004694,898.456416492756,903.3843994140625,27291569,0.0,0.0
2023-06-23 00:00:00+05:30,903.6772245257189,909.3859280803975,896.7975598362632,901.1888427734375,8767733,0.0,0.0
2023-06-26 00:00:00+05:30,904.701816042341,909.2882788738549,900.8960733562135,905.0433959960938,11749040,0.0,0.0
2023-06-27 00:00:00+05:30,907.5317710784503,917.2413971004926,899.920226200877,913.484375,13422726,0.0,0.0
2023-06-28 00:00:00+05:30,921.1935631203252,921.1935631203252,911.7278970108912,914.8018188476562,25708001,0.0,0.0
2023-06-30 00:00:00+05:30,917.7780520093211,919.4369928830703,908.1660462617388,912.0205688476562,13843218,0.0,0.0
2023-07-03 00:00:00+05:30,914.36260024857,922.9012051068142,913.874679970956,919.7785034179688,12350359,0.0,0.0
2023-07-04 00:00:00+05:30,924.3649684244667,928.3171107716475,919.2418054957484,921.8765869140625,14041699,0.0,0.0
2023-07-05 00:00:00+05:30,919.2905562958817,941.4421481648168,918.2659356549289,934.855224609375,13817767,0.0,0.0
2023-07-06 00:00:00+05:30,931.6350338444386,940.6127792872743,930.9519335115064,936.2214965820312,16334427,0.0,0.0
2023-07-07 00:00:00+05:30,929.9761077422681,931.9765690944446,920.998362156249,923.5355834960938,8593807,0.0,0.0
2023-07-10 00:00:00+05:30,923.1452024012996,929.8785263276142,918.6075198126201,925.4872436523438,12069184,0.0,0.0
2023-07-11 00:00:00+05:30,925.4872062607309,929.6833087354524,919.1442426527203,922.1205444335938,16977595,0.0,0.0
2023-07-12 00:00:00+05:30,925.4872246023599,928.1707861820097,918.5099406710377,921.5838623046875,21511161,0.0,0.0
2023-07-13 00:00:00+05:30,924.8041153240754,936.0750619372393,919.436992216799,932.61083984375,23222286,0.0,0.0
2023-07-14 00:00:00+05:30,936.5630336523335,941.6861968997155,928.3659486322887,936.8557739257812,12871569,0.0,0.0
2023-07-17 00:00:00+05:30,939.636889650411,950.2735159116797,929.8296444720338,945.2967529296875,16290763,0.0,0.0
2023-07-18 00:00:00+05:30,954.3721096526649,964.0817355638042,947.687625346918,951.8837280273438,29709508,0.0,0.0
2023-07-19 00:00:00+05:30,956.3237506038779,956.3237506038779,944.174523696845,949.9320068359375,15994261,0.0,0.0
2023-07-20 00:00:00+05:30,952.46920323191,974.0353161719719,948.6146209598538,971.546875,26487838,0.0,0.0
2023-07-21 00:00:00+05:30,971.2541449921898,977.2555885541523,964.9111810417447,972.9130859375,16903003,0.0,0.0
2023-07-24 00:00:00+05:30,980.6710221848502,984.3304244322484,966.1797535488037,968.0338745117188,21687719,0.0,0.0
2023-07-25 00:00:00+05:30,974.8647427328618,974.8647427328618,964.3744564622128,970.6686401367188,29325327,0.0,0.0
2023-07-26 00:00:00+05:30,969.1072411447856,973.6449235956478,966.0821592179317,972.3763427734375,12780537,0.0,0.0
2023-07-27 00:00:00+05:30,978.3289377697675,982.1835198791242,963.3498090553566,966.3261108398438,25932395,0.0,0.0
2023-07-28 00:00:00+05:30,964.1305412210621,974.5720478609782,953.4450744239546,972.1324462890625,12584130,0.0,0.0
2023-07-31 00:00:00+05:30,971.9372800941444,975.2551621034391,964.7160355141905,974.1817016601562,14303116,0.0,0.0
2023-08-01 00:00:00+05:30,977.4507205075173,979.4511817429085,966.5212943260926,970.522216796875,15508569,0.0,0.0
2023-08-02 00:00:00+05:30,961.4469550572353,970.0831205780985,953.8841903765009,963.1058959960938,15787996,0.0,0.0
2023-08-03 00:00:00+05:30,952.9571039838418,959.2512876204258,936.8557344561337,941.6861572265625,30994707,0.0,0.0
2023-08-04 00:00:00+05:30,945.2480024411116,952.4204068859481,938.026758318768,947.0532836914062,20582882,0.0,0.0
2023-08-07 00:00:00+05:30,947.492394919989,957.7875008210797,944.8088334046981,952.078857421875,16686062,0.0,0.0
2023-08-08 00:00:00+05:30,952.1764948847944,962.7643418978649,948.8098327986035,956.2262573242188,23784778,0.0,0.0
2023-08-09 00:00:00+05:30,959.2270199754856,959.5713515147028,948.0600250851338,957.0133056640625,19317331,8.0,0.0
2023-08-10 00:00:00+05:30,955.8818683285078,957.9480378042437,943.9770282120568,948.552001953125,24858441,0.0,0.0
2023-08-11 00:00:00+05:30,947.8633070091408,947.961670292414,934.679384304923,937.4833984375,17162177,0.0,0.0
2023-08-14 00:00:00+05:30,933.6955296923587,947.3713891844818,930.7439105257865,944.0753784179688,19026691,0.0,0.0
2023-08-16 00:00:00+05:30,939.0575962871804,944.3212928136318,931.3341572113877,941.0745239257812,17930805,0.0,0.0
2023-08-17 00:00:00+05:30,941.5173104722998,942.353578529597,931.1866436309263,936.3027954101562,27077611,0.0,0.0
2023-08-18 00:00:00+05:30,932.6132578915899,939.5987322998694,930.7438751368339,935.3189086914062,13257508,0.0,0.0
2023-08-21 00:00:00+05:30,935.368103582327,943.8293876376395,933.1052076187755,939.7955322265625,13358017,0.0,0.0
2023-08-22 00:00:00+05:30,940.9762212582668,941.5173394326239,933.9906864820573,936.6471557617188,16872719,0.0,0.0
2023-08-23 00:00:00+05:30,938.6148847885249,952.4382890585223,934.5317876320523,951.2576293945312,14707331,0.0,0.0
2023-08-24 00:00:00+05:30,956.8165287761593,966.5568958657866,951.159258811673,953.3237915039062,28389740,0.0,0.0
2023-08-25 00:00:00+05:30,947.4205610479281,956.9148999052287,944.7149101731643,954.7504272460938,10275758,0.0,0.0
2023-08-28 00:00:00+05:30,954.3077104234818,959.2762574905711,949.4867082885748,954.8980102539062,10481574,0.0,0.0
2023-08-29 00:00:00+05:30,957.6036107629861,961.4899212525077,950.0770180929742,952.1431274414062,13209913,0.0,0.0
2023-08-30 00:00:00+05:30,954.7996350612804,960.1617553156957,939.992357332752,943.4359130859375,13936165,0.0,0.0
2023-08-31 00:00:00+05:30,944.5181103324641,950.6181351385301,938.6640537842972,943.2882690429688,36675400,0.0,0.0
2023-09-01 00:00:00+05:30,941.4681300358887,957.3576435007852,937.4342145669208,953.0778198242188,16268147,0.0,0.0
2023-09-04 00:00:00+05:30,953.0778374045047,953.4221689523384,945.0592480110233,951.7495727539062,9512956,0.0,0.0
2023-09-05 00:00:00+05:30,948.551951794262,954.3568266156637,946.7318107329097,952.7826538085938,16623486,0.0,0.0
2023-09-06 00:00:00+05:30,947.027018710753,953.8649486093547,935.466510050454,942.0584716796875,30802100,0.0,0.0
2023-09-07 00:00:00+05:30,941.9600737763301,953.8649135559165,939.3036045546078,950.0770263671875,13462347,0.0,0.0
2023-09-08 00:00:00+05:30,951.8972093560283,959.2762574905711,945.7480025772426,954.8980102539062,13086915,0.0,0.0
2023-09-11 00:00:00+05:30,959.2270468470958,966.1633398736982,953.7173217093658,962.4738159179688,7894110,0.0,0.0
2023-09-12 00:00:00+05:30,974.1326718812546,979.1012787688176,966.802865781473,974.5262451171875,20959591,0.0,0.0
2023-09-13 00:00:00+05:30,973.8375244140625,978.8060712632008,964.7366987806778,973.8375244140625,21997553,0.0,0.0
2023-09-14 00:00:00+05:30,976.2972153487822,976.887575209195,966.4093032080317,971.7714233398438,11464188,0.0,0.0
2023-09-15 00:00:00+05:30,974.3786547753372,981.4133711300916,972.6568769312493,976.44482421875,13307980,0.0,0.0
2023-09-18 00:00:00+05:30,974.132716797775,980.1835602868862,971.3778841717555,974.2311401367188,16713222,0.0,0.0
2023-09-20 00:00:00+05:30,965.7205606456862,979.9375379402288,964.8351109491382,971.2302856445312,25741856,0.0,0.0
2023-09-21 00:00:00+05:30,964.1464092816628,966.6552735540002,942.0092656124872,943.8294067382812,19742813,0.0,0.0
2023-09-22 00:00:00+05:30,941.0745118327471,945.403576994813,932.1212916735981,934.9744873046875,12701888,0.0,0.0
2023-09-25 00:00:00+05:30,934.9745211428321,945.6987611069428,926.3164505561931,940.9269409179688,8997098,0.0,0.0
2023-09-26 00:00:00+05:30,943.4850278666348,943.4850278666348,931.8260967551563,933.4003295898438,10521409,0.0,0.0
2023-09-27 00:00:00+05:30,931.0390306872603,931.2358173022473,919.3309777310822,927.890625,15152973,0.0,0.0
2023-09-28 00:00:00+05:30,930.2519374097601,931.973715189207,919.6753024788718,927.398681640625,25991282,0.0,0.0
2023-09-29 00:00:00+05:30,931.4326152919225,940.5826225175415,928.4809961836039,936.5487670898438,10447334,0.0,0.0
2023-10-03 00:00:00+05:30,936.2535565130627,936.2535565130627,923.8567802867412,925.1358032226562,11131636,0.0,0.0
2023-10-04 00:00:00+05:30,919.9212698646451,920.4132063725941,910.0825397056649,915.0510864257812,17334739,0.0,0.0
2023-10-05 00:00:00+05:30,920.1180941808709,928.7269834227375,919.4785526739939,925.6769409179688,10478856,0.0,0.0
2023-10-06 00:00:00+05:30,930.743934599139,931.2850527835039,922.8729499513662,929.9568481445312,6355755,0.0,0.0
2023-10-09 00:00:00+05:30,925.0866714522842,926.8576310013959,921.2003607425811,923.4632568359375,6725306,0.0,0.0
2023-10-10 00:00:00+05:30,925.2342295793238,942.0584345201288,925.184987886715,935.8600463867188,11452715,0.0,0.0
2023-10-11 00:00:00+05:30,939.5003896293223,946.5350458326664,935.4172924942318,937.7293701171875,12233117,0.0,0.0
2023-10-12 00:00:00+05:30,937.4833935799946,944.6164730548359,933.105206632664,938.86083984375,7836818,0.0,0.0
2023-10-13 00:00:00+05:30,934.6302304407079,941.9600967877449,929.317291867472,935.9584350585938,6650442,0.0,0.0
2023-10-16 00:00:00+05:30,933.2036287753874,939.4511988960326,930.8915510270158,936.056884765625,5763024,0.0,0.0
2023-10-17 00:00:00+05:30,939.9923501245347,945.4528336239722,936.1552211514996,938.5165405273438,7747527,0.0,0.0
2023-10-18 00:00:00+05:30,933.892271271344,935.3188991432158,923.9551178593193,928.5301513671875,12000153,0.0,0.0
2023-10-19 00:00:00+05:30,920.9051479428266,929.7600051345846,918.9374019002138,920.6591796875,8612676,0.0,0.0
2023-10-20 00:00:00+05:30,916.9696757843909,924.8406601258879,915.0019296990167,917.7075805664062,6586576,0.0,0.0
2023-10-23 00:00:00+05:30,926.8084170823352,929.5632496240031,910.4761484024964,914.9527587890625,11856890,0.0,0.0
2023-10-25 00:00:00+05:30,911.1155983660612,918.7406142727789,896.7018946503207,901.3260498046875,12593434,0.0,0.0
2023-10-26 00:00:00+05:30,899.5551235944749,901.8180196143733,884.5018778394127,893.9962768554688,21693345,0.0,0.0
2023-10-27 00:00:00+05:30,901.227738868632,903.3430900053108,896.6035233948352,898.0301513671875,8645505,0.0,0.0
2023-10-30 00:00:00+05:30,894.4389499383923,911.3615781096987,893.553500239537,909.9841918945312,7687791,0.0,0.0
2023-10-31 00:00:00+05:30,914.3132372166475,915.9858334554681,899.3583544561848,900.5881958007812,17211107,0.0,0.0
2023-11-01 00:00:00+05:30,899.0631748056227,902.8018803593627,894.63574611152,899.3091430664062,12927203,0.0,0.0
2023-11-02 00:00:00+05:30,905.2123769553756,909.8857738877014,898.0792974270889,905.114013671875,9747311,0.0,0.0
2023-11-03 00:00:00+05:30,913.5753279987291,919.4293847809116,911.8535501246075,918.7406616210938,7146961,0.0,0.0
2023-11-06 00:00:00+05:30,925.8245725876783,932.4657159085782,922.2826535035373,930.2028198242188,10338367,0.0,0.0
2023-11-07 00:00:00+05:30,928.3825689148798,935.122135214151,915.4446745754223,932.8099975585938,15704942,0.0,0.0
2023-11-08 00:00:00+05:30,933.1543790682605,933.1543790682605,919.035765182007,920.6591796875,17606074,0.0,0.0
2023-11-09 00:00:00+05:30,918.9373868552664,927.1527024283356,917.953513850068,922.2333374023438,9406117,0.0,0.0
2023-11-10 00:00:00+05:30,919.8229744492044,926.2673311686412,917.3632917279805,923.4632568359375,9560455,0.0,0.0
2023-11-13 00:00:00+05:30,925.7261812013599,925.7261812013599,916.9696869940611,919.3801879882812,11470096,0.0,0.0
2023-11-15 00:00:00+05:30,929.169741735814,929.169741735814,923.6108349273643,925.9229125976562,19492138,0.0,0.0
2023-11-16 00:00:00+05:30,923.8567704420823,930.9406682319986,918.9374053172576,920.9051513671875,19706373,0.0,0.0
2023-11-17 00:00:00+05:30,911.6075526979567,923.2664842460193,905.3108012759441,906.9833374023438,10956653,0.0,0.0
2023-11-20 00:00:00+05:30,907.1309619231906,911.8043589612981,902.7035331502466,906.58984375,10562301,0.0,0.0
2023-11-21 00:00:00+05:30,909.4922588007951,913.0833593528811,907.1309394932731,911.164794921875,8989572,0.0,0.0
2023-11-22 00:00:00+05:30,908.3607719626023,910.2793363749666,899.9978512350831,907.8688354492188,12197979,0.0,0.0
2023-11-23 00:00:00+05:30,908.1148071289062,910.4268847301861,903.6873784917665,908.1148071289062,5534614,0.0,0.0
2023-11-24 00:00:00+05:30,906.639000110985,915.3954941269687,905.3599771779697,914.41162109375,7452002,0.0,0.0
2023-11-28 00:00:00+05:30,913.9197163754527,916.0350074399643,906.8358182796372,910.5745239257812,14231987,0.0,0.0
2023-11-29 00:00:00+05:30,915.8874351292822,925.9228920765872,911.0664332225615,924.4470825195312,11680078,0.0,0.0
2023-11-30 00:00:00+05:30,923.8076235957443,925.6769463830785,913.2309881790077,919.8721313476562,23950292,0.0,0.0
2023-12-01 00:00:00+05:30,920.8559820278334,936.6471322793062,917.9535445552444,931.4326171875,16986046,0.0,0.0
2023-12-04 00:00:00+05:30,948.1584573156929,978.8060663731462,945.8955613418391,975.2149658203125,33131257,0.0,0.0
2023-12-05 00:00:00+05:30,986.3327183845934,999.3690361088786,979.002852257751,997.1061401367188,31378461,0.0,0.0
2023-12-06 00:00:00+05:30,997.6472527517989,999.8609670700351,984.1189985847997,987.0706176757812,18786590,0.0,0.0
2023-12-07 00:00:00+05:30,980.2818725979603,986.037565872625,972.2141617664823,982.88916015625,11841945,0.0,0.0
2023-12-08 00:00:00+05:30,978.4617345457,996.5157807404588,977.2318932503937,994.5480346679688,16116363,0.0,0.0
2023-12-11 00:00:00+05:30,990.8585350218602,1003.5505215202488,988.4480940647678,1000.697265625,11714606,0.0,0.0
2023-12-12 00:00:00+05:30,1000.6972715159467,1004.5344004940981,992.3343504540468,999.3198852539062,12380856,0.0,0.0
2023-12-13 00:00:00+05:30,998.43433885667,1004.2392137541405,992.9246739088817,997.5488891601562,15887040,0.0,0.0
2023-12-14 00:00:00+05:30,1005.7642308631628,1023.2279775961745,1004.7803578077819,1016.9804077148438,16317672,0.0,0.0
2023-12-15 00:00:00+05:30,1026.8191898149773,1026.8683114091973,1009.1585955233128,1020.6699829101562,14306067,0.0,0.0
2023-12-18 00:00:00+05:30,1013.3400340079713,1013.3400340079713,1001.5827987043302,1004.9771728515625,8592711,0.0,0.0
2023-12-19 00:00:00+05:30,1008.9618258446333,1008.9618258446333,996.2698393148889,999.0739135742188,10094256,0.0,0.0
2023-12-20 00:00:00+05:30,1005.5181978922636,1005.5181978922636,985.8407380509277,990.415771484375,16490281,0.0,0.0
2023-12-21 00:00:00+05:30,980.4786481484716,994.5972620458951,973.2472054564856,988.2020874023438,18064916,0.0,0.0
2023-12-22 00:00:00+05:30,986.775479446596,993.2690175032114,975.6084843898132,978.2649536132812,20881976,0.0,0.0
2023-12-26 00:00:00+05:30,978.8552753930608,981.4133211823217,973.9359103746029,979.052001953125,14339699,0.0,0.0
2023-12-27 00:00:00+05:30,981.856149768816,988.6940796680807,976.002092947119,986.0867919921875,12996468,0.0,0.0
2023-12-28 00:00:00+05:30,991.7440268494004,995.3843691168538,982.9875327507294,989.6779174804688,24915990,0.0,0.0
2023-12-29 00:00:00+05:30,987.8577595641297,992.2851884492294,977.6746971487394,980.5278930664062,12280140,0.0,0.0
2024-01-01 00:00:00+05:30,975.5592756483813,988.6447747328209,975.0181575005023,983.28271484375,7683792,0.0,0.0
2024-01-02 00:00:00+05:30,980.9213672695223,981.5609087309073,964.4414947501999,966.4092407226562,16263825,0.0,0.0
2024-01-03 00:00:00+05:30,968.8198393775264,972.06660854976,959.3746217254817,968.1802978515625,16826752,0.0,0.0
2024-01-04 00:00:00+05:30,970.4923808719859,973.1980317046522,966.0649522367138,971.2302856445312,22789140,0.0,0.0
2024-01-05 00:00:00+05:30,972.0665334175308,982.2004134055409,967.9342547673281,977.6746215820312,14875499,0.0,0.0
2024-01-08 00:00:00+05:30,977.9697448357546,982.1020233733977,964.4906729621558,966.1632690429688,8393164,0.0,0.0
2024-01-09 00:00:00+05:30,970.3447595485834,978.9536484165683,959.6697613726194,963.9495849609375,14660414,0.0,0.0
2024-01-10 00:00:00+05:30,958.5874760008375,978.9044779822007,958.5874760008375,977.0350952148438,9409181,0.0,0.0
2024-01-11 00:00:00+05:30,979.2488085023233,982.3972141884088,970.9350694416869,975.165771484375,6451345,0.0,0.0
2024-01-12 00:00:00+05:30,978.7568819517846,992.432741141072,975.7560812090544,987.3165893554688,12255743,0.0,0.0
2024-01-15 00:00:00+05:30,987.3165782754367,995.3351674307465,983.1351179289786,993.5641479492188,12388044,0.0,0.0
2024-01-16 00:00:00+05:30,989.8746620709588,999.4182427672283,988.3988524803248,992.777099609375,11505126,0.0,0.0
2024-01-17 00:00:00+05:30,971.9682016234104,991.5472391168444,960.9979931914172,965.9173583984375,41914771,0.0,0.0
2024-01-18 00:00:00+05:30,958.2431259931632,978.2649176405237,954.5044205813539,970.443115234375,17902484,0.0,0.0
2024-01-19 00:00:00+05:30,975.3133165907817,994.5972638899035,971.6237927511231,983.0859375,23271148,0.0,0.0
2024-01-23 00:00:00+05:30,1042.0199023424595,1042.3151122922168,1004.7311505255955,1012.45458984375,50797448,0.0,0.0
2024-01-24 00:00:00+05:30,1012.8480364224022,1019.2432110778104,980.5770732992008,983.0859375,34578943,0.0,0.0
2024-01-25 00:00:00+05:30,982.2988759526587,998.7295078271164,972.214177202352,993.66259765625,28315035,0.0,0.0
2024-01-29 00:00:00+05:30,1003.5505249659846,1015.3570017302902,993.7117943290631,1000.0086059570312,14078922,0.0,0.0
2024-01-30 00:00:00+05:30,998.5819848189448,1007.338419115052,991.7440549694523,1000.5005493164062,16085742,0.0,0.0
2024-01-31 00:00:00+05:30,1000.4020967435955,1022.2440902784828,987.070629039353,1011.569091796875,25627447,0.0,0.0
2024-02-01 00:00:00+05:30,1017.2754419939521,1017.2754419939521,1000.9924158779978,1008.617431640625,13058880,0.0,0.0
2024-02-02 00:00:00+05:30,1020.3746743205556,1033.0666601657867,1005.1738843616477,1007.4859619140625,14774650,0.0,0.0
2024-02-05 00:00:00+05:30,1006.0102065272255,1009.8964570838909,995.7779026556566,1006.9940795898438,12948430,0.0,0.0
2024-02-06 00:00:00+05:30,1007.0432159063025,1018.2102106949073,1000.3037097510473,1009.8472900390625,12886927,0.0,0.0
2024-02-07 00:00:00+05:30,1011.4215270569979,1014.9143245344969,996.6634308450767,1005.6658935546875,16410895,0.0,0.0
2024-02-08 00:00:00+05:30,1007.5844138284667,1011.6675111981591,969.3609680602832,973.3456420898438,20565502,0.0,0.0
2024-02-09 00:00:00+05:30,972.9028503266528,997.401313514954,969.6068995994941,994.4005126953125,12799837,0.0,0.0
2024-02-12 00:00:00+05:30,994.1053827736114,995.8763423051639,969.3609508231015,980.0359497070312,8050066,0.0,0.0
2024-02-13 00:00:00+05:30,989.7762629977263,1010.4868382114652,984.1681747459204,1003.3536987304688,18706292,0.0,0.0
2024-02-14 00:00:00+05:30,993.2690157159769,1018.997259686499,991.3012696355923,1006.2069702148438,17878720,0.0,0.0
2024-02-15 00:00:00+05:30,1006.3545426117516,1010.0933083072188,990.3666052721892,1000.2545776367188,10069878,0.0,0.0
2024-02-16 00:00:00+05:30,1006.6989262673613,1009.650485394361,1000.5005380040549,1006.7481079101562,7159395,0.0,0.0
2024-02-19 00:00:00+05:30,1006.8464465307476,1029.1311947979043,1006.8464465307476,1026.91748046875,9388255,0.0,0.0
2024-02-20 00:00:00+05:30,1024.2611392299666,1035.6740431744663,1016.5868810060339,1031.8369140625,11293528,0.0,0.0
2024-02-21 00:00:00+05:30,1039.7571099701715,1046.8409480440782,1031.0989789005582,1034.9852294921875,15946325,0.0,0.0
2024-02-22 00:00:00+05:30,1038.969987954932,1048.808718901475,1023.5232284095382,1045.5618896484375,13432573,0.0,0.0
2024-02-23 00:00:00+05:30,1052.7440951810236,1052.7440951810236,1040.5932878224016,1044.1844482421875,13142759,0.0,0.0
2024-02-26 00:00:00+05:30,1036.116738219057,1045.1684428055735,1033.5586921778424,1037.198974609375,7875941,0.0,0.0
2024-02-27 00:00:00+05:30,1033.8044994690943,1049.0052884655845,1029.6230394426907,1043.10205078125,10580973,0.0,0.0
2024-02-28 00:00:00+05:30,1045.8569952406344,1047.6771362637548,1025.3432672847086,1029.327880859375,7730332,0.0,0.0
2024-02-29 00:00:00+05:30,1026.22885861961,1043.5941223069317,1021.7521880889905,1035.231201171875,20944844,0.0,0.0
2024-03-01 00:00:00+05:30,1037.986009477885,1072.3723226042753,1037.0021364831193,1069.37158203125,14909562,0.0,0.0
2024-03-04 00:00:00+05:30,1063.5667080999103,1077.3409300364494,1062.6811983836533,1074.733642578125,11424581,0.0,0.0
2024-03-05 00:00:00+05:30,1068.682790650156,1081.768349420518,1059.139270715041,1070.5030517578125,9222544,0.0,0.0
2024-03-06 00:00:00+05:30,1062.878109231162,1095.5918883060335,1062.878109231162,1079.4071044921875,21796484,0.0,0.0
2024-03-07 00:00:00+05:30,1077.2917746056637,1077.3410163000535,1065.2393294461426,1070.4046630859375,9963926,0.0,0.0
2024-03-11 00:00:00+05:30,1070.4046589090813,1070.4046589090813,1059.3853285611954,1061.3038330078125,13310362,0.0,0.0
2024-03-12 00:00:00+05:30,1059.6804892440682,1077.1442354316735,1038.625582496139,1059.483642578125,21785435,0.0,0.0
2024-03-13 00:00:00+05:30,1059.77885170946,1072.0772645081547,1055.8433596138777,1066.4691162109375,24855870,0.0,0.0
2024-03-14 00:00:00+05:30,1062.5828370894137,1079.4070413229927,1057.7127137934276,1066.124755859375,14231421,0.0,0.0
2024-03-15 00:00:00+05:30,1054.711808860948,1068.7319984843327,1052.744062948894,1062.9271240234375,66192734,0.0,0.0
2024-03-18 00:00:00+05:30,1057.7127049329833,1067.3054665763489,1042.9546100970365,1063.763427734375,8769440,0.0,0.0
2024-03-19 00:00:00+05:30,1061.0578145795118,1071.1917547663113,1057.9094689437209,1066.4691162109375,16708715,0.0,0.0
2024-03-20 00:00:00+05:30,1062.582825466805,1072.4215553322383,1050.2844131350132,1067.01025390625,18725251,0.0,0.0
2024-03-21 00:00:00+05:30,1074.3893386064215,1082.2603227720363,1061.7465943107402,1064.3538818359375,19992607,0.0,0.0
2024-03-22 00:00:00+05:30,1063.7143347625467,1076.061869046459,1061.303773813482,1072.716796875,17214415,0.0,0.0
2024-03-26 00:00:00+05:30,1063.5667354159368,1071.585324555275,1059.58200164128,1066.22314453125,13367635,0.0,0.0
2024-03-27 00:00:00+05:30,1066.223219242338,1074.8813504721743,1062.1402420015347,1066.2724609375,26907245,0.0,0.0
2024-03-28 00:00:00+05:30,1067.5022626495677,1087.2289654055658,1067.5022626495677,1075.66845703125,22070566,0.0,0.0
2024-04-01 00:00:00+05:30,1078.3740966909645,1085.162724605495,1076.7998037410023,1081.916015625,10848191,0.0,0.0
2024-04-02 00:00:00+05:30,1076.7997448394613,1076.7997448394613,1061.844923446375,1063.763427734375,14380396,0.0,0.0
2024-04-03 00:00:00+05:30,1057.663530257279,1066.1740561722456,1054.9578793659232,1059.8280029296875,15477184,0.0,0.0
2024-04-04 00:00:00+05:30,1067.2562910312008,1068.2894057744195,1046.2997470246664,1061.451416015625,21419689,0.0,0.0
2024-04-05 00:00:00+05:30,1052.7441775200211,1068.4861465296663,1050.235253168432,1065.9281005859375,15340637,0.0,0.0
2024-04-08 00:00:00+05:30,1060.9594232885527,1074.1433454810406,1058.9425557038237,1069.6175537109375,8023461,0.0,0.0
2024-04-09 00:00:00+05:30,1074.3401972621416,1097.264488826385,1070.749156482513,1089.19677734375,12298463,0.0,0.0
2024-04-10 00:00:00+05:30,1093.0337202336968,1098.5435054120717,1087.3273285870816,1091.5087890625,10598000,0.0,0.0
2024-04-12 00:00:00+05:30,1085.703967727192,1093.9192841060571,1078.1281928847723,1086.5894775390625,12216657,0.0,0.0
2024-04-15 00:00:00+05:30,1082.4570746408115,1088.3111913118553,1059.2376948297706,1060.95947265625,10526597,0.0,0.0
2024-04-16 00:00:00+05:30,1053.2852301148173,1057.2698434841036,1045.5617314093265,1049.8416748046875,11278092,0.0,0.0
2024-04-18 00:00:00+05:30,1056.6796031480021,1060.664336843005,1033.5093459321554,1038.4287109375,16564216,0.0,0.0
2024-04-19 00:00:00+05:30,1035.9690203029174,1054.7118488668307,1031.1972603055262,1050.0384521484375,11284433,0.0,0.0
2024-04-22 00:00:00+05:30,1061.4022313877736,1071.1424779233496,1053.0884325476727,1069.1256103515625,10346714,0.0,0.0
2024-04-23 00:00:00+05:30,1082.2603648639933,1082.2603648639933,1065.239312903183,1072.6676025390625,9848215,0.0,0.0
2024-04-24 00:00:00+05:30,1074.6353155118281,1080.686158658188,1071.4377281688085,1079.062744140625,5461309,0.0,0.0
2024-04-25 00:00:00+05:30,1072.4215900322672,1107.4966871577883,1072.3723483406734,1095.78857421875,19905338,0.0,0.0
2024-04-26 00:00:00+05:30,1094.2144193811591,1101.9377986819404,1084.9659888361693,1090.032958984375,14190059,0.0,0.0
2024-04-29 00:00:00+05:30,1090.1313056288498,1144.6870165205935,1090.032942347235,1141.4403076171875,28578063,0.0,0.0
2024-04-30 00:00:00+05:30,1141.2434493596547,1150.6887263324581,1128.2563736745785,1131.8475341796875,29568491,0.0,0.0
2024-05-02 00:00:00+05:30,1124.5668940413143,1136.8653071432534,1114.9741318218018,1121.0740966796875,25118334,0.0,0.0
2024-05-03 00:00:00+05:30,1122.8942974020772,1138.734628603609,1117.1385442991193,1123.6322021484375,19933604,0.0,0.0
2024-05-06 00:00:00+05:30,1123.1403237344898,1139.767682131019,1119.7458896646774,1127.813720703125,14970524,0.0,0.0
2024-05-07 00:00:00+05:30,1129.4369636309043,1134.1596020771042,1108.1362092373274,1113.6458740234375,15097728,0.0,0.0
2024-05-08 00:00:00+05:30,1108.3822015675178,1113.7442614996105,1098.0515348309932,1104.889404296875,19913090,0.0,0.0
2024-05-09 00:00:00+05:30,1102.4790338657724,1110.6451084134283,1092.0991247743116,1097.7071533203125,12229853,0.0,0.0
2024-05-10 00:00:00+05:30,1099.9700317150034,1110.6942716080541,1094.1160353113987,1099.035400390625,8573656,0.0,0.0
2024-05-13 00:00:00+05:30,1094.4604418124766,1112.4161255815404,1088.8522931770124,1109.808837890625,9707983,0.0,0.0
2024-05-14 00:00:00+05:30,1107.7427007496667,1109.7104468669584,1100.5112577889583,1102.47900390625,8944262,0.0,0.0
2024-05-15 00:00:00+05:30,1104.003936981434,1109.612085486358,1095.5426526828924,1106.2176513671875,10743423,0.0,0.0
2024-05-16 00:00:00+05:30,1114.7280745625576,1118.220871645328,1094.8538886172073,1112.8095703125,14265565,0.0,0.0
2024-05-17 00:00:00+05:30,1112.8096108108375,1125.5507181902365,1102.528065843281,1112.2684326171875,8641784,0.0,0.0
2024-05-21 00:00:00+05:30,1104.1022778238569,1115.5153011731006,1098.2482812745363,1102.8724365234375,10452900,0.0,0.0
2024-05-22 00:00:00+05:30,1106.857133236162,1107.742642963088,1080.3909253188892,1093.1812744140625,17527411,0.0,0.0
2024-05-23 00:00:00+05:30,1097.5596331640875,1118.6636621265907,1093.4765359706398,1116.2039794921875,13787687,0.0,0.0
2024-05-24 00:00:00+05:30,1111.7764420624583,1116.6958068503454,1106.0208092809664,1113.6949462890625,6312670,0.0,0.0
2024-05-27 00:00:00+05:30,1113.6459433951586,1129.2895491082788,1103.4628812192523,1111.579833984375,11599857,0.0,0.0
2024-05-28 00:00:00+05:30,1114.2361779831701,1116.8925870555686,1106.8571304468578,1108.775634765625,9311718,0.0,0.0
2024-05-29 00:00:00+05:30,1097.067741329381,1105.4306626270395,1080.7845935856149,1084.2281494140625,19268547,0.0,0.0
2024-05-30 00:00:00+05:30,1079.308747806472,1102.9217012680538,1079.2103845207203,1095.7393798828125,15255387,0.0,0.0
2024-05-31 00:00:00+05:30,1099.970086377496,1112.366862972861,1093.328943190512,1102.970947265625,26197718,0.0,0.0
2024-06-03 00:00:00+05:30,1151.1314549939386,1154.0830741093077,1117.974981638635,1141.292724609375,25699977,0.0,0.0
2024-06-04 00:00:00+05:30,1139.2266772303517,1140.70248686833,1036.5595441020037,1054.1707763671875,43476837,0.0,0.0
2024-06-05 00:00:00+05:30,1067.5022525173526,1105.1353964425034,1034.0998107211954,1090.7708740234375,42172104,0.0,0.0
2024-06-06 00:00:00+05:30,1099.9699641517404,1099.9699641517404,1078.9150588855664,1092.4925537109375,18574162,0.0,0.0
2024-06-07 00:00:00+05:30,1092.4926581643756,1110.104009770429,1085.8022733872265,1103.6103515625,17197635,0.0,0.0
2024-06-10 00:00:00+05:30,1098.0022563128857,1114.9248236920885,1097.1167466019742,1105.676513671875,10851455,0.0,0.0
2024-06-11 00:00:00+05:30,1101.691799247928,1110.8418662508757,1093.0829104393374,1100.166748046875,12250002,0.0,0.0
2024-06-12 00:00:00+05:30,1102.9216850641683,1115.1217348604168,1094.0668276461688,1101.4951171875,16096514,0.0,0.0
2024-06-13 00:00:00+05:30,1104.1023123749185,1105.0861854460427,1087.1797435922592,1089.4918212890625,12494254,0.0,0.0
2024-06-14 00:00:00+05:30,1096.0345294527124,1096.0345294527124,1081.719129164698,1087.8192138671875,11377979,0.0,0.0
2024-06-18 00:00:00+05:30,1095.9853271941342,1116.7451444635597,1083.4409459075023,1104.7418212890625,18306176,0.0,0.0
2024-06-19 00:00:00+05:30,1109.75950368303,1146.75322461017,1107.9886043418487,1125.993408203125,34309514,0.0,0.0
2024-06-20 00:00:00+05:30,1135.4387582520144,1141.2927549457575,1117.1878648628515,1138.1444091796875,15475933,0.0,0.0
2024-06-21 00:00:00+05:30,1144.7856018547059,1151.0331720647125,1132.0936147522461,1139.964599609375,69259425,0.0,0.0
2024-06-24 00:00:00+05:30,1136.0290674652065,1156.6904019928488,1134.0613213197169,1151.2298583984375,12210295,0.0,0.0
2024-06-25 00:00:00+05:30,1151.3775003551193,1186.550963835312,1148.819454304172,1178.6307373046875,27309845,0.0,0.0
2024-06-26 00:00:00+05:30,1182.6154524579229,1203.1291823342124,1174.59686276576,1198.357421875,25403461,0.0,0.0
2024-06-27 00:00:00+05:30,1208.5404862113423,1215.0832662808862,1189.600929226802,1200.226806640625,20516632,0.0,0.0
2024-06-28 00:00:00+05:30,1207.2121725758393,1207.2121725758393,1177.0564410661386,1180.2540283203125,12507092,0.0,0.0
2024-07-01 00:00:00+05:30,1180.25407382428,1195.7500741919466,1172.8259044392062,1192.3065185546875,8636894,0.0,0.0
2024-07-02 00:00:00+05:30,1197.37356592243,1197.37356592243,1166.430804884834,1171.3992919921875,16153925,0.0,0.0
2024-07-03 00:00:00+05:30,1177.54840489326,1196.24199235147,1160.428990253299,1182.2218017578125,22330897,0.0,0.0
2024-07-04 00:00:00+05:30,1209.179986290108,1215.033982934888,1194.7171004020095,1213.115478515625,15275791,0.0,0.0
2024-07-05 00:00:00+05:30,1205.2444756355717,1222.5606171427328,1201.1613784936928,1213.509033203125,9535575,0.0,0.0
2024-07-08 00:00:00+05:30,1209.0816030717467,1219.5106332770943,1197.2751265898385,1215.1324462890625,6617190,0.0,0.0
2024-07-09 00:00:00+05:30,1215.0339475267522,1230.038011199292,1209.4751610015549,1228.1195068359375,13366874,0.0,0.0
2024-07-10 00:00:00+05:30,1232.5470372074883,1232.5470372074883,1216.4114942007566,1223.1510009765625,18226503,0.0,0.0
2024-07-11 00:00:00+05:30,1226.2501602309792,1237.5155787915146,1205.2937361837155,1218.4775390625,11307116,0.0,0.0
2024-07-12 00:00:00+05:30,1215.9687089511149,1232.6945505595163,1210.2621973028672,1213.01708984375,12208290,0.0,0.0
2024-07-15 00:00:00+05:30,1213.213848187686,1218.4775450466864,1204.309869041595,1210.1146240234375,15612671,0.0,0.0
2024-07-16 00:00:00+05:30,1210.1638079399554,1224.9219031587354,1209.1799349253702,1219.9041748046875,12320605,0.0,0.0
2024-07-18 00:00:00+05:30,1214.984806208363,1236.187197550179,1211.8363405098085,1230.136474609375,10999632,0.0,0.0
2024-07-19 00:00:00+05:30,1223.9381496090357,1230.333324828054,1220.2486254442174,1228.51318359375,7958817,0.0,0.0
2024-07-22 00:00:00+05:30,1220.002555200142,1225.2171302912695,1213.0170807189304,1221.134033203125,9958965,0.0,0.0
2024-07-23 00:00:00+05:30,1221.1341050565184,1228.5131532036169,1192.9461171142627,1206.96630859375,19369832,0.0,0.0
2024-07-24 00:00:00+05:30,1205.2444794873966,1213.7550053424823,1182.6646411572679,1203.2767333984375,20122521,0.0,0.0
2024-07-25 00:00:00+05:30,1186.0589540798987,1198.6033353860112,1171.3992217096722,1178.58154296875,14154461,0.0,0.0
2024-07-26 00:00:00+05:30,1170.808877642708,1200.3250678353813,1166.824143926023,1187.7314453125,19309265,0.0,0.0
2024-07-29 00:00:00+05:30,1195.5532610278044,1222.708130922957,1184.7306583803272,1193.1427001953125,28458261,0.0,0.0
2024-07-30 00:00:00+05:30,1193.4379877337221,1211.0000973333736,1184.976703679443,1189.9451904296875,23972277,0.0,0.0
2024-07-31 00:00:00+05:30,1199.341350948273,1204.9002581785046,1191.4703658723204,1195.3074951171875,22297629,0.0,0.0
2024-08-01 00:00:00+05:30,1192.946036063854,1202.9323712314479,1187.4363711753606,1190.584716796875,8725046,0.0,0.0
2024-08-02 00:00:00+05:30,1177.69611282763,1182.271146810082,1170.9073643473816,1177.25341796875,10735395,0.0,0.0
2024-08-05 00:00:00+05:30,1162.937883324056,1169.7266310287719,1148.1797883580148,1153.689453125,14306771,0.0,0.0
2024-08-06 00:00:00+05:30,1156.0508158159441,1168.5459553164283,1142.768529846995,1148.0322265625,13575619,0.0,0.0
2024-08-07 00:00:00+05:30,1159.9371674712932,1160.7735557051485,1142.8669928495083,1153.5419921875,15753644,0.0,0.0
2024-08-08 00:00:00+05:30,1148.13068131111,1155.4606080648502,1140.210574811538,1145.818603515625,10806438,0.0,0.0
2024-08-09 00:00:00+05:30,1157.5758097480823,1161.9047548052447,1150.1475206629223,1152.70556640625,8687307,0.0,0.0
2024-08-12 00:00:00+05:30,1162.0336803927066,1169.228167312303,1147.1485350418181,1163.8199462890625,10860455,10.0,0.0
2024-08-13 00:00:00+05:30,1174.1402001247322,1180.143923785119,1154.6903013699869,1159.4039306640625,13117927,0.0,0.0
2024-08-14 00:00:00+05:30,1158.0642597488902,1161.090954297597,1144.1714580038308,1152.7552490234375,13431801,0.0,0.0
2024-08-16 00:00:00+05:30,1161.0412636212889,1183.8651517095705,1156.7245959708455,1178.1591796875,10961370,0.0,0.0
2024-08-19 00:00:00+05:30,1181.8804727263328,1186.5941018157116,1164.3160506791048,1166.8961181640625,6686394,0.0,0.0
2024-08-20 00:00:00+05:30,1165.2091443736933,1180.6897926432184,1161.041352076898,1170.4189453125,10427061,0.0,0.0
2024-08-21 00:00:00+05:30,1167.9876876109618,1169.625077755297,1156.178781920312,1165.8541259765625,17234142,0.0,0.0
2024-08-22 00:00:00+05:30,1172.9494391539793,1183.468250844818,1167.5907626667606,1181.979736328125,8564142,0.0,0.0
2024-08-23 00:00:00+05:30,1183.8651886303296,1195.7733045260243,1179.449310773257,1194.2847900390625,7518309,0.0,0.0
2024-08-26 00:00:00+05:30,1196.3191076607097,1205.647034605679,1191.8535643266057,1204.009765625,10920226,0.0,0.0
2024-08-27 00:00:00+05:30,1204.0098351320562,1223.0627726699063,1199.6435016150756,1216.9598388671875,16295325,0.0,0.0
2024-08-28 00:00:00+05:30,1213.2882407138438,1217.009527109644,1207.9792296829603,1214.47900390625,12291305,0.0,0.0
2024-08-29 00:00:00+05:30,1209.6164607584685,1225.5436144859966,1207.681440347739,1212.5439453125,10806748,0.0,0.0
2024-08-30 00:00:00+05:30,1220.5818867193016,1226.0894388087463,1209.5669036760319,1219.7879638671875,21211148,0.0,0.0
2024-09-02 00:00:00+05:30,1229.5129791826912,1229.7113993287953,1213.1393196536237,1220.5322265625,12516759,0.0,0.0
2024-09-03 00:00:00+05:30,1217.8033299887798,1241.371477184039,1211.055469999512,1238.1463623046875,19114907,0.0,0.0
2024-09-04 00:00:00+05:30,1230.3565014424944,1234.176997942738,1223.3605556490777,1226.88330078125,13505843,0.0,0.0
2024-09-05 00:00:00+05:30,1228.5206798050983,1235.3182053814185,1221.8720299114532,1226.486328125,9142811,0.0,0.0
2024-09-06 00:00:00+05:30,1216.5628019074484,1224.4520011114125,1195.7732653744783,1198.899169921875,10170479,0.0,0.0
2024-09-09 00:00:00+05:30,1193.6893937018356,1228.8183593866072,1191.2580807218426,1225.5435791015625,13863250,0.0,0.0
2024-09-10 00:00:00+05:30,1227.4786328440832,1231.844966297702,1217.6048683884173,1227.8260498046875,15545130,0.0,0.0
2024-09-11 00:00:00+05:30,1222.0704612349368,1229.8107854485313,1217.009535927106,1226.88330078125,11993242,0.0,0.0
2024-09-12 00:00:00+05:30,1228.520699503871,1247.3752175091806,1216.9598787103319,1242.5623779296875,15376442,0.0,0.0
2024-09-13 00:00:00+05:30,1242.4133910945052,1246.333097348584,1232.5396270556282,1240.7760009765625,9877288,0.0,0.0
2024-09-16 00:00:00+05:30,1241.4210578615323,1255.9092410243197,1235.169248684242,1253.1802978515625,8973335,0.0,0.0
2024-09-17 00:00:00+05:30,1250.302517024621,1262.508384404533,1248.7644580527592,1258.39013671875,11513121,0.0,0.0
2024-09-18 00:00:00+05:30,1252.3368930345305,1285.4315085718288,1252.3368930345305,1278.485107421875,12466597,0.0,0.0
2024-09-19 00:00:00+05:30,1278.4851014958492,1290.0459218689532,1275.5080724453824,1282.107177734375,13172268,0.0,0.0
2024-09-20 00:00:00+05:30,1285.0841618950908,1351.9184375163336,1281.6606270608918,1328.201416015625,73257767,0.0,0.0
2024-09-23 00:00:00+05:30,1320.80849505564,1321.60241788708,1298.4807781970735,1311.7781982421875,11380409,0.0,0.0
2024-09-24 00:00:00+05:30,1310.8850653274296,1321.2054564579635,1305.377513381459,1308.50341796875,13886037,0.0,0.0
2024-09-25 00:00:00+05:30,1300.7135877579847,1317.583418764573,1300.0685405806087,1313.7132568359375,8728019,0.0,0.0
2024-09-26 00:00:00+05:30,1309.892782398436,1323.1405374478413,1306.8165432729581,1318.87353515625,11100869,0.0,0.0
2024-09-27 00:00:00+05:30,1322.793216287465,1322.793216287465,1293.8663936696585,1296.5953369140625,17117379,0.0,0.0
2024-09-30 00:00:00+05:30,1282.2064133181361,1286.870498271365,1261.168789397214,1263.252685546875,12622212,0.0,0.0
2024-10-01 00:00:00+05:30,1260.0772141126831,1270.4471502080723,1257.8939867892805,1264.6419677734375,10972413,0.0,0.0
2024-10-03 00:00:00+05:30,1244.0011592918727,1256.0581509565811,1238.5929384016897,1246.7301025390625,17648551,0.0,0.0
2024-10-04 00:00:00+05:30,1237.5508987809962,1254.7184806872842,1226.734336136113,1230.2572021484375,13488887,0.0,0.0
2024-10-07 00:00:00+05:30,1232.0434743858432,1253.2795172340534,1215.6201496244253,1224.4520263671875,20667247,0.0,0.0
2024-10-08 00:00:00+05:30,1231.4976811477177,1238.245662101406,1220.3338222332038,1227.13134765625,12219259,0.0,0.0
2024-10-09 00:00:00+05:30,1233.5319821121263,1255.4130720043904,1223.2115909568488,1234.62353515625,14765997,0.0,0.0
2024-10-10 00:00:00+05:30,1237.2036303622588,1245.0927087268437,1228.520629146562,1233.978515625,9118195,0.0,0.0
2024-10-11 00:00:00+05:30,1227.528300150437,1231.299252032795,1212.6431550394777,1213.635498046875,8472512,0.0,0.0
2024-10-14 00:00:00+05:30,1211.6507942721546,1228.4214150784755,1208.0783837250117,1222.3184814453125,11833929,0.0,0.0
2024-10-15 00:00:00+05:30,1229.4632721003522,1248.6652054451272,1225.9405272443164,1245.8865966796875,11657338,0.0,0.0
2024-10-16 00:00:00+05:30,1238.9402364127245,1245.340800313192,1232.0930454805564,1233.6312255859375,7869727,0.0,0.0
2024-10-17 00:00:00+05:30,1239.8829828601924,1247.3255557801638,1215.024861988864,1221.8223876953125,8459497,0.0,0.0
2024-10-18 00:00:00+05:30,1218.547563181441,1259.1840825393742,1215.8682854811916,1254.8177490234375,11018126,0.0,0.0
2024-10-21 00:00:00+05:30,1254.8177669815936,1262.607635574402,1240.9746301061532,1249.4095458984375,7742775,0.0,0.0
2024-10-22 00:00:00+05:30,1256.9016668439735,1275.0615928812024,1250.1041412654479,1257.7947998046875,20090801,0.0,0.0
2024-10-23 00:00:00+05:30,1251.3445279562577,1258.2412633793258,1233.5320194899548,1242.0164794921875,14055447,0.0,0.0
2024-10-24 00:00:00+05:30,1240.6768573006573,1250.7987076222266,1231.547349996325,1243.15771484375,12223031,0.0,0.0
2024-10-25 00:00:00+05:30,1237.6998715609657,1259.184122863092,1224.7497462785968,1245.8370361328125,13546055,0.0,0.0
2024-10-28 00:00:00+05:30,1275.6569864282283,1297.7862848220739,1270.794481272672,1282.95068359375,24096412,0.0,0.0
2024-10-29 00:00:00+05:30,1291.3855165608227,1325.1251779791885,1289.3016205238707,1321.6519775390625,20656117,0.0,0.0
2024-10-30 00:00:00+05:30,1313.8621457191011,1320.7093367177222,1295.6030101013187,1302.1029052734375,15055031,0.0,0.0
2024-10-31 00:00:00+05:30,1297.2403694104125,1308.8507339009743,1278.6836040126998,1282.355224609375,23497314,0.0,0.0
2024-11-01 00:00:00+05:30,1280.0727600114117,1286.2749035463628,1276.4011394929669,1281.90869140625,1007022,0.0,0.0
2024-11-04 00:00:00+05:30,1280.221658871375,1281.908714624808,1260.3252547322475,1267.42041015625,14309121,0.0,0.0
2024-11-05 00:00:00+05:30,1263.2526375453915,1291.3359928673021,1253.4284176295798,1286.7711181640625,16431920,0.0,0.0
2024-11-06 00:00:00+05:30,1290.2940335374446,1304.9310933295442,1282.8017951557133,1292.3779296875,12037405,0.0,0.0
2024-11-07 00:00:00+05:30,1287.2177364325325,1292.824498565034,1265.4854006783698,1268.908935546875,9909035,0.0,0.0
2024-11-08 00:00:00+05:30,1260.2755859661174,1265.2373008714958,1243.108003939261,1249.2109375,11195808,0.0,0.0
2024-11-11 00:00:00+05:30,1252.3369021242906,1266.1304944492979,1237.1044608620273,1259.5810546875,8387780,0.0,0.0
2024-11-12 00:00:00+05:30,1266.3785236970411,1285.084164724792,1254.817703702316,1260.8709716796875,13486168,0.0,0.0
2024-11-13 00:00:00+05:30,1260.8709623351128,1266.477724382224,1240.4287212362626,1244.100341796875,12260404,0.0,0.0
2024-11-14 00:00:00+05:30,1244.149990424334,1257.993126310203,1233.5319691696748,1247.325439453125,9506892,0.0,0.0
2024-11-18 00:00:00+05:30,1250.3521900785158,1252.9322576721884,1239.8333784208526,1243.852294921875,6195554,0.0,0.0
2024-11-19 00:00:00+05:30,1247.4248442373848,1251.3445507199667,1231.3488145998942,1239.53564453125,11537317,0.0,0.0
2024-11-21 00:00:00+05:30,1238.9899233393824,1247.2759633109613,1223.1124350544421,1240.974609375,9593870,0.0,0.0
2024-11-22 00:00:00+05:30,1248.3675121917486,1271.588362957257,1246.3828261628269,1268.2640380859375,11604338,0.0,0.0
2024-11-25 00:00:00+05:30,1286.0765977985961,1301.160163762971,1280.1225394754547,1290.9886474609375,22717581,0.0,0.0
2024-11-26 00:00:00+05:30,1300.5647702425501,1304.1868465830694,1292.4771502005863,1294.9580078125,7646955,0.0,0.0
2024-11-27 00:00:00+05:30,1288.5573723920809,1300.812784090288,1287.9123252215186,1290.740478515625,21938082,0.0,0.0
2024-11-28 00:00:00+05:30,1291.0878806767676,1300.4654733696732,1272.4814498292426,1276.5003662109375,22803745,0.0,0.0
2024-11-29 00:00:00+05:30,1273.275310189296,1293.2710463550777,1273.275310189296,1290.1451416015625,11397228,0.0,0.0
2024-12-02 00:00:00+05:30,1289.946649219065,1300.5151260626694,1279.2789623057151,1294.6602783203125,9626400,0.0,0.0
2024-12-03 00:00:00+05:30,1293.9655928118616,1302.747925178162,1286.1757245707627,1298.381591796875,11509276,0.0,0.0
2024-12-04 00:00:00+05:30,1292.625936747851,1309.8927287632168,1291.7328038420255,1305.9730224609375,11570281,0.0,0.0
2024-12-05 00:00:00+05:30,1306.171532833215,1332.6174992065928,1298.5800843127004,1326.2664794921875,19210697,0.0,0.0
2024-12-06 00:00:00+05:30,1332.2205223736623,1336.7852761002946,1316.5414539912906,1318.5758056640625,8942672,0.0,0.0
2024-12-09 00:00:00+05:30,1311.9766296210685,1318.8734860133875,1310.1408193352056,1312.1751708984375,8000764,0.0,0.0
2024-12-10 00:00:00+05:30,1308.9004164217674,1321.8008754160685,1305.1791301734115,1320.2626953125,8218214,0.0,0.0
2024-12-11 00:00:00+05:30,1314.5567183054773,1321.0566133833202,1305.9233826947975,1317.3353271484375,8138066,0.0,0.0
2024-12-12 00:00:00+05:30,1311.4309069614158,1328.4991576758143,1311.4309069614158,1319.0718994140625,9076896,0.0,0.0
2024-12-13 00:00:00+05:30,1315.201818050664,1336.8349446817394,1303.4425773055236,1334.6021728515625,13536684,0.0,0.0
2024-12-16 00:00:00+05:30,1334.6020835708346,1340.1095143687996,1329.7892443970975,1335.7928466796875,9071006,0.0,0.0
2024-12-17 00:00:00+05:30,1331.7243053318298,1337.7775734016686,1315.8964829440192,1323.5374755859375,9879257,0.0,0.0
2024-12-18 00:00:00+05:30,1315.1026301384318,1324.728309292061,1297.4388753521955,1304.087646484375,8510595,0.0,0.0
2024-12-19 00:00:00+05:30,1276.1531316977298,1293.0229631431896,1274.614951552865,1277.0462646484375,11517304,0.0,0.0
2024-12-20 00:00:00+05:30,1274.1187908536028,1287.8131731856893,1262.657301485049,1278.5347900390625,58491181,0.0,0.0
2024-12-23 00:00:00+05:30,1284.736921667357,1296.992333800165,1277.1951389037538,1286.8704833984375,6827512,0.0,0.0
2024-12-24 00:00:00+05:30,1286.8705106850512,1294.5115036860577,1280.3706152786017,1287.3170166015625,7138516,0.0,0.0
2024-12-26 00:00:00+05:30,1296.9922716557783,1302.6982437766815,1279.3285182011693,1287.4161376953125,7338444,0.0,0.0
2024-12-27 00:00:00+05:30,1288.6071205266592,1305.8737927483876,1288.6071205266592,1297.5382080078125,4756066,0.0,0.0
2024-12-30 00:00:00+05:30,1294.957999087405,1316.343040012265,1279.576681997175,1284.7369384765625,14207425,0.0,0.0
2024-12-31 00:00:00+05:30,1277.0462265132433,1280.0727999714104,1270.2982456823183,1271.83642578125,8449607,0.0,0.0
2025-01-01 00:00:00+05:30,1271.8364809130148,1283.0995501851953,1257.3978412327829,1273.8211669921875,4705399,0.0,0.0
2025-01-02 00:00:00+05:30,1275.26000882058,1283.4965044573805,1268.6113589467466,1280.7178955078125,7433222,0.0,0.0
2025-01-03 00:00:00+05:30,1276.3514823434055,1278.1377481475479,1252.5849166143184,1255.363525390625,11194997,0.0,0.0
2025-01-06 00:00:00+05:30,1258.3406039432266,1267.9662826986646,1247.3751652140256,1254.4207763671875,7504047,0.0,0.0
2025-01-07 00:00:00+05:30,1256.8024602237333,1279.0805130186131,1256.8024602237333,1269.454833984375,7539758,0.0,0.0
2025-01-08 00:00:00+05:30,1270.7448974492877,1275.1607754157394,1242.7607517198803,1254.073486328125,7566309,0.0,0.0
2025-01-09 00:00:00+05:30,1248.3675530849682,1255.0658686519982,1238.543332692866,1252.73388671875,8684920,0.0,0.0
2025-01-10 00:00:00+05:30,1249.359870144571,1255.264262696962,1233.5815917988612,1240.2799072265625,7854524,0.0,0.0
2025-01-13 00:00:00+05:30,1225.4444532249365,1234.4250851207983,1215.5210227528514,1220.3338623046875,9669336,0.0,0.0
2025-01-14 00:00:00+05:30,1223.9062438907645,1235.3181886617992,1218.0513958245872,1230.8031005859375,10342698,0.0,0.0
2025-01-15 00:00:00+05:30,1224.551219155373,1234.8716102214069,1220.5818472942535,1228.7686767578125,5355382,0.0,0.0
2025-01-16 00:00:00+05:30,1235.56627244332,1245.8866640990627,1230.1580514277643,1239.53564453125,11895924,0.0,0.0
2025-01-17 00:00:00+05:30,1233.8296138721637,1239.4363759086416,1208.6737436803246,1216.066650390625,9790533,0.0,0.0
2025-01-20 00:00:00+05:30,1214.5286456993424,1232.2419443689244,1205.944854354206,1223.50927734375,7676418,0.0,0.0
2025-01-21 00:00:00+05:30,1227.4786100806577,1229.4632960558952,1183.567432878532,1186.9910888671875,20520898,0.0,0.0
2025-01-22 00:00:00+05:30,1191.8038937223043,1198.2541229556057,1182.6743869540314,1191.258056640625,10377123,0.0,0.0
2025-01-23 00:00:00+05:30,1188.0826742078204,1198.6511515402387,1176.9188152937772,1192.5482177734375,8770650,0.0,0.0
2025-01-24 00:00:00+05:30,1193.8878937592276,1208.6738293636251,1192.7963406363526,1199.941162109375,9216792,0.0,0.0
2025-01-27 00:00:00+05:30,1185.8499521739243,1225.1963785798748,1183.9644761399952,1218.547607421875,16164687,0.0,0.0
2025-01-28 00:00:00+05:30,1237.7990449684048,1254.3215805212242,1226.535975889425,1237.3525390625,18066499,0.0,0.0
2025-01-29 00:00:00+05:30,1242.4134579383835,1246.1844098592185,1233.5320363858045,1242.066162109375,7666777,0.0,0.0
2025-01-30 00:00:00+05:30,1240.428743300886,1250.203297570973,1230.0091418571585,1245.98583984375,11921041,0.0,0.0
2025-01-31 00:00:00+05:30,1244.8943321590757,1246.3828467053002,1229.6122252573796,1243.2073974609375,10195417,0.0,0.0
2025-02-01 00:00:00+05:30,1241.5699459496786,1251.6917959101459,1224.3528194419691,1245.936279296875,3011914,0.0,0.0
2025-02-03 00:00:00+05:30,1237.3028281264465,1250.3521626222068,1228.3221967826344,1243.40576171875,6176831,0.0,0.0
2025-02-04 00:00:00+05:30,1253.1308244391428,1270.6952475836679,1250.3522155059911,1258.4893798828125,14839077,0.0,0.0
2025-02-05 00:00:00+05:30,1260.4740215455731,1267.966259598702,1255.462762111137,1257.9931640625,6840709,0.0,0.0
2025-02-06 00:00:00+05:30,1265.2372940723083,1269.2066659752802,1253.5275985042942,1262.6572265625,8396554,0.0,0.0
2025-02-07 00:00:00+05:30,1262.2603567708522,1265.2373859141799,1239.9823038025354,1247.2760009765625,7382039,0.0,0.0
2025-02-10 00:00:00+05:30,1247.5735745348811,1255.3138984101563,1239.7837061908433,1252.9322509765625,5740361,0.0,0.0
2025-02-11 00:00:00+05:30,1246.2339539700604,1252.188012073483,1238.8410469458931,1243.15771484375,6586627,0.0,0.0
2025-02-12 00:00:00+05:30,1247.5735208959845,1260.0274734986122,1235.119689428972,1242.2149658203125,8809352,0.0,0.0
2025-02-13 00:00:00+05:30,1242.9592342670746,1256.3061987457909,1236.3601292961446,1239.337158203125,7263785,0.0,0.0
2025-02-14 00:00:00+05:30,1242.5126718509223,1253.8254065127483,1234.9212235163006,1250.451416015625,10368438,0.0,0.0
2025-02-17 00:00:00+05:30,1241.5699462890625,1248.5163471638045,1223.8069826822411,1241.5699462890625,8386151,0.0,0.0
2025-02-18 00:00:00+05:30,1243.3065364897366,1247.9705000138076,1227.5779245772142,1233.531982421875,8135042,0.0,0.0
2025-02-19 00:00:00+05:30,1225.3947820253827,1254.7681118615644,1220.8300282561831,1251.9896240234375,10683412,0.0,0.0
2025-02-20 00:00:00+05:30,1245.7378271028595,1254.3216187366877,1237.203701075922,1240.379150390625,8398849,0.0,0.0
2025-02-21 00:00:00+05:30,1231.5968971791747,1235.1693078219741,1215.173692889092,1223.50927734375,7786428,0.0,0.0
2025-02-24 00:00:00+05:30,1217.3071583182455,1222.467414805944,1200.9831637697991,1209.0211181640625,11522480,0.0,0.0
2025-02-25 00:00:00+05:30,1217.2079253456668,1222.2193060560244,1211.6508286551266,1214.7767333984375,11059417,0.0,0.0
2025-02-27 00:00:00+05:30,1215.769120615194,1225.3947998146707,1209.1203494513463,1213.0897216796875,12008162,0.0,0.0
2025-02-28 00:00:00+05:30,1206.6891556122284,1215.620243112648,1190.9108768010287,1194.8802490234375,20215075,0.0,0.0
2025-03-03 00:00:00+05:30,1201.2312348006667,1207.6814644794808,1194.929880803104,1196.964111328125,8158881,0.0,0.0
2025-03-04 00:00:00+05:30,1197.9068433475454,1207.334101585249,1197.0137104452713,1201.1319580078125,9574490,0.0,0.0
2025-03-05 00:00:00+05:30,1207.6814517983407,1216.5628733470458,1202.0251450551775,1206.391357421875,9052846,0.0,0.0
2025-03-06 00:00:00+05:30,1218.5476101118768,1218.5476101118768,1199.7427576093883,1208.7235107421875,11949475,0.0,0.0
2025-03-07 00:00:00+05:30,1201.8265880949464,1208.5249033729367,1197.0634143564148,1205.250244140625,6620284,0.0,0.0
2025-03-10 00:00:00+05:30,1198.7503263397664,1216.4140799337886,1198.7503263397664,1205.5478515625,7363437,0.0,0.0
2025-03-11 00:00:00+05:30,1207.8798680000234,1238.4440812807522,1207.8798680000234,1235.864013671875,10927950,0.0,0.0
2025-03-12 00:00:00+05:30,1237.4020778822246,1242.3637929723905,1225.8413786306357,1234.425048828125,11548372,0.0,0.0
2025-03-13 00:00:00+05:30,1241.4707365370484,1245.9858244254206,1235.7647643884725,1240.4783935546875,8132940,0.0,0.0
2025-03-17 00:00:00+05:30,1247.4248742515454,1264.1953748180651,1245.1424367918191,1259.2833251953125,11164812,0.0,0.0
2025-03-18 00:00:00+05:30,1259.2833251953125,1259.2833251953125,1259.2833251953125,1259.2833251953125,0,0.0,0.0
2025-03-19 00:00:00+05:30,1295.6029599370165,1308.2057883620175,1292.1794251380722,1303.0455322265625,11278014,0.0,0.0
2025-03-20 00:00:00+05:30,1309.8927772461004,1314.1102350516276,1301.0113557334153,1311.5797119140625,10886735,0.0,0.0
2025-03-21 00:00:00+05:30,1305.923445707521,1338.6707661545943,1301.5571120874529,1332.81591796875,60494318,0.0,0.0
2025-03-24 00:00:00+05:30,1345.5675050388625,1362.4870024308004,1334.7510627437973,1347.750732421875,9352280,0.0,0.0
2025-03-25 00:00:00+05:30,1348.5941513991709,1353.3574463042776,1319.8658696966822,1333.4112548828125,16419207,0.0,0.0
2025-03-26 00:00:00+05:30,1333.7586400786652,1347.6017762925185,1321.304687138062,1325.6710205078125,10859639,0.0,0.0
2025-03-27 00:00:00+05:30,1322.9420827344788,1341.1515523929718,1322.9420827344788,1326.415283203125,15109614,0.0,0.0
2025-03-28 00:00:00+05:30,1325.7702231722565,1347.5521031600986,1317.0375564815454,1338.025634765625,8266544,0.0,0.0
2025-04-01 00:00:00+05:30,1329.739654923708,1341.995067068455,1305.328040709696,1308.3546142578125,14288024,0.0,0.0
2025-04-02 00:00:00+05:30,1312.026343402594,1327.705290380845,1312.026343402594,1321.056640625,8042214,0.0,0.0
2025-04-03 00:00:00+05:30,1311.8278468858045,1322.7932860458366,1311.1332552048473,1319.3697509765625,4591008,0.0,0.0
2025-04-04 00:00:00+05:30,1319.3697112264526,1328.3007984100484,1311.9766830431024,1325.07568359375,8648542,0.0,0.0
2025-04-07 00:00:00+05:30,1285.3322768617725,1314.854481252151,1255.3139009690346,1277.6912841796875,19185012,0.0,0.0
2025-04-08 00:00:00+05:30,1289.8969896705237,1300.0189606799747,1277.4927025037578,1289.9466552734375,13085762,0.0,0.0
2025-04-09 00:00:00+05:30,1294.9579703581671,1295.106846037701,1274.6646041339118,1290.83984375,13005622,0.0,0.0
2025-04-11 00:00:00+05:30,1295.1067945023049,1314.8544439632922,1295.1067945023049,1301.606689453125,13064247,0.0,0.0
2025-04-15 00:00:00+05:30,1340.655373037739,1343.9301533432258,1325.9686484021752,1339.8614501953125,15202603,0.0,0.0
2025-04-16 00:00:00+05:30,1346.6094196449503,1349.2886972283168,1332.6174078978706,1346.0140380859375,14039073,0.0,0.0
2025-04-17 00:00:00+05:30,1351.5711498907554,1398.112060263163,1349.6856739861041,1395.9288330078125,17490424,0.0,0.0
2025-04-21 00:00:00+05:30,1425.004587897116,1425.004587897116,1393.9442026732427,1399.0052490234375,16882426,0.0,0.0
2025-04-22 00:00:00+05:30,1401.9823098324273,1407.9363681338637,1388.1887172069748,1405.6539306640625,16135274,0.0,0.0
2025-04-23 00:00:00+05:30,1418.0581618237188,1418.9512947601793,1400.4937389943566,1413.493408203125,13990764,0.0,0.0
2025-04-24 00:00:00+05:30,1405.4554343163697,1410.3178180904442,1388.0894318786184,1391.95947265625,15678099,0.0,0.0
2025-04-25 00:00:00+05:30,1399.2035920369979,1403.966886762009,1377.769008045682,1394.04345703125,11705093,0.0,0.0
2025-04-28 00:00:00+05:30,1394.8373106964493,1424.0122194189871,1393.0511659597357,1417.8597412109375,10948561,0.0,0.0
2025-04-29 00:00:00+05:30,1417.8597077945897,1427.2869661678633,1411.7071085959242,1418.85205078125,10786910,0.0,0.0
2025-04-30 00:00:00+05:30,1422.0275444346203,1422.7221360927958,1389.2802248488963,1416.073486328125,14192027,0.0,0.0
2025-05-02 00:00:00+05:30,1415.9742091510598,1435.5233172200462,1413.6917718641512,1419.149658203125,8842434,0.0,0.0
2025-05-05 00:00:00+05:30,1428.9738894731652,1435.7218701832576,1415.081087769954,1418.455078125,4565705,0.0,0.0
2025-05-06 00:00:00+05:30,1418.0581160771362,1422.7220796211836,1409.5239906903596,1420.63818359375,6301690,0.0,0.0
2025-05-07 00:00:00+05:30,1414.0887881642996,1430.9586193213472,1410.119416127347,1424.4091796875,10480453,0.0,0.0
2025-05-08 00:00:00+05:30,1427.5846620245352,1437.8058437113664,1415.1803741209164,1424.5084228515625,15306490,0.0,0.0
2025-05-09 00:00:00+05:30,1404.3638078003796,1409.0278927234135,1376.379782804671,1378.2652587890625,13491197,0.0,0.0
2025-05-12 00:00:00+05:30,1398.6082269981746,1441.8743569081432,1393.249550653154,1437.4088134765625,9925445,0.0,0.0
2025-05-13 00:00:00+05:30,1429.0731325397105,1436.8134564073198,1416.4704248722041,1419.6458740234375,12475424,0.0,0.0
2025-05-14 00:00:00+05:30,1418.9512828044426,1429.6685145448027,1406.4477852062123,1415.279541015625,8026837,0.0,0.0
2025-05-15 00:00:00+05:30,1414.9819190581854,1445.3475908699352,1404.6615275498752,1439.6912841796875,18209264,0.0,0.0
2025-05-16 00:00:00+05:30,1442.172107583965,1447.5306627908633,1435.920298328426,1442.86669921875,6439208,0.0,0.0
2025-05-19 00:00:00+05:30,1435.4241717584057,1448.5230511072755,1432.7448940711074,1437.905029296875,6005334,0.0,0.0
2025-05-20 00:00:00+05:30,1439.0957378026826,1447.8284044606678,1424.5083444847762,1427.1876220703125,11352383,0.0,0.0
2025-05-21 00:00:00+05:30,1431.8517946649677,1440.1875004165765,1427.485461067875,1433.637939453125,5510460,0.0,0.0
2025-05-22 00:00:00+05:30,1430.0655182967434,1434.2334317099203,1416.867428660744,1431.057861328125,7245933,0.0,0.0
2025-05-23 00:00:00+05:30,1431.1570706662649,1440.6836606711147,1423.4168677068544,1438.698974609375,5203706,0.0,0.0
2025-05-26 00:00:00+05:30,1446.8360701649403,1460.331910515487,1443.8590412139838,1449.4161376953125,5608725,0.0,0.0
2025-05-27 00:00:00+05:30,1441.3782192942826,1451.7978208795425,1424.7068083036186,1435.324951171875,14842959,0.0,0.0
2025-05-28 00:00:00+05:30,1436.5157355383742,1446.836127202333,1431.454810349359,1442.6683349609375,8618343,0.0,0.0
2025-05-29 00:00:00+05:30,1445.4467442494526,1451.698553407669,1433.9355900375203,1445.3475341796875,15545514,0.0,0.0
2025-05-30 00:00:00+05:30,1448.7216268807567,1449.7139699197687,1433.2410996992944,1434.7296142578125,11803975,0.0,0.0
2025-06-02 00:00:00+05:30,1430.9586389930196,1448.8208134048605,1421.8291316367724,1439.3935546875,9458990,0.0,0.0
2025-06-03 00:00:00+05:30,1443.7598455387374,1443.8590556109682,1421.035166759386,1426.8900146484375,11167345,0.0,0.0
2025-06-04 00:00:00+05:30,1426.3938661679927,1429.0731438395549,1415.4780930628378,1420.0428466796875,8025388,0.0,0.0
2025-06-05 00:00:00+05:30,1419.9436226094324,1447.8284366760695,1416.3712120373557,1443.66064453125,11385668,0.0,0.0
2025-06-06 00:00:00+05:30,1437.5080878919146,1450.2101271201,1431.0578582020253,1448.5230712890625,11580994,0.0,0.0
2025-06-09 00:00:00+05:30,1453.7825541382838,1455.5688200651953,1422.4245382897982,1423.8138427734375,11022031,0.0,0.0
2025-06-10 00:00:00+05:30,1427.9815809293386,1430.660858582463,1405.6538633679,1412.0048828125,12905272,0.0,0.0
2025-06-11 00:00:00+05:30,1410.9133394459884,1423.5160472131458,1407.737769134025,1420.0428466796875,7136877,0.0,0.0
2025-06-12 00:00:00+05:30,1419.5466979345517,1425.5007560873705,1409.127096167119,1414.2872314453125,7953247,0.0,0.0
2025-06-13 00:00:00+05:30,1392.8526699787633,1410.6156346634868,1392.8526699787633,1405.2569580078125,7573103,0.0,0.0
2025-06-16 00:00:00+05:30,1405.7530618658518,1418.0581392255135,1403.3714144517853,1415.9742431640625,5451137,0.0,0.0
2025-06-17 00:00:00+05:30,1415.9742319665809,1418.8520508551696,1406.9439350146247,1412.302490234375,6970098,0.0,0.0
2025-06-18 00:00:00+05:30,1406.150024814166,1421.0351697486842,1399.402043989603,1401.78369140625,6751745,0.0,0.0
2025-06-19 00:00:00+05:30,1397.2189939427594,1403.8676438261634,1393.9442134714564,1400.4937744140625,8849883,0.0,0.0
2025-06-20 00:00:00+05:30,1400.4937821267788,1422.3253290273638,1399.4021078732494,1416.1727294921875,12408178,0.0,0.0
2025-06-23 00:00:00+05:30,1406.1500791810931,1412.3025575376569,1401.0891539348067,1409.226318359375,5514384,0.0,0.0
2025-06-24 00:00:00+05:30,1416.7680893764307,1424.9053748687675,1405.6538959425357,1413.1956787109375,11188438,0.0,0.0
2025-06-25 00:00:00+05:30,1411.1117385952273,1417.9589294864209,1404.463088984364,1414.8826904296875,7527388,0.0,0.0
2025-06-26 00:00:00+05:30,1413.8903780949927,1436.4165161110168,1410.814017835929,1428.080810546875,13617435,0.0,0.0
2025-06-27 00:00:00+05:30,1427.882386711014,1454.774858156496,1426.0961208320166,1451.00390625,22532899,0.0,0.0
2025-06-30 00:00:00+05:30,1450.6071028820047,1450.706312958781,1431.2564136212704,1434.7296142578125,6325073,0.0,0.0
2025-07-01 00:00:00+05:30,1434.6302067068036,1436.5156826077227,1418.653508855977,1421.03515625,7761449,0.0,0.0
2025-07-02 00:00:00+05:30,1421.2336440793872,1439.8897415628453,1411.707175185214,1416.867431640625,13372280,0.0,0.0
2025-07-03 00:00:00+05:30,1421.1344118511029,1435.027214103107,1412.798706272776,1414.98193359375,10177738,0.0,0.0
2025-07-04 00:00:00+05:30,1416.0734952431667,1433.3402880878325,1410.2186471744621,1431.7525634765625,5066503,0.0,0.0
2025-07-07 00:00:00+05:30,1425.9968814549877,1429.8670433562065,1418.6535190770169,1424.706787109375,5177477,0.0,0.0
2025-07-08 00:00:00+05:30,1421.035188079707,1433.935647189369,1419.050502062836,1430.9586181640625,5315847,0.0,0.0
2025-07-09 00:00:00+05:30,1425.2030375827696,1427.683895203639,1415.6765685457565,1420.93603515625,8827347,0.0,0.0
2025-07-10 00:00:00+05:30,1425.7985078190466,1427.981614021397,1411.2109926594833,1413.1956787109375,7795964,0.0,0.0
2025-07-11 00:00:00+05:30,1411.111783317687,1417.0658414751456,1403.7684206963636,1411.0125732421875,7158015,0.0,0.0
2025-07-14 00:00:00+05:30,1413.9896019530586,1413.9896019530586,1405.2569348701418,1412.1041259765625,5846154,0.0,0.0
2025-07-15 00:00:00+05:30,1410.218682168871,1422.8215115677394,1408.134785993891,1419.844482421875,6041457,0.0,0.0
2025-07-16 00:00:00+05:30,1415.081187967311,1418.25663727007,1408.2339967016344,1415.4781494140625,5649093,0.0,0.0
2025-07-17 00:00:00+05:30,1410.1194736013367,1412.3025798563917,1398.7075285299677,1407.8370361328125,12927394,0.0,0.0
2025-07-18 00:00:00+05:30,1404.9592604817603,1418.0581395587762,1397.7151081655259,1414.8826904296875,11297246,0.0,0.0
2025-07-21 00:00:00+05:30,1436.9126621837045,1456.4617708047458,1425.9968891975022,1454.576416015625,13867136,0.0,0.0
2025-07-22 00:00:00+05:30,1462.8128219007424,1470.6523559877205,1458.4464883845856,1462.316650390625,8930165,0.0,0.0
2025-07-23 00:00:00+05:30,1471.5454755170424,1478.5910866693491,1461.3242940475627,1477.2017822265625,11974174,0.0,0.0
2025-07-24 00:00:00+05:30,1476.3086281822896,1477.3009711792895,1466.782159638216,1472.0416259765625,6700578,0.0,0.0
2025-07-25 00:00:00+05:30,1488.5144734435703,1488.5144734435703,1462.31659448384,1465.789794921875,8696077,0.0,0.0
2025-07-28 00:00:00+05:30,1465.7898930637602,1482.3620946590604,1465.7898930637602,1477.00341796875,7507479,0.0,0.0
2025-07-29 00:00:00+05:30,1468.5685019046516,1478.3927223132807,1464.1029581857863,1474.8201904296875,9776027,0.0,0.0
2025-07-30 00:00:00+05:30,1476.308661728485,1477.1025845983731,1465.9883912336757,1471.04931640625,7238625,0.0,0.0
2025-07-31 00:00:00+05:30,1458.6450618514623,1483.0566764606926,1452.7902136757805,1470.0570068359375,12406146,0.0,0.0
2025-08-01 00:00:00+05:30,1469.0645758820863,1473.7285394467383,1458.5457644921182,1460.3319091796875,4416771,0.0,0.0
2025-08-04 00:00:00+05:30,1465.492177404952,1467.4768633867377,1450.1108610461113,1451.9962158203125,6140054,0.0,0.0
2025-08-05 00:00:00+05:30,1441.8743352750153,1450.3092505192255,1429.96621963613,1433.3402099609375,14799343,0.0,0.0
2025-08-06 00:00:00+05:30,1431.2564134495642,1442.866778550362,1430.561700640964,1432.54638671875,7805252,0.0,0.0
2025-08-07 00:00:00+05:30,1430.0655302659995,1436.8135113901221,1418.1574137897542,1429.271728515625,7432535,0.0,0.0
2025-08-08 00:00:00+05:30,1434.8288259088201,1436.5157606227415,1421.0352334242946,1424.9053955078125,5415511,0.0,0.0
2025-08-11 00:00:00+05:30,1416.9666396615337,1427.3862414978396,1409.5240669213151,1425.5999755859375,8492484,0.0,0.0
2025-08-12 00:00:00+05:30,1431.0,1433.800048828125,1420.0999755859375,1422.0,5913947,11.0,0.0
2025-08-13 00:00:00+05:30,1424.5999755859375,1427.699951171875,1415.199951171875,1420.800048828125,9009465,0.0,0.0
2025-08-14 00:00:00+05:30,1412.0,1431.0999755859375,1412.0,1427.300048828125,7577793,0.0,0.0
2025-08-18 00:00:00+05:30,1450.0,1452.4000244140625,1431.0,1434.5999755859375,6908844,0.0,0.0
2025-08-19 00:00:00+05:30,1431.0999755859375,1438.5,1426.300048828125,1436.300048828125,6709554,0.0,0.0
2025-08-20 00:00:00+05:30,1432.5999755859375,1435.9000244140625,1423.0,1430.5999755859375,5817858,0.0,0.0
2025-08-21 00:00:00+05:30,1440.0999755859375,1447.800048828125,1436.4000244140625,1446.0,6238645,0.0,0.0
2025-08-22 00:00:00+05:30,1444.300048828125,1446.0,1429.4000244140625,1436.4000244140625,6657207,0.0,0.0
2025-08-25 00:00:00+05:30,1435.9000244140625,1435.9000244140625,1424.0,1433.199951171875,6738427,0.0,0.0
2025-08-26 00:00:00+05:30,1427.9000244140625,1427.9000244140625,1413.0999755859375,1416.5999755859375,8720155,0.0,0.0
2025-08-28 00:00:00+05:30,1408.0,1411.800048828125,1396.300048828125,1399.0999755859375,12990789,0.0,0.0
2025-08-29 00:00:00+05:30,1392.0999755859375,1405.0,1392.0999755859375,1397.800048828125,8519507,0.0,0.0
2025-09-01 00:00:00+05:30,1398.0999755859375,1412.4000244140625,1398.0999755859375,1411.0,4927348,0.0,0.0
2025-09-02 00:00:00+05:30,1413.9000244140625,1413.9000244140625,1390.0,1394.199951171875,7163073,0.0,0.0
2025-09-03 00:00:00+05:30,1389.0,1400.0,1384.199951171875,1397.0,9813382,0.0,0.0
2025-09-04 00:00:00+05:30,1409.9000244140625,1415.0999755859375,1401.9000244140625,1405.5,10564859,0.0,0.0
2025-09-05 00:00:00+05:30,1411.0,1411.5,1387.699951171875,1402.800048828125,6621077,0.0,0.0
2025-09-08 00:00:00+05:30,1402.199951171875,1410.5999755859375,1397.5999755859375,1402.699951171875,5880943,0.0,0.0
2025-09-09 00:00:00+05:30,1399.0,1407.5,1395.199951171875,1403.699951171875,6470679,0.0,0.0
2025-09-10 00:00:00+05:30,1410.0,1413.699951171875,1402.0999755859375,1403.9000244140625,7452347,0.0,0.0
2025-09-11 00:00:00+05:30,1398.0,1408.0,1396.0,1401.5999755859375,10192026,0.0,0.0
2025-09-12 00:00:00+05:30,1405.0999755859375,1419.699951171875,1400.0999755859375,1417.699951171875,7770038,0.0,0.0
2025-09-15 00:00:00+05:30,1422.0,1426.800048828125,1416.300048828125,1419.4000244140625,5845637,0.0,0.0
2025-09-16 00:00:00+05:30,1414.0,1424.9000244140625,1413.699951171875,1421.5999755859375,8213151,0.0,0.0
2025-09-17 00:00:00+05:30,1420.0999755859375,1426.0999755859375,1416.4000244140625,1419.199951171875,7484283,0.0,0.0
2025-09-18 00:00:00+05:30,1431.0999755859375,1432.800048828125,1415.300048828125,1421.699951171875,8130537,0.0,0.0
2025-09-19 00:00:00+05:30,1416.0999755859375,1418.0,1400.199951171875,1402.199951171875,13457344,0.0,0.0
2025-09-22 00:00:00+05:30,1403.9000244140625,1409.9000244140625,1397.199951171875,1401.5,8847948,0.0,0.0
2025-09-23 00:00:00+05:30,1391.0,1403.300048828125,1391.0,1394.300048828125,12827524,0.0,0.0
2025-09-24 00:00:00+05:30,1386.4000244140625,1390.9000244140625,1376.5,1382.699951171875,9735678,0.0,0.0
2025-09-25 00:00:00+05:30,1377.0,1391.5,1371.800048828125,1375.800048828125,21613389,0.0,0.0
2025-09-26 00:00:00+05:30,1368.0,1372.699951171875,1357.0,1359.5999755859375,18342280,0.0,0.0
2025-09-29 00:00:00+05:30,1359.5999755859375,1366.5,1346.199951171875,1348.0999755859375,20563163,0.0,0.0
2025-09-30 00:00:00+05:30,1353.699951171875,1356.5999755859375,1342.5999755859375,1348.0,20166871,0.0,0.0
2025-10-01 00:00:00+05:30,1348.0,1379.4000244140625,1347.0999755859375,1372.0,20952632,0.0,0.0
2025-10-03 00:00:00+05:30,1371.9000244140625,1371.9000244140625,1361.300048828125,1365.199951171875,12163695,0.0,0.0
2025-10-06 00:00:00+05:30,1371.0,1372.5999755859375,1359.0999755859375,1363.4000244140625,14314283,0.0,0.0
2025-10-07 00:00:00+05:30,1363.5999755859375,1383.0999755859375,1363.5999755859375,1375.9000244140625,16126464,0.0,0.0
2025-10-08 00:00:00+05:30,1372.300048828125,1381.5999755859375,1364.300048828125,1370.300048828125,8100832,0.0,0.0
2025-10-09 00:00:00+05:30,1369.800048828125,1378.699951171875,1365.0999755859375,1376.199951171875,7909575,0.0,0.0
2025-10-10 00:00:00+05:30,1370.300048828125,1385.0,1370.300048828125,1380.300048828125,7673816,0.0,0.0
2025-10-13 00:00:00+05:30,1373.0999755859375,1386.4000244140625,1373.0999755859375,1379.4000244140625,8923018,0.0,0.0
2025-10-14 00:00:00+05:30,1389.0,1389.0,1375.0999755859375,1384.0999755859375,10610855,0.0,0.0
2025-10-15 00:00:00+05:30,1386.5,1400.4000244140625,1385.5,1398.4000244140625,8988550,0.0,0.0
2025-10-16 00:00:00+05:30,1401.0,1418.9000244140625,1399.4000244140625,1417.300048828125,12185032,0.0,0.0
2025-10-17 00:00:00+05:30,1412.0,1439.5999755859375,1410.9000244140625,1436.5999755859375,17037215,0.0,0.0
2025-10-20 00:00:00+05:30,1442.0,1445.0,1389.199951171875,1390.300048828125,23330227,0.0,0.0
2025-10-21 00:00:00+05:30,1384.5,1387.5999755859375,1375.9000244140625,1382.0,3415560,0.0,0.0
2025-10-23 00:00:00+05:30,1385.0,1389.800048828125,1360.0999755859375,1363.699951171875,21124942,0.0,0.0
2025-10-24 00:00:00+05:30,1368.0999755859375,1381.5999755859375,1368.0999755859375,1377.699951171875,10570263,0.0,0.0
2025-10-27 00:00:00+05:30,1382.0999755859375,1386.800048828125,1374.0,1377.5999755859375,11499836,0.0,0.0
2025-10-28 00:00:00+05:30,1373.0,1375.800048828125,1356.199951171875,1363.0999755859375,26477914,0.0,0.0
2025-10-29 00:00:00+05:30,1364.5999755859375,1371.699951171875,1358.4000244140625,1370.4000244140625,16129382,0.0,0.0
2025-10-30 00:00:00+05:30,1362.4000244140625,1370.199951171875,1361.300048828125,1362.4000244140625,9324401,0.0,0.0
2025-10-31 00:00:00+05:30,1357.0,1362.0,1343.300048828125,1345.300048828125,15926798,0.0,0.0
2025-11-03 00:00:00+05:30,1340.5,1351.5999755859375,1337.9000244140625,1346.4000244140625,11071450,0.0,0.0
2025-11-04 00:00:00+05:30,1342.5999755859375,1349.800048828125,1333.199951171875,1336.9000244140625,15211183,0.0,0.0
2025-11-05 00:00:00+05:30,1336.9000244140625,1336.9000244140625,1336.9000244140625,1336.9000244140625,0,0.0,0.0
2025-11-06 00:00:00+05:30,1330.0,1342.199951171875,1317.4000244140625,1320.4000244140625,24221853,0.0,0.0
2025-11-07 00:00:00+05:30,1320.4000244140625,1344.300048828125,1318.5999755859375,1343.0,7719245,0.0,0.0
2025-11-10 00:00:00+05:30,1342.9000244140625,1349.5999755859375,1341.0,1348.0,8542340,0.0,0.0
2025-11-11 00:00:00+05:30,1349.0,1360.4000244140625,1346.199951171875,1358.300048828125,8305184,0.0,0.0
2025-11-12 00:00:00+05:30,1370.0,1370.0,1355.4000244140625,1358.9000244140625,9736761,0.0,0.0
2025-11-13 00:00:00+05:30,1358.9000244140625,1390.4000244140625,1358.5,1385.9000244140625,18296626,0.0,0.0
2025-11-14 00:00:00+05:30,1374.0,1381.199951171875,1363.199951171875,1373.0,9694498,0.0,0.0
2025-11-17 00:00:00+05:30,1375.0999755859375,1382.5,1373.5999755859375,1379.0,7660717,0.0,0.0
2025-11-18 00:00:00+05:30,1380.199951171875,1382.800048828125,1369.0999755859375,1373.4000244140625,9529560,0.0,0.0
2025-11-19 00:00:00+05:30,1373.5,1384.0,1371.5999755859375,1383.0999755859375,10393918,0.0,0.0
2025-11-20 00:00:00+05:30,1380.0999755859375,1388.300048828125,1375.4000244140625,1383.0,10131863,0.0,0.0
2025-11-21 00:00:00+05:30,1373.0,1376.0,1364.5999755859375,1369.5,11483595,0.0,0.0
2025-11-24 00:00:00+05:30,1373.300048828125,1377.0,1361.5,1368.4000244140625,15896003,0.0,0.0
2025-11-25 00:00:00+05:30,1365.0,1376.9000244140625,1354.300048828125,1357.800048828125,12235000,0.0,0.0
2025-11-26 00:00:00+05:30,1360.0,1377.0,1359.9000244140625,1375.0,9659004,0.0,0.0
2025-11-27 00:00:00+05:30,1379.0,1394.0,1375.699951171875,1392.199951171875,15158741,0.0,0.0
2025-11-28 00:00:00+05:30,1392.0,1398.5,1385.5999755859375,1388.800048828125,7683986,0.0,0.0
2025-12-01 00:00:00+05:30,1394.0,1400.0,1385.4000244140625,1390.0999755859375,8867593,0.0,0.0
2025-12-02 00:00:00+05:30,1381.800048828125,1381.800048828125,1370.5999755859375,1373.0,12126396,0.0,0.0
2025-12-03 00:00:00+05:30,1367.0,1394.199951171875,1367.0,1391.5,7955933,0.0,0.0
2025-12-04 00:00:00+05:30,1387.0,1391.5999755859375,1379.9000244140625,1386.699951171875,7373909,0.0,0.0
2025-12-05 00:00:00+05:30,1381.0,1395.300048828125,1381.0,1392.5,4942638,0.0,0.0
2025-12-08 00:00:00+05:30,1387.0,1394.9000244140625,1383.300048828125,1389.5999755859375,7826227,0.0,0.0
2025-12-09 00:00:00+05:30,1379.9000244140625,1384.300048828125,1373.4000244140625,1375.199951171875,10492030,0.0,0.0
2025-12-10 00:00:00+05:30,1377.9000244140625,1379.4000244140625,1357.9000244140625,1363.5999755859375,8725381,0.0,0.0
2025-12-11 00:00:00+05:30,1363.699951171875,1366.5999755859375,1352.800048828125,1360.0,6734750,0.0,0.0
2025-12-12 00:00:00+05:30,1368.0,1370.699951171875,1363.300048828125,1366.0,3890885,0.0,0.0
2025-12-15 00:00:00+05:30,1356.0999755859375,1370.0,1356.0999755859375,1365.199951171875,5342530,0.0,0.0
2025-12-16 00:00:00+05:30,1364.0,1368.699951171875,1355.5,1366.0,12359741,0.0,0.0
2025-12-17 00:00:00+05:30,1365.0,1365.0,1343.0999755859375,1352.4000244140625,9440391,0.0,0.0
2025-12-18 00:00:00+05:30,1346.300048828125,1369.5,1345.5,1356.800048828125,7314573,0.0,0.0
2025-12-19 00:00:00+05:30,1354.0,1360.4000244140625,1350.800048828125,1354.0999755859375,14318512,0.0,0.0
2025-12-22 00:00:00+05:30,1358.0,1371.300048828125,1354.800048828125,1368.5,9375294,0.0,0.0
2025-12-23 00:00:00+05:30,1361.0999755859375,1365.0,1357.0,1363.0,9105467,0.0,0.0
2025-12-24 00:00:00+05:30,1363.800048828125,1368.199951171875,1357.5999755859375,1359.800048828125,8955140,0.0,0.0
2025-12-25 00:00:00+05:30,1359.800048828125,1359.800048828125,1359.800048828125,1359.800048828125,0,0.0,0.0
2025-12-26 00:00:00+05:30,1356.5,1362.0,1348.5,1350.4000244140625,2812144,0.0,0.0
2025-12-29 00:00:00+05:30,1352.0999755859375,1355.699951171875,1341.5,1343.300048828125,6057201,0.0,0.0
2025-12-30 00:00:00+05:30,1343.300048828125,1347.0999755859375,1338.0999755859375,1342.5,18621277,0.0,0.0
