Date,Open,High,Low,Close,Volume,Dividends,Stock Splits
2010-01-04 00:00:00+05:30,221.9574735006602,223.6582970523894,220.70737234254048,222.1785888671875,4069264,0.0,0.0
2010-01-05 00:00:00+05:30,222.80783932737577,223.7177755874956,221.1155285472091,222.9226531982422,6895528,0.0,0.0
2010-01-06 00:00:00+05:30,228.16538641743236,228.16538641743236,218.98945540264856,219.66978454589844,6817288,0.0,0.0
2010-01-07 00:00:00+05:30,219.967472355202,219.967472355202,214.1506445647265,214.73318481445312,10892600,0.0,0.0
2010-01-08 00:00:00+05:30,214.2186389090534,214.58431997582727,209.03112919351062,209.55838012695312,12649312,0.0,0.0
2010-01-11 00:00:00+05:30,210.485354668201,213.00256020314598,210.3918011001798,211.72268676757812,7849656,0.0,0.0
2010-01-12 00:00:00+05:30,212.60289825160032,220.5967672258605,212.60289825160032,219.99722290039062,24859680,0.0,0.0
2010-01-13 00:00:00+05:30,210.6342280040479,229.18595073963647,210.6342280040479,228.20797729492188,19704040,0.0,0.0
2010-01-14 00:00:00+05:30,227.82530931589253,229.85778510689084,225.37611930746385,228.739501953125,8413904,0.0,0.0
2010-01-15 00:00:00+05:30,228.7394664246542,228.9733296211103,225.71199274027603,227.5531463623047,5049504,0.0,0.0
2010-01-18 00:00:00+05:30,226.46467539514225,228.76078738750758,225.86938710082532,228.47589111328125,6140088,0.0,0.0
2010-01-19 00:00:00+05:30,227.91029640130833,228.59062564429732,223.49666874221765,224.15997314453125,5837512,0.0,0.0
2010-01-20 00:00:00+05:30,225.24428926566958,227.33205416613274,224.3386090993161,226.013916015625,6091992,0.0,0.0
2010-01-21 00:00:00+05:30,224.76376719211956,226.60915605828515,221.10699761616,223.25003051757812,6682792,0.0,0.0
2010-01-22 00:00:00+05:30,221.10697806507093,221.95738951916735,217.0250030854081,219.031982421875,13486496,0.0,0.0
2010-01-25 00:00:00+05:30,216.85493171879588,218.55149850278423,214.13361492859923,216.2001190185547,6498712,0.0,0.0
2010-01-27 00:00:00+05:30,215.3242250919485,215.48155954857427,211.3400382936412,212.79425048828125,9840856,0.0,0.0
2010-01-28 00:00:00+05:30,213.70849232153606,217.2717095751383,210.85961269846743,211.9013671875,12732872,0.0,0.0
2010-01-29 00:00:00+05:30,208.55493479825358,212.60290236406627,204.50698799444308,210.51939392089844,15012280,0.0,0.0
2010-02-01 00:00:00+05:30,208.09572837319925,215.15414498741075,203.25689444488435,208.4571533203125,12308784,0.0,0.0
2010-02-02 00:00:00+05:30,212.687905629458,212.687905629458,205.93988240594706,207.4961395263672,9889384,0.0,0.0
2010-02-03 00:00:00+05:30,208.35084075608572,212.60289873069974,208.35084075608572,210.32379150390625,6405608,0.0,0.0
2010-02-04 00:00:00+05:30,209.6265165441315,210.05172246004253,205.16185442706583,206.5692901611328,6176408,0.0,0.0
2010-02-05 00:00:00+05:30,203.28237190601746,203.96695736727688,198.06085320908417,200.07632446289062,13544872,0.0,0.0
2010-02-08 00:00:00+05:30,201.96423987521618,207.67050993961897,199.37899695062927,204.40493774414062,9252480,0.0,0.0
2010-02-09 00:00:00+05:30,204.43894002428775,211.072150224743,203.60978874923083,210.37481689453125,10387392,0.0,0.0
2010-02-10 00:00:00+05:30,211.83755693678748,212.279766873536,208.18078658420544,209.7923126220703,7187984,0.0,0.0
2010-02-11 00:00:00+05:30,210.3067609924845,214.14636055618894,210.05163754607227,212.47105407714844,6453888,0.0,0.0
2010-02-15 00:00:00+05:30,213.19818486570384,216.208633578951,210.46411991823788,212.4880828857422,8950128,0.0,0.0
2010-02-16 00:00:00+05:30,212.6028864301538,216.93998531332892,211.60365286393207,216.12783813476562,4418096,0.0,0.0
2010-02-17 00:00:00+05:30,216.87197193976925,218.24963464200482,213.75947779945963,214.1889190673828,7991184,0.0,0.0
2010-02-18 00:00:00+05:30,214.55885847523035,216.5998464274323,213.62340566380448,215.46453857421875,3721696,0.0,0.0
2010-02-19 00:00:00+05:30,214.72036102069586,216.3871756302114,213.0407985452796,215.35816955566406,5998992,0.0,0.0
2010-02-22 00:00:00+05:30,217.28865578577475,220.40114949185747,217.28865578577475,218.4154510498047,5855400,0.0,0.0
2010-02-23 00:00:00+05:30,217.54381847927414,220.17158224530303,217.2801825557162,219.5167694091797,3786032,0.0,0.0
2010-02-24 00:00:00+05:30,218.38570692796273,220.96245832332173,216.94000715468573,219.091552734375,5427016,0.0,0.0
2010-02-25 00:00:00+05:30,218.60679978701785,223.63271955443395,218.60679978701785,222.5824737548828,8729568,0.0,0.0
2010-02-26 00:00:00+05:30,222.72278298080045,223.65823567755066,219.58477269377497,221.2728271484375,10546368,0.0,0.0
2010-03-02 00:00:00+05:30,223.7900846158491,225.422870851204,223.0332057809895,224.59371948242188,8534656,0.0,0.0
2010-03-03 00:00:00+05:30,225.4526471919735,227.61268453906527,223.883621043889,226.7410125732422,5904976,0.0,0.0
2010-03-04 00:00:00+05:30,226.37956481920446,226.5496471368748,221.447177606765,223.13099670410156,6755240,0.0,0.0
2010-03-05 00:00:00+05:30,223.98995761096262,224.5087171181976,222.2168614500174,224.14303588867188,4984808,0.0,0.0
2010-03-08 00:00:00+05:30,225.61417990626904,227.8550226025242,224.34707502576822,226.17120361328125,8664992,0.0,0.0
2010-03-09 00:00:00+05:30,225.36335895103616,229.73872303862686,222.62503740221786,228.24624633789062,7958752,0.0,0.0
2010-03-10 00:00:00+05:30,227.47662273164786,228.88405828098078,225.35910585315042,226.14573669433594,7330952,0.0,0.0
2010-03-11 00:00:00+05:30,226.63479999932665,229.18603602183313,225.35918198807337,228.16128540039062,4298424,0.0,0.0
2010-03-12 00:00:00+05:30,229.60265795774893,229.95133507683178,225.8948752191867,227.33631896972656,3176920,0.0,0.0
2010-03-15 00:00:00+05:30,225.73328100714846,230.67418145670047,224.16853173082487,229.71746826171875,10582856,0.0,0.0
2010-03-16 00:00:00+05:30,229.61119879757385,233.43379589922816,228.10597398008025,232.36228942871094,5881344,0.0,0.0
2010-03-17 00:00:00+05:30,232.58760034257077,234.177866071854,230.716694599413,232.8682403564453,6352000,0.0,0.0
2010-03-18 00:00:00+05:30,233.01277773009483,237.596487936116,233.01277773009483,237.0607452392578,8923048,0.0,0.0
2010-03-19 00:00:00+05:30,236.42298513920568,237.69009037522284,234.71790538321832,235.763916015625,12582544,0.0,0.0
2010-03-22 00:00:00+05:30,234.0417911250884,236.1593077620501,233.25939582214434,234.49249267578125,4108528,0.0,0.0
2010-03-23 00:00:00+05:30,235.56828334302762,238.03022091823792,235.06652801215026,236.03175354003906,4792560,0.0,0.0
2010-03-25 00:00:00+05:30,235.6490158578403,244.06808932226693,233.93544506861753,239.30152893066406,15207528,0.0,0.0
2010-03-26 00:00:00+05:30,239.47584443346022,240.24121467490238,234.96866412274522,235.97640991210938,9105680,0.0,0.0
2010-03-29 00:00:00+05:30,234.54349853397895,235.56399236371342,229.63237197838166,231.02703857421875,13981704,0.0,0.0
2010-03-30 00:00:00+05:30,230.88680268819678,230.88680268819678,223.70933543245295,224.85739135742188,10649936,0.0,0.0
2010-03-31 00:00:00+05:30,225.69073264409076,227.62967529968833,221.66830227118305,222.4634246826172,13070104,0.0,0.0
2010-04-01 00:00:00+05:30,222.82482656186156,227.7402093934786,222.8078224835377,227.09814453125,8187000,0.0,0.0
2010-04-05 00:00:00+05:30,227.82528981073096,228.7607426617642,224.33860191142526,227.73599243164062,7318616,0.0,0.0
2010-04-06 00:00:00+05:30,228.08036263343132,228.33548608156715,224.9551003937674,225.46534729003906,5348808,0.0,0.0
2010-04-07 00:00:00+05:30,225.83108089076288,227.46812339691544,222.586747830458,224.8275909423828,8380880,0.0,0.0
2010-04-08 00:00:00+05:30,224.50866899709644,227.7317207510037,223.6582573721074,226.5283966064453,7227984,0.0,0.0
2010-04-09 00:00:00+05:30,227.05987669356483,229.41551246042016,226.63467093196638,227.58712768554688,8260312,0.0,0.0
2010-04-12 00:00:00+05:30,228.4120030153098,229.44100917444968,225.5333727147048,228.1739044189453,8325648,0.0,0.0
2010-04-13 00:00:00+05:30,228.76065564735487,237.59218591831603,224.0833931712937,236.575927734375,57635400,0.0,0.0
2010-04-15 00:00:00+05:30,237.09469866899096,240.21570435918548,234.6540220997978,238.2512664794922,22395128,0.0,0.0
2010-04-16 00:00:00+05:30,237.4434112469764,238.88059842576314,235.65329082655845,237.14576721191406,6244344,0.0,0.0
2010-04-19 00:00:00+05:30,235.95943606200422,235.95943606200422,232.67260367526623,234.02474975585938,8754896,0.0,0.0
2010-04-20 00:00:00+05:30,235.18124523935637,237.260496717441,231.3118738206651,231.93267822265625,9542128,0.0,0.0
2010-04-21 00:00:00+05:30,233.26794925179084,233.84197719836376,229.63669513476026,230.66993713378906,6496288,0.0,0.0
2010-04-22 00:00:00+05:30,230.2914682754586,234.95598434795127,229.01585083670977,231.17588806152344,6978144,0.0,0.0
2010-04-23 00:00:00+05:30,232.58753949452205,234.17780480777034,231.04405096501614,231.9029541015625,5888336,0.0,0.0
2010-04-26 00:00:00+05:30,232.17090579548673,234.20338144732665,231.74144373592938,232.9235076904297,4454288,0.0,0.0
2010-04-27 00:00:00+05:30,232.08584769679737,233.2168785621552,231.85621994566188,232.79592895507812,3280256,0.0,0.0
2010-04-28 00:00:00+05:30,230.47004808538776,232.32818491020828,228.85426610102144,229.568603515625,5544496,0.0,0.0
2010-04-29 00:00:00+05:30,229.5261378394056,232.4090254489254,227.48514958147834,230.38929748535156,11319960,0.0,0.0
2010-04-30 00:00:00+05:30,230.63165048394796,234.61158134823992,227.66372198864278,232.85546875,8067024,0.0,0.0
2010-05-03 00:00:00+05:30,230.2914461090511,230.8824779797152,228.08037609471015,229.17739868164062,5408952,0.0,0.0
2010-05-04 00:00:00+05:30,230.03635579824277,230.12139696489646,225.82681804888492,226.7324981689453,6576208,0.0,0.0
2010-05-05 00:00:00+05:30,225.30803582735697,230.29145599376565,221.95742250506956,229.01583862304688,12122080,0.0,0.0
2010-05-06 00:00:00+05:30,228.78625577658372,228.78625577658372,224.98066355260045,226.0521697998047,7808360,0.0,0.0
2010-05-07 00:00:00+05:30,224.34714890807373,224.96369747309163,221.70661607376806,222.54002380371094,8984392,0.0,0.0
2010-05-10 00:00:00+05:30,222.8078732912232,228.23350428178452,222.8078732912232,227.54466247558594,5635408,0.0,0.0
2010-05-11 00:00:00+05:30,227.04289631454816,227.4425856197708,224.1685009137094,226.2732696533203,5802824,0.0,0.0
2010-05-12 00:00:00+05:30,225.8693623220098,229.51762044929117,225.55045791361087,228.05491638183594,9185176,0.0,0.0
2010-05-13 00:00:00+05:30,228.25045624973498,231.56706123995096,226.31577000544235,230.1341094970703,4923880,0.0,0.0
2010-05-14 00:00:00+05:30,230.46154486962197,231.90724459758638,223.65825203214234,225.52064514160156,6824496,0.0,0.0
2010-05-17 00:00:00+05:30,224.08344577602725,225.19323701282104,219.07027378858044,222.4974365234375,8170824,0.0,0.0
2010-05-18 00:00:00+05:30,226.20948179730664,226.20948179730664,219.580527639143,223.5902099609375,7144600,0.0,0.0
2010-05-19 00:00:00+05:30,223.31805954898073,225.5589021527583,220.54996596843182,221.349365234375,11939240,0.0,0.0
2010-05-20 00:00:00+05:30,222.12750465329262,224.0451869182242,219.95895512470955,221.17079162597656,6508872,0.0,0.0
2010-05-21 00:00:00+05:30,218.38579826395616,221.78744621199286,217.56515900129685,219.55511474609375,7127200,0.0,0.0
2010-05-24 00:00:00+05:30,222.04246631940813,223.65824834164818,219.34240951908595,221.14102172851562,7186104,0.0,0.0
2010-05-25 00:00:00+05:30,219.98871888232526,219.98871888232526,213.46181027269384,215.44325256347656,8838128,0.0,0.0
2010-05-26 00:00:00+05:30,219.43409164526892,225.83732327947675,218.68126784679532,224.22476196289062,7868856,1.875,0.0
2010-05-27 00:00:00+05:30,224.8022061553614,227.89902811096758,222.0048010910422,226.13247680664062,11312696,0.0,0.0
2010-05-28 00:00:00+05:30,228.41657713209185,229.64417375479354,225.61489073510492,229.04962158203125,6793992,0.0,0.0
2010-05-31 00:00:00+05:30,233.97291380090763,233.97291380090763,224.52417635854874,227.3857421875,7020752,0.0,0.0
2010-06-01 00:00:00+05:30,227.12915463375512,227.34302389423888,223.92967885118603,224.5071258544922,5782888,0.0,0.0
2010-06-02 00:00:00+05:30,225.41816892751226,226.8681981330435,224.4857074368797,225.86729431152344,6557144,0.0,0.0
2010-06-03 00:00:00+05:30,227.55683576556999,231.47492380663644,227.55683576556999,230.80764770507812,5517096,0.0,0.0
2010-06-04 00:00:00+05:30,230.80767117286896,234.2295788255431,229.47740039575854,233.4553680419922,4950400,0.0,0.0
2010-06-07 00:00:00+05:30,231.83424438489794,231.83424438489794,226.7013828856013,228.55348205566406,7781952,0.0,0.0
2010-06-08 00:00:00+05:30,228.55345334302942,230.03771396104528,226.51743524595548,227.08631896972656,6651144,0.0,0.0
2010-06-09 00:00:00+05:30,228.24121195577112,228.24121195577112,223.83550640265184,224.55838012695312,5427120,0.0,0.0
2010-06-10 00:00:00+05:30,224.57971442832044,227.043491230714,224.18192616079713,226.32061767578125,5187448,0.0,0.0
2010-06-11 00:00:00+05:30,227.97599497194483,230.20023456310452,224.22046032421355,225.05455017089844,9912864,0.0,0.0
2010-06-14 00:00:00+05:30,226.70992538631987,236.0132360075175,226.70992538631987,234.94815063476562,9728848,0.0,0.0
2010-06-15 00:00:00+05:30,234.95664060480846,237.8224871222893,232.86928612245896,233.94717407226562,7946312,0.0,0.0
2010-06-16 00:00:00+05:30,235.6753451208225,237.77982684816592,234.57178816969633,236.91578674316406,5720064,0.0,0.0
2010-06-17 00:00:00+05:30,237.4803221259205,238.14759810153328,234.05841546704556,236.52647399902344,5639240,0.0,0.0
2010-06-18 00:00:00+05:30,231.65030259418526,240.816728506148,231.65030259418526,238.3529510498047,8356232,0.0,0.0
2010-06-21 00:00:00+05:30,239.48216468750363,241.1418021946147,238.7849594566115,239.60194396972656,7164752,0.0,0.0
2010-06-22 00:00:00+05:30,238.67799689201786,239.47787595271268,236.11156681791013,236.71896362304688,4763688,0.0,0.0
2010-06-23 00:00:00+05:30,235.00803709411767,239.95695778779327,232.50576748593426,239.3410186767578,4948088,0.0,0.0
2010-06-24 00:00:00+05:30,240.7653682110541,242.41644251599743,238.08346113069697,241.4754180908203,12316104,0.0,0.0
2010-06-25 00:00:00+05:30,240.38895690593128,240.5557706882176,237.05259771755715,237.62576293945312,3345664,0.0,0.0
2010-06-28 00:00:00+05:30,236.96716699705468,240.98790954177005,236.96716699705468,240.30352783203125,3834168,0.0,0.0
2010-06-29 00:00:00+05:30,238.93894613171804,240.69695509113777,236.71898806552483,238.98171997070312,3773072,0.0,0.0
2010-06-30 00:00:00+05:30,237.6515060200652,240.27353462026684,233.71631189590286,238.7636260986328,9449976,0.0,0.0
2010-07-01 00:00:00+05:30,238.76355373956764,238.76355373956764,235.34164684254768,236.71469116210938,5847248,0.0,0.0
2010-07-02 00:00:00+05:30,237.39050104682815,237.39050104682815,232.34747011235393,233.33126831054688,11169440,0.0,0.0
2010-07-05 00:00:00+05:30,233.54512781731276,235.42717646639,232.68965115864128,234.69573974609375,3616720,0.0,0.0
2010-07-06 00:00:00+05:30,234.6572994711061,239.44796982122713,234.6572994711061,238.2588653564453,5872600,0.0,0.0
2010-07-07 00:00:00+05:30,239.49930932482556,239.49930932482556,236.55645640430382,237.97227478027344,5923392,0.0,0.0
2010-07-08 00:00:00+05:30,240.04682608124475,243.50294451731367,239.54210304781407,241.97164916992188,6278192,0.0,0.0
2010-07-09 00:00:00+05:30,242.7929361451212,246.42015027714098,242.7929361451212,245.84698486328125,7859112,0.0,0.0
2010-07-12 00:00:00+05:30,243.81519974592896,248.94377961972432,243.8109181842661,247.737548828125,8597240,0.0,0.0
2010-07-13 00:00:00+05:30,245.52184556650923,245.9538655346215,237.908101923506,239.25547790527344,25502384,0.0,0.0
2010-07-14 00:00:00+05:30,238.67375001187187,240.303437522864,234.14400445001024,234.6487274169922,14193928,0.0,0.0
2010-07-15 00:00:00+05:30,235.16631242955773,237.48038156393315,234.40066480013576,236.07740783691406,8328136,0.0,0.0
2010-07-16 00:00:00+05:30,235.68385378679957,238.76357020651818,235.3416630734975,237.56590270996094,8205560,0.0,0.0
2010-07-19 00:00:00+05:30,235.17053044948153,238.91752234348783,234.0370238912947,237.00552368164062,7047120,0.0,0.0
2010-07-20 00:00:00+05:30,237.00552295771948,238.03637649216714,235.55549422144912,236.08160400390625,5054736,0.0,0.0
2010-07-21 00:00:00+05:30,236.73608022621534,237.73698382553437,236.11157803471568,237.1082000732422,2634480,0.0,0.0
2010-07-22 00:00:00+05:30,236.51790053027796,236.51790053027796,233.29275782252287,235.6410369873047,8226952,0.0,0.0
2010-07-23 00:00:00+05:30,238.42138401438532,245.52612301117895,236.5393350555348,238.37432861328125,5323096,0.0,0.0
2010-07-26 00:00:00+05:30,238.67802478395845,240.38897836663915,238.67802478395845,239.9141845703125,4470816,0.0,0.0
2010-07-27 00:00:00+05:30,239.79007399282716,242.44205126495618,239.79007399282716,241.99720764160156,5093960,0.0,0.0
2010-07-28 00:00:00+05:30,242.01439587847952,242.8270988692344,240.56008526344448,242.27960205078125,3725168,0.0,0.0
2010-07-29 00:00:00+05:30,241.65507421757002,242.95539468806373,240.46168833980872,242.369384765625,3613008,0.0,0.0
2010-07-30 00:00:00+05:30,240.81679131294848,242.20694152923105,236.11166750399212,238.5412139892578,4472672,0.0,0.0
2010-08-02 00:00:00+05:30,239.53346178659493,240.62847607475146,237.92087994851747,239.2725372314453,3815232,0.0,0.0
2010-08-03 00:00:00+05:30,239.96121651900705,241.15888390983275,236.92427420655616,238.1903839111328,2434584,0.0,0.0
2010-08-04 00:00:00+05:30,238.677961316642,247.40382226800313,238.677961316642,245.90673828125,9536024,0.0,0.0
2010-08-05 00:00:00+05:30,246.37732496242484,248.67000702462477,244.79897440151723,245.4576873779297,6594296,0.0,0.0
2010-08-06 00:00:00+05:30,244.75187166057478,247.4038492982811,243.9819426689826,244.9914093017578,3676480,0.0,0.0
2010-08-09 00:00:00+05:30,243.68262894201368,246.62546153407038,240.92371555483447,245.91969299316406,4201544,0.0,0.0
2010-08-10 00:00:00+05:30,245.5217728010926,245.5217728010926,240.81665171953856,242.0186004638672,4811984,0.0,0.0
2010-08-11 00:00:00+05:30,242.44213272464214,244.48671398650856,239.53351151340792,240.46597290039062,5344800,0.0,0.0
2010-08-12 00:00:00+05:30,239.19130890794108,239.19130890794108,235.5983064136158,237.1980438232422,6973400,0.0,0.0
2010-08-13 00:00:00+05:30,237.39481325121207,239.36240990158248,235.68385964219434,237.58729553222656,5561808,0.0,0.0
2010-08-16 00:00:00+05:30,236.11160715943137,237.65146546699287,235.2561303218972,236.27413940429688,5193608,0.0,0.0
2010-08-17 00:00:00+05:30,235.6838842800066,237.523159601974,233.5451920451608,235.29891967773438,5140640,0.0,0.0
2010-08-18 00:00:00+05:30,236.54787576829446,241.20166076230754,235.95330274045358,240.15370178222656,6128144,0.0,0.0
2010-08-19 00:00:00+05:30,240.81665872987685,241.6721353150629,238.50259038981676,239.92697143554688,4826744,0.0,0.0
2010-08-20 00:00:00+05:30,239.79009913871147,239.79009913871147,235.59826365608683,236.9328155517578,4624824,0.0,0.0
2010-08-23 00:00:00+05:30,237.13811619566508,240.38892731234446,236.22276040046881,239.80291748046875,4511832,0.0,0.0
2010-08-24 00:00:00+05:30,238.59247205813747,238.59247205813747,235.7009563874354,236.5607147216797,5247552,0.0,0.0
2010-08-25 00:00:00+05:30,236.28270135544793,239.01594566068516,235.76513369417285,237.0440673828125,3502008,0.0,0.0
2010-08-26 00:00:00+05:30,237.39480406227804,238.07490391840489,235.02941914363458,236.5949249267578,7834984,0.0,0.0
2010-08-27 00:00:00+05:30,235.94053595801708,235.94053595801708,229.38757435705548,231.82568359375,6973800,0.0,0.0
2010-08-30 00:00:00+05:30,232.6340601173419,234.05842044009773,228.09575213745117,231.01719665527344,4781168,0.0,0.0
2010-08-31 00:00:00+05:30,229.69556064472337,233.03192074347356,228.93845519112455,232.1636199951172,7722280,0.0,0.0
2010-09-01 00:00:00+05:30,232.16354582636475,238.2074801816841,231.68447053404415,237.49314880371094,10131800,0.0,0.0
2010-09-02 00:00:00+05:30,239.44801157082898,240.73122706692132,234.90542036039457,235.5128173828125,3402512,0.0,0.0
2010-09-03 00:00:00+05:30,236.20566308540344,239.8756495114682,236.20566308540344,237.60435485839844,7606688,0.0,0.0
2010-09-06 00:00:00+05:30,238.35726243104892,242.9554509840032,238.3016647842104,242.24111938476562,6391192,0.0,0.0
2010-09-07 00:00:00+05:30,242.9554028667638,245.769913087962,240.4060779130714,245.08981323242188,8321272,0.0,0.0
2010-09-08 00:00:00+05:30,244.4097593149309,246.94197938628633,241.67223313429463,246.32601928710938,9386496,0.0,0.0
2010-09-09 00:00:00+05:30,245.53043906165476,248.0883066971273,244.4953036346172,247.6605682373047,7591392,0.0,0.0
2010-09-13 00:00:00+05:30,247.23289200245532,251.93801624471658,246.54851029449003,251.2450714111328,6650488,0.0,0.0
2010-09-14 00:00:00+05:30,252.41700249927248,256.64304969667853,252.3656655350672,254.55569458007812,9767144,0.0,0.0
2010-09-15 00:00:00+05:30,254.50432056358386,261.7758725796863,253.99103453891783,261.1642150878906,14344648,0.0,0.0
2010-09-16 00:00:00+05:30,259.3848585627682,259.3848585627682,253.07143532801416,253.7301483154297,7088984,0.0,0.0
2010-09-17 00:00:00+05:30,253.7301813977771,257.71243077072046,253.16983981929977,254.0894775390625,8616488,0.0,0.0
2010-09-20 00:00:00+05:30,254.50431313602462,258.18286287210833,254.50431313602462,257.37872314453125,5025976,0.0,0.0
2010-09-21 00:00:00+05:30,257.9262641858385,262.2036483348574,256.35219517326544,261.70318603515625,9223912,0.0,0.0
2010-09-22 00:00:00+05:30,261.81860000240556,262.02390602161256,256.16817317206073,257.8663024902344,10806440,0.0,0.0
2010-09-23 00:00:00+05:30,257.0750980336557,259.61586032880683,254.33757186823127,258.60211181640625,11181376,0.0,0.0
2010-09-24 00:00:00+05:30,258.602018342746,261.6646288104443,256.0997492366269,260.8433837890625,8791520,0.0,0.0
2010-09-27 00:00:00+05:30,261.34823653970165,261.7759750610432,258.64066005387747,259.4319763183594,7210320,0.0,0.0
2010-09-28 00:00:00+05:30,258.78170242717823,259.04690855913685,256.7285583418056,258.0631103515625,6209144,0.0,0.0
2010-09-29 00:00:00+05:30,258.8673268839173,263.40135475068786,256.8655191611575,259.2993469238281,8972920,0.0,0.0
2010-09-30 00:00:00+05:30,260.6595278440846,263.05914470708245,257.28039411532694,260.9632263183594,13665816,0.0,0.0
2010-10-01 00:00:00+05:30,261.0060486517588,266.0576448226281,258.8930245097521,265.3818054199219,8086512,0.0,0.0
2010-10-04 00:00:00+05:30,266.2243460021789,270.5017294533707,261.99401794608247,263.3542175292969,7636640,0.0,0.0
2010-10-05 00:00:00+05:30,263.0591077228677,266.13882410596466,262.63136933632643,263.888916015625,5189152,0.0,0.0
2010-10-06 00:00:00+05:30,265.71114997720866,267.15689771908256,263.1960560103782,265.52294921875,5788528,0.0,0.0
2010-10-07 00:00:00+05:30,264.2567696963388,264.9839249383002,260.23602894666965,261.2155456542969,6833672,0.0,0.0
2010-10-08 00:00:00+05:30,261.775856958341,263.9701462285805,259.81254220828555,263.1702880859375,6548160,0.0,0.0
2010-10-11 00:00:00+05:30,263.51254728955956,264.94118950075784,261.6604273146044,263.0120849609375,4493832,0.0,0.0
2010-10-12 00:00:00+05:30,262.8025149850917,263.9103534411148,260.94613420936827,263.0762634277344,4625624,0.0,0.0
2010-10-13 00:00:00+05:30,263.57238536808757,270.7412846746734,263.07620467841525,269.718994140625,13024504,0.0,0.0
2010-10-14 00:00:00+05:30,270.76700606611666,276.2292136237822,270.00561908220783,272.49078369140625,9193376,0.0,0.0
2010-10-15 00:00:00+05:30,273.7525301525135,277.0033414480746,261.87422841960034,263.1702880859375,25870360,0.0,0.0
2010-10-18 00:00:00+05:30,263.52966892369346,266.8146919885695,260.0051081407048,265.80096435546875,12591096,0.0,0.0
2010-10-19 00:00:00+05:30,264.7443726655102,265.6297994126147,256.7285600881411,257.5155944824219,14077712,0.0,0.0
2010-10-20 00:00:00+05:30,257.4814291168744,260.45849276237846,255.78758075946124,258.2342529296875,7093856,0.0,0.0
2010-10-21 00:00:00+05:30,259.9031531945934,263.41867990753536,258.3642900697124,263.07623291015625,9231920,5.0,0.0
2010-10-22 00:00:00+05:30,260.54469424727216,267.4500630029422,260.34962709410473,264.69744873046875,11345744,0.0,0.0
2010-10-25 00:00:00+05:30,265.1873778852059,266.58317946425325,260.9652606666074,261.7498474121094,5224432,0.0,0.0
2010-10-26 00:00:00+05:30,261.8234888490878,263.84352198635065,260.3236348287437,261.2903137207031,6925872,0.0,0.0
2010-10-27 00:00:00+05:30,260.2629743639232,260.95654658074915,257.24593098750165,258.37298583984375,9072696,0.0,0.0
2010-10-28 00:00:00+05:30,258.7023368008914,262.9417868698134,255.5856020904215,257.5622863769531,18232152,0.0,0.0
2010-10-29 00:00:00+05:30,259.1359321058688,259.91620088771987,255.23458819661352,257.6360778808594,6886024,0.0,0.0
2010-11-01 00:00:00+05:30,258.6156929949333,262.8594829863455,258.6156929949333,260.2325744628906,4552944,0.0,0.0
2010-11-02 00:00:00+05:30,260.2629706938504,262.9158928522573,258.7717946819312,262.4347229003906,4998504,0.0,0.0
2010-11-03 00:00:00+05:30,262.8595339896694,263.9692537819455,261.39437113207276,262.2006530761719,3047536,0.0,0.0
2010-11-04 00:00:00+05:30,263.90415658323235,267.45871322577915,262.9461559865865,266.77813720703125,5514792,0.0,0.0
2010-11-08 00:00:00+05:30,267.37202765518623,267.37202765518623,260.6747224877533,261.4679870605469,5381520,0.0,0.0
2010-11-09 00:00:00+05:30,263.2799670767458,266.5917695415625,262.6904265726616,265.27398681640625,5266960,0.0,0.0
2010-11-10 00:00:00+05:30,264.25100926350814,269.19271120839653,262.69914992622,267.2550354003906,9728432,0.0,0.0
2010-11-11 00:00:00+05:30,267.3720043389281,267.3720043389281,264.5110198567022,264.82745361328125,5586392,0.0,0.0
2010-11-12 00:00:00+05:30,263.3840244929757,263.4490468821691,259.1358950656696,259.9031677246094,7499456,0.0,0.0
2010-11-15 00:00:00+05:30,260.3496183653565,263.98653271035914,258.1475354876633,262.69476318359375,5850488,0.0,0.0
2010-11-16 00:00:00+05:30,261.1299106804982,261.7367863029296,254.90943555057595,257.5710144042969,8375136,0.0,0.0
2010-11-18 00:00:00+05:30,259.1358980960859,262.85085244190634,256.5046502494963,260.4320068359375,7128224,0.0,0.0
2010-11-19 00:00:00+05:30,259.01009135010963,260.84371356515817,255.32115163234752,256.9510498046875,5664792,0.0,0.0
2010-11-22 00:00:00+05:30,257.6056639857887,265.98487257755374,257.6056639857887,263.8781433105469,8780144,0.0,0.0
2010-11-23 00:00:00+05:30,262.5083376435782,265.1872723336839,258.35124448390127,261.1385498046875,4579872,0.0,0.0
2010-11-24 00:00:00+05:30,262.16154133863324,263.1152028512018,255.77635249593644,259.7340393066406,4038888,0.0,0.0
2010-11-25 00:00:00+05:30,260.57069804559166,269.7128407280742,260.57069804559166,265.66845703125,18331976,0.0,0.0
2010-11-26 00:00:00+05:30,266.1583321007457,269.1060139546302,262.4260424613485,263.73516845703125,9515792,0.0,0.0
2010-11-29 00:00:00+05:30,265.72479411055303,268.3820335852028,264.52403902144437,265.6337585449219,4964328,0.0,0.0
2010-11-30 00:00:00+05:30,263.86082354970387,267.25932244877373,261.1472186011463,264.51104736328125,9072544,0.0,0.0
2010-12-01 00:00:00+05:30,264.40698705604154,265.85481435705924,263.1238746367764,264.63238525390625,4624096,0.0,0.0
2010-12-02 00:00:00+05:30,264.9445786204514,269.5741645578984,262.8638620344269,268.6291809082031,7197360,0.0,0.0
2010-12-03 00:00:00+05:30,269.36600729492187,272.9118854388189,269.01922131835937,270.9265441894531,6647816,0.0,0.0
2010-12-06 00:00:00+05:30,271.36003444484606,275.38274342191875,271.0132484583351,272.5217590332031,6023648,0.0,0.0
2010-12-07 00:00:00+05:30,272.7342667381168,276.9953923988594,272.24441868098046,275.5735778808594,6085496,0.0,0.0
2010-12-08 00:00:00+05:30,273.8743457601798,274.3165065417304,269.973001803482,271.4598388671875,6951112,0.0,0.0
2010-12-09 00:00:00+05:30,272.6605078217267,275.8769566189251,272.32671781151487,273.2196960449219,7931128,0.0,0.0
2010-12-10 00:00:00+05:30,272.66051188157513,274.1343524863404,270.3023711471785,272.5954895019531,6125120,0.0,0.0
2010-12-13 00:00:00+05:30,273.00729627515756,273.64884195047273,266.5917548574498,272.6865234375,6849080,0.0,0.0
2010-12-14 00:00:00+05:30,274.2818158633404,275.17479438205635,271.08272227790894,273.843994140625,3933584,0.0,0.0
2010-12-15 00:00:00+05:30,272.8079387357431,278.20913623396893,272.8079387357431,277.72796630859375,8254392,0.0,0.0
2010-12-16 00:00:00+05:30,279.11072412257727,286.0984710019907,278.2957854292091,285.5176086425781,8509144,0.0,0.0
2010-12-20 00:00:00+05:30,281.94571469384726,291.62971014869777,281.9370365768204,290.428955078125,11346320,0.0,0.0
2010-12-21 00:00:00+05:30,290.48100887575004,292.1325816987441,287.0564965767604,288.6343688964844,8059840,0.0,0.0
2010-12-22 00:00:00+05:30,288.2658529317388,291.27421714865613,287.29051733911257,288.91607666015625,5927280,0.0,0.0
2010-12-23 00:00:00+05:30,289.9131606291534,292.34066317030664,288.6343869690817,291.9851989746094,6231504,0.0,0.0
2010-12-24 00:00:00+05:30,290.1731907539437,293.1902332417985,289.7440473044011,292.1802062988281,3620064,0.0,0.0
2010-12-27 00:00:00+05:30,291.0400987649314,294.05714066185186,291.0400987649314,292.7653503417969,3691760,0.0,0.0
2010-12-28 00:00:00+05:30,292.25394063939564,293.89683530118873,291.603716802316,293.2639465332031,2554440,0.0,0.0
2010-12-29 00:00:00+05:30,293.1209243539763,296.06860593576727,292.2626373010292,295.1929626464844,3802920,0.0,0.0
2010-12-30 00:00:00+05:30,295.63506948617885,299.44971554406504,294.9414974756541,298.8385009765625,8991688,0.0,0.0
2010-12-31 00:00:00+05:30,297.62916568154714,299.18970310720044,295.2146590315095,298.4744567871094,5859728,0.0,0.0
2011-01-03 00:00:00+05:30,298.5828616088693,300.81095828834276,297.16970387847846,299.82696533203125,5048544,0.0,0.0
2011-01-04 00:00:00+05:30,299.7099248079543,303.35117931820423,299.7099248079543,301.82965087890625,8119288,0.0,0.0
2011-01-05 00:00:00+05:30,300.40345549726396,301.44381378470035,298.67820313705596,299.935302734375,3523160,0.0,0.0
2011-01-06 00:00:00+05:30,301.7039151084245,302.8309699637146,298.59151824373504,301.54351806640625,4691840,0.0,0.0
2011-01-07 00:00:00+05:30,300.26040616090637,303.0043425995351,290.98387836172174,292.2322998046875,8550928,0.0,0.0
2011-01-10 00:00:00+05:30,292.60070571612954,298.5090640925048,290.60668609198996,294.399658203125,10390408,0.0,0.0
2011-01-11 00:00:00+05:30,289.566394182322,296.79687591790207,285.066852990677,288.3266296386719,12319416,0.0,0.0
2011-01-12 00:00:00+05:30,290.43329104926397,293.901151240897,287.67633796368796,292.80010986328125,10035400,0.0,0.0
2011-01-13 00:00:00+05:30,285.49156482968846,286.0117438120687,276.99530811747786,277.8796081542969,22352872,0.0,0.0
2011-01-14 00:00:00+05:30,276.2280510157065,284.1824550636918,276.12835850499357,277.8016052246094,10321640,0.0,0.0
2011-01-17 00:00:00+05:30,277.42889034696753,284.5119924704096,276.67029572492504,283.39361572265625,8218616,0.0,0.0
2011-01-18 00:00:00+05:30,281.7636834832512,289.19357084218115,281.7636834832512,288.092529296875,9797168,0.0,0.0
2011-01-19 00:00:00+05:30,286.7184645909414,287.312344378763,280.5326789287038,281.7290954589844,6935088,0.0,0.0
2011-01-20 00:00:00+05:30,280.2031130949127,286.7400213139013,278.9980401034418,285.7430114746094,7231848,0.0,0.0
2011-01-21 00:00:00+05:30,283.58423964254774,284.19111511717256,280.1163797875487,281.2304382324219,4626824,0.0,0.0
2011-01-24 00:00:00+05:30,280.8966791552146,285.2315044508198,279.79563776335874,284.7676696777344,7501360,0.0,0.0
2011-01-25 00:00:00+05:30,283.0640850060885,286.5189491501833,280.5542254534276,282.6002502441406,9925912,0.0,0.0
2011-01-27 00:00:00+05:30,283.41089154249624,283.41089154249624,276.17173294849243,277.1600646972656,12710648,0.0,0.0
2011-01-28 00:00:00+05:30,277.9316778266462,283.3718838650725,272.28338746316166,274.66754150390625,12684296,0.0,0.0
2011-01-31 00:00:00+05:30,272.09690062406725,272.09690062406725,267.56267051776797,270.2936096191406,7749368,0.0,0.0
2011-02-01 00:00:00+05:30,271.039263454274,271.2213133987284,263.82611911980445,267.82281494140625,10301688,0.0,0.0
2011-02-02 00:00:00+05:30,269.88622095562295,274.3077427252139,265.72478870189025,267.8271789550781,9174728,0.0,0.0
2011-02-03 00:00:00+05:30,268.88053385681144,273.3540820098217,267.5627512056278,270.2850341796875,6049408,0.0,0.0
2011-02-04 00:00:00+05:30,268.6724790911679,270.81387861190956,262.37830412518997,264.2422790527344,6959880,0.0,0.0
2011-02-07 00:00:00+05:30,266.5830667223663,269.9642303154471,265.37799380564667,267.6711120605469,7341128,0.0,0.0
2011-02-08 00:00:00+05:30,268.7592678194031,270.49319857952827,266.3317647552278,268.4645080566406,6023992,0.0,0.0
2011-02-09 00:00:00+05:30,267.458779921108,273.93500611254916,265.9762608755091,271.4208068847656,7504144,0.0,0.0
2011-02-10 00:00:00+05:30,269.249041021217,269.97296543545383,263.64411942492455,264.7018127441406,8252152,0.0,0.0
2011-02-11 00:00:00+05:30,262.70780335095094,266.0456195320581,261.8538552874188,263.6311340332031,11214152,0.0,0.0
2011-02-14 00:00:00+05:30,263.9042379046569,270.3457943311566,263.60080004898464,269.1537170410156,6979048,0.0,0.0
2011-02-15 00:00:00+05:30,268.75922094421685,271.2734201078885,266.5181073611763,269.32708740234375,4599952,0.0,0.0
2011-02-16 00:00:00+05:30,267.2203041025027,270.8138700225878,267.12061158762396,269.0192565917969,2920384,0.0,0.0
2011-02-17 00:00:00+05:30,270.3630128954567,271.1866295773572,268.94985582907384,269.9165344238281,3392984,0.0,0.0
2011-02-18 00:00:00+05:30,270.92661703295636,272.66054738196726,267.8142205229385,268.78521728515625,7102304,0.0,0.0
2011-02-21 00:00:00+05:30,268.7591603351952,275.50415252780294,266.67844425518075,274.4161071777344,9398952,0.0,0.0
2011-02-22 00:00:00+05:30,272.24435872243834,274.5678292722102,269.97291454173114,272.3874206542969,6085648,0.0,0.0
2011-02-23 00:00:00+05:30,269.2706661972147,269.2706661972147,266.1626091951393,266.92120361328125,7076384,0.0,0.0
2011-02-24 00:00:00+05:30,264.4243702047502,267.02526564938705,259.65606188958253,260.85247802734375,16486520,0.0,0.0
2011-02-25 00:00:00+05:30,262.10084743784864,263.7870900837567,257.14181200595783,260.7223815917969,10366720,0.0,0.0
2011-02-28 00:00:00+05:30,261.99686953257714,271.7762407026932,257.263231325393,259.838134765625,14514472,0.0,0.0
2011-03-01 00:00:00+05:30,262.69041834745684,269.45274594848047,260.78309517793735,267.2333068847656,8377632,0.0,0.0
2011-03-03 00:00:00+05:30,265.1265521641234,265.2045705409142,260.17617397622865,262.3522644042969,12571856,0.0,0.0
2011-03-04 00:00:00+05:30,265.89820315622444,267.8922229386154,264.25096942294493,265.4820556640625,9770912,0.0,0.0
2011-03-07 00:00:00+05:30,263.210610990268,266.5917749654394,262.3002976123372,263.7914733886719,7357728,0.0,0.0
2011-03-08 00:00:00+05:30,262.7121533488936,271.53352505197086,261.8408490113313,270.1723937988281,8514512,0.0,0.0
2011-03-09 00:00:00+05:30,270.49311358600187,271.60283315701867,266.2449845585294,268.3690490722656,6676440,0.0,0.0
2011-03-10 00:00:00+05:30,268.3257183651739,268.75920094734704,265.5080815810485,267.9139099121094,3438200,0.0,0.0
2011-03-11 00:00:00+05:30,265.98484971428854,266.9385111702394,263.99083030639133,264.7624206542969,7278272,0.0,0.0
2011-03-14 00:00:00+05:30,263.1239771867722,269.45282408451004,262.74683880243504,268.82861328125,3557952,0.0,0.0
2011-03-15 00:00:00+05:30,262.8638271911504,265.19595492239915,260.60971785507854,262.70343017578125,9037824,0.0,0.0
2011-03-16 00:00:00+05:30,262.25696215437574,265.41704594446213,261.8278186313515,262.7684631347656,5594720,0.0,0.0
2011-03-17 00:00:00+05:30,258.7110326838088,260.0028020602004,257.575300073643,258.24285888671875,8321376,0.0,0.0
2011-03-18 00:00:00+05:30,258.36868299828393,259.6387999980775,254.2462794895634,254.9832000732422,7468000,0.0,0.0
2011-03-21 00:00:00+05:30,255.87611237337526,256.3616213740548,251.7970578535849,253.35325622558594,6607096,0.0,0.0
2011-03-22 00:00:00+05:30,254.4672455355615,256.33989856411586,253.50058794334143,255.15216064453125,5119744,0.0,0.0
2011-03-23 00:00:00+05:30,254.43260657708308,259.9855227964303,253.7607085615886,259.5130310058594,7266720,0.0,0.0
2011-03-24 00:00:00+05:30,259.4782759129521,261.1471834766648,258.2471898913888,260.3322448730469,8189232,0.0,0.0
2011-03-25 00:00:00+05:30,263.90420835278076,276.1284177410009,263.5617613300982,274.2254333496094,12662792,0.0,0.0
2011-03-28 00:00:00+05:30,272.1403619996801,273.7485865945185,269.60448892274775,272.18804931640625,12056632,0.0,0.0
2011-03-29 00:00:00+05:30,271.5334986607983,276.4491870757394,271.2690700434972,275.118408203125,9860592,0.0,0.0
2011-03-30 00:00:00+05:30,275.0013805044439,277.73232107376606,273.67058036372924,274.906005859375,5608128,0.0,0.0
2011-03-31 00:00:00+05:30,275.8683521054144,283.06416392965997,274.29913648210305,281.00946044921875,18839928,0.0,0.0
2011-04-01 00:00:00+05:30,280.4718418718332,282.3054642905208,278.12235837051537,279.0023193359375,5588288,0.0,0.0
2011-04-04 00:00:00+05:30,279.59624075925683,285.7516928813986,279.2494547242066,284.63763427734375,7375992,0.0,0.0
2011-04-05 00:00:00+05:30,284.1001395114662,285.49162280513247,280.12511701357573,284.6463317871094,4302536,0.0,0.0
2011-04-06 00:00:00+05:30,284.2778207499448,286.011750733171,281.9413543307749,283.94403076171875,6766920,0.0,0.0
2011-04-07 00:00:00+05:30,282.79531666521234,282.79531666521234,280.697265511032,281.4081726074219,3800288,0.0,0.0
2011-04-08 00:00:00+05:30,281.0701807456089,283.03384889663556,278.07481107599426,279.7957458496094,4832928,0.0,0.0
2011-04-11 00:00:00+05:30,277.02125771201935,282.7865734433559,275.78149385536267,281.0353088378906,8000064,0.0,0.0
2011-04-13 00:00:00+05:30,278.38248312035086,287.5809909512006,277.08203551935264,286.635986328125,11068904,0.0,0.0
2011-04-15 00:00:00+05:30,285.76467375628505,285.97709712441457,258.1388411686998,259.17919921875,81019736,0.0,0.0
2011-04-18 00:00:00+05:30,253.06715293551767,257.22858607731445,249.68598850780776,251.9487762451172,41086712,0.0,0.0
2011-04-19 00:00:00+05:30,251.94015477078509,253.76078217965863,249.7727411887928,250.32327270507812,19210632,0.0,0.0
2011-04-20 00:00:00+05:30,253.06714045521693,253.8387310124158,250.6396379088839,252.05279541015625,17949856,0.0,0.0
2011-04-21 00:00:00+05:30,253.04104417929256,254.93103191729674,251.51519863658498,252.2867889404297,23953696,0.0,0.0
2011-04-25 00:00:00+05:30,252.72039572934446,256.96418682062694,252.06149360678214,255.00051879882812,15527240,0.0,0.0
2011-04-26 00:00:00+05:30,254.454309528707,256.1839010280497,253.15386160948023,255.09153747558594,18230880,0.0,0.0
2011-04-27 00:00:00+05:30,255.321202958606,257.02478078693383,255.10446169972772,256.02777099609375,9981328,0.0,0.0
2011-04-28 00:00:00+05:30,255.66804749296494,256.44831620352335,253.24054483789442,253.94711303710938,23419304,0.0,0.0
2011-04-29 00:00:00+05:30,252.2868581464214,253.9340919281334,250.3751957612589,251.9617462158203,16254336,0.0,0.0
2011-05-02 00:00:00+05:30,253.07150112064585,255.23457523391363,252.28689331884806,253.37493896484375,13468184,0.0,0.0
2011-05-03 00:00:00+05:30,253.15385937255343,256.37462689092115,251.41558976931782,252.3779296875,13234040,0.0,0.0
2011-05-04 00:00:00+05:30,251.50664522855766,251.85343136468805,246.456572121159,248.79737854003906,16924400,0.0,0.0
2011-05-05 00:00:00+05:30,248.58500792319435,249.59067514636064,245.95809837423,246.95510864257812,12661232,0.0,0.0
2011-05-06 00:00:00+05:30,247.7699475712479,252.28684421068567,246.91166058832744,250.81300354003906,11930664,0.0,0.0
2011-05-09 00:00:00+05:30,252.28679271680232,252.89366816320015,248.6021917922442,252.1610870361328,4938200,0.0,0.0
2011-05-10 00:00:00+05:30,252.08739622079855,253.5785717130619,248.99233555867605,249.69024658203125,4873368,0.0,0.0
2011-05-11 00:00:00+05:30,249.85937194015617,253.5006257991036,249.68163984000282,251.94442749023438,6410072,0.0,0.0
2011-05-12 00:00:00+05:30,251.237861290609,252.20020122271558,248.99242967055315,249.79437255859375,4996480,0.0,0.0
2011-05-13 00:00:00+05:30,249.96340365713564,252.460267680612,248.92738447045232,249.54293823242188,8282336,0.0,0.0
2011-05-16 00:00:00+05:30,249.3391133653978,249.3391133653978,246.42178484828275,247.1196746826172,6469368,0.0,0.0
2011-05-17 00:00:00+05:30,246.9463104792492,249.45185211360817,244.82658521583932,246.57785034179688,7570472,0.0,0.0
2011-05-18 00:00:00+05:30,247.08497704176284,249.88961673884822,243.0102423326531,246.43475341796875,10176496,0.0,0.0
2011-05-19 00:00:00+05:30,247.926072819816,247.926072819816,245.83669906044196,246.77734375,7455960,0.0,0.0
2011-05-20 00:00:00+05:30,246.65151977287562,248.27273994026456,245.53746138407283,247.07200622558594,8023672,0.0,0.0
2011-05-23 00:00:00+05:30,246.89871381331633,247.32785739035378,245.16478326678575,245.96238708496094,6778880,0.0,0.0
2011-05-24 00:00:00+05:30,245.6112054967989,248.2858012168997,245.6112054967989,246.60821533203125,7625464,0.0,0.0
2011-05-25 00:00:00+05:30,245.15172312478876,245.15172312478876,238.9876138118286,241.76622009277344,11075416,0.0,0.0
2011-05-26 00:00:00+05:30,243.9799710364662,244.30743162751372,240.8363493624101,242.45619201660156,8476176,2.5,0.0
2011-05-27 00:00:00+05:30,241.01087027921804,245.11504089629167,241.01087027921804,243.41224670410156,6264944,0.0,0.0
2011-05-30 00:00:00+05:30,245.0364999159879,245.0364999159879,241.09823339271344,242.8097686767578,6867352,0.0,0.0
2011-05-31 00:00:00+05:30,243.8925328868779,246.07560246159036,242.45607737052484,243.25070190429688,20410608,0.0,0.0
2011-06-01 00:00:00+05:30,243.97982544494846,246.5995086100696,243.1065977232414,245.51234436035156,8105864,0.0,0.0
2011-06-02 00:00:00+05:30,242.75736223698846,246.2502739238516,242.4953938604737,244.77015686035156,7117288,0.0,0.0
2011-06-03 00:00:00+05:30,245.46435228872087,248.24122115686225,245.45561148247506,245.91842651367188,6293384,0.0,0.0
2011-06-06 00:00:00+05:30,246.4250216017876,248.51639907694388,244.08039513298834,247.81344604492188,3769264,0.0,0.0
2011-06-07 00:00:00+05:30,247.1278365319719,253.585351815957,247.1278365319719,252.58551025390625,7978664,0.0,0.0
2011-06-08 00:00:00+05:30,252.27556600400612,252.55499469665756,250.37629512806737,250.76487731933594,5945968,0.0,0.0
2011-06-09 00:00:00+05:30,251.62057045058896,251.62057045058896,249.26722598156843,249.87411499023438,4221616,0.0,0.0
2011-06-10 00:00:00+05:30,250.48543669417649,251.55951133321173,248.97474808147177,249.9484100341797,7187264,0.0,0.0
2011-06-13 00:00:00+05:30,248.73897329552923,251.68174712547543,246.2240726192544,251.2800750732422,7733184,0.0,0.0
2011-06-14 00:00:00+05:30,251.2975513881417,251.79528707103162,250.15798461478684,250.81727600097656,7870104,0.0,0.0
2011-06-15 00:00:00+05:30,249.8960008009949,249.8960008009949,246.85279296249715,247.61251831054688,7335880,0.0,0.0
2011-06-16 00:00:00+05:30,247.03622010240775,247.03622010240775,244.07161507937442,244.53005981445312,7628960,0.0,0.0
2011-06-17 00:00:00+05:30,244.512495756542,244.79629475782554,238.5046849424866,241.85350036621094,8525168,0.0,0.0
2011-06-20 00:00:00+05:30,241.73568263738488,242.73552431418204,231.62369934108025,236.60546875,12458152,0.0,0.0
2011-06-21 00:00:00+05:30,237.7799377043681,240.574266755613,235.18645531748922,238.14231872558594,7542816,0.0,0.0
2011-06-22 00:00:00+05:30,240.39959733036414,242.90575668565648,239.447787619366,240.57861328125,5625000,0.0,0.0
2011-06-23 00:00:00+05:30,240.1377004775637,243.55203049197098,238.87151987504564,242.67880249023438,4158768,0.0,0.0
2011-06-24 00:00:00+05:30,243.71788326694045,251.28876416230284,243.71788326694045,249.73878479003906,11219288,0.0,0.0
2011-06-27 00:00:00+05:30,247.26762886084626,255.2445761610657,246.27215734459307,250.70816040039062,10724296,0.0,0.0
2011-06-28 00:00:00+05:30,250.62070048309718,251.21449953594637,248.32847795186728,250.20591735839844,4486792,0.0,0.0
2011-06-29 00:00:00+05:30,250.44176766369176,253.847356554516,250.44176766369176,251.6424560546875,4800752,0.0,0.0
2011-06-30 00:00:00+05:30,252.01795296726547,254.89523475525078,251.620629992208,254.14862060546875,11341840,0.0,0.0
2011-07-01 00:00:00+05:30,256.2923420164686,259.3442687078488,255.3405323062708,256.2181091308594,6402464,0.0,0.0
2011-07-04 00:00:00+05:30,259.05610469596104,259.9599039544892,256.29234736527576,256.63726806640625,4114592,0.0,0.0
2011-07-05 00:00:00+05:30,258.2135286316605,259.3399842634439,255.5065217369762,258.1654968261719,6423728,0.0,0.0
2011-07-06 00:00:00+05:30,257.3402346021422,259.5625951061067,256.47574760123314,257.92529296875,3440224,0.0,0.0
2011-07-07 00:00:00+05:30,258.05629216759235,261.9683572327425,256.9909584453204,261.5928649902344,5751472,0.0,0.0
2011-07-08 00:00:00+05:30,261.9684309703067,264.0554376094186,259.1086089322142,259.92071533203125,5669792,0.0,0.0
2011-07-11 00:00:00+05:30,257.9427834372806,259.8813664499324,252.2362518450407,255.0829620361328,9206520,0.0,0.0
2011-07-12 00:00:00+05:30,248.86988049611563,248.86988049611563,239.85817540301053,243.765869140625,29652656,0.0,0.0
2011-07-13 00:00:00+05:30,241.53485458324283,245.1456607381254,241.10261100533504,242.5216064453125,13338168,0.0,0.0
2011-07-14 00:00:00+05:30,241.0326822928963,241.36014268909173,238.47849120257217,239.2949676513672,10891224,0.0,0.0
2011-07-15 00:00:00+05:30,239.6137189265625,241.2684814170034,237.51797211379375,238.50909423828125,6392624,0.0,0.0
2011-07-18 00:00:00+05:30,238.82778504570686,239.54819792564365,236.4133188908667,236.9416046142578,9408656,0.0,0.0
2011-07-19 00:00:00+05:30,237.6053433178165,241.18557818589093,237.22548060297663,240.18136596679688,8324424,0.0,0.0
2011-07-20 00:00:00+05:30,242.12862020299906,242.12862020299906,239.70104253933928,240.35159301757812,6222712,0.0,0.0
2011-07-21 00:00:00+05:30,239.7185264552569,243.15031647502437,238.9850235235844,241.71823120117188,5897088,0.0,0.0
2011-07-22 00:00:00+05:30,243.13279531329204,248.3459604729142,241.88407542544738,246.9706268310547,7749624,0.0,0.0
2011-07-25 00:00:00+05:30,246.0756464542025,246.69127644813955,243.72667169948528,245.1805877685547,7404256,0.0,0.0
2011-07-26 00:00:00+05:30,245.2896388129562,246.59948024485166,243.4121994272394,244.66091918945312,6848736,0.0,0.0
2011-07-27 00:00:00+05:30,244.59118170670683,247.63873913466347,243.73541393674807,244.21131896972656,8506440,0.0,0.0
2011-07-28 00:00:00+05:30,241.4475123743112,242.22467667133571,238.78416730110453,240.23373413085938,9481376,0.0,0.0
2011-07-29 00:00:00+05:30,239.35176568805196,242.97129104400668,237.9895216461222,242.39932250976562,9757592,0.0,0.0
2011-08-01 00:00:00+05:30,242.76609013186206,246.58209168299078,242.76609013186206,245.8223876953125,6094952,0.0,0.0
2011-08-02 00:00:00+05:30,244.37713810505784,244.37713810505784,239.70099958701235,240.22056579589844,4932528,0.0,0.0
2011-08-03 00:00:00+05:30,238.827760687071,239.23817341603532,236.51370742995678,238.61819458007812,5646088,0.0,0.0
2011-08-04 00:00:00+05:30,239.26448899841918,241.00657471837613,236.12086797508226,236.57057189941406,6529888,0.0,0.0
2011-08-05 00:00:00+05:30,230.84647778320277,230.84647778320277,220.48998898107186,226.270751953125,15758072,0.0,0.0
2011-08-08 00:00:00+05:30,218.30694850604317,218.30694850604317,212.2816767272764,215.73092651367188,16170240,0.0,0.0
2011-08-09 00:00:00+05:30,205.29585446106825,213.0632114283589,205.22599197370945,207.35231018066406,16849744,0.0,0.0
2011-08-10 00:00:00+05:30,213.76611247249164,216.2460702823862,210.54391121651207,213.68753051757812,13955960,0.0,0.0
2011-08-11 00:00:00+05:30,212.36902585233645,215.59996909104385,210.88016801501584,213.12001037597656,8206232,0.0,0.0
2011-08-12 00:00:00+05:30,217.25905523578967,217.25905523578967,204.54050210942788,207.40904235839844,14098080,0.0,0.0
2011-08-16 00:00:00+05:30,212.1943857883764,212.91479882654681,207.155864924617,209.51358032226562,10146704,0.0,0.0
2011-08-17 00:00:00+05:30,209.22538408571356,215.29431738870065,209.22538408571356,213.84912109375,8531328,0.0,0.0
2011-08-18 00:00:00+05:30,215.25064632548722,215.52135546308557,204.59726748098035,205.56655883789062,10674664,0.0,0.0
2011-08-19 00:00:00+05:30,198.5720003196753,198.5720003196753,189.63015623834818,194.26698303222656,28899200,0.0,0.0
2011-08-22 00:00:00+05:30,193.32392369649713,196.04841190462434,189.9270755623322,191.63861083984375,15708072,0.0,0.0
2011-08-23 00:00:00+05:30,192.21928949080174,201.07381177720822,191.58619926987802,198.82962036132812,17143440,0.0,0.0
2011-08-24 00:00:00+05:30,199.0959879219314,199.52823152663746,194.72984783592415,196.5548858642578,8606144,0.0,0.0
2011-08-25 00:00:00+05:30,196.49370333249536,197.7948254667247,188.74817748173865,190.66053771972656,26853752,0.0,0.0
2011-08-26 00:00:00+05:30,190.93130474334225,196.7295302129616,190.59510343124663,192.3328399658203,21021960,0.0,0.0
2011-08-29 00:00:00+05:30,195.51572395868774,201.91211823290564,194.9044644376021,200.51495361328125,11222528,0.0,0.0
2011-08-30 00:00:00+05:30,203.54942295145958,206.0817838547596,199.09596067324233,204.59292602539062,12142920,0.0,0.0
2011-09-02 00:00:00+05:30,208.26480928276533,208.26480928276533,198.6855055472772,202.5189666748047,14960904,0.0,0.0
2011-09-05 00:00:00+05:30,200.29231075394856,200.29231075394856,195.62054075200845,197.79489135742188,10902544,0.0,0.0
2011-09-06 00:00:00+05:30,196.81679760455535,202.58884166406452,194.0530402534342,201.0650634765625,10816696,0.0,0.0
2011-09-07 00:00:00+05:30,200.6590070845945,202.0911134640935,198.01749299683203,200.0957794189453,13157432,0.0,0.0
2011-09-08 00:00:00+05:30,200.84239453572667,205.5578246683046,200.75507175549376,204.199951171875,11027872,0.0,0.0
2011-09-09 00:00:00+05:30,203.2961910789794,203.2961910789794,197.43682348208094,198.5982208251953,12392104,0.0,0.0
2011-09-12 00:00:00+05:30,192.8086987780253,193.62517530091887,190.42041221074564,191.97476196289062,8198264,0.0,0.0
2011-09-13 00:00:00+05:30,194.1273072089791,197.32330860123398,191.73902032279344,194.03561401367188,10365216,0.0,0.0
2011-09-14 00:00:00+05:30,196.56357111623137,206.68427244751078,196.38892556215208,205.35260009765625,17236880,0.0,0.0
2011-09-15 00:00:00+05:30,207.653544884231,212.06334472302564,203.46205196814896,210.4391326904297,13703456,0.0,0.0
2011-09-16 00:00:00+05:30,214.63070513116514,214.63070513116514,207.26941002502818,209.1511993408203,11304104,0.0,0.0
2011-09-19 00:00:00+05:30,209.48736317884095,210.5876388077712,205.74122419483848,206.31317138671875,6558432,0.0,0.0
2011-09-20 00:00:00+05:30,207.56623613153926,213.06757095538737,207.40468047020832,212.7663116455078,9008904,0.0,0.0
2011-09-21 00:00:00+05:30,213.06762208936232,214.36872322122562,211.32116617059705,212.68775939941406,7402480,0.0,0.0
2011-09-22 00:00:00+05:30,208.1775195745233,210.60509726289985,204.04277717448574,205.4355926513672,9037856,0.0,0.0
2011-09-23 00:00:00+05:30,203.28742427366132,208.6839761406098,202.67616483641234,204.2305145263672,10448432,0.0,0.0
2011-09-26 00:00:00+05:30,204.77192901805705,206.51838470264605,200.9384673179999,205.64515686035156,6544288,0.0,0.0
2011-09-27 00:00:00+05:30,207.58364699391024,215.56930860067354,207.58364699391024,213.42990112304688,10341024,0.0,0.0
2011-09-28 00:00:00+05:30,216.5605035864285,221.7998706086808,214.15912703456286,215.7091064453125,20061760,0.0,0.0
2011-09-29 00:00:00+05:30,216.73515207612832,224.41518674265708,215.7964321386511,222.7691650390625,23256344,0.0,0.0
2011-09-30 00:00:00+05:30,221.09257441795555,223.89564464332992,219.02302845631652,221.19300842285156,10730656,0.0,0.0
2011-10-03 00:00:00+05:30,217.43371328843304,219.87875102822264,215.48641111043602,216.20245361328125,9885128,0.0,0.0
2011-10-04 00:00:00+05:30,214.13290221306272,216.71329444946264,210.76225592691878,212.93658447265625,7838480,0.0,0.0
2011-10-05 00:00:00+05:30,214.63503488685524,218.21963947090342,212.0284625489445,213.6744842529297,10771856,0.0,0.0
2011-10-07 00:00:00+05:30,223.5463599086577,224.8474610539467,217.22854702971605,219.0666961669922,18457728,0.0,0.0
2011-10-10 00:00:00+05:30,222.23642156571634,227.11775526424208,220.7868552392855,226.1615753173828,16946432,0.0,0.0
2011-10-11 00:00:00+05:30,226.46286969636398,226.60259465999235,217.43370354658225,218.70425415039062,22339248,0.0,0.0
2011-10-12 00:00:00+05:30,226.60254831876608,234.72356450128834,226.60254831876608,233.96823120117188,34633704,0.0,0.0
2011-10-13 00:00:00+05:30,237.4306396670989,238.30386747021439,234.46166513650627,235.48333740234375,18041536,0.0,0.0
2011-10-14 00:00:00+05:30,236.7407929825864,240.72269888510598,234.5751838150559,239.5918731689453,19600992,0.0,0.0
2011-10-17 00:00:00+05:30,241.10696136691138,241.43877091006,237.53544650344085,239.83641052246094,14145496,0.0,0.0
2011-10-18 00:00:00+05:30,235.76281072168112,237.95462145054893,234.69747686376598,235.9069061279297,10518136,0.0,0.0
2011-10-19 00:00:00+05:30,237.692626639866,238.8278228728999,235.86758891591208,238.19473266601562,10135320,0.0,0.0
2011-10-20 00:00:00+05:30,236.37272921143793,242.0800945155774,235.98199848953834,241.25033569335938,5573680,1.875,0.0
2011-10-21 00:00:00+05:30,241.25036846001873,241.3776823390191,237.68984579546185,239.06399536132812,6858312,0.0,0.0
2011-10-24 00:00:00+05:30,241.46547071684427,243.6430545219657,240.6927769231663,242.98451232910156,6075592,0.0,0.0
2011-10-25 00:00:00+05:30,246.82160948708432,254.54850441232924,246.82160948708432,251.0099334716797,15677584,0.0,0.0
2011-10-28 00:00:00+05:30,256.48019699859856,260.90121821248886,249.81136494156448,251.00550842285156,24868784,0.0,0.0
2011-10-31 00:00:00+05:30,250.7728693002852,254.43875420689827,250.7728693002852,252.6650848388672,10291624,0.0,0.0
2011-11-01 00:00:00+05:30,249.36804968260685,252.36223096659472,247.43632535407963,249.06951904296875,7906192,0.0,0.0
2011-11-02 00:00:00+05:30,247.6118739955599,250.58847624648274,247.3835707851927,248.8762664794922,5317856,0.0,0.0
2011-11-03 00:00:00+05:30,248.8411366853753,249.54358167248998,242.97571675558376,246.04014587402344,10779624,0.0,0.0
2011-11-04 00:00:00+05:30,249.8069786233214,250.32502318524226,245.11377271477653,248.13427734375,7643688,0.0,0.0
2011-11-08 00:00:00+05:30,247.17720667561463,250.0703974713351,245.05231502942866,249.55235290527344,6107336,0.0,0.0
2011-11-09 00:00:00+05:30,249.80703264137625,251.7607080284661,248.05091993387975,248.955322265625,6679648,0.0,0.0
2011-11-11 00:00:00+05:30,229.23419090688307,246.53190280532823,229.23419090688307,243.7221221923828,9441224,0.0,0.0
2011-11-14 00:00:00+05:30,246.74706481691703,248.70074073562782,245.68023463158346,246.6285400390625,4633040,0.0,0.0
2011-11-15 00:00:00+05:30,245.86453634418226,247.6118596870641,244.23573773155178,245.70648193359375,5098024,0.0,0.0
2011-11-16 00:00:00+05:30,245.41677415683262,246.207024950182,242.19431132022623,243.95042419433594,6552648,0.0,0.0
2011-11-17 00:00:00+05:30,243.07227818986775,244.88985005744644,239.96394668589852,241.7727508544922,6366984,0.0,0.0
2011-11-18 00:00:00+05:30,239.80153378694035,242.7342328100879,238.83127743497712,240.6576385498047,4737896,0.0,0.0
2011-11-21 00:00:00+05:30,238.83130606680422,240.1352282059446,230.6039230826959,234.44981384277344,9365792,0.0,0.0
2011-11-22 00:00:00+05:30,228.29465712044558,242.7737981453538,228.29465712044558,239.18255615234375,14859512,0.0,0.0
2011-11-23 00:00:00+05:30,234.8800670007346,236.15764324133798,229.81808086051564,232.9176025390625,12792816,0.0,0.0
2011-11-24 00:00:00+05:30,231.89464818938802,235.67028994332352,227.11803091731645,234.1073455810547,13231776,0.0,0.0
2011-11-25 00:00:00+05:30,233.12396656728058,233.12396656728058,227.50440579127078,228.268310546875,8022528,0.0,0.0
2011-11-28 00:00:00+05:30,230.05515320492867,232.67613848982936,229.3878218188496,231.46881103515625,7290208,0.0,0.0
2011-11-29 00:00:00+05:30,230.24391047488476,230.75758196680627,226.6482743421961,228.1146240234375,10659368,0.0,0.0
2011-11-30 00:00:00+05:30,226.62634913128892,230.48979715987346,224.8702363910232,228.89613342285156,11640232,0.0,0.0
2011-12-01 00:00:00+05:30,234.79229079815093,236.27182446639458,230.98153444373617,233.15472412109375,8125208,0.0,0.0
2011-12-02 00:00:00+05:30,232.772734189104,238.4318029754607,232.50052815074167,236.56153869628906,9451408,0.0,0.0
2011-12-05 00:00:00+05:30,236.19713854550517,238.6337447145155,234.89761096798216,237.17616271972656,7468184,0.0,0.0
2011-12-07 00:00:00+05:30,237.514233240734,243.4323242298934,235.67470954793598,242.2513427734375,8070392,0.0,0.0
2011-12-08 00:00:00+05:30,241.20204298854415,242.16790482795952,236.73274541547175,239.13421630859375,7295584,0.0,0.0
2011-12-09 00:00:00+05:30,234.27866902781255,240.56995758669822,233.5806183006975,237.9796905517578,10570752,0.0,0.0
2011-12-12 00:00:00+05:30,238.82252187409568,241.992313657513,236.88203033427774,240.609375,11025800,0.0,0.0
2011-12-13 00:00:00+05:30,239.82350143246788,242.77375749137013,237.8390857858006,241.65863037109375,9648336,0.0,0.0
2011-12-14 00:00:00+05:30,241.46547988322232,242.980126984308,239.27033915701122,240.609375,9857632,0.0,0.0
2011-12-15 00:00:00+05:30,239.38449547909718,240.09133509424927,234.00200602498435,238.51083374023438,10053168,0.0,0.0
2011-12-16 00:00:00+05:30,236.6361743285035,244.87234676134742,236.36836286794593,239.2264404296875,13669288,0.0,0.0
2011-12-19 00:00:00+05:30,236.19714058583534,237.38691113899577,233.19419237952602,235.0029754638672,12064432,0.0,0.0
2011-12-20 00:00:00+05:30,236.19715327457186,236.91276061028174,232.78152271834415,234.33128356933594,10484608,0.0,0.0
2011-12-21 00:00:00+05:30,238.74357069838103,241.8870173656863,235.31915022863598,240.8509063720703,8422920,0.0,0.0
2011-12-22 00:00:00+05:30,232.6849819872437,241.2899360380927,232.6849819872437,238.90602111816406,12707136,0.0,0.0
2011-12-23 00:00:00+05:30,240.58746318072176,240.58746318072176,235.60449291228892,236.6142578125,7045296,0.0,0.0
2011-12-26 00:00:00+05:30,236.28501789310565,244.71436078338368,236.28501789310565,243.73533630371094,4236568,0.0,0.0
2011-12-27 00:00:00+05:30,242.78255259322228,245.76794383668323,240.2581408800016,242.29083251953125,6178200,0.0,0.0
2011-12-28 00:00:00+05:30,243.13384089960118,246.20703859966835,241.60163661938142,244.2753143310547,6851248,0.0,0.0
2011-12-29 00:00:00+05:30,242.16792097273043,243.6518275047203,239.80156359578714,240.77182006835938,8837168,0.0,0.0
2011-12-30 00:00:00+05:30,240.93869433873186,243.66066938410384,240.7191802221696,243.01528930664062,5308816,0.0,0.0
2012-01-02 00:00:00+05:30,242.27325680980505,247.3176852746805,240.76300446813985,246.64158630371094,5826176,0.0,0.0
2012-01-03 00:00:00+05:30,247.97191135814546,253.4904828555875,247.61189966683924,251.50169372558594,8903008,0.0,0.0
2012-01-04 00:00:00+05:30,249.80703610350216,252.44120520125438,249.46020812634936,250.6324005126953,7341424,0.0,0.0
2012-01-05 00:00:00+05:30,249.29773823160485,252.528989674772,248.61724460504732,249.3811492919922,7125272,0.0,0.0
2012-01-06 00:00:00+05:30,249.1923977473875,251.7914531767454,246.8304346874123,248.67872619628906,7087632,0.0,0.0
2012-01-09 00:00:00+05:30,250.02660742387428,251.6773580570259,247.36609173879128,249.0651397705078,8265784,0.0,0.0
2012-01-10 00:00:00+05:30,252.00211765512813,252.47625940626259,250.26356217277188,251.44017028808594,11179176,0.0,0.0
2012-01-11 00:00:00+05:30,251.8266282259927,254.18859186156976,246.99731701524317,248.1914825439453,13795800,0.0,0.0
2012-01-12 00:00:00+05:30,241.46551741824152,241.46551741824152,226.36734144378403,227.26295471191406,48970600,0.0,0.0
2012-01-13 00:00:00+05:30,229.87510649621728,229.9629121136719,224.10188714857546,226.9072723388672,20898944,0.0,0.0
2012-01-16 00:00:00+05:30,226.64829453355327,232.15809811010746,226.45952099374713,231.82003784179688,13188736,0.0,0.0
2012-01-17 00:00:00+05:30,232.68493402090672,234.68690679722587,231.2668815826805,233.7429962158203,8740424,0.0,0.0
2012-01-18 00:00:00+05:30,232.15815436495353,232.15815436495353,226.97762066316372,229.35276794433594,9700424,0.0,0.0
2012-01-19 00:00:00+05:30,229.69948750885757,230.29656997478094,226.23995487267317,227.8292236328125,9652336,0.0,0.0
2012-01-20 00:00:00+05:30,227.94344511009103,229.14637811007455,226.213678261625,227.31124877929688,11635712,0.0,0.0
2012-01-23 00:00:00+05:30,227.41662720573208,229.65567121876148,227.3288215581623,228.32102966308594,5160864,0.0,0.0
2012-01-24 00:00:00+05:30,229.87514214288356,231.77175234877762,227.8556126282593,230.12100219726562,5653208,0.0,0.0
2012-01-25 00:00:00+05:30,231.36778745479145,234.88001193228354,230.4897313354184,234.07220458984375,10545360,0.0,0.0
2012-01-27 00:00:00+05:30,237.25082562087871,240.1484115740575,235.8634923013662,239.27035522460938,12218872,0.0,0.0
2012-01-30 00:00:00+05:30,236.97864965894274,239.28794243850857,236.19718798350723,238.15525817871094,9588456,0.0,0.0
2012-01-31 00:00:00+05:30,238.12889655905752,241.87379854411236,237.6020627171127,241.11428833007812,8658896,0.0,0.0
2012-02-01 00:00:00+05:30,240.56106128015733,241.28985223915154,236.69321929585396,240.82447814941406,6269336,0.0,0.0
2012-02-02 00:00:00+05:30,240.59623248218452,244.36308570283452,239.7093869812211,242.08013916015625,11538256,0.0,0.0
2012-02-03 00:00:00+05:30,240.59187107897077,245.15337022394007,240.59187107897077,244.38507080078125,11637200,0.0,0.0
2012-02-06 00:00:00+05:30,246.30352780931275,246.54936637039813,241.64983042974305,243.844970703125,7937680,0.0,0.0
2012-02-07 00:00:00+05:30,246.29475776259775,246.29475776259775,238.2737060072196,239.4898223876953,7221640,0.0,0.0
2012-02-08 00:00:00+05:30,241.28993742350633,244.27532966237067,240.70603839861698,243.1470184326172,6671496,0.0,0.0
2012-02-09 00:00:00+05:30,241.37771206671098,247.79631313041372,239.87185386740146,246.72506713867188,10156840,0.0,0.0
2012-02-10 00:00:00+05:30,245.76800028072148,246.03141721564188,241.56649159397128,245.0128631591797,5177616,0.0,0.0
2012-02-13 00:00:00+05:30,243.6826596696839,245.8997526006485,242.08899550397987,244.83729553222656,5734008,0.0,0.0
2012-02-14 00:00:00+05:30,243.74846242528503,246.72506511716412,242.69479472027658,245.947998046875,5477768,0.0,0.0
2012-02-15 00:00:00+05:30,247.17288055048888,252.44121903469113,247.17288055048888,251.48414611816406,7178328,0.0,0.0
2012-02-16 00:00:00+05:30,251.47535148588017,256.1905100388557,251.17242631704065,255.42221069335938,8256552,0.0,0.0
2012-02-17 00:00:00+05:30,256.0631330109418,261.48512991224504,254.649453989033,258.8334045410156,11457280,0.0,0.0
2012-02-21 00:00:00+05:30,257.2705679492404,259.8959484467159,255.62421192567442,257.9949645996094,6049224,0.0,0.0
2012-02-22 00:00:00+05:30,255.09295280654894,262.89009828557005,255.09295280654894,259.2242126464844,10413120,0.0,0.0
2012-02-23 00:00:00+05:30,258.06066842503304,261.8890013085201,256.0586963798784,257.5469970703125,10474960,0.0,0.0
2012-02-24 00:00:00+05:30,257.44612297936277,261.1339596659703,256.6997750785017,258.85540771484375,8536440,0.0,0.0
2012-02-27 00:00:00+05:30,260.34369871489076,260.34369871489076,252.17777494406957,253.17437744140625,6910568,0.0,0.0
2012-02-28 00:00:00+05:30,253.407086465766,255.51442190415074,250.68071695497082,252.21292114257812,7950200,0.0,0.0
2012-02-29 00:00:00+05:30,254.10947434260598,255.34754220840043,251.4928624756057,253.18312072753906,8868408,0.0,0.0
2012-03-01 00:00:00+05:30,250.38216018297078,252.44119801504817,246.29480362859482,250.8299560546875,9806632,0.0,0.0
2012-03-02 00:00:00+05:30,251.56312213199962,251.56312213199962,247.00601865139242,249.86846923828125,6077656,0.0,0.0
2012-03-05 00:00:00+05:30,250.95727898442794,251.46216135553306,245.56600045517004,246.7206573486328,5780456,0.0,0.0
2012-03-06 00:00:00+05:30,246.30358264065222,252.88021578900745,245.95236011872305,250.46116638183594,10349688,0.0,0.0
2012-03-07 00:00:00+05:30,249.54355764143156,254.19725523291496,248.93770747315645,253.21823120117188,7908568,0.0,0.0
2012-03-09 00:00:00+05:30,254.1094685270821,254.89971912029003,250.07040993957492,250.71139526367188,6644808,0.0,0.0
2012-03-12 00:00:00+05:30,255.95331884901913,255.95331884901913,244.1873686858052,247.38348388671875,7294472,0.0,0.0
2012-03-13 00:00:00+05:30,249.7148242740568,251.98900301807902,249.54360757805725,251.10655212402344,7710424,0.0,0.0
2012-03-14 00:00:00+05:30,253.75829063406087,255.95343155650085,250.59289313651783,252.77926635742188,10602088,0.0,0.0
2012-03-15 00:00:00+05:30,254.19728987504683,255.08850841331198,252.04605201600066,253.04702758789062,6251360,0.0,0.0
2012-03-16 00:00:00+05:30,255.07525795526735,255.77770272760543,249.99569562053227,251.5586395263672,9031008,0.0,0.0
2012-03-19 00:00:00+05:30,254.19727603055307,254.63630414114127,246.84794974669094,249.14845275878906,6061528,0.0,0.0
2012-03-20 00:00:00+05:30,248.13873650429716,250.5270456043565,246.11920680167904,248.60850524902344,9225384,0.0,0.0
2012-03-21 00:00:00+05:30,248.70505611646263,253.75827448573418,247.69968592534815,251.7650909423828,6250664,0.0,0.0
2012-03-22 00:00:00+05:30,252.35344275134213,252.4017401471176,247.11144963710774,248.34072875976562,5664640,0.0,0.0
2012-03-23 00:00:00+05:30,248.75336314297468,253.12169346996478,248.5250599179509,252.23924255371094,5497736,0.0,0.0
2012-03-26 00:00:00+05:30,251.91439786185163,251.91439786185163,247.7085160017724,248.5558319091797,4922664,0.0,0.0
2012-03-27 00:00:00+05:30,251.12410169507064,254.96559800596552,248.69189003247118,252.52020263671875,7590752,0.0,0.0
2012-03-28 00:00:00+05:30,251.65098427156,252.4148891129825,247.9631470980061,249.64024353027344,5919920,0.0,0.0
2012-03-29 00:00:00+05:30,247.6558116103995,249.22315088442306,243.02845859522517,245.15335083007812,14000208,0.0,0.0
2012-03-30 00:00:00+05:30,246.7250412730212,252.2655853278412,246.119190975962,251.6772918701172,7963600,0.0,0.0
2012-04-02 00:00:00+05:30,251.47537886039555,253.64856867422054,249.45584893239655,250.26365661621094,4851584,0.0,0.0
2012-04-03 00:00:00+05:30,251.67727408280805,252.67385509156168,249.5918904322337,250.9879913330078,5451584,0.0,0.0
2012-04-04 00:00:00+05:30,250.1582814563423,252.43683364624482,249.71925323335822,250.34268188476562,5254144,0.0,0.0
2012-04-09 00:00:00+05:30,249.14851152762796,251.06707339821403,246.94458131784722,247.85337829589844,6541568,0.0,0.0
2012-04-10 00:00:00+05:30,249.54358330733126,250.03967650796318,240.32399279105056,243.34449768066406,7243056,0.0,0.0
2012-04-11 00:00:00+05:30,243.12942083668352,248.0509312105646,240.86842562299432,246.24212646484375,8179640,0.0,0.0
2012-04-12 00:00:00+05:30,247.8533157990805,248.65235552211547,240.4512976876377,241.52252197265625,11805608,0.0,0.0
2012-04-13 00:00:00+05:30,221.09456803506203,221.50725019317625,209.77643132797184,210.95741271972656,75255568,0.0,0.0
2012-04-16 00:00:00+05:30,210.73355554874104,213.06479979438416,204.8549716927978,207.620849609375,33491480,0.0,0.0
2012-04-17 00:00:00+05:30,210.64571149119195,210.64571149119195,205.12274580468684,209.0388641357422,23687088,0.0,0.0
2012-04-18 00:00:00+05:30,210.733518384291,210.9574270349587,206.78226491458554,208.2091064453125,19165328,0.0,0.0
2012-04-19 00:00:00+05:30,208.9686283602254,212.04622024564844,207.92374984750091,211.20767211914062,17113512,0.0,0.0
2012-04-20 00:00:00+05:30,210.27250723451965,213.2271577550404,207.44077600649447,211.38323974609375,11507520,0.0,0.0
2012-04-23 00:00:00+05:30,209.8554369492996,209.8554369492996,202.39195906616553,202.91000366210938,18136696,0.0,0.0
2012-04-24 00:00:00+05:30,202.88805925570603,207.64274672154983,193.02311012848122,206.3037109375,53037912,0.0,0.0
2012-04-25 00:00:00+05:30,206.31690051950903,207.66033105005042,202.23833297717914,206.33885192871094,24638504,0.0,0.0
2012-04-26 00:00:00+05:30,206.3432740613792,208.87208102662296,205.67156942484334,206.88766479492188,17137064,0.0,0.0
2012-04-27 00:00:00+05:30,206.95789135175485,210.55792255473403,206.78228007356074,209.9432830810547,14062464,0.0,0.0
2012-04-30 00:00:00+05:30,210.03108040626046,216.70430871348276,209.88620968225433,216.18626403808594,10869608,0.0,0.0
2012-05-02 00:00:00+05:30,216.44084165011407,218.46037080141332,216.15547340047397,217.05548095703125,10124688,0.0,0.0
2012-05-03 00:00:00+05:30,216.00193887231393,219.27269993857152,216.00193887231393,218.01268005371094,11400728,0.0,0.0
2012-05-04 00:00:00+05:30,217.93355054829289,219.33844047930526,212.78813260119244,214.41693115234375,10800888,0.0,0.0
2012-05-07 00:00:00+05:30,211.5237692500108,215.01843772010602,207.91494916998025,214.03501892089844,10710000,0.0,0.0
2012-05-08 00:00:00+05:30,210.29457759891628,211.41409988049713,204.512565711038,210.19798278808594,11526640,0.0,0.0
2012-05-09 00:00:00+05:30,207.92377096539883,210.27696657958828,206.57157258372175,207.77011108398438,10498144,0.0,0.0
2012-05-10 00:00:00+05:30,207.92376296925497,209.40329663103154,203.91104936487682,205.833984375,9084024,0.0,0.0
2012-05-11 00:00:00+05:30,205.8163842935814,207.22127428875942,201.25488637787174,202.9451446533203,8901312,0.0,0.0
2012-05-14 00:00:00+05:30,203.72666045537605,205.94814763992173,202.31300238297482,205.37301635742188,7918416,0.0,0.0
2012-05-15 00:00:00+05:30,202.3919845197838,213.2798830362494,202.3919845197838,212.0681610107422,10267152,0.0,0.0
2012-05-16 00:00:00+05:30,208.80182027767574,209.41645978227783,206.6944848333258,207.96327209472656,8589288,0.0,0.0
2012-05-17 00:00:00+05:30,207.9632741325894,208.75352493196442,206.02715538673561,208.14767456054688,5807416,0.0,0.0
2012-05-18 00:00:00+05:30,204.17883723618135,211.17254732865894,202.14172940139423,209.2276611328125,5938160,0.0,0.0
2012-05-21 00:00:00+05:30,209.407671549552,209.4603635106587,204.06031641113847,205.5047149658203,4776760,0.0,0.0
2012-05-22 00:00:00+05:30,206.7822726014913,207.92814043768666,204.02955734049849,205.56178283691406,5823208,0.0,0.0
2012-05-23 00:00:00+05:30,206.78226324872557,207.64276272924687,202.58514975399976,206.1851806640625,5402032,0.0,0.0
2012-05-24 00:00:00+05:30,209.10503629627974,212.65687560143422,205.900361410513,211.9358367919922,7612048,4.0,0.0
2012-05-25 00:00:00+05:30,210.35129083877735,212.3097031952958,209.28752120083226,211.22813415527344,4313728,0.0,0.0
2012-05-28 00:00:00+05:30,213.11085444151632,213.46692938628075,210.31567481835143,212.3809051513672,4725784,0.0,0.0
2012-05-29 00:00:00+05:30,212.8437997311768,215.8704367829794,211.6865561525464,214.4906463623047,5144760,0.0,0.0
2012-05-30 00:00:00+05:30,214.268100531924,218.8792754674717,212.99512824280222,216.52027893066406,8051488,0.0,0.0
2012-05-31 00:00:00+05:30,214.3571164625152,227.17581445695131,212.85270851612634,216.25767517089844,21626352,0.0,0.0
2012-06-01 00:00:00+05:30,214.98029727662416,216.44910676112283,212.13169706426308,212.68360900878906,6543040,0.0,0.0
2012-06-04 00:00:00+05:30,211.33042659468666,213.3200035416657,208.7488838940776,212.36305236816406,4812088,0.0,0.0
2012-06-05 00:00:00+05:30,212.30970444508947,214.70429996551013,211.39280703524912,212.65243530273438,5992720,0.0,0.0
2012-06-06 00:00:00+05:30,213.39571773705615,216.61375820612997,213.32449839892,215.02476501464844,8777184,0.0,0.0
2012-06-07 00:00:00+05:30,217.9178820781698,219.41785658554738,216.86300128418716,218.3585205078125,6647088,0.0,0.0
2012-06-08 00:00:00+05:30,221.5587279409666,221.5587279409666,213.00404027346136,215.35858154296875,5564824,0.0,0.0
2012-06-11 00:00:00+05:30,216.04849821024933,218.34073093744914,214.97136268209516,215.92831420898438,3553784,0.0,0.0
2012-06-12 00:00:00+05:30,213.84081000346308,219.87628484085442,213.84081000346308,218.81251525878906,4134680,0.0,0.0
2012-06-13 00:00:00+05:30,218.2071204014221,221.62988557216767,217.38369730556767,219.8851318359375,6157784,0.0,0.0
2012-06-14 00:00:00+05:30,219.0751046829988,223.43702265515117,219.0751046829988,222.3955078125,7883336,0.0,0.0
2012-06-15 00:00:00+05:30,223.4414651060856,225.3954218613067,222.79162403767194,224.55419921875,6311512,0.0,0.0
2012-06-18 00:00:00+05:30,225.66248922401536,226.49482307474398,222.23526798727983,223.58834838867188,7117032,0.0,0.0
2012-06-19 00:00:00+05:30,222.54682039608144,222.9919140368736,218.79912324737626,220.4993896484375,6414080,0.0,0.0
2012-06-20 00:00:00+05:30,220.7664084020507,221.21150196737742,218.3584478670163,219.8851318359375,6535976,0.0,0.0
2012-06-21 00:00:00+05:30,218.630018869376,222.81389952363523,217.219063189544,221.7723846435547,6536616,0.0,0.0
2012-06-22 00:00:00+05:30,218.07362643362137,221.16702719638016,215.9994857482332,220.2723846435547,6414328,0.0,0.0
2012-06-25 00:00:00+05:30,220.31247012071492,221.47862430365294,218.83031679841432,219.7115936279297,7949448,0.0,0.0
2012-06-26 00:00:00+05:30,218.371796407879,218.9771062222852,216.27540153471244,217.24124145507812,10330160,0.0,0.0
2012-06-27 00:00:00+05:30,218.27395812168908,220.32138921336886,217.95793723700714,219.70716857910156,8677384,0.0,0.0
2012-06-28 00:00:00+05:30,219.43116888281557,222.2797682354525,217.94901572538197,220.17002868652344,7612976,0.0,0.0
2012-06-29 00:00:00+05:30,222.01268823187095,224.23815623740293,220.42815066531497,223.3657684326172,9364968,0.0,0.0
2012-07-02 00:00:00+05:30,222.81394545194541,224.22044613821305,221.71901041053664,222.49346923828125,5175216,0.0,0.0
2012-07-03 00:00:00+05:30,223.9933430497487,223.9933430497487,220.46375967068354,221.70556640625,6428808,0.0,0.0
2012-07-04 00:00:00+05:30,222.54679169331038,222.97854116242945,219.78721147631333,220.71299743652344,6390816,0.0,0.0
2012-07-05 00:00:00+05:30,220.78874206542966,221.47863733848968,219.20865934325997,220.7887420654297,5780464,0.0,0.0
2012-07-06 00:00:00+05:30,220.41031295820372,221.21148130094357,217.20563958724438,217.61956787109375,4887440,0.0,0.0
2012-07-09 00:00:00+05:30,215.52328636305873,219.77836487209484,213.82301968647013,217.0232391357422,7314680,0.0,0.0
2012-07-10 00:00:00+05:30,217.56179833391934,219.27986434495836,217.3259073685693,218.93267822265625,7054720,0.0,0.0
2012-07-11 00:00:00+05:30,218.0959231454995,222.76049664525223,217.6508294247944,219.96531677246094,16945880,0.0,0.0
2012-07-12 00:00:00+05:30,200.2921440979616,202.96270601926773,197.53256344594521,201.57400512695312,54271864,0.0,0.0
2012-07-13 00:00:00+05:30,197.44353221702522,201.07550054671506,197.44353221702522,198.49395751953125,26756504,0.0,0.0
2012-07-16 00:00:00+05:30,198.51178784120572,199.52659277191108,192.56978701681086,193.28639221191406,18441096,0.0,0.0
2012-07-17 00:00:00+05:30,194.4970337370551,195.66318790872822,192.4852232797587,193.2819366455078,13503128,0.0,0.0
2012-07-18 00:00:00+05:30,193.28193648447007,194.85310852995622,192.54753188988315,193.96292114257812,7873264,0.0,0.0
2012-07-19 00:00:00+05:30,195.84121056215957,200.29214716584502,195.24033412066206,199.86485290527344,10912392,0.0,0.0
2012-07-20 00:00:00+05:30,199.838192444939,199.838192444939,196.31306282139326,197.51036071777344,5153832,0.0,0.0
2012-07-23 00:00:00+05:30,195.84123677836547,196.7225136506314,194.2923193261733,194.87094116210938,3890800,0.0,0.0
2012-07-24 00:00:00+05:30,194.99555959121517,196.90946259564845,192.73449217688886,193.0504913330078,7153512,0.0,0.0
2012-07-25 00:00:00+05:30,193.52671265733818,194.06082501977792,191.39026320757915,193.04156494140625,7036544,0.0,0.0
2012-07-26 00:00:00+05:30,192.90360376263712,192.90360376263712,187.05062178414454,189.05799865722656,11975336,0.0,0.0
2012-07-27 00:00:00+05:30,192.458535335143,192.63657283314035,187.76725160953123,191.27012634277344,9862488,0.0,0.0
2012-07-30 00:00:00+05:30,192.28043999009603,197.17646971206608,192.06234846728012,196.7046661376953,7166920,0.0,0.0
2012-07-31 00:00:00+05:30,197.17649537026836,199.04588878009935,194.5059333562241,198.24026489257812,6914440,0.0,0.0
2012-08-01 00:00:00+05:30,197.17650233059075,198.54738218628975,195.90798532914113,197.49252319335938,3047984,0.0,0.0
2012-08-02 00:00:00+05:30,197.4435219278847,198.22689101434202,195.396091357848,196.35304260253906,2420032,0.0,0.0
2012-08-03 00:00:00+05:30,195.50734488219732,197.38564838568215,194.51479494347342,196.5978240966797,3095592,0.0,0.0
2012-08-06 00:00:00+05:30,197.8174387162387,198.9479723621047,196.49995702404848,197.3367462158203,3250784,0.0,0.0
2012-08-07 00:00:00+05:30,198.68981881717104,202.01911085142711,197.8085420237179,200.58592224121094,5465344,0.0,0.0
2012-08-08 00:00:00+05:30,201.36034430658228,204.2979620617181,201.18230686687707,203.2831573486328,8039104,0.0,0.0
2012-08-09 00:00:00+05:30,203.87513658222338,205.76678450379185,202.5176010149801,203.1451873779297,6931096,0.0,0.0
2012-08-10 00:00:00+05:30,202.78464415611447,206.61244911604112,201.53838207613833,205.90475463867188,5635688,0.0,0.0
2012-08-13 00:00:00+05:30,204.85879228806402,207.50264402360065,204.75197416671554,206.5323486328125,4013928,0.0,0.0
2012-08-14 00:00:00+05:30,205.9270342092854,207.85873632011806,203.7950399542471,207.3557891845703,4044816,0.0,0.0
2012-08-16 00:00:00+05:30,207.24895703801892,207.24895703801892,204.83656238450357,206.11842346191406,3729624,0.0,0.0
2012-08-17 00:00:00+05:30,206.8795600027456,209.63914105269617,206.19412002405363,209.2875213623047,8493280,0.0,0.0
2012-08-21 00:00:00+05:30,210.52932704420397,217.1167140214856,210.52932704420397,214.44615173339844,12206136,0.0,0.0
2012-08-22 00:00:00+05:30,213.90310904354075,217.20571279609422,213.1241951144564,216.63600158691406,5149168,0.0,0.0
2012-08-23 00:00:00+05:30,216.7606255428537,221.03352493753826,215.8036741159191,220.5172119140625,14722856,0.0,0.0
2012-08-24 00:00:00+05:30,217.91782063753175,218.83917305772604,216.6715585914021,217.63296508789062,6724512,0.0,0.0
2012-08-27 00:00:00+05:30,216.3333780374484,217.78438811728287,214.14352966398624,214.70433044433594,7891360,0.0,0.0
2012-08-28 00:00:00+05:30,213.37791612004804,218.22498208329088,213.37791612004804,215.5277099609375,5666056,0.0,0.0
2012-08-29 00:00:00+05:30,215.60338168952504,215.60338168952504,212.08268628352604,212.60345458984375,5616416,0.0,0.0
2012-08-30 00:00:00+05:30,212.2073448483908,214.19244548371373,210.97888181563812,212.99514770507812,11175392,0.0,0.0
2012-08-31 00:00:00+05:30,212.39866308023784,212.39866308023784,209.61682811743086,210.23104858398438,5811064,0.0,0.0
2012-09-03 00:00:00+05:30,210.61836196573918,213.54707014007283,209.90621196754563,210.5382537841797,4321512,0.0,0.0
2012-09-04 00:00:00+05:30,210.1154024545277,211.15246213560786,208.66884785515853,210.15545654296875,2333328,0.0,0.0
2012-09-05 00:00:00+05:30,208.92697863277698,209.81716601510666,207.60949696031096,208.2548828125,4013224,0.0,0.0
2012-09-06 00:00:00+05:30,209.2384942556392,216.12853425646446,209.2384942556392,215.60333251953125,7623384,0.0,0.0
2012-09-07 00:00:00+05:30,218.54101081531437,222.01274174069002,218.1938464160133,221.411865234375,6075696,0.0,0.0
2012-09-10 00:00:00+05:30,222.19074482250087,224.9503253872034,220.65517176633577,223.64620971679688,7337320,0.0,0.0
2012-09-11 00:00:00+05:30,222.54678424956606,225.74700266045792,220.28571761482422,225.17283630371094,5441904,0.0,0.0
2012-09-12 00:00:00+05:30,225.30647377855425,226.99337487567433,224.42963032959963,226.0809326171875,5083328,0.0,0.0
2012-09-13 00:00:00+05:30,226.00081767968464,228.50223163473083,224.14922324431214,227.44737243652344,5249704,0.0,0.0
2012-09-14 00:00:00+05:30,230.38047860131292,235.42783636315514,230.21135170361242,234.30621337890625,10627848,0.0,0.0
2012-09-17 00:00:00+05:30,235.8105636897155,235.8105636897155,226.73065523507188,228.28848266601562,9859272,0.0,0.0
2012-09-18 00:00:00+05:30,229.66833396274077,233.1400645924101,229.4902964945526,231.51992797851562,7184200,0.0,0.0
2012-09-20 00:00:00+05:30,227.58527579224378,235.45452220796335,227.58527579224378,232.97979736328125,11625136,0.0,0.0
2012-09-21 00:00:00+05:30,232.81514703007468,235.8996373688508,229.9888023182026,230.85227966308594,12293872,0.0,0.0
2012-09-24 00:00:00+05:30,231.44876830643966,232.33004530790694,229.23664350073435,231.4621124267578,8854032,0.0,0.0
2012-09-25 00:00:00+05:30,230.5585564777633,232.42795017893434,230.38497426641592,231.27516174316406,8849752,0.0,0.0
2012-09-26 00:00:00+05:30,229.49033014849556,231.44874258575967,228.5244680486987,230.49624633789062,8489904,0.0,0.0
2012-09-27 00:00:00+05:30,230.78106044351262,230.8255698090755,225.64022872100043,226.93991088867188,13822880,0.0,0.0
2012-09-28 00:00:00+05:30,227.9769930599129,229.65943855208553,224.879136562383,225.65805053710938,9685224,0.0,0.0
2012-10-01 00:00:00+05:30,227.11350897272123,233.24689128357662,226.9087615301756,232.3077392578125,8826288,0.0,0.0
2012-10-03 00:00:00+05:30,231.91603303804067,233.15338462087482,227.93244509889766,229.5125274658203,7823624,0.0,0.0
2012-10-04 00:00:00+05:30,229.23210872745733,230.99466195210223,227.62531652575979,229.2810516357422,7164280,0.0,0.0
2012-10-05 00:00:00+05:30,230.1134271432751,230.1134271432751,183.42755649364898,224.93699645996094,11632000,0.0,0.0
2012-10-08 00:00:00+05:30,224.75452409299535,226.3657502829447,218.98610526619441,221.49642944335938,8077440,0.0,0.0
2012-10-09 00:00:00+05:30,222.9919828562504,226.99782685965607,221.1225889879944,225.77381896972656,9084320,0.0,0.0
2012-10-10 00:00:00+05:30,223.1788824241268,225.05270943637663,221.62105453920375,222.916259765625,5932104,0.0,0.0
2012-10-11 00:00:00+05:30,222.19075062449483,229.67277924594777,220.87326907064855,225.5022430419922,14966400,0.0,0.0
2012-10-12 00:00:00+05:30,209.194084921918,217.90457923626676,205.72235329980958,213.23109436035156,56701776,0.0,0.0
2012-10-15 00:00:00+05:30,212.3720428952763,214.71324053630022,209.44333450159706,210.58277893066406,14790120,0.0,0.0
2012-10-16 00:00:00+05:30,211.8556957465847,212.66577499337492,208.9269878231272,209.70144653320312,7282048,0.0,0.0
2012-10-17 00:00:00+05:30,211.5129554747644,211.77555637880565,209.83939902225288,210.98773193359375,5707320,0.0,0.0
2012-10-18 00:00:00+05:30,211.78060334337923,214.7369315626396,210.08744229367943,212.9989776611328,10192576,1.875,0.0
2012-10-19 00:00:00+05:30,211.95971779727566,214.7368738630895,211.95971779727566,213.5140380859375,10937200,0.0,0.0
2012-10-22 00:00:00+05:30,212.1612991348285,214.82647327153754,212.1612991348285,213.7111358642578,4566864,0.0,0.0
2012-10-23 00:00:00+05:30,211.60135033695784,213.5722350564384,210.52632230815024,210.80404663085938,4743144,0.0,0.0
2012-10-25 00:00:00+05:30,209.8992553281433,211.16242220740108,208.7480705526671,210.0560302734375,11256776,0.0,0.0
2012-10-29 00:00:00+05:30,207.92839392317208,209.5409364008184,206.70107430059826,209.22738647460938,4736664,0.0,0.0
2012-10-30 00:00:00+05:30,208.37635348271112,211.87019603895607,208.37635348271112,211.2744598388672,5728256,0.0,0.0
2012-10-31 00:00:00+05:30,210.5264105940087,212.72126040658455,210.1277585737817,211.69102478027344,6517320,0.0,0.0
2012-11-01 00:00:00+05:30,211.6014128078305,212.31809837195527,209.7290805201577,211.83880615234375,7010976,0.0,0.0
2012-11-02 00:00:00+05:30,212.40769673837502,215.4177850358649,212.23749265534516,213.9396209716797,7049216,0.0,0.0
2012-11-05 00:00:00+05:30,213.4917056762322,214.1635984742504,212.09415990775014,213.0751190185547,4959200,0.0,0.0
2012-11-06 00:00:00+05:30,213.5723057704999,215.58798399190772,212.43008811170213,213.3617706298828,6815768,0.0,0.0
2012-11-07 00:00:00+05:30,213.39317579252796,216.2599187082966,212.77055943981202,215.39988708496094,4695264,0.0,0.0
2012-11-08 00:00:00+05:30,212.49728578184354,213.62159071962017,211.87018586596122,212.7929229736328,5229160,0.0,0.0
2012-11-09 00:00:00+05:30,211.87017863964385,211.87017863964385,210.07846465537625,210.40992736816406,5938920,0.0,0.0
2012-11-12 00:00:00+05:30,210.974357355252,212.22855735651467,209.05274815619137,211.32821655273438,3696192,0.0,0.0
2012-11-15 00:00:00+05:30,209.1960283586341,209.3617706441185,204.14788753382967,205.71563720703125,9133048,0.0,0.0
2012-11-16 00:00:00+05:30,205.2408438023071,213.84107121610958,205.2408438023071,209.9306640625,13693104,0.0,0.0
2012-11-19 00:00:00+05:30,209.98891241049617,213.32149657786204,209.33044866777138,211.29238891601562,4036128,0.0,0.0
2012-11-20 00:00:00+05:30,212.95864050702608,212.95864050702608,207.19381376723888,208.2643585205078,5440304,0.0,0.0
2012-11-21 00:00:00+05:30,208.70777470194886,211.77160088282977,207.96420911103914,210.512939453125,6989808,0.0,0.0
2012-11-22 00:00:00+05:30,210.34722541865924,214.28899625273974,209.18261130859,213.4468994140625,5827312,0.0,0.0
2012-11-23 00:00:00+05:30,213.39312829204252,214.9160851270403,211.1579695467444,212.99447631835938,3477736,0.0,0.0
2012-11-26 00:00:00+05:30,214.1769728900529,216.88693981671778,214.1769728900529,216.56442260742188,3788056,0.0,0.0
2012-11-27 00:00:00+05:30,216.97657932502892,222.1725502584937,216.9631502177706,221.3349151611328,5717304,0.0,0.0
2012-11-29 00:00:00+05:30,219.4849344816521,220.31360209142977,217.3796708243791,219.0594024658203,10365096,0.0,0.0
2012-11-30 00:00:00+05:30,218.73241676844867,221.8544647609993,217.2497693106252,218.306884765625,7050712,0.0,0.0
2012-12-03 00:00:00+05:30,218.32035420260402,219.7537254242871,217.18710382906448,218.51295471191406,5202984,0.0,0.0
2012-12-04 00:00:00+05:30,217.6036315474226,219.21617389730056,216.34943194196194,218.36062622070312,4510288,0.0,0.0
2012-12-05 00:00:00+05:30,217.60366223746556,217.69324793620473,212.98999875239784,213.43792724609375,13995024,0.0,0.0
2012-12-06 00:00:00+05:30,214.46820681309256,214.46820681309256,207.29686578240398,209.47828674316406,11011928,0.0,0.0
2012-12-07 00:00:00+05:30,207.92838913223656,210.39199563854268,207.041499538569,207.9418182373047,9485912,0.0,0.0
2012-12-10 00:00:00+05:30,207.92392702143744,209.9888817904792,205.95752527146405,207.26100158691406,6829920,0.0,0.0
2012-12-11 00:00:00+05:30,207.48048564513178,209.27668334291587,204.5107283751102,205.5140838623047,11384424,0.0,0.0
2012-12-12 00:00:00+05:30,206.9429931838676,208.17928037459302,204.81533253966117,205.8500518798828,15359688,0.0,0.0
2012-12-13 00:00:00+05:30,206.49053508213123,207.26992622325147,203.57451645185606,204.5734100341797,9967112,0.0,0.0
2012-12-14 00:00:00+05:30,203.62827155313954,205.60364037431572,203.0011717287348,204.1478729248047,8507992,0.0,0.0
2012-12-17 00:00:00+05:30,203.09074883437327,205.31696186552244,202.19040832165783,203.0235595703125,10961640,0.0,0.0
2012-12-18 00:00:00+05:30,202.46371485493037,203.73582762706152,201.1199291368667,203.44915771484375,8292000,0.0,0.0
2012-12-19 00:00:00+05:30,203.71787972765637,206.03814058544972,203.3640205905578,205.7021942138672,9991896,0.0,0.0
2012-12-20 00:00:00+05:30,206.59356796995363,206.94294341152641,204.07620133829315,206.01126098632812,8441728,0.0,0.0
2012-12-21 00:00:00+05:30,205.9574777822315,207.95524281531598,204.864536863386,205.76487731933594,6924016,0.0,0.0
2012-12-24 00:00:00+05:30,207.93733187990296,208.5912898507358,207.21167911882299,208.04483032226562,4323992,0.0,0.0
2012-12-26 00:00:00+05:30,208.10758876110586,208.81530706855574,206.4368241432032,207.41329956054688,3263560,0.0,0.0
2012-12-27 00:00:00+05:30,208.53758802134578,208.64508648250106,203.95526653709288,204.94967651367188,8110232,0.0,0.0
2012-12-28 00:00:00+05:30,206.2352885454899,208.33158558171033,205.0124303814338,208.1255340576172,7064256,0.0,0.0
2012-12-31 00:00:00+05:30,207.39090360435677,208.2061422548179,206.37858078049575,207.7223663330078,3451824,0.0,0.0
2013-01-01 00:00:00+05:30,208.51968242326944,208.72571203443673,206.5443133795544,206.83995056152344,2959992,0.0,0.0
2013-01-02 00:00:00+05:30,207.49836139825464,208.5554768666392,206.36062756112688,206.8712615966797,4349944,0.0,0.0
2013-01-03 00:00:00+05:30,207.39087919241757,210.42336364757045,207.03253642059482,209.4423828125,10599288,0.0,0.0
2013-01-04 00:00:00+05:30,210.38301680472384,210.96980742386154,208.91382029907862,210.48605346679688,8454008,0.0,0.0
2013-01-07 00:00:00+05:30,210.62491625584914,213.2049665295642,209.23185445662452,212.7480926513672,8761624,0.0,0.0
2013-01-08 00:00:00+05:30,211.8701606073477,212.13443402323313,208.15235440641538,209.98886108398438,12867424,0.0,0.0
2013-01-09 00:00:00+05:30,209.64841794546217,211.5834775111342,208.1344286010791,208.82423400878906,6149968,0.0,0.0
2013-01-10 00:00:00+05:30,208.82422136877491,209.8678857986144,206.87124915842122,208.04483032226562,10901016,0.0,0.0
2013-01-11 00:00:00+05:30,225.8455990809327,243.8523287180876,225.8455990809327,242.96543884277344,92852568,0.0,0.0
2013-01-14 00:00:00+05:30,247.23857882031538,254.15010569694337,246.5622025215751,251.42222595214844,50924760,0.0,0.0
2013-01-15 00:00:00+05:30,251.37745407509988,251.68652034105475,248.5555047510209,249.6798095703125,20377880,0.0,0.0
2013-01-16 00:00:00+05:30,249.13779484869406,249.83656757963658,246.85335983659706,247.9239044189453,11660824,0.0,0.0
2013-01-17 00:00:00+05:30,250.1233109341792,251.43573288227415,248.97660943238486,250.65634155273438,11767072,0.0,0.0
2013-01-18 00:00:00+05:30,251.2878363287601,251.73576473576324,248.81974643187198,249.7693634033203,7290592,0.0,0.0
2013-01-21 00:00:00+05:30,247.529714288972,251.7895176920426,247.529714288972,250.50843811035156,5899560,0.0,0.0
2013-01-22 00:00:00+05:30,250.26662791826692,250.7190182198877,248.77949650420769,249.3662872314453,5110280,0.0,0.0
2013-01-23 00:00:00+05:30,249.13786406782413,250.6608211656857,249.13786406782413,249.90830993652344,7458712,0.0,0.0
2013-01-24 00:00:00+05:30,251.7357653196238,253.34830758857512,250.01124094866196,250.67864990234375,11211296,0.0,0.0
2013-01-25 00:00:00+05:30,251.73580952355346,253.3483520756616,250.0471103801036,252.15237426757812,8442536,0.0,0.0
2013-01-28 00:00:00+05:30,251.9149863078334,253.31253196483024,250.92954361601755,251.79403686523438,6723008,0.0,0.0
2013-01-29 00:00:00+05:30,251.37749668460694,253.07962513685482,249.81423045408144,250.75039672851562,6197184,0.0,0.0
2013-01-30 00:00:00+05:30,251.26554776968675,251.37304625921274,249.09757772344346,250.00238037109375,6805528,0.0,0.0
2013-01-31 00:00:00+05:30,250.1232714983784,251.47602430128893,248.15238612124216,249.89930725097656,17480440,0.0,0.0
2013-02-01 00:00:00+05:30,250.0426373775069,251.01014536817056,246.5398280200437,248.2374725341797,7899648,0.0,0.0
2013-02-04 00:00:00+05:30,249.13778682729227,249.94405798207316,245.91270220816875,247.93734741210938,7500016,0.0,0.0
2013-02-05 00:00:00+05:30,247.54762363523002,249.25871882603994,245.96196151596567,246.88916015625,6166112,0.0,0.0
2013-02-06 00:00:00+05:30,248.62266059292838,249.76936168125118,246.8847071343405,248.68984985351562,9097344,0.0,0.0
2013-02-07 00:00:00+05:30,249.58575730461396,250.75037139110356,249.0527267700993,249.89930725097656,10704472,0.0,0.0
2013-02-08 00:00:00+05:30,249.33042689471418,252.33603143998516,248.3539515341203,249.8948211669922,5482696,0.0,0.0
2013-02-11 00:00:00+05:30,250.95193060991127,252.17925026929316,249.48719573351804,250.12774658203125,7394792,0.0,0.0
2013-02-12 00:00:00+05:30,248.15244405566645,248.51975425576225,245.62164746917816,246.8310546875,4442392,0.0,0.0
2013-02-13 00:00:00+05:30,246.98778951193495,250.5846468311235,245.91276104833565,249.90380859375,6322888,0.0,0.0
2013-02-14 00:00:00+05:30,250.33825623114188,253.34834431817868,250.33379444361805,251.98216247558594,6894000,0.0,0.0
2013-02-15 00:00:00+05:30,249.94409103496324,251.60142640562518,248.71677137801782,249.8186798095703,5194256,0.0,0.0
2013-02-18 00:00:00+05:30,249.31701024782893,249.64847297303007,247.5252961964611,249.05722045898438,2754784,0.0,0.0
2013-02-19 00:00:00+05:30,249.05718187817115,253.0795705517901,247.88808426645372,252.6719512939453,4643344,0.0,0.0
2013-02-20 00:00:00+05:30,253.10201418535684,253.73808144231094,251.60145361988307,252.58241271972656,5545224,0.0,0.0
2013-02-21 00:00:00+05:30,250.98329985425215,252.6227006277599,250.2262832101856,251.53872680664062,5558744,0.0,0.0
2013-02-22 00:00:00+05:30,250.72350111206143,255.7671805350939,250.58017711102445,254.47267150878906,8703536,0.0,0.0
2013-02-25 00:00:00+05:30,257.1109571554045,261.7694135219832,256.8959602255504,261.3931579589844,10457648,0.0,0.0
2013-02-26 00:00:00+05:30,261.23193371365204,266.01580194046204,261.23193371365204,265.1557922363281,12173544,0.0,0.0
2013-02-27 00:00:00+05:30,264.09863229078144,264.09863229078144,259.98665758546775,260.74365234375,7029760,0.0,0.0
2013-02-28 00:00:00+05:30,261.1691943428767,263.0101848434276,258.4905688027039,260.4256286621094,11808104,0.0,0.0
2013-03-01 00:00:00+05:30,261.05267228323595,265.29902477904943,259.0817873174737,261.0347595214844,8414632,0.0,0.0
2013-03-04 00:00:00+05:30,262.1277669572608,263.60593105664384,257.30356810248867,260.10760498046875,10108320,0.0,0.0
2013-03-05 00:00:00+05:30,261.9978490658121,263.3281835155833,260.9855263365452,261.7066955566406,7171944,0.0,0.0
2013-03-06 00:00:00+05:30,264.0090528320591,266.6697436966825,262.15014959274276,266.0784912109375,12205480,0.0,0.0
2013-03-07 00:00:00+05:30,267.0773815457656,269.6350577835918,266.96539941513845,269.1468200683594,13715360,0.0,0.0
2013-03-08 00:00:00+05:30,267.6820957815393,267.7716814896322,264.9273352576831,266.0919494628906,6162896,0.0,0.0
2013-03-11 00:00:00+05:30,267.12663292674137,267.8612312602438,262.4860894958242,263.8970642089844,4866160,0.0,0.0
2013-03-12 00:00:00+05:30,263.38193131032085,263.80297968335236,260.8735319645083,261.4200134277344,5714056,0.0,0.0
2013-03-13 00:00:00+05:30,258.90261304522386,258.90261304522386,255.3281531915747,256.52410888671875,10730136,0.0,0.0
2013-03-14 00:00:00+05:30,256.752618559104,258.80412235935023,254.683180121486,257.478271484375,8332320,0.0,0.0
2013-03-15 00:00:00+05:30,257.67980204517045,260.8421593296748,256.9362364615722,257.8500061035156,7260792,0.0,0.0
2013-03-18 00:00:00+05:30,256.7749783643359,258.902638455449,255.40879662162115,256.2822570800781,6446824,0.0,0.0
2013-03-19 00:00:00+05:30,257.55889409062576,258.5622495819987,254.52194753151744,255.8567657470703,11976144,0.0,0.0
2013-03-20 00:00:00+05:30,256.64505670226066,257.53194617274846,253.3079901708391,256.72119140625,8994640,0.0,0.0
2013-03-21 00:00:00+05:30,258.2754943405658,259.30572957640226,256.3941952142558,257.3617248535156,9940080,0.0,0.0
2013-03-22 00:00:00+05:30,255.31472912672245,257.60364784722316,253.52749901152546,256.5017395019531,7370288,0.0,0.0
2013-03-25 00:00:00+05:30,254.88920592801796,256.6630069999103,253.76490112165766,255.56558227539062,5036856,0.0,0.0
2013-03-26 00:00:00+05:30,254.8712894397368,257.07956796167537,253.8858468443635,255.72683715820312,3415584,0.0,0.0
2013-03-28 00:00:00+05:30,256.66303135343986,259.5252901036555,255.42674431502726,258.8444519042969,12348048,0.0,0.0
2013-04-01 00:00:00+05:30,260.7616323288107,264.595905487335,260.7616323288107,263.7582702636719,7422040,0.0,0.0
2013-04-02 00:00:00+05:30,262.4861400726851,267.8344027845053,261.1289252642588,265.9844665527344,9720888,0.0,0.0
2013-04-03 00:00:00+05:30,264.17931990434806,268.71684972713484,264.0987015052755,265.93072509765625,8355472,0.0,0.0
2013-04-04 00:00:00+05:30,263.8297533374842,264.20152505623673,257.29448419532554,258.01116943359375,7499960,0.0,0.0
2013-04-05 00:00:00+05:30,257.9173013433889,259.7090158369171,255.31931532777293,256.7392578125,4372960,0.0,0.0
2013-04-08 00:00:00+05:30,255.31921787622562,257.4379107075433,253.28114341773997,253.6977081298828,3716360,0.0,0.0
2013-04-09 00:00:00+05:30,253.84561046512044,254.32936458390446,246.92063022985894,247.82545471191406,10840656,0.0,0.0
2013-04-10 00:00:00+05:30,251.10876906241813,253.33049925646677,248.71235109152278,252.2420196533203,6551616,0.0,0.0
2013-04-11 00:00:00+05:30,256.79741876341313,262.987799616169,253.9665017877296,261.29461669921875,17018672,0.0,0.0
2013-04-12 00:00:00+05:30,235.16689939473125,235.16689939473125,203.24303279941023,205.7469482421875,98027744,0.0,0.0
2013-04-15 00:00:00+05:30,205.15118292160665,211.15342277127812,197.44681535337165,209.5453643798828,66559976,0.0,0.0
2013-04-16 00:00:00+05:30,207.74924108414916,208.37634099255325,204.88249864573055,205.71116638183594,14301736,0.0,0.0
2013-04-17 00:00:00+05:30,206.04709623021705,207.1176408993726,201.56781152956015,204.6002960205078,15149144,0.0,0.0
2013-04-18 00:00:00+05:30,204.82882031753823,208.1076670401748,204.37194618177267,205.66197204589844,13224368,0.0,0.0
2013-04-22 00:00:00+05:30,205.2945702988939,205.41998151283758,199.19825988798192,201.07955932617188,15401288,0.0,0.0
2013-04-23 00:00:00+05:30,201.5678430212204,203.413317354819,201.0661543077633,202.66526794433594,7869960,0.0,0.0
2013-04-25 00:00:00+05:30,201.38860093292251,201.5677722860657,199.1623881215174,199.57000732421875,13762344,0.0,0.0
2013-04-26 00:00:00+05:30,198.88919652933103,200.47485884739453,197.3124796572473,198.16354370117188,11129584,0.0,0.0
2013-04-29 00:00:00+05:30,197.6260732966146,201.46034600142227,195.8343591234812,199.7134246826172,8965680,0.0,0.0
2013-04-30 00:00:00+05:30,200.13447887232573,200.88252830964294,199.07736310559127,200.26437377929688,8840720,0.0,0.0
2013-05-02 00:00:00+05:30,200.31355599737486,205.28107697193616,200.31355599737486,204.8555450439453,9376184,0.0,0.0
2013-05-03 00:00:00+05:30,205.7559676001678,208.19717805716337,204.09414840101195,206.7593231201172,9117192,0.0,0.0
2013-05-06 00:00:00+05:30,207.39091497955084,210.0784862319856,207.39091497955084,209.72911071777344,6000104,0.0,0.0
2013-05-07 00:00:00+05:30,210.52641326994907,210.9743418088213,208.2643741486443,210.41891479492188,6983104,0.0,0.0
2013-05-08 00:00:00+05:30,211.87012743057886,213.21391259398632,209.4557977946241,210.58456420898438,7278352,0.0,0.0
2013-05-09 00:00:00+05:30,210.69655869380117,212.2195153018716,210.52635464503044,211.54762268066406,4561424,0.0,0.0
2013-05-10 00:00:00+05:30,211.61038972810815,213.66189349990205,211.1624612302048,212.45697021484375,4534040,0.0,0.0
2013-05-13 00:00:00+05:30,210.9743684051198,211.61489754785057,208.7616055184431,209.59475708007812,5014960,0.0,0.0
2013-05-14 00:00:00+05:30,209.38863573422384,212.38975632232012,209.38863573422384,210.53085327148438,4484448,0.0,0.0
2013-05-15 00:00:00+05:30,210.7951762819568,212.5600104001129,210.29348755580065,211.46258544921875,8893176,0.0,0.0
2013-05-16 00:00:00+05:30,210.8399225141899,211.40431673843358,207.23409847289136,208.96759033203125,6991752,0.0,0.0
2013-05-17 00:00:00+05:30,209.35282529465854,212.22853517415763,209.18262120373916,210.6831817626953,6431752,0.0,0.0
2013-05-20 00:00:00+05:30,210.16804300355798,213.48271375851604,209.98887161139808,212.5017547607422,8758288,0.0,0.0
2013-05-21 00:00:00+05:30,212.33604883340354,216.5331481620356,212.0448952712885,214.79071044921875,5660128,0.0,0.0
2013-05-22 00:00:00+05:30,215.0056411395931,217.96196870526254,213.05715251676557,213.68873596191406,6245672,0.0,0.0
2013-05-23 00:00:00+05:30,212.85565980815534,216.73024199952854,211.07737460871198,211.4088592529297,5100584,0.0,0.0
2013-05-24 00:00:00+05:30,211.56559842638032,213.66189506330352,209.09302435125804,210.3382568359375,3688648,0.0,0.0
2013-05-27 00:00:00+05:30,209.73807796777638,213.75152249624148,208.76160239315908,212.56002807617188,3325168,0.0,0.0
2013-05-28 00:00:00+05:30,212.31813698835788,213.2139941064522,210.85340185166896,211.9777069091797,4234952,0.0,0.0
2013-05-29 00:00:00+05:30,212.31808038146715,214.19937982788522,209.00340992825437,210.74136352539062,5166528,0.0,0.0
2013-05-30 00:00:00+05:30,211.47549728553926,212.84847055829346,209.9348572796022,212.1959686279297,6338632,3.375,0.0
2013-05-31 00:00:00+05:30,212.24576003437022,220.66489341612427,212.24576003437022,218.5623779296875,18498304,0.0,0.0
2013-06-03 00:00:00+05:30,228.83029654451835,237.89288254628144,224.3125885724578,227.8424835205078,33215248,0.0,0.0
2013-06-04 00:00:00+05:30,225.6584618611813,228.32738984645528,223.2659472603074,226.19314575195312,11714560,0.0,0.0
2013-06-05 00:00:00+05:30,224.75210637934865,225.67648561759276,222.48646014568587,223.05287170410156,5078784,0.0,0.0
2013-06-06 00:00:00+05:30,222.0333933523489,222.45479482016108,218.94304217020044,220.18914794921875,7509232,0.0,0.0
2013-06-07 00:00:00+05:30,219.76772934306237,224.10869955907904,219.31460000421072,221.74337768554688,6618168,0.0,0.0
2013-06-10 00:00:00+05:30,222.93960419422157,226.38338669803474,222.68584737411317,225.3638458251953,4289040,0.0,0.0
2013-06-11 00:00:00+05:30,225.65842023066284,227.87875408433806,223.46981428222293,224.34434509277344,5957704,0.0,0.0
2013-06-12 00:00:00+05:30,223.14360183910827,227.14472610749257,218.66669163929728,219.43701171875,5927288,0.0,0.0
2013-06-13 00:00:00+05:30,219.67709033685642,219.76771619920663,215.2364230816972,215.68048095703125,4154328,0.0,0.0
2013-06-14 00:00:00+05:30,216.74988426369842,218.31771620658702,215.4312734580319,217.04441833496094,5584064,0.0,0.0
2013-06-17 00:00:00+05:30,218.53975544046546,219.85836630817184,217.03537923481818,219.5502471923828,2720504,0.0,0.0
2013-06-18 00:00:00+05:30,220.2208407107066,222.9396165219499,219.74051922562944,221.720703125,4284904,0.0,0.0
2013-06-19 00:00:00+05:30,221.6708485432064,221.91553393457792,218.16363226567157,220.97756958007812,5836832,0.0,0.0
2013-06-20 00:00:00+05:30,220.03962209679185,221.85213957699608,212.31376633742138,214.70176696777344,6802928,0.0,0.0
2013-06-21 00:00:00+05:30,214.83763782456248,220.40205587855297,214.83763782456248,219.20126342773438,6161368,0.0,0.0
2013-06-24 00:00:00+05:30,217.72860922042173,217.79657860935632,213.1429322634549,215.72576904296875,7336552,0.0,0.0
2013-06-25 00:00:00+05:30,215.68957593844354,216.31037201349122,212.517670409937,215.13674926757812,5790640,0.0,0.0
2013-06-26 00:00:00+05:30,216.7408288204262,218.82522372731515,214.93282510299946,217.44769287109375,5567232,0.0,0.0
2013-06-27 00:00:00+05:30,219.40519243404992,226.560099179,218.64394411097777,225.00587463378906,10670944,0.0,0.0
2013-06-28 00:00:00+05:30,223.9546308026358,227.26701055856745,219.6770944448081,226.46044921875,11707392,0.0,0.0
2013-07-01 00:00:00+05:30,223.7553045863475,224.16312105886212,221.2268513069408,222.12403869628906,4209080,0.0,0.0
2013-07-02 00:00:00+05:30,221.8611605722664,223.2613255822914,217.50204817327926,217.86001586914062,5110832,0.0,0.0
2013-07-03 00:00:00+05:30,217.59273678975333,222.2055852084571,216.83148825175118,217.90992736816406,5349856,0.0,0.0
2013-07-04 00:00:00+05:30,220.49270686763225,224.3125778343317,219.3145707438019,223.66461181640625,5210784,0.0,0.0
2013-07-05 00:00:00+05:30,223.57407043271297,225.07393333598174,221.00935332288387,222.59530639648438,4337360,0.0,0.0
2013-07-08 00:00:00+05:30,225.20532343972656,226.0209564018825,222.98498926496868,223.6782684326172,5415168,0.0,0.0
2013-07-09 00:00:00+05:30,224.8427594033282,227.83341279321527,224.8427594033282,226.40151977539062,8611368,0.0,0.0
2013-07-10 00:00:00+05:30,227.0177874422507,228.3771753910067,225.9302770832459,226.6688690185547,6865416,0.0,0.0
2013-07-11 00:00:00+05:30,229.73664077030958,232.3149430236847,227.448336951986,229.1339874267578,15704960,0.0,0.0
2013-07-12 00:00:00+05:30,252.04409567479996,263.3225013830495,249.22110905334083,254.13302612304688,52873040,0.0,0.0
2013-07-15 00:00:00+05:30,252.39761576279238,252.84620945124306,247.25459698631997,248.55960083007812,12874240,0.0,0.0
2013-07-16 00:00:00+05:30,244.8755784975966,251.08798484073807,242.9724356780623,247.29981994628906,6301536,0.0,0.0
2013-07-17 00:00:00+05:30,247.55813767187348,249.97786599114548,247.55813767187348,249.2981719970703,6575048,0.0,0.0
2013-07-18 00:00:00+05:30,249.5835996404946,255.3383413170274,248.21062681509332,253.8203582763672,13078696,0.0,0.0
2013-07-19 00:00:00+05:30,254.0243571529316,259.64316205606457,254.0243571529316,258.05267333984375,16402840,0.0,0.0
2013-07-22 00:00:00+05:30,255.7643016129797,262.35279731153975,255.74618086579093,260.70794677734375,6751136,0.0,0.0
2013-07-23 00:00:00+05:30,261.9088158369738,264.3692998414517,261.9088158369738,262.9917907714844,6168480,0.0,0.0
2013-07-24 00:00:00+05:30,261.00254280266984,265.26195929979673,261.00254280266984,263.5944519042969,4875280,0.0,0.0
2013-07-25 00:00:00+05:30,263.63059082063756,266.92484923298036,262.90558403941895,264.2015380859375,7177688,0.0,0.0
2013-07-26 00:00:00+05:30,265.5337107723477,267.6181050889907,263.05057161052656,264.020263671875,6899640,0.0,0.0
2013-07-29 00:00:00+05:30,263.72126184734356,266.80254119538813,263.72126184734356,264.73626708984375,4362952,0.0,0.0
2013-07-30 00:00:00+05:30,265.6244299158959,269.43071652676855,265.6244299158959,267.8628845214844,6336208,0.0,0.0
2013-07-31 00:00:00+05:30,269.06820774763503,271.1163612576683,265.370667830424,269.1271057128906,11807328,0.0,0.0
2013-08-01 00:00:00+05:30,270.7900949067831,271.43806101596596,267.9580365179488,269.5802307128906,8690632,0.0,0.0
2013-08-02 00:00:00+05:30,270.5182098288346,273.6901151367104,270.1647778018535,272.67510986328125,11962296,0.0,0.0
2013-08-05 00:00:00+05:30,271.76886923631474,274.1432626563794,271.56042530573256,272.6977844238281,8502784,0.0,0.0
2013-08-06 00:00:00+05:30,272.60261653426977,272.9651200137036,267.44147767092136,270.731201171875,10031832,0.0,0.0
2013-08-07 00:00:00+05:30,269.6119654050847,272.13136903631425,267.4596009753802,268.5561828613281,6503608,0.0,0.0
2013-08-08 00:00:00+05:30,266.44010807394704,269.8838917837463,266.44010807394704,268.66497802734375,5765368,0.0,0.0
2013-08-12 00:00:00+05:30,269.7026426554156,273.6901817269339,269.24951321547036,272.3670349121094,7594376,0.0,0.0
2013-08-13 00:00:00+05:30,272.61163606786147,280.3963879563524,272.6025646324201,279.4538879394531,10334312,0.0,0.0
2013-08-14 00:00:00+05:30,278.22139464973594,280.47796974964484,275.73371917804013,278.1896667480469,9211208,0.0,0.0
2013-08-16 00:00:00+05:30,273.69011939480276,275.4981010233295,268.94584638888597,269.9200744628906,12087616,0.0,0.0
2013-08-19 00:00:00+05:30,270.9804024822551,274.3199522668604,267.4323866616842,272.3307189941406,5259328,0.0,0.0
2013-08-20 00:00:00+05:30,273.6901193058551,273.78074517317486,270.29164928136186,272.4802551269531,10362056,0.0,0.0
2013-08-21 00:00:00+05:30,271.40631824615235,271.40631824615235,264.8178229334337,268.1392517089844,7526584,0.0,0.0
2013-08-22 00:00:00+05:30,270.88066879028,275.18086099754123,268.61502251401475,273.70819091796875,10965816,0.0,0.0
2013-08-23 00:00:00+05:30,272.33076626124097,273.6856187265338,270.27356323404314,271.9410705566406,5498864,0.0,0.0
2013-08-26 00:00:00+05:30,273.6855924513997,276.3953192472972,272.64793066207164,274.6598205566406,5571544,0.0,0.0
2013-08-27 00:00:00+05:30,274.77756676789227,279.1276074027402,274.768495333056,276.9571228027344,8525552,0.0,0.0
2013-08-28 00:00:00+05:30,276.59013017699556,283.65894739646006,276.59013017699556,282.412841796875,14329696,0.0,0.0
2013-08-29 00:00:00+05:30,278.22145239210784,283.38259184771,277.4058194697857,281.35711669921875,20086288,0.0,0.0
2013-08-30 00:00:00+05:30,280.215190280879,283.0155208161037,275.27608036163326,281.4703674316406,12678560,0.0,0.0
2013-09-02 00:00:00+05:30,278.86480272702033,283.4414080017207,277.7319796392232,279.66229248046875,5125040,0.0,0.0
2013-09-03 00:00:00+05:30,278.40270786296674,280.4417901959475,273.400163631146,274.9317321777344,6267312,0.0,0.0
2013-09-04 00:00:00+05:30,277.2879546445094,284.55614459055994,276.9164018733776,282.09112548828125,8979400,0.0,0.0
2013-09-05 00:00:00+05:30,280.64109932829496,280.64109932829496,271.4335251261419,272.3125915527344,9457072,0.0,0.0
2013-09-06 00:00:00+05:30,272.41231263047575,278.3936204643104,272.41231263047575,274.51031494140625,13465928,0.0,0.0
2013-09-10 00:00:00+05:30,274.7776611437149,288.9152980627187,274.7776611437149,286.278076171875,21879136,0.0,0.0
2013-09-11 00:00:00+05:30,285.01831284556454,287.55130105768654,281.64249976019175,282.6711120605469,9145680,0.0,0.0
2013-09-12 00:00:00+05:30,281.3933618394323,282.6711956177758,276.2276865979355,277.8453674316406,6957440,0.0,0.0
2013-09-13 00:00:00+05:30,277.3377955625958,277.8453092424976,273.0829157456595,274.4196472167969,9255384,0.0,0.0
2013-09-16 00:00:00+05:30,274.14323558396626,277.12935334482296,270.0741431853151,271.2794494628906,6332184,0.0,0.0
2013-09-17 00:00:00+05:30,273.41823703391685,274.59183757057224,271.06196452384665,273.9257507324219,8027280,0.0,0.0
2013-09-18 00:00:00+05:30,274.14321503431796,274.5283749232092,272.3306979101241,273.4317932128906,7439816,0.0,0.0
2013-09-19 00:00:00+05:30,271.7869699989261,275.04950114929665,271.1797811265871,273.5994873046875,15327808,0.0,0.0
2013-09-20 00:00:00+05:30,271.8775630425947,274.77759038171575,270.3822364458605,271.4380187988281,7991712,0.0,0.0
2013-09-23 00:00:00+05:30,272.3307688857261,275.8606424799684,271.97280108549387,273.6357727050781,8886376,0.0,0.0
2013-09-24 00:00:00+05:30,274.59637981432974,274.6870056822553,271.5966547358126,273.2460632324219,11752256,0.0,0.0
2013-09-25 00:00:00+05:30,274.7594510082895,275.0494492974503,271.211435775854,272.7520751953125,8080776,0.0,0.0
2013-09-26 00:00:00+05:30,274.9588250273679,275.21711754641063,271.96817201948943,272.99224853515625,10682440,0.0,0.0
2013-09-27 00:00:00+05:30,274.05265044335243,276.4995491080252,271.06199651986344,272.47576904296875,5701568,0.0,0.0
2013-09-30 00:00:00+05:30,273.7082880668829,276.8620732279264,271.65562066220184,273.0557861328125,8679184,0.0,0.0
2013-10-01 00:00:00+05:30,274.59641823839786,275.3486174725256,272.1495194620161,273.2370300292969,5310216,0.0,0.0
2013-10-03 00:00:00+05:30,275.0495174762941,276.1370279243058,273.6901294162795,275.2443542480469,14686712,0.0,0.0
2013-10-04 00:00:00+05:30,274.2565653567485,275.4120453099244,272.3307654347887,273.3638916015625,7352816,0.0,0.0
2013-10-07 00:00:00+05:30,273.23696159151064,275.47995157472457,272.45757036332355,273.8577575683594,9795344,0.0,0.0
2013-10-08 00:00:00+05:30,275.52980493789755,276.5901230684756,273.8985394676379,274.9724426269531,17982912,0.0,0.0
2013-10-09 00:00:00+05:30,274.3245231609555,283.78585564476765,272.7838832885616,281.8328857421875,17371792,0.0,0.0
2013-10-10 00:00:00+05:30,283.21496360657824,286.46388832625155,280.10195558968513,283.4415283203125,17434688,0.0,0.0
2013-10-11 00:00:00+05:30,302.2372593561517,302.5091369507749,286.0877346606232,296.75439453125,41290600,0.0,0.0
2013-10-14 00:00:00+05:30,295.07783806720914,302.28713058144257,295.07783806720914,301.2721252441406,12231712,0.0,0.0
2013-10-15 00:00:00+05:30,301.240365749548,305.14181353971657,300.2253605186838,304.0316467285156,9221320,0.0,0.0
2013-10-17 00:00:00+05:30,303.612267934015,306.13765533425055,297.2121818440942,297.98712158203125,11513008,2.5,0.0
2013-10-18 00:00:00+05:30,299.58262573273305,303.03793682803274,297.3033909051864,302.1855163574219,10944776,0.0,0.0
2013-10-21 00:00:00+05:30,303.86755133013804,307.94281826898424,297.6771591726971,304.0909118652344,9383368,0.0,0.0
2013-10-22 00:00:00+05:30,304.32343597268306,306.7120696344391,303.17469270954905,304.72003173828125,7208760,0.0,0.0
2013-10-23 00:00:00+05:30,302.6823166424849,304.39630529678874,298.9443723706952,303.11993408203125,6561584,0.0,0.0
2013-10-24 00:00:00+05:30,301.0686696720227,307.6966796229369,299.9518446867246,301.6567077636719,6480560,0.0,0.0
2013-10-25 00:00:00+05:30,303.41169581275255,305.417422167284,301.4333247237764,303.7353515625,6011344,0.0,0.0
2013-10-28 00:00:00+05:30,302.4271090126981,304.04080283320025,300.234480637633,302.9969177246094,3412448,0.0,0.0
2013-10-29 00:00:00+05:30,302.6367174925772,306.7803608222516,301.47430804897715,304.10455322265625,5200392,0.0,0.0
2013-10-30 00:00:00+05:30,301.86176589793354,304.40084160284005,301.5381102022882,303.037841796875,5591088,0.0,0.0
2013-10-31 00:00:00+05:30,301.2510309142136,303.4117410850941,300.51254992477783,301.7615661621094,9687544,0.0,0.0
2013-11-01 00:00:00+05:30,300.85896175373546,302.2265024889797,298.06916975057715,298.7347106933594,6166704,0.0,0.0
2013-11-05 00:00:00+05:30,296.48283955008486,299.9974237878945,294.7506212378304,297.74554443359375,5320232,0.0,0.0
2013-11-06 00:00:00+05:30,298.6070548685181,301.9711958630952,298.6070548685181,301.41961669921875,3704664,0.0,0.0
2013-11-07 00:00:00+05:30,302.83276400755494,309.9713309564127,302.0988683006304,306.1103210449219,7192712,0.0,0.0
2013-11-08 00:00:00+05:30,305.4174529064472,308.9912885007669,305.4174529064472,306.3337097167969,8616112,0.0,0.0
2013-11-11 00:00:00+05:30,305.41741903303586,309.7935492161958,304.5148510860188,306.566162109375,7803200,0.0,0.0
2013-11-12 00:00:00+05:30,306.5570219309516,307.696639112851,303.4208043496235,304.2185363769531,6452184,0.0,0.0
2013-11-13 00:00:00+05:30,302.32217396496054,306.2014348550608,302.32217396496054,303.7808837890625,4687512,0.0,0.0
2013-11-14 00:00:00+05:30,305.62715577871313,307.69669651549805,305.4220246477028,305.804931640625,4343528,0.0,0.0
2013-11-18 00:00:00+05:30,309.15537312505296,311.34343828429843,308.8681984761619,310.3497009277344,6326536,0.0,0.0
2013-11-19 00:00:00+05:30,310.5228673495849,314.3519808048645,309.9804140617162,313.8915710449219,8975208,0.0,0.0
2013-11-20 00:00:00+05:30,310.7964394358372,313.92355385304364,309.5200680213163,310.1764831542969,4306608,0.0,0.0
2013-11-21 00:00:00+05:30,309.611264603651,309.9759421826895,302.0533306813402,304.9023742675781,8495496,0.0,0.0
2013-11-22 00:00:00+05:30,305.05275899829127,307.6966711354552,304.1410651578899,305.1986389160156,2720936,0.0,0.0
2013-11-25 00:00:00+05:30,305.5997125805679,308.0430560229963,301.497091140793,303.22930908203125,5707296,0.0,0.0
2013-11-26 00:00:00+05:30,302.68229398839964,305.3262055925151,300.1888029343633,302.3358459472656,7321096,0.0,0.0
2013-11-27 00:00:00+05:30,302.6823257772776,304.12736927799773,299.5643375959004,300.24810791015625,6779624,0.0,0.0
2013-11-28 00:00:00+05:30,300.9865781802504,304.3233863466276,297.66802169614715,303.3934631347656,7499968,0.0,0.0
2013-11-29 00:00:00+05:30,304.14107878925233,306.8761604330406,301.7706746979692,305.832275390625,5411560,0.0,0.0
2013-12-02 00:00:00+05:30,305.5997336075988,307.8698420572125,303.14728641478246,304.3871765136719,4711376,0.0,0.0
2013-12-03 00:00:00+05:30,302.6823470744681,306.2835376496011,302.6823470744681,305.303466796875,7001240,0.0,0.0
2013-12-04 00:00:00+05:30,305.41743558731366,308.6995334025803,304.2140041733459,306.81689453125,8443120,0.0,0.0
2013-12-05 00:00:00+05:30,308.1525372579802,309.8847556626848,304.68810044857094,305.5359802246094,6317072,0.0,0.0
2013-12-06 00:00:00+05:30,304.41905358087314,305.3261842541558,302.51816353646905,303.2110595703125,6544848,0.0,0.0
2013-12-09 00:00:00+05:30,306.7849343453455,308.52171531979184,302.7780449293738,304.39630126953125,8856632,0.0,0.0
2013-12-10 00:00:00+05:30,304.0498975175784,309.0505471641187,303.73536759246616,307.3183288574219,12345896,0.0,0.0
2013-12-11 00:00:00+05:30,306.78500844129564,308.3075328577096,304.5057736088937,307.637451171875,6256960,0.0,0.0
2013-12-12 00:00:00+05:30,306.73024009643797,308.672152259307,305.23507123141917,306.68011474609375,5520232,0.0,0.0
2013-12-13 00:00:00+05:30,304.96158182692454,308.1525101868475,304.96158182692454,307.5918273925781,8315624,0.0,0.0
2013-12-16 00:00:00+05:30,308.15248416312505,315.81071158019677,305.76385101562033,314.7394714355469,10117696,0.0,0.0
2013-12-17 00:00:00+05:30,314.0876257712722,317.7161491250527,314.0876257712722,315.11328125,10713952,0.0,0.0
2013-12-18 00:00:00+05:30,314.5343241443568,316.69959666564046,314.3064007210638,315.2135314941406,9183344,0.0,0.0
2013-12-19 00:00:00+05:30,315.67397909458356,323.19089004406516,314.99020874275413,320.20965576171875,7331456,0.0,0.0
2013-12-20 00:00:00+05:30,321.37209179222526,325.7482224038641,319.85867105243966,323.7744140625,8685456,0.0,0.0
2013-12-23 00:00:00+05:30,319.09276745574346,322.7304161014809,315.49614057133556,316.21636962890625,8845904,0.0,0.0
2013-12-24 00:00:00+05:30,317.81650745425827,319.35726130945295,316.0022454170892,317.85296630859375,7109912,0.0,0.0
2013-12-26 00:00:00+05:30,317.9075627287442,322.2289815494159,317.61126230463515,320.97540283203125,6869928,0.0,0.0
2013-12-27 00:00:00+05:30,321.8279427486712,325.6570570816582,321.82337982759685,324.6815490722656,7382064,0.0,0.0
2013-12-30 00:00:00+05:30,325.264942056282,325.9304828785443,316.8135462945291,319.3070373535156,11863432,0.0,0.0
2013-12-31 00:00:00+05:30,319.0929273565964,321.07129905457606,317.29233155222704,317.7846374511719,3590808,0.0,0.0
2014-01-01 00:00:00+05:30,318.3635109238146,319.001696655907,315.6329921359924,316.1754455566406,1478688,0.0,0.0
2014-01-02 00:00:00+05:30,315.7424364995367,319.8222673039413,315.7424364995367,317.3196716308594,4404744,0.0,0.0
2014-01-03 00:00:00+05:30,316.8135311511709,325.930467299406,314.9217669004121,325.0324401855469,10046344,0.0,0.0
2014-01-06 00:00:00+05:30,325.93973047873806,326.4320363349258,316.230189389597,320.7248229980469,11098328,0.0,0.0
2014-01-07 00:00:00+05:30,320.82967845787607,321.4541754870199,314.2335635276038,315.186279296875,7713688,0.0,0.0
2014-01-08 00:00:00+05:30,315.53727546555217,316.81364699300605,311.89049967282693,312.5378112792969,8990392,0.0,0.0
2014-01-09 00:00:00+05:30,313.62260520852664,317.451718411654,311.6032127439449,314.60723876953125,12590808,0.0,0.0
2014-01-10 00:00:00+05:30,318.1811043062247,325.9305008294422,314.3519907300466,323.7652282714844,30258176,0.0,0.0
2014-01-13 00:00:00+05:30,326.5687142781964,335.0474664914494,326.5687142781964,334.1357727050781,17119912,0.0,0.0
2014-01-14 00:00:00+05:30,332.3123917450636,336.87086076762967,331.8975666123802,336.11871337890625,7425832,0.0,0.0
2014-01-15 00:00:00+05:30,336.89820589215844,339.54668076617537,335.59447933931915,338.42529296875,17130144,0.0,0.0
2014-01-16 00:00:00+05:30,337.23553734465736,340.74099556156006,336.7477722573495,339.6105041503906,17608232,0.0,0.0
2014-01-17 00:00:00+05:30,339.9706549399963,343.2208347866982,339.1501304308893,340.0390319824219,25667896,0.0,0.0
2014-01-20 00:00:00+05:30,338.42069766537804,342.79226445648976,337.73236447792607,341.8213195800781,9761944,0.0,0.0
2014-01-21 00:00:00+05:30,341.88521106842694,343.7085988607919,338.9997087902701,342.646484375,12102464,0.0,0.0
2014-01-22 00:00:00+05:30,341.08289847571064,344.4379362930326,340.978062586293,343.33477783203125,6769760,0.0,0.0
2014-01-23 00:00:00+05:30,344.9940737754637,346.35248868938487,342.8743856043586,345.7598876953125,7907344,0.0,0.0
2014-01-24 00:00:00+05:30,343.2527235161838,346.1655808218823,342.3136744291709,342.6282043457031,6876584,0.0,0.0
2014-01-27 00:00:00+05:30,339.1500976215815,343.15242454778064,338.3478026164382,340.2623596191406,8099048,0.0,0.0
2014-01-28 00:00:00+05:30,337.9649353194435,338.1199188338349,334.30449314283504,335.056640625,14108544,0.0,0.0
2014-01-29 00:00:00+05:30,334.2269456109094,341.3108019541425,333.1009948695987,338.94952392578125,8102080,0.0,0.0
2014-01-30 00:00:00+05:30,337.6640247531713,338.8492266808821,333.6799273401119,337.71417236328125,7183632,0.0,0.0
2014-01-31 00:00:00+05:30,337.3267677486621,340.950751267043,336.1005438148281,337.42706298828125,5369928,0.0,0.0
2014-02-03 00:00:00+05:30,335.95915876510713,336.5973444126935,330.4707666474942,330.8673400878906,4384112,0.0,0.0
2014-02-04 00:00:00+05:30,326.4775306956558,327.47583089666995,323.33675018988095,324.66326904296875,4535112,0.0,0.0
2014-02-05 00:00:00+05:30,326.38640447753056,327.20692895806064,322.9903448220032,326.5003662109375,4326992,0.0,0.0
2014-02-06 00:00:00+05:30,325.65700934067235,326.6598724713407,322.83075869969787,324.9002990722656,5749904,0.0,0.0
2014-02-07 00:00:00+05:30,327.02456561684363,328.3784398112687,323.54646267781663,325.16015625,7551456,0.0,0.0
2014-02-10 00:00:00+05:30,326.37719520142355,326.93333722153926,324.3350103640898,325.8210754394531,6049424,0.0,0.0
2014-02-11 00:00:00+05:30,326.75103406326036,330.215470250315,325.79375564315313,327.86785888671875,5833592,0.0,0.0
2014-02-12 00:00:00+05:30,328.2552698746983,330.71227959419105,327.58972911697725,328.21881103515625,4208712,0.0,0.0
2014-02-13 00:00:00+05:30,328.64740999965056,329.84627853285167,326.39096767627245,326.9151916503906,3588320,0.0,0.0
2014-02-14 00:00:00+05:30,329.6275369106502,334.0446900000958,328.5061488108202,332.2486572265625,5962168,0.0,0.0
2014-02-17 00:00:00+05:30,335.9591370189449,335.9591370189449,332.6633731126422,333.51123046875,13569920,0.0,0.0
2014-02-18 00:00:00+05:30,332.4947405332848,336.83441207690254,332.4947405332848,335.6856689453125,4978240,0.0,0.0
2014-02-19 00:00:00+05:30,336.93018803740574,342.9792866994416,336.8800626733593,342.1952209472656,7064304,0.0,0.0
2014-02-20 00:00:00+05:30,341.4202274345677,341.4202274345677,337.87374719431523,338.3523864746094,8816848,0.0,0.0
2014-02-21 00:00:00+05:30,340.6088804257695,342.37755789302696,339.81114817102497,341.9490661621094,5517984,0.0,0.0
2014-02-24 00:00:00+05:30,341.52042495925997,342.2224245845628,340.0617151890122,341.8759765625,4357608,0.0,0.0
2014-02-25 00:00:00+05:30,342.34105701263616,345.7234502608153,342.34105701263616,344.8846740722656,8099512,0.0,0.0
2014-02-26 00:00:00+05:30,344.62025296367165,348.0664599449382,343.90002377211306,347.1274108886719,7352168,0.0,0.0
2014-02-28 00:00:00+05:30,342.89715025635957,349.8305635205124,342.89715025635957,348.7091979980469,9839496,0.0,0.0
2014-03-03 00:00:00+05:30,348.72299191322946,350.99766423237855,345.7098384726485,346.2842102050781,7204176,0.0,0.0
2014-03-04 00:00:00+05:30,343.7085890875365,348.672757759465,342.9701081493665,346.40264892578125,6937912,0.0,0.0
2014-03-05 00:00:00+05:30,348.987273312529,350.4915681364692,347.3462244136852,348.4220275878906,4943504,0.0,0.0
2014-03-06 00:00:00+05:30,349.908131949222,350.9976017489706,348.02549287834256,349.35198974609375,6226312,0.0,0.0
2014-03-07 00:00:00+05:30,348.90523570441223,349.54342139814906,338.0834341779619,341.0008544921875,15072744,0.0,0.0
2014-03-10 00:00:00+05:30,340.03444615201886,340.03444615201886,332.3397590660713,334.7375183105469,7432472,0.0,0.0
2014-03-11 00:00:00+05:30,333.04179242032507,338.1381525825708,331.04062869685947,335.0794372558594,4124272,0.0,0.0
2014-03-12 00:00:00+05:30,334.9016169181365,337.63215786217324,332.95060094183634,334.7101745605469,3940104,0.0,0.0
2014-03-13 00:00:00+05:30,311.7992814881118,313.6135432578384,304.50573104394545,306.1103210449219,40790880,0.0,0.0
2014-03-14 00:00:00+05:30,304.50572248550935,310.33143683578993,304.0544385160903,309.4425354003906,11167544,0.0,0.0
2014-03-18 00:00:00+05:30,309.97600491640355,311.06091203034794,304.5058401237611,305.4676818847656,11804312,0.0,0.0
2014-03-19 00:00:00+05:30,305.4174206788284,306.133109209649,295.27482723091214,298.2834167480469,15777848,0.0,0.0
2014-03-20 00:00:00+05:30,298.1238412642848,305.37180621245324,298.1238412642848,301.1369934082031,8023032,0.0,0.0
2014-03-21 00:00:00+05:30,303.594006532672,304.32336150332105,298.1694289384696,301.3740234375,12380320,0.0,0.0
2014-03-24 00:00:00+05:30,298.3245217182119,302.5411066871487,298.1239534794287,298.6527404785156,8160344,0.0,0.0
2014-03-25 00:00:00+05:30,296.1180631209761,299.00812720411807,295.93572441215775,296.7015380859375,7548064,0.0,0.0
2014-03-26 00:00:00+05:30,297.2121843526662,298.02814586728056,294.53181343384995,296.2001953125,8458568,0.0,0.0
2014-03-27 00:00:00+05:30,296.1181314033501,297.4765461940286,293.19614846912276,294.57281494140625,13599368,0.0,0.0
2014-03-28 00:00:00+05:30,295.39796837865754,298.94444897374285,294.23099566021875,297.44927978515625,7146824,0.0,0.0
2014-03-31 00:00:00+05:30,299.51872541912013,301.3101945747942,294.48161789972954,299.2908020019531,9176928,0.0,0.0
2014-04-01 00:00:00+05:30,299.3136730659877,303.1382245603137,298.57975501805333,302.13079833984375,8628352,0.0,0.0
2014-04-02 00:00:00+05:30,305.30801300333104,305.4174118036907,301.8162214257069,302.8692321777344,5644400,0.0,0.0
2014-04-03 00:00:00+05:30,304.4601236906554,305.2350633676641,302.5957144487758,304.3370361328125,4700216,0.0,0.0
2014-04-04 00:00:00+05:30,305.5086314114568,305.9644783696953,301.4151346297358,302.322265625,3925584,0.0,0.0
2014-04-07 00:00:00+05:30,300.67662072492584,302.176352601654,296.84750669507537,300.2572326660156,7097544,0.0,0.0
2014-04-09 00:00:00+05:30,299.13132077957465,301.75244064804,294.5227038287818,296.71533203125,10664680,0.0,0.0
2014-04-10 00:00:00+05:30,296.7108353133724,297.007135886354,290.4793974367903,291.85150146484375,21263240,0.0,0.0
2014-04-11 00:00:00+05:30,292.653753923992,296.81108718206116,288.5511312054313,294.9466552734375,18678336,0.0,0.0
2014-04-15 00:00:00+05:30,303.79462438729536,308.8818805912849,296.0725818241434,297.1939697265625,20782384,0.0,0.0
2014-04-16 00:00:00+05:30,295.56663243253615,295.56663243253615,286.95568703802206,287.8491516113281,13198304,0.0,0.0
2014-04-17 00:00:00+05:30,289.9186164786066,292.65826068658293,287.94480838602897,291.0172119140625,8391912,0.0,0.0
2014-04-21 00:00:00+05:30,292.6536663319108,293.5653599964962,289.00689167356927,290.1875305175781,6119624,0.0,0.0
2014-04-22 00:00:00+05:30,289.1938666609905,291.74204664805177,286.4906809051261,287.2428283691406,6626896,0.0,0.0
2014-04-23 00:00:00+05:30,289.3761551167727,290.9989744206697,288.45989845922804,289.2485046386719,12016720,0.0,0.0
2014-04-24 00:00:00+05:30,289.2485046386719,289.2485046386719,289.2485046386719,289.2485046386719,0,0.0,0.0
2014-04-25 00:00:00+05:30,290.6479779596899,291.7420104990614,288.4006616883239,289.5174865722656,5962904,0.0,0.0
2014-04-28 00:00:00+05:30,288.91578783891555,291.10385313021686,288.55111029036533,289.7408752441406,6042480,0.0,0.0
2014-04-29 00:00:00+05:30,290.19220136363805,291.286234168025,289.09816855925106,289.71356201171875,4835464,0.0,0.0
2014-04-30 00:00:00+05:30,289.7044412125491,290.83039222993,289.09817359282385,289.99163818359375,7741936,0.0,0.0
2014-05-02 00:00:00+05:30,290.3745124978664,296.0270147819693,290.3745124978664,293.5380859375,4764392,0.0,0.0
2014-05-05 00:00:00+05:30,291.0126528309293,294.7505973065146,289.421751645999,289.635986328125,4196688,0.0,0.0
2014-05-06 00:00:00+05:30,289.63602916185937,290.3289254362351,287.63942840361807,288.5647888183594,4566024,0.0,0.0
2014-05-07 00:00:00+05:30,287.27471672532965,289.00693494741193,278.06660933426065,279.6484069824219,15596072,0.0,0.0
2014-05-08 00:00:00+05:30,279.8900395516886,281.5675474978578,277.7429958715752,279.4615478515625,9161992,0.0,0.0
2014-05-09 00:00:00+05:30,279.4341623884156,284.9043254368022,278.32646327437743,283.6689758300781,6179400,0.0,0.0
2014-05-12 00:00:00+05:30,284.28443239713954,290.5113071703571,283.08556363233635,289.47198486328125,7044200,0.0,0.0
2014-05-13 00:00:00+05:30,290.19214470015396,298.5797278960114,290.19214470015396,297.6908264160156,7299968,0.0,0.0
2014-05-14 00:00:00+05:30,296.3233358382799,297.66808445872897,293.3056198613326,296.6743469238281,5184688,0.0,0.0
2014-05-15 00:00:00+05:30,296.67431460538353,300.38946716902984,292.2206810951506,298.3472595214844,8409192,0.0,0.0
2014-05-16 00:00:00+05:30,300.7677992711624,304.50574403324714,278.8917099261525,289.6952819824219,14188792,0.0,0.0
2014-05-19 00:00:00+05:30,291.5596506012926,291.5596506012926,273.51724085101944,274.8802185058594,17246512,0.0,0.0
2014-05-20 00:00:00+05:30,277.97551296157474,286.1670928191161,277.3555565623744,284.64910888671875,8787344,0.0,0.0
2014-05-21 00:00:00+05:30,284.26616989839215,288.48731728340806,282.53851433733047,287.8309020996094,6788304,0.0,0.0
2014-05-22 00:00:00+05:30,288.09528243054586,289.91867029403033,280.9065668754973,283.8923645019531,9832744,0.0,0.0
2014-05-23 00:00:00+05:30,284.9043681987027,289.09816049858756,274.6158927510496,279.8490295410156,9081776,0.0,0.0
2014-05-26 00:00:00+05:30,279.98114960660297,283.6233616729752,278.0802592415079,282.1555480957031,5750544,0.0,0.0
2014-05-27 00:00:00+05:30,282.6251089715261,287.6394254210209,282.5795242765307,285.72943115234375,4984128,0.0,0.0
2014-05-28 00:00:00+05:30,284.7675306427908,290.64795507898737,284.26609910171976,289.3077697753906,5389320,0.0,0.0
2014-05-29 00:00:00+05:30,279.5758637878136,279.5758637878136,269.40946874098404,270.2874755859375,41341328,5.375,0.0
2014-05-30 00:00:00+05:30,271.71992129923945,273.51751966716324,266.17461678292847,271.6644592285156,28035616,0.0,0.0
2014-06-02 00:00:00+05:30,273.6146103046409,277.05269513600194,273.6146103046409,276.6321716308594,6229856,0.0,0.0
2014-06-03 00:00:00+05:30,278.00464378585957,280.68024912600424,274.93162037964953,278.85491943359375,6824936,0.0,0.0
2014-06-04 00:00:00+05:30,278.6515659070889,279.79298350278367,272.9676284930637,275.83270263671875,5508008,0.0,0.0
2014-06-05 00:00:00+05:30,277.2652740927464,283.5869133164987,273.7532472875716,281.06842041015625,12153720,0.0,0.0
2014-06-06 00:00:00+05:30,277.279143524461,278.1895069165114,272.64420113080024,277.54718017578125,16882424,0.0,0.0
2014-06-09 00:00:00+05:30,277.8196970831553,278.65149258340426,275.05629661344256,276.0128479003906,10858344,0.0,0.0
2014-06-10 00:00:00+05:30,277.26523867373714,285.509253924189,276.9279083255786,284.2107238769531,10479176,0.0,0.0
2014-06-11 00:00:00+05:30,286.96950930553163,301.04071954442605,285.61553980892614,295.1349792480469,20375704,0.0,0.0
2014-06-12 00:00:00+05:30,303.1433536549967,304.71914907625865,288.4205637040325,293.4436950683594,21128856,0.0,0.0
2014-06-13 00:00:00+05:30,294.6867893818669,296.39659198608973,289.3771636453184,294.54815673828125,10151744,0.0,0.0
2014-06-16 00:00:00+05:30,294.45573121855915,301.26721050703577,293.9012006512925,299.8300476074219,9375328,0.0,0.0
2014-06-17 00:00:00+05:30,300.27831813292903,301.9419099231392,297.4640798672718,300.0796203613281,10079392,0.0,0.0
2014-06-18 00:00:00+05:30,299.90857364917645,302.68122610201937,296.9279722623703,299.49267578125,9791280,0.0,0.0
2014-06-19 00:00:00+05:30,299.98723447332,307.1175655569088,299.91791814043773,306.0916748046875,11313704,0.0,0.0
2014-06-20 00:00:00+05:30,306.8402259173014,308.6331989347501,304.3309843001963,306.5260009765625,8853000,0.0,0.0
2014-06-23 00:00:00+05:30,304.9918082931002,305.81897853311386,297.7320745253422,298.7579650878906,6328112,0.0,0.0
2014-06-24 00:00:00+05:30,298.52227560274076,298.975133187226,295.02410306895445,296.100830078125,10638024,0.0,0.0
2014-06-25 00:00:00+05:30,299.9085711415708,299.9085711415708,296.30412298301263,296.7893371582031,6433520,0.0,0.0
2014-06-26 00:00:00+05:30,297.5980175704537,298.9843437392601,292.86140316036494,294.1322021484375,7376552,0.0,0.0
2014-06-27 00:00:00+05:30,295.74960202365423,299.039825371729,293.1617930059473,297.9122619628906,6890744,0.0,0.0
2014-06-30 00:00:00+05:30,297.5980387083866,301.57217400790853,296.80320262292054,300.8836364746094,7290576,0.0,0.0
2014-07-01 00:00:00+05:30,299.9085339105756,300.8142714379392,296.30408619947775,297.6950378417969,4662512,0.0,0.0
2014-07-02 00:00:00+05:30,296.85863898874015,299.7791750977519,295.58321442052863,297.16363525390625,6119632,0.0,0.0
2014-07-03 00:00:00+05:30,296.6922840001242,298.3743552617299,294.8715801197503,296.7384948730469,7504912,0.0,0.0
2014-07-04 00:00:00+05:30,295.7541891145199,301.1469840233946,295.7541891145199,299.996337890625,5752968,0.0,0.0
2014-07-07 00:00:00+05:30,301.7570564847909,311.27649808293285,301.2949476693471,309.1923828125,11638312,0.0,0.0
2014-07-08 00:00:00+05:30,309.5204270866768,314.82082324076015,305.2736523744252,308.8873291015625,11460480,0.0,0.0
2014-07-09 00:00:00+05:30,307.76444270950026,312.7552174561408,304.0675725268036,305.9483642578125,8270752,0.0,0.0
2014-07-10 00:00:00+05:30,306.37814852769344,312.54267569117053,300.4261959347998,304.317138671875,11345616,0.0,0.0
2014-07-11 00:00:00+05:30,314.36326682447594,317.19138081887525,305.024068957254,307.4547424316406,15826360,0.0,0.0
2014-07-14 00:00:00+05:30,306.37807272578493,306.37807272578493,294.43718825027827,298.0832214355469,8231600,0.0,0.0
2014-07-15 00:00:00+05:30,299.35410941555654,301.10549742312827,297.3254561013325,298.1202697753906,4139800,0.0,0.0
2014-07-16 00:00:00+05:30,299.44649831023185,299.9086071039205,296.0499986766204,298.4853210449219,4589488,0.0,0.0
2014-07-17 00:00:00+05:30,301.30415178696495,309.2339197696842,298.67473498685837,299.38177490234375,4946672,0.0,0.0
2014-07-18 00:00:00+05:30,300.64792302709594,302.65347029104106,299.77916768854504,300.513916015625,4098368,0.0,0.0
2014-07-21 00:00:00+05:30,300.83277520625944,302.5287232256867,294.64976958933227,295.81427001953125,7435968,0.0,0.0
2014-07-22 00:00:00+05:30,296.2117274155574,300.0657101206324,295.5694007253624,298.8642272949219,8733360,0.0,0.0
2014-07-23 00:00:00+05:30,300.278281475423,310.07498748847155,300.278281475423,309.5620422363281,11827336,0.0,0.0
2014-07-24 00:00:00+05:30,309.0583734477788,313.77188332990704,306.97425819299764,312.593505859375,5571560,0.0,0.0
2014-07-25 00:00:00+05:30,314.1414732472575,314.1414732472575,305.42609923544364,309.8161315917969,5337672,0.0,0.0
2014-07-28 00:00:00+05:30,309.15068059873295,313.0323931802417,306.91870488992475,311.5628967285156,4601448,0.0,0.0
2014-07-30 00:00:00+05:30,313.67941042087074,313.67941042087074,309.20620687590457,311.66461181640625,9934720,0.0,0.0
2014-07-31 00:00:00+05:30,312.38555842171905,313.76263366257155,308.98443303618046,311.244140625,8457168,0.0,0.0
2014-08-01 00:00:00+05:30,309.61284151318523,313.4945547500669,307.7644066384796,308.80877685546875,7607008,0.0,0.0
2014-08-04 00:00:00+05:30,310.07497665709775,321.89570966266655,309.54817718569217,320.2922058105469,13086960,0.0,0.0
2014-08-05 00:00:00+05:30,321.2580075067161,325.32456456376315,320.7081025992826,324.6776123046875,10985624,0.0,0.0
2014-08-06 00:00:00+05:30,325.7866730499099,333.49003503964457,325.7866730499099,330.486328125,18004184,0.0,0.0
2014-08-07 00:00:00+05:30,323.3837258509717,327.57966456866023,321.8449126314871,324.15545654296875,7754224,0.0,0.0
2014-08-08 00:00:00+05:30,323.47617679128416,325.32461208723436,321.16563267134643,321.8726501464844,3811352,0.0,0.0
2014-08-11 00:00:00+05:30,325.694317935246,331.21189309917656,324.4004131534374,330.2691955566406,5628672,0.0,0.0
2014-08-12 00:00:00+05:30,332.6259162866872,332.6259162866872,327.26545417370363,330.57415771484375,5916936,0.0,0.0
2014-08-13 00:00:00+05:30,329.0260810046479,335.02886961784725,328.1665541505024,333.4946594238281,8941360,0.0,0.0
2014-08-14 00:00:00+05:30,333.45768086176895,335.278384861454,331.47986439663174,333.8782043457031,6762480,0.0,0.0
2014-08-18 00:00:00+05:30,333.8273711895549,333.8273711895549,328.09722251465115,329.0029602050781,6777888,0.0,0.0
2014-08-19 00:00:00+05:30,329.1138529726106,331.7016619822239,326.24877871196725,327.8938903808594,6424824,0.0,0.0
2014-08-20 00:00:00+05:30,329.2986593849748,331.10088331368854,327.81991154603026,328.5177001953125,3938224,0.0,0.0
2014-08-21 00:00:00+05:30,328.6748664301837,329.3356729532968,326.2487953598731,328.00018310546875,4298880,0.0,0.0
2014-08-22 00:00:00+05:30,328.00020333768896,333.4577128233694,327.9124071777479,332.8107604980469,4855040,0.0,0.0
2014-08-25 00:00:00+05:30,332.62590754420637,336.0177815551463,329.21092809373147,335.28765869140625,4198352,0.0,0.0
2014-08-26 00:00:00+05:30,334.751589121991,336.4151806747784,332.71831055747316,334.9502868652344,5842128,0.0,0.0
2014-08-27 00:00:00+05:30,335.4909420907496,337.3393770333984,332.81996262418346,335.5417785644531,5569872,0.0,0.0
2014-08-28 00:00:00+05:30,335.39855440910645,335.8283065513598,330.9807899346954,332.607421875,7599304,0.0,0.0
2014-09-01 00:00:00+05:30,333.6471739483057,334.4650929730858,331.33200438397125,332.68597412109375,3643152,0.0,0.0
2014-09-02 00:00:00+05:30,332.7183973430474,335.0289417690408,328.61025386641325,333.98919677734375,3583832,0.0,0.0
2014-09-03 00:00:00+05:30,333.64248373441893,346.2488001330618,333.64248373441893,345.1258850097656,11857560,0.0,0.0
2014-09-04 00:00:00+05:30,344.27111042923985,344.27111042923985,341.76186827409134,342.7692565917969,6238464,0.0,0.0
2014-09-05 00:00:00+05:30,344.9179258540194,350.7404953419088,342.4548955644646,344.8023986816406,6468352,0.0,0.0
2014-09-08 00:00:00+05:30,344.9826133169587,350.3245942303493,344.9826133169587,349.50665283203125,6517296,0.0,0.0
2014-09-09 00:00:00+05:30,346.396702191832,347.08523968314137,343.8088933173999,345.2922668457031,4316800,0.0,0.0
2014-09-10 00:00:00+05:30,342.69982337035486,342.69982337035486,338.26357970213024,338.9382629394531,5080752,0.0,0.0
2014-09-11 00:00:00+05:30,339.5575032315508,341.9327376499217,335.5464083811597,340.4955749511719,5013032,0.0,0.0
2014-09-12 00:00:00+05:30,340.8513703182097,342.69980508132363,337.33934426829325,339.17852783203125,3907552,0.0,0.0
2014-09-15 00:00:00+05:30,338.72573042552125,339.0029956891711,335.2414347917696,336.53533935546875,4958800,0.0,0.0
2014-09-16 00:00:00+05:30,336.9695894392171,341.0823559587029,334.89935194710193,337.4548034667969,5034904,0.0,0.0
2014-09-17 00:00:00+05:30,340.1028509822511,346.4060335358185,339.28955748467536,345.75445556640625,7926120,0.0,0.0
2014-09-18 00:00:00+05:30,339.5528712505633,344.7053836211199,337.75064719270046,341.6831970214844,9104776,0.0,0.0
2014-09-19 00:00:00+05:30,341.86810300517743,350.0843887504068,340.23224230487654,342.1499938964844,14755016,0.0,0.0
2014-09-22 00:00:00+05:30,340.11205750766845,340.3662173332516,335.67581327930753,337.3948669433594,8612040,0.0,0.0
2014-09-23 00:00:00+05:30,336.8772871050626,340.43089896791673,332.30703596699425,333.37451171875,12962304,0.0,0.0
2014-09-24 00:00:00+05:30,335.49094876844896,339.39576766251696,332.5565582385872,336.8587951660156,5564560,0.0,0.0
2014-09-25 00:00:00+05:30,337.3393705497748,343.6979911430552,336.9696835683504,341.128662109375,24975512,0.0,0.0
2014-09-26 00:00:00+05:30,340.5741395106666,343.8320061097849,338.30980669709504,340.1258850097656,8864840,0.0,0.0
2014-09-29 00:00:00+05:30,342.05287458398476,347.593553624652,340.2136909037307,346.4937438964844,4996144,0.0,0.0
2014-09-30 00:00:00+05:30,346.04552497125064,347.1638372142573,342.0621609334058,346.3736267089844,6927368,0.0,0.0
2014-10-01 00:00:00+05:30,343.99373893496863,356.7433142948584,343.99373893496863,355.5741882324219,9470864,0.0,0.0
2014-10-07 00:00:00+05:30,348.3653104245549,359.7932509057958,348.3653104245549,354.095458984375,20063456,0.0,0.0
2014-10-08 00:00:00+05:30,349.8163862414282,350.4633386070002,336.50765186394716,337.3533020019531,20327680,0.0,0.0
2014-10-09 00:00:00+05:30,341.96044172796235,343.25434610206815,335.1119816937417,337.0436096191406,12432832,0.0,0.0
2014-10-10 00:00:00+05:30,338.26356110123675,361.1841521266757,330.19513886055,359.3957824707031,45893056,0.0,0.0
2014-10-13 00:00:00+05:30,359.45589200532237,368.3006483577455,359.45589200532237,364.3773498535156,17726984,0.0,0.0
2014-10-14 00:00:00+05:30,366.45226090677653,366.45226090677653,360.4448467935507,362.13616943359375,6860512,0.0,0.0
2014-10-15 00:00:00+05:30,362.13616943359375,362.13616943359375,362.13616943359375,362.13616943359375,0,0.0,0.0
2014-10-16 00:00:00+05:30,363.23508399428374,366.79282921236984,358.97416640841845,359.9939880371094,10017392,3.75,0.0
2014-10-17 00:00:00+05:30,359.9567536395861,365.34927331419226,357.3676238561579,358.72271728515625,8190016,0.0,0.0
2014-10-20 00:00:00+05:30,358.8484209099922,359.73786288808355,354.10786820287376,355.0625,7702720,0.0,0.0
2014-10-21 00:00:00+05:30,358.55975617484256,358.55975617484256,345.53020316160155,351.3930358886719,26081384,0.0,0.0
2014-10-22 00:00:00+05:30,354.7784393192413,355.02057618452073,351.69566798664135,353.5444030761719,5353320,0.0,0.0
2014-10-27 00:00:00+05:30,358.569086746972,358.569086746972,352.2545408795172,354.1964111328125,4767752,0.0,0.0
2014-10-28 00:00:00+05:30,350.6526085297156,355.06255149314217,350.6526085297156,352.8179931640625,6666368,0.0,0.0
2014-10-29 00:00:00+05:30,355.1184333093351,362.5459357468416,355.1184333093351,361.4981689453125,8229336,0.0,0.0
2014-10-30 00:00:00+05:30,362.8533089465934,370.79305345062244,362.8533089465934,367.561279296875,15245208,0.0,0.0
2014-10-31 00:00:00+05:30,371.33315804335155,378.6861469291162,371.33315804335155,377.3124084472656,8670800,0.0,0.0
2014-11-03 00:00:00+05:30,379.7013678541657,382.7841397291777,375.5615293334041,380.5395812988281,8578408,0.0,0.0
2014-11-05 00:00:00+05:30,380.4557885000337,386.88209190431826,377.84801320554146,384.16253662109375,10241080,0.0,0.0
2014-11-07 00:00:00+05:30,383.5570426670459,389.5828826376562,383.5570426670459,388.05548095703125,9970400,0.0,0.0
2014-11-10 00:00:00+05:30,388.84248323954824,389.4059761443883,385.5781262308134,387.95306396484375,5594168,0.0,0.0
2014-11-11 00:00:00+05:30,387.90657724352866,387.90657724352866,382.20670730587983,384.1998291015625,6255088,0.0,0.0
2014-11-12 00:00:00+05:30,383.8086435770443,386.5747662843638,381.58273018219387,382.41162109375,5392896,0.0,0.0
2014-11-13 00:00:00+05:30,383.90177719133237,391.2640674645393,383.00767370966213,389.1732177734375,4956680,0.0,0.0
2014-11-14 00:00:00+05:30,390.60748679101715,392.2327078055684,388.7447901444219,390.38861083984375,5233176,0.0,0.0
2014-11-17 00:00:00+05:30,389.76923501131904,393.7647098305744,386.33256913114803,392.8846130371094,5458184,0.0,0.0
2014-11-18 00:00:00+05:30,393.4946831256327,393.75544247671473,388.5678593835899,389.5224914550781,5267120,0.0,0.0
2014-11-19 00:00:00+05:30,389.3035109835345,390.2302205457661,385.5548348311213,388.6841735839844,5201120,0.0,0.0
2014-11-20 00:00:00+05:30,390.2348978868686,394.19312775803616,389.66212783600287,393.5505065917969,5347928,0.0,0.0
2014-11-21 00:00:00+05:30,388.3721838873013,389.21039723382063,382.00177154895107,386.1509094238281,10463272,0.0,0.0
2014-11-24 00:00:00+05:30,391.16624102482984,398.7706899247939,390.41652391992665,398.1606750488281,11047440,0.0,0.0
2014-11-25 00:00:00+05:30,400.0140777499236,402.33780984948356,395.4504712750118,400.7778015136719,14886576,0.0,0.0
2014-11-26 00:00:00+05:30,400.47976913413635,402.12827381608497,397.83474905644863,400.5216979980469,7930800,0.0,0.0
2014-11-27 00:00:00+05:30,402.51940761942916,407.5952557905917,401.5973819092235,406.6173400878906,17389032,0.0,0.0
2014-11-28 00:00:00+05:30,407.0084954526151,409.60694789591145,404.52177751032815,406.0538635253906,14347264,0.0,0.0
2014-12-01 00:00:00+05:30,408.5824469553941,409.99811438073743,399.7905292230122,405.12249755859375,18341864,0.0,0.0
2014-12-02 00:00:00+05:30,403.26447715691074,403.26447715691074,393.9603170619228,396.1210632324219,10654992,0.0,2.0
2014-12-03 00:00:00+05:30,391.4457074392816,397.3038794047374,388.28844566077294,395.54364013671875,12775044,0.0,0.0
2014-12-04 00:00:00+05:30,393.02901969259284,399.52981324971665,390.23497452890143,391.5016174316406,9399228,0.0,0.0
2014-12-05 00:00:00+05:30,393.9603079423001,394.258357571328,383.6782324046775,385.6340637207031,7358760,0.0,0.0
2014-12-08 00:00:00+05:30,374.2157278687422,376.07842437381305,364.66940828025383,366.9791564941406,166320408,0.0,0.0
2014-12-09 00:00:00+05:30,369.3261667855498,369.9315431779608,363.6821870164884,365.9826354980469,10050460,0.0,0.0
2014-12-10 00:00:00+05:30,366.20615507887095,369.74527865287837,364.9208898649217,365.78704833984375,7804712,0.0,0.0
2014-12-11 00:00:00+05:30,363.4120488043585,363.96153511868135,356.7063421119152,357.8332824707031,8285932,0.0,0.0
2014-12-12 00:00:00+05:30,361.1862067503077,365.16305959160326,357.2838435853858,361.1116943359375,14572500,0.0,0.0
2014-12-15 00:00:00+05:30,354.83432890453946,364.57623982255916,354.8250290656687,358.53179931640625,12966284,0.0,0.0
2014-12-16 00:00:00+05:30,358.69947467587497,363.5238634108713,358.69947467587497,360.9906005859375,17792756,0.0,0.0
2014-12-17 00:00:00+05:30,360.6180356005771,364.2502937070912,353.223139730205,361.0837097167969,17851776,0.0,0.0
2014-12-18 00:00:00+05:30,363.97088667480136,369.14919190590444,362.24789245691915,366.1875,19949980,0.0,0.0
2014-12-19 00:00:00+05:30,372.0923105715961,374.02951980343664,369.93158681754244,372.28790283203125,14294632,0.0,0.0
2014-12-22 00:00:00+05:30,373.65688239157697,374.420583336404,367.9477136140175,372.4647521972656,10465104,0.0,0.0
2014-12-23 00:00:00+05:30,372.69767132289564,376.6186570415665,365.7591259915735,367.25860595703125,8196952,0.0,0.0
2014-12-24 00:00:00+05:30,368.0688523209451,370.11781860410827,356.7157255107985,359.6029052734375,27339488,0.0,0.0
2014-12-26 00:00:00+05:30,362.3130954196239,365.21889744211836,359.6773752972287,363.6449279785156,2268748,0.0,0.0
2014-12-29 00:00:00+05:30,364.3527695572184,367.47278629387586,363.6915031835049,364.6787414550781,2792676,0.0,0.0
2014-12-30 00:00:00+05:30,365.50766120268514,367.8825995032759,364.4925005929255,366.2713623046875,4640552,0.0,0.0
2014-12-31 00:00:00+05:30,364.15713678582944,368.6182854533028,363.2257886099066,367.4261779785156,6968808,0.0,0.0
2015-01-01 00:00:00+05:30,366.75566015463204,369.18648845992266,364.5111242586098,367.7708435058594,2002764,0.0,0.0
2015-01-02 00:00:00+05:30,367.32377635301776,376.0877731142453,367.32377635301776,374.9980773925781,6778320,0.0,0.0
2015-01-05 00:00:00+05:30,374.3833179217008,378.12733277746565,368.34817761942776,371.7755432128906,9937024,0.0,0.0
2015-01-06 00:00:00+05:30,368.81388343390506,369.7452316243947,360.2641024976114,364.00811767578125,9667316,0.0,0.0
2015-01-07 00:00:00+05:30,366.0197766583639,367.8359053211726,363.2257325617352,365.74969482421875,7249916,0.0,0.0
2015-01-08 00:00:00+05:30,369.8569917030436,371.98047014128355,363.2257970833765,367.59381103515625,13564920,0.0,0.0
2015-01-09 00:00:00+05:30,368.83247843864376,392.842637552641,356.34311377517747,386.4070129394531,44863328,0.0,0.0
2015-01-12 00:00:00+05:30,389.67623960546126,394.7427667039834,386.5096544843843,394.13739013671875,12758888,0.0,0.0
2015-01-13 00:00:00+05:30,392.61921788155007,392.61921788155007,386.50956363586636,389.09869384765625,8801236,0.0,0.0
2015-01-14 00:00:00+05:30,390.88679677598793,397.3130986529341,389.7878242106129,396.5028076171875,9921260,0.0,0.0
2015-01-15 00:00:00+05:30,397.7229675890147,401.00133178430156,393.44808800169943,397.5460205078125,8342452,0.0,0.0
2015-01-16 00:00:00+05:30,400.1072427115963,402.3424787043985,393.40153473318964,394.5750427246094,6690960,0.0,0.0
2015-01-19 00:00:00+05:30,394.89167703998214,397.1921255187954,390.160445892258,391.6319580078125,4087744,0.0,0.0
2015-01-20 00:00:00+05:30,392.4702123748796,397.31322401310786,391.4364065645972,395.6740417480469,6804504,0.0,0.0
2015-01-21 00:00:00+05:30,397.03381654826615,405.31349459619184,394.51917590862195,404.1865539550781,8494908,0.0,0.0
2015-01-22 00:00:00+05:30,405.0992685480685,410.35206390227745,402.58462812016074,409.1319885253906,9958396,0.0,0.0
2015-01-23 00:00:00+05:30,409.79325117975674,414.4499926704358,403.29245824916524,412.59661865234375,9486328,0.0,0.0
2015-01-27 00:00:00+05:30,413.70490427550624,413.70490427550624,396.77301080509926,397.9651184082031,13739968,0.0,0.0
2015-01-28 00:00:00+05:30,400.4796989484496,401.3738022552521,396.8101963835139,399.46453857421875,13134356,0.0,0.0
2015-01-29 00:00:00+05:30,399.5484057008401,400.46110881018046,396.3073319289074,399.64154052734375,15369424,0.0,0.0
2015-01-30 00:00:00+05:30,402.62188141226795,402.8174736559665,396.18625538309124,398.9709777832031,10833744,0.0,0.0
2015-02-02 00:00:00+05:30,398.8965313546768,400.8523630517229,396.0186738099371,398.0303955078125,8702540,0.0,0.0
2015-02-03 00:00:00+05:30,398.03030230447,398.60771090850693,391.538787096795,395.05926513671875,5265956,0.0,0.0
2015-02-04 00:00:00+05:30,398.59850878127867,400.47985092252424,396.0838678568814,399.1480407714844,5160016,0.0,0.0
2015-02-05 00:00:00+05:30,400.6288016797248,413.51865330930286,400.10723752629843,408.6383972167969,11875936,0.0,0.0
2015-02-06 00:00:00+05:30,410.7246410213386,418.6969923549564,407.6511913266211,415.4745178222656,7453728,0.0,0.0
2015-02-09 00:00:00+05:30,409.79325666390275,419.8518184183804,409.79325666390275,418.9018249511719,6536868,0.0,0.0
2015-02-10 00:00:00+05:30,417.80281571567775,428.0476462392454,417.43027642391166,424.3781433105469,8516920,0.0,0.0
2015-02-11 00:00:00+05:30,424.78797536016043,427.1535910345624,420.27093593789164,425.5982666015625,5796972,0.0,0.0
2015-02-12 00:00:00+05:30,425.2537040592394,432.5088994200657,423.39100715140216,430.5065002441406,6287536,0.0,0.0
2015-02-13 00:00:00+05:30,428.3456693061084,433.39354911098354,425.81238408876465,427.6937255859375,5657516,0.0,0.0
2015-02-16 00:00:00+05:30,424.7506410805916,429.70538589113437,421.9472740888988,424.4619140625,6244276,0.0,0.0
2015-02-18 00:00:00+05:30,426.6599237553446,429.3421883228497,420.6247602644801,427.7682189941406,8613764,0.0,0.0
2015-02-19 00:00:00+05:30,427.3025577110033,434.7533433729214,426.93934100518214,433.0210266113281,9673624,0.0,0.0
2015-02-20 00:00:00+05:30,433.7288399348217,435.12586218069293,424.1173086928338,425.272216796875,6971628,0.0,0.0
2015-02-23 00:00:00+05:30,428.4202005776357,430.13387228474835,418.7528238071709,422.0125427246094,5090488,0.0,0.0
2015-02-24 00:00:00+05:30,424.508469742214,427.6657307488739,420.5223180104992,423.3536071777344,6437676,0.0,0.0
2015-02-25 00:00:00+05:30,426.3525721719709,434.9023761614966,424.69479052216974,431.69854736328125,6044972,0.0,0.0
2015-02-26 00:00:00+05:30,429.8173361662517,430.09674071847246,418.2499695139122,420.6156311035156,6445776,0.0,0.0
2015-02-27 00:00:00+05:30,423.74481544324425,424.81586594805475,419.3861237531938,422.04046630859375,7801076,0.0,0.0
2015-03-02 00:00:00+05:30,428.97900163665946,430.00348470613477,424.3315829894192,426.8741455078125,7040992,0.0,0.0
2015-03-03 00:00:00+05:30,426.5575707177459,428.9697539984395,424.3782245389724,428.0198059082031,4905552,0.0,0.0
2015-03-04 00:00:00+05:30,428.42019601660024,431.0093259673485,419.4606076399445,423.6982421875,4375228,0.0,0.0
2015-03-05 00:00:00+05:30,422.2826342130538,428.1873732337932,416.00535587900606,418.6596984863281,5684916,0.0,0.0
2015-03-09 00:00:00+05:30,420.78322736497466,420.78322736497466,405.88165224802117,407.93994140625,7984720,0.0,0.0
2015-03-10 00:00:00+05:30,409.43932996958057,411.08778906279025,402.3796830504719,409.4206848144531,6329916,0.0,0.0
2015-03-11 00:00:00+05:30,408.69429747152606,417.2440570574397,404.0375557632957,406.4776611328125,6780912,0.0,0.0
2015-03-12 00:00:00+05:30,405.88155913990926,414.72004475842834,405.5090198474449,413.20196533203125,5688564,0.0,0.0
2015-03-13 00:00:00+05:30,414.4499677039235,415.3813159459548,408.37755897548413,413.5931091308594,6179684,0.0,0.0
2015-03-16 00:00:00+05:30,411.7584286673578,425.06738751155456,411.7584286673578,422.2081298828125,6818632,0.0,0.0
2015-03-17 00:00:00+05:30,422.2080605725802,424.6016436327624,413.0063585631684,417.3371276855469,5539312,0.0,0.0
2015-03-18 00:00:00+05:30,419.9449186596696,421.5002884006562,413.99361254032897,415.2881774902344,4905564,0.0,0.0
2015-03-19 00:00:00+05:30,416.23825643956104,418.9205217141169,414.03094248112643,415.4652099609375,6891740,0.0,0.0
2015-03-20 00:00:00+05:30,417.43025831894505,422.6271630232846,415.93077863942506,420.494384765625,6430896,0.0,0.0
2015-03-23 00:00:00+05:30,419.6654448339681,423.76337638583107,414.54303039413935,416.02386474609375,5078700,0.0,0.0
2015-03-24 00:00:00+05:30,416.2941014504882,419.7400906282395,410.91092573618374,411.92608642578125,6736532,0.0,0.0
2015-03-25 00:00:00+05:30,414.0588014979365,415.222986851777,409.9329467943219,413.35101318359375,6170968,0.0,0.0
2015-03-26 00:00:00+05:30,411.2833710025081,412.56861334649614,397.12687816003046,399.79986572265625,15740840,0.0,0.0
2015-03-27 00:00:00+05:30,403.0876160171069,414.39417729724823,402.9013463239382,410.19378662109375,10074220,0.0,0.0
2015-03-30 00:00:00+05:30,410.83639721455353,417.24405559217905,408.8432753896357,415.0088195800781,4623088,0.0,0.0
2015-03-31 00:00:00+05:30,418.1753100140628,423.5119166040273,410.6034679140009,413.21124267578125,8016412,0.0,0.0
2015-04-01 00:00:00+05:30,409.58833688718846,409.70011687350404,401.9140359959405,404.94091796875,6738488,0.0,0.0
2015-04-06 00:00:00+05:30,405.8815687610283,406.9432966745216,402.41693506858815,405.7325439453125,7741752,0.0,0.0
2015-04-07 00:00:00+05:30,405.1365083278012,406.5894207632095,398.2445309447536,402.24932861328125,8542268,0.0,0.0
2015-04-08 00:00:00+05:30,406.5334843441797,410.70590603892157,404.7732453628351,409.8956604003906,10185576,0.0,0.0
2015-04-09 00:00:00+05:30,411.91672180204176,413.3137442990768,406.88744081271557,412.5873107910156,10581548,0.0,0.0
2015-04-10 00:00:00+05:30,411.6931915426198,416.87149716199286,411.6931915426198,416.1170959472656,7123776,0.0,0.0
2015-04-13 00:00:00+05:30,416.87148299505185,417.9891009119287,412.79219578884727,417.0205078125,4872336,0.0,0.0
2015-04-15 00:00:00+05:30,416.59208049047595,418.17537254688955,408.8712124399863,412.3451232910156,6237784,0.0,0.0
2015-04-16 00:00:00+05:30,413.8912470912595,415.56767428469846,402.4356612694267,408.7967529296875,9007812,0.0,0.0
2015-04-17 00:00:00+05:30,406.07718644615187,408.8525862243931,401.1223952379182,405.92816162109375,6450316,0.0,0.0
2015-04-20 00:00:00+05:30,405.32275800884116,406.0678366081221,393.9882316268841,397.1548156738281,12825384,0.0,0.0
2015-04-21 00:00:00+05:30,400.10718674261545,401.4297193770848,394.91028197671625,399.1013488769531,8881648,0.0,0.0
2015-04-22 00:00:00+05:30,400.67531650659043,401.411072486252,390.78438047442336,398.1885986328125,12350984,0.0,0.0
2015-04-23 00:00:00+05:30,400.23751934712914,400.47967894587396,393.4014334575283,395.2641296386719,11891800,0.0,0.0
2015-04-24 00:00:00+05:30,397.8533990626055,400.51706463363143,368.813973575986,371.645263671875,43565452,0.0,0.0
2015-04-27 00:00:00+05:30,372.53928820027585,372.91182748847615,362.87188912388,369.6800537109375,19822640,0.0,0.0
2015-04-28 00:00:00+05:30,369.1864804998452,369.1864804998452,363.5983904821886,365.2561950683594,10393500,0.0,0.0
2015-04-29 00:00:00+05:30,365.25619747545744,367.32378624801686,360.98129494098,365.3027648925781,8289056,0.0,0.0
2015-04-30 00:00:00+05:30,365.0885744324398,366.0199228366042,359.9289133685684,361.78228759765625,13134260,0.0,0.0
2015-05-04 00:00:00+05:30,364.99540274139144,372.5393240534743,363.20721853353393,371.2540588378906,13361592,0.0,0.0
2015-05-05 00:00:00+05:30,372.53925156827154,373.2284400884763,363.60763210711883,365.6007080078125,9408516,0.0,0.0
2015-05-06 00:00:00+05:30,367.8825612237808,367.8825612237808,356.76227213920157,358.01959228515625,10508408,0.0,0.0
2015-05-07 00:00:00+05:30,358.0102828539939,366.41103988637144,355.7750469568826,362.10821533203125,6779984,0.0,0.0
2015-05-08 00:00:00+05:30,364.7160181354486,366.49490260000067,362.341079815108,364.7066955566406,5777676,0.0,0.0
2015-05-11 00:00:00+05:30,366.0198761252539,372.5393141223958,363.6356154196725,371.35650634765625,4785512,0.0,0.0
2015-05-12 00:00:00+05:30,371.3564999087891,371.5334469847311,361.7356677407926,362.6856384277344,8284892,0.0,0.0
2015-05-13 00:00:00+05:30,363.551820683872,366.00127133983193,359.2210509485575,364.4738464355469,7099084,0.0,0.0
2015-05-14 00:00:00+05:30,365.08857920835,365.237604050165,355.40255567833253,360.39459228515625,6233844,0.0,0.0
2015-05-15 00:00:00+05:30,360.43174645453183,366.3178624175086,359.92882753142027,365.4144592285156,5189344,0.0,0.0
2015-05-18 00:00:00+05:30,366.9511960997769,372.33439332112357,365.38652655358015,371.2447204589844,6469976,0.0,0.0
2015-05-19 00:00:00+05:30,370.17374546659966,379.1891798200424,369.93158578654516,376.7024841308594,10272076,0.0,0.0
2015-05-20 00:00:00+05:30,379.9900760111718,382.22531175241403,378.79794573491057,381.349853515625,5882188,0.0,0.0
2015-05-21 00:00:00+05:30,381.6478686439951,384.0693741000188,379.4778454064924,381.5640563964844,10059312,0.0,0.0
2015-05-22 00:00:00+05:30,380.7352377205238,382.14158294331133,378.1460845406759,381.19158935546875,6888824,0.0,0.0
2015-05-25 00:00:00+05:30,381.94591826191925,383.0728587423814,373.8525110447638,375.66864013671875,4675808,0.0,0.0
2015-05-26 00:00:00+05:30,376.26472454484673,378.3975031209544,372.93981556119576,373.89910888671875,3965040,0.0,0.0
2015-05-27 00:00:00+05:30,373.8431645306894,374.2157038077504,364.15714332710405,366.6717834472656,8454708,0.0,0.0
2015-05-28 00:00:00+05:30,367.9197800910776,378.4999046306756,367.9197800910776,375.63134765625,10980540,0.0,0.0
2015-05-29 00:00:00+05:30,373.4427572814972,383.0542680644119,372.72562357284716,376.85150146484375,18993044,0.0,0.0
2015-06-01 00:00:00+05:30,378.64888786408267,384.4604908397195,376.8700039202822,381.44293212890625,5724892,0.0,0.0
2015-06-02 00:00:00+05:30,381.49889466981426,382.8027822413957,373.4706544315385,374.1505432128906,4673140,0.0,0.0
2015-06-03 00:00:00+05:30,375.9293703516273,379.88760011738145,374.0294291592624,376.43231201171875,5495796,0.0,0.0
2015-06-04 00:00:00+05:30,378.12737686641685,382.7841179608308,374.886280517106,377.76416015625,7489464,0.0,0.0
2015-06-05 00:00:00+05:30,378.1273941579436,380.73516929006735,374.05740680290654,374.7093505859375,6125788,0.0,0.0
2015-06-08 00:00:00+05:30,376.26477730964984,377.1309359238289,370.117877482314,372.5487060546875,6141048,0.0,0.0
2015-06-09 00:00:00+05:30,373.23779489883225,373.96425104972747,369.3726998300109,371.0677490234375,7561740,0.0,0.0
2015-06-10 00:00:00+05:30,370.67656137959153,379.8689630149494,369.74521323542166,377.47540283203125,6385840,0.0,0.0
2015-06-11 00:00:00+05:30,379.2356762917277,380.8748582700535,371.6172659684927,372.1015625,9229464,0.0,0.0
2015-06-12 00:00:00+05:30,373.4706120852109,377.2984621172413,364.25026530305735,367.891845703125,9852924,0.0,0.0
2015-06-15 00:00:00+05:30,369.4708163566989,377.7342159331754,366.0860287266093,374.57635498046875,5236426,7.375,2.0
2015-06-16 00:00:00+05:30,376.0512595512293,379.3225952538729,372.5152106929859,377.94219970703125,5223444,0.0,0.0
2015-06-17 00:00:00+05:30,382.3481008945386,386.129981219905,375.238170499403,376.56182861328125,6412068,0.0,0.0
2015-06-18 00:00:00+05:30,380.30581781350696,381.1945734029808,376.5995802810371,378.9254455566406,3474426,0.0,0.0
2015-06-19 00:00:00+05:30,382.08338995429466,382.12122260971273,375.5785507474031,376.4294738769531,6670458,0.0,0.0
2015-06-22 00:00:00+05:30,380.0412095979651,389.0609860437331,377.0535145425049,387.2078552246094,5710868,0.0,0.0
2015-06-23 00:00:00+05:30,387.6427102464017,388.55037070349897,377.48837141110164,378.33929443359375,6952116,0.0,0.0
2015-06-24 00:00:00+05:30,383.860850942098,383.860850942098,374.8599804331123,376.33489990234375,7073694,0.0,0.0
2015-06-25 00:00:00+05:30,377.88550038476404,379.511704366893,373.5174330676476,374.57635498046875,7117466,0.0,0.0
2015-06-26 00:00:00+05:30,377.8098173978702,382.5749770328458,377.46943895990165,380.1734924316406,5320284,0.0,0.0
2015-06-29 00:00:00+05:30,373.2716195067899,377.99897031108054,371.5697732172452,374.4629211425781,5690668,0.0,0.0
2015-06-30 00:00:00+05:30,374.40618096070153,375.7109343896938,370.62430034493684,372.2694091796875,6212530,0.0,0.0
2015-07-01 00:00:00+05:30,374.02795381326524,380.07896216615933,372.8933897470976,377.2047424316406,6880852,0.0,0.0
2015-07-02 00:00:00+05:30,377.8098486772916,378.71750919851155,372.534120948578,373.6497802734375,4007568,0.0,0.0
2015-07-03 00:00:00+05:30,373.6498253474946,375.5407657591722,371.3806968534814,374.5196533203125,2695306,0.0,0.0
2015-07-06 00:00:00+05:30,372.51523877111083,373.6498029501091,368.7333581744498,371.872314453125,4305602,0.0,0.0
2015-07-07 00:00:00+05:30,372.5152312438747,374.4061715039959,370.2461029317293,370.8133850097656,3497418,0.0,0.0
2015-07-08 00:00:00+05:30,370.2461253990393,370.2461253990393,361.0939693681273,362.1150817871094,7024178,0.0,0.0
2015-07-09 00:00:00+05:30,362.11499155203165,365.3295893882638,353.2464787872858,354.7403259277344,8587772,0.0,0.0
2015-07-10 00:00:00+05:30,358.5600841816068,360.07283639514844,352.7170972230156,354.5513000488281,7411522,0.0,0.0
2015-07-13 00:00:00+05:30,355.8749884854481,361.16962168289365,353.24657667444814,359.3354187011719,6531768,0.0,0.0
2015-07-14 00:00:00+05:30,361.16959902494574,368.1660781683609,357.5768124377866,367.3151550292969,5367074,0.0,0.0
2015-07-15 00:00:00+05:30,366.8423914715526,372.87449520560193,366.08601540666285,372.13702392578125,4129566,0.0,0.0
2015-07-16 00:00:00+05:30,373.5363913327909,374.9735014975691,370.4352442933625,374.04693603515625,3472938,0.0,0.0
2015-07-17 00:00:00+05:30,374.7844245052031,379.88996409230725,374.06585784872453,378.88775634765625,3447978,0.0,0.0
2015-07-20 00:00:00+05:30,378.7175345615538,382.2724884950843,373.4229016929716,378.6607971191406,4377180,0.0,0.0
2015-07-21 00:00:00+05:30,391.42458569436684,434.53801832157245,391.42458569436684,420.7908935546875,38310112,0.0,0.0
2015-07-22 00:00:00+05:30,417.89775871541514,420.5450748339743,407.17613766835626,417.1981201171875,12665660,0.0,0.0
2015-07-23 00:00:00+05:30,417.5007194463225,422.43609243924504,412.2250141081263,415.2505187988281,7710748,0.0,0.0
2015-07-24 00:00:00+05:30,414.3239752720561,418.4461884689524,409.615505911255,411.3173522949219,4480302,0.0,0.0
2015-07-27 00:00:00+05:30,411.0525802666119,411.4496499999781,401.04947914394586,402.88372802734375,6752244,0.0,0.0
2015-07-28 00:00:00+05:30,404.09407840099084,406.93048980764263,398.7048967283524,401.9573059082031,8476602,0.0,0.0
2015-07-29 00:00:00+05:30,406.17399821426903,412.98138365920096,402.77030549180313,410.4853515625,7071334,0.0,0.0
2015-07-30 00:00:00+05:30,412.225016656323,412.225016656323,400.1229978187062,404.6612548828125,11956598,0.0,0.0
2015-07-31 00:00:00+05:30,407.8947356825637,408.953634512571,400.8793289595582,407.32745361328125,7931012,0.0,0.0
2015-08-03 00:00:00+05:30,407.6866993077534,412.9813317662956,404.26407914512606,408.04595947265625,7961012,0.0,0.0
2015-08-04 00:00:00+05:30,407.6867271670497,408.04598735650256,397.4756495849436,399.8393249511719,9099054,0.0,0.0
2015-08-05 00:00:00+05:30,401.635674466724,412.2249389536056,401.6167465996428,410.84454345703125,4753476,0.0,0.0
2015-08-06 00:00:00+05:30,413.7376856042714,418.0868477472779,407.30848939287046,411.0714416503906,7238252,0.0,0.0
2015-08-07 00:00:00+05:30,408.25401586379286,416.3850592552441,407.8758277990742,414.34283447265625,4988058,0.0,0.0
2015-08-10 00:00:00+05:30,415.25053751402794,418.40839894416416,403.52670630916924,410.7122802734375,3992754,0.0,0.0
2015-08-11 00:00:00+05:30,415.55295737096304,422.3981503531624,414.38053773868563,419.4671936035156,7574406,0.0,0.0
2015-08-12 00:00:00+05:30,421.6796633039731,434.53805662445296,420.1669111486225,432.79840087890625,10168440,0.0,0.0
2015-08-13 00:00:00+05:30,433.7817642659927,441.28878905265776,399.19647990559616,437.94183349609375,9787960,0.0,0.0
2015-08-14 00:00:00+05:30,440.5891222950684,441.98839975373886,432.30679393898913,434.6326599121094,5109066,0.0,0.0
2015-08-17 00:00:00+05:30,434.9162768571515,436.2210072215088,424.5161050192631,431.947509765625,3107436,0.0,0.0
2015-08-18 00:00:00+05:30,434.91621196736753,445.3920013894135,434.91621196736753,440.34320068359375,4150446,0.0,0.0
2015-08-19 00:00:00+05:30,442.47995660691583,448.60658369372385,439.7570214940072,444.57891845703125,6869518,0.0,0.0
2015-08-20 00:00:00+05:30,438.3198897563801,441.9126757379898,426.59606181639066,429.0732116699219,8369114,0.0,0.0
2015-08-21 00:00:00+05:30,431.47475603195903,439.0573987448722,422.6251464174928,434.8784484863281,10822142,0.0,0.0
2015-08-24 00:00:00+05:30,419.7698347761127,424.70520761397677,407.9136478750275,413.00030517578125,14122684,0.0,0.0
2015-08-25 00:00:00+05:30,416.00685377030453,423.1924266990643,395.0174170573482,410.5798645019531,13735078,0.0,0.0
2015-08-26 00:00:00+05:30,412.1494170583599,414.87235295979235,400.5012049083137,402.6190490722656,11498212,0.0,0.0
2015-08-27 00:00:00+05:30,411.46860409875745,416.04467033402835,407.70565141535474,409.5020446777344,15343392,0.0,0.0
2015-08-28 00:00:00+05:30,416.61203804761465,425.42384001205363,416.61203804761465,420.1859436035156,7208820,0.0,0.0
2015-08-31 00:00:00+05:30,429.18672723768435,429.18672723768435,409.38859076497505,413.8890380859375,9917064,0.0,0.0
2015-09-01 00:00:00+05:30,412.22489818506443,421.5283132596224,409.1993943451741,411.8467102050781,9071550,0.0,0.0
2015-09-02 00:00:00+05:30,415.2504739252827,421.6796706982607,412.2249695615284,415.798828125,11171830,0.0,0.0
2015-09-03 00:00:00+05:30,419.8454970035904,420.54513570308274,413.17046830541176,415.76104736328125,8590536,0.0,0.0
2015-09-04 00:00:00+05:30,417.1413476985946,420.1668515803613,403.5265802306441,406.15496826171875,7318888,0.0,0.0
2015-09-07 00:00:00+05:30,410.3150625613814,410.3339904280734,398.98835013973957,400.40655517578125,5180988,0.0,0.0
2015-09-08 00:00:00+05:30,401.63565921770316,406.1739152540614,397.9672540545247,400.42547607421875,5459496,0.0,0.0
2015-09-09 00:00:00+05:30,411.12821524475606,415.8555658159761,405.4175849878289,411.7333068847656,9148664,0.0,0.0
2015-09-10 00:00:00+05:30,410.2961845721561,412.7922162250654,401.25748182757155,408.61322021484375,8363004,0.0,0.0
2015-09-11 00:00:00+05:30,412.8111748562175,418.4272580351779,410.523118740644,412.50860595703125,9883810,0.0,0.0
2015-09-14 00:00:00+05:30,415.6286819503101,417.5196222685554,409.44531634275506,415.9123229980469,6557076,0.0,0.0
2015-09-15 00:00:00+05:30,415.780011023295,417.217098120044,411.5253948507103,415.704345703125,5291886,0.0,0.0
2015-09-16 00:00:00+05:30,419.0322827851555,419.6941117516483,415.3638778370911,416.63079833984375,7478240,0.0,0.0
2015-09-18 00:00:00+05:30,420.4693851384974,422.7763224215839,415.6474887317051,417.6896667480469,11576876,0.0,0.0
2015-09-21 00:00:00+05:30,416.00682782621806,419.35378261698656,413.1704176364938,417.7654113769531,4351234,0.0,0.0
2015-09-22 00:00:00+05:30,421.6796483609873,429.6026690276565,416.4228255743227,418.8243103027344,9626986,0.0,0.0
2015-09-23 00:00:00+05:30,418.8243920804405,425.97215638992367,415.04251108764936,422.1524658203125,4758254,0.0,0.0
2015-09-24 00:00:00+05:30,421.1123720164189,435.937324347731,419.78871390949706,431.3423767089844,13399262,0.0,0.0
2015-09-28 00:00:00+05:30,431.1154989700574,432.21225367495356,416.3850911858735,418.1058654785156,9788464,0.0,0.0
2015-09-29 00:00:00+05:30,416.763209975414,428.6383233766037,415.0613638366759,424.2702331542969,8699370,0.0,0.0
2015-09-30 00:00:00+05:30,429.0165543179686,442.08292439075746,425.8208374384928,439.43560791015625,9495692,0.0,0.0
2015-10-01 00:00:00+05:30,442.4423041101413,452.9748343353841,438.6982323765774,443.63360595703125,10864394,0.0,0.0
2015-10-05 00:00:00+05:30,443.6145001970892,449.7978644322045,439.4544324203049,446.92364501953125,6881760,0.0,0.0
2015-10-06 00:00:00+05:30,448.9281442568397,451.00817853664967,434.1976919759561,436.6559143066406,8711880,0.0,0.0
2015-10-07 00:00:00+05:30,437.18542030990693,442.0073183280309,426.7663202437458,428.5627136230469,9182488,0.0,0.0
2015-10-08 00:00:00+05:30,429.7728262458126,434.76488907542097,425.8585899174238,428.16552734375,9080874,0.0,0.0
2015-10-09 00:00:00+05:30,429.6216504253064,443.57679953578497,429.6216504253064,441.49676513671875,11782138,0.0,0.0
2015-10-12 00:00:00+05:30,453.44742635912064,461.31375547443116,419.4105052812884,424.6673278808594,30404970,0.0,0.0
2015-10-13 00:00:00+05:30,418.8243852293705,420.1669714260653,410.40970015805635,415.7799987792969,15326862,0.0,0.0
2015-10-14 00:00:00+05:30,412.7732861107358,421.88765410761835,411.1659870640988,415.0991516113281,8865510,0.0,0.0
2015-10-15 00:00:00+05:30,415.96897546823453,417.65189354147907,411.88452674896547,415.00457763671875,8255666,0.0,0.0
2015-10-16 00:00:00+05:30,419.4510828235178,420.36709086654,416.0160876047629,417.8862609863281,6418992,5.0,0.0
2015-10-19 00:00:00+05:30,420.5961170232737,425.9394433738416,420.0236177714271,424.3936767578125,7347494,0.0,0.0
2015-10-20 00:00:00+05:30,424.7943508150995,431.2826742327605,423.8783428969395,429.7369079589844,8788310,0.0,0.0
2015-10-21 00:00:00+05:30,429.37437330932244,437.7137684862433,429.37437330932244,434.48870849609375,7278098,0.0,0.0
2015-10-23 00:00:00+05:30,435.7864127858814,440.06105487367756,429.4125603596674,438.8778991699219,6033362,0.0,0.0
2015-10-26 00:00:00+05:30,440.44261461116395,442.16011180852115,436.3015473533324,439.7365417480469,3195942,0.0,0.0
2015-10-27 00:00:00+05:30,438.9160325874838,440.8243631639511,436.664193189232,438.6870422363281,5263748,0.0,0.0
2015-10-28 00:00:00+05:30,436.81688294576463,441.96937566727433,434.71771924440884,440.1373596191406,5255472,0.0,0.0
2015-10-29 00:00:00+05:30,440.09920937284556,441.1678931830564,433.59182974848534,437.0268249511719,5887324,0.0,0.0
2015-10-30 00:00:00+05:30,437.0077539566823,437.0077539566823,431.28276154676945,433.3628234863281,4044676,0.0,0.0
2015-11-02 00:00:00+05:30,431.2827419203414,433.4964241874791,425.2142409239721,431.74072265625,3544988,0.0,0.0
2015-11-03 00:00:00+05:30,432.580396556382,439.08777605107076,432.580396556382,437.19854736328125,3614682,0.0,0.0
2015-11-04 00:00:00+05:30,438.95418305825524,441.816678878464,432.16055426568727,433.8780517578125,3205572,0.0,0.0
2015-11-05 00:00:00+05:30,436.2252223180229,437.0076564087674,427.23701419485275,428.5728454589844,2345306,0.0,0.0
2015-11-06 00:00:00+05:30,428.61102116428674,436.587851802283,428.57286387312007,434.4505310058594,3026172,0.0,0.0
2015-11-09 00:00:00+05:30,427.4660145634426,435.0993362520755,425.6339987221314,433.038330078125,6125676,0.0,0.0
2015-11-10 00:00:00+05:30,430.32847445337086,430.32847445337086,419.8708152905428,421.30206298828125,4680052,0.0,0.0
2015-11-13 00:00:00+05:30,419.8136690543733,422.12276793090604,416.0161094436597,420.13812255859375,3520868,0.0,0.0
2015-11-16 00:00:00+05:30,413.59244116312755,417.54267562270894,407.3140064321106,412.2756652832031,6808334,0.0,0.0
2015-11-17 00:00:00+05:30,412.19940343669043,413.3062444861612,401.51275223647997,405.1385803222656,7184106,0.0,0.0
2015-11-18 00:00:00+05:30,397.31439576990465,398.89831934579666,385.9598297044343,389.2994079589844,10125252,0.0,0.0
2015-11-19 00:00:00+05:30,393.2115008085789,401.51273851067697,390.74974979653285,399.9097595214844,8539622,0.0,0.0
2015-11-20 00:00:00+05:30,399.986125927518,405.7874327820273,397.71523096693005,401.66546630859375,6082978,0.0,0.0
2015-11-23 00:00:00+05:30,400.7494140925936,405.4820831579931,396.1694207886783,402.16156005859375,5616350,0.0,0.0
2015-11-24 00:00:00+05:30,400.7494092870984,401.05476080640494,395.78774993402,397.3716735839844,4325802,0.0,0.0
2015-11-26 00:00:00+05:30,397.2953609290814,404.3752866605013,396.95189866554165,401.66546630859375,9853968,0.0,0.0
2015-11-27 00:00:00+05:30,403.8027517821167,408.38274518607267,398.8410922611644,406.9896545410156,5142478,0.0,0.0
2015-11-30 00:00:00+05:30,408.3827664415377,419.1839367507529,403.1157551168106,415.214599609375,18105534,0.0,0.0
2015-12-01 00:00:00+05:30,415.2526518332947,417.9243141153104,409.50855929092387,411.8176574707031,5898550,0.0,0.0
2015-12-02 00:00:00+05:30,412.18035614497944,412.18035614497944,404.18446862642065,404.8332824707031,6397616,0.0,0.0
2015-12-03 00:00:00+05:30,404.9477206982779,406.3980704734819,400.3868295677346,403.7073059082031,5504726,0.0,0.0
2015-12-04 00:00:00+05:30,400.3677693953956,406.436270165644,396.9709315286437,400.3868713378906,8375530,0.0,0.0
2015-12-07 00:00:00+05:30,402.7722117130617,404.18435749887993,396.9327023596177,399.318115234375,4513870,0.0,0.0
2015-12-08 00:00:00+05:30,398.8601528151997,405.6156237490102,396.66557287019214,398.612060546875,5724372,0.0,0.0
2015-12-09 00:00:00+05:30,398.077754233817,399.58531673797165,390.2726775958217,392.4290771484375,6818254,0.0,0.0
2015-12-10 00:00:00+05:30,395.6350353404735,401.3600263397764,393.2305670748239,399.7379455566406,5587746,0.0,0.0
2015-12-11 00:00:00+05:30,402.27606539619865,405.291236874209,399.1845793349878,401.8180847167969,5390198,0.0,0.0
2015-12-14 00:00:00+05:30,400.5586324141593,409.58504635971275,400.00523512166427,408.19195556640625,4816672,0.0,0.0
2015-12-15 00:00:00+05:30,409.6230995299803,411.85583666642236,404.10804359046915,411.2642822265625,5431808,0.0,0.0
2015-12-16 00:00:00+05:30,413.4971154099744,419.06943187092907,413.4971154099744,418.24884033203125,5495852,0.0,0.0
2015-12-17 00:00:00+05:30,419.83278208182867,423.57312914005547,415.2527880954815,422.5426025390625,4958782,0.0,0.0
2015-12-18 00:00:00+05:30,421.130380301767,421.130380301767,411.98944933423905,413.4016418457031,7219820,0.0,0.0
2015-12-21 00:00:00+05:30,411.0544543192947,422.65711490129627,406.83702461525894,421.1495056152344,4331012,0.0,0.0
2015-12-22 00:00:00+05:30,418.85948371412843,418.85948371412843,412.23758555046413,413.63067626953125,4109254,0.0,0.0
2015-12-23 00:00:00+05:30,417.9434387746517,420.78683229333956,414.8901102863554,420.1570739746094,2870928,0.0,0.0
2015-12-24 00:00:00+05:30,420.6151917181876,421.53115318971487,416.054253353225,418.4396667480469,1230054,0.0,0.0
2015-12-28 00:00:00+05:30,416.0161150491839,423.64943826109555,416.0161150491839,421.64569091796875,5526952,0.0,0.0
2015-12-29 00:00:00+05:30,420.3097964579386,423.6493748633933,418.8022339852307,421.62652587890625,3345062,0.0,0.0
2015-12-30 00:00:00+05:30,420.25257373934414,422.35173749087943,413.34442598413074,414.60394287109375,5153970,0.0,0.0
2015-12-31 00:00:00+05:30,416.0733896639952,423.630351968931,414.8711318956777,421.893798828125,7943938,0.0,0.0
2016-01-01 00:00:00+05:30,419.8327700225133,423.2486634698356,417.23742153542236,421.8365173339844,1806550,0.0,0.0
2016-01-04 00:00:00+05:30,419.8136462322499,420.76781156901126,410.69186288489414,411.77960205078125,3975362,0.0,0.0
2016-01-05 00:00:00+05:30,414.2985864086837,414.2985864086837,405.424848837056,409.92852783203125,4949786,0.0,0.0
2016-01-06 00:00:00+05:30,410.1574925645301,410.1574925645301,404.14625135936325,408.1346435546875,5588328,0.0,0.0
2016-01-07 00:00:00+05:30,404.5852214623395,407.5812914256601,399.94796841587197,401.0548095703125,5294088,0.0,0.0
2016-01-08 00:00:00+05:30,405.1386353411046,407.3904750392605,402.8486383443579,405.8256530761719,3156716,0.0,0.0
2016-01-11 00:00:00+05:30,403.1539331797645,408.3636383421449,401.5509075535615,402.9248962402344,5360622,0.0,0.0
2016-01-12 00:00:00+05:30,405.3294114535314,405.6919756243466,393.44050273176583,400.7303161621094,6565212,0.0,0.0
2016-01-13 00:00:00+05:30,403.4211055272702,416.3977541440414,400.0242676007415,413.4971008300781,8751294,0.0,0.0
2016-01-14 00:00:00+05:30,406.85607441483825,440.8243583012553,402.40965490269707,432.4277038574219,30227006,0.0,0.0
2016-01-15 00:00:00+05:30,438.1527045068564,444.259362409391,434.1643122003045,435.06121826171875,13036614,0.0,0.0
2016-01-18 00:00:00+05:30,435.0612638414657,443.53423393287295,430.65300107019533,432.0079345703125,10066612,0.0,0.0
2016-01-19 00:00:00+05:30,433.1910634657428,442.331948768031,430.72933552966646,434.9658203125,7500436,0.0,0.0
2016-01-20 00:00:00+05:30,432.8093271517036,442.73264505818,426.32100390516126,427.9430847167969,7507998,0.0,0.0
2016-01-21 00:00:00+05:30,433.19101558029587,436.053511277963,428.22935637100613,433.97344970703125,6743000,0.0,0.0
2016-01-22 00:00:00+05:30,438.19082462767955,439.87016472643353,431.6643438660272,433.6680908203125,6436018,0.0,0.0
2016-01-25 00:00:00+05:30,435.1947455808059,437.7137323784043,429.2026067902992,434.2024230957031,4579262,0.0,0.0
2016-01-27 00:00:00+05:30,437.5610516013534,438.7633090516488,433.1909936930875,434.5268249511719,6971962,0.0,0.0
2016-01-28 00:00:00+05:30,433.5727692422574,436.09175664694595,429.83242213915923,431.1300964355469,7788598,0.0,0.0
2016-01-29 00:00:00+05:30,434.3359871321609,446.5493013573183,431.8933149691101,444.6028137207031,10232108,0.0,0.0
2016-02-01 00:00:00+05:30,446.54943054486733,450.32793504442276,443.3434253152412,447.8280029296875,4251126,0.0,0.0
2016-02-02 00:00:00+05:30,449.1638321690292,454.1827517267203,444.2594311007584,448.6676940917969,7632702,0.0,0.0
2016-02-03 00:00:00+05:30,445.7098467042693,448.80133388166695,439.96575124648376,441.85498046875,5245966,0.0,0.0
2016-02-04 00:00:00+05:30,442.75182554051895,456.0719365904609,442.75182554051895,450.2706298828125,5549346,0.0,0.0
2016-02-05 00:00:00+05:30,448.6484300813601,452.9040157459607,447.25533971715106,448.34307861328125,3984224,0.0,0.0
2016-02-08 00:00:00+05:30,444.16405540462364,447.3891162686159,436.5498330908756,439.22149658203125,4221044,0.0,0.0
2016-02-09 00:00:00+05:30,430.63391742276656,430.63391742276656,417.35191732986226,422.75250244140625,7579572,0.0,0.0
2016-02-10 00:00:00+05:30,422.88613429748926,430.3286249281761,421.741135738922,423.0960693359375,5866054,0.0,0.0
2016-02-11 00:00:00+05:30,424.03103193293214,424.7943641236305,408.8216473512875,411.68414306640625,5214378,0.0,0.0
2016-02-12 00:00:00+05:30,417.8098372261213,421.5120261392215,407.2377054945876,413.97412109375,7408096,0.0,0.0
2016-02-15 00:00:00+05:30,418.4014880348732,419.9090505871902,414.71840062377476,416.6839904785156,5093478,0.0,0.0
2016-02-16 00:00:00+05:30,414.8710389646528,417.0656189775753,409.7948613422013,411.8749694824219,5125448,0.0,0.0
2016-02-17 00:00:00+05:30,412.8673307018657,420.977735857784,411.05441660818985,419.01214599609375,4164598,0.0,0.0
2016-02-18 00:00:00+05:30,419.8327960566313,430.1377828689304,419.8327960566313,428.7637939453125,4189072,0.0,0.0
2016-02-19 00:00:00+05:30,427.1607535478875,432.88574602712174,425.1188488816489,430.2331848144531,3974018,0.0,0.0
2016-02-22 00:00:00+05:30,431.6642968153155,432.7901930118203,425.19507598979703,430.0040588378906,3857010,0.0,0.0
2016-02-23 00:00:00+05:30,431.3780991673825,432.23684787176353,425.95845931355103,428.95452880859375,2501960,0.0,0.0
2016-02-24 00:00:00+05:30,427.2751972124123,436.5306000997736,426.83627188117725,429.5079345703125,4950714,0.0,0.0
2016-02-25 00:00:00+05:30,429.5270342360625,431.51167930143885,420.25252945686606,423.7638854980469,4484528,0.0,0.0
2016-02-26 00:00:00+05:30,427.5232716616128,432.04600542154844,425.93934810110255,427.9049377441406,4235636,0.0,0.0
2016-02-29 00:00:00+05:30,431.0917894416982,431.43529819353483,407.73384657810533,413.7450866699219,8166076,0.0,0.0
2016-03-01 00:00:00+05:30,417.84802349216886,431.3971686989579,417.84802349216886,429.5460510253906,6386154,0.0,0.0
2016-03-02 00:00:00+05:30,433.9734700049071,444.06852000147416,429.3743747328392,441.2060241699219,7214898,0.0,0.0
2016-03-03 00:00:00+05:30,445.7860114714561,455.27040488037574,440.44268599149,446.2821960449219,5814304,0.0,0.0
2016-03-04 00:00:00+05:30,448.68668350098346,452.2743543641713,442.38919249084944,446.7974548339844,4281680,0.0,0.0
2016-03-08 00:00:00+05:30,443.8776463432624,454.3734634322046,437.923664876282,444.04937744140625,7617746,0.0,0.0
2016-03-09 00:00:00+05:30,437.0077328202479,451.7972958305401,436.22529859269355,449.7935485839844,6305782,0.0,0.0
2016-03-10 00:00:00+05:30,443.8394946808008,443.8394946808008,434.85123984191233,436.0534973144531,24381016,0.0,0.0
2016-03-11 00:00:00+05:30,437.46563653444525,441.1868807657419,434.41230793440695,436.24432373046875,4058548,0.0,0.0
2016-03-14 00:00:00+05:30,437.3894197702143,440.53816559316743,434.52692356752965,435.5574035644531,4174262,0.0,0.0
2016-03-15 00:00:00+05:30,436.62602139996693,440.6335154775016,430.88192791946045,432.9620361328125,6720258,0.0,0.0
2016-03-16 00:00:00+05:30,435.8245853316725,440.82440257094953,431.8743500032787,439.85113525390625,5588850,0.0,0.0
2016-03-17 00:00:00+05:30,441.54950253840207,446.4539024068998,440.4617635154432,443.40057373046875,6474622,0.0,0.0
2016-03-18 00:00:00+05:30,443.8013135182808,457.6176062640256,443.49596203402643,455.48028564453125,8477422,0.0,0.0
2016-03-21 00:00:00+05:30,453.4192902146278,457.61761697587434,450.3850636004927,456.05279541015625,5138392,0.0,0.0
2016-03-22 00:00:00+05:30,454.6596977016989,455.709279375302,447.3126259864773,454.16351318359375,7097950,0.0,0.0
2016-03-23 00:00:00+05:30,454.1827335804925,462.08320451177394,451.16756157735676,460.9764099121094,6333176,0.0,0.0
2016-03-28 00:00:00+05:30,470.3653873251642,472.12104235218715,456.3773131710815,459.86956787109375,10787510,0.0,0.0
2016-03-29 00:00:00+05:30,457.6176837850249,465.2128489890522,454.77428979037524,456.94976806640625,6995356,0.0,0.0
2016-03-30 00:00:00+05:30,457.08330010298056,461.81596893738345,456.30091257247653,460.27020263671875,5756818,0.0,0.0
2016-03-31 00:00:00+05:30,461.91136464368753,469.4111122928355,458.11380585505805,464.9837951660156,17996320,0.0,0.0
2016-04-01 00:00:00+05:30,464.10594137991865,466.4722523792053,456.12911119443197,460.079345703125,5511428,0.0,0.0
2016-04-04 00:00:00+05:30,463.1709945029369,476.31937528893184,463.1709945029369,474.6781921386719,4577054,0.0,0.0
2016-04-05 00:00:00+05:30,474.0292111604164,474.1437296059122,463.34256227757294,465.5562438964844,4790716,0.0,0.0
2016-04-06 00:00:00+05:30,468.6860453507445,468.6860453507445,456.4727282080541,458.26654052734375,4931354,0.0,0.0
2016-04-07 00:00:00+05:30,461.20539713896875,461.20539713896875,448.45773807482044,450.9385681152344,5657890,0.0,0.0
2016-04-08 00:00:00+05:30,448.78206429925314,449.41182266814553,443.51510019146934,444.92724609375,4195578,0.0,0.0
2016-04-11 00:00:00+05:30,444.94643544609113,452.94232299650395,439.3359148456823,451.8545837402344,5768678,0.0,0.0
2016-04-12 00:00:00+05:30,450.5568137323841,456.05281467915967,449.8316388522369,451.20562744140625,5842138,0.0,0.0
2016-04-13 00:00:00+05:30,456.07178064838473,456.07178064838473,445.1561420652063,447.5797119140625,12511386,0.0,0.0
2016-04-18 00:00:00+05:30,477.0825593278298,483.9143908954231,470.7850695447025,472.76971435546875,25015990,0.0,0.0
2016-04-20 00:00:00+05:30,474.7926598990083,475.72772327000285,467.846355054212,474.6399841308594,8072848,0.0,0.0
2016-04-21 00:00:00+05:30,477.4643047128914,477.4643047128914,464.90748034686624,468.03717041015625,5441100,0.0,0.0
2016-04-22 00:00:00+05:30,468.03712280572876,468.8767695282266,460.67094897889257,462.29302978515625,5143938,0.0,0.0
2016-04-25 00:00:00+05:30,462.5984332894282,467.4646762553378,458.4191613764094,464.0487365722656,5364134,0.0,0.0
2016-04-26 00:00:00+05:30,463.8960756997932,473.0942666380026,461.2816720463215,470.2699279785156,5846744,0.0,0.0
2016-04-27 00:00:00+05:30,469.1439400229598,474.16285843336965,468.8958943360995,473.3232116699219,4486208,0.0,0.0
2016-04-28 00:00:00+05:30,469.83094110086085,473.1132600472341,460.67095524674176,461.4915466308594,12165168,0.0,0.0
2016-04-29 00:00:00+05:30,462.3693312645101,466.98752787770377,459.9076038054898,461.09075927734375,5036410,0.0,0.0
2016-05-02 00:00:00+05:30,461.81603987884137,462.25496526782183,456.5299730379188,458.400146484375,3615250,0.0,0.0
2016-05-03 00:00:00+05:30,459.04898041288743,462.6557070397016,447.2364312303658,449.52642822265625,6824810,0.0,0.0
2016-05-04 00:00:00+05:30,450.74761362981786,455.32760631699637,446.79737925514536,453.7436828613281,5812842,0.0,0.0
2016-05-05 00:00:00+05:30,456.14817151327776,457.61757643150725,450.7857450800243,455.1176452636719,6302668,0.0,0.0
2016-05-06 00:00:00+05:30,454.10641587980587,454.10641587980587,449.24017233899394,450.9385681152344,2596720,0.0,0.0
2016-05-09 00:00:00+05:30,451.12938388726917,458.5909756662861,450.59504196565905,457.6368103027344,5123678,0.0,0.0
2016-05-10 00:00:00+05:30,458.95355504356303,464.3541404978559,456.7017153931033,462.8847351074219,3395704,0.0,0.0
2016-05-11 00:00:00+05:30,457.42690250828923,463.6098757960125,455.1369054994868,458.7054748535156,3709888,0.0,0.0
2016-05-12 00:00:00+05:30,459.48788584944873,462.9610384854403,456.7780655110424,461.8160400390625,3406932,0.0,0.0
2016-05-13 00:00:00+05:30,460.2892138681986,461.81587792746296,455.0031488810138,460.76629638671875,5652064,0.0,0.0
2016-05-16 00:00:00+05:30,461.89237950306244,467.0258174347932,459.9077340585214,463.7243957519531,4533878,0.0,0.0
2016-05-17 00:00:00+05:30,465.6326293316991,467.82720934699194,461.1098954877675,463.43804931640625,3796294,0.0,0.0
2016-05-18 00:00:00+05:30,457.61766010422065,463.3426516818381,457.19783670654886,461.75872802734375,4256596,0.0,0.0
2016-05-19 00:00:00+05:30,462.1786457600928,464.1633378661553,458.38108587452865,460.1940002441406,3954400,0.0,0.0
2016-05-20 00:00:00+05:30,459.90762883086285,465.4417870201139,457.99929842077626,458.6099548339844,3994548,0.0,0.0
2016-05-23 00:00:00+05:30,459.2969785834277,459.9648942359243,452.27431326201463,453.4193115234375,4585946,0.0,0.0
2016-05-24 00:00:00+05:30,454.5834609517936,454.8506086056821,449.45002356979234,453.3239440917969,3485060,0.0,0.0
2016-05-25 00:00:00+05:30,455.74749022521974,462.9991462769085,455.74749022521974,461.3007507324219,3857396,0.0,0.0
2016-05-26 00:00:00+05:30,461.85420501069774,473.1897177722678,461.85420501069774,471.0332946777344,6136436,0.0,0.0
2016-05-27 00:00:00+05:30,470.05997845048535,480.70847238911415,470.05997845048535,476.12847900390625,6180764,0.0,0.0
2016-05-30 00:00:00+05:30,473.8383913403265,485.47920562617423,473.8383913403265,483.79986572265625,5285700,0.0,0.0
2016-05-31 00:00:00+05:30,482.80767603410754,483.47559179146697,472.8843562104816,476.56744384765625,13782038,0.0,0.0
2016-06-01 00:00:00+05:30,475.57507431570593,484.1434598368088,475.55597237419295,480.2122802734375,4840534,0.0,0.0
2016-06-02 00:00:00+05:30,478.9909133554815,486.5860773952331,478.6092472890628,481.4908447265625,5053552,0.0,0.0
2016-06-03 00:00:00+05:30,480.91846355361014,488.2655371337563,480.91846355361014,483.5328674316406,3998380,0.0,0.0
2016-06-06 00:00:00+05:30,482.76939099996497,487.38754083946986,481.31904138883755,483.4754638671875,4225768,0.0,0.0
2016-06-07 00:00:00+05:30,483.5709370580667,485.67010055752945,479.029101259391,479.9069519042969,5692420,0.0,0.0
2016-06-08 00:00:00+05:30,482.4067370194896,482.4067370194896,471.49109839910165,472.5406799316406,8741370,0.0,0.0
2016-06-09 00:00:00+05:30,473.4675069782413,473.4675069782413,455.6292393298302,457.7335205078125,12740804,7.125,0.0
2016-06-10 00:00:00+05:30,453.8337687806983,459.4709661659674,451.7873666329795,455.8415222167969,6383956,0.0,0.0
2016-06-13 00:00:00+05:30,454.3743555783319,457.50183776251913,450.20434791103065,455.9573974609375,5286722,0.0,0.0
2016-06-14 00:00:00+05:30,456.5365451645471,456.5365451645471,450.6869683188581,453.6793212890625,2940728,0.0,0.0
2016-06-15 00:00:00+05:30,457.0385025696701,460.4942162143725,455.2431283262406,459.4516906738281,6711572,0.0,0.0
2016-06-16 00:00:00+05:30,459.27802126081957,459.27802126081957,451.7874749595987,457.9266357421875,5302564,0.0,0.0
2016-06-17 00:00:00+05:30,459.0848545981646,460.53276730190146,453.717915416465,455.41680908203125,8515082,0.0,0.0
2016-06-20 00:00:00+05:30,455.99595665759114,467.8881647274314,455.49399475320297,466.71051025390625,6229566,0.0,0.0
2016-06-21 00:00:00+05:30,467.65646870194183,469.0465025731247,461.6524857682433,465.68731689453125,4761724,0.0,0.0
2016-06-22 00:00:00+05:30,464.87647217102176,467.94602803041806,458.7566376740222,463.13897705078125,3031258,0.0,0.0
2016-06-23 00:00:00+05:30,462.28962813130255,469.06583190957986,460.7644650011335,467.81097412109375,3828626,0.0,0.0
2016-06-24 00:00:00+05:30,458.6987434999899,462.94595408795277,447.88766200335715,461.227783203125,7808348,0.0,0.0
2016-06-27 00:00:00+05:30,452.5403981848186,456.84548844219074,447.8877522502201,450.2816162109375,5583778,0.0,0.0
2016-06-28 00:00:00+05:30,448.96897356617956,452.71422377120643,445.99589665290165,447.5596618652344,7655974,0.0,0.0
2016-06-29 00:00:00+05:30,451.3626914852623,455.57130085804783,447.9649038682698,454.3936462402344,5459150,0.0,0.0
2016-06-30 00:00:00+05:30,455.80301927215737,457.34745982877627,450.9573181727314,452.0577697753906,9346224,0.0,0.0
2016-07-01 00:00:00+05:30,455.6099033131094,455.6099033131094,451.7874040198141,452.67547607421875,3991912,0.0,0.0
2016-07-04 00:00:00+05:30,454.1426566495352,461.24709153876734,454.1426566495352,457.135009765625,5381322,0.0,0.0
2016-07-05 00:00:00+05:30,457.5404278416905,458.50570300591346,452.1542112783568,453.8530578613281,3596416,0.0,0.0
2016-07-07 00:00:00+05:30,451.2469004894223,452.1349726619461,445.95721043940887,446.8259582519531,5954876,0.0,0.0
2016-07-08 00:00:00+05:30,449.0459739877027,450.5904141389932,445.37792862838785,447.192626953125,5551648,0.0,0.0
2016-07-11 00:00:00+05:30,450.74491788806927,455.1079335228752,447.88769386277386,453.69866943359375,6668882,0.0,0.0
2016-07-12 00:00:00+05:30,455.6098929499793,455.74502205103363,450.9765720047253,454.27783203125,6197368,0.0,0.0
2016-07-13 00:00:00+05:30,455.60989446409417,461.7104525819836,453.7565472268022,460.938232421875,5275420,0.0,0.0
2016-07-14 00:00:00+05:30,461.40158239966627,461.8070168690335,449.4321689650306,454.1620178222656,7413328,0.0,0.0
2016-07-15 00:00:00+05:30,459.27796328216675,459.43241674845825,406.1878246093648,414.1224060058594,61484126,0.0,0.0
2016-07-18 00:00:00+05:30,415.937041164476,418.89079240107026,407.4040186952052,417.7517395019531,14332824,0.0,0.0
2016-07-19 00:00:00+05:30,420.31943360288096,420.859997154182,414.72083731046297,419.6823425292969,10404644,0.0,0.0
2016-07-20 00:00:00+05:30,413.1378588161174,420.8214601963176,413.1378588161174,418.1958923339844,9822896,0.0,0.0
2016-07-21 00:00:00+05:30,416.61278812249896,419.7788720151618,415.30000438679264,416.9602966308594,8668002,0.0,0.0
2016-07-22 00:00:00+05:30,413.137789382745,416.9602886362599,411.86360725404717,414.083740234375,9386538,0.0,0.0
2016-07-25 00:00:00+05:30,410.4350916495818,418.25382222898355,410.4350916495818,417.3271484375,8469552,0.0,0.0
2016-07-26 00:00:00+05:30,413.27292156737,420.8213926098074,413.27292156737,420.3580322265625,7189610,0.0,0.0
2016-07-27 00:00:00+05:30,418.8135637119298,423.36968127821405,416.43902454625214,419.0645446777344,7431820,0.0,0.0
2016-07-28 00:00:00+05:30,419.08384808751384,419.68229037174774,414.70150854700955,416.0335693359375,11258562,0.0,0.0
2016-07-29 00:00:00+05:30,414.1416604978983,415.7440267491261,411.78639844712603,414.6242980957031,8156784,0.0,0.0
2016-08-01 00:00:00+05:30,413.7169567812041,420.02984725517615,412.5007005848696,419.0259704589844,9096662,0.0,0.0
2016-08-02 00:00:00+05:30,416.9602259272931,418.92937763065567,415.0682773759952,418.466064453125,6822502,0.0,0.0
2016-08-03 00:00:00+05:30,419.18042118540046,419.50860532955215,413.25364083574624,418.8908386230469,7213460,0.0,0.0
2016-08-04 00:00:00+05:30,419.46999181641013,419.6630468524879,413.15710156318073,413.8327941894531,4237278,0.0,0.0
2016-08-05 00:00:00+05:30,413.9099491419417,414.46978982833076,409.2766288157259,412.3655090332031,5609968,0.0,0.0
2016-08-08 00:00:00+05:30,412.75169910521,417.38502032996445,410.2613077999368,416.4969482421875,4643064,0.0,0.0
2016-08-09 00:00:00+05:30,415.84059238916296,418.73641824145517,413.71698676414866,418.31170654296875,7192664,0.0,0.0
2016-08-10 00:00:00+05:30,415.4544603343938,420.0491798705559,415.14555340676384,417.90625,5576454,0.0,0.0
2016-08-11 00:00:00+05:30,417.6552162395433,422.79049868389313,415.16482530580464,415.97564697265625,5038552,0.0,0.0
2016-08-12 00:00:00+05:30,415.0876984645747,416.53561139750184,409.27672237406097,410.2613220214844,7449928,0.0,0.0
2016-08-16 00:00:00+05:30,402.3266981154193,408.5237836716676,396.92115706588385,406.110595703125,16429408,0.0,0.0
2016-08-17 00:00:00+05:30,405.3961928459807,406.43871816975104,397.8863718804025,398.9674987792969,6599316,0.0,0.0
2016-08-18 00:00:00+05:30,400.2031133833264,401.2069902035993,394.41146195954457,395.14508056640625,8434000,0.0,0.0
2016-08-19 00:00:00+05:30,397.6934217750468,401.16841283910054,393.23385462276934,394.3342590332031,5686016,0.0,0.0
2016-08-22 00:00:00+05:30,393.0600765167893,397.6933976545117,389.62368724646245,392.07550048828125,10253518,0.0,0.0
2016-08-23 00:00:00+05:30,393.8708713507191,402.3266912752458,393.8708713507191,401.4193420410156,7406138,0.0,0.0
2016-08-24 00:00:00+05:30,404.25727270177015,410.0682485310789,404.25727270177015,408.2728271484375,6129966,0.0,0.0
2016-08-25 00:00:00+05:30,407.34609704292143,408.3499737323418,398.5041675952854,400.06793212890625,4796562,0.0,0.0
2016-08-26 00:00:00+05:30,400.01003614788806,403.8711368829063,392.6932455417708,393.9288024902344,6881054,0.0,0.0
2016-08-29 00:00:00+05:30,392.90558359108206,397.693357712387,390.3572666477896,394.9133605957031,5220282,0.0,0.0
2016-08-30 00:00:00+05:30,398.6394108792164,403.48511217996287,395.76290907604016,401.7090148925781,4375438,0.0,0.0
2016-08-31 00:00:00+05:30,400.4347555211026,403.77461714778883,396.84396004786504,399.9521179199219,11139814,0.0,0.0
2016-09-01 00:00:00+05:30,400.7822511856426,401.728202000632,398.4655907741649,400.6085205078125,2877826,0.0,0.0
2016-09-02 00:00:00+05:30,401.18770523548073,401.55449096554264,396.22615290546827,398.4076843261719,3332592,0.0,0.0
2016-09-06 00:00:00+05:30,400.8787426232151,404.99082391001104,399.8555416070531,403.4849853515625,8215044,0.0,0.0
2016-09-07 00:00:00+05:30,404.6433945585595,408.89060576098717,403.0989541213131,407.0951843261719,7425470,0.0,0.0
2016-09-08 00:00:00+05:30,403.4850248440402,403.4850248440402,395.3767133399973,400.6471252441406,9092774,0.0,0.0
2016-09-09 00:00:00+05:30,400.3961512014406,401.9405915146574,396.3613197361931,399.8169860839844,5053438,0.0,0.0
2016-09-12 00:00:00+05:30,395.8594166069827,408.50452355053665,395.8594166069827,406.9600830078125,6203096,0.0,0.0
2016-09-14 00:00:00+05:30,406.94074594562824,408.4273076276662,401.80550958091413,403.71673583984375,5152418,0.0,0.0
2016-09-15 00:00:00+05:30,403.71671444133494,404.1800748446798,399.7590858839081,402.4039306640625,4701722,0.0,0.0
2016-09-16 00:00:00+05:30,405.02948827306346,411.014194725144,400.820878825407,409.3346252441406,9949384,0.0,0.0
2016-09-19 00:00:00+05:30,403.8711359832516,412.71306607326267,402.0757147189521,409.739990234375,5809154,0.0,0.0
2016-09-20 00:00:00+05:30,406.6897363139953,408.17625058654494,403.7745865705921,405.4734802246094,4214004,0.0,0.0
2016-09-21 00:00:00+05:30,406.9600495056832,409.7593477589243,405.82104355222435,407.6357421875,4231532,0.0,0.0
2016-09-22 00:00:00+05:30,408.8905576519336,409.6627777796993,406.18778720475365,408.8133544921875,3629514,0.0,0.0
2016-09-23 00:00:00+05:30,408.11839590331795,408.81341297075596,401.55452387838284,402.53912353515625,5205294,0.0,0.0
2016-09-26 00:00:00+05:30,402.6162186915699,403.09885621097953,398.0794260091187,399.97137451171875,6371798,0.0,0.0
2016-09-27 00:00:00+05:30,399.6432482946174,405.37697342895177,398.9868328936271,401.45794677734375,6525660,0.0,0.0
2016-09-28 00:00:00+05:30,401.5545128360943,402.44258493866835,398.9482696037447,401.1490783691406,5434708,0.0,0.0
2016-09-29 00:00:00+05:30,403.46572496374824,403.46572496374824,395.37673732559733,397.3844909667969,8902638,0.0,0.0
2016-09-30 00:00:00+05:30,398.1180847791716,403.06031254097246,398.1180847791716,400.02935791015625,6502354,0.0,0.0
2016-10-03 00:00:00+05:30,399.8169241596568,401.5544192429195,396.18748055921634,400.82080078125,3656160,0.0,0.0
2016-10-04 00:00:00+05:30,401.554495461688,405.9561599346109,400.89812715867674,405.106689453125,5066586,0.0,0.0
2016-10-05 00:00:00+05:30,405.1066344068048,405.3576153588807,400.39611078006857,402.13360595703125,2307574,0.0,0.0
2016-10-06 00:00:00+05:30,403.4850733283265,403.4850733283265,396.1296567270593,396.6895446777344,3721882,0.0,0.0
2016-10-07 00:00:00+05:30,397.67405063886036,399.1606121252453,390.0097751200736,390.95574951171875,6288558,0.0,0.0
2016-10-10 00:00:00+05:30,392.6739051360913,398.36902814568555,389.97113489425,397.67401123046875,5413170,0.0,0.0
2016-10-13 00:00:00+05:30,394.37290801854704,408.5045297732207,394.37290801854704,406.322998046875,9778690,0.0,0.0
2016-10-14 00:00:00+05:30,406.53529056258486,418.0413420416632,384.6621462929143,396.59295654296875,33461690,0.0,0.0
2016-10-17 00:00:00+05:30,399.60462560047586,402.24951746809995,392.8090973272173,394.75897216796875,8014858,0.0,0.0
2016-10-18 00:00:00+05:30,397.69336815361277,401.7475238483826,396.65088982798824,401.18768310546875,6388134,0.0,0.0
2016-10-19 00:00:00+05:30,402.3267148839301,403.7553033678182,400.01005433757354,402.24951171875,3509836,0.0,0.0
2016-10-20 00:00:00+05:30,403.3884990123921,405.6858350951102,399.1606125634985,400.2610168457031,3535490,0.0,0.0
2016-10-21 00:00:00+05:30,403.90984532353036,406.251351673232,399.03170709498534,405.19769287109375,3863620,5.5,0.0
2016-10-24 00:00:00+05:30,404.88549452917954,406.9147810850853,400.2024815804083,400.8268737792969,2902974,0.0,0.0
2016-10-25 00:00:00+05:30,404.4952817160647,405.43189392203834,396.18293770944086,396.96343994140625,5636014,0.0,0.0
2016-10-26 00:00:00+05:30,396.88536187161156,397.9975679598614,393.88042368950397,395.79266357421875,2775216,0.0,0.0
2016-10-27 00:00:00+05:30,397.2366301287049,397.25613792117,390.6803921658228,391.61700439453125,7227790,0.0,0.0
2016-10-28 00:00:00+05:30,392.280420488177,394.15362105214206,387.5778993770555,389.2754821777344,5840706,0.0,0.0
2016-11-01 00:00:00+05:30,392.90478846213875,392.90478846213875,384.94368060237906,386.1339416503906,6332798,0.0,0.0
2016-11-02 00:00:00+05:30,384.3192459443296,385.3729285888352,382.4460455868947,382.8558044433594,5377194,0.0,0.0
2016-11-03 00:00:00+05:30,382.8558404549211,383.2265837671795,376.63133058817425,377.31427001953125,5225108,0.0,0.0
2016-11-04 00:00:00+05:30,377.37274223351204,382.1338095156731,375.03123607694425,378.9337463378906,6005548,0.0,0.0
2016-11-07 00:00:00+05:30,384.3972918040886,384.78754286175774,380.49478122739737,381.6460266113281,4537672,0.0,0.0
2016-11-08 00:00:00+05:30,385.1387613710602,385.4704652278495,378.77765035611304,383.4606628417969,5261108,0.0,0.0
2016-11-09 00:00:00+05:30,362.9335290644985,380.3387188877187,351.6162469753905,373.9776306152344,12764158,0.0,0.0
2016-11-10 00:00:00+05:30,375.6166579386959,375.6166579386959,364.8847534261617,366.60186767578125,7287330,0.0,0.0
2016-11-11 00:00:00+05:30,366.83600117228826,368.7872564976728,358.52365824995724,359.6358642578125,7096782,0.0,0.0
2016-11-15 00:00:00+05:30,360.59199958655626,366.81650910513133,354.562615608883,360.4163818359375,9235850,0.0,0.0
2016-11-16 00:00:00+05:30,362.9335396640284,373.4117726525198,362.36767077923923,367.1872863769531,12222616,0.0,0.0
2016-11-17 00:00:00+05:30,364.59206024868445,370.34826350120585,361.52859889275317,362.8554382324219,5706730,0.0,0.0
2016-11-18 00:00:00+05:30,362.93354764192003,364.20186380303426,358.05540856071144,359.0310363769531,6040228,0.0,0.0
2016-11-21 00:00:00+05:30,361.7236941533051,361.7236941533051,353.9381812351317,355.5577087402344,7940568,0.0,0.0
2016-11-22 00:00:00+05:30,357.8212609112045,362.4067115642279,355.77244253432167,356.767578125,5483126,0.0,0.0
2016-11-23 00:00:00+05:30,359.85052555554574,360.1627454871078,356.08461677620255,359.1285705566406,8251786,0.0,0.0
2016-11-24 00:00:00+05:30,362.2310499031208,366.7969922107007,360.31881012213177,363.0505676269531,16780644,0.0,0.0
2016-11-25 00:00:00+05:30,363.10914907277083,384.39734230139067,363.10914907277083,381.470458984375,12631380,0.0,0.0
2016-11-28 00:00:00+05:30,382.17289298543915,383.79244455906564,378.7777036914384,382.3485107421875,7365712,0.0,0.0
2016-11-29 00:00:00+05:30,381.977758520439,384.28024945730664,377.41181604675677,379.5581970214844,6125506,0.0,0.0
2016-11-30 00:00:00+05:30,379.71436750891286,381.2753721029885,375.0508615203037,380.7095031738281,8500918,0.0,0.0
2016-12-01 00:00:00+05:30,380.88502230010454,383.8314129444595,377.37276287315683,380.7289123535156,4611590,0.0,0.0
2016-12-02 00:00:00+05:30,376.51425684559194,378.3874573634234,375.0703230105213,376.3971862792969,4453228,0.0,0.0
2016-12-05 00:00:00+05:30,376.94354028992916,377.997199185894,373.86054712733966,375.28497314453125,3659576,0.0,0.0
2016-12-06 00:00:00+05:30,375.34342773970985,382.25087558452293,375.2849043779002,377.1776123046875,3562110,0.0,0.0
2016-12-07 00:00:00+05:30,377.76300297003223,379.7142581506626,374.7190496520555,377.13861083984375,3385980,0.0,0.0
2016-12-08 00:00:00+05:30,378.5631221583206,384.8266483332273,378.5631221583206,384.26080322265625,5941662,0.0,0.0
2016-12-09 00:00:00+05:30,384.3973573229543,393.4316803754695,383.03147838830415,386.0949401855469,8648384,0.0,0.0
2016-12-12 00:00:00+05:30,383.5387996577769,383.5387996577769,376.6703894073907,381.41192626953125,5345020,0.0,0.0
2016-12-13 00:00:00+05:30,382.6411651704876,387.4607562444603,378.9727956708161,386.4266052246094,4854282,0.0,0.0
2016-12-14 00:00:00+05:30,386.7388368393368,392.18284440224477,384.04609474442503,390.1535339355469,5382614,0.0,0.0
2016-12-15 00:00:00+05:30,389.2364118834779,397.6463173570571,385.9582934930316,387.265625,7966416,0.0,0.0
2016-12-16 00:00:00+05:30,391.73398055642355,394.03647116930193,389.37296658025457,392.2608337402344,6436742,0.0,0.0
2016-12-19 00:00:00+05:30,392.6315798420325,393.47062914416637,387.9485671470362,392.06573486328125,4124134,0.0,0.0
2016-12-20 00:00:00+05:30,391.03161743431525,397.66588639278166,390.7584368898649,394.99267578125,7636498,0.0,0.0
2016-12-21 00:00:00+05:30,396.4951207524714,398.83662737108835,389.5681636723962,390.8559875488281,7343976,0.0,0.0
2016-12-22 00:00:00+05:30,391.2267695127942,392.9828996502581,378.3484818380588,384.2803039550781,7060054,0.0,0.0
2016-12-23 00:00:00+05:30,384.35826589008616,392.8266945585527,379.9484100017838,385.74365234375,7306036,0.0,0.0
2016-12-26 00:00:00+05:30,385.5679520806172,387.9094578624833,380.5337051219937,383.5191345214844,3213828,0.0,0.0
2016-12-27 00:00:00+05:30,383.5192365372406,390.99255400653675,382.446046101751,389.84130859375,4912816,0.0,0.0
2016-12-28 00:00:00+05:30,391.40233255053124,394.07554296941373,388.29983164443934,389.66571044921875,5476816,0.0,0.0
2016-12-29 00:00:00+05:30,391.71449655574366,393.37306353991494,385.626589623811,387.265625,6240124,0.0,0.0
2016-12-30 00:00:00+05:30,389.47057182562526,394.93408686125525,387.421753687264,394.3877258300781,7267768,0.0,0.0
2017-01-02 00:00:00+05:30,394.5828389864292,395.3048177420483,389.99738901111516,390.6803283691406,2335222,0.0,0.0
2017-01-03 00:00:00+05:30,391.8510866180053,392.1633065266506,383.2265475699612,387.85101318359375,6778482,0.0,0.0
2017-01-04 00:00:00+05:30,388.3193945441198,391.89020202527314,387.22669610903097,389.3730773925781,7073586,0.0,0.0
2017-01-05 00:00:00+05:30,390.87553742984153,393.9585310039469,385.86081974259787,388.7486877441406,8207074,0.0,0.0
2017-01-06 00:00:00+05:30,388.2608277759996,389.80230056123764,377.782571480387,379.421630859375,14393448,0.0,0.0
2017-01-09 00:00:00+05:30,379.4216318811031,381.2558168144566,376.5923114068033,378.6801452636719,10545692,0.0,0.0
2017-01-10 00:00:00+05:30,381.2753336463858,382.83633808301374,377.7435658723224,378.7582092285156,11939854,0.0,0.0
2017-01-11 00:00:00+05:30,380.18264730587316,381.8412145721468,376.1825733107426,378.1923522949219,12241574,0.0,0.0
2017-01-12 00:00:00+05:30,381.48994980480893,391.9682059050051,381.48994980480893,390.2705993652344,11855740,0.0,0.0
2017-01-13 00:00:00+05:30,401.9585883527682,405.86109891929993,375.6946970038165,380.8069763183594,31276246,0.0,0.0
2017-01-16 00:00:00+05:30,376.59225815063445,376.76787588456324,371.69461230325936,372.94342041015625,12351372,0.0,0.0
2017-01-17 00:00:00+05:30,373.17762066101955,376.2020667369651,371.6751634283261,372.8459167480469,5560094,0.0,0.0
2017-01-18 00:00:00+05:30,373.8995790724453,375.03131681939044,370.66049962230807,371.0507507324219,5952962,0.0,0.0
2017-01-19 00:00:00+05:30,371.12873280539395,374.48488216540056,369.99699528079276,373.8995056152344,8876480,0.0,0.0
2017-01-20 00:00:00+05:30,370.7385228076995,371.9678232267287,369.17751850114075,370.231201171875,9124742,0.0,0.0
2017-01-23 00:00:00+05:30,368.78726775393,373.8605317547777,366.8360123689886,371.7922058105469,7948580,0.0,0.0
2017-01-24 00:00:00+05:30,370.738514103927,370.738514103927,366.87501900828266,369.00189208984375,6826010,0.0,0.0
2017-01-25 00:00:00+05:30,369.2165405666363,369.4897210888897,364.80670808695436,365.5091552734375,9978090,0.0,0.0
2017-01-27 00:00:00+05:30,364.43594594739795,369.7823902785954,351.6747552322847,367.675048828125,10635138,0.0,0.0
2017-01-30 00:00:00+05:30,365.86036724925503,371.3238820668439,362.48468606648817,370.4848327636719,11369208,0.0,0.0
2017-01-31 00:00:00+05:30,367.42142543384847,367.42142543384847,352.92358695788766,362.3871765136719,24068534,0.0,0.0
2017-02-01 00:00:00+05:30,359.460247404595,360.2797889347062,353.23576195643693,357.7626647949219,11531782,0.0,0.0
2017-02-02 00:00:00+05:30,357.86023754994363,368.7872677041404,355.1674955914738,365.2359924316406,11828268,0.0,0.0
2017-02-03 00:00:00+05:30,364.4163922749486,367.18718876702627,359.4406918441881,365.31396484375,8423958,0.0,0.0
2017-02-06 00:00:00+05:30,365.7628324988436,368.29946457272194,363.1481454435002,364.9823303222656,6727934,0.0,0.0
2017-02-07 00:00:00+05:30,364.104258313866,370.66047170619277,362.36763624084483,367.7140808105469,9268002,0.0,0.0
2017-02-08 00:00:00+05:30,365.2750587605946,368.43608339533046,363.889672008804,365.4701843261719,6319962,0.0,0.0
2017-02-09 00:00:00+05:30,365.6652912680241,370.73855571464554,365.4896735041412,369.17755126953125,11907266,0.0,0.0
2017-02-10 00:00:00+05:30,369.27506533087734,379.3240301205947,368.1238199406756,377.8800964355469,12252452,0.0,0.0
2017-02-13 00:00:00+05:30,379.65575875983586,384.82658563942545,375.7532479073154,384.1436462402344,13724268,0.0,0.0
2017-02-14 00:00:00+05:30,382.4460507498327,385.958310399576,379.46062051993675,385.45098876953125,9338818,0.0,0.0
2017-02-15 00:00:00+05:30,386.03633525407537,389.7827357271763,378.07520447494414,383.1484680175781,7259486,0.0,0.0
2017-02-16 00:00:00+05:30,386.73885552053684,395.6756155944893,386.3681121969467,394.97314453125,12815858,0.0,0.0
2017-02-17 00:00:00+05:30,395.6170678630274,395.6170678630274,387.4022866554251,390.2901306152344,4851208,0.0,0.0
2017-02-20 00:00:00+05:30,388.88523733719126,402.3489008476108,387.7144839884591,394.2511901855469,4650662,0.0,0.0
2017-02-21 00:00:00+05:30,398.875636520136,399.8122486800906,390.2706045993206,395.5585021972656,7613996,0.0,0.0
2017-02-22 00:00:00+05:30,396.10483400398135,396.10483400398135,384.9436629872467,386.4071044921875,6607838,0.0,0.0
2017-02-23 00:00:00+05:30,389.8217637349764,398.05605094755293,387.6558514613592,393.7047424316406,9542656,0.0,0.0
2017-02-27 00:00:00+05:30,393.09991512604495,399.22686195504696,392.96333677322514,395.0902099609375,5328696,0.0,0.0
2017-02-28 00:00:00+05:30,394.87555280788337,399.10979139276765,393.86090950941457,395.0902099609375,5940132,0.0,0.0
2017-03-01 00:00:00+05:30,394.934106562385,400.7878729640014,394.19261995723235,400.06591796875,4282448,0.0,0.0
2017-03-02 00:00:00+05:30,399.7732235931732,401.1781179806662,396.69023047407313,399.34393310546875,2948498,0.0,0.0
2017-03-03 00:00:00+05:30,394.2511690094453,403.6367269062258,390.40720524852435,402.4269104003906,5401612,0.0,0.0
2017-03-06 00:00:00+05:30,398.0756293178948,404.2806075090952,397.939050960672,403.4806213378906,5286386,0.0,0.0
2017-03-07 00:00:00+05:30,398.83667619221296,400.3196496207624,395.987847554648,397.9781188964844,4644496,0.0,0.0
2017-03-08 00:00:00+05:30,396.8463739507443,396.8463739507443,391.98774273687474,393.2950744628906,6179176,0.0,0.0
2017-03-09 00:00:00+05:30,393.2950423045533,395.32435272896333,389.86083748887893,394.75848388671875,3480630,0.0,0.0
2017-03-10 00:00:00+05:30,396.1048656700906,401.0415516023621,395.48047343901356,398.778076171875,4550324,0.0,0.0
2017-03-14 00:00:00+05:30,399.14878106839336,406.6025906368917,399.14878106839336,403.8318176269531,7878396,0.0,0.0
2017-03-15 00:00:00+05:30,403.8708170511591,403.8708170511591,393.1779288626652,394.91455078125,6373978,0.0,0.0
2017-03-16 00:00:00+05:30,395.44148705326296,402.62209394947746,395.44148705326296,401.5098876953125,6702956,0.0,0.0
2017-03-17 00:00:00+05:30,404.06594028935416,406.9928231179354,397.76337640419575,405.9781799316406,9507846,0.0,0.0
2017-03-20 00:00:00+05:30,400.6122358392558,400.6122358392558,396.14383271822686,398.6414489746094,4427388,0.0,0.0
2017-03-21 00:00:00+05:30,398.40731963490833,403.89031848571113,397.5877781114126,403.07080078125,4869584,0.0,0.0
2017-03-22 00:00:00+05:30,399.0121799833538,405.84154935356423,398.2121701164205,401.06097412109375,3990852,0.0,0.0
2017-03-23 00:00:00+05:30,401.2756987380338,407.0319025370963,400.631774887134,406.0367431640625,4501662,0.0,0.0
2017-03-24 00:00:00+05:30,405.0806219715432,407.42212845692785,401.061016783071,402.5049743652344,4883896,0.0,0.0
2017-03-27 00:00:00+05:30,400.86596376771803,406.5831526648397,399.8123047138944,401.5098876953125,7684824,0.0,0.0
2017-03-28 00:00:00+05:30,402.5439883394346,405.47087143448624,401.9781433296198,403.9684143066406,4796796,0.0,0.0
2017-03-29 00:00:00+05:30,403.6367162508116,406.4465050074442,400.3390659998812,402.6805725097656,6981186,0.0,0.0
2017-03-30 00:00:00+05:30,403.51961832404544,404.26110490660716,398.153665952715,400.2024841308594,12157180,0.0,0.0
2017-03-31 00:00:00+05:30,399.3244246708848,401.6854628018614,393.37309559565296,398.9341735839844,14153854,0.0,0.0
2017-04-03 00:00:00+05:30,402.79764893634734,402.91469567378124,392.6315895705081,393.6852722167969,4315600,0.0,0.0
2017-04-05 00:00:00+05:30,392.2023610024608,392.35847097226576,386.7388455258096,388.67059326171875,7398338,0.0,0.0
2017-04-06 00:00:00+05:30,389.52915616470364,392.51456287390596,387.1291023032529,390.0950012207031,5379008,0.0,0.0
2017-04-07 00:00:00+05:30,390.60227523124,390.60227523124,382.05576793271115,383.0509033203125,6404508,0.0,0.0
2017-04-10 00:00:00+05:30,384.3582769934692,386.15342233471824,370.7775211042365,372.06536865234375,9528472,0.0,0.0
2017-04-11 00:00:00+05:30,373.09953423981193,379.2069730707121,373.09953423981193,377.43133544921875,8655466,0.0,0.0
2017-04-12 00:00:00+05:30,378.5434942512863,381.23623585140837,374.7775623324106,378.0946960449219,6696752,0.0,0.0
2017-04-13 00:00:00+05:30,378.54354026701606,386.3485617158205,361.62616580434644,363.4798583984375,30973188,0.0,0.0
2017-04-17 00:00:00+05:30,362.93350830649587,363.7530260557026,360.39687625919237,360.9432373046875,7213434,0.0,0.0
2017-04-18 00:00:00+05:30,360.88464215200963,364.4944642011106,358.67971429170245,360.06512451171875,4647518,0.0,0.0
2017-04-19 00:00:00+05:30,360.2016685000896,362.93342546596244,356.16258022816123,358.7187194824219,10071702,0.0,0.0
2017-04-20 00:00:00+05:30,359.61633995009373,362.8164033005427,358.46509459719016,361.8797912597656,4549000,0.0,0.0
2017-04-21 00:00:00+05:30,364.80675362585,364.80675362585,359.46030835076886,360.4749755859375,3577466,0.0,0.0
2017-04-24 00:00:00+05:30,358.0552997922677,362.3480608796954,356.2991702565018,361.5870666503906,5556666,0.0,0.0
2017-04-25 00:00:00+05:30,361.3335232901617,364.10429672800063,359.24566549660074,362.67987060546875,4737060,0.0,0.0
2017-04-26 00:00:00+05:30,362.91402607467376,365.0994227724911,355.20656661890774,356.7870788574219,9084496,0.0,0.0
2017-04-27 00:00:00+05:30,357.4699508473217,362.5432143418797,357.4699508473217,361.07977294921875,7797208,0.0,0.0
2017-04-28 00:00:00+05:30,361.7042464581902,361.91890363263354,357.313921292478,358.62127685546875,5029702,0.0,0.0
2017-05-02 00:00:00+05:30,360.59198479903057,361.528596884564,357.11874078579825,360.0456237792969,3231126,0.0,0.0
2017-05-03 00:00:00+05:30,361.56767918959844,366.48483399850613,358.1139661475131,364.61163330078125,4659448,0.0,0.0
2017-05-04 00:00:00+05:30,365.66527257552144,366.69944749515855,362.50424826336894,365.9189453125,5279806,0.0,0.0
2017-05-05 00:00:00+05:30,365.27505095108694,365.8018804392665,359.0310329861111,363.5189208984375,4432788,0.0,0.0
2017-05-08 00:00:00+05:30,366.05547801985557,370.1726217561656,363.713971763865,368.98236083984375,4707098,0.0,0.0
2017-05-09 00:00:00+05:30,370.9725942340848,371.49944737999346,367.65546070581377,369.4311218261719,5649372,0.0,0.0
2017-05-10 00:00:00+05:30,369.626346407065,370.73855253706125,365.7238353277275,368.2604675292969,3364302,0.0,0.0
2017-05-11 00:00:00+05:30,369.5092562328833,370.6800095700344,365.87992565152246,368.4360656738281,3229482,0.0,0.0
2017-05-12 00:00:00+05:30,371.90926656409005,376.98253043117626,371.30438217451365,376.2995910644531,10979996,0.0,0.0
2017-05-15 00:00:00+05:30,376.0069504262134,376.0069504262134,370.3873248258038,371.34344482421875,7297164,0.0,0.0
2017-05-16 00:00:00+05:30,371.94827176712414,374.69956076582844,369.5482420652988,372.68975830078125,6130168,0.0,0.0
2017-05-17 00:00:00+05:30,371.36302315354516,374.0362580984657,368.3385764287879,371.8313293457031,2915508,0.0,0.0
2017-05-18 00:00:00+05:30,368.0067668901904,380.06553473902085,367.94821970082273,375.323974609375,8057848,0.0,0.0
2017-05-19 00:00:00+05:30,375.2263592706568,375.69466526288215,369.89942326977877,373.8409729003906,4257396,0.0,0.0
2017-05-22 00:00:00+05:30,374.0166177174656,377.3337516590492,373.2946389799358,375.2068786621094,5503052,0.0,0.0
2017-05-23 00:00:00+05:30,376.4557009396492,377.3727814185851,372.33853313161256,373.58734130859375,4039982,0.0,0.0
2017-05-24 00:00:00+05:30,374.64109659235504,376.7874778749154,370.58247518498877,372.6117858886719,5636286,0.0,0.0
2017-05-25 00:00:00+05:30,375.03129229608203,385.0217105341073,375.03129229608203,383.73388671875,10438514,0.0,0.0
2017-05-26 00:00:00+05:30,385.1778089488682,390.251072896523,382.68019255471637,388.572998046875,4988004,0.0,0.0
2017-05-29 00:00:00+05:30,386.69978465815643,388.9632360410416,380.7679637857773,384.4558410644531,6308434,0.0,0.0
2017-05-30 00:00:00+05:30,383.22658747004994,390.2511074033095,381.91925578786373,388.7681579589844,3716910,0.0,0.0
2017-05-31 00:00:00+05:30,387.733911369746,387.733911369746,380.4362122456179,381.2947692871094,7763900,0.0,0.0
2017-06-01 00:00:00+05:30,384.06850074373665,388.1893321011186,379.8089975610367,384.9006042480469,5508606,7.375,0.0
2017-06-02 00:00:00+05:30,385.69299295079355,386.5052653029117,382.0476465830968,384.12786865234375,3917966,0.0,0.0
2017-06-05 00:00:00+05:30,384.34574068509613,385.1382061298077,379.2145220937637,379.88812255859375,5462698,0.0,0.0
2017-06-06 00:00:00+05:30,382.3646067755351,391.27984372107863,382.1268767973051,388.050537109375,7008686,0.0,0.0
2017-06-07 00:00:00+05:30,390.2892811203904,391.8345986076152,374.43997021194815,380.8985595703125,12455046,0.0,0.0
2017-06-08 00:00:00+05:30,381.552380884473,381.552380884473,375.6881402615088,378.97686767578125,6195352,0.0,0.0
2017-06-09 00:00:00+05:30,371.8843199499976,376.797616744589,365.7229042440346,375.866455078125,14757662,0.0,0.0
2017-06-12 00:00:00+05:30,373.7862237146333,382.4439254032905,372.4984670405336,381.90899658203125,8591676,0.0,0.0
2017-06-13 00:00:00+05:30,377.807953161985,381.55235774435965,377.0551012114504,379.5117492675781,4937794,0.0,0.0
2017-06-14 00:00:00+05:30,380.3834709203065,381.13632288015486,376.8966272736963,379.8287353515625,7438110,0.0,0.0
2017-06-15 00:00:00+05:30,380.2448425757251,383.53357020707676,376.262683312131,377.2532653808594,5528062,0.0,0.0
2017-06-16 00:00:00+05:30,376.06460407718214,377.9467101938363,370.87396319753725,372.5579528808594,10948450,0.0,0.0
2017-06-19 00:00:00+05:30,372.4390078403058,372.55787283794024,367.704021264141,368.4370422363281,6855860,0.0,0.0
2017-06-20 00:00:00+05:30,370.47766244566395,375.1928423686246,370.1012364544813,373.8654479980469,5184396,0.0,0.0
2017-06-21 00:00:00+05:30,374.4399876266883,376.02491879124574,370.8936993091651,373.78619384765625,3735864,0.0,0.0
2017-06-22 00:00:00+05:30,375.5098020974078,383.8306902924825,370.51725466988563,372.51824951171875,9465242,0.0,0.0
2017-06-23 00:00:00+05:30,374.43998941906307,376.08436518381484,371.66635986781074,373.74658203125,6403018,0.0,0.0
2017-06-27 00:00:00+05:30,374.43998967791174,375.62868805784166,366.0200428200751,367.3276062011719,6904660,0.0,0.0
2017-06-28 00:00:00+05:30,369.6060220332945,369.6852734453511,364.9304789315845,366.39654541015625,5905224,0.0,0.0
2017-06-29 00:00:00+05:30,368.57574462890625,375.60887662343373,367.1492920801015,368.57574462890625,15914040,0.0,0.0
2017-06-30 00:00:00+05:30,368.81348137874033,371.6663623444363,368.100267183349,370.6955871582031,4216700,0.0,0.0
2017-07-03 00:00:00+05:30,372.894677651823,378.40232323433105,370.31916445703433,377.17401123046875,5088924,0.0,0.0
2017-07-04 00:00:00+05:30,377.9466608860945,384.34583052152306,376.18344420678056,381.23541259765625,5167726,0.0,0.0
2017-07-05 00:00:00+05:30,379.9872161550792,379.9872161550792,374.5984603024437,376.7777404785156,4226228,0.0,0.0
2017-07-06 00:00:00+05:30,374.4399868120236,379.1947802953509,374.12300541662785,375.2324523925781,3829720,0.0,0.0
2017-07-07 00:00:00+05:30,373.98431723400296,374.618304222155,369.70500784653217,370.63616943359375,5776886,0.0,0.0
2017-07-10 00:00:00+05:30,373.7267548806866,380.30420921332,372.4588051751793,379.2145690917969,1464376,0.0,0.0
2017-07-11 00:00:00+05:30,379.0561334067203,392.0723717491981,379.0561334067203,386.4656677246094,11539708,0.0,0.0
2017-07-12 00:00:00+05:30,386.30722799325247,388.9025483645641,383.8505794479587,385.2770080566406,6275976,0.0,0.0
2017-07-13 00:00:00+05:30,387.21850310566845,389.67515129808953,382.0080321213591,387.1392517089844,5170392,0.0,0.0
2017-07-14 00:00:00+05:30,396.01490061900546,398.9470090049072,382.7807146292539,385.1581115722656,22478180,0.0,0.0
2017-07-17 00:00:00+05:30,386.32694016346545,393.0628970688797,385.9307074043234,389.912841796875,7698250,0.0,0.0
2017-07-18 00:00:00+05:30,390.70537870281623,398.13474429418415,388.7440213498686,390.5270690917969,8260180,0.0,0.0
2017-07-19 00:00:00+05:30,388.88270528298693,391.7355864183638,383.9892154548552,388.24871826171875,5890278,0.0,0.0
2017-07-20 00:00:00+05:30,388.0307518133744,388.24867500285063,383.1372867146071,384.12786865234375,6809740,0.0,0.0
2017-07-21 00:00:00+05:30,385.53450466740543,389.3185229750539,384.90054187706176,388.3477478027344,5980754,0.0,0.0
2017-07-24 00:00:00+05:30,389.69496685936696,393.85541134541006,389.33834765833933,392.4884033203125,6129176,0.0,0.0
2017-07-25 00:00:00+05:30,392.2704728629527,395.83656807079774,390.76479305646654,393.79595947265625,7145614,0.0,0.0
2017-07-26 00:00:00+05:30,395.47995164096886,395.8365708378987,392.42897840023386,393.8752136230469,6870024,0.0,0.0
2017-07-27 00:00:00+05:30,394.6478849390022,397.8177474686328,383.0778818690244,384.7618713378906,12676852,0.0,0.0
2017-07-28 00:00:00+05:30,386.72314951817503,397.4214333675508,381.2947562096294,395.1827087402344,11098428,0.0,0.0
2017-07-31 00:00:00+05:30,393.02333535505744,404.8310682995658,390.9827267024158,400.6706237792969,19158248,0.0,0.0
2017-08-01 00:00:00+05:30,400.5913890322212,402.96878599977146,395.5790340853163,398.4319152832031,7689398,0.0,0.0
2017-08-02 00:00:00+05:30,398.6101630066054,401.2847341798604,391.16099183495777,393.5978088378906,4257584,0.0,0.0
2017-08-03 00:00:00+05:30,392.66669594369284,395.7375000744331,388.40719343976275,389.89306640625,4640348,0.0,0.0
2017-08-04 00:00:00+05:30,391.4780263510562,391.8742591712496,386.74303931291894,389.7940368652344,5349018,0.0,0.0
2017-08-07 00:00:00+05:30,389.69501692153614,389.7940751363103,382.642076866443,383.6524658203125,6073744,0.0,0.0
2017-08-08 00:00:00+05:30,383.7514888817037,384.44489632160355,378.4221525782186,381.90899658203125,6004648,0.0,0.0
2017-08-09 00:00:00+05:30,383.41464995597426,385.891104771005,382.18631385724154,384.0882263183594,3922410,0.0,0.0
2017-08-10 00:00:00+05:30,384.3062036581518,391.27989128744525,384.08825627013,388.8034362792969,9140684,0.0,0.0
2017-08-11 00:00:00+05:30,386.72323254344803,395.0441217682559,384.18733282032997,391.3591613769531,6544156,0.0,0.0
2017-08-14 00:00:00+05:30,391.4779797385299,391.95346390297334,387.178863824972,388.8826599121094,3816470,0.0,0.0
2017-08-16 00:00:00+05:30,389.1006283328922,390.72517321745204,383.94960168490076,386.40625,6178080,0.0,0.0
2017-08-17 00:00:00+05:30,398.213952158146,407.8225972724097,395.46012944321143,404.4942321777344,25784260,0.0,0.0
2017-08-18 00:00:00+05:30,403.3254411441143,403.3254411441143,350.349102494928,365.8219909667969,164404960,0.0,0.0
2017-08-21 00:00:00+05:30,366.1191669812533,366.1191669812533,344.72259228754365,346.0697937011719,90407176,0.0,0.0
2017-08-22 00:00:00+05:30,354.70764917966835,355.4406702723623,340.7602481399059,346.86224365234375,49242598,0.0,0.0
2017-08-23 00:00:00+05:30,348.68484755054385,358.07556930435607,346.2678372582204,353.7566223144531,61284190,0.0,0.0
2017-08-24 00:00:00+05:30,360.5718873208676,363.84080827734795,357.5406963966596,361.4237976074219,42380524,0.0,0.0
2017-08-28 00:00:00+05:30,374.02402486744967,377.9863535928125,371.6664344390318,372.8551330566406,40712108,0.0,0.0
2017-08-29 00:00:00+05:30,373.03334271321825,373.2512658978828,366.73323205466613,367.486083984375,13369392,0.0,0.0
2017-08-30 00:00:00+05:30,371.34937955993996,372.0625937526717,366.1587154454574,367.16912841796875,16149664,0.0,0.0
2017-08-31 00:00:00+05:30,368.0210176999856,368.0804622932982,361.72093072646817,362.533203125,15022452,0.0,0.0
2017-09-01 00:00:00+05:30,362.9295033291436,366.8720252356781,360.5719129079186,364.5144348144531,8433922,0.0,0.0
2017-09-04 00:00:00+05:30,364.93038815768824,364.9700017617951,354.0339867740439,356.6887512207031,10177108,0.0,0.0
2017-09-05 00:00:00+05:30,357.40197932830876,358.59067770744946,355.51987356133594,357.36236572265625,9783392,0.0,0.0
2017-09-06 00:00:00+05:30,356.60955354240394,356.72841855675813,352.64722516971057,354.8661193847656,7735910,0.0,0.0
2017-09-07 00:00:00+05:30,356.60955720263223,356.80767362330033,353.57836629275647,354.9255676269531,6241192,0.0,0.0
2017-09-08 00:00:00+05:30,356.2132990658508,356.2132990658508,349.51695484913597,350.388671875,8604542,0.0,0.0
2017-09-11 00:00:00+05:30,352.805728849007,353.3604403120732,346.1688288083655,348.1697998046875,13787642,0.0,0.0
2017-09-12 00:00:00+05:30,349.6952625997558,351.7556780543037,348.2093895581296,350.28961181640625,17241354,0.0,0.0
2017-09-13 00:00:00+05:30,350.8641838451423,351.69626314503466,349.081136044687,350.1707763671875,11478228,0.0,0.0
2017-09-14 00:00:00+05:30,350.46786563060107,355.26227220808653,349.31878098766936,353.5981140136719,13698006,0.0,0.0
2017-09-15 00:00:00+05:30,353.55850036935703,361.85958184416285,353.5188867655005,359.87841796875,13459460,0.0,0.0
2017-09-18 00:00:00+05:30,360.57192077930574,363.6427255991295,359.1058542865627,360.2153015136719,8475860,0.0,0.0
2017-09-19 00:00:00+05:30,359.7793590977408,362.9492212924346,357.99631161322554,361.4633483886719,6033330,0.0,0.0
2017-09-20 00:00:00+05:30,363.34552003497197,363.34552003497197,359.5615011898642,361.6417236328125,5767830,0.0,0.0
2017-09-21 00:00:00+05:30,362.5530283819017,362.6520865863776,359.838843252914,360.3935546875,8204152,0.0,0.0
2017-09-22 00:00:00+05:30,359.8388823115651,360.670961645828,351.8547804905194,355.93597412109375,17604088,0.0,0.0
2017-09-25 00:00:00+05:30,357.00578451872724,357.38221054899753,352.29060410614744,354.7670593261719,9088700,0.0,0.0
2017-09-26 00:00:00+05:30,355.4207844004413,359.9378475213223,354.3509511155875,358.947265625,7366478,0.0,0.0
2017-09-27 00:00:00+05:30,359.02656600576984,359.73980446379596,354.66800477359493,356.5303039550781,6000138,0.0,0.0
2017-09-28 00:00:00+05:30,355.06418025426683,358.1548152487501,354.3509660955897,355.0245666503906,17537266,0.0,0.0
2017-09-29 00:00:00+05:30,355.8170637580319,357.5604977975368,354.628365326769,356.5699157714844,5705832,0.0,0.0
2017-10-03 00:00:00+05:30,360.61149455672387,361.36434661916707,357.24351544897945,358.01617431640625,4947522,0.0,0.0
2017-10-04 00:00:00+05:30,357.79818985570705,358.7491581734934,355.48023783428016,356.45098876953125,4991492,0.0,0.0
2017-10-05 00:00:00+05:30,356.6095488981128,358.570906253879,356.2133160660038,357.81805419921875,8611300,0.0,0.0
2017-10-06 00:00:00+05:30,358.19442842532817,365.3266183718502,358.17462162341366,364.5935974121094,8574308,0.0,0.0
2017-10-09 00:00:00+05:30,364.5341806775345,368.10027592329294,362.1567838470288,366.0794982910156,3504832,0.0,0.0
2017-10-10 00:00:00+05:30,372.4389922665655,372.4389922665655,368.3181618372682,370.65594482421875,7143220,0.0,0.0
2017-10-11 00:00:00+05:30,370.6560011834393,371.666390050909,367.7040617987671,368.7738952636719,5982504,0.0,0.0
2017-10-12 00:00:00+05:30,368.4964384310733,370.22004113072927,364.3558015710171,367.4266052246094,10280972,0.0,0.0
2017-10-13 00:00:00+05:30,369.6059356473001,369.8833034326026,367.5257135337263,368.5361022949219,7180728,0.0,0.0
2017-10-16 00:00:00+05:30,370.85408637439986,373.25128992830224,369.6851948015987,372.0625915527344,5758750,0.0,0.0
2017-10-17 00:00:00+05:30,371.19090305669516,371.19090305669516,368.29840829102085,368.69464111328125,5625102,0.0,0.0
2017-10-18 00:00:00+05:30,368.0607219199737,368.49656840249463,365.7031315111092,366.2578430175781,7231852,0.0,0.0
2017-10-19 00:00:00+05:30,368.4964689554307,369.288934480066,366.5945565331316,367.2879638671875,1091434,0.0,0.0
2017-10-23 00:00:00+05:30,368.4965303186535,373.2513242582491,367.7436782712312,372.2607421875,9154096,0.0,0.0
2017-10-24 00:00:00+05:30,374.8361572660888,375.09371821058807,365.168069117499,367.109619140625,14529328,0.0,0.0
2017-10-25 00:00:00+05:30,364.13799737078324,374.3211866825058,362.65212414973814,370.5965881347656,13984134,0.0,0.0
2017-10-26 00:00:00+05:30,373.25122782236787,377.1343036996182,372.4983759694578,375.3710632324219,33659258,0.0,0.0
2017-10-27 00:00:00+05:30,378.40230727537016,379.47214062491184,374.0437466680099,374.9748840332031,8524956,0.0,0.0
2017-10-30 00:00:00+05:30,378.26368023824733,378.26368023824733,372.8748992482428,374.0834045410156,12968326,0.0,0.0
2017-10-31 00:00:00+05:30,371.6326044006756,373.6414292893279,369.6237795120233,370.3670349121094,9954988,6.5,0.0
2017-11-01 00:00:00+05:30,371.63265489864335,373.4004308495805,370.94964943933616,372.4562683105469,5633134,0.0,0.0
2017-11-02 00:00:00+05:30,370.8491599460463,372.03437154160025,369.6237816612011,370.7889099121094,4686138,0.0,0.0
2017-11-03 00:00:00+05:30,368.418490322307,373.6012684245423,368.398406977465,372.2955322265625,3699086,0.0,0.0
2017-11-06 00:00:00+05:30,370.88938023276353,375.65028581106463,370.68849772698223,373.1191711425781,5066534,0.0,0.0
2017-11-07 00:00:00+05:30,372.13484783561864,385.6944171899529,371.9741320197399,383.886474609375,13442820,0.0,0.0
2017-11-08 00:00:00+05:30,385.794897717562,386.4377120029328,380.67239321779743,382.6008605957031,5369994,0.0,0.0
2017-11-09 00:00:00+05:30,382.88200222552916,386.8996517766889,380.9736186887282,383.4846496582031,4723232,0.0,0.0
2017-11-10 00:00:00+05:30,385.21223873354984,387.442029357134,381.6767119899999,386.5179748535156,6589428,0.0,0.0
2017-11-13 00:00:00+05:30,386.51802185878347,389.4710093868974,381.41560134204366,382.460205078125,5021216,0.0,0.0
2017-11-14 00:00:00+05:30,382.4602000023943,383.6253037995198,378.96483956743816,381.3151550292969,5733710,0.0,0.0
2017-11-15 00:00:00+05:30,379.728210249185,383.08293828491463,379.46705318311683,382.3999328613281,7023516,0.0,0.0
2017-11-16 00:00:00+05:30,382.39996825227666,400.1178216039397,381.07414849660483,397.1045837402344,15687502,0.0,0.0
2017-11-17 00:00:00+05:30,395.9393951456637,395.9393951456637,387.76348745948906,390.0937194824219,8057670,0.0,0.0
2017-11-20 00:00:00+05:30,389.31029398860096,390.1138240071533,384.5895551296061,385.9153747558594,5661190,0.0,0.0
2017-11-21 00:00:00+05:30,386.2166722533022,390.3146799736467,385.7144660258528,388.2054138183594,5364656,0.0,0.0
2017-11-22 00:00:00+05:30,388.3460495011855,390.13390870300793,387.02022987034525,388.22552490234375,6084920,0.0,0.0
2017-11-23 00:00:00+05:30,390.31471367507686,399.5352257115431,389.31030113345287,398.24957275390625,11894618,0.0,0.0
2017-11-24 00:00:00+05:30,398.10893487413233,409.519045776013,397.8276944792652,405.6018371582031,18619912,0.0,0.0
2017-11-27 00:00:00+05:30,404.4568542252867,404.4568542252867,399.07319309949423,401.2628173828125,6017730,0.0,0.0
2017-11-28 00:00:00+05:30,399.51519862441427,401.72490652715595,394.2520614520804,395.6180725097656,4616868,0.0,0.0
2017-11-29 00:00:00+05:30,396.8031946923191,398.5307792123521,393.85020735848514,394.814453125,3838070,0.0,0.0
2017-11-30 00:00:00+05:30,397.5264197400849,397.5264197400849,389.04916276814504,392.162841796875,17266944,0.0,0.0
2017-12-01 00:00:00+05:30,393.4886540547869,395.01535616302345,384.50919151763736,385.2122802734375,4085000,0.0,0.0
2017-12-04 00:00:00+05:30,393.7297173545993,400.4793647477486,389.1295029974757,395.879150390625,17811606,0.0,0.0
2017-12-05 00:00:00+05:30,395.8791209448564,402.9702827886869,393.3279230808819,395.47735595703125,9976738,0.0,0.0
2017-12-06 00:00:00+05:30,395.7385700836514,399.3946221914433,395.33680503788116,397.867919921875,7490094,0.0,0.0
2017-12-07 00:00:00+05:30,397.3456045560382,402.93014813960684,395.97959368009185,401.6846618652344,7549544,0.0,0.0
2017-12-08 00:00:00+05:30,402.1667798098123,404.5773698985824,399.7561897210422,402.5082702636719,5983244,0.0,0.0
2017-12-11 00:00:00+05:30,399.73612042157396,404.5372174214453,399.33435539266077,403.8943786621094,5139098,0.0,0.0
2017-12-12 00:00:00+05:30,402.56851810868693,407.38969796627595,402.56851810868693,405.9835205078125,9320434,0.0,0.0
2017-12-13 00:00:00+05:30,406.1442359163782,409.398522508367,400.82084982880616,403.2716064453125,5362398,0.0,0.0
2017-12-14 00:00:00+05:30,403.87420072469837,407.79140883916324,401.48369445818065,407.0280456542969,6023572,0.0,0.0
2017-12-15 00:00:00+05:30,406.9880007654306,412.3716623118149,406.5259611434062,410.9654846191406,10384134,0.0,0.0
2017-12-18 00:00:00+05:30,406.5460197418487,414.09917243522136,404.0952384899941,408.4342956542969,4035448,0.0,0.0
2017-12-19 00:00:00+05:30,408.77578649419235,408.9766689855137,401.5841834961723,403.3519592285156,7118898,0.0,0.0
2017-12-20 00:00:00+05:30,403.8139913416303,409.2378188369339,402.16676465177244,408.1329650878906,4186326,0.0,0.0
2017-12-21 00:00:00+05:30,407.71113550325674,413.3960957968514,401.122203918849,410.6239318847656,11059162,0.0,0.0
2017-12-22 00:00:00+05:30,408.1932595011601,419.76411167138144,408.1932595011601,417.574462890625,12906940,0.0,0.0
2017-12-26 00:00:00+05:30,413.81790559117644,418.43820259534976,411.005550892984,416.0677795410156,10808906,0.0,0.0
2017-12-27 00:00:00+05:30,413.0143597413584,417.4739407819914,412.7733105852432,415.525390625,6970172,0.0,0.0
2017-12-28 00:00:00+05:30,413.81795148944093,417.8356015039015,411.3270035761174,415.1236877441406,8433472,0.0,0.0
2017-12-29 00:00:00+05:30,413.85808934615835,421.371123775892,413.81792265752813,418.6592102050781,6601768,0.0,0.0
2018-01-01 00:00:00+05:30,416.91154832017594,419.6435701174062,413.8179772340148,415.2442626953125,5431340,0.0,0.0
2018-01-02 00:00:00+05:30,416.7307944487346,418.6391784194567,411.00564253656836,413.69744873046875,6112248,0.0,0.0
2018-01-03 00:00:00+05:30,413.2152835726382,414.46074520687387,409.23780044611135,410.32257080078125,6846552,0.0,0.0
2018-01-04 00:00:00+05:30,410.202053080989,410.202053080989,405.62192240535546,407.9521789550781,8947614,0.0,0.0
2018-01-05 00:00:00+05:30,407.91200124161696,412.37160747268575,404.175591630898,406.586181640625,11025976,0.0,0.0
2018-01-08 00:00:00+05:30,411.7689373779769,417.4338137813082,409.8203625139517,416.2486267089844,5594690,0.0,0.0
2018-01-09 00:00:00+05:30,417.83555680228875,419.80421490747585,413.375975572056,418.3779296875,9948236,0.0,0.0
2018-01-10 00:00:00+05:30,420.567572255285,424.2637902040271,415.0433041536701,422.7571716308594,9468634,0.0,0.0
2018-01-11 00:00:00+05:30,423.9625505179648,435.2722459908186,423.9625505179648,432.2188415527344,16775298,0.0,0.0
2018-01-12 00:00:00+05:30,436.23642854286527,436.27659523156444,430.10951268717093,433.2834167480469,18016528,0.0,0.0
2018-01-15 00:00:00+05:30,433.90624652455557,439.1090842149857,427.91993757397216,434.3682861328125,10649250,0.0,0.0
2018-01-16 00:00:00+05:30,434.4083236074433,455.92285488191504,434.4083236074433,451.1217346191406,22646966,0.0,0.0
2018-01-17 00:00:00+05:30,451.92534742654897,466.77059350366574,451.18209199022294,462.8734436035156,26154088,0.0,0.0
2018-01-18 00:00:00+05:30,460.0209310300058,468.0160644435227,454.8381526533535,463.114501953125,13204970,0.0,0.0
2018-01-19 00:00:00+05:30,460.02094875897046,461.18607712786235,456.40506357221875,459.398193359375,5988278,0.0,0.0
2018-01-22 00:00:00+05:30,454.8582591253875,464.8220017992737,454.79798456606653,462.0297546386719,9650214,0.0,0.0
2018-01-23 00:00:00+05:30,464.0386052686133,477.29685113343083,464.0386052686133,472.9176025390625,15403796,0.0,0.0
2018-01-24 00:00:00+05:30,471.9935185654519,490.5751489079323,469.06061459126215,476.4129333496094,20604718,0.0,0.0
2018-01-25 00:00:00+05:30,474.88622780205833,475.44870860817076,466.9513690887837,472.2345886230469,13548914,0.0,0.0
2018-01-29 00:00:00+05:30,468.6789852423438,480.6113862490257,468.1365632518386,475.2478332519531,10823002,0.0,0.0
2018-01-30 00:00:00+05:30,473.6407943423408,475.3281878176566,467.13217155844745,470.32623291015625,8628312,0.0,0.0
2018-01-31 00:00:00+05:30,465.70584476434567,468.6989739804754,458.87584071461464,462.130126953125,9213698,0.0,0.0
2018-02-01 00:00:00+05:30,458.89595318731614,465.2036929733251,449.39425038327795,459.8601989746094,13005454,0.0,0.0
2018-02-02 00:00:00+05:30,456.10378115395605,467.2125947934655,454.0346813008056,459.3179016113281,10244486,0.0,0.0
2018-02-05 00:00:00+05:30,458.01210653986743,463.9783070663418,456.34477195734405,457.2889099121094,9860220,0.0,0.0
2018-02-06 00:00:00+05:30,441.9214497901091,453.3315870875068,439.9930069646524,445.05523681640625,10552078,0.0,0.0
2018-02-07 00:00:00+05:30,448.36976191749824,451.905313707757,443.36780704042116,445.5775146484375,8342056,0.0,0.0
2018-02-08 00:00:00+05:30,451.1016849287746,460.5833275081507,448.59065410565745,455.7018737792969,8807244,0.0,0.0
2018-02-09 00:00:00+05:30,449.17319406873554,450.09727302995464,444.3520148837402,445.6175842285156,4382690,0.0,0.0
2018-02-12 00:00:00+05:30,447.88770904613267,450.2179169707939,441.0577030178874,443.0665283203125,6291972,0.0,0.0
2018-02-14 00:00:00+05:30,444.35203643638977,448.8920000065597,438.0041305841549,441.0374755859375,8345712,0.0,0.0
2018-02-15 00:00:00+05:30,443.14681939157293,453.8739258645799,443.14681939157293,447.74700927734375,7986736,0.0,0.0
2018-02-16 00:00:00+05:30,451.9856261820979,458.6750232583088,449.21343786613187,453.2110290527344,9889222,0.0,0.0
2018-02-19 00:00:00+05:30,453.3516069101345,456.40501090678157,450.0973204262925,454.697509765625,6461840,0.0,0.0
2018-02-20 00:00:00+05:30,443.4481041844582,461.82885233072227,443.4481041844582,456.78668212890625,7188594,0.0,0.0
2018-02-21 00:00:00+05:30,461.0253961885849,462.79317222233885,458.0121583049994,460.9852294921875,13771358,0.0,0.0
2018-02-22 00:00:00+05:30,460.2419159746096,467.654460616957,458.1928752370431,466.3487243652344,17859974,0.0,0.0
2018-02-23 00:00:00+05:30,467.45361989725455,468.45803248835307,460.7240555368944,464.2997741699219,9459828,0.0,0.0
2018-02-26 00:00:00+05:30,462.43154209672974,464.05871005950723,455.7421446460407,457.44964599609375,5083608,0.0,0.0
2018-02-27 00:00:00+05:30,460.00081068386646,463.4961955610125,452.2467757187169,462.1100769042969,6616026,0.0,0.0
2018-02-28 00:00:00+05:30,461.06540475408957,477.89936443225383,459.0365213678029,471.1095275878906,17268416,0.0,0.0
2018-03-01 00:00:00+05:30,469.9043348112093,469.9043348112093,464.46044848017493,466.3487243652344,6579852,0.0,0.0
2018-03-05 00:00:00+05:30,466.34872745873355,470.3864853582763,459.31783990281895,464.4001770019531,8101456,0.0,0.0
2018-03-06 00:00:00+05:30,467.07194118135754,468.2169616736668,459.458464665934,462.5721435546875,6689734,0.0,0.0
2018-03-07 00:00:00+05:30,464.0386730622791,466.04749848679114,457.2287744906191,459.659423828125,6370416,0.0,0.0
2018-03-08 00:00:00+05:30,461.62808638734253,468.3777594872044,461.62808638734253,464.70159912109375,6093014,0.0,0.0
2018-03-09 00:00:00+05:30,466.9914877735922,468.4579396747709,464.25951549322843,467.4133605957031,4220964,0.0,0.0
2018-03-12 00:00:00+05:30,472.4755834667536,478.8435481460901,470.7680824210617,476.3927917480469,7676970,0.0,0.0
2018-03-13 00:00:00+05:30,474.16307319642243,480.912745380601,472.1341892022114,475.6094665527344,8581052,0.0,0.0
2018-03-14 00:00:00+05:30,474.08265166729143,478.3413504244014,469.7034038050397,474.4040832519531,4429710,0.0,0.0
2018-03-15 00:00:00+05:30,474.08277605956,477.4576124097183,470.868655543902,475.0871887207031,6101500,0.0,0.0
2018-03-16 00:00:00+05:30,474.8862162318409,475.04693203589716,469.7637126303553,470.8283996582031,17954826,0.0,0.0
2018-03-19 00:00:00+05:30,467.65447602855215,474.28359875576103,459.0768027932738,460.7240295410156,7526620,0.0,0.0
2018-03-20 00:00:00+05:30,461.46730658582203,470.0650880912504,461.46730658582203,467.87548828125,8553766,0.0,0.0
2018-03-21 00:00:00+05:30,470.0650203467947,472.2747277073993,466.93123392705235,469.06060791015625,7692994,0.0,0.0
2018-03-22 00:00:00+05:30,467.8553917013635,473.05822938108105,464.1591729300874,466.56976318359375,6813168,0.0,0.0
2018-03-23 00:00:00+05:30,460.8244204718066,471.59174128247514,458.9562035530707,469.10076904296875,12008084,0.0,0.0
2018-03-26 00:00:00+05:30,468.8196411901862,468.8196411901862,459.61921184368913,464.1390686035156,8930722,0.0,0.0
2018-03-27 00:00:00+05:30,466.0474309805568,466.5697451327093,462.06994740743727,463.6368408203125,3802088,0.0,0.0
2018-03-28 00:00:00+05:30,462.33107857928195,462.33107857928195,452.48783597646434,454.7176513671875,12558322,0.0,0.0
2018-04-02 00:00:00+05:30,458.413912064935,461.84902278504626,450.49916036976634,456.86712646484375,8072702,0.0,0.0
2018-04-03 00:00:00+05:30,455.8827830890172,459.4384430200625,453.23114356499207,458.19293212890625,4077168,0.0,0.0
2018-04-04 00:00:00+05:30,459.6192131426798,459.8402035356631,449.97685202779843,451.66424560546875,4813302,0.0,0.0
2018-04-05 00:00:00+05:30,457.831320706549,462.55205940849027,453.63284707314347,461.0454406738281,7763544,0.0,0.0
2018-04-06 00:00:00+05:30,459.2174868917931,460.4227821329789,450.82058690281417,452.78924560546875,5937742,0.0,0.0
2018-04-09 00:00:00+05:30,451.98560270603383,452.307034307611,444.5730584390855,446.4613342285156,7202882,0.0,0.0
2018-04-10 00:00:00+05:30,446.76262302278496,451.7846848823037,444.11098416967366,447.3251037597656,8926058,0.0,0.0
2018-04-11 00:00:00+05:30,449.1733251312507,454.597153296968,448.5706775572821,451.6843566894531,9025574,0.0,0.0
2018-04-12 00:00:00+05:30,453.7734603992503,471.16990454607446,451.9856257636613,467.09197998046875,17044366,0.0,0.0
2018-04-13 00:00:00+05:30,471.67210336082314,476.45311660224223,462.1301847451336,470.6475830078125,21227038,0.0,0.0
2018-04-16 00:00:00+05:30,442.74504162046304,458.01211202116866,442.74504162046304,455.28009033203125,24745084,0.0,0.0
2018-04-17 00:00:00+05:30,452.78917565432704,452.94989147037404,447.9679954344052,452.06597900390625,10397940,0.0,0.0
2018-04-18 00:00:00+05:30,451.12184780348645,455.90286140218836,447.5059625841697,452.3673095703125,10430380,0.0,0.0
2018-04-19 00:00:00+05:30,451.58385493066123,457.9317614768333,451.2222566260046,455.13946533203125,8525542,0.0,0.0
2018-04-20 00:00:00+05:30,457.61038025507304,479.5869083109955,456.7867423061883,473.4599914550781,24272692,0.0,0.0
2018-04-23 00:00:00+05:30,469.2615186710955,487.90342442701916,464.1390149356019,477.17626953125,21830638,0.0,0.0
2018-04-24 00:00:00+05:30,476.0915404163227,480.67167137334775,462.0699316535731,463.83770751953125,8526216,0.0,0.0
2018-04-25 00:00:00+05:30,462.8333513753543,470.466887552552,460.1013293366068,466.1880798339844,11594178,0.0,0.0
2018-04-26 00:00:00+05:30,471.6720979804052,474.7456099607989,466.04738812373944,472.6564025878906,11302084,0.0,0.0
2018-04-27 00:00:00+05:30,474.0827469282094,478.7432115808208,471.7524900801117,476.1719055175781,7663370,0.0,0.0
2018-04-30 00:00:00+05:30,474.7656175590719,485.3119474024189,474.3437937914816,481.91705322265625,5511678,0.0,0.0
2018-05-02 00:00:00+05:30,481.67596402059564,482.7607096683047,474.48436226894034,480.9327087402344,10295042,0.0,0.0
2018-05-03 00:00:00+05:30,481.0132266747183,484.0063568077337,472.5158856952593,475.1072998046875,5332230,0.0,0.0
2018-05-04 00:00:00+05:30,476.0915913677734,476.49335642377997,464.03863968757656,471.3105773925781,6023368,0.0,0.0
2018-05-07 00:00:00+05:30,474.5848751632419,478.10031868296966,472.2747265645637,475.2879638671875,4638960,0.0,0.0
2018-05-08 00:00:00+05:30,473.23904052879266,473.23904052879266,466.4693095550716,468.2772521972656,5718556,0.0,0.0
2018-05-09 00:00:00+05:30,469.06056322725266,472.83716343796794,467.25262101352877,470.34619140625,3783504,0.0,0.0
2018-05-10 00:00:00+05:30,472.47565575168557,475.28801084544557,467.1924360168345,469.26153564453125,3182862,0.0,0.0
2018-05-11 00:00:00+05:30,470.98910820372475,475.3683072744084,468.4780770652241,474.3840026855469,3311706,0.0,0.0
2018-05-14 00:00:00+05:30,475.8303865779904,478.7030162492176,470.0650684108977,477.81915283203125,4432094,0.0,0.0
2018-05-15 00:00:00+05:30,477.3369313508526,485.3320637326465,477.3369313508526,479.9283447265625,5611974,0.0,0.0
2018-05-16 00:00:00+05:30,476.9954848562331,481.3144585030678,475.8906311326242,478.0802307128906,6205004,0.0,0.0
2018-05-17 00:00:00+05:30,480.51094499798097,481.09348463660854,471.4913402715962,475.2478332519531,9519598,0.0,0.0
2018-05-18 00:00:00+05:30,475.2879832698049,476.7142686020356,471.27033336896125,475.3683166503906,7139660,0.0,0.0
2018-05-21 00:00:00+05:30,473.9019132868409,477.45752363748636,470.06503801721794,473.8818054199219,8475320,0.0,0.0
2018-05-22 00:00:00+05:30,472.0738649638615,481.31445976740946,471.6319332819727,479.6471252441406,5636804,0.0,0.0
2018-05-23 00:00:00+05:30,480.1091162435105,485.19145268024226,474.6852894072868,476.0513000488281,9538442,0.0,0.0
2018-05-24 00:00:00+05:30,481.3145188090256,493.1866953803881,481.3145188090256,490.55511474609375,9740570,0.0,0.0
2018-05-25 00:00:00+05:30,494.2112153451596,501.663977200303,490.474829525454,493.4880676269531,8901438,0.0,0.0
2018-05-28 00:00:00+05:30,494.57263899645824,495.2154530889578,484.52851553999074,487.9033508300781,5739794,0.0,0.0
2018-05-29 00:00:00+05:30,487.7626937986365,492.78475502120983,484.60880011600716,488.82733154296875,3388934,0.0,0.0
2018-05-30 00:00:00+05:30,488.9480081644158,493.6687469449679,484.3678773260579,486.8186340332031,6323066,0.0,0.0
2018-05-31 00:00:00+05:30,486.81864900360125,498.9921485741716,486.2361093493488,494.8941650390625,19720340,0.0,0.0
2018-06-01 00:00:00+05:30,494.3317271503601,500.6996933818455,489.02839906612246,490.47479248046875,4998356,0.0,0.0
2018-06-04 00:00:00+05:30,490.5951912542048,499.39385383769496,486.93913986426895,497.947509765625,4270156,0.0,0.0
2018-06-05 00:00:00+05:30,498.992120897856,498.992120897856,488.9479960810715,490.4947814941406,4710862,0.0,0.0
2018-06-06 00:00:00+05:30,492.242441419602,498.8113381780972,490.173390975766,497.1640625,4038184,0.0,0.0
2018-06-07 00:00:00+05:30,497.385036992925,505.42033645969275,497.385036992925,503.1905212402344,6676226,0.0,0.0
2018-06-08 00:00:00+05:30,501.4026701335842,507.0273795741853,500.6192480789301,506.24395751953125,6459878,0.0,0.0
2018-06-11 00:00:00+05:30,508.4536492280756,510.24148362808353,504.23511727681984,507.1880798339844,5171290,0.0,0.0
2018-06-12 00:00:00+05:30,508.5339811656226,510.74368837195163,502.38695786513296,505.6211853027344,7839820,0.0,0.0
2018-06-13 00:00:00+05:30,508.95586327857336,515.8662008690471,508.95586327857336,512.1699829101562,5766928,0.0,0.0
2018-06-14 00:00:00+05:30,515.7509608963389,515.7509608963389,507.9714670794858,510.2764892578125,7598848,15.25,0.0
2018-06-15 00:00:00+05:30,509.1653342701982,531.5982451171875,508.3421081840701,527.3792114257812,19957760,0.0,0.0
2018-06-18 00:00:00+05:30,528.511048884854,531.4952428914078,519.5996181126897,521.6782836914062,8214846,0.0,0.0
2018-06-19 00:00:00+05:30,519.8671824144026,520.0318376519605,509.59745888542426,511.05865478515625,7545700,0.0,0.0
2018-06-20 00:00:00+05:30,513.8988051833853,515.4835051061715,509.57686889630037,511.6966857910156,5371802,0.0,0.0
2018-06-21 00:00:00+05:30,512.8490614047846,517.1915975027954,508.75353323792683,513.0960693359375,5798790,0.0,0.0
2018-06-22 00:00:00+05:30,511.6349127654823,516.7800748005334,510.8939893341457,513.6312255859375,4343118,0.0,0.0
2018-06-25 00:00:00+05:30,517.4592487585157,526.3706794957707,516.1626578702234,523.7568969726562,7731178,0.0,0.0
2018-06-26 00:00:00+05:30,522.3368495876109,528.4698927800615,521.2049139403564,525.9796142578125,4483504,0.0,0.0
2018-06-27 00:00:00+05:30,528.4904549787012,532.4007782103157,520.9373669962538,522.7484741210938,6952142,0.0,0.0
2018-06-28 00:00:00+05:30,525.3414972456435,534.2734759361225,525.3208965049895,530.81591796875,10996818,0.0,0.0
2018-06-29 00:00:00+05:30,534.2942065321225,541.2710258930641,528.2023148116156,538.0604248046875,9966600,0.0,0.0
2018-07-02 00:00:00+05:30,540.8594532288774,551.5613906595859,540.8594532288774,549.3798217773438,4830144,0.0,0.0
2018-07-03 00:00:00+05:30,548.2272157097788,558.9291508003835,548.165463727421,557.220947265625,8127452,0.0,0.0
2018-07-04 00:00:00+05:30,556.5212487543569,556.7682064484137,551.087928256526,553.70166015625,5025722,0.0,0.0
2018-07-05 00:00:00+05:30,554.4838154205409,554.545567414471,521.966391166881,528.5110473632812,17019902,0.0,0.0
2018-07-06 00:00:00+05:30,531.0835077970065,535.858207060358,522.3367342719638,528.6138305664062,11215356,0.0,0.0
2018-07-09 00:00:00+05:30,533.8620611551742,536.331739155892,526.4736279013176,534.62353515625,6644998,0.0,0.0
2018-07-10 00:00:00+05:30,538.5955989263365,541.4562891165733,532.7507145502259,535.6731567382812,5974488,0.0,0.0
2018-07-11 00:00:00+05:30,542.3207058076921,552.4257743921196,531.536415506497,543.5143432617188,11899832,0.0,0.0
2018-07-12 00:00:00+05:30,545.83988956244,546.251502487266,528.696201194299,532.7711791992188,13272240,0.0,0.0
2018-07-13 00:00:00+05:30,541.2711518502214,548.1039183187278,534.4177846312602,542.259033203125,19496158,0.0,0.0
2018-07-16 00:00:00+05:30,542.2590070897297,569.8370796582125,530.0340701470088,548.618408203125,35344680,0.0,0.0
2018-07-17 00:00:00+05:30,547.3218058966814,555.4717636912209,540.3243846423275,546.5809326171875,11161690,0.0,0.0
2018-07-18 00:00:00+05:30,551.4791701426427,552.9609670349499,540.8595336305983,544.3788452148438,6919016,0.0,0.0
2018-07-19 00:00:00+05:30,544.5638845784221,548.2272495578361,538.8424550314404,541.970703125,5118864,0.0,0.0
2018-07-20 00:00:00+05:30,545.7988099932676,562.7366941232746,543.8642490908273,554.8954467773438,11705738,0.0,0.0
2018-07-23 00:00:00+05:30,556.5624877745416,563.0865433038812,550.0178314984,558.1265869140625,7675702,0.0,0.0
2018-07-24 00:00:00+05:30,565.7209085057756,569.0138124548829,558.1472193736836,566.8528442382812,6172246,0.0,0.0
2018-07-25 00:00:00+05:30,567.6144180146229,573.7063114897238,562.0370408720225,569.569580078125,6936922,0.0,0.0
2018-07-26 00:00:00+05:30,567.4291888872457,572.3067934695226,563.5805666818984,565.2476196289062,7362218,0.0,0.0
2018-07-27 00:00:00+05:30,565.227052786248,571.7305594499196,563.2101889214229,565.3299560546875,6493232,0.0,0.0
2018-07-30 00:00:00+05:30,563.909881388497,565.1447205448221,554.8543942421123,556.0892333984375,6409970,0.0,0.0
2018-07-31 00:00:00+05:30,555.0807184552193,563.9097970034425,549.7297495785443,561.8928833007812,7943996,0.0,0.0
2018-08-01 00:00:00+05:30,561.3578312547446,563.2717915141512,556.0891647399683,557.3446044921875,4675706,0.0,0.0
2018-08-02 00:00:00+05:30,559.6290088226281,562.5720517380083,555.7392861816288,557.179931640625,5940742,0.0,0.0
2018-08-03 00:00:00+05:30,562.3456394254896,562.3456394254896,558.1472070811342,561.4812622070312,3970390,0.0,0.0
2018-08-06 00:00:00+05:30,562.2838771531608,565.9677928702829,554.6484370128773,560.0611572265625,6178930,0.0,0.0
2018-08-07 00:00:00+05:30,565.5561964283133,568.0052733960715,560.0611735645624,563.06591796875,7351528,0.0,0.0
2018-08-08 00:00:00+05:30,564.6505928949202,564.9387018248874,557.0357542910875,560.9254760742188,3992358,0.0,0.0
2018-08-09 00:00:00+05:30,565.4121784393064,571.9156333576193,565.4121784393064,568.0053100585938,6409524,0.0,0.0
2018-08-10 00:00:00+05:30,570.4132697740931,571.7304111702203,565.1652044447768,570.2691650390625,4779520,0.0,0.0
2018-08-13 00:00:00+05:30,572.1421188720053,580.3126275707793,567.4908714764077,579.85986328125,9979746,0.0,0.0
2018-08-14 00:00:00+05:30,582.0001948899453,586.3633329887705,577.9046655422642,579.6746215820312,6151320,0.0,0.0
2018-08-16 00:00:00+05:30,582.4116154615376,590.6233224381239,580.8886679273469,588.4212036132812,6626774,0.0,0.0
2018-08-17 00:00:00+05:30,588.9769565280935,591.7553438289062,585.7252043046651,588.7505493164062,6390408,0.0,0.0
2018-08-20 00:00:00+05:30,571.3188172323686,579.5304760993421,565.3504290120017,569.7752685546875,16101876,0.0,0.0
2018-08-21 00:00:00+05:30,572.1420731957946,574.6117512095894,565.4533619084337,569.6517944335938,8361482,0.0,0.0
2018-08-23 00:00:00+05:30,573.3768811201677,576.8755914500466,570.2280317741315,575.18798828125,7717182,0.0,0.0
2018-08-24 00:00:00+05:30,574.8174459265643,577.0401657558751,566.4205322634559,567.3261108398438,7053000,0.0,0.0
2018-08-27 00:00:00+05:30,569.2607747488844,584.4698548870152,568.6022040029479,582.5970458984375,7012950,0.0,0.0
2018-08-28 00:00:00+05:30,583.3378904677884,592.0641157210664,580.9917165989413,586.4249877929688,6496890,0.0,0.0
2018-08-29 00:00:00+05:30,590.088309507237,590.088309507237,578.3779412884362,580.4154052734375,5646496,0.0,0.0
2018-08-30 00:00:00+05:30,581.5268256261907,585.1284391230545,574.673459608728,582.92626953125,11507962,0.0,0.0
2018-08-31 00:00:00+05:30,586.5897285225063,598.6088593409808,584.9432763757892,593.175537109375,10875864,0.0,0.0
2018-09-03 00:00:00+05:30,596.4272489024098,604.2067448068043,588.6066017463396,590.35595703125,10976328,0.0,0.0
2018-09-04 00:00:00+05:30,594.3691107058385,616.184597456122,589.4297552152082,606.8410034179688,15370124,0.0,2.0
2018-09-05 00:00:00+05:30,610.7924819243897,612.5212362596042,597.1681029856842,600.8726196289062,8658978,0.0,0.0
2018-09-06 00:00:00+05:30,603.0540316170972,605.482557703255,596.0977637670129,598.608642578125,5598659,0.0,0.0
2018-09-07 00:00:00+05:30,604.5359388670615,605.1945598046658,595.8509153939287,603.2599487304688,6510605,0.0,0.0
2018-09-10 00:00:00+05:30,607.334880605426,614.9497198403975,600.4609647456583,601.6546020507812,5629871,0.0,0.0
2018-09-11 00:00:00+05:30,605.8120648625054,613.0975952414022,602.6014631979946,604.494873046875,6963561,0.0,0.0
2018-09-12 00:00:00+05:30,612.809362740886,614.5381169837444,606.1000517471961,611.5745239257812,4636617,0.0,0.0
2018-09-14 00:00:00+05:30,610.7514403739599,613.3034210882493,600.1729552453343,604.0009765625,7896514,0.0,0.0
2018-09-17 00:00:00+05:30,605.0710957195519,609.187225622406,596.5095254233248,597.6209106445312,5427054,0.0,0.0
2018-09-18 00:00:00+05:30,600.9548713287874,600.9548713287874,590.2529352640282,591.981689453125,7729732,0.0,0.0
2018-09-19 00:00:00+05:30,598.4853568201307,598.4853568201307,587.1248470286749,592.5169677734375,4849498,0.0,0.0
2018-09-21 00:00:00+05:30,587.6598489742441,590.5823414159854,569.6723813100708,580.6212768554688,14350769,0.0,0.0
2018-09-24 00:00:00+05:30,581.6091384648696,600.913797200499,581.6091384648696,591.2820434570312,8637881,0.0,0.0
2018-09-25 00:00:00+05:30,591.2820041853879,605.8942639477139,590.2529718077593,597.82666015625,9602273,0.0,0.0
2018-09-26 00:00:00+05:30,601.9429181098005,602.4779849129075,586.1369673675953,590.9528198242188,6599606,0.0,0.0
2018-09-27 00:00:00+05:30,594.3691715866859,601.6135503325028,590.6235033384361,596.6741943359375,14592616,0.0,0.0
2018-09-28 00:00:00+05:30,593.5459692425612,604.7006719302208,588.7712683047351,600.9961547851562,7490031,0.0,0.0
2018-10-01 00:00:00+05:30,607.1292047960968,621.4533579973747,603.4246876142902,614.6617431640625,8252398,0.0,0.0
2018-10-03 00:00:00+05:30,612.3153771944166,619.0246879703525,597.9089248190975,599.7200317382812,7792464,0.0,0.0
2018-10-04 00:00:00+05:30,599.7201281807303,600.7491606587344,578.3162526382472,582.1854248046875,6173037,0.0,0.0
2018-10-05 00:00:00+05:30,586.9601202711019,602.1898008110954,583.914174113958,596.509521484375,8543578,0.0,0.0
2018-10-08 00:00:00+05:30,596.8798599595168,599.8846542465234,583.8729022876245,588.1536865234375,7259306,0.0,0.0
2018-10-09 00:00:00+05:30,590.3352444205537,594.6983816774411,578.439670933825,590.870361328125,6777212,0.0,0.0
2018-10-10 00:00:00+05:30,592.6404178685233,592.6404178685233,572.4713808559234,576.628662109375,8866251,0.0,0.0
2018-10-11 00:00:00+05:30,563.909941166585,570.4134481776048,546.045922762233,554.3193359375,10985897,0.0,0.0
2018-10-12 00:00:00+05:30,556.8300739248614,563.1277225352216,544.5639867035432,558.8057861328125,8909221,0.0,0.0
2018-10-15 00:00:00+05:30,566.8734093709465,580.3743360090222,561.0285248087214,575.2703247070312,6222176,0.0,0.0
2018-10-16 00:00:00+05:30,584.4903597373922,587.7009606849415,567.5319271447075,572.3477783203125,11588963,0.0,0.0
2018-10-17 00:00:00+05:30,584.4904353878793,594.2044917296878,577.3695106894411,580.6624145507812,20360697,0.0,0.0
2018-10-19 00:00:00+05:30,565.5561425673411,566.1324106947918,558.1471101319611,562.7160034179688,10421001,0.0,0.0
2018-10-22 00:00:00+05:30,566.9557914234555,572.1832567494798,554.6897031641683,559.7525634765625,6672840,0.0,0.0
2018-10-23 00:00:00+05:30,556.4596834302995,561.4401912063707,537.813592465695,541.3534545898438,9041701,0.0,0.0
2018-10-24 00:00:00+05:30,545.7988443521768,548.6801353857102,532.7507321986099,534.9322509765625,7058164,0.0,0.0
2018-10-25 00:00:00+05:30,535.0986314012825,546.2083571637642,529.4813440576454,539.8837280273438,8270469,7.0,0.0
2018-10-26 00:00:00+05:30,537.0127043723934,539.8421733636645,524.1969967359701,527.2760620117188,5464141,0.0,0.0
2018-10-29 00:00:00+05:30,527.3593549226296,541.3817505109051,525.5285248832214,536.5550537109375,7137446,0.0,0.0
2018-10-30 00:00:00+05:30,533.5174952835432,552.4082363797855,530.4800293750304,548.9130249023438,8793411,0.0,0.0
2018-10-31 00:00:00+05:30,552.4914671348552,576.6665986091341,551.7840745115141,571.2157592773438,11947995,0.0,0.0
2018-11-01 00:00:00+05:30,573.9620450104132,573.9620450104132,548.9130697049795,554.8216552734375,5860244,0.0,0.0
2018-11-02 00:00:00+05:30,554.1974018537782,562.3944598581148,549.3290558267017,551.1182861328125,6654067,0.0,0.0
2018-11-05 00:00:00+05:30,552.1585368938274,556.4026892038885,546.7492972709038,554.239013671875,5799426,0.0,0.0
2018-11-06 00:00:00+05:30,555.8201509467649,561.7286841967167,549.7867687831705,554.6134643554688,6975525,0.0,0.0
2018-11-07 00:00:00+05:30,560.0644812255679,563.8093403125145,559.2322903173575,562.1449584960938,758956,0.0,0.0
2018-11-09 00:00:00+05:30,565.0574917854732,565.0574917854732,545.5010101110128,548.8297729492188,9694143,0.0,0.0
2018-11-12 00:00:00+05:30,554.2389608107807,562.8937636991542,551.159845314366,552.7410278320312,7118080,0.0,0.0
2018-11-13 00:00:00+05:30,552.1585501157119,555.6953607230846,546.1667666928787,553.9893798828125,4137808,0.0,0.0
2018-11-14 00:00:00+05:30,553.9894832482158,553.9894832482158,533.0182627518576,543.5870971679688,7323026,0.0,0.0
2018-11-15 00:00:00+05:30,544.2527827994679,554.2390723921187,538.1778001225177,546.2500610351562,5513390,0.0,0.0
2018-11-16 00:00:00+05:30,549.1627767168724,551.3264526667821,536.0973698686796,541.6314086914062,8583785,0.0,0.0
2018-11-19 00:00:00+05:30,548.4136659744604,550.9102380502167,540.2998067282525,542.3386840820312,6018930,0.0,0.0
2018-11-20 00:00:00+05:30,542.3387671958451,545.9171775609119,532.6853232144567,533.7672119140625,5384830,0.0,0.0
2018-11-21 00:00:00+05:30,532.6020340057815,532.6436333811107,509.3838937686868,515.209228515625,14359086,0.0,0.0
2018-11-22 00:00:00+05:30,517.830744742963,522.7406909644748,513.2536951711088,516.5824584960938,6632975,0.0,0.0
2018-11-26 00:00:00+05:30,516.7903600303167,522.6156942013508,499.1895086106817,517.1648559570312,15075209,0.0,0.0
2018-11-27 00:00:00+05:30,520.5352700841385,533.4342256177982,520.3688217896427,531.6866455078125,12285851,0.0,0.0
2018-11-28 00:00:00+05:30,533.3925773654802,556.4858666079977,532.6019861337362,554.5718383789062,17719890,0.0,0.0
2018-11-29 00:00:00+05:30,558.4001220426155,561.6456870333483,548.2473823923508,550.1198120117188,13399070,0.0,0.0
2018-11-30 00:00:00+05:30,550.0780991195556,559.2321975920445,550.0364997396231,555.4457397460938,10445773,0.0,0.0
2018-12-03 00:00:00+05:30,560.1892446457437,565.0575403982914,554.197460862912,557.8590698242188,8260890,0.0,0.0
2018-12-04 00:00:00+05:30,559.6898351323317,572.7552390476075,558.6495967759067,570.2586669921875,7827923,0.0,0.0
2018-12-05 00:00:00+05:30,568.3862333033383,568.9271775614118,559.6482311808126,567.0547485351562,5177288,0.0,0.0
2018-12-06 00:00:00+05:30,562.6440867270965,570.4250998989739,553.0322947316122,556.3194580078125,8039771,0.0,0.0
2018-12-07 00:00:00+05:30,559.2322585287649,570.674882866221,553.9062167018075,568.2199096679688,5553948,0.0,0.0
2018-12-10 00:00:00+05:30,557.4845822353237,569.0520027383362,553.5732757026369,556.9020385742188,5121196,0.0,0.0
2018-12-11 00:00:00+05:30,556.9020821143679,567.470915216519,549.7452109051886,561.3126831054688,7120933,0.0,0.0
2018-12-12 00:00:00+05:30,563.4762701918381,566.4305876409559,558.0670309534561,564.641357421875,6926183,0.0,0.0
2018-12-13 00:00:00+05:30,567.5540680073786,582.5335008873387,565.889686576272,580.6610717773438,7521474,0.0,0.0
2018-12-14 00:00:00+05:30,580.4114778481547,593.9345782137087,577.8733060919682,587.5682983398438,9560576,0.0,0.0
2018-12-17 00:00:00+05:30,592.3949167491317,592.3949167491317,576.5000950378173,577.8732299804688,4778465,0.0,0.0
2018-12-18 00:00:00+05:30,571.2989504496629,571.2989504496629,561.3542608185812,563.0602416992188,8021298,0.0,0.0
2018-12-19 00:00:00+05:30,558.857608779884,558.857608779884,550.1612065166134,553.2819213867188,8295459,0.0,0.0
2018-12-20 00:00:00+05:30,549.2459191173679,558.8577125433428,546.2500526029764,555.1128540039062,11705260,0.0,0.0
2018-12-21 00:00:00+05:30,548.8298465119807,548.8298465119807,535.4731939919894,537.76171875,12802132,0.0,0.0
2018-12-24 00:00:00+05:30,546.7493228765409,548.2472560683091,538.9267095075734,540.091796875,8379825,0.0,0.0
2018-12-26 00:00:00+05:30,538.4274461565288,538.4274461565288,530.3967846409,535.9724731445312,6178552,0.0,0.0
2018-12-27 00:00:00+05:30,543.2124626347841,551.9504647147002,540.0917476062426,546.5828247070312,15333902,0.0,0.0
2018-12-28 00:00:00+05:30,552.0339392780173,552.1587882586924,543.6704289814381,546.7079467773438,4736598,0.0,0.0
2018-12-31 00:00:00+05:30,549.2459215187662,550.910303099126,545.7507100414315,548.3721313476562,3373319,0.0,0.0
2019-01-01 00:00:00+05:30,550.0365243347873,554.4887248374226,544.3776370027874,553.448486328125,2943390,0.0,0.0
2019-01-02 00:00:00+05:30,554.2389892457521,560.8965146420975,550.9518259227291,556.7771606445312,7416655,0.0,0.0
2019-01-03 00:00:00+05:30,559.2321970083242,563.3931508551124,551.8256788438839,556.8604736328125,6827249,0.0,0.0
2019-01-04 00:00:00+05:30,559.0242652490715,560.813496091407,541.7563032037895,550.1198120117188,7889310,0.0,0.0
2019-01-07 00:00:00+05:30,553.4069161181424,560.56373712221,550.4942481385732,558.9826049804688,8046340,0.0,0.0
2019-01-08 00:00:00+05:30,561.6872527585969,563.7677299887621,556.3612107322134,557.6094970703125,8621545,0.0,0.0
2019-01-09 00:00:00+05:30,571.0493223778338,574.045188863342,552.5746769361488,562.6441650390625,18130292,0.0,0.0
2019-01-10 00:00:00+05:30,567.2211464627308,567.5540430514704,559.6898309767104,565.6400146484375,9572493,0.0,0.0
2019-01-11 00:00:00+05:30,566.0561488933191,570.4667496363787,559.6482700663233,568.8023681640625,12281903,0.0,0.0
2019-01-14 00:00:00+05:30,588.3589603588891,591.0219813705788,579.1632611653255,584.1148071289062,19312937,0.0,0.0
2019-01-15 00:00:00+05:30,588.5253291651422,607.4992687709153,588.5253291651422,604.6697998046875,19671304,0.0,0.0
2019-01-16 00:00:00+05:30,607.4159353918016,613.9902106142356,606.2508482420624,613.1580200195312,9658944,0.0,0.0
2019-01-17 00:00:00+05:30,612.3259870153353,614.9890077623305,606.75029843726,610.287109375,6903771,0.0,0.0
2019-01-18 00:00:00+05:30,607.4992036079171,612.6587960437128,604.4200878968061,608.289794921875,5902151,0.0,0.0
2019-01-21 00:00:00+05:30,614.3232296852407,624.9752612632393,610.8280183318477,619.9821166992188,8129422,0.0,0.0
2019-01-22 00:00:00+05:30,616.8614145900027,623.3108931236587,610.8280314456149,620.2733764648438,6723375,0.0,0.0
2019-01-23 00:00:00+05:30,617.7767757756257,617.9848234607111,606.8334980158653,608.8723754882812,7212099,0.0,0.0
2019-01-24 00:00:00+05:30,609.2488626027837,615.9429857510504,603.3078487375395,612.5122680664062,7429783,4.0,0.0
2019-01-25 00:00:00+05:30,609.1652135282023,617.4492114487061,606.0273432662095,611.131591796875,5543112,0.0,0.0
2019-01-28 00:00:00+05:30,611.675537466966,613.0143417439323,601.6343521733907,609.1234130859375,7944693,0.0,0.0
2019-01-29 00:00:00+05:30,607.0732856198695,613.223490758644,599.5423971697263,609.08154296875,6760819,0.0,0.0
2019-01-30 00:00:00+05:30,609.0816732144091,614.8553249508894,603.3916265331934,607.4081420898438,5763026,0.0,0.0
2019-01-31 00:00:00+05:30,607.4915761222941,628.6617268939543,607.4915761222941,627.1973876953125,13825233,0.0,0.0
2019-02-01 00:00:00+05:30,628.7036328000394,638.0335869927756,622.971810512946,633.4732055664062,6276585,0.0,0.0
2019-02-04 00:00:00+05:30,633.4313467153656,638.0335559715538,626.9045874391917,632.5109252929688,3945391,0.0,0.0
2019-02-05 00:00:00+05:30,625.0637968404512,635.899919731023,625.0637968404512,631.6323852539062,4694366,0.0,0.0
2019-02-06 00:00:00+05:30,632.2181316644517,641.7572783158081,631.2140029002915,638.7030639648438,5880482,0.0,0.0
2019-02-07 00:00:00+05:30,638.4939419086096,643.8492618507087,636.778582747694,639.2888793945312,3961797,0.0,0.0
2019-02-08 00:00:00+05:30,635.9417758799401,646.1921531885313,631.674292286433,636.6948852539062,5915169,0.0,0.0
2019-02-11 00:00:00+05:30,641.7154369189782,643.2634325554711,635.1049695084262,638.28466796875,5500216,0.0,0.0
2019-02-12 00:00:00+05:30,636.2345696116539,636.2345696116539,620.0431790885888,627.9506225585938,7310690,0.0,0.0
2019-02-14 00:00:00+05:30,628.4108214125566,630.0843522285688,616.9052970524732,619.2482299804688,4610535,0.0,0.0
2019-02-15 00:00:00+05:30,621.1309822437732,624.6454073421027,613.0143471784224,620.838134765625,5586389,0.0,0.0
2019-02-18 00:00:00+05:30,621.1727456930507,625.6076429667727,615.8593060762618,620.0849609375,5346825,0.0,0.0
2019-02-19 00:00:00+05:30,618.4532702071276,619.6665902191703,603.5588566990209,606.0691528320312,9401334,0.0,0.0
2019-02-20 00:00:00+05:30,608.3284784826564,621.7167256019445,607.5335410955266,619.7921752929688,5210675,0.0,0.0
2019-02-21 00:00:00+05:30,617.532981077812,617.532981077812,608.4122160774909,613.7257080078125,7202786,0.0,0.0
2019-02-22 00:00:00+05:30,612.9307492031048,617.700322926685,609.1653043274544,614.9808349609375,3750833,0.0,0.0
2019-02-25 00:00:00+05:30,615.4827538832928,634.2681465380559,615.4827538832928,631.6741943359375,6547552,0.0,0.0
2019-02-26 00:00:00+05:30,626.4024655310192,629.7495266368694,619.3318398025903,621.2982177734375,8319610,0.0,0.0
2019-02-27 00:00:00+05:30,623.390274852038,624.5617669383225,613.1398978494374,615.2318115234375,5936354,0.0,0.0
2019-02-28 00:00:00+05:30,618.118555434839,621.2145973499709,612.7632369290917,614.436767578125,8559921,0.0,0.0
2019-03-01 00:00:00+05:30,615.4409457117025,622.0514127362248,615.4409457117025,620.7962646484375,3998826,0.0,0.0
2019-03-05 00:00:00+05:30,619.6248490577672,621.2983800477949,611.048002733875,612.9307250976562,4826505,0.0,0.0
2019-03-06 00:00:00+05:30,615.9430604508611,615.9430604508611,608.32851487508,612.9307250976562,6076668,0.0,0.0
2019-03-07 00:00:00+05:30,614.185760974023,614.6041436449862,602.9312569106913,604.9395141601562,5951551,0.0,0.0
2019-03-08 00:00:00+05:30,604.9395682799476,604.9395682799476,594.6473638678999,596.06982421875,7193994,0.0,0.0
2019-03-11 00:00:00+05:30,596.8648341963444,601.216025107439,593.601479317109,595.1494750976562,9932198,0.0,0.0
2019-03-12 00:00:00+05:30,593.2667506945074,598.2455157278757,590.4217275119787,591.5513916015625,11997387,0.0,0.0
2019-03-13 00:00:00+05:30,594.1034948430915,601.2996575912193,591.0074523315996,592.8065185546875,11348867,0.0,0.0
2019-03-14 00:00:00+05:30,597.4505850017655,598.2036944033026,590.9238241195305,592.7228393554688,6415187,0.0,0.0
2019-03-15 00:00:00+05:30,595.7770694171603,605.6090645936373,593.7688116756718,601.2578735351562,14638664,0.0,0.0
2019-03-18 00:00:00+05:30,603.7680801002481,605.5671461866016,590.212470047842,594.2708129882812,8065544,0.0,0.0
2019-03-19 00:00:00+05:30,596.4464376535681,607.9101352077655,591.9279346008663,604.3538818359375,8917337,0.0,0.0
2019-03-20 00:00:00+05:30,608.5377142249699,621.1310248755673,608.4540581032172,618.327880859375,13471173,0.0,0.0
2019-03-22 00:00:00+05:30,623.3902898985211,624.5199028809017,612.7633579636808,621.8004150390625,8883260,0.0,0.0
2019-03-25 00:00:00+05:30,621.2147050599224,621.2147050599224,611.299003601895,615.2318115234375,7644966,0.0,0.0
2019-03-26 00:00:00+05:30,615.2317955465261,615.2317955465261,601.7180131345793,608.9560546875,9406261,0.0,0.0
2019-03-27 00:00:00+05:30,610.8387879791609,612.7633383296046,608.4540268384975,610.5877685546875,7387487,0.0,0.0
2019-03-28 00:00:00+05:30,610.8388396371147,623.3903226433567,610.8388396371147,617.3656005859375,9277241,0.0,0.0
2019-04-01 00:00:00+05:30,620.8798861065032,635.9416623193295,620.8798861065032,631.8414916992188,6584982,0.0,0.0
2019-04-02 00:00:00+05:30,635.1049706598853,640.794965452693,631.4231822851871,635.439697265625,7283600,0.0,0.0
2019-04-03 00:00:00+05:30,632.594603805019,634.6865171773901,624.8963523802727,630.3353271484375,6897127,0.0,0.0
2019-04-04 00:00:00+05:30,628.74563489918,630.7538415126704,623.4739712424957,625.8169555664062,7688525,0.0,0.0
2019-04-05 00:00:00+05:30,628.327158325293,636.7366403679755,625.9005182401714,635.35595703125,6276040,0.0,0.0
2019-04-08 00:00:00+05:30,638.4938149250469,644.3093445480511,632.0925903919564,642.0082397460938,4919911,0.0,0.0
2019-04-09 00:00:00+05:30,644.3094023513702,646.8196987241678,634.4355801661219,636.4437866210938,6730692,0.0,0.0
2019-04-10 00:00:00+05:30,639.2888135380467,641.5480905018834,628.6618819467486,629.8333740234375,7031088,0.0,0.0
2019-04-11 00:00:00+05:30,629.0384152078535,629.0384152078535,619.2482494125446,621.4656982421875,8200995,0.0,0.0
2019-04-12 00:00:00+05:30,621.8003049124168,628.8709822633381,619.7083915584225,625.6912841796875,7043212,0.0,0.0
2019-04-15 00:00:00+05:30,606.4039540755022,611.9684138788698,596.2790611158019,608.7468872070312,31574803,0.0,0.0
2019-04-16 00:00:00+05:30,609.0815437520951,609.0815437520951,597.5341405893397,605.9017944335938,12524411,0.0,0.0
2019-04-18 00:00:00+05:30,604.5631291896501,604.5631291896501,596.4046648165025,600.0027465820312,13801105,0.0,0.0
2019-04-22 00:00:00+05:30,600.0026088714303,607.2824779325804,598.2872500472546,603.3496704101562,6455426,0.0,0.0
2019-04-23 00:00:00+05:30,605.7345601997193,610.8388092730187,601.1323499928678,609.3326416015625,5516668,0.0,0.0
2019-04-24 00:00:00+05:30,609.3325861963318,617.4492209466289,605.8181612344177,616.2359008789062,8285120,0.0,0.0
2019-04-25 00:00:00+05:30,616.2358943923042,617.2400230954397,608.3702791352013,609.6254272460938,8005235,0.0,0.0
2019-04-26 00:00:00+05:30,611.6755398385893,619.039065534673,610.002008949838,617.5328979492188,6895168,0.0,0.0
2019-04-30 00:00:00+05:30,617.5329364023968,630.7538210323617,617.5329364023968,628.7037353515625,9920046,0.0,0.0
2019-05-02 00:00:00+05:30,625.0637891724733,626.235281227611,610.420393843801,611.5081787109375,6351352,0.0,0.0
2019-05-03 00:00:00+05:30,604.8978864673037,611.6756675530654,600.9650778431677,605.4835815429688,6348116,0.0,0.0
2019-05-06 00:00:00+05:30,598.2873012385617,603.977296126828,594.6473919325978,601.13232421875,8858265,0.0,0.0
2019-05-07 00:00:00+05:30,602.8058354606853,609.0815761779796,601.3833240170102,606.2783813476562,5747536,0.0,0.0
2019-05-08 00:00:00+05:30,603.3079296069941,607.4917571354754,599.542484831361,601.92724609375,6247642,0.0,0.0
2019-05-09 00:00:00+05:30,601.7598468225251,611.0897502184599,598.9566521405785,603.3496704101562,7396525,0.0,0.0
2019-05-10 00:00:00+05:30,603.1406224532857,607.4918137024931,598.2873922827583,599.8353881835938,8352335,0.0,0.0
2019-05-13 00:00:00+05:30,599.5842612287666,607.8682594502103,595.8606448348428,602.2200927734375,6808993,0.0,0.0
2019-05-14 00:00:00+05:30,599.5425224000784,600.5884793477408,588.748226271356,597.3250732421875,10513001,0.0,0.0
2019-05-15 00:00:00+05:30,598.2035640477992,606.8222368649567,596.2789629015116,599.2076416015625,6668929,0.0,0.0
2019-05-16 00:00:00+05:30,602.4711920879919,616.696206345625,601.7180826690357,613.4328002929688,6468556,0.0,0.0
2019-05-17 00:00:00+05:30,613.4746388811405,615.6920367844168,602.554808388584,605.7345581054688,8155948,0.0,0.0
2019-05-20 00:00:00+05:30,602.2201540373762,607.8264932272247,590.7564562164862,604.4794311523438,11213708,0.0,0.0
2019-05-21 00:00:00+05:30,604.6886113419297,604.6886113419297,592.1789568541374,593.5177612304688,8645535,0.0,0.0
2019-05-22 00:00:00+05:30,594.1034784750352,601.0067935418226,591.5931820871125,593.894287109375,5795713,0.0,0.0
2019-05-23 00:00:00+05:30,598.2871430557698,599.7096541697623,583.6019233951838,586.6142578125,7233736,0.0,0.0
2019-05-24 00:00:00+05:30,588.9156492014919,595.5679462763262,586.1125047268974,593.4342041015625,7016424,0.0,0.0
2019-05-27 00:00:00+05:30,591.927976841417,597.2832457755296,590.3381018505349,592.513671875,10247544,0.0,0.0
2019-05-28 00:00:00+05:30,595.7769981029726,613.7256271506934,593.9361039056482,609.2489013671875,23860490,0.0,0.0
2019-05-29 00:00:00+05:30,607.073252671546,613.8929106045542,605.5252572252083,608.997802734375,10293077,0.0,0.0
2019-05-30 00:00:00+05:30,608.3285828169828,616.9054300987904,604.604965733872,613.8093872070312,15089296,0.0,0.0
2019-05-31 00:00:00+05:30,616.2776517593347,621.6747982315252,613.5163364465238,617.3236083984375,8290306,0.0,0.0
2019-06-03 00:00:00+05:30,610.6714145468102,628.327196166319,610.0020124019434,623.097412109375,7744761,0.0,0.0
2019-06-04 00:00:00+05:30,616.9052010412416,618.7460948667714,613.4744838311949,615.2734985351562,11733702,0.0,0.0
2019-06-06 00:00:00+05:30,616.2777064437894,623.0973647647118,613.8929455238676,615.5245971679688,7563925,0.0,0.0
2019-06-07 00:00:00+05:30,615.7338812281629,622.5117125147983,615.7338812281629,618.453369140625,3218358,0.0,0.0
2019-06-10 00:00:00+05:30,619.2901294284611,631.0048464910234,619.2901294284611,630.5028076171875,4435148,0.0,0.0
2019-06-11 00:00:00+05:30,631.7578504435781,635.1049119028819,627.9924063018615,631.6741943359375,5733127,0.0,0.0
2019-06-12 00:00:00+05:30,633.3896157684432,633.3896157684432,623.3902584553085,630.7537841796875,8738342,0.0,0.0
2019-06-13 00:00:00+05:30,627.9534365836817,634.0632641632083,627.9534365836817,630.2022094726562,4808577,10.5,0.0
2019-06-14 00:00:00+05:30,631.2204876140443,632.6206748149635,626.4684281450662,628.3353271484375,5556353,0.0,0.0
2019-06-17 00:00:00+05:30,630.4992726963133,631.7721514433449,626.0866160145566,628.4202270507812,3085588,0.0,0.0
2019-06-18 00:00:00+05:30,628.1231512050501,638.5183261244877,628.1231512050501,636.5665893554688,6202838,0.0,0.0
2019-06-19 00:00:00+05:30,638.5607664664632,641.0216858187757,635.2512613779825,638.0516357421875,4596253,0.0,0.0
2019-06-20 00:00:00+05:30,626.0865645107799,642.2945836324693,624.474282639979,640.597412109375,7148684,0.0,0.0
2019-06-21 00:00:00+05:30,640.6822712562738,640.6822712562738,634.0208935242146,636.6090698242188,13200318,0.0,0.0
2019-06-24 00:00:00+05:30,638.051574375308,638.051574375308,630.2021570706991,632.62060546875,4758178,0.0,0.0
2019-06-25 00:00:00+05:30,631.3479059498877,637.203169343465,625.6623700940438,634.8270874023438,3677911,0.0,0.0
2019-06-26 00:00:00+05:30,630.4991513124417,637.6697105656219,626.2562229725195,627.2745361328125,5447130,0.0,0.0
2019-06-27 00:00:00+05:30,629.6506436324637,631.9418355785186,617.8977513925992,619.934326171875,11122346,0.0,0.0
2019-06-28 00:00:00+05:30,624.1348451708184,627.5291883124679,618.1947446729316,621.164794921875,5919494,0.0,0.0
2019-07-01 00:00:00+05:30,623.7103946470005,625.8318585743713,619.3401582391956,620.5706176757812,3224968,0.0,0.0
2019-07-02 00:00:00+05:30,622.8619764173353,629.3536784966049,619.5524710840672,627.9534912109375,4837606,0.0,0.0
2019-07-03 00:00:00+05:30,628.8019080726903,630.6688066874872,619.467466792259,620.5706176757812,5958379,0.0,0.0
2019-07-04 00:00:00+05:30,618.6189379167315,624.8984924346811,618.2794829398206,622.692138671875,3274064,0.0,0.0
2019-07-05 00:00:00+05:30,623.7105655935814,624.8986064359483,605.4659708177146,609.2846069335938,4926289,0.0,0.0
2019-07-08 00:00:00+05:30,607.9692258953239,615.1822042358377,604.4475745763548,608.945068359375,7177092,0.0,0.0
2019-07-09 00:00:00+05:30,609.2845502489517,610.8544131220012,601.689697655242,607.1630859375,5022638,0.0,0.0
2019-07-10 00:00:00+05:30,601.647179184412,613.272812046404,599.5257152239592,608.6480102539062,7573816,0.0,0.0
2019-07-11 00:00:00+05:30,610.5151090478668,613.9518714317909,602.1565072272832,612.2546997070312,6252688,0.0,0.0
2019-07-12 00:00:00+05:30,613.1032272249635,619.9767513387097,610.642307740821,616.709716796875,7874441,0.0,0.0
2019-07-15 00:00:00+05:30,647.4709197446603,663.2970645161327,640.0033755899351,661.3452758789062,31064152,0.0,0.0
2019-07-16 00:00:00+05:30,659.3511347165739,668.5158505546938,658.5025489576079,666.0125122070312,9924322,0.0,0.0
2019-07-17 00:00:00+05:30,665.2064749342607,674.6257572424822,659.139065330941,673.9044799804688,6754348,0.0,0.0
2019-07-18 00:00:00+05:30,669.5766521716987,677.5957987840245,667.158203225339,672.6740112304688,6534471,0.0,0.0
2019-07-19 00:00:00+05:30,669.2795705761014,674.2013574143724,662.957596576436,666.479248046875,6812754,0.0,0.0
2019-07-22 00:00:00+05:30,666.9459126542217,672.0798455602061,663.6364078488125,665.630615234375,7107151,0.0,0.0
2019-07-23 00:00:00+05:30,667.8369338835627,682.2628905239953,666.6064742819902,670.4251098632812,10782564,0.0,0.0
2019-07-24 00:00:00+05:30,668.6856482926496,673.5650169191506,664.9518498436383,667.2430419921875,5745146,0.0,0.0
2019-07-25 00:00:00+05:30,668.8976942270037,679.0383039463412,668.388563512096,674.2013549804688,9773568,0.0,0.0
2019-07-26 00:00:00+05:30,672.3344076993807,674.6255993388659,663.7637132553921,667.8369140625,4941763,0.0,0.0
2019-07-29 00:00:00+05:30,669.958345829686,676.280319046448,667.1580236472471,671.6130981445312,6244316,0.0,0.0
2019-07-30 00:00:00+05:30,671.9951529116282,677.0017783324504,669.1523592482272,672.6740112304688,8673253,0.0,0.0
2019-07-31 00:00:00+05:30,671.1040818193248,678.6989353438777,663.25466290491,673.4801635742188,7350584,0.0,0.0
2019-08-01 00:00:00+05:30,667.3703220274037,669.0250747190742,648.6590152365278,652.4351806640625,10066407,0.0,0.0
2019-08-02 00:00:00+05:30,649.2105166479282,661.812046091557,646.8344869104138,658.1630859375,10838336,0.0,0.0
2019-08-05 00:00:00+05:30,655.6173857041751,666.9036185775585,652.265513140369,659.0966186523438,9976238,0.0,0.0
2019-08-06 00:00:00+05:30,660.8786445965376,665.0367359473511,653.2413720046048,657.1873168945312,9331718,0.0,0.0
2019-08-07 00:00:00+05:30,660.963422704366,664.8244772821548,655.4051449323567,658.5873413085938,5130457,0.0,0.0
2019-08-08 00:00:00+05:30,664.1880274029003,672.7163031963463,662.9575677983546,669.3219604492188,8009009,0.0,0.0
2019-08-09 00:00:00+05:30,672.0798510026581,676.1106329373332,665.9700238166495,670.25537109375,4362520,0.0,0.0
2019-08-13 00:00:00+05:30,665.4185163849863,666.9883792574167,645.0524590030805,648.9559326171875,7517099,0.0,0.0
2019-08-14 00:00:00+05:30,657.73881830534,660.4118842336059,651.7138799761121,657.4842529296875,5940968,0.0,0.0
2019-08-16 00:00:00+05:30,661.8968975101864,661.9393164397753,647.0466466045092,657.2720947265625,5128088,0.0,0.0
2019-08-19 00:00:00+05:30,658.1631286635724,664.4426843286777,656.2538106051567,659.9027709960938,3881451,0.0,0.0
2019-08-20 00:00:00+05:30,666.3095574197249,677.1714449244619,665.1639355533001,672.7163696289062,8435344,0.0,0.0
2019-08-21 00:00:00+05:30,672.9285883720261,682.0508863858965,672.9285883720261,678.4019775390625,5926896,0.0,0.0
2019-08-22 00:00:00+05:30,678.7837972555803,679.9717862908961,672.3769330768054,675.2197265625,5222488,0.0,0.0
2019-08-23 00:00:00+05:30,675.8561057522016,687.3120129501576,675.3045043178382,680.7354736328125,6895015,0.0,0.0
2019-08-26 00:00:00+05:30,675.3894066461729,684.6389600738967,667.75213503748,681.032470703125,5412074,0.0,0.0
2019-08-27 00:00:00+05:30,671.2313948374364,674.5833192411665,662.8303743616135,665.8428955078125,16061642,0.0,0.0
2019-08-28 00:00:00+05:30,668.1764872952599,683.1115768290011,667.2430118284215,680.9901123046875,5881134,0.0,0.0
2019-08-29 00:00:00+05:30,675.0500391458512,687.0999684937179,675.0500391458512,684.766357421875,7830413,0.0,0.0
2019-08-30 00:00:00+05:30,687.3543608640404,693.5914445322359,680.5656758184696,691.512451171875,8174186,0.0,0.0
2019-09-03 00:00:00+05:30,691.5974378951825,697.8769936315351,689.0940993870324,690.9609985351562,5647088,0.0,0.0
2019-09-04 00:00:00+05:30,687.990851693486,697.9193146760819,687.5665588463114,696.9434204101562,6199015,0.0,0.0
2019-09-05 00:00:00+05:30,704.4110153581173,710.6905706701207,701.4834359346858,707.762939453125,7926895,0.0,0.0
2019-09-06 00:00:00+05:30,715.612345062835,718.7521226634066,708.6115126992303,712.9393310546875,6106841,0.0,0.0
2019-09-09 00:00:00+05:30,710.0965597318952,713.0666099175037,702.2471413842159,703.5624389648438,4377870,0.0,0.0
2019-09-11 00:00:00+05:30,697.7920087566569,703.0956693664964,690.8760663975625,695.9251098632812,7981036,0.0,0.0
2019-09-12 00:00:00+05:30,692.7854614257812,695.7130409738332,688.0757688445153,692.7854614257812,4400017,0.0,0.0
2019-09-13 00:00:00+05:30,694.2279464188271,705.2171416869812,693.7188157118758,703.7321166992188,4832021,0.0,0.0
2019-09-16 00:00:00+05:30,706.0657780577628,711.0724548074671,696.307041723661,702.3744506835938,4846496,0.0,0.0
2019-09-17 00:00:00+05:30,705.5989872386043,708.5690370946899,696.3069637587107,705.3868408203125,5540901,0.0,0.0
2019-09-18 00:00:00+05:30,704.2413842995645,706.8295606608481,699.2347073041105,704.1989135742188,3199389,0.0,0.0
2019-09-19 00:00:00+05:30,699.955925911656,701.7804059674489,691.7671046086091,696.434326171875,6601607,0.0,0.0
2019-09-20 00:00:00+05:30,698.3012164833291,708.569083077567,680.5657540457589,683.1115112304688,22462366,0.0,0.0
2019-09-23 00:00:00+05:30,684.7238822582095,684.7238822582095,629.5658069079171,648.6165161132812,17279260,0.0,0.0
2019-09-24 00:00:00+05:30,649.1681128295278,677.723044653769,649.1681128295278,673.8195190429688,13717998,0.0,0.0
2019-09-25 00:00:00+05:30,668.4309601909183,679.7171395399229,663.2970271111578,672.6314697265625,9313576,0.0,0.0
2019-09-26 00:00:00+05:30,668.4733859845247,676.3228037190304,660.2845132521836,664.0607299804688,18442824,0.0,0.0
2019-09-27 00:00:00+05:30,667.8792913497974,673.9891180763392,661.9816110249163,663.763671875,5087642,0.0,0.0
2019-09-30 00:00:00+05:30,666.2246679476037,685.65730281664,665.4185529001838,683.6631469726562,8178091,0.0,0.0
2019-10-01 00:00:00+05:30,684.8086291121432,685.2753408674484,671.6979702778646,673.3951416015625,5881438,0.0,0.0
2019-10-03 00:00:00+05:30,672.5467916623751,677.0442868878017,665.4187006806355,666.6491088867188,5497672,0.0,0.0
2019-10-04 00:00:00+05:30,670.3827326164809,676.8319635039737,667.879394332175,673.3103637695312,8201713,0.0,0.0
2019-10-07 00:00:00+05:30,674.4982870692188,680.5656952190815,667.0731625889608,670.0007934570312,3679845,0.0,0.0
2019-10-09 00:00:00+05:30,675.0076264267587,675.3895004189263,660.8786512715496,664.9943237304688,6335025,0.0,0.0
2019-10-10 00:00:00+05:30,666.4792539309641,674.3710908715716,659.0116580623488,664.4850463867188,10402917,0.0,0.0
2019-10-11 00:00:00+05:30,663.1698361676453,699.065006960424,659.0117448203756,691.427734375,20636344,0.0,0.0
2019-10-14 00:00:00+05:30,667.6249047320455,676.3229095283639,661.8969503539822,667.0733032226562,15150858,0.0,0.0
2019-10-15 00:00:00+05:30,656.0416462120604,658.4601467627168,649.1681221071755,651.9684448242188,13762133,0.0,0.0
2019-10-16 00:00:00+05:30,649.3801770007635,658.4600539310638,646.2403996967362,654.6414184570312,10767032,0.0,0.0
2019-10-17 00:00:00+05:30,650.8653517655539,653.8778211966282,649.2530179211967,652.98681640625,9860495,0.0,0.0
2019-10-18 00:00:00+05:30,648.1497859204994,656.6356434261189,644.9251704270769,651.5865478515625,10037200,0.0,0.0
2019-10-22 00:00:00+05:30,586.4575382196058,586.4575382196058,541.6946439439173,546.1072998046875,90152532,0.0,0.0
2019-10-23 00:00:00+05:30,541.3384796372789,564.2379775715725,528.5353739819345,559.0393676757812,60516887,8.0,0.0
2019-10-24 00:00:00+05:30,558.5237734032152,561.2734393921497,543.0569612166646,545.9354858398438,25666433,0.0,0.0
2019-10-25 00:00:00+05:30,555.94598304995,560.6719535395555,546.494042070739,547.739990234375,16549337,0.0,0.0
2019-10-27 00:00:00+05:30,559.4688737327847,560.6718688356935,554.6999510846636,557.5355224609375,2945281,0.0,0.0
2019-10-29 00:00:00+05:30,559.382936891724,561.745921648179,555.945868155062,559.0822143554688,16709764,0.0,0.0
2019-10-30 00:00:00+05:30,567.4601465040402,576.9120868141313,563.8512133510844,567.6319580078125,22879467,0.0,0.0
2019-10-31 00:00:00+05:30,574.3342916677091,597.5774619418482,572.3579348959386,589.1136474609375,27405901,0.0,0.0
2019-11-01 00:00:00+05:30,592.8944672994779,596.331536675127,586.5358679763203,591.0900268554688,9713519,0.0,0.0
2019-11-04 00:00:00+05:30,585.8484974983234,629.4133647708866,582.7122029841829,609.2205810546875,29381982,0.0,0.0
2019-11-05 00:00:00+05:30,609.0056772298437,609.0056772298437,594.1833168316571,598.1359252929688,12897805,0.0,0.0
2019-11-06 00:00:00+05:30,597.8782403870715,619.9614228329414,594.6130347891828,612.05615234375,21372589,0.0,0.0
2019-11-07 00:00:00+05:30,616.0947149367382,622.4103092371707,611.8842837727705,618.7584228515625,13733737,0.0,0.0
2019-11-08 00:00:00+05:30,620.3910047378414,622.3243562068998,606.2130939647467,608.4901733398438,8585630,0.0,0.0
2019-11-11 00:00:00+05:30,600.5419738951829,607.6738824348546,599.768612299398,605.2679443359375,6951494,0.0,0.0
2019-11-13 00:00:00+05:30,598.479629565542,601.487064889992,590.9610412544171,594.0543823242188,9973690,0.0,0.0
2019-11-14 00:00:00+05:30,598.3506858674183,609.9078400444262,598.3506858674183,606.0411376953125,10539902,0.0,0.0
2019-11-15 00:00:00+05:30,609.2635133237978,612.6146770181326,603.4634586228076,604.8383178710938,7362623,0.0,0.0
2019-11-18 00:00:00+05:30,605.7834583131707,610.0797948969521,600.885624118557,605.955322265625,7490916,0.0,0.0
2019-11-19 00:00:00+05:30,609.9938898923068,613.5168649171262,605.7834590568264,612.5286865234375,6495885,0.0,0.0
2019-11-20 00:00:00+05:30,612.4856678040915,614.37606618916,605.7833939347662,612.6575317382812,6142171,0.0,0.0
2019-11-21 00:00:00+05:30,614.8058492859079,619.9185010094653,610.5095121140986,612.8724975585938,9692973,0.0,0.0
2019-11-22 00:00:00+05:30,611.583564629159,611.7983814765877,588.684067715065,595.6441650390625,14415826,0.0,0.0
2019-11-25 00:00:00+05:30,595.7730330572729,605.9124303719045,595.6441744140992,599.8545532226562,7334511,0.0,0.0
2019-11-26 00:00:00+05:30,605.783505482647,607.7168570958895,589.4574251930437,593.4100341796875,27253106,0.0,0.0
2019-11-27 00:00:00+05:30,596.5462432652979,599.4677726728878,592.9802634688726,597.8351440429688,3861635,0.0,0.0
2019-11-28 00:00:00+05:30,600.7137969607463,604.3656832806441,596.3745072344419,603.0767822265625,4837683,0.0,0.0
2019-11-29 00:00:00+05:30,602.260538685372,603.4634815721621,594.226357067451,598.350830078125,4262379,0.0,0.0
2019-12-02 00:00:00+05:30,604.1508261169674,604.9241876760091,593.1522150119612,595.2144775390625,9383736,0.0,0.0
2019-12-03 00:00:00+05:30,595.2143857699801,601.2292560268968,591.6484059966056,600.0692138671875,5239013,0.0,0.0
2019-12-04 00:00:00+05:30,598.909317089896,610.5094258140188,595.7729704196124,609.0916137695312,7427886,0.0,0.0
2019-12-05 00:00:00+05:30,607.0293787186483,615.1494649806565,604.7522994549195,614.2471923828125,4814422,0.0,0.0
2019-12-06 00:00:00+05:30,615.1923837103466,618.6724055021945,609.7360053334035,614.4619750976562,5226096,0.0,0.0
2019-12-09 00:00:00+05:30,615.2353641567183,620.6916903326968,613.7316464370616,616.3094482421875,6435865,0.0,0.0
2019-12-10 00:00:00+05:30,612.6576479900766,617.3836186267462,610.0798458246204,613.989501953125,4457939,0.0,0.0
2019-12-11 00:00:00+05:30,615.7509568667211,620.9925191250638,612.6576154108757,619.57470703125,6043554,0.0,0.0
2019-12-12 00:00:00+05:30,617.3835699804038,619.2739685752227,601.1004437625204,603.2915649414062,11112042,0.0,0.0
2019-12-13 00:00:00+05:30,601.7878506718857,612.5716975675551,601.7878506718857,611.1968383789062,10302412,0.0,0.0
2019-12-16 00:00:00+05:30,612.0560808194911,618.8443133958123,610.2516404868048,613.516845703125,5616324,0.0,0.0
2019-12-17 00:00:00+05:30,618.4146516995003,628.3391779701315,614.3760851263507,627.00732421875,10525565,0.0,0.0
2019-12-18 00:00:00+05:30,628.1244132204588,633.5377868671818,621.035457804496,629.370361328125,12215295,0.0,0.0
2019-12-19 00:00:00+05:30,630.2727464844132,632.3779624662074,622.6252443286811,627.9956665039062,7199210,0.0,0.0
2019-12-20 00:00:00+05:30,628.1243983358523,631.5614675469924,625.7614132531935,628.5969848632812,7794167,0.0,0.0
2019-12-23 00:00:00+05:30,629.1126180124955,633.5378134450369,628.6829843328982,632.4207763671875,4975608,0.0,0.0
2019-12-24 00:00:00+05:30,633.2370338693783,633.2370338693783,625.8043509029251,630.1866455078125,2890759,0.0,0.0
2019-12-26 00:00:00+05:30,628.9836698409637,631.1747909886018,624.3006525203946,626.3629150390625,3821806,0.0,0.0
2019-12-27 00:00:00+05:30,627.0502649287666,633.7095860020081,626.2769034388314,633.2369995117188,3399094,0.0,0.0
2019-12-30 00:00:00+05:30,632.5066937215461,634.0963698325123,624.9021984314574,629.757080078125,5368416,0.0,0.0
2019-12-31 00:00:00+05:30,627.0073478470914,633.924438996651,623.3554618887915,628.2532958984375,6927885,0.0,0.0
2020-01-01 00:00:00+05:30,631.5614994346679,635.857836165516,629.456283947449,633.151123046875,2112415,0.0,0.0
2020-01-02 00:00:00+05:30,634.9125827890715,636.5451590730723,628.038444888832,631.3036499023438,5658200,0.0,0.0
2020-01-03 00:00:00+05:30,630.6162539816314,642.7319011943908,630.6162539816314,641.0133666992188,7882938,0.0,0.0
2020-01-06 00:00:00+05:30,641.0992552489884,647.7156233670265,632.8503108716351,634.8695678710938,6519403,0.0,0.0
2020-01-07 00:00:00+05:30,634.1393959406382,638.0920053436301,623.0548245455798,625.4608154296875,7899363,0.0,0.0
2020-01-08 00:00:00+05:30,622.9257861994387,626.4058079768749,608.6189659032445,617.125732421875,8639443,0.0,0.0
2020-01-09 00:00:00+05:30,620.1332799391682,628.5540897917724,613.7746803355894,625.1599731445312,13521186,0.0,0.0
2020-01-10 00:00:00+05:30,636.2445540339635,638.349769643852,627.6948329522857,634.2682495117188,9341405,0.0,0.0
2020-01-13 00:00:00+05:30,653.0431566810477,668.0803346309402,648.7468201239355,664.6862182617188,36952038,0.0,0.0
2020-01-14 00:00:00+05:30,661.5928278203634,667.607698553942,659.2298428893147,666.4906616210938,11414418,0.0,0.0
2020-01-15 00:00:00+05:30,664.944013428589,664.944013428589,654.8906274563863,659.5306396484375,6047430,0.0,0.0
2020-01-16 00:00:00+05:30,662.2372827253157,663.7839532924289,653.2579294376299,659.0579833984375,5740586,0.0,0.0
2020-01-17 00:00:00+05:30,662.2373344441845,664.127733038518,654.976515096355,659.7883911132812,3762957,0.0,0.0
2020-01-20 00:00:00+05:30,663.0105542708876,665.4165444008263,655.5779244163876,660.3038940429688,3887680,0.0,0.0
2020-01-21 00:00:00+05:30,660.3040578763993,662.0655455942623,653.6876882684426,655.19140625,4448374,0.0,0.0
2020-01-22 00:00:00+05:30,660.3038995664637,668.5098909521603,658.1986844079111,661.8076171875,9733935,0.0,0.0
2020-01-23 00:00:00+05:30,667.736559986857,674.9544258757634,667.3928845536539,673.9662475585938,12528017,0.0,0.0
2020-01-24 00:00:00+05:30,666.5765599969933,675.8136828071354,664.7291144567608,672.5914306640625,7540490,0.0,0.0
2020-01-27 00:00:00+05:30,669.4122617899837,674.3530493717882,665.4166998215759,668.595947265625,3741610,0.0,0.0
2020-01-28 00:00:00+05:30,671.0876893188163,671.7750925959823,663.354284448305,668.5098876953125,5121009,0.0,0.0
2020-01-29 00:00:00+05:30,675.8997161540362,681.2271845254437,673.8804587413712,678.5634765625,6832757,0.0,0.0
2020-01-30 00:00:00+05:30,678.5634230837039,678.5634230837039,668.5099848025825,670.8300170898438,3859680,0.0,0.0
2020-01-31 00:00:00+05:30,670.7011441328964,674.4819415896598,663.0106905794573,666.74853515625,6092028,0.0,0.0
2020-02-03 00:00:00+05:30,671.9469525451278,679.6374044987804,656.9097764971231,659.4016723632812,6416745,0.0,0.0
2020-02-04 00:00:00+05:30,661.7217595518065,678.7352948915391,661.7217595518065,676.9737548828125,5771311,0.0,0.0
2020-02-05 00:00:00+05:30,671.087673496645,675.3840094345237,665.4165310368481,674.1380615234375,6310409,0.0,0.0
2020-02-06 00:00:00+05:30,673.9662506855775,676.0714659500686,661.6357865507899,662.7957763671875,7341622,0.0,0.0
2020-02-07 00:00:00+05:30,666.7485183432282,669.2403622194024,662.4951344230042,667.9085083007812,2853344,0.0,0.0
2020-02-10 00:00:00+05:30,665.0729625076639,668.5100320813469,661.4210760856257,664.3855590820312,3827682,0.0,0.0
2020-02-11 00:00:00+05:30,669.3692355980739,669.4551413510103,660.948426435237,664.6862182617188,4312817,0.0,0.0
2020-02-12 00:00:00+05:30,666.6196444491172,673.0211971260142,666.0181467745829,671.1307983398438,2948825,0.0,0.0
2020-02-13 00:00:00+05:30,674.5247682166347,682.2581732025579,672.1188304878938,680.7544555664062,4387430,0.0,0.0
2020-02-14 00:00:00+05:30,682.687904616437,686.7264716212071,674.1811369350173,675.7708129882812,5321680,0.0,0.0
2020-02-17 00:00:00+05:30,679.0789890956455,681.7857022776892,673.0641175315645,678.3486328125,2929629,0.0,0.0
2020-02-18 00:00:00+05:30,674.5247797446999,686.597473912175,673.3647899551901,685.39453125,5083346,0.0,0.0
2020-02-19 00:00:00+05:30,687.4139173269309,691.5813432225175,684.105758828003,687.8005981445312,3985192,0.0,0.0
2020-02-20 00:00:00+05:30,690.2064188498924,692.6553095352078,682.1292857183249,684.8359985351562,4564569,0.0,0.0
2020-02-24 00:00:00+05:30,687.4997866327781,697.3813611703688,680.6686531479877,683.847900390625,6627536,0.0,0.0
2020-02-25 00:00:00+05:30,686.5546019237387,692.5694732797665,683.4612604902738,686.0390625,6996695,0.0,0.0
2020-02-26 00:00:00+05:30,682.2152342204753,688.6597385066209,670.6580793782189,672.5914306640625,8760569,0.0,0.0
2020-02-27 00:00:00+05:30,668.5099535525468,670.8729386068777,663.5262137452423,668.3810424804688,5223386,0.0,0.0
2020-02-28 00:00:00+05:30,644.4505347061641,650.2935423983963,620.4340009570107,628.7259521484375,14123957,0.0,0.0
2020-03-02 00:00:00+05:30,633.280109160726,658.1129593855362,630.4874899547933,636.7601318359375,9821523,0.0,0.0
2020-03-03 00:00:00+05:30,648.7468191450699,652.1838883855736,636.9318936308385,641.8726806640625,7826587,0.0,0.0
2020-03-04 00:00:00+05:30,647.8016298045927,654.3320402192519,640.6267164780191,651.9690551757812,11013444,0.0,0.0
2020-03-05 00:00:00+05:30,656.2653928549879,664.6862018093927,645.954185373142,648.403076171875,7755293,0.0,0.0
2020-03-06 00:00:00+05:30,636.7171150438545,639.2949171290524,626.4918124610296,634.9556274414062,9216022,0.0,0.0
2020-03-09 00:00:00+05:30,622.5390879288327,623.6990776734783,598.9092398708025,605.310791015625,10308654,0.0,0.0
2020-03-11 00:00:00+05:30,593.4529501363179,598.0070560948201,574.8927459768876,589.4573364257812,16165009,0.0,0.0
2020-03-12 00:00:00+05:30,573.9906608090195,575.7091957216213,539.1903288288319,542.36962890625,13965574,0.0,0.0
2020-03-13 00:00:00+05:30,508.6862307304778,573.1312768534269,489.7823505344128,551.9503173828125,16903113,0.0,0.0
2020-03-16 00:00:00+05:30,534.4642708593905,534.5931819350706,498.3750435666342,501.0817565917969,19140152,0.0,0.0
2020-03-17 00:00:00+05:30,505.33498558944274,508.68614842381487,472.59692843428746,476.8503112792969,16059887,0.0,0.0
2020-03-18 00:00:00+05:30,488.0638571912107,496.65653073330947,453.69316302281555,459.1065368652344,15390183,0.0,0.0
2020-03-19 00:00:00+05:30,437.5818626010274,479.47114252601534,437.5818626010274,468.77325439453125,16583991,0.0,0.0
2020-03-20 00:00:00+05:30,472.167435611927,530.5546658459454,470.8785345138052,502.8432922363281,21354894,0.0,0.0
2020-03-23 00:00:00+05:30,464.00432816867755,482.0059880561759,443.2960078341693,452.36126708984375,17146150,0.0,0.0
2020-03-24 00:00:00+05:30,448.53755261022576,516.5485837208066,448.53755261022576,506.7958679199219,20027097,0.0,0.0
2020-03-25 00:00:00+05:30,512.982608303419,545.6347676259147,486.0875507189931,520.8878784179688,18339548,0.0,0.0
2020-03-26 00:00:00+05:30,528.4494251114769,559.2541389141585,525.9575287953459,552.5089111328125,14843813,0.0,0.0
2020-03-27 00:00:00+05:30,571.4556174721255,579.9194305128716,551.8643366034099,560.8436889648438,13495283,0.0,0.0
2020-03-30 00:00:00+05:30,537.1280093997111,570.123897225642,533.6909399364066,538.5028686523438,14624804,0.0,0.0
2020-03-31 00:00:00+05:30,558.5236808794696,568.8348872957059,544.5176359865167,551.2199096679688,15175521,0.0,0.0
2020-04-01 00:00:00+05:30,545.0763093892614,547.783022951467,510.40488726771986,517.9664306640625,13083824,0.0,0.0
2020-04-03 00:00:00+05:30,518.567836244878,520.7160045806065,500.2224996359624,503.27288818359375,10221655,0.0,0.0
2020-04-07 00:00:00+05:30,528.4493631712148,553.582930443992,526.6449229093224,549.07177734375,15145605,0.0,0.0
2020-04-08 00:00:00+05:30,541.3384500046095,563.3786793044334,538.2021030858991,542.7132568359375,11806896,0.0,0.0
2020-04-09 00:00:00+05:30,555.774060491067,560.9296641179702,543.1428211160517,546.7088012695312,11931114,0.0,0.0
2020-04-13 00:00:00+05:30,540.4791548766551,559.9845339121814,537.9443057438538,547.697021484375,8330276,0.0,0.0
2020-04-15 00:00:00+05:30,559.7267284941587,561.3593048627127,546.1502634816354,549.11474609375,11963447,0.0,0.0
2020-04-16 00:00:00+05:30,532.7027829782867,545.5488398400219,518.5678251427089,536.0538940429688,17783287,0.0,0.0
2020-04-17 00:00:00+05:30,553.3682327907554,555.0867676751988,537.9014188307654,540.264404296875,8878320,0.0,0.0
2020-04-20 00:00:00+05:30,549.9311292102043,567.9757443874141,549.0718618208134,561.359375,13322913,0.0,0.0
2020-04-21 00:00:00+05:30,539.4479487418822,555.5162562007505,539.4479487418822,544.0880126953125,11660575,0.0,0.0
2020-04-22 00:00:00+05:30,544.0880603023884,554.2274038685555,539.6628127661628,551.5206909179688,8266728,0.0,0.0
2020-04-23 00:00:00+05:30,555.9888282624461,587.4380390795792,548.2983763749575,583.7001953125,14451289,0.0,0.0
2020-04-24 00:00:00+05:30,574.4631477861883,580.0054324071821,562.6482223112272,565.3978881835938,7319940,0.0,0.0
2020-04-27 00:00:00+05:30,568.0187030227356,585.1610981038692,568.0187030227356,571.069091796875,7183306,0.0,0.0
2020-04-28 00:00:00+05:30,578.2869346061016,581.7240040539833,561.1445402456878,567.7179565429688,7296571,0.0,0.0
2020-04-29 00:00:00+05:30,572.2719606805662,586.0202360122314,565.3978230147335,581.3372192382812,8639056,0.0,0.0
2020-04-30 00:00:00+05:30,601.4871422683001,618.6724891902516,599.8545133325081,614.8057861328125,16253821,0.0,0.0
2020-05-04 00:00:00+05:30,592.722611176012,602.5182800042948,576.0098506269107,578.888427734375,9122740,0.0,0.0
2020-05-05 00:00:00+05:30,585.8055194551935,589.1136777947754,575.7091280307733,578.888427734375,6393053,0.0,0.0
2020-05-06 00:00:00+05:30,581.6380361633919,585.5476917536108,570.596420274265,572.1860961914062,7934250,0.0,0.0
2020-05-07 00:00:00+05:30,571.8852903326583,579.446831413283,569.2215829169811,571.3697509765625,4779548,0.0,0.0
2020-05-08 00:00:00+05:30,577.6424115295788,585.0750942552445,574.4201593269222,579.3179931640625,8400321,0.0,0.0
2020-05-11 00:00:00+05:30,586.4499122502353,600.2411414558088,582.5832095321019,586.7936401367188,7370186,0.0,0.0
2020-05-12 00:00:00+05:30,583.0128662885886,593.7537075982532,580.4350643742691,590.8751831054688,7356039,0.0,0.0
2020-05-13 00:00:00+05:30,597.0188193417414,601.4011133768879,587.5239276005161,596.4603271484375,8287101,0.0,0.0
2020-05-14 00:00:00+05:30,566.2572117743179,577.212871030953,560.7578794829756,565.52685546875,16888262,0.0,0.0
2020-05-15 00:00:00+05:30,571.2409025100194,571.2409025100194,555.6881850326236,560.5000610351562,9255353,0.0,0.0
2020-05-18 00:00:00+05:30,566.9874550936073,576.1816248521922,561.1014956048989,570.467529296875,10435442,0.0,0.0
2020-05-19 00:00:00+05:30,570.5534948607593,579.8335713362592,562.8200890569237,574.506103515625,5902208,0.0,0.0
2020-05-20 00:00:00+05:30,574.4201066153067,578.2868089036671,566.8156130930672,575.3223266601562,5794636,0.0,0.0
2020-05-21 00:00:00+05:30,572.7017137422168,583.8292368989302,571.7565405942183,577.5995483398438,7213225,0.0,0.0
2020-05-22 00:00:00+05:30,580.0055485706216,597.9212545371486,578.7166473515757,594.913818359375,11867731,0.0,0.0
2020-05-26 00:00:00+05:30,595.4723035989442,601.0145887752245,583.4425600918948,584.7744140625,7099606,0.0,0.0
2020-05-27 00:00:00+05:30,589.5003583520194,609.3924185965654,580.0054645692849,606.170166015625,8774636,0.0,0.0
2020-05-28 00:00:00+05:30,607.5019752301157,610.0797771052081,592.8944312712586,607.845703125,9440091,0.0,0.0
2020-05-29 00:00:00+05:30,603.1424442628013,610.3714333238881,587.8570398812367,601.8359985351562,28290128,9.5,0.0
2020-06-01 00:00:00+05:30,608.5858934712056,615.4665280565031,602.2714065622021,609.2826538085938,12276438,0.0,0.0
2020-06-02 00:00:00+05:30,610.110188070346,619.821456439015,607.5408340340267,616.7294921875,7059304,0.0,0.0
2020-06-03 00:00:00+05:30,618.9939984318112,620.0391656492571,606.1908196267768,611.024658203125,11378568,0.0,0.0
2020-06-04 00:00:00+05:30,611.4167008745254,617.9053930185396,607.4973630484067,616.4247436523438,10782424,0.0,0.0
2020-06-05 00:00:00+05:30,615.7714987894036,619.865039894145,610.1973083711065,612.7666625976562,7718679,0.0,0.0
2020-06-08 00:00:00+05:30,616.337548982964,632.1455099200784,613.1585098767985,627.834228515625,10719105,0.0,0.0
2020-06-09 00:00:00+05:30,627.0939966954599,635.455228720966,622.7827148362952,625.003662109375,10078029,0.0,0.0
2020-06-10 00:00:00+05:30,622.7391941295748,626.6149941514957,617.6876140957919,623.4794921875,7263049,0.0,0.0
2020-06-11 00:00:00+05:30,620.1263000696146,621.3456707998107,609.8924741906567,613.1150512695312,8825715,0.0,0.0
2020-06-12 00:00:00+05:30,588.5973861068697,605.4505692704912,588.3361075718079,602.7505493164062,9795316,0.0,0.0
2020-06-15 00:00:00+05:30,603.5779403113357,613.5069493377986,596.8279705603792,598.8311767578125,7857344,0.0,0.0
2020-06-16 00:00:00+05:30,611.4166701701821,620.1263093463955,608.9344442687287,610.7199096679688,10131760,0.0,0.0
2020-06-17 00:00:00+05:30,609.587584482618,618.6455761010103,607.9327319999423,612.8536987304688,7291916,0.0,0.0
2020-06-18 00:00:00+05:30,616.8165626919874,624.1326265846845,614.9004317345867,621.7810668945312,6670195,0.0,0.0
2020-06-19 00:00:00+05:30,617.5133808909567,620.0391973657015,610.5456699641194,614.508544921875,22438862,0.0,0.0
2020-06-22 00:00:00+05:30,615.8585843852059,617.2521585931737,609.6747616380736,612.8973388671875,7804096,0.0,0.0
2020-06-23 00:00:00+05:30,605.9295962974941,631.0133460036435,602.7940943595893,627.66015625,12157390,0.0,0.0
2020-06-24 00:00:00+05:30,624.3939908640451,633.0165008836472,617.8617621403708,621.9988403320312,10220838,0.0,0.0
2020-06-25 00:00:00+05:30,613.8988398881809,614.5520627666145,604.0134215916505,610.1101684570312,14945284,0.0,0.0
2020-06-26 00:00:00+05:30,618.5585256682546,654.6163965077595,618.3843222695353,651.6551513671875,26030458,0.0,0.0
2020-06-29 00:00:00+05:30,640.5067979135447,648.6067505980112,635.8906472594941,637.3277587890625,8954428,0.0,0.0
2020-06-30 00:00:00+05:30,638.2423432957175,643.5987926116884,630.795612489172,640.9859008789062,10411290,0.0,0.0
2020-07-01 00:00:00+05:30,642.1181931501195,646.5165506096668,635.5859633113594,637.4585571289062,5477468,0.0,0.0
2020-07-02 00:00:00+05:30,642.2051382157956,666.6792529504955,640.506801329227,658.97119140625,17263756,0.0,0.0
2020-07-03 00:00:00+05:30,657.5776865811566,665.4163609907333,655.4002770229408,664.2841186523438,7796572,0.0,0.0
2020-07-06 00:00:00+05:30,666.4616102195291,674.9970461061488,663.2390330449449,665.4164428710938,8810958,0.0,0.0
2020-07-07 00:00:00+05:30,670.119668150633,694.1147137596291,666.7664251287603,691.676025390625,19362533,0.0,0.0
2020-07-08 00:00:00+05:30,683.6195598405134,683.6195598405134,672.5583081079491,674.7357177734375,8476642,0.0,0.0
2020-07-09 00:00:00+05:30,679.351809305468,688.0614478863074,674.9969900150484,680.8324584960938,6854166,0.0,0.0
2020-07-10 00:00:00+05:30,673.6905467519866,687.9743753418453,673.6905467519866,680.9630737304688,5206452,0.0,0.0
2020-07-13 00:00:00+05:30,686.3195693776497,701.4307721350777,684.6211791007323,694.2017822265625,10804688,0.0,0.0
2020-07-14 00:00:00+05:30,690.6309176232681,702.345394109285,680.5277032809272,682.1825561523438,8961822,0.0,0.0
2020-07-15 00:00:00+05:30,695.900052848901,738.9692219455867,692.2419943797657,723.7273559570312,30060599,0.0,0.0
2020-07-16 00:00:00+05:30,783.9545319521908,832.2059500031623,778.8594147465493,793.4480590820312,90432109,0.0,0.0
2020-07-17 00:00:00+05:30,793.4480679128025,801.1996674470666,777.0304205924231,786.6110229492188,31682878,0.0,0.0
2020-07-20 00:00:00+05:30,791.2707187182082,823.0609016936783,789.7465318632198,813.7415771484375,18421053,0.0,0.0
2020-07-21 00:00:00+05:30,823.0608793675566,827.1544202989401,809.2996604819718,815.8754272460938,12877784,0.0,0.0
2020-07-22 00:00:00+05:30,817.791605079048,817.8351426443229,792.5771882921554,799.4578247070312,14354201,0.0,0.0
2020-07-23 00:00:00+05:30,797.4981197022231,797.6287323921299,784.4336611464684,790.7916870117188,13051307,0.0,0.0
2020-07-24 00:00:00+05:30,786.6980516963853,806.2947371801037,786.6980516963853,803.7689208984375,18209580,0.0,0.0
2020-07-27 00:00:00+05:30,802.6366657048244,829.8542839952287,800.1109026231213,826.0656127929688,16827870,0.0,0.0
2020-07-28 00:00:00+05:30,823.9319438815052,842.701207446921,819.7513273139912,838.607666015625,15818463,0.0,0.0
2020-07-29 00:00:00+05:30,830.2463846194097,836.1253912768248,821.8415612454107,831.0302734375,11152710,0.0,0.0
2020-07-30 00:00:00+05:30,837.8673252077128,847.1431125977414,835.0366923522814,837.3883056640625,12492320,0.0,0.0
2020-07-31 00:00:00+05:30,844.1817679553299,859.1623578070553,830.2898829887673,841.3511352539062,12704346,0.0,0.0
2020-08-03 00:00:00+05:30,836.125320755078,840.8285469480918,825.1947347458402,833.4253540039062,8479792,0.0,0.0
2020-08-04 00:00:00+05:30,836.5172216435673,845.4446009062772,819.1850201526869,827.2849731445312,11133170,0.0,0.0
2020-08-05 00:00:00+05:30,829.1576475331221,836.9527852085158,817.2254312592177,822.7996215820312,9614176,0.0,0.0
2020-08-06 00:00:00+05:30,830.4639944434966,848.6671593715186,820.8833925149403,845.5751953125,10976491,0.0,0.0
2020-08-07 00:00:00+05:30,844.3559545021349,844.3559545021349,826.5447323047797,828.1995849609375,8010948,0.0,0.0
2020-08-10 00:00:00+05:30,826.4576117765276,833.3381942396638,823.3221100464963,828.5914306640625,5716319,0.0,0.0
2020-08-11 00:00:00+05:30,827.3285209135256,837.8671614518058,824.0188160018839,826.0656127929688,6802442,0.0,0.0
2020-08-12 00:00:00+05:30,825.6737799887651,835.0801795086522,820.6221999835866,831.7269897460938,6908726,0.0,0.0
2020-08-13 00:00:00+05:30,831.5962639906402,843.5284792332567,825.891461469216,828.4608154296875,5097703,0.0,0.0
2020-08-14 00:00:00+05:30,832.5108162210366,838.7382293224521,829.201164058086,830.5511474609375,4663873,0.0,0.0
2020-08-17 00:00:00+05:30,830.9866992965691,846.9689199798568,830.9866992965691,833.947998046875,9008210,0.0,0.0
2020-08-18 00:00:00+05:30,839.5221245003936,844.1382225386565,834.9931015883664,842.7011108398438,6141761,0.0,0.0
2020-08-19 00:00:00+05:30,845.6188377288921,846.1849323454503,833.9043631136369,835.515625,6622744,0.0,0.0
2020-08-20 00:00:00+05:30,835.1672986824275,840.915639115358,828.5479411966406,831.9011840820312,5656501,0.0,0.0
2020-08-21 00:00:00+05:30,838.7818420617455,839.1302489140896,824.4109365330139,826.37060546875,6513773,0.0,0.0
2020-08-24 00:00:00+05:30,824.8028992922524,829.157719246277,818.0093907958587,825.1513061523438,5798574,0.0,0.0
2020-08-25 00:00:00+05:30,825.2382287247159,826.2398583927381,813.1318102268887,817.0511474609375,6233918,0.0,0.0
2020-08-26 00:00:00+05:30,819.7947325337095,831.1172627041618,817.3125067985687,828.1124267578125,5153601,0.0,0.0
2020-08-27 00:00:00+05:30,836.125244232466,836.95267047062,823.2349906824311,824.8462524414062,6154280,0.0,0.0
2020-08-28 00:00:00+05:30,828.6785952310149,829.5930966742055,812.6528385564291,814.5689697265625,7593610,0.0,0.0
2020-08-31 00:00:00+05:30,814.5689696462156,827.851168830503,796.5835442411025,808.7770385742188,12808355,0.0,0.0
2020-09-01 00:00:00+05:30,806.7302920513621,814.3512259843709,794.4061319130727,796.191650390625,6907773,0.0,0.0
2020-09-02 00:00:00+05:30,796.9320153570794,806.8610256646409,795.6255694302646,804.7706909179688,5678118,0.0,0.0
2020-09-03 00:00:00+05:30,806.948048613617,826.8931430703163,804.7706388763972,814.8302612304688,8827948,0.0,0.0
2020-09-04 00:00:00+05:30,796.9319264956519,809.5609023800091,796.4529070077833,800.5464477539062,8650342,0.0,0.0
2020-09-07 00:00:00+05:30,800.3288449674085,807.8626517103834,795.233673645629,805.6852416992188,6700385,0.0,0.0
2020-09-08 00:00:00+05:30,809.9528229438688,829.1575647303735,806.120560834711,818.0963134765625,12891964,0.0,0.0
2020-09-09 00:00:00+05:30,814.3512313213672,823.9318340427951,806.5125563674717,808.0367431640625,5528947,0.0,0.0
2020-09-10 00:00:00+05:30,814.6126158380835,820.4480852504116,805.4674938687317,818.7496948242188,5171884,0.0,0.0
2020-09-11 00:00:00+05:30,814.264193517794,831.0302490487492,810.867412951651,823.6705932617188,6671903,0.0,0.0
2020-09-14 00:00:00+05:30,833.5124738414082,863.1687847709663,825.9350770836934,852.151123046875,21871587,0.0,0.0
2020-09-15 00:00:00+05:30,853.1091127422357,865.738088887986,846.2720676098545,855.678466796875,11608203,0.0,0.0
2020-09-16 00:00:00+05:30,858.77041654156,875.8848786623677,855.286560896361,872.4880981445312,10059251,0.0,0.0
2020-09-17 00:00:00+05:30,866.6090723598038,889.2541335470952,866.6090723598038,880.5444946289062,15628241,0.0,0.0
2020-09-18 00:00:00+05:30,880.5444960073027,887.3380037422411,870.1800044146664,872.8364868164062,12897633,0.0,0.0
2020-09-21 00:00:00+05:30,871.8348866404508,897.9638043219828,871.399404679092,879.5864868164062,14140637,0.0,0.0
2020-09-22 00:00:00+05:30,878.8026006731739,890.5606136653323,863.2994534339156,877.4961547851562,12625762,0.0,0.0
2020-09-23 00:00:00+05:30,888.5138120847491,903.1895320113309,878.0186549374127,888.1654052734375,13486204,0.0,0.0
2020-09-24 00:00:00+05:30,873.5767903468092,878.8025737387143,844.8349816913309,849.5382080078125,14427432,0.0,0.0
2020-09-25 00:00:00+05:30,849.8865186869268,883.941237297441,849.1897582351297,880.9364013671875,13311078,0.0,0.0
2020-09-28 00:00:00+05:30,883.8541820374461,885.0300152339487,869.6574806664623,880.02197265625,8554526,0.0,0.0
2020-09-29 00:00:00+05:30,886.64122615697,895.350864920791,874.5348070114925,878.8025512695312,8708463,0.0,0.0
2020-09-30 00:00:00+05:30,878.8025759529778,891.8234969024996,875.3187203495963,878.1493530273438,8048817,0.0,0.0
2020-10-01 00:00:00+05:30,888.9057879466892,894.0444965260971,881.1977782369984,886.3364868164062,5563358,0.0,0.0
2020-10-05 00:00:00+05:30,886.6848094840522,918.7798618809287,886.6848094840522,913.3798217773438,14212509,0.0,0.0
2020-10-06 00:00:00+05:30,918.8669186735955,923.2217381933755,898.2686010812685,919.5201416015625,9090819,0.0,0.0
2020-10-07 00:00:00+05:30,910.0701853201703,933.673285355981,901.8831035318268,928.9265747070312,9284008,0.0,0.0
2020-10-08 00:00:00+05:30,949.3507180574111,978.9634927491102,947.9571969827468,952.5732421875,21482613,0.0,0.0
2020-10-09 00:00:00+05:30,953.7926288806133,969.6442370355652,948.0006971762817,963.9829711914062,10567867,0.0,0.0
2020-10-12 00:00:00+05:30,978.0923173336505,992.8987014785054,968.5987909417148,986.01806640625,14633537,0.0,0.0
2020-10-13 00:00:00+05:30,989.0232715275582,1015.5876751068815,989.0232715275582,1008.4022216796875,17523825,0.0,0.0
2020-10-14 00:00:00+05:30,1012.0599847288644,1014.5858011352408,985.1471807386598,990.285888671875,16649573,0.0,0.0
2020-10-15 00:00:00+05:30,1027.7373214298302,1032.9631044201515,951.5279861543131,965.2456665039062,44288251,0.0,0.0
2020-10-16 00:00:00+05:30,970.1231617940635,989.3714435743123,955.3603655615958,982.0118408203125,18365685,0.0,0.0
2020-10-19 00:00:00+05:30,988.5441594956638,992.0280155643711,971.3862108848209,980.618408203125,12902123,0.0,0.0
2020-10-20 00:00:00+05:30,974.521408207875,996.9922102519182,966.7698091947116,990.7213134765625,10448776,0.0,0.0
2020-10-21 00:00:00+05:30,993.9004284296822,1005.3971088347969,988.5439794359328,1000.1713256835938,19811433,0.0,0.0
2020-10-22 00:00:00+05:30,994.6408179191708,1008.5762409373028,978.7893167635817,983.3618774414062,11271335,0.0,0.0
2020-10-23 00:00:00+05:30,997.402909134013,999.1635497503132,986.0908146664799,988.1595458984375,9069862,12.0,0.0
2020-10-26 00:00:00+05:30,987.9394991901848,994.4098321814356,971.1254022287984,979.3123168945312,6309368,0.0,0.0
2020-10-27 00:00:00+05:30,973.3700361808736,976.8913171039641,948.2369580688954,960.2973022460938,10172479,0.0,0.0
2020-10-28 00:00:00+05:30,964.3909511210783,972.5339144235612,941.9868410191801,947.7089233398438,7608392,0.0,0.0
2020-10-29 00:00:00+05:30,941.9427481874003,952.5065920923057,933.227555473658,946.2122802734375,6935616,0.0,0.0
2020-10-30 00:00:00+05:30,943.7033362164763,953.9150299296095,926.4050212945677,933.6676635742188,8800386,0.0,0.0
2020-11-02 00:00:00+05:30,937.541147927628,950.7018938272915,925.3046738944053,943.967529296875,7183119,0.0,0.0
2020-11-03 00:00:00+05:30,943.7032603013874,950.2176513143172,930.9386173215646,935.38427734375,7204782,0.0,0.0
2020-11-04 00:00:00+05:30,940.1820383728956,982.437410884037,939.1256970445048,963.0263061523438,15702690,0.0,0.0
2020-11-05 00:00:00+05:30,977.0676300960755,988.5998058042665,967.4721162768378,971.8737182617188,9568890,0.0,0.0
2020-11-06 00:00:00+05:30,975.3948338066585,986.9270075517098,961.0455707942493,979.5763549804688,8807127,0.0,0.0
2020-11-09 00:00:00+05:30,994.1457540209716,1008.8470599910769,986.9711221108648,1000.528076171875,10160320,0.0,0.0
2020-11-10 00:00:00+05:30,980.544624577201,980.544624577201,948.985167179428,960.473388671875,15622869,0.0,0.0
2020-11-11 00:00:00+05:30,964.831057732461,991.5487575926202,956.9081749591105,988.1595458984375,12514800,0.0,0.0
2020-11-12 00:00:00+05:30,993.0894442684856,1005.3259195981743,980.456867734209,983.9781494140625,9180976,0.0,0.0
2020-11-13 00:00:00+05:30,985.9585820906057,997.4027442041574,983.317621602863,989.6558837890625,6363212,0.0,0.0
2020-11-14 00:00:00+05:30,1000.9242525380654,1003.2571229917621,995.7303409051702,997.799072265625,1136144,0.0,0.0
2020-11-17 00:00:00+05:30,1007.7466045288882,1007.9666845910259,979.4883460425909,989.2158203125,12813968,0.0,0.0
2020-11-18 00:00:00+05:30,993.4414772051522,997.1387795501915,969.6287696586,977.6397705078125,9839468,0.0,0.0
2020-11-19 00:00:00+05:30,968.3522516811032,981.2929160600918,962.8943092469232,965.4912109375,10092343,0.0,0.0
2020-11-20 00:00:00+05:30,973.634200731238,976.2751614927153,960.5174074570413,971.3013305664062,8063554,0.0,0.0
2020-11-23 00:00:00+05:30,972.7539043277586,1007.7906942734546,970.0688845033706,1003.4330444335938,10546363,0.0,0.0
2020-11-24 00:00:00+05:30,1007.9666730554464,1016.6818649085558,997.7109207850034,1003.609130859375,8515426,0.0,0.0
2020-11-25 00:00:00+05:30,1000.9241498215692,1006.6462315927567,978.2559028049418,982.1293334960938,8958701,0.0,0.0
2020-11-26 00:00:00+05:30,985.9145121053862,985.9145121053862,966.8556667667771,979.9723510742188,10962256,0.0,0.0
2020-11-27 00:00:00+05:30,984.1982458496094,986.8392071533203,960.429594116211,968.3524780273438,25306145,0.0,0.0
2020-12-01 00:00:00+05:30,972.7979238947823,1003.7851533487884,972.7979238947823,1001.67236328125,8933802,0.0,0.0
2020-12-02 00:00:00+05:30,998.2833724916284,1010.1236393485129,986.8392068457808,1004.3576049804688,6741637,0.0,0.0
2020-12-03 00:00:00+05:30,1009.7274053146347,1009.7274053146347,988.3355785907971,991.6367797851562,16212632,0.0,0.0
2020-12-04 00:00:00+05:30,990.3604167184415,1000.9242611634382,981.5572130142775,998.8555297851562,10564055,0.0,0.0
2020-12-07 00:00:00+05:30,1009.9914390449577,1015.009221352601,1000.0437774991801,1006.6461791992188,7792141,0.0,0.0
2020-12-08 00:00:00+05:30,1007.9666693056053,1027.3337144800362,1007.9666693056053,1015.3173217773438,12308330,0.0,0.0
2020-12-09 00:00:00+05:30,1028.2581640207657,1038.3377884186514,1018.5305817722591,1034.5523681640625,10039346,0.0,0.0
2020-12-10 00:00:00+05:30,1018.8828460345864,1031.427411655572,1012.368453623421,1027.994140625,9488782,0.0,0.0
2020-12-11 00:00:00+05:30,1020.9075260574311,1031.6914509697035,1016.9901432573675,1023.9886474609375,10574009,0.0,0.0
2020-12-14 00:00:00+05:30,1029.4464111440086,1032.2633926567064,1010.7835593742772,1025.1768798828125,6728187,0.0,0.0
2020-12-15 00:00:00+05:30,1017.6502555430928,1024.4286787937226,1014.1289743820441,1016.4177856445312,6905926,0.0,0.0
2020-12-16 00:00:00+05:30,1021.171548327468,1029.0064204921753,1015.5374769134664,1026.1893310546875,7788404,0.0,0.0
2020-12-17 00:00:00+05:30,1026.3654344651773,1029.0063953013716,1017.8262632848994,1020.4672241210938,6658153,0.0,0.0
2020-12-18 00:00:00+05:30,1041.2869820726494,1051.9828966141033,1034.9046590597186,1047.4052734375,15995676,0.0,0.0
2020-12-21 00:00:00+05:30,1045.8205071895295,1064.9674735459034,1014.1730356676362,1036.401123046875,10858352,0.0,0.0
2020-12-22 00:00:00+05:30,1040.5385772192492,1077.3799596666704,1035.3446660438115,1074.430908203125,10901851,0.0,0.0
2020-12-23 00:00:00+05:30,1089.8367056711036,1108.1913653689237,1083.2783613717768,1103.0855712890625,15878346,0.0,0.0
2020-12-24 00:00:00+05:30,1100.3124102877798,1100.3124102877798,1079.272732749329,1088.1199951171875,7313885,0.0,0.0
2020-12-28 00:00:00+05:30,1090.2326495757873,1098.639751556463,1088.075907791497,1091.861328125,4607051,0.0,0.0
2020-12-29 00:00:00+05:30,1087.1956067576748,1104.3177941793053,1087.1956067576748,1100.66455078125,6878105,0.0,0.0
2020-12-30 00:00:00+05:30,1103.0415621592228,1103.3057012877935,1089.9688245148982,1097.5836181640625,5194690,0.0,0.0
2020-12-31 00:00:00+05:30,1094.2382040986772,1107.7951590929808,1090.7169226695585,1105.50634765625,7430470,0.0,0.0
2021-01-01 00:00:00+05:30,1107.3549790511033,1114.0453921542232,1105.5063278261723,1109.5997314453125,4253550,0.0,0.0
2021-01-04 00:00:00+05:30,1117.1264659808303,1135.6131923682199,1110.2159730853582,1134.0726318359375,7208454,0.0,0.0
2021-01-05 00:00:00+05:30,1128.5706731227374,1143.5361188661745,1122.4524897590766,1138.95849609375,8145280,0.0,0.0
2021-01-06 00:00:00+05:30,1144.416447054036,1146.1770877418114,1116.2902550512151,1128.65869140625,7161715,0.0,0.0
2021-01-07 00:00:00+05:30,1140.8951348189516,1142.347684839273,1105.2421618558594,1111.0963134765625,10954918,0.0,0.0
2021-01-08 00:00:00+05:30,1125.2695357392688,1159.2059296743757,1125.2695357392688,1155.068359375,13186251,0.0,0.0
2021-01-11 00:00:00+05:30,1181.477923642687,1217.7911381846839,1179.6292723945633,1211.496826171875,20528626,0.0,0.0
2021-01-12 00:00:00+05:30,1213.081470086967,1213.081470086967,1197.2357034240022,1207.5794677734375,8309868,0.0,0.0
2021-01-13 00:00:00+05:30,1209.427928406839,1226.1100612683126,1197.2355146942416,1221.13623046875,14442997,0.0,0.0
2021-01-14 00:00:00+05:30,1197.2356405052901,1218.3633282789128,1160.6582880628148,1206.47900390625,27521697,0.0,0.0
2021-01-15 00:00:00+05:30,1197.235680710267,1201.153063298787,1179.6292736409982,1183.98681640625,15018441,0.0,0.0
2021-01-18 00:00:00+05:30,1177.8685607807886,1179.629201379863,1149.6983111955979,1155.0242919921875,8861765,0.0,0.0
2021-01-19 00:00:00+05:30,1162.0226595649897,1171.7061817280312,1154.9800979918687,1159.0736083984375,5585744,0.0,0.0
2021-01-20 00:00:00+05:30,1162.5070513124583,1187.023950937931,1162.5070513124583,1179.14501953125,8225838,0.0,0.0
2021-01-21 00:00:00+05:30,1188.4324547587196,1198.1600374653954,1175.227649705845,1179.3651123046875,6142421,0.0,0.0
2021-01-22 00:00:00+05:30,1168.1850268607495,1193.7143153151292,1167.78892571395,1180.37744140625,9646591,0.0,0.0
2021-01-25 00:00:00+05:30,1184.0308472818467,1186.5837977384417,1155.8605966401967,1166.512451171875,6542611,0.0,0.0
2021-01-27 00:00:00+05:30,1161.6706896269554,1168.669300749039,1131.2996381464989,1145.2967529296875,8133665,0.0,0.0
2021-01-28 00:00:00+05:30,1137.1976807391404,1141.2910837125905,1120.2515168385528,1123.464599609375,4660690,0.0,0.0
2021-01-29 00:00:00+05:30,1132.3120643847108,1136.6256556459916,1083.6743644373792,1090.760986328125,12183519,0.0,0.0
2021-02-01 00:00:00+05:30,1100.884798446364,1125.0054931737886,1092.477695036824,1109.99609375,8880279,0.0,0.0
2021-02-02 00:00:00+05:30,1126.8099803343166,1139.4866141052723,1112.3727059690884,1119.107177734375,6892490,0.0,0.0
2021-02-03 00:00:00+05:30,1124.7413219740633,1147.9377418137635,1120.647810835062,1130.903564453125,8182968,0.0,0.0
2021-02-04 00:00:00+05:30,1131.2115017172475,1138.6062131817557,1119.8113976609816,1126.2376708984375,5032240,0.0,0.0
2021-02-05 00:00:00+05:30,1132.4439689934175,1134.5127000483542,1110.9641338203862,1119.8553466796875,5477481,0.0,0.0
2021-02-08 00:00:00+05:30,1131.6518008027583,1153.2196492039,1122.8485973737208,1147.5416259765625,6921922,0.0,0.0
2021-02-09 00:00:00+05:30,1150.4906570432056,1172.5866757624497,1142.5237150981163,1149.30224609375,7965949,0.0,0.0
2021-02-10 00:00:00+05:30,1140.7190238869975,1148.2456975542023,1129.9790523514478,1141.335205078125,5951207,0.0,0.0
2021-02-11 00:00:00+05:30,1134.7328543695958,1140.8950964026346,1129.494991625902,1137.946044921875,4673317,0.0,0.0
2021-02-12 00:00:00+05:30,1148.8178770279114,1165.3238810081975,1145.7808152799241,1153.04345703125,5797875,0.0,0.0
2021-02-15 00:00:00+05:30,1162.0227926096593,1169.4175046002792,1150.6666392805976,1152.9114990234375,4363513,0.0,0.0
2021-02-16 00:00:00+05:30,1156.7407452324326,1161.8025863930768,1132.0917795806,1135.9652099609375,6896421,0.0,0.0
2021-02-17 00:00:00+05:30,1135.9653611845283,1139.574653000407,1122.4084067790798,1127.9544677734375,4575741,0.0,0.0
2021-02-18 00:00:00+05:30,1123.2887924252084,1149.6984035323842,1122.4084720549693,1137.77001953125,6437551,0.0,0.0
2021-02-19 00:00:00+05:30,1140.983163556862,1143.9762741850557,1123.9930455849908,1136.7576904296875,5389696,0.0,0.0
2021-02-22 00:00:00+05:30,1140.014714143002,1151.9430964143678,1109.2035056526506,1113.7811279296875,7371303,0.0,0.0
2021-02-23 00:00:00+05:30,1119.0192820160923,1136.4936202150407,1107.0469462387894,1114.793701171875,6612942,0.0,0.0
2021-02-24 00:00:00+05:30,1109.2477923663805,1123.817030895439,1102.161169974402,1121.7923583984375,4537258,0.0,0.0
2021-02-25 00:00:00+05:30,1134.2485724219769,1144.1962341374683,1119.7673474305518,1122.01220703125,8788221,0.0,0.0
2021-02-26 00:00:00+05:30,1117.1264049578488,1121.792145299428,1095.7786387480553,1103.305419921875,15132388,0.0,0.0
2021-03-01 00:00:00+05:30,1112.1088242428739,1130.771574073075,1108.3234034706122,1115.365966796875,5756286,0.0,0.0
2021-03-02 00:00:00+05:30,1128.7906813469826,1153.2195691671259,1126.1056615030825,1148.3778076171875,10461434,0.0,0.0
2021-03-03 00:00:00+05:30,1161.3185090312531,1185.7914566139111,1151.458964551593,1182.75439453125,9056399,0.0,0.0
2021-03-04 00:00:00+05:30,1175.227543893149,1200.6247618326536,1167.216651041202,1171.134033203125,12041941,0.0,0.0
2021-03-05 00:00:00+05:30,1169.5053749599265,1179.6290571669563,1148.861909443889,1159.1175537109375,6486176,0.0,0.0
2021-03-08 00:00:00+05:30,1166.2484743431805,1184.999233830919,1159.5579535326617,1175.887939453125,5119392,0.0,0.0
2021-03-09 00:00:00+05:30,1170.3859515587133,1188.8286206353612,1160.922507422379,1184.51513671875,6518173,0.0,0.0
2021-03-10 00:00:00+05:30,1194.5066746296966,1209.5601307472373,1192.8340445141969,1204.4102783203125,7925984,0.0,0.0
2021-03-12 00:00:00+05:30,1208.6797785376261,1225.1417252536396,1206.0828766227546,1210.308349609375,9462061,0.0,0.0
2021-03-15 00:00:00+05:30,1206.038876053752,1214.7540689860443,1195.9151920576803,1209.2080078125,6658635,0.0,0.0
2021-03-16 00:00:00+05:30,1220.1678585775971,1237.730203617515,1215.2820384736694,1218.3631591796875,9352771,0.0,0.0
2021-03-17 00:00:00+05:30,1225.625954097866,1232.4484365142844,1216.602670901958,1221.0042724609375,7626744,0.0,0.0
2021-03-18 00:00:00+05:30,1226.9464622249845,1226.9464622249845,1156.3007556107748,1177.0762939453125,10961755,0.0,0.0
2021-03-19 00:00:00+05:30,1170.826045008895,1193.0100744562515,1160.2622009937772,1183.546630859375,12767112,0.0,0.0
2021-03-22 00:00:00+05:30,1188.5203483359587,1211.320664308968,1176.1958648328152,1206.7430419921875,4862758,0.0,0.0
2021-03-23 00:00:00+05:30,1208.1955225939473,1217.703024581029,1196.883428513493,1207.4033203125,7165335,0.0,0.0
2021-03-24 00:00:00+05:30,1195.3430568663478,1206.4350726296036,1185.1313615201914,1191.7337646484375,6134303,0.0,0.0
2021-03-25 00:00:00+05:30,1185.5713696026812,1190.6332113514952,1168.713214286175,1174.1712646484375,8749994,0.0,0.0
2021-03-26 00:00:00+05:30,1183.7666580566158,1194.3305015997794,1172.586633291157,1176.283935546875,4922071,0.0,0.0
2021-03-30 00:00:00+05:30,1185.703371195561,1232.4483551746337,1176.2399284683272,1219.5076904296875,10546381,0.0,0.0
2021-03-31 00:00:00+05:30,1216.6026911950014,1221.8846131538799,1200.1407440742212,1204.322265625,8220987,0.0,0.0
2021-04-01 00:00:00+05:30,1214.8420550042574,1225.0537493367353,1206.9191720368383,1219.419677734375,5675155,0.0,0.0
2021-04-05 00:00:00+05:30,1224.52562000315,1254.4565122246502,1221.0043385653262,1241.1636962890625,9479572,0.0,0.0
2021-04-06 00:00:00+05:30,1252.6956870826855,1255.3366477722484,1238.1263442942102,1242.1759033203125,5793571,0.0,0.0
2021-04-07 00:00:00+05:30,1241.4717105113793,1263.2155790672348,1238.2585199049374,1259.0340576171875,5879234,0.0,0.0
2021-04-08 00:00:00+05:30,1258.8577987869862,1277.9607028191624,1250.9349175358793,1267.5289306640625,5654434,0.0,0.0
2021-04-09 00:00:00+05:30,1280.8659961023566,1280.8659961023566,1258.9020482944743,1268.5855712890625,6052712,0.0,0.0
2021-04-12 00:00:00+05:30,1297.59202855816,1300.7172083820185,1245.653134606375,1255.1165771484375,20384532,0.0,0.0
2021-04-13 00:00:00+05:30,1261.4990376527692,1263.4797584027474,1210.4404583199982,1229.9395751953125,14855206,0.0,0.0
2021-04-15 00:00:00+05:30,1172.850803933445,1202.869705317751,1162.0228210258588,1197.8958740234375,25342491,0.0,0.0
2021-04-16 00:00:00+05:30,1201.6373693408068,1206.787222288641,1185.4394521739785,1191.7337646484375,10879878,0.0,0.0
2021-04-19 00:00:00+05:30,1179.6290829339875,1214.5777523320496,1172.8946118265376,1199.4803466796875,12508028,0.0,0.0
2021-04-20 00:00:00+05:30,1213.9616035180388,1213.9616035180388,1181.7419044237488,1189.6207275390625,8560766,0.0,0.0
2021-04-22 00:00:00+05:30,1193.3182467166828,1201.4612096354417,1184.1628939428558,1189.4007568359375,6622446,0.0,0.0
2021-04-23 00:00:00+05:30,1182.2701684621502,1187.0239195967097,1171.7063248124512,1174.1712646484375,7316262,0.0,0.0
2021-04-26 00:00:00+05:30,1172.8067320518805,1189.576876928249,1162.9031285723656,1182.75439453125,7088606,0.0,0.0
2021-04-27 00:00:00+05:30,1184.9112595447489,1191.0735023507023,1179.7614066919707,1187.112060546875,3636115,0.0,0.0
2021-04-28 00:00:00+05:30,1195.4751183613914,1196.7955989781383,1183.6788033595897,1193.7144775390625,4879234,0.0,0.0
2021-04-29 00:00:00+05:30,1204.278214298539,1205.1585346306288,1189.6649182780477,1194.0224609375,5412357,0.0,0.0
2021-04-30 00:00:00+05:30,1185.1752051566957,1209.4720227612527,1184.8230555616503,1192.26171875,8354677,0.0,0.0
2021-05-03 00:00:00+05:30,1180.3334575384226,1198.1158839558777,1177.8685178052642,1190.237060546875,4560337,0.0,0.0
2021-05-04 00:00:00+05:30,1191.953709880542,1192.7899711977664,1165.632110895416,1170.2978515625,4887060,0.0,0.0
2021-05-05 00:00:00+05:30,1180.5975574117253,1183.0624972874223,1168.8893616546059,1180.94970703125,3939788,0.0,0.0
2021-05-06 00:00:00+05:30,1184.0308687459922,1201.3731366272477,1177.3404555895117,1198.6441650390625,4810090,0.0,0.0
2021-05-07 00:00:00+05:30,1201.901452963915,1208.7239358814727,1187.11202765501,1190.6773681640625,4991435,0.0,0.0
2021-05-10 00:00:00+05:30,1188.3002663123307,1190.9852860554715,1175.2715911070898,1179.2330322265625,7195348,0.0,0.0
2021-05-11 00:00:00+05:30,1176.900195068442,1180.5094866973957,1166.5123728573353,1171.398193359375,6420988,0.0,0.0
2021-05-12 00:00:00+05:30,1170.8261418863624,1170.8261418863624,1157.1811755711456,1168.1851806640625,5241898,0.0,0.0
2021-05-14 00:00:00+05:30,1168.0530646731775,1168.0530646731775,1154.364147358403,1158.853759765625,4824609,0.0,0.0
2021-05-17 00:00:00+05:30,1162.2869581655425,1175.18356484798,1162.2869581655425,1170.2978515625,5017129,0.0,0.0
2021-05-18 00:00:00+05:30,1177.868509867654,1183.6786021012647,1170.385787645027,1179.629150390625,5620150,0.0,0.0
2021-05-19 00:00:00+05:30,1181.389760373329,1194.990665077294,1173.6869582844565,1176.9881591796875,4435878,0.0,0.0
2021-05-20 00:00:00+05:30,1187.0239550381152,1187.640136285022,1175.227641118216,1179.0130615234375,4490092,0.0,0.0
2021-05-21 00:00:00+05:30,1186.2315569737161,1195.0347596228717,1185.2191671768692,1192.393798828125,4969733,0.0,0.0
2021-05-24 00:00:00+05:30,1194.286430531544,1199.8764423547975,1184.1186891544971,1186.7156982421875,4225371,0.0,0.0
2021-05-25 00:00:00+05:30,1195.4750332766225,1204.2782367617228,1192.3498530550198,1198.6441650390625,4099340,0.0,0.0
2021-05-26 00:00:00+05:30,1204.1900880483613,1232.4483465009394,1199.040236092676,1230.0274658203125,6850024,0.0,0.0
2021-05-27 00:00:00+05:30,1236.1457809007707,1246.753684003248,1225.1417766288973,1234.42919921875,15365391,0.0,0.0
2021-05-28 00:00:00+05:30,1241.0315052688188,1244.772866430296,1229.0151120462333,1236.89404296875,4261312,0.0,0.0
2021-05-31 00:00:00+05:30,1247.0825051236686,1247.0825051236686,1230.6208380920684,1240.1864013671875,4429904,15.0,0.0
2021-06-01 00:00:00+05:30,1245.7477695679897,1246.6375894033954,1226.750137806195,1234.3580322265625,4791325,0.0,0.0
2021-06-02 00:00:00+05:30,1228.6187219765782,1238.584660557052,1214.6040597487086,1226.7501220703125,9272276,0.0,0.0
2021-06-03 00:00:00+05:30,1235.1589437566838,1244.858002094692,1225.3264993342227,1236.5382080078125,5115645,0.0,0.0
2021-06-04 00:00:00+05:30,1240.3644441299962,1242.9894780877164,1225.8604444883183,1232.97900390625,4194328,0.0,0.0
2021-06-07 00:00:00+05:30,1237.7394431120204,1238.6292629848542,1225.5489543024312,1236.5382080078125,5154576,0.0,0.0
2021-06-08 00:00:00+05:30,1242.1885920949892,1265.1014547357097,1241.788216584457,1257.27099609375,7360630,0.0,0.0
2021-06-09 00:00:00+05:30,1257.671503036486,1267.9933924367642,1249.8410442524976,1259.3621826171875,5394317,0.0,0.0
2021-06-10 00:00:00+05:30,1267.1036160339859,1271.5527158093862,1262.6545162585858,1267.37060546875,3496575,0.0,0.0
2021-06-11 00:00:00+05:30,1272.5312092843928,1291.6623340076171,1271.9528047198082,1287.480224609375,6140828,0.0,0.0
2021-06-14 00:00:00+05:30,1308.9250691394936,1314.2639885241551,1293.3086864911218,1300.73876953125,7132294,0.0,0.0
2021-06-15 00:00:00+05:30,1302.6961337113407,1313.3739708729092,1301.8063139478768,1311.50537109375,5403104,0.0,0.0
2021-06-16 00:00:00+05:30,1310.4375650008872,1325.3420465256531,1305.8105455279979,1317.4671630859375,7661710,0.0,0.0
2021-06-17 00:00:00+05:30,1312.5731820594183,1337.0877613114858,1312.5731820594183,1330.547607421875,7677951,0.0,0.0
2021-06-18 00:00:00+05:30,1342.7383121313349,1348.7891312737386,1323.5182228269348,1337.6663818359375,13533974,0.0,0.0
2021-06-21 00:00:00+05:30,1328.500854565387,1339.8905905376864,1320.67039750686,1334.99658203125,5454052,0.0,0.0
2021-06-22 00:00:00+05:30,1343.360913550413,1353.8162962388503,1336.5983047696675,1345.2740478515625,6427862,0.0,0.0
2021-06-23 00:00:00+05:30,1356.975256632698,1356.975256632698,1333.528525561883,1337.53271484375,5529809,0.0,0.0
2021-06-24 00:00:00+05:30,1349.8566304803442,1395.9048049215821,1344.6956322155095,1387.406982421875,10785137,0.0,0.0
2021-06-25 00:00:00+05:30,1398.7967123676879,1404.135631117183,1372.9919384117954,1400.7542724609375,9780240,0.0,0.0
2021-06-28 00:00:00+05:30,1399.59755444848,1406.048747856994,1388.6527277002867,1398.6187744140625,5019178,0.0,0.0
2021-06-29 00:00:00+05:30,1389.0087116988348,1400.2649539245465,1387.4069926061065,1390.8328857421875,5913567,0.0,0.0
2021-06-30 00:00:00+05:30,1398.8412739382577,1415.7033158675802,1398.8412739382577,1406.627197265625,6058722,0.0,0.0
2021-07-01 00:00:00+05:30,1403.1123459447122,1403.1123459447122,1387.27361849601,1388.474853515625,4814317,0.0,0.0
2021-07-02 00:00:00+05:30,1387.1845779352639,1396.527686132786,1372.6360454660967,1395.0595703125,5166064,0.0,0.0
2021-07-05 00:00:00+05:30,1396.2609093070173,1410.3645329120188,1389.0533898850238,1404.9810791015625,4058338,0.0,0.0
2021-07-06 00:00:00+05:30,1400.309589417197,1411.921783026772,1385.5386002081234,1390.07666015625,4089574,0.0,0.0
2021-07-07 00:00:00+05:30,1393.502462197475,1397.506651645048,1374.4602951004547,1392.212158203125,4797120,0.0,0.0
2021-07-08 00:00:00+05:30,1395.237571079609,1402.3561301157295,1378.330993368823,1388.786376953125,3326813,0.0,0.0
2021-07-09 00:00:00+05:30,1384.5595626807105,1396.928079212835,1380.110463828909,1390.6993408203125,3436594,0.0,0.0
2021-07-12 00:00:00+05:30,1397.5065927215103,1404.1357070791948,1364.7611791715558,1377.3076171875,4588982,0.0,0.0
2021-07-13 00:00:00+05:30,1384.9157985707798,1384.9157985707798,1367.0304392138037,1374.727294921875,4456160,0.0,0.0
2021-07-14 00:00:00+05:30,1382.7800855630126,1408.406941407783,1368.6319278283077,1403.156982421875,5657716,0.0,0.0
2021-07-15 00:00:00+05:30,1386.2503019190274,1420.9087400251894,1384.5596225581112,1406.627197265625,10021355,0.0,0.0
2021-07-16 00:00:00+05:30,1400.3538130169516,1401.1546725054604,1378.8646446149278,1384.070068359375,6265593,0.0,0.0
2021-07-19 00:00:00+05:30,1374.5046646004569,1381.8012524671824,1368.142539635368,1371.835205078125,5669162,0.0,0.0
2021-07-20 00:00:00+05:30,1368.80999702364,1386.0724162048894,1368.5430076051287,1379.265380859375,5069939,0.0,0.0
2021-07-22 00:00:00+05:30,1389.364589198939,1417.349377086102,1389.364589198939,1414.9913330078125,7854575,0.0,0.0
2021-07-23 00:00:00+05:30,1413.5234183768378,1422.3770827631295,1410.409048786803,1415.2139892578125,4179719,0.0,0.0
2021-07-26 00:00:00+05:30,1418.4616079750388,1434.0779876639178,1418.4616079750388,1427.181884765625,4586710,0.0,0.0
2021-07-27 00:00:00+05:30,1428.1608501312835,1431.9871189100877,1421.843150960739,1425.9808349609375,5892859,0.0,0.0
2021-07-28 00:00:00+05:30,1428.249792231935,1430.4743418144471,1410.8093452291575,1428.6947021484375,4686788,0.0,0.0
2021-07-29 00:00:00+05:30,1423.800767429878,1441.5082047556239,1423.800767429878,1438.8387451171875,4660873,0.0,0.0
2021-07-30 00:00:00+05:30,1432.610021695999,1444.5336299360965,1429.1842368464966,1433.054931640625,6234257,0.0,0.0
2021-08-02 00:00:00+05:30,1448.1372961874185,1454.6330246516857,1440.796282299438,1451.78564453125,5553389,0.0,0.0
2021-08-03 00:00:00+05:30,1465.5334758224517,1475.8999000926142,1455.3895065425477,1472.8299560546875,5513668,0.0,0.0
2021-08-04 00:00:00+05:30,1485.198302842802,1494.8084007547138,1458.4592812898322,1467.535400390625,6740391,0.0,0.0
2021-08-05 00:00:00+05:30,1467.7577586309994,1482.439785316305,1465.5777435714137,1471.361572265625,5420536,0.0,0.0
2021-08-06 00:00:00+05:30,1474.4316785711485,1477.6795431599548,1462.864019053089,1468.380859375,3754855,0.0,0.0
2021-08-09 00:00:00+05:30,1477.990724476605,1483.7300188807942,1464.9993767983387,1480.037353515625,5018477,0.0,0.0
2021-08-10 00:00:00+05:30,1484.2193625167686,1494.897199657177,1478.035158621179,1492.4501953125,6846517,0.0,0.0
2021-08-11 00:00:00+05:30,1490.2702806468778,1498.456579557271,1484.2194624118335,1492.71728515625,4899639,0.0,0.0
2021-08-12 00:00:00+05:30,1494.1411226602154,1509.5794763648796,1489.5585284024805,1503.439697265625,5659579,0.0,0.0
2021-08-13 00:00:00+05:30,1510.024099797367,1532.7145031826544,1504.9521707241793,1523.54931640625,5612790,0.0,0.0
2021-08-16 00:00:00+05:30,1519.5453491889418,1530.44564260102,1503.8845411944826,1516.6090087890625,4564109,0.0,0.0
2021-08-17 00:00:00+05:30,1516.1639420394988,1556.205832064848,1500.7255906093967,1549.754638671875,9510390,0.0,0.0
2021-08-18 00:00:00+05:30,1538.4983533587945,1562.0785768197593,1536.7187138523066,1542.4580078125,6686090,0.0,0.0
2021-08-20 00:00:00+05:30,1527.0197416428282,1552.7355556641908,1527.0197416428282,1542.01318359375,6206972,0.0,0.0
2021-08-23 00:00:00+05:30,1544.5044911870675,1559.9873751590014,1541.1676674267615,1547.1739501953125,6189051,0.0,0.0
2021-08-24 00:00:00+05:30,1557.184606052704,1563.413344476915,1523.9942850011782,1531.246337890625,7602939,0.0,0.0
2021-08-25 00:00:00+05:30,1528.7105222770665,1554.4263380022362,1528.7105222770665,1544.326904296875,6153253,0.0,0.0
2021-08-26 00:00:00+05:30,1542.947705689931,1553.6255444836327,1530.4902270972784,1537.341796875,5302248,0.0,0.0
2021-08-27 00:00:00+05:30,1534.9392077288335,1537.3416778231317,1517.3207316353644,1520.524169921875,6698514,0.0,0.0
2021-08-30 00:00:00+05:30,1515.4077173505289,1529.2888850881866,1504.151474684652,1510.9586181640625,6559667,0.0,0.0
2021-08-31 00:00:00+05:30,1512.827305342868,1526.0411089645945,1500.1028374875211,1518.43310546875,12255438,0.0,0.0
2021-09-01 00:00:00+05:30,1521.1470441049441,1521.1470441049441,1488.802114057658,1492.895263671875,7801974,0.0,0.0
2021-09-02 00:00:00+05:30,1492.539367293398,1507.6218795661478,1479.4590583890802,1502.9947509765625,6830050,0.0,0.0
2021-09-03 00:00:00+05:30,1509.1789452891753,1517.988074588119,1498.8125226886418,1513.2720947265625,5339139,0.0,0.0
2021-09-06 00:00:00+05:30,1517.276071305513,1541.1677083394327,1512.1150736376733,1539.7440185546875,4876026,0.0,0.0
2021-09-07 00:00:00+05:30,1539.3882322260613,1543.7483709085054,1516.2529177532997,1518.6109619140625,3520341,0.0,0.0
2021-09-08 00:00:00+05:30,1513.450109310874,1513.450109310874,1497.522311859604,1506.6875,4584896,0.0,0.0
2021-09-09 00:00:00+05:30,1500.1471869196148,1508.155564929437,1496.8103627488554,1505.2191162109375,3331674,0.0,0.0
2021-09-13 00:00:00+05:30,1497.5666663419925,1514.028332014795,1490.6260287182015,1505.486083984375,4662374,0.0,0.0
2021-09-14 00:00:00+05:30,1509.089920271295,1509.089920271295,1493.651567709299,1500.3697509765625,4945167,0.0,0.0
2021-09-15 00:00:00+05:30,1506.6876444255638,1526.1301887907387,1503.9736501044472,1522.88232421875,4062344,0.0,0.0
2021-09-16 00:00:00+05:30,1526.2188010957557,1529.8226145535493,1505.0855819038713,1514.6956787109375,3246568,0.0,0.0
2021-09-17 00:00:00+05:30,1510.0243223989958,1528.7105397062314,1498.8570395600073,1504.952392578125,7454864,0.0,0.0
2021-09-20 00:00:00+05:30,1499.3463595187543,1519.5452254836232,1493.0730864950874,1501.88232421875,5660743,0.0,0.0
2021-09-21 00:00:00+05:30,1512.693707466829,1536.4963878637336,1499.0349948323485,1529.11083984375,4672222,0.0,0.0
2021-09-22 00:00:00+05:30,1527.8206497121014,1547.3077257336527,1524.3059048281496,1527.731689453125,4553892,0.0,0.0
2021-09-23 00:00:00+05:30,1541.1680209485553,1552.7356793044048,1531.4689626029945,1550.5556640625,3826090,0.0,0.0
2021-09-24 00:00:00+05:30,1564.3032427719265,1590.9978373584784,1559.3646993251812,1569.5086669921875,8280446,0.0,0.0
2021-09-27 00:00:00+05:30,1573.8688300732904,1574.0912850316047,1528.7994337947073,1531.513427734375,5045337,0.0,0.0
2021-09-28 00:00:00+05:30,1521.5921084591596,1521.5921084591596,1490.4484103328025,1501.2152099609375,6557197,0.0,0.0
2021-09-29 00:00:00+05:30,1476.4334333399793,1513.9393578607076,1472.6516993687906,1505.7974853515625,7792548,0.0,0.0
2021-09-30 00:00:00+05:30,1515.3631327387895,1515.3631327387895,1486.088039336983,1490.6260986328125,6914031,0.0,0.0
2021-10-01 00:00:00+05:30,1481.638937241155,1493.9629198300943,1478.2131527121837,1481.6834716796875,5733906,0.0,0.0
2021-10-04 00:00:00+05:30,1488.223660262414,1502.0158675772525,1481.9059612165079,1493.7850341796875,2947154,0.0,0.0
2021-10-05 00:00:00+05:30,1486.8888723913853,1515.3185712967768,1479.7703140555798,1506.2869873046875,4373310,0.0,0.0
2021-10-06 00:00:00+05:30,1514.562248918571,1520.702027218349,1485.9990552689544,1489.157958984375,4271698,0.0,0.0
2021-10-07 00:00:00+05:30,1501.1260234848555,1516.4308808095564,1491.9164101508402,1504.685302734375,5476108,0.0,0.0
2021-10-08 00:00:00+05:30,1517.3652664264184,1540.7230369842214,1511.2700223097372,1533.9158935546875,4738376,0.0,0.0
2021-10-11 00:00:00+05:30,1496.6767818858755,1539.3881288124642,1480.3930374218846,1504.640625,8840633,0.0,0.0
2021-10-12 00:00:00+05:30,1492.2280482607832,1502.905887604331,1478.8807490813488,1499.4801025390625,7439300,0.0,0.0
2021-10-13 00:00:00+05:30,1509.0897710508837,1524.8396458972372,1494.9417238334045,1520.8798828125,7104171,0.0,0.0
2021-10-14 00:00:00+05:30,1560.7442321199276,1587.082881587797,1511.0922341948954,1526.7086181640625,19655776,0.0,0.0
2021-10-18 00:00:00+05:30,1548.286546695853,1600.7859181068043,1548.286546695853,1594.690673828125,13438109,0.0,0.0
2021-10-19 00:00:00+05:30,1614.1332004381575,1632.3745072788313,1585.9259547717893,1621.38525390625,10324260,0.0,0.0
2021-10-20 00:00:00+05:30,1627.8363931036856,1644.3870199570588,1596.3812843324115,1603.7667236328125,5876115,0.0,0.0
2021-10-21 00:00:00+05:30,1614.1332239446729,1614.1332239446729,1554.3817986991194,1560.4326171875,8779629,0.0,0.0
2021-10-22 00:00:00+05:30,1557.0955638084176,1568.9301010189083,1518.9222757517034,1530.31201171875,7369809,0.0,0.0
2021-10-25 00:00:00+05:30,1532.3143756306038,1539.1659452933711,1501.3040657577042,1519.4119873046875,5905209,0.0,0.0
2021-10-26 00:00:00+05:30,1535.1217839102844,1549.9787485385702,1522.419225446703,1529.4212646484375,5871709,15.0,0.0
2021-10-27 00:00:00+05:30,1534.2688202556412,1556.7563923180637,1527.132103632975,1552.0882568359375,5090259,0.0,0.0
2021-10-28 00:00:00+05:30,1543.4703399076664,1548.3179728132604,1518.9630389912397,1529.600830078125,5329972,0.0,0.0
2021-10-29 00:00:00+05:30,1525.2018604167058,1537.4106350284148,1491.1339757021285,1497.1485595703125,5875091,0.0,0.0
2021-11-01 00:00:00+05:30,1505.9014659494887,1532.5632841362876,1504.5549072616056,1526.144775390625,3636806,0.0,0.0
2021-11-02 00:00:00+05:30,1521.6112310437475,1531.8899179452385,1513.8460544672046,1524.214599609375,3471772,0.0,0.0
2021-11-03 00:00:00+05:30,1534.1789588065574,1541.764527730392,1525.2019022892575,1528.3438720703125,3530713,0.0,0.0
2021-11-04 00:00:00+05:30,1539.565380166842,1541.3607916889025,1530.5883225565397,1533.9097900390625,483407,0.0,0.0
2021-11-08 00:00:00+05:30,1553.0308790467627,1562.9056418615107,1528.792824865108,1559.763671875,5245903,0.0,0.0
2021-11-09 00:00:00+05:30,1557.2950995512297,1570.9851126759775,1549.4401739878497,1564.2523193359375,4016134,0.0,0.0
2021-11-10 00:00:00+05:30,1549.4401417745487,1571.83785665347,1545.8043896132256,1562.1427001953125,4780368,0.0,0.0
2021-11-11 00:00:00+05:30,1555.6792455721493,1561.783688936851,1534.1792351734894,1555.9935302734375,4731349,0.0,0.0
2021-11-12 00:00:00+05:30,1564.7009741488232,1600.4745229836617,1560.257374940205,1598.0955810546875,5069009,0.0,0.0
2021-11-15 00:00:00+05:30,1599.8012593110454,1615.8702127881927,1593.8764237807977,1604.334716796875,4354074,0.0,0.0
2021-11-16 00:00:00+05:30,1606.8933627342767,1623.904843607028,1595.2231874741956,1608.9581298828125,6034233,0.0,0.0
2021-11-17 00:00:00+05:30,1609.1826354637128,1617.665911755888,1598.5447336715406,1604.604248046875,4732492,0.0,0.0
2021-11-18 00:00:00+05:30,1599.3525944279756,1606.3995628785876,1579.0644657331543,1597.377685546875,4326924,0.0,0.0
2021-11-22 00:00:00+05:30,1601.5070006566984,1602.7638105783417,1572.017389741743,1579.4234619140625,6621839,0.0,0.0
2021-11-23 00:00:00+05:30,1557.6091835159034,1568.5163300051972,1535.0767917063313,1559.22509765625,8436160,0.0,0.0
2021-11-24 00:00:00+05:30,1562.0080883098099,1562.4569412087494,1515.3273868200913,1522.509033203125,7333061,0.0,0.0
2021-11-25 00:00:00+05:30,1526.0998642017403,1549.6197123932054,1523.3618176709108,1546.20849609375,4476260,0.0,0.0
2021-11-26 00:00:00+05:30,1528.3890188200792,1542.5727043871634,1511.7365327759849,1518.60400390625,4494181,0.0,0.0
2021-11-29 00:00:00+05:30,1518.020294608016,1536.8721137604516,1498.4054475493863,1522.822998046875,3942776,0.0,0.0
2021-11-30 00:00:00+05:30,1530.1844157187647,1552.9412350958905,1526.1447397494564,1537.455810546875,14808963,0.0,0.0
2021-12-01 00:00:00+05:30,1539.5655787491596,1563.71388875231,1537.7701669955163,1539.475830078125,5193264,0.0,0.0
2021-12-02 00:00:00+05:30,1539.5653465965966,1571.4339004182755,1536.288698723639,1569.4140625,5559574,0.0,0.0
2021-12-03 00:00:00+05:30,1589.926680297916,1603.8860489685592,1555.3201883320971,1558.0133056640625,6754012,0.0,0.0
2021-12-06 00:00:00+05:30,1553.0308366320087,1556.5767302580853,1518.4691677243022,1521.8804931640625,3991449,0.0,0.0
2021-12-07 00:00:00+05:30,1527.0873870655005,1548.4528299545664,1520.7136974991224,1536.5582275390625,4202122,0.0,0.0
2021-12-08 00:00:00+05:30,1555.72401999994,1579.7825772411895,1555.3649157936254,1573.9923095703125,3029169,0.0,0.0
2021-12-09 00:00:00+05:30,1579.0643354763217,1588.4004967272194,1563.8033384876364,1583.05908203125,2082171,0.0,0.0
2021-12-10 00:00:00+05:30,1579.9622197847095,1583.328616559819,1567.3943384909674,1579.2889404296875,1823469,0.0,0.0
2021-12-13 00:00:00+05:30,1586.2911275859171,1590.151196897316,1560.9309379387585,1566.1824951171875,4040584,0.0,0.0
2021-12-14 00:00:00+05:30,1553.8389138318717,1582.6552466615897,1535.3910167263787,1572.9151611328125,4768144,0.0,0.0
2021-12-15 00:00:00+05:30,1566.4965354752162,1569.144723607344,1545.1310947683974,1556.80126953125,3053149,0.0,0.0
2021-12-16 00:00:00+05:30,1582.3409441807426,1595.7616003093601,1578.1665908378222,1590.3753662109375,4481031,0.0,0.0
2021-12-17 00:00:00+05:30,1633.824496428529,1653.5740233084343,1621.9298950122225,1634.5875244140625,18887243,0.0,0.0
2021-12-20 00:00:00+05:30,1617.3964449810487,1642.4873870491053,1604.469569535608,1614.8829345703125,5773891,0.0,0.0
2021-12-21 00:00:00+05:30,1616.7680325096776,1649.983144782225,1616.7680325096776,1626.28369140625,5353584,0.0,0.0
2021-12-22 00:00:00+05:30,1638.3129346501346,1642.0384352948865,1626.956935405642,1638.0435791015625,4156428,0.0,0.0
2021-12-23 00:00:00+05:30,1643.9237215129017,1671.1690702162794,1640.108471920312,1667.5782470703125,4112933,0.0,0.0
2021-12-24 00:00:00+05:30,1681.357909134367,1683.871529020571,1664.346429323811,1672.8746337890625,3780347,0.0,0.0
2021-12-27 00:00:00+05:30,1669.732749649534,1682.7494834505653,1656.3120920810711,1675.253662109375,2647733,0.0,0.0
2021-12-28 00:00:00+05:30,1688.3151125796455,1701.960305344771,1686.2504551628035,1694.868408203125,3340933,0.0,0.0
2021-12-29 00:00:00+05:30,1690.828848757635,1700.0752621912457,1684.4551595905639,1692.669189453125,3236635,0.0,0.0
2021-12-30 00:00:00+05:30,1691.7263474860777,1714.4383449364482,1682.614612952304,1699.22216796875,4584738,0.0,0.0
2021-12-31 00:00:00+05:30,1696.6640031380364,1704.1598248331377,1680.1911232252733,1694.6441650390625,4619420,0.0,0.0
2022-01-03 00:00:00+05:30,1694.6439822250395,1718.2536866238245,1694.6439822250395,1704.2493896484375,3329616,0.0,0.0
2022-01-04 00:00:00+05:30,1704.2495919258429,1711.610845493857,1685.891551505521,1704.8780517578125,3921999,0.0,0.0
2022-01-05 00:00:00+05:30,1705.6408706210877,1708.244239129732,1651.7785273383165,1655.952880859375,6995719,0.0,0.0
2022-01-06 00:00:00+05:30,1641.0061644901782,1641.0061644901782,1615.8704026708538,1631.849609375,6449205,0.0,0.0
2022-01-07 00:00:00+05:30,1629.739793435008,1648.1876896772642,1621.9747266812612,1628.70751953125,4834389,0.0,0.0
2022-01-10 00:00:00+05:30,1629.3359737764672,1678.6200425032102,1627.5405622351159,1661.428955078125,7857560,0.0,0.0
2022-01-11 00:00:00+05:30,1665.2439912966681,1678.7095761319513,1660.8901407832352,1665.7825927734375,5142287,0.0,0.0
2022-01-12 00:00:00+05:30,1677.7222647477881,1695.7661280475315,1669.7326618149332,1685.3975830078125,5362535,0.0,0.0
2022-01-13 00:00:00+05:30,1710.1294538640775,1716.8622469895265,1675.4331047076187,1702.768310546875,14277630,0.0,0.0
2022-01-14 00:00:00+05:30,1689.4821810621609,1735.2651732163426,1688.5844753336473,1731.988525390625,7688506,0.0,0.0
2022-01-17 00:00:00+05:30,1740.2474431377093,1754.0272038314308,1733.020868358922,1741.1002197265625,5262464,0.0,0.0
2022-01-18 00:00:00+05:30,1725.480435698786,1746.0379220966745,1715.919846239553,1724.2685546875,3690315,0.0,0.0
2022-01-19 00:00:00+05:30,1720.0041749935306,1720.0041749935306,1672.2910936296498,1676.0615234375,5747770,0.0,0.0
2022-01-20 00:00:00+05:30,1655.369343931458,1658.9601668033267,1629.7847309693936,1637.1458740234375,5533463,0.0,0.0
2022-01-21 00:00:00+05:30,1611.3817881916982,1623.0519627022786,1594.325379291619,1603.0330810546875,8252758,0.0,0.0
2022-01-24 00:00:00+05:30,1584.450634058544,1587.7272819323061,1551.2355216165236,1559.1353759765625,7116712,0.0,0.0
2022-01-25 00:00:00+05:30,1549.978755619526,1562.0080348157867,1526.548657013934,1545.9840087890625,9137653,0.0,0.0
2022-01-27 00:00:00+05:30,1527.8952534020755,1534.807544146456,1494.6801391976826,1506.888916015625,11231734,0.0,0.0
2022-01-28 00:00:00+05:30,1509.0433996097977,1550.8316470432278,1507.6968409545839,1513.71142578125,10998502,0.0,0.0
2022-01-31 00:00:00+05:30,1542.2584788669017,1570.536209998629,1539.8795367121913,1558.5966796875,8788872,0.0,0.0
2022-02-01 00:00:00+05:30,1585.4381259763172,1597.9162579975496,1557.2501431039855,1590.779541015625,5119935,0.0,0.0
2022-02-02 00:00:00+05:30,1605.9955798264787,1609.4069054950608,1590.7345821422696,1604.2899169921875,4253717,0.0,0.0
2022-02-03 00:00:00+05:30,1597.0185757090092,1597.0185757090092,1556.6218157838234,1560.7064208984375,3832922,0.0,0.0
2022-02-04 00:00:00+05:30,1554.826382864696,1574.530980546349,1535.2115338427761,1562.9954833984375,4700077,0.0,0.0
2022-02-07 00:00:00+05:30,1546.0288675415272,1554.8264281158893,1521.9704181220025,1539.5654296875,4310209,0.0,0.0
2022-02-08 00:00:00+05:30,1535.0768311505972,1548.5424173887602,1522.5089506616448,1541.630126953125,6053401,0.0,0.0
2022-02-09 00:00:00+05:30,1557.519583385622,1564.701229879619,1548.5425252681255,1559.5843505859375,3867244,0.0,0.0
2022-02-10 00:00:00+05:30,1576.0571267076214,1592.4402566950537,1569.8629350970984,1588.580078125,4334630,0.0,0.0
2022-02-11 00:00:00+05:30,1562.0078575739724,1567.3491624490587,1537.7698046116177,1545.265625,7551371,0.0,0.0
2022-02-14 00:00:00+05:30,1517.1227543219873,1542.7522979398288,1506.5747115034765,1510.12060546875,7459637,0.0,0.0
2022-02-15 00:00:00+05:30,1525.2021805307736,1568.0676332207938,1517.5267519749755,1560.4371337890625,4669915,0.0,0.0
2022-02-16 00:00:00+05:30,1560.437130216687,1575.8776263746088,1550.2032620267948,1555.9935302734375,5350642,0.0,0.0
2022-02-17 00:00:00+05:30,1565.5988215345953,1570.0873502660593,1544.323239180745,1548.3629150390625,3937950,0.0,0.0
2022-02-18 00:00:00+05:30,1535.0769137031268,1546.298236171717,1529.24182601946,1532.3388671875,5602215,0.0,0.0
2022-02-21 00:00:00+05:30,1526.9973647708184,1559.584124854063,1518.4691607935565,1553.6591796875,5120890,0.0,0.0
2022-02-22 00:00:00+05:30,1526.009994477481,1571.8827354279815,1518.0653206725158,1556.9359130859375,8878515,0.0,0.0
2022-02-23 00:00:00+05:30,1570.9849015512389,1578.3909732299805,1556.083009544595,1564.5662841796875,5478811,0.0,0.0
2022-02-24 00:00:00+05:30,1517.212402711859,1539.5203677498448,1499.6173926642882,1506.48486328125,13592379,0.0,0.0
2022-02-25 00:00:00+05:30,1539.5654171471692,1551.3702701049137,1505.4525974086314,1521.252197265625,9737281,0.0,0.0
2022-02-28 00:00:00+05:30,1510.1206091390077,1551.2805065421107,1494.6801136600138,1540.10400390625,15076542,0.0,0.0
2022-03-02 00:00:00+05:30,1535.0768409224868,1539.0267681608032,1518.0204315789038,1528.6134033203125,6771489,0.0,0.0
2022-03-03 00:00:00+05:30,1544.2333638859598,1556.5319982242845,1531.0820625145825,1544.81689453125,7344147,0.0,0.0
2022-03-04 00:00:00+05:30,1521.8355473053791,1558.4170536039749,1509.0432414218212,1547.0162353515625,9074499,0.0,0.0
2022-03-07 00:00:00+05:30,1523.4067415003497,1571.8828546653579,1522.5090357009976,1561.8734130859375,9742588,0.0,0.0
2022-03-08 00:00:00+05:30,1542.6623753419804,1615.8703218106334,1542.6623753419804,1596.30029296875,10984500,0.0,0.0
2022-03-09 00:00:00+05:30,1607.7910342826165,1644.2378666327916,1607.7910342826165,1627.854736328125,10193515,0.0,0.0
2022-03-10 00:00:00+05:30,1656.0428266961933,1656.0428266961933,1625.027046496264,1639.12109375,6547182,0.0,0.0
2022-03-11 00:00:00+05:30,1628.4384701306942,1644.058574395894,1625.745352484392,1635.6201171875,4758657,0.0,0.0
2022-03-14 00:00:00+05:30,1644.1930282991682,1701.1524149287986,1644.1930282991682,1697.292236328125,10289724,0.0,0.0
2022-03-15 00:00:00+05:30,1695.1826708755325,1695.1826708755325,1642.8015610504856,1651.1502685546875,7140443,0.0,0.0
2022-03-16 00:00:00+05:30,1674.2210817119692,1700.209617136358,1659.857790930526,1696.1251220703125,5233979,0.0,0.0
2022-03-17 00:00:00+05:30,1726.5573320122294,1726.5573320122294,1645.539396558504,1664.8848876953125,17731459,0.0,0.0
2022-03-21 00:00:00+05:30,1670.6303690877041,1693.880969488696,1652.766003084631,1663.49365234375,8362085,0.0,0.0
2022-03-22 00:00:00+05:30,1660.7554977721877,1696.6637247510457,1650.8807353530017,1694.3297119140625,5709382,0.0,0.0
2022-03-23 00:00:00+05:30,1702.947797209164,1705.6409144424942,1667.0395674314273,1680.8642578125,6192824,0.0,0.0
2022-03-24 00:00:00+05:30,1666.2766908514945,1700.7934360280046,1666.2766908514945,1693.7015380859375,3784303,0.0,0.0
2022-03-25 00:00:00+05:30,1698.4594774450134,1700.254889154786,1667.9374783788767,1684.5899658203125,3438588,0.0,0.0
2022-03-28 00:00:00+05:30,1675.118918136154,1688.4947556370578,1663.1345683715988,1682.2108154296875,4008555,0.0,0.0
2022-03-29 00:00:00+05:30,1682.2107806865477,1696.125219429775,1670.2264311695085,1693.072998046875,3917785,0.0,0.0
2022-03-30 00:00:00+05:30,1714.617808577691,1722.6971595081618,1701.152223693573,1709.1866455078125,7795839,0.0,0.0
2022-03-31 00:00:00+05:30,1705.6410203883704,1717.3111957910278,1700.4342829138939,1711.790283203125,5399145,0.0,0.0
2022-04-01 00:00:00+05:30,1693.8361285877643,1714.887394872627,1686.1608099209134,1708.827880859375,6171518,0.0,0.0
2022-04-04 00:00:00+05:30,1696.43952624763,1699.3570700816317,1681.4029541800826,1690.3350830078125,7364074,0.0,0.0
2022-04-05 00:00:00+05:30,1691.0982019168066,1696.3048297207965,1667.17432082566,1670.72021484375,5472024,0.0,0.0
2022-04-06 00:00:00+05:30,1665.244192690946,1667.4884571015807,1635.7545802518507,1641.7691650390625,5407453,0.0,0.0
2022-04-07 00:00:00+05:30,1634.7669810824043,1641.1406695276235,1622.6479543380187,1625.7449951171875,5797544,0.0,0.0
2022-04-08 00:00:00+05:30,1636.5176793751152,1649.9832664242795,1623.0520923259508,1628.9769287109375,5131446,0.0,0.0
2022-04-11 00:00:00+05:30,1628.4381324552166,1628.4381324552166,1582.2512182318208,1585.842041015625,8248407,0.0,0.0
2022-04-12 00:00:00+05:30,1577.7179133258371,1577.7179133258371,1551.011166286609,1564.2073974609375,6456184,0.0,0.0
2022-04-13 00:00:00+05:30,1575.4288234718024,1577.7180172020317,1554.8265182326707,1569.68359375,6257693,0.0,0.0
2022-04-18 00:00:00+05:30,1441.2667383097576,1481.2146485276237,1427.3522976720737,1455.540283203125,30523965,0.0,0.0
2022-04-19 00:00:00+05:30,1469.2300612636093,1469.2300612636093,1391.4438401538494,1402.21630859375,17044923,0.0,0.0
2022-04-20 00:00:00+05:30,1413.886655593176,1433.007833244966,1403.1141858362757,1425.2874755859375,10678747,0.0,0.0
2022-04-21 00:00:00+05:30,1431.8406148458548,1460.7466950238763,1426.6788069866927,1453.2060546875,7766514,0.0,0.0
2022-04-22 00:00:00+05:30,1440.2342392008813,1445.9346489594298,1420.5296412592907,1423.267578125,8134245,0.0,0.0
2022-04-25 00:00:00+05:30,1411.9116704618677,1411.9116704618677,1395.1245069131328,1401.408447265625,7000570,0.0,0.0
2022-04-26 00:00:00+05:30,1415.8616231545702,1429.1477135713155,1406.3011435161732,1419.27294921875,5345435,0.0,0.0
2022-04-27 00:00:00+05:30,1411.8667052446997,1411.8667052446997,1391.7580747141747,1393.95751953125,8819356,0.0,0.0
2022-04-28 00:00:00+05:30,1409.3980358449844,1437.9451226972992,1398.131784782489,1420.7091064453125,9245177,0.0,0.0
2022-04-29 00:00:00+05:30,1427.352057451814,1433.9053528696272,1401.1390949469912,1407.1986083984375,9831395,0.0,0.0
2022-05-02 00:00:00+05:30,1392.2518104170338,1393.9125440673035,1374.387444834675,1383.364501953125,7072627,0.0,0.0
2022-05-04 00:00:00+05:30,1388.9752818655138,1409.3980885628416,1373.6245347920797,1378.47216796875,6220959,0.0,0.0
2022-05-05 00:00:00+05:30,1400.4661388901936,1426.813785246947,1398.1320158739986,1422.99853515625,6144870,0.0,0.0
2022-05-06 00:00:00+05:30,1391.4440090997512,1402.081801059126,1378.0233510388225,1385.025390625,6171472,0.0,0.0
2022-05-09 00:00:00+05:30,1382.466931176316,1424.4796064245756,1366.4429045725087,1409.7122802734375,6832202,0.0,0.0
2022-05-10 00:00:00+05:30,1398.6256138886934,1408.6350553142338,1387.8980735846474,1394.1370849609375,6212545,0.0,0.0
2022-05-11 00:00:00+05:30,1391.3991192964597,1391.3991192964597,1356.9721223376418,1370.5723876953125,7846080,0.0,0.0
2022-05-12 00:00:00+05:30,1359.1265222178802,1371.24554999195,1350.4188201690602,1354.45849609375,7034979,0.0,0.0
2022-05-13 00:00:00+05:30,1363.8843824412697,1372.8165107722343,1344.852954894135,1350.508544921875,6723761,0.0,0.0
2022-05-16 00:00:00+05:30,1355.5355071648169,1357.1962406708608,1327.3924574591954,1336.7734375,6145331,0.0,0.0
2022-05-17 00:00:00+05:30,1341.9804318999065,1369.0013547558183,1329.4125506103449,1363.121337890625,6516378,0.0,0.0
2022-05-18 00:00:00+05:30,1366.30805947183,1391.1744632386558,1351.3164182898859,1354.8173828125,6594126,0.0,0.0
2022-05-19 00:00:00+05:30,1329.502198702564,1332.8236661016863,1272.6325620859147,1281.1607666015625,16561140,0.0,0.0
2022-05-20 00:00:00+05:30,1304.3664195619865,1316.709873291496,1298.7108296562692,1306.2965087890625,10488908,0.0,0.0
2022-05-23 00:00:00+05:30,1306.2516316480803,1335.7861731182122,1301.718283302418,1318.191162109375,5887569,0.0,0.0
2022-05-24 00:00:00+05:30,1318.3705266763216,1319.2234128138036,1288.4320644614268,1293.5938720703125,5693167,0.0,0.0
2022-05-25 00:00:00+05:30,1288.207663812402,1294.940456480411,1256.1146854282254,1266.1689453125,9630092,0.0,0.0
2022-05-26 00:00:00+05:30,1272.946780445226,1283.7192496732532,1263.1169461079405,1278.2880859375,13040065,0.0,0.0
2022-05-27 00:00:00+05:30,1296.2420817605998,1316.9342416608813,1290.3621752658935,1311.8621826171875,8284860,0.0,0.0
2022-05-30 00:00:00+05:30,1334.8883358094386,1373.4896797501283,1333.0929244633599,1370.6170654296875,10904213,0.0,0.0
2022-05-31 00:00:00+05:30,1370.5265167448363,1377.1492153718643,1350.0689318033246,1364.0853271484375,16033857,16.0,0.0
2022-06-01 00:00:00+05:30,1372.613057886202,1374.2006803920185,1335.50802974436,1341.359619140625,8738508,0.0,0.0
2022-06-02 00:00:00+05:30,1346.303797066686,1373.3840770354834,1338.6831873873698,1368.076904296875,7205840,0.0,0.0
2022-06-03 00:00:00+05:30,1383.408884845195,1410.715969239275,1377.1490940869578,1380.5057373046875,9395707,0.0,0.0
2022-06-06 00:00:00+05:30,1375.3345489968622,1394.0231097698384,1354.4686554434797,1388.0809326171875,6624883,0.0,0.0
2022-06-07 00:00:00+05:30,1378.827331227114,1378.827331227114,1363.1779106621018,1366.8974609375,4904592,0.0,0.0
2022-06-08 00:00:00+05:30,1379.1448683164317,1379.1448683164317,1353.5615113932292,1360.8192138671875,4697608,0.0,0.0
2022-06-09 00:00:00+05:30,1347.2109846360613,1376.1963887958834,1344.0357398911278,1374.4273681640625,4361061,0.0,0.0
2022-06-10 00:00:00+05:30,1348.208862822303,1355.3304608518883,1336.8687033026622,1339.7718505859375,6516436,0.0,0.0
2022-06-13 00:00:00+05:30,1309.6524503470807,1309.6524503470807,1280.712338233923,1292.32470703125,6987685,0.0,0.0
2022-06-14 00:00:00+05:30,1279.1702210306835,1314.4608258731198,1272.9558346588265,1306.8856201171875,6090247,0.0,0.0
2022-06-15 00:00:00+05:30,1306.567744365499,1312.1925298019619,1287.1987745076133,1290.2379150390625,4651958,0.0,0.0
2022-06-16 00:00:00+05:30,1304.5720675297325,1309.7885413741665,1262.8402767742612,1267.5577392578125,6641772,0.0,0.0
2022-06-17 00:00:00+05:30,1261.9784641623437,1267.3309313181774,1240.2960551585052,1258.576416015625,9692047,0.0,0.0
2022-06-20 00:00:00+05:30,1261.0712513196502,1290.374159577052,1253.7681436672126,1282.93505859375,4595194,0.0,0.0
2022-06-21 00:00:00+05:30,1291.8710851982403,1320.9018961015715,1290.737069147329,1315.367919921875,6270787,0.0,0.0
2022-06-22 00:00:00+05:30,1302.8031124644206,1324.167909536378,1301.850494634257,1303.8917236328125,6253366,0.0,0.0
2022-06-23 00:00:00+05:30,1306.2051203282867,1322.7163500853471,1300.036028581826,1317.6812744140625,6254281,0.0,0.0
2022-06-24 00:00:00+05:30,1322.716195031617,1331.33471619266,1296.3163260449612,1307.38427734375,6114340,0.0,0.0
2022-06-27 00:00:00+05:30,1331.8339449854482,1346.303946473831,1329.2030054210798,1337.776123046875,4511097,0.0,0.0
2022-06-28 00:00:00+05:30,1332.695832686275,1350.1596820934983,1318.180425386765,1342.811279296875,4412178,0.0,0.0
2022-06-29 00:00:00+05:30,1328.794540235472,1339.9533019425135,1321.8090459920393,1327.4791259765625,5060038,0.0,0.0
2022-06-30 00:00:00+05:30,1329.1122592903828,1344.4894731370582,1319.9947256507555,1326.2545166015625,9165177,0.0,0.0
2022-07-01 00:00:00+05:30,1319.0875083390094,1347.2111072100613,1308.5184562919433,1342.1307373046875,4651635,0.0,0.0
2022-07-04 00:00:00+05:30,1342.9017181396484,1353.7882715040637,1326.3450848979335,1349.9326171875,4800224,0.0,0.0
2022-07-05 00:00:00+05:30,1359.7306341867263,1369.8459686483452,1335.4172860401247,1339.000732421875,7379669,0.0,0.0
2022-07-06 00:00:00+05:30,1344.6706697039551,1360.8191006626487,1333.6027186493957,1353.243896484375,5209162,0.0,0.0
2022-07-07 00:00:00+05:30,1363.5862347579819,1373.4747656207644,1356.9181321249366,1359.6397705078125,3323472,0.0,0.0
2022-07-08 00:00:00+05:30,1374.427478165659,1376.1964989390626,1360.7738803721873,1373.928466796875,3652582,0.0,0.0
2022-07-11 00:00:00+05:30,1356.2832728913424,1360.7286382087686,1330.3370063413038,1336.460693359375,4702638,0.0,0.0
2022-07-12 00:00:00+05:30,1326.163860792882,1332.3328420632538,1302.7577236881664,1305.116455078125,4710356,0.0,0.0
2022-07-13 00:00:00+05:30,1315.458659703502,1324.5307883911123,1305.1164108508747,1310.423583984375,5264025,0.0,0.0
2022-07-14 00:00:00+05:30,1316.3659058640824,1318.134926705403,1282.799028870994,1296.2711181640625,6157606,0.0,0.0
2022-07-15 00:00:00+05:30,1311.8297387301836,1311.8297387301836,1279.7597876672385,1297.6318359375,5620018,0.0,0.0
2022-07-18 00:00:00+05:30,1315.4585592229448,1355.0130151308297,1313.6895385614898,1351.6563720703125,5835171,0.0,0.0
2022-07-19 00:00:00+05:30,1335.0092029512389,1348.8894940377877,1333.6936777845513,1346.4400634765625,3418540,0.0,0.0
2022-07-20 00:00:00+05:30,1361.9532009641566,1384.2253192557744,1360.819184976676,1374.6995849609375,5079392,0.0,0.0
2022-07-21 00:00:00+05:30,1376.2419192424743,1392.9799523411634,1363.6316382423909,1390.6666259765625,5008061,0.0,0.0
2022-07-22 00:00:00+05:30,1391.664542234317,1397.1078194529648,1353.6977057829995,1366.5347900390625,7020642,0.0,0.0
2022-07-25 00:00:00+05:30,1342.7658234849073,1376.3781065370429,1342.7658234849073,1364.0853271484375,7859626,0.0,0.0
2022-07-26 00:00:00+05:30,1357.780137915972,1357.780137915972,1310.9225719330734,1316.501953125,7268273,0.0,0.0
2022-07-27 00:00:00+05:30,1316.365999985727,1336.3246850303074,1310.9227222462962,1334.5556640625,4517285,0.0,0.0
2022-07-28 00:00:00+05:30,1357.5532673695334,1383.0005201751158,1351.6109791825675,1376.604736328125,6636841,0.0,0.0
2022-07-29 00:00:00+05:30,1390.5759062138168,1411.35099196503,1386.2212402192902,1405.90771484375,7009465,0.0,0.0
2022-08-01 00:00:00+05:30,1418.8808076559778,1418.8808076559778,1395.2025759173741,1407.1324462890625,2983249,0.0,0.0
2022-08-02 00:00:00+05:30,1403.050001435288,1403.4582028981656,1386.5386620137654,1400.3736572265625,4374635,0.0,0.0
2022-08-03 00:00:00+05:30,1405.2726932814403,1424.3241629773152,1397.017078561979,1420.7860107421875,6011955,0.0,0.0
2022-08-04 00:00:00+05:30,1440.200367858984,1455.0332754831431,1428.8148025431328,1451.4498291015625,7402209,0.0,0.0
2022-08-05 00:00:00+05:30,1459.161245553542,1474.8559622239864,1453.6272690310873,1466.645751953125,5361971,0.0,0.0
2022-08-08 00:00:00+05:30,1466.963169953547,1471.499234177275,1447.9117002138908,1469.1405029296875,3763409,0.0,0.0
2022-08-10 00:00:00+05:30,1470.7734244892295,1470.7734244892295,1440.744701377161,1453.76318359375,4423829,0.0,0.0
2022-08-11 00:00:00+05:30,1478.7569376887157,1479.981652880995,1466.0559578558064,1469.639404296875,3462090,0.0,0.0
2022-08-12 00:00:00+05:30,1463.6064179821378,1464.2414226287779,1442.6044200379383,1446.1878662109375,3562286,0.0,0.0
2022-08-16 00:00:00+05:30,1459.7055121386732,1459.7055121386732,1443.4663795689878,1448.3199462890625,3004430,0.0,0.0
2022-08-17 00:00:00+05:30,1448.319962808223,1462.4271674367703,1437.9324195950876,1457.210693359375,4067324,0.0,0.0
2022-08-18 00:00:00+05:30,1446.187955002789,1449.9075054695088,1427.9529992074047,1436.072509765625,4635706,0.0,0.0
2022-08-19 00:00:00+05:30,1438.2046224349253,1455.985972727663,1438.023113412736,1448.90966796875,4739884,0.0,0.0
2022-08-22 00:00:00+05:30,1438.8397049053958,1450.6334729783907,1427.9531497610926,1429.4500732421875,3950555,0.0,0.0
2022-08-23 00:00:00+05:30,1404.3654036721289,1410.262286827083,1390.757211776081,1399.2850341796875,5551574,0.0,0.0
2022-08-24 00:00:00+05:30,1392.5715677400915,1402.5509079649391,1388.942716749238,1394.839599609375,2888426,0.0,0.0
2022-08-25 00:00:00+05:30,1404.3654366095145,1405.0004412820567,1373.2933977181217,1377.28515625,4331088,0.0,0.0
2022-08-26 00:00:00+05:30,1392.7079467023948,1401.5985669386262,1376.650211452045,1380.369873046875,3079136,0.0,0.0
2022-08-29 00:00:00+05:30,1332.2874999956043,1332.2874999956043,1315.458657016953,1326.118408203125,8079050,0.0,0.0
2022-08-30 00:00:00+05:30,1336.4153079026626,1357.2812047129148,1329.9741184273807,1354.4234619140625,6725875,0.0,0.0
2022-09-01 00:00:00+05:30,1324.576097843867,1331.8790944646682,1316.4111826136234,1328.3409423828125,8140604,0.0,0.0
2022-09-02 00:00:00+05:30,1340.860743733332,1340.860743733332,1313.6443551595835,1318.180419921875,5175653,0.0,0.0
2022-09-05 00:00:00+05:30,1316.3658682629728,1330.8812741156314,1312.1473062882924,1325.710205078125,3669352,0.0,0.0
2022-09-06 00:00:00+05:30,1325.7102355622496,1333.6029433786189,1311.330822713805,1320.08544921875,3428442,0.0,0.0
2022-09-07 00:00:00+05:30,1306.386475113744,1329.7472054847017,1304.6174543928623,1322.3988037109375,3600574,0.0,0.0
2022-09-08 00:00:00+05:30,1338.13893063629,1343.6729067769502,1327.7966821761806,1338.9554443359375,4061475,0.0,0.0
2022-09-09 00:00:00+05:30,1349.9326999442885,1378.9635106957787,1342.674997256416,1371.3883056640625,4816910,0.0,0.0
2022-09-12 00:00:00+05:30,1384.2254749088493,1402.4604318892673,1380.0069128123039,1393.660400390625,5494819,0.0,0.0
2022-09-13 00:00:00+05:30,1407.903584157342,1408.9014961011296,1398.2871505052733,1401.598388671875,4947158,0.0,0.0
2022-09-14 00:00:00+05:30,1358.0974821695354,1359.8665027285715,1335.4171634960296,1338.501708984375,14332197,0.0,0.0
2022-09-15 00:00:00+05:30,1338.138952185551,1338.3203504578364,1296.45256607429,1299.8546142578125,12784100,0.0,0.0
2022-09-16 00:00:00+05:30,1292.7782765113873,1292.7782765113873,1241.3846477911488,1249.2774658203125,20464045,0.0,0.0
2022-09-19 00:00:00+05:30,1262.8401910629045,1275.5411699960084,1252.4979432114847,1261.2979736328125,6595241,0.0,0.0
2022-09-20 00:00:00+05:30,1277.3101661666406,1282.3906462376121,1256.5803766678841,1259.7103271484375,7219797,0.0,0.0
2022-09-21 00:00:00+05:30,1251.8631207430983,1259.9373378172006,1241.4301722440514,1249.458984375,7917054,0.0,0.0
2022-09-22 00:00:00+05:30,1239.570454012486,1255.5373805814374,1233.809673640932,1241.02197265625,9168498,0.0,0.0
2022-09-23 00:00:00+05:30,1240.6136148834153,1265.3805708345333,1235.623944037449,1238.7537841796875,10426200,0.0,0.0
2022-09-26 00:00:00+05:30,1233.80960197428,1269.5991082634534,1229.2735372611394,1252.1806640625,9414587,0.0,0.0
2022-09-27 00:00:00+05:30,1264.1556500846286,1275.9948215927839,1250.1392564200899,1264.2464599609375,8561254,0.0,0.0
2022-09-28 00:00:00+05:30,1251.0465966039471,1275.405240966301,1249.232170793064,1265.289794921875,7022098,0.0,0.0
2022-09-29 00:00:00+05:30,1274.5433714005803,1279.0340307679621,1263.7475161988737,1268.873291015625,6119965,0.0,0.0
2022-09-30 00:00:00+05:30,1260.0733324380312,1287.607332969342,1248.324969500773,1282.300048828125,8120130,0.0,0.0
2022-10-03 00:00:00+05:30,1280.9846139293722,1280.9846139293722,1257.3970785454037,1264.427978515625,4943169,0.0,0.0
2022-10-04 00:00:00+05:30,1287.9701100239968,1299.3556762181945,1282.7990407907328,1296.7701416015625,6631341,0.0,0.0
2022-10-06 00:00:00+05:30,1310.922626390357,1324.3494214633474,1310.106112640393,1320.130859375,6180672,0.0,0.0
2022-10-07 00:00:00+05:30,1312.1471593829003,1322.5801061714467,1306.5224845422258,1316.547119140625,3994466,0.0,0.0
2022-10-10 00:00:00+05:30,1294.003064795037,1329.0668646353636,1294.003064795037,1326.9349365234375,5274677,0.0,0.0
2022-10-11 00:00:00+05:30,1326.9348942612842,1342.3575126771138,1288.3329432818086,1291.689697265625,12824774,0.0,0.0
2022-10-12 00:00:00+05:30,1303.664798259727,1307.3843486042717,1282.3907023211864,1296.1348876953125,5481467,0.0,0.0
2022-10-13 00:00:00+05:30,1298.2215292859132,1304.5266140090537,1283.7061243463083,1288.1514892578125,4821514,0.0,0.0
2022-10-14 00:00:00+05:30,1347.2110338811046,1355.37594923796,1331.1080063717516,1337.45849609375,14990688,0.0,0.0
2022-10-17 00:00:00+05:30,1339.8627206241326,1356.2832515544005,1338.5926004471692,1351.7017822265625,4286396,0.0,0.0
2022-10-18 00:00:00+05:30,1369.8913885102745,1370.753196410842,1358.3244247993434,1364.1759033203125,4692004,0.0,0.0
2022-10-19 00:00:00+05:30,1364.4481050975749,1365.3099129941174,1343.854418021596,1347.6192626953125,3553171,0.0,0.0
2022-10-20 00:00:00+05:30,1338.139027990448,1364.4482021000908,1337.4132133726773,1361.6358642578125,4583939,0.0,0.0
2022-10-21 00:00:00+05:30,1361.0914288831727,1366.26249762449,1352.9718077531638,1361.2728271484375,3594485,0.0,0.0
2022-10-24 00:00:00+05:30,1377.6026499274944,1380.5964964935235,1370.7985538626567,1377.012939453125,982837,0.0,0.0
2022-10-25 00:00:00+05:30,1386.3119939028177,1390.6666600686863,1379.916209479914,1384.6790771484375,3914341,0.0,0.0
2022-10-27 00:00:00+05:30,1403.9385396052235,1407.698739208656,1387.1550649469032,1397.6561279296875,6760137,16.5,0.0
2022-10-28 00:00:00+05:30,1399.5365148544627,1401.3248686337695,1382.1110929788172,1387.8431396484375,3053981,0.0,0.0
2022-10-31 00:00:00+05:30,1403.4341822194212,1418.245811891941,1403.4341822194212,1410.220947265625,4542336,0.0,0.0
2022-11-01 00:00:00+05:30,1424.3448316381566,1444.475734393004,1418.8878561358067,1442.6414794921875,4542692,0.0,0.0
2022-11-02 00:00:00+05:30,1441.7242114783025,1442.4120569990462,1416.9617727315378,1424.573974609375,2938906,0.0,0.0
2022-11-03 00:00:00+05:30,1411.2298417515794,1415.9530704364693,1395.546984991158,1403.892822265625,3174027,0.0,0.0
2022-11-04 00:00:00+05:30,1394.4463107382567,1394.4463107382567,1376.7458190882635,1388.5308837890625,4509682,0.0,0.0
2022-11-07 00:00:00+05:30,1395.3177994955686,1401.2791282396074,1367.5287914917396,1382.5238037109375,4898592,0.0,0.0
2022-11-09 00:00:00+05:30,1402.2876797188958,1402.2876797188958,1376.6998049643528,1385.9627685546875,3334755,0.0,0.0
2022-11-10 00:00:00+05:30,1361.9341064114733,1386.6965447098637,1361.9341064114733,1377.4793701171875,3435763,0.0,0.0
2022-11-11 00:00:00+05:30,1418.475217234108,1443.1000672976652,1418.475217234108,1439.9818115234375,7214098,0.0,0.0
2022-11-14 00:00:00+05:30,1444.613253594111,1459.516573917289,1438.468432811522,1453.922119140625,4908813,0.0,0.0
2022-11-15 00:00:00+05:30,1447.0893718318237,1465.4319188955194,1442.4120447213857,1461.9010009765625,3497614,0.0,0.0
2022-11-16 00:00:00+05:30,1464.7900096971075,1475.6579467024642,1461.4424723868096,1469.9718017578125,4497697,0.0,0.0
2022-11-17 00:00:00+05:30,1464.8358035943602,1469.9718064752024,1451.7667384557692,1455.8480224609375,3469515,0.0,0.0
2022-11-18 00:00:00+05:30,1459.7916463166098,1465.5695937519367,1444.9342271315247,1461.350830078125,3126064,0.0,0.0
2022-11-21 00:00:00+05:30,1450.987352073004,1456.2608350406842,1434.4332683642735,1438.2392578125,3071764,0.0,0.0
2022-11-22 00:00:00+05:30,1438.9728102933216,1456.3982299208378,1432.552918851605,1453.6927490234375,3399329,0.0,0.0
2022-11-23 00:00:00+05:30,1457.2236776068496,1460.0667500182162,1448.419277384479,1451.9501953125,3245067,0.0,0.0
2022-11-24 00:00:00+05:30,1457.3154109383324,1500.4203979201461,1453.4176195623174,1494.7342529296875,5282215,0.0,0.0
2022-11-25 00:00:00+05:30,1496.2015740155414,1507.7573561793968,1480.0601551236466,1500.099365234375,4563255,0.0,0.0
2022-11-28 00:00:00+05:30,1493.083265201096,1516.4700116769118,1485.7462466988793,1488.864501953125,3825766,0.0,0.0
2022-11-29 00:00:00+05:30,1486.8468473018079,1502.9424774251793,1481.2066035401367,1494.04638671875,3131710,0.0,0.0
2022-11-30 00:00:00+05:30,1485.7006074148594,1509.3625410366662,1479.4642077611848,1499.45751953125,11868134,0.0,0.0
2022-12-01 00:00:00+05:30,1518.9462914993808,1533.9872026204164,1515.369584352362,1519.771728515625,5407928,0.0,0.0
2022-12-02 00:00:00+05:30,1518.7629471181933,1524.0823307242517,1498.540243529846,1502.1629638671875,4283343,0.0,0.0
2022-12-05 00:00:00+05:30,1502.2546462279884,1508.5369463809327,1488.77291854345,1503.859619140625,3824966,0.0,0.0
2022-12-06 00:00:00+05:30,1490.3320828612875,1491.2492102968945,1474.3282538915594,1479.23486328125,4822398,0.0,0.0
2022-12-07 00:00:00+05:30,1474.7409387408518,1489.2315972240235,1464.3773537802756,1472.4481201171875,4898087,0.0,0.0
2022-12-08 00:00:00+05:30,1472.4479729502166,1489.3231387245678,1466.0280814456066,1485.8839111328125,4206837,0.0,0.0
2022-12-09 00:00:00+05:30,1493.0835061100495,1493.0835061100495,1431.7276565946954,1439.2481689453125,8880658,0.0,0.0
2022-12-12 00:00:00+05:30,1421.5473714407533,1436.1755076749384,1403.2507258609144,1418.9793701171875,8037679,0.0,0.0
2022-12-13 00:00:00+05:30,1418.9794213639211,1446.7684254424607,1413.4308679506453,1441.86181640625,6135067,0.0,0.0
2022-12-14 00:00:00+05:30,1450.8954950923392,1456.8568229798866,1442.641348786504,1448.510986328125,4976020,0.0,0.0
2022-12-15 00:00:00+05:30,1439.2480298964012,1439.8899742752963,1408.0197980930882,1412.834716796875,6443866,0.0,0.0
2022-12-16 00:00:00+05:30,1398.6192710071691,1421.0888920823663,1386.7425160776045,1396.05126953125,9630453,0.0,0.0
2022-12-19 00:00:00+05:30,1382.9821387832817,1391.1904957152399,1371.1512855645854,1382.431884765625,6222740,0.0,0.0
2022-12-20 00:00:00+05:30,1376.6082828344672,1390.3651943884424,1359.5955240977712,1382.38623046875,7396259,0.0,0.0
2022-12-21 00:00:00+05:30,1389.4480065636799,1394.9507709461102,1377.8463225999167,1384.44970703125,6236361,0.0,0.0
2022-12-22 00:00:00+05:30,1395.4092314763589,1403.1589126270385,1386.4672400160273,1395.9136962890625,6302640,0.0,0.0
2022-12-23 00:00:00+05:30,1383.6701502561066,1384.7707703774543,1369.2712939559335,1373.031494140625,6283822,0.0,0.0
2022-12-26 00:00:00+05:30,1376.1496474837907,1384.7706673330085,1372.3435464278352,1377.8922119140625,4115459,0.0,0.0
2022-12-27 00:00:00+05:30,1384.816356461264,1395.3633206748425,1373.398166072519,1389.310302734375,4860076,0.0,0.0
2022-12-28 00:00:00+05:30,1380.368461733021,1398.5734186856855,1374.3154431330508,1385.0,5029860,0.0,0.0
2022-12-29 00:00:00+05:30,1379.3596220007287,1395.2259709449818,1376.6082397759933,1391.7867431640625,4624745,0.0,0.0
2022-12-30 00:00:00+05:30,1401.3707157827157,1403.57184400983,1379.405558572839,1383.2115478515625,5060544,0.0,0.0
2023-01-02 00:00:00+05:30,1388.5308744976214,1399.9949669224698,1379.4055017090532,1397.7021484375,3801140,0.0,0.0
2023-01-03 00:00:00+05:30,1393.8960033950495,1405.6352784494222,1389.5396484110163,1396.372314453125,4551130,0.0,0.0
2023-01-04 00:00:00+05:30,1394.9506886748184,1394.9506886748184,1367.5285587288681,1370.9219970703125,7059590,0.0,0.0
2023-01-05 00:00:00+05:30,1381.1021672768188,1381.1021672768188,1347.489425840876,1352.9462890625,9868404,0.0,0.0
2023-01-06 00:00:00+05:30,1348.1772226656885,1352.7628594774767,1326.6247296502847,1328.458984375,6443714,0.0,0.0
2023-01-09 00:00:00+05:30,1328.183820144947,1365.9236340298328,1328.183820144947,1361.4296875,11498717,0.0,0.0
2023-01-10 00:00:00+05:30,1359.182808712685,1360.9253731659428,1333.5491426282238,1347.947998046875,7158624,0.0,0.0
2023-01-11 00:00:00+05:30,1348.177199215431,1370.1882555291525,1342.674435137001,1349.3236083984375,6173092,0.0,0.0
2023-01-12 00:00:00+05:30,1359.1367811263865,1361.934064221715,1334.4202447424886,1357.898681640625,6591385,0.0,0.0
2023-01-13 00:00:00+05:30,1360.5584355646306,1393.4833301069489,1346.342961515927,1379.03857421875,11610426,0.0,0.0
2023-01-16 00:00:00+05:30,1384.8624058326163,1401.370699412078,1377.8005694719036,1399.077880859375,6073063,0.0,0.0
2023-01-17 00:00:00+05:30,1400.453510280707,1414.393801685257,1397.7021281387017,1411.9176025390625,5922644,0.0,0.0
2023-01-18 00:00:00+05:30,1416.7324581195912,1423.2440398411995,1412.0092299289386,1417.32861328125,5843098,0.0,0.0
2023-01-19 00:00:00+05:30,1412.284436925683,1421.1347382958118,1399.6739357893398,1411.3673095703125,6165284,0.0,0.0
2023-01-20 00:00:00+05:30,1410.541847819042,1416.9617391940312,1397.7020650690638,1399.1236572265625,6496429,0.0,0.0
2023-01-23 00:00:00+05:30,1407.7906002862817,1424.574076980102,1401.4623986498889,1419.7132568359375,4855020,0.0,0.0
2023-01-24 00:00:00+05:30,1430.7186259283192,1438.7893911638814,1421.3180708541106,1423.2899169921875,5200802,0.0,0.0
2023-01-25 00:00:00+05:30,1418.7960730383943,1427.0502195525155,1411.2297720671163,1415.1275634765625,4158617,0.0,0.0
2023-01-27 00:00:00+05:30,1417.8789993665666,1422.4187353397176,1382.477903144469,1393.254150390625,6209955,0.0,0.0
2023-01-30 00:00:00+05:30,1402.104482387963,1416.0447747672706,1394.0337160921317,1411.2757568359375,6964719,0.0,0.0
2023-01-31 00:00:00+05:30,1420.53866769089,1420.53866769089,1387.6137712822178,1406.6441650390625,9448126,0.0,0.0
2023-02-01 00:00:00+05:30,1414.3936968698845,1426.1788724013397,1401.4164349583425,1422.55615234375,6194199,0.0,0.0
2023-02-02 00:00:00+05:30,1423.3816939621152,1455.4352511160564,1423.3816939621152,1452.50048828125,6916834,0.0,0.0
2023-02-03 00:00:00+05:30,1465.1109512577386,1471.668434244157,1442.6413310350065,1466.853515625,7040194,0.0,0.0
2023-02-06 00:00:00+05:30,1465.569600374364,1465.569600374364,1432.186140277909,1439.75244140625,4570612,0.0,0.0
2023-02-07 00:00:00+05:30,1438.972940534242,1445.4387337102248,1426.2248468410608,1432.919921875,4336238,0.0,0.0
2023-02-08 00:00:00+05:30,1435.7630967515252,1470.1553778937687,1435.7630967515252,1458.6912841796875,7983338,0.0,0.0
2023-02-09 00:00:00+05:30,1463.9187005529932,1485.5170954490195,1454.6099470732718,1482.9949951171875,6904911,0.0,0.0
2023-02-10 00:00:00+05:30,1479.2805100226515,1482.3529761992756,1464.1479087924397,1475.2452392578125,4786762,0.0,0.0
2023-02-13 00:00:00+05:30,1464.6524284395919,1464.6524284395919,1436.2214796095184,1437.55126953125,4001199,0.0,0.0
2023-02-14 00:00:00+05:30,1453.3717726405816,1463.7353572321708,1447.3646552328803,1461.2132568359375,5043736,0.0,0.0
2023-02-15 00:00:00+05:30,1452.7298068628425,1466.48671791268,1445.3927876362625,1464.6983642578125,3465747,0.0,0.0
2023-02-16 00:00:00+05:30,1467.4038134282825,1480.6562593366962,1465.4319671631831,1469.0546875,4290289,0.0,0.0
2023-02-17 00:00:00+05:30,1461.9009183405283,1462.818045641871,1444.9340632656852,1452.5462646484375,2857734,0.0,0.0
2023-02-20 00:00:00+05:30,1453.6010366458702,1470.1552310976708,1451.3541192838827,1460.4794921875,2417716,0.0,0.0
2023-02-21 00:00:00+05:30,1466.2115851689005,1468.9171782738615,1445.3928371814657,1448.602783203125,2723288,0.0,0.0
2023-02-22 00:00:00+05:30,1433.47013701294,1444.4756658959568,1426.4083007612826,1432.36962890625,3656244,0.0,0.0
2023-02-23 00:00:00+05:30,1439.7524657040512,1439.7524657040512,1419.850845363736,1422.189453125,4766854,0.0,0.0
2023-02-24 00:00:00+05:30,1430.7186730615194,1438.972819252259,1416.96176274362,1422.1435546875,2790986,0.0,0.0
2023-02-27 00:00:00+05:30,1412.3762259804244,1412.3762259804244,1377.5253840406476,1384.220458984375,4920268,0.0,0.0
2023-02-28 00:00:00+05:30,1389.9983063812856,1397.7021991611691,1358.5409027983055,1364.27294921875,9679811,0.0,0.0
2023-03-01 00:00:00+05:30,1368.7210658416523,1376.4707482224333,1358.7243539750916,1372.068603515625,5125043,0.0,0.0
2023-03-02 00:00:00+05:30,1361.9341118834534,1365.2357479456998,1345.701002604229,1350.1490478515625,4644499,0.0,0.0
2023-03-03 00:00:00+05:30,1363.539096991639,1366.336380209989,1350.9285958423973,1356.70654296875,4615015,0.0,0.0
2023-03-06 00:00:00+05:30,1370.6929485360001,1394.4006719964855,1369.408947646476,1382.5238037109375,6561742,0.0,0.0
2023-03-08 00:00:00+05:30,1367.0243593044893,1372.0226591031646,1358.3574377680816,1368.99609375,4137080,0.0,0.0
2023-03-09 00:00:00+05:30,1371.105492034302,1374.177846498556,1352.3960702873087,1357.7154541015625,5104656,0.0,0.0
2023-03-10 00:00:00+05:30,1339.0060106489143,1352.1209773156488,1336.850783639018,1349.598876953125,3699580,0.0,0.0
2023-03-13 00:00:00+05:30,1342.8578170068272,1355.78940216574,1309.6578518193462,1316.16943359375,8798403,0.0,0.0
2023-03-14 00:00:00+05:30,1321.5804745956207,1328.3213380398465,1294.0666548608056,1302.32080078125,7402784,0.0,0.0
2023-03-15 00:00:00+05:30,1318.8290189326997,1323.2770638171569,1299.4317547126714,1301.999755859375,7556182,0.0,0.0
2023-03-16 00:00:00+05:30,1300.3033608672233,1300.3033608672233,1282.7861367735707,1287.7386474609375,7323117,0.0,0.0
2023-03-17 00:00:00+05:30,1311.4922204768466,1323.3231866747517,1294.4336727271848,1302.962890625,9090018,0.0,0.0
2023-03-20 00:00:00+05:30,1302.0458791449207,1302.0458791449207,1270.0840078618262,1287.3260498046875,8221829,0.0,0.0
2023-03-21 00:00:00+05:30,1283.0611764780233,1288.5639406373286,1274.8070302390654,1275.448974609375,8536755,0.0,0.0
2023-03-22 00:00:00+05:30,1286.7298879439784,1290.6276798354693,1267.6078018788835,1274.119384765625,8356487,0.0,0.0
2023-03-23 00:00:00+05:30,1269.258358749589,1269.258358749589,1256.4644769231124,1260.637451171875,7607718,0.0,0.0
2023-03-24 00:00:00+05:30,1272.972797414035,1283.015297395886,1263.3429599696206,1266.23193359375,7559127,0.0,0.0
2023-03-27 00:00:00+05:30,1271.3679168983215,1280.0806276002397,1260.2247960834827,1273.8441162109375,4170193,0.0,0.0
2023-03-28 00:00:00+05:30,1276.7331631278034,1282.1442377379633,1261.8298413372156,1263.434814453125,6633366,0.0,0.0
2023-03-29 00:00:00+05:30,1264.7186272999518,1274.715337897841,1251.466181751986,1268.8916015625,8813966,0.0,0.0
2023-03-31 00:00:00+05:30,1287.6469035198686,1311.4463153951938,1278.3839389266645,1309.612060546875,8711975,0.0,0.0
2023-04-03 00:00:00+05:30,1316.0777246615953,1316.0777246615953,1288.7014961247696,1293.9290771484375,5242764,0.0,0.0
2023-04-05 00:00:00+05:30,1283.978386725391,1309.199390750354,1283.978386725391,1305.5767822265625,7506334,0.0,0.0
2023-04-06 00:00:00+05:30,1298.6522809308385,1310.0246820529576,1293.4704891987503,1304.0633544921875,6948465,0.0,0.0
2023-04-10 00:00:00+05:30,1305.943600080133,1315.160775822006,1297.7353541060936,1309.2911376953125,4993788,0.0,0.0
2023-04-11 00:00:00+05:30,1310.4835477560237,1314.5647204758934,1273.8901369810926,1289.618896484375,6942255,0.0,0.0
2023-04-12 00:00:00+05:30,1295.946912669283,1312.8678683565352,1283.9783553609145,1309.93310546875,5831169,0.0,0.0
2023-04-13 00:00:00+05:30,1292.9203774786417,1294.1126879036105,1268.3872190480308,1274.0733642578125,11267238,0.0,0.0
2023-04-17 00:00:00+05:30,1146.6844649704485,1156.6352751470652,1087.071182308468,1154.021484375,53171705,0.0,0.0
2023-04-18 00:00:00+05:30,1164.7059031013866,1164.7059031013866,1149.2523287192262,1154.984375,12430884,0.0,0.0
2023-04-19 00:00:00+05:30,1150.3987451220048,1150.3987451220048,1127.5164610086156,1130.0843505859375,11307230,0.0,0.0
2023-04-20 00:00:00+05:30,1128.7086346529145,1135.2661178854821,1120.1794170940875,1122.013671875,8621249,0.0,0.0
2023-04-21 00:00:00+05:30,1126.324198126057,1131.047426880891,1118.8954881773257,1125.6363525390625,8691352,0.0,0.0
2023-04-24 00:00:00+05:30,1126.2325338323785,1128.0667887734735,1117.0612591269032,1124.6734619140625,8313774,0.0,0.0
2023-04-25 00:00:00+05:30,1124.3520765699784,1133.1106863492626,1114.3095782390562,1123.38916015625,6808576,0.0,0.0
2023-04-26 00:00:00+05:30,1126.2324867816417,1130.8181239428047,1119.3999321931217,1125.81982421875,5680192,0.0,0.0
2023-04-27 00:00:00+05:30,1128.0666511252507,1144.3915628906238,1123.8478876663187,1142.969970703125,8020704,0.0,0.0
2023-04-28 00:00:00+05:30,1151.6368776414001,1154.6634429645405,1141.7777576955154,1148.931396484375,10118277,0.0,0.0
2023-05-02 00:00:00+05:30,1150.581982956658,1173.6935438041753,1150.581982956658,1171.5841064453125,8886401,0.0,0.0
2023-05-03 00:00:00+05:30,1161.0833162689144,1167.044644512001,1157.506496932256,1163.9722900390625,5549783,0.0,0.0
2023-05-04 00:00:00+05:30,1163.788693033167,1170.0711048738817,1157.8732664731895,1168.007568359375,4505401,0.0,0.0
2023-05-05 00:00:00+05:30,1173.0058612365624,1173.0058612365624,1150.3069596997327,1154.7550048828125,5373791,0.0,0.0
2023-05-08 00:00:00+05:30,1157.8273351579073,1165.026874150822,1151.1781621177383,1160.71630859375,5260842,0.0,0.0
2023-05-09 00:00:00+05:30,1161.0832230022093,1166.5859870922673,1156.2224032743827,1165.3936767578125,4969897,0.0,0.0
2023-05-10 00:00:00+05:30,1170.621404606506,1170.621404606506,1154.800957377408,1158.5611572265625,6515734,0.0,0.0
2023-05-11 00:00:00+05:30,1164.9810367298412,1170.1628287388498,1149.2064908153254,1152.003662109375,6888461,0.0,0.0
2023-05-12 00:00:00+05:30,1149.4815684750179,1151.9119783998672,1136.3667142373067,1142.0069580078125,8292212,0.0,0.0
2023-05-15 00:00:00+05:30,1146.317457613311,1163.742876662217,1142.4196665102663,1154.067138671875,5534710,0.0,0.0
2023-05-16 00:00:00+05:30,1160.1661142944206,1168.3743594123644,1158.1025777274938,1159.524169921875,5236469,0.0,0.0
2023-05-17 00:00:00+05:30,1156.1306391276796,1156.4516112883057,1139.4847564270556,1143.5660400390625,10465667,0.0,0.0
2023-05-18 00:00:00+05:30,1154.2965053260136,1155.2595338626716,1139.4848756551935,1142.74072265625,6948732,0.0,0.0
2023-05-19 00:00:00+05:30,1151.9578558336234,1167.7783026634847,1148.9771919381424,1163.742919921875,11094136,0.0,0.0
2023-05-22 00:00:00+05:30,1167.4572849700612,1188.2302430762331,1164.9810857591126,1185.662353515625,7625947,0.0,0.0
2023-05-23 00:00:00+05:30,1191.5317535922914,1205.2428740172338,1189.5600194436024,1192.3114013671875,7436031,0.0,0.0
2023-05-24 00:00:00+05:30,1188.8722389198845,1196.851202152626,1184.2866021300276,1191.0274658203125,4824077,0.0,0.0
2023-05-25 00:00:00+05:30,1187.2214442639772,1198.6855370050355,1182.4065253127328,1196.255126953125,4334121,0.0,0.0
2023-05-26 00:00:00+05:30,1197.768466581114,1213.7722960275548,1197.768466581114,1208.26953125,5521606,0.0,0.0
2023-05-29 00:00:00+05:30,1222.2555306990143,1222.2555306990143,1201.299193894401,1205.47216796875,4419365,0.0,0.0
2023-05-30 00:00:00+05:30,1206.0224833077132,1216.4777576450638,1200.6573106206852,1214.1390380859375,6274719,0.0,0.0
2023-05-31 00:00:00+05:30,1210.4705525350664,1220.7882355808035,1205.24297124017,1209.049072265625,17800782,0.0,0.0
2023-06-01 00:00:00+05:30,1212.9469416793345,1219.3209326116369,1208.8656573951266,1210.149658203125,4277841,0.0,0.0
2023-06-02 00:00:00+05:30,1216.6558726063317,1220.28076764581,1204.619482886525,1207.361328125,10909311,17.5,0.0
2023-06-05 00:00:00+05:30,1212.008539400872,1217.0740205048828,1205.7812402951347,1212.4732666015625,5002553,0.0,0.0
2023-06-06 00:00:00+05:30,1197.6949566393228,1197.6949566393228,1183.195490212996,1188.772216796875,10008100,0.0,0.0
2023-06-07 00:00:00+05:30,1199.4608412306454,1202.7139314625765,1192.0252064148026,1198.0201416015625,5397578,0.0,0.0
2023-06-08 00:00:00+05:30,1195.4643759367975,1200.8552576161196,1190.7241805063895,1192.3043212890625,5034942,0.0,0.0
2023-06-09 00:00:00+05:30,1192.0252152176977,1192.0252152176977,1174.83030957908,1176.6427001953125,5339073,0.0,0.0
2023-06-12 00:00:00+05:30,1183.6602050671725,1204.2940478285252,1183.1954778567024,1200.80859375,4785588,0.0,0.0
2023-06-13 00:00:00+05:30,1208.1978299633267,1214.332206477655,1205.5489075433659,1212.798583984375,4846587,0.0,0.0
2023-06-14 00:00:00+05:30,1214.1929289165223,1214.5182153173187,1201.9705788900887,1208.6627197265625,3457981,0.0,0.0
2023-06-15 00:00:00+05:30,1202.6674808789603,1202.6674808789603,1192.1647141872293,1196.02197265625,6161155,0.0,0.0
2023-06-16 00:00:00+05:30,1196.2076779215056,1209.6847652018955,1190.6774702485802,1200.5296630859375,8536287,0.0,0.0
2023-06-19 00:00:00+05:30,1202.7139892578125,1207.8259884393565,1196.2543265846496,1202.7139892578125,4451787,0.0,0.0
2023-06-20 00:00:00+05:30,1202.7140333935445,1212.9380321318201,1200.018592852604,1211.450927734375,4009180,0.0,0.0
2023-06-21 00:00:00+05:30,1208.244295499256,1211.822785983513,1203.6435412463507,1207.6866455078125,4041529,0.0,0.0
2023-06-22 00:00:00+05:30,1198.4385283465883,1198.4385283465883,1183.6601806665321,1191.142333984375,6676607,0.0,0.0
2023-06-23 00:00:00+05:30,1186.4019726655229,1189.0974130017955,1174.2261432389498,1175.759765625,7239467,0.0,0.0
2023-06-26 00:00:00+05:30,1180.6393770623117,1184.1248308422635,1173.2037423317481,1180.7322998046875,3403244,0.0,0.0
2023-06-27 00:00:00+05:30,1189.7016346437479,1191.5605434478787,1184.3107537282526,1188.91162109375,3240024,0.0,0.0
2023-06-28 00:00:00+05:30,1198.9962136352735,1205.2235129272265,1191.0029282361302,1202.10986328125,5662358,0.0,0.0
2023-06-30 00:00:00+05:30,1215.9122259231685,1244.446544670447,1212.4267718508554,1241.286376953125,12821692,0.0,0.0
2023-07-03 00:00:00+05:30,1236.1744671036192,1251.0457388883244,1234.733767265956,1239.6134033203125,7732412,0.0,0.0
2023-07-04 00:00:00+05:30,1249.4656016820998,1251.0456287866502,1237.4756171691324,1250.255615234375,5797775,0.0,0.0
2023-07-05 00:00:00+05:30,1262.059704711734,1262.152627465157,1246.3984198903297,1252.2540283203125,5414936,0.0,0.0
2023-07-06 00:00:00+05:30,1247.8391312404847,1252.3933673295787,1242.8200544623764,1249.0938720703125,5963897,0.0,0.0
2023-07-07 00:00:00+05:30,1239.8922016871068,1250.8598092744526,1231.8523982272873,1236.3602294921875,6295647,0.0,0.0
2023-07-10 00:00:00+05:30,1242.26226225529,1247.2348203575655,1226.229174648363,1235.38427734375,3940315,0.0,0.0
2023-07-11 00:00:00+05:30,1239.38090160913,1255.5999486675075,1233.3859662223854,1253.462158203125,6126128,0.0,0.0
2023-07-12 00:00:00+05:30,1255.6928743826675,1256.52940602109,1233.3859691382677,1239.2415771484375,8102770,0.0,0.0
2023-07-13 00:00:00+05:30,1240.728739413603,1279.6729026631901,1236.9644035943056,1268.7982177734375,9977644,0.0,0.0
2023-07-14 00:00:00+05:30,1283.251252109647,1329.1198044888868,1283.251252109647,1325.35546875,12833381,0.0,0.0
2023-07-17 00:00:00+05:30,1325.3552573126158,1356.027247907638,1314.52720594533,1322.56689453125,11569884,0.0,0.0
2023-07-18 00:00:00+05:30,1332.8376271158952,1373.6871031492155,1328.1903550548216,1371.131103515625,16743977,0.0,0.0
2023-07-19 00:00:00+05:30,1381.1693208273919,1393.0663832409173,1357.6540777205,1370.8988037109375,13687062,0.0,0.0
2023-07-20 00:00:00+05:30,1367.227286163467,1367.227286163467,1339.0647752661876,1347.2440185546875,8347221,0.0,0.0
2023-07-21 00:00:00+05:30,1227.065695806331,1254.7634832648805,1212.9380338227177,1237.6614990234375,45548305,0.0,0.0
2023-07-24 00:00:00+05:30,1246.3982153586667,1254.6703813141746,1240.124398838405,1242.30859375,8859789,0.0,0.0
2023-07-25 00:00:00+05:30,1242.6805423705,1248.1178279606174,1230.829998679233,1240.4498291015625,6801982,0.0,0.0
2023-07-26 00:00:00+05:30,1248.2571728357643,1254.7633531856156,1244.9111599190257,1253.6944580078125,5528885,0.0,0.0
2023-07-27 00:00:00+05:30,1262.7567654377913,1267.5899965472738,1252.0216348505492,1257.6912841796875,9191861,0.0,0.0
2023-07-28 00:00:00+05:30,1258.341663718946,1267.6362065886192,1241.7509273883345,1245.9334716796875,6122735,0.0,0.0
2023-07-31 00:00:00+05:30,1253.6016166280715,1261.7343425932213,1239.1950734898064,1260.061279296875,7902180,0.0,0.0
2023-08-01 00:00:00+05:30,1265.9169045571427,1272.4230854175687,1261.2696325139816,1268.89111328125,6064652,0.0,0.0
2023-08-02 00:00:00+05:30,1272.7020250125254,1275.1649885403967,1253.322808944047,1261.1302490234375,7419145,0.0,0.0
2023-08-03 00:00:00+05:30,1254.7634441524986,1270.145959906921,1253.8339897494227,1268.0546875,6503741,0.0,0.0
2023-08-04 00:00:00+05:30,1272.3301049407662,1288.13082917061,1265.9168471204257,1281.1134033203125,5712345,0.0,0.0
2023-08-07 00:00:00+05:30,1289.9896640924674,1296.5887670249967,1279.8585893859645,1294.7298583984375,3729093,0.0,0.0
2023-08-08 00:00:00+05:30,1294.5906405227167,1295.241326729345,1286.7367956063742,1292.1275634765625,4161877,0.0,0.0
2023-08-09 00:00:00+05:30,1286.3649014591272,1297.5183543619519,1284.970719846274,1296.03125,4090828,0.0,0.0
2023-08-10 00:00:00+05:30,1293.428738571801,1297.3325151820761,1287.8520120932285,1291.1051025390625,3873025,0.0,0.0
2023-08-11 00:00:00+05:30,1293.800550711213,1298.3083819497344,1270.610708350301,1275.072021484375,5783517,0.0,0.0
2023-08-14 00:00:00+05:30,1275.0719825934739,1296.5888744198694,1269.2628926543166,1295.2412109375,4304135,0.0,0.0
2023-08-16 00:00:00+05:30,1311.274398380743,1319.7788159280838,1306.2553216018096,1318.43115234375,7735313,0.0,0.0
2023-08-17 00:00:00+05:30,1319.825280033983,1319.825280033983,1306.812918118155,1311.971435546875,5618346,0.0,0.0
2023-08-18 00:00:00+05:30,1304.6750735005544,1309.3223454207798,1288.3632171358356,1290.8262939453125,5134103,0.0,0.0
2023-08-21 00:00:00+05:30,1291.7091441207042,1307.7422311767086,1289.2925855750334,1306.255126953125,3032722,0.0,0.0
2023-08-22 00:00:00+05:30,1305.6044938755163,1306.8593480283198,1298.1224543541218,1304.7215576171875,2890714,0.0,0.0
2023-08-23 00:00:00+05:30,1316.1073972557133,1316.665047189912,1306.4875671497327,1308.625244140625,2559125,0.0,0.0
2023-08-24 00:00:00+05:30,1321.2194330950322,1324.5190416072762,1314.6667341741827,1323.1712646484375,5171963,0.0,0.0
2023-08-25 00:00:00+05:30,1313.3189876716804,1322.148803936989,1311.8318834134902,1319.9180908203125,4307172,0.0,0.0
2023-08-28 00:00:00+05:30,1319.9181310643203,1324.286634688253,1311.8319234109513,1315.7821044921875,3133464,0.0,0.0
2023-08-29 00:00:00+05:30,1323.5431263001694,1323.914930768979,1315.4569180328365,1317.64111328125,3074444,0.0,0.0
2023-08-30 00:00:00+05:30,1326.3314181496944,1335.30067572943,1323.5430549720845,1333.906494140625,3070887,0.0,0.0
2023-08-31 00:00:00+05:30,1333.906534483456,1342.968715084765,1327.8650807492497,1334.185302734375,9792735,0.0,0.0
2023-09-01 00:00:00+05:30,1330.0026916597724,1343.9910253779606,1327.446692130181,1341.99267578125,3582133,0.0,0.0
2023-09-04 00:00:00+05:30,1341.2026120597739,1366.2978792292915,1333.4880956574837,1361.7435302734375,4609014,0.0,0.0
2023-09-05 00:00:00+05:30,1361.6507510555587,1375.639085724664,1353.7503883361237,1374.5701904296875,5496840,0.0,0.0
2023-09-06 00:00:00+05:30,1377.3583075519618,1378.2877618234108,1360.070480794766,1373.22216796875,5075786,0.0,0.0
2023-09-07 00:00:00+05:30,1366.855613248634,1369.4581309432015,1358.9088462312307,1362.7659912109375,4411743,0.0,0.0
2023-09-08 00:00:00+05:30,1360.25649837947,1370.7128602563196,1357.1892535120792,1365.9261474609375,3125838,0.0,0.0
2023-09-11 00:00:00+05:30,1365.9261069950462,1373.7800644251438,1361.1859124430616,1372.2928466796875,4182226,0.0,0.0
2023-09-12 00:00:00+05:30,1377.91602975715,1397.8992976423294,1372.896953736093,1395.203857421875,6793161,0.0,0.0
2023-09-13 00:00:00+05:30,1398.8288435447748,1398.8288435447748,1383.6322871056639,1392.64794921875,4804686,0.0,0.0
2023-09-14 00:00:00+05:30,1398.8288446904617,1405.846270656975,1393.3915592483722,1400.6412353515625,6444213,0.0,0.0
2023-09-15 00:00:00+05:30,1410.9117877236317,1411.2835921776357,1402.5466980730964,1404.9632568359375,8657816,0.0,0.0
2023-09-18 00:00:00+05:30,1398.7360111511314,1398.7360111511314,1383.0282084042437,1386.5601806640625,3991916,0.0,0.0
2023-09-20 00:00:00+05:30,1372.0605053905272,1389.6272158004997,1372.0605053905272,1385.119384765625,4169337,0.0,0.0
2023-09-21 00:00:00+05:30,1381.680565209184,1398.4107453961012,1371.8747753272223,1395.8082275390625,6779195,0.0,0.0
2023-09-22 00:00:00+05:30,1386.6529684238076,1400.641188325793,1380.4255561991947,1390.6031494140625,5455613,0.0,0.0
2023-09-25 00:00:00+05:30,1384.7476626343905,1384.7476626343905,1367.7387146063886,1370.1552734375,4217863,0.0,0.0
2023-09-26 00:00:00+05:30,1374.8025733524212,1375.4996641903995,1356.0740434803138,1357.607666015625,3996528,0.0,0.0
2023-09-27 00:00:00+05:30,1353.2854025541071,1365.9259577982975,1347.75519509064,1363.5093994140625,3863586,0.0,0.0
2023-09-28 00:00:00+05:30,1364.3462461230529,1368.714636770685,1333.7671712132337,1337.9031982421875,5814602,0.0,0.0
2023-09-29 00:00:00+05:30,1331.0716531169655,1344.7347011757531,1316.1074596363055,1334.185302734375,6068968,0.0,0.0
2023-10-03 00:00:00+05:30,1334.7429511957962,1335.625887435849,1320.1040453314158,1332.8375244140625,4181867,0.0,0.0
2023-10-04 00:00:00+05:30,1324.4725985168332,1347.6624417880482,1318.152262838638,1342.45751953125,4510406,0.0,0.0
2023-10-05 00:00:00+05:30,1349.5678748329035,1371.5494954859564,1347.8948114227326,1360.2100830078125,7384621,0.0,0.0
2023-10-06 00:00:00+05:30,1365.8330989944286,1379.7749135469408,1360.0705276962346,1374.384033203125,3598672,0.0,0.0
2023-10-09 00:00:00+05:30,1361.5577278028998,1385.8164641413844,1359.0481329313968,1371.3634033203125,3567552,0.0,0.0
2023-10-10 00:00:00+05:30,1379.2175868308238,1391.3934183679341,1365.461614532242,1389.6739501953125,5688951,0.0,0.0
2023-10-11 00:00:00+05:30,1391.3932433298958,1411.144149422588,1376.940181958551,1388.9766845703125,7220129,0.0,0.0
2023-10-12 00:00:00+05:30,1386.6529740945282,1398.2711535251433,1349.5677226602481,1362.1153564453125,11081662,0.0,0.0
2023-10-13 00:00:00+05:30,1305.8834648401426,1336.555460811477,1301.2361927232737,1330.188720703125,17973439,0.0,0.0
2023-10-16 00:00:00+05:30,1331.0716238772634,1341.7603494799055,1329.1197923285388,1332.97705078125,4850745,0.0,0.0
2023-10-17 00:00:00+05:30,1338.6467739103207,1350.8226045344618,1336.6020195003289,1340.6915283203125,3923764,0.0,0.0
2023-10-18 00:00:00+05:30,1340.2732005613768,1351.426652993233,1336.8806694215968,1338.925537109375,4264837,0.0,0.0
2023-10-19 00:00:00+05:30,1325.49490296724,1338.0890555260446,1325.49490296724,1332.5123291015625,6795691,0.0,0.0
2023-10-20 00:00:00+05:30,1329.119720164981,1337.0200821379894,1324.7048120035936,1326.563720703125,3928622,0.0,0.0
2023-10-23 00:00:00+05:30,1325.0300845878248,1331.3039013836562,1306.1157114580749,1309.27587890625,2636516,0.0,0.0
2023-10-25 00:00:00+05:30,1317.1372877323818,1320.4796048766234,1281.643355327688,1289.88134765625,6940777,18.0,0.0
2023-10-26 00:00:00+05:30,1275.7591696776637,1293.600262701033,1273.923205151914,1279.901611328125,6357656,0.0,0.0
2023-10-27 00:00:00+05:30,1283.8558619720413,1303.9565408986182,1283.8558619720413,1299.57861328125,4634358,0.0,0.0
2023-10-30 00:00:00+05:30,1299.5785105468342,1299.5785105468342,1283.3378978736482,1296.4716796875,2667696,0.0,0.0
2023-10-31 00:00:00+05:30,1299.2018387281082,1300.3316893879341,1283.2437181381906,1288.3277587890625,3451595,0.0,0.0
2023-11-01 00:00:00+05:30,1292.7058299617952,1296.848271394198,1272.5580310195833,1274.9117431640625,3090672,0.0,0.0
2023-11-02 00:00:00+05:30,1289.8342181571022,1295.7656185619023,1281.972842805629,1289.9754638671875,3758060,0.0,0.0
2023-11-03 00:00:00+05:30,1299.2961678955407,1310.54686548969,1297.1307068451297,1307.76953125,3349045,0.0,0.0
2023-11-06 00:00:00+05:30,1312.3358100714709,1324.9046103571086,1309.4172299003549,1321.185791015625,2736381,0.0,0.0
2023-11-07 00:00:00+05:30,1318.078766511828,1323.6335500133118,1313.2300966352614,1322.127197265625,2272209,0.0,0.0
2023-11-08 00:00:00+05:30,1322.7861337778295,1322.7861337778295,1305.3215449018542,1309.6053466796875,3550635,0.0,0.0
2023-11-09 00:00:00+05:30,1314.2187005328615,1315.725053279232,1289.8813406007866,1294.3533935546875,5498051,0.0,0.0
2023-11-10 00:00:00+05:30,1289.7869529854245,1292.7997730616912,1281.3607106679833,1288.7513427734375,2943649,0.0,0.0
2023-11-13 00:00:00+05:30,1299.1077990502322,1301.5556365838725,1290.6344357148544,1293.176513671875,3462092,0.0,0.0
2023-11-15 00:00:00+05:30,1317.1372799012984,1331.2595523805833,1311.4883709095843,1327.96435546875,8551860,0.0,0.0
2023-11-16 00:00:00+05:30,1333.2366316222942,1368.3540614057245,1328.058465108388,1360.3514404296875,6673907,0.0,0.0
2023-11-17 00:00:00+05:30,1356.726837718172,1366.094566340676,1351.0779284155915,1353.431640625,4901251,0.0,0.0
2023-11-20 00:00:00+05:30,1357.6211505386314,1367.0359990167078,1349.7597750449072,1352.537109375,3584210,0.0,0.0
2023-11-21 00:00:00+05:30,1357.621085267004,1365.152963687348,1352.6782900536532,1354.796630859375,3793135,0.0,0.0
2023-11-22 00:00:00+05:30,1352.1604184890853,1373.5791976051314,1352.1604184890853,1372.49658203125,3108786,0.0,0.0
2023-11-23 00:00:00+05:30,1382.0056146017555,1382.0056146017555,1362.9875519464238,1364.4468994140625,3186928,0.0,0.0
2023-11-24 00:00:00+05:30,1360.9635301203575,1367.6480498608116,1349.948087939533,1353.2904052734375,2973195,0.0,0.0
2023-11-28 00:00:00+05:30,1359.504127646951,1360.4456124998921,1343.5460053605395,1358.2801513671875,3755373,0.0,0.0
2023-11-29 00:00:00+05:30,1366.1885414781705,1375.2267723820626,1364.964680220391,1374.191162109375,3875778,0.0,0.0
2023-11-30 00:00:00+05:30,1368.21286477539,1375.179875684024,1364.729416784748,1370.001708984375,10120867,0.0,0.0
2023-12-01 00:00:00+05:30,1374.4737432561005,1374.4737432561005,1361.5283266839235,1367.3184814453125,3489187,0.0,0.0
2023-12-04 00:00:00+05:30,1374.9913943979213,1385.7714640337215,1364.493931093046,1378.6632080078125,5511948,0.0,0.0
2023-12-05 00:00:00+05:30,1380.0285133783032,1381.0641237085301,1357.621128395019,1368.871826171875,5123039,0.0,0.0
2023-12-06 00:00:00+05:30,1371.5081438440814,1390.5732132882843,1366.1417258233225,1388.03125,5269178,0.0,0.0
2023-12-07 00:00:00+05:30,1386.6659544767813,1386.6659544767813,1376.2626157196041,1380.1226806640625,4424453,0.0,0.0
2023-12-08 00:00:00+05:30,1384.3593311792147,1407.2373438258442,1380.4521461092754,1403.8951416015625,6323433,0.0,0.0
2023-12-11 00:00:00+05:30,1402.8122515129012,1410.344129373373,1395.280373652429,1401.4000244140625,3862018,0.0,0.0
2023-12-12 00:00:00+05:30,1391.0438179520306,1402.812378171591,1381.7702154844862,1389.6787109375,6103494,0.0,0.0
2023-12-13 00:00:00+05:30,1389.6316388053183,1389.6787590187653,1349.2890359623277,1364.2115478515625,8549258,0.0,0.0
2023-12-14 00:00:00+05:30,1377.7689770027378,1422.5836336750658,1375.8388870549381,1413.5924072265625,12489858,0.0,0.0
2023-12-15 00:00:00+05:30,1433.9285107001285,1495.5957668241965,1431.9984208352303,1486.0396728515625,18395389,0.0,0.0
2023-12-18 00:00:00+05:30,1476.2010899731836,1499.7853308836295,1468.9988229814394,1472.811767578125,6467243,0.0,0.0
2023-12-19 00:00:00+05:30,1478.225296674548,1481.8499902553428,1452.9464521784103,1467.1158447265625,4221721,0.0,0.0
2023-12-20 00:00:00+05:30,1473.470877793026,1490.8412269194432,1440.4717885612556,1446.497314453125,6592367,0.0,0.0
2023-12-21 00:00:00+05:30,1432.2339469194412,1456.1476870794431,1432.2339469194412,1446.120849609375,5319038,0.0,0.0
2023-12-22 00:00:00+05:30,1445.1322053581507,1474.3653575565068,1433.8815067423754,1471.44677734375,6741060,0.0,0.0
2023-12-26 00:00:00+05:30,1445.1793467888062,1457.4186507029785,1433.8815277911087,1453.6055908203125,6878067,0.0,0.0
2023-12-27 00:00:00+05:30,1453.6526019531718,1478.131207944611,1453.6526019531718,1475.40087890625,4225849,0.0,0.0
2023-12-28 00:00:00+05:30,1477.1425892283842,1477.1425892283842,1464.0089217215004,1471.2113037109375,5702253,0.0,0.0
2023-12-29 00:00:00+05:30,1450.8752194379208,1468.1984480838207,1449.8866144117019,1452.616943359375,4388990,0.0,0.0
2024-01-01 00:00:00+05:30,1448.9451947683858,1465.8919221925776,1445.4146265550125,1460.572509765625,2808451,0.0,0.0
2024-01-02 00:00:00+05:30,1455.535458187299,1458.5011582059428,1433.8813084212525,1444.6142578125,5396313,0.0,0.0
2024-01-03 00:00:00+05:30,1431.0098022399532,1431.0098022399532,1400.9294082948825,1402.8123779296875,7550363,0.0,0.0
2024-01-04 00:00:00+05:30,1416.8875744672803,1430.821596173285,1405.5427510177758,1424.18408203125,7056038,0.0,0.0
2024-01-05 00:00:00+05:30,1418.5823250946862,1449.6042055294993,1418.1115826606078,1442.8726806640625,8895403,0.0,0.0
2024-01-08 00:00:00+05:30,1439.483154876404,1446.1206687605984,1424.701889324203,1433.693115234375,4440136,0.0,0.0
2024-01-09 00:00:00+05:30,1451.675429581847,1462.1258878294154,1436.5645526388157,1439.812744140625,4412074,0.0,0.0
2024-01-10 00:00:00+05:30,1435.7173203076957,1445.6029115375234,1416.9347429419645,1430.962890625,4096845,0.0,0.0
2024-01-11 00:00:00+05:30,1435.6703796771912,1435.7645051838629,1399.6114612154008,1406.7667236328125,11296088,0.0,0.0
2024-01-12 00:00:00+05:30,1470.5994024363956,1523.3225564289937,1464.3856251298819,1518.3797607421875,26754401,0.0,0.0
2024-01-15 00:00:00+05:30,1548.69536270453,1567.5250585454428,1540.2691197866588,1555.427001953125,13228305,0.0,0.0
2024-01-16 00:00:00+05:30,1548.554386655104,1552.0378347627927,1529.9129399390588,1536.0797119140625,6500917,0.0,0.0
2024-01-17 00:00:00+05:30,1525.4408120839046,1551.0962739751476,1525.4408120839046,1544.223388671875,9209876,0.0,0.0
2024-01-18 00:00:00+05:30,1546.5301524412396,1552.5085584102292,1532.9727472598277,1546.4830322265625,6375464,0.0,0.0
2024-01-19 00:00:00+05:30,1554.9563105966838,1568.0429726211407,1547.9422946366542,1562.111572265625,4522736,0.0,0.0
2024-01-23 00:00:00+05:30,1553.5440845490969,1576.7045882258603,1541.8696497501444,1546.059326171875,9401255,0.0,0.0
2024-01-24 00:00:00+05:30,1562.770633148314,1581.694454529538,1548.7424867268392,1577.3636474609375,8999681,0.0,0.0
2024-01-25 00:00:00+05:30,1575.0570668097866,1582.2124437614616,1560.9819139785684,1571.432373046875,8865304,0.0,0.0
2024-01-29 00:00:00+05:30,1567.7135599982494,1581.0825992301918,1551.1904544983925,1559.663818359375,4253785,0.0,0.0
2024-01-30 00:00:00+05:30,1565.171396519599,1591.1093493392334,1551.8023580167996,1554.8150634765625,4995943,0.0,0.0
2024-01-31 00:00:00+05:30,1551.8023522623284,1569.6905638157846,1542.2462583680392,1563.712158203125,6763779,0.0,0.0
2024-02-01 00:00:00+05:30,1562.4413588052366,1578.8702248339061,1553.7796285080506,1560.087646484375,5760011,0.0,0.0
2024-02-02 00:00:00+05:30,1568.5609589964831,1617.9417958851127,1567.5723538834523,1594.263427734375,7858483,0.0,0.0
2024-02-05 00:00:00+05:30,1595.581400903025,1601.2303098308423,1583.436223722749,1588.47314453125,3634135,0.0,0.0
2024-02-06 00:00:00+05:30,1588.0496182360184,1631.5932938509086,1575.998565824632,1628.2509765625,7694265,0.0,0.0
2024-02-07 00:00:00+05:30,1627.827356650715,1627.827356650715,1588.143745994436,1594.6400146484375,4613877,0.0,0.0
2024-02-08 00:00:00+05:30,1598.6413316478238,1606.5027074369461,1584.330807394356,1593.0865478515625,5919715,0.0,0.0
2024-02-09 00:00:00+05:30,1586.1194941932167,1593.8397389846994,1562.6766131725003,1571.667724609375,4600004,0.0,0.0
2024-02-12 00:00:00+05:30,1572.6092188693096,1593.8867538003944,1572.6092188693096,1581.7886962890625,3555808,0.0,0.0
2024-02-13 00:00:00+05:30,1584.5190460262058,1590.2620807833139,1566.1600909474707,1585.9783935546875,2696481,0.0,0.0
2024-02-14 00:00:00+05:30,1563.0531172122069,1571.7618521594686,1539.7984871618103,1568.7020263671875,3768579,0.0,0.0
2024-02-15 00:00:00+05:30,1578.8701668773688,1588.9911294855572,1564.3712765276096,1578.2581787109375,4834391,0.0,0.0
2024-02-16 00:00:00+05:30,1590.1679521477781,1608.9976496273255,1589.1793470591608,1602.0777587890625,4880654,0.0,0.0
2024-02-19 00:00:00+05:30,1605.2317360980246,1611.3513878778704,1588.9440015438006,1600.2889404296875,3690993,0.0,0.0
2024-02-20 00:00:00+05:30,1586.401835838989,1595.1105699526452,1571.1027083420256,1586.63720703125,3706389,0.0,0.0
2024-02-21 00:00:00+05:30,1576.04564252021,1576.04564252021,1549.0250732340833,1558.67529296875,4300508,0.0,0.0
2024-02-22 00:00:00+05:30,1567.5723214065963,1586.0254020244706,1548.1777559110003,1582.965576171875,5841277,0.0,0.0
2024-02-23 00:00:00+05:30,1597.6998249586602,1599.064932049705,1574.0685776987198,1578.7288818359375,5373072,0.0,0.0
2024-02-26 00:00:00+05:30,1576.9400103998594,1576.9400103998594,1548.742584990576,1563.006103515625,2782438,0.0,0.0
2024-02-27 00:00:00+05:30,1563.8063128021718,1573.315286661556,1556.0861831168934,1566.254150390625,5159088,0.0,0.0
2024-02-28 00:00:00+05:30,1572.2798088946804,1589.0382863616267,1564.7950497873524,1573.4566650390625,3188916,0.0,0.0
2024-02-29 00:00:00+05:30,1567.5722998042163,1583.812913721107,1556.5569728576138,1575.9515380859375,7814722,0.0,0.0
2024-03-01 00:00:00+05:30,1571.3381567596207,1574.1154909938598,1554.3914300839626,1557.8748779296875,6387291,0.0,0.0
2024-03-04 00:00:00+05:30,1560.8406106080845,1567.0543875331723,1538.0567235736469,1541.39892578125,4445156,0.0,0.0
2024-03-05 00:00:00+05:30,1538.386193843857,1541.5401450012134,1508.2586796437324,1512.495361328125,4596579,0.0,0.0
2024-03-06 00:00:00+05:30,1509.0119027331223,1525.3466412368123,1483.7800637991031,1522.8988037109375,6420684,0.0,0.0
2024-03-07 00:00:00+05:30,1522.004404894455,1533.1609775234701,1510.3299696204092,1521.8631591796875,6348359,0.0,0.0
2024-03-11 00:00:00+05:30,1514.0489306330928,1519.3683431830998,1495.0779873422402,1506.940673828125,6752895,0.0,0.0
2024-03-12 00:00:00+05:30,1506.375688833194,1529.9128089712128,1504.1632225256892,1518.56787109375,4614222,0.0,0.0
2024-03-13 00:00:00+05:30,1518.5208697901078,1529.4420705773052,1505.0105857809417,1517.108642578125,5688997,0.0,0.0
2024-03-14 00:00:00+05:30,1519.9332218123318,1560.7465686045769,1513.9076955609466,1556.5570068359375,8803799,0.0,0.0
2024-03-15 00:00:00+05:30,1545.0708724563005,1549.4959205173257,1523.6520906201538,1538.3863525390625,11809997,0.0,0.0
2024-03-18 00:00:00+05:30,1534.6203153666463,1537.1152732206572,1505.2930391151203,1508.8707275390625,4958904,0.0,0.0
2024-03-19 00:00:00+05:30,1499.1734492026353,1505.4343467383314,1466.8334660527332,1470.08154296875,6870411,0.0,0.0
2024-03-20 00:00:00+05:30,1471.540913554951,1482.7916122525826,1461.5140762832607,1463.9619140625,4759059,0.0,0.0
2024-03-21 00:00:00+05:30,1472.4822954464403,1484.6744782005846,1453.087730653012,1463.7264404296875,11062497,0.0,0.0
2024-03-22 00:00:00+05:30,1431.9983895472183,1439.4361424981196,1410.5324900051585,1420.559326171875,14673890,0.0,0.0
2024-03-26 00:00:00+05:30,1404.6955069309752,1419.241403039176,1400.8354417271594,1405.3074951171875,8351081,0.0,0.0
2024-03-27 00:00:00+05:30,1408.4612802603947,1411.2857346994197,1394.8568706833632,1397.022216796875,6857402,0.0,0.0
2024-03-28 00:00:00+05:30,1400.129150066849,1423.3367734843898,1400.129150066849,1410.391357421875,12499530,0.0,0.0
2024-04-01 00:00:00+05:30,1435.7644049013911,1440.4247089660325,1405.4486385196594,1407.9434814453125,6580002,0.0,0.0
2024-04-02 00:00:00+05:30,1397.9637802788536,1405.7781506375063,1394.1978408148962,1396.080810546875,7279400,0.0,0.0
2024-04-03 00:00:00+05:30,1392.4560485461666,1407.613931160152,1388.690109266799,1394.009521484375,8736248,0.0,0.0
2024-04-04 00:00:00+05:30,1403.3302528566012,1408.1318024819914,1382.0997240670574,1399.7054443359375,11186915,0.0,0.0
2024-04-05 00:00:00+05:30,1393.4447725803975,1399.7055552251502,1389.6788329794124,1392.55029296875,5072482,0.0,0.0
2024-04-08 00:00:00+05:30,1396.221927423092,1403.706685446096,1387.8426899035271,1390.29052734375,6610887,0.0,0.0
2024-04-09 00:00:00+05:30,1402.8124833871761,1425.2198696967855,1400.2705201600338,1407.378662109375,9423230,0.0,0.0
2024-04-10 00:00:00+05:30,1412.5567483925915,1421.5008543199363,1397.6813569645744,1418.62939453125,6744595,0.0,0.0
2024-04-12 00:00:00+05:30,1415.993212241118,1418.6294157880386,1392.926833451286,1397.86962890625,12275616,0.0,0.0
2024-04-15 00:00:00+05:30,1393.3975389714133,1404.6482366428452,1375.5564475345761,1382.240966796875,8531224,0.0,0.0
2024-04-16 00:00:00+05:30,1366.0944202615754,1370.0016050968616,1330.3651187142993,1331.68310546875,16173541,0.0,0.0
2024-04-18 00:00:00+05:30,1337.9441165902024,1360.1631363842591,1325.1399454315383,1336.202392578125,22107945,0.0,0.0
2024-04-19 00:00:00+05:30,1303.9564344137511,1343.3575498977523,1298.0721544750609,1328.67041015625,20603621,0.0,0.0
2024-04-22 00:00:00+05:30,1336.814417739945,1352.7725406478596,1330.3652692316007,1348.9124755859375,5859087,0.0,0.0
2024-04-23 00:00:00+05:30,1358.5625485511725,1362.1872419980825,1349.147700674865,1357.9976806640625,4856174,0.0,0.0
2024-04-24 00:00:00+05:30,1359.7867075742051,1359.7867075742051,1343.546092803966,1347.029541015625,4268213,0.0,0.0
2024-04-25 00:00:00+05:30,1336.908338935666,1360.3513320897941,1336.908338935666,1354.2786865234375,9089398,0.0,0.0
2024-04-26 00:00:00+05:30,1355.455578865194,1360.8221110164066,1343.498768244188,1346.55859375,8062444,0.0,0.0
2024-04-29 00:00:00+05:30,1346.2762368329832,1355.549954695784,1344.6757585333085,1350.79541015625,5055957,0.0,0.0
2024-04-30 00:00:00+05:30,1350.7483107051714,1352.4901496742034,1334.6019369629423,1337.4263916015625,6936588,0.0,0.0
2024-05-02 00:00:00+05:30,1330.3179985042082,1340.6743311181829,1329.235268018188,1331.68310546875,10076354,0.0,0.0
2024-05-03 00:00:00+05:30,1338.8855920418562,1341.4276701119534,1321.0915052605797,1333.425048828125,8842345,0.0,0.0
2024-05-06 00:00:00+05:30,1336.9084732924218,1361.1045877183944,1334.1781442699464,1342.4632568359375,6445422,0.0,0.0
2024-05-07 00:00:00+05:30,1341.568810540377,1358.892155017695,1332.7659500503705,1356.632568359375,6080661,0.0,0.0
2024-05-08 00:00:00+05:30,1351.266253405405,1355.5029356143054,1342.1809007941797,1343.781494140625,6234983,0.0,0.0
2024-05-09 00:00:00+05:30,1344.0167568835536,1365.1059257902893,1341.4746788069972,1355.3145751953125,6088406,0.0,0.0
2024-05-10 00:00:00+05:30,1351.0776993810337,1351.9249436909129,1330.317915242306,1341.5216064453125,8777481,0.0,0.0
2024-05-13 00:00:00+05:30,1341.615841553252,1341.615841553252,1328.6233053272724,1340.156494140625,3735954,0.0,0.0
2024-05-14 00:00:00+05:30,1342.9339671701941,1349.8538575959403,1335.0725919265954,1341.3333740234375,3463230,0.0,0.0
2024-05-15 00:00:00+05:30,1342.5573572737128,1348.0180152167325,1335.5433413149956,1336.861328125,4327544,0.0,0.0
2024-05-16 00:00:00+05:30,1350.0421774524657,1370.566593499511,1343.4989036055658,1368.3070068359375,9249145,0.0,0.0
2024-05-17 00:00:00+05:30,1371.7434327729238,1371.7434327729238,1355.0320766083944,1359.78662109375,7542860,0.0,0.0
2024-05-21 00:00:00+05:30,1346.3234055041823,1360.1631875478636,1344.8170526513272,1350.2305908203125,6752663,0.0,0.0
2024-05-22 00:00:00+05:30,1345.146634147029,1374.5209188745175,1344.4405204283166,1369.67236328125,7173285,0.0,0.0
2024-05-23 00:00:00+05:30,1369.5779588477037,1391.6558474322132,1365.153026044568,1386.2423095703125,8641428,0.0,0.0
2024-05-24 00:00:00+05:30,1382.3350849297278,1389.1608498646779,1374.5678351761637,1379.369384765625,5277938,0.0,0.0
2024-05-27 00:00:00+05:30,1385.7244045177397,1393.0209118473929,1374.8032036291474,1385.253662109375,5821844,0.0,0.0
2024-05-28 00:00:00+05:30,1389.1609456307224,1389.6316880724814,1374.8504213721912,1381.2054443359375,6186922,0.0,0.0
2024-05-29 00:00:00+05:30,1379.6520112690093,1379.7461367746178,1365.1531206572472,1366.0474853515625,7401634,0.0,0.0
2024-05-30 00:00:00+05:30,1358.3743695494225,1365.011768697552,1338.3678167520543,1343.9224853515625,9663150,0.0,0.0
2024-05-31 00:00:00+05:30,1353.8618612517012,1379.7424895610318,1344.4506597427837,1351.076904296875,37113815,28.0,0.0
2024-06-03 00:00:00+05:30,1382.8636553906256,1382.8636553906256,1348.2920640058599,1350.11669921875,10589244,0.0,0.0
2024-06-04 00:00:00+05:30,1353.09357909204,1358.8555105856897,1304.4532506211224,1338.3526611328125,13736134,0.0,0.0
2024-06-05 00:00:00+05:30,1344.594729280313,1380.9428896837226,1344.594729280313,1373.3563232421875,9233424,0.0,0.0
2024-06-06 00:00:00+05:30,1387.6171483700416,1415.8026912541518,1380.4627967662166,1413.833984375,12660930,0.0,0.0
2024-06-07 00:00:00+05:30,1422.2368434730788,1478.607696455328,1418.6356360706318,1472.749755859375,24075302,0.0,0.0
2024-06-10 00:00:00+05:30,1464.7791939197848,1469.1006429210506,1437.8901779119085,1440.242919921875,6810606,0.0,0.0
2024-06-11 00:00:00+05:30,1440.530920339611,1446.6768867495505,1434.67286293827,1436.4014892578125,4853054,0.0,0.0
2024-06-12 00:00:00+05:30,1447.205207418443,1448.8857708643502,1423.9173996680136,1426.2701416015625,9564320,0.0,0.0
2024-06-13 00:00:00+05:30,1435.6813586014816,1445.2845783914581,1430.2555159747842,1434.6729736328125,7307565,0.0,0.0
2024-06-14 00:00:00+05:30,1444.0360586769375,1444.0360586769375,1427.0864701658527,1429.8233642578125,4237727,0.0,0.0
2024-06-18 00:00:00+05:30,1437.6019330325926,1447.2051523581276,1436.0654413858667,1438.7542724609375,5420939,0.0,0.0
2024-06-19 00:00:00+05:30,1445.2845473689924,1455.5119996711499,1437.3138282236787,1451.382568359375,5493456,0.0,0.0
2024-06-20 00:00:00+05:30,1456.1361637531038,1457.2885031581282,1439.618556511379,1455.2718505859375,7927010,0.0,0.0
2024-06-21 00:00:00+05:30,1483.6975056622882,1495.94161129154,1463.2425999556383,1471.885498046875,17301941,0.0,0.0
2024-06-24 00:00:00+05:30,1464.0588504809766,1468.428244941943,1455.271881344855,1466.5556640625,5564989,0.0,0.0
2024-06-25 00:00:00+05:30,1465.451223093983,1482.6410085926723,1460.0253808999469,1480.768310546875,4551525,0.0,0.0
2024-06-26 00:00:00+05:30,1479.8561366420593,1487.3946405637594,1474.0942048965353,1479.5679931640625,4851004,0.0,0.0
2024-06-27 00:00:00+05:30,1477.4072265440695,1515.7721579895247,1471.2612599725667,1510.9224853515625,14757754,0.0,0.0
2024-06-28 00:00:00+05:30,1510.15438706981,1525.4714758668922,1502.1836676895095,1504.58447265625,8197544,0.0,0.0
2024-07-01 00:00:00+05:30,1497.6220524294586,1536.4190819140294,1497.6220524294586,1527.68017578125,6801771,0.0,0.0
2024-07-02 00:00:00+05:30,1532.86588566981,1568.9740856185726,1523.550809426941,1556.72998046875,10493173,0.0,0.0
2024-07-03 00:00:00+05:30,1560.5232067482063,1571.086748455425,1542.2770892539197,1562.8280029296875,7269965,0.0,0.0
2024-07-04 00:00:00+05:30,1563.5960981382616,1594.13438198508,1563.4040806456085,1585.1553955078125,8008311,0.0,0.0
2024-07-05 00:00:00+05:30,1585.9236853770542,1599.7523453204356,1568.5418810019864,1582.0823974609375,7065022,0.0,0.0
2024-07-08 00:00:00+05:30,1577.904975049744,1599.8963711842514,1574.9280004454815,1595.718994140625,5880533,0.0,0.0
2024-07-09 00:00:00+05:30,1594.0383461640054,1600.6165277373964,1585.4914578037747,1591.3974609375,5191182,0.0,0.0
2024-07-10 00:00:00+05:30,1591.2535253565572,1607.5789990626897,1572.575309683498,1582.8507080078125,9852770,0.0,0.0
2024-07-11 00:00:00+05:30,1590.2932550444577,1598.9361531696993,1576.8968098410567,1587.1241455078125,8857679,0.0,0.0
2024-07-12 00:00:00+05:30,1613.340833576749,1651.5136300854847,1600.520559326722,1643.8310546875,17078316,0.0,0.0
2024-07-15 00:00:00+05:30,1657.707575021914,1659.436201288973,1635.092065184172,1639.3175048828125,6942230,0.0,0.0
2024-07-16 00:00:00+05:30,1650.4092519603355,1668.943512173137,1632.547287437264,1657.563720703125,6886281,0.0,0.0
2024-07-18 00:00:00+05:30,1650.7934479826547,1695.3524103380762,1650.7934479826547,1688.2940673828125,11248896,0.0,0.0
2024-07-19 00:00:00+05:30,1770.8336868455729,1770.8336868455729,1715.5671113876276,1721.8092041015625,29819116,0.0,0.0
2024-07-22 00:00:00+05:30,1728.7236252048558,1750.6669588687384,1721.8092366549201,1738.9990234375,8462126,0.0,0.0
2024-07-23 00:00:00+05:30,1738.1826974355533,1766.9442924167647,1712.494085746934,1764.015380859375,7113056,0.0,0.0
2024-07-24 00:00:00+05:30,1764.5915628208677,1769.249100779416,1747.4017766683005,1761.182373046875,6002845,0.0,0.0
2024-07-25 00:00:00+05:30,1747.7860651938493,1758.253598590097,1740.103489083107,1752.443603515625,5815599,0.0,0.0
2024-07-26 00:00:00+05:30,1752.9235913028444,1808.2861733754446,1752.9235913028444,1804.348876953125,11369047,0.0,0.0
2024-07-29 00:00:00+05:30,1818.4656425678857,1827.4926924499405,1790.040135957272,1796.8583984375,4635931,0.0,0.0
2024-07-30 00:00:00+05:30,1796.8583403917328,1805.3571660297775,1786.1987904104494,1802.6683349609375,2721265,0.0,0.0
2024-07-31 00:00:00+05:30,1802.5242769151237,1810.350924152097,1791.048476651269,1794.1214599609375,5004209,0.0,0.0
2024-08-01 00:00:00+05:30,1782.453656326238,1793.7855029159562,1771.8901142339544,1779.092529296875,7475014,0.0,0.0
2024-08-02 00:00:00+05:30,1769.8732971519382,1785.7186088193323,1744.0886770658112,1748.938232421875,7400938,0.0,0.0
2024-08-05 00:00:00+05:30,1714.1266318965754,1726.1787193591779,1650.3613476722035,1682.3880615234375,10736703,0.0,0.0
2024-08-06 00:00:00+05:30,1690.3587800212945,1725.6506144088735,1675.617860395926,1681.619873046875,7690163,0.0,0.0
2024-08-07 00:00:00+05:30,1724.7382902879888,1726.5629255103806,1692.183351452448,1720.5609130859375,5094329,0.0,0.0
2024-08-08 00:00:00+05:30,1709.3250068929763,1709.3250068929763,1658.5720153140558,1673.9852294921875,6227910,0.0,0.0
2024-08-09 00:00:00+05:30,1700.970151180368,1710.0932091542359,1686.32524232758,1700.489990234375,4258524,0.0,0.0
2024-08-12 00:00:00+05:30,1702.6988263064616,1731.9405818653124,1697.9451624687292,1726.0826416015625,4315329,0.0,0.0
2024-08-13 00:00:00+05:30,1738.1827024097588,1738.1827024097588,1718.0640047615366,1726.130615234375,4176918,0.0,0.0
2024-08-14 00:00:00+05:30,1730.5002617824882,1752.5876680094568,1726.130749746865,1750.9071044921875,7450718,0.0,0.0
2024-08-16 00:00:00+05:30,1776.5955951852964,1787.9753867685558,1756.9089953467567,1785.1904296875,7335657,0.0,0.0
2024-08-19 00:00:00+05:30,1786.1988792940135,1793.449357119504,1775.8273550396493,1790.8084716796875,2585989,0.0,0.0
2024-08-20 00:00:00+05:30,1805.405230806265,1810.8790189238414,1794.0733851264426,1797.9146728515625,3870333,0.0,0.0
2024-08-21 00:00:00+05:30,1800.6995713961778,1804.444850251852,1793.0169961955314,1798.394775390625,1966902,0.0,0.0
2024-08-22 00:00:00+05:30,1809.2465931329778,1818.513723597305,1795.51394205871,1805.6453857421875,4300287,0.0,0.0
2024-08-23 00:00:00+05:30,1803.67661383031,1807.9020537953018,1783.3178356718943,1788.2154541015625,5015935,0.0,0.0
2024-08-26 00:00:00+05:30,1795.8020045127269,1813.8080406542315,1790.0400729474454,1801.7080078125,3728589,0.0,0.0
2024-08-27 00:00:00+05:30,1801.7080992308468,1827.2526403543604,1799.5473747842314,1824.707763671875,3830679,0.0,0.0
2024-08-28 00:00:00+05:30,1831.2379582795415,1873.588133022963,1822.1148997127973,1862.1602783203125,6514531,0.0,0.0
2024-08-29 00:00:00+05:30,1856.3023384955793,1873.1079727033768,1844.6824662886909,1856.638427734375,7228284,0.0,0.0
2024-08-30 00:00:00+05:30,1861.1039704725115,1872.6278340667684,1851.5007508106305,1866.5777587890625,13466759,0.0,0.0
2024-09-02 00:00:00+05:30,1866.241657337013,1897.3561122833119,1865.713550595146,1886.552490234375,5573739,0.0,0.0
2024-09-03 00:00:00+05:30,1888.9533893572925,1888.9533893572925,1859.6155051280512,1864.22509765625,4694322,0.0,0.0
2024-09-04 00:00:00+05:30,1844.8744872415468,1850.7324277310104,1824.6597803927025,1846.1708984375,4778310,0.0,0.0
2024-09-05 00:00:00+05:30,1849.8201661965988,1863.0245930805459,1833.8307821972226,1856.4464111328125,4081810,0.0,0.0
2024-09-06 00:00:00+05:30,1845.7388167038994,1859.6634851962026,1821.5866958391305,1826.3883056640625,5848106,0.0,0.0
2024-09-09 00:00:00+05:30,1815.0084785277315,1844.634387126065,1814.0481565814205,1819.4739990234375,4772612,0.0,0.0
2024-09-10 00:00:00+05:30,1829.317300201853,1858.2229673598686,1820.7704114285846,1836.4237060546875,6909600,0.0,0.0
2024-09-11 00:00:00+05:30,1838.7284033553788,1849.5800883553493,1829.4133272673625,1834.3590087890625,5312946,0.0,0.0
2024-09-12 00:00:00+05:30,1848.6197893164426,1878.773922571952,1834.9832642548035,1873.0599365234375,8555092,0.0,0.0
2024-09-13 00:00:00+05:30,1873.0599351123685,1880.886582594913,1858.8472403257115,1866.9619140625,3843127,0.0,0.0
2024-09-16 00:00:00+05:30,1868.5464710616527,1874.548483367517,1856.3504289468578,1872.867919921875,1570181,0.0,0.0
2024-09-17 00:00:00+05:30,1870.467067930622,1880.7424658489679,1865.0892884852562,1875.07666015625,2793127,0.0,0.0
2024-09-18 00:00:00+05:30,1861.824097546446,1861.824097546446,1806.6536508696367,1817.0731201171875,6385468,0.0,0.0
2024-09-19 00:00:00+05:30,1834.7911742292838,1848.5238256038056,1804.253005223771,1819.0418701171875,7976570,0.0,0.0
2024-09-20 00:00:00+05:30,1829.4134254860905,1839.0166455673825,1793.305341425795,1830.1336669921875,15242974,0.0,0.0
2024-09-23 00:00:00+05:30,1833.2546020080952,1842.761812755645,1803.9167195535472,1821.2025146484375,3636672,0.0,0.0
2024-09-24 00:00:00+05:30,1813.0878227950013,1835.0792186672709,1797.1465020357018,1823.2672119140625,7277616,0.0,0.0
2024-09-25 00:00:00+05:30,1811.5033146813457,1826.1482246431408,1802.3323102544668,1820.0982666015625,4268341,0.0,0.0
2024-09-26 00:00:00+05:30,1822.4991866395028,1841.8495816692773,1817.8895940269988,1824.8519287109375,8952803,0.0,0.0
2024-09-27 00:00:00+05:30,1855.4380099764576,1896.2516927156676,1827.7808082445556,1831.0938720703125,14908931,0.0,0.0
2024-09-30 00:00:00+05:30,1805.40537191387,1825.8122145485347,1796.282312853667,1801.179931640625,6986955,0.0,0.0
2024-10-01 00:00:00+05:30,1800.6036370139677,1833.2065199774477,1800.6036370139677,1828.7890625,4029072,0.0,0.0
2024-10-03 00:00:00+05:30,1814.528280610594,1835.9914522282918,1806.3655442331449,1818.2735595703125,7503887,0.0,0.0
2024-10-04 00:00:00+05:30,1814.5763205944831,1876.565029844856,1811.1671309069884,1842.04150390625,10001483,0.0,0.0
2024-10-07 00:00:00+05:30,1846.8911139011777,1864.9452133204372,1840.0249057901142,1857.55078125,6112575,0.0,0.0
2024-10-08 00:00:00+05:30,1861.007899519078,1880.2622839615105,1830.7096956078074,1871.2353515625,5637391,0.0,0.0
2024-10-09 00:00:00+05:30,1875.07665925967,1898.5564839074102,1867.9221904384558,1875.2686767578125,4857163,0.0,0.0
2024-10-10 00:00:00+05:30,1880.214459242611,1886.0723999723164,1838.1523089309171,1842.85791015625,4782119,0.0,0.0
2024-10-11 00:00:00+05:30,1841.8976089269854,1869.7469471224404,1834.3110416283794,1858.319091796875,4709431,0.0,0.0
2024-10-14 00:00:00+05:30,1855.4860705732615,1891.354071794841,1854.477685639696,1881.1746826171875,3751378,0.0,0.0
2024-10-15 00:00:00+05:30,1882.2310163628915,1912.433094709219,1874.3083602991192,1881.558837890625,5353705,0.0,0.0
2024-10-16 00:00:00+05:30,1877.4295689381306,1881.7990810660253,1840.3130990275722,1843.914306640625,3111512,0.0,0.0
2024-10-17 00:00:00+05:30,1858.415027332384,1899.516854492198,1853.5654717255002,1890.0096435546875,8162822,0.0,0.0
2024-10-18 00:00:00+05:30,1818.6577602233042,1859.9995499352583,1795.0818094027522,1805.0211181640625,10526196,0.0,0.0
2024-10-21 00:00:00+05:30,1816.0647726492866,1823.4593218230411,1765.071701772492,1779.2364501953125,4654601,0.0,0.0
2024-10-22 00:00:00+05:30,1784.4700589292672,1803.2924614363872,1773.6664378494722,1778.1319580078125,4125240,0.0,0.0
2024-10-23 00:00:00+05:30,1772.0341729593083,1811.167294513619,1770.8337704576425,1799.0672607421875,4311910,0.0,0.0
2024-10-24 00:00:00+05:30,1787.5433126309072,1809.2465653946333,1786.198838446931,1789.4158935546875,2906475,0.0,0.0
2024-10-25 00:00:00+05:30,1789.5119595392343,1801.9001366151979,1773.1385399992107,1788.1676025390625,4689120,0.0,0.0
2024-10-28 00:00:00+05:30,1785.9108270230458,1807.2300463621355,1783.3180044404317,1791.336669921875,7018940,0.0,0.0
2024-10-29 00:00:00+05:30,1792.9391324904534,1798.378144066303,1776.4277753656768,1786.4317626953125,4621252,21.0,0.0
2024-10-30 00:00:00+05:30,1779.3416136488445,1786.1404080241402,1744.7163014394891,1750.301025390625,5919715,0.0,0.0
2024-10-31 00:00:00+05:30,1736.5092654474463,1736.5092654474463,1696.2992285309076,1706.740234375,7395236,0.0,0.0
2024-11-01 00:00:00+05:30,1713.7816813488193,1715.2385657478123,1701.6895882617994,1710.236572265625,371966,0.0,0.0
2024-11-04 00:00:00+05:30,1674.9314693544445,1716.2098616116575,1668.6183034798119,1712.9561767578125,7336722,0.0,0.0
2024-11-05 00:00:00+05:30,1709.4110437798347,1717.6181118779048,1694.842199656711,1703.7777099609375,3160880,0.0,0.0
2024-11-06 00:00:00+05:30,1713.296194916247,1774.679548579323,1711.985022561022,1771.2801513671875,10421494,0.0,0.0
2024-11-07 00:00:00+05:30,1760.8390975998175,1773.22261567757,1735.6350435250165,1751.2237548828125,4550965,0.0,0.0
2024-11-08 00:00:00+05:30,1765.7439982122546,1787.694367437014,1761.0334287500186,1777.3504638671875,4210960,0.0,0.0
2024-11-11 00:00:00+05:30,1776.427742360696,1814.306737413767,1770.163186757311,1806.6337890625,3804234,0.0,0.0
2024-11-12 00:00:00+05:30,1817.3175584882076,1826.9330191433785,1807.5078940062876,1815.083740234375,5012450,0.0,0.0
2024-11-13 00:00:00+05:30,1807.605094015565,1819.3572716489662,1802.943134866599,1814.6953125,4257495,0.0,0.0
2024-11-14 00:00:00+05:30,1811.975680567675,1822.0767695268303,1802.6516440521305,1810.9559326171875,4311431,0.0,0.0
2024-11-18 00:00:00+05:30,1796.047127993138,1796.047127993138,1743.4050832115965,1759.3822021484375,4839244,0.0,0.0
2024-11-19 00:00:00+05:30,1773.0283689800722,1806.24528689049,1768.2206977377823,1772.2999267578125,4669769,0.0,0.0
2024-11-21 00:00:00+05:30,1789.0540816629436,1813.3354888516371,1768.26917339711,1781.3326416015625,5436504,0.0,0.0
2024-11-22 00:00:00+05:30,1800.80625185363,1859.0331371970146,1781.2840242640295,1847.572265625,6301486,0.0,0.0
2024-11-25 00:00:00+05:30,1860.927145784527,1864.1323391283017,1827.904430253904,1835.383056640625,12764638,0.0,0.0
2024-11-26 00:00:00+05:30,1850.194581938472,1882.8773790978912,1842.7645663309452,1868.8427734375,6850495,0.0,0.0
2024-11-27 00:00:00+05:30,1874.621750796134,1885.5969943515,1856.7992214996743,1869.1827392578125,4447143,0.0,0.0
2024-11-28 00:00:00+05:30,1859.8586361338635,1859.8586361338635,1798.4266776839897,1803.282958984375,8468790,0.0,0.0
2024-11-29 00:00:00+05:30,1797.8925063282472,1823.0480681141644,1791.9678666332622,1804.448486328125,5244346,0.0,0.0
2024-12-02 00:00:00+05:30,1805.5655210664468,1828.6814691911163,1782.4495729417774,1825.7677001953125,2868263,0.0,0.0
2024-12-03 00:00:00+05:30,1832.760605927078,1845.1441235346933,1817.3662175546285,1837.7139892578125,4715792,0.0,0.0
2024-12-04 00:00:00+05:30,1829.8468273930628,1858.935905488834,1821.1055208927776,1834.9459228515625,4705573,0.0,0.0
2024-12-05 00:00:00+05:30,1845.386971128795,1893.8526842407528,1834.654541582606,1879.2352294921875,9050038,0.0,0.0
2024-12-06 00:00:00+05:30,1877.2442779990854,1882.2461532385446,1857.4306251975142,1867.1431884765625,3573331,0.0,0.0
2024-12-09 00:00:00+05:30,1868.8912975545852,1874.7188352688952,1842.6673778401903,1868.357177734375,4274645,0.0,0.0
2024-12-10 00:00:00+05:30,1883.2659588503623,1909.101352624084,1876.4671647750902,1892.54150390625,6174921,0.0,0.0
2024-12-11 00:00:00+05:30,1898.806057875605,1921.1449526741415,1895.8922889888395,1917.4056396484375,5025612,0.0,0.0
2024-12-12 00:00:00+05:30,1918.4253589276038,1941.3471020098962,1913.9091120699152,1929.88623046875,6462130,0.0,0.0
2024-12-13 00:00:00+05:30,1913.132112410419,1948.7771714843159,1897.6406217246506,1942.22119140625,5362693,0.0,0.0
2024-12-16 00:00:00+05:30,1938.0933607570853,1942.1240981650324,1920.7564592966078,1923.1361083984375,3119221,0.0,0.0
2024-12-17 00:00:00+05:30,1911.4324974199167,1925.0300863243267,1901.7199339167669,1919.7852783203125,5811050,0.0,0.0
2024-12-18 00:00:00+05:30,1910.2669710918078,1927.8951783904936,1905.216367108079,1922.261962890625,3064095,0.0,0.0
2024-12-19 00:00:00+05:30,1878.4097533316565,1903.4196039771014,1864.8121646312206,1890.259033203125,5323592,0.0,0.0
2024-12-20 00:00:00+05:30,1918.3768510152895,1923.038809987995,1856.3135514684034,1866.9002685546875,11056720,0.0,0.0
2024-12-23 00:00:00+05:30,1874.5732490554924,1884.2372017118134,1854.1282567360063,1868.988525390625,2781793,0.0,0.0
2024-12-24 00:00:00+05:30,1871.6594932162752,1886.1797274213886,1787.111585198432,1854.1768798828125,2360544,0.0,0.0
2024-12-26 00:00:00+05:30,1854.1769374712999,1864.5693327398988,1847.6209572676305,1852.5743408203125,3623321,0.0,0.0
2024-12-27 00:00:00+05:30,1854.5168074679777,1868.8428379280153,1849.1748978049127,1861.655517578125,3937500,0.0,0.0
2024-12-30 00:00:00+05:30,1860.6356160704356,1860.9270403802957,1832.2749799986577,1851.2144775390625,7789055,0.0,0.0
2024-12-31 00:00:00+05:30,1837.9082915665463,1842.473148621904,1792.0164326986576,1825.9617919921875,3613063,0.0,0.0
2025-01-01 00:00:00+05:30,1820.134335963438,1838.5395957247827,1820.134335963438,1828.3900146484375,1838368,0.0,0.0
2025-01-02 00:00:00+05:30,1832.7607301511275,1906.2362966487788,1831.109641782825,1901.57421875,7083645,0.0,0.0
2025-01-03 00:00:00+05:30,1896.8149857004253,1896.8149857004253,1866.7546499738073,1883.023193359375,6218003,0.0,0.0
2025-01-06 00:00:00+05:30,1895.8923485784164,1916.288731426852,1872.5821967516326,1882.1490478515625,7164403,0.0,0.0
2025-01-07 00:00:00+05:30,1889.0935202054077,1902.2540906114118,1868.357221729347,1875.3502197265625,4294832,0.0,0.0
2025-01-08 00:00:00+05:30,1874.5246254427705,1882.8774057609294,1834.460303784991,1877.5841064453125,5482050,0.0,0.0
2025-01-09 00:00:00+05:30,1878.4583629543145,1895.74665458795,1855.6338390718154,1862.1898193359375,6833503,0.0,0.0
2025-01-10 00:00:00+05:30,1881.3233976824297,1920.9507009797642,1876.709930393327,1910.4124755859375,8036913,0.0,0.0
2025-01-13 00:00:00+05:30,1899.7773306055078,1925.8070469770787,1892.9785364775742,1905.799072265625,5804152,0.0,0.0
2025-01-14 00:00:00+05:30,1912.2579998126723,1915.1232771204202,1875.5930733895989,1884.285888671875,5792162,0.0,0.0
2025-01-15 00:00:00+05:30,1891.036010381721,1901.7684398888914,1881.420549328485,1893.60986328125,2985439,0.0,0.0
2025-01-16 00:00:00+05:30,1909.4412763032324,1910.41253260361,1861.7526156669912,1873.0191650390625,7533579,0.0,0.0
2025-01-17 00:00:00+05:30,1797.7954209897873,1804.5942151264314,1759.9164250856263,1763.2672119140625,16409953,0.0,0.0
2025-01-20 00:00:00+05:30,1770.5517282126625,1775.4080099966866,1741.60835991682,1761.17919921875,4333011,0.0,0.0
2025-01-21 00:00:00+05:30,1766.7638099629812,1779.0016155615642,1741.5111463055791,1748.941162109375,7169109,0.0,0.0
2025-01-22 00:00:00+05:30,1755.448693830049,1812.1700865447272,1753.2633671133483,1803.0887451171875,8373913,0.0,0.0
2025-01-23 00:00:00+05:30,1804.5941442893445,1825.5247642701754,1799.446438649042,1811.8299560546875,5907471,0.0,0.0
2025-01-24 00:00:00+05:30,1811.8786496612856,1840.4336089404926,1810.6645792715367,1821.5426025390625,4887027,0.0,0.0
2025-01-27 00:00:00+05:30,1795.6101350752897,1809.4505377391558,1759.9164650474238,1769.6290283203125,7652371,0.0,0.0
2025-01-28 00:00:00+05:30,1777.3990640797924,1809.9361507719634,1772.4456805643415,1777.15625,6999495,0.0,0.0
2025-01-29 00:00:00+05:30,1791.9678626583263,1834.36322360914,1787.5972093347696,1827.1759033203125,5145155,0.0,0.0
2025-01-30 00:00:00+05:30,1819.3086909049005,1832.9547702492719,1790.9965471548646,1806.488037109375,7336056,0.0,0.0
2025-01-31 00:00:00+05:30,1817.2205970496623,1842.910279604707,1817.2205970496623,1825.7677001953125,5820470,0.0,0.0
2025-02-01 00:00:00+05:30,1826.2533177597818,1836.2571867836969,1792.9391783431893,1798.1353759765625,1701402,0.0,0.0
2025-02-03 00:00:00+05:30,1783.2265984737837,1822.6110895629577,1779.7300994439906,1809.741943359375,4823228,0.0,0.0
2025-02-04 00:00:00+05:30,1834.703198206104,1856.2650411997822,1821.1056096540206,1844.2215576171875,7334787,0.0,0.0
2025-02-05 00:00:00+05:30,1851.2144245852517,1864.5205878724964,1839.8507738106882,1842.521728515625,4996744,0.0,0.0
2025-02-06 00:00:00+05:30,1861.898330498206,1868.6971246106148,1845.3869733680706,1860.587158203125,4765255,0.0,0.0
2025-02-07 00:00:00+05:30,1864.13219104828,1868.40562375176,1835.140096778848,1848.9320068359375,4126260,0.0,0.0
2025-02-10 00:00:00+05:30,1850.2432794461592,1850.2432794461592,1824.6020890265615,1826.2532958984375,3828734,0.0,0.0
2025-02-11 00:00:00+05:30,1828.9727506286142,1848.3007750893653,1816.249316561804,1821.7369384765625,4411601,0.0,0.0
2025-02-12 00:00:00+05:30,1830.8182412610952,1840.142278618334,1793.9104995274497,1809.5963134765625,5633947,0.0,0.0
2025-02-13 00:00:00+05:30,1814.792533979024,1819.6488158467762,1782.8867858202054,1790.268310546875,5237744,0.0,0.0
2025-02-14 00:00:00+05:30,1800.7092442878504,1805.856950285683,1775.7964955938853,1803.040283203125,5292961,0.0,0.0
2025-02-17 00:00:00+05:30,1785.703248001718,1799.4950394980904,1769.77462159192,1789.345458984375,4428956,0.0,0.0
2025-02-18 00:00:00+05:30,1789.3456107739096,1808.1393973263787,1784.780634818134,1798.7181396484375,4365260,0.0,0.0
2025-02-19 00:00:00+05:30,1794.2989338566194,1796.0471240806544,1753.9917969230971,1758.7509765625,4611411,0.0,0.0
2025-02-20 00:00:00+05:30,1753.6518766132701,1778.3703022593725,1753.6518766132701,1772.6884765625,2218020,0.0,0.0
2025-02-21 00:00:00+05:30,1769.4347905187403,1777.2533326664163,1754.2830972545896,1762.8302001953125,3379879,0.0,0.0
2025-02-24 00:00:00+05:30,1748.309923055587,1756.0313630959042,1699.9413126430345,1713.3931884765625,7594720,0.0,0.0
2025-02-25 00:00:00+05:30,1694.9880113599872,1727.330776075937,1694.9880113599872,1716.8897705078125,5092963,0.0,0.0
2025-02-27 00:00:00+05:30,1704.748997302386,1724.8054634563641,1700.7668702151418,1713.5875244140625,5757079,0.0,0.0
2025-02-28 00:00:00+05:30,1704.6034155946859,1704.6519072727174,1634.0901134127998,1639.189208984375,12182167,0.0,0.0
2025-03-03 00:00:00+05:30,1643.6571185043986,1678.9136517994152,1643.6571185043986,1659.488525390625,7504969,0.0,0.0
2025-03-04 00:00:00+05:30,1646.2794646548505,1650.1644899401717,1621.9980566215932,1639.7720947265625,6759673,0.0,0.0
2025-03-05 00:00:00+05:30,1643.8026956375877,1683.1385762213686,1643.8026956375877,1662.30517578125,8180782,0.0,0.0
2025-03-06 00:00:00+05:30,1665.7046071983816,1672.794825837321,1642.4915571816716,1666.5301513671875,10610547,0.0,0.0
2025-03-07 00:00:00+05:30,1654.1465445914585,1655.9919552333556,1627.339895010843,1637.5380859375,8019331,0.0,0.0
2025-03-10 00:00:00+05:30,1637.5380832553346,1669.5895404009018,1628.0197243147556,1652.5439453125,7558981,0.0,0.0
2025-03-11 00:00:00+05:30,1631.7104941166237,1631.7104941166237,1589.9950857541564,1613.83935546875,12671234,0.0,0.0
2025-03-12 00:00:00+05:30,1589.84944650162,1589.84944650162,1518.850635339536,1545.123046875,14870008,0.0,0.0
2025-03-13 00:00:00+05:30,1553.2816045131979,1559.886194636392,1525.163782654934,1534.439208984375,7822888,0.0,0.0
2025-03-17 00:00:00+05:30,1500.736758011993,1548.1826065260266,1500.736758011993,1544.34619140625,7526032,0.0,0.0
2025-03-18 00:00:00+05:30,1544.34619140625,1544.34619140625,1544.34619140625,1544.34619140625,0,0.0,0.0
2025-03-19 00:00:00+05:30,1556.9238965430377,1556.9238965430377,1527.5920028100838,1540.94677734375,7387068,0.0,0.0
2025-03-20 00:00:00+05:30,1546.240146235024,1584.9932992405397,1546.240146235024,1569.11328125,7186750,0.0,0.0
2025-03-21 00:00:00+05:30,1532.59385494289,1557.7980274559397,1518.7049607743006,1546.7742919921875,10074677,0.0,0.0
2025-03-24 00:00:00+05:30,1552.0189913058653,1560.9060103586978,1527.4947691913153,1546.968505859375,8857726,0.0,0.0
2025-03-25 00:00:00+05:30,1558.8663000022038,1589.1209562659596,1558.8663000022038,1581.6422119140625,9890140,0.0,0.0
2025-03-26 00:00:00+05:30,1579.2628561729366,1590.6751185099797,1549.153908730525,1553.4759521484375,6651302,0.0,0.0
2025-03-27 00:00:00+05:30,1549.688079270318,1573.3866387891755,1540.4125339270274,1557.4581298828125,9426573,0.0,0.0
2025-03-28 00:00:00+05:30,1544.2975705237486,1552.504639118573,1515.1598805138667,1525.5037841796875,6799047,0.0,0.0
2025-04-01 00:00:00+05:30,1495.0061979771754,1502.92196020728,1474.2212903040318,1482.6226806640625,12680733,0.0,0.0
2025-04-02 00:00:00+05:30,1491.0726643663595,1510.9349273715397,1491.0726643663595,1505.593017578125,6193478,0.0,0.0
2025-04-03 00:00:00+05:30,1490.538435185599,1490.538435185599,1442.3641486583924,1453.4849853515625,10459504,0.0,0.0
2025-04-04 00:00:00+05:30,1418.5197886514006,1429.6892358061361,1406.3790852223406,1409.9241943359375,9590254,0.0,0.0
2025-04-07 00:00:00+05:30,1313.1385736419368,1365.489314158466,1269.4320382766355,1356.602294921875,21715252,0.0,0.0
2025-04-08 00:00:00+05:30,1389.8677955834949,1414.6348317731379,1374.3276944448953,1387.7310791015625,12805001,0.0,0.0
2025-04-09 00:00:00+05:30,1364.663707842691,1368.9371407012397,1342.1791008495861,1363.3524169921875,8546854,0.0,0.0
2025-04-11 00:00:00+05:30,1370.6855647660782,1397.4437254302495,1356.893771609889,1368.937255859375,12567440,0.0,0.0
2025-04-15 00:00:00+05:30,1404.0480742507405,1406.087688754894,1368.5001176189407,1385.011474609375,10178530,0.0,0.0
2025-04-16 00:00:00+05:30,1384.0402738742662,1386.4684147056246,1356.6508927211694,1372.4822998046875,12022740,0.0,0.0
2025-04-17 00:00:00+05:30,1357.8162328834976,1388.7022289531085,1338.6825322481727,1378.6982421875,14264227,0.0,0.0
2025-04-21 00:00:00+05:30,1369.4714582615436,1429.4951483248678,1369.4714582615436,1409.29296875,15648970,0.0,0.0
2025-04-22 00:00:00+05:30,1398.6091260339042,1398.6091260339042,1378.5041672717928,1381.903564453125,9399738,0.0,0.0
2025-04-23 00:00:00+05:30,1404.4365301839098,1445.0350886470426,1398.2204665039803,1432.505859375,11136642,0.0,0.0
2025-04-24 00:00:00+05:30,1427.6496829084983,1440.2760150192205,1419.4911061400271,1429.1065673828125,7114292,0.0,0.0
2025-04-25 00:00:00+05:30,1433.0887071514799,1458.535575435,1421.4336312546193,1437.653564453125,8329979,0.0,0.0
2025-04-28 00:00:00+05:30,1437.6534907325017,1446.7833234291916,1423.1818670852326,1439.4989013671875,5886253,0.0,0.0
2025-04-29 00:00:00+05:30,1439.4019470928108,1466.4029217301106,1431.7289980215003,1454.4564208984375,8056743,0.0,0.0
2025-04-30 00:00:00+05:30,1453.7764926957282,1465.431568419441,1439.984581952398,1456.9815673828125,7704183,0.0,0.0
2025-05-02 00:00:00+05:30,1456.5930649551544,1479.4175886205041,1453.1936678135066,1463.586181640625,7402310,0.0,0.0
2025-05-05 00:00:00+05:30,1471.453369034679,1479.2234198282615,1459.6040889990923,1465.2373046875,4282493,0.0,0.0
2025-05-06 00:00:00+05:30,1462.7119235923028,1472.0359599506996,1456.0102317041706,1468.0538330078125,4270530,0.0,0.0
2025-05-07 00:00:00+05:30,1456.8844481471906,1475.1441139885928,1453.5821530190785,1464.9459228515625,5691799,0.0,0.0
2025-05-08 00:00:00+05:30,1464.654613791716,1472.9102929808603,1458.0500230157727,1467.9569091796875,8424409,0.0,0.0
2025-05-09 00:00:00+05:30,1457.5642989506216,1467.9568126185206,1451.1540310083215,1464.2659912109375,4478653,0.0,0.0
2025-05-12 00:00:00+05:30,1492.8209942326298,1585.0903465111594,1487.96471253376,1580.136962890625,11372857,0.0,0.0
2025-05-13 00:00:00+05:30,1562.7513505672503,1565.859323230766,1519.627548132014,1523.5125732421875,12846210,0.0,0.0
2025-05-14 00:00:00+05:30,1528.75740058924,1549.1537826809642,1524.3867472838704,1546.6285400390625,4870057,0.0,0.0
2025-05-15 00:00:00+05:30,1544.103254657481,1572.0753639006625,1525.8435894847285,1566.6363525390625,11151167,0.0,0.0
2025-05-16 00:00:00+05:30,1566.2479103864578,1566.2479103864578,1536.0418626920532,1544.200439453125,4576751,0.0,0.0
2025-05-19 00:00:00+05:30,1531.185508443418,1539.4411867318856,1510.9833306187809,1514.965576171875,8855798,0.0,0.0
2025-05-20 00:00:00+05:30,1524.8723866170074,1537.9843466293191,1513.2173110505078,1515.7425537109375,7143998,0.0,0.0
2025-05-21 00:00:00+05:30,1522.832797268108,1525.8436681268927,1507.4869000940212,1523.41552734375,4157309,0.0,0.0
2025-05-22 00:00:00+05:30,1510.7890929485561,1515.936798484799,1495.7346211126817,1503.01904296875,6158990,0.0,0.0
2025-05-23 00:00:00+05:30,1505.447258808557,1541.5779455953386,1505.447258808557,1519.8218994140625,5038421,0.0,0.0
2025-05-26 00:00:00+05:30,1521.5700705826603,1538.275749801986,1517.782147363295,1535.070556640625,3170102,0.0,0.0
2025-05-27 00:00:00+05:30,1534.487964353223,1537.401733466409,1511.6634396332652,1524.9696044921875,7775714,0.0,0.0
2025-05-28 00:00:00+05:30,1535.556238237006,1542.063608140773,1524.8724187426308,1526.6207275390625,3623370,0.0,0.0
2025-05-29 00:00:00+05:30,1543.3263431603168,1562.6543682753302,1531.2827406845122,1540.0240478515625,8609500,0.0,0.0
2025-05-30 00:00:00+05:30,1547.3124739974683,1548.297396005105,1531.652190030095,1539.1375732421875,13148092,22.0,0.0
2025-06-02 00:00:00+05:30,1536.4782943781508,1536.4782943781508,1515.7949327230604,1530.371826171875,4374509,0.0,0.0
2025-06-03 00:00:00+05:30,1535.4933708621093,1543.6682714095227,1512.4461724234918,1519.734619140625,6853403,0.0,0.0
2025-06-04 00:00:00+05:30,1519.7346010168856,1533.8190332918903,1518.158749909477,1527.8109130859375,4548307,0.0,0.0
2025-06-05 00:00:00+05:30,1524.5607331925255,1544.0621159555858,1518.3556767230737,1530.8642578125,6948539,0.0,0.0
2025-06-06 00:00:00+05:30,1531.2581829658582,1545.2441474823067,1519.8331118292815,1540.2210693359375,3960020,0.0,0.0
2025-06-09 00:00:00+05:30,1554.2069160448225,1564.0561360451065,1547.3124620446238,1549.183837890625,2903202,0.0,0.0
2025-06-10 00:00:00+05:30,1560.116482612782,1583.2621501262925,1553.7144894707471,1571.935546875,8591925,0.0,0.0
2025-06-11 00:00:00+05:30,1566.1244242034918,1609.9534525332194,1566.1244242034918,1606.5062255859375,10597410,0.0,0.0
2025-06-12 00:00:00+05:30,1592.6188275892266,1603.452969273507,1574.0037782857437,1584.345458984375,10483574,0.0,0.0
2025-06-13 00:00:00+05:30,1552.2369998927122,1584.7394243828517,1546.5244044661895,1577.844970703125,6968315,0.0,0.0
2025-06-16 00:00:00+05:30,1575.875214344727,1610.1505483486199,1573.01891647278,1599.31640625,5591842,0.0,0.0
2025-06-17 00:00:00+05:30,1596.2630097727385,1622.5604988569514,1591.2399317053334,1615.173583984375,7622083,0.0,0.0
2025-06-18 00:00:00+05:30,1596.5585788351507,1619.9011823893957,1596.5585788351507,1608.2791748046875,5629707,0.0,0.0
2025-06-19 00:00:00+05:30,1599.4148737815738,1605.4228739879738,1587.2018168292147,1593.997802734375,5147760,0.0,0.0
2025-06-20 00:00:00+05:30,1594.58871180959,1606.1122510729595,1584.6410236941556,1598.429931640625,9202821,0.0,0.0
2025-06-23 00:00:00+05:30,1576.8601291540897,1576.8601291540897,1551.6461498856431,1560.116455078125,7943676,0.0,0.0
2025-06-24 00:00:00+05:30,1576.860073737694,1584.739449496533,1552.827953627288,1557.7525634765625,8083992,0.0,0.0
2025-06-25 00:00:00+05:30,1566.025955644839,1595.4751470327865,1561.199813873949,1590.550537109375,7813533,0.0,0.0
2025-06-26 00:00:00+05:30,1584.5425210067874,1599.5132869304996,1582.3756205245834,1591.6339111328125,6519233,0.0,0.0
2025-06-27 00:00:00+05:30,1594.5886581952298,1605.0288069577266,1578.238977654369,1583.7545166015625,8912268,0.0,0.0
2025-06-30 00:00:00+05:30,1590.648993297183,1590.648993297183,1570.064099926214,1577.6480712890625,6294505,0.0,0.0
2025-07-01 00:00:00+05:30,1584.7395342639384,1593.308307768125,1576.3676970723639,1582.57275390625,4178937,0.0,0.0
2025-07-02 00:00:00+05:30,1593.6038341220215,1624.1364168524187,1579.2239966239758,1586.2169189453125,8653641,0.0,0.0
2025-07-03 00:00:00+05:30,1594.0962765801005,1607.786716594206,1590.6490495377586,1594.293212890625,5259695,0.0,0.0
2025-07-04 00:00:00+05:30,1600.4981989662078,1618.6207872342948,1587.9897380569496,1615.96142578125,4411273,0.0,0.0
2025-07-07 00:00:00+05:30,1615.2721260131761,1619.2118141254034,1598.5284515362102,1602.4681396484375,3294523,0.0,0.0
2025-07-08 00:00:00+05:30,1603.4529602070286,1621.378491891406,1597.0509674297891,1613.9915771484375,4590681,0.0,0.0
2025-07-09 00:00:00+05:30,1613.1052929685202,1613.3022292758048,1599.1193284889714,1609.0670166015625,4580828,0.0,0.0
2025-07-10 00:00:00+05:30,1614.1886858160015,1614.1886858160015,1582.868118202301,1591.43701171875,5330179,0.0,0.0
2025-07-11 00:00:00+05:30,1555.2902357933656,1582.8680505457567,1539.433016356687,1570.85205078125,11391755,0.0,0.0
2025-07-14 00:00:00+05:30,1567.7988696310574,1567.7988696310574,1536.2813659941348,1546.623046875,9173426,0.0,0.0
2025-07-15 00:00:00+05:30,1541.5013602388092,1579.4208563061295,1540.4179701114037,1561.6922607421875,7614807,0.0,0.0
2025-07-16 00:00:00+05:30,1555.1918577227598,1587.6942841349517,1554.6993967165145,1583.6561279296875,6223491,0.0,0.0
2025-07-17 00:00:00+05:30,1573.9053927711557,1585.7244570472844,1556.2752645133157,1559.6240234375,7374814,0.0,0.0
2025-07-18 00:00:00+05:30,1568.0942241264431,1575.1857343566385,1556.176692489401,1562.1846923828125,5161833,0.0,0.0
2025-07-21 00:00:00+05:30,1556.1767745731315,1565.041072656143,1543.1758521432762,1560.4119873046875,3682661,0.0,0.0
2025-07-22 00:00:00+05:30,1541.4029254290974,1561.889351060241,1541.4029254290974,1547.2139892578125,8473741,0.0,0.0
2025-07-23 00:00:00+05:30,1552.5325511946266,1567.897309898412,1526.629055261839,1550.7596435546875,8035026,0.0,0.0
2025-07-24 00:00:00+05:30,1556.1767861186595,1558.1466301517212,1524.8562179010848,1529.0914306640625,14169664,0.0,0.0
2025-07-25 00:00:00+05:30,1520.12860228797,1526.1366022975346,1488.512630894258,1492.84619140625,10851259,0.0,0.0
2025-07-28 00:00:00+05:30,1491.0734115180542,1496.392014262957,1460.14683725966,1493.1417236328125,6439855,0.0,0.0
2025-07-29 00:00:00+05:30,1490.0884773327002,1494.3235696797126,1473.5417400906863,1490.8763427734375,7070448,0.0,0.0
2025-07-30 00:00:00+05:30,1496.9830114866083,1498.7557989957106,1483.2925712781332,1496.0965576171875,5719051,0.0,0.0
2025-07-31 00:00:00+05:30,1486.936711768862,1504.0743788045277,1474.428250322285,1486.247314453125,6851407,0.0,0.0
2025-08-01 00:00:00+05:30,1471.3749358302919,1476.1024890867666,1443.4031282013243,1447.4412841796875,8702978,0.0,0.0
2025-08-04 00:00:00+05:30,1439.4634841975633,1460.4423706154291,1429.1218033326475,1458.177001953125,8610216,0.0,0.0
2025-08-05 00:00:00+05:30,1456.4040844682859,1456.4040844682859,1433.0614816224124,1438.2816162109375,10213323,0.0,0.0
2025-08-06 00:00:00+05:30,1430.1067078263497,1434.14486387826,1408.7339490588547,1415.037353515625,10566934,0.0,0.0
2025-08-07 00:00:00+05:30,1408.4383894942564,1420.2574529025999,1392.876574581379,1415.234375,9892020,0.0,0.0
2025-08-08 00:00:00+05:30,1403.5138318764698,1411.590144080286,1395.7329241309972,1401.6424560546875,10048009,0.0,0.0
2025-08-11 00:00:00+05:30,1398.4907470266712,1411.7871937906966,1392.6796832838538,1406.66552734375,6625368,0.0,0.0
2025-08-12 00:00:00+05:30,1406.6655976905836,1419.2726477892124,1399.5742071536924,1402.62744140625,9899184,0.0,0.0
2025-08-13 00:00:00+05:30,1403.5138705026145,1412.3781686321047,1400.953097311154,1405.0897216796875,10318063,0.0,0.0
2025-08-14 00:00:00+05:30,1404.6956380205245,1447.835267553816,1404.6956380205245,1425.8714599609375,12902347,0.0,0.0
2025-08-18 00:00:00+05:30,1442.6151494914589,1442.6151494914589,1408.0444126749926,1414.1510009765625,7254561,0.0,0.0
2025-08-19 00:00:00+05:30,1411.0977408332749,1427.5460108318366,1411.0977408332749,1418.2877197265625,3986094,0.0,0.0
2025-08-20 00:00:00+05:30,1418.9770874002822,1476.3980885005715,1418.9770874002822,1473.6402587890625,10413061,0.0,0.0
2025-08-21 00:00:00+05:30,1485.262351237006,1485.262351237006,1461.9197483180794,1473.8372802734375,6565539,0.0,0.0
2025-08-22 00:00:00+05:30,1475.5115598317454,1481.6181481033814,1463.6924963469764,1465.0714111328125,5543397,0.0,0.0
2025-08-25 00:00:00+05:30,1483.981859694785,1515.7948868943363,1483.981859694785,1508.9989013671875,10694531,0.0,0.0
2025-08-26 00:00:00+05:30,1500.03616013844,1515.2039825206518,1495.7024794249892,1506.53662109375,15994798,0.0,0.0
2025-08-28 00:00:00+05:30,1506.5366438633127,1506.5366438633127,1475.413133190423,1477.4814453125,5443364,0.0,0.0
2025-08-29 00:00:00+05:30,1479.254311487481,1479.254311487481,1445.5699084151588,1447.4412841796875,8169075,0.0,0.0
2025-09-01 00:00:00+05:30,1454.4343120627393,1480.7318023736236,1453.941851048263,1476.7921142578125,4546057,0.0,0.0
2025-09-02 00:00:00+05:30,1476.7920565936874,1489.9900353122632,1463.8896025641538,1476.1025390625,5218763,0.0,0.0
2025-09-03 00:00:00+05:30,1477.3829894013984,1479.2543652339205,1450.7900955921732,1456.798095703125,4623483,0.0,0.0
2025-09-04 00:00:00+05:30,1461.6242804276317,1461.6242804276317,1438.0846200594328,1440.94091796875,5787724,0.0,0.0
2025-09-05 00:00:00+05:30,1447.835279098319,1450.4945202945664,1411.3931666312185,1422.8182373046875,5466487,0.0,0.0
2025-09-08 00:00:00+05:30,1429.1218644887508,1436.0163186937275,1406.7641825159365,1411.2947998046875,3811567,0.0,0.0
2025-09-09 00:00:00+05:30,1458.6694341238242,1484.474341584966,1450.297597398603,1481.6181640625,13072640,0.0,0.0
2025-09-10 00:00:00+05:30,1487.330709756259,1511.756823802922,1486.5428442826578,1509.491455078125,7281071,0.0,0.0
2025-09-11 00:00:00+05:30,1500.922609577238,1504.4683046125388,1483.7849433052634,1486.9366455078125,8003662,0.0,0.0
2025-09-12 00:00:00+05:30,1513.8250582606502,1519.6361218926327,1498.1647749913177,1502.596923828125,12856963,0.0,0.0
2025-09-15 00:00:00+05:30,1502.5969824151846,1504.4683582651935,1478.5648615170796,1485.6563720703125,6167414,0.0,0.0
2025-09-16 00:00:00+05:30,1485.656397411633,1491.1719366717366,1480.8302554728903,1488.5126953125,8923112,0.0,0.0
2025-09-17 00:00:00+05:30,1494.028241371192,1503.680405062861,1491.1719434573272,1499.4453125,4795698,0.0,0.0
2025-09-18 00:00:00+05:30,1526.6291407021617,1531.5537508334592,1515.302537400178,1517.370849609375,9331945,0.0,0.0
2025-09-19 00:00:00+05:30,1521.3104874589542,1527.9095369547413,1497.179898612735,1516.976806640625,12988129,0.0,0.0
2025-09-22 00:00:00+05:30,1460.3437656419162,1491.8612688721596,1459.6543683506482,1476.8905029296875,15655204,0.0,0.0
2025-09-23 00:00:00+05:30,1470.4885054191882,1490.186944875574,1470.4885054191882,1474.920654296875,9832164,0.0,0.0
2025-09-24 00:00:00+05:30,1464.7758845360097,1474.1326431158677,1460.3437357350242,1472.0643310546875,4937004,0.0,0.0
2025-09-25 00:00:00+05:30,1466.5488557470633,1480.04223903444,1454.2373307659764,1462.4122314453125,9491867,0.0,0.0
2025-09-26 00:00:00+05:30,1452.7599061754568,1456.404069373631,1419.4694954878144,1427.053466796875,8597058,0.0,0.0
2025-09-29 00:00:00+05:30,1437.9860786678707,1442.9106885263222,1414.8404123331482,1420.060546875,10513117,0.0,0.0
2025-09-30 00:00:00+05:30,1421.2424051491353,1430.303639196793,1416.416263441906,1420.060546875,7556305,0.0,0.0
2025-10-01 00:00:00+05:30,1424.197180444367,1427.6444073679875,1405.877655696216,1424.000244140625,6250692,0.0,0.0
2025-10-03 00:00:00+05:30,1417.3027030735375,1426.4625254104503,1411.5901076030302,1424.7880859375,6877533,0.0,0.0
2025-10-06 00:00:00+05:30,1424.7881421800753,1456.5027027407555,1420.5530497148675,1453.744873046875,4630590,0.0,0.0
2025-10-07 00:00:00+05:30,1455.4191203786977,1460.5407866669368,1432.0765182081868,1436.5086669921875,5570320,0.0,0.0
2025-10-08 00:00:00+05:30,1435.0313384295307,1475.4131399913774,1433.061494450904,1472.4583740234375,4657192,0.0,0.0
2025-10-09 00:00:00+05:30,1479.352867871771,1491.171932062491,1464.5790376333712,1486.5428466796875,7028753,0.0,0.0
2025-10-10 00:00:00+05:30,1487.2322078030077,1498.755747016607,1476.2011295853695,1492.058349609375,3738353,0.0,0.0
2025-10-13 00:00:00+05:30,1474.4281763502415,1482.0120273618204,1461.0332617199265,1470.6854248046875,5859355,0.0,0.0
2025-10-14 00:00:00+05:30,1476.3980688327763,1491.5658915845438,1464.0865439092208,1467.435302734375,5600789,0.0,0.0
2025-10-15 00:00:00+05:30,1461.5258266826634,1466.1549121391147,1445.373081319078,1452.1690673828125,6986098,0.0,0.0
2025-10-16 00:00:00+05:30,1451.6765810210527,1452.267510183725,1438.478601982591,1449.312744140625,8005748,0.0,0.0
2025-10-17 00:00:00+05:30,1432.9630656678505,1436.410292725158,1412.3781714796953,1419.37109375,16959378,0.0,0.0
2025-10-20 00:00:00+05:30,1431.781048131079,1444.8805586841174,1428.136884861602,1438.87255859375,6994246,0.0,0.0
2025-10-21 00:00:00+05:30,1455.7147580634262,1463.5941342911037,1447.8353818357486,1450.19921875,1698704,0.0,0.0
2025-10-23 00:00:00+05:30,1487.2321904325627,1522.6893817276436,1483.292502510887,1505.4532470703125,20358624,0.0,0.0
2025-10-24 00:00:00+05:30,1516.2874003977408,1519.7346273554492,1495.111577657532,1502.4000244140625,8652257,0.0,0.0
2025-10-27 00:00:00+05:30,1510.0,1515.300048828125,1498.0999755859375,1504.5,7273211,23.0,0.0
2025-10-28 00:00:00+05:30,1499.699951171875,1506.5,1490.5,1500.199951171875,8211019,0.0,0.0
2025-10-29 00:00:00+05:30,1500.199951171875,1520.199951171875,1496.9000244140625,1510.4000244140625,4884976,0.0,0.0
2025-10-30 00:00:00+05:30,1507.0,1508.199951171875,1489.0999755859375,1493.800048828125,5608867,0.0,0.0
2025-10-31 00:00:00+05:30,1490.0,1497.0999755859375,1480.699951171875,1482.300048828125,4819814,0.0,0.0
2025-11-03 00:00:00+05:30,1482.300048828125,1491.4000244140625,1474.199951171875,1485.5,5470600,0.0,0.0
2025-11-04 00:00:00+05:30,1479.699951171875,1481.9000244140625,1462.9000244140625,1467.9000244140625,8691330,0.0,0.0
2025-11-05 00:00:00+05:30,1467.9000244140625,1467.9000244140625,1467.9000244140625,1467.9000244140625,0,0.0,0.0
2025-11-06 00:00:00+05:30,1478.5999755859375,1483.0,1461.9000244140625,1466.699951171875,7944752,0.0,0.0
2025-11-07 00:00:00+05:30,1470.0,1480.9000244140625,1449.0999755859375,1476.800048828125,8765759,0.0,0.0
2025-11-10 00:00:00+05:30,1490.0999755859375,1520.0,1490.0,1513.5,9787975,0.0,0.0
2025-11-11 00:00:00+05:30,1525.0,1533.4000244140625,1511.0999755859375,1530.300048828125,13692989,0.0,0.0
2025-11-12 00:00:00+05:30,1540.0,1559.199951171875,1538.0999755859375,1551.699951171875,14635417,0.0,0.0
2025-11-13 00:00:00+05:30,1557.0999755859375,1557.5,1530.300048828125,1541.800048828125,19655689,0.0,0.0
2025-11-14 00:00:00+05:30,1520.0,1530.0,1488.800048828125,1502.800048828125,9739549,0.0,0.0
2025-11-17 00:00:00+05:30,1496.0,1510.199951171875,1492.5,1507.5999755859375,7910354,0.0,0.0
2025-11-18 00:00:00+05:30,1506.0,1506.0,1483.199951171875,1486.4000244140625,7525119,0.0,0.0
2025-11-19 00:00:00+05:30,1490.5,1543.0,1490.5,1541.0999755859375,10981126,0.0,0.0
2025-11-20 00:00:00+05:30,1555.0,1555.0,1534.0,1536.5,7387584,0.0,0.0
2025-11-21 00:00:00+05:30,1531.0,1551.5,1526.300048828125,1545.0,9186302,0.0,0.0
2025-11-24 00:00:00+05:30,1563.5999755859375,1585.0,1541.0,1548.0,19270381,0.0,0.0
2025-11-25 00:00:00+05:30,1549.0,1550.5999755859375,1525.9000244140625,1530.5999755859375,8107952,0.0,0.0
2025-11-26 00:00:00+05:30,1532.0999755859375,1560.300048828125,1532.0999755859375,1557.9000244140625,7575038,0.0,0.0
2025-11-27 00:00:00+05:30,1564.0,1574.300048828125,1552.199951171875,1566.4000244140625,7552252,0.0,0.0
2025-11-28 00:00:00+05:30,1565.0,1568.4000244140625,1557.0,1560.0999755859375,4453221,0.0,0.0
2025-12-01 00:00:00+05:30,1562.5,1574.0,1556.0,1564.0,5341800,0.0,0.0
2025-12-02 00:00:00+05:30,1567.0,1579.9000244140625,1556.0999755859375,1561.0,6335969,0.0,0.0
2025-12-03 00:00:00+05:30,1555.0999755859375,1586.0,1554.0999755859375,1578.699951171875,12895312,0.0,0.0
2025-12-04 00:00:00+05:30,1568.0,1599.0,1568.0,1597.5999755859375,12609619,0.0,0.0
2025-12-05 00:00:00+05:30,1610.0,1631.800048828125,1600.0,1616.199951171875,10344725,0.0,0.0
2025-12-08 00:00:00+05:30,1617.0999755859375,1630.0,1600.199951171875,1610.800048828125,7550413,0.0,0.0
2025-12-09 00:00:00+05:30,1601.199951171875,1606.9000244140625,1582.4000244140625,1599.0,6957599,0.0,0.0
2025-12-10 00:00:00+05:30,1608.0,1608.0,1582.800048828125,1584.800048828125,5116140,0.0,0.0
2025-12-11 00:00:00+05:30,1598.0,1607.4000244140625,1580.5,1598.0,5159319,0.0,0.0
2025-12-12 00:00:00+05:30,1601.4000244140625,1601.800048828125,1582.5999755859375,1598.199951171875,4633912,0.0,0.0
2025-12-15 00:00:00+05:30,1585.0,1610.800048828125,1585.0,1606.800048828125,4190558,0.0,0.0
2025-12-16 00:00:00+05:30,1600.0,1603.0,1585.5999755859375,1592.9000244140625,5499258,0.0,0.0
2025-12-17 00:00:00+05:30,1587.199951171875,1606.9000244140625,1586.0,1602.0,4817628,0.0,0.0
2025-12-18 00:00:00+05:30,1610.5,1630.0,1606.699951171875,1626.800048828125,6577293,0.0,0.0
2025-12-19 00:00:00+05:30,1650.0,1654.9000244140625,1629.800048828125,1638.699951171875,13149023,0.0,0.0
2025-12-22 00:00:00+05:30,1664.0,1693.199951171875,1664.0,1689.5999755859375,23098923,0.0,0.0
2025-12-23 00:00:00+05:30,1679.0,1679.0,1656.4000244140625,1668.300048828125,6593060,0.0,0.0
2025-12-24 00:00:00+05:30,1661.0,1667.5999755859375,1652.5,1663.4000244140625,4271167,0.0,0.0
2025-12-25 00:00:00+05:30,1663.4000244140625,1663.4000244140625,1663.4000244140625,1663.4000244140625,0,0.0,0.0
2025-12-26 00:00:00+05:30,1663.4000244140625,1668.800048828125,1651.699951171875,1656.0999755859375,2006491,0.0,0.0
2025-12-29 00:00:00+05:30,1658.0,1673.0999755859375,1637.0999755859375,1644.699951171875,4062817,0.0,0.0
2025-12-30 00:00:00+05:30,1647.0,1647.9000244140625,1616.800048828125,1621.5999755859375,9395937,0.0,0.0
