Date,Close_Final
2010-01-04 00:00:00+05:30,222.17857360839844
2010-01-05 00:00:00+05:30,222.9226531982422
2010-01-06 00:00:00+05:30,219.66983032226562
2010-01-07 00:00:00+05:30,214.73318481445312
2010-01-08 00:00:00+05:30,209.55844116210938
2010-01-11 00:00:00+05:30,211.72271728515625
2010-01-12 00:00:00+05:30,219.99720764160156
2010-01-13 00:00:00+05:30,228.2079620361328
2010-01-14 00:00:00+05:30,228.7394561767578
2010-01-15 00:00:00+05:30,227.5531768798828
2010-01-18 00:00:00+05:30,228.47586059570312
2010-01-19 00:00:00+05:30,224.1599578857422
2010-01-20 00:00:00+05:30,226.01397705078125
2010-01-21 00:00:00+05:30,223.25003051757812
2010-01-22 00:00:00+05:30,219.031982421875
2010-01-25 00:00:00+05:30,216.20013427734375
2010-01-27 00:00:00+05:30,212.79425048828125
2010-01-28 00:00:00+05:30,211.90133666992188
2010-01-29 00:00:00+05:30,210.51942443847656
2010-02-01 00:00:00+05:30,208.45712280273438
2010-02-02 00:00:00+05:30,207.49615478515625
2010-02-03 00:00:00+05:30,210.3238525390625
2010-02-04 00:00:00+05:30,206.56922912597656
2010-02-05 00:00:00+05:30,200.07630920410156
2010-02-08 00:00:00+05:30,204.4049072265625
2010-02-09 00:00:00+05:30,210.374755859375
2010-02-10 00:00:00+05:30,209.79234313964844
2010-02-11 00:00:00+05:30,212.47113037109375
2010-02-15 00:00:00+05:30,212.48806762695312
2010-02-16 00:00:00+05:30,216.1278839111328
2010-02-17 00:00:00+05:30,214.1888427734375
2010-02-18 00:00:00+05:30,215.46449279785156
2010-02-19 00:00:00+05:30,215.3582763671875
2010-02-22 00:00:00+05:30,218.41552734375
2010-02-23 00:00:00+05:30,219.51678466796875
2010-02-24 00:00:00+05:30,219.09156799316406
2010-02-25 00:00:00+05:30,222.58248901367188
2010-02-26 00:00:00+05:30,221.2728729248047
2010-03-02 00:00:00+05:30,224.5936737060547
2010-03-03 00:00:00+05:30,226.74098205566406
2010-03-04 00:00:00+05:30,223.1310272216797
2010-03-05 00:00:00+05:30,224.14303588867188
2010-03-08 00:00:00+05:30,226.1712188720703
2010-03-09 00:00:00+05:30,228.24623107910156
2010-03-10 00:00:00+05:30,226.14566040039062
2010-03-11 00:00:00+05:30,228.1612091064453
2010-03-12 00:00:00+05:30,227.33631896972656
2010-03-15 00:00:00+05:30,229.71746826171875
2010-03-16 00:00:00+05:30,232.3622283935547
2010-03-17 00:00:00+05:30,232.8682403564453
2010-03-18 00:00:00+05:30,237.06080627441406
2010-03-19 00:00:00+05:30,235.76390075683594
2010-03-22 00:00:00+05:30,234.49249267578125
2010-03-23 00:00:00+05:30,236.03172302246094
2010-03-25 00:00:00+05:30,239.3016357421875
2010-03-26 00:00:00+05:30,235.97650146484375
2010-03-29 00:00:00+05:30,231.02706909179688
2010-03-30 00:00:00+05:30,224.8572998046875
2010-03-31 00:00:00+05:30,222.4634552001953
2010-04-01 00:00:00+05:30,227.0981903076172
2010-04-05 00:00:00+05:30,227.73599243164062
2010-04-06 00:00:00+05:30,225.46539306640625
2010-04-07 00:00:00+05:30,224.82757568359375
2010-04-08 00:00:00+05:30,226.52845764160156
2010-04-09 00:00:00+05:30,227.58717346191406
2010-04-12 00:00:00+05:30,228.17391967773438
2010-04-13 00:00:00+05:30,236.57598876953125
2010-04-15 00:00:00+05:30,238.2512664794922
2010-04-16 00:00:00+05:30,237.14578247070312
2010-04-19 00:00:00+05:30,234.02484130859375
2010-04-20 00:00:00+05:30,231.93275451660156
2010-04-21 00:00:00+05:30,230.669921875
2010-04-22 00:00:00+05:30,231.17588806152344
2010-04-23 00:00:00+05:30,231.90296936035156
2010-04-26 00:00:00+05:30,232.9234619140625
2010-04-27 00:00:00+05:30,232.7959442138672
2010-04-28 00:00:00+05:30,229.56861877441406
2010-04-29 00:00:00+05:30,230.38929748535156
2010-04-30 00:00:00+05:30,232.8553924560547
2010-05-03 00:00:00+05:30,229.17738342285156
2010-05-04 00:00:00+05:30,226.7324981689453
2010-05-05 00:00:00+05:30,229.01585388183594
2010-05-06 00:00:00+05:30,226.05215454101562
2010-05-07 00:00:00+05:30,222.54000854492188
2010-05-10 00:00:00+05:30,227.54461669921875
2010-05-11 00:00:00+05:30,226.27330017089844
2010-05-12 00:00:00+05:30,228.05487060546875
2010-05-13 00:00:00+05:30,230.13414001464844
2010-05-14 00:00:00+05:30,225.5206756591797
2010-05-17 00:00:00+05:30,222.49745178222656
2010-05-18 00:00:00+05:30,223.5902557373047
2010-05-19 00:00:00+05:30,221.3494415283203
2010-05-20 00:00:00+05:30,221.1708526611328
2010-05-21 00:00:00+05:30,219.5550537109375
2010-05-24 00:00:00+05:30,221.1410675048828
2010-05-25 00:00:00+05:30,215.4432373046875
2010-05-26 00:00:00+05:30,224.22470092773438
2010-05-27 00:00:00+05:30,226.13250732421875
2010-05-28 00:00:00+05:30,229.04962158203125
2010-05-31 00:00:00+05:30,227.38565063476562
2010-06-01 00:00:00+05:30,224.50704956054688
2010-06-02 00:00:00+05:30,225.86724853515625
2010-06-03 00:00:00+05:30,230.8076171875
2010-06-04 00:00:00+05:30,233.455322265625
2010-06-07 00:00:00+05:30,228.55343627929688
2010-06-08 00:00:00+05:30,227.08627319335938
2010-06-09 00:00:00+05:30,224.55836486816406
2010-06-10 00:00:00+05:30,226.3206787109375
2010-06-11 00:00:00+05:30,225.0545654296875
2010-06-14 00:00:00+05:30,234.94815063476562
2010-06-15 00:00:00+05:30,233.94725036621094
2010-06-16 00:00:00+05:30,236.91574096679688
2010-06-17 00:00:00+05:30,236.5264892578125
2010-06-18 00:00:00+05:30,238.35289001464844
2010-06-21 00:00:00+05:30,239.60194396972656
2010-06-22 00:00:00+05:30,236.71900939941406
2010-06-23 00:00:00+05:30,239.34104919433594
2010-06-24 00:00:00+05:30,241.47555541992188
2010-06-25 00:00:00+05:30,237.62582397460938
2010-06-28 00:00:00+05:30,240.3034210205078
2010-06-29 00:00:00+05:30,238.98170471191406
2010-06-30 00:00:00+05:30,238.76364135742188
2010-07-01 00:00:00+05:30,236.71470642089844
2010-07-02 00:00:00+05:30,233.331298828125
2010-07-05 00:00:00+05:30,234.69578552246094
2010-07-06 00:00:00+05:30,238.25894165039062
2010-07-07 00:00:00+05:30,237.9723358154297
2010-07-08 00:00:00+05:30,241.9715576171875
2010-07-09 00:00:00+05:30,245.84690856933594
2010-07-12 00:00:00+05:30,247.737548828125
2010-07-13 00:00:00+05:30,239.25547790527344
2010-07-14 00:00:00+05:30,234.64874267578125
2010-07-15 00:00:00+05:30,236.0773468017578
2010-07-16 00:00:00+05:30,237.56590270996094
2010-07-19 00:00:00+05:30,237.00555419921875
2010-07-20 00:00:00+05:30,236.0815887451172
2010-07-21 00:00:00+05:30,237.1082305908203
2010-07-22 00:00:00+05:30,235.6410369873047
2010-07-23 00:00:00+05:30,238.3743438720703
2010-07-26 00:00:00+05:30,239.91415405273438
2010-07-27 00:00:00+05:30,241.99729919433594
2010-07-28 00:00:00+05:30,242.27955627441406
2010-07-29 00:00:00+05:30,242.3694305419922
2010-07-30 00:00:00+05:30,238.54107666015625
2010-08-02 00:00:00+05:30,239.27264404296875
2010-08-03 00:00:00+05:30,238.19041442871094
2010-08-04 00:00:00+05:30,245.9068603515625
2010-08-05 00:00:00+05:30,245.45765686035156
2010-08-06 00:00:00+05:30,244.99142456054688
2010-08-09 00:00:00+05:30,245.9197235107422
2010-08-10 00:00:00+05:30,242.01864624023438
2010-08-11 00:00:00+05:30,240.46595764160156
2010-08-12 00:00:00+05:30,237.19813537597656
2010-08-13 00:00:00+05:30,237.58726501464844
2010-08-16 00:00:00+05:30,236.27415466308594
2010-08-17 00:00:00+05:30,235.29888916015625
2010-08-18 00:00:00+05:30,240.1536865234375
2010-08-19 00:00:00+05:30,239.9270477294922
2010-08-20 00:00:00+05:30,236.93283081054688
2010-08-23 00:00:00+05:30,239.80300903320312
2010-08-24 00:00:00+05:30,236.56068420410156
2010-08-25 00:00:00+05:30,237.04405212402344
2010-08-26 00:00:00+05:30,236.59498596191406
2010-08-27 00:00:00+05:30,231.82568359375
2010-08-30 00:00:00+05:30,231.01719665527344
2010-08-31 00:00:00+05:30,232.16357421875
2010-09-01 00:00:00+05:30,237.49317932128906
2010-09-02 00:00:00+05:30,235.51278686523438
2010-09-03 00:00:00+05:30,237.6043701171875
2010-09-06 00:00:00+05:30,242.24114990234375
2010-09-07 00:00:00+05:30,245.08978271484375
2010-09-08 00:00:00+05:30,246.32589721679688
2010-09-09 00:00:00+05:30,247.6605682373047
2010-09-13 00:00:00+05:30,251.2449493408203
2010-09-14 00:00:00+05:30,254.55567932128906
2010-09-15 00:00:00+05:30,261.1642761230469
2010-09-16 00:00:00+05:30,253.73016357421875
2010-09-17 00:00:00+05:30,254.08941650390625
2010-09-20 00:00:00+05:30,257.3787536621094
2010-09-21 00:00:00+05:30,261.70318603515625
2010-09-22 00:00:00+05:30,257.8663635253906
2010-09-23 00:00:00+05:30,258.60211181640625
2010-09-24 00:00:00+05:30,260.8434753417969
2010-09-27 00:00:00+05:30,259.431884765625
2010-09-28 00:00:00+05:30,258.063232421875
2010-09-29 00:00:00+05:30,259.29931640625
2010-09-30 00:00:00+05:30,260.9632568359375
2010-10-01 00:00:00+05:30,265.3818054199219
2010-10-04 00:00:00+05:30,263.354248046875
2010-10-05 00:00:00+05:30,263.8889465332031
2010-10-06 00:00:00+05:30,265.5229187011719
2010-10-07 00:00:00+05:30,261.2156066894531
2010-10-08 00:00:00+05:30,263.1702575683594
2010-10-11 00:00:00+05:30,263.0121154785156
2010-10-12 00:00:00+05:30,263.07623291015625
2010-10-13 00:00:00+05:30,269.7190246582031
2010-10-14 00:00:00+05:30,272.4906921386719
2010-10-15 00:00:00+05:30,263.1702575683594
2010-10-18 00:00:00+05:30,265.8009033203125
2010-10-19 00:00:00+05:30,257.5156555175781
2010-10-20 00:00:00+05:30,258.2342224121094
2010-10-21 00:00:00+05:30,263.07623291015625
2010-10-22 00:00:00+05:30,264.6974792480469
2010-10-25 00:00:00+05:30,261.7497253417969
2010-10-26 00:00:00+05:30,261.29034423828125
2010-10-27 00:00:00+05:30,258.3729248046875
2010-10-28 00:00:00+05:30,257.5623474121094
2010-10-29 00:00:00+05:30,257.635986328125
2010-11-01 00:00:00+05:30,260.2325439453125
2010-11-02 00:00:00+05:30,262.4346923828125
2010-11-03 00:00:00+05:30,262.20062255859375
2010-11-04 00:00:00+05:30,266.7782287597656
2010-11-08 00:00:00+05:30,261.468017578125
2010-11-09 00:00:00+05:30,265.2740173339844
2010-11-10 00:00:00+05:30,267.2549743652344
2010-11-11 00:00:00+05:30,264.8275451660156
2010-11-12 00:00:00+05:30,259.9031982421875
2010-11-15 00:00:00+05:30,262.69476318359375
2010-11-16 00:00:00+05:30,257.571044921875
2010-11-18 00:00:00+05:30,260.4319763183594
2010-11-19 00:00:00+05:30,256.951171875
2010-11-22 00:00:00+05:30,263.878173828125
2010-11-23 00:00:00+05:30,261.1385498046875
2010-11-24 00:00:00+05:30,259.7341613769531
2010-11-25 00:00:00+05:30,265.66839599609375
2010-11-26 00:00:00+05:30,263.735107421875
2010-11-29 00:00:00+05:30,265.63372802734375
2010-11-30 00:00:00+05:30,264.51104736328125
2010-12-01 00:00:00+05:30,264.6324157714844
2010-12-02 00:00:00+05:30,268.6291809082031
2010-12-03 00:00:00+05:30,270.9266052246094
2010-12-06 00:00:00+05:30,272.5218200683594
2010-12-07 00:00:00+05:30,275.5735168457031
2010-12-08 00:00:00+05:30,271.4598083496094
2010-12-09 00:00:00+05:30,273.2197265625
2010-12-10 00:00:00+05:30,272.5954895019531
2010-12-13 00:00:00+05:30,272.6864929199219
2010-12-14 00:00:00+05:30,273.8439025878906
2010-12-15 00:00:00+05:30,277.72796630859375
2010-12-16 00:00:00+05:30,285.51763916015625
2010-12-20 00:00:00+05:30,290.4290466308594
2010-12-21 00:00:00+05:30,288.6343994140625
2010-12-22 00:00:00+05:30,288.9161682128906
2010-12-23 00:00:00+05:30,291.9851989746094
2010-12-24 00:00:00+05:30,292.1802673339844
2010-12-27 00:00:00+05:30,292.7654113769531
2010-12-28 00:00:00+05:30,293.2639465332031
2010-12-29 00:00:00+05:30,295.19305419921875
2010-12-30 00:00:00+05:30,298.8385314941406
2010-12-31 00:00:00+05:30,298.4745178222656
2011-01-03 00:00:00+05:30,299.82684326171875
2011-01-04 00:00:00+05:30,301.8296203613281
2011-01-05 00:00:00+05:30,299.9352111816406
2011-01-06 00:00:00+05:30,301.54351806640625
2011-01-07 00:00:00+05:30,292.2322692871094
2011-01-10 00:00:00+05:30,294.3996887207031
2011-01-11 00:00:00+05:30,288.3265380859375
2011-01-12 00:00:00+05:30,292.8000793457031
2011-01-13 00:00:00+05:30,277.8796691894531
2011-01-14 00:00:00+05:30,277.8016052246094
2011-01-17 00:00:00+05:30,283.3936462402344
2011-01-18 00:00:00+05:30,288.0924987792969
2011-01-19 00:00:00+05:30,281.72900390625
2011-01-20 00:00:00+05:30,285.7430725097656
2011-01-21 00:00:00+05:30,281.2304382324219
2011-01-24 00:00:00+05:30,284.7677001953125
2011-01-25 00:00:00+05:30,282.60028076171875
2011-01-27 00:00:00+05:30,277.16009521484375
2011-01-28 00:00:00+05:30,274.6675720214844
2011-01-31 00:00:00+05:30,270.2936706542969
2011-02-01 00:00:00+05:30,267.82281494140625
2011-02-02 00:00:00+05:30,267.8271789550781
2011-02-03 00:00:00+05:30,270.2850646972656
2011-02-04 00:00:00+05:30,264.2423095703125
2011-02-07 00:00:00+05:30,267.6711120605469
2011-02-08 00:00:00+05:30,268.4644775390625
2011-02-09 00:00:00+05:30,271.4208068847656
2011-02-10 00:00:00+05:30,264.7018127441406
2011-02-11 00:00:00+05:30,263.6311340332031
2011-02-14 00:00:00+05:30,269.1536560058594
2011-02-15 00:00:00+05:30,269.32708740234375
2011-02-16 00:00:00+05:30,269.019287109375
2011-02-17 00:00:00+05:30,269.91656494140625
2011-02-18 00:00:00+05:30,268.7852478027344
2011-02-21 00:00:00+05:30,274.4161682128906
2011-02-22 00:00:00+05:30,272.387451171875
2011-02-23 00:00:00+05:30,266.921142578125
2011-02-24 00:00:00+05:30,260.85247802734375
2011-02-25 00:00:00+05:30,260.722412109375
2011-02-28 00:00:00+05:30,259.8381652832031
2011-03-01 00:00:00+05:30,267.2333068847656
2011-03-03 00:00:00+05:30,262.352294921875
2011-03-04 00:00:00+05:30,265.4820556640625
2011-03-07 00:00:00+05:30,263.7914733886719
2011-03-08 00:00:00+05:30,270.1722717285156
2011-03-09 00:00:00+05:30,268.3690490722656
2011-03-10 00:00:00+05:30,267.9138488769531
2011-03-11 00:00:00+05:30,264.7624816894531
2011-03-14 00:00:00+05:30,268.82855224609375
2011-03-15 00:00:00+05:30,262.7033996582031
2011-03-16 00:00:00+05:30,262.76849365234375
2011-03-17 00:00:00+05:30,258.2427978515625
2011-03-18 00:00:00+05:30,254.98306274414062
2011-03-21 00:00:00+05:30,253.3532257080078
2011-03-22 00:00:00+05:30,255.15225219726562
2011-03-23 00:00:00+05:30,259.5130615234375
2011-03-24 00:00:00+05:30,260.3323059082031
2011-03-25 00:00:00+05:30,274.2254638671875
2011-03-28 00:00:00+05:30,272.1880187988281
2011-03-29 00:00:00+05:30,275.1183776855469
2011-03-30 00:00:00+05:30,274.906005859375
2011-03-31 00:00:00+05:30,281.00946044921875
2011-04-01 00:00:00+05:30,279.0023498535156
2011-04-04 00:00:00+05:30,284.63763427734375
2011-04-05 00:00:00+05:30,284.6463623046875
2011-04-06 00:00:00+05:30,283.9441223144531
2011-04-07 00:00:00+05:30,281.4082336425781
2011-04-08 00:00:00+05:30,279.795654296875
2011-04-11 00:00:00+05:30,281.0353698730469
2011-04-13 00:00:00+05:30,286.6360778808594
2011-04-15 00:00:00+05:30,259.17919921875
2011-04-18 00:00:00+05:30,251.94871520996094
2011-04-19 00:00:00+05:30,250.3231201171875
2011-04-20 00:00:00+05:30,252.05274963378906
2011-04-21 00:00:00+05:30,252.28684997558594
2011-04-25 00:00:00+05:30,255.00051879882812
2011-04-26 00:00:00+05:30,255.09144592285156
2011-04-27 00:00:00+05:30,256.0277404785156
2011-04-28 00:00:00+05:30,253.94708251953125
2011-04-29 00:00:00+05:30,251.9617156982422
2011-05-02 00:00:00+05:30,253.37489318847656
2011-05-03 00:00:00+05:30,252.37789916992188
2011-05-04 00:00:00+05:30,248.79730224609375
2011-05-05 00:00:00+05:30,246.95498657226562
2011-05-06 00:00:00+05:30,250.81307983398438
2011-05-09 00:00:00+05:30,252.1610870361328
2011-05-10 00:00:00+05:30,249.69024658203125
2011-05-11 00:00:00+05:30,251.94436645507812
2011-05-12 00:00:00+05:30,249.7943878173828
2011-05-13 00:00:00+05:30,249.5428924560547
2011-05-16 00:00:00+05:30,247.1197509765625
2011-05-17 00:00:00+05:30,246.57785034179688
2011-05-18 00:00:00+05:30,246.434814453125
2011-05-19 00:00:00+05:30,246.77737426757812
2011-05-20 00:00:00+05:30,247.0720672607422
2011-05-23 00:00:00+05:30,245.96234130859375
2011-05-24 00:00:00+05:30,246.6082000732422
2011-05-25 00:00:00+05:30,241.76625061035156
2011-05-26 00:00:00+05:30,242.4561309814453
2011-05-27 00:00:00+05:30,243.41226196289062
2011-05-30 00:00:00+05:30,242.8097686767578
2011-05-31 00:00:00+05:30,243.25074768066406
2011-06-01 00:00:00+05:30,245.51239013671875
2011-06-02 00:00:00+05:30,244.7701416015625
2011-06-03 00:00:00+05:30,245.91842651367188
2011-06-06 00:00:00+05:30,247.81333923339844
2011-06-07 00:00:00+05:30,252.5855255126953
2011-06-08 00:00:00+05:30,250.76487731933594
2011-06-09 00:00:00+05:30,249.8741455078125
2011-06-10 00:00:00+05:30,249.9483642578125
2011-06-13 00:00:00+05:30,251.2800750732422
2011-06-14 00:00:00+05:30,250.8172607421875
2011-06-15 00:00:00+05:30,247.6125946044922
2011-06-16 00:00:00+05:30,244.52996826171875
2011-06-17 00:00:00+05:30,241.8535919189453
2011-06-20 00:00:00+05:30,236.60543823242188
2011-06-21 00:00:00+05:30,238.14234924316406
2011-06-22 00:00:00+05:30,240.5786590576172
2011-06-23 00:00:00+05:30,242.67877197265625
2011-06-24 00:00:00+05:30,249.73870849609375
2011-06-27 00:00:00+05:30,250.7081298828125
2011-06-28 00:00:00+05:30,250.20603942871094
2011-06-29 00:00:00+05:30,251.6423797607422
2011-06-30 00:00:00+05:30,254.14859008789062
2011-07-01 00:00:00+05:30,256.2181701660156
2011-07-04 00:00:00+05:30,256.6372985839844
2011-07-05 00:00:00+05:30,258.1654357910156
2011-07-06 00:00:00+05:30,257.92529296875
2011-07-07 00:00:00+05:30,261.5928649902344
2011-07-08 00:00:00+05:30,259.9206848144531
2011-07-11 00:00:00+05:30,255.08294677734375
2011-07-12 00:00:00+05:30,243.76588439941406
2011-07-13 00:00:00+05:30,242.52159118652344
2011-07-14 00:00:00+05:30,239.294921875
2011-07-15 00:00:00+05:30,238.5091094970703
2011-07-18 00:00:00+05:30,236.94161987304688
2011-07-19 00:00:00+05:30,240.18130493164062
2011-07-20 00:00:00+05:30,240.35154724121094
2011-07-21 00:00:00+05:30,241.71824645996094
2011-07-22 00:00:00+05:30,246.97064208984375
2011-07-25 00:00:00+05:30,245.18055725097656
2011-07-26 00:00:00+05:30,244.66098022460938
2011-07-27 00:00:00+05:30,244.21119689941406
2011-07-28 00:00:00+05:30,240.23373413085938
2011-07-29 00:00:00+05:30,242.39927673339844
2011-08-01 00:00:00+05:30,245.8223876953125
2011-08-02 00:00:00+05:30,240.22068786621094
2011-08-03 00:00:00+05:30,238.61822509765625
2011-08-04 00:00:00+05:30,236.57049560546875
2011-08-05 00:00:00+05:30,226.27081298828125
2011-08-08 00:00:00+05:30,215.73097229003906
2011-08-09 00:00:00+05:30,207.35232543945312
2011-08-10 00:00:00+05:30,213.68756103515625
2011-08-11 00:00:00+05:30,213.12001037597656
2011-08-12 00:00:00+05:30,207.40908813476562
2011-08-16 00:00:00+05:30,209.51356506347656
2011-08-17 00:00:00+05:30,213.84909057617188
2011-08-18 00:00:00+05:30,205.5665740966797
2011-08-19 00:00:00+05:30,194.2670440673828
2011-08-22 00:00:00+05:30,191.63858032226562
2011-08-23 00:00:00+05:30,198.82957458496094
2011-08-24 00:00:00+05:30,196.5548858642578
2011-08-25 00:00:00+05:30,190.66053771972656
2011-08-26 00:00:00+05:30,192.3328094482422
2011-08-29 00:00:00+05:30,200.5149688720703
2011-08-30 00:00:00+05:30,204.59295654296875
2011-09-02 00:00:00+05:30,202.5189971923828
2011-09-05 00:00:00+05:30,197.7948760986328
2011-09-06 00:00:00+05:30,201.06504821777344
2011-09-07 00:00:00+05:30,200.09580993652344
2011-09-08 00:00:00+05:30,204.199951171875
2011-09-09 00:00:00+05:30,198.5982208251953
2011-09-12 00:00:00+05:30,191.97474670410156
2011-09-13 00:00:00+05:30,194.03562927246094
2011-09-14 00:00:00+05:30,205.35256958007812
2011-09-15 00:00:00+05:30,210.43914794921875
2011-09-16 00:00:00+05:30,209.1511993408203
2011-09-19 00:00:00+05:30,206.31321716308594
2011-09-20 00:00:00+05:30,212.76632690429688
2011-09-21 00:00:00+05:30,212.68772888183594
2011-09-22 00:00:00+05:30,205.435546875
2011-09-23 00:00:00+05:30,204.23052978515625
2011-09-26 00:00:00+05:30,205.6451873779297
2011-09-27 00:00:00+05:30,213.42999267578125
2011-09-28 00:00:00+05:30,215.7091522216797
2011-09-29 00:00:00+05:30,222.7691192626953
2011-09-30 00:00:00+05:30,221.19302368164062
2011-10-03 00:00:00+05:30,216.20248413085938
2011-10-04 00:00:00+05:30,212.9365997314453
2011-10-05 00:00:00+05:30,213.67449951171875
2011-10-07 00:00:00+05:30,219.0666961669922
2011-10-10 00:00:00+05:30,226.1616668701172
2011-10-11 00:00:00+05:30,218.7042999267578
2011-10-12 00:00:00+05:30,233.96826171875
2011-10-13 00:00:00+05:30,235.48333740234375
2011-10-14 00:00:00+05:30,239.59194946289062
2011-10-17 00:00:00+05:30,239.83641052246094
2011-10-18 00:00:00+05:30,235.90689086914062
2011-10-19 00:00:00+05:30,238.1947479248047
2011-10-20 00:00:00+05:30,241.25035095214844
2011-10-21 00:00:00+05:30,239.06390380859375
2011-10-24 00:00:00+05:30,242.9845428466797
2011-10-25 00:00:00+05:30,251.00997924804688
2011-10-28 00:00:00+05:30,251.005615234375
2011-10-31 00:00:00+05:30,252.66506958007812
2011-11-01 00:00:00+05:30,249.0694580078125
2011-11-02 00:00:00+05:30,248.8762969970703
2011-11-03 00:00:00+05:30,246.0401611328125
2011-11-04 00:00:00+05:30,248.13436889648438
2011-11-08 00:00:00+05:30,249.55239868164062
2011-11-09 00:00:00+05:30,248.95529174804688
2011-11-11 00:00:00+05:30,243.72206115722656
2011-11-14 00:00:00+05:30,246.62847900390625
2011-11-15 00:00:00+05:30,245.70654296875
2011-11-16 00:00:00+05:30,243.95045471191406
2011-11-17 00:00:00+05:30,241.77285766601562
2011-11-18 00:00:00+05:30,240.65771484375
2011-11-21 00:00:00+05:30,234.44981384277344
2011-11-22 00:00:00+05:30,239.18252563476562
2011-11-23 00:00:00+05:30,232.9175567626953
2011-11-24 00:00:00+05:30,234.10739135742188
2011-11-25 00:00:00+05:30,228.26832580566406
2011-11-28 00:00:00+05:30,231.4688262939453
2011-11-29 00:00:00+05:30,228.1146240234375
2011-11-30 00:00:00+05:30,228.89613342285156
2011-12-01 00:00:00+05:30,233.1547088623047
2011-12-02 00:00:00+05:30,236.5615234375
2011-12-05 00:00:00+05:30,237.1761932373047
2011-12-07 00:00:00+05:30,242.25135803222656
2011-12-08 00:00:00+05:30,239.13429260253906
2011-12-09 00:00:00+05:30,237.97958374023438
2011-12-12 00:00:00+05:30,240.609375
2011-12-13 00:00:00+05:30,241.65867614746094
2011-12-14 00:00:00+05:30,240.609375
2011-12-15 00:00:00+05:30,238.51087951660156
2011-12-16 00:00:00+05:30,239.2264404296875
2011-12-19 00:00:00+05:30,235.0029754638672
2011-12-20 00:00:00+05:30,234.33128356933594
2011-12-21 00:00:00+05:30,240.85081481933594
2011-12-22 00:00:00+05:30,238.9059600830078
2011-12-23 00:00:00+05:30,236.61416625976562
2011-12-26 00:00:00+05:30,243.7353057861328
2011-12-27 00:00:00+05:30,242.290771484375
2011-12-28 00:00:00+05:30,244.27528381347656
2011-12-29 00:00:00+05:30,240.77186584472656
2011-12-30 00:00:00+05:30,243.01527404785156
2012-01-02 00:00:00+05:30,246.64163208007812
2012-01-03 00:00:00+05:30,251.50161743164062
2012-01-04 00:00:00+05:30,250.63233947753906
2012-01-05 00:00:00+05:30,249.3811492919922
2012-01-06 00:00:00+05:30,248.67874145507812
2012-01-09 00:00:00+05:30,249.06503295898438
2012-01-10 00:00:00+05:30,251.4402618408203
2012-01-11 00:00:00+05:30,248.1914520263672
2012-01-12 00:00:00+05:30,227.26287841796875
2012-01-13 00:00:00+05:30,226.90733337402344
2012-01-16 00:00:00+05:30,231.8200225830078
2012-01-17 00:00:00+05:30,233.74298095703125
2012-01-18 00:00:00+05:30,229.35272216796875
2012-01-19 00:00:00+05:30,227.82928466796875
2012-01-20 00:00:00+05:30,227.31129455566406
2012-01-23 00:00:00+05:30,228.3209991455078
2012-01-24 00:00:00+05:30,230.1210174560547
2012-01-25 00:00:00+05:30,234.07225036621094
2012-01-27 00:00:00+05:30,239.27035522460938
2012-01-30 00:00:00+05:30,238.15525817871094
2012-01-31 00:00:00+05:30,241.1143341064453
2012-02-01 00:00:00+05:30,240.8245391845703
2012-02-02 00:00:00+05:30,242.08010864257812
2012-02-03 00:00:00+05:30,244.385009765625
2012-02-06 00:00:00+05:30,243.84507751464844
2012-02-07 00:00:00+05:30,239.48988342285156
2012-02-08 00:00:00+05:30,243.14695739746094
2012-02-09 00:00:00+05:30,246.72506713867188
2012-02-10 00:00:00+05:30,245.0128173828125
2012-02-13 00:00:00+05:30,244.8372344970703
2012-02-14 00:00:00+05:30,245.9479522705078
2012-02-15 00:00:00+05:30,251.4840850830078
2012-02-16 00:00:00+05:30,255.42225646972656
2012-02-17 00:00:00+05:30,258.8335266113281
2012-02-21 00:00:00+05:30,257.9949035644531
2012-02-22 00:00:00+05:30,259.22418212890625
2012-02-23 00:00:00+05:30,257.5470275878906
2012-02-24 00:00:00+05:30,258.8553771972656
2012-02-27 00:00:00+05:30,253.17434692382812
2012-02-28 00:00:00+05:30,252.21282958984375
2012-02-29 00:00:00+05:30,253.18316650390625
2012-03-01 00:00:00+05:30,250.82997131347656
2012-03-02 00:00:00+05:30,249.8684844970703
2012-03-03 00:00:00+05:30,155.2978973388672
2012-03-05 00:00:00+05:30,246.72061157226562
2012-03-06 00:00:00+05:30,250.461181640625
2012-03-07 00:00:00+05:30,253.21829223632812
2012-03-09 00:00:00+05:30,250.71145629882812
2012-03-12 00:00:00+05:30,247.38363647460938
2012-03-13 00:00:00+05:30,251.10650634765625
2012-03-14 00:00:00+05:30,252.77928161621094
2012-03-15 00:00:00+05:30,253.04705810546875
2012-03-16 00:00:00+05:30,251.5587158203125
2012-03-19 00:00:00+05:30,249.14849853515625
2012-03-20 00:00:00+05:30,248.6085662841797
2012-03-21 00:00:00+05:30,251.7651824951172
2012-03-22 00:00:00+05:30,248.3406524658203
2012-03-23 00:00:00+05:30,252.23927307128906
2012-03-26 00:00:00+05:30,248.55575561523438
2012-03-27 00:00:00+05:30,252.5201873779297
2012-03-28 00:00:00+05:30,249.64015197753906
2012-03-29 00:00:00+05:30,245.15333557128906
2012-03-30 00:00:00+05:30,251.6773223876953
2012-04-02 00:00:00+05:30,250.26364135742188
2012-04-03 00:00:00+05:30,250.98793029785156
2012-04-04 00:00:00+05:30,250.34263610839844
2012-04-09 00:00:00+05:30,247.85330200195312
2012-04-10 00:00:00+05:30,243.3444061279297
2012-04-11 00:00:00+05:30,246.24209594726562
2012-04-12 00:00:00+05:30,241.52249145507812
2012-04-13 00:00:00+05:30,210.95745849609375
2012-04-16 00:00:00+05:30,207.62078857421875
2012-04-17 00:00:00+05:30,209.0388641357422
2012-04-18 00:00:00+05:30,208.20912170410156
2012-04-19 00:00:00+05:30,211.20767211914062
2012-04-20 00:00:00+05:30,211.38328552246094
2012-04-23 00:00:00+05:30,202.91004943847656
2012-04-24 00:00:00+05:30,206.30377197265625
2012-04-25 00:00:00+05:30,206.3388671875
2012-04-26 00:00:00+05:30,206.8876190185547
2012-04-27 00:00:00+05:30,209.94326782226562
2012-04-30 00:00:00+05:30,216.186279296875
2012-05-02 00:00:00+05:30,217.0555419921875
2012-05-03 00:00:00+05:30,218.01260375976562
2012-05-04 00:00:00+05:30,214.4169464111328
2012-05-07 00:00:00+05:30,214.0351104736328
2012-05-08 00:00:00+05:30,210.19790649414062
2012-05-09 00:00:00+05:30,207.77005004882812
2012-05-10 00:00:00+05:30,205.8339385986328
2012-05-11 00:00:00+05:30,202.94517517089844
2012-05-14 00:00:00+05:30,205.3730010986328
2012-05-15 00:00:00+05:30,212.0681610107422
2012-05-16 00:00:00+05:30,207.96322631835938
2012-05-17 00:00:00+05:30,208.1476593017578
2012-05-18 00:00:00+05:30,209.2276611328125
2012-05-21 00:00:00+05:30,205.50466918945312
2012-05-22 00:00:00+05:30,205.5618133544922
2012-05-23 00:00:00+05:30,206.1852264404297
2012-05-24 00:00:00+05:30,211.93582153320312
2012-05-25 00:00:00+05:30,211.2281036376953
2012-05-28 00:00:00+05:30,212.38096618652344
2012-05-29 00:00:00+05:30,214.4906005859375
2012-05-30 00:00:00+05:30,216.52029418945312
2012-05-31 00:00:00+05:30,216.25765991210938
2012-06-01 00:00:00+05:30,212.68360900878906
2012-06-04 00:00:00+05:30,212.36312866210938
2012-06-05 00:00:00+05:30,212.6524200439453
2012-06-06 00:00:00+05:30,215.02474975585938
2012-06-07 00:00:00+05:30,218.35848999023438
2012-06-08 00:00:00+05:30,215.35858154296875
2012-06-11 00:00:00+05:30,215.9282989501953
2012-06-12 00:00:00+05:30,218.81251525878906
2012-06-13 00:00:00+05:30,219.8852081298828
2012-06-14 00:00:00+05:30,222.39549255371094
2012-06-15 00:00:00+05:30,224.55419921875
2012-06-18 00:00:00+05:30,223.58831787109375
2012-06-19 00:00:00+05:30,220.49940490722656
2012-06-20 00:00:00+05:30,219.8852081298828
2012-06-21 00:00:00+05:30,221.7723846435547
2012-06-22 00:00:00+05:30,220.2724151611328
2012-06-25 00:00:00+05:30,219.7115020751953
2012-06-26 00:00:00+05:30,217.2412567138672
2012-06-27 00:00:00+05:30,219.7071075439453
2012-06-28 00:00:00+05:30,220.17002868652344
2012-06-29 00:00:00+05:30,223.36582946777344
2012-07-02 00:00:00+05:30,222.493408203125
2012-07-03 00:00:00+05:30,221.70558166503906
2012-07-04 00:00:00+05:30,220.7130126953125
2012-07-05 00:00:00+05:30,220.78875732421875
2012-07-06 00:00:00+05:30,217.61965942382812
2012-07-09 00:00:00+05:30,217.02317810058594
2012-07-10 00:00:00+05:30,218.93264770507812
2012-07-11 00:00:00+05:30,219.9652862548828
2012-07-12 00:00:00+05:30,201.57400512695312
2012-07-13 00:00:00+05:30,198.49398803710938
2012-07-16 00:00:00+05:30,193.28636169433594
2012-07-17 00:00:00+05:30,193.2819366455078
2012-07-18 00:00:00+05:30,193.96290588378906
2012-07-19 00:00:00+05:30,199.8648223876953
2012-07-20 00:00:00+05:30,197.5103302001953
2012-07-23 00:00:00+05:30,194.8708953857422
2012-07-24 00:00:00+05:30,193.0504913330078
2012-07-25 00:00:00+05:30,193.0415496826172
2012-07-26 00:00:00+05:30,189.05796813964844
2012-07-27 00:00:00+05:30,191.2700958251953
2012-07-30 00:00:00+05:30,196.70472717285156
2012-07-31 00:00:00+05:30,198.2402801513672
2012-08-01 00:00:00+05:30,197.4925537109375
2012-08-02 00:00:00+05:30,196.35305786132812
2012-08-03 00:00:00+05:30,196.59786987304688
2012-08-06 00:00:00+05:30,197.33673095703125
2012-08-07 00:00:00+05:30,200.5859375
2012-08-08 00:00:00+05:30,203.28323364257812
2012-08-09 00:00:00+05:30,203.14523315429688
2012-08-10 00:00:00+05:30,205.9048309326172
2012-08-13 00:00:00+05:30,206.53240966796875
2012-08-14 00:00:00+05:30,207.3557586669922
2012-08-16 00:00:00+05:30,206.118408203125
2012-08-17 00:00:00+05:30,209.2874755859375
2012-08-21 00:00:00+05:30,214.44613647460938
2012-08-22 00:00:00+05:30,216.63597106933594
2012-08-23 00:00:00+05:30,220.51719665527344
2012-08-24 00:00:00+05:30,217.63302612304688
2012-08-27 00:00:00+05:30,214.70431518554688
2012-08-28 00:00:00+05:30,215.52772521972656
2012-08-29 00:00:00+05:30,212.603515625
2012-08-30 00:00:00+05:30,212.99520874023438
2012-08-31 00:00:00+05:30,210.23109436035156
2012-09-03 00:00:00+05:30,210.53822326660156
2012-09-04 00:00:00+05:30,210.15542602539062
2012-09-05 00:00:00+05:30,208.25486755371094
2012-09-06 00:00:00+05:30,215.6033477783203
2012-09-07 00:00:00+05:30,221.41184997558594
2012-09-08 00:00:00+05:30,152.1421661376953
2012-09-10 00:00:00+05:30,223.64630126953125
2012-09-11 00:00:00+05:30,225.17288208007812
2012-09-12 00:00:00+05:30,226.0808868408203
2012-09-13 00:00:00+05:30,227.44735717773438
2012-09-14 00:00:00+05:30,234.3062286376953
2012-09-17 00:00:00+05:30,228.28851318359375
2012-09-18 00:00:00+05:30,231.51995849609375
2012-09-20 00:00:00+05:30,232.9797821044922
2012-09-21 00:00:00+05:30,230.85227966308594
2012-09-24 00:00:00+05:30,231.46209716796875
2012-09-25 00:00:00+05:30,231.2751007080078
2012-09-26 00:00:00+05:30,230.49623107910156
2012-09-27 00:00:00+05:30,226.9398956298828
2012-09-28 00:00:00+05:30,225.6580352783203
2012-10-01 00:00:00+05:30,232.30770874023438
2012-10-03 00:00:00+05:30,229.51255798339844
2012-10-04 00:00:00+05:30,229.28106689453125
2012-10-05 00:00:00+05:30,224.93695068359375
2012-10-08 00:00:00+05:30,221.49635314941406
2012-10-09 00:00:00+05:30,225.7737579345703
2012-10-10 00:00:00+05:30,222.91624450683594
2012-10-11 00:00:00+05:30,225.50225830078125
2012-10-12 00:00:00+05:30,213.23101806640625
2012-10-15 00:00:00+05:30,210.5826873779297
2012-10-16 00:00:00+05:30,209.70147705078125
2012-10-17 00:00:00+05:30,210.9877166748047
2012-10-18 00:00:00+05:30,212.9989776611328
2012-10-19 00:00:00+05:30,213.51405334472656
2012-10-22 00:00:00+05:30,213.7111358642578
2012-10-23 00:00:00+05:30,210.80410766601562
2012-10-25 00:00:00+05:30,210.05606079101562
2012-10-29 00:00:00+05:30,209.22740173339844
2012-10-30 00:00:00+05:30,211.2744140625
2012-10-31 00:00:00+05:30,211.69102478027344
2012-11-01 00:00:00+05:30,211.83880615234375
2012-11-02 00:00:00+05:30,213.9396209716797
2012-11-05 00:00:00+05:30,213.07510375976562
2012-11-06 00:00:00+05:30,213.36172485351562
2012-11-07 00:00:00+05:30,215.39984130859375
2012-11-08 00:00:00+05:30,212.7928924560547
2012-11-09 00:00:00+05:30,210.40989685058594
2012-11-12 00:00:00+05:30,211.3282012939453
2012-11-15 00:00:00+05:30,205.7156219482422
2012-11-16 00:00:00+05:30,209.9306182861328
2012-11-19 00:00:00+05:30,211.29234313964844
2012-11-20 00:00:00+05:30,208.2643280029297
2012-11-21 00:00:00+05:30,210.51296997070312
2012-11-22 00:00:00+05:30,213.4468536376953
2012-11-23 00:00:00+05:30,212.99449157714844
2012-11-26 00:00:00+05:30,216.5643768310547
2012-11-27 00:00:00+05:30,221.33493041992188
2012-11-29 00:00:00+05:30,219.0594482421875
2012-11-30 00:00:00+05:30,218.30690002441406
2012-12-03 00:00:00+05:30,218.51295471191406
2012-12-04 00:00:00+05:30,218.36061096191406
2012-12-05 00:00:00+05:30,213.43792724609375
2012-12-06 00:00:00+05:30,209.47821044921875
2012-12-07 00:00:00+05:30,207.94178771972656
2012-12-10 00:00:00+05:30,207.26101684570312
2012-12-11 00:00:00+05:30,205.5140838623047
2012-12-12 00:00:00+05:30,205.8500213623047
2012-12-13 00:00:00+05:30,204.5734405517578
2012-12-14 00:00:00+05:30,204.14785766601562
2012-12-17 00:00:00+05:30,203.02357482910156
2012-12-18 00:00:00+05:30,203.44911193847656
2012-12-19 00:00:00+05:30,205.7021942138672
2012-12-20 00:00:00+05:30,206.01126098632812
2012-12-21 00:00:00+05:30,205.76495361328125
2012-12-24 00:00:00+05:30,208.0448455810547
2012-12-26 00:00:00+05:30,207.4132843017578
2012-12-27 00:00:00+05:30,204.94967651367188
2012-12-28 00:00:00+05:30,208.12550354003906
2012-12-31 00:00:00+05:30,207.7223663330078
2013-01-01 00:00:00+05:30,206.83995056152344
2013-01-02 00:00:00+05:30,206.87130737304688
2013-01-03 00:00:00+05:30,209.44236755371094
2013-01-04 00:00:00+05:30,210.48611450195312
2013-01-07 00:00:00+05:30,212.74813842773438
2013-01-08 00:00:00+05:30,209.9888458251953
2013-01-09 00:00:00+05:30,208.82424926757812
2013-01-10 00:00:00+05:30,208.0448455810547
2013-01-11 00:00:00+05:30,242.96533203125
2013-01-14 00:00:00+05:30,251.42218017578125
2013-01-15 00:00:00+05:30,249.6798553466797
2013-01-16 00:00:00+05:30,247.92393493652344
2013-01-17 00:00:00+05:30,250.65625
2013-01-18 00:00:00+05:30,249.76939392089844
2013-01-21 00:00:00+05:30,250.50848388671875
2013-01-22 00:00:00+05:30,249.36624145507812
2013-01-23 00:00:00+05:30,249.90823364257812
2013-01-24 00:00:00+05:30,250.67869567871094
2013-01-25 00:00:00+05:30,252.15243530273438
2013-01-28 00:00:00+05:30,251.79408264160156
2013-01-29 00:00:00+05:30,250.75039672851562
2013-01-30 00:00:00+05:30,250.00238037109375
2013-01-31 00:00:00+05:30,249.89932250976562
2013-02-01 00:00:00+05:30,248.2374267578125
2013-02-04 00:00:00+05:30,247.93731689453125
2013-02-05 00:00:00+05:30,246.8892059326172
2013-02-06 00:00:00+05:30,248.68992614746094
2013-02-07 00:00:00+05:30,249.89932250976562
2013-02-08 00:00:00+05:30,249.89479064941406
2013-02-11 00:00:00+05:30,250.1277313232422
2013-02-12 00:00:00+05:30,246.8310089111328
2013-02-13 00:00:00+05:30,249.90377807617188
2013-02-14 00:00:00+05:30,251.982177734375
2013-02-15 00:00:00+05:30,249.81863403320312
2013-02-18 00:00:00+05:30,249.05728149414062
2013-02-19 00:00:00+05:30,252.67198181152344
2013-02-20 00:00:00+05:30,252.5823974609375
2013-02-21 00:00:00+05:30,251.5386962890625
2013-02-22 00:00:00+05:30,254.4727020263672
2013-02-25 00:00:00+05:30,261.3931579589844
2013-02-26 00:00:00+05:30,265.1557312011719
2013-02-27 00:00:00+05:30,260.74365234375
2013-02-28 00:00:00+05:30,260.42559814453125
2013-03-01 00:00:00+05:30,261.0346984863281
2013-03-04 00:00:00+05:30,260.1076965332031
2013-03-05 00:00:00+05:30,261.7066345214844
2013-03-06 00:00:00+05:30,266.0784912109375
2013-03-07 00:00:00+05:30,269.14678955078125
2013-03-08 00:00:00+05:30,266.0919189453125
2013-03-11 00:00:00+05:30,263.8970642089844
2013-03-12 00:00:00+05:30,261.4200134277344
2013-03-13 00:00:00+05:30,256.52410888671875
2013-03-14 00:00:00+05:30,257.478271484375
2013-03-15 00:00:00+05:30,257.85003662109375
2013-03-18 00:00:00+05:30,256.2821960449219
2013-03-19 00:00:00+05:30,255.85670471191406
2013-03-20 00:00:00+05:30,256.72125244140625
2013-03-21 00:00:00+05:30,257.36181640625
2013-03-22 00:00:00+05:30,256.501708984375
2013-03-25 00:00:00+05:30,255.56565856933594
2013-03-26 00:00:00+05:30,255.72682189941406
2013-03-28 00:00:00+05:30,258.844482421875
2013-04-01 00:00:00+05:30,263.7581481933594
2013-04-02 00:00:00+05:30,265.9844665527344
2013-04-03 00:00:00+05:30,265.9307556152344
2013-04-04 00:00:00+05:30,258.0113220214844
2013-04-05 00:00:00+05:30,256.73919677734375
2013-04-08 00:00:00+05:30,253.69772338867188
2013-04-09 00:00:00+05:30,247.8253631591797
2013-04-10 00:00:00+05:30,252.24197387695312
2013-04-11 00:00:00+05:30,261.294677734375
2013-04-12 00:00:00+05:30,205.7469940185547
2013-04-15 00:00:00+05:30,209.54542541503906
2013-04-16 00:00:00+05:30,205.71115112304688
2013-04-17 00:00:00+05:30,204.60025024414062
2013-04-18 00:00:00+05:30,205.66184997558594
2013-04-22 00:00:00+05:30,201.07962036132812
2013-04-23 00:00:00+05:30,202.6652374267578
2013-04-25 00:00:00+05:30,199.57008361816406
2013-04-26 00:00:00+05:30,198.16360473632812
2013-04-29 00:00:00+05:30,199.7134552001953
2013-04-30 00:00:00+05:30,200.26434326171875
2013-05-02 00:00:00+05:30,204.85556030273438
2013-05-03 00:00:00+05:30,206.75929260253906
2013-05-06 00:00:00+05:30,209.72909545898438
2013-05-07 00:00:00+05:30,210.4188690185547
2013-05-08 00:00:00+05:30,210.58460998535156
2013-05-09 00:00:00+05:30,211.54762268066406
2013-05-10 00:00:00+05:30,212.4569854736328
2013-05-13 00:00:00+05:30,209.59471130371094
2013-05-14 00:00:00+05:30,210.53085327148438
2013-05-15 00:00:00+05:30,211.46255493164062
2013-05-16 00:00:00+05:30,208.9675750732422
2013-05-17 00:00:00+05:30,210.6831512451172
2013-05-20 00:00:00+05:30,212.50173950195312
2013-05-21 00:00:00+05:30,214.79067993164062
2013-05-22 00:00:00+05:30,213.68878173828125
2013-05-23 00:00:00+05:30,211.40882873535156
2013-05-24 00:00:00+05:30,210.33827209472656
2013-05-27 00:00:00+05:30,212.5600128173828
2013-05-28 00:00:00+05:30,211.97767639160156
2013-05-29 00:00:00+05:30,210.74134826660156
2013-05-30 00:00:00+05:30,212.1959686279297
2013-05-31 00:00:00+05:30,218.56243896484375
2013-06-03 00:00:00+05:30,227.84246826171875
2013-06-04 00:00:00+05:30,226.19308471679688
2013-06-05 00:00:00+05:30,223.05291748046875
2013-06-06 00:00:00+05:30,220.18910217285156
2013-06-07 00:00:00+05:30,221.74339294433594
2013-06-10 00:00:00+05:30,225.36386108398438
2013-06-11 00:00:00+05:30,224.34434509277344
2013-06-12 00:00:00+05:30,219.43692016601562
2013-06-13 00:00:00+05:30,215.68048095703125
2013-06-14 00:00:00+05:30,217.0443878173828
2013-06-17 00:00:00+05:30,219.5502471923828
2013-06-18 00:00:00+05:30,221.72076416015625
2013-06-19 00:00:00+05:30,220.97760009765625
2013-06-20 00:00:00+05:30,214.70179748535156
2013-06-21 00:00:00+05:30,219.2012939453125
2013-06-24 00:00:00+05:30,215.72579956054688
2013-06-25 00:00:00+05:30,215.13677978515625
2013-06-26 00:00:00+05:30,217.44766235351562
2013-06-27 00:00:00+05:30,225.00592041015625
2013-06-28 00:00:00+05:30,226.46046447753906
2013-07-01 00:00:00+05:30,222.1239776611328
2013-07-02 00:00:00+05:30,217.8600616455078
2013-07-03 00:00:00+05:30,217.90989685058594
2013-07-04 00:00:00+05:30,223.66465759277344
2013-07-05 00:00:00+05:30,222.59521484375
2013-07-08 00:00:00+05:30,223.67822265625
2013-07-09 00:00:00+05:30,226.40147399902344
2013-07-10 00:00:00+05:30,226.66885375976562
2013-07-11 00:00:00+05:30,229.13389587402344
2013-07-12 00:00:00+05:30,254.13302612304688
2013-07-15 00:00:00+05:30,248.55963134765625
2013-07-16 00:00:00+05:30,247.29986572265625
2013-07-17 00:00:00+05:30,249.2981719970703
2013-07-18 00:00:00+05:30,253.82032775878906
2013-07-19 00:00:00+05:30,258.0526123046875
2013-07-22 00:00:00+05:30,260.7079162597656
2013-07-23 00:00:00+05:30,262.9917907714844
2013-07-24 00:00:00+05:30,263.5943908691406
2013-07-25 00:00:00+05:30,264.2015380859375
2013-07-26 00:00:00+05:30,264.0203857421875
2013-07-29 00:00:00+05:30,264.73626708984375
2013-07-30 00:00:00+05:30,267.8628845214844
2013-07-31 00:00:00+05:30,269.12713623046875
2013-08-01 00:00:00+05:30,269.5801696777344
2013-08-02 00:00:00+05:30,272.67510986328125
2013-08-05 00:00:00+05:30,272.6977844238281
2013-08-06 00:00:00+05:30,270.731201171875
2013-08-07 00:00:00+05:30,268.55621337890625
2013-08-08 00:00:00+05:30,268.6649475097656
2013-08-12 00:00:00+05:30,272.3669738769531
2013-08-13 00:00:00+05:30,279.4539794921875
2013-08-14 00:00:00+05:30,278.1897277832031
2013-08-16 00:00:00+05:30,269.9200744628906
2013-08-19 00:00:00+05:30,272.3307189941406
2013-08-20 00:00:00+05:30,272.48028564453125
2013-08-21 00:00:00+05:30,268.1393127441406
2013-08-22 00:00:00+05:30,273.7082824707031
2013-08-23 00:00:00+05:30,271.9410705566406
2013-08-26 00:00:00+05:30,274.65985107421875
2013-08-27 00:00:00+05:30,276.9571838378906
2013-08-28 00:00:00+05:30,282.4128723144531
2013-08-29 00:00:00+05:30,281.3570861816406
2013-08-30 00:00:00+05:30,281.4703063964844
2013-09-02 00:00:00+05:30,279.66241455078125
2013-09-03 00:00:00+05:30,274.9316711425781
2013-09-04 00:00:00+05:30,282.0910949707031
2013-09-05 00:00:00+05:30,272.3126220703125
2013-09-06 00:00:00+05:30,274.5102844238281
2013-09-10 00:00:00+05:30,286.27801513671875
2013-09-11 00:00:00+05:30,282.67120361328125
2013-09-12 00:00:00+05:30,277.8453063964844
2013-09-13 00:00:00+05:30,274.4195861816406
2013-09-16 00:00:00+05:30,271.2794494628906
2013-09-17 00:00:00+05:30,273.92578125
2013-09-18 00:00:00+05:30,273.4318542480469
2013-09-19 00:00:00+05:30,273.5995178222656
2013-09-20 00:00:00+05:30,271.4380187988281
2013-09-23 00:00:00+05:30,273.6357116699219
2013-09-24 00:00:00+05:30,273.24609375
2013-09-25 00:00:00+05:30,272.7521667480469
2013-09-26 00:00:00+05:30,272.9923400878906
2013-09-27 00:00:00+05:30,272.4757385253906
2013-09-30 00:00:00+05:30,273.0557556152344
2013-10-01 00:00:00+05:30,273.2370910644531
2013-10-03 00:00:00+05:30,275.24432373046875
2013-10-04 00:00:00+05:30,273.3639221191406
2013-10-07 00:00:00+05:30,273.8576965332031
2013-10-08 00:00:00+05:30,274.972412109375
2013-10-09 00:00:00+05:30,281.8329162597656
2013-10-10 00:00:00+05:30,283.4414978027344
2013-10-11 00:00:00+05:30,296.7543640136719
2013-10-14 00:00:00+05:30,301.2721252441406
2013-10-15 00:00:00+05:30,304.03167724609375
2013-10-17 00:00:00+05:30,297.987060546875
2013-10-18 00:00:00+05:30,302.18548583984375
2013-10-21 00:00:00+05:30,304.0908508300781
2013-10-22 00:00:00+05:30,304.7199401855469
2013-10-23 00:00:00+05:30,303.1199645996094
2013-10-24 00:00:00+05:30,301.6566162109375
2013-10-25 00:00:00+05:30,303.7353210449219
2013-10-28 00:00:00+05:30,302.9968566894531
2013-10-29 00:00:00+05:30,304.1045227050781
2013-10-30 00:00:00+05:30,303.0379333496094
2013-10-31 00:00:00+05:30,301.761474609375
2013-11-01 00:00:00+05:30,298.7347412109375
2013-11-05 00:00:00+05:30,297.74554443359375
2013-11-06 00:00:00+05:30,301.419677734375
2013-11-07 00:00:00+05:30,306.1103210449219
2013-11-08 00:00:00+05:30,306.3336181640625
2013-11-11 00:00:00+05:30,306.5661315917969
2013-11-12 00:00:00+05:30,304.2185363769531
2013-11-13 00:00:00+05:30,303.78094482421875
2013-11-14 00:00:00+05:30,305.8049621582031
2013-11-18 00:00:00+05:30,310.3496398925781
2013-11-19 00:00:00+05:30,313.89166259765625
2013-11-20 00:00:00+05:30,310.17645263671875
2013-11-21 00:00:00+05:30,304.90234375
2013-11-22 00:00:00+05:30,305.19866943359375
2013-11-25 00:00:00+05:30,303.2292785644531
2013-11-26 00:00:00+05:30,302.33587646484375
2013-11-27 00:00:00+05:30,300.2481689453125
2013-11-28 00:00:00+05:30,303.3934326171875
2013-11-29 00:00:00+05:30,305.83221435546875
2013-12-02 00:00:00+05:30,304.38714599609375
2013-12-03 00:00:00+05:30,305.303466796875
2013-12-04 00:00:00+05:30,306.8168640136719
2013-12-05 00:00:00+05:30,305.53594970703125
2013-12-06 00:00:00+05:30,303.2111511230469
2013-12-09 00:00:00+05:30,304.39630126953125
2013-12-10 00:00:00+05:30,307.31829833984375
2013-12-11 00:00:00+05:30,307.6374206542969
2013-12-12 00:00:00+05:30,306.68011474609375
2013-12-13 00:00:00+05:30,307.5918273925781
2013-12-16 00:00:00+05:30,314.7395324707031
2013-12-17 00:00:00+05:30,315.1133117675781
2013-12-18 00:00:00+05:30,315.2135925292969
2013-12-19 00:00:00+05:30,320.2096862792969
2013-12-20 00:00:00+05:30,323.7744140625
2013-12-23 00:00:00+05:30,316.2164306640625
2013-12-24 00:00:00+05:30,317.8529357910156
2013-12-26 00:00:00+05:30,320.9754638671875
2013-12-27 00:00:00+05:30,324.68157958984375
2013-12-30 00:00:00+05:30,319.30706787109375
2013-12-31 00:00:00+05:30,317.7845764160156
2014-01-01 00:00:00+05:30,316.1753234863281
2014-01-02 00:00:00+05:30,317.3196105957031
2014-01-03 00:00:00+05:30,325.03253173828125
2014-01-06 00:00:00+05:30,320.7248229980469
2014-01-07 00:00:00+05:30,315.18621826171875
2014-01-08 00:00:00+05:30,312.53778076171875
2014-01-09 00:00:00+05:30,314.6073913574219
2014-01-10 00:00:00+05:30,323.7652893066406
2014-01-13 00:00:00+05:30,334.1357727050781
2014-01-14 00:00:00+05:30,336.11883544921875
2014-01-15 00:00:00+05:30,338.42535400390625
2014-01-16 00:00:00+05:30,339.6104736328125
2014-01-17 00:00:00+05:30,340.03900146484375
2014-01-20 00:00:00+05:30,341.8213195800781
2014-01-21 00:00:00+05:30,342.646484375
2014-01-22 00:00:00+05:30,343.33477783203125
2014-01-23 00:00:00+05:30,345.75994873046875
2014-01-24 00:00:00+05:30,342.62823486328125
2014-01-27 00:00:00+05:30,340.26239013671875
2014-01-28 00:00:00+05:30,335.0565185546875
2014-01-29 00:00:00+05:30,338.94952392578125
2014-01-30 00:00:00+05:30,337.7141418457031
2014-01-31 00:00:00+05:30,337.427001953125
2014-02-03 00:00:00+05:30,330.8673400878906
2014-02-04 00:00:00+05:30,324.66326904296875
2014-02-05 00:00:00+05:30,326.5003356933594
2014-02-06 00:00:00+05:30,324.9002990722656
2014-02-07 00:00:00+05:30,325.16015625
2014-02-10 00:00:00+05:30,325.82110595703125
2014-02-11 00:00:00+05:30,327.867919921875
2014-02-12 00:00:00+05:30,328.2188415527344
2014-02-13 00:00:00+05:30,326.9151611328125
2014-02-14 00:00:00+05:30,332.24859619140625
2014-02-17 00:00:00+05:30,333.5112609863281
2014-02-18 00:00:00+05:30,335.6856994628906
2014-02-19 00:00:00+05:30,342.1950988769531
2014-02-20 00:00:00+05:30,338.3523864746094
2014-02-21 00:00:00+05:30,341.94903564453125
2014-02-24 00:00:00+05:30,341.87603759765625
2014-02-25 00:00:00+05:30,344.88458251953125
2014-02-26 00:00:00+05:30,347.1274719238281
2014-02-28 00:00:00+05:30,348.7092590332031
2014-03-03 00:00:00+05:30,346.28411865234375
2014-03-04 00:00:00+05:30,346.4026184082031
2014-03-05 00:00:00+05:30,348.42205810546875
2014-03-06 00:00:00+05:30,349.3519592285156
2014-03-07 00:00:00+05:30,341.0008850097656
2014-03-10 00:00:00+05:30,334.737548828125
2014-03-11 00:00:00+05:30,335.07940673828125
2014-03-12 00:00:00+05:30,334.7101745605469
2014-03-13 00:00:00+05:30,306.1103210449219
2014-03-14 00:00:00+05:30,309.4425964355469
2014-03-18 00:00:00+05:30,305.467529296875
2014-03-19 00:00:00+05:30,298.2834167480469
2014-03-20 00:00:00+05:30,301.1370849609375
2014-03-21 00:00:00+05:30,301.3740539550781
2014-03-24 00:00:00+05:30,298.65264892578125
2014-03-25 00:00:00+05:30,296.7016296386719
2014-03-26 00:00:00+05:30,296.2002258300781
2014-03-27 00:00:00+05:30,294.5727844238281
2014-03-28 00:00:00+05:30,297.4492492675781
2014-03-31 00:00:00+05:30,299.2908630371094
2014-04-01 00:00:00+05:30,302.1307373046875
2014-04-02 00:00:00+05:30,302.8692626953125
2014-04-03 00:00:00+05:30,304.3370666503906
2014-04-04 00:00:00+05:30,302.3222961425781
2014-04-07 00:00:00+05:30,300.25726318359375
2014-04-09 00:00:00+05:30,296.71533203125
2014-04-10 00:00:00+05:30,291.8514099121094
2014-04-11 00:00:00+05:30,294.94659423828125
2014-04-15 00:00:00+05:30,297.1939697265625
2014-04-16 00:00:00+05:30,287.8490905761719
2014-04-17 00:00:00+05:30,291.01727294921875
2014-04-21 00:00:00+05:30,290.18756103515625
2014-04-22 00:00:00+05:30,287.2428283691406
2014-04-23 00:00:00+05:30,289.24859619140625
2014-04-24 00:00:00+05:30,289.24859619140625
2014-04-25 00:00:00+05:30,289.517578125
2014-04-28 00:00:00+05:30,289.7408752441406
2014-04-29 00:00:00+05:30,289.7134704589844
2014-04-30 00:00:00+05:30,289.99163818359375
2014-05-02 00:00:00+05:30,293.53802490234375
2014-05-05 00:00:00+05:30,289.635986328125
2014-05-06 00:00:00+05:30,288.5648193359375
2014-05-07 00:00:00+05:30,279.6484375
2014-05-08 00:00:00+05:30,279.4614562988281
2014-05-09 00:00:00+05:30,283.6689758300781
2014-05-12 00:00:00+05:30,289.4719543457031
2014-05-13 00:00:00+05:30,297.6907958984375
2014-05-14 00:00:00+05:30,296.6742858886719
2014-05-15 00:00:00+05:30,298.3471984863281
2014-05-16 00:00:00+05:30,289.6952209472656
2014-05-19 00:00:00+05:30,274.8802795410156
2014-05-20 00:00:00+05:30,284.6490478515625
2014-05-21 00:00:00+05:30,287.83087158203125
2014-05-22 00:00:00+05:30,283.8923034667969
2014-05-23 00:00:00+05:30,279.84893798828125
2014-05-26 00:00:00+05:30,282.15557861328125
2014-05-27 00:00:00+05:30,285.7294006347656
2014-05-28 00:00:00+05:30,289.3077697753906
2014-05-29 00:00:00+05:30,270.2873840332031
2014-05-30 00:00:00+05:30,271.6645202636719
2014-06-02 00:00:00+05:30,276.6322326660156
2014-06-03 00:00:00+05:30,278.8548889160156
2014-06-04 00:00:00+05:30,275.8326721191406
2014-06-05 00:00:00+05:30,281.0683898925781
2014-06-06 00:00:00+05:30,277.547119140625
2014-06-09 00:00:00+05:30,276.0128479003906
2014-06-10 00:00:00+05:30,284.2107238769531
2014-06-11 00:00:00+05:30,295.1349792480469
2014-06-12 00:00:00+05:30,293.4436950683594
2014-06-13 00:00:00+05:30,294.548095703125
2014-06-16 00:00:00+05:30,299.8299865722656
2014-06-17 00:00:00+05:30,300.0795593261719
2014-06-18 00:00:00+05:30,299.4927062988281
2014-06-19 00:00:00+05:30,306.091552734375
2014-06-20 00:00:00+05:30,306.5260314941406
2014-06-23 00:00:00+05:30,298.7579650878906
2014-06-24 00:00:00+05:30,296.100830078125
2014-06-25 00:00:00+05:30,296.789306640625
2014-06-26 00:00:00+05:30,294.1322326660156
2014-06-27 00:00:00+05:30,297.9122314453125
2014-06-30 00:00:00+05:30,300.8836975097656
2014-07-01 00:00:00+05:30,297.69512939453125
2014-07-02 00:00:00+05:30,297.16363525390625
2014-07-03 00:00:00+05:30,296.7384948730469
2014-07-04 00:00:00+05:30,299.9963684082031
2014-07-07 00:00:00+05:30,309.1924743652344
2014-07-08 00:00:00+05:30,308.8873596191406
2014-07-09 00:00:00+05:30,305.9483337402344
2014-07-10 00:00:00+05:30,304.317138671875
2014-07-11 00:00:00+05:30,307.4548034667969
2014-07-14 00:00:00+05:30,298.083251953125
2014-07-15 00:00:00+05:30,298.1202697753906
2014-07-16 00:00:00+05:30,298.48541259765625
2014-07-17 00:00:00+05:30,299.38177490234375
2014-07-18 00:00:00+05:30,300.513916015625
2014-07-21 00:00:00+05:30,295.8143005371094
2014-07-22 00:00:00+05:30,298.86419677734375
2014-07-23 00:00:00+05:30,309.56201171875
2014-07-24 00:00:00+05:30,312.5935363769531
2014-07-25 00:00:00+05:30,309.8161926269531
2014-07-28 00:00:00+05:30,311.56298828125
2014-07-30 00:00:00+05:30,311.6646728515625
2014-07-31 00:00:00+05:30,311.2441101074219
2014-08-01 00:00:00+05:30,308.8088073730469
2014-08-04 00:00:00+05:30,320.2922058105469
2014-08-05 00:00:00+05:30,324.6776123046875
2014-08-06 00:00:00+05:30,330.4862976074219
2014-08-07 00:00:00+05:30,324.15545654296875
2014-08-08 00:00:00+05:30,321.8725891113281
2014-08-11 00:00:00+05:30,330.2691345214844
2014-08-12 00:00:00+05:30,330.5740966796875
2014-08-13 00:00:00+05:30,333.4945983886719
2014-08-14 00:00:00+05:30,333.87823486328125
2014-08-18 00:00:00+05:30,329.0029602050781
2014-08-19 00:00:00+05:30,327.8938903808594
2014-08-20 00:00:00+05:30,328.5177001953125
2014-08-21 00:00:00+05:30,328.0002136230469
2014-08-22 00:00:00+05:30,332.8107604980469
2014-08-25 00:00:00+05:30,335.28759765625
2014-08-26 00:00:00+05:30,334.9502258300781
2014-08-27 00:00:00+05:30,335.54180908203125
2014-08-28 00:00:00+05:30,332.6074523925781
2014-09-01 00:00:00+05:30,332.6858825683594
2014-09-02 00:00:00+05:30,333.9891357421875
2014-09-03 00:00:00+05:30,345.1259460449219
2014-09-04 00:00:00+05:30,342.7691650390625
2014-09-05 00:00:00+05:30,344.80242919921875
2014-09-08 00:00:00+05:30,349.5066833496094
2014-09-09 00:00:00+05:30,345.292236328125
2014-09-10 00:00:00+05:30,338.9383239746094
2014-09-11 00:00:00+05:30,340.4955749511719
2014-09-12 00:00:00+05:30,339.1786193847656
2014-09-15 00:00:00+05:30,336.5352478027344
2014-09-16 00:00:00+05:30,337.4549865722656
2014-09-17 00:00:00+05:30,345.7543640136719
2014-09-18 00:00:00+05:30,341.6832275390625
2014-09-19 00:00:00+05:30,342.1499938964844
2014-09-22 00:00:00+05:30,337.39483642578125
2014-09-23 00:00:00+05:30,333.3744812011719
2014-09-24 00:00:00+05:30,336.8587646484375
2014-09-25 00:00:00+05:30,341.128662109375
2014-09-26 00:00:00+05:30,340.1258850097656
2014-09-29 00:00:00+05:30,346.4937438964844
2014-09-30 00:00:00+05:30,346.3735656738281
2014-10-01 00:00:00+05:30,355.57427978515625
2014-10-07 00:00:00+05:30,354.09539794921875
2014-10-08 00:00:00+05:30,337.3532409667969
2014-10-09 00:00:00+05:30,337.0436706542969
2014-10-10 00:00:00+05:30,359.3958740234375
2014-10-13 00:00:00+05:30,364.3774108886719
2014-10-14 00:00:00+05:30,362.1361083984375
2014-10-15 00:00:00+05:30,362.1361083984375
2014-10-16 00:00:00+05:30,359.9940490722656
2014-10-17 00:00:00+05:30,358.7227783203125
2014-10-20 00:00:00+05:30,355.0625305175781
2014-10-21 00:00:00+05:30,351.39300537109375
2014-10-22 00:00:00+05:30,353.5444641113281
2014-10-27 00:00:00+05:30,354.1964416503906
2014-10-28 00:00:00+05:30,352.8179626464844
2014-10-29 00:00:00+05:30,361.4981689453125
2014-10-30 00:00:00+05:30,367.5613098144531
2014-10-31 00:00:00+05:30,377.31243896484375
2014-11-03 00:00:00+05:30,380.5395202636719
2014-11-05 00:00:00+05:30,384.16253662109375
2014-11-07 00:00:00+05:30,388.0555725097656
2014-11-10 00:00:00+05:30,387.9530944824219
2014-11-11 00:00:00+05:30,384.1998291015625
2014-11-12 00:00:00+05:30,382.4116516113281
2014-11-13 00:00:00+05:30,389.1732482910156
2014-11-14 00:00:00+05:30,390.3886413574219
2014-11-17 00:00:00+05:30,392.8846130371094
2014-11-18 00:00:00+05:30,389.5224609375
2014-11-19 00:00:00+05:30,388.6842041015625
2014-11-20 00:00:00+05:30,393.550537109375
2014-11-21 00:00:00+05:30,386.15093994140625
2014-11-24 00:00:00+05:30,398.1607360839844
2014-11-25 00:00:00+05:30,400.77783203125
2014-11-26 00:00:00+05:30,400.5216979980469
2014-11-27 00:00:00+05:30,406.6172790527344
2014-11-28 00:00:00+05:30,406.0539245605469
2014-12-01 00:00:00+05:30,405.12255859375
2014-12-02 00:00:00+05:30,396.1210632324219
2014-12-03 00:00:00+05:30,395.5436096191406
2014-12-04 00:00:00+05:30,391.5015563964844
2014-12-05 00:00:00+05:30,385.6341247558594
2014-12-08 00:00:00+05:30,366.9791564941406
2014-12-09 00:00:00+05:30,365.9825744628906
2014-12-10 00:00:00+05:30,365.7870178222656
2014-12-11 00:00:00+05:30,357.83331298828125
2014-12-12 00:00:00+05:30,361.11163330078125
2014-12-15 00:00:00+05:30,358.5318908691406
2014-12-16 00:00:00+05:30,360.9906311035156
2014-12-17 00:00:00+05:30,361.08367919921875
2014-12-18 00:00:00+05:30,366.1875
2014-12-19 00:00:00+05:30,372.2878723144531
2014-12-22 00:00:00+05:30,372.46478271484375
2014-12-23 00:00:00+05:30,367.2585754394531
2014-12-24 00:00:00+05:30,359.60284423828125
2014-12-26 00:00:00+05:30,363.64501953125
2014-12-29 00:00:00+05:30,364.67877197265625
2014-12-30 00:00:00+05:30,366.2713317871094
2014-12-31 00:00:00+05:30,367.4262390136719
2015-01-01 00:00:00+05:30,367.77081298828125
2015-01-02 00:00:00+05:30,374.9980773925781
2015-01-05 00:00:00+05:30,371.775634765625
2015-01-06 00:00:00+05:30,364.0081481933594
2015-01-07 00:00:00+05:30,365.749755859375
2015-01-08 00:00:00+05:30,367.5937805175781
2015-01-09 00:00:00+05:30,386.4070739746094
2015-01-12 00:00:00+05:30,394.13726806640625
2015-01-13 00:00:00+05:30,389.0986633300781
2015-01-14 00:00:00+05:30,396.5028991699219
2015-01-15 00:00:00+05:30,397.5460510253906
2015-01-16 00:00:00+05:30,394.5750427246094
2015-01-19 00:00:00+05:30,391.6319274902344
2015-01-20 00:00:00+05:30,395.6741027832031
2015-01-21 00:00:00+05:30,404.1865539550781
2015-01-22 00:00:00+05:30,409.1319580078125
2015-01-23 00:00:00+05:30,412.59661865234375
2015-01-27 00:00:00+05:30,397.9651184082031
2015-01-28 00:00:00+05:30,399.46453857421875
2015-01-29 00:00:00+05:30,399.6415100097656
2015-01-30 00:00:00+05:30,398.9709777832031
2015-02-02 00:00:00+05:30,398.0303649902344
2015-02-03 00:00:00+05:30,395.05926513671875
2015-02-04 00:00:00+05:30,399.14794921875
2015-02-05 00:00:00+05:30,408.6384582519531
2015-02-06 00:00:00+05:30,415.4744567871094
2015-02-09 00:00:00+05:30,418.90179443359375
2015-02-10 00:00:00+05:30,424.378173828125
2015-02-11 00:00:00+05:30,425.5982360839844
2015-02-12 00:00:00+05:30,430.5065002441406
2015-02-13 00:00:00+05:30,427.6936950683594
2015-02-16 00:00:00+05:30,424.4620056152344
2015-02-18 00:00:00+05:30,427.7682800292969
2015-02-19 00:00:00+05:30,433.0210266113281
2015-02-20 00:00:00+05:30,425.2722473144531
2015-02-23 00:00:00+05:30,422.01251220703125
2015-02-24 00:00:00+05:30,423.3536376953125
2015-02-25 00:00:00+05:30,431.6986389160156
2015-02-26 00:00:00+05:30,420.61553955078125
2015-02-27 00:00:00+05:30,422.0404968261719
2015-03-02 00:00:00+05:30,426.87420654296875
2015-03-03 00:00:00+05:30,428.0198669433594
2015-03-04 00:00:00+05:30,423.6982116699219
2015-03-05 00:00:00+05:30,418.6597900390625
2015-03-09 00:00:00+05:30,407.93994140625
2015-03-10 00:00:00+05:30,409.42071533203125
2015-03-11 00:00:00+05:30,406.4776611328125
2015-03-12 00:00:00+05:30,413.20196533203125
2015-03-13 00:00:00+05:30,413.5931091308594
2015-03-16 00:00:00+05:30,422.20806884765625
2015-03-17 00:00:00+05:30,417.33721923828125
2015-03-18 00:00:00+05:30,415.2882995605469
2015-03-19 00:00:00+05:30,415.46514892578125
2015-03-20 00:00:00+05:30,420.494384765625
2015-03-23 00:00:00+05:30,416.0238952636719
2015-03-24 00:00:00+05:30,411.9260559082031
2015-03-25 00:00:00+05:30,413.3510437011719
2015-03-26 00:00:00+05:30,399.7998352050781
2015-03-27 00:00:00+05:30,410.1937255859375
2015-03-30 00:00:00+05:30,415.00872802734375
2015-03-31 00:00:00+05:30,413.2113037109375
2015-04-01 00:00:00+05:30,404.9408264160156
2015-04-06 00:00:00+05:30,405.7325439453125
2015-04-07 00:00:00+05:30,402.249267578125
2015-04-08 00:00:00+05:30,409.8956604003906
2015-04-09 00:00:00+05:30,412.58721923828125
2015-04-10 00:00:00+05:30,416.1170654296875
2015-04-13 00:00:00+05:30,417.0205078125
2015-04-15 00:00:00+05:30,412.3451843261719
2015-04-16 00:00:00+05:30,408.7967529296875
2015-04-17 00:00:00+05:30,405.92816162109375
2015-04-20 00:00:00+05:30,397.1548156738281
2015-04-21 00:00:00+05:30,399.10137939453125
2015-04-22 00:00:00+05:30,398.1886291503906
2015-04-23 00:00:00+05:30,395.2641906738281
2015-04-24 00:00:00+05:30,371.64520263671875
2015-04-27 00:00:00+05:30,369.68011474609375
2015-04-28 00:00:00+05:30,365.2561340332031
2015-04-29 00:00:00+05:30,365.3027648925781
2015-04-30 00:00:00+05:30,361.78228759765625
2015-05-04 00:00:00+05:30,371.25408935546875
2015-05-05 00:00:00+05:30,365.6007080078125
2015-05-06 00:00:00+05:30,358.0196533203125
2015-05-07 00:00:00+05:30,362.108154296875
2015-05-08 00:00:00+05:30,364.7066650390625
2015-05-11 00:00:00+05:30,371.3564758300781
2015-05-12 00:00:00+05:30,362.6856689453125
2015-05-13 00:00:00+05:30,364.473876953125
2015-05-14 00:00:00+05:30,360.3945617675781
2015-05-15 00:00:00+05:30,365.41448974609375
2015-05-18 00:00:00+05:30,371.2447509765625
2015-05-19 00:00:00+05:30,376.7024841308594
2015-05-20 00:00:00+05:30,381.3498840332031
2015-05-21 00:00:00+05:30,381.56402587890625
2015-05-22 00:00:00+05:30,381.1915283203125
2015-05-25 00:00:00+05:30,375.66864013671875
2015-05-26 00:00:00+05:30,373.8990478515625
2015-05-27 00:00:00+05:30,366.67181396484375
2015-05-28 00:00:00+05:30,375.6313171386719
2015-05-29 00:00:00+05:30,376.85150146484375
2015-06-01 00:00:00+05:30,381.4430847167969
2015-06-02 00:00:00+05:30,374.15057373046875
2015-06-03 00:00:00+05:30,376.432373046875
2015-06-04 00:00:00+05:30,377.76416015625
2015-06-05 00:00:00+05:30,374.70928955078125
2015-06-08 00:00:00+05:30,372.5486145019531
2015-06-09 00:00:00+05:30,371.0677490234375
2015-06-10 00:00:00+05:30,377.4754638671875
2015-06-11 00:00:00+05:30,372.1016540527344
2015-06-12 00:00:00+05:30,367.8918762207031
2015-06-15 00:00:00+05:30,374.5763244628906
2015-06-16 00:00:00+05:30,377.9422607421875
2015-06-17 00:00:00+05:30,376.56182861328125
2015-06-18 00:00:00+05:30,378.9255065917969
2015-06-19 00:00:00+05:30,376.42950439453125
2015-06-22 00:00:00+05:30,387.2077941894531
2015-06-23 00:00:00+05:30,378.33929443359375
2015-06-24 00:00:00+05:30,376.3349304199219
2015-06-25 00:00:00+05:30,374.5763244628906
2015-06-26 00:00:00+05:30,380.1736145019531
2015-06-29 00:00:00+05:30,374.4629211425781
2015-06-30 00:00:00+05:30,372.2693786621094
2015-07-01 00:00:00+05:30,377.2047424316406
2015-07-02 00:00:00+05:30,373.6497802734375
2015-07-03 00:00:00+05:30,374.5196533203125
2015-07-06 00:00:00+05:30,371.872314453125
2015-07-07 00:00:00+05:30,370.8132629394531
2015-07-08 00:00:00+05:30,362.1151123046875
2015-07-09 00:00:00+05:30,354.7403564453125
2015-07-10 00:00:00+05:30,354.55126953125
2015-07-13 00:00:00+05:30,359.33538818359375
2015-07-14 00:00:00+05:30,367.315185546875
2015-07-15 00:00:00+05:30,372.1370544433594
2015-07-16 00:00:00+05:30,374.04693603515625
2015-07-17 00:00:00+05:30,378.8877258300781
2015-07-20 00:00:00+05:30,378.66082763671875
2015-07-21 00:00:00+05:30,420.7909240722656
2015-07-22 00:00:00+05:30,417.19818115234375
2015-07-23 00:00:00+05:30,415.25042724609375
2015-07-24 00:00:00+05:30,411.31732177734375
2015-07-27 00:00:00+05:30,402.8837585449219
2015-07-28 00:00:00+05:30,401.9571533203125
2015-07-29 00:00:00+05:30,410.4853210449219
2015-07-30 00:00:00+05:30,404.6612548828125
2015-07-31 00:00:00+05:30,407.3275451660156
2015-08-03 00:00:00+05:30,408.0460510253906
2015-08-04 00:00:00+05:30,399.83929443359375
2015-08-05 00:00:00+05:30,410.84454345703125
2015-08-06 00:00:00+05:30,411.0715026855469
2015-08-07 00:00:00+05:30,414.3427734375
2015-08-10 00:00:00+05:30,410.712158203125
2015-08-11 00:00:00+05:30,419.46728515625
2015-08-12 00:00:00+05:30,432.7983703613281
2015-08-13 00:00:00+05:30,437.94171142578125
2015-08-14 00:00:00+05:30,434.632568359375
2015-08-17 00:00:00+05:30,431.9474792480469
2015-08-18 00:00:00+05:30,440.34320068359375
2015-08-19 00:00:00+05:30,444.5790100097656
2015-08-20 00:00:00+05:30,429.0732727050781
2015-08-21 00:00:00+05:30,434.8784484863281
2015-08-24 00:00:00+05:30,413.0002746582031
2015-08-25 00:00:00+05:30,410.5798034667969
2015-08-26 00:00:00+05:30,402.6190490722656
2015-08-27 00:00:00+05:30,409.50201416015625
2015-08-28 00:00:00+05:30,420.1858215332031
2015-08-31 00:00:00+05:30,413.8890075683594
2015-09-01 00:00:00+05:30,411.84686279296875
2015-09-02 00:00:00+05:30,415.798828125
2015-09-03 00:00:00+05:30,415.760986328125
2015-09-04 00:00:00+05:30,406.1550598144531
2015-09-07 00:00:00+05:30,400.4066162109375
2015-09-08 00:00:00+05:30,400.425537109375
2015-09-09 00:00:00+05:30,411.7333984375
2015-09-10 00:00:00+05:30,408.6132507324219
2015-09-11 00:00:00+05:30,412.50860595703125
2015-09-14 00:00:00+05:30,415.9123229980469
2015-09-15 00:00:00+05:30,415.7043151855469
2015-09-16 00:00:00+05:30,416.630859375
2015-09-18 00:00:00+05:30,417.6897888183594
2015-09-21 00:00:00+05:30,417.7654724121094
2015-09-22 00:00:00+05:30,418.8242492675781
2015-09-23 00:00:00+05:30,422.1524353027344
2015-09-24 00:00:00+05:30,431.3423767089844
2015-09-28 00:00:00+05:30,418.1058044433594
2015-09-29 00:00:00+05:30,424.2702941894531
2015-09-30 00:00:00+05:30,439.4356384277344
2015-10-01 00:00:00+05:30,443.6335144042969
2015-10-05 00:00:00+05:30,446.92364501953125
2015-10-06 00:00:00+05:30,436.656005859375
2015-10-07 00:00:00+05:30,428.56268310546875
2015-10-08 00:00:00+05:30,428.1656188964844
2015-10-09 00:00:00+05:30,441.4966125488281
2015-10-12 00:00:00+05:30,424.66729736328125
2015-10-13 00:00:00+05:30,415.7798767089844
2015-10-14 00:00:00+05:30,415.0992431640625
2015-10-15 00:00:00+05:30,415.00469970703125
2015-10-16 00:00:00+05:30,417.8861999511719
2015-10-19 00:00:00+05:30,424.3936462402344
2015-10-20 00:00:00+05:30,429.7369079589844
2015-10-21 00:00:00+05:30,434.4888000488281
2015-10-23 00:00:00+05:30,438.8778991699219
2015-10-26 00:00:00+05:30,439.7365417480469
2015-10-27 00:00:00+05:30,438.6871032714844
2015-10-28 00:00:00+05:30,440.13739013671875
2015-10-29 00:00:00+05:30,437.0267333984375
2015-10-30 00:00:00+05:30,433.36273193359375
2015-11-02 00:00:00+05:30,431.74066162109375
2015-11-03 00:00:00+05:30,437.1986083984375
2015-11-04 00:00:00+05:30,433.8780212402344
2015-11-05 00:00:00+05:30,428.5728454589844
2015-11-06 00:00:00+05:30,434.45050048828125
2015-11-09 00:00:00+05:30,433.03839111328125
2015-11-10 00:00:00+05:30,421.3021240234375
2015-11-13 00:00:00+05:30,420.1380920410156
2015-11-16 00:00:00+05:30,412.2757263183594
2015-11-17 00:00:00+05:30,405.1386413574219
2015-11-18 00:00:00+05:30,389.2994079589844
2015-11-19 00:00:00+05:30,399.9098205566406
2015-11-20 00:00:00+05:30,401.66534423828125
2015-11-23 00:00:00+05:30,402.1615905761719
2015-11-24 00:00:00+05:30,397.3716735839844
2015-11-26 00:00:00+05:30,401.66534423828125
2015-11-27 00:00:00+05:30,406.9896240234375
2015-11-30 00:00:00+05:30,415.2146301269531
2015-12-01 00:00:00+05:30,411.8177795410156
2015-12-02 00:00:00+05:30,404.83319091796875
2015-12-03 00:00:00+05:30,403.70733642578125
2015-12-04 00:00:00+05:30,400.38690185546875
2015-12-07 00:00:00+05:30,399.31817626953125
2015-12-08 00:00:00+05:30,398.612060546875
2015-12-09 00:00:00+05:30,392.4290771484375
2015-12-10 00:00:00+05:30,399.738037109375
2015-12-11 00:00:00+05:30,401.8180847167969
2015-12-14 00:00:00+05:30,408.1919250488281
2015-12-15 00:00:00+05:30,411.2643127441406
2015-12-16 00:00:00+05:30,418.248779296875
2015-12-17 00:00:00+05:30,422.54254150390625
2015-12-18 00:00:00+05:30,413.4015808105469
2015-12-21 00:00:00+05:30,421.1495361328125
2015-12-22 00:00:00+05:30,413.6307373046875
2015-12-23 00:00:00+05:30,420.1570739746094
2015-12-24 00:00:00+05:30,418.4396667480469
2015-12-28 00:00:00+05:30,421.6456604003906
2015-12-29 00:00:00+05:30,421.6264343261719
2015-12-30 00:00:00+05:30,414.6039123535156
2015-12-31 00:00:00+05:30,421.8938293457031
2016-01-01 00:00:00+05:30,421.8364562988281
2016-01-04 00:00:00+05:30,411.779541015625
2016-01-05 00:00:00+05:30,409.92852783203125
2016-01-06 00:00:00+05:30,408.13458251953125
2016-01-07 00:00:00+05:30,401.0548400878906
2016-01-08 00:00:00+05:30,405.8255920410156
2016-01-11 00:00:00+05:30,402.9248962402344
2016-01-12 00:00:00+05:30,400.7303771972656
2016-01-13 00:00:00+05:30,413.4970397949219
2016-01-14 00:00:00+05:30,432.42767333984375
2016-01-15 00:00:00+05:30,435.0611572265625
2016-01-18 00:00:00+05:30,432.0078430175781
2016-01-19 00:00:00+05:30,434.9658203125
2016-01-20 00:00:00+05:30,427.943115234375
2016-01-21 00:00:00+05:30,433.97344970703125
2016-01-22 00:00:00+05:30,433.6680908203125
2016-01-25 00:00:00+05:30,434.20257568359375
2016-01-27 00:00:00+05:30,434.52691650390625
2016-01-28 00:00:00+05:30,431.1300354003906
2016-01-29 00:00:00+05:30,444.6029357910156
2016-02-01 00:00:00+05:30,447.8280029296875
2016-02-02 00:00:00+05:30,448.66766357421875
2016-02-03 00:00:00+05:30,441.8548889160156
2016-02-04 00:00:00+05:30,450.2705993652344
2016-02-05 00:00:00+05:30,448.34307861328125
2016-02-08 00:00:00+05:30,439.22137451171875
2016-02-09 00:00:00+05:30,422.75250244140625
2016-02-10 00:00:00+05:30,423.095947265625
2016-02-11 00:00:00+05:30,411.6841125488281
2016-02-12 00:00:00+05:30,413.97412109375
2016-02-15 00:00:00+05:30,416.6839904785156
2016-02-16 00:00:00+05:30,411.875
2016-02-17 00:00:00+05:30,419.0120849609375
2016-02-18 00:00:00+05:30,428.763671875
2016-02-19 00:00:00+05:30,430.2331848144531
2016-02-22 00:00:00+05:30,430.0040588378906
2016-02-23 00:00:00+05:30,428.9544982910156
2016-02-24 00:00:00+05:30,429.50799560546875
2016-02-25 00:00:00+05:30,423.7638854980469
2016-02-26 00:00:00+05:30,427.90496826171875
2016-02-29 00:00:00+05:30,413.74517822265625
2016-03-01 00:00:00+05:30,429.5461120605469
2016-03-02 00:00:00+05:30,441.20599365234375
2016-03-03 00:00:00+05:30,446.2821960449219
2016-03-04 00:00:00+05:30,446.7974853515625
2016-03-08 00:00:00+05:30,444.0494384765625
2016-03-09 00:00:00+05:30,449.7934875488281
2016-03-10 00:00:00+05:30,436.053466796875
2016-03-11 00:00:00+05:30,436.2443542480469
2016-03-14 00:00:00+05:30,435.5574645996094
2016-03-15 00:00:00+05:30,432.96197509765625
2016-03-16 00:00:00+05:30,439.8511657714844
2016-03-17 00:00:00+05:30,443.4006042480469
2016-03-18 00:00:00+05:30,455.480224609375
2016-03-21 00:00:00+05:30,456.0528259277344
2016-03-22 00:00:00+05:30,454.1635437011719
2016-03-23 00:00:00+05:30,460.976318359375
2016-03-28 00:00:00+05:30,459.8694763183594
2016-03-29 00:00:00+05:30,456.94976806640625
2016-03-30 00:00:00+05:30,460.270263671875
2016-03-31 00:00:00+05:30,464.9838562011719
2016-04-01 00:00:00+05:30,460.0793151855469
2016-04-04 00:00:00+05:30,474.6781005859375
2016-04-05 00:00:00+05:30,465.55645751953125
2016-04-06 00:00:00+05:30,458.266357421875
2016-04-07 00:00:00+05:30,450.9385070800781
2016-04-08 00:00:00+05:30,444.9272155761719
2016-04-11 00:00:00+05:30,451.8545227050781
2016-04-12 00:00:00+05:30,451.2056579589844
2016-04-13 00:00:00+05:30,447.5798645019531
2016-04-18 00:00:00+05:30,472.769775390625
2016-04-20 00:00:00+05:30,474.6399841308594
2016-04-21 00:00:00+05:30,468.0371398925781
2016-04-22 00:00:00+05:30,462.29302978515625
2016-04-25 00:00:00+05:30,464.0487976074219
2016-04-26 00:00:00+05:30,470.26995849609375
2016-04-27 00:00:00+05:30,473.32330322265625
2016-04-28 00:00:00+05:30,461.4915771484375
2016-04-29 00:00:00+05:30,461.09075927734375
2016-05-02 00:00:00+05:30,458.4001159667969
2016-05-03 00:00:00+05:30,449.5262451171875
2016-05-04 00:00:00+05:30,453.7437744140625
2016-05-05 00:00:00+05:30,455.11773681640625
2016-05-06 00:00:00+05:30,450.9385070800781
2016-05-09 00:00:00+05:30,457.6367492675781
2016-05-10 00:00:00+05:30,462.8846740722656
2016-05-11 00:00:00+05:30,458.7054138183594
2016-05-12 00:00:00+05:30,461.81591796875
2016-05-13 00:00:00+05:30,460.766357421875
2016-05-16 00:00:00+05:30,463.724365234375
2016-05-17 00:00:00+05:30,463.4380798339844
2016-05-18 00:00:00+05:30,461.75872802734375
2016-05-19 00:00:00+05:30,460.1939392089844
2016-05-20 00:00:00+05:30,458.6100158691406
2016-05-23 00:00:00+05:30,453.41937255859375
2016-05-24 00:00:00+05:30,453.3239440917969
2016-05-25 00:00:00+05:30,461.30078125
2016-05-26 00:00:00+05:30,471.0332336425781
2016-05-27 00:00:00+05:30,476.1283874511719
2016-05-30 00:00:00+05:30,483.79998779296875
2016-05-31 00:00:00+05:30,476.5674133300781
2016-06-01 00:00:00+05:30,480.21234130859375
2016-06-02 00:00:00+05:30,481.49090576171875
2016-06-03 00:00:00+05:30,483.5328063964844
2016-06-06 00:00:00+05:30,483.4755554199219
2016-06-07 00:00:00+05:30,479.9068298339844
2016-06-08 00:00:00+05:30,472.5407409667969
2016-06-09 00:00:00+05:30,457.7334899902344
2016-06-10 00:00:00+05:30,455.841552734375
2016-06-13 00:00:00+05:30,455.9574279785156
2016-06-14 00:00:00+05:30,453.6793518066406
2016-06-15 00:00:00+05:30,459.45166015625
2016-06-16 00:00:00+05:30,457.92657470703125
2016-06-17 00:00:00+05:30,455.4169006347656
2016-06-20 00:00:00+05:30,466.71063232421875
2016-06-21 00:00:00+05:30,465.68743896484375
2016-06-22 00:00:00+05:30,463.1390380859375
2016-06-23 00:00:00+05:30,467.8108825683594
2016-06-24 00:00:00+05:30,461.2278137207031
2016-06-27 00:00:00+05:30,450.2814636230469
2016-06-28 00:00:00+05:30,447.5594482421875
2016-06-29 00:00:00+05:30,454.3936767578125
2016-06-30 00:00:00+05:30,452.0576477050781
2016-07-01 00:00:00+05:30,452.6754455566406
2016-07-04 00:00:00+05:30,457.1350402832031
2016-07-05 00:00:00+05:30,453.8530578613281
2016-07-07 00:00:00+05:30,446.8257751464844
2016-07-08 00:00:00+05:30,447.1927185058594
2016-07-11 00:00:00+05:30,453.69873046875
2016-07-12 00:00:00+05:30,454.27789306640625
2016-07-13 00:00:00+05:30,460.9382019042969
2016-07-14 00:00:00+05:30,454.1619567871094
2016-07-15 00:00:00+05:30,414.12237548828125
2016-07-18 00:00:00+05:30,417.75177001953125
2016-07-19 00:00:00+05:30,419.68243408203125
2016-07-20 00:00:00+05:30,418.1957702636719
2016-07-21 00:00:00+05:30,416.9603271484375
2016-07-22 00:00:00+05:30,414.08367919921875
2016-07-25 00:00:00+05:30,417.32708740234375
2016-07-26 00:00:00+05:30,420.3580627441406
2016-07-27 00:00:00+05:30,419.0645446777344
2016-07-28 00:00:00+05:30,416.0336608886719
2016-07-29 00:00:00+05:30,414.6242980957031
2016-08-01 00:00:00+05:30,419.0259704589844
2016-08-02 00:00:00+05:30,418.46612548828125
2016-08-03 00:00:00+05:30,418.89093017578125
2016-08-04 00:00:00+05:30,413.83282470703125
2016-08-05 00:00:00+05:30,412.3656005859375
2016-08-08 00:00:00+05:30,416.49688720703125
2016-08-09 00:00:00+05:30,418.3116455078125
2016-08-10 00:00:00+05:30,417.9062805175781
2016-08-11 00:00:00+05:30,415.9757080078125
2016-08-12 00:00:00+05:30,410.2613220214844
2016-08-16 00:00:00+05:30,406.110595703125
2016-08-17 00:00:00+05:30,398.9675598144531
2016-08-18 00:00:00+05:30,395.1451416015625
2016-08-19 00:00:00+05:30,394.3342590332031
2016-08-22 00:00:00+05:30,392.0754089355469
2016-08-23 00:00:00+05:30,401.4193115234375
2016-08-24 00:00:00+05:30,408.2727355957031
2016-08-25 00:00:00+05:30,400.0680236816406
2016-08-26 00:00:00+05:30,393.9287414550781
2016-08-29 00:00:00+05:30,394.9133605957031
2016-08-30 00:00:00+05:30,401.7088928222656
2016-08-31 00:00:00+05:30,399.95220947265625
2016-09-01 00:00:00+05:30,400.6085510253906
2016-09-02 00:00:00+05:30,398.40765380859375
2016-09-06 00:00:00+05:30,403.4849853515625
2016-09-07 00:00:00+05:30,407.09515380859375
2016-09-08 00:00:00+05:30,400.6471862792969
2016-09-09 00:00:00+05:30,399.81695556640625
2016-09-12 00:00:00+05:30,406.9600524902344
2016-09-14 00:00:00+05:30,403.7167053222656
2016-09-15 00:00:00+05:30,402.4038391113281
2016-09-16 00:00:00+05:30,409.3346862792969
2016-09-19 00:00:00+05:30,409.739990234375
2016-09-20 00:00:00+05:30,405.4735412597656
2016-09-21 00:00:00+05:30,407.6357116699219
2016-09-22 00:00:00+05:30,408.8133544921875
2016-09-23 00:00:00+05:30,402.5391845703125
2016-09-26 00:00:00+05:30,399.9714660644531
2016-09-27 00:00:00+05:30,401.4580078125
2016-09-28 00:00:00+05:30,401.1490783691406
2016-09-29 00:00:00+05:30,397.38446044921875
2016-09-30 00:00:00+05:30,400.0294189453125
2016-10-03 00:00:00+05:30,400.8208312988281
2016-10-04 00:00:00+05:30,405.1067199707031
2016-10-05 00:00:00+05:30,402.1336975097656
2016-10-06 00:00:00+05:30,396.68951416015625
2016-10-07 00:00:00+05:30,390.9557189941406
2016-10-10 00:00:00+05:30,397.6741027832031
2016-10-13 00:00:00+05:30,406.3229675292969
2016-10-14 00:00:00+05:30,396.5929870605469
2016-10-17 00:00:00+05:30,394.7589416503906
2016-10-18 00:00:00+05:30,401.187744140625
2016-10-19 00:00:00+05:30,402.24951171875
2016-10-20 00:00:00+05:30,400.26104736328125
2016-10-21 00:00:00+05:30,405.1977233886719
2016-10-24 00:00:00+05:30,400.826904296875
2016-10-25 00:00:00+05:30,396.9634094238281
2016-10-26 00:00:00+05:30,395.7926940917969
2016-10-27 00:00:00+05:30,391.61700439453125
2016-10-28 00:00:00+05:30,389.27545166015625
2016-11-01 00:00:00+05:30,386.1339416503906
2016-11-02 00:00:00+05:30,382.8558349609375
2016-11-03 00:00:00+05:30,377.3142395019531
2016-11-04 00:00:00+05:30,378.9338073730469
2016-11-07 00:00:00+05:30,381.6460266113281
2016-11-08 00:00:00+05:30,383.460693359375
2016-11-09 00:00:00+05:30,373.9775695800781
2016-11-10 00:00:00+05:30,366.6018981933594
2016-11-11 00:00:00+05:30,359.63592529296875
2016-11-15 00:00:00+05:30,360.41632080078125
2016-11-16 00:00:00+05:30,367.187255859375
2016-11-17 00:00:00+05:30,362.8554992675781
2016-11-18 00:00:00+05:30,359.0309753417969
2016-11-21 00:00:00+05:30,355.5577697753906
2016-11-22 00:00:00+05:30,356.7675476074219
2016-11-23 00:00:00+05:30,359.1285400390625
2016-11-24 00:00:00+05:30,363.0505676269531
2016-11-25 00:00:00+05:30,381.4704284667969
2016-11-28 00:00:00+05:30,382.34844970703125
2016-11-29 00:00:00+05:30,379.5581359863281
2016-11-30 00:00:00+05:30,380.70941162109375
2016-12-01 00:00:00+05:30,380.7289733886719
2016-12-02 00:00:00+05:30,376.3971862792969
2016-12-05 00:00:00+05:30,375.28497314453125
2016-12-06 00:00:00+05:30,377.17767333984375
2016-12-07 00:00:00+05:30,377.1386413574219
2016-12-08 00:00:00+05:30,384.2607421875
2016-12-09 00:00:00+05:30,386.094970703125
2016-12-12 00:00:00+05:30,381.411865234375
2016-12-13 00:00:00+05:30,386.4266052246094
2016-12-14 00:00:00+05:30,390.1535339355469
2016-12-15 00:00:00+05:30,387.2656555175781
2016-12-16 00:00:00+05:30,392.2609558105469
2016-12-19 00:00:00+05:30,392.0657653808594
2016-12-20 00:00:00+05:30,394.9926452636719
2016-12-21 00:00:00+05:30,390.85595703125
2016-12-22 00:00:00+05:30,384.2802429199219
2016-12-23 00:00:00+05:30,385.7436828613281
2016-12-26 00:00:00+05:30,383.5192565917969
2016-12-27 00:00:00+05:30,389.8413391113281
2016-12-28 00:00:00+05:30,389.66571044921875
2016-12-29 00:00:00+05:30,387.2656555175781
2016-12-30 00:00:00+05:30,394.38775634765625
2017-01-02 00:00:00+05:30,390.68035888671875
2017-01-03 00:00:00+05:30,387.8510437011719
2017-01-04 00:00:00+05:30,389.373046875
2017-01-05 00:00:00+05:30,388.7486572265625
2017-01-06 00:00:00+05:30,379.421630859375
2017-01-09 00:00:00+05:30,378.68017578125
2017-01-10 00:00:00+05:30,378.7581787109375
2017-01-11 00:00:00+05:30,378.19232177734375
2017-01-12 00:00:00+05:30,390.2705383300781
2017-01-13 00:00:00+05:30,380.8069763183594
2017-01-16 00:00:00+05:30,372.94342041015625
2017-01-17 00:00:00+05:30,372.8458557128906
2017-01-18 00:00:00+05:30,371.05072021484375
2017-01-19 00:00:00+05:30,373.8995666503906
2017-01-20 00:00:00+05:30,370.23114013671875
2017-01-23 00:00:00+05:30,371.7922058105469
2017-01-24 00:00:00+05:30,369.00189208984375
2017-01-25 00:00:00+05:30,365.5091552734375
2017-01-27 00:00:00+05:30,367.675048828125
2017-01-30 00:00:00+05:30,370.4848937988281
2017-01-31 00:00:00+05:30,362.38720703125
2017-02-01 00:00:00+05:30,357.7626647949219
2017-02-02 00:00:00+05:30,365.2359313964844
2017-02-03 00:00:00+05:30,365.31402587890625
2017-02-06 00:00:00+05:30,364.9822998046875
2017-02-07 00:00:00+05:30,367.71405029296875
2017-02-08 00:00:00+05:30,365.47015380859375
2017-02-09 00:00:00+05:30,369.1775207519531
2017-02-10 00:00:00+05:30,377.8801574707031
2017-02-13 00:00:00+05:30,384.1436462402344
2017-02-14 00:00:00+05:30,385.4510192871094
2017-02-15 00:00:00+05:30,383.14849853515625
2017-02-16 00:00:00+05:30,394.97308349609375
2017-02-17 00:00:00+05:30,390.2900695800781
2017-02-20 00:00:00+05:30,394.2511291503906
2017-02-21 00:00:00+05:30,395.5584716796875
2017-02-22 00:00:00+05:30,386.4071044921875
2017-02-23 00:00:00+05:30,393.70477294921875
2017-02-27 00:00:00+05:30,395.0901794433594
2017-02-28 00:00:00+05:30,395.0901794433594
2017-03-01 00:00:00+05:30,400.06591796875
2017-03-02 00:00:00+05:30,399.3439025878906
2017-03-03 00:00:00+05:30,402.4268798828125
2017-03-06 00:00:00+05:30,403.4806823730469
2017-03-07 00:00:00+05:30,397.9779968261719
2017-03-08 00:00:00+05:30,393.2950439453125
2017-03-09 00:00:00+05:30,394.7585144042969
2017-03-10 00:00:00+05:30,398.778076171875
2017-03-14 00:00:00+05:30,403.8318786621094
2017-03-15 00:00:00+05:30,394.91455078125
2017-03-16 00:00:00+05:30,401.50982666015625
2017-03-17 00:00:00+05:30,405.97821044921875
2017-03-20 00:00:00+05:30,398.6414794921875
2017-03-21 00:00:00+05:30,403.07073974609375
2017-03-22 00:00:00+05:30,401.0610046386719
2017-03-23 00:00:00+05:30,406.03668212890625
2017-03-24 00:00:00+05:30,402.50494384765625
2017-03-27 00:00:00+05:30,401.50982666015625
2017-03-28 00:00:00+05:30,403.9684143066406
2017-03-29 00:00:00+05:30,402.6805725097656
2017-03-30 00:00:00+05:30,400.2024230957031
2017-03-31 00:00:00+05:30,398.9342346191406
2017-04-03 00:00:00+05:30,393.6852722167969
2017-04-05 00:00:00+05:30,388.6705627441406
2017-04-06 00:00:00+05:30,390.094970703125
2017-04-07 00:00:00+05:30,383.0509948730469
2017-04-10 00:00:00+05:30,372.0653991699219
2017-04-11 00:00:00+05:30,377.43133544921875
2017-04-12 00:00:00+05:30,378.0947570800781
2017-04-13 00:00:00+05:30,363.4798889160156
2017-04-17 00:00:00+05:30,360.9432678222656
2017-04-18 00:00:00+05:30,360.065185546875
2017-04-19 00:00:00+05:30,358.71881103515625
2017-04-20 00:00:00+05:30,361.87982177734375
2017-04-21 00:00:00+05:30,360.47491455078125
2017-04-24 00:00:00+05:30,361.587158203125
2017-04-25 00:00:00+05:30,362.67987060546875
2017-04-26 00:00:00+05:30,356.787109375
2017-04-27 00:00:00+05:30,361.0798034667969
2017-04-28 00:00:00+05:30,358.6212463378906
2017-05-02 00:00:00+05:30,360.045654296875
2017-05-03 00:00:00+05:30,364.6115417480469
2017-05-04 00:00:00+05:30,365.91888427734375
2017-05-05 00:00:00+05:30,363.51885986328125
2017-05-08 00:00:00+05:30,368.9823913574219
2017-05-09 00:00:00+05:30,369.43115234375
2017-05-10 00:00:00+05:30,368.2603759765625
2017-05-11 00:00:00+05:30,368.4360656738281
2017-05-12 00:00:00+05:30,376.2995910644531
2017-05-15 00:00:00+05:30,371.3434143066406
2017-05-16 00:00:00+05:30,372.68975830078125
2017-05-17 00:00:00+05:30,371.83123779296875
2017-05-18 00:00:00+05:30,375.323974609375
2017-05-19 00:00:00+05:30,373.8410339355469
2017-05-22 00:00:00+05:30,375.2068786621094
2017-05-23 00:00:00+05:30,373.58734130859375
2017-05-24 00:00:00+05:30,372.6117858886719
2017-05-25 00:00:00+05:30,383.73388671875
2017-05-26 00:00:00+05:30,388.5729675292969
2017-05-29 00:00:00+05:30,384.4559020996094
2017-05-30 00:00:00+05:30,388.76812744140625
2017-05-31 00:00:00+05:30,381.2947692871094
2017-06-01 00:00:00+05:30,384.9005126953125
2017-06-02 00:00:00+05:30,384.1279296875
2017-06-05 00:00:00+05:30,379.8881530761719
2017-06-06 00:00:00+05:30,388.0505676269531
2017-06-07 00:00:00+05:30,380.89862060546875
2017-06-08 00:00:00+05:30,378.9768371582031
2017-06-09 00:00:00+05:30,375.866455078125
2017-06-12 00:00:00+05:30,381.908935546875
2017-06-13 00:00:00+05:30,379.51177978515625
2017-06-14 00:00:00+05:30,379.8287658691406
2017-06-15 00:00:00+05:30,377.2532653808594
2017-06-16 00:00:00+05:30,372.557861328125
2017-06-19 00:00:00+05:30,368.4370422363281
2017-06-20 00:00:00+05:30,373.865478515625
2017-06-21 00:00:00+05:30,373.7862243652344
2017-06-22 00:00:00+05:30,372.51824951171875
2017-06-23 00:00:00+05:30,373.74658203125
2017-06-27 00:00:00+05:30,367.3276672363281
2017-06-28 00:00:00+05:30,366.3964538574219
2017-06-29 00:00:00+05:30,368.57574462890625
2017-06-30 00:00:00+05:30,370.6955871582031
2017-07-03 00:00:00+05:30,377.1740417480469
2017-07-04 00:00:00+05:30,381.2353820800781
2017-07-05 00:00:00+05:30,376.77777099609375
2017-07-06 00:00:00+05:30,375.232421875
2017-07-07 00:00:00+05:30,370.6361999511719
2017-07-10 00:00:00+05:30,379.214599609375
2017-07-11 00:00:00+05:30,386.4656677246094
2017-07-12 00:00:00+05:30,385.2770080566406
2017-07-13 00:00:00+05:30,387.1392822265625
2017-07-14 00:00:00+05:30,385.1580505371094
2017-07-17 00:00:00+05:30,389.9128723144531
2017-07-18 00:00:00+05:30,390.52703857421875
2017-07-19 00:00:00+05:30,388.2486572265625
2017-07-20 00:00:00+05:30,384.1279296875
2017-07-21 00:00:00+05:30,388.3478088378906
2017-07-24 00:00:00+05:30,392.4884033203125
2017-07-25 00:00:00+05:30,393.7959899902344
2017-07-26 00:00:00+05:30,393.8752136230469
2017-07-27 00:00:00+05:30,384.7618408203125
2017-07-28 00:00:00+05:30,395.1827392578125
2017-07-31 00:00:00+05:30,400.6705627441406
2017-08-01 00:00:00+05:30,398.431884765625
2017-08-02 00:00:00+05:30,393.5978088378906
2017-08-03 00:00:00+05:30,389.8930969238281
2017-08-04 00:00:00+05:30,389.79400634765625
2017-08-07 00:00:00+05:30,383.6524963378906
2017-08-08 00:00:00+05:30,381.908935546875
2017-08-09 00:00:00+05:30,384.08831787109375
2017-08-10 00:00:00+05:30,388.8034362792969
2017-08-11 00:00:00+05:30,391.35919189453125
2017-08-14 00:00:00+05:30,388.8826599121094
2017-08-16 00:00:00+05:30,386.4062194824219
2017-08-17 00:00:00+05:30,404.4942321777344
2017-08-18 00:00:00+05:30,365.8219299316406
2017-08-21 00:00:00+05:30,346.0697937011719
2017-08-22 00:00:00+05:30,346.86224365234375
2017-08-23 00:00:00+05:30,353.7566223144531
2017-08-24 00:00:00+05:30,361.4237976074219
2017-08-28 00:00:00+05:30,372.8550109863281
2017-08-29 00:00:00+05:30,367.4861145019531
2017-08-30 00:00:00+05:30,367.1691589355469
2017-08-31 00:00:00+05:30,362.5331726074219
2017-09-01 00:00:00+05:30,364.5143737792969
2017-09-04 00:00:00+05:30,356.6888122558594
2017-09-05 00:00:00+05:30,357.3623352050781
2017-09-06 00:00:00+05:30,354.86614990234375
2017-09-07 00:00:00+05:30,354.9255676269531
2017-09-08 00:00:00+05:30,350.3886413574219
2017-09-11 00:00:00+05:30,348.16973876953125
2017-09-12 00:00:00+05:30,350.2896423339844
2017-09-13 00:00:00+05:30,350.17071533203125
2017-09-14 00:00:00+05:30,353.59820556640625
2017-09-15 00:00:00+05:30,359.87841796875
2017-09-18 00:00:00+05:30,360.2152404785156
2017-09-19 00:00:00+05:30,361.46337890625
2017-09-20 00:00:00+05:30,361.6417236328125
2017-09-21 00:00:00+05:30,360.3935852050781
2017-09-22 00:00:00+05:30,355.9359130859375
2017-09-25 00:00:00+05:30,354.76702880859375
2017-09-26 00:00:00+05:30,358.94732666015625
2017-09-27 00:00:00+05:30,356.5302734375
2017-09-28 00:00:00+05:30,355.0245666503906
2017-09-29 00:00:00+05:30,356.5699768066406
2017-10-03 00:00:00+05:30,358.0161437988281
2017-10-04 00:00:00+05:30,356.4510498046875
2017-10-05 00:00:00+05:30,357.8180236816406
2017-10-06 00:00:00+05:30,364.5935363769531
2017-10-09 00:00:00+05:30,366.0794372558594
2017-10-10 00:00:00+05:30,370.6559753417969
2017-10-11 00:00:00+05:30,368.77392578125
2017-10-12 00:00:00+05:30,367.42669677734375
2017-10-13 00:00:00+05:30,368.53619384765625
2017-10-16 00:00:00+05:30,372.0625915527344
2017-10-17 00:00:00+05:30,368.6946716308594
2017-10-18 00:00:00+05:30,366.2577819824219
2017-10-19 00:00:00+05:30,367.2879638671875
2017-10-23 00:00:00+05:30,372.26068115234375
2017-10-24 00:00:00+05:30,367.10968017578125
2017-10-25 00:00:00+05:30,370.5965881347656
2017-10-26 00:00:00+05:30,375.3711242675781
2017-10-27 00:00:00+05:30,374.97491455078125
2017-10-30 00:00:00+05:30,374.0834045410156
2017-10-31 00:00:00+05:30,370.3670654296875
2017-11-01 00:00:00+05:30,372.4562683105469
2017-11-02 00:00:00+05:30,370.7889404296875
2017-11-03 00:00:00+05:30,372.2955627441406
2017-11-06 00:00:00+05:30,373.119140625
2017-11-07 00:00:00+05:30,383.8865051269531
2017-11-08 00:00:00+05:30,382.600830078125
2017-11-09 00:00:00+05:30,383.4847106933594
2017-11-10 00:00:00+05:30,386.5180358886719
2017-11-13 00:00:00+05:30,382.4601745605469
2017-11-14 00:00:00+05:30,381.3152160644531
2017-11-15 00:00:00+05:30,382.3999328613281
2017-11-16 00:00:00+05:30,397.1045227050781
2017-11-17 00:00:00+05:30,390.0937194824219
2017-11-20 00:00:00+05:30,385.9154052734375
2017-11-21 00:00:00+05:30,388.2054443359375
2017-11-22 00:00:00+05:30,388.22552490234375
2017-11-23 00:00:00+05:30,398.2495422363281
2017-11-24 00:00:00+05:30,405.6019287109375
2017-11-27 00:00:00+05:30,401.26275634765625
2017-11-28 00:00:00+05:30,395.61798095703125
2017-11-29 00:00:00+05:30,394.814453125
2017-11-30 00:00:00+05:30,392.1628112792969
2017-12-01 00:00:00+05:30,385.2123107910156
2017-12-04 00:00:00+05:30,395.8791198730469
2017-12-05 00:00:00+05:30,395.47735595703125
2017-12-06 00:00:00+05:30,397.86785888671875
2017-12-07 00:00:00+05:30,401.6847229003906
2017-12-08 00:00:00+05:30,402.5083312988281
2017-12-11 00:00:00+05:30,403.8943786621094
2017-12-12 00:00:00+05:30,405.98358154296875
2017-12-13 00:00:00+05:30,403.2716369628906
2017-12-14 00:00:00+05:30,407.028076171875
2017-12-15 00:00:00+05:30,410.9654541015625
2017-12-18 00:00:00+05:30,408.4342956542969
2017-12-19 00:00:00+05:30,403.3520202636719
2017-12-20 00:00:00+05:30,408.1330261230469
2017-12-21 00:00:00+05:30,410.6239318847656
2017-12-22 00:00:00+05:30,417.5744323730469
2017-12-26 00:00:00+05:30,416.06781005859375
2017-12-27 00:00:00+05:30,415.5254821777344
2017-12-28 00:00:00+05:30,415.1236877441406
2017-12-29 00:00:00+05:30,418.6592712402344
2018-01-01 00:00:00+05:30,415.2442626953125
2018-01-02 00:00:00+05:30,413.6974182128906
2018-01-03 00:00:00+05:30,410.32257080078125
2018-01-04 00:00:00+05:30,407.9521789550781
2018-01-05 00:00:00+05:30,406.586181640625
2018-01-08 00:00:00+05:30,416.2486572265625
2018-01-09 00:00:00+05:30,418.37799072265625
2018-01-10 00:00:00+05:30,422.75726318359375
2018-01-11 00:00:00+05:30,432.2188415527344
2018-01-12 00:00:00+05:30,433.283447265625
2018-01-15 00:00:00+05:30,434.36822509765625
2018-01-16 00:00:00+05:30,451.1219482421875
2018-01-17 00:00:00+05:30,462.8734436035156
2018-01-18 00:00:00+05:30,463.114501953125
2018-01-19 00:00:00+05:30,459.3980712890625
2018-01-22 00:00:00+05:30,462.02972412109375
2018-01-23 00:00:00+05:30,472.9176025390625
2018-01-24 00:00:00+05:30,476.41302490234375
2018-01-25 00:00:00+05:30,472.2346496582031
2018-01-29 00:00:00+05:30,475.2477722167969
2018-01-30 00:00:00+05:30,470.3262939453125
2018-01-31 00:00:00+05:30,462.13018798828125
2018-02-01 00:00:00+05:30,459.8602294921875
2018-02-02 00:00:00+05:30,459.3177795410156
2018-02-05 00:00:00+05:30,457.288818359375
2018-02-06 00:00:00+05:30,445.0552062988281
2018-02-07 00:00:00+05:30,445.5775451660156
2018-02-08 00:00:00+05:30,455.70196533203125
2018-02-09 00:00:00+05:30,445.6177062988281
2018-02-12 00:00:00+05:30,443.0664367675781
2018-02-14 00:00:00+05:30,441.03753662109375
2018-02-15 00:00:00+05:30,447.74700927734375
2018-02-16 00:00:00+05:30,453.2109375
2018-02-19 00:00:00+05:30,454.697509765625
2018-02-20 00:00:00+05:30,456.7867736816406
2018-02-21 00:00:00+05:30,460.9852294921875
2018-02-22 00:00:00+05:30,466.34869384765625
2018-02-23 00:00:00+05:30,464.29974365234375
2018-02-26 00:00:00+05:30,457.4495544433594
2018-02-27 00:00:00+05:30,462.1100769042969
2018-02-28 00:00:00+05:30,471.109619140625
2018-03-01 00:00:00+05:30,466.34869384765625
2018-03-05 00:00:00+05:30,464.4002685546875
2018-03-06 00:00:00+05:30,462.5722351074219
2018-03-07 00:00:00+05:30,459.65936279296875
2018-03-08 00:00:00+05:30,464.7015075683594
2018-03-09 00:00:00+05:30,467.41339111328125
2018-03-12 00:00:00+05:30,476.392822265625
2018-03-13 00:00:00+05:30,475.60943603515625
2018-03-14 00:00:00+05:30,474.40411376953125
2018-03-15 00:00:00+05:30,475.08709716796875
2018-03-16 00:00:00+05:30,470.828369140625
2018-03-19 00:00:00+05:30,460.7240295410156
2018-03-20 00:00:00+05:30,467.87542724609375
2018-03-21 00:00:00+05:30,469.0606384277344
2018-03-22 00:00:00+05:30,466.5697021484375
2018-03-23 00:00:00+05:30,469.1007995605469
2018-03-26 00:00:00+05:30,464.1390686035156
2018-03-27 00:00:00+05:30,463.6368408203125
2018-03-28 00:00:00+05:30,454.7176208496094
2018-04-02 00:00:00+05:30,456.8670654296875
2018-04-03 00:00:00+05:30,458.1928405761719
2018-04-04 00:00:00+05:30,451.6642150878906
2018-04-05 00:00:00+05:30,461.04541015625
2018-04-06 00:00:00+05:30,452.7892150878906
2018-04-09 00:00:00+05:30,446.4613342285156
2018-04-10 00:00:00+05:30,447.3251037597656
2018-04-11 00:00:00+05:30,451.6842346191406
2018-04-12 00:00:00+05:30,467.0920715332031
2018-04-13 00:00:00+05:30,470.64764404296875
2018-04-16 00:00:00+05:30,455.27996826171875
2018-04-17 00:00:00+05:30,452.0659484863281
2018-04-18 00:00:00+05:30,452.3673095703125
2018-04-19 00:00:00+05:30,455.1395263671875
2018-04-20 00:00:00+05:30,473.4600830078125
2018-04-23 00:00:00+05:30,477.1761779785156
2018-04-24 00:00:00+05:30,463.8377685546875
2018-04-25 00:00:00+05:30,466.18792724609375
2018-04-26 00:00:00+05:30,472.65643310546875
2018-04-27 00:00:00+05:30,476.1717834472656
2018-04-30 00:00:00+05:30,481.9171142578125
2018-05-02 00:00:00+05:30,480.932861328125
2018-05-03 00:00:00+05:30,475.107177734375
2018-05-04 00:00:00+05:30,471.3105163574219
2018-05-07 00:00:00+05:30,475.2879638671875
2018-05-08 00:00:00+05:30,468.2772216796875
2018-05-09 00:00:00+05:30,470.3463134765625
2018-05-10 00:00:00+05:30,469.26153564453125
2018-05-11 00:00:00+05:30,474.38397216796875
2018-05-14 00:00:00+05:30,477.8190612792969
2018-05-15 00:00:00+05:30,479.92840576171875
2018-05-16 00:00:00+05:30,478.0802001953125
2018-05-17 00:00:00+05:30,475.2477722167969
2018-05-18 00:00:00+05:30,475.36834716796875
2018-05-21 00:00:00+05:30,473.8818054199219
2018-05-22 00:00:00+05:30,479.6471862792969
2018-05-23 00:00:00+05:30,476.05133056640625
2018-05-24 00:00:00+05:30,490.55517578125
2018-05-25 00:00:00+05:30,493.48797607421875
2018-05-28 00:00:00+05:30,487.9034423828125
2018-05-29 00:00:00+05:30,488.82745361328125
2018-05-30 00:00:00+05:30,486.81866455078125
2018-05-31 00:00:00+05:30,494.8941650390625
2018-06-01 00:00:00+05:30,490.474853515625
2018-06-04 00:00:00+05:30,497.9476318359375
2018-06-05 00:00:00+05:30,490.4947509765625
2018-06-06 00:00:00+05:30,497.1640625
2018-06-07 00:00:00+05:30,503.1904602050781
2018-06-08 00:00:00+05:30,506.2440490722656
2018-06-11 00:00:00+05:30,507.1881408691406
2018-06-12 00:00:00+05:30,505.62127685546875
2018-06-13 00:00:00+05:30,512.1700439453125
2018-06-14 00:00:00+05:30,510.2765808105469
2018-06-15 00:00:00+05:30,527.3790283203125
2018-06-18 00:00:00+05:30,521.67822265625
2018-06-19 00:00:00+05:30,511.0586853027344
2018-06-20 00:00:00+05:30,511.6968078613281
2018-06-21 00:00:00+05:30,513.09619140625
2018-06-22 00:00:00+05:30,513.6311645507812
2018-06-25 00:00:00+05:30,523.7569580078125
2018-06-26 00:00:00+05:30,525.979736328125
2018-06-27 00:00:00+05:30,522.7484130859375
2018-06-28 00:00:00+05:30,530.8161010742188
2018-06-29 00:00:00+05:30,538.0604248046875
2018-07-02 00:00:00+05:30,549.3798828125
2018-07-03 00:00:00+05:30,557.2210083007812
2018-07-04 00:00:00+05:30,553.70166015625
2018-07-05 00:00:00+05:30,528.5110473632812
2018-07-06 00:00:00+05:30,528.6138916015625
2018-07-09 00:00:00+05:30,534.62353515625
2018-07-10 00:00:00+05:30,535.6731567382812
2018-07-11 00:00:00+05:30,543.5143432617188
2018-07-12 00:00:00+05:30,532.771240234375
2018-07-13 00:00:00+05:30,542.2589111328125
2018-07-16 00:00:00+05:30,548.6182861328125
2018-07-17 00:00:00+05:30,546.5809326171875
2018-07-18 00:00:00+05:30,544.3787841796875
2018-07-19 00:00:00+05:30,541.9708251953125
2018-07-20 00:00:00+05:30,554.8954467773438
2018-07-23 00:00:00+05:30,558.1265258789062
2018-07-24 00:00:00+05:30,566.852783203125
2018-07-25 00:00:00+05:30,569.5693359375
2018-07-26 00:00:00+05:30,565.24755859375
2018-07-27 00:00:00+05:30,565.329833984375
2018-07-30 00:00:00+05:30,556.0890502929688
2018-07-31 00:00:00+05:30,561.8929443359375
2018-08-01 00:00:00+05:30,557.3445434570312
2018-08-02 00:00:00+05:30,557.1798706054688
2018-08-03 00:00:00+05:30,561.4812622070312
2018-08-06 00:00:00+05:30,560.0610961914062
2018-08-07 00:00:00+05:30,563.0659790039062
2018-08-08 00:00:00+05:30,560.925537109375
2018-08-09 00:00:00+05:30,568.00537109375
2018-08-10 00:00:00+05:30,570.2691040039062
2018-08-13 00:00:00+05:30,579.8598022460938
2018-08-14 00:00:00+05:30,579.6746215820312
2018-08-16 00:00:00+05:30,588.4212646484375
2018-08-17 00:00:00+05:30,588.7505493164062
2018-08-20 00:00:00+05:30,569.7752075195312
2018-08-21 00:00:00+05:30,569.651611328125
2018-08-23 00:00:00+05:30,575.18798828125
2018-08-24 00:00:00+05:30,567.3261108398438
2018-08-27 00:00:00+05:30,582.5969848632812
2018-08-28 00:00:00+05:30,586.425048828125
2018-08-29 00:00:00+05:30,580.4154663085938
2018-08-30 00:00:00+05:30,582.9263305664062
2018-08-31 00:00:00+05:30,593.1754760742188
2018-09-03 00:00:00+05:30,590.3558349609375
2018-09-04 00:00:00+05:30,606.8410034179688
2018-09-05 00:00:00+05:30,600.87255859375
2018-09-06 00:00:00+05:30,598.6087646484375
2018-09-07 00:00:00+05:30,603.2598876953125
2018-09-10 00:00:00+05:30,601.65478515625
2018-09-11 00:00:00+05:30,604.4948120117188
2018-09-12 00:00:00+05:30,611.574462890625
2018-09-14 00:00:00+05:30,604.0009155273438
2018-09-17 00:00:00+05:30,597.6209106445312
2018-09-18 00:00:00+05:30,591.9818725585938
2018-09-19 00:00:00+05:30,592.516845703125
2018-09-21 00:00:00+05:30,580.6212768554688
2018-09-24 00:00:00+05:30,591.2821044921875
2018-09-25 00:00:00+05:30,597.82666015625
2018-09-26 00:00:00+05:30,590.9527587890625
2018-09-27 00:00:00+05:30,596.6741333007812
2018-09-28 00:00:00+05:30,600.9961547851562
2018-10-01 00:00:00+05:30,614.6616821289062
2018-10-03 00:00:00+05:30,599.7200927734375
2018-10-04 00:00:00+05:30,582.1853637695312
2018-10-05 00:00:00+05:30,596.509521484375
2018-10-08 00:00:00+05:30,588.1537475585938
2018-10-09 00:00:00+05:30,590.8704223632812
2018-10-10 00:00:00+05:30,576.6286010742188
2018-10-11 00:00:00+05:30,554.3192138671875
2018-10-12 00:00:00+05:30,558.8057250976562
2018-10-15 00:00:00+05:30,575.2703247070312
2018-10-16 00:00:00+05:30,572.3478393554688
2018-10-17 00:00:00+05:30,580.662353515625
2018-10-19 00:00:00+05:30,562.716064453125
2018-10-22 00:00:00+05:30,559.7525634765625
2018-10-23 00:00:00+05:30,541.3533325195312
2018-10-24 00:00:00+05:30,534.9322509765625
2018-10-25 00:00:00+05:30,539.8837280273438
2018-10-26 00:00:00+05:30,527.2759399414062
2018-10-29 00:00:00+05:30,536.5550537109375
2018-10-30 00:00:00+05:30,548.9129638671875
2018-10-31 00:00:00+05:30,571.2156982421875
2018-11-01 00:00:00+05:30,554.821533203125
2018-11-02 00:00:00+05:30,551.1182250976562
2018-11-05 00:00:00+05:30,554.2389526367188
2018-11-06 00:00:00+05:30,554.6136474609375
2018-11-07 00:00:00+05:30,562.144775390625
2018-11-09 00:00:00+05:30,548.829833984375
2018-11-12 00:00:00+05:30,552.7412109375
2018-11-13 00:00:00+05:30,553.9893798828125
2018-11-14 00:00:00+05:30,543.5870361328125
2018-11-15 00:00:00+05:30,546.25
2018-11-16 00:00:00+05:30,541.63134765625
2018-11-19 00:00:00+05:30,542.3387451171875
2018-11-20 00:00:00+05:30,533.7672729492188
2018-11-21 00:00:00+05:30,515.209228515625
2018-11-22 00:00:00+05:30,516.5823974609375
2018-11-26 00:00:00+05:30,517.1649169921875
2018-11-27 00:00:00+05:30,531.6867065429688
2018-11-28 00:00:00+05:30,554.5718994140625
2018-11-29 00:00:00+05:30,550.11962890625
2018-11-30 00:00:00+05:30,555.4456787109375
2018-12-03 00:00:00+05:30,557.8590698242188
2018-12-04 00:00:00+05:30,570.2587280273438
2018-12-05 00:00:00+05:30,567.0548706054688
2018-12-06 00:00:00+05:30,556.3194580078125
2018-12-07 00:00:00+05:30,568.2198486328125
2018-12-10 00:00:00+05:30,556.9020385742188
2018-12-11 00:00:00+05:30,561.3126831054688
2018-12-12 00:00:00+05:30,564.641357421875
2018-12-13 00:00:00+05:30,580.6610717773438
2018-12-14 00:00:00+05:30,587.5682373046875
2018-12-17 00:00:00+05:30,577.873291015625
2018-12-18 00:00:00+05:30,563.060302734375
2018-12-19 00:00:00+05:30,553.2820434570312
2018-12-20 00:00:00+05:30,555.1127319335938
2018-12-21 00:00:00+05:30,537.7619018554688
2018-12-24 00:00:00+05:30,540.0919189453125
2018-12-26 00:00:00+05:30,535.9724731445312
2018-12-27 00:00:00+05:30,546.5828247070312
2018-12-28 00:00:00+05:30,546.7077026367188
2018-12-31 00:00:00+05:30,548.3721313476562
2019-01-01 00:00:00+05:30,553.4484252929688
2019-01-02 00:00:00+05:30,556.7772216796875
2019-01-03 00:00:00+05:30,556.8604736328125
2019-01-04 00:00:00+05:30,550.11962890625
2019-01-07 00:00:00+05:30,558.9825439453125
2019-01-08 00:00:00+05:30,557.6094360351562
2019-01-09 00:00:00+05:30,562.6441650390625
2019-01-10 00:00:00+05:30,565.6400756835938
2019-01-11 00:00:00+05:30,568.8023071289062
2019-01-14 00:00:00+05:30,584.11474609375
2019-01-15 00:00:00+05:30,604.6697998046875
2019-01-16 00:00:00+05:30,613.1581420898438
2019-01-17 00:00:00+05:30,610.287109375
2019-01-18 00:00:00+05:30,608.2899169921875
2019-01-21 00:00:00+05:30,619.9819946289062
2019-01-22 00:00:00+05:30,620.2734375
2019-01-23 00:00:00+05:30,608.8723754882812
2019-01-24 00:00:00+05:30,612.5123291015625
2019-01-25 00:00:00+05:30,611.131591796875
2019-01-28 00:00:00+05:30,609.1234130859375
2019-01-29 00:00:00+05:30,609.08154296875
2019-01-30 00:00:00+05:30,607.4080810546875
2019-01-31 00:00:00+05:30,627.197509765625
2019-02-01 00:00:00+05:30,633.4732666015625
2019-02-04 00:00:00+05:30,632.5111083984375
2019-02-05 00:00:00+05:30,631.63232421875
2019-02-06 00:00:00+05:30,638.7030029296875
2019-02-07 00:00:00+05:30,639.2886962890625
2019-02-08 00:00:00+05:30,636.69482421875
2019-02-11 00:00:00+05:30,638.28466796875
2019-02-12 00:00:00+05:30,627.95068359375
2019-02-14 00:00:00+05:30,619.2481689453125
2019-02-15 00:00:00+05:30,620.8380737304688
2019-02-18 00:00:00+05:30,620.0850219726562
2019-02-19 00:00:00+05:30,606.0692749023438
2019-02-20 00:00:00+05:30,619.792236328125
2019-02-21 00:00:00+05:30,613.7255859375
2019-02-22 00:00:00+05:30,614.9808349609375
2019-02-25 00:00:00+05:30,631.6742553710938
2019-02-26 00:00:00+05:30,621.2982788085938
2019-02-27 00:00:00+05:30,615.231689453125
2019-02-28 00:00:00+05:30,614.4368896484375
2019-03-01 00:00:00+05:30,620.7962646484375
2019-03-05 00:00:00+05:30,612.9306640625
2019-03-06 00:00:00+05:30,612.9306640625
2019-03-07 00:00:00+05:30,604.9395751953125
2019-03-08 00:00:00+05:30,596.06982421875
2019-03-11 00:00:00+05:30,595.1493530273438
2019-03-12 00:00:00+05:30,591.5513305664062
2019-03-13 00:00:00+05:30,592.8065185546875
2019-03-14 00:00:00+05:30,592.7227783203125
2019-03-15 00:00:00+05:30,601.2578735351562
2019-03-18 00:00:00+05:30,594.2708129882812
2019-03-19 00:00:00+05:30,604.3538818359375
2019-03-20 00:00:00+05:30,618.3277587890625
2019-03-22 00:00:00+05:30,621.8004760742188
2019-03-25 00:00:00+05:30,615.231689453125
2019-03-26 00:00:00+05:30,608.9561157226562
2019-03-27 00:00:00+05:30,610.587646484375
2019-03-28 00:00:00+05:30,617.3655395507812
2019-04-01 00:00:00+05:30,631.8416748046875
2019-04-02 00:00:00+05:30,635.439697265625
2019-04-03 00:00:00+05:30,630.33544921875
2019-04-04 00:00:00+05:30,625.81689453125
2019-04-05 00:00:00+05:30,635.3560180664062
2019-04-08 00:00:00+05:30,642.0081176757812
2019-04-09 00:00:00+05:30,636.4437255859375
2019-04-10 00:00:00+05:30,629.83349609375
2019-04-11 00:00:00+05:30,621.4656982421875
2019-04-12 00:00:00+05:30,625.6913452148438
2019-04-15 00:00:00+05:30,608.746826171875
2019-04-16 00:00:00+05:30,605.90185546875
2019-04-18 00:00:00+05:30,600.0028076171875
2019-04-22 00:00:00+05:30,603.3497314453125
2019-04-23 00:00:00+05:30,609.3326416015625
2019-04-24 00:00:00+05:30,616.2359008789062
2019-04-25 00:00:00+05:30,609.6254272460938
2019-04-26 00:00:00+05:30,617.5328369140625
2019-04-30 00:00:00+05:30,628.7036743164062
2019-05-02 00:00:00+05:30,611.508056640625
2019-05-03 00:00:00+05:30,605.4833984375
2019-05-06 00:00:00+05:30,601.1323852539062
2019-05-07 00:00:00+05:30,606.2783813476562
2019-05-08 00:00:00+05:30,601.92724609375
2019-05-09 00:00:00+05:30,603.3497314453125
2019-05-10 00:00:00+05:30,599.8352661132812
2019-05-13 00:00:00+05:30,602.2200927734375
2019-05-14 00:00:00+05:30,597.324951171875
2019-05-15 00:00:00+05:30,599.2077026367188
2019-05-16 00:00:00+05:30,613.4326782226562
2019-05-17 00:00:00+05:30,605.7344970703125
2019-05-20 00:00:00+05:30,604.4793701171875
2019-05-21 00:00:00+05:30,593.517822265625
2019-05-22 00:00:00+05:30,593.894287109375
2019-05-23 00:00:00+05:30,586.6144409179688
2019-05-24 00:00:00+05:30,593.43408203125
2019-05-27 00:00:00+05:30,592.5135498046875
2019-05-28 00:00:00+05:30,609.248779296875
2019-05-29 00:00:00+05:30,608.9978637695312
2019-05-30 00:00:00+05:30,613.8092651367188
2019-05-31 00:00:00+05:30,617.32373046875
2019-06-03 00:00:00+05:30,623.0973510742188
2019-06-04 00:00:00+05:30,615.2735595703125
2019-06-06 00:00:00+05:30,615.5245971679688
2019-06-07 00:00:00+05:30,618.453369140625
2019-06-10 00:00:00+05:30,630.5028686523438
2019-06-11 00:00:00+05:30,631.6742553710938
2019-06-12 00:00:00+05:30,630.7538452148438
2019-06-13 00:00:00+05:30,630.2022094726562
2019-06-14 00:00:00+05:30,628.3353271484375
2019-06-17 00:00:00+05:30,628.4202270507812
2019-06-18 00:00:00+05:30,636.566650390625
2019-06-19 00:00:00+05:30,638.0516967773438
2019-06-20 00:00:00+05:30,640.5974731445312
2019-06-21 00:00:00+05:30,636.6090698242188
2019-06-24 00:00:00+05:30,632.6205444335938
2019-06-25 00:00:00+05:30,634.8270263671875
2019-06-26 00:00:00+05:30,627.2745971679688
2019-06-27 00:00:00+05:30,619.934326171875
2019-06-28 00:00:00+05:30,621.1647338867188
2019-07-01 00:00:00+05:30,620.5707397460938
2019-07-02 00:00:00+05:30,627.9534301757812
2019-07-03 00:00:00+05:30,620.5707397460938
2019-07-04 00:00:00+05:30,622.692138671875
2019-07-05 00:00:00+05:30,609.2845458984375
2019-07-08 00:00:00+05:30,608.9451904296875
2019-07-09 00:00:00+05:30,607.1632080078125
2019-07-10 00:00:00+05:30,608.648193359375
2019-07-11 00:00:00+05:30,612.2545776367188
2019-07-12 00:00:00+05:30,616.709716796875
2019-07-15 00:00:00+05:30,661.34521484375
2019-07-16 00:00:00+05:30,666.012451171875
2019-07-17 00:00:00+05:30,673.9043579101562
2019-07-18 00:00:00+05:30,672.6740112304688
2019-07-19 00:00:00+05:30,666.4791870117188
2019-07-22 00:00:00+05:30,665.6306762695312
2019-07-23 00:00:00+05:30,670.4251708984375
2019-07-24 00:00:00+05:30,667.2431030273438
2019-07-25 00:00:00+05:30,674.201416015625
2019-07-26 00:00:00+05:30,667.8370361328125
2019-07-29 00:00:00+05:30,671.61328125
2019-07-30 00:00:00+05:30,672.6740112304688
2019-07-31 00:00:00+05:30,673.4801025390625
2019-08-01 00:00:00+05:30,652.43505859375
2019-08-02 00:00:00+05:30,658.1630249023438
2019-08-05 00:00:00+05:30,659.0966796875
2019-08-06 00:00:00+05:30,657.187255859375
2019-08-07 00:00:00+05:30,658.5873413085938
2019-08-08 00:00:00+05:30,669.3219604492188
2019-08-09 00:00:00+05:30,670.2554931640625
2019-08-13 00:00:00+05:30,648.9559326171875
2019-08-14 00:00:00+05:30,657.4842529296875
2019-08-16 00:00:00+05:30,657.272216796875
2019-08-19 00:00:00+05:30,659.9027099609375
2019-08-20 00:00:00+05:30,672.7163696289062
2019-08-21 00:00:00+05:30,678.4019165039062
2019-08-22 00:00:00+05:30,675.2196655273438
2019-08-23 00:00:00+05:30,680.7354736328125
2019-08-26 00:00:00+05:30,681.0324096679688
2019-08-27 00:00:00+05:30,665.8428955078125
2019-08-28 00:00:00+05:30,680.9900512695312
2019-08-29 00:00:00+05:30,684.7662963867188
2019-08-30 00:00:00+05:30,691.5125122070312
2019-09-03 00:00:00+05:30,690.9609375
2019-09-04 00:00:00+05:30,696.9434814453125
2019-09-05 00:00:00+05:30,707.762939453125
2019-09-06 00:00:00+05:30,712.9393920898438
2019-09-09 00:00:00+05:30,703.5623779296875
2019-09-11 00:00:00+05:30,695.9252319335938
2019-09-12 00:00:00+05:30,692.7855224609375
2019-09-13 00:00:00+05:30,703.732177734375
2019-09-16 00:00:00+05:30,702.3743896484375
2019-09-17 00:00:00+05:30,705.3869018554688
2019-09-18 00:00:00+05:30,704.1988525390625
2019-09-19 00:00:00+05:30,696.434326171875
2019-09-20 00:00:00+05:30,683.1115112304688
2019-09-23 00:00:00+05:30,648.6165161132812
2019-09-24 00:00:00+05:30,673.8194580078125
2019-09-25 00:00:00+05:30,672.6314697265625
2019-09-26 00:00:00+05:30,664.0608520507812
2019-09-27 00:00:00+05:30,663.7637329101562
2019-09-30 00:00:00+05:30,683.6631469726562
2019-10-01 00:00:00+05:30,673.3952026367188
2019-10-03 00:00:00+05:30,666.6489868164062
2019-10-04 00:00:00+05:30,673.3104248046875
2019-10-07 00:00:00+05:30,670.0009155273438
2019-10-09 00:00:00+05:30,664.9942016601562
2019-10-10 00:00:00+05:30,664.4850463867188
2019-10-11 00:00:00+05:30,691.4276733398438
2019-10-14 00:00:00+05:30,667.0733032226562
2019-10-15 00:00:00+05:30,651.9683837890625
2019-10-16 00:00:00+05:30,654.6414184570312
2019-10-17 00:00:00+05:30,652.9866943359375
2019-10-18 00:00:00+05:30,651.5865478515625
2019-10-22 00:00:00+05:30,546.1073608398438
2019-10-23 00:00:00+05:30,559.0392456054688
2019-10-24 00:00:00+05:30,545.9354858398438
2019-10-25 00:00:00+05:30,547.739990234375
2019-10-27 00:00:00+05:30,557.5355834960938
2019-10-29 00:00:00+05:30,559.0823364257812
2019-10-30 00:00:00+05:30,567.6320190429688
2019-10-31 00:00:00+05:30,589.1136474609375
2019-11-01 00:00:00+05:30,591.0899658203125
2019-11-04 00:00:00+05:30,609.2205200195312
2019-11-05 00:00:00+05:30,598.1359252929688
2019-11-06 00:00:00+05:30,612.0560913085938
2019-11-07 00:00:00+05:30,618.7584228515625
2019-11-08 00:00:00+05:30,608.4901733398438
2019-11-11 00:00:00+05:30,605.2678833007812
2019-11-13 00:00:00+05:30,594.0543823242188
2019-11-14 00:00:00+05:30,606.041259765625
2019-11-15 00:00:00+05:30,604.8383178710938
2019-11-18 00:00:00+05:30,605.955322265625
2019-11-19 00:00:00+05:30,612.5287475585938
2019-11-20 00:00:00+05:30,612.6575317382812
2019-11-21 00:00:00+05:30,612.87255859375
2019-11-22 00:00:00+05:30,595.6441040039062
2019-11-25 00:00:00+05:30,599.8544311523438
2019-11-26 00:00:00+05:30,593.409912109375
2019-11-27 00:00:00+05:30,597.8351440429688
2019-11-28 00:00:00+05:30,603.0768432617188
2019-11-29 00:00:00+05:30,598.3507690429688
2019-12-02 00:00:00+05:30,595.2144165039062
2019-12-03 00:00:00+05:30,600.0691528320312
2019-12-04 00:00:00+05:30,609.0916137695312
2019-12-05 00:00:00+05:30,614.2471923828125
2019-12-06 00:00:00+05:30,614.4619750976562
2019-12-09 00:00:00+05:30,616.3095092773438
2019-12-10 00:00:00+05:30,613.989501953125
2019-12-11 00:00:00+05:30,619.57470703125
2019-12-12 00:00:00+05:30,603.29150390625
2019-12-13 00:00:00+05:30,611.19677734375
2019-12-16 00:00:00+05:30,613.5169067382812
2019-12-17 00:00:00+05:30,627.0072631835938
2019-12-18 00:00:00+05:30,629.3703002929688
2019-12-19 00:00:00+05:30,627.9954833984375
2019-12-20 00:00:00+05:30,628.5971069335938
2019-12-23 00:00:00+05:30,632.4207153320312
2019-12-24 00:00:00+05:30,630.1866455078125
2019-12-26 00:00:00+05:30,626.3629760742188
2019-12-27 00:00:00+05:30,633.237060546875
2019-12-30 00:00:00+05:30,629.7569580078125
2019-12-31 00:00:00+05:30,628.2532348632812
2020-01-01 00:00:00+05:30,633.1510620117188
2020-01-02 00:00:00+05:30,631.3037109375
2020-01-03 00:00:00+05:30,641.0134887695312
2020-01-06 00:00:00+05:30,634.8696899414062
2020-01-07 00:00:00+05:30,625.460693359375
2020-01-08 00:00:00+05:30,617.125732421875
2020-01-09 00:00:00+05:30,625.159912109375
2020-01-10 00:00:00+05:30,634.2682495117188
2020-01-13 00:00:00+05:30,664.6862182617188
2020-01-14 00:00:00+05:30,666.4907836914062
2020-01-15 00:00:00+05:30,659.5305786132812
2020-01-16 00:00:00+05:30,659.0580444335938
2020-01-17 00:00:00+05:30,659.7883911132812
2020-01-20 00:00:00+05:30,660.303955078125
2020-01-21 00:00:00+05:30,655.1913452148438
2020-01-22 00:00:00+05:30,661.8077392578125
2020-01-23 00:00:00+05:30,673.9663696289062
2020-01-24 00:00:00+05:30,672.5914916992188
2020-01-27 00:00:00+05:30,668.5957641601562
2020-01-28 00:00:00+05:30,668.5100708007812
2020-01-29 00:00:00+05:30,678.5634155273438
2020-01-30 00:00:00+05:30,670.8299560546875
2020-01-31 00:00:00+05:30,666.7484741210938
2020-02-03 00:00:00+05:30,659.4017333984375
2020-02-04 00:00:00+05:30,676.9736938476562
2020-02-05 00:00:00+05:30,674.1381225585938
2020-02-06 00:00:00+05:30,662.7957763671875
2020-02-07 00:00:00+05:30,667.9085083007812
2020-02-10 00:00:00+05:30,664.385498046875
2020-02-11 00:00:00+05:30,664.6862182617188
2020-02-12 00:00:00+05:30,671.1307983398438
2020-02-13 00:00:00+05:30,680.7545166015625
2020-02-14 00:00:00+05:30,675.7708129882812
2020-02-17 00:00:00+05:30,678.3485717773438
2020-02-18 00:00:00+05:30,685.3945922851562
2020-02-19 00:00:00+05:30,687.800537109375
2020-02-20 00:00:00+05:30,684.8360595703125
2020-02-24 00:00:00+05:30,683.847900390625
2020-02-25 00:00:00+05:30,686.0390625
2020-02-26 00:00:00+05:30,672.5914916992188
2020-02-27 00:00:00+05:30,668.381103515625
2020-02-28 00:00:00+05:30,628.7258911132812
2020-03-02 00:00:00+05:30,636.7600708007812
2020-03-03 00:00:00+05:30,641.8727416992188
2020-03-04 00:00:00+05:30,651.9691772460938
2020-03-05 00:00:00+05:30,648.403076171875
2020-03-06 00:00:00+05:30,634.95556640625
2020-03-09 00:00:00+05:30,605.3108520507812
2020-03-11 00:00:00+05:30,589.4573974609375
2020-03-12 00:00:00+05:30,542.3694458007812
2020-03-13 00:00:00+05:30,551.950439453125
2020-03-16 00:00:00+05:30,501.0817565917969
2020-03-17 00:00:00+05:30,476.85040283203125
2020-03-18 00:00:00+05:30,459.1064758300781
2020-03-19 00:00:00+05:30,468.77325439453125
2020-03-20 00:00:00+05:30,502.84332275390625
2020-03-23 00:00:00+05:30,452.3612060546875
2020-03-24 00:00:00+05:30,506.7958984375
2020-03-25 00:00:00+05:30,520.8878784179688
2020-03-26 00:00:00+05:30,552.5089721679688
2020-03-27 00:00:00+05:30,560.8438110351562
2020-03-30 00:00:00+05:30,538.5027465820312
2020-03-31 00:00:00+05:30,551.2200927734375
2020-04-01 00:00:00+05:30,517.9663696289062
2020-04-03 00:00:00+05:30,503.2728576660156
2020-04-07 00:00:00+05:30,549.0718383789062
2020-04-08 00:00:00+05:30,542.7131958007812
2020-04-09 00:00:00+05:30,546.7088623046875
2020-04-13 00:00:00+05:30,547.6969604492188
2020-04-15 00:00:00+05:30,549.11474609375
2020-04-16 00:00:00+05:30,536.0538330078125
2020-04-17 00:00:00+05:30,540.264404296875
2020-04-20 00:00:00+05:30,561.3594360351562
2020-04-21 00:00:00+05:30,544.0880737304688
2020-04-22 00:00:00+05:30,551.5208129882812
2020-04-23 00:00:00+05:30,583.700439453125
2020-04-24 00:00:00+05:30,565.3978881835938
2020-04-27 00:00:00+05:30,571.0690307617188
2020-04-28 00:00:00+05:30,567.7178344726562
2020-04-29 00:00:00+05:30,581.3373413085938
2020-04-30 00:00:00+05:30,614.8057861328125
2020-05-04 00:00:00+05:30,578.8883056640625
2020-05-05 00:00:00+05:30,578.8883056640625
2020-05-06 00:00:00+05:30,572.1861572265625
2020-05-07 00:00:00+05:30,571.3697509765625
2020-05-08 00:00:00+05:30,579.3180541992188
2020-05-11 00:00:00+05:30,586.793701171875
2020-05-12 00:00:00+05:30,590.8753051757812
2020-05-13 00:00:00+05:30,596.4603881835938
2020-05-14 00:00:00+05:30,565.5267333984375
2020-05-15 00:00:00+05:30,560.5000610351562
2020-05-18 00:00:00+05:30,570.467529296875
2020-05-19 00:00:00+05:30,574.5061645507812
2020-05-20 00:00:00+05:30,575.3223266601562
2020-05-21 00:00:00+05:30,577.599609375
2020-05-22 00:00:00+05:30,594.9137573242188
2020-05-26 00:00:00+05:30,584.7744140625
2020-05-27 00:00:00+05:30,606.170166015625
2020-05-28 00:00:00+05:30,607.8457641601562
2020-05-29 00:00:00+05:30,601.8360595703125
2020-06-01 00:00:00+05:30,609.2827758789062
2020-06-02 00:00:00+05:30,616.7294921875
2020-06-03 00:00:00+05:30,611.0247192382812
2020-06-04 00:00:00+05:30,616.4247436523438
2020-06-05 00:00:00+05:30,612.7666015625
2020-06-08 00:00:00+05:30,627.8344116210938
2020-06-09 00:00:00+05:30,625.0036010742188
2020-06-10 00:00:00+05:30,623.4795532226562
2020-06-11 00:00:00+05:30,613.1149291992188
2020-06-12 00:00:00+05:30,602.7505493164062
2020-06-15 00:00:00+05:30,598.8312377929688
2020-06-16 00:00:00+05:30,610.7198486328125
2020-06-17 00:00:00+05:30,612.8536987304688
2020-06-18 00:00:00+05:30,621.7811279296875
2020-06-19 00:00:00+05:30,614.508544921875
2020-06-22 00:00:00+05:30,612.8972778320312
2020-06-23 00:00:00+05:30,627.6602172851562
2020-06-24 00:00:00+05:30,621.9989013671875
2020-06-25 00:00:00+05:30,610.1102294921875
2020-06-26 00:00:00+05:30,651.6552124023438
2020-06-29 00:00:00+05:30,637.3277587890625
2020-06-30 00:00:00+05:30,640.98583984375
2020-07-01 00:00:00+05:30,637.4584350585938
2020-07-02 00:00:00+05:30,658.9713134765625
2020-07-03 00:00:00+05:30,664.2841796875
2020-07-06 00:00:00+05:30,665.4163818359375
2020-07-07 00:00:00+05:30,691.6759643554688
2020-07-08 00:00:00+05:30,674.7357177734375
2020-07-09 00:00:00+05:30,680.8324584960938
2020-07-10 00:00:00+05:30,680.9630737304688
2020-07-13 00:00:00+05:30,694.20166015625
2020-07-14 00:00:00+05:30,682.1824951171875
2020-07-15 00:00:00+05:30,723.7276000976562
2020-07-16 00:00:00+05:30,793.4480590820312
2020-07-17 00:00:00+05:30,786.6110229492188
2020-07-20 00:00:00+05:30,813.7415161132812
2020-07-21 00:00:00+05:30,815.8754272460938
2020-07-22 00:00:00+05:30,799.457763671875
2020-07-23 00:00:00+05:30,790.7916259765625
2020-07-24 00:00:00+05:30,803.7689208984375
2020-07-27 00:00:00+05:30,826.0657348632812
2020-07-28 00:00:00+05:30,838.607666015625
2020-07-29 00:00:00+05:30,831.0300903320312
2020-07-30 00:00:00+05:30,837.3882446289062
2020-07-31 00:00:00+05:30,841.3511962890625
2020-08-03 00:00:00+05:30,833.42529296875
2020-08-04 00:00:00+05:30,827.2849731445312
2020-08-05 00:00:00+05:30,822.7996215820312
2020-08-06 00:00:00+05:30,845.5753173828125
2020-08-07 00:00:00+05:30,828.1996459960938
2020-08-10 00:00:00+05:30,828.5914306640625
2020-08-11 00:00:00+05:30,826.0657348632812
2020-08-12 00:00:00+05:30,831.7269287109375
2020-08-13 00:00:00+05:30,828.4608764648438
2020-08-14 00:00:00+05:30,830.5510864257812
2020-08-17 00:00:00+05:30,833.947998046875
2020-08-18 00:00:00+05:30,842.7011108398438
2020-08-19 00:00:00+05:30,835.515625
2020-08-20 00:00:00+05:30,831.9012451171875
2020-08-21 00:00:00+05:30,826.37060546875
2020-08-24 00:00:00+05:30,825.1512451171875
2020-08-25 00:00:00+05:30,817.05126953125
2020-08-26 00:00:00+05:30,828.112548828125
2020-08-27 00:00:00+05:30,824.8463745117188
2020-08-28 00:00:00+05:30,814.5689697265625
2020-08-31 00:00:00+05:30,808.777099609375
2020-09-01 00:00:00+05:30,796.191650390625
2020-09-02 00:00:00+05:30,804.7705688476562
2020-09-03 00:00:00+05:30,814.830322265625
2020-09-04 00:00:00+05:30,800.5465087890625
2020-09-07 00:00:00+05:30,805.6851196289062
2020-09-08 00:00:00+05:30,818.096435546875
2020-09-09 00:00:00+05:30,808.0368041992188
2020-09-10 00:00:00+05:30,818.7495727539062
2020-09-11 00:00:00+05:30,823.670654296875
2020-09-14 00:00:00+05:30,852.151123046875
2020-09-15 00:00:00+05:30,855.6785278320312
2020-09-16 00:00:00+05:30,872.4881591796875
2020-09-17 00:00:00+05:30,880.54443359375
2020-09-18 00:00:00+05:30,872.8365478515625
2020-09-21 00:00:00+05:30,879.5864868164062
2020-09-22 00:00:00+05:30,877.49609375
2020-09-23 00:00:00+05:30,888.1654663085938
2020-09-24 00:00:00+05:30,849.5382080078125
2020-09-25 00:00:00+05:30,880.9364013671875
2020-09-28 00:00:00+05:30,880.0218505859375
2020-09-29 00:00:00+05:30,878.8025512695312
2020-09-30 00:00:00+05:30,878.1492919921875
2020-10-01 00:00:00+05:30,886.3363647460938
2020-10-05 00:00:00+05:30,913.3797607421875
2020-10-06 00:00:00+05:30,919.5200805664062
2020-10-07 00:00:00+05:30,928.9265747070312
2020-10-08 00:00:00+05:30,952.5731811523438
2020-10-09 00:00:00+05:30,963.9829711914062
2020-10-12 00:00:00+05:30,986.0182495117188
2020-10-13 00:00:00+05:30,1008.40185546875
2020-10-14 00:00:00+05:30,990.2860717773438
2020-10-15 00:00:00+05:30,965.2454833984375
2020-10-16 00:00:00+05:30,982.011962890625
2020-10-19 00:00:00+05:30,980.6182250976562
2020-10-20 00:00:00+05:30,990.7214965820312
2020-10-21 00:00:00+05:30,1000.1712646484375
2020-10-22 00:00:00+05:30,983.3617553710938
2020-10-23 00:00:00+05:30,988.1596069335938
2020-10-26 00:00:00+05:30,979.3123168945312
2020-10-27 00:00:00+05:30,960.2975463867188
2020-10-28 00:00:00+05:30,947.7089233398438
2020-10-29 00:00:00+05:30,946.2123413085938
2020-10-30 00:00:00+05:30,933.6678466796875
2020-11-02 00:00:00+05:30,943.9674682617188
2020-11-03 00:00:00+05:30,935.3843994140625
2020-11-04 00:00:00+05:30,963.0264892578125
2020-11-05 00:00:00+05:30,971.8735961914062
2020-11-06 00:00:00+05:30,979.5765380859375
2020-11-09 00:00:00+05:30,1000.5281372070312
2020-11-10 00:00:00+05:30,960.473388671875
2020-11-11 00:00:00+05:30,988.1596069335938
2020-11-12 00:00:00+05:30,983.9779663085938
2020-11-13 00:00:00+05:30,989.6560668945312
2020-11-14 00:00:00+05:30,997.7991333007812
2020-11-17 00:00:00+05:30,989.2158203125
2020-11-18 00:00:00+05:30,977.6397705078125
2020-11-19 00:00:00+05:30,965.4912719726562
2020-11-20 00:00:00+05:30,971.3013916015625
2020-11-23 00:00:00+05:30,1003.4330444335938
2020-11-24 00:00:00+05:30,1003.6092529296875
2020-11-25 00:00:00+05:30,982.129150390625
2020-11-26 00:00:00+05:30,979.9725952148438
2020-11-27 00:00:00+05:30,968.3524169921875
2020-12-01 00:00:00+05:30,1001.6723022460938
2020-12-02 00:00:00+05:30,1004.3574829101562
2020-12-03 00:00:00+05:30,991.63671875
2020-12-04 00:00:00+05:30,998.85546875
2020-12-07 00:00:00+05:30,1006.6461791992188
2020-12-08 00:00:00+05:30,1015.3172607421875
2020-12-09 00:00:00+05:30,1034.552490234375
2020-12-10 00:00:00+05:30,1027.993896484375
2020-12-11 00:00:00+05:30,1023.9884643554688
2020-12-14 00:00:00+05:30,1025.177001953125
2020-12-15 00:00:00+05:30,1016.4176635742188
2020-12-16 00:00:00+05:30,1026.189453125
2020-12-17 00:00:00+05:30,1020.4673461914062
2020-12-18 00:00:00+05:30,1047.4051513671875
2020-12-21 00:00:00+05:30,1036.401123046875
2020-12-22 00:00:00+05:30,1074.4310302734375
2020-12-23 00:00:00+05:30,1103.08544921875
2020-12-24 00:00:00+05:30,1088.119873046875
2020-12-28 00:00:00+05:30,1091.8614501953125
2020-12-29 00:00:00+05:30,1100.66455078125
2020-12-30 00:00:00+05:30,1097.58349609375
2020-12-31 00:00:00+05:30,1105.5062255859375
2021-01-01 00:00:00+05:30,1109.599853515625
2021-01-04 00:00:00+05:30,1134.072509765625
2021-01-05 00:00:00+05:30,1138.95849609375
2021-01-06 00:00:00+05:30,1128.65869140625
2021-01-07 00:00:00+05:30,1111.096435546875
2021-01-08 00:00:00+05:30,1155.0682373046875
2021-01-11 00:00:00+05:30,1211.49658203125
2021-01-12 00:00:00+05:30,1207.5794677734375
2021-01-13 00:00:00+05:30,1221.136474609375
2021-01-14 00:00:00+05:30,1206.47900390625
2021-01-15 00:00:00+05:30,1183.98681640625
2021-01-18 00:00:00+05:30,1155.0244140625
2021-01-19 00:00:00+05:30,1159.07373046875
2021-01-20 00:00:00+05:30,1179.1451416015625
2021-01-21 00:00:00+05:30,1179.3651123046875
2021-01-22 00:00:00+05:30,1180.3773193359375
2021-01-25 00:00:00+05:30,1166.5123291015625
2021-01-27 00:00:00+05:30,1145.296630859375
2021-01-28 00:00:00+05:30,1123.4649658203125
2021-01-29 00:00:00+05:30,1090.7608642578125
2021-02-01 00:00:00+05:30,1109.9957275390625
2021-02-02 00:00:00+05:30,1119.10693359375
2021-02-03 00:00:00+05:30,1130.9033203125
2021-02-04 00:00:00+05:30,1126.2379150390625
2021-02-05 00:00:00+05:30,1119.855712890625
2021-02-08 00:00:00+05:30,1147.5416259765625
2021-02-09 00:00:00+05:30,1149.3021240234375
2021-02-10 00:00:00+05:30,1141.3353271484375
2021-02-11 00:00:00+05:30,1137.9461669921875
2021-02-12 00:00:00+05:30,1153.0435791015625
2021-02-15 00:00:00+05:30,1152.91162109375
2021-02-16 00:00:00+05:30,1135.96533203125
2021-02-17 00:00:00+05:30,1127.954345703125
2021-02-18 00:00:00+05:30,1137.77001953125
2021-02-19 00:00:00+05:30,1136.7578125
2021-02-22 00:00:00+05:30,1113.7811279296875
2021-02-23 00:00:00+05:30,1114.7935791015625
2021-02-24 00:00:00+05:30,1121.792236328125
2021-02-25 00:00:00+05:30,1122.01220703125
2021-02-26 00:00:00+05:30,1103.305419921875
2021-03-01 00:00:00+05:30,1115.3658447265625
2021-03-02 00:00:00+05:30,1148.377685546875
2021-03-03 00:00:00+05:30,1182.7545166015625
2021-03-04 00:00:00+05:30,1171.1339111328125
2021-03-05 00:00:00+05:30,1159.1175537109375
2021-03-08 00:00:00+05:30,1175.8875732421875
2021-03-09 00:00:00+05:30,1184.5150146484375
2021-03-10 00:00:00+05:30,1204.4102783203125
2021-03-12 00:00:00+05:30,1210.3084716796875
2021-03-15 00:00:00+05:30,1209.2080078125
2021-03-16 00:00:00+05:30,1218.363525390625
2021-03-17 00:00:00+05:30,1221.0042724609375
2021-03-18 00:00:00+05:30,1177.075927734375
2021-03-19 00:00:00+05:30,1183.5467529296875
2021-03-22 00:00:00+05:30,1206.7430419921875
2021-03-23 00:00:00+05:30,1207.4034423828125
2021-03-24 00:00:00+05:30,1191.7335205078125
2021-03-25 00:00:00+05:30,1174.17138671875
2021-03-26 00:00:00+05:30,1176.2840576171875
2021-03-30 00:00:00+05:30,1219.5078125
2021-03-31 00:00:00+05:30,1204.3223876953125
2021-04-01 00:00:00+05:30,1219.419677734375
2021-04-05 00:00:00+05:30,1241.1636962890625
2021-04-06 00:00:00+05:30,1242.1759033203125
2021-04-07 00:00:00+05:30,1259.0340576171875
2021-04-08 00:00:00+05:30,1267.529052734375
2021-04-09 00:00:00+05:30,1268.585693359375
2021-04-12 00:00:00+05:30,1255.11669921875
2021-04-13 00:00:00+05:30,1229.939453125
2021-04-15 00:00:00+05:30,1197.8958740234375
2021-04-16 00:00:00+05:30,1191.7335205078125
2021-04-19 00:00:00+05:30,1199.4803466796875
2021-04-20 00:00:00+05:30,1189.620849609375
2021-04-22 00:00:00+05:30,1189.4007568359375
2021-04-23 00:00:00+05:30,1174.17138671875
2021-04-26 00:00:00+05:30,1182.7545166015625
2021-04-27 00:00:00+05:30,1187.1119384765625
2021-04-28 00:00:00+05:30,1193.7142333984375
2021-04-29 00:00:00+05:30,1194.0223388671875
2021-04-30 00:00:00+05:30,1192.26171875
2021-05-03 00:00:00+05:30,1190.2371826171875
2021-05-04 00:00:00+05:30,1170.2978515625
2021-05-05 00:00:00+05:30,1180.94970703125
2021-05-06 00:00:00+05:30,1198.6439208984375
2021-05-07 00:00:00+05:30,1190.67724609375
2021-05-10 00:00:00+05:30,1179.2330322265625
2021-05-11 00:00:00+05:30,1171.3983154296875
2021-05-12 00:00:00+05:30,1168.18505859375
2021-05-14 00:00:00+05:30,1158.8536376953125
2021-05-17 00:00:00+05:30,1170.2978515625
2021-05-18 00:00:00+05:30,1179.629150390625
2021-05-19 00:00:00+05:30,1176.9884033203125
2021-05-20 00:00:00+05:30,1179.0130615234375
2021-05-21 00:00:00+05:30,1192.393798828125
2021-05-24 00:00:00+05:30,1186.7158203125
2021-05-25 00:00:00+05:30,1198.6439208984375
2021-05-26 00:00:00+05:30,1230.027587890625
2021-05-27 00:00:00+05:30,1234.4290771484375
2021-05-28 00:00:00+05:30,1236.8941650390625
2021-05-31 00:00:00+05:30,1240.186279296875
2021-06-01 00:00:00+05:30,1234.35791015625
2021-06-02 00:00:00+05:30,1226.75
2021-06-03 00:00:00+05:30,1236.5380859375
2021-06-04 00:00:00+05:30,1232.9788818359375
2021-06-07 00:00:00+05:30,1236.5380859375
2021-06-08 00:00:00+05:30,1257.27099609375
2021-06-09 00:00:00+05:30,1259.36181640625
2021-06-10 00:00:00+05:30,1267.370361328125
2021-06-11 00:00:00+05:30,1287.4803466796875
2021-06-14 00:00:00+05:30,1300.738525390625
2021-06-15 00:00:00+05:30,1311.5054931640625
2021-06-16 00:00:00+05:30,1317.46728515625
2021-06-17 00:00:00+05:30,1330.547607421875
2021-06-18 00:00:00+05:30,1337.666259765625
2021-06-21 00:00:00+05:30,1334.9967041015625
2021-06-22 00:00:00+05:30,1345.274169921875
2021-06-23 00:00:00+05:30,1337.53271484375
2021-06-24 00:00:00+05:30,1387.4068603515625
2021-06-25 00:00:00+05:30,1400.7542724609375
2021-06-28 00:00:00+05:30,1398.6187744140625
2021-06-29 00:00:00+05:30,1390.8330078125
2021-06-30 00:00:00+05:30,1406.627197265625
2021-07-01 00:00:00+05:30,1388.474853515625
2021-07-02 00:00:00+05:30,1395.0594482421875
2021-07-05 00:00:00+05:30,1404.9810791015625
2021-07-06 00:00:00+05:30,1390.07666015625
2021-07-07 00:00:00+05:30,1392.2120361328125
2021-07-08 00:00:00+05:30,1388.786376953125
2021-07-09 00:00:00+05:30,1390.6995849609375
2021-07-12 00:00:00+05:30,1377.3074951171875
2021-07-13 00:00:00+05:30,1374.7271728515625
2021-07-14 00:00:00+05:30,1403.1568603515625
2021-07-15 00:00:00+05:30,1406.627197265625
2021-07-16 00:00:00+05:30,1384.0701904296875
2021-07-19 00:00:00+05:30,1371.8350830078125
2021-07-20 00:00:00+05:30,1379.2652587890625
2021-07-22 00:00:00+05:30,1414.991455078125
2021-07-23 00:00:00+05:30,1415.2138671875
2021-07-26 00:00:00+05:30,1427.1820068359375
2021-07-27 00:00:00+05:30,1425.9808349609375
2021-07-28 00:00:00+05:30,1428.69482421875
2021-07-29 00:00:00+05:30,1438.8387451171875
2021-07-30 00:00:00+05:30,1433.0548095703125
2021-08-02 00:00:00+05:30,1451.78564453125
2021-08-03 00:00:00+05:30,1472.8297119140625
2021-08-04 00:00:00+05:30,1467.5352783203125
2021-08-05 00:00:00+05:30,1471.361328125
2021-08-06 00:00:00+05:30,1468.3807373046875
2021-08-09 00:00:00+05:30,1480.037353515625
2021-08-10 00:00:00+05:30,1492.4503173828125
2021-08-11 00:00:00+05:30,1492.71728515625
2021-08-12 00:00:00+05:30,1503.4395751953125
2021-08-13 00:00:00+05:30,1523.5494384765625
2021-08-16 00:00:00+05:30,1516.6090087890625
2021-08-17 00:00:00+05:30,1549.7548828125
2021-08-18 00:00:00+05:30,1542.4581298828125
2021-08-20 00:00:00+05:30,1542.01318359375
2021-08-23 00:00:00+05:30,1547.1741943359375
2021-08-24 00:00:00+05:30,1531.2464599609375
2021-08-25 00:00:00+05:30,1544.326904296875
2021-08-26 00:00:00+05:30,1537.341796875
2021-08-27 00:00:00+05:30,1520.5240478515625
2021-08-30 00:00:00+05:30,1510.9586181640625
2021-08-31 00:00:00+05:30,1518.4332275390625
2021-09-01 00:00:00+05:30,1492.8951416015625
2021-09-02 00:00:00+05:30,1502.99462890625
2021-09-03 00:00:00+05:30,1513.2720947265625
2021-09-06 00:00:00+05:30,1539.744140625
2021-09-07 00:00:00+05:30,1518.6109619140625
2021-09-08 00:00:00+05:30,1506.6876220703125
2021-09-09 00:00:00+05:30,1505.21923828125
2021-09-13 00:00:00+05:30,1505.486083984375
2021-09-14 00:00:00+05:30,1500.3697509765625
2021-09-15 00:00:00+05:30,1522.8818359375
2021-09-16 00:00:00+05:30,1514.696044921875
2021-09-17 00:00:00+05:30,1504.9522705078125
2021-09-20 00:00:00+05:30,1501.8824462890625
2021-09-21 00:00:00+05:30,1529.11083984375
2021-09-22 00:00:00+05:30,1527.731689453125
2021-09-23 00:00:00+05:30,1550.5555419921875
2021-09-24 00:00:00+05:30,1569.5086669921875
2021-09-27 00:00:00+05:30,1531.513427734375
2021-09-28 00:00:00+05:30,1501.215087890625
2021-09-29 00:00:00+05:30,1505.7974853515625
2021-09-30 00:00:00+05:30,1490.626220703125
2021-10-01 00:00:00+05:30,1481.68359375
2021-10-04 00:00:00+05:30,1493.7850341796875
2021-10-05 00:00:00+05:30,1506.287109375
2021-10-06 00:00:00+05:30,1489.157958984375
2021-10-07 00:00:00+05:30,1504.6854248046875
2021-10-08 00:00:00+05:30,1533.915771484375
2021-10-11 00:00:00+05:30,1504.6409912109375
2021-10-12 00:00:00+05:30,1499.47998046875
2021-10-13 00:00:00+05:30,1520.880126953125
2021-10-14 00:00:00+05:30,1526.7083740234375
2021-10-18 00:00:00+05:30,1594.6904296875
2021-10-19 00:00:00+05:30,1621.3851318359375
2021-10-20 00:00:00+05:30,1603.7666015625
2021-10-21 00:00:00+05:30,1560.4326171875
2021-10-22 00:00:00+05:30,1530.3121337890625
2021-10-25 00:00:00+05:30,1519.41162109375
2021-10-26 00:00:00+05:30,1529.421142578125
2021-10-27 00:00:00+05:30,1552.0882568359375
2021-10-28 00:00:00+05:30,1529.6009521484375
2021-10-29 00:00:00+05:30,1497.1485595703125
2021-11-01 00:00:00+05:30,1526.144775390625
2021-11-02 00:00:00+05:30,1524.214599609375
2021-11-03 00:00:00+05:30,1528.3441162109375
2021-11-04 00:00:00+05:30,1533.9097900390625
2021-11-08 00:00:00+05:30,1559.763671875
2021-11-09 00:00:00+05:30,1564.2523193359375
2021-11-10 00:00:00+05:30,1562.142822265625
2021-11-11 00:00:00+05:30,1555.9932861328125
2021-11-12 00:00:00+05:30,1598.095703125
2021-11-15 00:00:00+05:30,1604.3350830078125
2021-11-16 00:00:00+05:30,1608.9581298828125
2021-11-17 00:00:00+05:30,1604.6041259765625
2021-11-18 00:00:00+05:30,1597.3778076171875
2021-11-22 00:00:00+05:30,1579.4237060546875
2021-11-23 00:00:00+05:30,1559.22509765625
2021-11-24 00:00:00+05:30,1522.5087890625
2021-11-25 00:00:00+05:30,1546.2083740234375
2021-11-26 00:00:00+05:30,1518.6041259765625
2021-11-29 00:00:00+05:30,1522.8231201171875
2021-11-30 00:00:00+05:30,1537.4556884765625
2021-12-01 00:00:00+05:30,1539.4755859375
2021-12-02 00:00:00+05:30,1569.4140625
2021-12-03 00:00:00+05:30,1558.013427734375
2021-12-06 00:00:00+05:30,1521.8804931640625
2021-12-07 00:00:00+05:30,1536.5582275390625
2021-12-08 00:00:00+05:30,1573.992431640625
2021-12-09 00:00:00+05:30,1583.0592041015625
2021-12-10 00:00:00+05:30,1579.288818359375
2021-12-13 00:00:00+05:30,1566.182373046875
2021-12-14 00:00:00+05:30,1572.9150390625
2021-12-15 00:00:00+05:30,1556.80126953125
2021-12-16 00:00:00+05:30,1590.3756103515625
2021-12-17 00:00:00+05:30,1634.5875244140625
2021-12-20 00:00:00+05:30,1614.8829345703125
2021-12-21 00:00:00+05:30,1626.28369140625
2021-12-22 00:00:00+05:30,1638.0435791015625
2021-12-23 00:00:00+05:30,1667.578125
2021-12-24 00:00:00+05:30,1672.8746337890625
2021-12-27 00:00:00+05:30,1675.2535400390625
2021-12-28 00:00:00+05:30,1694.868408203125
2021-12-29 00:00:00+05:30,1692.6690673828125
2021-12-30 00:00:00+05:30,1699.2222900390625
2021-12-31 00:00:00+05:30,1694.64404296875
2022-01-03 00:00:00+05:30,1704.24951171875
2022-01-04 00:00:00+05:30,1704.8779296875
2022-01-05 00:00:00+05:30,1655.952880859375
2022-01-06 00:00:00+05:30,1631.849609375
2022-01-07 00:00:00+05:30,1628.70751953125
2022-01-10 00:00:00+05:30,1661.428955078125
2022-01-11 00:00:00+05:30,1665.7828369140625
2022-01-12 00:00:00+05:30,1685.3975830078125
2022-01-13 00:00:00+05:30,1702.768310546875
2022-01-14 00:00:00+05:30,1731.988525390625
2022-01-17 00:00:00+05:30,1741.1002197265625
2022-01-18 00:00:00+05:30,1724.2684326171875
2022-01-19 00:00:00+05:30,1676.061767578125
2022-01-20 00:00:00+05:30,1637.14599609375
2022-01-21 00:00:00+05:30,1603.0330810546875
2022-01-24 00:00:00+05:30,1559.13525390625
2022-01-25 00:00:00+05:30,1545.98388671875
2022-01-27 00:00:00+05:30,1506.888671875
2022-01-28 00:00:00+05:30,1513.7113037109375
2022-01-31 00:00:00+05:30,1558.5966796875
2022-02-01 00:00:00+05:30,1590.779541015625
2022-02-02 00:00:00+05:30,1604.2900390625
2022-02-03 00:00:00+05:30,1560.7064208984375
2022-02-04 00:00:00+05:30,1562.995361328125
2022-02-07 00:00:00+05:30,1539.5653076171875
2022-02-08 00:00:00+05:30,1541.630126953125
2022-02-09 00:00:00+05:30,1559.5843505859375
2022-02-10 00:00:00+05:30,1588.580078125
2022-02-11 00:00:00+05:30,1545.2657470703125
2022-02-14 00:00:00+05:30,1510.1204833984375
2022-02-15 00:00:00+05:30,1560.4371337890625
2022-02-16 00:00:00+05:30,1555.9932861328125
2022-02-17 00:00:00+05:30,1548.3629150390625
2022-02-18 00:00:00+05:30,1532.338623046875
2022-02-21 00:00:00+05:30,1553.659423828125
2022-02-22 00:00:00+05:30,1556.93603515625
2022-02-23 00:00:00+05:30,1564.5665283203125
2022-02-24 00:00:00+05:30,1506.48486328125
2022-02-25 00:00:00+05:30,1521.2520751953125
2022-02-28 00:00:00+05:30,1540.10400390625
2022-03-02 00:00:00+05:30,1528.6134033203125
2022-03-03 00:00:00+05:30,1544.8170166015625
2022-03-04 00:00:00+05:30,1547.016357421875
2022-03-07 00:00:00+05:30,1561.8734130859375
2022-03-08 00:00:00+05:30,1596.3004150390625
2022-03-09 00:00:00+05:30,1627.854736328125
2022-03-10 00:00:00+05:30,1639.12109375
2022-03-11 00:00:00+05:30,1635.6197509765625
2022-03-14 00:00:00+05:30,1697.292236328125
2022-03-15 00:00:00+05:30,1651.150390625
2022-03-16 00:00:00+05:30,1696.125244140625
2022-03-17 00:00:00+05:30,1664.8848876953125
2022-03-21 00:00:00+05:30,1663.4937744140625
2022-03-22 00:00:00+05:30,1694.329833984375
2022-03-23 00:00:00+05:30,1680.8642578125
2022-03-24 00:00:00+05:30,1693.7015380859375
2022-03-25 00:00:00+05:30,1684.58984375
2022-03-28 00:00:00+05:30,1682.2108154296875
2022-03-29 00:00:00+05:30,1693.072998046875
2022-03-30 00:00:00+05:30,1709.18701171875
2022-03-31 00:00:00+05:30,1711.790283203125
2022-04-01 00:00:00+05:30,1708.827880859375
2022-04-04 00:00:00+05:30,1690.3349609375
2022-04-05 00:00:00+05:30,1670.72021484375
2022-04-06 00:00:00+05:30,1641.7691650390625
2022-04-07 00:00:00+05:30,1625.7452392578125
2022-04-08 00:00:00+05:30,1628.9766845703125
2022-04-11 00:00:00+05:30,1585.842041015625
2022-04-12 00:00:00+05:30,1564.2073974609375
2022-04-13 00:00:00+05:30,1569.6834716796875
2022-04-18 00:00:00+05:30,1455.5401611328125
2022-04-19 00:00:00+05:30,1402.2164306640625
2022-04-20 00:00:00+05:30,1425.287353515625
2022-04-21 00:00:00+05:30,1453.2060546875
2022-04-22 00:00:00+05:30,1423.2674560546875
2022-04-25 00:00:00+05:30,1401.408447265625
2022-04-26 00:00:00+05:30,1419.2725830078125
2022-04-27 00:00:00+05:30,1393.9576416015625
2022-04-28 00:00:00+05:30,1420.7091064453125
2022-04-29 00:00:00+05:30,1407.1986083984375
2022-05-02 00:00:00+05:30,1383.3643798828125
2022-05-04 00:00:00+05:30,1378.47216796875
2022-05-05 00:00:00+05:30,1422.9981689453125
2022-05-06 00:00:00+05:30,1385.0252685546875
2022-05-09 00:00:00+05:30,1409.712158203125
2022-05-10 00:00:00+05:30,1394.1370849609375
2022-05-11 00:00:00+05:30,1370.572265625
2022-05-12 00:00:00+05:30,1354.4586181640625
2022-05-13 00:00:00+05:30,1350.5086669921875
2022-05-16 00:00:00+05:30,1336.773681640625
2022-05-17 00:00:00+05:30,1363.1212158203125
2022-05-18 00:00:00+05:30,1354.817626953125
2022-05-19 00:00:00+05:30,1281.1607666015625
2022-05-20 00:00:00+05:30,1306.2965087890625
2022-05-23 00:00:00+05:30,1318.191162109375
2022-05-24 00:00:00+05:30,1293.593994140625
2022-05-25 00:00:00+05:30,1266.1689453125
2022-05-26 00:00:00+05:30,1278.2880859375
2022-05-27 00:00:00+05:30,1311.8623046875
2022-05-30 00:00:00+05:30,1370.6170654296875
2022-05-31 00:00:00+05:30,1364.0853271484375
2022-06-01 00:00:00+05:30,1341.3597412109375
2022-06-02 00:00:00+05:30,1368.0770263671875
2022-06-03 00:00:00+05:30,1380.505615234375
2022-06-06 00:00:00+05:30,1388.0811767578125
2022-06-07 00:00:00+05:30,1366.8975830078125
2022-06-08 00:00:00+05:30,1360.8192138671875
2022-06-09 00:00:00+05:30,1374.42724609375
2022-06-10 00:00:00+05:30,1339.7718505859375
2022-06-13 00:00:00+05:30,1292.3248291015625
2022-06-14 00:00:00+05:30,1306.8853759765625
2022-06-15 00:00:00+05:30,1290.238037109375
2022-06-16 00:00:00+05:30,1267.5576171875
2022-06-17 00:00:00+05:30,1258.576416015625
2022-06-20 00:00:00+05:30,1282.9351806640625
2022-06-21 00:00:00+05:30,1315.3680419921875
2022-06-22 00:00:00+05:30,1303.8914794921875
2022-06-23 00:00:00+05:30,1317.6812744140625
2022-06-24 00:00:00+05:30,1307.3843994140625
2022-06-27 00:00:00+05:30,1337.7760009765625
2022-06-28 00:00:00+05:30,1342.8111572265625
2022-06-29 00:00:00+05:30,1327.479248046875
2022-06-30 00:00:00+05:30,1326.2545166015625
2022-07-01 00:00:00+05:30,1342.1307373046875
2022-07-04 00:00:00+05:30,1349.932861328125
2022-07-05 00:00:00+05:30,1339.0008544921875
2022-07-06 00:00:00+05:30,1353.2440185546875
2022-07-07 00:00:00+05:30,1359.639892578125
2022-07-08 00:00:00+05:30,1373.928466796875
2022-07-11 00:00:00+05:30,1336.46044921875
2022-07-12 00:00:00+05:30,1305.116455078125
2022-07-13 00:00:00+05:30,1310.4234619140625
2022-07-14 00:00:00+05:30,1296.271240234375
2022-07-15 00:00:00+05:30,1297.6318359375
2022-07-18 00:00:00+05:30,1351.656494140625
2022-07-19 00:00:00+05:30,1346.43994140625
2022-07-20 00:00:00+05:30,1374.6995849609375
2022-07-21 00:00:00+05:30,1390.6666259765625
2022-07-22 00:00:00+05:30,1366.5347900390625
2022-07-25 00:00:00+05:30,1364.0853271484375
2022-07-26 00:00:00+05:30,1316.5018310546875
2022-07-27 00:00:00+05:30,1334.5555419921875
2022-07-28 00:00:00+05:30,1376.604736328125
2022-07-29 00:00:00+05:30,1405.90771484375
2022-08-01 00:00:00+05:30,1407.1324462890625
2022-08-02 00:00:00+05:30,1400.373779296875
2022-08-03 00:00:00+05:30,1420.7860107421875
2022-08-04 00:00:00+05:30,1451.4498291015625
2022-08-05 00:00:00+05:30,1466.6456298828125
2022-08-08 00:00:00+05:30,1469.140380859375
2022-08-10 00:00:00+05:30,1453.76318359375
2022-08-11 00:00:00+05:30,1469.639404296875
2022-08-12 00:00:00+05:30,1446.1878662109375
2022-08-16 00:00:00+05:30,1448.3199462890625
2022-08-17 00:00:00+05:30,1457.2105712890625
2022-08-18 00:00:00+05:30,1436.07275390625
2022-08-19 00:00:00+05:30,1448.9095458984375
2022-08-22 00:00:00+05:30,1429.4500732421875
2022-08-23 00:00:00+05:30,1399.2850341796875
2022-08-24 00:00:00+05:30,1394.83984375
2022-08-25 00:00:00+05:30,1377.2852783203125
2022-08-26 00:00:00+05:30,1380.36962890625
2022-08-29 00:00:00+05:30,1326.118408203125
2022-08-30 00:00:00+05:30,1354.42333984375
2022-09-01 00:00:00+05:30,1328.3408203125
2022-09-02 00:00:00+05:30,1318.18017578125
2022-09-05 00:00:00+05:30,1325.7100830078125
2022-09-06 00:00:00+05:30,1320.08544921875
2022-09-07 00:00:00+05:30,1322.3988037109375
2022-09-08 00:00:00+05:30,1338.9554443359375
2022-09-09 00:00:00+05:30,1371.388427734375
2022-09-12 00:00:00+05:30,1393.6602783203125
2022-09-13 00:00:00+05:30,1401.5982666015625
2022-09-14 00:00:00+05:30,1338.5018310546875
2022-09-15 00:00:00+05:30,1299.8546142578125
2022-09-16 00:00:00+05:30,1249.27734375
2022-09-19 00:00:00+05:30,1261.2979736328125
2022-09-20 00:00:00+05:30,1259.71044921875
2022-09-21 00:00:00+05:30,1249.458740234375
2022-09-22 00:00:00+05:30,1241.021728515625
2022-09-23 00:00:00+05:30,1238.753662109375
2022-09-26 00:00:00+05:30,1252.180419921875
2022-09-27 00:00:00+05:30,1264.246337890625
2022-09-28 00:00:00+05:30,1265.289794921875
2022-09-29 00:00:00+05:30,1268.8734130859375
2022-09-30 00:00:00+05:30,1282.2998046875
2022-10-03 00:00:00+05:30,1264.427978515625
2022-10-04 00:00:00+05:30,1296.77001953125
2022-10-06 00:00:00+05:30,1320.130859375
2022-10-07 00:00:00+05:30,1316.5474853515625
2022-10-10 00:00:00+05:30,1326.934814453125
2022-10-11 00:00:00+05:30,1291.689697265625
2022-10-12 00:00:00+05:30,1296.134765625
2022-10-13 00:00:00+05:30,1288.151611328125
2022-10-14 00:00:00+05:30,1337.45849609375
2022-10-17 00:00:00+05:30,1351.7017822265625
2022-10-18 00:00:00+05:30,1364.176025390625
2022-10-19 00:00:00+05:30,1347.619384765625
2022-10-20 00:00:00+05:30,1361.6358642578125
2022-10-21 00:00:00+05:30,1361.2728271484375
2022-10-24 00:00:00+05:30,1377.0128173828125
2022-10-25 00:00:00+05:30,1384.6790771484375
2022-10-27 00:00:00+05:30,1397.65625
2022-10-28 00:00:00+05:30,1387.8428955078125
2022-10-31 00:00:00+05:30,1410.220947265625
2022-11-01 00:00:00+05:30,1442.6414794921875
2022-11-02 00:00:00+05:30,1424.5740966796875
2022-11-03 00:00:00+05:30,1403.892822265625
2022-11-04 00:00:00+05:30,1388.5308837890625
2022-11-07 00:00:00+05:30,1382.5234375
2022-11-09 00:00:00+05:30,1385.962890625
2022-11-10 00:00:00+05:30,1377.4794921875
2022-11-11 00:00:00+05:30,1439.981689453125
2022-11-14 00:00:00+05:30,1453.922119140625
2022-11-15 00:00:00+05:30,1461.9010009765625
2022-11-16 00:00:00+05:30,1469.971923828125
2022-11-17 00:00:00+05:30,1455.84814453125
2022-11-18 00:00:00+05:30,1461.3507080078125
2022-11-21 00:00:00+05:30,1438.2391357421875
2022-11-22 00:00:00+05:30,1453.6927490234375
2022-11-23 00:00:00+05:30,1451.9501953125
2022-11-24 00:00:00+05:30,1494.734130859375
2022-11-25 00:00:00+05:30,1500.0994873046875
2022-11-28 00:00:00+05:30,1488.8646240234375
2022-11-29 00:00:00+05:30,1494.0465087890625
2022-11-30 00:00:00+05:30,1499.4573974609375
2022-12-01 00:00:00+05:30,1519.7718505859375
2022-12-02 00:00:00+05:30,1502.162841796875
2022-12-05 00:00:00+05:30,1503.8597412109375
2022-12-06 00:00:00+05:30,1479.2347412109375
2022-12-07 00:00:00+05:30,1472.447998046875
2022-12-08 00:00:00+05:30,1485.8841552734375
2022-12-09 00:00:00+05:30,1439.2481689453125
2022-12-12 00:00:00+05:30,1418.9793701171875
2022-12-13 00:00:00+05:30,1441.86181640625
2022-12-14 00:00:00+05:30,1448.510986328125
2022-12-15 00:00:00+05:30,1412.834716796875
2022-12-16 00:00:00+05:30,1396.0513916015625
2022-12-19 00:00:00+05:30,1382.431884765625
2022-12-20 00:00:00+05:30,1382.38623046875
2022-12-21 00:00:00+05:30,1384.4495849609375
2022-12-22 00:00:00+05:30,1395.913818359375
2022-12-23 00:00:00+05:30,1373.0313720703125
2022-12-26 00:00:00+05:30,1377.8922119140625
2022-12-27 00:00:00+05:30,1389.3104248046875
2022-12-28 00:00:00+05:30,1384.9998779296875
2022-12-29 00:00:00+05:30,1391.78662109375
2022-12-30 00:00:00+05:30,1383.2115478515625
2023-01-02 00:00:00+05:30,1397.7021484375
2023-01-03 00:00:00+05:30,1396.372314453125
2023-01-04 00:00:00+05:30,1370.9219970703125
2023-01-05 00:00:00+05:30,1352.9462890625
2023-01-06 00:00:00+05:30,1328.4591064453125
2023-01-09 00:00:00+05:30,1361.4296875
2023-01-10 00:00:00+05:30,1347.947998046875
2023-01-11 00:00:00+05:30,1349.323486328125
2023-01-12 00:00:00+05:30,1357.89892578125
2023-01-13 00:00:00+05:30,1379.03857421875
2023-01-16 00:00:00+05:30,1399.0777587890625
2023-01-17 00:00:00+05:30,1411.917724609375
2023-01-18 00:00:00+05:30,1417.3287353515625
2023-01-19 00:00:00+05:30,1411.3673095703125
2023-01-20 00:00:00+05:30,1399.123779296875
2023-01-23 00:00:00+05:30,1419.71337890625
2023-01-24 00:00:00+05:30,1423.2900390625
2023-01-25 00:00:00+05:30,1415.1275634765625
2023-01-27 00:00:00+05:30,1393.2540283203125
2023-01-30 00:00:00+05:30,1411.275634765625
2023-01-31 00:00:00+05:30,1406.6441650390625
2023-02-01 00:00:00+05:30,1422.5562744140625
2023-02-02 00:00:00+05:30,1452.50048828125
2023-02-03 00:00:00+05:30,1466.853515625
2023-02-06 00:00:00+05:30,1439.7525634765625
2023-02-07 00:00:00+05:30,1432.9197998046875
2023-02-08 00:00:00+05:30,1458.6910400390625
2023-02-09 00:00:00+05:30,1482.9951171875
2023-02-10 00:00:00+05:30,1475.2452392578125
2023-02-13 00:00:00+05:30,1437.5513916015625
2023-02-14 00:00:00+05:30,1461.213134765625
2023-02-15 00:00:00+05:30,1464.6983642578125
2023-02-16 00:00:00+05:30,1469.0545654296875
2023-02-17 00:00:00+05:30,1452.54638671875
2023-02-20 00:00:00+05:30,1460.4793701171875
2023-02-21 00:00:00+05:30,1448.6026611328125
2023-02-22 00:00:00+05:30,1432.36962890625
2023-02-23 00:00:00+05:30,1422.1893310546875
2023-02-24 00:00:00+05:30,1422.1436767578125
2023-02-27 00:00:00+05:30,1384.220458984375
2023-02-28 00:00:00+05:30,1364.27294921875
2023-03-01 00:00:00+05:30,1372.0684814453125
2023-03-02 00:00:00+05:30,1350.149169921875
2023-03-03 00:00:00+05:30,1356.70654296875
2023-03-06 00:00:00+05:30,1382.5234375
2023-03-08 00:00:00+05:30,1368.9959716796875
2023-03-09 00:00:00+05:30,1357.7154541015625
2023-03-10 00:00:00+05:30,1349.598876953125
2023-03-13 00:00:00+05:30,1316.16943359375
2023-03-14 00:00:00+05:30,1302.32080078125
2023-03-15 00:00:00+05:30,1302.0
2023-03-16 00:00:00+05:30,1287.738525390625
2023-03-17 00:00:00+05:30,1302.962890625
2023-03-20 00:00:00+05:30,1287.325927734375
2023-03-21 00:00:00+05:30,1275.4490966796875
2023-03-22 00:00:00+05:30,1274.119384765625
2023-03-23 00:00:00+05:30,1260.637451171875
2023-03-24 00:00:00+05:30,1266.23193359375
2023-03-27 00:00:00+05:30,1273.8441162109375
2023-03-28 00:00:00+05:30,1263.434814453125
2023-03-29 00:00:00+05:30,1268.8917236328125
2023-03-31 00:00:00+05:30,1309.612060546875
2023-04-03 00:00:00+05:30,1293.92919921875
2023-04-05 00:00:00+05:30,1305.57666015625
2023-04-06 00:00:00+05:30,1304.0634765625
2023-04-10 00:00:00+05:30,1309.2911376953125
2023-04-11 00:00:00+05:30,1289.6187744140625
2023-04-12 00:00:00+05:30,1309.9332275390625
2023-04-13 00:00:00+05:30,1274.0733642578125
2023-04-17 00:00:00+05:30,1154.0213623046875
2023-04-18 00:00:00+05:30,1154.9844970703125
2023-04-19 00:00:00+05:30,1130.0843505859375
2023-04-20 00:00:00+05:30,1122.0137939453125
2023-04-21 00:00:00+05:30,1125.6363525390625
2023-04-24 00:00:00+05:30,1124.6734619140625
2023-04-25 00:00:00+05:30,1123.389404296875
2023-04-26 00:00:00+05:30,1125.81982421875
2023-04-27 00:00:00+05:30,1142.9700927734375
2023-04-28 00:00:00+05:30,1148.9312744140625
2023-05-02 00:00:00+05:30,1171.5843505859375
2023-05-03 00:00:00+05:30,1163.97216796875
2023-05-04 00:00:00+05:30,1168.007568359375
2023-05-05 00:00:00+05:30,1154.7550048828125
2023-05-08 00:00:00+05:30,1160.7164306640625
2023-05-09 00:00:00+05:30,1165.3936767578125
2023-05-10 00:00:00+05:30,1158.5611572265625
2023-05-11 00:00:00+05:30,1152.0035400390625
2023-05-12 00:00:00+05:30,1142.0069580078125
2023-05-15 00:00:00+05:30,1154.067138671875
2023-05-16 00:00:00+05:30,1159.5242919921875
2023-05-17 00:00:00+05:30,1143.5660400390625
2023-05-18 00:00:00+05:30,1142.74072265625
2023-05-19 00:00:00+05:30,1163.742919921875
2023-05-22 00:00:00+05:30,1185.6624755859375
2023-05-23 00:00:00+05:30,1192.3115234375
2023-05-24 00:00:00+05:30,1191.02734375
2023-05-25 00:00:00+05:30,1196.2552490234375
2023-05-26 00:00:00+05:30,1208.269287109375
2023-05-29 00:00:00+05:30,1205.47216796875
2023-05-30 00:00:00+05:30,1214.1390380859375
2023-05-31 00:00:00+05:30,1209.049072265625
2023-06-01 00:00:00+05:30,1210.149658203125
2023-06-02 00:00:00+05:30,1207.361328125
2023-06-05 00:00:00+05:30,1212.47314453125
2023-06-06 00:00:00+05:30,1188.772216796875
2023-06-07 00:00:00+05:30,1198.02001953125
2023-06-08 00:00:00+05:30,1192.30419921875
2023-06-09 00:00:00+05:30,1176.6427001953125
2023-06-12 00:00:00+05:30,1200.8084716796875
2023-06-13 00:00:00+05:30,1212.798583984375
2023-06-14 00:00:00+05:30,1208.6624755859375
2023-06-15 00:00:00+05:30,1196.0220947265625
2023-06-16 00:00:00+05:30,1200.5296630859375
2023-06-19 00:00:00+05:30,1202.714111328125
2023-06-20 00:00:00+05:30,1211.4508056640625
2023-06-21 00:00:00+05:30,1207.6865234375
2023-06-22 00:00:00+05:30,1191.142333984375
2023-06-23 00:00:00+05:30,1175.759765625
2023-06-26 00:00:00+05:30,1180.7322998046875
2023-06-27 00:00:00+05:30,1188.91162109375
2023-06-28 00:00:00+05:30,1202.10986328125
2023-06-30 00:00:00+05:30,1241.2862548828125
2023-07-03 00:00:00+05:30,1239.6131591796875
2023-07-04 00:00:00+05:30,1250.255615234375
2023-07-05 00:00:00+05:30,1252.25390625
2023-07-06 00:00:00+05:30,1249.093994140625
2023-07-07 00:00:00+05:30,1236.360107421875
2023-07-10 00:00:00+05:30,1235.3843994140625
2023-07-11 00:00:00+05:30,1253.462158203125
2023-07-12 00:00:00+05:30,1239.2415771484375
2023-07-13 00:00:00+05:30,1268.7982177734375
2023-07-14 00:00:00+05:30,1325.3553466796875
2023-07-17 00:00:00+05:30,1322.5670166015625
2023-07-18 00:00:00+05:30,1371.131103515625
2023-07-19 00:00:00+05:30,1370.898681640625
2023-07-20 00:00:00+05:30,1347.244140625
2023-07-21 00:00:00+05:30,1237.6614990234375
2023-07-24 00:00:00+05:30,1242.3087158203125
2023-07-25 00:00:00+05:30,1240.4498291015625
2023-07-26 00:00:00+05:30,1253.6944580078125
2023-07-27 00:00:00+05:30,1257.6912841796875
2023-07-28 00:00:00+05:30,1245.93359375
2023-07-31 00:00:00+05:30,1260.0611572265625
2023-08-01 00:00:00+05:30,1268.89111328125
2023-08-02 00:00:00+05:30,1261.1300048828125
2023-08-03 00:00:00+05:30,1268.0545654296875
2023-08-04 00:00:00+05:30,1281.113525390625
2023-08-07 00:00:00+05:30,1294.7298583984375
2023-08-08 00:00:00+05:30,1292.1273193359375
2023-08-09 00:00:00+05:30,1296.0311279296875
2023-08-10 00:00:00+05:30,1291.10498046875
2023-08-11 00:00:00+05:30,1275.0718994140625
2023-08-14 00:00:00+05:30,1295.2412109375
2023-08-16 00:00:00+05:30,1318.43115234375
2023-08-17 00:00:00+05:30,1311.971435546875
2023-08-18 00:00:00+05:30,1290.8262939453125
2023-08-21 00:00:00+05:30,1306.255126953125
2023-08-22 00:00:00+05:30,1304.7216796875
2023-08-23 00:00:00+05:30,1308.625244140625
2023-08-24 00:00:00+05:30,1323.171142578125
2023-08-25 00:00:00+05:30,1319.9180908203125
2023-08-28 00:00:00+05:30,1315.7822265625
2023-08-29 00:00:00+05:30,1317.64111328125
2023-08-30 00:00:00+05:30,1333.906494140625
2023-08-31 00:00:00+05:30,1334.1851806640625
2023-09-01 00:00:00+05:30,1341.992919921875
2023-09-04 00:00:00+05:30,1361.7435302734375
2023-09-05 00:00:00+05:30,1374.5701904296875
2023-09-06 00:00:00+05:30,1373.222412109375
2023-09-07 00:00:00+05:30,1362.76611328125
2023-09-08 00:00:00+05:30,1365.9261474609375
2023-09-11 00:00:00+05:30,1372.292724609375
2023-09-12 00:00:00+05:30,1395.2041015625
2023-09-13 00:00:00+05:30,1392.6480712890625
2023-09-14 00:00:00+05:30,1400.6412353515625
2023-09-15 00:00:00+05:30,1404.96337890625
2023-09-18 00:00:00+05:30,1386.56005859375
2023-09-20 00:00:00+05:30,1385.119384765625
2023-09-21 00:00:00+05:30,1395.80810546875
2023-09-22 00:00:00+05:30,1390.603271484375
2023-09-25 00:00:00+05:30,1370.1551513671875
2023-09-26 00:00:00+05:30,1357.6075439453125
2023-09-27 00:00:00+05:30,1363.5096435546875
2023-09-28 00:00:00+05:30,1337.9031982421875
2023-09-29 00:00:00+05:30,1334.1851806640625
2023-10-03 00:00:00+05:30,1332.8375244140625
2023-10-04 00:00:00+05:30,1342.45751953125
2023-10-05 00:00:00+05:30,1360.2099609375
2023-10-06 00:00:00+05:30,1374.38427734375
2023-10-09 00:00:00+05:30,1371.36328125
2023-10-10 00:00:00+05:30,1389.673828125
2023-10-11 00:00:00+05:30,1388.9766845703125
2023-10-12 00:00:00+05:30,1362.1153564453125
2023-10-13 00:00:00+05:30,1330.1885986328125
2023-10-16 00:00:00+05:30,1332.97705078125
2023-10-17 00:00:00+05:30,1340.69140625
2023-10-18 00:00:00+05:30,1338.925537109375
2023-10-19 00:00:00+05:30,1332.5123291015625
2023-10-20 00:00:00+05:30,1326.5638427734375
2023-10-23 00:00:00+05:30,1309.27587890625
2023-10-25 00:00:00+05:30,1289.88134765625
2023-10-26 00:00:00+05:30,1279.901611328125
2023-10-27 00:00:00+05:30,1299.57861328125
2023-10-30 00:00:00+05:30,1296.4718017578125
2023-10-31 00:00:00+05:30,1288.327880859375
2023-11-01 00:00:00+05:30,1274.9117431640625
2023-11-02 00:00:00+05:30,1289.9754638671875
2023-11-03 00:00:00+05:30,1307.76953125
2023-11-06 00:00:00+05:30,1321.185791015625
2023-11-07 00:00:00+05:30,1322.127197265625
2023-11-08 00:00:00+05:30,1309.60546875
2023-11-09 00:00:00+05:30,1294.3533935546875
2023-11-10 00:00:00+05:30,1288.7515869140625
2023-11-13 00:00:00+05:30,1293.176513671875
2023-11-15 00:00:00+05:30,1327.96435546875
2023-11-16 00:00:00+05:30,1360.3515625
2023-11-17 00:00:00+05:30,1353.4315185546875
2023-11-20 00:00:00+05:30,1352.5369873046875
2023-11-21 00:00:00+05:30,1354.796630859375
2023-11-22 00:00:00+05:30,1372.49658203125
2023-11-23 00:00:00+05:30,1364.447021484375
2023-11-24 00:00:00+05:30,1353.2904052734375
2023-11-28 00:00:00+05:30,1358.280029296875
2023-11-29 00:00:00+05:30,1374.1912841796875
2023-11-30 00:00:00+05:30,1370.001708984375
2023-12-01 00:00:00+05:30,1367.3184814453125
2023-12-04 00:00:00+05:30,1378.6632080078125
2023-12-05 00:00:00+05:30,1368.871826171875
2023-12-06 00:00:00+05:30,1388.03125
2023-12-07 00:00:00+05:30,1380.1226806640625
2023-12-08 00:00:00+05:30,1403.8951416015625
2023-12-11 00:00:00+05:30,1401.400146484375
2023-12-12 00:00:00+05:30,1389.6787109375
2023-12-13 00:00:00+05:30,1364.2115478515625
2023-12-14 00:00:00+05:30,1413.5924072265625
2023-12-15 00:00:00+05:30,1486.039794921875
2023-12-18 00:00:00+05:30,1472.811767578125
2023-12-19 00:00:00+05:30,1467.115966796875
2023-12-20 00:00:00+05:30,1446.4971923828125
2023-12-21 00:00:00+05:30,1446.1207275390625
2023-12-22 00:00:00+05:30,1471.4466552734375
2023-12-26 00:00:00+05:30,1453.60546875
2023-12-27 00:00:00+05:30,1475.40087890625
2023-12-28 00:00:00+05:30,1471.2113037109375
2023-12-29 00:00:00+05:30,1452.616943359375
2024-01-01 00:00:00+05:30,1460.572509765625
2024-01-02 00:00:00+05:30,1444.6143798828125
2024-01-03 00:00:00+05:30,1402.8125
2024-01-04 00:00:00+05:30,1424.18408203125
2024-01-05 00:00:00+05:30,1442.87255859375
2024-01-08 00:00:00+05:30,1433.6932373046875
2024-01-09 00:00:00+05:30,1439.8128662109375
2024-01-10 00:00:00+05:30,1430.962890625
2024-01-11 00:00:00+05:30,1406.7666015625
2024-01-12 00:00:00+05:30,1518.3797607421875
2024-01-15 00:00:00+05:30,1555.4271240234375
2024-01-16 00:00:00+05:30,1536.0797119140625
2024-01-17 00:00:00+05:30,1544.2232666015625
2024-01-18 00:00:00+05:30,1546.4830322265625
2024-01-19 00:00:00+05:30,1562.111572265625
2024-01-23 00:00:00+05:30,1546.0595703125
2024-01-24 00:00:00+05:30,1577.36376953125
2024-01-25 00:00:00+05:30,1571.432373046875
2024-01-29 00:00:00+05:30,1559.663818359375
2024-01-30 00:00:00+05:30,1554.8150634765625
2024-01-31 00:00:00+05:30,1563.7122802734375
2024-02-01 00:00:00+05:30,1560.0875244140625
2024-02-02 00:00:00+05:30,1594.2633056640625
2024-02-05 00:00:00+05:30,1588.4732666015625
2024-02-06 00:00:00+05:30,1628.2508544921875
2024-02-07 00:00:00+05:30,1594.639892578125
2024-02-08 00:00:00+05:30,1593.08642578125
2024-02-09 00:00:00+05:30,1571.667724609375
2024-02-12 00:00:00+05:30,1581.7886962890625
2024-02-13 00:00:00+05:30,1585.978271484375
2024-02-14 00:00:00+05:30,1568.7020263671875
2024-02-15 00:00:00+05:30,1578.258056640625
2024-02-16 00:00:00+05:30,1602.0777587890625
2024-02-19 00:00:00+05:30,1600.288818359375
2024-02-20 00:00:00+05:30,1586.6373291015625
2024-02-21 00:00:00+05:30,1558.67529296875
2024-02-22 00:00:00+05:30,1582.9654541015625
2024-02-23 00:00:00+05:30,1578.728759765625
2024-02-26 00:00:00+05:30,1563.006103515625
2024-02-27 00:00:00+05:30,1566.254150390625
2024-02-28 00:00:00+05:30,1573.45654296875
2024-02-29 00:00:00+05:30,1575.951416015625
2024-03-01 00:00:00+05:30,1557.875
2024-03-04 00:00:00+05:30,1541.39892578125
2024-03-05 00:00:00+05:30,1512.495361328125
2024-03-06 00:00:00+05:30,1522.8988037109375
2024-03-07 00:00:00+05:30,1521.8631591796875
2024-03-11 00:00:00+05:30,1506.940673828125
2024-03-12 00:00:00+05:30,1518.5679931640625
2024-03-13 00:00:00+05:30,1517.108642578125
2024-03-14 00:00:00+05:30,1556.5570068359375
2024-03-15 00:00:00+05:30,1538.3861083984375
2024-03-18 00:00:00+05:30,1508.87060546875
2024-03-19 00:00:00+05:30,1470.0814208984375
2024-03-20 00:00:00+05:30,1463.9617919921875
2024-03-21 00:00:00+05:30,1463.7264404296875
2024-03-22 00:00:00+05:30,1420.559326171875
2024-03-26 00:00:00+05:30,1405.307373046875
2024-03-27 00:00:00+05:30,1397.022216796875
2024-03-28 00:00:00+05:30,1410.391357421875
2024-04-01 00:00:00+05:30,1407.943359375
2024-04-02 00:00:00+05:30,1396.0806884765625
2024-04-03 00:00:00+05:30,1394.0096435546875
2024-04-04 00:00:00+05:30,1399.7054443359375
2024-04-05 00:00:00+05:30,1392.5501708984375
2024-04-08 00:00:00+05:30,1390.29052734375
2024-04-09 00:00:00+05:30,1407.3785400390625
2024-04-10 00:00:00+05:30,1418.62939453125
2024-04-12 00:00:00+05:30,1397.86962890625
2024-04-15 00:00:00+05:30,1382.2410888671875
2024-04-16 00:00:00+05:30,1331.6832275390625
2024-04-18 00:00:00+05:30,1336.202392578125
2024-04-19 00:00:00+05:30,1328.67041015625
2024-04-22 00:00:00+05:30,1348.912353515625
2024-04-23 00:00:00+05:30,1357.997802734375
2024-04-24 00:00:00+05:30,1347.0294189453125
2024-04-25 00:00:00+05:30,1354.27880859375
2024-04-26 00:00:00+05:30,1346.5587158203125
2024-04-29 00:00:00+05:30,1350.7952880859375
2024-04-30 00:00:00+05:30,1337.42626953125
2024-05-02 00:00:00+05:30,1331.6832275390625
2024-05-03 00:00:00+05:30,1333.425048828125
2024-05-06 00:00:00+05:30,1342.4632568359375
2024-05-07 00:00:00+05:30,1356.6324462890625
2024-05-08 00:00:00+05:30,1343.7813720703125
2024-05-09 00:00:00+05:30,1355.3145751953125
2024-05-10 00:00:00+05:30,1341.521728515625
2024-05-13 00:00:00+05:30,1340.156494140625
2024-05-14 00:00:00+05:30,1341.33349609375
2024-05-15 00:00:00+05:30,1336.861328125
2024-05-16 00:00:00+05:30,1368.3070068359375
2024-05-17 00:00:00+05:30,1359.78662109375
2024-05-21 00:00:00+05:30,1350.23046875
2024-05-22 00:00:00+05:30,1369.6722412109375
2024-05-23 00:00:00+05:30,1386.2421875
2024-05-24 00:00:00+05:30,1379.369384765625
2024-05-27 00:00:00+05:30,1385.253662109375
2024-05-28 00:00:00+05:30,1381.205322265625
2024-05-29 00:00:00+05:30,1366.04736328125
2024-05-30 00:00:00+05:30,1343.92236328125
2024-05-31 00:00:00+05:30,1351.0770263671875
2024-06-03 00:00:00+05:30,1350.11669921875
2024-06-04 00:00:00+05:30,1338.3526611328125
2024-06-05 00:00:00+05:30,1373.3564453125
2024-06-06 00:00:00+05:30,1413.833984375
2024-06-07 00:00:00+05:30,1472.749755859375
2024-06-10 00:00:00+05:30,1440.2427978515625
2024-06-11 00:00:00+05:30,1436.4014892578125
2024-06-12 00:00:00+05:30,1426.2701416015625
2024-06-13 00:00:00+05:30,1434.6728515625
2024-06-14 00:00:00+05:30,1429.8233642578125
2024-06-18 00:00:00+05:30,1438.7542724609375
2024-06-19 00:00:00+05:30,1451.382568359375
2024-06-20 00:00:00+05:30,1455.27197265625
2024-06-21 00:00:00+05:30,1471.885498046875
2024-06-24 00:00:00+05:30,1466.5556640625
2024-06-25 00:00:00+05:30,1480.7684326171875
2024-06-26 00:00:00+05:30,1479.568115234375
2024-06-27 00:00:00+05:30,1510.922607421875
2024-06-28 00:00:00+05:30,1504.5843505859375
2024-07-01 00:00:00+05:30,1527.68017578125
2024-07-02 00:00:00+05:30,1556.7301025390625
2024-07-03 00:00:00+05:30,1562.8280029296875
2024-07-04 00:00:00+05:30,1585.155517578125
2024-07-05 00:00:00+05:30,1582.082275390625
2024-07-08 00:00:00+05:30,1595.718994140625
2024-07-09 00:00:00+05:30,1591.3975830078125
2024-07-10 00:00:00+05:30,1582.8507080078125
2024-07-11 00:00:00+05:30,1587.1240234375
2024-07-12 00:00:00+05:30,1643.8311767578125
2024-07-15 00:00:00+05:30,1639.317626953125
2024-07-16 00:00:00+05:30,1657.563720703125
2024-07-18 00:00:00+05:30,1688.2940673828125
2024-07-19 00:00:00+05:30,1721.8092041015625
2024-07-22 00:00:00+05:30,1738.9990234375
2024-07-23 00:00:00+05:30,1764.015380859375
2024-07-24 00:00:00+05:30,1761.182373046875
2024-07-25 00:00:00+05:30,1752.4434814453125
2024-07-26 00:00:00+05:30,1804.3489990234375
2024-07-29 00:00:00+05:30,1796.8583984375
2024-07-30 00:00:00+05:30,1802.66845703125
2024-07-31 00:00:00+05:30,1794.121337890625
2024-08-01 00:00:00+05:30,1779.092529296875
2024-08-02 00:00:00+05:30,1748.9383544921875
2024-08-05 00:00:00+05:30,1682.3880615234375
2024-08-06 00:00:00+05:30,1681.619873046875
2024-08-07 00:00:00+05:30,1720.5609130859375
2024-08-08 00:00:00+05:30,1673.9853515625
2024-08-09 00:00:00+05:30,1700.4901123046875
2024-08-12 00:00:00+05:30,1726.082763671875
2024-08-13 00:00:00+05:30,1726.130615234375
2024-08-14 00:00:00+05:30,1750.906982421875
2024-08-16 00:00:00+05:30,1785.1904296875
2024-08-19 00:00:00+05:30,1790.8084716796875
2024-08-20 00:00:00+05:30,1797.9146728515625
2024-08-21 00:00:00+05:30,1798.3948974609375
2024-08-22 00:00:00+05:30,1805.6453857421875
2024-08-23 00:00:00+05:30,1788.215576171875
2024-08-26 00:00:00+05:30,1801.7081298828125
2024-08-27 00:00:00+05:30,1824.707763671875
2024-08-28 00:00:00+05:30,1862.1602783203125
2024-08-29 00:00:00+05:30,1856.6385498046875
2024-08-30 00:00:00+05:30,1866.5777587890625
2024-09-02 00:00:00+05:30,1886.5526123046875
2024-09-03 00:00:00+05:30,1864.2249755859375
2024-09-04 00:00:00+05:30,1846.1708984375
2024-09-05 00:00:00+05:30,1856.4464111328125
2024-09-06 00:00:00+05:30,1826.3883056640625
2024-09-09 00:00:00+05:30,1819.4739990234375
2024-09-10 00:00:00+05:30,1836.423828125
2024-09-11 00:00:00+05:30,1834.35888671875
2024-09-12 00:00:00+05:30,1873.06005859375
2024-09-13 00:00:00+05:30,1866.9619140625
2024-09-16 00:00:00+05:30,1872.867919921875
2024-09-17 00:00:00+05:30,1875.07666015625
2024-09-18 00:00:00+05:30,1817.0732421875
2024-09-19 00:00:00+05:30,1819.041748046875
2024-09-20 00:00:00+05:30,1830.1336669921875
2024-09-23 00:00:00+05:30,1821.2025146484375
2024-09-24 00:00:00+05:30,1823.2672119140625
2024-09-25 00:00:00+05:30,1820.0982666015625
2024-09-26 00:00:00+05:30,1824.8516845703125
2024-09-27 00:00:00+05:30,1831.093994140625
2024-09-30 00:00:00+05:30,1801.179931640625
2024-10-01 00:00:00+05:30,1828.7890625
2024-10-03 00:00:00+05:30,1818.273681640625
2024-10-04 00:00:00+05:30,1842.04150390625
2024-10-07 00:00:00+05:30,1857.55078125
2024-10-08 00:00:00+05:30,1871.2354736328125
2024-10-09 00:00:00+05:30,1875.2686767578125
2024-10-10 00:00:00+05:30,1842.8577880859375
2024-10-11 00:00:00+05:30,1858.3189697265625
2024-10-14 00:00:00+05:30,1881.1746826171875
2024-10-15 00:00:00+05:30,1881.558837890625
2024-10-16 00:00:00+05:30,1843.9141845703125
2024-10-17 00:00:00+05:30,1890.0096435546875
2024-10-18 00:00:00+05:30,1805.0211181640625
2024-10-21 00:00:00+05:30,1779.2364501953125
2024-10-22 00:00:00+05:30,1778.132080078125
2024-10-23 00:00:00+05:30,1799.067138671875
2024-10-24 00:00:00+05:30,1789.4158935546875
2024-10-25 00:00:00+05:30,1788.1676025390625
2024-10-28 00:00:00+05:30,1791.3365478515625
2024-10-29 00:00:00+05:30,1786.4317626953125
2024-10-30 00:00:00+05:30,1750.3009033203125
2024-10-31 00:00:00+05:30,1706.7401123046875
2024-11-01 00:00:00+05:30,1710.236572265625
2024-11-04 00:00:00+05:30,1712.956298828125
2024-11-05 00:00:00+05:30,1703.77783203125
2024-11-06 00:00:00+05:30,1771.280029296875
2024-11-07 00:00:00+05:30,1751.2237548828125
2024-11-08 00:00:00+05:30,1777.350341796875
2024-11-11 00:00:00+05:30,1806.6337890625
2024-11-12 00:00:00+05:30,1815.0838623046875
2024-11-13 00:00:00+05:30,1814.6953125
2024-11-14 00:00:00+05:30,1810.9560546875
2024-11-18 00:00:00+05:30,1759.3822021484375
2024-11-19 00:00:00+05:30,1772.300048828125
2024-11-21 00:00:00+05:30,1781.3326416015625
2024-11-22 00:00:00+05:30,1847.572265625
2024-11-25 00:00:00+05:30,1835.3829345703125
2024-11-26 00:00:00+05:30,1868.8428955078125
2024-11-27 00:00:00+05:30,1869.182861328125
2024-11-28 00:00:00+05:30,1803.282958984375
2024-11-29 00:00:00+05:30,1804.448486328125
2024-12-02 00:00:00+05:30,1825.7677001953125
2024-12-03 00:00:00+05:30,1837.714111328125
2024-12-04 00:00:00+05:30,1834.946044921875
2024-12-05 00:00:00+05:30,1879.2352294921875
2024-12-06 00:00:00+05:30,1867.1431884765625
2024-12-09 00:00:00+05:30,1868.3572998046875
2024-12-10 00:00:00+05:30,1892.54150390625
2024-12-11 00:00:00+05:30,1917.4056396484375
2024-12-12 00:00:00+05:30,1929.8863525390625
2024-12-13 00:00:00+05:30,1942.22119140625
2024-12-16 00:00:00+05:30,1923.1361083984375
2024-12-17 00:00:00+05:30,1919.78515625
2024-12-18 00:00:00+05:30,1922.261962890625
2024-12-19 00:00:00+05:30,1890.2589111328125
2024-12-20 00:00:00+05:30,1866.900390625
2024-12-23 00:00:00+05:30,1868.988525390625
2024-12-24 00:00:00+05:30,1854.1768798828125
2024-12-26 00:00:00+05:30,1852.5743408203125
2024-12-27 00:00:00+05:30,1861.655517578125
2024-12-30 00:00:00+05:30,1851.214599609375
2024-12-31 00:00:00+05:30,1825.9617919921875
2025-01-01 00:00:00+05:30,1828.389892578125
2025-01-02 00:00:00+05:30,1901.5740966796875
2025-01-03 00:00:00+05:30,1883.0230712890625
2025-01-06 00:00:00+05:30,1882.1490478515625
2025-01-07 00:00:00+05:30,1875.3502197265625
2025-01-08 00:00:00+05:30,1877.5841064453125
2025-01-09 00:00:00+05:30,1862.1898193359375
2025-01-10 00:00:00+05:30,1910.4124755859375
2025-01-13 00:00:00+05:30,1905.799072265625
2025-01-14 00:00:00+05:30,1884.285888671875
2025-01-15 00:00:00+05:30,1893.60986328125
2025-01-16 00:00:00+05:30,1873.0191650390625
2025-01-17 00:00:00+05:30,1763.2672119140625
2025-01-20 00:00:00+05:30,1761.1790771484375
2025-01-21 00:00:00+05:30,1748.941162109375
2025-01-22 00:00:00+05:30,1803.0887451171875
2025-01-23 00:00:00+05:30,1811.8299560546875
2025-01-24 00:00:00+05:30,1821.5426025390625
2025-01-27 00:00:00+05:30,1769.62890625
2025-01-28 00:00:00+05:30,1777.15625
2025-01-29 00:00:00+05:30,1827.1759033203125
2025-01-30 00:00:00+05:30,1806.4881591796875
2025-01-31 00:00:00+05:30,1825.7677001953125
2025-02-01 00:00:00+05:30,1798.1353759765625
2025-02-03 00:00:00+05:30,1809.741943359375
2025-02-04 00:00:00+05:30,1844.2215576171875
2025-02-05 00:00:00+05:30,1842.5218505859375
2025-02-06 00:00:00+05:30,1860.587158203125
2025-02-07 00:00:00+05:30,1848.93212890625
2025-02-10 00:00:00+05:30,1826.2532958984375
2025-02-11 00:00:00+05:30,1821.7369384765625
2025-02-12 00:00:00+05:30,1809.59619140625
2025-02-13 00:00:00+05:30,1790.2681884765625
2025-02-14 00:00:00+05:30,1803.0401611328125
2025-02-17 00:00:00+05:30,1789.3455810546875
2025-02-18 00:00:00+05:30,1798.7181396484375
2025-02-19 00:00:00+05:30,1758.7509765625
2025-02-20 00:00:00+05:30,1772.6884765625
2025-02-21 00:00:00+05:30,1762.8302001953125
2025-02-24 00:00:00+05:30,1713.3931884765625
2025-02-25 00:00:00+05:30,1716.8896484375
2025-02-27 00:00:00+05:30,1713.5875244140625
2025-02-28 00:00:00+05:30,1639.189208984375
2025-03-03 00:00:00+05:30,1659.4884033203125
2025-03-04 00:00:00+05:30,1639.7720947265625
2025-03-05 00:00:00+05:30,1662.30517578125
2025-03-06 00:00:00+05:30,1666.5301513671875
2025-03-07 00:00:00+05:30,1637.5382080078125
2025-03-10 00:00:00+05:30,1652.5440673828125
2025-03-11 00:00:00+05:30,1613.8394775390625
2025-03-12 00:00:00+05:30,1545.123046875
2025-03-13 00:00:00+05:30,1534.439208984375
2025-03-17 00:00:00+05:30,1544.34619140625
2025-03-18 00:00:00+05:30,1544.34619140625
2025-03-19 00:00:00+05:30,1540.94677734375
2025-03-20 00:00:00+05:30,1569.1131591796875
2025-03-21 00:00:00+05:30,1546.7742919921875
2025-03-24 00:00:00+05:30,1546.968505859375
2025-03-25 00:00:00+05:30,1581.6422119140625
2025-03-26 00:00:00+05:30,1553.475830078125
2025-03-27 00:00:00+05:30,1557.4581298828125
2025-03-28 00:00:00+05:30,1525.5037841796875
2025-04-01 00:00:00+05:30,1482.6226806640625
2025-04-02 00:00:00+05:30,1505.593017578125
2025-04-03 00:00:00+05:30,1453.485107421875
2025-04-04 00:00:00+05:30,1409.92431640625
2025-04-07 00:00:00+05:30,1356.602294921875
2025-04-08 00:00:00+05:30,1387.7310791015625
2025-04-09 00:00:00+05:30,1363.3524169921875
2025-04-11 00:00:00+05:30,1368.9371337890625
2025-04-15 00:00:00+05:30,1385.011474609375
2025-04-16 00:00:00+05:30,1372.482177734375
2025-04-17 00:00:00+05:30,1378.6983642578125
2025-04-21 00:00:00+05:30,1409.29296875
2025-04-22 00:00:00+05:30,1381.903564453125
2025-04-23 00:00:00+05:30,1432.5059814453125
2025-04-24 00:00:00+05:30,1429.1065673828125
2025-04-25 00:00:00+05:30,1437.653564453125
2025-04-28 00:00:00+05:30,1439.4989013671875
2025-04-29 00:00:00+05:30,1454.456298828125
2025-04-30 00:00:00+05:30,1456.9815673828125
2025-05-02 00:00:00+05:30,1463.586181640625
2025-05-05 00:00:00+05:30,1465.2371826171875
2025-05-06 00:00:00+05:30,1468.053955078125
2025-05-07 00:00:00+05:30,1464.9459228515625
2025-05-08 00:00:00+05:30,1467.956787109375
2025-05-09 00:00:00+05:30,1464.2659912109375
2025-05-12 00:00:00+05:30,1580.136962890625
2025-05-13 00:00:00+05:30,1523.5125732421875
2025-05-14 00:00:00+05:30,1546.6285400390625
2025-05-15 00:00:00+05:30,1566.636474609375
2025-05-16 00:00:00+05:30,1544.200439453125
2025-05-19 00:00:00+05:30,1514.9656982421875
2025-05-20 00:00:00+05:30,1515.7425537109375
2025-05-21 00:00:00+05:30,1523.41552734375
2025-05-22 00:00:00+05:30,1503.0191650390625
2025-05-23 00:00:00+05:30,1519.8218994140625
2025-05-26 00:00:00+05:30,1535.070556640625
2025-05-27 00:00:00+05:30,1524.969482421875
2025-05-28 00:00:00+05:30,1526.6207275390625
2025-05-29 00:00:00+05:30,1540.02392578125
2025-05-30 00:00:00+05:30,1539.1375732421875
2025-06-02 00:00:00+05:30,1530.371826171875
2025-06-03 00:00:00+05:30,1519.734619140625
2025-06-04 00:00:00+05:30,1527.8109130859375
2025-06-05 00:00:00+05:30,1530.8642578125
2025-06-06 00:00:00+05:30,1540.2210693359375
2025-06-09 00:00:00+05:30,1549.183837890625
2025-06-10 00:00:00+05:30,1571.935546875
2025-06-11 00:00:00+05:30,1606.5062255859375
2025-06-12 00:00:00+05:30,1584.345458984375
2025-06-13 00:00:00+05:30,1577.844970703125
2025-06-16 00:00:00+05:30,1599.31640625
2025-06-17 00:00:00+05:30,1615.173583984375
2025-06-18 00:00:00+05:30,1608.2791748046875
2025-06-19 00:00:00+05:30,1593.997802734375
2025-06-20 00:00:00+05:30,1598.429931640625
2025-06-23 00:00:00+05:30,1560.116455078125
2025-06-24 00:00:00+05:30,1557.7525634765625
2025-06-25 00:00:00+05:30,1590.550537109375
2025-06-26 00:00:00+05:30,1591.6339111328125
2025-06-27 00:00:00+05:30,1583.7545166015625
2025-06-30 00:00:00+05:30,1577.6480712890625
2025-07-01 00:00:00+05:30,1582.57275390625
2025-07-02 00:00:00+05:30,1586.2169189453125
2025-07-03 00:00:00+05:30,1594.293212890625
2025-07-04 00:00:00+05:30,1615.96142578125
2025-07-07 00:00:00+05:30,1602.4681396484375
2025-07-08 00:00:00+05:30,1613.9915771484375
2025-07-09 00:00:00+05:30,1609.0670166015625
2025-07-10 00:00:00+05:30,1591.43701171875
2025-07-11 00:00:00+05:30,1570.85205078125
2025-07-14 00:00:00+05:30,1546.623046875
2025-07-15 00:00:00+05:30,1561.6922607421875
2025-07-16 00:00:00+05:30,1583.6561279296875
2025-07-17 00:00:00+05:30,1559.6240234375
2025-07-18 00:00:00+05:30,1562.1846923828125
2025-07-21 00:00:00+05:30,1560.4119873046875
2025-07-22 00:00:00+05:30,1547.2139892578125
2025-07-23 00:00:00+05:30,1550.7596435546875
2025-07-24 00:00:00+05:30,1529.0914306640625
2025-07-25 00:00:00+05:30,1492.84619140625
2025-07-28 00:00:00+05:30,1493.1417236328125
2025-07-29 00:00:00+05:30,1490.8763427734375
2025-07-30 00:00:00+05:30,1496.0965576171875
2025-07-31 00:00:00+05:30,1486.247314453125
2025-08-01 00:00:00+05:30,1447.4412841796875
2025-08-04 00:00:00+05:30,1458.177001953125
2025-08-05 00:00:00+05:30,1438.2816162109375
2025-08-06 00:00:00+05:30,1415.037353515625
2025-08-07 00:00:00+05:30,1415.234375
2025-08-08 00:00:00+05:30,1401.6424560546875
2025-08-11 00:00:00+05:30,1406.66552734375
2025-08-12 00:00:00+05:30,1402.62744140625
2025-08-13 00:00:00+05:30,1405.0897216796875
2025-08-14 00:00:00+05:30,1425.8714599609375
2025-08-18 00:00:00+05:30,1414.1510009765625
2025-08-19 00:00:00+05:30,1418.2877197265625
2025-08-20 00:00:00+05:30,1473.6402587890625
2025-08-21 00:00:00+05:30,1473.8372802734375
2025-08-22 00:00:00+05:30,1465.0714111328125
2025-08-25 00:00:00+05:30,1508.9989013671875
2025-08-26 00:00:00+05:30,1506.53662109375
2025-08-28 00:00:00+05:30,1477.4814453125
2025-08-29 00:00:00+05:30,1447.4412841796875
2025-09-01 00:00:00+05:30,1476.7921142578125
2025-09-02 00:00:00+05:30,1476.1025390625
2025-09-03 00:00:00+05:30,1456.798095703125
2025-09-04 00:00:00+05:30,1440.94091796875
2025-09-05 00:00:00+05:30,1422.8182373046875
2025-09-08 00:00:00+05:30,1411.2947998046875
2025-09-09 00:00:00+05:30,1481.6181640625
2025-09-10 00:00:00+05:30,1509.491455078125
2025-09-11 00:00:00+05:30,1486.9366455078125
2025-09-12 00:00:00+05:30,1502.596923828125
2025-09-15 00:00:00+05:30,1485.6563720703125
2025-09-16 00:00:00+05:30,1488.5126953125
2025-09-17 00:00:00+05:30,1499.4453125
2025-09-18 00:00:00+05:30,1517.370849609375
2025-09-19 00:00:00+05:30,1516.976806640625
2025-09-22 00:00:00+05:30,1476.8905029296875
2025-09-23 00:00:00+05:30,1474.920654296875
2025-09-24 00:00:00+05:30,1472.0643310546875
2025-09-25 00:00:00+05:30,1462.4122314453125
2025-09-26 00:00:00+05:30,1427.053466796875
2025-09-29 00:00:00+05:30,1420.060546875
2025-09-30 00:00:00+05:30,1420.060546875
2025-10-01 00:00:00+05:30,1424.000244140625
2025-10-03 00:00:00+05:30,1424.7880859375
2025-10-06 00:00:00+05:30,1453.744873046875
2025-10-07 00:00:00+05:30,1436.5086669921875
2025-10-08 00:00:00+05:30,1472.4583740234375
2025-10-09 00:00:00+05:30,1486.5428466796875
2025-10-10 00:00:00+05:30,1492.058349609375
2025-10-13 00:00:00+05:30,1470.6854248046875
2025-10-14 00:00:00+05:30,1467.435302734375
2025-10-15 00:00:00+05:30,1452.1690673828125
2025-10-16 00:00:00+05:30,1449.312744140625
2025-10-17 00:00:00+05:30,1419.37109375
2025-10-20 00:00:00+05:30,1438.87255859375
2025-10-21 00:00:00+05:30,1450.19921875
2025-10-23 00:00:00+05:30,1505.4532470703125
2025-10-24 00:00:00+05:30,1502.4000244140625
2025-10-27 00:00:00+05:30,1504.5
2025-10-28 00:00:00+05:30,1500.199951171875
2025-10-29 00:00:00+05:30,1510.4000244140625
2025-10-30 00:00:00+05:30,1493.800048828125
2025-10-31 00:00:00+05:30,1482.300048828125
2025-11-03 00:00:00+05:30,1485.5
2025-11-04 00:00:00+05:30,1467.9000244140625
2025-11-05 00:00:00+05:30,1467.9000244140625
2025-11-06 00:00:00+05:30,1466.699951171875
2025-11-07 00:00:00+05:30,1476.800048828125
2025-11-10 00:00:00+05:30,1513.5
2025-11-11 00:00:00+05:30,1530.300048828125
2025-11-12 00:00:00+05:30,1551.699951171875
2025-11-13 00:00:00+05:30,1541.800048828125
2025-11-14 00:00:00+05:30,1502.800048828125
2025-11-17 00:00:00+05:30,1507.5999755859375
2025-11-18 00:00:00+05:30,1486.4000244140625
2025-11-19 00:00:00+05:30,1541.0999755859375
2025-11-20 00:00:00+05:30,1536.5
2025-11-21 00:00:00+05:30,1545.0
2025-11-24 00:00:00+05:30,1548.0
2025-11-25 00:00:00+05:30,1530.5999755859375
2025-11-26 00:00:00+05:30,1557.9000244140625
2025-11-27 00:00:00+05:30,1566.4000244140625
2025-11-28 00:00:00+05:30,1560.0999755859375
2025-12-01 00:00:00+05:30,1564.0
2025-12-02 00:00:00+05:30,1561.0
2025-12-03 00:00:00+05:30,1578.699951171875
2025-12-04 00:00:00+05:30,1597.5999755859375
2025-12-05 00:00:00+05:30,1616.199951171875
2025-12-08 00:00:00+05:30,1610.800048828125
2025-12-09 00:00:00+05:30,1599.0
2025-12-10 00:00:00+05:30,1584.800048828125
2025-12-11 00:00:00+05:30,1598.0
2025-12-12 00:00:00+05:30,1598.199951171875
2025-12-15 00:00:00+05:30,1606.800048828125
2025-12-16 00:00:00+05:30,1592.9000244140625
2025-12-17 00:00:00+05:30,1602.0
2025-12-18 00:00:00+05:30,1626.800048828125
2025-12-19 00:00:00+05:30,1638.699951171875
2025-12-22 00:00:00+05:30,1689.5999755859375
2025-12-23 00:00:00+05:30,1668.300048828125
2025-12-24 00:00:00+05:30,1663.4000244140625
2025-12-25 00:00:00+05:30,1663.4000244140625
2025-12-26 00:00:00+05:30,1656.0999755859375
2025-12-29 00:00:00+05:30,1644.699951171875
2025-12-30 00:00:00+05:30,1621.5999755859375
