Date,Close_Final
2010-01-04 00:00:00+05:30,218.59310913085938
2010-01-05 00:00:00+05:30,217.61749267578125
2010-01-06 00:00:00+05:30,221.13372802734375
2010-01-07 00:00:00+05:30,224.80230712890625
2010-01-08 00:00:00+05:30,224.212890625
2010-01-11 00:00:00+05:30,219.8125762939453
2010-01-12 00:00:00+05:30,220.39183044433594
2010-01-13 00:00:00+05:30,221.25564575195312
2010-01-14 00:00:00+05:30,227.98316955566406
2010-01-15 00:00:00+05:30,225.75758361816406
2010-01-18 00:00:00+05:30,223.4710693359375
2010-01-19 00:00:00+05:30,220.52392578125
2010-01-20 00:00:00+05:30,218.99957275390625
2010-01-21 00:00:00+05:30,214.23342895507812
2010-01-22 00:00:00+05:30,214.1927947998047
2010-01-25 00:00:00+05:30,211.79446411132812
2010-01-27 00:00:00+05:30,208.8473663330078
2010-01-28 00:00:00+05:30,210.7985076904297
2010-01-29 00:00:00+05:30,212.63795471191406
2010-02-01 00:00:00+05:30,212.47531127929688
2010-02-02 00:00:00+05:30,208.79653930664062
2010-02-03 00:00:00+05:30,210.14817810058594
2010-02-04 00:00:00+05:30,207.1400604248047
2010-02-05 00:00:00+05:30,199.52845764160156
2010-02-08 00:00:00+05:30,202.0995330810547
2010-02-09 00:00:00+05:30,201.87594604492188
2010-02-10 00:00:00+05:30,200.21946716308594
2010-02-11 00:00:00+05:30,206.32708740234375
2010-02-15 00:00:00+05:30,205.2803497314453
2010-02-16 00:00:00+05:30,206.85556030273438
2010-02-17 00:00:00+05:30,209.86358642578125
2010-02-18 00:00:00+05:30,202.8007354736328
2010-02-19 00:00:00+05:30,199.8332977294922
2010-02-22 00:00:00+05:30,198.76626586914062
2010-02-23 00:00:00+05:30,198.23785400390625
2010-02-24 00:00:00+05:30,198.93905639648438
2010-02-25 00:00:00+05:30,195.748046875
2010-02-26 00:00:00+05:30,198.96949768066406
2010-03-02 00:00:00+05:30,199.8332977294922
2010-03-03 00:00:00+05:30,208.28842163085938
2010-03-04 00:00:00+05:30,206.09335327148438
2010-03-05 00:00:00+05:30,205.23973083496094
2010-03-08 00:00:00+05:30,204.08119201660156
2010-03-09 00:00:00+05:30,201.28656005859375
2010-03-10 00:00:00+05:30,205.0263214111328
2010-03-11 00:00:00+05:30,206.59130859375
2010-03-12 00:00:00+05:30,207.63803100585938
2010-03-15 00:00:00+05:30,208.948974609375
2010-03-16 00:00:00+05:30,217.05859375
2010-03-17 00:00:00+05:30,217.4142608642578
2010-03-18 00:00:00+05:30,218.8878173828125
2010-03-19 00:00:00+05:30,221.95684814453125
2010-03-22 00:00:00+05:30,218.27809143066406
2010-03-23 00:00:00+05:30,221.82472229003906
2010-03-25 00:00:00+05:30,221.8348846435547
2010-03-26 00:00:00+05:30,223.66416931152344
2010-03-29 00:00:00+05:30,222.21092224121094
2010-03-30 00:00:00+05:30,221.16416931152344
2010-03-31 00:00:00+05:30,218.33901977539062
2010-04-01 00:00:00+05:30,221.95684814453125
2010-04-05 00:00:00+05:30,228.83677673339844
2010-04-06 00:00:00+05:30,228.28799438476562
2010-04-07 00:00:00+05:30,229.60911560058594
2010-04-08 00:00:00+05:30,224.9039306640625
2010-04-09 00:00:00+05:30,228.59288024902344
2010-04-12 00:00:00+05:30,229.13148498535156
2010-04-13 00:00:00+05:30,227.82054138183594
2010-04-15 00:00:00+05:30,221.6824951171875
2010-04-16 00:00:00+05:30,220.3715362548828
2010-04-19 00:00:00+05:30,215.80862426757812
2010-04-20 00:00:00+05:30,216.09312438964844
2010-04-21 00:00:00+05:30,214.2435760498047
2010-04-22 00:00:00+05:30,218.6439208984375
2010-04-23 00:00:00+05:30,221.17434692382812
2010-04-26 00:00:00+05:30,217.7292938232422
2010-04-27 00:00:00+05:30,215.69680786132812
2010-04-28 00:00:00+05:30,206.75389099121094
2010-04-29 00:00:00+05:30,210.37171936035156
2010-04-30 00:00:00+05:30,210.0770263671875
2010-05-03 00:00:00+05:30,208.0749969482422
2010-05-04 00:00:00+05:30,207.54656982421875
2010-05-05 00:00:00+05:30,207.44493103027344
2010-05-06 00:00:00+05:30,204.8433837890625
2010-05-07 00:00:00+05:30,209.91444396972656
2010-05-10 00:00:00+05:30,221.0086669921875
2010-05-11 00:00:00+05:30,218.63351440429688
2010-05-12 00:00:00+05:30,221.73550415039062
2010-05-13 00:00:00+05:30,219.45252990722656
2010-05-14 00:00:00+05:30,213.68881225585938
2010-05-17 00:00:00+05:30,208.14004516601562
2010-05-18 00:00:00+05:30,208.96926879882812
2010-05-19 00:00:00+05:30,204.4749755859375
2010-05-20 00:00:00+05:30,204.74114990234375
2010-05-21 00:00:00+05:30,203.8402557373047
2010-05-24 00:00:00+05:30,209.38900756835938
2010-05-25 00:00:00+05:30,201.81321716308594
2010-05-26 00:00:00+05:30,206.39962768554688
2010-05-27 00:00:00+05:30,209.30712890625
2010-05-28 00:00:00+05:30,212.2555694580078
2010-05-31 00:00:00+05:30,214.08804321289062
2010-06-01 00:00:00+05:30,206.91151428222656
2010-06-02 00:00:00+05:30,207.01388549804688
2010-06-03 00:00:00+05:30,211.05772399902344
2010-06-04 00:00:00+05:30,211.13963317871094
2010-06-07 00:00:00+05:30,206.33819580078125
2010-06-08 00:00:00+05:30,204.01431274414062
2010-06-09 00:00:00+05:30,206.19488525390625
2010-06-10 00:00:00+05:30,207.8943328857422
2010-06-11 00:00:00+05:30,214.25184631347656
2010-06-14 00:00:00+05:30,217.7530975341797
2010-06-15 00:00:00+05:30,218.2854461669922
2010-06-16 00:00:00+05:30,216.61671447753906
2010-06-17 00:00:00+05:30,219.37063598632812
2010-06-18 00:00:00+05:30,215.87965393066406
2010-06-21 00:00:00+05:30,218.1933135986328
2010-06-22 00:00:00+05:30,217.81454467773438
2010-06-23 00:00:00+05:30,216.77029418945312
2010-06-24 00:00:00+05:30,215.4087371826172
2010-06-25 00:00:00+05:30,217.64048767089844
2010-06-28 00:00:00+05:30,223.20970153808594
2010-06-29 00:00:00+05:30,218.56187438964844
2010-06-30 00:00:00+05:30,223.14833068847656
2010-07-01 00:00:00+05:30,220.36367797851562
2010-07-02 00:00:00+05:30,218.86900329589844
2010-07-05 00:00:00+05:30,218.7358856201172
2010-07-06 00:00:00+05:30,219.88250732421875
2010-07-07 00:00:00+05:30,215.71585083007812
2010-07-08 00:00:00+05:30,216.44271850585938
2010-07-09 00:00:00+05:30,216.55531311035156
2010-07-12 00:00:00+05:30,216.26864624023438
2010-07-13 00:00:00+05:30,219.96441650390625
2010-07-14 00:00:00+05:30,219.1761474609375
2010-07-15 00:00:00+05:30,219.79039001464844
2010-07-16 00:00:00+05:30,217.64048767089844
2010-07-19 00:00:00+05:30,216.22772216796875
2010-07-20 00:00:00+05:30,215.59295654296875
2010-07-21 00:00:00+05:30,216.70889282226562
2010-07-22 00:00:00+05:30,216.83172607421875
2010-07-23 00:00:00+05:30,217.12864685058594
2010-07-26 00:00:00+05:30,215.62367248535156
2010-07-27 00:00:00+05:30,215.7056121826172
2010-07-28 00:00:00+05:30,209.1023406982422
2010-07-29 00:00:00+05:30,206.8296661376953
2010-07-30 00:00:00+05:30,206.72727966308594
2010-08-02 00:00:00+05:30,207.73048400878906
2010-08-03 00:00:00+05:30,210.43324279785156
2010-08-04 00:00:00+05:30,208.0376434326172
2010-08-05 00:00:00+05:30,206.19488525390625
2010-08-06 00:00:00+05:30,204.77186584472656
2010-08-09 00:00:00+05:30,203.44094848632812
2010-08-10 00:00:00+05:30,202.27391052246094
2010-08-11 00:00:00+05:30,201.3218231201172
2010-08-12 00:00:00+05:30,199.14122009277344
2010-08-13 00:00:00+05:30,200.4720916748047
2010-08-16 00:00:00+05:30,200.02162170410156
2010-08-17 00:00:00+05:30,198.74191284179688
2010-08-18 00:00:00+05:30,197.50318908691406
2010-08-19 00:00:00+05:30,200.08306884765625
2010-08-20 00:00:00+05:30,202.4274444580078
2010-08-23 00:00:00+05:30,200.02162170410156
2010-08-24 00:00:00+05:30,199.10025024414062
2010-08-25 00:00:00+05:30,198.1583709716797
2010-08-26 00:00:00+05:30,195.83447265625
2010-08-27 00:00:00+05:30,194.43191528320312
2010-08-30 00:00:00+05:30,194.09408569335938
2010-08-31 00:00:00+05:30,188.20748901367188
2010-09-01 00:00:00+05:30,191.68826293945312
2010-09-02 00:00:00+05:30,191.94419860839844
2010-09-03 00:00:00+05:30,189.5383758544922
2010-09-06 00:00:00+05:30,195.05638122558594
2010-09-07 00:00:00+05:30,197.03224182128906
2010-09-08 00:00:00+05:30,196.4794464111328
2010-09-09 00:00:00+05:30,196.26443481445312
2010-09-13 00:00:00+05:30,203.2157745361328
2010-09-14 00:00:00+05:30,202.32510375976562
2010-09-15 00:00:00+05:30,207.597412109375
2010-09-16 00:00:00+05:30,204.82305908203125
2010-09-17 00:00:00+05:30,210.3513641357422
2010-09-20 00:00:00+05:30,213.22811889648438
2010-09-21 00:00:00+05:30,211.94839477539062
2010-09-22 00:00:00+05:30,208.85665893554688
2010-09-23 00:00:00+05:30,204.2702178955078
2010-09-24 00:00:00+05:30,205.08921813964844
2010-09-27 00:00:00+05:30,206.83985900878906
2010-09-28 00:00:00+05:30,204.44427490234375
2010-09-29 00:00:00+05:30,204.54664611816406
2010-09-30 00:00:00+05:30,202.14080810546875
2010-10-01 00:00:00+05:30,206.36892700195312
2010-10-04 00:00:00+05:30,208.4062042236328
2010-10-05 00:00:00+05:30,209.63470458984375
2010-10-06 00:00:00+05:30,213.9549560546875
2010-10-07 00:00:00+05:30,212.76739501953125
2010-10-08 00:00:00+05:30,214.9173126220703
2010-10-11 00:00:00+05:30,218.920166015625
2010-10-12 00:00:00+05:30,216.13558959960938
2010-10-13 00:00:00+05:30,219.70849609375
2010-10-14 00:00:00+05:30,216.83172607421875
2010-10-15 00:00:00+05:30,213.01309204101562
2010-10-18 00:00:00+05:30,214.4668426513672
2010-10-19 00:00:00+05:30,213.84234619140625
2010-10-20 00:00:00+05:30,214.8763427734375
2010-10-21 00:00:00+05:30,221.46934509277344
2010-10-22 00:00:00+05:30,221.50006103515625
2010-10-25 00:00:00+05:30,223.25070190429688
2010-10-26 00:00:00+05:30,224.99105834960938
2010-10-27 00:00:00+05:30,223.7420654296875
2010-10-28 00:00:00+05:30,221.54100036621094
2010-10-29 00:00:00+05:30,224.45870971679688
2010-11-01 00:00:00+05:30,223.834228515625
2010-11-02 00:00:00+05:30,220.0770721435547
2010-11-03 00:00:00+05:30,218.12167358398438
2010-11-04 00:00:00+05:30,226.2605438232422
2010-11-08 00:00:00+05:30,227.65283203125
2010-11-09 00:00:00+05:30,226.97715759277344
2010-11-10 00:00:00+05:30,225.67698669433594
2010-11-11 00:00:00+05:30,221.1110382080078
2010-11-12 00:00:00+05:30,217.41525268554688
2010-11-15 00:00:00+05:30,215.95132446289062
2010-11-16 00:00:00+05:30,210.99630737304688
2010-11-18 00:00:00+05:30,211.49798583984375
2010-11-19 00:00:00+05:30,203.98361206054688
2010-11-22 00:00:00+05:30,207.2595977783203
2010-11-23 00:00:00+05:30,203.85049438476562
2010-11-24 00:00:00+05:30,203.94264221191406
2010-11-25 00:00:00+05:30,200.55398559570312
2010-11-26 00:00:00+05:30,197.04249572753906
2010-11-29 00:00:00+05:30,204.4237823486328
2010-11-30 00:00:00+05:30,201.802978515625
2010-12-01 00:00:00+05:30,202.45814514160156
2010-12-02 00:00:00+05:30,207.0343780517578
2010-12-03 00:00:00+05:30,205.95945739746094
2010-12-06 00:00:00+05:30,208.87713623046875
2010-12-07 00:00:00+05:30,211.04751586914062
2010-12-08 00:00:00+05:30,208.95907592773438
2010-12-09 00:00:00+05:30,201.5777130126953
2010-12-10 00:00:00+05:30,209.6449432373047
2010-12-13 00:00:00+05:30,213.2997589111328
2010-12-14 00:00:00+05:30,216.06390380859375
2010-12-15 00:00:00+05:30,215.78749084472656
2010-12-16 00:00:00+05:30,216.39149475097656
2010-12-20 00:00:00+05:30,216.37103271484375
2010-12-21 00:00:00+05:30,219.7289581298828
2010-12-22 00:00:00+05:30,216.22772216796875
2010-12-23 00:00:00+05:30,216.9136199951172
2010-12-24 00:00:00+05:30,216.9750213623047
2010-12-27 00:00:00+05:30,216.06390380859375
2010-12-28 00:00:00+05:30,214.55897521972656
2010-12-29 00:00:00+05:30,214.70233154296875
2010-12-30 00:00:00+05:30,215.23468017578125
2010-12-31 00:00:00+05:30,216.77029418945312
2011-01-03 00:00:00+05:30,216.13558959960938
2011-01-04 00:00:00+05:30,220.53773498535156
2011-01-05 00:00:00+05:30,220.2715606689453
2011-01-06 00:00:00+05:30,222.27810668945312
2011-01-07 00:00:00+05:30,218.14215087890625
2011-01-10 00:00:00+05:30,211.60035705566406
2011-01-11 00:00:00+05:30,207.56671142578125
2011-01-12 00:00:00+05:30,211.05772399902344
2011-01-13 00:00:00+05:30,207.8943328857422
2011-01-14 00:00:00+05:30,205.0585479736328
2011-01-17 00:00:00+05:30,204.32138061523438
2011-01-18 00:00:00+05:30,203.6969451904297
2011-01-19 00:00:00+05:30,200.68711853027344
2011-01-20 00:00:00+05:30,198.57810974121094
2011-01-21 00:00:00+05:30,202.0486602783203
2011-01-24 00:00:00+05:30,198.93646240234375
2011-01-25 00:00:00+05:30,196.2542266845703
2011-01-27 00:00:00+05:30,193.01913452148438
2011-01-28 00:00:00+05:30,186.93801879882812
2011-01-31 00:00:00+05:30,188.2279510498047
2011-02-01 00:00:00+05:30,183.3549041748047
2011-02-02 00:00:00+05:30,188.63746643066406
2011-02-03 00:00:00+05:30,193.2648468017578
2011-02-04 00:00:00+05:30,188.37127685546875
2011-02-07 00:00:00+05:30,190.22425842285156
2011-02-08 00:00:00+05:30,187.3987274169922
2011-02-09 00:00:00+05:30,187.20420837402344
2011-02-10 00:00:00+05:30,184.20455932617188
2011-02-11 00:00:00+05:30,186.3135223388672
2011-02-14 00:00:00+05:30,187.30657958984375
2011-02-15 00:00:00+05:30,192.8144073486328
2011-02-16 00:00:00+05:30,193.31602478027344
2011-02-17 00:00:00+05:30,195.32261657714844
2011-02-18 00:00:00+05:30,191.55517578125
2011-02-21 00:00:00+05:30,195.81398010253906
2011-02-22 00:00:00+05:30,201.64942932128906
2011-02-23 00:00:00+05:30,203.86073303222656
2011-02-24 00:00:00+05:30,197.42129516601562
2011-02-25 00:00:00+05:30,197.84104919433594
2011-02-28 00:00:00+05:30,197.4315185546875
2011-03-01 00:00:00+05:30,202.4684295654297
2011-03-03 00:00:00+05:30,200.12403869628906
2011-03-04 00:00:00+05:30,201.10679626464844
2011-03-07 00:00:00+05:30,200.0523223876953
2011-03-08 00:00:00+05:30,201.66990661621094
2011-03-09 00:00:00+05:30,203.4921875
2011-03-10 00:00:00+05:30,201.6289520263672
2011-03-11 00:00:00+05:30,203.12364196777344
2011-03-14 00:00:00+05:30,208.50857543945312
2011-03-15 00:00:00+05:30,212.37838745117188
2011-03-16 00:00:00+05:30,214.3951873779297
2011-03-17 00:00:00+05:30,211.06797790527344
2011-03-18 00:00:00+05:30,203.31814575195312
2011-03-21 00:00:00+05:30,202.76528930664062
2011-03-22 00:00:00+05:30,204.67970275878906
2011-03-23 00:00:00+05:30,207.46434020996094
2011-03-24 00:00:00+05:30,206.8603515625
2011-03-25 00:00:00+05:30,210.19778442382812
2011-03-28 00:00:00+05:30,210.01345825195312
2011-03-29 00:00:00+05:30,209.40948486328125
2011-03-30 00:00:00+05:30,211.4058380126953
2011-03-31 00:00:00+05:30,214.80465698242188
2011-04-01 00:00:00+05:30,212.204345703125
2011-04-04 00:00:00+05:30,215.1220703125
2011-04-05 00:00:00+05:30,214.5078125
2011-04-06 00:00:00+05:30,213.9345245361328
2011-04-07 00:00:00+05:30,213.3304901123047
2011-04-08 00:00:00+05:30,209.6449432373047
2011-04-11 00:00:00+05:30,205.8365478515625
2011-04-13 00:00:00+05:30,209.21495056152344
2011-04-15 00:00:00+05:30,209.0409393310547
2011-04-18 00:00:00+05:30,206.6248779296875
2011-04-19 00:00:00+05:30,207.13674926757812
2011-04-20 00:00:00+05:30,210.0544891357422
2011-04-21 00:00:00+05:30,213.06430053710938
2011-04-25 00:00:00+05:30,206.66580200195312
2011-04-26 00:00:00+05:30,204.9868621826172
2011-04-27 00:00:00+05:30,201.90533447265625
2011-04-28 00:00:00+05:30,199.10025024414062
2011-04-29 00:00:00+05:30,201.42417907714844
2011-05-02 00:00:00+05:30,197.53392028808594
2011-05-03 00:00:00+05:30,193.2648468017578
2011-05-04 00:00:00+05:30,194.0326690673828
2011-05-05 00:00:00+05:30,196.29898071289062
2011-05-06 00:00:00+05:30,197.3528594970703
2011-05-09 00:00:00+05:30,198.2310791015625
2011-05-10 00:00:00+05:30,196.46429443359375
2011-05-11 00:00:00+05:30,197.4354705810547
2011-05-12 00:00:00+05:30,195.37942504882812
2011-05-13 00:00:00+05:30,195.89602661132812
2011-05-16 00:00:00+05:30,195.27610778808594
2011-05-17 00:00:00+05:30,190.24440002441406
2011-05-18 00:00:00+05:30,186.35952758789062
2011-05-19 00:00:00+05:30,189.18016052246094
2011-05-20 00:00:00+05:30,190.7713165283203
2011-05-23 00:00:00+05:30,187.919677734375
2011-05-24 00:00:00+05:30,189.2318572998047
2011-05-25 00:00:00+05:30,187.21710205078125
2011-05-26 00:00:00+05:30,192.97203063964844
2011-05-27 00:00:00+05:30,195.36907958984375
2011-05-30 00:00:00+05:30,194.00527954101562
2011-05-31 00:00:00+05:30,196.6916046142578
2011-06-01 00:00:00+05:30,195.64808654785156
2011-06-02 00:00:00+05:30,196.52627563476562
2011-06-03 00:00:00+05:30,193.12701416015625
2011-06-06 00:00:00+05:30,193.77796936035156
2011-06-07 00:00:00+05:30,198.01409912109375
2011-06-08 00:00:00+05:30,196.14398193359375
2011-06-09 00:00:00+05:30,197.13587951660156
2011-06-10 00:00:00+05:30,195.17276000976562
2011-06-13 00:00:00+05:30,191.2672576904297
2011-06-14 00:00:00+05:30,188.32261657714844
2011-06-15 00:00:00+05:30,186.0908966064453
2011-06-16 00:00:00+05:30,183.40457153320312
2011-06-17 00:00:00+05:30,179.51971435546875
2011-06-20 00:00:00+05:30,172.1839141845703
2011-06-21 00:00:00+05:30,175.3662109375
2011-06-22 00:00:00+05:30,174.7772674560547
2011-06-23 00:00:00+05:30,179.88131713867188
2011-06-24 00:00:00+05:30,180.06732177734375
2011-06-27 00:00:00+05:30,180.09829711914062
2011-06-28 00:00:00+05:30,180.0052947998047
2011-06-29 00:00:00+05:30,182.92930603027344
2011-06-30 00:00:00+05:30,185.66729736328125
2011-07-01 00:00:00+05:30,178.11456298828125
2011-07-04 00:00:00+05:30,179.4473876953125
2011-07-05 00:00:00+05:30,174.8082275390625
2011-07-06 00:00:00+05:30,176.24440002441406
2011-07-07 00:00:00+05:30,179.9226531982422
2011-07-08 00:00:00+05:30,176.64736938476562
2011-07-11 00:00:00+05:30,176.32708740234375
2011-07-12 00:00:00+05:30,175.18023681640625
2011-07-13 00:00:00+05:30,178.83782958984375
2011-07-14 00:00:00+05:30,179.271728515625
2011-07-15 00:00:00+05:30,180.43927001953125
2011-07-18 00:00:00+05:30,179.28207397460938
2011-07-19 00:00:00+05:30,181.73074340820312
2011-07-20 00:00:00+05:30,181.05917358398438
2011-07-21 00:00:00+05:30,177.88723754882812
2011-07-22 00:00:00+05:30,180.47024536132812
2011-07-25 00:00:00+05:30,182.433349609375
2011-07-26 00:00:00+05:30,180.08798217773438
2011-07-27 00:00:00+05:30,177.88723754882812
2011-07-28 00:00:00+05:30,173.0311737060547
2011-07-29 00:00:00+05:30,171.08871459960938
2011-08-01 00:00:00+05:30,171.68795776367188
2011-08-02 00:00:00+05:30,173.02081298828125
2011-08-03 00:00:00+05:30,170.4894561767578
2011-08-04 00:00:00+05:30,167.86512756347656
2011-08-05 00:00:00+05:30,163.6599578857422
2011-08-08 00:00:00+05:30,161.31460571289062
2011-08-09 00:00:00+05:30,158.14263916015625
2011-08-10 00:00:00+05:30,159.68212890625
2011-08-11 00:00:00+05:30,159.56846618652344
2011-08-12 00:00:00+05:30,157.23342895507812
2011-08-16 00:00:00+05:30,156.871826171875
2011-08-17 00:00:00+05:30,156.01426696777344
2011-08-18 00:00:00+05:30,153.16258239746094
2011-08-19 00:00:00+05:30,151.37513732910156
2011-08-22 00:00:00+05:30,156.42752075195312
2011-08-23 00:00:00+05:30,158.13232421875
2011-08-24 00:00:00+05:30,157.31607055664062
2011-08-25 00:00:00+05:30,155.7042694091797
2011-08-26 00:00:00+05:30,148.6577606201172
2011-08-29 00:00:00+05:30,156.02456665039062
2011-08-30 00:00:00+05:30,161.717529296875
2011-09-02 00:00:00+05:30,166.43931579589844
2011-09-05 00:00:00+05:30,163.00904846191406
2011-09-06 00:00:00+05:30,169.7559051513672
2011-09-07 00:00:00+05:30,172.235595703125
2011-09-08 00:00:00+05:30,176.15142822265625
2011-09-09 00:00:00+05:30,170.63412475585938
2011-09-12 00:00:00+05:30,166.6149444580078
2011-09-13 00:00:00+05:30,167.43118286132812
2011-09-14 00:00:00+05:30,170.56179809570312
2011-09-15 00:00:00+05:30,172.814208984375
2011-09-16 00:00:00+05:30,170.61346435546875
2011-09-19 00:00:00+05:30,169.7662353515625
2011-09-20 00:00:00+05:30,176.01712036132812
2011-09-21 00:00:00+05:30,173.08282470703125
2011-09-22 00:00:00+05:30,162.49244689941406
2011-09-23 00:00:00+05:30,159.2378692626953
2011-09-26 00:00:00+05:30,156.8821563720703
2011-09-27 00:00:00+05:30,164.73451232910156
2011-09-28 00:00:00+05:30,164.73451232910156
2011-09-29 00:00:00+05:30,166.9042510986328
2011-09-30 00:00:00+05:30,167.03858947753906
2011-10-03 00:00:00+05:30,162.87474060058594
2011-10-04 00:00:00+05:30,159.44448852539062
2011-10-05 00:00:00+05:30,158.4939422607422
2011-10-07 00:00:00+05:30,165.91238403320312
2011-10-10 00:00:00+05:30,171.35736083984375
2011-10-11 00:00:00+05:30,170.89242553710938
2011-10-12 00:00:00+05:30,175.57284545898438
2011-10-13 00:00:00+05:30,175.0045928955078
2011-10-14 00:00:00+05:30,179.13742065429688
2011-10-17 00:00:00+05:30,172.29759216308594
2011-10-18 00:00:00+05:30,169.42527770996094
2011-10-19 00:00:00+05:30,174.19869995117188
2011-10-20 00:00:00+05:30,173.31011962890625
2011-10-21 00:00:00+05:30,172.70053100585938
2011-10-24 00:00:00+05:30,174.92193603515625
2011-10-25 00:00:00+05:30,181.0074920654297
2011-10-28 00:00:00+05:30,185.9772186279297
2011-10-31 00:00:00+05:30,181.33816528320312
2011-11-01 00:00:00+05:30,177.83560180664062
2011-11-02 00:00:00+05:30,180.1499481201172
2011-11-03 00:00:00+05:30,183.06356811523438
2011-11-04 00:00:00+05:30,181.8340606689453
2011-11-08 00:00:00+05:30,182.60899353027344
2011-11-09 00:00:00+05:30,178.7344512939453
2011-11-11 00:00:00+05:30,182.9499053955078
2011-11-14 00:00:00+05:30,181.16249084472656
2011-11-15 00:00:00+05:30,178.01119995117188
2011-11-16 00:00:00+05:30,175.25253295898438
2011-11-17 00:00:00+05:30,167.36920166015625
2011-11-18 00:00:00+05:30,166.98687744140625
2011-11-21 00:00:00+05:30,162.49244689941406
2011-11-22 00:00:00+05:30,164.32122802734375
2011-11-23 00:00:00+05:30,159.81643676757812
2011-11-24 00:00:00+05:30,159.76475524902344
2011-11-25 00:00:00+05:30,155.76629638671875
2011-11-28 00:00:00+05:30,161.96551513671875
2011-11-29 00:00:00+05:30,158.08065795898438
2011-11-30 00:00:00+05:30,160.8186492919922
2011-12-01 00:00:00+05:30,165.1064453125
2011-12-02 00:00:00+05:30,167.8031463623047
2011-12-05 00:00:00+05:30,166.70797729492188
2011-12-07 00:00:00+05:30,167.33819580078125
2011-12-08 00:00:00+05:30,160.94264221191406
2011-12-09 00:00:00+05:30,156.15890502929688
2011-12-12 00:00:00+05:30,150.3315887451172
2011-12-13 00:00:00+05:30,153.389892578125
2011-12-14 00:00:00+05:30,153.3072509765625
2011-12-15 00:00:00+05:30,155.01202392578125
2011-12-16 00:00:00+05:30,149.1640625
2011-12-19 00:00:00+05:30,151.94338989257812
2011-12-20 00:00:00+05:30,147.4282684326172
2011-12-21 00:00:00+05:30,154.5677490234375
2011-12-22 00:00:00+05:30,155.92123413085938
2011-12-23 00:00:00+05:30,154.23712158203125
2011-12-26 00:00:00+05:30,157.2540740966797
2011-12-27 00:00:00+05:30,155.6112823486328
2011-12-28 00:00:00+05:30,152.71832275390625
2011-12-29 00:00:00+05:30,147.10800170898438
2011-12-30 00:00:00+05:30,143.19215393066406
2012-01-02 00:00:00+05:30,146.00247192382812
2012-01-03 00:00:00+05:30,149.74267578125
2012-01-04 00:00:00+05:30,147.98622131347656
2012-01-05 00:00:00+05:30,144.54563903808594
2012-01-06 00:00:00+05:30,148.2755126953125
2012-01-09 00:00:00+05:30,145.9404754638672
2012-01-10 00:00:00+05:30,152.12936401367188
2012-01-11 00:00:00+05:30,154.6194305419922
2012-01-12 00:00:00+05:30,152.27403259277344
2012-01-13 00:00:00+05:30,151.22015380859375
2012-01-16 00:00:00+05:30,147.32498168945312
2012-01-17 00:00:00+05:30,153.33822631835938
2012-01-18 00:00:00+05:30,161.1286163330078
2012-01-19 00:00:00+05:30,162.34779357910156
2012-01-20 00:00:00+05:30,163.79429626464844
2012-01-23 00:00:00+05:30,159.43414306640625
2012-01-24 00:00:00+05:30,161.95516967773438
2012-01-25 00:00:00+05:30,163.4429931640625
2012-01-27 00:00:00+05:30,169.528564453125
2012-01-30 00:00:00+05:30,164.22824096679688
2012-01-31 00:00:00+05:30,168.84666442871094
2012-02-01 00:00:00+05:30,171.76031494140625
2012-02-02 00:00:00+05:30,171.35736083984375
2012-02-03 00:00:00+05:30,173.22744750976562
2012-02-06 00:00:00+05:30,172.13226318359375
2012-02-07 00:00:00+05:30,174.5189971923828
2012-02-08 00:00:00+05:30,177.38095092773438
2012-02-09 00:00:00+05:30,176.44073486328125
2012-02-10 00:00:00+05:30,174.2503204345703
2012-02-13 00:00:00+05:30,175.49020385742188
2012-02-14 00:00:00+05:30,175.41787719726562
2012-02-15 00:00:00+05:30,172.88650512695312
2012-02-16 00:00:00+05:30,167.88577270507812
2012-02-17 00:00:00+05:30,169.07398986816406
2012-02-21 00:00:00+05:30,174.3123321533203
2012-02-22 00:00:00+05:30,172.2148895263672
2012-02-23 00:00:00+05:30,173.49610900878906
2012-02-24 00:00:00+05:30,169.43556213378906
2012-02-27 00:00:00+05:30,161.47991943359375
2012-02-28 00:00:00+05:30,164.58985900878906
2012-02-29 00:00:00+05:30,169.60092163085938
2012-03-01 00:00:00+05:30,167.5758056640625
2012-03-02 00:00:00+05:30,168.22674560546875
2012-03-03 00:00:00+05:30,148.96888732910156
2012-03-05 00:00:00+05:30,164.7965087890625
2012-03-06 00:00:00+05:30,160.46737670898438
2012-03-07 00:00:00+05:30,157.4193878173828
2012-03-09 00:00:00+05:30,159.8990936279297
2012-03-12 00:00:00+05:30,165.01348876953125
2012-03-13 00:00:00+05:30,169.43556213378906
2012-03-14 00:00:00+05:30,168.3094024658203
2012-03-15 00:00:00+05:30,164.62086486816406
2012-03-16 00:00:00+05:30,159.59945678710938
2012-03-19 00:00:00+05:30,156.03492736816406
2012-03-20 00:00:00+05:30,157.1611328125
2012-03-21 00:00:00+05:30,158.7108917236328
2012-03-22 00:00:00+05:30,152.16036987304688
2012-03-23 00:00:00+05:30,153.75152587890625
2012-03-26 00:00:00+05:30,150.86886596679688
2012-03-27 00:00:00+05:30,151.065185546875
2012-03-28 00:00:00+05:30,149.95965576171875
2012-03-29 00:00:00+05:30,149.74267578125
2012-03-30 00:00:00+05:30,155.1050262451172
2012-04-02 00:00:00+05:30,153.0282745361328
2012-04-03 00:00:00+05:30,155.5389862060547
2012-04-04 00:00:00+05:30,154.36109924316406
2012-04-09 00:00:00+05:30,153.35888671875
2012-04-10 00:00:00+05:30,153.4622039794922
2012-04-11 00:00:00+05:30,150.91017150878906
2012-04-12 00:00:00+05:30,153.59652709960938
2012-04-13 00:00:00+05:30,155.30130004882812
2012-04-16 00:00:00+05:30,154.5884246826172
2012-04-17 00:00:00+05:30,154.23712158203125
2012-04-18 00:00:00+05:30,154.69174194335938
2012-04-19 00:00:00+05:30,153.2555389404297
2012-04-20 00:00:00+05:30,151.0238494873047
2012-04-23 00:00:00+05:30,152.15005493164062
2012-04-24 00:00:00+05:30,151.902099609375
2012-04-25 00:00:00+05:30,152.15005493164062
2012-04-26 00:00:00+05:30,153.95814514160156
2012-04-27 00:00:00+05:30,153.327880859375
2012-04-30 00:00:00+05:30,153.968505859375
2012-05-02 00:00:00+05:30,153.64820861816406
2012-05-03 00:00:00+05:30,152.67698669433594
2012-05-04 00:00:00+05:30,150.1146240234375
2012-05-07 00:00:00+05:30,147.89321899414062
2012-05-08 00:00:00+05:30,146.3743896484375
2012-05-09 00:00:00+05:30,143.63644409179688
2012-05-10 00:00:00+05:30,143.4401092529297
2012-05-11 00:00:00+05:30,144.0703887939453
2012-05-14 00:00:00+05:30,140.78477478027344
2012-05-15 00:00:00+05:30,140.8571014404297
2012-05-16 00:00:00+05:30,139.71026611328125
2012-05-17 00:00:00+05:30,141.58033752441406
2012-05-18 00:00:00+05:30,142.28292846679688
2012-05-21 00:00:00+05:30,143.71910095214844
2012-05-22 00:00:00+05:30,142.8098602294922
2012-05-23 00:00:00+05:30,141.93161010742188
2012-05-24 00:00:00+05:30,143.67774963378906
2012-05-25 00:00:00+05:30,142.8305206298828
2012-05-28 00:00:00+05:30,144.9899139404297
2012-05-29 00:00:00+05:30,145.03126525878906
2012-05-30 00:00:00+05:30,145.9404754638672
2012-05-31 00:00:00+05:30,147.73248291015625
2012-06-01 00:00:00+05:30,143.4718017578125
2012-06-04 00:00:00+05:30,145.04208374023438
2012-06-05 00:00:00+05:30,147.0939178466797
2012-06-06 00:00:00+05:30,149.88900756835938
2012-06-07 00:00:00+05:30,151.0091552734375
2012-06-08 00:00:00+05:30,152.77835083007812
2012-06-11 00:00:00+05:30,151.218505859375
2012-06-12 00:00:00+05:30,151.3651123046875
2012-06-13 00:00:00+05:30,149.9727783203125
2012-06-14 00:00:00+05:30,149.98326110839844
2012-06-15 00:00:00+05:30,152.1607208251953
2012-06-18 00:00:00+05:30,150.51710510253906
2012-06-19 00:00:00+05:30,154.40097045898438
2012-06-20 00:00:00+05:30,154.39053344726562
2012-06-21 00:00:00+05:30,150.47528076171875
2012-06-22 00:00:00+05:30,148.8631134033203
2012-06-25 00:00:00+05:30,149.9518280029297
2012-06-26 00:00:00+05:30,151.4802703857422
2012-06-27 00:00:00+05:30,151.27088928222656
2012-06-28 00:00:00+05:30,150.7265167236328
2012-06-29 00:00:00+05:30,154.4847412109375
2012-07-02 00:00:00+05:30,154.39053344726562
2012-07-03 00:00:00+05:30,154.170654296875
2012-07-04 00:00:00+05:30,153.73097229003906
2012-07-05 00:00:00+05:30,154.66270446777344
2012-07-06 00:00:00+05:30,153.85659790039062
2012-07-09 00:00:00+05:30,153.218017578125
2012-07-10 00:00:00+05:30,154.87208557128906
2012-07-11 00:00:00+05:30,151.93040466308594
2012-07-12 00:00:00+05:30,150.99868774414062
2012-07-13 00:00:00+05:30,150.43338012695312
2012-07-16 00:00:00+05:30,150.82077026367188
2012-07-17 00:00:00+05:30,150.61135864257812
2012-07-18 00:00:00+05:30,149.86810302734375
2012-07-19 00:00:00+05:30,152.38055419921875
2012-07-20 00:00:00+05:30,151.3022918701172
2012-07-23 00:00:00+05:30,150.5380859375
2012-07-24 00:00:00+05:30,151.6896209716797
2012-07-25 00:00:00+05:30,150.59042358398438
2012-07-26 00:00:00+05:30,148.6851348876953
2012-07-27 00:00:00+05:30,150.95681762695312
2012-07-30 00:00:00+05:30,152.7574462890625
2012-07-31 00:00:00+05:30,155.68861389160156
2012-08-01 00:00:00+05:30,156.34812927246094
2012-08-02 00:00:00+05:30,154.8406524658203
2012-08-03 00:00:00+05:30,155.46876525878906
2012-08-06 00:00:00+05:30,164.576416015625
2012-08-07 00:00:00+05:30,164.09486389160156
2012-08-08 00:00:00+05:30,165.57095336914062
2012-08-09 00:00:00+05:30,163.34115600585938
2012-08-10 00:00:00+05:30,163.74942016601562
2012-08-13 00:00:00+05:30,165.01612854003906
2012-08-14 00:00:00+05:30,167.4029541015625
2012-08-16 00:00:00+05:30,170.87852478027344
2012-08-17 00:00:00+05:30,170.86802673339844
2012-08-21 00:00:00+05:30,170.480712890625
2012-08-22 00:00:00+05:30,169.13031005859375
2012-08-23 00:00:00+05:30,166.3456268310547
2012-08-24 00:00:00+05:30,163.74942016601562
2012-08-27 00:00:00+05:30,164.84860229492188
2012-08-28 00:00:00+05:30,165.4453582763672
2012-08-29 00:00:00+05:30,163.75990295410156
2012-08-30 00:00:00+05:30,164.02162170410156
2012-08-31 00:00:00+05:30,160.4622802734375
2012-09-03 00:00:00+05:30,159.76087951660156
2012-09-04 00:00:00+05:30,163.2259979248047
2012-09-05 00:00:00+05:30,161.45680236816406
2012-09-06 00:00:00+05:30,160.83912658691406
2012-09-07 00:00:00+05:30,165.76983642578125
2012-09-08 00:00:00+05:30,153.0876922607422
2012-09-10 00:00:00+05:30,165.83270263671875
2012-09-11 00:00:00+05:30,165.6128387451172
2012-09-12 00:00:00+05:30,167.099365234375
2012-09-13 00:00:00+05:30,167.31918334960938
2012-09-14 00:00:00+05:30,176.23846435546875
2012-09-17 00:00:00+05:30,182.9383087158203
2012-09-18 00:00:00+05:30,179.13824462890625
2012-09-20 00:00:00+05:30,174.30172729492188
2012-09-21 00:00:00+05:30,178.02854919433594
2012-09-24 00:00:00+05:30,175.10780334472656
2012-09-25 00:00:00+05:30,175.8197021484375
2012-09-26 00:00:00+05:30,176.8665313720703
2012-09-27 00:00:00+05:30,173.74691772460938
2012-09-28 00:00:00+05:30,175.28578186035156
2012-10-01 00:00:00+05:30,174.51112365722656
2012-10-03 00:00:00+05:30,177.14918518066406
2012-10-04 00:00:00+05:30,178.5728759765625
2012-10-05 00:00:00+05:30,179.5988311767578
2012-10-08 00:00:00+05:30,171.55897521972656
2012-10-09 00:00:00+05:30,170.7005615234375
2012-10-10 00:00:00+05:30,170.84713745117188
2012-10-11 00:00:00+05:30,171.67410278320312
2012-10-12 00:00:00+05:30,171.4542999267578
2012-10-15 00:00:00+05:30,172.32318115234375
2012-10-16 00:00:00+05:30,170.10382080078125
2012-10-17 00:00:00+05:30,168.57545471191406
2012-10-18 00:00:00+05:30,169.86305236816406
2012-10-19 00:00:00+05:30,168.08338928222656
2012-10-22 00:00:00+05:30,170.76336669921875
2012-10-23 00:00:00+05:30,169.5804443359375
2012-10-25 00:00:00+05:30,169.67466735839844
2012-10-29 00:00:00+05:30,169.84213256835938
2012-10-30 00:00:00+05:30,168.17762756347656
2012-10-31 00:00:00+05:30,168.64871215820312
2012-11-01 00:00:00+05:30,168.9836883544922
2012-11-02 00:00:00+05:30,169.16168212890625
2012-11-05 00:00:00+05:30,168.78480529785156
2012-11-06 00:00:00+05:30,168.6382598876953
2012-11-07 00:00:00+05:30,167.67514038085938
2012-11-08 00:00:00+05:30,166.7853240966797
2012-11-09 00:00:00+05:30,164.91143798828125
2012-11-12 00:00:00+05:30,164.7020721435547
2012-11-15 00:00:00+05:30,164.27284240722656
2012-11-16 00:00:00+05:30,162.29428100585938
2012-11-19 00:00:00+05:30,162.1163330078125
2012-11-20 00:00:00+05:30,160.242431640625
2012-11-21 00:00:00+05:30,161.46725463867188
2012-11-22 00:00:00+05:30,160.3471221923828
2012-11-23 00:00:00+05:30,162.0011749267578
2012-11-26 00:00:00+05:30,161.98019409179688
2012-11-27 00:00:00+05:30,164.73345947265625
2012-11-29 00:00:00+05:30,167.1412353515625
2012-11-30 00:00:00+05:30,166.1781463623047
2012-12-03 00:00:00+05:30,168.3346710205078
2012-12-04 00:00:00+05:30,172.66860961914062
2012-12-05 00:00:00+05:30,174.32269287109375
2012-12-06 00:00:00+05:30,176.6885986328125
2012-12-07 00:00:00+05:30,174.7414093017578
2012-12-10 00:00:00+05:30,173.42237854003906
2012-12-11 00:00:00+05:30,171.69508361816406
2012-12-12 00:00:00+05:30,174.32269287109375
2012-12-13 00:00:00+05:30,174.6681365966797
2012-12-14 00:00:00+05:30,175.71498107910156
2012-12-17 00:00:00+05:30,174.64720153808594
2012-12-18 00:00:00+05:30,174.07142639160156
2012-12-19 00:00:00+05:30,175.76734924316406
2012-12-20 00:00:00+05:30,175.42189025878906
2012-12-21 00:00:00+05:30,172.7838134765625
2012-12-24 00:00:00+05:30,171.83116149902344
2012-12-26 00:00:00+05:30,173.4119110107422
2012-12-27 00:00:00+05:30,171.20306396484375
2012-12-28 00:00:00+05:30,175.92437744140625
2012-12-31 00:00:00+05:30,175.77781677246094
2013-01-01 00:00:00+05:30,176.01861572265625
2013-01-02 00:00:00+05:30,177.53651428222656
2013-01-03 00:00:00+05:30,180.2164764404297
2013-01-04 00:00:00+05:30,180.44679260253906
2013-01-07 00:00:00+05:30,179.34762573242188
2013-01-08 00:00:00+05:30,178.1018524169922
2013-01-09 00:00:00+05:30,178.5310516357422
2013-01-10 00:00:00+05:30,177.97618103027344
2013-01-11 00:00:00+05:30,175.85108947753906
2013-01-14 00:00:00+05:30,177.4527587890625
2013-01-15 00:00:00+05:30,177.36904907226562
2013-01-16 00:00:00+05:30,180.34210205078125
2013-01-17 00:00:00+05:30,186.34059143066406
2013-01-18 00:00:00+05:30,188.47622680664062
2013-01-21 00:00:00+05:30,192.6112823486328
2013-01-22 00:00:00+05:30,192.63218688964844
2013-01-23 00:00:00+05:30,193.2602996826172
2013-01-24 00:00:00+05:30,191.69003295898438
2013-01-25 00:00:00+05:30,190.98866271972656
2013-01-28 00:00:00+05:30,187.9213409423828
2013-01-29 00:00:00+05:30,184.8435821533203
2013-01-30 00:00:00+05:30,188.30870056152344
2013-01-31 00:00:00+05:30,185.63925170898438
2013-02-01 00:00:00+05:30,187.17807006835938
2013-02-04 00:00:00+05:30,185.64968872070312
2013-02-05 00:00:00+05:30,183.14768981933594
2013-02-06 00:00:00+05:30,183.3361053466797
2013-02-07 00:00:00+05:30,182.76036071777344
2013-02-08 00:00:00+05:30,180.80271911621094
2013-02-11 00:00:00+05:30,181.8181610107422
2013-02-12 00:00:00+05:30,183.29425048828125
2013-02-13 00:00:00+05:30,184.03753662109375
2013-02-14 00:00:00+05:30,179.23243713378906
2013-02-15 00:00:00+05:30,177.0863800048828
2013-02-18 00:00:00+05:30,177.44229125976562
2013-02-19 00:00:00+05:30,177.6307373046875
2013-02-20 00:00:00+05:30,183.1581573486328
2013-02-21 00:00:00+05:30,179.89198303222656
2013-02-22 00:00:00+05:30,180.60385131835938
2013-02-25 00:00:00+05:30,178.87649536132812
2013-02-26 00:00:00+05:30,172.4174041748047
2013-02-27 00:00:00+05:30,174.05047607421875
2013-02-28 00:00:00+05:30,170.39698791503906
2013-03-01 00:00:00+05:30,169.67466735839844
2013-03-04 00:00:00+05:30,170.13526916503906
2013-03-05 00:00:00+05:30,173.01412963867188
2013-03-06 00:00:00+05:30,174.87753295898438
2013-03-07 00:00:00+05:30,175.1392364501953
2013-03-08 00:00:00+05:30,178.23794555664062
2013-03-11 00:00:00+05:30,176.81419372558594
2013-03-12 00:00:00+05:30,177.51559448242188
2013-03-13 00:00:00+05:30,176.91888427734375
2013-03-14 00:00:00+05:30,180.06991577148438
2013-03-15 00:00:00+05:30,176.63623046875
2013-03-18 00:00:00+05:30,174.67861938476562
2013-03-19 00:00:00+05:30,172.73147583007812
2013-03-20 00:00:00+05:30,172.2498779296875
2013-03-21 00:00:00+05:30,170.13526916503906
2013-03-22 00:00:00+05:30,169.7164764404297
2013-03-25 00:00:00+05:30,169.43385314941406
2013-03-26 00:00:00+05:30,164.01113891601562
2013-03-28 00:00:00+05:30,161.8231964111328
2013-04-01 00:00:00+05:30,163.0480194091797
2013-04-02 00:00:00+05:30,166.22003173828125
2013-04-03 00:00:00+05:30,162.58740234375
2013-04-04 00:00:00+05:30,160.70306396484375
2013-04-05 00:00:00+05:30,163.33067321777344
2013-04-08 00:00:00+05:30,165.27781677246094
2013-04-09 00:00:00+05:30,162.67115783691406
2013-04-10 00:00:00+05:30,163.18411254882812
2013-04-11 00:00:00+05:30,161.4463348388672
2013-04-12 00:00:00+05:30,162.33621215820312
2013-04-15 00:00:00+05:30,166.1571502685547
2013-04-16 00:00:00+05:30,168.5335693359375
2013-04-17 00:00:00+05:30,161.99072265625
2013-04-18 00:00:00+05:30,163.6447296142578
2013-04-22 00:00:00+05:30,165.35108947753906
2013-04-23 00:00:00+05:30,168.2718505859375
2013-04-25 00:00:00+05:30,171.61131286621094
2013-04-26 00:00:00+05:30,165.9059295654297
2013-04-29 00:00:00+05:30,165.95831298828125
2013-04-30 00:00:00+05:30,165.02658081054688
2013-05-02 00:00:00+05:30,168.1043701171875
2013-05-03 00:00:00+05:30,167.6018524169922
2013-05-06 00:00:00+05:30,172.01962280273438
2013-05-07 00:00:00+05:30,173.39096069335938
2013-05-08 00:00:00+05:30,173.7050323486328
2013-05-09 00:00:00+05:30,171.28677368164062
2013-05-10 00:00:00+05:30,172.26168823242188
2013-05-13 00:00:00+05:30,170.15333557128906
2013-05-14 00:00:00+05:30,169.12562561035156
2013-05-15 00:00:00+05:30,173.5436553955078
2013-05-16 00:00:00+05:30,178.13124084472656
2013-05-17 00:00:00+05:30,177.03994750976562
2013-05-20 00:00:00+05:30,176.1182098388672
2013-05-21 00:00:00+05:30,175.57786560058594
2013-05-22 00:00:00+05:30,173.49069213867188
2013-05-23 00:00:00+05:30,166.2226104736328
2013-05-24 00:00:00+05:30,166.64645385742188
2013-05-27 00:00:00+05:30,175.51431274414062
2013-05-28 00:00:00+05:30,178.71397399902344
2013-05-29 00:00:00+05:30,179.66748046875
2013-05-30 00:00:00+05:30,177.31541442871094
2013-05-31 00:00:00+05:30,170.85255432128906
2013-06-03 00:00:00+05:30,166.95367431640625
2013-06-04 00:00:00+05:30,165.3220672607422
2013-06-05 00:00:00+05:30,169.94142150878906
2013-06-06 00:00:00+05:30,167.82241821289062
2013-06-07 00:00:00+05:30,166.04254150390625
2013-06-10 00:00:00+05:30,167.2609100341797
2013-06-11 00:00:00+05:30,166.46630859375
2013-06-12 00:00:00+05:30,167.5681610107422
2013-06-13 00:00:00+05:30,167.3562774658203
2013-06-14 00:00:00+05:30,172.6219024658203
2013-06-17 00:00:00+05:30,174.9315948486328
2013-06-18 00:00:00+05:30,174.47604370117188
2013-06-19 00:00:00+05:30,176.2347412109375
2013-06-20 00:00:00+05:30,169.09384155273438
2013-06-21 00:00:00+05:30,168.00254821777344
2013-06-24 00:00:00+05:30,167.960205078125
2013-06-25 00:00:00+05:30,170.32286071777344
2013-06-26 00:00:00+05:30,170.28045654296875
2013-06-27 00:00:00+05:30,175.87454223632812
2013-06-28 00:00:00+05:30,182.7823944091797
2013-07-01 00:00:00+05:30,187.6772003173828
2013-07-02 00:00:00+05:30,184.74241638183594
2013-07-03 00:00:00+05:30,180.29258728027344
2013-07-04 00:00:00+05:30,182.58106994628906
2013-07-05 00:00:00+05:30,186.54354858398438
2013-07-08 00:00:00+05:30,183.70411682128906
2013-07-09 00:00:00+05:30,185.3675079345703
2013-07-10 00:00:00+05:30,181.3838653564453
2013-07-11 00:00:00+05:30,184.36102294921875
2013-07-12 00:00:00+05:30,188.5777587890625
2013-07-15 00:00:00+05:30,190.03988647460938
2013-07-16 00:00:00+05:30,190.83447265625
2013-07-17 00:00:00+05:30,193.87518310546875
2013-07-18 00:00:00+05:30,194.36256408691406
2013-07-19 00:00:00+05:30,195.72927856445312
2013-07-22 00:00:00+05:30,192.62498474121094
2013-07-23 00:00:00+05:30,192.73095703125
2013-07-24 00:00:00+05:30,192.68856811523438
2013-07-25 00:00:00+05:30,188.7472381591797
2013-07-26 00:00:00+05:30,188.62014770507812
2013-07-29 00:00:00+05:30,187.6772003173828
2013-07-30 00:00:00+05:30,181.66989135742188
2013-07-31 00:00:00+05:30,184.7847900390625
2013-08-01 00:00:00+05:30,180.1125030517578
2013-08-02 00:00:00+05:30,181.66989135742188
2013-08-05 00:00:00+05:30,182.55990600585938
2013-08-06 00:00:00+05:30,178.2159881591797
2013-08-07 00:00:00+05:30,184.86956787109375
2013-08-08 00:00:00+05:30,183.4286651611328
2013-08-12 00:00:00+05:30,179.19073486328125
2013-08-13 00:00:00+05:30,180.72694396972656
2013-08-14 00:00:00+05:30,183.29092407226562
2013-08-16 00:00:00+05:30,175.17526245117188
2013-08-19 00:00:00+05:30,173.8085174560547
2013-08-20 00:00:00+05:30,174.8892059326172
2013-08-21 00:00:00+05:30,166.04254150390625
2013-08-22 00:00:00+05:30,170.81019592285156
2013-08-23 00:00:00+05:30,173.64959716796875
2013-08-26 00:00:00+05:30,174.30650329589844
2013-08-27 00:00:00+05:30,170.206298828125
2013-08-28 00:00:00+05:30,172.0179901123047
2013-08-29 00:00:00+05:30,179.10597229003906
2013-08-30 00:00:00+05:30,180.92828369140625
2013-09-02 00:00:00+05:30,187.899658203125
2013-09-03 00:00:00+05:30,176.08644104003906
2013-09-04 00:00:00+05:30,179.97474670410156
2013-09-05 00:00:00+05:30,182.7717742919922
2013-09-06 00:00:00+05:30,183.92660522460938
2013-09-10 00:00:00+05:30,188.66253662109375
2013-09-11 00:00:00+05:30,188.111572265625
2013-09-12 00:00:00+05:30,185.49464416503906
2013-09-13 00:00:00+05:30,184.9861297607422
2013-09-16 00:00:00+05:30,182.60227966308594
2013-09-17 00:00:00+05:30,181.83941650390625
2013-09-18 00:00:00+05:30,184.76361083984375
2013-09-19 00:00:00+05:30,188.7154998779297
2013-09-20 00:00:00+05:30,186.8719940185547
2013-09-23 00:00:00+05:30,185.27218627929688
2013-09-24 00:00:00+05:30,185.32516479492188
2013-09-25 00:00:00+05:30,179.91116333007812
2013-09-26 00:00:00+05:30,177.6226806640625
2013-09-27 00:00:00+05:30,177.97232055664062
2013-09-30 00:00:00+05:30,174.2641143798828
2013-10-01 00:00:00+05:30,174.0628204345703
2013-10-03 00:00:00+05:30,179.46620178222656
2013-10-04 00:00:00+05:30,181.04481506347656
2013-10-07 00:00:00+05:30,178.8516845703125
2013-10-08 00:00:00+05:30,179.0424041748047
2013-10-09 00:00:00+05:30,182.42218017578125
2013-10-10 00:00:00+05:30,182.2314453125
2013-10-11 00:00:00+05:30,182.9412841796875
2013-10-14 00:00:00+05:30,184.4139862060547
2013-10-15 00:00:00+05:30,183.88424682617188
2013-10-17 00:00:00+05:30,186.54354858398438
2013-10-18 00:00:00+05:30,191.90455627441406
2013-10-21 00:00:00+05:30,193.5043487548828
2013-10-22 00:00:00+05:30,191.59725952148438
2013-10-23 00:00:00+05:30,190.01864624023438
2013-10-24 00:00:00+05:30,187.42291259765625
2013-10-25 00:00:00+05:30,187.95263671875
2013-10-28 00:00:00+05:30,188.7472381591797
2013-10-29 00:00:00+05:30,190.02926635742188
2013-10-30 00:00:00+05:30,190.31532287597656
2013-10-31 00:00:00+05:30,193.82223510742188
2013-11-01 00:00:00+05:30,192.45550537109375
2013-11-05 00:00:00+05:30,192.76272583007812
2013-11-06 00:00:00+05:30,190.41064453125
2013-11-07 00:00:00+05:30,187.7195587158203
2013-11-08 00:00:00+05:30,185.6112060546875
2013-11-11 00:00:00+05:30,183.057861328125
2013-11-12 00:00:00+05:30,180.66339111328125
2013-11-13 00:00:00+05:30,178.92587280273438
2013-11-14 00:00:00+05:30,180.4621124267578
2013-11-18 00:00:00+05:30,185.35693359375
2013-11-19 00:00:00+05:30,186.11976623535156
2013-11-20 00:00:00+05:30,182.76116943359375
2013-11-21 00:00:00+05:30,179.60389709472656
2013-11-22 00:00:00+05:30,178.7880859375
2013-11-25 00:00:00+05:30,180.4727020263672
2013-11-26 00:00:00+05:30,178.2583770751953
2013-11-27 00:00:00+05:30,177.55911254882812
2013-11-28 00:00:00+05:30,179.67808532714844
2013-11-29 00:00:00+05:30,180.79054260253906
2013-12-02 00:00:00+05:30,181.2355194091797
2013-12-03 00:00:00+05:30,182.63401794433594
2013-12-04 00:00:00+05:30,181.3944549560547
2013-12-05 00:00:00+05:30,184.5623016357422
2013-12-06 00:00:00+05:30,183.651123046875
2013-12-09 00:00:00+05:30,186.2469024658203
2013-12-10 00:00:00+05:30,187.45468139648438
2013-12-11 00:00:00+05:30,187.02032470703125
2013-12-12 00:00:00+05:30,184.39279174804688
2013-12-13 00:00:00+05:30,183.2273712158203
2013-12-16 00:00:00+05:30,179.06356811523438
2013-12-17 00:00:00+05:30,177.823974609375
2013-12-18 00:00:00+05:30,182.22084045410156
2013-12-19 00:00:00+05:30,180.9706573486328
2013-12-20 00:00:00+05:30,189.6796112060547
2013-12-23 00:00:00+05:30,189.9127197265625
2013-12-24 00:00:00+05:30,190.29409790039062
2013-12-26 00:00:00+05:30,188.0692138671875
2013-12-27 00:00:00+05:30,186.22567749023438
2013-12-30 00:00:00+05:30,187.97384643554688
2013-12-31 00:00:00+05:30,189.69021606445312
2014-01-01 00:00:00+05:30,188.33407592773438
2014-01-02 00:00:00+05:30,185.409912109375
2014-01-03 00:00:00+05:30,183.13198852539062
2014-01-06 00:00:00+05:30,181.161376953125
2014-01-07 00:00:00+05:30,178.43850708007812
2014-01-08 00:00:00+05:30,179.91116333007812
2014-01-09 00:00:00+05:30,180.26080322265625
2014-01-10 00:00:00+05:30,181.83941650390625
2014-01-13 00:00:00+05:30,186.5541229248047
2014-01-14 00:00:00+05:30,186.7872314453125
2014-01-15 00:00:00+05:30,187.6241912841797
2014-01-16 00:00:00+05:30,187.77256774902344
2014-01-17 00:00:00+05:30,187.47589111328125
2014-01-20 00:00:00+05:30,184.29745483398438
2014-01-21 00:00:00+05:30,182.87771606445312
2014-01-22 00:00:00+05:30,184.86956787109375
2014-01-23 00:00:00+05:30,183.46047973632812
2014-01-24 00:00:00+05:30,183.8524932861328
2014-01-27 00:00:00+05:30,178.6609649658203
2014-01-28 00:00:00+05:30,179.02120971679688
2014-01-29 00:00:00+05:30,177.27305603027344
2014-01-30 00:00:00+05:30,174.81504821777344
2014-01-31 00:00:00+05:30,176.1182098388672
2014-02-03 00:00:00+05:30,173.94625854492188
2014-02-04 00:00:00+05:30,174.083984375
2014-02-05 00:00:00+05:30,173.17283630371094
2014-02-06 00:00:00+05:30,172.87619018554688
2014-02-07 00:00:00+05:30,172.57952880859375
2014-02-10 00:00:00+05:30,174.16876220703125
2014-02-11 00:00:00+05:30,170.63006591796875
2014-02-12 00:00:00+05:30,173.310546875
2014-02-13 00:00:00+05:30,171.08566284179688
2014-02-14 00:00:00+05:30,174.18992614746094
2014-02-17 00:00:00+05:30,172.12393188476562
2014-02-18 00:00:00+05:30,172.3040771484375
2014-02-19 00:00:00+05:30,172.11337280273438
2014-02-20 00:00:00+05:30,170.67247009277344
2014-02-21 00:00:00+05:30,171.95443725585938
2014-02-24 00:00:00+05:30,172.13455200195312
2014-02-25 00:00:00+05:30,171.75314331054688
2014-02-26 00:00:00+05:30,171.784912109375
2014-02-28 00:00:00+05:30,169.5070343017578
2014-03-03 00:00:00+05:30,170.23806762695312
2014-03-04 00:00:00+05:30,172.26168823242188
2014-03-05 00:00:00+05:30,171.00088500976562
2014-03-06 00:00:00+05:30,174.2747039794922
2014-03-07 00:00:00+05:30,184.22325134277344
2014-03-10 00:00:00+05:30,187.6241912841797
2014-03-11 00:00:00+05:30,185.35693359375
2014-03-12 00:00:00+05:30,184.63645935058594
2014-03-13 00:00:00+05:30,186.3740234375
2014-03-14 00:00:00+05:30,187.77256774902344
2014-03-18 00:00:00+05:30,189.95510864257812
2014-03-19 00:00:00+05:30,191.34300231933594
2014-03-20 00:00:00+05:30,191.9786834716797
2014-03-21 00:00:00+05:30,187.69837951660156
2014-03-24 00:00:00+05:30,191.85159301757812
2014-03-25 00:00:00+05:30,186.32106018066406
2014-03-26 00:00:00+05:30,188.8426513671875
2014-03-27 00:00:00+05:30,190.8662872314453
2014-03-28 00:00:00+05:30,194.1294708251953
2014-03-31 00:00:00+05:30,197.22317504882812
2014-04-01 00:00:00+05:30,199.73414611816406
2014-04-02 00:00:00+05:30,203.0397186279297
2014-04-03 00:00:00+05:30,201.86370849609375
2014-04-04 00:00:00+05:30,200.08375549316406
2014-04-07 00:00:00+05:30,200.06256103515625
2014-04-09 00:00:00+05:30,203.87672424316406
2014-04-10 00:00:00+05:30,205.33883666992188
2014-04-11 00:00:00+05:30,202.0968017578125
2014-04-15 00:00:00+05:30,201.11146545410156
2014-04-16 00:00:00+05:30,199.4586639404297
2014-04-17 00:00:00+05:30,203.23043823242188
2014-04-21 00:00:00+05:30,203.3363800048828
2014-04-22 00:00:00+05:30,205.06333923339844
2014-04-23 00:00:00+05:30,204.9362030029297
2014-04-24 00:00:00+05:30,204.9362030029297
2014-04-25 00:00:00+05:30,200.93136596679688
2014-04-28 00:00:00+05:30,200.24267578125
2014-04-29 00:00:00+05:30,199.24679565429688
2014-04-30 00:00:00+05:30,198.29324340820312
2014-05-02 00:00:00+05:30,196.66163635253906
2014-05-05 00:00:00+05:30,200.63467407226562
2014-05-06 00:00:00+05:30,204.13099670410156
2014-05-07 00:00:00+05:30,203.6012725830078
2014-05-08 00:00:00+05:30,203.48471069335938
2014-05-09 00:00:00+05:30,211.38845825195312
2014-05-12 00:00:00+05:30,217.9784698486328
2014-05-13 00:00:00+05:30,225.33128356933594
2014-05-14 00:00:00+05:30,221.53836059570312
2014-05-15 00:00:00+05:30,223.2123260498047
2014-05-16 00:00:00+05:30,230.94639587402344
2014-05-19 00:00:00+05:30,239.67710876464844
2014-05-20 00:00:00+05:30,231.07479858398438
2014-05-21 00:00:00+05:30,230.76449584960938
2014-05-22 00:00:00+05:30,235.5578155517578
2014-05-23 00:00:00+05:30,241.2605743408203
2014-05-26 00:00:00+05:30,235.75042724609375
2014-05-27 00:00:00+05:30,232.80810546875
2014-05-28 00:00:00+05:30,233.0113525390625
2014-05-29 00:00:00+05:30,229.72666931152344
2014-05-30 00:00:00+05:30,227.83285522460938
2014-06-02 00:00:00+05:30,231.57763671875
2014-06-03 00:00:00+05:30,234.40231323242188
2014-06-04 00:00:00+05:30,230.57191467285156
2014-06-05 00:00:00+05:30,233.225341796875
2014-06-06 00:00:00+05:30,240.17996215820312
2014-06-09 00:00:00+05:30,240.23342895507812
2014-06-10 00:00:00+05:30,239.30262756347656
2014-06-11 00:00:00+05:30,235.8359832763672
2014-06-12 00:00:00+05:30,234.13479614257812
2014-06-13 00:00:00+05:30,231.5134735107422
2014-06-16 00:00:00+05:30,227.99334716796875
2014-06-17 00:00:00+05:30,233.25746154785156
2014-06-18 00:00:00+05:30,228.27154541015625
2014-06-19 00:00:00+05:30,222.99671936035156
2014-06-20 00:00:00+05:30,221.7984161376953
2014-06-23 00:00:00+05:30,222.1086883544922
2014-06-24 00:00:00+05:30,226.7950439453125
2014-06-25 00:00:00+05:30,224.9012451171875
2014-06-26 00:00:00+05:30,216.5343017578125
2014-06-27 00:00:00+05:30,216.5771026611328
2014-06-30 00:00:00+05:30,217.28326416015625
2014-07-01 00:00:00+05:30,215.69976806640625
2014-07-02 00:00:00+05:30,217.89312744140625
2014-07-03 00:00:00+05:30,215.3787841796875
2014-07-04 00:00:00+05:30,220.82473754882812
2014-07-07 00:00:00+05:30,219.80831909179688
2014-07-08 00:00:00+05:30,212.92861938476562
2014-07-09 00:00:00+05:30,214.19114685058594
2014-07-10 00:00:00+05:30,213.38870239257812
2014-07-11 00:00:00+05:30,206.81924438476562
2014-07-14 00:00:00+05:30,205.80279541015625
2014-07-15 00:00:00+05:30,208.03897094726562
2014-07-16 00:00:00+05:30,211.78378295898438
2014-07-17 00:00:00+05:30,210.2430419921875
2014-07-18 00:00:00+05:30,209.01263427734375
2014-07-21 00:00:00+05:30,213.4849853515625
2014-07-22 00:00:00+05:30,220.61074829101562
2014-07-23 00:00:00+05:30,221.10293579101562
2014-07-24 00:00:00+05:30,222.7720489501953
2014-07-25 00:00:00+05:30,218.6634979248047
2014-07-28 00:00:00+05:30,215.1862030029297
2014-07-30 00:00:00+05:30,215.30389404296875
2014-07-31 00:00:00+05:30,215.36807250976562
2014-08-01 00:00:00+05:30,208.9163055419922
2014-08-04 00:00:00+05:30,210.77804565429688
2014-08-05 00:00:00+05:30,210.5319061279297
2014-08-06 00:00:00+05:30,211.4521026611328
2014-08-07 00:00:00+05:30,211.69818115234375
2014-08-08 00:00:00+05:30,209.8151092529297
2014-08-11 00:00:00+05:30,209.8151092529297
2014-08-12 00:00:00+05:30,210.64962768554688
2014-08-13 00:00:00+05:30,211.88009643554688
2014-08-14 00:00:00+05:30,214.6190948486328
2014-08-18 00:00:00+05:30,216.7803955078125
2014-08-19 00:00:00+05:30,215.97793579101562
2014-08-20 00:00:00+05:30,213.63479614257812
2014-08-21 00:00:00+05:30,212.93931579589844
2014-08-22 00:00:00+05:30,213.62408447265625
2014-08-25 00:00:00+05:30,213.08909606933594
2014-08-26 00:00:00+05:30,212.56483459472656
2014-08-27 00:00:00+05:30,212.63970947265625
2014-08-28 00:00:00+05:30,213.7096710205078
2014-09-01 00:00:00+05:30,217.00509643554688
2014-09-02 00:00:00+05:30,219.08074951171875
2014-09-03 00:00:00+05:30,220.6750030517578
2014-09-04 00:00:00+05:30,219.5301055908203
2014-09-05 00:00:00+05:30,219.47662353515625
2014-09-08 00:00:00+05:30,222.05520629882812
2014-09-09 00:00:00+05:30,221.0494384765625
2014-09-10 00:00:00+05:30,217.37954711914062
2014-09-11 00:00:00+05:30,218.1392059326172
2014-09-12 00:00:00+05:30,217.32603454589844
2014-09-15 00:00:00+05:30,214.57630920410156
2014-09-16 00:00:00+05:30,209.57968139648438
2014-09-17 00:00:00+05:30,211.55908203125
2014-09-18 00:00:00+05:30,215.036376953125
2014-09-19 00:00:00+05:30,213.0142059326172
2014-09-22 00:00:00+05:30,212.17965698242188
2014-09-23 00:00:00+05:30,206.68017578125
2014-09-24 00:00:00+05:30,206.5089569091797
2014-09-25 00:00:00+05:30,198.97662353515625
2014-09-26 00:00:00+05:30,199.70419311523438
2014-09-29 00:00:00+05:30,199.68276977539062
2014-09-30 00:00:00+05:30,202.36830139160156
2014-10-01 00:00:00+05:30,198.40953063964844
2014-10-07 00:00:00+05:30,198.18482971191406
2014-10-08 00:00:00+05:30,200.4424285888672
2014-10-09 00:00:00+05:30,204.2835235595703
2014-10-10 00:00:00+05:30,205.56741333007812
2014-10-13 00:00:00+05:30,204.97894287109375
2014-10-14 00:00:00+05:30,205.69583129882812
2014-10-15 00:00:00+05:30,205.69583129882812
2014-10-16 00:00:00+05:30,199.22268676757812
2014-10-17 00:00:00+05:30,200.69920349121094
2014-10-20 00:00:00+05:30,200.08932495117188
2014-10-21 00:00:00+05:30,198.86959838867188
2014-10-22 00:00:00+05:30,202.35760498046875
2014-10-27 00:00:00+05:30,201.43746948242188
2014-10-28 00:00:00+05:30,199.87535095214844
2014-10-29 00:00:00+05:30,203.63082885742188
2014-10-30 00:00:00+05:30,209.54759216308594
2014-10-31 00:00:00+05:30,214.10552978515625
2014-11-03 00:00:00+05:30,214.49070739746094
2014-11-05 00:00:00+05:30,212.12615966796875
2014-11-07 00:00:00+05:30,209.8151092529297
2014-11-10 00:00:00+05:30,207.4291229248047
2014-11-11 00:00:00+05:30,209.2159423828125
2014-11-12 00:00:00+05:30,208.4348602294922
2014-11-13 00:00:00+05:30,207.40771484375
2014-11-14 00:00:00+05:30,207.38633728027344
2014-11-17 00:00:00+05:30,210.82083129882812
2014-11-18 00:00:00+05:30,211.55908203125
2014-11-19 00:00:00+05:30,209.31222534179688
2014-11-20 00:00:00+05:30,209.8686065673828
2014-11-21 00:00:00+05:30,213.4956817626953
2014-11-24 00:00:00+05:30,210.8529510498047
2014-11-25 00:00:00+05:30,212.4899444580078
2014-11-26 00:00:00+05:30,211.2167205810547
2014-11-27 00:00:00+05:30,211.55908203125
2014-11-28 00:00:00+05:30,212.1903533935547
2014-12-01 00:00:00+05:30,205.77073669433594
2014-12-02 00:00:00+05:30,205.99539184570312
2014-12-03 00:00:00+05:30,207.2151336669922
2014-12-04 00:00:00+05:30,205.11802673339844
2014-12-05 00:00:00+05:30,204.86126708984375
2014-12-08 00:00:00+05:30,202.13291931152344
2014-12-09 00:00:00+05:30,201.116455078125
2014-12-10 00:00:00+05:30,199.5543670654297
2014-12-11 00:00:00+05:30,193.9050750732422
2014-12-12 00:00:00+05:30,188.8121795654297
2014-12-15 00:00:00+05:30,188.05250549316406
2014-12-16 00:00:00+05:30,185.013916015625
2014-12-17 00:00:00+05:30,186.06243896484375
2014-12-18 00:00:00+05:30,188.33070373535156
2014-12-19 00:00:00+05:30,192.70677185058594
2014-12-22 00:00:00+05:30,193.63763427734375
2014-12-23 00:00:00+05:30,191.25161743164062
2014-12-24 00:00:00+05:30,189.19735717773438
2014-12-26 00:00:00+05:30,190.20310974121094
2014-12-29 00:00:00+05:30,191.9470977783203
2014-12-30 00:00:00+05:30,188.34141540527344
2014-12-31 00:00:00+05:30,190.6952667236328
2015-01-01 00:00:00+05:30,189.99978637695312
2015-01-02 00:00:00+05:30,189.49691772460938
2015-01-05 00:00:00+05:30,187.42127990722656
2015-01-06 00:00:00+05:30,178.91522216796875
2015-01-07 00:00:00+05:30,182.80982971191406
2015-01-08 00:00:00+05:30,180.1884765625
2015-01-09 00:00:00+05:30,184.09373474121094
2015-01-12 00:00:00+05:30,181.95387268066406
2015-01-13 00:00:00+05:30,180.42384338378906
2015-01-14 00:00:00+05:30,178.66917419433594
2015-01-15 00:00:00+05:30,184.93899536132812
2015-01-16 00:00:00+05:30,186.10523986816406
2015-01-19 00:00:00+05:30,188.2344207763672
2015-01-20 00:00:00+05:30,193.24172973632812
2015-01-21 00:00:00+05:30,194.03347778320312
2015-01-22 00:00:00+05:30,189.11178588867188
2015-01-23 00:00:00+05:30,189.7858123779297
2015-01-27 00:00:00+05:30,190.2458953857422
2015-01-28 00:00:00+05:30,194.0548858642578
2015-01-29 00:00:00+05:30,198.88031005859375
2015-01-30 00:00:00+05:30,195.85238647460938
2015-02-02 00:00:00+05:30,194.31167602539062
2015-02-03 00:00:00+05:30,200.635009765625
2015-02-04 00:00:00+05:30,198.7519073486328
2015-02-05 00:00:00+05:30,197.66058349609375
2015-02-06 00:00:00+05:30,194.70755004882812
2015-02-09 00:00:00+05:30,191.88290405273438
2015-02-10 00:00:00+05:30,188.7373046875
2015-02-11 00:00:00+05:30,192.73886108398438
2015-02-12 00:00:00+05:30,194.54705810546875
2015-02-13 00:00:00+05:30,196.3338623046875
2015-02-16 00:00:00+05:30,193.18824768066406
2015-02-18 00:00:00+05:30,192.94215393066406
2015-02-19 00:00:00+05:30,193.0277099609375
2015-02-20 00:00:00+05:30,186.83279418945312
2015-02-23 00:00:00+05:30,182.19998168945312
2015-02-24 00:00:00+05:30,180.06007385253906
2015-02-25 00:00:00+05:30,180.42384338378906
2015-02-26 00:00:00+05:30,180.17774963378906
2015-02-27 00:00:00+05:30,183.0773162841797
2015-03-02 00:00:00+05:30,184.93899536132812
2015-03-03 00:00:00+05:30,192.76026916503906
2015-03-04 00:00:00+05:30,189.98910522460938
2015-03-05 00:00:00+05:30,189.36854553222656
2015-03-09 00:00:00+05:30,186.09449768066406
2015-03-10 00:00:00+05:30,183.84768676757812
2015-03-11 00:00:00+05:30,183.1629180908203
2015-03-12 00:00:00+05:30,184.84268188476562
2015-03-13 00:00:00+05:30,181.91107177734375
2015-03-16 00:00:00+05:30,180.1991729736328
2015-03-17 00:00:00+05:30,183.35549926757812
2015-03-18 00:00:00+05:30,185.8805389404297
2015-03-19 00:00:00+05:30,183.20570373535156
2015-03-20 00:00:00+05:30,182.7670135498047
2015-03-23 00:00:00+05:30,180.16705322265625
2015-03-24 00:00:00+05:30,181.45098876953125
2015-03-25 00:00:00+05:30,180.79832458496094
2015-03-26 00:00:00+05:30,177.46011352539062
2015-03-27 00:00:00+05:30,173.69395446777344
2015-03-30 00:00:00+05:30,173.49066162109375
2015-03-31 00:00:00+05:30,176.7539520263672
2015-04-01 00:00:00+05:30,178.90451049804688
2015-04-06 00:00:00+05:30,176.46507263183594
2015-04-07 00:00:00+05:30,178.2198028564453
2015-04-08 00:00:00+05:30,185.2920684814453
2015-04-09 00:00:00+05:30,191.5404815673828
2015-04-10 00:00:00+05:30,193.51992797851562
2015-04-13 00:00:00+05:30,197.40379333496094
2015-04-15 00:00:00+05:30,197.64990234375
2015-04-16 00:00:00+05:30,198.65560913085938
2015-04-17 00:00:00+05:30,198.3346405029297
2015-04-20 00:00:00+05:30,189.518310546875
2015-04-21 00:00:00+05:30,187.54962158203125
2015-04-22 00:00:00+05:30,188.25582885742188
2015-04-23 00:00:00+05:30,187.67800903320312
2015-04-24 00:00:00+05:30,188.0738983154297
2015-04-27 00:00:00+05:30,187.3035888671875
2015-04-28 00:00:00+05:30,185.14231872558594
2015-04-29 00:00:00+05:30,181.8896942138672
2015-04-30 00:00:00+05:30,184.5324249267578
2015-05-04 00:00:00+05:30,190.65249633789062
2015-05-05 00:00:00+05:30,190.9092559814453
2015-05-06 00:00:00+05:30,188.36279296875
2015-05-07 00:00:00+05:30,186.32989501953125
2015-05-08 00:00:00+05:30,192.78367614746094
2015-05-11 00:00:00+05:30,194.13795471191406
2015-05-12 00:00:00+05:30,188.2333221435547
2015-05-13 00:00:00+05:30,191.78695678710938
2015-05-14 00:00:00+05:30,190.29180908203125
2015-05-15 00:00:00+05:30,189.37091064453125
2015-05-18 00:00:00+05:30,193.18453979492188
2015-05-19 00:00:00+05:30,194.05128479003906
2015-05-20 00:00:00+05:30,196.93316650390625
2015-05-21 00:00:00+05:30,194.31130981445312
2015-05-22 00:00:00+05:30,195.8497772216797
2015-05-25 00:00:00+05:30,193.82376098632812
2015-05-26 00:00:00+05:30,191.67860412597656
2015-05-27 00:00:00+05:30,191.8302764892578
2015-05-28 00:00:00+05:30,189.7717742919922
2015-05-29 00:00:00+05:30,190.03179931640625
2015-06-01 00:00:00+05:30,195.5030517578125
2015-06-02 00:00:00+05:30,194.72300720214844
2015-06-03 00:00:00+05:30,194.22463989257812
2015-06-04 00:00:00+05:30,197.76739501953125
2015-06-05 00:00:00+05:30,196.69482421875
2015-06-08 00:00:00+05:30,191.86277770996094
2015-06-09 00:00:00+05:30,191.48358154296875
2015-06-10 00:00:00+05:30,196.27230834960938
2015-06-11 00:00:00+05:30,190.06431579589844
2015-06-12 00:00:00+05:30,192.81619262695312
2015-06-15 00:00:00+05:30,195.39471435546875
2015-06-16 00:00:00+05:30,195.8714141845703
2015-06-17 00:00:00+05:30,201.7760467529297
2015-06-18 00:00:00+05:30,212.12271118164062
2015-06-19 00:00:00+05:30,215.9580535888672
2015-06-22 00:00:00+05:30,214.88543701171875
2015-06-23 00:00:00+05:30,215.60049438476562
2015-06-24 00:00:00+05:30,214.71209716796875
2015-06-25 00:00:00+05:30,217.66983032226562
2015-06-26 00:00:00+05:30,216.8356170654297
2015-06-29 00:00:00+05:30,214.7012481689453
2015-06-30 00:00:00+05:30,216.70556640625
2015-07-01 00:00:00+05:30,217.90818786621094
2015-07-02 00:00:00+05:30,219.0349578857422
2015-07-03 00:00:00+05:30,218.24403381347656
2015-07-06 00:00:00+05:30,220.05337524414062
2015-07-07 00:00:00+05:30,217.38818359375
2015-07-08 00:00:00+05:30,215.94720458984375
2015-07-09 00:00:00+05:30,213.95370483398438
2015-07-10 00:00:00+05:30,217.07394409179688
2015-07-13 00:00:00+05:30,218.20069885253906
2015-07-14 00:00:00+05:30,216.20724487304688
2015-07-15 00:00:00+05:30,219.09994506835938
2015-07-16 00:00:00+05:30,221.8193359375
2015-07-17 00:00:00+05:30,221.38595581054688
2015-07-20 00:00:00+05:30,222.04684448242188
2015-07-21 00:00:00+05:30,218.37403869628906
2015-07-22 00:00:00+05:30,227.60479736328125
2015-07-23 00:00:00+05:30,226.4997100830078
2015-07-24 00:00:00+05:30,222.1118621826172
2015-07-27 00:00:00+05:30,217.84317016601562
2015-07-28 00:00:00+05:30,218.90493774414062
2015-07-29 00:00:00+05:30,215.81716918945312
2015-07-30 00:00:00+05:30,216.7164306640625
2015-07-31 00:00:00+05:30,217.08477783203125
2015-08-03 00:00:00+05:30,217.2147979736328
2015-08-04 00:00:00+05:30,214.08372497558594
2015-08-05 00:00:00+05:30,214.029541015625
2015-08-06 00:00:00+05:30,212.12271118164062
2015-08-07 00:00:00+05:30,213.29283142089844
2015-08-10 00:00:00+05:30,209.94505310058594
2015-08-11 00:00:00+05:30,209.31666564941406
2015-08-12 00:00:00+05:30,204.311279296875
2015-08-13 00:00:00+05:30,202.24192810058594
2015-08-14 00:00:00+05:30,209.52252197265625
2015-08-17 00:00:00+05:30,206.00140380859375
2015-08-18 00:00:00+05:30,204.5712890625
2015-08-19 00:00:00+05:30,206.8464813232422
2015-08-20 00:00:00+05:30,198.54745483398438
2015-08-21 00:00:00+05:30,196.73817443847656
2015-08-24 00:00:00+05:30,179.75015258789062
2015-08-25 00:00:00+05:30,183.78050231933594
2015-08-26 00:00:00+05:30,184.9180450439453
2015-08-27 00:00:00+05:30,188.33082580566406
2015-08-28 00:00:00+05:30,189.03506469726562
2015-08-31 00:00:00+05:30,185.45974731445312
2015-09-01 00:00:00+05:30,181.98199462890625
2015-09-02 00:00:00+05:30,184.0838165283203
2015-09-03 00:00:00+05:30,185.01556396484375
2015-09-04 00:00:00+05:30,181.1260986328125
2015-09-07 00:00:00+05:30,180.54104614257812
2015-09-08 00:00:00+05:30,183.8779754638672
2015-09-09 00:00:00+05:30,189.39256286621094
2015-09-10 00:00:00+05:30,187.8649444580078
2015-09-11 00:00:00+05:30,186.5540313720703
2015-09-14 00:00:00+05:30,187.18240356445312
2015-09-15 00:00:00+05:30,187.8649444580078
2015-09-16 00:00:00+05:30,189.0675506591797
2015-09-18 00:00:00+05:30,194.018798828125
2015-09-21 00:00:00+05:30,190.2701416015625
2015-09-22 00:00:00+05:30,183.72630310058594
2015-09-23 00:00:00+05:30,184.25717163085938
2015-09-24 00:00:00+05:30,181.44029235839844
2015-09-28 00:00:00+05:30,180.7685546875
2015-09-29 00:00:00+05:30,182.177001953125
2015-09-30 00:00:00+05:30,186.84654235839844
2015-10-01 00:00:00+05:30,187.3665771484375
2015-10-05 00:00:00+05:30,192.4153289794922
2015-10-06 00:00:00+05:30,194.59300231933594
2015-10-07 00:00:00+05:30,198.0057373046875
2015-10-08 00:00:00+05:30,192.65365600585938
2015-10-09 00:00:00+05:30,192.2744598388672
2015-10-12 00:00:00+05:30,193.22789001464844
2015-10-13 00:00:00+05:30,193.62876892089844
2015-10-14 00:00:00+05:30,195.65475463867188
2015-10-15 00:00:00+05:30,195.81724548339844
2015-10-16 00:00:00+05:30,198.2224578857422
2015-10-19 00:00:00+05:30,208.7749786376953
2015-10-20 00:00:00+05:30,207.301513671875
2015-10-21 00:00:00+05:30,206.9331512451172
2015-10-23 00:00:00+05:30,207.07398986816406
2015-10-26 00:00:00+05:30,204.3004150390625
2015-10-27 00:00:00+05:30,203.5853729248047
2015-10-28 00:00:00+05:30,203.02200317382812
2015-10-29 00:00:00+05:30,203.89956665039062
2015-10-30 00:00:00+05:30,205.3513641357422
2015-11-02 00:00:00+05:30,207.97325134277344
2015-11-03 00:00:00+05:30,209.57669067382812
2015-11-04 00:00:00+05:30,206.13140869140625
2015-11-05 00:00:00+05:30,202.94613647460938
2015-11-06 00:00:00+05:30,206.36978149414062
2015-11-09 00:00:00+05:30,208.2874298095703
2015-11-10 00:00:00+05:30,199.94509887695312
2015-11-13 00:00:00+05:30,202.1769256591797
2015-11-16 00:00:00+05:30,202.44778442382812
2015-11-17 00:00:00+05:30,201.02850341796875
2015-11-18 00:00:00+05:30,197.61573791503906
2015-11-19 00:00:00+05:30,202.54527282714844
2015-11-20 00:00:00+05:30,205.16714477539062
2015-11-23 00:00:00+05:30,206.6622772216797
2015-11-24 00:00:00+05:30,209.68502807617188
2015-11-26 00:00:00+05:30,214.22454833984375
2015-11-27 00:00:00+05:30,212.1443634033203
2015-11-30 00:00:00+05:30,209.55502319335938
2015-12-01 00:00:00+05:30,209.29501342773438
2015-12-02 00:00:00+05:30,211.9060516357422
2015-12-03 00:00:00+05:30,211.74349975585938
2015-12-04 00:00:00+05:30,209.19749450683594
2015-12-07 00:00:00+05:30,206.29393005371094
2015-12-08 00:00:00+05:30,203.87789916992188
2015-12-09 00:00:00+05:30,198.46080017089844
2015-12-10 00:00:00+05:30,205.92556762695312
2015-12-11 00:00:00+05:30,206.48895263671875
2015-12-14 00:00:00+05:30,206.95480346679688
2015-12-15 00:00:00+05:30,211.46182250976562
2015-12-16 00:00:00+05:30,212.05770874023438
2015-12-17 00:00:00+05:30,218.78573608398438
2015-12-18 00:00:00+05:30,214.9287872314453
2015-12-21 00:00:00+05:30,214.97210693359375
2015-12-22 00:00:00+05:30,213.93203735351562
2015-12-23 00:00:00+05:30,217.50730895996094
2015-12-24 00:00:00+05:30,216.8031005859375
2015-12-28 00:00:00+05:30,218.93743896484375
2015-12-29 00:00:00+05:30,220.02084350585938
2015-12-30 00:00:00+05:30,217.6589813232422
2015-12-31 00:00:00+05:30,219.84750366210938
2016-01-01 00:00:00+05:30,220.010009765625
2016-01-04 00:00:00+05:30,215.6654815673828
2016-01-05 00:00:00+05:30,217.7998504638672
2016-01-06 00:00:00+05:30,223.6611785888672
2016-01-07 00:00:00+05:30,219.5549774169922
2016-01-08 00:00:00+05:30,222.2635040283203
2016-01-11 00:00:00+05:30,227.86480712890625
2016-01-12 00:00:00+05:30,226.53221130371094
2016-01-13 00:00:00+05:30,233.33609008789062
2016-01-14 00:00:00+05:30,230.04246520996094
2016-01-15 00:00:00+05:30,232.56686401367188
2016-01-18 00:00:00+05:30,220.33505249023438
2016-01-19 00:00:00+05:30,226.13136291503906
2016-01-20 00:00:00+05:30,217.66983032226562
2016-01-21 00:00:00+05:30,213.26031494140625
2016-01-22 00:00:00+05:30,217.5831756591797
2016-01-25 00:00:00+05:30,217.53981018066406
2016-01-27 00:00:00+05:30,216.54307556152344
2016-01-28 00:00:00+05:30,220.34585571289062
2016-01-29 00:00:00+05:30,224.3545379638672
2016-02-01 00:00:00+05:30,223.2494354248047
2016-02-02 00:00:00+05:30,216.93309020996094
2016-02-03 00:00:00+05:30,212.65359497070312
2016-02-04 00:00:00+05:30,210.84429931640625
2016-02-05 00:00:00+05:30,210.37843322753906
2016-02-08 00:00:00+05:30,208.2440948486328
2016-02-09 00:00:00+05:30,207.47483825683594
2016-02-10 00:00:00+05:30,208.5907745361328
2016-02-11 00:00:00+05:30,200.33511352539062
2016-02-12 00:00:00+05:30,196.43479919433594
2016-02-15 00:00:00+05:30,205.14549255371094
2016-02-16 00:00:00+05:30,201.6352081298828
2016-02-17 00:00:00+05:30,206.41311645507812
2016-02-18 00:00:00+05:30,203.70457458496094
2016-02-19 00:00:00+05:30,204.6254425048828
2016-02-22 00:00:00+05:30,208.51492309570312
2016-02-23 00:00:00+05:30,205.77392578125
2016-02-24 00:00:00+05:30,206.42393493652344
2016-02-25 00:00:00+05:30,204.5712890625
2016-02-26 00:00:00+05:30,205.92556762695312
2016-02-29 00:00:00+05:30,209.45751953125
2016-03-01 00:00:00+05:30,212.6319122314453
2016-03-02 00:00:00+05:30,217.0089569091797
2016-03-03 00:00:00+05:30,219.46832275390625
2016-03-04 00:00:00+05:30,218.0707244873047
2016-03-08 00:00:00+05:30,222.53439331054688
2016-03-09 00:00:00+05:30,225.71963500976562
2016-03-10 00:00:00+05:30,219.22996520996094
2016-03-11 00:00:00+05:30,219.82583618164062
2016-03-14 00:00:00+05:30,220.9634246826172
2016-03-15 00:00:00+05:30,221.1259307861328
2016-03-16 00:00:00+05:30,221.3968048095703
2016-03-17 00:00:00+05:30,222.6295928955078
2016-03-18 00:00:00+05:30,225.08375549316406
2016-03-21 00:00:00+05:30,227.29689025878906
2016-03-22 00:00:00+05:30,229.60867309570312
2016-03-23 00:00:00+05:30,225.5220184326172
2016-03-28 00:00:00+05:30,223.59371948242188
2016-03-29 00:00:00+05:30,227.06683349609375
2016-03-30 00:00:00+05:30,229.433349609375
2016-03-31 00:00:00+05:30,229.0279541015625
2016-04-01 00:00:00+05:30,226.6724090576172
2016-04-04 00:00:00+05:30,226.8038787841797
2016-04-05 00:00:00+05:30,225.02899169921875
2016-04-06 00:00:00+05:30,226.51902770996094
2016-04-07 00:00:00+05:30,227.2859649658203
2016-04-08 00:00:00+05:30,227.0887451171875
2016-04-11 00:00:00+05:30,227.9542694091797
2016-04-12 00:00:00+05:30,229.51007080078125
2016-04-13 00:00:00+05:30,233.5967254638672
2016-04-18 00:00:00+05:30,233.3118438720703
2016-04-20 00:00:00+05:30,227.29689025878906
2016-04-21 00:00:00+05:30,228.14053344726562
2016-04-22 00:00:00+05:30,227.65847778320312
2016-04-25 00:00:00+05:30,222.82675170898438
2016-04-26 00:00:00+05:30,222.8377227783203
2016-04-27 00:00:00+05:30,223.3745880126953
2016-04-28 00:00:00+05:30,218.40048217773438
2016-04-29 00:00:00+05:30,215.332763671875
2016-05-02 00:00:00+05:30,216.2640380859375
2016-05-03 00:00:00+05:30,213.82081604003906
2016-05-04 00:00:00+05:30,214.3247833251953
2016-05-05 00:00:00+05:30,213.70028686523438
2016-05-06 00:00:00+05:30,212.31980895996094
2016-05-09 00:00:00+05:30,215.42039489746094
2016-05-10 00:00:00+05:30,215.29989624023438
2016-05-11 00:00:00+05:30,213.733154296875
2016-05-12 00:00:00+05:30,217.54592895507812
2016-05-13 00:00:00+05:30,214.3357696533203
2016-05-16 00:00:00+05:30,213.85366821289062
2016-05-17 00:00:00+05:30,212.36366271972656
2016-05-18 00:00:00+05:30,212.67041015625
2016-05-19 00:00:00+05:30,208.43038940429688
2016-05-20 00:00:00+05:30,204.70526123046875
2016-05-23 00:00:00+05:30,203.78492736816406
2016-05-24 00:00:00+05:30,206.07479858398438
2016-05-25 00:00:00+05:30,208.43038940429688
2016-05-26 00:00:00+05:30,207.47715759277344
2016-05-27 00:00:00+05:30,213.57974243164062
2016-05-30 00:00:00+05:30,212.26502990722656
2016-05-31 00:00:00+05:30,209.88755798339844
2016-06-01 00:00:00+05:30,208.9562530517578
2016-06-02 00:00:00+05:30,209.53695678710938
2016-06-03 00:00:00+05:30,210.28196716308594
2016-06-06 00:00:00+05:30,209.2191925048828
2016-06-07 00:00:00+05:30,209.27401733398438
2016-06-08 00:00:00+05:30,209.0658416748047
2016-06-09 00:00:00+05:30,212.80186462402344
2016-06-10 00:00:00+05:30,214.0180206298828
2016-06-13 00:00:00+05:30,214.98216247558594
2016-06-14 00:00:00+05:30,213.91943359375
2016-06-15 00:00:00+05:30,215.7490997314453
2016-06-16 00:00:00+05:30,213.9303436279297
2016-06-17 00:00:00+05:30,213.62359619140625
2016-06-20 00:00:00+05:30,216.9761962890625
2016-06-21 00:00:00+05:30,216.2969207763672
2016-06-22 00:00:00+05:30,214.85069274902344
2016-06-23 00:00:00+05:30,214.83973693847656
2016-06-24 00:00:00+05:30,208.4851531982422
2016-06-27 00:00:00+05:30,209.4054718017578
2016-06-28 00:00:00+05:30,209.87655639648438
2016-06-29 00:00:00+05:30,211.87057495117188
2016-06-30 00:00:00+05:30,212.36366271972656
2016-07-01 00:00:00+05:30,213.3058624267578
2016-07-04 00:00:00+05:30,216.209228515625
2016-07-05 00:00:00+05:30,217.61166381835938
2016-07-07 00:00:00+05:30,216.47219848632812
2016-07-08 00:00:00+05:30,214.39051818847656
2016-07-11 00:00:00+05:30,217.48016357421875
2016-07-12 00:00:00+05:30,219.8686065673828
2016-07-13 00:00:00+05:30,221.0409393310547
2016-07-14 00:00:00+05:30,220.19729614257812
2016-07-15 00:00:00+05:30,221.79689025878906
2016-07-18 00:00:00+05:30,220.49313354492188
2016-07-19 00:00:00+05:30,223.0240020751953
2016-07-20 00:00:00+05:30,224.16343688964844
2016-07-21 00:00:00+05:30,220.51504516601562
2016-07-22 00:00:00+05:30,222.37757873535156
2016-07-25 00:00:00+05:30,224.108642578125
2016-07-26 00:00:00+05:30,224.3934783935547
2016-07-27 00:00:00+05:30,221.99411010742188
2016-07-28 00:00:00+05:30,224.8975067138672
2016-07-29 00:00:00+05:30,222.38853454589844
2016-08-01 00:00:00+05:30,221.20526123046875
2016-08-02 00:00:00+05:30,221.92837524414062
2016-08-03 00:00:00+05:30,217.79791259765625
2016-08-04 00:00:00+05:30,217.58973693847656
2016-08-05 00:00:00+05:30,222.684326171875
2016-08-08 00:00:00+05:30,225.53297424316406
2016-08-09 00:00:00+05:30,225.8507080078125
2016-08-10 00:00:00+05:30,219.9234161376953
2016-08-11 00:00:00+05:30,222.21324157714844
2016-08-12 00:00:00+05:30,226.96820068359375
2016-08-16 00:00:00+05:30,224.57977294921875
2016-08-17 00:00:00+05:30,222.03793334960938
2016-08-18 00:00:00+05:30,223.07876586914062
2016-08-19 00:00:00+05:30,222.38853454589844
2016-08-22 00:00:00+05:30,221.72023010253906
2016-08-23 00:00:00+05:30,221.41343688964844
2016-08-24 00:00:00+05:30,223.61563110351562
2016-08-25 00:00:00+05:30,221.90646362304688
2016-08-26 00:00:00+05:30,225.2371368408203
2016-08-29 00:00:00+05:30,231.71224975585938
2016-08-30 00:00:00+05:30,233.6734161376953
2016-08-31 00:00:00+05:30,232.2710418701172
2016-09-01 00:00:00+05:30,225.5220184326172
2016-09-02 00:00:00+05:30,222.04888916015625
2016-09-06 00:00:00+05:30,223.4841766357422
2016-09-07 00:00:00+05:30,222.99114990234375
2016-09-08 00:00:00+05:30,226.4423370361328
2016-09-09 00:00:00+05:30,228.88552856445312
2016-09-12 00:00:00+05:30,229.31285095214844
2016-09-14 00:00:00+05:30,228.9293670654297
2016-09-15 00:00:00+05:30,233.3666229248047
2016-09-16 00:00:00+05:30,235.67835998535156
2016-09-19 00:00:00+05:30,237.1793975830078
2016-09-20 00:00:00+05:30,235.382568359375
2016-09-21 00:00:00+05:30,234.95530700683594
2016-09-22 00:00:00+05:30,238.6146697998047
2016-09-23 00:00:00+05:30,241.64950561523438
2016-09-26 00:00:00+05:30,242.6136474609375
2016-09-27 00:00:00+05:30,243.33676147460938
2016-09-28 00:00:00+05:30,238.98715209960938
2016-09-29 00:00:00+05:30,234.9990692138672
2016-09-30 00:00:00+05:30,237.46426391601562
2016-10-03 00:00:00+05:30,238.9981231689453
2016-10-04 00:00:00+05:30,240.23614501953125
2016-10-05 00:00:00+05:30,238.71324157714844
2016-10-06 00:00:00+05:30,243.4025115966797
2016-10-07 00:00:00+05:30,243.00807189941406
2016-10-10 00:00:00+05:30,240.23614501953125
2016-10-13 00:00:00+05:30,231.64651489257812
2016-10-14 00:00:00+05:30,236.1385498046875
2016-10-17 00:00:00+05:30,232.41346740722656
2016-10-18 00:00:00+05:30,236.89453125
2016-10-19 00:00:00+05:30,238.2640380859375
2016-10-20 00:00:00+05:30,238.307861328125
2016-10-21 00:00:00+05:30,233.19134521484375
2016-10-24 00:00:00+05:30,232.99412536621094
2016-10-25 00:00:00+05:30,232.45726013183594
2016-10-26 00:00:00+05:30,230.96722412109375
2016-10-27 00:00:00+05:30,229.794921875
2016-10-28 00:00:00+05:30,231.16445922851562
2016-11-01 00:00:00+05:30,230.29891967773438
2016-11-02 00:00:00+05:30,224.3278045654297
2016-11-03 00:00:00+05:30,224.37158203125
2016-11-04 00:00:00+05:30,220.33973693847656
2016-11-07 00:00:00+05:30,219.37557983398438
2016-11-08 00:00:00+05:30,219.89053344726562
2016-11-09 00:00:00+05:30,220.1315460205078
2016-11-10 00:00:00+05:30,221.40248107910156
2016-11-11 00:00:00+05:30,219.50706481933594
2016-11-15 00:00:00+05:30,215.92437744140625
2016-11-16 00:00:00+05:30,216.17637634277344
2016-11-17 00:00:00+05:30,214.24810791015625
2016-11-18 00:00:00+05:30,216.38455200195312
2016-11-21 00:00:00+05:30,217.2610626220703
2016-11-22 00:00:00+05:30,219.4413604736328
2016-11-23 00:00:00+05:30,221.09573364257812
2016-11-24 00:00:00+05:30,216.35166931152344
2016-11-25 00:00:00+05:30,217.74310302734375
2016-11-28 00:00:00+05:30,216.1982879638672
2016-11-29 00:00:00+05:30,218.61961364746094
2016-11-30 00:00:00+05:30,216.94329833984375
2016-12-01 00:00:00+05:30,218.63055419921875
2016-12-02 00:00:00+05:30,217.97320556640625
2016-12-05 00:00:00+05:30,217.77598571777344
2016-12-06 00:00:00+05:30,220.26303100585938
2016-12-07 00:00:00+05:30,218.93734741210938
2016-12-08 00:00:00+05:30,223.5170440673828
2016-12-09 00:00:00+05:30,225.46722412109375
2016-12-12 00:00:00+05:30,225.08375549316406
2016-12-13 00:00:00+05:30,227.84469604492188
2016-12-14 00:00:00+05:30,232.16146850585938
2016-12-15 00:00:00+05:30,230.7261962890625
2016-12-16 00:00:00+05:30,231.64651489257812
2016-12-19 00:00:00+05:30,232.8297882080078
2016-12-20 00:00:00+05:30,231.8108367919922
2016-12-21 00:00:00+05:30,232.98316955566406
2016-12-22 00:00:00+05:30,230.81387329101562
2016-12-23 00:00:00+05:30,231.67938232421875
2016-12-26 00:00:00+05:30,229.52101135253906
2016-12-27 00:00:00+05:30,233.30088806152344
2016-12-28 00:00:00+05:30,230.0140380859375
2016-12-29 00:00:00+05:30,233.46524047851562
2016-12-30 00:00:00+05:30,237.1793975830078
2017-01-02 00:00:00+05:30,237.77105712890625
2017-01-03 00:00:00+05:30,238.71324157714844
2017-01-04 00:00:00+05:30,233.83775329589844
2017-01-05 00:00:00+05:30,236.08375549316406
2017-01-06 00:00:00+05:30,235.5469207763672
2017-01-09 00:00:00+05:30,236.14950561523438
2017-01-10 00:00:00+05:30,238.8118438720703
2017-01-11 00:00:00+05:30,237.97918701171875
2017-01-12 00:00:00+05:30,237.3765869140625
2017-01-13 00:00:00+05:30,238.93235778808594
2017-01-16 00:00:00+05:30,235.83180236816406
2017-01-17 00:00:00+05:30,228.16244506835938
2017-01-18 00:00:00+05:30,226.25608825683594
2017-01-19 00:00:00+05:30,226.50808715820312
2017-01-20 00:00:00+05:30,224.7769775390625
2017-01-23 00:00:00+05:30,222.60768127441406
2017-01-24 00:00:00+05:30,225.1056671142578
2017-01-25 00:00:00+05:30,222.91444396972656
2017-01-27 00:00:00+05:30,224.62359619140625
2017-01-30 00:00:00+05:30,228.94032287597656
2017-01-31 00:00:00+05:30,229.0279541015625
2017-02-01 00:00:00+05:30,230.00306701660156
2017-02-02 00:00:00+05:30,228.65545654296875
2017-02-03 00:00:00+05:30,226.49710083007812
2017-02-06 00:00:00+05:30,228.25010681152344
2017-02-07 00:00:00+05:30,225.89451599121094
2017-02-08 00:00:00+05:30,224.63455200195312
2017-02-09 00:00:00+05:30,226.29989624023438
2017-02-10 00:00:00+05:30,225.7301788330078
2017-02-13 00:00:00+05:30,225.6644287109375
2017-02-14 00:00:00+05:30,230.0359344482422
2017-02-15 00:00:00+05:30,230.3646240234375
2017-02-16 00:00:00+05:30,233.9144287109375
2017-02-17 00:00:00+05:30,235.6674041748047
2017-02-20 00:00:00+05:30,235.6455078125
2017-02-21 00:00:00+05:30,238.45028686523438
2017-02-22 00:00:00+05:30,264.5917663574219
2017-02-23 00:00:00+05:30,259.16845703125
2017-02-27 00:00:00+05:30,271.4722595214844
2017-02-28 00:00:00+05:30,271.28594970703125
2017-03-01 00:00:00+05:30,270.50811767578125
2017-03-02 00:00:00+05:30,271.0010986328125
2017-03-03 00:00:00+05:30,275.7779541015625
2017-03-06 00:00:00+05:30,286.032958984375
2017-03-07 00:00:00+05:30,285.94537353515625
2017-03-08 00:00:00+05:30,282.932373046875
2017-03-09 00:00:00+05:30,281.957275390625
2017-03-10 00:00:00+05:30,280.8396911621094
2017-03-14 00:00:00+05:30,282.5598449707031
2017-03-15 00:00:00+05:30,285.94537353515625
2017-03-16 00:00:00+05:30,284.34576416015625
2017-03-17 00:00:00+05:30,285.0140686035156
2017-03-20 00:00:00+05:30,280.65350341796875
2017-03-21 00:00:00+05:30,276.9284362792969
2017-03-22 00:00:00+05:30,276.030029296875
2017-03-23 00:00:00+05:30,279.01007080078125
2017-03-24 00:00:00+05:30,281.957275390625
2017-03-27 00:00:00+05:30,274.1455383300781
2017-03-28 00:00:00+05:30,272.9732360839844
2017-03-29 00:00:00+05:30,275.3616943359375
2017-03-30 00:00:00+05:30,278.4294128417969
2017-03-31 00:00:00+05:30,289.44036865234375
2017-04-03 00:00:00+05:30,301.21826171875
2017-04-05 00:00:00+05:30,310.05987548828125
2017-04-06 00:00:00+05:30,315.2092590332031
2017-04-07 00:00:00+05:30,308.21923828125
2017-04-10 00:00:00+05:30,302.6863708496094
2017-04-11 00:00:00+05:30,300.7142333984375
2017-04-12 00:00:00+05:30,296.6933288574219
2017-04-13 00:00:00+05:30,299.0599060058594
2017-04-17 00:00:00+05:30,304.9871826171875
2017-04-18 00:00:00+05:30,300.2431640625
2017-04-19 00:00:00+05:30,299.93634033203125
2017-04-20 00:00:00+05:30,300.1007080078125
2017-04-21 00:00:00+05:30,307.3208312988281
2017-04-24 00:00:00+05:30,310.5857849121094
2017-04-25 00:00:00+05:30,313.96026611328125
2017-04-26 00:00:00+05:30,310.3776550292969
2017-04-27 00:00:00+05:30,308.854736328125
2017-04-28 00:00:00+05:30,305.7213134765625
2017-05-02 00:00:00+05:30,300.3198547363281
2017-05-03 00:00:00+05:30,300.2212219238281
2017-05-04 00:00:00+05:30,297.55889892578125
2017-05-05 00:00:00+05:30,291.05096435546875
2017-05-08 00:00:00+05:30,289.5499267578125
2017-05-09 00:00:00+05:30,291.5110778808594
2017-05-10 00:00:00+05:30,297.81085205078125
2017-05-11 00:00:00+05:30,297.90948486328125
2017-05-12 00:00:00+05:30,295.9154357910156
2017-05-15 00:00:00+05:30,294.5240173339844
2017-05-16 00:00:00+05:30,297.1973571777344
2017-05-17 00:00:00+05:30,296.49615478515625
2017-05-18 00:00:00+05:30,290.85369873046875
2017-05-19 00:00:00+05:30,288.9911193847656
2017-05-22 00:00:00+05:30,290.15252685546875
2017-05-23 00:00:00+05:30,286.0768127441406
2017-05-24 00:00:00+05:30,284.35662841796875
2017-05-25 00:00:00+05:30,285.39752197265625
2017-05-26 00:00:00+05:30,293.03399658203125
2017-05-29 00:00:00+05:30,297.328857421875
2017-05-30 00:00:00+05:30,297.8656311035156
2017-05-31 00:00:00+05:30,293.7790222167969
2017-06-01 00:00:00+05:30,291.05096435546875
2017-06-02 00:00:00+05:30,290.2839660644531
2017-06-05 00:00:00+05:30,291.2919616699219
2017-06-06 00:00:00+05:30,287.6654052734375
2017-06-07 00:00:00+05:30,293.4064636230469
2017-06-08 00:00:00+05:30,291.8069152832031
2017-06-09 00:00:00+05:30,292.683349609375
2017-06-12 00:00:00+05:30,289.12261962890625
2017-06-13 00:00:00+05:30,288.005126953125
2017-06-14 00:00:00+05:30,297.46026611328125
2017-06-15 00:00:00+05:30,303.2560729980469
2017-06-16 00:00:00+05:30,304.3188781738281
2017-06-19 00:00:00+05:30,308.7999267578125
2017-06-20 00:00:00+05:30,309.47918701171875
2017-06-21 00:00:00+05:30,311.5937194824219
2017-06-22 00:00:00+05:30,313.92742919921875
2017-06-23 00:00:00+05:30,314.6285400390625
2017-06-27 00:00:00+05:30,314.9134216308594
2017-06-28 00:00:00+05:30,306.4443664550781
2017-06-29 00:00:00+05:30,305.17340087890625
2017-06-30 00:00:00+05:30,302.3905334472656
2017-07-03 00:00:00+05:30,302.62060546875
2017-07-04 00:00:00+05:30,311.5827941894531
2017-07-05 00:00:00+05:30,316.11871337890625
2017-07-06 00:00:00+05:30,316.09674072265625
2017-07-07 00:00:00+05:30,326.7461242675781
2017-07-10 00:00:00+05:30,327.1186218261719
2017-07-11 00:00:00+05:30,327.44732666015625
2017-07-12 00:00:00+05:30,331.1177062988281
2017-07-13 00:00:00+05:30,336.17938232421875
2017-07-14 00:00:00+05:30,338.7524719238281
2017-07-17 00:00:00+05:30,342.72808837890625
2017-07-18 00:00:00+05:30,335.6934814453125
2017-07-19 00:00:00+05:30,338.5758056640625
2017-07-20 00:00:00+05:30,337.68133544921875
2017-07-21 00:00:00+05:30,350.0718688964844
2017-07-24 00:00:00+05:30,356.7530212402344
2017-07-25 00:00:00+05:30,353.8597106933594
2017-07-26 00:00:00+05:30,358.4095153808594
2017-07-27 00:00:00+05:30,352.236328125
2017-07-28 00:00:00+05:30,352.15899658203125
2017-07-31 00:00:00+05:30,356.741943359375
2017-08-01 00:00:00+05:30,354.179931640625
2017-08-02 00:00:00+05:30,359.8341064453125
2017-08-03 00:00:00+05:30,364.4501953125
2017-08-04 00:00:00+05:30,358.2770690917969
2017-08-07 00:00:00+05:30,356.9959716796875
2017-08-08 00:00:00+05:30,353.94805908203125
2017-08-09 00:00:00+05:30,353.1197814941406
2017-08-10 00:00:00+05:30,349.9283447265625
2017-08-11 00:00:00+05:30,341.5133056640625
2017-08-14 00:00:00+05:30,347.4324951171875
2017-08-16 00:00:00+05:30,345.8974609375
2017-08-17 00:00:00+05:30,346.11834716796875
2017-08-18 00:00:00+05:30,347.9515380859375
2017-08-21 00:00:00+05:30,345.5220642089844
2017-08-22 00:00:00+05:30,344.56121826171875
2017-08-23 00:00:00+05:30,349.4203186035156
2017-08-24 00:00:00+05:30,346.3281555175781
2017-08-28 00:00:00+05:30,345.996826171875
2017-08-29 00:00:00+05:30,338.39910888671875
2017-08-30 00:00:00+05:30,345.45574951171875
2017-08-31 00:00:00+05:30,352.1700744628906
2017-09-01 00:00:00+05:30,355.61553955078125
2017-09-04 00:00:00+05:30,356.3333740234375
2017-09-05 00:00:00+05:30,360.58502197265625
2017-09-06 00:00:00+05:30,363.412109375
2017-09-07 00:00:00+05:30,361.3801574707031
2017-09-08 00:00:00+05:30,360.8500671386719
2017-09-11 00:00:00+05:30,361.29180908203125
2017-09-12 00:00:00+05:30,363.8759460449219
2017-09-13 00:00:00+05:30,375.0296325683594
2017-09-14 00:00:00+05:30,372.75469970703125
2017-09-15 00:00:00+05:30,371.8492126464844
2017-09-18 00:00:00+05:30,373.5056457519531
2017-09-19 00:00:00+05:30,370.43560791015625
2017-09-20 00:00:00+05:30,374.2124938964844
2017-09-21 00:00:00+05:30,371.650390625
2017-09-22 00:00:00+05:30,361.0709228515625
2017-09-25 00:00:00+05:30,362.9041442871094
2017-09-26 00:00:00+05:30,362.26361083984375
2017-09-27 00:00:00+05:30,353.0093688964844
2017-09-28 00:00:00+05:30,347.39935302734375
2017-09-29 00:00:00+05:30,344.9477844238281
2017-10-03 00:00:00+05:30,352.6559753417969
2017-10-04 00:00:00+05:30,361.71148681640625
2017-10-05 00:00:00+05:30,364.0526428222656
2017-10-06 00:00:00+05:30,369.7509765625
2017-10-09 00:00:00+05:30,366.9238586425781
2017-10-10 00:00:00+05:30,372.46759033203125
2017-10-11 00:00:00+05:30,371.1203308105469
2017-10-12 00:00:00+05:30,385.5207824707031
2017-10-13 00:00:00+05:30,387.1551513671875
2017-10-16 00:00:00+05:30,387.309814453125
2017-10-17 00:00:00+05:30,386.22747802734375
2017-10-18 00:00:00+05:30,403.9630432128906
2017-10-19 00:00:00+05:30,401.9310607910156
2017-10-23 00:00:00+05:30,415.1167297363281
2017-10-24 00:00:00+05:30,412.6872253417969
2017-10-25 00:00:00+05:30,415.1830139160156
2017-10-26 00:00:00+05:30,418.4960021972656
2017-10-27 00:00:00+05:30,410.7435607910156
2017-10-30 00:00:00+05:30,416.3315124511719
2017-10-31 00:00:00+05:30,415.6026306152344
2017-11-01 00:00:00+05:30,420.7709045410156
2017-11-02 00:00:00+05:30,418.1426086425781
2017-11-03 00:00:00+05:30,417.568359375
2017-11-06 00:00:00+05:30,411.9141540527344
2017-11-07 00:00:00+05:30,400.5175476074219
2017-11-08 00:00:00+05:30,392.1687927246094
2017-11-09 00:00:00+05:30,397.7787780761719
2017-11-10 00:00:00+05:30,390.4239807128906
2017-11-13 00:00:00+05:30,386.62506103515625
2017-11-14 00:00:00+05:30,391.6828918457031
2017-11-15 00:00:00+05:30,390.35772705078125
2017-11-16 00:00:00+05:30,399.2585754394531
2017-11-17 00:00:00+05:30,402.81451416015625
2017-11-20 00:00:00+05:30,406.7679748535156
2017-11-21 00:00:00+05:30,411.9362487792969
2017-11-22 00:00:00+05:30,411.1411437988281
2017-11-23 00:00:00+05:30,418.31927490234375
2017-11-24 00:00:00+05:30,420.1304016113281
2017-11-27 00:00:00+05:30,420.24078369140625
2017-11-28 00:00:00+05:30,416.70697021484375
2017-11-29 00:00:00+05:30,417.8775634765625
2017-11-30 00:00:00+05:30,407.0772399902344
2017-12-01 00:00:00+05:30,402.0194396972656
2017-12-04 00:00:00+05:30,398.2646484375
2017-12-05 00:00:00+05:30,403.6096496582031
2017-12-06 00:00:00+05:30,409.330078125
2017-12-07 00:00:00+05:30,411.4945068359375
2017-12-08 00:00:00+05:30,406.8342590332031
2017-12-11 00:00:00+05:30,404.69189453125
2017-12-12 00:00:00+05:30,404.4489440917969
2017-12-13 00:00:00+05:30,404.029296875
2017-12-14 00:00:00+05:30,407.05517578125
2017-12-15 00:00:00+05:30,406.2821044921875
2017-12-18 00:00:00+05:30,406.8342590332031
2017-12-19 00:00:00+05:30,409.0208740234375
2017-12-20 00:00:00+05:30,405.57537841796875
2017-12-21 00:00:00+05:30,403.2783203125
2017-12-22 00:00:00+05:30,406.5692443847656
2017-12-26 00:00:00+05:30,410.7214660644531
2017-12-27 00:00:00+05:30,408.0490417480469
2017-12-28 00:00:00+05:30,408.2478332519531
2017-12-29 00:00:00+05:30,406.8563537597656
2018-01-01 00:00:00+05:30,401.8647766113281
2018-01-02 00:00:00+05:30,402.4832458496094
2018-01-03 00:00:00+05:30,404.0955505371094
2018-01-04 00:00:00+05:30,406.52508544921875
2018-01-05 00:00:00+05:30,407.828125
2018-01-08 00:00:00+05:30,410.16937255859375
2018-01-09 00:00:00+05:30,415.6468811035156
2018-01-10 00:00:00+05:30,416.2652587890625
2018-01-11 00:00:00+05:30,414.2332763671875
2018-01-12 00:00:00+05:30,419.2027282714844
2018-01-15 00:00:00+05:30,419.2690124511719
2018-01-16 00:00:00+05:30,407.6956787109375
2018-01-17 00:00:00+05:30,408.3802795410156
2018-01-18 00:00:00+05:30,406.260009765625
2018-01-19 00:00:00+05:30,411.3840637207031
2018-01-22 00:00:00+05:30,429.1416931152344
2018-01-23 00:00:00+05:30,434.3320617675781
2018-01-24 00:00:00+05:30,426.86676025390625
2018-01-25 00:00:00+05:30,426.66802978515625
2018-01-29 00:00:00+05:30,426.049560546875
2018-01-30 00:00:00+05:30,419.8211975097656
2018-01-31 00:00:00+05:30,424.63604736328125
2018-02-01 00:00:00+05:30,416.9278564453125
2018-02-02 00:00:00+05:30,399.47943115234375
2018-02-05 00:00:00+05:30,398.50762939453125
2018-02-06 00:00:00+05:30,394.0682373046875
2018-02-07 00:00:00+05:30,395.0841979980469
2018-02-08 00:00:00+05:30,399.56781005859375
2018-02-09 00:00:00+05:30,396.60821533203125
2018-02-12 00:00:00+05:30,404.4047546386719
2018-02-14 00:00:00+05:30,412.42218017578125
2018-02-15 00:00:00+05:30,413.3056640625
2018-02-16 00:00:00+05:30,406.9668273925781
2018-02-19 00:00:00+05:30,409.4846496582031
2018-02-20 00:00:00+05:30,406.87841796875
2018-02-21 00:00:00+05:30,410.5227355957031
2018-02-22 00:00:00+05:30,408.3140563964844
2018-02-23 00:00:00+05:30,412.6872253417969
2018-02-26 00:00:00+05:30,414.6529541015625
2018-02-27 00:00:00+05:30,419.8653564453125
2018-02-28 00:00:00+05:30,421.65435791015625
2018-03-01 00:00:00+05:30,418.937744140625
2018-03-05 00:00:00+05:30,408.20361328125
2018-03-06 00:00:00+05:30,402.3506774902344
2018-03-07 00:00:00+05:30,393.0301513671875
2018-03-08 00:00:00+05:30,402.6157531738281
2018-03-09 00:00:00+05:30,403.3446044921875
2018-03-12 00:00:00+05:30,410.94232177734375
2018-03-13 00:00:00+05:30,411.6270446777344
2018-03-14 00:00:00+05:30,410.39019775390625
2018-03-15 00:00:00+05:30,402.7703552246094
2018-03-16 00:00:00+05:30,397.5799865722656
2018-03-19 00:00:00+05:30,395.5701599121094
2018-03-20 00:00:00+05:30,393.0522766113281
2018-03-21 00:00:00+05:30,396.1885070800781
2018-03-22 00:00:00+05:30,401.1580505371094
2018-03-23 00:00:00+05:30,394.8634033203125
2018-03-26 00:00:00+05:30,398.0438232421875
2018-03-27 00:00:00+05:30,397.4695739746094
2018-03-28 00:00:00+05:30,389.91595458984375
2018-04-02 00:00:00+05:30,394.4437561035156
2018-04-03 00:00:00+05:30,397.359130859375
2018-04-04 00:00:00+05:30,395.3050537109375
2018-04-05 00:00:00+05:30,401.18011474609375
2018-04-06 00:00:00+05:30,402.4169921875
2018-04-09 00:00:00+05:30,404.6255798339844
2018-04-10 00:00:00+05:30,405.08941650390625
2018-04-11 00:00:00+05:30,411.185302734375
2018-04-12 00:00:00+05:30,410.235595703125
2018-04-13 00:00:00+05:30,414.7191467285156
2018-04-16 00:00:00+05:30,413.9240417480469
2018-04-17 00:00:00+05:30,417.1044921875
2018-04-18 00:00:00+05:30,414.34368896484375
2018-04-19 00:00:00+05:30,416.2431640625
2018-04-20 00:00:00+05:30,409.8822021484375
2018-04-23 00:00:00+05:30,413.4602355957031
2018-04-24 00:00:00+05:30,428.50115966796875
2018-04-25 00:00:00+05:30,428.699951171875
2018-04-26 00:00:00+05:30,430.8423767089844
2018-04-27 00:00:00+05:30,440.09661865234375
2018-04-30 00:00:00+05:30,425.5195007324219
2018-05-02 00:00:00+05:30,429.6717224121094
2018-05-03 00:00:00+05:30,424.7685852050781
2018-05-04 00:00:00+05:30,421.3893127441406
2018-05-07 00:00:00+05:30,428.92083740234375
2018-05-08 00:00:00+05:30,427.1980895996094
2018-05-09 00:00:00+05:30,431.4386901855469
2018-05-10 00:00:00+05:30,433.4044494628906
2018-05-11 00:00:00+05:30,436.982421875
2018-05-14 00:00:00+05:30,435.81182861328125
2018-05-15 00:00:00+05:30,432.43255615234375
2018-05-16 00:00:00+05:30,422.3611145019531
2018-05-17 00:00:00+05:30,417.5904235839844
2018-05-18 00:00:00+05:30,412.510498046875
2018-05-21 00:00:00+05:30,411.40618896484375
2018-05-22 00:00:00+05:30,409.37420654296875
2018-05-23 00:00:00+05:30,402.9691467285156
2018-05-24 00:00:00+05:30,404.5593566894531
2018-05-25 00:00:00+05:30,406.74591064453125
2018-05-28 00:00:00+05:30,406.5692443847656
2018-05-29 00:00:00+05:30,405.2661437988281
2018-05-30 00:00:00+05:30,404.66973876953125
2018-05-31 00:00:00+05:30,406.9888916015625
2018-06-01 00:00:00+05:30,411.0528564453125
2018-06-04 00:00:00+05:30,415.6026306152344
2018-06-05 00:00:00+05:30,418.6064453125
2018-06-06 00:00:00+05:30,421.58807373046875
2018-06-07 00:00:00+05:30,429.07537841796875
2018-06-08 00:00:00+05:30,434.8179626464844
2018-06-11 00:00:00+05:30,434.0670166015625
2018-06-12 00:00:00+05:30,440.47210693359375
2018-06-13 00:00:00+05:30,442.8353576660156
2018-06-14 00:00:00+05:30,445.2428283691406
2018-06-15 00:00:00+05:30,448.00360107421875
2018-06-18 00:00:00+05:30,448.5999450683594
2018-06-19 00:00:00+05:30,439.9862060546875
2018-06-20 00:00:00+05:30,450.23431396484375
2018-06-21 00:00:00+05:30,455.84429931640625
2018-06-22 00:00:00+05:30,447.252685546875
2018-06-25 00:00:00+05:30,443.69671630859375
2018-06-26 00:00:00+05:30,432.43255615234375
2018-06-27 00:00:00+05:30,429.4979248046875
2018-06-28 00:00:00+05:30,420.20404052734375
2018-06-29 00:00:00+05:30,432.4327697753906
2018-07-02 00:00:00+05:30,427.163330078125
2018-07-03 00:00:00+05:30,431.9214172363281
2018-07-04 00:00:00+05:30,440.281494140625
2018-07-05 00:00:00+05:30,428.89764404296875
2018-07-06 00:00:00+05:30,434.70074462890625
2018-07-09 00:00:00+05:30,443.39434814453125
2018-07-10 00:00:00+05:30,456.11224365234375
2018-07-11 00:00:00+05:30,461.9376220703125
2018-07-12 00:00:00+05:30,481.3035888671875
2018-07-13 00:00:00+05:30,489.06329345703125
2018-07-16 00:00:00+05:30,478.5687561035156
2018-07-17 00:00:00+05:30,485.75042724609375
2018-07-18 00:00:00+05:30,485.8393249511719
2018-07-19 00:00:00+05:30,491.3089904785156
2018-07-20 00:00:00+05:30,501.8924560546875
2018-07-23 00:00:00+05:30,498.1793212890625
2018-07-24 00:00:00+05:30,494.02154541015625
2018-07-25 00:00:00+05:30,495.8892517089844
2018-07-26 00:00:00+05:30,493.88812255859375
2018-07-27 00:00:00+05:30,502.42608642578125
2018-07-30 00:00:00+05:30,512.0090942382812
2018-07-31 00:00:00+05:30,527.39501953125
2018-08-01 00:00:00+05:30,530.21875
2018-08-02 00:00:00+05:30,519.5464477539062
2018-08-03 00:00:00+05:30,523.3707275390625
2018-08-06 00:00:00+05:30,530.3300170898438
2018-08-07 00:00:00+05:30,526.5946655273438
2018-08-08 00:00:00+05:30,541.4915161132812
2018-08-09 00:00:00+05:30,541.6027221679688
2018-08-10 00:00:00+05:30,535.48828125
2018-08-13 00:00:00+05:30,528.1510620117188
2018-08-14 00:00:00+05:30,538.3343505859375
2018-08-16 00:00:00+05:30,533.9762573242188
2018-08-17 00:00:00+05:30,535.2882080078125
2018-08-20 00:00:00+05:30,549.1400146484375
2018-08-21 00:00:00+05:30,554.6097412109375
2018-08-23 00:00:00+05:30,564.5039672851562
2018-08-24 00:00:00+05:30,568.0836791992188
2018-08-27 00:00:00+05:30,574.3092041015625
2018-08-28 00:00:00+05:30,586.5380859375
2018-08-29 00:00:00+05:30,575.5098876953125
2018-08-30 00:00:00+05:30,566.7273559570312
2018-08-31 00:00:00+05:30,552.1417236328125
2018-09-03 00:00:00+05:30,546.5831909179688
2018-09-04 00:00:00+05:30,552.2750244140625
2018-09-05 00:00:00+05:30,545.6270751953125
2018-09-06 00:00:00+05:30,560.9241943359375
2018-09-07 00:00:00+05:30,568.5728149414062
2018-09-10 00:00:00+05:30,558.4562377929688
2018-09-11 00:00:00+05:30,550.3850708007812
2018-09-12 00:00:00+05:30,556.9666137695312
2018-09-14 00:00:00+05:30,557.2554931640625
2018-09-17 00:00:00+05:30,545.1380004882812
2018-09-18 00:00:00+05:30,541.2470092773438
2018-09-19 00:00:00+05:30,538.4010009765625
2018-09-21 00:00:00+05:30,541.402587890625
2018-09-24 00:00:00+05:30,547.8727416992188
2018-09-25 00:00:00+05:30,547.2279663085938
2018-09-26 00:00:00+05:30,556.477294921875
2018-09-27 00:00:00+05:30,557.5223999023438
2018-09-28 00:00:00+05:30,559.3900756835938
2018-10-01 00:00:00+05:30,547.7171020507812
2018-10-03 00:00:00+05:30,535.8884887695312
2018-10-04 00:00:00+05:30,499.0464782714844
2018-10-05 00:00:00+05:30,466.40667724609375
2018-10-08 00:00:00+05:30,493.332275390625
2018-10-09 00:00:00+05:30,484.7276306152344
2018-10-10 00:00:00+05:30,490.0860595703125
2018-10-11 00:00:00+05:30,483.72711181640625
2018-10-12 00:00:00+05:30,500.9586486816406
2018-10-15 00:00:00+05:30,506.8284606933594
2018-10-16 00:00:00+05:30,517.5231323242188
2018-10-17 00:00:00+05:30,511.96453857421875
2018-10-19 00:00:00+05:30,489.7303161621094
2018-10-22 00:00:00+05:30,472.5433044433594
2018-10-23 00:00:00+05:30,469.008056640625
2018-10-24 00:00:00+05:30,465.0281677246094
2018-10-25 00:00:00+05:30,458.380126953125
2018-10-26 00:00:00+05:30,464.650146484375
2018-10-29 00:00:00+05:30,483.72711181640625
2018-10-30 00:00:00+05:30,470.0309143066406
2018-10-31 00:00:00+05:30,471.9207458496094
2018-11-01 00:00:00+05:30,469.69732666015625
2018-11-02 00:00:00+05:30,477.99066162109375
2018-11-05 00:00:00+05:30,484.8388366699219
2018-11-06 00:00:00+05:30,490.9754333496094
2018-11-07 00:00:00+05:30,493.9103088378906
2018-11-09 00:00:00+05:30,486.23956298828125
2018-11-12 00:00:00+05:30,480.2585754394531
2018-11-13 00:00:00+05:30,488.9076843261719
2018-11-14 00:00:00+05:30,488.24066162109375
2018-11-15 00:00:00+05:30,487.75152587890625
2018-11-16 00:00:00+05:30,501.3365783691406
2018-11-19 00:00:00+05:30,511.3865661621094
2018-11-20 00:00:00+05:30,505.7834167480469
2018-11-21 00:00:00+05:30,494.8886413574219
2018-11-22 00:00:00+05:30,490.41961669921875
2018-11-26 00:00:00+05:30,493.4878845214844
2018-11-27 00:00:00+05:30,501.69232177734375
2018-11-28 00:00:00+05:30,512.5648803710938
2018-11-29 00:00:00+05:30,519.6130981445312
2018-11-30 00:00:00+05:30,519.190673828125
2018-12-03 00:00:00+05:30,514.254638671875
2018-12-04 00:00:00+05:30,512.4091796875
2018-12-05 00:00:00+05:30,513.6765747070312
2018-12-06 00:00:00+05:30,499.6690673828125
2018-12-07 00:00:00+05:30,504.1826171875
2018-12-10 00:00:00+05:30,484.81658935546875
2018-12-11 00:00:00+05:30,488.0627746582031
2018-12-12 00:00:00+05:30,493.8214111328125
2018-12-13 00:00:00+05:30,492.28729248046875
2018-12-14 00:00:00+05:30,494.577392578125
2018-12-17 00:00:00+05:30,502.4482421875
2018-12-18 00:00:00+05:30,505.3387756347656
2018-12-19 00:00:00+05:30,505.5166320800781
2018-12-20 00:00:00+05:30,501.8035583496094
2018-12-21 00:00:00+05:30,489.2411804199219
2018-12-24 00:00:00+05:30,484.3274230957031
2018-12-26 00:00:00+05:30,488.41851806640625
2018-12-27 00:00:00+05:30,498.13482666015625
2018-12-28 00:00:00+05:30,500.513916015625
2018-12-31 00:00:00+05:30,498.60174560546875
2019-01-01 00:00:00+05:30,498.4905700683594
2019-01-02 00:00:00+05:30,491.99822998046875
2019-01-03 00:00:00+05:30,485.9283142089844
2019-01-04 00:00:00+05:30,488.55194091796875
2019-01-07 00:00:00+05:30,491.2645263671875
2019-01-08 00:00:00+05:30,491.219970703125
2019-01-09 00:00:00+05:30,493.9325866699219
2019-01-10 00:00:00+05:30,492.4873962402344
2019-01-11 00:00:00+05:30,488.28509521484375
2019-01-14 00:00:00+05:30,487.7292785644531
2019-01-15 00:00:00+05:30,502.3371887207031
2019-01-16 00:00:00+05:30,505.11639404296875
2019-01-17 00:00:00+05:30,504.4715881347656
2019-01-18 00:00:00+05:30,526.6612548828125
2019-01-21 00:00:00+05:30,550.3850708007812
2019-01-22 00:00:00+05:30,549.251220703125
2019-01-23 00:00:00+05:30,545.3157958984375
2019-01-24 00:00:00+05:30,554.7208862304688
2019-01-25 00:00:00+05:30,554.0761108398438
2019-01-28 00:00:00+05:30,546.7611083984375
2019-01-29 00:00:00+05:30,538.3565063476562
2019-01-30 00:00:00+05:30,531.7084350585938
2019-01-31 00:00:00+05:30,545.6937255859375
2019-02-01 00:00:00+05:30,555.83251953125
2019-02-04 00:00:00+05:30,574.0424194335938
2019-02-05 00:00:00+05:30,574.3314208984375
2019-02-06 00:00:00+05:30,582.6469116210938
2019-02-07 00:00:00+05:30,573.820068359375
2019-02-08 00:00:00+05:30,568.172607421875
2019-02-11 00:00:00+05:30,557.300048828125
2019-02-12 00:00:00+05:30,558.7008056640625
2019-02-14 00:00:00+05:30,544.3820190429688
2019-02-15 00:00:00+05:30,553.3867797851562
2019-02-18 00:00:00+05:30,542.558837890625
2019-02-19 00:00:00+05:30,540.780029296875
2019-02-20 00:00:00+05:30,548.8955688476562
2019-02-21 00:00:00+05:30,554.4763793945312
2019-02-22 00:00:00+05:30,548.0062255859375
2019-02-25 00:00:00+05:30,547.9839477539062
2019-02-26 00:00:00+05:30,542.62548828125
2019-02-27 00:00:00+05:30,544.0706787109375
2019-02-28 00:00:00+05:30,547.4281005859375
2019-03-01 00:00:00+05:30,545.2046508789062
2019-03-05 00:00:00+05:30,550.3630981445312
2019-03-06 00:00:00+05:30,562.4361572265625
2019-03-07 00:00:00+05:30,564.8596801757812
2019-03-08 00:00:00+05:30,563.458984375
2019-03-11 00:00:00+05:30,579.9122314453125
2019-03-12 00:00:00+05:30,592.0298461914062
2019-03-13 00:00:00+05:30,599.12255859375
2019-03-14 00:00:00+05:30,596.5655517578125
2019-03-15 00:00:00+05:30,587.7164916992188
2019-03-18 00:00:00+05:30,600.345458984375
2019-03-19 00:00:00+05:30,612.129638671875
2019-03-20 00:00:00+05:30,611.640380859375
2019-03-22 00:00:00+05:30,596.6546020507812
2019-03-25 00:00:00+05:30,588.9615478515625
2019-03-26 00:00:00+05:30,607.9940185546875
2019-03-27 00:00:00+05:30,599.9896850585938
2019-03-28 00:00:00+05:30,604.77001953125
2019-04-01 00:00:00+05:30,618.9332275390625
2019-04-02 00:00:00+05:30,617.9771118164062
2019-04-03 00:00:00+05:30,611.529296875
2019-04-04 00:00:00+05:30,601.6795043945312
2019-04-05 00:00:00+05:30,602.0574340820312
2019-04-08 00:00:00+05:30,591.095947265625
2019-04-09 00:00:00+05:30,593.408447265625
2019-04-10 00:00:00+05:30,592.0520629882812
2019-04-11 00:00:00+05:30,598.9002685546875
2019-04-12 00:00:00+05:30,597.2548217773438
2019-04-15 00:00:00+05:30,595.943115234375
2019-04-16 00:00:00+05:30,597.5439453125
2019-04-18 00:00:00+05:30,616.3096923828125
2019-04-22 00:00:00+05:30,598.2554321289062
2019-04-23 00:00:00+05:30,606.4820556640625
2019-04-24 00:00:00+05:30,617.88818359375
2019-04-25 00:00:00+05:30,610.2842407226562
2019-04-26 00:00:00+05:30,619.355712890625
2019-04-30 00:00:00+05:30,619.355712890625
2019-05-02 00:00:00+05:30,624.8031005859375
2019-05-03 00:00:00+05:30,626.4927978515625
2019-05-06 00:00:00+05:30,615.8427124023438
2019-05-07 00:00:00+05:30,597.4328002929688
2019-05-08 00:00:00+05:30,577.8444213867188
2019-05-09 00:00:00+05:30,558.7230834960938
2019-05-10 00:00:00+05:30,556.3662109375
2019-05-13 00:00:00+05:30,547.8727416992188
2019-05-14 00:00:00+05:30,560.5017700195312
2019-05-15 00:00:00+05:30,558.923095703125
2019-05-16 00:00:00+05:30,562.6807861328125
2019-05-17 00:00:00+05:30,563.5923461914062
2019-05-20 00:00:00+05:30,589.6062622070312
2019-05-21 00:00:00+05:30,595.7872924804688
2019-05-22 00:00:00+05:30,596.0542602539062
2019-05-23 00:00:00+05:30,593.163818359375
2019-05-24 00:00:00+05:30,594.4757080078125
2019-05-27 00:00:00+05:30,582.824951171875
2019-05-28 00:00:00+05:30,588.6502075195312
2019-05-29 00:00:00+05:30,583.8921508789062
2019-05-30 00:00:00+05:30,591.318359375
2019-05-31 00:00:00+05:30,591.4962158203125
2019-06-03 00:00:00+05:30,604.8590087890625
2019-06-04 00:00:00+05:30,601.0569458007812
2019-06-06 00:00:00+05:30,590.2511596679688
2019-06-07 00:00:00+05:30,584.71484375
2019-06-10 00:00:00+05:30,586.6047973632812
2019-06-11 00:00:00+05:30,591.0515747070312
2019-06-12 00:00:00+05:30,592.3856201171875
2019-06-13 00:00:00+05:30,590.2066040039062
2019-06-14 00:00:00+05:30,585.8931884765625
2019-06-17 00:00:00+05:30,570.2180786132812
2019-06-18 00:00:00+05:30,569.6400756835938
2019-06-19 00:00:00+05:30,568.0169677734375
2019-06-20 00:00:00+05:30,576.6437377929688
2019-06-21 00:00:00+05:30,568.972900390625
2019-06-24 00:00:00+05:30,561.3689575195312
2019-06-25 00:00:00+05:30,576.2435302734375
2019-06-26 00:00:00+05:30,575.4876098632812
2019-06-27 00:00:00+05:30,566.5939331054688
2019-06-28 00:00:00+05:30,557.2333984375
2019-07-01 00:00:00+05:30,564.2371215820312
2019-07-02 00:00:00+05:30,568.5282592773438
2019-07-03 00:00:00+05:30,570.3292846679688
2019-07-04 00:00:00+05:30,570.97412109375
2019-07-05 00:00:00+05:30,561.7913208007812
2019-07-08 00:00:00+05:30,556.7664794921875
2019-07-09 00:00:00+05:30,569.2398071289062
2019-07-10 00:00:00+05:30,568.6839599609375
2019-07-11 00:00:00+05:30,569.8845825195312
2019-07-12 00:00:00+05:30,569.417724609375
2019-07-15 00:00:00+05:30,567.4610595703125
2019-07-16 00:00:00+05:30,574.976318359375
2019-07-17 00:00:00+05:30,570.0179443359375
2019-07-18 00:00:00+05:30,561.1243286132812
2019-07-19 00:00:00+05:30,555.4100952148438
2019-07-22 00:00:00+05:30,569.417724609375
2019-07-23 00:00:00+05:30,566.3272094726562
2019-07-24 00:00:00+05:30,559.9014892578125
2019-07-25 00:00:00+05:30,547.628173828125
2019-07-26 00:00:00+05:30,539.7572631835938
2019-07-29 00:00:00+05:30,538.4899291992188
2019-07-30 00:00:00+05:30,525.1271362304688
2019-07-31 00:00:00+05:30,518.612548828125
2019-08-01 00:00:00+05:30,524.8381958007812
2019-08-02 00:00:00+05:30,529.8225708007812
2019-08-05 00:00:00+05:30,511.48114013671875
2019-08-06 00:00:00+05:30,504.7485046386719
2019-08-07 00:00:00+05:30,496.2935485839844
2019-08-08 00:00:00+05:30,515.5073852539062
2019-08-09 00:00:00+05:30,519.8689575195312
2019-08-13 00:00:00+05:30,570.2633056640625
2019-08-14 00:00:00+05:30,576.3026733398438
2019-08-16 00:00:00+05:30,571.71728515625
2019-08-19 00:00:00+05:30,578.2487182617188
2019-08-20 00:00:00+05:30,570.8001708984375
2019-08-21 00:00:00+05:30,568.5634155273438
2019-08-22 00:00:00+05:30,557.7374877929688
2019-08-23 00:00:00+05:30,570.7554321289062
2019-08-26 00:00:00+05:30,566.7069091796875
2019-08-27 00:00:00+05:30,570.30810546875
2019-08-28 00:00:00+05:30,565.1411743164062
2019-08-29 00:00:00+05:30,555.5006713867188
2019-08-30 00:00:00+05:30,558.5426635742188
2019-09-03 00:00:00+05:30,539.6867065429688
2019-09-04 00:00:00+05:30,537.3381958007812
2019-09-05 00:00:00+05:30,536.1974487304688
2019-09-06 00:00:00+05:30,546.88916015625
2019-09-09 00:00:00+05:30,546.7549438476562
2019-09-11 00:00:00+05:30,552.2127075195312
2019-09-12 00:00:00+05:30,541.4537963867188
2019-09-13 00:00:00+05:30,548.2759399414062
2019-09-16 00:00:00+05:30,541.6327514648438
2019-09-17 00:00:00+05:30,535.6829833984375
2019-09-18 00:00:00+05:30,539.3737182617188
2019-09-19 00:00:00+05:30,527.4515991210938
2019-09-20 00:00:00+05:30,561.1373291015625
2019-09-23 00:00:00+05:30,554.3599853515625
2019-09-24 00:00:00+05:30,572.0303344726562
2019-09-25 00:00:00+05:30,572.4107055664062
2019-09-26 00:00:00+05:30,580.12744140625
2019-09-27 00:00:00+05:30,585.6075439453125
2019-09-30 00:00:00+05:30,595.9861450195312
2019-10-01 00:00:00+05:30,583.7510375976562
2019-10-03 00:00:00+05:30,586.5022583007812
2019-10-04 00:00:00+05:30,585.1825561523438
2019-10-07 00:00:00+05:30,586.0772705078125
2019-10-09 00:00:00+05:30,592.6310424804688
2019-10-10 00:00:00+05:30,609.63037109375
2019-10-11 00:00:00+05:30,605.08984375
2019-10-14 00:00:00+05:30,607.5054321289062
2019-10-15 00:00:00+05:30,610.2567138671875
2019-10-16 00:00:00+05:30,613.925048828125
2019-10-17 00:00:00+05:30,624.7285766601562
2019-10-18 00:00:00+05:30,633.6085205078125
2019-10-22 00:00:00+05:30,632.6243896484375
2019-10-23 00:00:00+05:30,622.8944091796875
2019-10-24 00:00:00+05:30,642.600341796875
2019-10-25 00:00:00+05:30,640.2517700195312
2019-10-27 00:00:00+05:30,641.6161499023438
2019-10-29 00:00:00+05:30,656.2893676757812
2019-10-30 00:00:00+05:30,661.6799926757812
2019-10-31 00:00:00+05:30,655.0814819335938
2019-11-01 00:00:00+05:30,651.7487182617188
2019-11-04 00:00:00+05:30,652.0843505859375
2019-11-05 00:00:00+05:30,647.4541625976562
2019-11-06 00:00:00+05:30,641.9069213867188
2019-11-07 00:00:00+05:30,652.5093383789062
2019-11-08 00:00:00+05:30,646.64892578125
2019-11-11 00:00:00+05:30,638.730712890625
2019-11-13 00:00:00+05:30,658.637939453125
2019-11-14 00:00:00+05:30,654.3658447265625
2019-11-15 00:00:00+05:30,657.9893188476562
2019-11-18 00:00:00+05:30,652.7777099609375
2019-11-19 00:00:00+05:30,675.3912963867188
2019-11-20 00:00:00+05:30,692.3460693359375
2019-11-21 00:00:00+05:30,687.85009765625
2019-11-22 00:00:00+05:30,691.83154296875
2019-11-25 00:00:00+05:30,698.5642700195312
2019-11-26 00:00:00+05:30,697.9827270507812
2019-11-27 00:00:00+05:30,702.2772827148438
2019-11-28 00:00:00+05:30,706.9522094726562
2019-11-29 00:00:00+05:30,693.9117431640625
2019-12-02 00:00:00+05:30,709.7256469726562
2019-12-03 00:00:00+05:30,706.3258056640625
2019-12-04 00:00:00+05:30,694.6051635742188
2019-12-05 00:00:00+05:30,693.7775268554688
2019-12-06 00:00:00+05:30,695.5892944335938
2019-12-09 00:00:00+05:30,703.5074462890625
2019-12-10 00:00:00+05:30,698.7431640625
2019-12-11 00:00:00+05:30,698.9445190429688
2019-12-12 00:00:00+05:30,701.5390625
2019-12-13 00:00:00+05:30,708.1151733398438
2019-12-16 00:00:00+05:30,700.8233642578125
2019-12-17 00:00:00+05:30,699.0787353515625
2019-12-18 00:00:00+05:30,704.9613647460938
2019-12-19 00:00:00+05:30,720.216064453125
2019-12-20 00:00:00+05:30,715.3623657226562
2019-12-23 00:00:00+05:30,702.970703125
2019-12-24 00:00:00+05:30,691.8092041015625
2019-12-26 00:00:00+05:30,677.9188842773438
2019-12-27 00:00:00+05:30,689.9751586914062
2019-12-30 00:00:00+05:30,690.8026733398438
2019-12-31 00:00:00+05:30,677.3150024414062
2020-01-01 00:00:00+05:30,675.32421875
2020-01-02 00:00:00+05:30,686.8212280273438
2020-01-03 00:00:00+05:30,687.6488647460938
2020-01-06 00:00:00+05:30,671.70068359375
2020-01-07 00:00:00+05:30,682.0346069335938
2020-01-08 00:00:00+05:30,676.912353515625
2020-01-09 00:00:00+05:30,692.5026245117188
2020-01-10 00:00:00+05:30,692.3460693359375
2020-01-13 00:00:00+05:30,690.5789794921875
2020-01-14 00:00:00+05:30,684.1818237304688
2020-01-15 00:00:00+05:30,681.6990356445312
2020-01-16 00:00:00+05:30,687.9843139648438
2020-01-17 00:00:00+05:30,707.2653198242188
2020-01-20 00:00:00+05:30,685.5015258789062
2020-01-21 00:00:00+05:30,686.1949462890625
2020-01-22 00:00:00+05:30,685.9488525390625
2020-01-23 00:00:00+05:30,683.0411376953125
2020-01-24 00:00:00+05:30,680.6701049804688
2020-01-27 00:00:00+05:30,673.9597778320312
2020-01-28 00:00:00+05:30,658.391845703125
2020-01-29 00:00:00+05:30,662.0155639648438
2020-01-30 00:00:00+05:30,645.8660278320312
2020-01-31 00:00:00+05:30,631.5060424804688
2020-02-03 00:00:00+05:30,619.8076782226562
2020-02-04 00:00:00+05:30,638.1044311523438
2020-02-05 00:00:00+05:30,647.9909057617188
2020-02-06 00:00:00+05:30,652.1513061523438
2020-02-07 00:00:00+05:30,641.3477783203125
2020-02-10 00:00:00+05:30,642.22021484375
2020-02-11 00:00:00+05:30,649.8922119140625
2020-02-12 00:00:00+05:30,657.7433471679688
2020-02-13 00:00:00+05:30,659.465576171875
2020-02-14 00:00:00+05:30,665.4825439453125
2020-02-17 00:00:00+05:30,661.2996826171875
2020-02-18 00:00:00+05:30,656.4459228515625
2020-02-19 00:00:00+05:30,672.7294921875
2020-02-20 00:00:00+05:30,664.744384765625
2020-02-24 00:00:00+05:30,646.4028930664062
2020-02-25 00:00:00+05:30,633.6309814453125
2020-02-26 00:00:00+05:30,622.7154541015625
2020-02-27 00:00:00+05:30,620.1432495117188
2020-02-28 00:00:00+05:30,594.3756103515625
2020-03-02 00:00:00+05:30,588.7838134765625
2020-03-03 00:00:00+05:30,600.7280883789062
2020-03-04 00:00:00+05:30,599.3189086914062
2020-03-05 00:00:00+05:30,586.5469970703125
2020-03-06 00:00:00+05:30,568.5857543945312
2020-03-09 00:00:00+05:30,498.41839599609375
2020-03-11 00:00:00+05:30,516.0441284179688
2020-03-12 00:00:00+05:30,475.5363464355469
2020-03-13 00:00:00+05:30,494.4593811035156
2020-03-16 00:00:00+05:30,454.3765869140625
2020-03-17 00:00:00+05:30,450.93194580078125
2020-03-18 00:00:00+05:30,433.261474609375
2020-03-19 00:00:00+05:30,410.53594970703125
2020-03-20 00:00:00+05:30,455.3830871582031
2020-03-23 00:00:00+05:30,395.4825134277344
2020-03-24 00:00:00+05:30,422.0329284667969
2020-03-25 00:00:00+05:30,484.14788818359375
2020-03-26 00:00:00+05:30,476.9678649902344
2020-03-27 00:00:00+05:30,476.6994323730469
2020-03-30 00:00:00+05:30,460.9750061035156
2020-03-31 00:00:00+05:30,498.2395324707031
2020-04-01 00:00:00+05:30,483.3426208496094
2020-04-03 00:00:00+05:30,482.0006408691406
2020-04-07 00:00:00+05:30,539.5526123046875
2020-04-08 00:00:00+05:30,533.3119506835938
2020-04-09 00:00:00+05:30,545.7483520507812
2020-04-13 00:00:00+05:30,531.9699096679688
2020-04-15 00:00:00+05:30,514.3888549804688
2020-04-16 00:00:00+05:30,522.5308227539062
2020-04-17 00:00:00+05:30,547.5601806640625
2020-04-20 00:00:00+05:30,556.4177856445312
2020-04-21 00:00:00+05:30,553.5324096679688
2020-04-22 00:00:00+05:30,610.0106811523438
2020-04-23 00:00:00+05:30,613.2763061523438
2020-04-24 00:00:00+05:30,633.8992919921875
2020-04-27 00:00:00+05:30,639.6031494140625
2020-04-28 00:00:00+05:30,638.8873901367188
2020-04-29 00:00:00+05:30,638.3505249023438
2020-04-30 00:00:00+05:30,655.8196411132812
2020-05-04 00:00:00+05:30,642.0411987304688
2020-05-05 00:00:00+05:30,653.4262084960938
2020-05-06 00:00:00+05:30,653.4710083007812
2020-05-07 00:00:00+05:30,674.1386108398438
2020-05-08 00:00:00+05:30,698.6760864257812
2020-05-11 00:00:00+05:30,705.3863525390625
2020-05-12 00:00:00+05:30,661.7470703125
2020-05-13 00:00:00+05:30,675.7872314453125
2020-05-14 00:00:00+05:30,648.4656982421875
2020-05-15 00:00:00+05:30,659.0556030273438
2020-05-18 00:00:00+05:30,650.6334228515625
2020-05-19 00:00:00+05:30,636.2501220703125
2020-05-20 00:00:00+05:30,647.4496459960938
2020-05-21 00:00:00+05:30,650.8591918945312
2020-05-22 00:00:00+05:30,646.4788208007812
2020-05-26 00:00:00+05:30,643.091796875
2020-05-27 00:00:00+05:30,652.801025390625
2020-05-28 00:00:00+05:30,664.8585815429688
2020-05-29 00:00:00+05:30,661.3135986328125
2020-06-01 00:00:00+05:30,686.580322265625
2020-06-02 00:00:00+05:30,693.51220703125
2020-06-03 00:00:00+05:30,696.1992797851562
2020-06-04 00:00:00+05:30,713.4275512695312
2020-06-05 00:00:00+05:30,714.2855834960938
2020-06-08 00:00:00+05:30,708.776123046875
2020-06-09 00:00:00+05:30,694.1670532226562
2020-06-10 00:00:00+05:30,709.9728393554688
2020-06-11 00:00:00+05:30,694.4154663085938
2020-06-12 00:00:00+05:30,717.4918823242188
2020-06-15 00:00:00+05:30,729.1204223632812
2020-06-16 00:00:00+05:30,730.5429077148438
2020-06-17 00:00:00+05:30,729.481689453125
2020-06-18 00:00:00+05:30,747.793701171875
2020-06-19 00:00:00+05:30,794.53369140625
2020-06-22 00:00:00+05:30,788.550048828125
2020-06-23 00:00:00+05:30,777.1473999023438
2020-06-24 00:00:00+05:30,780.2858276367188
2020-06-25 00:00:00+05:30,775.7925415039062
2020-06-26 00:00:00+05:30,786.5179443359375
2020-06-29 00:00:00+05:30,778.1634521484375
2020-06-30 00:00:00+05:30,769.5604858398438
2020-07-01 00:00:00+05:30,784.6889038085938
2020-07-02 00:00:00+05:30,798.1976928710938
2020-07-03 00:00:00+05:30,810.6897583007812
2020-07-06 00:00:00+05:30,839.6640014648438
2020-07-07 00:00:00+05:30,826.8092041015625
2020-07-08 00:00:00+05:30,815.2693481445312
2020-07-09 00:00:00+05:30,827.1719970703125
2020-07-10 00:00:00+05:30,851.566650390625
2020-07-13 00:00:00+05:30,877.3894653320312
2020-07-14 00:00:00+05:30,869.227783203125
2020-07-15 00:00:00+05:30,836.127197265625
2020-07-16 00:00:00+05:30,835.855224609375
2020-07-17 00:00:00+05:30,866.8245239257812
2020-07-20 00:00:00+05:30,870.5426025390625
2020-07-21 00:00:00+05:30,893.96240234375
2020-07-22 00:00:00+05:30,908.67626953125
2020-07-23 00:00:00+05:30,933.0707397460938
2020-07-24 00:00:00+05:30,973.1315307617188
2020-07-27 00:00:00+05:30,977.6885375976562
2020-07-28 00:00:00+05:30,987.4371948242188
2020-07-29 00:00:00+05:30,950.6865844726562
2020-07-30 00:00:00+05:30,956.2185668945312
2020-07-31 00:00:00+05:30,937.2877807617188
2020-08-03 00:00:00+05:30,910.943359375
2020-08-04 00:00:00+05:30,975.1492309570312
2020-08-05 00:00:00+05:30,964.1989135742188
2020-08-06 00:00:00+05:30,967.6676635742188
2020-08-07 00:00:00+05:30,973.2674560546875
2020-08-10 00:00:00+05:30,961.2062377929688
2020-08-11 00:00:00+05:30,967.5316772460938
2020-08-12 00:00:00+05:30,964.7203369140625
2020-08-13 00:00:00+05:30,962.2037963867188
2020-08-14 00:00:00+05:30,958.4630126953125
2020-08-17 00:00:00+05:30,948.2835083007812
2020-08-18 00:00:00+05:30,960.6168823242188
2020-08-19 00:00:00+05:30,966.5114135742188
2020-08-20 00:00:00+05:30,950.8680419921875
2020-08-21 00:00:00+05:30,943.9758911132812
2020-08-24 00:00:00+05:30,950.278564453125
2020-08-25 00:00:00+05:30,944.0891723632812
2020-08-26 00:00:00+05:30,969.11865234375
2020-08-27 00:00:00+05:30,957.0120239257812
2020-08-28 00:00:00+05:30,959.528564453125
2020-08-31 00:00:00+05:30,943.4544677734375
2020-09-01 00:00:00+05:30,946.4244995117188
2020-09-02 00:00:00+05:30,964.9923706054688
2020-09-03 00:00:00+05:30,957.692138671875
2020-09-04 00:00:00+05:30,941.8900756835938
2020-09-07 00:00:00+05:30,944.338623046875
2020-09-08 00:00:00+05:30,955.4249877929688
2020-09-09 00:00:00+05:30,980.0235595703125
2020-09-10 00:00:00+05:30,1049.239990234375
2020-09-11 00:00:00+05:30,1051.84716796875
2020-09-14 00:00:00+05:30,1044.0482177734375
2020-09-15 00:00:00+05:30,1051.439208984375
2020-09-16 00:00:00+05:30,1054.0234375
2020-09-17 00:00:00+05:30,1042.3251953125
2020-09-18 00:00:00+05:30,1045.4764404296875
2020-09-21 00:00:00+05:30,1022.8729858398438
2020-09-22 00:00:00+05:30,1002.6044921875
2020-09-23 00:00:00+05:30,1011.5143432617188
2020-09-24 00:00:00+05:30,989.0242919921875
2020-09-25 00:00:00+05:30,998.3196411132812
2020-09-28 00:00:00+05:30,1004.9169921875
2020-09-29 00:00:00+05:30,1017.9757690429688
2020-09-30 00:00:00+05:30,1013.1242065429688
2020-10-01 00:00:00+05:30,1008.9979248046875
2020-10-05 00:00:00+05:30,1003.0806274414062
2020-10-06 00:00:00+05:30,1002.2417602539062
2020-10-07 00:00:00+05:30,1023.6212158203125
2020-10-08 00:00:00+05:30,1015.345947265625
2020-10-09 00:00:00+05:30,1012.716064453125
2020-10-12 00:00:00+05:30,1014.348388671875
2020-10-13 00:00:00+05:30,1034.140625
2020-10-14 00:00:00+05:30,1037.223876953125
2020-10-15 00:00:00+05:30,1000.4960327148438
2020-10-16 00:00:00+05:30,986.57568359375
2020-10-19 00:00:00+05:30,986.7570190429688
2020-10-20 00:00:00+05:30,977.5525512695312
2020-10-21 00:00:00+05:30,963.3600463867188
2020-10-22 00:00:00+05:30,955.35693359375
2020-10-23 00:00:00+05:30,958.1229858398438
2020-10-26 00:00:00+05:30,920.057373046875
2020-10-27 00:00:00+05:30,922.5059204101562
2020-10-28 00:00:00+05:30,912.0543212890625
2020-10-29 00:00:00+05:30,919.059814453125
2020-10-30 00:00:00+05:30,931.574462890625
2020-11-02 00:00:00+05:30,851.2946166992188
2020-11-03 00:00:00+05:30,839.0291748046875
2020-11-04 00:00:00+05:30,867.5046997070312
2020-11-05 00:00:00+05:30,886.4581298828125
2020-11-06 00:00:00+05:30,920.080078125
2020-11-09 00:00:00+05:30,929.8513793945312
2020-11-10 00:00:00+05:30,945.2001342773438
2020-11-11 00:00:00+05:30,905.5928955078125
2020-11-12 00:00:00+05:30,897.7938842773438
2020-11-13 00:00:00+05:30,905.2301635742188
2020-11-14 00:00:00+05:30,907.9053344726562
2020-11-17 00:00:00+05:30,903.8018798828125
2020-11-18 00:00:00+05:30,901.05859375
2020-11-19 00:00:00+05:30,894.6879272460938
2020-11-20 00:00:00+05:30,861.2926635742188
2020-11-23 00:00:00+05:30,884.5083618164062
2020-11-24 00:00:00+05:30,890.5617065429688
2020-11-25 00:00:00+05:30,883.193359375
2020-11-26 00:00:00+05:30,885.369873046875
2020-11-27 00:00:00+05:30,875.0316162109375
2020-12-01 00:00:00+05:30,886.4127807617188
2020-12-02 00:00:00+05:30,887.8864135742188
2020-12-03 00:00:00+05:30,890.5617065429688
2020-12-04 00:00:00+05:30,882.71728515625
2020-12-07 00:00:00+05:30,887.9091186523438
2020-12-08 00:00:00+05:30,904.028564453125
2020-12-09 00:00:00+05:30,919.0824584960938
2020-12-10 00:00:00+05:30,910.0364990234375
2020-12-11 00:00:00+05:30,909.4924926757812
2020-12-14 00:00:00+05:30,902.9176635742188
2020-12-15 00:00:00+05:30,895.2320556640625
2020-12-16 00:00:00+05:30,896.2294921875
2020-12-17 00:00:00+05:30,900.3331298828125
2020-12-18 00:00:00+05:30,903.0310668945312
2020-12-21 00:00:00+05:30,879.5205688476562
2020-12-22 00:00:00+05:30,878.160400390625
2020-12-23 00:00:00+05:30,881.40234375
2020-12-24 00:00:00+05:30,904.2100219726562
2020-12-28 00:00:00+05:30,908.35888671875
2020-12-29 00:00:00+05:30,902.3510131835938
2020-12-30 00:00:00+05:30,904.8221435546875
2020-12-31 00:00:00+05:30,900.1971435546875
2021-01-01 00:00:00+05:30,901.1946411132812
2021-01-04 00:00:00+05:30,902.713623046875
2021-01-05 00:00:00+05:30,891.4912109375
2021-01-06 00:00:00+05:30,867.9807739257812
2021-01-07 00:00:00+05:30,866.5751953125
2021-01-08 00:00:00+05:30,876.7999877929688
2021-01-11 00:00:00+05:30,860.2724609375
2021-01-12 00:00:00+05:30,887.3876953125
2021-01-13 00:00:00+05:30,879.1124877929688
2021-01-14 00:00:00+05:30,888.997314453125
2021-01-15 00:00:00+05:30,878.5003662109375
2021-01-18 00:00:00+05:30,899.5849609375
2021-01-19 00:00:00+05:30,914.2987670898438
2021-01-20 00:00:00+05:30,931.6651611328125
2021-01-21 00:00:00+05:30,951.9335327148438
2021-01-22 00:00:00+05:30,929.3527221679688
2021-01-25 00:00:00+05:30,880.1099853515625
2021-01-27 00:00:00+05:30,859.2523193359375
2021-01-28 00:00:00+05:30,850.886474609375
2021-01-29 00:00:00+05:30,835.19775390625
2021-02-01 00:00:00+05:30,859.3883056640625
2021-02-02 00:00:00+05:30,873.2179565429688
2021-02-03 00:00:00+05:30,875.4171142578125
2021-02-04 00:00:00+05:30,872.537841796875
2021-02-05 00:00:00+05:30,872.2883911132812
2021-02-08 00:00:00+05:30,884.8484497070312
2021-02-09 00:00:00+05:30,886.9795532226562
2021-02-10 00:00:00+05:30,895.2092895507812
2021-02-11 00:00:00+05:30,932.11865234375
2021-02-12 00:00:00+05:30,925.7252807617188
2021-02-15 00:00:00+05:30,921.6443481445312
2021-02-16 00:00:00+05:30,933.8416748046875
2021-02-17 00:00:00+05:30,944.6106567382812
2021-02-18 00:00:00+05:30,937.5598754882812
2021-02-19 00:00:00+05:30,943.2730712890625
2021-02-22 00:00:00+05:30,910.5352783203125
2021-02-23 00:00:00+05:30,917.4954833984375
2021-02-24 00:00:00+05:30,934.5218505859375
2021-02-25 00:00:00+05:30,972.3153076171875
2021-02-26 00:00:00+05:30,945.7669677734375
2021-03-01 00:00:00+05:30,952.9765014648438
2021-03-02 00:00:00+05:30,954.9261474609375
2021-03-03 00:00:00+05:30,998.5010375976562
2021-03-04 00:00:00+05:30,986.5984497070312
2021-03-05 00:00:00+05:30,987.8906860351562
2021-03-08 00:00:00+05:30,993.5132446289062
2021-03-09 00:00:00+05:30,993.490478515625
2021-03-10 00:00:00+05:30,989.3643188476562
2021-03-12 00:00:00+05:30,969.2546997070312
2021-03-15 00:00:00+05:30,956.2411499023438
2021-03-16 00:00:00+05:30,952.4777221679688
2021-03-17 00:00:00+05:30,931.9598999023438
2021-03-18 00:00:00+05:30,910.98876953125
2021-03-19 00:00:00+05:30,944.0438232421875
2021-03-22 00:00:00+05:30,935.1566162109375
2021-03-23 00:00:00+05:30,946.5377807617188
2021-03-24 00:00:00+05:30,928.309814453125
2021-03-25 00:00:00+05:30,902.985595703125
2021-03-26 00:00:00+05:30,904.4366455078125
2021-03-30 00:00:00+05:30,920.1480712890625
2021-03-31 00:00:00+05:30,908.26806640625
2021-04-01 00:00:00+05:30,916.7699584960938
2021-04-05 00:00:00+05:30,903.5071411132812
2021-04-06 00:00:00+05:30,899.74365234375
2021-04-07 00:00:00+05:30,908.1548461914062
2021-04-08 00:00:00+05:30,909.2883911132812
2021-04-09 00:00:00+05:30,898.7234497070312
2021-04-12 00:00:00+05:30,866.5751953125
2021-04-13 00:00:00+05:30,875.9385375976562
2021-04-15 00:00:00+05:30,881.6063842773438
2021-04-16 00:00:00+05:30,876.0745849609375
2021-04-19 00:00:00+05:30,862.2901611328125
2021-04-20 00:00:00+05:30,862.0408325195312
2021-04-22 00:00:00+05:30,864.4213256835938
2021-04-23 00:00:00+05:30,863.4918823242188
2021-04-26 00:00:00+05:30,878.6818237304688
2021-04-27 00:00:00+05:30,901.716064453125
2021-04-28 00:00:00+05:30,905.6383056640625
2021-04-29 00:00:00+05:30,917.767578125
2021-04-30 00:00:00+05:30,904.3687133789062
2021-05-03 00:00:00+05:30,888.2944946289062
2021-05-04 00:00:00+05:30,869.0463256835938
2021-05-05 00:00:00+05:30,870.6333618164062
2021-05-06 00:00:00+05:30,875.57568359375
2021-05-07 00:00:00+05:30,875.915771484375
2021-05-10 00:00:00+05:30,873.3992919921875
2021-05-11 00:00:00+05:30,876.5506591796875
2021-05-12 00:00:00+05:30,867.48193359375
2021-05-14 00:00:00+05:30,878.4324340820312
2021-05-17 00:00:00+05:30,888.8839721679688
2021-05-18 00:00:00+05:30,901.3987426757812
2021-05-19 00:00:00+05:30,905.5248413085938
2021-05-20 00:00:00+05:30,900.2423706054688
2021-05-21 00:00:00+05:30,908.018798828125
2021-05-24 00:00:00+05:30,900.3557739257812
2021-05-25 00:00:00+05:30,890.1536865234375
2021-05-26 00:00:00+05:30,893.2822875976562
2021-05-27 00:00:00+05:30,896.0255737304688
2021-05-28 00:00:00+05:30,949.847900390625
2021-05-31 00:00:00+05:30,979.5475463867188
2021-06-01 00:00:00+05:30,983.4470825195312
2021-06-02 00:00:00+05:30,998.115478515625
2021-06-03 00:00:00+05:30,1001.9243774414062
2021-06-04 00:00:00+05:30,993.2412109375
2021-06-07 00:00:00+05:30,1009.9727172851562
2021-06-08 00:00:00+05:30,1004.1688232421875
2021-06-09 00:00:00+05:30,986.2130126953125
2021-06-10 00:00:00+05:30,989.8404541015625
2021-06-11 00:00:00+05:30,1007.0098876953125
2021-06-14 00:00:00+05:30,1021.4564208984375
2021-06-15 00:00:00+05:30,1023.7769775390625
2021-06-16 00:00:00+05:30,1006.3045654296875
2021-06-17 00:00:00+05:30,1008.1473999023438
2021-06-18 00:00:00+05:30,1012.6974487304688
2021-06-21 00:00:00+05:30,1017.9756469726562
2021-06-22 00:00:00+05:30,1012.742919921875
2021-06-23 00:00:00+05:30,1003.4607543945312
2021-06-24 00:00:00+05:30,979.8683471679688
2021-06-25 00:00:00+05:30,957.550048828125
2021-06-28 00:00:00+05:30,949.1550903320312
2021-06-29 00:00:00+05:30,949.9740600585938
2021-06-30 00:00:00+05:30,960.37109375
2021-07-01 00:00:00+05:30,954.592529296875
2021-07-02 00:00:00+05:30,968.7433471679688
2021-07-05 00:00:00+05:30,978.3668823242188
2021-07-06 00:00:00+05:30,966.8095703125
2021-07-07 00:00:00+05:30,960.09814453125
2021-07-08 00:00:00+05:30,952.1581420898438
2021-07-09 00:00:00+05:30,942.4208984375
2021-07-12 00:00:00+05:30,948.2906494140625
2021-07-13 00:00:00+05:30,955.3887329101562
2021-07-14 00:00:00+05:30,949.1550903320312
2021-07-15 00:00:00+05:30,947.4943237304688
2021-07-16 00:00:00+05:30,961.1674194335938
2021-07-19 00:00:00+05:30,955.0474853515625
2021-07-20 00:00:00+05:30,952.7041015625
2021-07-22 00:00:00+05:30,964.9439697265625
2021-07-23 00:00:00+05:30,958.1188354492188
2021-07-26 00:00:00+05:30,944.99169921875
2021-07-27 00:00:00+05:30,935.0496826171875
2021-07-28 00:00:00+05:30,927.018798828125
2021-07-29 00:00:00+05:30,934.25341796875
2021-07-30 00:00:00+05:30,926.0859985351562
2021-08-02 00:00:00+05:30,943.0123901367188
2021-08-03 00:00:00+05:30,949.9513549804688
2021-08-04 00:00:00+05:30,957.2316284179688
2021-08-05 00:00:00+05:30,971.1094360351562
2021-08-06 00:00:00+05:30,950.5429077148438
2021-08-09 00:00:00+05:30,945.128173828125
2021-08-10 00:00:00+05:30,950.0877685546875
2021-08-11 00:00:00+05:30,963.3969116210938
2021-08-12 00:00:00+05:30,960.3029174804688
2021-08-13 00:00:00+05:30,976.2965087890625
2021-08-16 00:00:00+05:30,988.9686279296875
2021-08-17 00:00:00+05:30,984.759765625
2021-08-18 00:00:00+05:30,988.5818481445312
2021-08-20 00:00:00+05:30,977.4796142578125
2021-08-23 00:00:00+05:30,983.8953247070312
2021-08-24 00:00:00+05:30,993.6098022460938
2021-08-25 00:00:00+05:30,1002.20947265625
2021-08-26 00:00:00+05:30,1014.881591796875
2021-08-27 00:00:00+05:30,1013.4937744140625
2021-08-30 00:00:00+05:30,1032.9910888671875
2021-08-31 00:00:00+05:30,1027.4854736328125
2021-09-01 00:00:00+05:30,1031.5577392578125
2021-09-02 00:00:00+05:30,1043.9796142578125
2021-09-03 00:00:00+05:30,1086.7962646484375
2021-09-06 00:00:00+05:30,1103.67724609375
2021-09-07 00:00:00+05:30,1110.638916015625
2021-09-08 00:00:00+05:30,1106.29345703125
2021-09-09 00:00:00+05:30,1103.67724609375
2021-09-13 00:00:00+05:30,1079.083740234375
2021-09-14 00:00:00+05:30,1077.6732177734375
2021-09-15 00:00:00+05:30,1082.1551513671875
2021-09-16 00:00:00+05:30,1104.860107421875
2021-09-17 00:00:00+05:30,1087.72900390625
2021-09-20 00:00:00+05:30,1089.4581298828125
2021-09-21 00:00:00+05:30,1094.16748046875
2021-09-22 00:00:00+05:30,1105.90673828125
2021-09-23 00:00:00+05:30,1132.9345703125
2021-09-24 00:00:00+05:30,1129.6583251953125
2021-09-27 00:00:00+05:30,1148.655029296875
2021-09-28 00:00:00+05:30,1159.3934326171875
2021-09-29 00:00:00+05:30,1150.2022705078125
2021-09-30 00:00:00+05:30,1146.2890625
2021-10-01 00:00:00+05:30,1148.313720703125
2021-10-04 00:00:00+05:30,1163.0789794921875
2021-10-05 00:00:00+05:30,1187.2174072265625
2021-10-06 00:00:00+05:30,1164.762451171875
2021-10-07 00:00:00+05:30,1170.472900390625
2021-10-08 00:00:00+05:30,1215.450927734375
2021-10-11 00:00:00+05:30,1206.987548828125
2021-10-12 00:00:00+05:30,1213.881103515625
2021-10-13 00:00:00+05:30,1226.234619140625
2021-10-14 00:00:00+05:30,1228.7144775390625
2021-10-18 00:00:00+05:30,1231.99072265625
2021-10-19 00:00:00+05:30,1243.024658203125
2021-10-20 00:00:00+05:30,1228.7144775390625
2021-10-21 00:00:00+05:30,1193.26904296875
2021-10-22 00:00:00+05:30,1195.4986572265625
2021-10-25 00:00:00+05:30,1183.8502197265625
2021-10-26 00:00:00+05:30,1210.8096923828125
2021-10-27 00:00:00+05:30,1195.4986572265625
2021-10-28 00:00:00+05:30,1182.39404296875
2021-10-29 00:00:00+05:30,1154.0242919921875
2021-11-01 00:00:00+05:30,1154.7296142578125
2021-11-02 00:00:00+05:30,1137.89404296875
2021-11-03 00:00:00+05:30,1130.06787109375
2021-11-04 00:00:00+05:30,1137.0068359375
2021-11-08 00:00:00+05:30,1138.41748046875
2021-11-09 00:00:00+05:30,1147.4039306640625
2021-11-10 00:00:00+05:30,1160.235107421875
2021-11-11 00:00:00+05:30,1162.3509521484375
2021-11-12 00:00:00+05:30,1179.8917236328125
2021-11-15 00:00:00+05:30,1172.929931640625
2021-11-16 00:00:00+05:30,1145.6748046875
2021-11-17 00:00:00+05:30,1121.1497802734375
2021-11-18 00:00:00+05:30,1125.3812255859375
2021-11-22 00:00:00+05:30,1075.5347900390625
2021-11-23 00:00:00+05:30,1085.5904541015625
2021-11-24 00:00:00+05:30,1069.915283203125
2021-11-25 00:00:00+05:30,1134.3221435546875
2021-11-26 00:00:00+05:30,1097.761962890625
2021-11-29 00:00:00+05:30,1110.9117431640625
2021-11-30 00:00:00+05:30,1094.48583984375
2021-12-01 00:00:00+05:30,1122.5147705078125
2021-12-02 00:00:00+05:30,1129.7266845703125
2021-12-03 00:00:00+05:30,1095.7828369140625
2021-12-06 00:00:00+05:30,1075.011474609375
2021-12-07 00:00:00+05:30,1083.7703857421875
2021-12-08 00:00:00+05:30,1100.2645263671875
2021-12-09 00:00:00+05:30,1117.7142333984375
2021-12-10 00:00:00+05:30,1118.851806640625
2021-12-13 00:00:00+05:30,1096.419677734375
2021-12-14 00:00:00+05:30,1082.996826171875
2021-12-15 00:00:00+05:30,1079.8345947265625
2021-12-16 00:00:00+05:30,1093.8033447265625
2021-12-17 00:00:00+05:30,1064.932861328125
2021-12-20 00:00:00+05:30,1036.2216796875
2021-12-21 00:00:00+05:30,1051.646484375
2021-12-22 00:00:00+05:30,1076.6038818359375
2021-12-23 00:00:00+05:30,1076.2171630859375
2021-12-24 00:00:00+05:30,1079.652587890625
2021-12-27 00:00:00+05:30,1078.4921875
2021-12-28 00:00:00+05:30,1091.3009033203125
2021-12-29 00:00:00+05:30,1093.16650390625
2021-12-30 00:00:00+05:30,1073.4189453125
2021-12-31 00:00:00+05:30,1077.5367431640625
2022-01-03 00:00:00+05:30,1093.7806396484375
2022-01-04 00:00:00+05:30,1118.465087890625
2022-01-05 00:00:00+05:30,1123.6976318359375
2022-01-06 00:00:00+05:30,1099.5364990234375
2022-01-07 00:00:00+05:30,1108.4093017578125
2022-01-10 00:00:00+05:30,1109.3193359375
2022-01-11 00:00:00+05:30,1117.3048095703125
2022-01-12 00:00:00+05:30,1147.1307373046875
2022-01-13 00:00:00+05:30,1153.592041015625
2022-01-14 00:00:00+05:30,1155.275634765625
2022-01-17 00:00:00+05:30,1161.3043212890625
2022-01-18 00:00:00+05:30,1147.44921875
2022-01-19 00:00:00+05:30,1147.3583984375
2022-01-20 00:00:00+05:30,1127.2696533203125
2022-01-21 00:00:00+05:30,1127.4515380859375
2022-01-24 00:00:00+05:30,1081.9730224609375
2022-01-25 00:00:00+05:30,1079.857177734375
2022-01-27 00:00:00+05:30,1063.863525390625
2022-01-28 00:00:00+05:30,1062.83984375
2022-01-31 00:00:00+05:30,1085.9317626953125
2022-02-01 00:00:00+05:30,1082.337158203125
2022-02-02 00:00:00+05:30,1084.5438232421875
2022-02-03 00:00:00+05:30,1070.529541015625
2022-02-04 00:00:00+05:30,1060.76953125
2022-02-07 00:00:00+05:30,1054.308349609375
2022-02-08 00:00:00+05:30,1072.031005859375
2022-02-09 00:00:00+05:30,1084.521240234375
2022-02-10 00:00:00+05:30,1083.406494140625
2022-02-11 00:00:00+05:30,1081.29052734375
2022-02-14 00:00:00+05:30,1064.0684814453125
2022-02-15 00:00:00+05:30,1100.1964111328125
2022-02-16 00:00:00+05:30,1097.9212646484375
2022-02-17 00:00:00+05:30,1111.82177734375
2022-02-18 00:00:00+05:30,1103.13134765625
2022-02-21 00:00:00+05:30,1091.9833984375
2022-02-22 00:00:00+05:30,1087.023681640625
2022-02-23 00:00:00+05:30,1080.2213134765625
2022-02-24 00:00:00+05:30,1026.393310546875
2022-02-25 00:00:00+05:30,1039.2247314453125
2022-02-28 00:00:00+05:30,1073.62353515625
2022-03-02 00:00:00+05:30,1091.369140625
2022-03-03 00:00:00+05:30,1082.1551513671875
2022-03-04 00:00:00+05:30,1058.1531982421875
2022-03-07 00:00:00+05:30,1019.022216796875
2022-03-08 00:00:00+05:30,1017.1793212890625
2022-03-09 00:00:00+05:30,1071.1436767578125
2022-03-10 00:00:00+05:30,1088.50244140625
2022-03-11 00:00:00+05:30,1091.64208984375
2022-03-14 00:00:00+05:30,1100.605712890625
2022-03-15 00:00:00+05:30,1075.398193359375
2022-03-16 00:00:00+05:30,1093.55322265625
2022-03-17 00:00:00+05:30,1129.2034912109375
2022-03-21 00:00:00+05:30,1122.6966552734375
2022-03-22 00:00:00+05:30,1151.703857421875
2022-03-23 00:00:00+05:30,1155.366455078125
2022-03-24 00:00:00+05:30,1173.316650390625
2022-03-25 00:00:00+05:30,1181.1429443359375
2022-03-28 00:00:00+05:30,1193.018798828125
2022-03-29 00:00:00+05:30,1193.2918701171875
2022-03-30 00:00:00+05:30,1216.224609375
2022-03-31 00:00:00+05:30,1198.8428955078125
2022-04-01 00:00:00+05:30,1208.4437255859375
2022-04-04 00:00:00+05:30,1212.0155029296875
2022-04-05 00:00:00+05:30,1194.88427734375
2022-04-06 00:00:00+05:30,1191.69921875
2022-04-07 00:00:00+05:30,1170.677734375
2022-04-08 00:00:00+05:30,1190.15234375
2022-04-11 00:00:00+05:30,1187.6724853515625
2022-04-12 00:00:00+05:30,1165.3084716796875
2022-04-13 00:00:00+05:30,1161.0313720703125
2022-04-18 00:00:00+05:30,1157.482177734375
2022-04-19 00:00:00+05:30,1201.595703125
2022-04-20 00:00:00+05:30,1236.9273681640625
2022-04-21 00:00:00+05:30,1265.888916015625
2022-04-22 00:00:00+05:30,1255.287109375
2022-04-25 00:00:00+05:30,1226.2574462890625
2022-04-26 00:00:00+05:30,1262.9541015625
2022-04-27 00:00:00+05:30,1264.1826171875
2022-04-28 00:00:00+05:30,1283.0657958984375
2022-04-29 00:00:00+05:30,1269.5972900390625
2022-05-02 00:00:00+05:30,1265.1380615234375
2022-05-04 00:00:00+05:30,1225.64306640625
2022-05-05 00:00:00+05:30,1201.6412353515625
2022-05-06 00:00:00+05:30,1192.42724609375
2022-05-09 00:00:00+05:30,1145.8568115234375
2022-05-10 00:00:00+05:30,1125.9954833984375
2022-05-11 00:00:00+05:30,1114.4609375
2022-05-12 00:00:00+05:30,1091.755859375
2022-05-13 00:00:00+05:30,1104.1322021484375
2022-05-16 00:00:00+05:30,1104.4051513671875
2022-05-17 00:00:00+05:30,1150.7935791015625
2022-05-18 00:00:00+05:30,1154.979736328125
2022-05-19 00:00:00+05:30,1128.3614501953125
2022-05-20 00:00:00+05:30,1194.1563720703125
2022-05-23 00:00:00+05:30,1186.1710205078125
2022-05-24 00:00:00+05:30,1190.2432861328125
2022-05-25 00:00:00+05:30,1188.491455078125
2022-05-26 00:00:00+05:30,1177.16162109375
2022-05-27 00:00:00+05:30,1171.7012939453125
2022-05-30 00:00:00+05:30,1212.5159912109375
2022-05-31 00:00:00+05:30,1197.88720703125
2022-06-01 00:00:00+05:30,1198.2742919921875
2022-06-02 00:00:00+05:30,1239.5892333984375
2022-06-03 00:00:00+05:30,1264.705810546875
2022-06-06 00:00:00+05:30,1259.2684326171875
2022-06-07 00:00:00+05:30,1261.6346435546875
2022-06-08 00:00:00+05:30,1239.4755859375
2022-06-09 00:00:00+05:30,1273.4649658203125
2022-06-10 00:00:00+05:30,1235.0164794921875
2022-06-13 00:00:00+05:30,1211.6514892578125
2022-06-14 00:00:00+05:30,1195.8170166015625
2022-06-15 00:00:00+05:30,1181.3477783203125
2022-06-16 00:00:00+05:30,1164.8306884765625
2022-06-17 00:00:00+05:30,1178.4810791015625
2022-06-20 00:00:00+05:30,1157.118408203125
2022-06-21 00:00:00+05:30,1175.7965087890625
2022-06-22 00:00:00+05:30,1140.078125
2022-06-23 00:00:00+05:30,1121.5819091796875
2022-06-24 00:00:00+05:30,1137.5528564453125
2022-06-27 00:00:00+05:30,1134.185791015625
2022-06-28 00:00:00+05:30,1150.1339111328125
2022-06-29 00:00:00+05:30,1173.9991455078125
2022-06-30 00:00:00+05:30,1181.052001953125
2022-07-01 00:00:00+05:30,1095.9874267578125
2022-07-04 00:00:00+05:30,1098.262451171875
2022-07-05 00:00:00+05:30,1107.157958984375
2022-07-06 00:00:00+05:30,1097.4207763671875
2022-07-07 00:00:00+05:30,1086.6142578125
2022-07-08 00:00:00+05:30,1088.1158447265625
2022-07-11 00:00:00+05:30,1102.9036865234375
2022-07-12 00:00:00+05:30,1101.3338623046875
2022-07-13 00:00:00+05:30,1081.8138427734375
2022-07-14 00:00:00+05:30,1090.7320556640625
2022-07-15 00:00:00+05:30,1092.847900390625
2022-07-18 00:00:00+05:30,1102.1529541015625
2022-07-19 00:00:00+05:30,1108.909912109375
2022-07-20 00:00:00+05:30,1138.8951416015625
2022-07-21 00:00:00+05:30,1131.2962646484375
2022-07-22 00:00:00+05:30,1138.9405517578125
2022-07-25 00:00:00+05:30,1101.31103515625
2022-07-26 00:00:00+05:30,1101.8115234375
2022-07-27 00:00:00+05:30,1100.76513671875
2022-07-28 00:00:00+05:30,1118.010009765625
2022-07-29 00:00:00+05:30,1141.8299560546875
2022-08-01 00:00:00+05:30,1171.587646484375
2022-08-02 00:00:00+05:30,1176.0467529296875
2022-08-03 00:00:00+05:30,1185.9205322265625
2022-08-04 00:00:00+05:30,1170.2454833984375
2022-08-05 00:00:00+05:30,1153.0003662109375
2022-08-08 00:00:00+05:30,1168.0841064453125
2022-08-10 00:00:00+05:30,1175.068603515625
2022-08-11 00:00:00+05:30,1178.9815673828125
2022-08-12 00:00:00+05:30,1198.046630859375
2022-08-16 00:00:00+05:30,1206.3734130859375
2022-08-17 00:00:00+05:30,1212.6754150390625
2022-08-18 00:00:00+05:30,1214.87451171875
2022-08-19 00:00:00+05:30,1193.213623046875
2022-08-22 00:00:00+05:30,1189.904052734375
2022-08-23 00:00:00+05:30,1208.2552490234375
2022-08-24 00:00:00+05:30,1205.0369873046875
2022-08-25 00:00:00+05:30,1201.52197265625
2022-08-26 00:00:00+05:30,1195.1080322265625
2022-08-29 00:00:00+05:30,1185.818359375
2022-08-30 00:00:00+05:30,1204.2152099609375
2022-09-01 00:00:00+05:30,1168.81396484375
2022-09-02 00:00:00+05:30,1155.1646728515625
2022-09-05 00:00:00+05:30,1173.10498046875
2022-09-06 00:00:00+05:30,1185.4532470703125
2022-09-07 00:00:00+05:30,1178.5601806640625
2022-09-08 00:00:00+05:30,1180.2261962890625
2022-09-09 00:00:00+05:30,1172.8768310546875
2022-09-12 00:00:00+05:30,1186.0009765625
2022-09-13 00:00:00+05:30,1195.906982421875
2022-09-14 00:00:00+05:30,1181.572998046875
2022-09-15 00:00:00+05:30,1169.8638916015625
2022-09-16 00:00:00+05:30,1140.8763427734375
2022-09-19 00:00:00+05:30,1142.3599853515625
2022-09-20 00:00:00+05:30,1142.54248046875
2022-09-21 00:00:00+05:30,1145.6923828125
2022-09-22 00:00:00+05:30,1134.896240234375
2022-09-23 00:00:00+05:30,1113.62353515625
2022-09-26 00:00:00+05:30,1085.2523193359375
2022-09-27 00:00:00+05:30,1093.8800048828125
2022-09-28 00:00:00+05:30,1064.7554931640625
2022-09-29 00:00:00+05:30,1061.4915771484375
2022-09-30 00:00:00+05:30,1085.4349365234375
2022-10-03 00:00:00+05:30,1081.6688232421875
2022-10-04 00:00:00+05:30,1101.61767578125
2022-10-06 00:00:00+05:30,1105.6802978515625
2022-10-07 00:00:00+05:30,1110.359619140625
2022-10-10 00:00:00+05:30,1098.2396240234375
2022-10-11 00:00:00+05:30,1076.3734130859375
2022-10-12 00:00:00+05:30,1084.2935791015625
2022-10-13 00:00:00+05:30,1087.7401123046875
2022-10-14 00:00:00+05:30,1082.2164306640625
2022-10-17 00:00:00+05:30,1099.5863037109375
2022-10-18 00:00:00+05:30,1118.9873046875
2022-10-19 00:00:00+05:30,1138.4569091796875
2022-10-20 00:00:00+05:30,1141.5155029296875
2022-10-21 00:00:00+05:30,1128.2769775390625
2022-10-24 00:00:00+05:30,1132.043212890625
2022-10-25 00:00:00+05:30,1114.559326171875
2022-10-27 00:00:00+05:30,1118.941650390625
2022-10-28 00:00:00+05:30,1153.1790771484375
2022-10-31 00:00:00+05:30,1163.8837890625
2022-11-01 00:00:00+05:30,1154.867919921875
2022-11-02 00:00:00+05:30,1162.08056640625
2022-11-03 00:00:00+05:30,1166.4173583984375
2022-11-04 00:00:00+05:30,1183.5816650390625
2022-11-07 00:00:00+05:30,1189.904052734375
2022-11-09 00:00:00+05:30,1188.7171630859375
2022-11-10 00:00:00+05:30,1174.337646484375
2022-11-11 00:00:00+05:30,1201.4078369140625
2022-11-14 00:00:00+05:30,1195.5875244140625
2022-11-15 00:00:00+05:30,1190.2236328125
2022-11-16 00:00:00+05:30,1183.3990478515625
2022-11-17 00:00:00+05:30,1186.45751953125
2022-11-18 00:00:00+05:30,1185.818359375
2022-11-21 00:00:00+05:30,1164.477294921875
2022-11-22 00:00:00+05:30,1170.9366455078125
2022-11-23 00:00:00+05:30,1167.28466796875
2022-11-24 00:00:00+05:30,1177.3504638671875
2022-11-25 00:00:00+05:30,1194.925537109375
2022-11-28 00:00:00+05:30,1235.987548828125
2022-11-29 00:00:00+05:30,1238.110107421875
2022-11-30 00:00:00+05:30,1246.85205078125
2022-12-01 00:00:00+05:30,1243.17724609375
2022-12-02 00:00:00+05:30,1242.6522216796875
2022-12-05 00:00:00+05:30,1224.5294189453125
2022-12-06 00:00:00+05:30,1228.067138671875
2022-12-07 00:00:00+05:30,1209.9443359375
2022-12-08 00:00:00+05:30,1209.3736572265625
2022-12-09 00:00:00+05:30,1191.0452880859375
2022-12-12 00:00:00+05:30,1192.871337890625
2022-12-13 00:00:00+05:30,1198.3037109375
2022-12-14 00:00:00+05:30,1193.9669189453125
2022-12-15 00:00:00+05:30,1177.008056640625
2022-12-16 00:00:00+05:30,1171.187744140625
2022-12-19 00:00:00+05:30,1186.5716552734375
2022-12-20 00:00:00+05:30,1196.843017578125
2022-12-21 00:00:00+05:30,1179.8155517578125
2022-12-22 00:00:00+05:30,1176.7569580078125
2022-12-23 00:00:00+05:30,1142.245849609375
2022-12-26 00:00:00+05:30,1152.22021484375
2022-12-27 00:00:00+05:30,1161.64697265625
2022-12-28 00:00:00+05:30,1161.5328369140625
2022-12-29 00:00:00+05:30,1161.0078125
2022-12-30 00:00:00+05:30,1162.7880859375
2023-01-02 00:00:00+05:30,1175.8896484375
2023-01-03 00:00:00+05:30,1167.28466796875
2023-01-04 00:00:00+05:30,1149.7095947265625
2023-01-05 00:00:00+05:30,1147.6553955078125
2023-01-06 00:00:00+05:30,1158.0863037109375
2023-01-09 00:00:00+05:30,1185.4302978515625
2023-01-10 00:00:00+05:30,1167.9010009765625
2023-01-11 00:00:00+05:30,1153.1790771484375
2023-01-12 00:00:00+05:30,1128.2769775390625
2023-01-13 00:00:00+05:30,1126.451171875
2023-01-16 00:00:00+05:30,1115.723388671875
2023-01-17 00:00:00+05:30,1131.5638427734375
2023-01-18 00:00:00+05:30,1129.692138671875
2023-01-19 00:00:00+05:30,1128.4825439453125
2023-01-20 00:00:00+05:30,1115.0615234375
2023-01-23 00:00:00+05:30,1109.4237060546875
2023-01-24 00:00:00+05:30,1102.873046875
2023-01-25 00:00:00+05:30,1087.6259765625
2023-01-27 00:00:00+05:30,1066.9923095703125
2023-01-30 00:00:00+05:30,1077.218017578125
2023-01-31 00:00:00+05:30,1074.5245361328125
2023-02-01 00:00:00+05:30,1068.156494140625
2023-02-02 00:00:00+05:30,1062.2447509765625
2023-02-03 00:00:00+05:30,1063.1806640625
2023-02-06 00:00:00+05:30,1055.1690673828125
2023-02-07 00:00:00+05:30,1052.6356201171875
2023-02-08 00:00:00+05:30,1073.6572265625
2023-02-09 00:00:00+05:30,1075.52880859375
2023-02-10 00:00:00+05:30,1066.6728515625
2023-02-13 00:00:00+05:30,1060.6014404296875
2023-02-14 00:00:00+05:30,1085.5946044921875
2023-02-15 00:00:00+05:30,1110.1768798828125
2023-02-16 00:00:00+05:30,1109.3095703125
2023-02-17 00:00:00+05:30,1113.9429931640625
2023-02-20 00:00:00+05:30,1102.16552734375
2023-02-21 00:00:00+05:30,1111.158447265625
2023-02-22 00:00:00+05:30,1085.9598388671875
2023-02-23 00:00:00+05:30,1080.7557373046875
2023-02-24 00:00:00+05:30,1088.1510009765625
2023-02-27 00:00:00+05:30,1080.91552734375
2023-02-28 00:00:00+05:30,1060.2362060546875
2023-03-01 00:00:00+05:30,1069.982421875
2023-03-02 00:00:00+05:30,1061.8338623046875
2023-03-03 00:00:00+05:30,1088.927001953125
2023-03-06 00:00:00+05:30,1099.5633544921875
2023-03-08 00:00:00+05:30,1103.5120849609375
2023-03-09 00:00:00+05:30,1076.9896240234375
2023-03-10 00:00:00+05:30,1060.3046875
2023-03-13 00:00:00+05:30,1042.866455078125
2023-03-14 00:00:00+05:30,1038.9635009765625
2023-03-15 00:00:00+05:30,1021.2056884765625
2023-03-16 00:00:00+05:30,1016.11572265625
2023-03-17 00:00:00+05:30,1014.8377075195312
2023-03-20 00:00:00+05:30,1004.8631591796875
2023-03-21 00:00:00+05:30,1036.1102294921875
2023-03-22 00:00:00+05:30,1039.26025390625
2023-03-23 00:00:00+05:30,1026.1131591796875
2023-03-24 00:00:00+05:30,1005.7989501953125
2023-03-27 00:00:00+05:30,1021.4338989257812
2023-03-28 00:00:00+05:30,1026.2044677734375
2023-03-29 00:00:00+05:30,1020.1329345703125
2023-03-31 00:00:00+05:30,1064.116455078125
2023-04-03 00:00:00+05:30,1064.299072265625
2023-04-05 00:00:00+05:30,1061.74267578125
2023-04-06 00:00:00+05:30,1068.8638916015625
2023-04-10 00:00:00+05:30,1061.2861328125
2023-04-11 00:00:00+05:30,1066.5357666015625
2023-04-12 00:00:00+05:30,1071.23779296875
2023-04-13 00:00:00+05:30,1075.27783203125
2023-04-17 00:00:00+05:30,1080.73291015625
2023-04-18 00:00:00+05:30,1068.36181640625
2023-04-19 00:00:00+05:30,1073.6800537109375
2023-04-20 00:00:00+05:30,1070.9638671875
2023-04-21 00:00:00+05:30,1072.310546875
2023-04-24 00:00:00+05:30,1076.4190673828125
2023-04-25 00:00:00+05:30,1084.65869140625
2023-04-26 00:00:00+05:30,1078.2906494140625
2023-04-27 00:00:00+05:30,1085.115234375
2023-04-28 00:00:00+05:30,1104.9500732421875
2023-05-02 00:00:00+05:30,1114.3310546875
2023-05-03 00:00:00+05:30,1104.7674560546875
2023-05-04 00:00:00+05:30,1117.503662109375
2023-05-05 00:00:00+05:30,1114.650634765625
2023-05-08 00:00:00+05:30,1128.4140625
2023-05-09 00:00:00+05:30,1131.9061279296875
2023-05-10 00:00:00+05:30,1139.6895751953125
2023-05-11 00:00:00+05:30,1132.2486572265625
2023-05-12 00:00:00+05:30,1134.097412109375
2023-05-15 00:00:00+05:30,1136.334228515625
2023-05-16 00:00:00+05:30,1120.1513671875
2023-05-17 00:00:00+05:30,1113.5321044921875
2023-05-18 00:00:00+05:30,1111.1356201171875
2023-05-19 00:00:00+05:30,1114.7418212890625
2023-05-22 00:00:00+05:30,1120.6990966796875
2023-05-23 00:00:00+05:30,1120.4937744140625
2023-05-24 00:00:00+05:30,1113.9658203125
2023-05-25 00:00:00+05:30,1113.8289794921875
2023-05-26 00:00:00+05:30,1144.2088623046875
2023-05-29 00:00:00+05:30,1150.645263671875
2023-05-30 00:00:00+05:30,1150.3487548828125
2023-05-31 00:00:00+05:30,1127.5008544921875
2023-06-01 00:00:00+05:30,1124.46533203125
2023-06-02 00:00:00+05:30,1120.79052734375
2023-06-05 00:00:00+05:30,1130.8563232421875
2023-06-06 00:00:00+05:30,1131.8148193359375
2023-06-07 00:00:00+05:30,1140.39697265625
2023-06-08 00:00:00+05:30,1141.0816650390625
2023-06-09 00:00:00+05:30,1133.0018310546875
2023-06-12 00:00:00+05:30,1134.006103515625
2023-06-13 00:00:00+05:30,1150.7593994140625
2023-06-14 00:00:00+05:30,1164.910888671875
2023-06-15 00:00:00+05:30,1165.23046875
2023-06-16 00:00:00+05:30,1176.574462890625
2023-06-19 00:00:00+05:30,1164.8880615234375
2023-06-20 00:00:00+05:30,1167.3074951171875
2023-06-21 00:00:00+05:30,1170.59423828125
2023-06-22 00:00:00+05:30,1157.4471435546875
2023-06-23 00:00:00+05:30,1147.9749755859375
2023-06-26 00:00:00+05:30,1139.2100830078125
2023-06-27 00:00:00+05:30,1139.62109375
2023-06-28 00:00:00+05:30,1154.708251953125
2023-06-30 00:00:00+05:30,1164.180419921875
2023-07-03 00:00:00+05:30,1194.0582275390625
2023-07-04 00:00:00+05:30,1181.755615234375
2023-07-05 00:00:00+05:30,1179.8155517578125
2023-07-06 00:00:00+05:30,1204.5804443359375
2023-07-07 00:00:00+05:30,1202.2294921875
2023-07-10 00:00:00+05:30,1248.5411376953125
2023-07-11 00:00:00+05:30,1262.076171875
2023-07-12 00:00:00+05:30,1263.468505859375
2023-07-13 00:00:00+05:30,1252.170166015625
2023-07-14 00:00:00+05:30,1251.120361328125
2023-07-17 00:00:00+05:30,1276.68408203125
2023-07-18 00:00:00+05:30,1287.52587890625
2023-07-19 00:00:00+05:30,1297.294921875
2023-07-20 00:00:00+05:30,1295.7237548828125
2023-07-21 00:00:00+05:30,1255.6134033203125
2023-07-24 00:00:00+05:30,1230.216796875
2023-07-25 00:00:00+05:30,1229.425537109375
2023-07-26 00:00:00+05:30,1249.4063720703125
2023-07-27 00:00:00+05:30,1237.7838134765625
2023-07-28 00:00:00+05:30,1250.22265625
2023-07-31 00:00:00+05:30,1260.8065185546875
2023-08-01 00:00:00+05:30,1242.9769287109375
2023-08-02 00:00:00+05:30,1229.6976318359375
2023-08-03 00:00:00+05:30,1224.5291748046875
2023-08-04 00:00:00+05:30,1241.171630859375
2023-08-07 00:00:00+05:30,1248.2442626953125
2023-08-08 00:00:00+05:30,1240.7265625
2023-08-09 00:00:00+05:30,1248.911865234375
2023-08-10 00:00:00+05:30,1254.4759521484375
2023-08-11 00:00:00+05:30,1259.767822265625
2023-08-14 00:00:00+05:30,1274.65478515625
2023-08-16 00:00:00+05:30,1273.6162109375
2023-08-17 00:00:00+05:30,1255.242431640625
2023-08-18 00:00:00+05:30,1264.5406494140625
2023-08-21 00:00:00+05:30,1250.74267578125
2023-08-22 00:00:00+05:30,1250.44482421875
2023-08-23 00:00:00+05:30,1251.8345947265625
2023-08-24 00:00:00+05:30,1230.7904052734375
2023-08-25 00:00:00+05:30,1225.1075439453125
2023-08-28 00:00:00+05:30,1212.897705078125
2023-08-29 00:00:00+05:30,1201.2838134765625
2023-08-30 00:00:00+05:30,1200.142333984375
2023-08-31 00:00:00+05:30,1194.6578369140625
2023-09-01 00:00:00+05:30,1197.4619140625
2023-09-04 00:00:00+05:30,1196.494140625
2023-09-05 00:00:00+05:30,1202.89697265625
2023-09-06 00:00:00+05:30,1205.4281005859375
2023-09-07 00:00:00+05:30,1207.06591796875
2023-09-08 00:00:00+05:30,1215.1064453125
2023-09-11 00:00:00+05:30,1228.20947265625
2023-09-12 00:00:00+05:30,1210.4658203125
2023-09-13 00:00:00+05:30,1216.52099609375
2023-09-14 00:00:00+05:30,1217.6376953125
2023-09-15 00:00:00+05:30,1219.89599609375
2023-09-18 00:00:00+05:30,1209.274658203125
2023-09-20 00:00:00+05:30,1182.3240966796875
2023-09-21 00:00:00+05:30,1173.7127685546875
2023-09-22 00:00:00+05:30,1168.823974609375
2023-09-25 00:00:00+05:30,1161.6273193359375
2023-09-26 00:00:00+05:30,1162.644775390625
2023-09-27 00:00:00+05:30,1175.747802734375
2023-09-28 00:00:00+05:30,1158.4757080078125
2023-09-29 00:00:00+05:30,1163.8856201171875
2023-10-03 00:00:00+05:30,1150.5592041015625
2023-10-04 00:00:00+05:30,1148.5738525390625
2023-10-05 00:00:00+05:30,1148.5491943359375
2023-10-06 00:00:00+05:30,1150.4847412109375
2023-10-09 00:00:00+05:30,1140.6822509765625
2023-10-10 00:00:00+05:30,1145.719970703125
2023-10-11 00:00:00+05:30,1163.910400390625
2023-10-12 00:00:00+05:30,1166.0693359375
2023-10-13 00:00:00+05:30,1166.019775390625
2023-10-16 00:00:00+05:30,1163.4140625
2023-10-17 00:00:00+05:30,1168.972900390625
2023-10-18 00:00:00+05:30,1153.4627685546875
2023-10-19 00:00:00+05:30,1144.603271484375
2023-10-20 00:00:00+05:30,1141.104248046875
2023-10-23 00:00:00+05:30,1123.2860107421875
2023-10-25 00:00:00+05:30,1120.680419921875
2023-10-26 00:00:00+05:30,1105.07080078125
2023-10-27 00:00:00+05:30,1124.5765380859375
2023-10-30 00:00:00+05:30,1147.7550048828125
2023-10-31 00:00:00+05:30,1135.5452880859375
2023-11-01 00:00:00+05:30,1140.2603759765625
2023-11-02 00:00:00+05:30,1151.57666015625
2023-11-03 00:00:00+05:30,1151.3284912109375
2023-11-06 00:00:00+05:30,1160.9075927734375
2023-11-07 00:00:00+05:30,1153.3634033203125
2023-11-08 00:00:00+05:30,1159.3690185546875
2023-11-09 00:00:00+05:30,1146.787109375
2023-11-10 00:00:00+05:30,1148.9461669921875
2023-11-13 00:00:00+05:30,1148.79736328125
2023-11-15 00:00:00+05:30,1169.5684814453125
2023-11-16 00:00:00+05:30,1171.6778564453125
2023-11-17 00:00:00+05:30,1169.121826171875
2023-11-20 00:00:00+05:30,1166.0445556640625
2023-11-21 00:00:00+05:30,1180.7109375
2023-11-22 00:00:00+05:30,1185.3267822265625
2023-11-23 00:00:00+05:30,1188.9500732421875
2023-11-24 00:00:00+05:30,1188.1558837890625
2023-11-28 00:00:00+05:30,1188.404052734375
2023-11-29 00:00:00+05:30,1191.5308837890625
2023-11-30 00:00:00+05:30,1179.9913330078125
2023-12-01 00:00:00+05:30,1188.3544921875
2023-12-04 00:00:00+05:30,1201.2093505859375
2023-12-05 00:00:00+05:30,1209.919921875
2023-12-06 00:00:00+05:30,1221.5091552734375
2023-12-07 00:00:00+05:30,1219.4989013671875
2023-12-08 00:00:00+05:30,1218.8536376953125
2023-12-11 00:00:00+05:30,1220.6405029296875
2023-12-12 00:00:00+05:30,1203.1201171875
2023-12-13 00:00:00+05:30,1208.03369140625
2023-12-14 00:00:00+05:30,1223.0228271484375
2023-12-15 00:00:00+05:30,1238.63232421875
2023-12-18 00:00:00+05:30,1251.239013671875
2023-12-19 00:00:00+05:30,1269.6527099609375
2023-12-20 00:00:00+05:30,1254.2913818359375
2023-12-21 00:00:00+05:30,1271.8614501953125
2023-12-22 00:00:00+05:30,1273.102294921875
2023-12-26 00:00:00+05:30,1279.554443359375
2023-12-27 00:00:00+05:30,1283.9222412109375
2023-12-28 00:00:00+05:30,1293.2034912109375
2023-12-29 00:00:00+05:30,1282.97900390625
2024-01-01 00:00:00+05:30,1285.609619140625
2024-01-02 00:00:00+05:30,1296.255859375
2024-01-03 00:00:00+05:30,1282.16015625
2024-01-04 00:00:00+05:30,1288.7860107421875
2024-01-05 00:00:00+05:30,1294.2705078125
2024-01-08 00:00:00+05:30,1284.1702880859375
2024-01-09 00:00:00+05:30,1280.7705078125
2024-01-10 00:00:00+05:30,1315.3148193359375
2024-01-11 00:00:00+05:30,1349.9088134765625
2024-01-12 00:00:00+05:30,1360.6541748046875
2024-01-15 00:00:00+05:30,1383.88232421875
2024-01-16 00:00:00+05:30,1364.5255126953125
2024-01-17 00:00:00+05:30,1351.5712890625
2024-01-18 00:00:00+05:30,1357.8995361328125
2024-01-19 00:00:00+05:30,1357.4031982421875
2024-01-23 00:00:00+05:30,1318.8138427734375
2024-01-24 00:00:00+05:30,1334.00146484375
2024-01-25 00:00:00+05:30,1343.1337890625
2024-01-29 00:00:00+05:30,1437.4111328125
2024-01-30 00:00:00+05:30,1397.2830810546875
2024-01-31 00:00:00+05:30,1416.1435546875
2024-02-01 00:00:00+05:30,1416.1683349609375
2024-02-02 00:00:00+05:30,1446.9901123046875
2024-02-05 00:00:00+05:30,1428.452392578125
2024-02-06 00:00:00+05:30,1417.309814453125
2024-02-07 00:00:00+05:30,1431.554443359375
2024-02-08 00:00:00+05:30,1439.4708251953125
2024-02-09 00:00:00+05:30,1450.0177001953125
2024-02-12 00:00:00+05:30,1441.679443359375
2024-02-13 00:00:00+05:30,1454.3358154296875
2024-02-14 00:00:00+05:30,1470.4912109375
2024-02-15 00:00:00+05:30,1459.7952880859375
2024-02-16 00:00:00+05:30,1449.843994140625
2024-02-19 00:00:00+05:30,1463.17041015625
2024-02-20 00:00:00+05:30,1460.2174072265625
2024-02-21 00:00:00+05:30,1456.916748046875
2024-02-22 00:00:00+05:30,1470.8634033203125
2024-02-23 00:00:00+05:30,1482.6512451171875
2024-02-26 00:00:00+05:30,1476.3974609375
2024-02-27 00:00:00+05:30,1474.73486328125
2024-02-28 00:00:00+05:30,1444.930419921875
2024-02-29 00:00:00+05:30,1450.0675048828125
2024-03-01 00:00:00+05:30,1481.1622314453125
2024-03-04 00:00:00+05:30,1496.3250732421875
2024-03-05 00:00:00+05:30,1489.1778564453125
2024-03-06 00:00:00+05:30,1491.9573974609375
2024-03-07 00:00:00+05:30,1468.059326171875
2024-03-11 00:00:00+05:30,1455.82470703125
2024-03-12 00:00:00+05:30,1464.5850830078125
2024-03-13 00:00:00+05:30,1421.6527099609375
2024-03-14 00:00:00+05:30,1420.9578857421875
2024-03-15 00:00:00+05:30,1407.80517578125
2024-03-18 00:00:00+05:30,1428.8990478515625
2024-03-19 00:00:00+05:30,1414.778564453125
2024-03-20 00:00:00+05:30,1433.142578125
2024-03-21 00:00:00+05:30,1440.3145751953125
2024-03-22 00:00:00+05:30,1444.3348388671875
2024-03-26 00:00:00+05:30,1430.983642578125
2024-03-27 00:00:00+05:30,1481.8819580078125
2024-03-28 00:00:00+05:30,1474.933349609375
2024-04-01 00:00:00+05:30,1473.8663330078125
2024-04-02 00:00:00+05:30,1476.025146484375
2024-04-03 00:00:00+05:30,1460.7880859375
2024-04-04 00:00:00+05:30,1452.1768798828125
2024-04-05 00:00:00+05:30,1449.3724365234375
2024-04-08 00:00:00+05:30,1475.057373046875
2024-04-09 00:00:00+05:30,1452.896484375
2024-04-10 00:00:00+05:30,1468.7044677734375
2024-04-12 00:00:00+05:30,1456.3707275390625
2024-04-15 00:00:00+05:30,1454.062744140625
2024-04-16 00:00:00+05:30,1454.9810791015625
2024-04-18 00:00:00+05:30,1453.56640625
2024-04-19 00:00:00+05:30,1459.323974609375
2024-04-22 00:00:00+05:30,1468.9774169921875
2024-04-23 00:00:00+05:30,1448.603271484375
2024-04-24 00:00:00+05:30,1439.5205078125
2024-04-25 00:00:00+05:30,1449.2484130859375
2024-04-26 00:00:00+05:30,1441.878173828125
2024-04-29 00:00:00+05:30,1454.2613525390625
2024-04-30 00:00:00+05:30,1456.2218017578125
2024-05-02 00:00:00+05:30,1455.7752685546875
2024-05-03 00:00:00+05:30,1423.46435546875
2024-05-06 00:00:00+05:30,1409.095703125
2024-05-07 00:00:00+05:30,1391.17822265625
2024-05-08 00:00:00+05:30,1408.1279296875
2024-05-09 00:00:00+05:30,1383.88232421875
2024-05-10 00:00:00+05:30,1397.0845947265625
2024-05-13 00:00:00+05:30,1392.394287109375
2024-05-14 00:00:00+05:30,1409.6414794921875
2024-05-15 00:00:00+05:30,1405.86962890625
2024-05-16 00:00:00+05:30,1414.8778076171875
2024-05-17 00:00:00+05:30,1425.15185546875
2024-05-21 00:00:00+05:30,1425.57373046875
2024-05-22 00:00:00+05:30,1449.9185791015625
2024-05-23 00:00:00+05:30,1475.1319580078125
2024-05-24 00:00:00+05:30,1469.37451171875
2024-05-27 00:00:00+05:30,1455.4774169921875
2024-05-28 00:00:00+05:30,1445.5010986328125
2024-05-29 00:00:00+05:30,1430.1895751953125
2024-05-30 00:00:00+05:30,1414.3814697265625
2024-05-31 00:00:00+05:30,1419.8907470703125
2024-06-03 00:00:00+05:30,1499.228515625
2024-06-04 00:00:00+05:30,1387.0091552734375
2024-06-05 00:00:00+05:30,1410.3116455078125
2024-06-06 00:00:00+05:30,1421.0819091796875
2024-06-07 00:00:00+05:30,1459.1500244140625
2024-06-10 00:00:00+05:30,1460.5894775390625
2024-06-11 00:00:00+05:30,1445.9727783203125
2024-06-12 00:00:00+05:30,1452.5738525390625
2024-06-13 00:00:00+05:30,1454.4847412109375
2024-06-14 00:00:00+05:30,1466.6944580078125
2024-06-18 00:00:00+05:30,1470.1439208984375
2024-06-19 00:00:00+05:30,1447.9332275390625
2024-06-20 00:00:00+05:30,1462.8726806640625
2024-06-21 00:00:00+05:30,1443.515869140625
2024-06-24 00:00:00+05:30,1430.88427734375
2024-06-25 00:00:00+05:30,1443.46630859375
2024-06-26 00:00:00+05:30,1502.9013671875
2024-06-27 00:00:00+05:30,1519.304931640625
2024-06-28 00:00:00+05:30,1553.89892578125
2024-07-01 00:00:00+05:30,1548.6875
2024-07-02 00:00:00+05:30,1553.6756591796875
2024-07-03 00:00:00+05:30,1541.019287109375
2024-07-04 00:00:00+05:30,1542.6075439453125
2024-07-05 00:00:00+05:30,1576.9532470703125
2024-07-08 00:00:00+05:30,1589.13818359375
2024-07-09 00:00:00+05:30,1578.5911865234375
2024-07-10 00:00:00+05:30,1572.5855712890625
2024-07-11 00:00:00+05:30,1569.036865234375
2024-07-12 00:00:00+05:30,1584.9937744140625
2024-07-15 00:00:00+05:30,1585.4901123046875
2024-07-16 00:00:00+05:30,1564.669189453125
2024-07-18 00:00:00+05:30,1575.0177001953125
2024-07-19 00:00:00+05:30,1543.7242431640625
2024-07-22 00:00:00+05:30,1489.6495361328125
2024-07-23 00:00:00+05:30,1476.96826171875
2024-07-24 00:00:00+05:30,1484.7109375
2024-07-25 00:00:00+05:30,1481.4351806640625
2024-07-26 00:00:00+05:30,1497.9381103515625
2024-07-29 00:00:00+05:30,1508.9317626953125
2024-07-30 00:00:00+05:30,1502.03271484375
2024-07-31 00:00:00+05:30,1494.364501953125
2024-08-01 00:00:00+05:30,1504.1671142578125
2024-08-02 00:00:00+05:30,1488.3092041015625
2024-08-05 00:00:00+05:30,1436.6912841796875
2024-08-06 00:00:00+05:30,1445.3524169921875
2024-08-07 00:00:00+05:30,1454.062744140625
2024-08-08 00:00:00+05:30,1438.478271484375
2024-08-09 00:00:00+05:30,1463.46826171875
2024-08-12 00:00:00+05:30,1449.8936767578125
2024-08-13 00:00:00+05:30,1452.8717041015625
2024-08-14 00:00:00+05:30,1451.1097412109375
2024-08-16 00:00:00+05:30,1467.339599609375
2024-08-19 00:00:00+05:30,1482.4791259765625
2024-08-20 00:00:00+05:30,1489.9990234375
2024-08-21 00:00:00+05:30,1492.7132568359375
2024-08-22 00:00:00+05:30,1492.1654052734375
2024-08-23 00:00:00+05:30,1494.008056640625
2024-08-26 00:00:00+05:30,1506.5828857421875
2024-08-27 00:00:00+05:30,1494.481201171875
2024-08-28 00:00:00+05:30,1492.33984375
2024-08-29 00:00:00+05:30,1514.874755859375
2024-08-30 00:00:00+05:30,1503.6197509765625
2024-09-02 00:00:00+05:30,1510.2183837890625
2024-09-03 00:00:00+05:30,1503.1217041015625
2024-09-04 00:00:00+05:30,1508.525146484375
2024-09-05 00:00:00+05:30,1487.035888671875
2024-09-06 00:00:00+05:30,1458.997802734375
2024-09-09 00:00:00+05:30,1456.63232421875
2024-09-10 00:00:00+05:30,1455.7110595703125
2024-09-11 00:00:00+05:30,1445.7259521484375
2024-09-12 00:00:00+05:30,1473.913330078125
2024-09-13 00:00:00+05:30,1466.766845703125
2024-09-16 00:00:00+05:30,1465.4969482421875
2024-09-17 00:00:00+05:30,1466.4432373046875
2024-09-18 00:00:00+05:30,1457.6282958984375
2024-09-19 00:00:00+05:30,1463.82861328125
2024-09-20 00:00:00+05:30,1480.0140380859375
2024-09-23 00:00:00+05:30,1487.434326171875
2024-09-24 00:00:00+05:30,1483.4501953125
2024-09-25 00:00:00+05:30,1488.0069580078125
2024-09-26 00:00:00+05:30,1491.9910888671875
2024-09-27 00:00:00+05:30,1520.1038818359375
2024-09-30 00:00:00+05:30,1470.701171875
2024-10-01 00:00:00+05:30,1458.997802734375
2024-10-03 00:00:00+05:30,1401.3780517578125
2024-10-04 00:00:00+05:30,1381.0093994140625
2024-10-07 00:00:00+05:30,1365.272216796875
2024-10-08 00:00:00+05:30,1391.791259765625
2024-10-09 00:00:00+05:30,1369.1318359375
2024-10-10 00:00:00+05:30,1365.595947265625
2024-10-11 00:00:00+05:30,1366.6417236328125
2024-10-14 00:00:00+05:30,1367.0650634765625
2024-10-15 00:00:00+05:30,1338.678466796875
2024-10-16 00:00:00+05:30,1348.6884765625
2024-10-17 00:00:00+05:30,1351.0291748046875
2024-10-18 00:00:00+05:30,1353.8927001953125
2024-10-21 00:00:00+05:30,1363.7532958984375
2024-10-22 00:00:00+05:30,1338.006103515625
2024-10-23 00:00:00+05:30,1333.2003173828125
2024-10-24 00:00:00+05:30,1334.4703369140625
2024-10-25 00:00:00+05:30,1322.5677490234375
2024-10-28 00:00:00+05:30,1329.0418701171875
2024-10-29 00:00:00+05:30,1334.66943359375
2024-10-30 00:00:00+05:30,1338.553955078125
2024-10-31 00:00:00+05:30,1326.7510986328125
2024-11-01 00:00:00+05:30,1333.3248291015625
2024-11-04 00:00:00+05:30,1296.9700927734375
2024-11-05 00:00:00+05:30,1300.1075439453125
2024-11-06 00:00:00+05:30,1320.0777587890625
2024-11-07 00:00:00+05:30,1300.4561767578125
2024-11-08 00:00:00+05:30,1278.6431884765625
2024-11-11 00:00:00+05:30,1267.6370849609375
2024-11-12 00:00:00+05:30,1269.1810302734375
2024-11-13 00:00:00+05:30,1247.0693359375
2024-11-14 00:00:00+05:30,1262.5574951171875
2024-11-18 00:00:00+05:30,1255.7347412109375
2024-11-19 00:00:00+05:30,1236.710693359375
2024-11-21 00:00:00+05:30,1218.1348876953125
2024-11-22 00:00:00+05:30,1260.3662109375
2024-11-25 00:00:00+05:30,1281.8802490234375
2024-11-26 00:00:00+05:30,1290.545654296875
2024-11-27 00:00:00+05:30,1288.0555419921875
2024-11-28 00:00:00+05:30,1265.7447509765625
2024-11-29 00:00:00+05:30,1287.0595703125
2024-12-02 00:00:00+05:30,1303.9422607421875
2024-12-03 00:00:00+05:30,1318.035888671875
2024-12-04 00:00:00+05:30,1303.742919921875
2024-12-05 00:00:00+05:30,1316.7908935546875
2024-12-06 00:00:00+05:30,1306.3326416015625
2024-12-09 00:00:00+05:30,1289.9979248046875
2024-12-10 00:00:00+05:30,1279.73876953125
2024-12-11 00:00:00+05:30,1273.115234375
2024-12-12 00:00:00+05:30,1257.876220703125
2024-12-13 00:00:00+05:30,1267.78662109375
2024-12-16 00:00:00+05:30,1263.2547607421875
2024-12-17 00:00:00+05:30,1240.34619140625
2024-12-18 00:00:00+05:30,1248.2645263671875
2024-12-19 00:00:00+05:30,1225.55517578125
2024-12-20 00:00:00+05:30,1200.50537109375
2024-12-23 00:00:00+05:30,1217.437744140625
2024-12-24 00:00:00+05:30,1217.8858642578125
2024-12-26 00:00:00+05:30,1211.7105712890625
2024-12-27 00:00:00+05:30,1216.1927490234375
2024-12-30 00:00:00+05:30,1205.8837890625
2024-12-31 00:00:00+05:30,1210.6148681640625
2025-01-01 00:00:00+05:30,1216.391845703125
2025-01-02 00:00:00+05:30,1236.860107421875
2025-01-03 00:00:00+05:30,1246.1729736328125
2025-01-06 00:00:00+05:30,1213.15478515625
2025-01-07 00:00:00+05:30,1235.913818359375
2025-01-08 00:00:00+05:30,1260.4658203125
2025-01-09 00:00:00+05:30,1249.758544921875
2025-01-10 00:00:00+05:30,1236.959716796875
2025-01-13 00:00:00+05:30,1234.9178466796875
2025-01-14 00:00:00+05:30,1233.822265625
2025-01-15 00:00:00+05:30,1247.2186279296875
2025-01-16 00:00:00+05:30,1261.4119873046875
2025-01-17 00:00:00+05:30,1297.169189453125
2025-01-20 00:00:00+05:30,1300.2568359375
2025-01-21 00:00:00+05:30,1268.6331787109375
2025-01-22 00:00:00+05:30,1272.0196533203125
2025-01-23 00:00:00+05:30,1258.6231689453125
2025-01-24 00:00:00+05:30,1241.34228515625
2025-01-27 00:00:00+05:30,1224.4595947265625
2025-01-28 00:00:00+05:30,1229.4896240234375
2025-01-29 00:00:00+05:30,1230.585205078125
2025-01-30 00:00:00+05:30,1248.0654296875
2025-01-31 00:00:00+05:30,1260.0673828125
2025-02-01 00:00:00+05:30,1259.5693359375
2025-02-03 00:00:00+05:30,1240.94384765625
2025-02-04 00:00:00+05:30,1280.08740234375
2025-02-05 00:00:00+05:30,1273.115234375
2025-02-06 00:00:00+05:30,1276.4520263671875
2025-02-07 00:00:00+05:30,1261.6610107421875
2025-02-10 00:00:00+05:30,1248.6629638671875
2025-02-11 00:00:00+05:30,1229.937744140625
2025-02-12 00:00:00+05:30,1211.7105712890625
2025-02-13 00:00:00+05:30,1211.2623291015625
2025-02-14 00:00:00+05:30,1212.40771484375
2025-02-17 00:00:00+05:30,1220.02734375
2025-02-18 00:00:00+05:30,1220.525390625
2025-02-19 00:00:00+05:30,1222.567138671875
2025-02-20 00:00:00+05:30,1228.0950927734375
2025-02-21 00:00:00+05:30,1223.264404296875
2025-02-24 00:00:00+05:30,1209.718505859375
2025-02-25 00:00:00+05:30,1199.21044921875
2025-02-27 00:00:00+05:30,1202.298095703125
2025-02-28 00:00:00+05:30,1195.325927734375
2025-03-03 00:00:00+05:30,1166.5906982421875
2025-03-04 00:00:00+05:30,1157.2779541015625
2025-03-05 00:00:00+05:30,1170.9234619140625
2025-03-06 00:00:00+05:30,1204.7882080078125
2025-03-07 00:00:00+05:30,1244.828369140625
2025-03-10 00:00:00+05:30,1233.4736328125
2025-03-11 00:00:00+05:30,1242.3382568359375
2025-03-12 00:00:00+05:30,1252.0494384765625
2025-03-13 00:00:00+05:30,1242.9359130859375
2025-03-17 00:00:00+05:30,1233.9217529296875
2025-03-18 00:00:00+05:30,1233.9217529296875
2025-03-19 00:00:00+05:30,1242.1888427734375
2025-03-20 00:00:00+05:30,1264.101318359375
2025-03-21 00:00:00+05:30,1271.2725830078125
2025-03-24 00:00:00+05:30,1296.920166015625
2025-03-25 00:00:00+05:30,1280.33642578125
2025-03-26 00:00:00+05:30,1267.98583984375
2025-03-27 00:00:00+05:30,1273.115234375
2025-03-28 00:00:00+05:30,1270.027587890625
2025-04-01 00:00:00+05:30,1247.6170654296875
2025-04-02 00:00:00+05:30,1246.1729736328125
2025-04-03 00:00:00+05:30,1243.732666015625
2025-04-04 00:00:00+05:30,1199.9075927734375
2025-04-07 00:00:00+05:30,1161.062744140625
2025-04-08 00:00:00+05:30,1177.4971923828125
2025-04-09 00:00:00+05:30,1180.6346435546875
2025-04-11 00:00:00+05:30,1214.1009521484375
2025-04-15 00:00:00+05:30,1235.1668701171875
2025-04-16 00:00:00+05:30,1234.3701171875
2025-04-17 00:00:00+05:30,1269.4300537109375
2025-04-21 00:00:00+05:30,1290.346435546875
2025-04-22 00:00:00+05:30,1286.0635986328125
2025-04-23 00:00:00+05:30,1294.82861328125
2025-04-24 00:00:00+05:30,1296.4222412109375
2025-04-25 00:00:00+05:30,1295.22705078125
2025-04-28 00:00:00+05:30,1363.35498046875
2025-04-29 00:00:00+05:30,1394.1319580078125
2025-04-30 00:00:00+05:30,1399.410888671875
2025-05-02 00:00:00+05:30,1414.152099609375
2025-05-05 00:00:00+05:30,1425.6063232421875
2025-05-06 00:00:00+05:30,1415.2476806640625
2025-05-07 00:00:00+05:30,1400.4068603515625
2025-05-08 00:00:00+05:30,1401.4029541015625
2025-05-09 00:00:00+05:30,1371.721435546875
2025-05-12 00:00:00+05:30,1430.7855224609375
2025-05-13 00:00:00+05:30,1410.0682373046875
2025-05-14 00:00:00+05:30,1418.7337646484375
2025-05-15 00:00:00+05:30,1448.4151611328125
2025-05-16 00:00:00+05:30,1450.6064453125
2025-05-19 00:00:00+05:30,1435.0684814453125
2025-05-20 00:00:00+05:30,1418.932861328125
2025-05-21 00:00:00+05:30,1423.5145263671875
2025-05-22 00:00:00+05:30,1403.79345703125
2025-05-23 00:00:00+05:30,1421.124267578125
2025-05-26 00:00:00+05:30,1429.0924072265625
2025-05-27 00:00:00+05:30,1416.44287109375
2025-05-28 00:00:00+05:30,1407.279541015625
2025-05-29 00:00:00+05:30,1412.1600341796875
2025-05-30 00:00:00+05:30,1415.2476806640625
2025-06-02 00:00:00+05:30,1408.0762939453125
2025-06-03 00:00:00+05:30,1399.908935546875
2025-06-04 00:00:00+05:30,1417.8372802734375
2025-06-05 00:00:00+05:30,1436.662109375
2025-06-06 00:00:00+05:30,1437.7576904296875
2025-06-09 00:00:00+05:30,1443.0367431640625
2025-06-10 00:00:00+05:30,1432.777587890625
2025-06-11 00:00:00+05:30,1443.13623046875
2025-06-12 00:00:00+05:30,1435.865234375
2025-06-13 00:00:00+05:30,1422.2198486328125
2025-06-16 00:00:00+05:30,1432.0804443359375
2025-06-17 00:00:00+05:30,1425.506591796875
2025-06-18 00:00:00+05:30,1424.4110107421875
2025-06-19 00:00:00+05:30,1427.598388671875
2025-06-20 00:00:00+05:30,1460.367431640625
2025-06-23 00:00:00+05:30,1451.0048828125
2025-06-24 00:00:00+05:30,1445.0286865234375
2025-06-25 00:00:00+05:30,1461.463134765625
2025-06-26 00:00:00+05:30,1489.3516845703125
2025-06-27 00:00:00+05:30,1509.3717041015625
2025-06-30 00:00:00+05:30,1494.630615234375
2025-07-01 00:00:00+05:30,1522.320068359375
2025-07-02 00:00:00+05:30,1512.75830078125
2025-07-03 00:00:00+05:30,1511.76220703125
2025-07-04 00:00:00+05:30,1521.2244873046875
2025-07-07 00:00:00+05:30,1535.367919921875
2025-07-08 00:00:00+05:30,1531.4833984375
2025-07-09 00:00:00+05:30,1512.9573974609375
2025-07-10 00:00:00+05:30,1511.16455078125
2025-07-11 00:00:00+05:30,1489.2520751953125
2025-07-14 00:00:00+05:30,1477.7977294921875
2025-07-15 00:00:00+05:30,1479.4910888671875
2025-07-16 00:00:00+05:30,1479.690185546875
2025-07-17 00:00:00+05:30,1470.52685546875
2025-07-18 00:00:00+05:30,1470.12841796875
2025-07-21 00:00:00+05:30,1422.9169921875
2025-07-22 00:00:00+05:30,1407.179931640625
2025-07-23 00:00:00+05:30,1418.932861328125
2025-07-24 00:00:00+05:30,1397.3192138671875
2025-07-25 00:00:00+05:30,1386.1636962890625
2025-07-28 00:00:00+05:30,1382.080078125
2025-07-29 00:00:00+05:30,1411.4627685546875
2025-07-30 00:00:00+05:30,1404.4906005859375
2025-07-31 00:00:00+05:30,1384.669677734375
2025-08-01 00:00:00+05:30,1388.15576171875
2025-08-04 00:00:00+05:30,1405.885009765625
2025-08-05 00:00:00+05:30,1386.1636962890625
2025-08-06 00:00:00+05:30,1387.259521484375
2025-08-07 00:00:00+05:30,1383.8729248046875
2025-08-08 00:00:00+05:30,1362.35888671875
2025-08-11 00:00:00+05:30,1380.6856689453125
2025-08-12 00:00:00+05:30,1374.9088134765625
2025-08-13 00:00:00+05:30,1377.0999755859375
2025-08-14 00:00:00+05:30,1373.800048828125
2025-08-18 00:00:00+05:30,1381.699951171875
2025-08-19 00:00:00+05:30,1420.0999755859375
2025-08-20 00:00:00+05:30,1413.0
2025-08-21 00:00:00+05:30,1424.800048828125
2025-08-22 00:00:00+05:30,1409.199951171875
2025-08-25 00:00:00+05:30,1412.5999755859375
2025-08-26 00:00:00+05:30,1384.9000244140625
2025-08-28 00:00:00+05:30,1385.9000244140625
2025-08-29 00:00:00+05:30,1357.199951171875
2025-09-01 00:00:00+05:30,1353.9000244140625
2025-09-02 00:00:00+05:30,1366.5
2025-09-03 00:00:00+05:30,1372.5999755859375
2025-09-04 00:00:00+05:30,1359.300048828125
2025-09-05 00:00:00+05:30,1375.0
2025-09-08 00:00:00+05:30,1378.5
2025-09-09 00:00:00+05:30,1376.199951171875
2025-09-10 00:00:00+05:30,1377.0
2025-09-11 00:00:00+05:30,1383.300048828125
2025-09-12 00:00:00+05:30,1395.0
2025-09-15 00:00:00+05:30,1399.300048828125
2025-09-16 00:00:00+05:30,1405.300048828125
2025-09-17 00:00:00+05:30,1413.800048828125
2025-09-18 00:00:00+05:30,1415.0
2025-09-19 00:00:00+05:30,1407.4000244140625
2025-09-22 00:00:00+05:30,1390.5999755859375
2025-09-23 00:00:00+05:30,1389.800048828125
2025-09-24 00:00:00+05:30,1383.0
2025-09-25 00:00:00+05:30,1372.4000244140625
2025-09-26 00:00:00+05:30,1377.5999755859375
2025-09-29 00:00:00+05:30,1372.800048828125
2025-09-30 00:00:00+05:30,1364.0
2025-10-01 00:00:00+05:30,1368.699951171875
2025-10-03 00:00:00+05:30,1363.4000244140625
2025-10-06 00:00:00+05:30,1375.0
2025-10-07 00:00:00+05:30,1384.800048828125
2025-10-08 00:00:00+05:30,1367.4000244140625
2025-10-09 00:00:00+05:30,1377.800048828125
2025-10-10 00:00:00+05:30,1381.699951171875
2025-10-13 00:00:00+05:30,1375.0
2025-10-14 00:00:00+05:30,1375.9000244140625
2025-10-15 00:00:00+05:30,1374.300048828125
2025-10-16 00:00:00+05:30,1398.300048828125
2025-10-17 00:00:00+05:30,1416.800048828125
2025-10-20 00:00:00+05:30,1466.800048828125
2025-10-21 00:00:00+05:30,1465.199951171875
2025-10-23 00:00:00+05:30,1448.4000244140625
2025-10-24 00:00:00+05:30,1451.5999755859375
2025-10-27 00:00:00+05:30,1484.0999755859375
2025-10-28 00:00:00+05:30,1486.9000244140625
2025-10-29 00:00:00+05:30,1504.199951171875
2025-10-30 00:00:00+05:30,1488.5
2025-10-31 00:00:00+05:30,1486.4000244140625
2025-11-03 00:00:00+05:30,1484.699951171875
2025-11-04 00:00:00+05:30,1473.0999755859375
2025-11-05 00:00:00+05:30,1473.0999755859375
2025-11-06 00:00:00+05:30,1496.0999755859375
2025-11-07 00:00:00+05:30,1478.0
2025-11-10 00:00:00+05:30,1489.300048828125
2025-11-11 00:00:00+05:30,1493.4000244140625
2025-11-12 00:00:00+05:30,1511.5
2025-11-13 00:00:00+05:30,1510.9000244140625
2025-11-14 00:00:00+05:30,1518.9000244140625
2025-11-17 00:00:00+05:30,1518.300048828125
2025-11-18 00:00:00+05:30,1519.4000244140625
2025-11-19 00:00:00+05:30,1518.9000244140625
2025-11-20 00:00:00+05:30,1549.0999755859375
2025-11-21 00:00:00+05:30,1546.5999755859375
2025-11-24 00:00:00+05:30,1535.9000244140625
2025-11-25 00:00:00+05:30,1539.699951171875
2025-11-26 00:00:00+05:30,1569.9000244140625
2025-11-27 00:00:00+05:30,1563.4000244140625
2025-11-28 00:00:00+05:30,1567.5
2025-12-01 00:00:00+05:30,1566.0999755859375
2025-12-02 00:00:00+05:30,1546.300048828125
2025-12-03 00:00:00+05:30,1538.800048828125
2025-12-04 00:00:00+05:30,1535.5999755859375
2025-12-05 00:00:00+05:30,1540.5999755859375
2025-12-08 00:00:00+05:30,1543.0
2025-12-09 00:00:00+05:30,1529.4000244140625
2025-12-10 00:00:00+05:30,1536.9000244140625
2025-12-11 00:00:00+05:30,1545.0
2025-12-12 00:00:00+05:30,1556.5
2025-12-15 00:00:00+05:30,1556.199951171875
2025-12-16 00:00:00+05:30,1542.300048828125
2025-12-17 00:00:00+05:30,1544.4000244140625
2025-12-18 00:00:00+05:30,1544.4000244140625
2025-12-19 00:00:00+05:30,1565.0999755859375
2025-12-22 00:00:00+05:30,1575.4000244140625
2025-12-23 00:00:00+05:30,1570.699951171875
2025-12-24 00:00:00+05:30,1558.199951171875
2025-12-25 00:00:00+05:30,1558.199951171875
2025-12-26 00:00:00+05:30,1559.199951171875
2025-12-29 00:00:00+05:30,1545.5999755859375
2025-12-30 00:00:00+05:30,1539.800048828125
