Date,Open,High,Low,Close,Volume,Dividends,Stock Splits
2010-01-04 00:00:00+05:30,48.57268678789947,48.69918105885004,48.093827682458524,48.50944137573242,2802145,0.0,0.0
2010-01-05 00:00:00+05:30,48.78050288733074,50.37971243860777,46.982516600900254,49.22322082519531,18410675,0.0,0.0
2010-01-06 00:00:00+05:30,49.40392110843707,49.84663902485744,48.26549671583698,48.52751541137695,8991010,0.0,0.0
2010-01-07 00:00:00+05:30,48.70821491613029,48.744356136606314,47.53365282359134,47.705318450927734,5386165,0.0,0.0
2010-01-08 00:00:00+05:30,47.88602657134497,48.1932200872145,47.343921988806684,47.47944641113281,4819155,0.0,0.0
2010-01-11 00:00:00+05:30,47.97637048505325,48.9340921434533,47.7143552543787,48.3558464050293,4908175,0.0,0.0
2010-01-12 00:00:00+05:30,48.42812568542763,48.879880602070116,47.045756743418906,47.542686462402344,6424270,0.0,0.0
2010-01-13 00:00:00+05:30,47.289707129730594,47.533655210267725,46.38619725216341,47.443302154541016,9733245,0.0,0.0
2010-01-14 00:00:00+05:30,47.52462033053895,48.988308879952505,47.52462033053895,48.62690353393555,8301960,0.0,0.0
2010-01-15 00:00:00+05:30,48.916023505557,49.19611280429382,48.09382966684456,48.26549530029297,3422405,0.0,0.0
2010-01-18 00:00:00+05:30,47.91313111171822,49.421994506795926,47.91313111171822,49.20515060424805,4537200,0.0,0.0
2010-01-19 00:00:00+05:30,49.512342804827895,51.62655615028954,49.42199319169697,51.31936264038086,27471720,0.0,0.0
2010-01-20 00:00:00+05:30,51.50007058307062,51.997000399373306,49.15094593512128,49.3677864074707,24429145,0.0,0.0
2010-01-21 00:00:00+05:30,49.13286638139111,49.21418240538064,47.52461651211109,47.831809997558594,15086635,0.0,0.0
2010-01-22 00:00:00+05:30,47.19936044723667,47.70532380421209,46.07900661307403,46.846988677978516,12970865,0.0,0.0
2010-01-25 00:00:00+05:30,46.702420766079435,46.702420766079435,43.892508156471514,44.416542053222656,12330230,0.0,0.0
2010-01-27 00:00:00+05:30,43.91058023776278,44.26295199774391,41.796366910959875,42.618560791015625,15789805,0.0,0.0
2010-01-28 00:00:00+05:30,43.09742376769002,45.62725084816596,43.00707070794139,44.353302001953125,20835580,0.0,0.0
2010-01-29 00:00:00+05:30,44.14550120121996,45.58208230578789,43.18777931596891,45.039974212646484,17839725,0.0,0.0
2010-02-01 00:00:00+05:30,45.17548926583203,46.07899905114867,44.39847029900111,45.73566436767578,6676190,0.0,0.0
2010-02-02 00:00:00+05:30,46.097077800456546,46.539795743333485,43.63952964751432,43.97382736206055,9971840,0.0,0.0
2010-02-03 00:00:00+05:30,44.09128402918165,45.53690198956178,44.09128402918165,45.265846252441406,9769645,0.0,0.0
2010-02-04 00:00:00+05:30,45.17549650398013,45.69953391780239,43.36847664382093,43.85637283325195,7952590,0.0,0.0
2010-02-05 00:00:00+05:30,43.097423871714994,43.98286317968793,41.958999442452054,43.24198532104492,6874875,0.0,0.0
2010-02-08 00:00:00+05:30,44.25391515129116,44.25391515129116,42.26619265219345,43.08838653564453,10837410,0.0,0.0
2010-02-09 00:00:00+05:30,43.35040027957911,43.603381923516565,42.64566373054399,42.97996139526367,7301295,0.0,0.0
2010-02-10 00:00:00+05:30,43.36847080579903,43.70276846987447,41.81443283234065,42.03127670288086,7506165,0.0,0.0
2010-02-11 00:00:00+05:30,42.42882554519309,43.26005647420113,42.32943890129483,42.898651123046875,3536355,0.0,0.0
2010-02-15 00:00:00+05:30,43.359445340145946,43.36847892341016,41.9228643379433,42.32944107055664,4014560,0.0,0.0
2010-02-16 00:00:00+05:30,42.79022729706412,43.784086759214915,41.92285866319253,43.368473052978516,4980155,0.0,0.0
2010-02-17 00:00:00+05:30,43.729881689264204,44.09128359080334,42.89865076715221,43.70277404785156,4762460,0.0,0.0
2010-02-18 00:00:00+05:30,43.187768728717984,43.82925987405743,42.483032171675575,42.64566421508789,5075005,0.0,0.0
2010-02-19 00:00:00+05:30,42.46497135650455,42.46497135650455,41.03742385652663,41.44400405883789,8918880,0.0,0.0
2010-02-22 00:00:00+05:30,42.374618150385004,43.1697044270112,41.977071565454956,42.38365173339844,7945525,0.0,0.0
2010-02-23 00:00:00+05:30,43.820229421371884,43.820229421371884,42.28426192758809,42.67277145385742,3237425,0.0,0.0
2010-02-24 00:00:00+05:30,42.4468943773691,42.77215849044435,41.48917264960494,41.706016540527344,5871740,0.0,0.0
2010-02-25 00:00:00+05:30,41.92286010509113,42.10355932506693,40.3326807750172,40.612770080566406,13324765,0.0,0.0
2010-02-26 00:00:00+05:30,40.85671989249427,43.49496721789626,40.20619164387818,42.75408935546875,12029995,0.0,0.0
2010-03-02 00:00:00+05:30,43.5311096405776,44.57918104408328,43.04321344068264,44.29005813598633,9204630,0.0,0.0
2010-03-03 00:00:00+05:30,44.63339551747205,45.37427344404706,44.38041037298554,45.12128829956055,10502485,0.0,0.0
2010-03-04 00:00:00+05:30,44.81408575083504,46.241632922642,44.75084033908323,45.988651275634766,11228195,0.0,0.0
2010-03-05 00:00:00+05:30,46.09707244541911,46.38619531845858,45.28391221086026,45.46461486816406,4388420,0.0,0.0
2010-03-08 00:00:00+05:30,46.06093222132934,46.38619632219114,45.4646158519549,45.89830017089844,5080655,0.0,0.0
2010-03-09 00:00:00+05:30,46.07900511045397,46.08803869298386,44.814089866030095,45.02190017700195,2641015,0.0,0.0
2010-03-10 00:00:00+05:30,44.814092987459084,45.32909339295312,44.515936490570596,44.87733840942383,3003660,0.0,0.0
2010-03-11 00:00:00+05:30,44.506896166582735,45.844093851878704,44.506896166582735,45.50075912475586,4836475,0.0,0.0
2010-03-12 00:00:00+05:30,45.717598664889735,46.74760282585074,45.717598664889735,45.853126525878906,10432030,0.0,0.0
2010-03-15 00:00:00+05:30,45.71759439051569,45.71759439051569,44.73276857303865,44.91347122192383,3612175,0.0,0.0
2010-03-16 00:00:00+05:30,45.1754963513865,45.1754963513865,43.82926504360376,44.181636810302734,10078685,0.0,0.0
2010-03-17 00:00:00+05:30,44.543032105984445,44.90443740183429,44.281013438824125,44.44364547729492,3913475,0.0,0.0
2010-03-18 00:00:00+05:30,44.54303944479254,45.32005854625814,44.23584592669258,45.094181060791016,5650745,0.0,0.0
2010-03-19 00:00:00+05:30,45.18452894175671,45.60917970105052,43.57628240988669,44.687599182128906,8837680,0.0,0.0
2010-03-22 00:00:00+05:30,43.87444446438906,44.18163798561507,43.142600163246136,43.33233642578125,7115865,0.0,0.0
2010-03-23 00:00:00+05:30,43.747947226758406,43.92864989411204,42.8263701718266,42.9890022277832,5133095,0.0,0.0
2010-03-25 00:00:00+05:30,43.314261160032345,43.91057752580843,42.645665798176786,43.531105041503906,5224820,0.0,0.0
2010-03-26 00:00:00+05:30,43.72987837969362,45.62724769737341,43.72987837969362,45.42847442626953,8707655,0.0,0.0
2010-03-29 00:00:00+05:30,45.554965969595195,46.982513217899665,45.554965969595195,46.521724700927734,14296780,0.0,0.0
2010-03-30 00:00:00+05:30,46.991550731420226,47.127078601841454,46.205498044181084,46.35909652709961,7335645,0.0,0.0
2010-03-31 00:00:00+05:30,46.81988665468197,46.81988665468197,45.60014956640375,46.29585266113281,5007975,0.0,0.0
2010-04-01 00:00:00+05:30,46.58497503238568,46.919272754355674,46.359097541154085,46.630149841308594,3521710,0.0,0.0
2010-04-05 00:00:00+05:30,47.163216929595556,47.949269568547415,46.96444365095292,47.74146270751953,4644245,0.0,0.0
2010-04-06 00:00:00+05:30,48.0667269557894,48.410061679888265,47.18128767500114,47.41619873046875,6365145,0.0,0.0
2010-04-07 00:00:00+05:30,47.524619866734405,47.759534373337885,46.44041073249822,47.0638313293457,10603225,0.0,0.0
2010-04-08 00:00:00+05:30,46.97348403930664,47.41620198679625,46.56690387055917,46.97348403930664,6244530,0.0,0.0
2010-04-09 00:00:00+05:30,46.97347921753294,47.86795205034381,46.937337995883695,47.64207458496094,4370760,0.0,0.0
2010-04-12 00:00:00+05:30,47.651116985137904,47.84988683338181,47.20839558657055,47.578834533691406,2224415,0.0,0.0
2010-04-13 00:00:00+05:30,47.795679729880625,47.88602935000739,46.37716932486449,46.5759391784668,5783615,0.0,0.0
2010-04-15 00:00:00+05:30,46.89216440513774,47.343919347589484,45.19356485646651,45.527862548828125,4089115,0.0,0.0
2010-04-16 00:00:00+05:30,45.35620016503763,45.60014826505482,44.58821463980936,45.07611083984375,5549495,0.0,0.0
2010-04-19 00:00:00+05:30,44.27198753690252,46.133219274133985,44.27198753690252,45.87120056152344,7217440,0.0,0.0
2010-04-20 00:00:00+05:30,45.91637513745825,46.79278088718385,45.46462016487671,46.35909652709961,7296230,0.0,0.0
2010-04-21 00:00:00+05:30,46.7747086941755,49.358747601486286,46.630147245698794,49.10576248168945,16987455,0.0,0.0
2010-04-22 00:00:00+05:30,49.09672602985065,49.494269128275036,48.29260280427825,48.599796295166016,8208165,0.0,0.0
2010-04-23 00:00:00+05:30,48.51848240178679,49.26839382782065,48.51848240178679,48.979270935058594,4530325,0.0,0.0
2010-04-26 00:00:00+05:30,49.53041734548746,51.03928082009668,49.42199711180719,50.83147048950195,12143365,0.0,0.0
2010-04-27 00:00:00+05:30,51.10252444022524,51.57235003174909,49.557519793373295,49.80146789550781,21166970,0.0,0.0
2010-04-28 00:00:00+05:30,49.15093955620083,50.59655400630574,48.86181666617985,50.10865783691406,9269630,0.0,0.0
2010-04-29 00:00:00+05:30,50.03638203307169,53.37936953986835,50.03638203307169,52.99085998535156,28447035,0.0,0.0
2010-04-30 00:00:00+05:30,53.84919037362136,53.84919037362136,51.23804723105229,51.617523193359375,19277190,0.0,0.0
2010-05-03 00:00:00+05:30,51.45488913850764,52.376469643728825,50.99409716258869,51.85243225097656,7647895,0.0,0.0
2010-05-04 00:00:00+05:30,52.31322282693863,52.47585487919115,50.2893592025832,50.48813247680664,8617910,0.0,0.0
2010-05-05 00:00:00+05:30,49.36778421375726,50.41585564118633,48.807608997359914,49.93699645996094,20693300,0.0,0.0
2010-05-06 00:00:00+05:30,49.602695440693424,49.94602672495043,48.35585079976414,48.79856872558594,13834000,0.0,0.0
2010-05-07 00:00:00+05:30,47.4433042604675,48.66304471729536,47.34392106468165,47.840850830078125,7877845,0.0,0.0
2010-05-10 00:00:00+05:30,48.17514826517812,50.55138030042187,48.157077653331704,50.22611618041992,9155110,0.0,0.0
2010-05-11 00:00:00+05:30,50.4158498962168,50.768218192936644,49.331637366344225,49.855674743652344,5954410,0.0,0.0
2010-05-12 00:00:00+05:30,50.000237620823505,50.1267284543958,48.13900600029997,49.15997314453125,8773350,0.0,0.0
2010-05-13 00:00:00+05:30,49.873743759610925,50.56944674864189,49.50330486380135,50.072513580322266,13422185,0.0,0.0
2010-05-14 00:00:00+05:30,50.23515289184984,50.23515289184984,49.02444939566743,49.30453872680664,5220730,0.0,0.0
2010-05-17 00:00:00+05:30,46.476551917435444,49.93699677935387,43.36847884126057,49.29550552368164,8113765,0.0,0.0
2010-05-18 00:00:00+05:30,49.277431108611985,50.027342538475814,48.72628951440177,49.28646469116211,6345270,0.0,0.0
2010-05-19 00:00:00+05:30,48.7895335755925,49.494270179878164,47.63304203079208,47.92216491699219,13933505,0.0,0.0
2010-05-20 00:00:00+05:30,47.705322972138134,49.86471112429484,47.46137488072983,49.57558822631836,10469935,0.0,0.0
2010-05-21 00:00:00+05:30,48.789536662344105,48.9702393393058,47.09997404297862,47.958309173583984,7767870,0.0,0.0
2010-05-24 00:00:00+05:30,48.780502045703955,49.29550242382977,47.271638688659515,47.678218841552734,3885065,0.0,0.0
2010-05-25 00:00:00+05:30,47.41620176122666,47.48848421160099,46.35005974452382,46.65725326538086,5831720,0.0,0.0
2010-05-26 00:00:00+05:30,47.21742667956974,47.687252249343665,46.72049691524127,47.20839309692383,3842215,0.0,0.0
2010-05-27 00:00:00+05:30,47.50655744593127,48.78050640784013,45.81699126466729,48.283573150634766,9105955,0.0,0.0
2010-05-28 00:00:00+05:30,49.11479801641457,51.445851732996296,48.63593887914746,50.91278076171875,17248615,0.0,0.0
2010-05-31 00:00:00+05:30,50.95795893714239,52.349361541828664,50.53330818790426,52.03313446044922,15246660,0.0,0.0
2010-06-01 00:00:00+05:30,51.56331386673915,51.80726197296446,50.05445386669229,50.406822204589844,9646175,0.0,0.0
2010-06-02 00:00:00+05:30,50.59654978082475,51.49102601667556,50.41584712799852,51.238040924072266,5225210,0.0,0.0
2010-06-03 00:00:00+05:30,51.50006224319836,53.71366209911529,51.238043555474796,53.352256774902344,15319490,0.0,0.0
2010-06-04 00:00:00+05:30,53.91243759392482,54.10217730472531,52.502964263856384,52.80112075805664,20339135,0.0,0.0
2010-06-07 00:00:00+05:30,49.69304458654118,52.0692765927321,49.69304458654118,51.68076705932617,9889885,0.0,0.0
2010-06-08 00:00:00+05:30,52.16867052600053,52.999898097269046,50.86761388002584,51.057350158691406,12587730,0.0,0.0
2010-06-09 00:00:00+05:30,51.319356430691535,51.71690295224445,49.54847803331558,50.461021423339844,15872790,0.0,0.0
2010-06-10 00:00:00+05:30,50.95796281961143,51.192873891303,49.7653299552331,50.92182159423828,14100950,0.0,0.0
2010-06-11 00:00:00+05:30,51.6807676981345,52.45778677455084,50.9579604572647,51.96989059448242,19351665,0.0,0.0
2010-06-14 00:00:00+05:30,52.22287618450358,52.37647467343218,51.34647384710262,51.8072624206543,7216670,0.0,0.0
2010-06-15 00:00:00+05:30,51.59041263835516,51.59041263835516,50.614623762673546,51.26515197753906,6833705,0.0,0.0
2010-06-16 00:00:00+05:30,51.40972077822686,52.09638686705241,50.9218245472466,51.1115608215332,8650630,0.0,0.0
2010-06-17 00:00:00+05:30,50.49717173507443,51.662700425022,50.42489272962477,51.355506896972656,9364195,0.0,0.0
2010-06-18 00:00:00+05:30,51.50006408936777,51.77111636893583,50.29839427290649,50.57848358154297,4498365,0.0,0.0
2010-06-21 00:00:00+05:30,50.59655822624236,51.48199758160756,50.59655822624236,50.894718170166016,5213525,0.0,0.0
2010-06-22 00:00:00+05:30,50.596558745882994,50.596558745882994,47.48848566370375,49.123836517333984,105086320,0.0,0.0
2010-06-23 00:00:00+05:30,49.33164406648475,50.22612047293547,49.02445053207529,50.04541778564453,18562655,0.0,0.0
2010-06-24 00:00:00+05:30,50.690394629474866,50.690394629474866,48.87353458207157,49.24599075317383,24032410,0.3,0.0
2010-06-25 00:00:00+05:30,49.32775767804637,49.85464884152841,48.83720455316021,49.46402359008789,9247740,0.0,0.0
2010-06-28 00:00:00+05:30,49.09157038436495,49.69113419661485,48.800872988449015,49.42768859863281,7928910,0.0,0.0
2010-06-29 00:00:00+05:30,47.23836205911649,49.418595540306875,47.23836205911649,48.68276596069336,8492355,0.0,0.0
2010-06-30 00:00:00+05:30,47.78341955442287,49.09156105277218,47.60173631555049,48.928043365478516,6513095,0.0,0.0
2010-07-01 00:00:00+05:30,48.51017095058556,49.27325240819205,48.328484229177164,48.98255157470703,4876530,0.0,0.0
2010-07-02 00:00:00+05:30,48.87353886229125,49.76379994763939,48.301226926929644,48.655517578125,6543500,0.0,0.0
2010-07-05 00:00:00+05:30,48.328484130625384,49.100648363304,48.328484130625384,48.764530181884766,3366785,0.0,0.0
2010-07-06 00:00:00+05:30,48.87354320159536,50.672234549902406,48.755446307378186,50.11809158325195,12565985,0.0,0.0
2010-07-07 00:00:00+05:30,49.945490728540946,50.118091214676625,48.81903924938561,49.07339859008789,7697045,0.0,0.0
2010-07-08 00:00:00+05:30,49.43676892842455,50.272526499342376,49.43676892842455,50.1090087890625,10207370,0.0,0.0
2010-07-09 00:00:00+05:30,50.43604367347232,52.07121729350257,50.23618792628008,51.90769958496094,13881100,0.0,0.0
2010-07-12 00:00:00+05:30,52.14388994334332,52.870633341655534,51.61699881370079,51.9349479675293,7227650,0.0,0.0
2010-07-13 00:00:00+05:30,52.053047258722735,52.57993841271962,51.70784282904843,52.261985778808594,4193455,0.0,0.0
2010-07-14 00:00:00+05:30,52.807037512449334,53.17949367836304,51.29904383272732,51.61699295043945,7848325,0.0,0.0
2010-07-15 00:00:00+05:30,51.96220249394957,52.4073313030263,51.698756932846955,52.080299377441406,5437550,0.0,0.0
2010-07-16 00:00:00+05:30,52.234728853939835,54.68749072798458,52.14388723339161,54.40587615966797,16281955,0.0,0.0
2010-07-19 00:00:00+05:30,53.98800892071891,55.005449809416405,53.91533283883307,54.11518859863281,9497505,0.0,0.0
2010-07-20 00:00:00+05:30,54.32411827956187,54.85100939117664,53.79723063333285,54.04250717163086,6897605,0.0,0.0
2010-07-21 00:00:00+05:30,54.50581387530339,55.359737045144065,52.90697819306447,54.11518859863281,30466060,0.0,0.0
2010-07-22 00:00:00+05:30,54.32412261433436,55.05086604577102,53.67005525873438,54.287784576416016,22666390,0.0,0.0
2010-07-23 00:00:00+05:30,54.50580460193915,55.30522403974226,54.28777985876167,54.841922760009766,14222805,0.0,0.0
2010-07-26 00:00:00+05:30,54.86917891316301,55.168959041359635,53.788144886423055,54.2786979675293,5270390,0.0,0.0
2010-07-27 00:00:00+05:30,54.50580518013611,55.014527276022925,54.26052864097921,54.460384368896484,7666185,0.0,0.0
2010-07-28 00:00:00+05:30,54.77834037054799,54.77834037054799,52.7071206233345,53.006900787353516,8390400,0.0,0.0
2010-07-29 00:00:00+05:30,53.179494407128495,53.58828861077864,52.75253118716216,53.05231475830078,8817225,0.0,0.0
2010-07-30 00:00:00+05:30,53.28850991601157,54.36954049535651,53.26125812173629,53.71547317504883,6382040,0.0,0.0
2010-08-02 00:00:00+05:30,53.77905854840298,55.86844692740779,53.77905854840298,55.49599075317383,8622720,0.0,0.0
2010-08-03 00:00:00+05:30,55.95929383786922,56.65878544401582,55.78669336312625,56.1864013671875,9672150,0.0,0.0
2010-08-04 00:00:00+05:30,56.56794376445183,56.56794376445183,54.805590586162985,55.15987777709961,8660780,0.0,0.0
2010-08-05 00:00:00+05:30,55.232550473264155,55.54141685195452,54.14243363874603,54.36954116821289,8250495,0.0,0.0
2010-08-06 00:00:00+05:30,54.50580453905214,55.16895807843099,53.59737446340127,53.83356475830078,5116625,0.0,0.0
2010-08-09 00:00:00+05:30,54.17877242652425,55.49599680877698,54.051592762720766,55.405155181884766,7789475,0.0,0.0
2010-08-10 00:00:00+05:30,55.50507945046325,56.14098123332165,54.887346686016336,55.00544357299805,8704745,0.0,0.0
2010-08-11 00:00:00+05:30,55.05087192565144,55.50508705198648,54.39680450019175,54.596656799316406,3709175,0.0,0.0
2010-08-12 00:00:00+05:30,54.142429612118626,56.00471398755564,53.960746374365804,55.550498962402344,15778580,0.0,0.0
2010-08-13 00:00:00+05:30,55.8775369163285,59.90188621729469,55.59592578810595,58.32121276855469,21814440,0.0,0.0
2010-08-16 00:00:00+05:30,58.13952550145791,59.04795558741819,57.26743345062862,57.894248962402344,7440930,0.0,0.0
2010-08-17 00:00:00+05:30,58.866265130344246,59.847364235592465,56.686031805003594,59.529415130615234,10344235,0.0,0.0
2010-08-18 00:00:00+05:30,59.95638257760896,60.21982812062736,58.78450699553588,59.556671142578125,7274075,0.0,0.0
2010-08-19 00:00:00+05:30,59.59301113934335,62.61808493245269,59.59301113934335,62.263797760009766,16292090,0.0,0.0
2010-08-20 00:00:00+05:30,61.991269710235194,61.991269710235194,60.05631604153355,60.228919982910156,9727270,0.0,0.0
2010-08-23 00:00:00+05:30,60.20165416624404,61.22818452096321,59.60209395913259,60.474185943603516,4911395,0.0,0.0
2010-08-24 00:00:00+05:30,60.47419441825041,60.68313640094256,59.12063544409614,59.702030181884766,9155280,0.0,0.0
2010-08-25 00:00:00+05:30,59.58392326577129,60.555950066499015,58.61190339581477,59.54759216308594,5592675,0.0,0.0
2010-08-26 00:00:00+05:30,59.77471227607778,60.20166866496994,58.85719579748565,59.22964859008789,5893950,0.0,0.0
2010-08-27 00:00:00+05:30,59.047955059120696,59.82920548051847,58.06684891167631,58.46656036376953,4381330,0.0,0.0
2010-08-30 00:00:00+05:30,58.502902629861474,59.43858456877985,56.94040167405634,57.48545837402344,5447740,0.0,0.0
2010-08-31 00:00:00+05:30,57.231096732176205,57.231096732176205,54.969104241325184,56.54069137573242,10598465,0.0,0.0
2010-09-01 00:00:00+05:30,56.78596360017962,58.357547245542136,56.740542788597566,58.112274169921875,5837205,0.0,0.0
2010-09-02 00:00:00+05:30,58.82994358654309,58.82994358654309,57.412791181381316,57.776161193847656,4108260,0.0,0.0
2010-09-03 00:00:00+05:30,58.321208746341355,58.321208746341355,57.14025379305591,57.894248962402344,4032115,0.0,0.0
2010-09-06 00:00:00+05:30,58.44839249764582,59.48400924448505,58.157695127008914,58.52106857299805,7848365,0.0,0.0
2010-09-07 00:00:00+05:30,58.84810015615435,58.984366055889424,57.576300108632054,57.7034797668457,3606235,0.0,0.0
2010-09-08 00:00:00+05:30,57.77615275787121,58.04868455916111,57.022157579690365,57.721649169921875,3926700,0.0,0.0
2010-09-09 00:00:00+05:30,57.9578461479313,58.86627981458723,57.83066647421533,58.27579879760742,5297755,0.0,0.0
2010-09-13 00:00:00+05:30,58.68457784502394,60.48327233229899,58.53014640516904,60.06539535522461,12927910,0.0,0.0
2010-09-14 00:00:00+05:30,60.319762992519166,60.864819693169274,59.06612495717475,59.72019577026367,8993460,0.0,0.0
2010-09-15 00:00:00+05:30,59.956386677743865,61.30994558788293,59.22963982449286,59.347740173339844,11953670,0.0,0.0
2010-09-16 00:00:00+05:30,59.61118708541551,60.86481815837585,59.22964116688688,59.82920837402344,12823135,0.0,0.0
2010-09-17 00:00:00+05:30,59.41132039025932,60.48326801343577,59.22963024095876,59.856449127197266,9792865,0.0,0.0
2010-09-20 00:00:00+05:30,60.138065793012785,60.5286909869066,59.30231182074687,60.347007751464844,6478475,0.0,0.0
2010-09-21 00:00:00+05:30,60.501440122204016,61.49163248362416,59.63843434446837,59.811031341552734,14427795,0.0,0.0
2010-09-22 00:00:00+05:30,59.71111403318163,60.62862345187248,59.17513666559677,60.38335037231445,7066025,0.0,0.0
2010-09-23 00:00:00+05:30,60.68312950066679,61.954926013230995,60.22891448024494,61.373531341552734,16191605,0.0,0.0
2010-09-24 00:00:00+05:30,61.373532398365995,61.51888453417402,60.51961285819338,61.21910095214844,6469355,0.0,0.0
2010-09-27 00:00:00+05:30,61.59155984758721,63.081384567512785,61.29177626923395,62.799766540527344,12002865,0.0,0.0
2010-09-28 00:00:00+05:30,61.59156472067956,64.42586225075136,61.59156472067956,63.853553771972656,9442335,0.0,0.0
2010-09-29 00:00:00+05:30,64.15334170039263,65.17077906461276,63.77179575803784,64.09883117675781,17306235,0.0,0.0
2010-09-30 00:00:00+05:30,63.97165018390217,64.4894550977101,62.31830757044769,63.61736297607422,11737700,0.0,0.0
2010-10-01 00:00:00+05:30,64.31685887199365,65.48872769337449,64.107916883147,64.8619155883789,3722475,0.0,0.0
2010-10-04 00:00:00+05:30,65.71583457941759,66.22456018296283,64.53487952751253,65.22528839111328,12549825,0.0,0.0
2010-10-05 00:00:00+05:30,65.40695882428247,65.49780043649538,63.95347223656368,64.15332794189453,8813815,0.0,0.0
2010-10-06 00:00:00+05:30,64.68021586044593,64.99817191800476,63.77178582346904,63.971641540527344,4794225,0.0,0.0
2010-10-07 00:00:00+05:30,64.31685106673059,64.31685106673059,62.345552567721555,62.64533615112305,7249475,0.0,0.0
2010-10-08 00:00:00+05:30,62.79976739584413,64.11699513801639,62.45456646898414,63.84446334838867,8242535,0.0,0.0
2010-10-11 00:00:00+05:30,64.28959732683379,65.17986190482962,63.78087867127724,64.32593536376953,10663825,0.0,0.0
2010-10-12 00:00:00+05:30,60.44694389437503,64.75290092756579,60.44694389437503,63.22673797607422,7888720,0.0,0.0
2010-10-13 00:00:00+05:30,63.571939337714646,64.40769333859247,63.154055406504334,64.08065795898438,5981070,0.0,0.0
2010-10-14 00:00:00+05:30,64.43494032615219,64.66204782667707,63.45383426049965,63.64460372924805,3919180,0.0,0.0
2010-10-15 00:00:00+05:30,63.78995664717541,63.78995664717541,62.86335415231482,63.05413055419922,2759265,0.0,0.0
2010-10-18 00:00:00+05:30,63.22673091165575,64.80739727848503,61.973099921518234,64.46219635009766,10247000,0.0,0.0
2010-10-19 00:00:00+05:30,64.3168621623863,65.11627825859728,62.64534695841647,63.026885986328125,6109075,0.0,0.0
2010-10-20 00:00:00+05:30,63.21765914132888,64.30777962342707,62.91788241971684,64.01708221435547,14248045,0.0,0.0
2010-10-21 00:00:00+05:30,64.01707201021308,64.77107067726045,62.59083699136017,64.280517578125,13544650,0.0,0.0
2010-10-22 00:00:00+05:30,64.86190382082387,67.71437348547792,64.77106220636928,67.0784683227539,21616995,0.0,0.0
2010-10-25 00:00:00+05:30,67.58720514907378,67.95057859846969,66.49708480088601,67.65079498291016,9667585,0.0,0.0
2010-10-26 00:00:00+05:30,67.76887233411989,69.04067563995741,67.16022593594201,68.83173370361328,9453330,0.0,0.0
2010-10-27 00:00:00+05:30,68.677322252468,69.04069572136653,66.37899493803558,67.03306579589844,4802505,0.0,0.0
2010-10-28 00:00:00+05:30,67.23291076961918,67.64170152484816,64.51669989649234,65.25253295898438,10555535,0.0,0.0
2010-10-29 00:00:00+05:30,65.4069732240091,66.02470602613342,63.77179612109996,65.31613159179688,8917655,0.0,0.0
2010-11-01 00:00:00+05:30,65.31613475089917,67.22383684271354,65.31613475089917,67.10574340820312,4418650,0.0,0.0
2010-11-02 00:00:00+05:30,67.34192500351531,68.3139449936997,66.48800536936521,67.25108337402344,6357795,0.0,0.0
2010-11-03 00:00:00+05:30,67.85972315928699,68.30485888179153,67.31466650583005,67.68712615966797,3750175,0.0,0.0
2010-11-04 00:00:00+05:30,67.8052100043254,68.22308694402955,67.23290163857698,67.60535430908203,4108145,0.0,0.0
2010-11-08 00:00:00+05:30,67.59629632077542,68.31395009893333,67.22383660202041,67.51453399658203,1826310,0.0,0.0
2010-11-09 00:00:00+05:30,67.58719908461694,67.95057250140812,66.15187790021605,66.91496276855469,3879155,0.0,0.0
2010-11-10 00:00:00+05:30,66.93313751913244,67.40551817433999,66.49708797290268,67.00581359863281,1442595,0.0,0.0
2010-11-11 00:00:00+05:30,67.22383063664724,67.25108243203587,64.5167057587669,64.7619857788086,5767760,0.0,0.0
2010-11-12 00:00:00+05:30,65.04359426737875,65.04359426737875,62.69984292820981,63.00871276855469,6484470,0.0,0.0
2010-11-15 00:00:00+05:30,63.31757154235626,64.99817267495216,61.82774681882585,64.7983169555664,5346515,0.0,0.0
2010-11-16 00:00:00+05:30,65.22529196024516,65.42514078493312,59.956393961055525,60.36518478393555,13581775,0.0,0.0
2010-11-18 00:00:00+05:30,60.519615875169386,61.991268204347165,56.086476008210994,58.53923797607422,30811560,0.0,0.0
2010-11-19 00:00:00+05:30,59.047955059120696,60.319758554240664,57.28560195566426,58.46656036376953,13063555,0.0,0.0
2010-11-22 00:00:00+05:30,58.502901915135794,59.95638874088158,58.139528476006376,59.66569137573242,7390675,0.0,0.0
2010-11-23 00:00:00+05:30,59.22963384303502,59.938215072244084,56.32266058514249,58.82992935180664,6178070,0.0,0.0
2010-11-24 00:00:00+05:30,58.884430698496686,59.58391872966277,57.23108842133343,57.521785736083984,7209965,0.0,0.0
2010-11-25 00:00:00+05:30,57.521796019556206,57.77615534908975,54.960023309469655,55.441490173339844,20987305,0.0,0.0
2010-11-26 00:00:00+05:30,55.61408551074873,58.31212371005791,52.68893981224882,55.79576873779297,21125330,0.0,0.0
2010-11-29 00:00:00+05:30,56.26816354242222,57.094834859390645,55.41424042924821,55.941131591796875,7168645,0.0,0.0
2010-11-30 00:00:00+05:30,56.504354911800334,56.7587142398743,55.18713052712912,55.62317657470703,27414595,0.0,0.0
2010-12-01 00:00:00+05:30,56.122809681867786,60.810312258888736,55.977461006521956,59.90188217163086,19027190,0.0,0.0
2010-12-02 00:00:00+05:30,60.50145124421393,62.091204128645536,60.0563223771894,60.99200439453125,12375410,0.0,0.0
2010-12-03 00:00:00+05:30,61.137355874087476,61.40988077848481,59.10246721457046,59.94730758666992,8312995,0.0,0.0
2010-12-06 00:00:00+05:30,59.95638417331083,61.33719481988405,58.03051340956702,58.839012145996094,9359035,0.0,0.0
2010-12-07 00:00:00+05:30,58.8390124596182,58.957112804161525,55.65042444544792,56.22273635864258,15822090,0.0,0.0
2010-12-08 00:00:00+05:30,56.32266979394552,56.449849461599115,54.14243602867063,54.69657897949219,14243950,0.0,0.0
2010-12-09 00:00:00+05:30,54.88734663320907,55.19621301513536,50.87208713355315,51.96220397949219,17964635,0.0,0.0
2010-12-10 00:00:00+05:30,51.598830323696774,54.85101182933642,50.32703022997966,53.36118698120117,20960515,0.0,0.0
2010-12-13 00:00:00+05:30,53.77906203572781,56.140978884216935,53.77906203572781,55.886619567871094,13401820,0.0,0.0
2010-12-14 00:00:00+05:30,56.23182350671766,56.54977264951646,55.26888637149224,55.66859436035156,8832165,0.0,0.0
2010-12-15 00:00:00+05:30,55.668591491581175,56.2681551766657,53.77905881889092,54.505802154541016,10086820,0.0,0.0
2010-12-16 00:00:00+05:30,54.914604378240675,55.57775798539136,53.978918948234416,54.32412338256836,13671850,0.0,0.0
2010-12-20 00:00:00+05:30,54.41496869926648,54.45130327245993,52.198396861319324,52.71620178222656,8755130,0.0,0.0
2010-12-21 00:00:00+05:30,52.32557047448806,54.56939384896333,52.32557047448806,54.40587615966797,11014830,0.0,0.0
2010-12-22 00:00:00+05:30,54.91460126484996,56.32266725310029,54.587565868273444,56.17731857299805,20035925,0.0,0.0
2010-12-23 00:00:00+05:30,56.50435328549702,57.04940996293516,56.1409798569477,56.349918365478516,8018655,0.0,0.0
2010-12-24 00:00:00+05:30,56.37718151920573,56.504361197390274,55.61409998471209,55.950218200683594,3996530,0.0,0.0
2010-12-27 00:00:00+05:30,56.30449800476796,56.48618472049958,55.09628775611651,55.568668365478516,3377110,0.0,0.0
2010-12-28 00:00:00+05:30,55.595924395142156,55.95021158976219,55.25071997701082,55.60500717163086,5879880,0.0,0.0
2010-12-29 00:00:00+05:30,55.75944674017075,56.46802118843995,55.51417016991152,55.84120559692383,4875155,0.0,0.0
2010-12-30 00:00:00+05:30,56.26815823152628,56.34991707781229,55.46874225160278,56.06830596923828,13223115,0.0,0.0
2010-12-31 00:00:00+05:30,56.32266069762494,57.21292169280566,56.32266069762494,56.831382751464844,12329945,0.0,0.0
2011-01-03 00:00:00+05:30,57.231096304452365,57.5853834890182,57.1039166449042,57.331024169921875,6548575,0.0,0.0
2011-01-04 00:00:00+05:30,57.50362392279236,57.7216486688545,55.50507703453491,55.67768096923828,5065755,0.0,0.0
2011-01-05 00:00:00+05:30,55.35064276694881,55.35064276694881,52.74344951527269,52.925132751464844,18675995,0.0,0.0
2011-01-06 00:00:00+05:30,53.23400544350808,53.679137742109575,51.235461884327854,51.426231384277344,12368650,0.0,0.0
2011-01-07 00:00:00+05:30,51.2354677810708,51.408068282025205,48.90988508014543,49.10065460205078,34429150,0.0,0.0
2011-01-10 00:00:00+05:30,48.69185634878125,49.945490969727636,47.165693366425515,47.465476989746094,16713970,0.0,0.0
2011-01-11 00:00:00+05:30,47.61990317963177,50.12717214364967,46.65696951167938,49.400428771972656,32736660,0.0,0.0
2011-01-12 00:00:00+05:30,49.87280852284119,50.32702352408606,48.35572861668288,49.98181915283203,22224560,0.0,0.0
2011-01-13 00:00:00+05:30,49.87281405510834,50.19984598135772,48.01961581276609,48.655517578125,61854585,0.0,0.0
2011-01-14 00:00:00+05:30,48.673686809131134,49.13698463905211,47.05667886178731,47.26561737060547,13161815,0.0,0.0
2011-01-17 00:00:00+05:30,46.329928944997114,47.58356328675787,46.08465243473618,46.302677154541016,10931255,0.0,0.0
2011-01-18 00:00:00+05:30,46.420774283717435,47.647156933483586,44.88552874295718,46.902244567871094,15656915,0.0,0.0
2011-01-19 00:00:00+05:30,47.08394142533931,49.41860688587073,47.08394142533931,49.08248519897461,20409990,0.0,0.0
2011-01-20 00:00:00+05:30,49.23692028114298,50.44513071257614,48.192224106680754,49.69113540649414,42452385,0.0,0.0
2011-01-21 00:00:00+05:30,49.81830561949537,50.59955604108978,48.746357850152215,49.00071716308594,17220680,0.0,0.0
2011-01-24 00:00:00+05:30,48.99164236148593,51.8531989593112,48.98255611861033,51.653343200683594,24804665,0.0,0.0
2011-01-25 00:00:00+05:30,51.87135910142493,52.57993696016953,50.2725235954042,50.55413818359375,23455515,0.0,0.0
2011-01-27 00:00:00+05:30,50.681313667904156,50.999262801425004,47.72891598520676,48.128623962402344,18945785,0.0,0.0
2011-01-28 00:00:00+05:30,47.965103371789,48.32847675843458,45.65769033697604,46.9658317565918,15905835,0.0,0.0
2011-01-31 00:00:00+05:30,46.348106918832364,48.04687033818684,45.40333872604396,47.80159378051758,22426985,0.0,0.0
2011-02-01 00:00:00+05:30,48.09229278564453,48.66460477297014,47.320128513918256,48.09229278564453,14203150,0.0,0.0
2011-02-02 00:00:00+05:30,48.510172883112276,49.01889156485873,47.70166711390531,48.05595779418945,6298200,0.0,0.0
2011-02-03 00:00:00+05:30,48.14678934338552,49.3277476342028,47.78341596218694,49.146060943603516,8991560,0.0,0.0
2011-02-04 00:00:00+05:30,49.255086441081836,49.6547944806352,47.33829816897243,47.7198371887207,7860090,0.0,0.0
2011-02-07 00:00:00+05:30,47.26561882532517,47.96511044527242,46.72056213036195,47.129356384277344,6296600,0.0,0.0
2011-02-08 00:00:00+05:30,47.238359737278635,47.420046429345255,44.603911365776234,44.940032958984375,13003960,0.0,0.0
2011-02-09 00:00:00+05:30,44.694763651899144,45.23073757396387,42.43277107494504,42.89607238769531,18693110,0.0,0.0
2011-02-10 00:00:00+05:30,42.72347146531382,44.60392171388924,42.52361917652167,44.07703399658203,18264090,0.0,0.0
2011-02-11 00:00:00+05:30,44.07703043483598,47.056680159842536,43.477466686136225,46.72056198120117,15968680,0.0,0.0
2011-02-14 00:00:00+05:30,47.238362551955326,49.10972970059084,47.14752093320197,48.9189567565918,12896945,0.0,0.0
2011-02-15 00:00:00+05:30,49.05522367575142,50.65405907078399,48.41932193502566,50.3724479675293,16143960,0.0,0.0
2011-02-16 00:00:00+05:30,50.63589773997405,50.81758099642451,49.83647824312525,50.390621185302734,8445685,0.0,0.0
2011-02-17 00:00:00+05:30,50.39061815008675,51.58974559043901,49.800137206031664,51.253623962402344,8191020,0.0,0.0
2011-02-18 00:00:00+05:30,51.25361538627044,52.398239047598054,50.8720764760847,51.598819732666016,20098215,0.0,0.0
2011-02-21 00:00:00+05:30,51.59882836656004,51.93494652921093,50.690398277481926,51.253623962402344,9683510,0.0,0.0
2011-02-22 00:00:00+05:30,51.05376645678873,51.4262226164495,49.52760378662131,49.97273254394531,6919435,0.0,0.0
2011-02-23 00:00:00+05:30,49.781966661078776,50.145340071715935,48.528332206304825,48.737274169921875,7785735,0.0,0.0
2011-02-24 00:00:00+05:30,48.69185115734695,48.97346573116354,45.98472992058814,46.38444137573242,13854735,0.0,0.0
2011-02-25 00:00:00+05:30,46.56612846744538,47.45639307360568,43.88626226829431,46.39352798461914,22442335,0.0,0.0
2011-02-28 00:00:00+05:30,46.9204176344399,48.03778627929817,45.97564946686699,46.51162338256836,19016470,0.0,0.0
2011-03-01 00:00:00+05:30,48.05595714267484,49.96365910413276,46.76598450562193,49.44585418701172,23772825,0.0,0.0
2011-03-03 00:00:00+05:30,49.78196598585912,50.490543780452185,48.81903235188708,49.71837615966797,14478735,0.0,0.0
2011-03-04 00:00:00+05:30,50.13625520790287,51.299048074656284,49.87281311660823,50.027244567871094,16438515,0.0,0.0
2011-03-07 00:00:00+05:30,49.78197536654558,49.78197536654558,48.528340692546195,49.191497802734375,7215755,0.0,0.0
2011-03-08 00:00:00+05:30,49.23690790026884,50.19984150603139,48.92804155408063,49.84555435180664,4471895,0.0,0.0
2011-03-09 00:00:00+05:30,49.972745518424176,50.872092972529956,49.80014502194931,50.0454216003418,9382465,0.0,0.0
2011-03-10 00:00:00+05:30,49.72746722145225,50.04541638323062,49.055227395338896,49.36409378051758,5096680,0.0,0.0
2011-03-11 00:00:00+05:30,48.891712060137884,49.30958911167059,47.96511285974833,48.48291778564453,7777520,0.0,0.0
2011-03-14 00:00:00+05:30,48.14679201187626,49.45493001899975,47.82884288474452,49.28232955932617,8017895,0.0,0.0
2011-03-15 00:00:00+05:30,48.1922165061453,48.87353908671866,47.965108979287514,48.264892578125,6637555,0.0,0.0
2011-03-16 00:00:00+05:30,47.238363723436564,50.9538428549146,47.238363723436564,50.79032516479492,14966180,0.0,0.0
2011-03-17 00:00:00+05:30,50.6540641784668,51.362642059472435,49.98182780092669,50.6540641784668,10306295,0.0,0.0
2011-03-18 00:00:00+05:30,50.6540638799379,51.299051923196245,49.63662307741111,49.827392578125,5787535,0.0,0.0
2011-03-21 00:00:00+05:30,49.96365848742694,50.27252487851011,49.05522833311009,49.827392578125,3911865,0.0,0.0
2011-03-22 00:00:00+05:30,49.96365509330574,51.180951556012616,49.89097902251211,50.85391616821289,6719340,0.0,0.0
2011-03-23 00:00:00+05:30,50.77215926507907,52.10755266125833,50.34519599628468,51.96220397949219,9878840,0.0,0.0
2011-03-24 00:00:00+05:30,52.13480024859161,53.888070530176755,52.13480024859161,53.56103515625,12171740,0.0,0.0
2011-03-25 00:00:00+05:30,53.68821970146609,54.74199852159244,53.633716111102316,54.41496658325195,12039925,0.0,0.0
2011-03-28 00:00:00+05:30,54.41496053710434,55.39606317388559,54.060669912175946,54.505802154541016,13396905,0.0,0.0
2011-03-29 00:00:00+05:30,54.50580408444429,56.395340289423494,54.233275757099214,56.22273635864258,12506910,0.0,0.0
2011-03-30 00:00:00+05:30,56.140985745391845,58.49382010529588,56.140985745391845,58.27579879760742,14351730,0.0,0.0
2011-03-31 00:00:00+05:30,58.5028981904581,59.22055878108545,55.959291209266745,56.2499885559082,21743965,0.0,0.0
2011-04-01 00:00:00+05:30,56.45893906417192,57.39462107364507,55.9592996752433,56.69512939453125,18432945,0.0,0.0
2011-04-04 00:00:00+05:30,57.00398791874938,57.321937062819174,56.53160385799871,57.08574676513672,10061365,0.0,0.0
2011-04-05 00:00:00+05:30,57.42186902515781,57.42186902515781,56.150068892720526,56.70420837402344,7534680,0.0,0.0
2011-04-06 00:00:00+05:30,56.69512601408622,58.2303717333485,56.513439289434906,57.93059158325195,14655590,0.0,0.0
2011-04-07 00:00:00+05:30,58.04868552343448,60.31976080267079,57.70348111068252,60.01089096069336,17406080,0.0,0.0
2011-04-08 00:00:00+05:30,59.98363269331981,60.592279139089754,57.50361917186297,57.84882354736328,13847625,0.0,0.0
2011-04-11 00:00:00+05:30,58.09410135732216,58.50289556562852,56.84046694031118,58.12135314941406,8226180,0.0,0.0
2011-04-13 00:00:00+05:30,57.59447359788511,60.8648207915766,57.01307538387711,60.592288970947266,16205700,0.0,0.0
2011-04-15 00:00:00+05:30,61.35537095086336,61.973103707825295,59.138799246922574,60.01997756958008,18563700,0.0,0.0
2011-04-18 00:00:00+05:30,60.50144411455107,61.59156440816196,58.15769276059799,58.3757209777832,8740035,0.0,0.0
2011-04-19 00:00:00+05:30,59.047956724772185,59.365905874828165,57.839743023787804,58.757259368896484,14854605,0.0,0.0
2011-04-20 00:00:00+05:30,59.33865765676322,60.592288780009085,58.89352881985862,60.156246185302734,20034990,0.0,0.0
2011-04-21 00:00:00+05:30,60.228917391501085,60.228917391501085,57.358274996908,57.694393157958984,24612390,0.0,0.0
2011-04-25 00:00:00+05:30,59.956384140130446,59.956384140130446,57.1765869006401,58.01234436035156,8605665,0.0,0.0
2011-04-26 00:00:00+05:30,58.13953307842336,58.37572687217074,56.522528423603305,57.67623519897461,11547175,0.0,0.0
2011-04-27 00:00:00+05:30,57.61263609266208,58.30304491903338,56.86772367736758,57.385528564453125,8414855,0.0,0.0
2011-04-28 00:00:00+05:30,57.77615061183023,57.77615061183023,56.277243087340345,56.39533996582031,9661930,0.0,0.0
2011-04-29 00:00:00+05:30,58.13952879018277,58.13952879018277,54.94185429087641,55.441490173339844,9051370,0.0,0.0
2011-05-02 00:00:00+05:30,55.81394907506846,56.05014286275302,54.10610282980627,54.35137939453125,8068585,0.0,0.0
2011-05-03 00:00:00+05:30,54.351373442669754,55.55050087308816,51.60791418053499,52.034873962402344,33999060,0.0,0.0
2011-05-04 00:00:00+05:30,52.29831912663674,52.43458502400486,50.91750499715699,51.199119567871094,18147335,0.0,0.0
2011-05-05 00:00:00+05:30,50.890260212792015,52.96147995958132,50.78124955911526,51.780521392822266,21358370,0.0,0.0
2011-05-06 00:00:00+05:30,52.261979615325316,55.01452502053556,52.07121013670859,54.55122375488281,17715710,0.0,0.0
2011-05-09 00:00:00+05:30,54.96001617046965,55.28705153189611,53.724550789696586,54.05158615112305,10950520,0.0,0.0
2011-05-10 00:00:00+05:30,53.633712077280734,54.1969377494569,53.07048293971887,53.7972297668457,7601880,0.0,0.0
2011-05-11 00:00:00+05:30,54.11518130910923,55.50507826678137,53.7427251030814,54.94185256958008,20704840,0.0,0.0
2011-05-12 00:00:00+05:30,54.85100861904943,55.18712677477711,52.94330339204793,53.19766616821289,12472660,0.0,0.0
2011-05-13 00:00:00+05:30,53.234003278904005,54.469468788049696,52.261983334435,53.751808166503906,11840615,0.0,0.0
2011-05-16 00:00:00+05:30,53.50654016969554,53.59738180354707,52.7071206233345,53.006900787353516,5574080,0.0,0.0
2011-05-17 00:00:00+05:30,52.870634666924296,53.59737808345325,52.034877138876524,52.398250579833984,8258335,0.0,0.0
2011-05-18 00:00:00+05:30,52.50726155812749,52.83429696398083,49.96365785149235,51.20820617675781,12736370,0.0,0.0
2011-05-19 00:00:00+05:30,51.56249323002126,52.14389143064009,50.54505244336376,50.79941177368164,9786010,0.0,0.0
2011-05-20 00:00:00+05:30,51.062856640469946,51.58974777786079,50.24527160486524,50.962928771972656,10114365,0.0,0.0
2011-05-23 00:00:00+05:30,50.872086622626625,51.1446149650278,49.473103408811774,49.70929718017578,8617790,0.0,0.0
2011-05-24 00:00:00+05:30,49.754721603725955,51.4898231169062,49.482193241547314,51.33538818359375,15039720,0.0,0.0
2011-05-25 00:00:00+05:30,50.890254444375245,51.87135714703031,50.79940935545342,51.46256637573242,11999550,0.0,0.0
2011-05-26 00:00:00+05:30,51.50799075935991,52.371000104341334,51.41714566413837,51.85319519042969,13889720,0.0,0.0
2011-05-27 00:00:00+05:30,51.85318489969287,54.19693244509393,51.84409865928094,53.92440414428711,10773700,0.0,0.0
2011-05-30 00:00:00+05:30,54.315034439840545,54.869177334174644,54.006168079001164,54.196937561035156,8067125,0.0,0.0
2011-05-31 00:00:00+05:30,54.36045621560383,54.878261084828246,53.751806258997924,54.651153564453125,8650880,0.0,0.0
2011-06-01 00:00:00+05:30,55.04177738831918,55.44148536655803,53.888070798069144,54.16968536376953,10267290,0.0,0.0
2011-06-02 00:00:00+05:30,53.42477530514128,53.86990411249709,52.234730629351084,52.48000717163086,9701010,0.0,0.0
2011-06-03 00:00:00+05:30,52.23473419862718,53.2340059884465,52.18931338370558,52.87971878051758,11762220,0.0,0.0
2011-06-06 00:00:00+05:30,53.05231978937674,54.26961627491543,52.2347313045426,54.13335037231445,11955225,0.0,0.0
2011-06-07 00:00:00+05:30,54.03341995263639,54.63298365805591,53.59737393645726,54.396793365478516,7272330,0.0,0.0
2011-06-08 00:00:00+05:30,53.969829459930075,55.223463906858036,53.92440865023112,54.569393157958984,9317635,0.0,0.0
2011-06-09 00:00:00+05:30,54.59664385953664,55.014524310418,53.72455185535791,53.9062385559082,6076805,0.0,0.0
2011-06-10 00:00:00+05:30,54.142425448830565,54.28777410708759,53.14315385648667,53.3248405456543,6782495,0.0,0.0
2011-06-13 00:00:00+05:30,53.22491506600264,53.742719900712586,52.60718237452665,53.46110534667969,5714175,0.0,0.0
2011-06-14 00:00:00+05:30,53.7608902923168,54.405874791998215,53.633710640592085,53.93349075317383,6746005,0.0,0.0
2011-06-15 00:00:00+05:30,49.055228412156964,54.07884606470062,45.239821064800886,53.27034378051758,8486805,0.0,0.0
2011-06-16 00:00:00+05:30,52.70711105988667,53.851731379506724,52.28014783440522,52.888797760009766,15553865,0.0,0.0
2011-06-17 00:00:00+05:30,53.34695744193291,53.4752388113056,51.63347487844002,51.8442268371582,13712050,0.5,0.0
2011-06-20 00:00:00+05:30,52.045808269047015,53.612679495915636,50.231535770240455,53.264488220214844,19019650,0.0,0.0
2011-06-21 00:00:00+05:30,53.640162199927985,54.06165904169497,52.430647395915635,52.68721008300781,7481730,0.0,0.0
2011-06-22 00:00:00+05:30,53.27364444102966,53.40192579267033,52.430650704302565,52.595584869384766,6899700,0.0,0.0
2011-06-23 00:00:00+05:30,52.69637928900003,53.044574055128685,52.19241529576946,52.57726287841797,6256775,0.0,0.0
2011-06-24 00:00:00+05:30,52.66888674464109,54.88633301140074,52.66888674464109,54.730560302734375,9880570,0.0,0.0
2011-06-27 00:00:00+05:30,54.06166339309997,57.69937304841943,54.06166339309997,57.42448043823242,21588200,0.0,0.0
2011-06-28 00:00:00+05:30,57.543599879346836,58.09338159995043,56.45320488469366,56.67311477661133,11358380,0.0,0.0
2011-06-29 00:00:00+05:30,57.14043378324754,57.87347263803419,56.993826012290214,57.31452941894531,13419565,0.0,0.0
2011-06-30 00:00:00+05:30,57.855150820526624,58.23999843445526,56.71894137930071,57.18625259399414,13358020,0.0,0.0
2011-07-01 00:00:00+05:30,57.726863234321755,58.551534107259734,57.424482749109536,58.340782165527344,8072215,0.0,0.0
2011-07-04 00:00:00+05:30,58.34078677711437,58.991358575298726,58.148364723353666,58.43241882324219,5769920,0.0,0.0
2011-07-05 00:00:00+05:30,58.42325105595097,59.69691022022105,57.54360442793832,59.16545486450195,10929780,0.0,0.0
2011-07-06 00:00:00+05:30,59.092148236397954,60.347480971193704,58.82642056301156,59.84351348876953,15991885,0.0,0.0
2011-07-07 00:00:00+05:30,59.742720551981,60.265010951927344,59.22959510384001,59.88933181762695,6689395,0.0,0.0
2011-07-08 00:00:00+05:30,59.95346499915592,60.12756410763021,58.67980949911852,59.05548858642578,6049245,0.0,0.0
2011-07-11 00:00:00+05:30,58.661481497222184,59.28456533683208,55.50025152601285,58.89055633544922,8697655,0.0,0.0
2011-07-12 00:00:00+05:30,58.25831896182689,58.54236954574998,57.030477595829446,57.68104934692383,7999320,0.0,0.0
2011-07-13 00:00:00+05:30,57.72686593675713,58.73479394384008,57.58025816308315,58.26748275756836,5628320,0.0,0.0
2011-07-14 00:00:00+05:30,58.08421862219064,60.521578390820316,58.010916487529244,59.788536071777344,9781340,0.0,0.0
2011-07-15 00:00:00+05:30,59.78853489011522,60.45743651733247,59.10131035114838,59.49531936645508,5861115,0.0,0.0
2011-07-18 00:00:00+05:30,59.46783285227478,60.402455170512596,59.28456877657445,60.228363037109375,5570885,0.0,0.0
2011-07-19 00:00:00+05:30,60.18254405938352,60.42078385759483,59.11963341414038,59.32122039794922,8420390,0.0,0.0
2011-07-20 00:00:00+05:30,59.861843993468206,60.164224485959856,57.99259230007883,58.41408920288086,11273205,0.0,0.0
2011-07-21 00:00:00+05:30,58.459897753281325,59.3303828337062,57.3969906485091,58.249149322509766,26131440,0.0,0.0
2011-07-22 00:00:00+05:30,58.698140182710745,60.439110525574,58.698140182710745,60.310829162597656,16818245,0.0,0.0
2011-07-25 00:00:00+05:30,60.292514721471434,61.30044285397279,59.66943073197425,61.1080207824707,12730100,0.0,0.0
2011-07-26 00:00:00+05:30,61.01637688216028,61.071359602786956,58.148362126826726,58.3957633972168,18834145,0.0,0.0
2011-07-27 00:00:00+05:30,58.81726170709519,58.81726170709519,57.05796501205096,57.259552001953125,10301780,0.0,0.0
2011-07-28 00:00:00+05:30,56.81056117581884,57.70853414269773,56.2058037289247,56.893028259277344,9592190,0.0,0.0
2011-07-29 00:00:00+05:30,56.26078930105912,57.90096270882136,54.05250770071275,56.9296875,7445680,0.0,0.0
2011-08-01 00:00:00+05:30,57.186242468303135,58.432410147373076,57.186242468303135,57.96509552001953,7978855,0.0,0.0
2011-08-02 00:00:00+05:30,58.27664552844149,58.27664552844149,56.46237297753358,56.75558853149414,5897630,0.0,0.0
2011-08-03 00:00:00+05:30,54.97796187415413,56.444039459303035,53.36527653049034,56.251617431640625,6503080,0.0,0.0
2011-08-04 00:00:00+05:30,56.53567441359048,57.543602368523516,55.17038675187459,55.408626556396484,9302330,0.0,0.0
2011-08-05 00:00:00+05:30,55.069591371363956,55.63769950398059,53.182016884542406,55.243690490722656,17250205,0.0,0.0
2011-08-08 00:00:00+05:30,54.55646149297467,56.26077876061332,53.55769511007914,55.37196731567383,17462705,0.0,0.0
2011-08-09 00:00:00+05:30,53.51188876593644,55.436116194355385,53.14536759128285,53.39276885986328,17616760,0.0,0.0
2011-08-10 00:00:00+05:30,54.977965791709714,55.63770249973981,54.061666361847884,55.481929779052734,16128585,0.0,0.0
2011-08-11 00:00:00+05:30,54.739730462536976,56.68228431007173,54.739730462536976,56.214969635009766,9901570,0.0,0.0
2011-08-12 00:00:00+05:30,56.62730177597422,56.645628183278795,54.400693971837235,54.78554153442383,11673340,0.0,0.0
2011-08-16 00:00:00+05:30,55.07876094313003,55.61937776280782,54.18994935092966,54.4556770324707,5275695,0.0,0.0
2011-08-17 00:00:00+05:30,53.78677407450967,55.060429647985046,52.733028393864934,53.062896728515625,9174650,0.0,0.0
2011-08-18 00:00:00+05:30,53.14536781306664,53.38360413080219,50.02994830172488,50.33232879638672,14455395,0.0,0.0
2011-08-19 00:00:00+05:30,49.4801647711294,50.39646411874291,47.56509899480099,48.18818283081055,25715165,0.0,0.0
2011-08-22 00:00:00+05:30,48.14237266195627,49.22360626384238,46.18149245035417,48.783782958984375,20429560,0.0,0.0
2011-08-23 00:00:00+05:30,48.93039168179913,51.49602942455679,48.18818787420716,51.257789611816406,17702410,0.0,0.0
2011-08-24 00:00:00+05:30,50.85461355487285,52.146595489153434,50.02994274771307,50.65302658081055,13442000,0.0,0.0
2011-08-25 00:00:00+05:30,51.12034403893368,51.129505494897145,48.582194297669346,48.994529724121094,10485525,0.0,0.0
2011-08-26 00:00:00+05:30,49.104487959733675,49.29691000649018,47.207748366493725,47.53761672973633,12903110,0.0,0.0
2011-08-29 00:00:00+05:30,48.206509578263834,50.34148525569748,47.83082698290059,49.7092399597168,11823165,0.0,0.0
2011-08-30 00:00:00+05:30,51.07452909447647,51.91752284818521,50.213205438273036,50.86377716064453,11727690,0.0,0.0
2011-09-02 00:00:00+05:30,51.33109250095701,52.35734684411602,50.231532528441384,51.065364837646484,15525085,0.0,0.0
2011-09-05 00:00:00+05:30,50.396473139039706,51.95418300787289,49.70008704818765,51.80757522583008,10118085,0.0,0.0
2011-09-06 00:00:00+05:30,51.62430643100622,52.540605797197024,49.846686918941735,52.421485900878906,15603800,0.0,0.0
2011-09-07 00:00:00+05:30,52.788012084860846,53.53021240526966,52.494796539320696,53.264488220214844,7598780,0.0,0.0
2011-09-08 00:00:00+05:30,53.328623413435025,54.61144041928666,52.613907536264385,54.400691986083984,12768200,0.0,0.0
2011-09-09 00:00:00+05:30,53.970035347540524,55.05126890493634,53.62184060141184,53.860076904296875,9879810,0.0,0.0
2011-09-12 00:00:00+05:30,52.595584197550245,53.328622979993895,49.86500905291512,50.14906311035156,13008740,0.0,0.0
2011-09-13 00:00:00+05:30,50.497261077796054,51.84422232991735,49.70008156928164,50.16739273071289,13482710,0.0,0.0
2011-09-14 00:00:00+05:30,50.49725853204046,50.9645696699128,48.80210261063443,50.680519104003906,13036435,0.0,0.0
2011-09-15 00:00:00+05:30,51.10201620416163,51.49602521227574,49.84668704794475,51.05620193481445,11911470,0.0,0.0
2011-09-16 00:00:00+05:30,51.31276631194194,52.32069425205031,50.57972749228088,51.44104766845703,18888315,0.0,0.0
2011-09-19 00:00:00+05:30,51.184481504519695,52.27487645678725,50.76298464855791,52.03664016723633,11903795,0.0,0.0
2011-09-20 00:00:00+05:30,51.86254187295612,53.145362362629726,51.75258692953984,53.053733825683594,7684020,0.0,0.0
2011-09-21 00:00:00+05:30,53.05373456490761,53.383599399752626,52.04580316743302,52.265716552734375,14458750,0.0,0.0
2011-09-22 00:00:00+05:30,51.56933394911131,51.56933394911131,49.29691164347554,49.617618560791016,11798900,0.0,0.0
2011-09-23 00:00:00+05:30,49.81003889094491,49.81003889094491,47.55594307244821,49.01285934448242,18203380,0.0,0.0
2011-09-26 00:00:00+05:30,49.15029865233052,49.342720685067135,46.91452940216966,48.06906509399414,15769770,0.0,0.0
2011-09-27 00:00:00+05:30,48.72880587098486,50.149069343897004,48.618850913802035,49.81003952026367,10611675,0.0,0.0
2011-09-28 00:00:00+05:30,49.846691372430136,50.39646964310197,48.94871483737846,49.89250564575195,8735315,0.0,0.0
2011-09-29 00:00:00+05:30,49.846688723757566,51.29443995714782,49.20527844511931,50.78131103515625,8490515,0.0,0.0
2011-09-30 00:00:00+05:30,50.75382758298455,51.605986378094336,49.57180041616709,49.94748306274414,9279710,0.0,0.0
2011-10-03 00:00:00+05:30,48.9395463248819,49.095319026203136,47.55593589578079,47.739192962646484,10442095,0.0,0.0
2011-10-04 00:00:00+05:30,47.74836500595293,48.45391600348539,45.585897739833705,46.01655960083008,14599175,0.0,0.0
2011-10-05 00:00:00+05:30,46.73127182055713,47.06114018090822,44.03735270336494,45.091094970703125,19574675,0.0,0.0
2011-10-07 00:00:00+05:30,46.676287509086414,48.55470396801779,46.08985648587851,48.18818283081055,19211635,0.0,0.0
2011-10-10 00:00:00+05:30,48.56386637388421,48.63717200092206,47.73919554673185,48.435585021972656,10130925,0.0,0.0
2011-10-11 00:00:00+05:30,48.78377894301062,49.53514413054817,47.83082677989799,48.34395217895508,10279310,0.0,0.0
2011-10-12 00:00:00+05:30,48.55470444370918,50.00245560951176,48.27065038482044,49.86500930786133,9817185,0.0,0.0
2011-10-13 00:00:00+05:30,50.213206864677126,52.37567402705265,50.13073977813213,52.08245849609375,21060085,0.0,0.0
2011-10-14 00:00:00+05:30,52.18325008797869,52.778842584287815,51.09285159503226,51.91752243041992,11190895,0.0,0.0
2011-10-17 00:00:00+05:30,52.22906914128934,53.32862919071328,52.054973502497525,52.98043441772461,8545830,0.0,0.0
2011-10-18 00:00:00+05:30,52.22906316881139,52.22906316881139,50.57972503098249,51.294437408447266,7034360,0.0,0.0
2011-10-19 00:00:00+05:30,52.027478834904706,53.32862580105126,51.679287579452726,53.13620376586914,9252890,0.0,0.0
2011-10-20 00:00:00+05:30,52.77884824824847,53.695147721276435,51.84422586171643,52.19241714477539,26092165,0.0,0.0
2011-10-21 00:00:00+05:30,52.2290614423716,53.191175033018595,50.63469908141595,50.90959167480469,15777150,0.0,0.0
2011-10-24 00:00:00+05:30,50.9462450021536,52.320694095687294,50.9462450021536,51.61514663696289,7857415,0.0,0.0
2011-10-25 00:00:00+05:30,51.688450629887846,56.62730399100428,51.156998778885956,56.141666412353516,55925695,0.0,0.0
2011-10-28 00:00:00+05:30,57.177081121106326,59.34870611723483,57.177081121106326,57.855140686035156,18834490,0.0,0.0
2011-10-31 00:00:00+05:30,57.81848547056528,58.62482984776475,57.22289301210794,57.598575592041016,11604940,0.0,0.0
2011-11-01 00:00:00+05:30,57.59858605509789,57.84598733493268,56.095855462387426,56.315765380859375,11457365,0.0,0.0
2011-11-02 00:00:00+05:30,56.07752905328058,57.15876272274886,55.628540768675556,56.315765380859375,10014775,0.0,0.0
2011-11-03 00:00:00+05:30,56.11417847506619,57.25038780767844,55.69267808193107,56.8014030456543,11655165,0.0,0.0
2011-11-04 00:00:00+05:30,57.17708358861776,58.14835870928118,57.17708358861776,58.00175094604492,8167640,0.0,0.0
2011-11-08 00:00:00+05:30,58.25831906887433,58.36827402106579,56.398228860858815,56.691444396972656,8082855,0.0,0.0
2011-11-09 00:00:00+05:30,57.09461319556362,57.1679153252326,55.99505328729217,56.242454528808594,6924105,0.0,0.0
2011-11-11 00:00:00+05:30,55.802631256145105,56.12333462728203,54.299897401005374,54.657257080078125,11577545,0.0,0.0
2011-11-14 00:00:00+05:30,55.01461974102433,56.07752696174223,53.603517751073234,53.814266204833984,7347265,0.0,0.0
2011-11-15 00:00:00+05:30,53.69514441619923,54.55646810488803,51.86254558294458,52.17408752441406,10668825,0.0,0.0
2011-11-16 00:00:00+05:30,52.054969198400705,52.22906482279765,49.19611260719826,49.60844802856445,29422930,0.0,0.0
2011-11-17 00:00:00+05:30,49.51682517082309,51.09285791332051,48.68299277655246,49.77338790893555,15277110,0.0,0.0
2011-11-18 00:00:00+05:30,49.11364384685484,50.020781742903154,48.710473390502614,49.553470611572266,13449210,0.0,0.0
2011-11-21 00:00:00+05:30,49.571798100127744,51.31276842706515,47.84915767676784,48.215675354003906,8730830,0.0,0.0
2011-11-22 00:00:00+05:30,48.74713122683278,49.37937658623414,48.0507416904381,48.857086181640625,11296025,0.0,0.0
2011-11-23 00:00:00+05:30,48.747129817035805,48.91206399218008,47.675057678598066,48.5180549621582,10043650,0.0,0.0
2011-11-24 00:00:00+05:30,48.74713329313432,51.12951055558389,47.931627310882085,50.76299285888672,16749210,0.0,0.0
2011-11-25 00:00:00+05:30,50.89127746958296,51.26696014248877,49.92916364827836,50.23154067993164,10421620,0.0,0.0
2011-11-28 00:00:00+05:30,50.91875491180273,51.75258718559471,50.77214715472078,51.51435089111328,6404140,0.0,0.0
2011-11-29 00:00:00+05:30,51.496024015863114,51.734260308176246,50.24985634430614,50.4331169128418,8835055,0.0,0.0
2011-11-30 00:00:00+05:30,50.21320727711206,50.570563489940625,49.48932989987196,49.883338928222656,5147235,0.0,0.0
2011-12-01 00:00:00+05:30,50.946247781254385,52.52228394634147,50.68052359851702,51.14783477783203,6583495,0.0,0.0
2011-12-02 00:00:00+05:30,51.1478288145716,53.38359794300233,51.1478288145716,53.18201446533203,9220790,0.0,0.0
2011-12-05 00:00:00+05:30,52.595586293862596,53.40192723898678,52.32985863232167,52.93461608886719,8584095,0.0,0.0
2011-12-07 00:00:00+05:30,52.96210551323747,54.877171431319155,52.229066679968014,54.30906677246094,13563890,0.0,0.0
2011-12-08 00:00:00+05:30,51.59682067140966,54.079991216092736,51.59682067140966,52.63223648071289,10935975,0.0,0.0
2011-12-09 00:00:00+05:30,52.13743992519233,52.74219742031181,51.16616125316196,52.51312255859375,18987445,0.0,0.0
2011-12-12 00:00:00+05:30,52.77885047108676,53.43858723798205,51.36775187970163,51.80757522583008,16738910,0.0,0.0
2011-12-13 00:00:00+05:30,51.31276560334925,51.49602617958502,50.103250693759826,50.97373580932617,12729365,0.0,0.0
2011-12-14 00:00:00+05:30,51.26695314998108,52.04580625732878,50.60721645031393,50.918758392333984,13058660,0.0,0.0
2011-12-15 00:00:00+05:30,50.40563255201386,50.40563255201386,48.6188513731428,49.08616256713867,15262180,0.0,0.0
2011-12-16 00:00:00+05:30,49.480169931752606,50.139906649372236,46.392241786947366,47.006160736083984,19255795,0.0,0.0
2011-12-19 00:00:00+05:30,46.731267468917245,46.96034230945115,45.2651898876621,46.74042892456055,12249735,0.0,0.0
2011-12-20 00:00:00+05:30,46.90536877632687,47.2810514205352,44.019027532893645,44.4588508605957,19200075,0.0,0.0
2011-12-21 00:00:00+05:30,44.944485814414435,46.3647492151483,44.49550105641584,45.897438049316406,11756070,0.0,0.0
2011-12-22 00:00:00+05:30,45.99823305754808,47.46431077838104,44.73373883870152,47.271888732910156,15521760,0.0,0.0
2011-12-23 00:00:00+05:30,47.28105225752125,47.89497473306426,45.85162729103664,46.181495666503906,17342680,0.0,0.0
2011-12-26 00:00:00+05:30,46.03488160101614,47.0519709592626,46.03488160101614,46.63047409057617,5211800,0.0,0.0
2011-12-27 00:00:00+05:30,46.73126940322414,46.82289794506853,45.58589515314512,45.97990417480469,5696920,0.0,0.0
2011-12-28 00:00:00+05:30,45.90660088601432,46.08070001796361,44.17479549084612,44.27558898925781,11961890,0.0,0.0
2011-12-29 00:00:00+05:30,43.982373006290665,44.24810068210086,43.40510338186971,43.85409164428711,11895005,0.0,0.0
2011-12-30 00:00:00+05:30,44.165632783497614,44.97197725254888,43.386776178541936,43.76245880126953,9134895,0.0,0.0
2012-01-02 00:00:00+05:30,43.982368973948425,44.44968010631858,42.241398803901106,42.488800048828125,16278750,0.0,0.0
2012-01-03 00:00:00+05:30,43.24933380964469,45.24686684734973,42.699552054216596,45.06360626220703,21337225,0.0,0.0
2012-01-04 00:00:00+05:30,45.79664755591324,46.73127344424679,43.62501876868814,44.17479705810547,19977935,0.0,0.0
2012-01-05 00:00:00+05:30,44.16563402425189,45.65003814899859,43.65250507582112,45.420963287353516,16636020,0.0,0.0
2012-01-06 00:00:00+05:30,44.8986699259066,46.31893327550229,44.440520232785104,45.778316497802734,16571055,0.0,0.0
2012-01-09 00:00:00+05:30,46.181487936684796,46.25479006596096,44.76122116943434,45.63170623779297,16560130,0.0,0.0
2012-01-10 00:00:00+05:30,45.81496827724925,48.65549491227683,45.81496827724925,48.435585021972656,16994660,0.0,0.0
2012-01-11 00:00:00+05:30,48.33479359097227,50.12157812896121,48.1698594185176,49.90166473388672,17791780,0.0,0.0
2012-01-12 00:00:00+05:30,49.901668685280455,51.95418105201665,49.2052826206444,51.422725677490234,17364820,0.0,0.0
2012-01-13 00:00:00+05:30,51.679290696149714,52.35735033589508,50.87294619647479,51.45937728881836,14516560,0.0,0.0
2012-01-16 00:00:00+05:30,50.817966495019384,51.670125260417066,50.17655618299678,51.36774826049805,7915470,0.0,0.0
2012-01-17 00:00:00+05:30,51.551007601851644,53.06290315359919,51.551007601851644,52.28404998779297,9409235,0.0,0.0
2012-01-18 00:00:00+05:30,52.32069776303891,52.41232980627353,50.94624857316498,51.505191802978516,7636335,0.0,0.0
2012-01-19 00:00:00+05:30,52.311528699524295,52.81549263011302,51.80756476893556,52.65055847167969,7842060,0.0,0.0
2012-01-20 00:00:00+05:30,52.8704767038804,54.959638242039624,52.68721612263374,54.59312057495117,14383555,0.0,0.0
2012-01-23 00:00:00+05:30,54.977961765829676,56.70060554653898,54.79470119419598,56.361572265625,22157770,0.0,0.0
2012-01-24 00:00:00+05:30,56.53567764271791,59.28457254003425,54.739731531703804,58.53321075439453,46331850,0.0,0.0
2012-01-25 00:00:00+05:30,58.991351772492905,61.007214609976515,58.36827140770229,60.53073501586914,35077840,0.0,0.0
2012-01-27 00:00:00+05:30,60.292514521838406,61.053037852168245,58.66149541442933,59.74272918701172,16161410,0.0,0.0
2012-01-30 00:00:00+05:30,59.25708064963425,59.476997539497525,57.11294340453968,57.49778747558594,18450955,0.0,0.0
2012-01-31 00:00:00+05:30,58.02007747347213,60.84228129086785,57.882631165914034,60.558223724365234,11771910,0.0,0.0
2012-02-01 00:00:00+05:30,60.55823718957358,61.841058027336786,59.4495155128158,61.60282516479492,11113750,0.0,0.0
2012-02-02 00:00:00+05:30,62.033463653809186,62.58324886049031,60.136724265025386,62.125099182128906,16279970,0.0,0.0
2012-02-03 00:00:00+05:30,61.83188639567578,63.55452674562737,60.49408312392352,63.17884063720703,13128310,0.0,0.0
2012-02-06 00:00:00+05:30,64.12263351538745,64.9564623137173,62.62906105589824,63.389591217041016,13525150,0.0,0.0
2012-02-07 00:00:00+05:30,63.39875944060568,63.691974976916846,61.4836900075032,61.868534088134766,15675840,0.0,0.0
2012-02-08 00:00:00+05:30,61.776915556147834,62.381676630135225,60.47577183981315,61.1080207824707,18883530,0.0,0.0
2012-02-09 00:00:00+05:30,60.68651727048974,63.77444202535471,60.47576531540381,63.407920837402344,14263600,0.0,0.0
2012-02-10 00:00:00+05:30,63.20634077231798,64.1409631595434,61.98766079449221,63.737789154052734,14558735,0.0,0.0
2012-02-13 00:00:00+05:30,63.61867304784877,64.50748466018757,62.39999306410981,64.0035171508789,9574445,0.0,0.0
2012-02-14 00:00:00+05:30,63.976023031211696,65.97355597795436,63.72862527225056,65.59786987304688,13775870,0.0,0.0
2012-02-15 00:00:00+05:30,68.72246895846719,68.72246895846719,65.88194163967943,67.04563903808594,12342405,0.0,0.0
2012-02-16 00:00:00+05:30,67.03647199591954,68.24598700613456,65.97356126440418,67.30219268798828,16939125,0.0,0.0
2012-02-17 00:00:00+05:30,68.35592618147095,68.5666780958091,66.38588129408384,66.72491455078125,7645555,0.0,0.0
2012-02-21 00:00:00+05:30,65.05725645938162,67.9710887888849,64.32421415365633,67.57707977294922,10762910,0.0,0.0
2012-02-22 00:00:00+05:30,67.64122105358501,67.9436015317039,63.05055912759399,63.35293960571289,18165725,0.0,0.0
2012-02-23 00:00:00+05:30,62.858132602139385,65.29549217406596,61.88685754998082,64.80068969726562,24058310,0.0,0.0
2012-02-24 00:00:00+05:30,64.67241070834798,65.4787516309721,61.49285080069945,62.26253890991211,11557050,0.0,0.0
2012-02-27 00:00:00+05:30,62.262537306463784,62.262537306463784,58.11170241814075,58.59734344482422,15232130,0.0,0.0
2012-02-28 00:00:00+05:30,59.733568512057616,64.3242241173876,59.00969104549891,64.0218505859375,19757525,0.0,0.0
2012-02-29 00:00:00+05:30,64.52580113906357,65.21302567914655,62.30835830085678,63.30712127685547,10790200,0.0,0.0
2012-03-01 00:00:00+05:30,62.72986179161029,63.444574270097824,61.77690949002349,62.30836486816406,7258105,0.0,0.0
2012-03-02 00:00:00+05:30,62.43663822257483,65.37795834771799,62.37249754660508,64.22341918945312,15549565,0.0,0.0
2012-03-05 00:00:00+05:30,63.93021014730879,63.93937509932115,61.69444422218954,62.253387451171875,6190950,0.0,0.0
2012-03-06 00:00:00+05:30,61.94183453698774,65.33214631963976,61.15381653831134,62.739017486572266,19686660,0.0,0.0
2012-03-07 00:00:00+05:30,62.3083558360579,62.757340560391135,60.65901420877972,61.905181884765625,16764080,0.0,0.0
2012-03-09 00:00:00+05:30,63.73778742787654,68.06272194517695,62.903958564605915,67.11893463134766,24908540,0.0,0.0
2012-03-12 00:00:00+05:30,67.80615624774398,68.66747992903119,64.93814161503765,66.8165512084961,119209690,0.0,0.0
2012-03-13 00:00:00+05:30,67.79699087595202,67.79699087595202,66.52333526494517,67.5404281616211,11548850,0.0,0.0
2012-03-14 00:00:00+05:30,69.62044096173209,71.23312309179892,67.94361115375897,70.8299560546875,26934685,0.0,0.0
2012-03-15 00:00:00+05:30,70.37178282127947,71.04984228596862,67.80614221154632,68.75909423828125,32447355,0.0,0.0
2012-03-16 00:00:00+05:30,69.0798134082238,70.1335591499673,66.74324706743646,67.37549591064453,20056935,0.0,0.0
2012-03-19 00:00:00+05:30,67.80615124272782,67.80615124272782,65.45126221568708,66.14765167236328,10367325,0.0,0.0
2012-03-20 00:00:00+05:30,66.24845128462184,67.62290042338321,65.38712758727225,67.06395721435547,13116355,0.0,0.0
2012-03-21 00:00:00+05:30,66.4133850925763,68.80492014921256,66.4133850925763,68.60334014892578,11171740,0.0,0.0
2012-03-22 00:00:00+05:30,68.15434324373153,70.15187610951234,66.52333151669025,67.21055603027344,20748290,0.0,0.0
2012-03-23 00:00:00+05:30,67.58624300485909,68.88738642315153,67.10976342101635,68.18183898925781,10563425,0.0,0.0
2012-03-26 00:00:00+05:30,67.2563831052101,67.80616139402666,65.08475082495298,65.63452911376953,18090955,0.0,0.0
2012-03-27 00:00:00+05:30,66.35839799636344,66.62412564975249,61.483685679109335,64.94729614257812,44477790,0.0,0.0
2012-03-28 00:00:00+05:30,64.5257979564132,65.01143548892222,63.42624154283842,64.16844177246094,15669935,0.0,0.0
2012-03-29 00:00:00+05:30,63.407920649305275,67.23805272088465,62.52827399531515,66.35840606689453,22352725,0.0,0.0
2012-03-30 00:00:00+05:30,65.19470814900717,67.8061602187286,65.19470814900717,67.58625030517578,10941725,0.0,0.0
2012-04-02 00:00:00+05:30,67.7786735681021,69.1531227863576,67.49462296672192,68.36510467529297,19365795,0.0,0.0
2012-04-03 00:00:00+05:30,68.75911348066661,69.8036943234756,68.2643109249976,68.58501434326172,9341450,0.0,0.0
2012-04-04 00:00:00+05:30,68.40175034829042,69.2080912887472,67.57707950531785,68.45672607421875,9609890,0.0,0.0
2012-04-09 00:00:00+05:30,69.08897889851136,69.17144249219358,67.21972720947208,68.28263092041016,11035360,0.0,0.0
2012-04-10 00:00:00+05:30,68.456731201841,69.76703969748539,67.25638115709901,69.18977355957031,10879660,0.0,0.0
2012-04-11 00:00:00+05:30,69.08898187722627,69.5471316151511,68.1360295834454,68.86907196044922,11170215,0.0,0.0
2012-04-12 00:00:00+05:30,69.08897706184173,69.63875531087086,67.824479399184,68.07188415527344,15780860,0.0,0.0
2012-04-13 00:00:00+05:30,68.47505802137829,69.62959024520434,66.61496434581689,66.97232055664062,16195390,0.0,0.0
2012-04-16 00:00:00+05:30,66.69743320056459,68.07188228069236,66.4775233051708,67.57707977294922,13567515,0.0,0.0
2012-04-17 00:00:00+05:30,68.17268090962999,69.18060891284722,66.54166899683685,68.02606964111328,21066960,0.0,0.0
2012-04-18 00:00:00+05:30,68.41092575223362,68.87823347564466,67.5587669160933,67.787841796875,8820810,0.0,0.0
2012-04-19 00:00:00+05:30,67.80616131412711,68.17268250317633,67.1006137926258,67.39382934570312,6445235,0.0,0.0
2012-04-20 00:00:00+05:30,67.34800006322935,67.76949691180282,66.24844367484717,66.77989196777344,8824110,0.0,0.0
2012-04-23 00:00:00+05:30,65.97356440389987,68.53920581593127,65.16722335565508,65.75365447998047,11175030,0.0,0.0
2012-04-24 00:00:00+05:30,66.12017140181945,66.79823103466718,65.43294681708174,65.86360168457031,6512450,0.0,0.0
2012-04-25 00:00:00+05:30,65.97354649923753,68.06270768651736,65.83610021253574,67.08226776123047,21993950,0.0,0.0
2012-04-26 00:00:00+05:30,66.52334024043526,66.67910947281383,64.974798887172,65.54290008544922,22606205,0.0,0.0
2012-04-27 00:00:00+05:30,65.96438648300088,66.13848559189867,63.316281991663644,63.82941436767578,14464395,0.0,0.0
2012-04-30 00:00:00+05:30,63.591173183234964,64.83734079765385,63.591173183234964,64.08597564697266,6884420,0.0,0.0
2012-05-02 00:00:00+05:30,64.50748510842627,64.67241929527242,63.63699640364534,63.8935661315918,6990135,0.0,0.0
2012-05-03 00:00:00+05:30,63.31628372347934,63.73778058582615,61.45619716043238,61.905181884765625,12518765,0.0,0.0
2012-05-04 00:00:00+05:30,62.30835535329391,62.30835535329391,60.75064926578524,61.15381622314453,10880370,0.0,0.0
2012-05-07 00:00:00+05:30,60.933909432542045,62.58325113079933,59.03716997495094,62.225894927978516,12162340,0.0,0.0
2012-05-08 00:00:00+05:30,62.32667908553952,62.6565474127863,59.87099653315195,60.31998825073242,10386010,0.0,0.0
2012-05-09 00:00:00+05:30,59.85267720109625,60.970563600190545,57.754350712614446,58.73479080200195,11543315,0.0,0.0
2012-05-10 00:00:00+05:30,58.82642961671515,60.219208878420055,58.45991188583981,59.74272918701172,14769885,0.0,0.0
2012-05-11 00:00:00+05:30,60.1825530008892,61.547837333880516,58.83559158241664,60.38414001464844,8626760,0.0,0.0
2012-05-14 00:00:00+05:30,60.484927017065814,61.10801090585674,57.818492334048685,58.386600494384766,8432075,0.0,0.0
2012-05-15 00:00:00+05:30,57.72686586271594,58.899728050603414,57.085455542938085,58.047569274902344,17594245,0.0,0.0
2012-05-16 00:00:00+05:30,57.72685874912864,57.72685874912864,54.71223306444371,55.62853240966797,21600315,0.0,0.0
2012-05-17 00:00:00+05:30,55.89426412617633,57.58025518389686,55.16122529573368,55.408626556396484,18025065,0.0,0.0
2012-05-18 00:00:00+05:30,54.977964919803156,57.72686316579331,53.87840492232611,57.259552001953125,17588195,0.0,0.0
2012-05-21 00:00:00+05:30,57.36950633414109,59.36703931764236,57.36950633414109,59.08298873901367,13322330,0.0,0.0
2012-05-22 00:00:00+05:30,59.788535428460925,60.11840376939996,58.51487983070561,58.92721176147461,15228520,0.0,0.0
2012-05-23 00:00:00+05:30,58.643164864151814,59.23876090546536,57.74519182161809,58.771446228027344,8794225,0.0,0.0
2012-05-24 00:00:00+05:30,59.20210700316088,60.29250556692236,58.64316378903188,60.1092414855957,10688050,0.0,0.0
2012-05-25 00:00:00+05:30,60.109238213246385,60.83311556575652,59.66941842362599,60.48492431640625,12383420,0.0,0.0
2012-05-28 00:00:00+05:30,60.64986599900507,62.125108749790265,60.576560361383486,61.960174560546875,6017515,0.0,0.0
2012-05-29 00:00:00+05:30,62.11593197045494,62.43663533547421,61.50201310158819,62.0243034362793,6101320,0.0,0.0
2012-05-30 00:00:00+05:30,61.96017025754056,61.96017025754056,59.852678762548265,60.1092414855957,5598590,0.0,0.0
2012-05-31 00:00:00+05:30,58.8264188477025,61.57531705536728,58.8264188477025,60.448272705078125,13771135,0.0,0.0
2012-06-01 00:00:00+05:30,60.44827597694281,61.35541047714567,58.844751935678254,59.257083892822266,9887445,0.0,0.0
2012-06-04 00:00:00+05:30,58.64316070100128,59.27540951436799,56.9021904695284,58.8355827331543,8922395,0.0,0.0
2012-06-05 00:00:00+05:30,59.99928741705555,60.18254449959885,58.450739203569206,59.21126937866211,7766480,0.0,0.0
2012-06-06 00:00:00+05:30,59.38536974857605,61.09885237039265,59.38536974857605,60.75981903076172,6369340,0.0,0.0
2012-06-07 00:00:00+05:30,62.12510223058894,62.381664944531295,60.39329692066845,61.96932601928711,13314670,0.0,0.0
2012-06-08 00:00:00+05:30,61.850208607468126,63.59117884050691,61.02553776120665,63.30712127685547,9168085,0.0,0.0
2012-06-11 00:00:00+05:30,63.87523706056656,64.69074305316693,62.30836576048686,62.82149124145508,7975525,0.0,0.0
2012-06-12 00:00:00+05:30,62.49162358735282,64.14096549644267,62.07929160548558,63.79277420043945,7317465,0.0,0.0
2012-06-13 00:00:00+05:30,64.04933052507795,64.36086897067885,63.123866158235124,63.426246643066406,7604155,0.0,0.0
2012-06-14 00:00:00+05:30,63.27963990518176,63.27963990518176,60.58572418545766,60.8514518737793,9960825,0.0,0.0
2012-06-15 00:00:00+05:30,61.20879822918172,61.63945304333085,60.594872363172556,61.28209686279297,8841685,0.0,0.0
2012-06-18 00:00:00+05:30,63.39875730497629,63.39875730497629,58.826418295745626,59.5411376953125,15032820,0.0,0.0
2012-06-19 00:00:00+05:30,59.56862558318825,59.788535480402125,58.29496648892165,59.21126937866211,14011455,0.0,0.0
2012-06-20 00:00:00+05:30,59.559461263785686,61.355407256842675,59.31206350064621,60.93391036987305,14036715,0.0,0.0
2012-06-21 00:00:00+05:30,60.59488255951277,63.04140750285471,60.21920340505858,62.903961181640625,11307305,0.0,0.0
2012-06-22 00:00:00+05:30,61.923517529108075,62.83981696461139,61.41038509147549,62.35417938232422,6976670,0.0,0.0
2012-06-25 00:00:00+05:30,62.491620078945274,64.10430907831453,61.77690762206858,62.143428802490234,7174785,0.0,0.0
2012-06-26 00:00:00+05:30,62.30836721568214,63.02307972109704,61.94184601036896,62.5649299621582,7873375,0.0,0.0
2012-06-27 00:00:00+05:30,62.9681023619717,63.18801228315985,61.13550337351297,61.36457824707031,10714670,0.0,0.0
2012-06-28 00:00:00+05:30,60.65901586244661,61.181306226855,59.21126816215578,60.76897430419922,147813475,0.0,0.0
2012-06-29 00:00:00+05:30,61.575322293111675,62.39999322372152,61.282106738984865,62.19840621948242,13399530,0.0,0.0
2012-07-02 00:00:00+05:30,62.61074362481199,63.38043181372037,62.134263991936265,63.11470413208008,15016445,0.0,0.0
2012-07-03 00:00:00+05:30,63.11470410843638,64.85567447564229,62.95893487847424,64.26007843017578,18270885,0.0,0.0
2012-07-04 00:00:00+05:30,64.4983172787134,64.7823678691833,63.67364638127338,64.07682037353516,8020600,0.0,0.0
2012-07-05 00:00:00+05:30,64.63296374026928,66.49603409484068,63.88216733378278,66.2921142578125,15680455,0.8,0.0
2012-07-06 00:00:00+05:30,66.27358333621164,67.36732946994343,65.17983720247987,66.95022583007812,14544905,0.0,0.0
2012-07-09 00:00:00+05:30,66.69996009992093,67.5249034647592,65.99551161732825,66.69068908691406,13207985,0.0,0.0
2012-07-10 00:00:00+05:30,66.54238951346234,67.38586784877909,66.40335260253664,66.63507843017578,10979745,0.0,0.0
2012-07-11 00:00:00+05:30,66.53311272388285,67.10779527235006,65.34667772085031,65.5042495727539,9174905,0.0,0.0
2012-07-12 00:00:00+05:30,65.34666940215989,65.81012095820358,64.65149206809437,65.55986022949219,10477855,0.0,0.0
2012-07-13 00:00:00+05:30,65.81012648411388,66.09746421004094,64.51246060388792,64.74418640136719,6516620,0.0,0.0
2012-07-16 00:00:00+05:30,64.53100381447501,65.71743878791209,64.43830783641066,64.88322448730469,8210675,0.0,0.0
2012-07-17 00:00:00+05:30,65.43936560928087,65.60620847096305,64.61442231310517,64.97591400146484,5113750,0.0,0.0
2012-07-18 00:00:00+05:30,64.8832142138992,65.4393546356765,63.52993659461439,65.09640502929688,7929530,0.0,0.0
2012-07-19 00:00:00+05:30,65.43937658092332,66.08821318367666,65.1891157822962,65.78233337402344,10560650,0.0,0.0
2012-07-20 00:00:00+05:30,65.69889640938084,65.97697019865407,64.69784632575967,65.615478515625,6447635,0.0,0.0
2012-07-23 00:00:00+05:30,65.07788341278753,65.14276636447678,62.84405001459022,62.97381591796875,9730280,0.0,0.0
2012-07-24 00:00:00+05:30,63.20554034342963,63.76168092715587,62.5288978008934,63.177734375,8626510,0.0,0.0
2012-07-25 00:00:00+05:30,63.42799462845191,64.86469760671483,62.899660017604404,64.1509780883789,25745135,0.0,0.0
2012-07-26 00:00:00+05:30,64.51245835972067,65.75451226829205,63.400177399196636,64.07681274414062,28565025,0.0,0.0
2012-07-27 00:00:00+05:30,65.3837394264441,66.57944516256562,64.93882286837447,65.69888305664062,13970600,0.0,0.0
2012-07-30 00:00:00+05:30,64.89249158659075,66.95948165332257,52.83347961107248,66.75556182861328,9900750,0.0,0.0
2012-07-31 00:00:00+05:30,66.70921798311784,68.08103062627346,66.31064936280042,67.70100402832031,17070505,0.0,0.0
2012-08-01 00:00:00+05:30,67.84931121984953,68.37764575949019,67.10779290496816,67.75662231445312,7090925,0.0,0.0
2012-08-02 00:00:00+05:30,68.0347116742299,68.0347116742299,66.95950032474734,67.36734008789062,2448205,0.0,0.0
2012-08-03 00:00:00+05:30,67.29317241388827,68.35911253212105,65.958436584736,68.18299865722656,8135680,0.0,0.0
2012-08-06 00:00:00+05:30,68.40546069354268,69.32309290433383,67.61758729653847,67.793701171875,13706045,0.0,0.0
2012-08-07 00:00:00+05:30,67.78442600056529,69.03575093234339,67.663931134771,68.64644622802734,13446345,0.0,0.0
2012-08-08 00:00:00+05:30,68.59083903399916,68.93379577498492,67.86785564592527,68.08103942871094,6365740,0.0,0.0
2012-08-09 00:00:00+05:30,68.12739169373192,68.57230838369276,67.06145149778715,67.2282943725586,6608160,0.0,0.0
2012-08-10 00:00:00+05:30,66.90388157457815,67.57125309300164,65.84721236097798,66.09747314453125,8033865,0.0,0.0
2012-08-13 00:00:00+05:30,66.73703558905031,67.43221304310292,65.2725267219689,67.0892562866211,11347325,0.0,0.0
2012-08-14 00:00:00+05:30,67.26536661757581,68.20154085298678,66.86679794877394,67.793701171875,6790940,0.0,0.0
2012-08-16 00:00:00+05:30,68.47960548980174,68.47960548980174,66.4218863374683,66.73703002929688,7627015,0.0,0.0
2012-08-17 00:00:00+05:30,66.92241169890531,67.6639371262332,66.180893343288,66.61653900146484,6120060,0.0,0.0
2012-08-21 00:00:00+05:30,66.82045317345454,67.0521789903774,65.99550983094602,66.4126205444336,8803000,0.0,0.0
2012-08-22 00:00:00+05:30,66.32919380919029,66.95948829732777,65.67109335523521,66.22723388671875,6659955,0.0,0.0
2012-08-23 00:00:00+05:30,66.73702984126233,66.73702984126233,65.03153136196204,65.71743774414062,8833670,0.0,0.0
2012-08-24 00:00:00+05:30,65.56911895423772,65.56911895423772,63.47432317915126,63.86362075805664,15464575,0.0,0.0
2012-08-27 00:00:00+05:30,64.50319405174777,64.50319405174777,62.102518018297374,62.26008987426758,11928725,0.0,0.0
2012-08-28 00:00:00+05:30,62.287899636921644,62.73281633751455,61.37026733960565,62.21375274658203,11033060,0.0,0.0
2012-08-29 00:00:00+05:30,62.21374745743887,62.52889116179545,61.212690269993665,61.32392120361328,10056265,0.0,0.0
2012-08-30 00:00:00+05:30,61.36099252350094,62.05616996329156,60.84192896473801,61.166343688964844,16751295,0.0,0.0
2012-08-31 00:00:00+05:30,61.18488261689602,61.89859497406566,60.43408621116559,60.943885803222656,14183785,0.0,0.0
2012-09-03 00:00:00+05:30,61.39806904377069,61.861520666837194,60.26724595201475,60.80485153198242,11635285,0.0,0.0
2012-09-04 00:00:00+05:30,60.9902284170551,61.870783556592414,60.45262290766765,61.731746673583984,7125215,0.0,0.0
2012-09-05 00:00:00+05:30,61.54637211417123,61.63906101714825,59.84086659821206,60.08186340332031,14429015,0.0,0.0
2012-09-06 00:00:00+05:30,60.424817994861215,60.934610479133305,59.340335945928004,60.58238983154297,16073455,0.0,0.0
2012-09-07 00:00:00+05:30,61.53710842039175,62.547436676607134,61.379536559421275,62.10251998901367,16270315,0.0,0.0
2012-09-10 00:00:00+05:30,62.57524474529589,62.8255055286713,61.472227538034794,61.750301361083984,5417165,0.0,0.0
2012-09-11 00:00:00+05:30,61.2775739632402,61.95420937050293,60.9809652083352,61.14780807495117,7019740,0.0,0.0
2012-09-12 00:00:00+05:30,61.54637177558149,62.56596384613955,60.94388330198038,62.41765594482422,13269955,0.0,0.0
2012-09-13 00:00:00+05:30,62.64011823196876,63.49286745532624,61.19414447093867,62.853302001953125,13460900,0.0,0.0
2012-09-14 00:00:00+05:30,63.77093989475409,66.71849221061817,63.60409704398028,65.97696685791016,35396820,0.0,0.0
2012-09-17 00:00:00+05:30,66.34772613209606,70.59294406165863,66.34772613209606,69.9904556274414,50077475,0.0,0.0
2012-09-18 00:00:00+05:30,69.88850529650298,69.91631126206465,68.28495958924563,68.71133422851562,12382345,0.0,0.0
2012-09-20 00:00:00+05:30,68.2386129066387,68.66498750989415,67.15413083936329,67.38585662841797,11271160,0.0,0.0
2012-09-21 00:00:00+05:30,67.37660642542102,69.67532276135478,67.29318144706328,68.7576904296875,26447800,0.0,0.0
2012-09-24 00:00:00+05:30,68.77623094000637,70.63003778013282,68.4610871716066,69.88851928710938,27529840,0.0,0.0
2012-09-25 00:00:00+05:30,70.21291313395142,71.21397022633889,68.98940126715887,69.5826187133789,16700605,0.0,0.0
2012-09-26 00:00:00+05:30,69.33236884158048,69.78654947308323,68.89672316430376,69.41578674316406,10346245,0.0,0.0
2012-09-27 00:00:00+05:30,69.71238979640954,71.37154739617255,69.37870407401527,70.62075805664062,28703355,0.0,0.0
2012-09-28 00:00:00+05:30,70.79686347758954,72.00184045959158,70.2777999514152,70.82467651367188,12410220,0.0,0.0
2012-10-01 00:00:00+05:30,70.4446474046703,73.22535717064413,70.4446474046703,73.0770492553711,12621070,0.0,0.0
2012-10-03 00:00:00+05:30,73.21607355330346,74.61569920796632,72.93800686760376,74.32836151123047,19286545,0.0,0.0
2012-10-04 00:00:00+05:30,74.32836681874129,75.4406477843827,73.32730970663806,73.85564422607422,11823615,0.0,0.0
2012-10-05 00:00:00+05:30,74.15225790340352,74.51374959494579,71.67742799308793,72.94728088378906,10997845,0.0,0.0
2012-10-08 00:00:00+05:30,73.03997628753007,73.76295966491301,71.27885876187065,71.4920425415039,8250440,0.0,0.0
2012-10-09 00:00:00+05:30,71.76084833002069,73.48488895066133,71.76084833002069,73.0770492553711,7855350,0.0,0.0
2012-10-10 00:00:00+05:30,73.03997049495261,73.39219114346682,71.80718761758824,72.89166259765625,5608425,0.0,0.0
2012-10-11 00:00:00+05:30,73.13266980576495,73.83711827478542,72.78971304822757,73.60539245605469,17336535,0.0,0.0
2012-10-12 00:00:00+05:30,73.59610701103873,74.15224745259128,72.77116382386541,73.16046142578125,7046720,0.0,0.0
2012-10-15 00:00:00+05:30,73.16047540803773,73.57757905099066,72.39114399647404,73.2160873413086,5908305,0.0,0.0
2012-10-16 00:00:00+05:30,73.59611901546673,73.59611901546673,70.66710136891022,70.94517517089844,22239765,0.0,0.0
2012-10-17 00:00:00+05:30,71.37154261491219,71.8349941903337,70.9358970025424,71.42715454101562,10208270,0.0,0.0
2012-10-18 00:00:00+05:30,71.42716619539812,72.66922029747609,71.42716619539812,72.1316146850586,13285105,0.0,0.0
2012-10-19 00:00:00+05:30,72.13161139459154,72.21503636526289,70.17584495068147,71.08421325683594,8175230,0.0,0.0
2012-10-22 00:00:00+05:30,70.85247452569857,71.88133752225235,70.26852105258409,71.75157165527344,6536820,0.0,0.0
2012-10-23 00:00:00+05:30,71.74230913273476,74.2727509099312,71.38081745027813,74.0317611694336,36661590,0.0,0.0
2012-10-25 00:00:00+05:30,75.02356017123599,77.5354674265528,74.15226875047031,77.15543365478516,32377850,0.0,0.0
2012-10-29 00:00:00+05:30,76.9329649608774,78.04524596295302,76.56220226961548,76.90515899658203,13951570,0.0,0.0
2012-10-30 00:00:00+05:30,76.0060707474925,77.85987735108988,75.31089327114348,75.5333480834961,18996925,0.0,0.0
2012-10-31 00:00:00+05:30,75.50554354882681,76.40464090010796,75.03282087585927,76.30268096923828,8849940,0.0,0.0
2012-11-01 00:00:00+05:30,76.30267640011762,77.41495748809494,76.13583352974995,76.47879028320312,8518460,0.0,0.0
2012-11-02 00:00:00+05:30,76.76613106386179,78.18429198214048,76.76613106386179,77.86914825439453,9939630,0.0,0.0
2012-11-05 00:00:00+05:30,78.04525401211178,78.5087056560595,77.12762173717434,77.58180236816406,5853575,0.0,0.0
2012-11-06 00:00:00+05:30,77.4891080968364,78.18428551469984,77.03492749724452,78.0081787109375,5269325,0.0,0.0
2012-11-07 00:00:00+05:30,77.78571250964308,78.67553870630216,77.41494982644095,77.8876724243164,7241575,0.0,0.0
2012-11-08 00:00:00+05:30,76.33047730627646,77.99890589934566,76.33047730627646,77.77645111083984,5060790,0.0,0.0
2012-11-09 00:00:00+05:30,77.98036093028125,79.24094980372625,77.8969430396331,78.8145751953125,9982530,0.0,0.0
2012-11-12 00:00:00+05:30,78.78677050257211,79.70440267305266,78.60139269477949,78.75896453857422,9549265,0.0,0.0
2012-11-15 00:00:00+05:30,78.19355940914224,78.19355940914224,77.18323118065175,77.40569305419922,10020390,0.0,0.0
2012-11-16 00:00:00+05:30,77.48910290259717,78.45308303935566,76.84027351810101,77.0163803100586,6107865,0.0,0.0
2012-11-19 00:00:00+05:30,77.07200703568168,77.6003416079445,76.37682959471951,76.82173919677734,6938635,0.0,0.0
2012-11-20 00:00:00+05:30,77.21102888997902,77.98035306687105,76.86807220679658,77.79497528076172,5466705,0.0,0.0
2012-11-21 00:00:00+05:30,78.06378038140032,78.75895770789576,77.82278359480325,78.2677001953125,7596265,0.0,0.0
2012-11-22 00:00:00+05:30,78.35113417629896,78.63847193399987,77.70230470029338,78.01744842529297,4607595,0.0,0.0
2012-11-23 00:00:00+05:30,78.13795035836867,78.24917422753373,77.1739700859096,77.97110748291016,4281765,0.0,0.0
2012-11-26 00:00:00+05:30,77.85987794242054,78.49017247529905,77.60034614741957,77.7671890258789,4807645,0.0,0.0
2012-11-27 00:00:00+05:30,78.11013407878039,80.73327198399666,77.90622130320061,80.52008819580078,13614240,0.0,0.0
2012-11-29 00:00:00+05:30,80.54789896414235,83.00419414726443,80.2790961559347,82.18851470947266,15138480,0.0,0.0
2012-11-30 00:00:00+05:30,82.30901807350048,83.03200153539333,81.60456956655132,81.9845962524414,11040960,0.0,0.0
2012-12-03 00:00:00+05:30,82.16069062259426,83.23590161830614,81.7713930158887,82.93929290771484,7214650,0.0,0.0
2012-12-04 00:00:00+05:30,82.03093646355502,83.90327789049259,82.03093646355502,83.54178619384766,6487305,0.0,0.0
2012-12-05 00:00:00+05:30,83.61594776681373,84.14428237709227,82.98565322545416,83.49545288085938,6341945,0.0,0.0
2012-12-06 00:00:00+05:30,83.81058187805894,87.12889688205391,83.06906359442908,86.70252227783203,11082015,0.0,0.0
2012-12-07 00:00:00+05:30,87.68504235856749,87.68504235856749,84.05158346814787,84.43161010742188,17578005,0.0,0.0
2012-12-10 00:00:00+05:30,84.53357041662812,85.35851371260541,84.41307554444066,84.82091522216797,6025060,0.0,0.0
2012-12-11 00:00:00+05:30,84.92287522584895,86.3873769331484,83.81058712322834,84.62626647949219,7699350,0.0,0.0
2012-12-12 00:00:00+05:30,84.53357138809531,85.05264200345265,83.62521018671319,84.18135070800781,7044145,0.0,0.0
2012-12-13 00:00:00+05:30,84.34819412121993,84.51503698586659,82.68903648715332,83.05979919433594,6923545,0.0,0.0
2012-12-14 00:00:00+05:30,83.13394704988525,85.76634864147077,82.78171932163794,85.38632202148438,6880120,0.0,0.0
2012-12-17 00:00:00+05:30,85.38633860047203,86.60057971824087,85.27510765336896,86.39665985107422,6191905,0.0,0.0
2012-12-18 00:00:00+05:30,86.48934782975496,87.46259915910753,84.3482033912328,86.8415756225586,7799660,0.0,0.0
2012-12-19 00:00:00+05:30,86.93425683522366,88.00946093002581,86.57276513275728,87.08255767822266,7764605,0.0,0.0
2012-12-20 00:00:00+05:30,87.27721072628538,88.0372710850071,85.84977891664496,87.68504333496094,7238320,0.0,0.0
2012-12-21 00:00:00+05:30,87.6294333067038,87.68504523825068,84.76529861296072,85.14533233642578,13644435,0.0,0.0
2012-12-24 00:00:00+05:30,85.08972080468762,85.90539311528666,84.76529901124508,85.58097839355469,3488290,0.0,0.0
2012-12-26 00:00:00+05:30,85.64585801642491,86.57276122640417,85.17313539925661,85.98880767822266,4547165,0.0,0.0
2012-12-27 00:00:00+05:30,85.75708100176541,86.79521513217811,85.32144243775146,86.43372344970703,8394315,0.0,0.0
2012-12-28 00:00:00+05:30,86.77668944933957,86.77668944933957,85.14533766205903,85.84051513671875,5663540,0.0,0.0
2012-12-31 00:00:00+05:30,85.83123770589934,87.0640206993293,85.63658887615416,86.02588653564453,3882155,0.0,0.0
2013-01-01 00:00:00+05:30,86.5264126807162,88.70463379581591,86.39664679789054,88.42656707763672,5381020,0.0,0.0
2013-01-02 00:00:00+05:30,88.78805598480166,90.76235720180158,88.76951396114345,90.43794250488281,9784680,0.0,0.0
2013-01-03 00:00:00+05:30,90.28038160991012,92.12491717181445,90.28038160991012,91.2443618774414,11175970,0.0,0.0
2013-01-04 00:00:00+05:30,91.207276959905,91.58730359738885,90.46575156580982,90.660400390625,6492540,0.0,0.0
2013-01-07 00:00:00+05:30,90.6604076763198,92.9498599124862,90.6604076763198,92.36591339111328,12424670,0.0,0.0
2013-01-08 00:00:00+05:30,92.31956273368783,92.87570327204467,91.53169638170641,92.62544250488281,8237425,0.0,0.0
2013-01-09 00:00:00+05:30,92.69032253183327,94.52559402951616,92.69032253183327,93.46891784667969,13271735,0.0,0.0
2013-01-10 00:00:00+05:30,93.81188294510662,95.80472647145831,93.24647136154378,95.55445861816406,11726305,0.0,0.0
2013-01-11 00:00:00+05:30,95.74911507347225,95.75837901497144,92.04150182101193,92.39372253417969,20748980,0.0,0.0
2013-01-14 00:00:00+05:30,92.50493943090275,94.46996963042622,91.76341406432522,93.89529418945312,12428020,0.0,0.0
2013-01-15 00:00:00+05:30,93.80260698936922,98.71519709113336,93.80260698936922,97.87171173095703,24333505,0.0,0.0
2013-01-16 00:00:00+05:30,98.43711380363162,101.0324455077439,95.77690623221201,96.03643798828125,35973650,0.0,0.0
2013-01-17 00:00:00+05:30,95.67495151346765,98.0292865412074,94.54412845343332,97.12091827392578,23747745,0.0,0.0
2013-01-18 00:00:00+05:30,97.15799778469598,97.64925537270149,95.45249920960437,95.841796875,14648145,0.0,0.0
2013-01-21 00:00:00+05:30,96.0271604537729,96.58330090353205,94.64607680466727,94.85926055908203,9755405,0.0,0.0
2013-01-22 00:00:00+05:30,94.72950762174244,96.21255845250302,91.76342010364223,94.3402099609375,10474485,0.0,0.0
2013-01-23 00:00:00+05:30,94.42364133917776,95.83253123799022,92.96840344686629,95.36907958984375,9589035,0.0,0.0
2013-01-24 00:00:00+05:30,95.29492056267513,95.65641226327418,93.75626484991955,94.13629150390625,8815275,0.0,0.0
2013-01-25 00:00:00+05:30,94.16408627279172,94.30312315765322,91.71706255738428,93.47817993164062,13114410,0.0,0.0
2013-01-28 00:00:00+05:30,93.83968251228578,97.38045262413124,93.80260553389294,97.05603790283203,15045005,0.0,0.0
2013-01-29 00:00:00+05:30,97.49167687381419,97.5102118258843,94.55339548685177,94.81292724609375,25670720,0.0,0.0
2013-01-30 00:00:00+05:30,95.16515099191635,96.85211455334725,94.72950535120057,96.39793395996094,15270780,0.0,0.0
2013-01-31 00:00:00+05:30,96.40721111279227,97.10238856543658,95.85107056501897,96.7965087890625,7798360,0.0,0.0
2013-02-01 00:00:00+05:30,96.79650965182499,99.47525956082035,96.23109808623116,98.68739318847656,17842710,0.0,0.0
2013-02-04 00:00:00+05:30,98.8078785378318,99.90162458377304,96.94480114777295,97.28775787353516,8342665,0.0,0.0
2013-02-05 00:00:00+05:30,97.13945343507162,97.28775426252507,94.78511857367803,95.26710510253906,9497325,0.0,0.0
2013-02-06 00:00:00+05:30,95.47102896275739,96.14767140579347,93.26500190729769,94.80365753173828,12926095,0.0,0.0
2013-02-07 00:00:00+05:30,94.91489129134193,95.65640962547977,93.30208166608901,94.15483093261719,8800420,0.0,0.0
2013-02-08 00:00:00+05:30,93.63576269949361,95.25784337826347,93.63576269949361,94.479248046875,8289905,0.0,0.0
2013-02-11 00:00:00+05:30,94.91490190145997,96.10133702607516,94.17337641271989,95.78618621826172,8514845,0.0,0.0
2013-02-12 00:00:00+05:30,95.8325285394571,96.95408064778464,95.41542489655481,96.7965087890625,7132355,0.0,0.0
2013-02-13 00:00:00+05:30,97.76974997650042,97.76974997650042,94.70169565955618,94.96122741699219,7447230,0.0,0.0
2013-02-14 00:00:00+05:30,94.92416680191609,94.99831368864629,92.0971090138249,92.9591293334961,8949720,0.0,0.0
2013-02-15 00:00:00+05:30,92.95912993486084,93.348427611628,91.17947735103033,93.05181884765625,10042725,0.0,0.0
2013-02-18 00:00:00+05:30,93.0981675380941,94.23825461027805,92.31956510700995,92.94985961914062,6031220,0.0,0.0
2013-02-19 00:00:00+05:30,92.9684025056228,93.8026098064719,91.88392028543942,93.62650299072266,9129495,0.0,0.0
2013-02-20 00:00:00+05:30,93.98799560569375,94.7202500579595,93.3947780621361,94.39582824707031,6873390,0.0,0.0
2013-02-21 00:00:00+05:30,94.02505578151671,94.02505578151671,89.7427607745834,90.2710952758789,11418430,0.0,0.0
2013-02-22 00:00:00+05:30,90.00229988105944,91.52242057304105,88.16703549348398,90.85504913330078,11938300,0.0,0.0
2013-02-25 00:00:00+05:30,91.39264057349666,91.39264057349666,88.44508855106109,88.8529281616211,15535955,0.0,0.0
2013-02-26 00:00:00+05:30,88.61194082201995,88.98270350094921,86.85082340088833,87.5274658203125,11238880,0.0,0.0
2013-02-27 00:00:00+05:30,87.59235533272978,91.46681112132106,87.59235533272978,90.9384765625,15321650,0.0,0.0
2013-02-28 00:00:00+05:30,91.77268866404584,92.20833430356377,86.60983807498519,87.49966430664062,25401920,0.0,0.0
2013-03-01 00:00:00+05:30,88.05580603788357,89.70569264059341,87.3142806320383,87.68504333496094,20642990,0.0,0.0
2013-03-04 00:00:00+05:30,88.9827058753889,88.9827058753889,86.79521379021546,88.0465316772461,10299945,0.0,0.0
2013-03-05 00:00:00+05:30,88.37093581255324,89.52030071765829,86.94351129956824,88.9919662475586,12699775,0.0,0.0
2013-03-06 00:00:00+05:30,90.46574254032294,90.46574254032294,88.89928108593601,89.30711364746094,6451520,0.0,0.0
2013-03-07 00:00:00+05:30,89.11248348280466,90.17842370155526,88.51926593130557,89.91889190673828,4397380,0.0,0.0
2013-03-08 00:00:00+05:30,90.24329832349409,90.92920472818038,89.019786352457,90.06718444824219,8269145,0.0,0.0
2013-03-11 00:00:00+05:30,90.09498969257774,92.31955882349418,90.09498969257774,91.53169250488281,8089175,0.0,0.0
2013-03-12 00:00:00+05:30,91.86538349194302,92.7922867602934,90.48429960217996,91.20728302001953,8287530,0.0,0.0
2013-03-13 00:00:00+05:30,90.8365173744667,91.03116620594957,89.09394183187433,89.42762756347656,4364440,0.0,0.0
2013-03-14 00:00:00+05:30,89.41835639764473,90.53990846571892,87.31428208966672,89.86326599121094,9480165,0.0,0.0
2013-03-15 00:00:00+05:30,89.90962283780466,91.02190400298993,87.61089947225426,87.8148193359375,8537335,0.0,0.0
2013-03-18 00:00:00+05:30,87.12890148091468,87.73138997996519,84.96921531082623,85.16386413574219,12217560,0.0,0.0
2013-03-19 00:00:00+05:30,86.01663306534093,86.20201090526989,80.64059084686538,81.34503936767578,17212970,0.0,0.0
2013-03-20 00:00:00+05:30,81.34503123921466,82.23485751103749,79.44487674711625,79.9361343383789,14927190,0.0,0.0
2013-03-21 00:00:00+05:30,80.08444661291745,82.67977161243729,79.26876718222212,80.10298156738281,15131420,0.0,0.0
2013-03-22 00:00:00+05:30,80.269809192214,82.41096021923457,79.89904652795727,81.66016387939453,11940000,0.0,0.0
2013-03-25 00:00:00+05:30,82.49438889276558,83.05052942601515,80.02882286402141,80.66838836669922,6875915,0.0,0.0
2013-03-26 00:00:00+05:30,80.45520100638352,80.85376966732117,78.36039778342906,78.8423843383789,10922525,0.0,0.0
2013-03-28 00:00:00+05:30,82.30900971239399,82.30900971239399,77.2759248869744,79.50975799560547,13023190,0.0,0.0
2013-04-01 00:00:00+05:30,79.52830033801246,80.45520357238692,78.23063439554613,80.14005279541016,7589125,0.0,0.0
2013-04-02 00:00:00+05:30,79.3985437863403,83.58814378675876,79.3985437863403,83.33788299560547,10772960,0.0,0.0
2013-04-03 00:00:00+05:30,83.23591300348835,85.21948535283036,80.36250732894969,80.7239990234375,15064410,0.0,0.0
2013-04-04 00:00:00+05:30,80.17712831457949,80.98353665962856,78.7867734883151,79.12973022460938,10367295,0.0,0.0
2013-04-05 00:00:00+05:30,79.15754018036976,80.54789507672857,78.45309171946897,78.90727233886719,9522365,0.0,0.0
2013-04-08 00:00:00+05:30,79.1575414614889,79.79709991540156,78.51797593586544,78.8516616821289,5022015,0.0,0.0
2013-04-09 00:00:00+05:30,79.5282894523817,80.97425603713826,78.51796138791525,78.7033462524414,9051245,0.0,0.0
2013-04-10 00:00:00+05:30,79.15753541674243,79.69514097485913,77.25738101071734,79.42633819580078,11236575,0.0,0.0
2013-04-11 00:00:00+05:30,80.45519364169505,81.28940079229638,79.25021675705597,80.98352813720703,10320780,0.0,0.0
2013-04-12 00:00:00+05:30,81.01134375761863,82.43877558115118,80.33470128782128,82.04020690917969,9257855,0.0,0.0
2013-04-15 00:00:00+05:30,82.49438367272947,85.8868527327929,82.14216300735818,84.88579559326172,11970230,0.0,0.0
2013-04-16 00:00:00+05:30,85.0897158046426,87.24013092595963,85.0897158046426,86.92498016357422,10249140,0.0,0.0
2013-04-17 00:00:00+05:30,87.89823866010035,90.46575760261496,86.79522150749945,88.8714828491211,33430050,0.0,0.0
2013-04-18 00:00:00+05:30,89.48324121436893,91.3926596594542,87.96312043973028,91.06824493408203,15909155,0.0,0.0
2013-04-22 00:00:00+05:30,91.39265362491265,92.50494170208789,90.43794446540826,91.6429214477539,11689930,0.0,0.0
2013-04-23 00:00:00+05:30,92.11564267378387,92.21760259728039,89.74277261068804,91.80049896240234,10095395,0.0,0.0
2013-04-25 00:00:00+05:30,91.98586343258894,94.22897435221776,91.48533490035985,93.39476013183594,13817710,0.0,0.0
2013-04-26 00:00:00+05:30,92.86643372891449,93.13523650510861,91.69853371862186,92.2732162475586,4704920,0.0,0.0
2013-04-29 00:00:00+05:30,92.27321255937669,94.11774787075024,91.16092452251014,93.60794830322266,7395980,0.0,0.0
2013-04-30 00:00:00+05:30,93.80260952218963,94.35875715001804,91.61511720597784,92.99620819091797,8479455,0.0,0.0
2013-05-02 00:00:00+05:30,93.06108897653887,94.72951060614147,92.81082113548652,93.54307556152344,8054630,0.0,0.0
2013-05-03 00:00:00+05:30,93.54307625051143,94.27533068194174,91.85611258307414,92.22687530517578,18797890,0.0,0.0
2013-05-06 00:00:00+05:30,92.13419542658927,92.31957326996154,90.28038870602093,92.02296447753906,7024525,0.0,0.0
2013-05-07 00:00:00+05:30,92.13417911235747,94.72950381857123,91.77268743159301,94.21971130371094,8163965,0.0,0.0
2013-05-08 00:00:00+05:30,94.35874710588509,95.01684751893815,93.45037887260713,93.93236541748047,4979590,0.0,0.0
2013-05-09 00:00:00+05:30,93.96944780777862,94.89635104661858,92.9313207061726,93.21865844726562,5064430,0.0,0.0
2013-05-10 00:00:00+05:30,92.87569979367339,94.86854313055109,92.5976330707644,94.54412841796875,7248730,0.0,0.0
2013-05-13 00:00:00+05:30,94.72950818075897,95.28565578143134,92.90351474048109,93.21865844726562,4427455,0.0,0.0
2013-05-14 00:00:00+05:30,93.2186561223514,94.62754589869718,92.31955887162685,94.10848236083984,6268460,0.0,0.0
2013-05-15 00:00:00+05:30,94.18264375600177,98.47420343802688,94.18264375600177,97.85317993164062,10867955,0.0,0.0
2013-05-16 00:00:00+05:30,98.25174835893492,101.40322094705425,98.25174835893492,100.57827758789062,11647435,0.0,0.0
2013-05-17 00:00:00+05:30,100.8470746242718,101.5329810369202,99.65136860456077,100.61534881591797,6225355,0.0,0.0
2013-05-20 00:00:00+05:30,100.6616896461574,101.4032150609226,97.89952197316342,98.23320770263672,6713815,0.0,0.0
2013-05-21 00:00:00+05:30,98.15904468607499,98.6039542364976,95.22076340716265,95.51737213134766,7879880,0.0,0.0
2013-05-22 00:00:00+05:30,96.39793161632429,96.88918917481847,93.58941608628383,94.51631927490234,6380590,0.0,0.0
2013-05-23 00:00:00+05:30,94.63825704770629,94.71329405203872,92.66858219747658,93.17506408691406,7569735,1.2,0.0
2013-05-24 00:00:00+05:30,94.54447029739397,95.4824114425827,93.01562165094558,94.7320556640625,6397200,0.0,0.0
2013-05-27 00:00:00+05:30,94.73205814403087,97.63967433904915,94.54447277245158,97.29264068603516,5746935,0.0,0.0
2013-05-28 00:00:00+05:30,97.3582737805573,98.01482958526701,96.23274034344148,96.69232940673828,5052105,0.0,0.0
2013-05-29 00:00:00+05:30,96.61731671321877,96.91745758519038,93.88790462091711,94.33811950683594,5631005,0.0,0.0
2013-05-30 00:00:00+05:30,93.80349457415403,95.18226918254165,93.42831669033272,93.79411315917969,5747865,0.0,0.0
2013-05-31 00:00:00+05:30,93.98169989857765,94.25370368943088,91.16787646262115,91.4117431640625,7125855,0.0,0.0
2013-06-03 00:00:00+05:30,91.45863778384891,94.535083417273,91.26167101345656,94.30059814453125,6786515,0.0,0.0
2013-06-04 00:00:00+05:30,94.34748217286942,95.435497172529,91.81504432402613,92.34967041015625,7250035,0.0,0.0
2013-06-05 00:00:00+05:30,91.82443798277774,94.3568761693289,91.82443798277774,93.73783874511719,5392525,0.0,0.0
2013-06-06 00:00:00+05:30,93.41892723855857,95.64185010532606,92.35905642717243,95.21977233886719,8151105,0.0,0.0
2013-06-07 00:00:00+05:30,94.91963002499803,96.58917108082954,93.8878963161024,94.28182983398438,6523260,0.0,0.0
2013-06-10 00:00:00+05:30,93.40954646820329,94.35686893980086,91.42111600637841,92.01201629638672,7131360,0.0,0.0
2013-06-11 00:00:00+05:30,91.28043256935194,91.55243636197271,87.49114945892951,88.53226470947266,9362000,0.0,0.0
2013-06-12 00:00:00+05:30,88.16646158854167,88.91681731549403,86.51568328280003,87.93197631835938,9948575,0.0,0.0
2013-06-13 00:00:00+05:30,87.2285200385821,88.11018693961996,85.38077497453766,85.68091583251953,9434155,0.0,0.0
2013-06-14 00:00:00+05:30,86.90962926936034,90.16427900677456,86.90024785432325,89.78910827636719,11859645,0.0,0.0
2013-06-17 00:00:00+05:30,90.06109893039029,91.86195123404109,88.16646110628663,90.78331756591797,11633775,0.0,0.0
2013-06-18 00:00:00+05:30,90.5675865195339,90.60510502066772,88.69170439837755,89.13253784179688,8210050,0.0,0.0
2013-06-19 00:00:00+05:30,89.42329621928184,89.93916665884574,88.27901414993319,89.70468139648438,10144520,0.0,0.0
2013-06-20 00:00:00+05:30,88.16645977088405,88.16645977088405,85.93416262090224,86.19678497314453,11980550,0.0,0.0
2013-06-21 00:00:00+05:30,85.89664301624674,86.7501656500692,83.57992747942214,84.9305648803711,21129120,0.0,0.0
2013-06-24 00:00:00+05:30,84.16146084660718,84.49911307037172,82.25743433939941,82.70764923095703,5562825,0.0,0.0
2013-06-25 00:00:00+05:30,83.11096519025081,85.16505858174793,81.74157198122707,83.97386932373047,12169990,0.0,0.0
2013-06-26 00:00:00+05:30,84.5647806453005,86.16865921238697,83.61745804511843,84.12394714355469,6988610,0.0,0.0
2013-06-27 00:00:00+05:30,85.54022385438236,86.75955012389805,81.97605203473792,83.1578598022461,11126865,0.0,0.0
2013-06-28 00:00:00+05:30,84.41468761840784,87.04092520668256,82.77329091471657,86.49691772460938,17389700,0.0,0.0
2013-07-01 00:00:00+05:30,86.8908503399217,88.52286561376329,86.51567252310527,88.19458770751953,9356370,0.0,0.0
2013-07-02 00:00:00+05:30,87.65058328341985,88.91680935376267,86.9283718645321,87.87569427490234,8966530,0.0,0.0
2013-07-03 00:00:00+05:30,86.68451344677234,88.29777325956688,85.56836842051025,86.91899871826172,10143720,0.0,0.0
2013-07-04 00:00:00+05:30,87.92258670245288,89.38577951793073,86.58133079588596,88.20397186279297,11272655,0.0,0.0
2013-07-05 00:00:00+05:30,88.8605312570923,89.66716111607911,86.85333802359176,87.2847900390625,6617615,0.0,0.0
2013-07-08 00:00:00+05:30,87.04092508422227,88.10079580669706,85.04310623360749,87.56616973876953,8102225,0.0,0.0
2013-07-09 00:00:00+05:30,87.60370370772158,90.71766799919453,87.60370370772158,89.78910827636719,10261315,0.0,0.0
2013-07-10 00:00:00+05:30,90.21117282022372,90.86772870992158,88.72922420527998,89.32950592041016,6475455,0.0,0.0
2013-07-11 00:00:00+05:30,90.60510457906311,92.74360904181081,90.41751923023071,91.27104187011719,8572490,0.0,0.0
2013-07-12 00:00:00+05:30,92.29339107275442,92.42470223351057,90.43626483989783,92.00262451171875,4981880,0.0,0.0
2013-07-15 00:00:00+05:30,92.47160814457602,94.16928637462354,90.98028525411938,93.8597640991211,8304370,0.0,0.0
2013-07-16 00:00:00+05:30,89.15130512105557,90.04234631071964,83.47675855889632,84.59291076660156,48102645,0.0,0.0
2013-07-17 00:00:00+05:30,85.35263458972724,85.52146426306469,78.14924712053316,80.07202911376953,51862030,0.0,0.0
2013-07-18 00:00:00+05:30,80.28774376348348,82.89521845546567,79.19973598426111,82.62321472167969,34532895,0.0,0.0
2013-07-19 00:00:00+05:30,83.10157129144758,83.84254554125167,79.34980728591115,79.64994812011719,24233900,0.0,0.0
2013-07-22 00:00:00+05:30,79.89380878501173,81.19754610656592,79.162216003814,79.51863098144531,13173330,0.0,0.0
2013-07-23 00:00:00+05:30,81.11314197079524,83.0828166673467,80.33464921241168,82.28556823730469,16437705,0.0,0.0
2013-07-24 00:00:00+05:30,78.78704306473392,79.34980622686908,70.1204703312713,71.91193389892578,116809725,0.0,0.0
2013-07-25 00:00:00+05:30,71.28352286536956,73.61899417664242,69.31384800685308,70.10171508789062,59957910,0.0,0.0
2013-07-26 00:00:00+05:30,71.2647662269077,71.68683684947203,64.19268964286934,68.86363220214844,80554565,0.0,0.0
2013-07-29 00:00:00+05:30,69.03247021127308,69.64213341647404,66.98775812910465,68.17894744873047,25620020,0.0,0.0
2013-07-30 00:00:00+05:30,68.1695513607902,70.30805567057553,65.008687652005,65.41200256347656,35393495,0.0,0.0
2013-07-31 00:00:00+05:30,65.28069631929807,65.28069631929807,53.462640399102085,60.77858352661133,103997330,0.0,0.0
2013-08-01 00:00:00+05:30,61.90411319027219,63.648684225380954,57.03620012292143,61.463279724121094,66343175,0.0,0.0
2013-08-02 00:00:00+05:30,61.90410886876311,62.82329423996569,57.21440365143257,57.90848159790039,39518370,0.0,0.0
2013-08-05 00:00:00+05:30,57.880338912921914,58.53689833601927,54.40057862185527,56.20142364501953,47327705,0.0,0.0
2013-08-06 00:00:00+05:30,55.15093713291564,55.52611501204924,50.74261315392221,51.614898681640625,42811320,0.0,0.0
2013-08-07 00:00:00+05:30,51.399173719492104,56.21081276606554,50.37681773450791,55.075904846191406,68961285,0.0,0.0
2013-08-08 00:00:00+05:30,54.75700375089099,55.09466312757281,52.524702876797875,53.09684753417969,43490955,0.0,0.0
2013-08-12 00:00:00+05:30,53.35009268817676,57.692757561196906,51.680555037130276,56.5015754699707,60836825,0.0,0.0
2013-08-13 00:00:00+05:30,55.995083315737766,59.728088393058776,55.73245737974184,58.0960693359375,79380130,0.0,0.0
2013-08-14 00:00:00+05:30,58.92145222402237,59.09028188707946,54.10043614729629,54.67258071899414,67281550,0.0,0.0
2013-08-16 00:00:00+05:30,54.212994450168736,54.212994450168736,47.38478443929041,48.454036712646484,72616170,0.0,0.0
2013-08-19 00:00:00+05:30,47.83498875138164,47.87250724832861,44.10198417621735,45.302547454833984,80110420,0.0,0.0
2013-08-20 00:00:00+05:30,43.52046842050315,46.446843647266085,41.29754543995966,45.54642105102539,95941590,0.0,0.0
2013-08-21 00:00:00+05:30,50.095431766103566,53.36884763292072,46.16546002103647,47.8443717956543,183243375,0.0,0.0
2013-08-22 00:00:00+05:30,47.00960638480904,47.45981767823075,43.83936807971937,45.490142822265625,156594290,0.0,0.0
2013-08-23 00:00:00+05:30,46.052909723667355,49.31694812316734,45.5464242143312,48.63224792480469,90441270,0.0,0.0
2013-08-26 00:00:00+05:30,49.41073199611864,50.16108407794303,47.553609251867925,48.99803924560547,58984450,0.0,0.0
2013-08-27 00:00:00+05:30,47.67554884054035,47.81623786174437,43.78309176188493,44.23330307006836,67949685,0.0,0.0
2013-08-28 00:00:00+05:30,42.723220872808135,43.57674722025925,40.53781974101073,42.36680221557617,88139505,0.0,0.0
2013-08-29 00:00:00+05:30,43.708050484138155,44.40212841932812,41.92596467728576,43.6142578125,66257745,0.0,0.0
2013-08-30 00:00:00+05:30,44.00819268839973,46.615671260547664,43.33287756019869,45.64958953857422,83708730,0.0,0.0
2013-09-02 00:00:00+05:30,46.24049459935779,48.00382483429255,46.146701922398385,47.450439453125,51970255,0.0,0.0
2013-09-03 00:00:00+05:30,47.87251302919353,48.06010195861996,42.41369629285578,42.97645950317383,76228885,0.0,0.0
2013-09-04 00:00:00+05:30,43.145293022247095,45.490145903890955,41.83217397734191,44.28020095825195,76147375,0.0,0.0
2013-09-05 00:00:00+05:30,46.89705226732337,55.0383808271676,46.89705226732337,53.931610107421875,155685515,0.0,0.0
2013-09-06 00:00:00+05:30,55.282249832562215,55.58239071291167,52.54346340488305,54.95397186279297,92734175,0.0,0.0
2013-09-10 00:00:00+05:30,56.276463995703274,58.893320430214175,56.276463995703274,57.570823669433594,74394495,0.0,0.0
2013-09-11 00:00:00+05:30,56.82984900701055,57.40199362647187,55.1134151486266,56.97991943359375,69387605,0.0,0.0
2013-09-12 00:00:00+05:30,57.34571438106445,57.57082180405639,51.83062008635335,52.74980545043945,71756585,0.0,0.0
2013-09-13 00:00:00+05:30,52.3371091046144,53.978505917972136,51.436686568568824,52.74980545043945,74714580,0.0,0.0
2013-09-16 00:00:00+05:30,55.35728263868363,56.27646446221105,53.20001888322445,54.719482421875,63017875,0.0,0.0
2013-09-17 00:00:00+05:30,54.822655817771995,57.02681588342451,54.41934087466705,56.44529342651367,55299355,0.0,0.0
2013-09-18 00:00:00+05:30,57.21440634323122,59.91567767733097,56.78295430164871,59.24973678588867,70870750,0.0,0.0
2013-09-19 00:00:00+05:30,65.16814235753972,74.04106315853718,65.16814235753972,72.54035186767578,171000505,0.0,0.0
2013-09-20 00:00:00+05:30,73.15940784926605,73.15940784926605,62.842055460266984,66.79078674316406,175198035,0.0,0.0
2013-09-23 00:00:00+05:30,65.05559677539894,67.69120903755409,60.694169128187816,61.39762496948242,100282825,0.0,0.0
2013-09-24 00:00:00+05:30,60.26270994591719,62.93584039560226,59.37166527003516,59.821876525878906,113573695,0.0,0.0
2013-09-25 00:00:00+05:30,60.4034000216288,60.88175192095655,57.458262364371556,58.921451568603516,89735180,0.0,0.0
2013-09-26 00:00:00+05:30,59.27787494594112,60.450297677915664,58.33993389799256,59.2403564453125,71720310,0.0,0.0
2013-09-27 00:00:00+05:30,59.61553348844507,60.0282262558883,56.651639960179025,57.139366149902344,58042975,0.0,0.0
2013-09-30 00:00:00+05:30,56.088873670617886,56.088873670617886,53.67836547570828,53.903472900390625,54582960,0.0,0.0
2013-10-01 00:00:00+05:30,54.21299244867459,56.0138411409686,52.599736261575075,55.31976318359375,93841295,0.0,0.0
2013-10-03 00:00:00+05:30,55.71370181824765,58.686973336970844,55.52611288586393,58.2742805480957,70843410,0.0,0.0
2013-10-04 00:00:00+05:30,57.40198856783474,59.82187443047786,57.13936266098755,59.15593719482422,81777845,0.0,0.0
2013-10-07 00:00:00+05:30,59.09028447208483,59.59677348341336,57.46764693101624,59.193458557128906,50897750,0.0,0.0
2013-10-08 00:00:00+05:30,63.592409301397055,64.71793575653291,61.35073064984024,61.70714569091797,87997525,0.0,0.0
2013-10-09 00:00:00+05:30,59.88753538498137,64.23958134073013,59.88753538498137,63.920684814453125,76793695,0.0,0.0
2013-10-10 00:00:00+05:30,63.77999388756735,64.69917930102353,63.05778239950525,64.20206451416016,51421145,0.0,0.0
2013-10-11 00:00:00+05:30,65.67463388002422,66.03105608436323,64.24896653043663,65.1962890625,49562650,0.0,0.0
2013-10-14 00:00:00+05:30,65.43077838669547,66.55630493458482,64.90552646254693,65.40264129638672,36451545,0.0,0.0
2013-10-15 00:00:00+05:30,66.21864172330616,66.32181581910852,61.71652863525145,62.1104621887207,59872630,0.0,0.0
2013-10-17 00:00:00+05:30,62.76701545303216,63.94882321931408,61.219411237459596,62.99212646484375,48868490,0.0,0.0
2013-10-18 00:00:00+05:30,63.19847327665845,65.27132239768449,63.123443421775946,64.96180725097656,36973820,0.0,0.0
2013-10-21 00:00:00+05:30,65.52457366303797,67.6630784821109,65.32760686716794,67.27852630615234,47494135,0.0,0.0
2013-10-22 00:00:00+05:30,67.57866142615414,70.32682922928058,65.46829387905468,69.78282165527344,123371010,0.0,0.0
2013-10-23 00:00:00+05:30,70.65510476932192,71.6399386306136,68.5728743827014,70.15799713134766,80269010,0.0,0.0
2013-10-24 00:00:00+05:30,70.43937300685234,71.27413998763889,67.66306829516904,68.03824615478516,52911405,0.0,0.0
2013-10-25 00:00:00+05:30,67.68182144126537,67.95381801575435,66.49063244409129,66.6875991821289,34500465,0.0,0.0
2013-10-28 00:00:00+05:30,67.08154543393313,67.81314551501988,64.79297397807312,65.16815185546875,25681580,0.0,0.0
2013-10-29 00:00:00+05:30,65.09310798346631,69.98916123508403,63.99571871146152,69.67025756835938,79565345,0.0,0.0
2013-10-30 00:00:00+05:30,70.3080540360474,71.24599500315996,69.06997224569568,69.84846496582031,46732700,0.0,0.0
2013-10-31 00:00:00+05:30,69.40763711059033,69.96101889054829,68.54473306933946,69.18253326416016,37250975,0.0,0.0
2013-11-01 00:00:00+05:30,69.22004879814244,72.4559423921208,68.75107829722256,70.9271011352539,53064905,0.0,0.0
2013-11-05 00:00:00+05:30,70.99276112956947,71.84628377318931,69.05122342138009,70.5050277709961,45440740,0.0,0.0
2013-11-06 00:00:00+05:30,70.2893059181548,70.79579495353029,68.30086827807942,69.10749816894531,31461630,0.0,0.0
2013-11-07 00:00:00+05:30,69.5952220355754,70.33619631301082,67.44734335952155,67.67244720458984,34542345,0.0,0.0
2013-11-08 00:00:00+05:30,68.02885070168382,68.54472104668902,66.10607619631745,66.45310974121094,40878305,0.0,0.0
2013-11-11 00:00:00+05:30,65.89036034787932,66.19988261924806,62.232388733680885,62.551292419433594,47216800,0.0,0.0
2013-11-12 00:00:00+05:30,62.81391647270138,64.24896520757252,61.11624537536005,61.70714569091797,34123545,0.0,0.0
2013-11-13 00:00:00+05:30,60.9755461070691,62.93583935237009,60.712923773337096,62.204246520996094,44134030,0.0,0.0
2013-11-14 00:00:00+05:30,63.967568572657015,66.33118372390649,63.81750174491497,65.89035034179688,43864960,0.0,0.0
2013-11-18 00:00:00+05:30,67.28788784411559,68.40403996560885,66.98774699916643,68.05699920654297,30517050,0.0,0.0
2013-11-19 00:00:00+05:30,68.2164660713442,68.80736644641932,67.63493995592816,68.20708465576172,20347880,0.0,0.0
2013-11-20 00:00:00+05:30,67.90693320984286,69.93288214956303,66.98774783550382,68.55410766601562,38597245,0.0,0.0
2013-11-21 00:00:00+05:30,67.52236964560542,67.91631029861763,65.94662850132212,66.48125457763672,38409310,0.0,0.0
2013-11-22 00:00:00+05:30,67.50361864820849,67.7943780843938,64.17392505169232,64.57723999023438,37653845,0.0,0.0
2013-11-25 00:00:00+05:30,65.53393725298663,66.1060818093287,64.38026672707281,65.81531524658203,38155805,0.0,0.0
2013-11-26 00:00:00+05:30,66.21864248588818,68.70418791679292,65.23380859087358,67.91632080078125,107280655,0.0,0.0
2013-11-27 00:00:00+05:30,67.90693388098414,68.28211173454321,66.05918885584174,66.77202606201172,27269055,0.0,0.0
2013-11-28 00:00:00+05:30,67.71934412678513,68.61977387426836,67.34417341391021,68.31962585449219,23337605,0.0,0.0
2013-11-29 00:00:00+05:30,67.86942174328215,70.02668923656428,67.86942174328215,69.15440368652344,27279320,0.0,0.0
2013-12-02 00:00:00+05:30,69.72652989820646,70.90833755157728,69.72652989820646,70.4581298828125,22308545,0.0,0.0
2013-12-03 00:00:00+05:30,69.78280554947632,70.25177600726055,69.12624261502563,69.6983871459961,16433240,0.0,0.0
2013-12-04 00:00:00+05:30,69.3888783565221,70.0548156080794,68.98556344012296,69.50142669677734,17567785,0.0,0.0
2013-12-05 00:00:00+05:30,71.47110091042998,74.80079430289632,71.28351557392,74.10671997070312,58022885,0.0,0.0
2013-12-06 00:00:00+05:30,74.09734944234263,74.30369763637025,72.62478215105452,73.51582336425781,31192285,0.0,0.0
2013-12-09 00:00:00+05:30,77.28633936922397,77.83034686339356,73.59084956141784,74.10671997070312,33444000,0.0,0.0
2013-12-10 00:00:00+05:30,73.9097527850001,74.0504382085925,71.28351515380689,71.91193389892578,25058825,0.0,0.0
2013-12-11 00:00:00+05:30,71.20849003325894,72.91554263145615,70.48627849998911,72.50285339355469,27867240,0.0,0.0
2013-12-12 00:00:00+05:30,72.03388242761201,72.22146779327728,70.81455608301864,71.3773193359375,23110325,0.0,0.0
2013-12-13 00:00:00+05:30,70.2517864350216,70.43937178361084,68.37590432543983,68.5822525024414,19996840,0.0,0.0
2013-12-16 00:00:00+05:30,68.03824830296338,69.35136727511778,67.10030720227063,68.01948547363281,19521015,0.0,0.0
2013-12-17 00:00:00+05:30,69.38888492162062,69.4451590970725,67.69120668428806,68.23521423339844,18436680,0.0,0.0
2013-12-18 00:00:00+05:30,67.72871288934692,71.04902460068348,67.72871288934692,70.43936157226562,35406150,0.0,0.0
2013-12-19 00:00:00+05:30,70.9083381038663,71.2272417646536,68.16955210379618,68.37590026855469,21219360,0.0,0.0
2013-12-20 00:00:00+05:30,68.28211249252095,69.74529826612903,67.6912050409312,69.49205017089844,17083180,0.0,0.0
2013-12-23 00:00:00+05:30,69.68901873585047,71.53675648356732,69.68901873585047,71.19910430908203,17542200,0.0,0.0
2013-12-24 00:00:00+05:30,71.19910930774111,71.92132077541943,70.26116824763179,70.5050277709961,14710505,0.0,0.0
2013-12-26 00:00:00+05:30,70.79579592791407,71.27414072686138,69.34198439029429,69.63274383544922,14776655,0.0,0.0
2013-12-27 00:00:00+05:30,70.21426844401871,70.67385756054554,69.78281641439237,70.12047576904297,10444720,0.0,0.0
2013-12-30 00:00:00+05:30,70.15799982427585,70.78641866787676,68.93867348529598,69.12625885009766,10520705,0.0,0.0
2013-12-31 00:00:00+05:30,69.22005605173727,69.69840086053766,68.72294125769493,69.44515991210938,9363870,0.0,0.0
2014-01-01 00:00:00+05:30,69.9703973735404,70.49564920110413,69.61398236862946,70.24240112304688,6697155,0.0,0.0
2014-01-02 00:00:00+05:30,70.3455900825245,71.62119068849482,67.56928498597834,67.9350814819336,30635905,0.0,0.0
2014-01-03 00:00:00+05:30,67.1565758012207,69.67963944244497,67.1565758012207,69.3701171875,19839425,0.0,0.0
2014-01-06 00:00:00+05:30,69.46390789563837,69.52956347914207,67.92568523418997,68.73231506347656,15155620,0.0,0.0
2014-01-07 00:00:00+05:30,68.65728915905785,69.20129674222294,67.40045145580376,68.49784088134766,24125140,0.0,0.0
2014-01-08 00:00:00+05:30,68.70418271822231,68.93866798347221,66.32181156457258,66.85643768310547,25616620,0.0,0.0
2014-01-09 00:00:00+05:30,66.72511304809298,66.72511304809298,65.280683246795,65.68399810791016,19098620,0.0,0.0
2014-01-10 00:00:00+05:30,66.03104719543006,66.96898818639947,64.10826530157405,64.3427505493164,20346150,0.0,0.0
2014-01-13 00:00:00+05:30,64.34275397729616,65.42138760556155,62.842049742976684,63.54550552368164,24968885,0.0,0.0
2014-01-14 00:00:00+05:30,63.96757747162287,65.20565938539872,63.817510623004,65.01807403564453,19910120,0.0,0.0
2014-01-15 00:00:00+05:30,65.82470476686649,66.9314755188649,64.21144497691058,66.22801971435547,64934430,0.0,0.0
2014-01-16 00:00:00+05:30,66.78140080076763,67.5317565132842,66.04980791682131,66.88457489013672,24749415,0.0,0.0
2014-01-17 00:00:00+05:30,66.21863853778082,67.08154261032327,65.5433198180789,65.8716049194336,20753925,0.0,0.0
2014-01-20 00:00:00+05:30,65.49642972137627,67.63493431678401,65.49642972137627,67.41920471191406,16425455,0.0,0.0
2014-01-21 00:00:00+05:30,67.58803436774927,68.7229422566898,67.58803436774927,68.13204193115234,15888735,0.0,0.0
2014-01-22 00:00:00+05:30,68.28210863433446,68.43217547539119,67.27851203628558,67.80375671386719,14133155,0.0,0.0
2014-01-23 00:00:00+05:30,67.7099638750933,67.95382338569344,66.68760445200711,67.06278228759766,13339170,0.0,0.0
2014-01-24 00:00:00+05:30,66.44374069624477,67.10968514045067,64.74606968183065,65.29007720947266,13383640,0.0,0.0
2014-01-27 00:00:00+05:30,63.77998738594156,63.94881705055299,60.028223422062645,60.337745666503906,37111925,0.0,0.0
2014-01-28 00:00:00+05:30,60.40340685552171,61.88535547621102,58.98711382405674,60.94741439819336,46534380,0.0,0.0
2014-01-29 00:00:00+05:30,61.566451547608295,62.22300743728161,59.653050897231424,60.17830276489258,22696605,0.0,0.0
2014-01-30 00:00:00+05:30,59.09028903351436,59.27787796826064,56.88612888963923,57.4676513671875,28954900,0.0,0.0
2014-01-31 00:00:00+05:30,57.79592453934583,58.49000246711298,57.04557244038206,57.711509704589844,33432480,0.0,0.0
2014-02-03 00:00:00+05:30,57.589583275645744,57.59896111206665,56.041979075025395,56.17329025268555,27475485,0.0,0.0
2014-02-04 00:00:00+05:30,55.357278928280756,57.36447212042408,54.66320100546546,56.91426086425781,39635305,0.0,0.0
2014-02-05 00:00:00+05:30,56.473428268356216,57.29881737235802,55.91066508442288,56.84860610961914,30274690,0.0,0.0
2014-02-06 00:00:00+05:30,57.064338436975724,58.199246344464306,56.5672307835055,57.21440887451172,27112565,0.0,0.0
2014-02-07 00:00:00+05:30,57.77716566021567,58.19923983670285,57.214402476873474,57.94599533081055,18804365,0.0,0.0
2014-02-10 00:00:00+05:30,58.17110658185587,58.799525392041275,57.336339587807174,57.739654541015625,16384370,0.0,0.0
2014-02-11 00:00:00+05:30,57.71151172504803,58.30241558902728,57.23316336332464,57.45826721191406,13932460,0.0,0.0
2014-02-12 00:00:00+05:30,57.964757194917674,58.51814256727886,56.670397521300444,56.85798645019531,26281690,0.0,0.0
2014-02-13 00:00:00+05:30,57.21440985204901,57.308202535375955,55.16969786946017,55.31039047241211,24896975,0.0,0.0
2014-02-14 00:00:00+05:30,56.088877072560905,56.65164387941952,55.17907663844237,56.398399353027344,17736015,0.0,0.0
2014-02-17 00:00:00+05:30,56.72667539475179,57.58958303833029,55.723078737671976,57.2425422668457,26114905,0.0,0.0
2014-02-18 00:00:00+05:30,57.4019937554125,58.33993481815466,56.989297397910775,57.72089385986328,27827705,0.0,0.0
2014-02-19 00:00:00+05:30,58.13359325784564,58.246145196359464,57.214411341065876,57.58020782470703,18059465,0.0,0.0
2014-02-20 00:00:00+05:30,57.120610936148836,57.47702595627111,56.52032566328583,56.63288116455078,18586325,0.0,0.0
2014-02-21 00:00:00+05:30,56.661021334859925,57.68337727024781,56.661021334859925,57.43951416015625,11296215,0.0,0.0
2014-02-24 00:00:00+05:30,57.40199374746197,57.495786422538714,56.5015711860649,57.008056640625,15555400,0.0,0.0
2014-02-25 00:00:00+05:30,57.439510190817266,57.57082136240476,56.56722474760196,56.69853591918945,12886480,0.0,0.0
2014-02-26 00:00:00+05:30,56.68914843419897,57.38322629563728,56.55783727667405,56.745426177978516,16223385,0.0,0.0
2014-02-28 00:00:00+05:30,57.27068412386153,57.49578798133308,56.689158073143844,57.20502853393555,15882385,0.0,0.0
2014-03-03 00:00:00+05:30,56.71729826967385,58.6119396812013,56.56722783994698,56.79233169555664,23682525,0.0,0.0
2014-03-04 00:00:00+05:30,57.09247253634829,60.553473833396,56.95178352112856,60.112640380859375,46799740,0.0,0.0
2014-03-05 00:00:00+05:30,60.909890404002844,62.842046560597865,59.96256799696854,62.176109313964844,60714475,0.0,0.0
2014-03-06 00:00:00+05:30,62.65446248372318,65.1681446829126,62.11045497917037,64.86800384521484,47161875,0.0,0.0
2014-03-07 00:00:00+05:30,65.16814348724805,71.0771674627428,65.09310649021984,70.514404296875,89367625,0.0,0.0
2014-03-10 00:00:00+05:30,69.78281899125852,73.06561282808997,69.40764112157896,71.63993835449219,63668545,0.0,0.0
2014-03-11 00:00:00+05:30,71.82752464362342,72.67167298827847,68.73231643186223,69.64212036132812,50590570,0.0,0.0
2014-03-12 00:00:00+05:30,69.40763914206906,70.02668368277354,67.70058668183886,68.42279815673828,41946620,0.0,0.0
2014-03-13 00:00:00+05:30,69.05122993748387,70.90834940443312,66.80016974961298,67.78500366210938,36475990,0.0,0.0
2014-03-14 00:00:00+05:30,66.74389112226257,67.11906183196754,65.71215020280609,66.75326538085938,36817220,0.0,0.0
2014-03-18 00:00:00+05:30,67.43796302975768,68.9105301942824,67.36292602822108,68.225830078125,27174725,0.0,0.0
2014-03-19 00:00:00+05:30,68.89177240415333,69.59522824417908,67.77562733734,68.54473876953125,31403380,0.0,0.0
2014-03-20 00:00:00+05:30,68.63853232379195,68.63853232379195,67.53176150183059,67.91632080078125,17171155,0.0,0.0
2014-03-21 00:00:00+05:30,67.6443196595716,68.70419060402003,66.89396386227786,67.59741973876953,16034890,0.0,0.0
2014-03-24 00:00:00+05:30,68.46970393843368,71.43360140677608,68.42280401857238,71.13345336914062,37513855,0.0,0.0
2014-03-25 00:00:00+05:30,71.28351556372289,72.0151083942978,70.64571540138954,71.19910430908203,19975350,0.0,0.0
2014-03-26 00:00:00+05:30,71.84629179868897,75.5980564582124,71.6962249333881,75.36357116699219,65115345,0.0,0.0
2014-03-27 00:00:00+05:30,75.50425100853997,75.9169473412146,72.69042798958816,73.91912841796875,39826555,0.0,0.0
2014-03-28 00:00:00+05:30,74.82894175999364,76.47972014260287,74.71639340485582,75.95447540283203,29302440,0.0,0.0
2014-03-31 00:00:00+05:30,76.53600069424536,78.17739779865101,75.7293706876064,77.65215301513672,32357400,0.0,0.0
2014-04-01 00:00:00+05:30,78.4869075665497,78.59946306899194,76.01074376019909,76.97682189941406,34599935,0.0,0.0
2014-04-02 00:00:00+05:30,77.84909541386588,79.33104376687623,76.86425459746656,78.90896606445312,27943390,0.0,0.0
2014-04-03 00:00:00+05:30,79.04029679620527,79.16223372431479,76.57351417173409,77.30510711669922,22231335,0.0,0.0
2014-04-04 00:00:00+05:30,77.28634050536009,79.72498569544823,76.5735033354838,79.37794494628906,30135815,0.0,0.0
2014-04-07 00:00:00+05:30,79.3498179288001,80.8692851309746,78.59946932060458,80.45658874511719,26874500,0.0,0.0
2014-04-09 00:00:00+05:30,80.65354662767737,84.40531072263425,80.33465011444865,83.908203125,31729315,0.0,0.0
2014-04-10 00:00:00+05:30,84.35842251858237,85.48394894545535,83.30792593915774,83.81441497802734,38488235,0.0,0.0
2014-04-11 00:00:00+05:30,82.52942082369027,84.51785818097869,82.16362443170593,83.13908386230469,21511955,0.0,0.0
2014-04-15 00:00:00+05:30,81.83535378409704,83.47675056486689,77.53958220614663,78.74952697753906,32734535,0.0,0.0
2014-04-16 00:00:00+05:30,78.05545455383414,79.72498846137178,75.78563895270818,76.45157623291016,37971290,0.0,0.0
2014-04-17 00:00:00+05:30,76.91116739616312,78.45877158592894,76.74233771808099,78.2430419921875,25164155,0.0,0.0
2014-04-21 00:00:00+05:30,78.5994639795543,82.68888758867402,78.50566414847128,81.86349487304688,29146500,0.0,0.0
2014-04-22 00:00:00+05:30,82.4356396085344,83.19536958108792,81.15065777369279,81.47894287109375,25043430,0.0,0.0
2014-04-23 00:00:00+05:30,82.2949380281923,83.60805680659102,81.6946563847966,82.79204559326172,54729380,0.0,0.0
2014-04-24 00:00:00+05:30,82.79204559326172,82.79204559326172,82.79204559326172,82.79204559326172,0,0.0,0.0
2014-04-25 00:00:00+05:30,83.27978659228046,88.16645859844081,82.89522732738072,87.86631774902344,63239435,0.0,0.0
2014-04-28 00:00:00+05:30,87.88507182705548,89.066879530913,85.63401907522314,86.90023803710938,24581965,0.0,0.0
2014-04-29 00:00:00+05:30,87.22852349275318,87.7162497228163,83.85193691776665,84.29277038574219,30283420,0.0,0.0
2014-04-30 00:00:00+05:30,84.45222018679263,85.25885013090296,80.42845188119747,82.67951202392578,35672520,0.0,0.0
2014-05-02 00:00:00+05:30,83.38296198670061,84.50848840067157,82.57633209951653,83.28916931152344,15135350,0.0,0.0
2014-05-05 00:00:00+05:30,82.73577531781251,83.91758298956293,81.72279731345499,82.2574234008789,25461135,0.0,0.0
2014-05-06 00:00:00+05:30,82.91398850647475,84.20834455210635,82.8858514205144,83.63619995117188,16527750,0.0,0.0
2014-05-07 00:00:00+05:30,83.63620669322202,84.00200315203844,81.31949101676952,81.68528747558594,16843665,0.0,0.0
2014-05-08 00:00:00+05:30,82.16362443170593,83.37356909593166,81.97603910717292,83.13908386230469,14093740,0.0,0.0
2014-05-09 00:00:00+05:30,82.3512301627365,93.51272335456304,82.3512301627365,90.8958740234375,83167225,0.0,0.0
2014-05-12 00:00:00+05:30,91.54305025394518,94.26308088479036,91.37422056910866,92.63106536865234,49316300,0.0,0.0
2014-05-13 00:00:00+05:30,94.35687804348042,100.52853251381742,93.7284591918361,97.39580535888672,84689900,0.0,0.0
2014-05-14 00:00:00+05:30,98.1086442592482,99.59059301482351,96.79552519931971,97.97733306884766,28450920,0.0,0.0
2014-05-15 00:00:00+05:30,98.46505821134832,100.34094038057565,97.08628367201862,98.24932861328125,25460630,0.0,0.0
2014-05-16 00:00:00+05:30,101.26011906353953,112.36534527331365,99.69375916304546,102.33875274658203,67713355,0.0,0.0
2014-05-19 00:00:00+05:30,104.05518005411099,107.28169232805962,103.19226886887247,106.1280288696289,36475525,0.0,0.0
2014-05-20 00:00:00+05:30,107.30045509595068,107.45052193943727,102.01984252549063,102.47943878173828,22389590,0.0,0.0
2014-05-21 00:00:00+05:30,103.12662144872648,103.8582215202987,98.90588648374303,100.3409423828125,25711185,0.0,0.0
2014-05-22 00:00:00+05:30,100.73487499911737,105.3495434674895,100.73487499911737,104.64608764648438,23723640,0.0,0.0
2014-05-23 00:00:00+05:30,105.57464420849911,105.98734056786206,103.51117672352918,105.67781829833984,24517250,0.0,0.0
2014-05-26 00:00:00+05:30,106.92527890455482,109.49523535877799,102.15116243041344,103.44551849365234,29270615,0.0,0.0
2014-05-27 00:00:00+05:30,102.40440797554587,104.28967156058825,99.42175503816405,102.66703033447266,27006860,0.0,0.0
2014-05-28 00:00:00+05:30,102.78895472279969,106.34375210872511,102.51695811951195,105.4996109008789,18271905,0.0,0.0
2014-05-29 00:00:00+05:30,106.07050796517855,107.06003624665237,102.18848559625911,104.31027221679688,46033460,1.6,0.0
2014-05-30 00:00:00+05:30,106.97439776213542,109.70513523930283,105.68990720483835,108.35403442382812,45742700,0.0,0.0
2014-06-02 00:00:00+05:30,109.02006593170161,110.09523064719806,106.62234357577998,109.54337310791016,23806670,0.0,0.0
2014-06-03 00:00:00+05:30,110.29504563509565,111.70323266383575,108.08762261701457,110.45679473876953,31139715,0.0,0.0
2014-06-04 00:00:00+05:30,110.00960608491322,111.32263973515036,109.43871494559218,110.62805938720703,16038050,0.0,0.0
2014-06-05 00:00:00+05:30,110.84691084581596,111.89353258651497,108.31598218673113,109.28649139404297,26187635,0.0,0.0
2014-06-06 00:00:00+05:30,110.17134873433525,111.40826252566262,109.41968222015582,110.36164093017578,15963525,0.0,0.0
2014-06-09 00:00:00+05:30,111.322639589584,111.322639589584,107.92587215914091,108.38258361816406,35775525,0.0,0.0
2014-06-10 00:00:00+05:30,108.08762815233908,108.73463185935111,105.06193541354502,107.90685272216797,29144680,0.0,0.0
2014-06-11 00:00:00+05:30,107.68800729012835,108.373070874639,104.1390001544984,105.2617416381836,46967165,0.0,0.0
2014-06-12 00:00:00+05:30,105.99437336648127,106.33690513114108,102.65469229063916,103.71083068847656,20172355,0.0,0.0
2014-06-13 00:00:00+05:30,104.49105066380191,105.11902804758819,99.73367263820688,100.47582244873047,27790985,0.0,0.0
2014-06-16 00:00:00+05:30,99.8859105338245,102.75936361875297,96.57477228984654,102.2265396118164,30836225,0.0,0.0
2014-06-17 00:00:00+05:30,101.1704070270017,105.71845944647225,100.8944782189808,105.3378677368164,26144515,0.0,0.0
2014-06-18 00:00:00+05:30,104.37686898541698,106.41302616076852,102.37877170464559,103.2541275024414,21602520,0.0,0.0
2014-06-19 00:00:00+05:30,102.75935316626247,104.3578322836605,101.86496388058087,102.42633819580078,18026030,0.0,0.0
2014-06-20 00:00:00+05:30,102.19799802349327,103.88210664710653,102.19799802349327,103.27316284179688,13657550,0.0,0.0
2014-06-23 00:00:00+05:30,103.90113220877538,105.13805338759666,102.37877270658338,104.70989227294922,11082020,0.0,0.0
2014-06-24 00:00:00+05:30,105.23318821687634,106.64137514246879,105.06192233753647,106.29884338378906,12414530,0.0,0.0
2014-06-25 00:00:00+05:30,105.99438515920563,106.3749768577473,102.7974265061482,103.14947509765625,14890625,0.0,0.0
2014-06-26 00:00:00+05:30,103.13994832399838,104.16754363282513,101.5700122564879,101.8649673461914,21170285,0.0,0.0
2014-06-27 00:00:00+05:30,101.04669881134453,102.3216798017325,100.01911075156013,101.40826416015625,14927175,0.0,0.0
2014-06-30 00:00:00+05:30,101.23699907319414,103.80598013171732,101.23699907319414,102.95916748046875,17599045,0.0,0.0
2014-07-01 00:00:00+05:30,103.46345586688676,106.26079648506534,103.1780175392087,105.8516616821289,20105690,0.0,0.0
2014-07-02 00:00:00+05:30,106.75554759154721,108.56335248314224,106.6128320747013,108.25888061523438,18809840,0.0,0.0
2014-07-03 00:00:00+05:30,108.84881179354913,109.15328369994185,106.4320628606644,107.11712646484375,13053170,0.0,0.0
2014-07-04 00:00:00+05:30,106.42254279314193,107.49771485070254,104.67183120011767,106.05146789550781,12912355,0.0,0.0
2014-07-07 00:00:00+05:30,106.20370936904867,106.72701659493714,102.80694175834088,103.17801666259766,12804925,0.0,0.0
2014-07-08 00:00:00+05:30,102.95916923806394,104.1389968971606,99.42919578974059,100.0857162475586,22584930,0.0,0.0
2014-07-09 00:00:00+05:30,100.55194404203576,101.76983167695309,96.99342724766488,97.64994049072266,19825825,0.0,0.0
2014-07-10 00:00:00+05:30,97.81169674544527,103.94871159740859,95.90874550338745,100.6375732421875,35045375,0.0,0.0
2014-07-11 00:00:00+05:30,100.6375614521709,101.95060230124086,96.66991031950744,97.1361312866211,18143350,0.0,0.0
2014-07-14 00:00:00+05:30,97.05050774143928,100.47581832753593,95.56620818127331,99.67658233642578,20497480,0.0,0.0
2014-07-15 00:00:00+05:30,100.42824239404587,101.5129238883376,98.24936261784735,101.37020111083984,15878345,0.0,0.0
2014-07-16 00:00:00+05:30,102.29314697059147,103.52055140387411,100.76127062620495,103.16850280761719,12173000,0.0,0.0
2014-07-17 00:00:00+05:30,102.13137710236713,105.00483718923495,102.08380768268219,104.2151107788086,13624155,0.0,0.0
2014-07-18 00:00:00+05:30,103.90113458722077,105.97535172493377,102.2836289402115,105.34738159179688,20923335,0.0,0.0
2014-07-21 00:00:00+05:30,106.18468027652878,107.23130203169218,105.25223821179856,106.22274017333984,10681925,0.0,0.0
2014-07-22 00:00:00+05:30,106.60332849444254,106.93634350697734,102.9496583677072,103.8916244506836,19285245,0.0,0.0
2014-07-23 00:00:00+05:30,104.6147392397069,105.51864541455454,100.39019251504524,102.10284423828125,36305975,0.0,0.0
2014-07-24 00:00:00+05:30,102.47392332278623,104.62426029752831,101.76983338314226,103.69181823730469,20594690,0.0,0.0
2014-07-25 00:00:00+05:30,103.34927998538618,104.90018256556682,101.51293182788469,102.58809661865234,13230920,0.0,0.0
2014-07-28 00:00:00+05:30,102.75936649796651,103.90113433315967,101.33215307438365,102.12187957763672,9100720,0.0,0.0
2014-07-30 00:00:00+05:30,102.1884687326231,103.52053586595947,101.10378725842192,103.12091064453125,14940830,0.0,0.0
2014-07-31 00:00:00+05:30,102.24556548771001,104.18657655211155,102.24556548771001,102.96868896484375,16687645,0.0,0.0
2014-08-01 00:00:00+05:30,101.94108765713068,104.28171658876495,100.88494923857616,102.05526733398438,19918900,0.0,0.0
2014-08-04 00:00:00+05:30,102.56907270894244,103.6727806315154,101.80788932433971,103.2255859375,11342575,0.0,0.0
2014-08-05 00:00:00+05:30,103.52054918343644,104.09143309711328,102.18848187873527,103.65375518798828,13652470,0.0,0.0
2014-08-06 00:00:00+05:30,102.75935897475921,103.74889441376618,101.99817563423622,102.31216430664062,13717075,0.0,0.0
2014-08-07 00:00:00+05:30,101.80787889074742,102.72129450315134,100.90398006595096,101.27505493164062,14193945,0.0,0.0
2014-08-08 00:00:00+05:30,99.71463381507218,100.26648407985552,98.20178401788229,99.20083618164062,18137860,0.0,0.0
2014-08-11 00:00:00+05:30,99.90494334608424,101.89352397208887,99.58144510918102,101.60808563232422,16341530,0.0,0.0
2014-08-12 00:00:00+05:30,102.09333569103394,104.28172523497375,101.7412871025993,103.79647064208984,12712735,0.0,0.0
2014-08-13 00:00:00+05:30,103.3302421773148,104.28171771717807,102.58809241769062,103.74889373779297,18687725,0.0,0.0
2014-08-14 00:00:00+05:30,103.35878229574195,103.92967341051123,102.07429180587519,102.92110443115234,9303355,0.0,0.0
2014-08-18 00:00:00+05:30,102.23605073599074,106.56526763743463,102.23605073599074,106.45108795166016,16438715,0.0,0.0
2014-08-19 00:00:00+05:30,107.2883908367951,110.70418476110648,107.10760814960688,110.22844696044922,28744215,0.0,0.0
2014-08-20 00:00:00+05:30,110.73272734291997,111.25604182483609,109.18182473343276,110.87545013427734,12854710,0.0,0.0
2014-08-21 00:00:00+05:30,110.18087932400017,112.15994308987337,109.06764733541686,109.4101791381836,20209010,0.0,0.0
2014-08-22 00:00:00+05:30,109.70513957423613,111.89352909853824,109.70513957423613,111.11331939697266,14629055,0.0,0.0
2014-08-25 00:00:00+05:30,111.51293817670928,112.91160847971575,109.08667973567479,109.67658996582031,16523290,0.0,0.0
2014-08-26 00:00:00+05:30,107.5167427713436,109.30551428556106,105.95632336849413,108.0305404663086,18530280,0.0,0.0
2014-08-27 00:00:00+05:30,108.75366415510129,109.7051397566011,107.76412865843956,109.15328216552734,10521530,0.0,0.0
2014-08-28 00:00:00+05:30,109.83834850552067,109.9334946162123,107.66898524134642,108.85832977294922,12930910,0.0,0.0
2014-09-01 00:00:00+05:30,109.30551045068937,113.69181339236597,108.97249545429817,113.49200439453125,17242775,0.0,0.0
2014-09-02 00:00:00+05:30,113.79647546278926,116.54623924897163,113.73938925215843,115.81360626220703,23281320,0.0,0.0
2014-09-03 00:00:00+05:30,116.30837503022015,119.58145340924503,116.08002291934342,118.81076049804688,36167575,0.0,0.0
2014-09-04 00:00:00+05:30,119.12474498374918,119.2008647757214,116.86023561644748,117.82122802734375,12723880,0.0,0.0
2014-09-05 00:00:00+05:30,117.79268275138209,118.85833078264109,115.42350326935211,116.39401245117188,14048445,0.0,0.0
2014-09-08 00:00:00+05:30,117.02197003934785,118.3635539825031,116.0134083294685,118.15422821044922,9623690,0.0,0.0
2014-09-09 00:00:00+05:30,118.1732698212056,119.60048325991185,117.03150197391376,119.0866928100586,11380145,0.0,0.0
2014-09-10 00:00:00+05:30,117.98297419618063,118.53483178543114,116.44158111353765,118.068603515625,13272385,0.0,0.0
2014-09-11 00:00:00+05:30,118.55385662812843,119.74320111127415,118.46822730974961,119.02959442138672,10535900,0.0,0.0
2014-09-12 00:00:00+05:30,119.16280259556665,120.78031547764796,118.55385878982723,120.4568099975586,10529130,0.0,0.0
2014-09-15 00:00:00+05:30,118.78221714534726,118.78221714534726,113.77746043257663,114.22465515136719,21389680,0.0,0.0
2014-09-16 00:00:00+05:30,112.22654323091925,113.56812730074257,109.24842723972078,109.6099853515625,20635070,0.0,0.0
2014-09-17 00:00:00+05:30,110.3711645802699,112.84499957592223,108.71559914413693,111.70323181152344,22373330,0.0,0.0
2014-09-18 00:00:00+05:30,110.60904010466687,113.79648195907232,109.79077049606117,113.18753814697266,14341395,0.0,0.0
2014-09-19 00:00:00+05:30,113.41587277335582,113.92967039668576,110.4853338516993,110.82786560058594,9684735,0.0,0.0
2014-09-22 00:00:00+05:30,111.30361841258221,113.03530370691098,110.94205304023028,112.6927719116211,7809745,0.0,0.0
2014-09-23 00:00:00+05:30,112.65470302611791,113.63472165030342,110.46630642632304,110.9515609741211,6562715,0.0,0.0
2014-09-24 00:00:00+05:30,109.83833810701915,110.82787353473435,107.06002402724165,108.17325592041016,8890980,0.0,0.0
2014-09-25 00:00:00+05:30,107.51675450967498,108.06861215998178,103.08287424637233,103.50152587890625,12011790,0.0,0.0
2014-09-26 00:00:00+05:30,102.4739078058729,109.94299624153723,101.98866053051668,109.14375305175781,13249530,0.0,0.0
2014-09-29 00:00:00+05:30,109.22939434522245,109.57192611863087,106.86021503595043,108.17325592041016,7332935,0.0,0.0
2014-09-30 00:00:00+05:30,107.23130054330197,108.84881346899682,105.39495228795982,106.34642791748047,9510265,0.0,0.0
2014-10-01 00:00:00+05:30,106.92682213856104,107.25032760772672,105.14756746528862,106.08000946044922,5309380,0.0,0.0
2014-10-07 00:00:00+05:30,105.13806272494669,107.4786920285358,103.8916319060783,104.87165069580078,6322180,0.0,0.0
2014-10-08 00:00:00+05:30,103.82501612743617,106.17515467213404,103.72986276371729,105.41397857666016,6727305,0.0,0.0
2014-10-09 00:00:00+05:30,106.03245358423871,110.49486964956877,106.03245358423871,110.07622528076172,9761695,0.0,0.0
2014-10-10 00:00:00+05:30,108.84880550547403,109.93348706303618,106.8031315998323,109.04861450195312,8274295,0.0,0.0
2014-10-13 00:00:00+05:30,107.96394224135216,112.02674003797964,107.70703975291214,111.40827941894531,9097035,0.0,0.0
2014-10-14 00:00:00+05:30,111.70324398350957,113.587161725971,111.02769713572324,111.76033020019531,8819670,0.0,0.0
2014-10-15 00:00:00+05:30,111.76033020019531,111.76033020019531,111.76033020019531,111.76033020019531,0,0.0,0.0
2014-10-16 00:00:00+05:30,110.63757100345126,114.31978383586792,110.11426382911264,112.00769805908203,13356615,0.0,0.0
2014-10-17 00:00:00+05:30,111.341666873103,114.17706723685858,111.341666873103,113.85356903076172,9083030,0.0,0.0
2014-10-20 00:00:00+05:30,116.84121058397614,117.60238673452695,115.34739413119952,116.81266021728516,9029220,0.0,0.0
2014-10-21 00:00:00+05:30,117.03150285978424,118.93445412579699,116.48916203933793,118.67755889892578,8625255,0.0,0.0
2014-10-22 00:00:00+05:30,119.69563347246645,120.0762179054026,117.15518810160302,118.2113265991211,6112170,0.0,0.0
2014-10-27 00:00:00+05:30,118.36356496869674,122.89259081429243,117.79268106595033,122.54053497314453,12679510,0.0,0.0
2014-10-28 00:00:00+05:30,122.55005983563798,123.09239337654775,120.39972295317365,122.0362548828125,6769400,0.0,0.0
2014-10-29 00:00:00+05:30,122.41685340156367,122.7403516190978,120.88497711457521,121.46537780761719,7074230,0.0,0.0
2014-10-30 00:00:00+05:30,121.96964787620233,126.4891565459738,121.02768189525995,126.08953857421875,31458985,0.0,0.0
2014-10-31 00:00:00+05:30,127.11714592004056,131.15139317078533,126.7365469691629,130.2570037841797,15570795,0.0,0.0
2014-11-03 00:00:00+05:30,130.42826918074374,130.4377787095628,128.5443516706866,129.08668518066406,9279455,0.0,0.0
2014-11-05 00:00:00+05:30,129.5719300260659,131.11333024905818,126.95537233230822,127.46917724609375,9979795,0.0,0.0
2014-11-07 00:00:00+05:30,128.43017613706613,129.57194398641303,126.5557679893889,128.6680450439453,9392425,0.0,0.0
2014-11-10 00:00:00+05:30,129.02010032069578,129.6956398829218,127.1552017110354,128.38259887695312,6305545,0.0,0.0
2014-11-11 00:00:00+05:30,128.44918300307205,129.21036625046654,127.35499206631697,128.753662109375,5124080,0.0,0.0
2014-11-12 00:00:00+05:30,129.2104003094724,134.1009847262768,129.0391271374398,133.33029174804688,17274100,0.0,0.0
2014-11-13 00:00:00+05:30,134.1580657150012,135.5662456020445,131.32267236290465,131.9601593017578,15115325,0.0,0.0
2014-11-14 00:00:00+05:30,132.04577198573992,133.26365949431278,130.8469180527785,131.19895935058594,8353105,0.0,0.0
2014-11-17 00:00:00+05:30,131.11333942352744,132.63569165903772,130.44730941309382,131.21800231933594,6580170,0.0,0.0
2014-11-18 00:00:00+05:30,131.28458419123436,133.09239633526553,130.1618500805989,131.9791717529297,7901560,0.0,0.0
2014-11-19 00:00:00+05:30,131.87452042698146,132.5405504254278,128.98202655035,129.60049438476562,5732640,0.0,0.0
2014-11-20 00:00:00+05:30,129.80028470149875,130.07622072409063,127.4977157561657,128.53482055664062,6640050,0.0,0.0
2014-11-21 00:00:00+05:30,131.6842230519061,134.25321890012486,130.9230541529617,133.77748107910156,24618510,0.0,0.0
2014-11-24 00:00:00+05:30,134.63380777943826,134.65284135804797,132.06482636505868,132.94969177246094,10982620,0.0,0.0
2014-11-25 00:00:00+05:30,133.38736211383699,133.39687164289938,128.43016801971044,129.07717895507812,11316990,0.0,0.0
2014-11-26 00:00:00+05:30,127.81171638422279,131.11333780779134,127.70705348970405,130.07623291015625,12708050,0.0,0.0
2014-11-27 00:00:00+05:30,129.78125347146224,132.25509559937163,128.64900981247615,131.9220733642578,11706160,0.0,0.0
2014-11-28 00:00:00+05:30,132.29317175889202,136.99346392681088,132.29317175889202,135.10003662109375,16628900,0.0,0.0
2014-12-01 00:00:00+05:30,135.16662090142435,136.91733251438978,135.10953468857892,135.99440002441406,13368260,0.0,0.0
2014-12-02 00:00:00+05:30,134.9287533747972,136.97443463888143,132.99725905593075,136.6128692626953,15632775,0.0,0.0
2014-12-03 00:00:00+05:30,136.6319001769186,142.72133812977629,136.6319001769186,141.06576538085938,25366385,0.0,0.0
2014-12-04 00:00:00+05:30,141.57955781346845,145.10001427247204,139.33407504464844,144.54815673828125,16231820,0.0,0.0
2014-12-05 00:00:00+05:30,144.29126673829813,145.90878684839154,142.0362742464686,142.83551025390625,10470870,0.0,0.0
2014-12-08 00:00:00+05:30,142.94968334547545,143.10190839045276,139.590976015467,140.00961303710938,11133160,0.0,0.0
2014-12-09 00:00:00+05:30,139.27699413023367,140.5900205023722,135.69943680964323,136.40353393554688,13694005,0.0,0.0
2014-12-10 00:00:00+05:30,135.68045108105292,138.6871034907461,135.68045108105292,136.48919677734375,17204115,0.0,0.0
2014-12-11 00:00:00+05:30,136.0610142612732,137.25986832115942,133.5966958789908,134.12001037597656,16623555,0.0,0.0
2014-12-12 00:00:00+05:30,134.67184518706355,135.79459390418907,132.35025700207925,132.99725341796875,12044030,0.0,0.0
2014-12-15 00:00:00+05:30,131.66518766788764,136.72702990643688,131.35119900273796,134.83360290527344,13295620,0.0,0.0
2014-12-16 00:00:00+05:30,133.58717380667323,134.0248589883615,129.4387394430531,131.4844207763672,24593550,0.0,0.0
2014-12-17 00:00:00+05:30,130.1618718030197,133.20659097886332,127.49773707976918,130.6185760498047,22411880,0.0,0.0
2014-12-18 00:00:00+05:30,133.20657920414098,137.86880366893993,133.13996894572372,136.96490478515625,16173390,0.0,0.0
2014-12-19 00:00:00+05:30,138.92493275058615,140.1523442778331,137.2217979909423,138.62046813964844,16823360,0.0,0.0
2014-12-22 00:00:00+05:30,138.15425564166046,141.7318132263239,137.03152139089266,141.05625915527344,10991390,0.0,0.0
2014-12-23 00:00:00+05:30,142.42638758014078,142.62618932963423,139.1057324467375,139.95254516601562,11301155,0.0,0.0
2014-12-24 00:00:00+05:30,140.36166871809067,142.51199810451973,139.3911596506033,141.77935791015625,9685860,0.0,0.0
2014-12-26 00:00:00+05:30,141.98870096608823,142.39784302722066,140.1904126470773,141.00868225097656,6999975,0.0,0.0
2014-12-29 00:00:00+05:30,141.96014643083984,142.4834608769657,140.13331515211686,141.28460693359375,8101710,0.0,0.0
2014-12-30 00:00:00+05:30,141.5795752898378,146.42258271568255,140.12381875136867,146.07054138183594,20468880,0.0,0.0
2014-12-31 00:00:00+05:30,146.0705304809998,147.4787102296635,144.96681535874447,146.91734313964844,10031815,0.0,0.0
2015-01-01 00:00:00+05:30,146.3369269920091,147.41208437712825,145.77555996138298,147.01246643066406,3675025,0.0,0.0
2015-01-02 00:00:00+05:30,147.0981376169324,151.4368641494383,146.71753865543528,150.75180053710938,10627395,0.0,0.0
2015-01-05 00:00:00+05:30,151.57005821702396,153.16853017430074,150.29508446276301,151.07528686523438,14164070,0.0,0.0
2015-01-06 00:00:00+05:30,150.05722450017328,150.1047866658727,146.21325491422402,146.8412322998047,12749005,0.0,0.0
2015-01-07 00:00:00+05:30,146.5272269702293,147.66899466632452,143.53008495318383,144.1199951171875,15567125,0.0,0.0
2015-01-08 00:00:00+05:30,146.5272428847453,147.38356512023202,144.81458389540634,146.36549377441406,11130605,0.0,0.0
2015-01-09 00:00:00+05:30,148.43021134276242,148.8678965591624,142.97825956819992,145.35694885253906,13265440,0.0,0.0
2015-01-12 00:00:00+05:30,145.76606524682077,148.62049216882784,144.33885178581724,148.0210723876953,9423490,0.0,0.0
2015-01-13 00:00:00+05:30,149.47682080290463,151.9982253057955,147.66900847322498,148.76321411132812,17997855,0.0,0.0
2015-01-14 00:00:00+05:30,149.94303858132238,150.90403824357193,147.51677286105166,149.70516967773438,30983715,0.0,0.0
2015-01-15 00:00:00+05:30,155.6614087734467,156.99346876165413,153.5681509085993,154.74798583984375,30096355,0.0,0.0
2015-01-16 00:00:00+05:30,154.80507194357278,155.79461466415302,152.23609081474692,152.74037170410156,24563605,0.0,0.0
2015-01-19 00:00:00+05:30,154.12952125786475,157.42161835301548,153.43493369060596,156.98394775390625,14671960,0.0,0.0
2015-01-20 00:00:00+05:30,157.3740719034172,164.215184375935,157.3740719034172,163.33982849121094,20434335,0.0,0.0
2015-01-21 00:00:00+05:30,163.84408682664596,167.4596968207673,161.46539795135098,162.74037170410156,24417815,0.0,0.0
2015-01-22 00:00:00+05:30,163.46351378281403,164.20566360205333,160.1143155483202,162.13143920898438,11307420,0.0,0.0
2015-01-23 00:00:00+05:30,164.4910894992475,167.7927106540137,163.1780486600713,166.736572265625,18715695,0.0,0.0
2015-01-27 00:00:00+05:30,167.45969664591834,168.41117219504287,164.07244601397335,168.00204467773438,17618110,0.0,0.0
2015-01-28 00:00:00+05:30,167.68805871144838,170.31412604281562,166.38452731561577,168.1828155517578,15155780,0.0,0.0
2015-01-29 00:00:00+05:30,167.2789021065175,168.96301777418557,165.93731819297918,166.36549377441406,18110675,0.0,0.0
2015-01-30 00:00:00+05:30,167.07913076018528,168.59197356663736,163.08292139605078,164.1200408935547,15269195,0.0,0.0
2015-02-02 00:00:00+05:30,163.45398744954673,163.45398744954673,155.86121620283004,158.3636016845703,40766690,0.0,0.0
2015-02-03 00:00:00+05:30,159.8288628598359,159.98110243608778,152.42638405537863,153.59669494628906,29277895,0.0,0.0
2015-02-04 00:00:00+05:30,154.32933727422918,156.4035616029889,150.63762186995888,152.68328857421875,18173280,0.0,0.0
2015-02-05 00:00:00+05:30,152.38833535516898,157.37405820004588,151.094327960347,153.72991943359375,19136815,0.0,0.0
2015-02-06 00:00:00+05:30,154.13905069933918,156.02296836496646,151.8745340740521,154.29129028320312,15057070,0.0,0.0
2015-02-09 00:00:00+05:30,153.18757066205387,153.663308459141,150.5234360946929,151.57957458496094,12726995,0.0,0.0
2015-02-10 00:00:00+05:30,150.27606364468778,157.9069022786566,139.67662568468361,155.62335205078125,21805225,0.0,0.0
2015-02-11 00:00:00+05:30,156.04199097709048,158.89641764130556,156.04199097709048,157.28842163085938,12201935,0.0,0.0
2015-02-12 00:00:00+05:30,156.84122811494112,160.07625373591995,155.138093247484,159.6766357421875,14864220,0.0,0.0
2015-02-13 00:00:00+05:30,160.2284646399305,160.7993557339052,158.18279817018782,158.90591430664062,11192775,0.0,0.0
2015-02-16 00:00:00+05:30,159.75276197022237,159.76228601884296,154.53867927288098,155.2142333984375,12646900,0.0,0.0
2015-02-18 00:00:00+05:30,155.28079926206448,156.96491496834216,153.40639135876629,155.97537231445312,12668965,0.0,0.0
2015-02-19 00:00:00+05:30,156.70802935224606,157.41212652706278,152.7308682893084,154.7765350341797,12998200,0.0,0.0
2015-02-20 00:00:00+05:30,154.88120410258657,158.32554128651577,152.9972863934151,157.00299072265625,12511580,0.0,0.0
2015-02-23 00:00:00+05:30,160.03819953568228,160.19043912229165,153.52060012119904,154.329345703125,16180655,0.0,0.0
2015-02-24 00:00:00+05:30,154.51964467517305,154.51964467517305,151.28463316946204,152.30271911621094,17155100,0.0,0.0
2015-02-25 00:00:00+05:30,152.80696741263492,154.26272373096717,150.90401645864625,151.2560577392578,15775115,0.0,0.0
2015-02-26 00:00:00+05:30,151.28461273033986,152.4549235938664,148.4492196512278,149.11524963378906,21484770,0.0,0.0
2015-02-27 00:00:00+05:30,150.3141027017626,156.89831173830922,149.59098651336663,156.19422912597656,19578860,0.0,0.0
2015-03-02 00:00:00+05:30,166.50824182094325,169.07722321965022,164.6148000159103,167.93545532226562,29341120,0.0,0.0
2015-03-03 00:00:00+05:30,168.3921337083633,168.41116728393288,164.60526519842026,167.20278930664062,10322765,0.0,0.0
2015-03-04 00:00:00+05:30,172.4168949515413,172.96873800765647,161.71279475652486,163.0163116455078,20876230,0.0,0.0
2015-03-05 00:00:00+05:30,162.70231966727397,164.5862371982792,160.32363078324948,163.02581787109375,13710620,0.0,0.0
2015-03-09 00:00:00+05:30,160.79937761396903,161.52249384881668,156.2798684798486,156.83172607421875,13809950,0.0,0.0
2015-03-10 00:00:00+05:30,157.17426203154105,160.98967409066992,155.46160298963017,157.48825073242188,17286410,0.0,0.0
2015-03-11 00:00:00+05:30,157.56436599375598,158.57292781210734,155.3569356213628,156.59385681152344,13969840,0.0,0.0
2015-03-12 00:00:00+05:30,157.7546551058776,158.6109773261671,155.96587635782853,156.65093994140625,8946110,0.0,0.0
2015-03-13 00:00:00+05:30,158.18283224287487,158.49682096035798,151.7603713848935,152.87359619140625,13538380,0.0,0.0
2015-03-16 00:00:00+05:30,153.5681573867906,156.02296619864052,151.76035953819596,154.87168884277344,12452355,0.0,0.0
2015-03-17 00:00:00+05:30,156.3274295698719,159.6195267120472,155.37595405760044,158.5538787841797,12641860,0.0,0.0
2015-03-18 00:00:00+05:30,159.27701664422224,163.4444846015562,157.7165971722653,162.83554077148438,21565815,0.0,0.0
2015-03-19 00:00:00+05:30,164.22469229549654,165.6709247360278,157.0600822793541,158.7061309814453,19070450,0.0,0.0
2015-03-20 00:00:00+05:30,157.74512776657372,160.22847957563118,155.38547242702597,158.33505249023438,16854390,0.0,0.0
2015-03-23 00:00:00+05:30,159.16283653171539,159.65760790676,156.72706132898102,157.79270935058594,8688850,0.0,0.0
2015-03-24 00:00:00+05:30,157.6975717757251,159.08671802677082,154.55769938000373,156.54627990722656,21492620,0.0,0.0
2015-03-25 00:00:00+05:30,156.6128793816116,157.3740481974146,152.99726943308931,153.47300720214844,14640920,0.0,0.0
2015-03-26 00:00:00+05:30,152.42638741116397,156.61288874006888,150.72325248424127,153.44447326660156,42225610,0.0,0.0
2015-03-27 00:00:00+05:30,154.6718637213467,156.42257525614122,149.0391301843787,155.2808074951172,28115590,0.0,0.0
2015-03-30 00:00:00+05:30,155.9182994544998,157.50726193910762,155.09052034149872,156.60336303710938,12687060,0.0,0.0
2015-03-31 00:00:00+05:30,157.50727206299132,158.6871070907348,154.29129425175057,155.23324584960938,14274760,0.0,0.0
2015-04-01 00:00:00+05:30,154.55768607209873,161.94113089408083,153.7774691754686,161.3226776123047,14082540,0.0,0.0
2015-04-06 00:00:00+05:30,161.76035328098922,163.2351432894606,160.03818485574362,160.9706268310547,11597585,0.0,0.0
2015-04-07 00:00:00+05:30,162.22658670623403,162.22658670623403,158.98205148770168,160.00013732910156,13655825,0.0,0.0
2015-04-08 00:00:00+05:30,160.57100430055604,160.57100430055604,155.85169382895128,156.15615844726562,19859170,0.0,0.0
2015-04-09 00:00:00+05:30,157.1837691190999,160.5710199947151,156.39404261431187,160.17140197753906,19811865,0.0,0.0
2015-04-10 00:00:00+05:30,161.07529235938944,161.82696618765067,159.476820375545,160.34266662597656,11584115,0.0,0.0
2015-04-13 00:00:00+05:30,160.59005357220894,161.14191117260415,159.02012461056265,160.17140197753906,9860795,0.0,0.0
2015-04-15 00:00:00+05:30,160.66616272067841,164.41497872851184,159.08670981573133,160.92306518554688,17151840,0.0,0.0
2015-04-16 00:00:00+05:30,161.49396459372133,162.62622298632388,158.97255982576615,161.90310668945312,12454880,0.0,0.0
2015-04-17 00:00:00+05:30,161.81742710242165,161.81742710242165,153.41589763763477,154.02484130859375,20015130,0.0,0.0
2015-04-20 00:00:00+05:30,154.69091090283206,155.22373493694818,147.48823335740204,149.93353271484375,22838400,0.0,0.0
2015-04-21 00:00:00+05:30,148.93447303672156,152.80698565931982,146.8697727473016,149.143798828125,17859615,0.0,0.0
2015-04-22 00:00:00+05:30,150.33315931867656,152.5405898926783,147.70709163567125,151.4844512939453,34472565,0.0,0.0
2015-04-23 00:00:00+05:30,153.18755674659232,162.70231182402043,153.16852317129553,161.9982147216797,66203965,0.0,0.0
2015-04-24 00:00:00+05:30,162.51203295790523,162.64523895918228,156.1371494367343,156.7936553955078,25613130,0.0,0.0
2015-04-27 00:00:00+05:30,157.526282868361,157.98298704731076,152.96872157060932,154.34835815429688,15325245,0.0,0.0
2015-04-28 00:00:00+05:30,153.9106713159424,158.28746441369194,153.2827085212758,157.26937866210938,24754225,0.0,0.0
2015-04-29 00:00:00+05:30,156.80319204628313,160.78035334576887,156.04200861279134,158.81080627441406,16815610,0.0,0.0
2015-04-30 00:00:00+05:30,158.24941607495558,161.52247968114767,157.36453628834076,159.74322509765625,32475555,0.0,0.0
2015-05-04 00:00:00+05:30,161.17995528711964,163.5015579941814,159.8478953002965,162.4929962158203,10958590,0.0,0.0
2015-05-05 00:00:00+05:30,162.1314291923413,164.70993434127368,161.59860520307413,163.16854858398438,11601860,0.0,0.0
2015-05-06 00:00:00+05:30,161.75085885857646,162.51204227452533,155.4711138249559,156.2418212890625,15416255,0.0,0.0
2015-05-07 00:00:00+05:30,156.003954519663,156.003954519663,149.99062142135463,151.93162536621094,16180565,0.0,0.0
2015-05-08 00:00:00+05:30,153.47302184241434,157.84980102425413,152.89262112806142,157.2028045654297,17101355,0.0,0.0
2015-05-11 00:00:00+05:30,158.32552862527317,161.4463673252162,157.37405305776946,160.67567443847656,10048910,0.0,0.0
2015-05-12 00:00:00+05:30,160.5139314322473,160.5139314322473,155.85170678170368,156.54627990722656,11975115,0.0,0.0
2015-05-13 00:00:00+05:30,157.18378072805106,161.70329024530704,157.10766093081955,159.99063110351562,19426025,0.0,0.0
2015-05-14 00:00:00+05:30,159.7337242950884,160.7993722940002,157.2598819909116,159.61953735351562,15087310,0.0,0.0
2015-05-15 00:00:00+05:30,160.6851882982545,164.4720567516847,160.15236433717254,161.6652069091797,17026980,0.0,0.0
2015-05-18 00:00:00+05:30,162.45493789503283,165.32838355437121,162.1409492266221,164.51963806152344,11991900,0.0,0.0
2015-05-19 00:00:00+05:30,164.41498998213376,167.03154793621806,163.2732221422065,164.42449951171875,17563885,0.0,0.0
2015-05-20 00:00:00+05:30,164.92876879971607,167.26940504714202,164.79556280308952,166.4701690673828,11868010,0.0,0.0
2015-05-21 00:00:00+05:30,167.26810618305066,167.46998486513922,163.98984400344108,165.50880432128906,9573470,1.8,0.0
2015-05-22 00:00:00+05:30,166.08560891503947,167.75839127806643,165.58570908457608,166.6720428466797,9091245,0.0,0.0
2015-05-25 00:00:00+05:30,166.7008934202483,166.94123497054812,163.5380050727875,163.95138549804688,6228425,0.0,0.0
2015-05-26 00:00:00+05:30,164.62434398193014,166.22020063427723,162.51894977689597,165.49917602539062,8637040,0.0,0.0
2015-05-27 00:00:00+05:30,163.0477006849108,168.0468016015815,163.0477006849108,167.45074462890625,9011875,0.0,0.0
2015-05-28 00:00:00+05:30,167.60457271470244,168.4121167679971,164.6051149914461,165.1723175048828,15283635,0.0,0.0
2015-05-29 00:00:00+05:30,165.4895759399095,170.03683392714925,165.4895759399095,169.64268493652344,10859570,0.0,0.0
2015-06-01 00:00:00+05:30,170.14259161805765,172.56523862989937,168.83513295587312,169.1139373779297,12704125,0.0,0.0
2015-06-02 00:00:00+05:30,169.76764357751824,169.78687500776684,161.7690849002248,162.60546875,16620215,0.0,0.0
2015-06-03 00:00:00+05:30,162.08633736719557,162.2209280402696,158.62541338917308,159.47142028808594,21569610,0.0,0.0
2015-06-04 00:00:00+05:30,160.54813966916382,160.72117852695277,157.7121125909004,159.03878784179688,16055485,0.0,0.0
2015-06-05 00:00:00+05:30,159.0099490564062,161.70177710385124,157.30834160005705,158.31776428222656,13471950,0.0,0.0
2015-06-08 00:00:00+05:30,159.58677341635578,159.6829158945606,156.80842595991464,158.16395568847656,10556045,0.0,0.0
2015-06-09 00:00:00+05:30,158.22163251559707,160.64427916463737,157.3179460458362,158.27931213378906,11576335,0.0,0.0
2015-06-10 00:00:00+05:30,158.2408854528109,160.81733987746,158.2408854528109,160.25013732910156,8792205,0.0,0.0
2015-06-11 00:00:00+05:30,161.50952323110837,162.17286826289302,154.20313416960644,154.7030487060547,15458335,0.0,0.0
2015-06-12 00:00:00+05:30,153.60708302136746,155.90474754428342,152.66494829717954,154.86647033691406,15189245,0.0,0.0
2015-06-15 00:00:00+05:30,156.10665478767876,156.7026971624692,153.44366619475733,154.5011749267578,9629465,0.0,0.0
2015-06-16 00:00:00+05:30,154.58768300112635,157.47178150984408,153.06872269288766,156.798828125,10452720,0.0,0.0
2015-06-17 00:00:00+05:30,157.66405472024792,158.37547097980584,156.04896656680893,157.10646057128906,10595150,0.0,0.0
2015-06-18 00:00:00+05:30,155.8374672835976,159.27914537937073,155.19333901899128,158.55812072753906,15115310,0.0,0.0
2015-06-19 00:00:00+05:30,158.8177014172147,160.50009235313706,158.04860548407893,159.56756591796875,9672370,0.0,0.0
2015-06-22 00:00:00+05:30,160.701959631991,166.12406380992473,160.56736896573773,165.23960876464844,16062505,0.0,0.0
2015-06-23 00:00:00+05:30,165.5280320405461,167.23927744223295,164.5474490383502,166.58554077148438,12920395,0.0,0.0
2015-06-24 00:00:00+05:30,165.54725542953625,168.0083505354722,163.912935835996,165.36459350585938,9633250,0.0,0.0
2015-06-25 00:00:00+05:30,164.8550716583144,166.31635238784995,163.047713179733,165.0954132080078,9546750,0.0,0.0
2015-06-26 00:00:00+05:30,163.81678807361,164.50897288352448,161.43260410017322,163.57644653320312,8739610,0.0,0.0
2015-06-29 00:00:00+05:30,160.16360485058206,161.5095115793635,158.4331428640894,161.03843688964844,13008910,0.0,0.0
2015-06-30 00:00:00+05:30,161.31725993943294,162.66316682385133,160.36550206948252,162.24978637695312,10901255,0.0,0.0
2015-07-01 00:00:00+05:30,162.25939506554988,167.56614089139845,161.82678318540286,166.7105255126953,10008360,0.0,0.0
2015-07-02 00:00:00+05:30,166.89317076544597,168.815903079936,166.70088579857025,167.22003173828125,12745860,0.0,0.0
2015-07-03 00:00:00+05:30,167.2392560726645,168.15255094943836,165.7779754682566,167.5372772216797,5434175,0.0,0.0
2015-07-06 00:00:00+05:30,165.29730011571013,167.41230273664567,164.39361357703174,167.19119262695312,9839550,0.0,0.0
2015-07-07 00:00:00+05:30,167.2777089086726,168.79666917516877,164.63395201500106,165.73951721191406,8516965,0.0,0.0
2015-07-08 00:00:00+05:30,163.4322507852297,163.9417736876645,152.3188600789195,153.33790588378906,51260720,0.0,0.0
2015-07-09 00:00:00+05:30,155.5490463072203,157.66404890748848,152.85721814811384,153.78013610839844,30729465,0.0,0.0
2015-07-10 00:00:00+05:30,155.3471548014836,156.57770231692106,154.5876819869884,155.7124786376953,12458255,0.0,0.0
2015-07-13 00:00:00+05:30,156.7026793460433,157.683276907019,151.51130810658697,156.60653686523438,23861560,0.0,0.0
2015-07-14 00:00:00+05:30,156.70269535619784,158.02938544663607,154.9722332098185,156.12586975097656,13142700,0.0,0.0
2015-07-15 00:00:00+05:30,156.06818837927503,156.70269360406698,154.0108652586065,154.64537048339844,13717715,0.0,0.0
2015-07-16 00:00:00+05:30,155.35679024459628,160.68275275946704,154.74151643779587,159.6540985107422,28100665,0.0,0.0
2015-07-17 00:00:00+05:30,157.85631823519364,160.74041667311783,156.1258562385825,158.5388946533203,21185955,0.0,0.0
2015-07-20 00:00:00+05:30,158.79846624033178,159.009967983689,156.51042459654354,157.2698974609375,10734130,0.0,0.0
2015-07-21 00:00:00+05:30,157.6640500735403,158.15434153368062,154.78955997723313,155.2894744873047,7971710,0.0,0.0
2015-07-22 00:00:00+05:30,155.16450093839975,158.606193741873,154.03009584811213,158.26010131835938,13214535,0.0,0.0
2015-07-23 00:00:00+05:30,158.04859168530035,159.971324015629,156.7122933024933,157.73135375976562,9892340,0.0,0.0
2015-07-24 00:00:00+05:30,157.85630806636786,159.10608690948308,154.9722098142322,155.38560485839844,12759565,0.0,0.0
2015-07-27 00:00:00+05:30,155.35676728149338,155.61632556603152,150.40572307595747,150.99215698242188,16092860,0.0,0.0
2015-07-28 00:00:00+05:30,151.5016890532203,153.8089766299489,150.76144767474096,152.8476104736328,10796865,0.0,0.0
2015-07-29 00:00:00+05:30,154.18390821808896,157.85631929227742,153.04948853021486,156.9141845703125,32223395,0.0,0.0
2015-07-30 00:00:00+05:30,158.04858994809194,158.7984543751352,155.51058388672627,156.2220001220703,19520480,0.0,0.0
2015-07-31 00:00:00+05:30,157.26027671672765,161.66333544794503,156.5296437230219,159.3848876953125,21541175,0.0,0.0
2015-08-03 00:00:00+05:30,160.53854557559205,161.682559021108,158.48122251286014,160.211669921875,19091075,0.0,0.0
2015-08-04 00:00:00+05:30,159.87519484261034,162.18246775169197,158.63502428528432,161.82676696777344,18714140,0.0,0.0
2015-08-05 00:00:00+05:30,162.2786174813288,162.74967753095063,159.43296707506352,159.7021484375,6614900,0.0,0.0
2015-08-06 00:00:00+05:30,160.16361293768043,160.817334904873,158.62542116773432,159.12533569335938,7253480,0.0,0.0
2015-08-07 00:00:00+05:30,159.20224257278818,159.52910354781065,157.53906854774112,157.94284057617188,6664450,0.0,0.0
2015-08-10 00:00:00+05:30,158.43314732038803,160.4135592781343,156.14509114781956,157.03916931152344,11091580,0.0,0.0
2015-08-11 00:00:00+05:30,157.6640588303569,158.24088442549873,153.24176838569417,153.55902099609375,12570600,0.0,0.0
2015-08-12 00:00:00+05:30,152.81878274716223,152.8572309419706,147.4158945463011,148.05039978027344,15414625,0.0,0.0
2015-08-13 00:00:00+05:30,149.97311497938065,150.93448110104336,145.58928781168402,146.54103088378906,17850695,0.0,0.0
2015-08-14 00:00:00+05:30,147.28128918376666,153.58784869237073,147.08901889031569,153.20330810546875,18962485,0.0,0.0
2015-08-17 00:00:00+05:30,153.23213898077927,154.29925591688226,150.62683044819693,152.01119995117188,7442630,0.0,0.0
2015-08-18 00:00:00+05:30,152.84762380421975,153.81859842584038,150.30961751696478,151.12677001953125,9974165,0.0,0.0
2015-08-19 00:00:00+05:30,151.51132614460894,151.81895571511262,148.34842298240474,148.86756896972656,8477175,0.0,0.0
2015-08-20 00:00:00+05:30,148.819483876475,149.16557627939196,135.22576701797098,138.4463348388672,34706850,0.0,0.0
2015-08-21 00:00:00+05:30,136.31210003231428,136.32172308216113,130.61120580079563,133.0819091796875,47775905,0.0,0.0
2015-08-24 00:00:00+05:30,127.47715733996714,127.47715733996714,114.40257183407394,121.07445526123047,49036520,0.0,0.0
2015-08-25 00:00:00+05:30,124.59307274646892,131.69756879730554,122.57419773951587,130.88040161132812,35878850,0.0,0.0
2015-08-26 00:00:00+05:30,130.88040263788872,133.62991074061816,127.43870965130535,131.0630645751953,28419915,0.0,0.0
2015-08-27 00:00:00+05:30,135.4949474983312,135.55262712023318,128.55388272331277,132.2070770263672,30871450,0.0,0.0
2015-08-28 00:00:00+05:30,134.5624277945946,134.93736002472838,126.66960486115819,130.11129760742188,29301755,0.0,0.0
2015-08-31 00:00:00+05:30,130.15937432297224,133.48570795958108,129.0153461531332,132.5627899169922,14909355,0.0,0.0
2015-09-01 00:00:00+05:30,130.726575778338,130.726575778338,125.51597257482881,128.13088989257812,20935610,0.0,0.0
2015-09-02 00:00:00+05:30,129.78443156876082,130.20743502614437,125.4198356578961,126.75613403320312,18930000,0.0,0.0
2015-09-03 00:00:00+05:30,128.05396084168189,130.05360407837054,127.05414655797877,129.14991760253906,15062695,0.0,0.0
2015-09-04 00:00:00+05:30,127.86170072309494,128.4385262933186,122.09350369799292,124.43923950195312,18705090,0.0,0.0
2015-09-07 00:00:00+05:30,124.7853368854834,126.17931495493826,123.26637651466413,125.11219787597656,13447880,0.0,0.0
2015-09-08 00:00:00+05:30,126.20814706608547,134.76429993795693,125.59287331652712,133.985595703125,34189085,0.0,0.0
2015-09-09 00:00:00+05:30,138.0041096148447,139.1865858363735,136.51398919331461,137.77337646484375,30508645,0.0,0.0
2015-09-10 00:00:00+05:30,133.62991114163344,138.37906284871667,132.86081519401165,137.09083557128906,17735250,0.0,0.0
2015-09-11 00:00:00+05:30,138.37906148323577,139.65768036631692,135.42766003078,136.69667053222656,15170375,0.0,0.0
2015-09-14 00:00:00+05:30,136.51397999329086,141.14777142586772,135.8025638306942,140.67669677734375,16565705,0.0,0.0
2015-09-15 00:00:00+05:30,140.8785964696604,142.52253912586704,139.46540165164103,139.96530151367188,16110920,0.0,0.0
2015-09-16 00:00:00+05:30,141.32082596832802,146.2045678369353,141.32082596832802,145.8296356201172,27152445,0.0,0.0
2015-09-18 00:00:00+05:30,148.6272182413228,149.78085473080583,146.81984511725295,148.36764526367188,26829095,0.0,0.0
2015-09-21 00:00:00+05:30,146.0603516556371,148.58874931612664,145.33932704547013,147.51202392578125,16264740,0.0,0.0
2015-09-22 00:00:00+05:30,148.4349323802299,148.78102479193169,139.0135555481061,140.98434448242188,19125910,0.0,0.0
2015-09-23 00:00:00+05:30,139.01356908705517,143.03207307108767,137.33117810756798,141.9457244873047,28532335,0.0,0.0
2015-09-24 00:00:00+05:30,141.83994713415703,142.95513532445287,138.1675362810357,138.60975646972656,18338545,0.0,0.0
2015-09-28 00:00:00+05:30,138.43670931525162,142.57058620782726,138.43670931525162,140.3402099609375,17370665,0.0,0.0
2015-09-29 00:00:00+05:30,138.45596375321216,144.0126591964782,135.12002187719085,142.0130157470703,38504095,0.0,0.0
2015-09-30 00:00:00+05:30,143.1089603647964,145.04130097364254,139.07122561849908,140.30177307128906,21025405,0.0,0.0
2015-10-01 00:00:00+05:30,142.08991426910947,142.16682531837347,137.47535399824878,140.09027099609375,18723595,0.0,0.0
2015-10-05 00:00:00+05:30,140.88820926806912,144.78174502794795,140.88820926806912,144.25299072265625,16198610,0.0,0.0
2015-10-06 00:00:00+05:30,144.66639196814873,145.4739507822989,141.68616533754144,142.8782501220703,13222105,0.0,0.0
2015-10-07 00:00:00+05:30,142.8782208957585,143.36852698071365,141.05163122706395,141.4650115966797,12428940,0.0,0.0
2015-10-08 00:00:00+05:30,140.93629359013153,141.41697669968957,138.5232549918082,139.84994506835938,13806750,0.0,0.0
2015-10-09 00:00:00+05:30,140.99397571563128,142.64752681536663,138.45596943894427,139.52308654785156,13380905,0.0,0.0
2015-10-12 00:00:00+05:30,140.22487771319828,141.6092474198207,138.55209520614878,139.1577606201172,11647585,0.0,0.0
2015-10-13 00:00:00+05:30,139.5711427401495,141.53233807131522,139.20583354652808,141.09010314941406,15112280,0.0,0.0
2015-10-14 00:00:00+05:30,140.9362849851824,142.78210625287343,140.35945942121745,142.03224182128906,9671405,0.0,0.0
2015-10-15 00:00:00+05:30,142.66673967070108,146.3391656334989,142.66673967070108,145.9642333984375,19755775,0.0,0.0
2015-10-16 00:00:00+05:30,146.12766233606123,148.95408130990998,144.63754179285644,148.73297119140625,16218250,0.0,0.0
2015-10-19 00:00:00+05:30,148.59838346110422,149.19442582250872,147.30053319818575,148.1369171142578,9387355,0.0,0.0
2015-10-20 00:00:00+05:30,148.22343329744479,149.72317688782584,146.38723500877467,148.0696258544922,13621220,0.0,0.0
2015-10-21 00:00:00+05:30,148.05039986282443,149.0886771546441,145.55084178963435,147.14671325683594,9432540,0.0,0.0
2015-10-23 00:00:00+05:30,148.55030403665077,149.97312185453802,146.89675305804522,148.27149963378906,12371450,0.0,0.0
2015-10-26 00:00:00+05:30,148.8194823662387,149.20402295700703,142.9743744370043,143.4742889404297,11315700,0.0,0.0
2015-10-27 00:00:00+05:30,143.43583393702912,145.41624595960872,142.6667380440791,144.4548797607422,13654945,0.0,0.0
2015-10-28 00:00:00+05:30,142.47445377125578,143.9068945480856,137.8214453455088,139.90760803222656,20105845,0.0,0.0
2015-10-29 00:00:00+05:30,140.3402318600449,143.74347637656157,136.08138669321934,142.97438049316406,59974035,0.0,0.0
2015-10-30 00:00:00+05:30,144.18569693758573,147.2140092349002,143.05129187567437,145.8680877685547,20048755,0.0,0.0
2015-11-02 00:00:00+05:30,145.2047604072181,148.72336460789057,144.66639762293093,148.43495178222656,13308240,0.0,0.0
2015-11-03 00:00:00+05:30,149.08866705682902,150.26153495504124,147.37743645175553,149.83853149414062,15156160,0.0,0.0
2015-11-04 00:00:00+05:30,150.74222407620132,151.89586058986245,150.0115763710981,150.69415283203125,12395670,0.0,0.0
2015-11-05 00:00:00+05:30,149.97311569466643,150.06925817500436,145.95461232820617,146.51219177246094,12105005,0.0,0.0
2015-11-06 00:00:00+05:30,146.55066024240458,148.76180535127594,144.20492445747757,145.8296356201172,12841760,0.0,0.0
2015-11-09 00:00:00+05:30,143.05127797245405,147.70428635496344,141.37849568501264,146.50257873535156,19696955,0.0,0.0
2015-11-10 00:00:00+05:30,145.19514607950367,147.3774516122125,141.72461327010436,142.21490478515625,11980700,0.0,0.0
2015-11-13 00:00:00+05:30,144.8778952748632,145.64699123172605,141.03243015983412,141.91688537597656,19647750,0.0,0.0
2015-11-16 00:00:00+05:30,141.51309835020197,144.78175215425725,141.3400594795619,144.38758850097656,12772960,0.0,0.0
2015-11-17 00:00:00+05:30,145.43546150755128,145.62773179246938,141.705356369154,143.3685302734375,15427460,0.0,0.0
2015-11-18 00:00:00+05:30,143.36855778617849,144.39721207599663,138.47519228066312,139.02317810058594,13495465,0.0,0.0
2015-11-19 00:00:00+05:30,140.0710488490748,141.30159638028263,139.22505658967174,141.01318359375,16618620,0.0,0.0
2015-11-20 00:00:00+05:30,141.00355981245573,142.589822630491,139.41731166370255,140.59017944335938,13068955,0.0,0.0
2015-11-23 00:00:00+05:30,141.1285468500777,143.19547810375346,140.76322303677807,142.40716552734375,11223220,0.0,0.0
2015-11-24 00:00:00+05:30,142.28218824750303,143.85882812509593,141.87841623035786,143.0801239013672,12498670,0.0,0.0
2015-11-26 00:00:00+05:30,143.61848764541216,144.97401742889159,143.2820036273457,144.16647338867188,14841055,0.0,0.0
2015-11-27 00:00:00+05:30,144.39719622695986,147.99271099432977,143.9838158138941,146.64678955078125,12464520,0.0,0.0
2015-11-30 00:00:00+05:30,146.5122055606224,148.2426676845777,146.5122055606224,147.47357177734375,11087220,0.0,0.0
2015-12-01 00:00:00+05:30,148.0503913401852,148.4349319434852,145.87770905990124,146.16610717773438,10485970,0.0,0.0
2015-12-02 00:00:00+05:30,146.55064832855467,146.8390610878798,143.82037216807922,144.32989501953125,9236230,0.0,0.0
2015-12-03 00:00:00+05:30,143.24356074247737,145.91615754788828,143.24356074247737,144.59909057617188,10662525,0.0,0.0
2015-12-04 00:00:00+05:30,143.2435775963036,144.43567708006123,142.0034215333447,142.28221130371094,8180645,0.0,0.0
2015-12-07 00:00:00+05:30,143.22432222970954,143.41659252224187,140.84013832988614,141.3015899658203,7792800,0.0,0.0
2015-12-08 00:00:00+05:30,140.55171943291163,141.3208152388161,139.12890172702194,139.5422821044922,7330215,0.0,0.0
2015-12-09 00:00:00+05:30,139.39808684969975,141.30158765238613,137.17733346835186,137.80221557617188,10317275,0.0,0.0
2015-12-10 00:00:00+05:30,138.41750075362864,138.78282460217645,135.03350230654786,135.95640563964844,16252330,0.0,0.0
2015-12-11 00:00:00+05:30,136.32174372724242,137.22543039270457,129.2556955828612,130.86117553710938,28722100,0.0,0.0
2015-12-14 00:00:00+05:30,130.57276074752852,132.47626166397256,128.43852666846436,131.3706817626953,17360285,0.0,0.0
2015-12-15 00:00:00+05:30,132.28400221584562,133.47608698064053,129.92864316171918,132.92811584472656,13407435,0.0,0.0
2015-12-16 00:00:00+05:30,134.01443365769268,136.629350724414,133.48569401766025,134.31246948242188,18151740,0.0,0.0
2015-12-17 00:00:00+05:30,136.12944932079128,139.15774675023346,135.6872144483095,138.64822387695312,18659360,0.0,0.0
2015-12-18 00:00:00+05:30,138.03296072432153,139.86917368652414,137.2061852057418,138.18678283691406,16685490,0.0,0.0
2015-12-21 00:00:00+05:30,137.85989126149727,139.68649563172428,137.84067450160524,138.21560668945312,9460115,0.0,0.0
2015-12-22 00:00:00+05:30,138.42710376206193,139.93644084280237,136.89852058350994,137.27345275878906,8068060,0.0,0.0
2015-12-23 00:00:00+05:30,138.05220097010053,139.59037818638342,138.05220097010053,139.35003662109375,8680400,0.0,0.0
2015-12-24 00:00:00+05:30,139.61920948510956,140.2441063183204,138.45596459485503,139.2731170654297,6064000,0.0,0.0
2015-12-28 00:00:00+05:30,139.57112129933057,141.53231632921887,139.43653063408587,140.92665100097656,8447475,0.0,0.0
2015-12-29 00:00:00+05:30,141.21507017431466,141.50348294701888,139.97491432175445,140.63824462890625,7058305,0.0,0.0
2015-12-30 00:00:00+05:30,141.09008638400866,141.6861433530721,140.3786848440854,141.17662048339844,6045445,0.0,0.0
2015-12-31 00:00:00+05:30,141.14779712380079,141.60924880743516,139.09045930626075,139.5519256591797,6457360,0.0,0.0
2016-01-01 00:00:00+05:30,139.90761790859884,141.41696984066076,138.96548316696027,140.83053588867188,4988895,0.0,0.0
2016-01-04 00:00:00+05:30,140.3402390603056,140.3402390603056,134.8027748204508,135.69683837890625,12693585,0.0,0.0
2016-01-05 00:00:00+05:30,136.3217266790412,137.1100393152665,134.28362041098194,136.07176208496094,10345630,0.0,0.0
2016-01-06 00:00:00+05:30,136.8889363015479,137.84069414600904,134.8796844103032,135.33152770996094,8329590,0.0,0.0
2016-01-07 00:00:00+05:30,133.22612530536543,133.22612530536543,129.91902334076687,130.52468872070312,12052960,0.0,0.0
2016-01-08 00:00:00+05:30,131.70717654673405,134.39900498665565,131.3899239232051,133.3799591064453,12796475,0.0,0.0
2016-01-11 00:00:00+05:30,131.7071626231057,135.48532455344682,130.02477185967186,133.53375244140625,14801465,0.0,0.0
2016-01-12 00:00:00+05:30,134.1201940175094,134.48551786968628,128.51542728041963,129.39027404785156,15401165,0.0,0.0
2016-01-13 00:00:00+05:30,131.03420461607834,132.63968427035948,126.91955881089822,131.26492309570312,24823865,0.0,0.0
2016-01-14 00:00:00+05:30,129.39027368373164,130.486230567894,127.28487935301034,129.630615234375,17869410,0.0,0.0
2016-01-15 00:00:00+05:30,130.7457961026291,131.43798090259745,126.91956294173087,127.61174774169922,18152225,0.0,0.0
2016-01-18 00:00:00+05:30,127.09261471960873,128.83268527685578,125.30447291623032,126.1312484741211,18905815,0.0,0.0
2016-01-19 00:00:00+05:30,127.47716425002442,131.9955824654652,126.41965556013474,130.98614501953125,24393180,0.0,0.0
2016-01-20 00:00:00+05:30,129.57293024466406,129.93825408068759,121.43015767245534,124.25657653808594,26445660,0.0,0.0
2016-01-21 00:00:00+05:30,125.94858138742835,129.39989721618088,124.48731531595729,125.80438232421875,20534760,0.0,0.0
2016-01-22 00:00:00+05:30,128.2462388584957,132.61084940505592,127.23681613393347,131.514892578125,16567570,0.0,0.0
2016-01-25 00:00:00+05:30,133.03386083903732,133.64913462668937,129.4960255580748,130.26512145996094,9817820,0.0,0.0
2016-01-27 00:00:00+05:30,130.76504381727017,131.66873045583702,127.86171358191999,130.37088012695312,10075060,0.0,0.0
2016-01-28 00:00:00+05:30,130.71694973718735,131.9763369805881,128.37121410705961,129.12107849121094,16022000,0.0,0.0
2016-01-29 00:00:00+05:30,127.47715437028104,144.10877664009166,125.19870667306392,143.5896453857422,87063495,0.0,0.0
2016-02-01 00:00:00+05:30,145.05094633670956,149.1655927654339,143.1474305756447,148.51185607910156,55294340,0.0,0.0
2016-02-02 00:00:00+05:30,148.511845798663,150.93449271913397,146.20457279678473,146.95443725585938,32985285,0.0,0.0
2016-02-03 00:00:00+05:30,144.46449476509395,151.70358066583387,144.2145301789687,149.5308837890625,29323850,0.0,0.0
2016-02-04 00:00:00+05:30,150.87678786760196,151.50166992258806,145.02207223556005,146.00265502929688,29722165,0.0,0.0
2016-02-05 00:00:00+05:30,145.97383016927728,149.9538853746306,145.97383016927728,149.40591430664062,15978405,0.0,0.0
2016-02-08 00:00:00+05:30,149.05019061495844,151.79969819101385,147.08901026589734,147.73312377929688,16112350,0.0,0.0
2016-02-09 00:00:00+05:30,145.84885088490836,147.83887099382054,142.57058911164248,143.5992431640625,19050925,0.0,0.0
2016-02-10 00:00:00+05:30,142.68595802130912,143.58003614251035,139.89800213611358,141.38812255859375,21933695,0.0,0.0
2016-02-11 00:00:00+05:30,141.32081355861254,142.2437314485815,136.43707211885817,137.36959838867188,15571410,0.0,0.0
2016-02-12 00:00:00+05:30,138.43673588229504,140.9266708751053,133.0915420383697,140.0614471435547,22277665,0.0,0.0
2016-02-15 00:00:00+05:30,141.35928531407208,146.4737607463021,141.34967693262553,144.85865783691406,18884615,0.0,0.0
2016-02-16 00:00:00+05:30,145.82962018912832,145.99305065923934,140.5517152315251,141.09970092773438,16563985,0.0,0.0
2016-02-17 00:00:00+05:30,140.91705207671646,140.91705207671646,134.82199420420767,138.5040283203125,26398540,0.0,0.0
2016-02-18 00:00:00+05:30,139.9749028802374,141.49384833170757,135.8217944990501,137.33114624023438,16055755,0.0,0.0
2016-02-19 00:00:00+05:30,136.70626655386403,139.12891341167875,136.23520651851368,137.00428771972656,11826110,0.0,0.0
2016-02-22 00:00:00+05:30,137.66763729098633,138.53287567497551,136.36017866856002,137.04275512695312,8648975,0.0,0.0
2016-02-23 00:00:00+05:30,136.9946925493604,137.90798756583249,130.9765450207662,131.9667510986328,21500155,0.0,0.0
2016-02-24 00:00:00+05:30,131.48607455455223,135.31230836760017,129.2172494722388,132.7935333251953,20841410,0.0,0.0
2016-02-25 00:00:00+05:30,133.5914447198846,133.63950129126061,128.1693402993383,128.91920471191406,22305795,0.0,0.0
2016-02-26 00:00:00+05:30,131.18802037153125,133.05305822520322,128.61155167580938,132.0051727294922,20627085,0.0,0.0
2016-02-29 00:00:00+05:30,132.27436397987947,135.3603557507143,127.54444432074075,132.47625732421875,24929325,0.0,0.0
2016-03-01 00:00:00+05:30,133.97598628245245,138.78281699771082,132.85118965539598,138.3213653564453,20408715,0.0,0.0
2016-03-02 00:00:00+05:30,140.55173868439095,146.46414974965668,140.45561086378768,145.21437072753906,26665300,0.0,0.0
2016-03-03 00:00:00+05:30,145.93540002186813,146.1276703384565,142.49370707858242,145.6758270263672,20116495,0.0,0.0
2016-03-04 00:00:00+05:30,145.35857332792563,147.95425925588623,143.29164176863665,145.94500732421875,19092795,0.0,0.0
2016-03-08 00:00:00+05:30,147.85811916100744,147.96387002596467,144.5125690130721,146.0411376953125,21291635,0.0,0.0
2016-03-09 00:00:00+05:30,145.16627815233159,152.54956260915498,144.45486197183553,152.01119995117188,30298510,0.0,0.0
2016-03-10 00:00:00+05:30,152.66495358765752,154.00125200220094,150.83834902889438,152.1650390625,18269590,0.0,0.0
2016-03-11 00:00:00+05:30,151.31902757583293,154.7415034244543,151.04984622482544,153.93394470214844,20752680,0.0,0.0
2016-03-14 00:00:00+05:30,154.77996587510586,155.74133212277732,153.2417740111176,154.20314025878906,12531405,0.0,0.0
2016-03-15 00:00:00+05:30,154.01085676280772,157.0872255582227,153.25138394662852,155.92398071289062,18064305,0.0,0.0
2016-03-16 00:00:00+05:30,155.16451172010738,156.79884613149162,152.95338101159516,154.66461181640625,16745200,0.0,0.0
2016-03-17 00:00:00+05:30,155.95283995329012,157.43333757796134,152.47269869515787,153.73208618164062,15460550,0.0,0.0
2016-03-18 00:00:00+05:30,154.01087279223552,157.18338440209817,153.00143527964943,156.55850219726562,13220715,0.0,0.0
2016-03-21 00:00:00+05:30,157.2795008134282,160.4519972278851,156.27006346824527,159.94247436523438,17150930,0.0,0.0
2016-03-22 00:00:00+05:30,159.77904773184977,161.0768978739234,158.17356805647344,160.00978088378906,13091505,0.0,0.0
2016-03-23 00:00:00+05:30,159.58678967127798,163.7879552835136,158.90421321277728,163.28805541992188,20967780,0.0,0.0
2016-03-28 00:00:00+05:30,162.1151769463815,165.33574471508325,160.64428792514337,161.94212341308594,17251110,0.0,0.0
2016-03-29 00:00:00+05:30,161.7017846620381,164.27825359064215,160.7404185051065,162.73045349121094,9845555,0.0,0.0
2016-03-30 00:00:00+05:30,164.10521939258965,167.2777310181706,163.15347617341496,166.56631469726562,13545105,0.0,0.0
2016-03-31 00:00:00+05:30,165.83566677894018,168.23908223950454,165.07619394788674,166.32595825195312,31232455,0.0,0.0
2016-04-01 00:00:00+05:30,165.93178925211092,166.4124722862488,163.89368321225447,164.5089569091797,14136725,0.0,0.0
2016-04-04 00:00:00+05:30,164.56664900107174,167.25847713015278,164.39361013692036,166.883544921875,16196910,0.0,0.0
2016-04-05 00:00:00+05:30,165.3549716657972,166.3355692098191,158.91382163360234,159.43295288085938,22500685,0.0,0.0
2016-04-06 00:00:00+05:30,160.54815569984063,161.92290232715177,159.25030545970316,160.36549377441406,16484090,0.0,0.0
2016-04-07 00:00:00+05:30,161.30763274246607,162.27862201988924,159.7790639624617,160.64430236816406,9215225,0.0,0.0
2016-04-08 00:00:00+05:30,160.9326957965614,164.1052071861656,160.20206276648307,163.31689453125,11833340,0.0,0.0
2016-04-11 00:00:00+05:30,164.0090850295303,165.82606662104632,163.01887898421802,165.28768920898438,9609845,0.0,0.0
2016-04-12 00:00:00+05:30,165.31654043823028,166.95086006643652,164.04752999584252,165.22039794921875,8861115,0.0,0.0
2016-04-13 00:00:00+05:30,166.72009993162925,168.23906006279574,166.46052698870488,167.30653381347656,8343925,0.0,0.0
2016-04-18 00:00:00+05:30,165.73953744787192,172.46910127159063,165.5664985622331,171.80577087402344,19491185,0.0,0.0
2016-04-20 00:00:00+05:30,172.02686036543253,172.02686036543253,168.62361599669993,169.56576538085938,15352350,0.0,0.0
2016-04-21 00:00:00+05:30,170.81553714833257,172.7094297111903,168.54672702841694,169.46002197265625,14804655,0.0,0.0
2016-04-22 00:00:00+05:30,169.2004526672608,170.71941303674691,167.78724316746312,168.38328552246094,9580800,0.0,0.0
2016-04-25 00:00:00+05:30,168.64286625997056,170.25796919226318,167.4988380723643,168.94088745117188,7570435,0.0,0.0
2016-04-26 00:00:00+05:30,169.2004530220051,175.8915683005422,168.35444606272412,175.10324096679688,16571225,0.0,0.0
2016-04-27 00:00:00+05:30,175.92999582820886,177.46818745179692,172.66135696468737,176.02613830566406,51044735,0.0,0.0
2016-04-28 00:00:00+05:30,176.18958022516355,182.9864313473549,176.1222775527172,181.803955078125,66735715,0.0,0.0
2016-04-29 00:00:00+05:30,182.27505121364175,183.13066660977051,178.56417681339312,181.30406188964844,21534815,0.0,0.0
2016-05-02 00:00:00+05:30,182.2558011552428,184.12085388119812,181.0252536252012,181.6885986328125,19933955,0.0,0.0
2016-05-03 00:00:00+05:30,181.9866082835269,183.0056540171107,178.42955659618016,179.04483032226562,14613445,0.0,0.0
2016-05-04 00:00:00+05:30,179.00638605201155,179.56398021625586,175.8146578506458,176.429931640625,24070805,0.0,0.0
2016-05-05 00:00:00+05:30,176.69911601200218,179.42939258463795,174.1322699381561,175.3820343017578,33803715,0.0,0.0
2016-05-06 00:00:00+05:30,174.77639207758529,176.87216352001005,174.18033501078204,175.00711059570312,11919815,0.0,0.0
2016-05-09 00:00:00+05:30,175.89154667534964,182.27501694049434,175.62235067380615,181.92892456054688,23103750,0.0,0.0
2016-05-10 00:00:00+05:30,182.46729691790927,183.2171613360819,180.3715110976521,182.6114959716797,16215080,0.0,0.0
2016-05-11 00:00:00+05:30,180.0158273136227,185.04376860996265,178.4295788952619,183.88052368164062,22916480,0.0,0.0
2016-05-12 00:00:00+05:30,183.81321612591384,186.00512990768635,182.67881104117376,183.63055419921875,13195830,0.0,0.0
2016-05-13 00:00:00+05:30,183.82282845959918,184.75534013171043,181.52516394207564,182.76531982421875,15825760,0.0,0.0
2016-05-16 00:00:00+05:30,183.22678398746189,189.79291701741374,181.73666341554667,188.48545837402344,26057460,0.0,0.0
2016-05-17 00:00:00+05:30,190.10054538023456,192.2443877602502,186.06279586582036,186.49542236328125,32223600,0.0,0.0
2016-05-18 00:00:00+05:30,185.81285023813686,187.97592409821695,185.1302884793103,186.74537658691406,14691410,0.0,0.0
2016-05-19 00:00:00+05:30,186.83189990002967,189.77367806373573,185.44753025374828,185.90899658203125,15444495,0.0,0.0
2016-05-20 00:00:00+05:30,187.44717195916493,188.7161823464456,185.447528562691,187.98553466796875,13374215,0.0,0.0
2016-05-23 00:00:00+05:30,188.95651709999132,189.38912892764455,187.37025417288535,188.06243896484375,11301460,0.0,0.0
2016-05-24 00:00:00+05:30,187.47600468381296,189.49487943479363,186.72614027214198,187.85093688964844,10828000,0.0,0.0
2016-05-25 00:00:00+05:30,189.38913252480646,192.1194088842315,189.38913252480646,191.50413513183594,12132775,0.0,0.0
2016-05-26 00:00:00+05:30,192.27322922845943,197.27233025454274,191.7156351033829,196.32058715820312,16518240,0.0,0.0
2016-05-27 00:00:00+05:30,197.08006601081402,200.3102569478114,195.7341592326,197.17620849609375,18491290,0.0,0.0
2016-05-30 00:00:00+05:30,198.90427928300167,200.93331679464183,198.3023527209043,199.39939880371094,14618760,2.0,0.0
2016-05-31 00:00:00+05:30,199.4091156099438,203.0982844044083,198.0305343662665,200.57412719726562,57458505,0.0,0.0
2016-06-01 00:00:00+05:30,200.2828792332172,200.74887499138035,195.24425287928793,197.6422119140625,12213510,0.0,0.0
2016-06-02 00:00:00+05:30,196.93350062968207,204.36036793311007,196.42866326888915,203.69049072265625,14912165,0.0,0.0
2016-06-03 00:00:00+05:30,204.8457970281568,205.77780338102176,202.34104569442928,203.7584686279297,15162245,0.0,0.0
2016-06-06 00:00:00+05:30,203.87495059202152,207.56411932738652,202.8167460704361,206.7292022705078,16298060,0.0,0.0
2016-06-07 00:00:00+05:30,208.24370644735342,210.73875470279472,206.22437175870024,207.0204620361328,32603455,0.0,0.0
2016-06-08 00:00:00+05:30,206.88452298183975,207.00101820412252,202.88468085654156,204.61276245117188,14662560,0.0,0.0
2016-06-09 00:00:00+05:30,204.61276879948574,205.75835950450906,201.28281854020733,201.94297790527344,13298390,0.0,0.0
2016-06-10 00:00:00+05:30,202.43811857312048,207.44760602192366,202.04977645175848,206.45736694335938,17476725,0.0,0.0
2016-06-13 00:00:00+05:30,205.41857206255756,208.09808089920415,204.34094672906653,206.8165740966797,13488360,0.0,0.0
2016-06-14 00:00:00+05:30,206.8068670656276,208.08835902942386,205.3408996325034,206.70977783203125,7728830,0.0,0.0
2016-06-15 00:00:00+05:30,207.47675124001944,208.42816354356745,205.25353511402673,207.9330291748047,9095765,0.0,0.0
2016-06-16 00:00:00+05:30,206.98162069584976,207.24374978923026,203.37983807328132,205.9234161376953,11322575,0.0,0.0
2016-06-17 00:00:00+05:30,206.78745162831308,208.7291178407855,205.81661852207688,207.92332458496094,10541745,0.0,0.0
2016-06-20 00:00:00+05:30,205.41857509118273,209.50578902026604,204.91375253765818,208.7776641845703,7533270,0.0,0.0
2016-06-21 00:00:00+05:30,209.32131533007023,209.69993962851672,207.04956953939148,208.0301055908203,7588760,0.0,0.0
2016-06-22 00:00:00+05:30,208.729123651066,210.01063049756448,207.13695790506787,209.47666931152344,10105465,0.0,0.0
2016-06-23 00:00:00+05:30,208.9815253908896,216.49577883218066,208.9815253908896,215.68028259277344,19308820,0.0,0.0
2016-06-24 00:00:00+05:30,206.2534930756868,210.95232181422838,202.32161598276434,209.7970428466797,26805430,0.0,0.0
2016-06-27 00:00:00+05:30,207.8456598598491,211.622200117806,207.74858543573944,208.87474060058594,14452850,0.0,0.0
2016-06-28 00:00:00+05:30,210.26303305117835,210.26303305117835,206.29232925626414,207.73886108398438,12291115,0.0,0.0
2016-06-29 00:00:00+05:30,208.72910620150236,210.43776704025316,207.75827314940236,208.2825164794922,11630900,0.0,0.0
2016-06-30 00:00:00+05:30,210.06887586496035,215.52495327504047,208.6320321772355,214.9618682861328,16237150,0.0,0.0
2016-07-01 00:00:00+05:30,216.03949213990686,220.18495369348645,214.8550745531698,219.35003662109375,12687335,0.0,0.0
2016-07-04 00:00:00+05:30,220.37910526236385,221.34993832519365,216.4957730110447,217.0006103515625,10167140,0.0,0.0
2016-07-05 00:00:00+05:30,217.25302467722105,219.79660259729206,216.10744875752826,218.7092742919922,7817760,0.0,0.0
2016-07-07 00:00:00+05:30,219.4082777113353,219.4082777113353,215.5249453624621,215.9326934814453,8108555,0.0,0.0
2016-07-08 00:00:00+05:30,215.76764949135213,218.2432767789722,214.8647818481688,217.51515197753906,5656625,0.0,0.0
2016-07-11 00:00:00+05:30,219.79660667666369,223.07802727657952,219.6218638302418,222.02952575683594,9376860,0.0,0.0
2016-07-12 00:00:00+05:30,221.7382774993912,224.4469101854321,220.98102885493063,224.0003204345703,8146520,0.0,0.0
2016-07-13 00:00:00+05:30,223.81584508726908,223.92263731544182,220.96160836051376,222.65084838867188,8914315,0.0,0.0
2016-07-14 00:00:00+05:30,222.90327215571395,227.93218019787534,222.39843482651006,227.4564666748047,9619720,0.0,0.0
2016-07-15 00:00:00+05:30,227.56327116865808,230.32044841236893,225.34006990280486,228.96127319335938,9389850,0.0,0.0
2016-07-18 00:00:00+05:30,228.16520084202233,229.98065401081746,227.23319454171923,228.04869079589844,5684970,0.0,0.0
2016-07-19 00:00:00+05:30,227.17493827721543,227.35939893062988,222.02952004579603,223.9420623779297,10242095,0.0,0.0
2016-07-20 00:00:00+05:30,224.35952380523162,226.9322254625206,222.92268022518275,225.7769317626953,7295870,0.0,0.0
2016-07-21 00:00:00+05:30,225.62159906155838,227.17493789574203,223.36927404710283,224.19447326660156,5165295,0.0,0.0
2016-07-22 00:00:00+05:30,224.2624343566673,226.46622952611372,223.1556852731709,224.59251403808594,9143215,0.0,0.0
2016-07-25 00:00:00+05:30,223.30130209723677,230.93205038076155,222.8547271947297,229.6505584716797,10202270,0.0,0.0
2016-07-26 00:00:00+05:30,229.69911756811067,235.15519485405238,228.56322980411863,233.02906799316406,12171520,0.0,0.0
2016-07-27 00:00:00+05:30,234.14551529368646,235.81534937759696,228.35935842838123,233.08731079101562,40172445,0.0,0.0
2016-07-28 00:00:00+05:30,234.3494108902288,238.40750111542408,233.51449379792703,237.5628662109375,17546355,0.0,0.0
2016-07-29 00:00:00+05:30,237.85410324380453,239.98993304487902,234.74744036826553,236.2910614013672,12436060,0.0,0.0
2016-08-01 00:00:00+05:30,237.65994294451036,239.79577277571664,233.68923916922967,237.1551055908203,8392665,0.0,0.0
2016-08-02 00:00:00+05:30,238.04825600241264,241.6403352508036,237.4366412668299,238.51425170898438,9455220,0.0,0.0
2016-08-03 00:00:00+05:30,239.4074378467875,241.7180104497347,236.42697325039347,239.90255737304688,14034865,0.0,0.0
2016-08-04 00:00:00+05:30,240.86368445648787,241.79567588425263,236.89296604290186,239.12588500976562,9219130,0.0,0.0
2016-08-05 00:00:00+05:30,240.727765439728,245.23243012140267,239.69866998095713,244.34896850585938,10681115,0.0,0.0
2016-08-08 00:00:00+05:30,246.23239648213791,246.5915999779304,243.71792757037952,245.6693115234375,6486035,0.0,0.0
2016-08-09 00:00:00+05:30,245.6498844917689,245.7858005256857,242.90242519340936,244.6208038330078,8699890,0.0,0.0
2016-08-10 00:00:00+05:30,245.42660210018155,246.9508023109852,242.2422708281176,246.08676147460938,12298940,0.0,0.0
2016-08-11 00:00:00+05:30,245.62076244240035,245.62076244240035,240.00934858039622,243.1936798095703,17711960,0.0,0.0
2016-08-12 00:00:00+05:30,243.48492933232612,251.25157883659844,243.2907656871232,250.61085510253906,17444495,0.0,0.0
2016-08-16 00:00:00+05:30,252.21273465708867,255.31938274286378,250.45552914894594,251.43605041503906,14094365,0.0,0.0
2016-08-17 00:00:00+05:30,252.6107770319591,254.33885871397052,249.56234696654306,254.03790283203125,8196950,0.0,0.0
2016-08-18 00:00:00+05:30,254.3971098687467,257.2222377011677,253.9699409411829,256.4261474609375,9260895,0.0,0.0
2016-08-19 00:00:00+05:30,256.49412998447843,259.9891056211822,255.52329683484376,259.39691162109375,8321130,0.0,0.0
2016-08-22 00:00:00+05:30,259.2124490725285,261.9793294544159,258.7658741226287,260.82403564453125,10797710,0.0,0.0
2016-08-23 00:00:00+05:30,260.80460346425565,262.38703644073604,259.3095122790667,260.42596435546875,10622375,0.0,0.0
2016-08-24 00:00:00+05:30,260.4259674734658,260.73664116221977,258.251310907135,259.76580810546875,9255800,0.0,0.0
2016-08-25 00:00:00+05:30,260.04734451874043,262.0472879971941,259.60076958057874,260.87255859375,18358660,0.0,0.0
2016-08-26 00:00:00+05:30,261.4647487947541,261.54240239810935,256.11544952234084,257.5619812011719,11571115,0.0,0.0
2016-08-29 00:00:00+05:30,257.2125100788126,260.76576258939565,255.71741888936577,259.921142578125,14935990,0.0,0.0
2016-08-30 00:00:00+05:30,260.7657778910515,266.9305740324113,260.2221137225276,263.1346130371094,16352895,0.0,0.0
2016-08-31 00:00:00+05:30,264.06658957409536,268.39649668097803,260.57158466894356,265.2510070800781,115844660,0.0,0.0
2016-09-01 00:00:00+05:30,265.95004065775703,267.2994833562353,264.0957457498671,265.0083312988281,10078310,0.0,0.0
2016-09-02 00:00:00+05:30,265.03739460984,270.7167732769735,264.5131365226124,269.5711975097656,10368200,0.0,0.0
2016-09-06 00:00:00+05:30,269.8818640883663,281.3473997837527,269.8818640883663,279.7552490234375,15724805,0.0,0.0
2016-09-07 00:00:00+05:30,281.0949847153618,281.0949847153618,269.90128182462036,272.1341857910156,25600470,0.0,0.0
2016-09-08 00:00:00+05:30,269.3382066052803,269.8915885557184,256.5426340857863,257.90179443359375,35636540,0.0,0.0
2016-09-09 00:00:00+05:30,242.71797455881014,255.32910168205956,242.11606278573504,247.80514526367188,78742560,0.0,0.0
2016-09-12 00:00:00+05:30,242.5141016923402,242.5141016923402,232.41742896587644,233.9901885986328,43954345,0.0,0.0
2016-09-14 00:00:00+05:30,233.60184876853225,244.0577250894779,233.60184876853225,243.38784790039062,31911355,0.0,0.0
2016-09-15 00:00:00+05:30,240.7666046578022,240.7666046578022,234.20377834765588,237.23277282714844,24159660,0.0,0.0
2016-09-16 00:00:00+05:30,239.21325917678305,240.6403849548217,225.0196846322953,227.1361083984375,51458690,0.0,0.0
2016-09-19 00:00:00+05:30,226.39827080534204,231.78639735047753,224.41777784445455,228.60206604003906,36763550,0.0,0.0
2016-09-20 00:00:00+05:30,230.88353294700195,235.61148536253614,227.4273546974849,234.3688201904297,23871605,0.0,0.0
2016-09-21 00:00:00+05:30,234.7668549211653,238.39776104210873,234.7668549211653,236.9318084716797,18703315,0.0,0.0
2016-09-22 00:00:00+05:30,241.73743523078224,244.45577079853442,238.99967885371933,242.03839111328125,23157050,0.0,0.0
2016-09-23 00:00:00+05:30,241.73743889183936,242.49468751531722,238.44631531634332,239.4365692138672,10170100,0.0,0.0
2016-09-26 00:00:00+05:30,237.26189862545843,241.34911245848227,236.1551494937617,239.86373901367188,12014610,0.0,0.0
2016-09-27 00:00:00+05:30,242.1257750151286,243.05778133150125,240.4171140511396,242.1063690185547,14692145,0.0,0.0
2016-09-28 00:00:00+05:30,241.93159334698325,247.52360120154702,241.73742969953017,246.82460021972656,15717525,0.0,0.0
2016-09-29 00:00:00+05:30,247.75659475877376,253.377711676496,237.85410047716567,238.9802703857422,43012315,0.0,0.0
2016-09-30 00:00:00+05:30,239.1258878166265,244.4751874396348,235.2425555899719,243.620849609375,20948795,0.0,0.0
2016-10-03 00:00:00+05:30,247.5624251437933,249.11576393293527,245.28096157481664,246.64013671875,10837885,0.0,0.0
2016-10-04 00:00:00+05:30,248.533268688021,250.824420537551,246.64985014104664,249.31964111328125,11167390,0.0,0.0
2016-10-05 00:00:00+05:30,251.25160111149495,251.93119615056,246.78577762096089,248.3682403564453,8482040,0.0,0.0
2016-10-06 00:00:00+05:30,240.20351666974463,251.44576541053596,239.11618837052737,248.54298400878906,29599565,0.0,0.0
2016-10-07 00:00:00+05:30,247.75660619356827,249.4652671306663,245.84406378575005,247.32943725585938,8982320,0.0,0.0
2016-10-10 00:00:00+05:30,248.33911332106254,250.4749432073701,247.75660752764335,248.43618774414062,6132935,0.0,0.0
2016-10-13 00:00:00+05:30,246.2032735811454,249.29051564699074,239.85401697919096,243.8150177001953,12997300,0.0,0.0
2016-10-14 00:00:00+05:30,244.64993126914501,246.20327009158672,241.5723922447173,244.64022827148438,9909040,0.0,0.0
2016-10-17 00:00:00+05:30,245.5042598420175,246.0090823485919,241.20346184268595,242.81504821777344,6591605,0.0,0.0
2016-10-18 00:00:00+05:30,243.67911907836225,251.79526993882746,243.67911907836225,250.67881774902344,12869390,0.0,0.0
2016-10-19 00:00:00+05:30,252.01854400597884,254.0767052998291,247.99929583353858,250.77587890625,14327055,0.0,0.0
2016-10-20 00:00:00+05:30,252.61076226673498,257.008634638067,251.79523646224098,254.12525939941406,28955560,0.0,0.0
2016-10-21 00:00:00+05:30,255.1446337950302,256.2999275051186,251.8340895094589,255.79510498046875,13051360,0.0,0.0
2016-10-24 00:00:00+05:30,256.2999555669843,257.8435767440791,253.5913227408669,254.5136260986328,6980205,0.0,0.0
2016-10-25 00:00:00+05:30,254.35826789742995,254.74659520536625,252.1253636561904,254.05731201171875,6748985,0.0,0.0
2016-10-26 00:00:00+05:30,253.1835708414161,255.05727160195696,249.41673369687348,250.52346801757812,9314120,0.0,0.0
2016-10-27 00:00:00+05:30,252.41660218562433,252.60106284203485,241.1743532798623,243.4072723388672,24423540,0.0,0.0
2016-10-28 00:00:00+05:30,244.4557731936699,248.12552106128294,244.1256935008393,247.03819274902344,6607850,0.0,0.0
2016-11-01 00:00:00+05:30,247.26147256298475,247.26147256298475,242.14517822739654,242.60147094726562,8123990,0.0,0.0
2016-11-02 00:00:00+05:30,239.99963871139676,240.3685451876838,233.15526292002954,234.87362670898438,14708685,0.0,0.0
2016-11-03 00:00:00+05:30,235.1357718357991,245.62077218840741,231.05827581360066,234.70860290527344,9504210,0.0,0.0
2016-11-04 00:00:00+05:30,235.91242340466815,235.9900918237666,227.67976355880407,232.24267578125,10946935,0.0,0.0
2016-11-07 00:00:00+05:30,234.94161862341923,239.19387249427234,233.77662182439784,234.4270782470703,8729235,0.0,0.0
2016-11-08 00:00:00+05:30,235.9124492972926,239.9705246478617,232.25240426940158,238.13565063476562,9374000,0.0,0.0
2016-11-09 00:00:00+05:30,221.34994179782365,238.72784796961406,218.05881825574758,236.71823120117188,22095675,0.0,0.0
2016-11-10 00:00:00+05:30,240.76660727535312,254.94077637109066,238.88318870308183,250.52346801757812,23416240,0.0,0.0
2016-11-11 00:00:00+05:30,246.59160545535943,249.69828320184993,234.8736429201742,235.8930206298828,23019025,0.0,0.0
2016-11-15 00:00:00+05:30,236.49493253150533,236.49493253150533,222.72851243397307,224.73814392089844,23185210,0.0,0.0
2016-11-16 00:00:00+05:30,228.53409553254585,232.8057698686018,220.09756871665243,229.5049285888672,18857495,0.0,0.0
2016-11-17 00:00:00+05:30,230.07774202919109,234.60181302318531,226.42740008720713,227.7865753173828,12123435,0.0,0.0
2016-11-18 00:00:00+05:30,228.7671179858521,230.1942438709607,225.25270679833355,229.26223754882812,14506735,0.0,0.0
2016-11-21 00:00:00+05:30,229.50493463037765,231.33980856257688,214.69002713387036,216.01036071777344,17277555,0.0,0.0
2016-11-22 00:00:00+05:30,219.15586499172915,221.54410607479332,212.64156850154674,219.72865295410156,18976840,0.0,0.0
2016-11-23 00:00:00+05:30,222.32078021940248,222.51494387693393,217.0976933935026,218.48599243164062,12537850,0.0,0.0
2016-11-24 00:00:00+05:30,217.4860446198479,219.40829009317147,215.36962066713278,217.4375,10787270,0.0,0.0
2016-11-25 00:00:00+05:30,219.4956443973668,227.50501719408257,218.4083161035418,226.7283477783203,13887575,0.0,0.0
2016-11-28 00:00:00+05:30,220.37909755597227,228.33992543004865,220.18493391294336,223.21392822265625,15220840,0.0,0.0
2016-11-29 00:00:00+05:30,223.6605395719095,225.97111233084055,221.62178408852662,222.23341369628906,13297495,0.0,0.0
2016-11-30 00:00:00+05:30,222.9032801273657,229.27194273436407,222.54406181598137,227.9224853515625,16167775,0.0,0.0
2016-12-01 00:00:00+05:30,228.2816961624738,230.03890171575367,224.65077500974522,225.4274444580078,10222350,0.0,0.0
2016-12-02 00:00:00+05:30,224.0682853907756,225.9322831896514,221.85478707875197,223.32073974609375,12103050,0.0,0.0
2016-12-05 00:00:00+05:30,224.6507720303482,230.57285982935502,223.4954930920058,229.805908203125,8199915,0.0,0.0
2016-12-06 00:00:00+05:30,230.61167209323034,234.25229596622975,228.61175841586052,231.66989135742188,11322055,0.0,0.0
2016-12-07 00:00:00+05:30,232.70868611686473,236.88327132008914,228.12635279803288,230.71847534179688,19343400,0.0,0.0
2016-12-08 00:00:00+05:30,231.7572695285817,236.66968244750086,231.68930410371166,236.01922607421875,8945565,0.0,0.0
2016-12-09 00:00:00+05:30,236.88327667346758,237.85410977458835,233.74748990469402,236.83473205566406,10060200,0.0,0.0
2016-12-12 00:00:00+05:30,235.3299342458247,236.49494580063293,230.48548662490498,231.57281494140625,7934645,0.0,0.0
2016-12-13 00:00:00+05:30,232.0290949501584,234.90276724666467,229.1360166588771,234.2911376953125,10786580,0.0,0.0
2016-12-14 00:00:00+05:30,234.94159038654195,235.07750641653016,231.74755627495065,232.24267578125,8792235,0.0,0.0
2016-12-15 00:00:00+05:30,229.54377552045756,233.87368275618988,229.14573040285475,230.1262664794922,14376015,0.0,0.0
2016-12-16 00:00:00+05:30,230.9514788278024,232.4174314330837,227.67005830515092,229.52435302734375,14828850,0.0,0.0
2016-12-19 00:00:00+05:30,229.89328557140806,230.64083122098043,227.9613223314049,229.07778930664062,7153710,0.0,0.0
2016-12-20 00:00:00+05:30,229.21368807511234,229.80589682569342,222.07805926185955,222.728515625,10497495,0.0,0.0
2016-12-21 00:00:00+05:30,223.66053576931506,224.5634034475781,220.20437228109242,221.02957153320312,12158130,0.0,0.0
2016-12-22 00:00:00+05:30,220.7091791262788,220.7091791262788,216.49576730004114,218.6607208251953,8476115,0.0,0.0
2016-12-23 00:00:00+05:30,218.63159215932444,221.34022456865162,218.01025962186444,218.37918090820312,8115335,0.0,0.0
2016-12-26 00:00:00+05:30,217.44718554272578,217.6607700019203,211.74840019702614,213.87452697753906,10491065,0.0,0.0
2016-12-27 00:00:00+05:30,213.9133667878133,220.01019761576106,213.48619784345271,219.01995849609375,8043755,0.0,0.0
2016-12-28 00:00:00+05:30,219.19469613175733,221.1557831415936,215.62203743436996,216.11715698242188,9113155,0.0,0.0
2016-12-29 00:00:00+05:30,215.5249475151083,224.01003411509004,214.57353522797817,222.96153259277344,14143345,0.0,0.0
2016-12-30 00:00:00+05:30,222.84501794556425,225.47598210191293,222.32077460210144,224.54397583007812,8215860,0.0,0.0
2017-01-02 00:00:00+05:30,225.34975200945095,225.62158406530486,219.6606700169614,222.25279235839844,7840160,0.0,0.0
2017-01-03 00:00:00+05:30,222.32075702435375,227.6991653268991,221.43729543896035,225.7963409423828,8751180,0.0,0.0
2017-01-04 00:00:00+05:30,226.39826153779185,227.54385222597188,224.9031851770588,225.8448944091797,6142000,0.0,0.0
2017-01-05 00:00:00+05:30,227.19436739567394,236.76678240418607,226.86427288151054,234.98043823242188,18553125,0.0,0.0
2017-01-06 00:00:00+05:30,235.91242899477047,243.07718157871105,235.91242899477047,242.0772247314453,18725905,0.0,0.0
2017-01-09 00:00:00+05:30,243.64026205477538,246.1547160299223,242.18401251976942,243.91209411621094,12191130,0.0,0.0
2017-01-10 00:00:00+05:30,244.45576255537168,247.36826167680883,243.00921599211273,245.5430908203125,7624730,0.0,0.0
2017-01-11 00:00:00+05:30,247.36826672020368,256.81446824880965,247.18380606855396,255.88247680664062,20699225,0.0,0.0
2017-01-12 00:00:00+05:30,256.1057580892999,260.8628639471077,255.91160924717957,257.36785888671875,15027680,0.0,0.0
2017-01-13 00:00:00+05:30,257.9891743762524,259.008566891391,253.77576234511307,255.92129516601562,8671860,0.0,0.0
2017-01-16 00:00:00+05:30,256.00870532428223,259.34837362374884,254.6301092592507,257.9989013671875,8523630,0.0,0.0
2017-01-17 00:00:00+05:30,259.46486350912136,259.46486350912136,255.32910502675531,257.03778076171875,6981840,0.0,0.0
2017-01-18 00:00:00+05:30,258.00858149304634,262.3676120797413,257.85324466140287,261.3385314941406,10352885,0.0,0.0
2017-01-19 00:00:00+05:30,261.1443615343719,263.38698341431365,258.6978730182915,261.6394958496094,25297635,0.0,0.0
2017-01-20 00:00:00+05:30,262.90159297791655,267.69751088672166,262.5423894694695,263.8141784667969,22001130,0.0,0.0
2017-01-23 00:00:00+05:30,264.25107568995213,269.69743540360247,263.7850651151974,268.5227355957031,15537505,0.0,0.0
2017-01-24 00:00:00+05:30,270.2702184906609,274.39625882309116,261.4453202721813,263.8529968261719,30640810,0.0,0.0
2017-01-25 00:00:00+05:30,266.39657492548343,273.77491180749195,265.4645835214056,273.153564453125,23329875,0.0,0.0
2017-01-27 00:00:00+05:30,273.7749507791555,276.00785519338484,269.9304597660353,271.590576171875,13920505,0.0,0.0
2017-01-30 00:00:00+05:30,271.8235142735966,271.92060349626365,268.70714873003857,269.6973876953125,7839290,0.0,0.0
2017-01-31 00:00:00+05:30,269.503301583321,271.83329533210053,268.1538292174472,271.056640625,11578925,0.0,0.0
2017-02-01 00:00:00+05:30,272.41575896526666,275.0175844211256,268.3770899336853,274.3768310546875,17459400,0.0,0.0
2017-02-02 00:00:00+05:30,275.5224076231424,275.5224076231424,268.532427442566,269.30908203125,9416970,0.0,0.0
2017-02-03 00:00:00+05:30,269.4353074162165,272.2798412712906,268.96929686516495,271.4060974121094,8084475,0.0,0.0
2017-02-06 00:00:00+05:30,273.77494025564107,273.92055929836704,270.4741135681249,271.5323181152344,6608055,0.0,0.0
2017-02-07 00:00:00+05:30,271.05660684241866,272.8040945293393,269.3867727655387,271.2119140625,7400480,0.0,0.0
2017-02-08 00:00:00+05:30,271.8332598660884,276.3476277205125,267.47422885831315,273.8234558105469,9060940,0.0,0.0
2017-02-09 00:00:00+05:30,274.74573367227305,275.6389130510406,270.8818077413104,273.4254150390625,8521155,0.0,0.0
2017-02-10 00:00:00+05:30,274.16322294801984,275.0272785066613,272.22155702115356,274.3282775878906,7798400,0.0,0.0
2017-02-13 00:00:00+05:30,274.93990601358917,282.9589661133183,273.77489461106444,282.0949401855469,18793785,0.0,0.0
2017-02-14 00:00:00+05:30,282.84249918566195,285.774404351026,279.83291078437617,282.92987060546875,15388990,0.0,0.0
2017-02-15 00:00:00+05:30,283.03667513510624,283.56090364929264,275.49328338988386,277.84271240234375,11266445,0.0,0.0
2017-02-16 00:00:00+05:30,278.1436957455277,280.7649570852195,276.8816245093657,279.00775146484375,8392305,0.0,0.0
2017-02-17 00:00:00+05:30,280.5707790104968,283.23085234800453,278.6776425260444,279.7746887207031,8932190,0.0,0.0
2017-02-20 00:00:00+05:30,279.599950164054,279.6096679764495,276.3767769612906,277.5126647949219,6579210,0.0,0.0
2017-02-21 00:00:00+05:30,278.4349245067847,282.2794449598249,277.86213652633876,281.4930725097656,6692070,0.0,0.0
2017-02-22 00:00:00+05:30,282.0269817284723,283.20168134290583,279.8328897048025,280.9493713378906,5801400,0.0,0.0
2017-02-23 00:00:00+05:30,281.5416191307189,282.5124523001352,279.8717848942238,280.91058349609375,6372095,0.0,0.0
2017-02-27 00:00:00+05:30,279.9202830631818,280.6192840512547,275.18264261899196,276.08551025390625,6439075,0.0,0.0
2017-02-28 00:00:00+05:30,277.07576058258263,283.3861757273006,276.29910595422274,282.06585693359375,8081825,0.0,0.0
2017-03-01 00:00:00+05:30,283.42500888952395,284.74532764383235,280.1921181743139,282.4444580078125,5863515,0.0,0.0
2017-03-02 00:00:00+05:30,283.48329137443056,283.5221329977099,275.55157117899415,276.62921142578125,7519330,0.0,0.0
2017-03-03 00:00:00+05:30,276.26025626135447,279.9785635139673,275.7359981074208,278.3863830566406,6324110,0.0,0.0
2017-03-06 00:00:00+05:30,280.580486021721,284.4152590218065,279.05627093157864,283.7745056152344,6495315,0.0,0.0
2017-03-07 00:00:00+05:30,284.4540930893557,284.4540930893557,279.42518483406946,281.1921081542969,7445505,0.0,0.0
2017-03-08 00:00:00+05:30,281.54158313460186,287.67725509143924,281.15325584197984,286.2889709472656,13481850,0.0,0.0
2017-03-09 00:00:00+05:30,286.7840881934067,287.1336035112805,283.87158893018153,284.50262451171875,5479040,0.0,0.0
2017-03-10 00:00:00+05:30,285.4249123032908,288.23063399575847,284.4734852630562,287.6286926269531,8345885,0.0,0.0
2017-03-14 00:00:00+05:30,295.65752829997274,298.8224241420393,294.01681794787663,297.41473388671875,16745770,0.0,0.0
2017-03-15 00:00:00+05:30,296.3953075761775,298.2399140063297,295.0749888971974,296.89044189453125,8129185,0.0,0.0
2017-03-16 00:00:00+05:30,299.01659118079033,300.07479569168515,294.8420207523081,296.6768798828125,10198655,0.0,0.0
2017-03-17 00:00:00+05:30,299.01660576069656,299.01660576069656,291.92953572190424,292.7838439941406,17495735,0.0,0.0
2017-03-20 00:00:00+05:30,294.89051963337835,295.90988241815944,292.6284918110435,294.3080139160156,6081850,0.0,0.0
2017-03-21 00:00:00+05:30,295.5215989568238,295.55072276563567,285.16282604724336,288.2889099121094,12168835,0.0,0.0
2017-03-22 00:00:00+05:30,286.3957748037915,286.78410213226755,283.512399207956,285.5899963378906,10002040,0.0,0.0
2017-03-23 00:00:00+05:30,286.2015460808137,295.42445924347356,283.87155289153065,294.86138916015625,20748350,0.0,0.0
2017-03-24 00:00:00+05:30,298.82239011324896,299.9388717822797,296.01669810668,296.89044189453125,16829935,0.0,0.0
2017-03-27 00:00:00+05:30,296.8904643473264,299.40491849059515,295.13325882779304,296.6768798828125,7944450,0.0,0.0
2017-03-28 00:00:00+05:30,297.90982503487413,298.9194997348761,296.2982681924812,298.0166320800781,8336700,0.0,0.0
2017-03-29 00:00:00+05:30,298.33698144203714,301.9290755422428,296.50212240210186,299.9776916503906,7800535,0.0,0.0
2017-03-30 00:00:00+05:30,299.0165846618765,302.4145003966705,298.7544703996544,301.3757019042969,9487205,0.0,0.0
2017-03-31 00:00:00+05:30,301.7348996164676,301.9290780771529,297.85156742254924,300.32720947265625,8166155,0.0,0.0
2017-04-03 00:00:00+05:30,300.6087565968741,302.142659763323,298.04574315119464,298.79327392578125,4339220,0.0,0.0
2017-04-05 00:00:00+05:30,301.92911822792064,304.8416177606659,298.2982116245577,304.356201171875,9783590,0.0,0.0
2017-04-06 00:00:00+05:30,304.39502308981866,305.88039657026474,302.07471772441295,303.8222351074219,16374930,0.0,0.0
2017-04-07 00:00:00+05:30,302.1426700826567,305.9871607550069,300.88059893908684,302.23004150390625,7763240,0.0,0.0
2017-04-10 00:00:00+05:30,303.2882445880203,311.6374149002508,302.7251744445383,310.58892822265625,11888320,0.0,0.0
2017-04-11 00:00:00+05:30,311.2490844827178,315.2295059480897,309.7733992722046,313.5305480957031,13096210,0.0,0.0
2017-04-12 00:00:00+05:30,313.9674105163983,317.4624155117472,311.33646117895086,316.77313232421875,9419810,0.0,0.0
2017-04-13 00:00:00+05:30,315.7149342085427,318.035209898303,313.2101682331393,313.8509216308594,5963665,0.0,0.0
2017-04-17 00:00:00+05:30,314.27807022159914,315.69547815225445,311.113145057319,312.7247314453125,5512460,0.0,0.0
2017-04-18 00:00:00+05:30,313.384909169881,316.0935417829476,310.26854325096116,311.8121643066406,5196760,0.0,0.0
2017-04-19 00:00:00+05:30,310.7248051658545,314.35571107650526,309.1617782693347,311.7247619628906,16480495,0.0,0.0
2017-04-20 00:00:00+05:30,295.24974662868834,305.80269729202115,295.24974662868834,300.01654052734375,39365810,0.0,0.0
2017-04-21 00:00:00+05:30,302.31740522168786,303.4435751126646,295.90990117939356,299.8223571777344,15381650,0.0,0.0
2017-04-24 00:00:00+05:30,300.76410159201976,305.45324235361255,299.63796119682075,301.7931823730469,9259060,0.0,0.0
2017-04-25 00:00:00+05:30,302.8999332394321,304.259093681037,301.5407727978272,302.3077392578125,6576035,0.0,0.0
2017-04-26 00:00:00+05:30,302.89992740248164,308.1230142243691,302.46304065619955,307.1813049316406,9858260,0.0,0.0
2017-04-27 00:00:00+05:30,307.75408702619274,320.74383840510745,305.6085542104411,318.8992614746094,21107455,0.0,0.0
2017-04-28 00:00:00+05:30,318.3458956457733,319.33613477382625,314.89942025310893,316.5401306152344,6679805,0.0,0.0
2017-05-02 00:00:00+05:30,316.8799190123571,320.7244098059836,315.23920869747474,317.24884033203125,8228195,0.0,0.0
2017-05-03 00:00:00+05:30,317.9866648188004,318.71478960475736,313.695569710806,317.0643615722656,4906685,0.0,0.0
2017-05-04 00:00:00+05:30,316.98673836722764,318.4332702666098,314.5693436993125,315.8799743652344,5059810,0.0,0.0
2017-05-05 00:00:00+05:30,315.71492548553215,316.6857585532891,311.51120171075934,312.36553955078125,4888600,0.0,0.0
2017-05-08 00:00:00+05:30,313.3849234844059,317.26825601644305,312.423808163519,313.6664733886719,4212900,0.0,0.0
2017-05-09 00:00:00+05:30,313.78295745777604,313.88976450489366,309.14237643223305,311.1520080566406,4889665,0.0,0.0
2017-05-10 00:00:00+05:30,311.8315811636391,313.5693509559858,307.5793277507982,310.35589599609375,9752185,0.0,0.0
2017-05-11 00:00:00+05:30,312.2199321651665,312.2199321651665,305.8124277534095,306.2590026855469,8346570,0.0,0.0
2017-05-12 00:00:00+05:30,306.9774343162571,309.07440771443044,285.2793088711584,287.968505859375,51398635,0.0,0.0
2017-05-15 00:00:00+05:30,290.6479780367633,292.4149011450829,282.23084318733015,285.82293701171875,30387720,0.0,0.0
2017-05-16 00:00:00+05:30,286.68700946543777,291.24993699603255,285.05601692885415,288.0267639160156,13899055,0.0,0.0
2017-05-17 00:00:00+05:30,288.13355520557417,288.13355520557417,281.74545701215686,282.4444580078125,17047740,0.0,0.0
2017-05-18 00:00:00+05:30,279.2115837211395,280.3571595792486,270.4740865022215,272.0565490722656,24997430,0.0,0.0
2017-05-19 00:00:00+05:30,274.30888128872175,282.5124328566842,272.8526316348213,277.67767333984375,29884735,0.0,0.0
2017-05-22 00:00:00+05:30,280.33777973735533,281.64838074048083,271.4449448496365,272.9594421386719,12638575,0.0,0.0
2017-05-23 00:00:00+05:30,273.969100262466,275.3282606154123,267.2217986720727,272.44488525390625,14373025,0.0,0.0
2017-05-24 00:00:00+05:30,273.39628740524586,280.37657956875387,271.45462125967975,276.6971435546875,14895365,0.0,0.0
2017-05-25 00:00:00+05:30,278.4349138048152,285.4249237894234,277.7747544250117,284.3084716796875,19542615,0.0,0.0
2017-05-26 00:00:00+05:30,285.38608817283114,291.24992835949524,282.5221483204477,290.00726318359375,12482845,0.0,0.0
2017-05-29 00:00:00+05:30,292.35614700901226,292.3757101818689,280.52371284908025,281.5317687988281,10137385,2.4,0.0
2017-05-30 00:00:00+05:30,281.08154603893837,285.9750267856648,280.3083677180735,281.5415344238281,8310575,0.0,0.0
2017-05-31 00:00:00+05:30,282.25598392896416,283.5087138961083,275.8455356337028,280.1713562011719,11974010,0.0,0.0
2017-06-01 00:00:00+05:30,279.90711701111957,283.821901864422,278.1552424263841,282.7649230957031,10535155,0.0,0.0
2017-06-02 00:00:00+05:30,285.13334363756195,291.1621157357115,282.90191752510844,290.03662109375,13008640,0.0,0.0
2017-06-05 00:00:00+05:30,290.2812941436215,298.75680668102945,290.03662009762513,298.218505859375,16429705,0.0,0.0
2017-06-06 00:00:00+05:30,298.50235722777654,299.96060508747263,293.37399841855864,294.81268310546875,8410250,0.0,0.0
2017-06-07 00:00:00+05:30,297.51385672281975,297.5530129348134,289.90939778530947,292.385498046875,9245400,0.0,0.0
2017-06-08 00:00:00+05:30,293.4131086274384,293.94161293798675,287.21797482702954,288.95025634765625,9557160,0.0,0.0
2017-06-09 00:00:00+05:30,289.6353611738575,293.4033475870295,288.7545405510553,291.4165954589844,10083805,0.0,0.0
2017-06-12 00:00:00+05:30,289.8898313952666,294.45052948271444,287.8247668465218,290.39874267578125,8054565,0.0,0.0
2017-06-13 00:00:00+05:30,291.3578471467347,295.7521831721145,291.1620959755753,292.405029296875,7061315,0.0,0.0
2017-06-14 00:00:00+05:30,292.8356949114701,293.5599504421536,282.843214619458,283.62615966796875,17689740,0.0,0.0
2017-06-15 00:00:00+05:30,283.62613244633474,283.82188362339434,280.1028501987519,283.06829833984375,13899395,0.0,0.0
2017-06-16 00:00:00+05:30,283.6261329378378,285.45631983095143,281.2772681462334,282.5495910644531,14628365,0.0,0.0
2017-06-19 00:00:00+05:30,284.6048229228481,284.9473725421551,279.04583606744046,280.0930480957031,14848970,0.0,0.0
2017-06-20 00:00:00+05:30,280.4943423324278,284.87888227828626,279.1535332912188,283.2444763183594,9913855,0.0,0.0
2017-06-21 00:00:00+05:30,281.47302345724523,282.87255180714726,279.24159739233573,280.43560791015625,9528905,0.0,0.0
2017-06-22 00:00:00+05:30,281.6491995652574,287.7366913038667,281.34580612368586,284.21337890625,15429910,0.0,0.0
2017-06-23 00:00:00+05:30,284.5461432512155,285.44655695897586,280.14201004752977,280.964111328125,6802620,0.0,0.0
2017-06-27 00:00:00+05:30,284.8006029350558,284.87888549178416,275.0234371547626,277.06890869140625,10131580,0.0,0.0
2017-06-28 00:00:00+05:30,276.8535906899715,285.5933407410554,274.32853772392446,283.76318359375,13617320,0.0,0.0
2017-06-29 00:00:00+05:30,285.7597416035859,287.7366972747602,280.6607126405212,281.5709228515625,13099315,0.0,0.0
2017-06-30 00:00:00+05:30,281.47302945732065,287.1200957060923,278.92841339670537,286.4643859863281,10461845,0.0,0.0
2017-07-03 00:00:00+05:30,287.69754602341965,292.8259347677059,284.2133897054559,292.18975830078125,10883920,0.0,0.0
2017-07-04 00:00:00+05:30,295.135642720189,295.95774399712576,289.69409388657954,290.6825866699219,10966170,0.0,0.0
2017-07-05 00:00:00+05:30,291.4752972579309,295.50752065444743,291.06423172945574,294.77349853515625,9132875,0.0,0.0
2017-07-06 00:00:00+05:30,293.80462096263165,297.3279035059104,292.6301735365796,294.401611328125,7192995,0.0,0.0
2017-07-07 00:00:00+05:30,294.1275576381579,296.5840945729395,293.1390649527001,294.7343444824219,6158365,0.0,0.0
2017-07-10 00:00:00+05:30,296.01644185099167,297.9151148527484,293.78501572806823,296.1338806152344,1561380,0.0,0.0
2017-07-11 00:00:00+05:30,296.5938468888753,300.06823603146904,295.17475543691614,296.5057678222656,9910100,0.0,0.0
2017-07-12 00:00:00+05:30,296.7406982355516,298.0521475526025,294.58755465983353,296.6330261230469,8068060,0.0,0.0
2017-07-13 00:00:00+05:30,297.1321849179982,310.8339323001561,297.1321849179982,309.65948486328125,20791405,0.0,0.0
2017-07-14 00:00:00+05:30,311.58750802309544,312.1747317233825,304.21792674646025,306.2536315917969,10366505,0.0,0.0
2017-07-17 00:00:00+05:30,307.2518773750971,308.2697297527119,302.1039259737739,302.89666748046875,5489385,0.0,0.0
2017-07-18 00:00:00+05:30,303.3370938847308,308.7688456913829,302.4366802649799,304.9225769042969,7161790,0.0,0.0
2017-07-19 00:00:00+05:30,305.54896491989524,308.5828992393213,303.61113569584836,307.3399658203125,10549830,0.0,0.0
2017-07-20 00:00:00+05:30,307.70206184676044,309.0722304755263,305.58807459062064,307.623779296875,8239275,0.0,0.0
2017-07-21 00:00:00+05:30,307.7020824200351,309.5518325931221,306.3319136996584,308.8080139160156,5325410,0.0,0.0
2017-07-24 00:00:00+05:30,308.87653025064526,316.9018212626054,308.671012409161,311.8615417480469,12576130,0.0,0.0
2017-07-25 00:00:00+05:30,312.53686185694124,317.82181571742836,310.4620305527636,316.6767578125,12826760,0.0,0.0
2017-07-26 00:00:00+05:30,318.01756359300646,337.4544568872865,314.21042082344155,335.0958251953125,42745710,0.0,0.0
2017-07-27 00:00:00+05:30,342.00540755660364,351.93916826057404,340.97775860054145,349.5609436035156,59043405,0.0,0.0
2017-07-28 00:00:00+05:30,345.4797527874826,364.2707314583092,345.4797527874826,360.5223083496094,42766660,0.0,0.0
2017-07-31 00:00:00+05:30,362.1176003620621,363.68352028306134,352.9472215857373,354.1901550292969,21767735,0.0,0.0
2017-08-01 00:00:00+05:30,355.99095871599735,359.7687417115622,354.12164532434286,357.66455078125,14552820,0.0,0.0
2017-08-02 00:00:00+05:30,358.2028312771649,360.7376510073012,354.8850366183087,358.007080078125,10065875,0.0,0.0
2017-08-03 00:00:00+05:30,356.63690259726934,357.9875081823923,346.9086596173327,349.4826354980469,14988025,0.0,0.0
2017-08-04 00:00:00+05:30,346.4584488218462,355.31563733204,345.1959223827486,353.8867492675781,14304925,0.0,0.0
2017-08-07 00:00:00+05:30,354.28805229656706,355.65822111096634,351.1072893961145,352.3013000488281,6655985,0.0,0.0
2017-08-08 00:00:00+05:30,352.13487521516197,352.72209889931446,343.32660955518634,345.1959228515625,11647730,0.0,0.0
2017-08-09 00:00:00+05:30,343.718125375183,347.32951682650884,339.8033404842011,340.8896789550781,9912435,0.0,0.0
2017-08-10 00:00:00+05:30,340.889660088932,341.40836786358227,334.7336528256774,338.6484375,10660635,0.0,0.0
2017-08-11 00:00:00+05:30,334.12687937382924,343.97256083503174,333.1775428575532,340.4688415527344,15510645,0.0,0.0
2017-08-14 00:00:00+05:30,342.93514559085355,349.59029773117226,342.58282929205495,348.12225341796875,9926005,0.0,0.0
2017-08-16 00:00:00+05:30,349.20860339714034,350.1775031182479,339.020371943207,344.8631896972656,18723055,0.0,0.0
2017-08-17 00:00:00+05:30,348.22011415114616,348.22011415114616,338.4918710270255,340.2143859863281,9567955,0.0,0.0
2017-08-18 00:00:00+05:30,339.58799460132605,340.05774962948254,334.3813240113969,336.8182678222656,8394525,0.0,0.0
2017-08-21 00:00:00+05:30,336.86726805366925,343.1309182076735,334.7336874859879,336.02557373046875,7164610,0.0,0.0
2017-08-22 00:00:00+05:30,339.0203650140203,339.0203650140203,330.016377700404,335.28173828125,13768740,0.0,0.0
2017-08-23 00:00:00+05:30,336.4170305569423,338.2374210650657,332.2869312960224,337.3076477050781,11216740,0.0,0.0
2017-08-24 00:00:00+05:30,338.19827932966314,340.3807827553802,335.5753805046577,336.5638732910156,8865265,0.0,0.0
2017-08-28 00:00:00+05:30,337.2587088872646,344.07042592275684,335.02728279628764,343.19940185546875,9749985,0.0,0.0
2017-08-29 00:00:00+05:30,342.9351402682086,343.1994073556439,335.89831224674225,336.9748840332031,8813485,0.0,0.0
2017-08-30 00:00:00+05:30,338.9322854378087,345.4797655366663,338.8344098423559,342.9547424316406,9864255,0.0,0.0
2017-08-31 00:00:00+05:30,342.543665180348,347.3197073479383,341.5747655135607,343.1406555175781,12833805,0.0,0.0
2017-09-01 00:00:00+05:30,343.199406163215,348.41584371537095,343.199406163215,347.7209777832031,7997070,0.0,0.0
2017-09-04 00:00:00+05:30,346.55631876646066,348.3473196106997,340.00883901873476,345.3035888671875,8600510,0.0,0.0
2017-09-05 00:00:00+05:30,345.8712367368097,349.94261657917855,345.47976422392463,348.07330322265625,8064790,0.0,0.0
2017-09-06 00:00:00+05:30,346.4584601071496,353.27017740061086,344.9512595731793,351.14642333984375,9434255,0.0,0.0
2017-09-07 00:00:00+05:30,352.6829437324777,356.0496610063128,350.84301998893113,352.33062744140625,8895275,0.0,0.0
2017-09-08 00:00:00+05:30,353.7008025461881,353.83783435127094,348.4647718754668,350.177490234375,5402980,0.0,0.0
2017-09-11 00:00:00+05:30,351.59660183072333,365.2004727269563,351.20512933313967,360.56146240234375,16706180,0.0,0.0
2017-09-12 00:00:00+05:30,363.0767388951907,363.8498874139054,356.6369009629439,362.264404296875,10676065,0.0,0.0
2017-09-13 00:00:00+05:30,362.5090630909969,364.46645547255457,358.71171709198495,359.9644470214844,6871880,0.0,0.0
2017-09-14 00:00:00+05:30,361.21718290346143,365.24943636456504,360.19936035283376,362.4209899902344,6350920,0.0,0.0
2017-09-15 00:00:00+05:30,357.8896066832772,363.87922243820793,357.6742923321388,361.148681640625,8160390,0.0,0.0
2017-09-18 00:00:00+05:30,362.5286644760936,366.4238562899084,362.3133501144678,363.9085998535156,7120825,0.0,0.0
2017-09-19 00:00:00+05:30,364.34903063857917,366.4238618635672,361.5597404147293,365.3472900390625,5622390,0.0,0.0
2017-09-20 00:00:00+05:30,365.0536865750003,369.16422260673426,364.2707415534501,368.00933837890625,6049650,0.0,0.0
2017-09-21 00:00:00+05:30,367.30467664745487,374.7427738368169,365.3962369533184,369.01739501953125,7307710,0.0,5.0
2017-09-22 00:00:00+05:30,368.7727034676561,368.7727034676561,351.79234887847423,352.9667663574219,12176561,0.0,0.0
2017-09-25 00:00:00+05:30,353.30934724717616,355.95183907661004,341.5649922140291,351.9391784667969,9426506,0.0,0.0
2017-09-26 00:00:00+05:30,353.30934080677736,355.266733276621,348.1222627086672,353.0646667480469,6184763,0.0,0.0
2017-09-27 00:00:00+05:30,357.12626563398476,357.12626563398476,343.27771928287495,345.675537109375,8301438,0.0,0.0
2017-09-28 00:00:00+05:30,345.96912143821663,347.8775910564921,339.90119279274893,343.3266296386719,11672921,0.0,0.0
2017-09-29 00:00:00+05:30,346.1648585481888,346.36057986810005,337.7480652386243,342.5436706542969,10421179,0.0,0.0
2017-10-03 00:00:00+05:30,347.33927540598177,347.33927540598177,340.0969294994804,343.5712890625,8078173,0.0,0.0
2017-10-04 00:00:00+05:30,345.1861887273011,349.883918908325,343.57131597684906,348.2201232910156,7252399,0.0,0.0
2017-10-05 00:00:00+05:30,349.6881376902695,359.67085080237155,349.3945407794467,351.7923583984375,10552658,0.0,0.0
2017-10-06 00:00:00+05:30,352.9178774449241,358.98577633844513,352.9178774449241,358.007080078125,4977073,0.0,0.0
2017-10-09 00:00:00+05:30,360.06232449823653,364.71113142876305,355.4135175677101,362.9984130859375,5402776,0.0,0.0
2017-10-10 00:00:00+05:30,364.07498993181787,366.03238235080613,363.0962937223237,364.955810546875,5475930,0.0,0.0
2017-10-11 00:00:00+05:30,366.2281331133621,367.0110781330708,354.28802742445765,355.2667236328125,7532154,0.0,0.0
2017-10-12 00:00:00+05:30,355.3646111779961,359.81766712879113,351.3519506153084,357.6156005859375,7573094,0.0,0.0
2017-10-13 00:00:00+05:30,358.20281715951273,365.10261357585586,358.15389429540073,361.8240051269531,5848807,0.0,0.0
2017-10-16 00:00:00+05:30,366.03238183008193,366.2281330186775,357.9581381132419,359.8666076660156,5086334,0.0,0.0
2017-10-17 00:00:00+05:30,361.138893749807,367.8918914805842,360.16019756078316,365.5919494628906,6984827,0.0,0.0
2017-10-18 00:00:00+05:30,358.20281676240324,360.16020920372785,351.3519432177671,354.67950439453125,12849346,0.0,0.0
2017-10-19 00:00:00+05:30,356.63689116145935,357.5177117725531,347.437152807097,350.177490234375,1935015,0.0,0.0
2017-10-23 00:00:00+05:30,350.3732254165986,356.78367332012317,343.52235229392767,346.3605651855469,9451524,0.0,0.0
2017-10-24 00:00:00+05:30,348.1222698579071,355.65821310110437,337.25873545368734,340.19482421875,12420114,0.0,0.0
2017-10-25 00:00:00+05:30,348.41585722888993,348.41585722888993,306.18512095679733,319.935791015625,33427154,0.0,0.0
2017-10-26 00:00:00+05:30,324.8292649807635,331.43546437498225,311.22539368319326,324.1441955566406,26581626,0.0,0.0
2017-10-27 00:00:00+05:30,300.4597441274159,306.8212696545436,292.18974899517434,300.5086669921875,80906668,0.0,0.0
2017-10-30 00:00:00+05:30,304.86384851999196,310.68710251734825,301.5362876075467,308.1424865722656,23574790,0.0,0.0
2017-10-31 00:00:00+05:30,310.73602984420063,312.44874811893243,304.66810172389046,307.5552673339844,11811133,0.0,0.0
2017-11-01 00:00:00+05:30,310.2466901158079,313.6721267574651,309.7084191619509,312.0083312988281,9265421,0.0,0.0
2017-11-02 00:00:00+05:30,314.1614704091403,316.99968332719965,311.4211330815181,313.6231994628906,9244908,0.0,0.0
2017-11-03 00:00:00+05:30,315.5805755460914,321.0123270600418,314.8465534567773,319.0060119628906,12865964,0.0,0.0
2017-11-06 00:00:00+05:30,320.033663662772,321.9910561010764,311.02964649959637,312.8402404785156,9427134,0.0,0.0
2017-11-07 00:00:00+05:30,316.1188869631692,316.1188869631692,298.9917026849789,305.05963134765625,30444032,0.0,0.0
2017-11-08 00:00:00+05:30,306.52764863870823,306.9680439893552,295.4194412716987,297.327880859375,25323557,0.0,0.0
2017-11-09 00:00:00+05:30,299.43211301390323,302.2213732776284,295.5662510940099,298.1597900390625,15467103,0.0,0.0
2017-11-10 00:00:00+05:30,298.50234414756034,303.2979496046401,295.56625551660073,297.57257080078125,11561127,0.0,0.0
2017-11-13 00:00:00+05:30,300.2150496871383,301.3894970363121,296.59386191671643,297.2789611816406,6538482,0.0,0.0
2017-11-14 00:00:00+05:30,298.50234033672524,299.823586177277,295.56625174324927,296.1045227050781,9724235,0.0,0.0
2017-11-15 00:00:00+05:30,296.3491993417397,299.28528796084845,289.3026045763413,294.53863525390625,13048729,0.0,0.0
2017-11-16 00:00:00+05:30,296.4470845050072,297.47473347532997,291.16213079350365,294.88116455078125,9008654,0.0,0.0
2017-11-17 00:00:00+05:30,301.43843529869787,307.7020851236247,298.600222238529,299.57891845703125,18464900,0.0,0.0
2017-11-20 00:00:00+05:30,302.8575295409639,307.310584987923,301.63415937779547,306.6744384765625,9652806,0.0,0.0
2017-11-21 00:00:00+05:30,309.26800805906436,311.22540051513437,304.08092999745423,305.6468200683594,9635431,0.0,0.0
2017-11-22 00:00:00+05:30,308.87653241397646,309.0722537371386,300.4597389646073,303.1511535644531,6979712,0.0,0.0
2017-11-23 00:00:00+05:30,303.3958363209547,309.6105634577911,300.6065460458065,306.57659912109375,7091441,0.0,0.0
2017-11-24 00:00:00+05:30,308.2892983657083,309.2190716887068,305.4021326721339,306.3808288574219,7331839,0.0,0.0
2017-11-27 00:00:00+05:30,305.35323057565273,309.2680155830329,302.9064899460401,308.5829162597656,5301460,0.0,0.0
2017-11-28 00:00:00+05:30,307.79995853484627,310.1488234690967,306.9680607815347,308.289306640625,5342555,0.0,0.0
2017-11-29 00:00:00+05:30,308.2893073289882,309.268003542731,304.325599610305,306.2340393066406,5457734,0.0,0.0
2017-11-30 00:00:00+05:30,304.37450717192934,305.30428047521696,298.5023301846895,300.3618469238281,9124083,0.0,0.0
2017-12-01 00:00:00+05:30,301.2427013038586,303.2979694535219,298.6002392835258,300.3129577636719,6121307,0.0,0.0
2017-12-04 00:00:00+05:30,301.24267064868604,301.6341730125455,295.22369514730883,296.7406921386719,6436175,0.0,0.0
2017-12-05 00:00:00+05:30,295.7130569927655,303.39582829567587,294.19608979826245,302.12353515625,7558058,0.0,0.0
2017-12-06 00:00:00+05:30,300.2639980656177,303.29796241928494,298.11088423240557,299.9214782714844,6114939,0.0,0.0
2017-12-07 00:00:00+05:30,300.0193005150871,305.30428375431524,300.0193005150871,303.8851623535156,5794382,0.0,0.0
2017-12-08 00:00:00+05:30,305.3532307544566,308.77866763792,304.37453450203844,306.038330078125,8434605,0.0,0.0
2017-12-11 00:00:00+05:30,306.8212476968582,309.07223692915875,303.983034792129,304.96173095703125,4416465,0.0,0.0
2017-12-12 00:00:00+05:30,305.3532091502605,305.3532091502605,299.3831564594122,300.26397705078125,5457103,0.0,0.0
2017-12-13 00:00:00+05:30,299.8235629615527,300.8022590835963,294.6364555942602,295.4683532714844,6911856,0.0,0.0
2017-12-14 00:00:00+05:30,297.42578125,298.15980342972233,295.32159030828376,297.42578125,4904177,0.0,0.0
2017-12-15 00:00:00+05:30,300.4597449565088,310.6871325868574,300.4597449565088,309.1701354980469,20571225,0.0,0.0
2017-12-18 00:00:00+05:30,309.1701389680923,311.2254070636989,298.79595275914784,304.5213317871094,13690080,0.0,0.0
2017-12-19 00:00:00+05:30,307.3105881189326,307.70206060164793,302.9553783467059,305.5978698730469,6290291,0.0,0.0
2017-12-20 00:00:00+05:30,305.7447007983204,306.7233970427884,303.39583578508496,305.05963134765625,6605913,0.0,0.0
2017-12-21 00:00:00+05:30,304.5702648147621,307.26167932435857,302.8085937607457,303.83624267578125,7130623,0.0,0.0
2017-12-22 00:00:00+05:30,303.8851521623301,306.8212405890193,302.123511053291,303.5426025390625,7895699,0.0,0.0
2017-12-26 00:00:00+05:30,303.885174928112,311.12752094969045,303.59157801042244,308.7786560058594,9269961,0.0,0.0
2017-12-27 00:00:00+05:30,309.90414046634623,312.15515960838326,306.67445500845315,308.43609619140625,8912485,0.0,0.0
2017-12-28 00:00:00+05:30,307.3106066446745,309.2679990436852,305.1574630587877,306.8212585449219,7927990,0.0,0.0
2017-12-29 00:00:00+05:30,306.8212534624597,309.07224273705947,306.1361541871795,308.43609619140625,4718184,0.0,0.0
2018-01-01 00:00:00+05:30,308.77864261603,310.98070900552625,304.6681067419956,305.9404296875,4019878,0.0,0.0
2018-01-02 00:00:00+05:30,306.72336890546813,307.3105925717677,300.6065179386734,305.0106506347656,5224976,0.0,0.0
2018-01-03 00:00:00+05:30,305.35322929304823,309.7573624078518,304.5213315089864,309.1212158203125,5672263,0.0,0.0
2018-01-04 00:00:00+05:30,309.26800217078045,311.6168670998557,306.33191354257684,310.3445739746094,5667580,0.0,0.0
2018-01-05 00:00:00+05:30,310.7360406952378,330.7014370215388,310.6871178326545,325.759033203125,30720675,0.0,0.0
2018-01-08 00:00:00+05:30,328.8419067814247,334.0289844354667,324.2420229241148,326.4930419921875,12747890,0.0,0.0
2018-01-09 00:00:00+05:30,327.76536962426906,335.49706406052223,320.57194618095883,334.0779724121094,13282560,0.0,0.0
2018-01-10 00:00:00+05:30,334.2247390244038,335.0566367348479,328.3036391965683,332.5609436035156,10385044,0.0,0.0
2018-01-11 00:00:00+05:30,331.77801629780106,336.9161714174573,328.15682836173477,335.839599609375,8266126,0.0,0.0
2018-01-12 00:00:00+05:30,336.76935184006516,337.3565755046886,330.3588741247005,333.63751220703125,5688676,0.0,0.0
2018-01-15 00:00:00+05:30,334.6162204771148,336.3778915347842,327.9610983501965,328.8419189453125,7142164,0.0,0.0
2018-01-16 00:00:00+05:30,328.8419253278578,331.5333398952733,321.0123556771945,327.7164306640625,7296505,0.0,0.0
2018-01-17 00:00:00+05:30,327.96109025842276,336.18213205573056,324.3399025076455,335.1055603027344,7985222,0.0,0.0
2018-01-18 00:00:00+05:30,342.5436668782862,349.29666462325633,325.26968507919725,333.93115234375,35465087,0.0,0.0
2018-01-19 00:00:00+05:30,340.0969377508681,344.74574481364976,331.8758954449103,341.90753173828125,21425789,0.0,0.0
2018-01-22 00:00:00+05:30,342.49474020398446,350.6179065525752,341.3202928407832,347.7796936035156,13456538,0.0,0.0
2018-01-23 00:00:00+05:30,352.1838245268514,352.7220954760955,344.79465048556693,351.89019775390625,10196645,0.0,0.0
2018-01-24 00:00:00+05:30,349.39453265188564,358.496395084918,348.4158364819924,357.0283508300781,11258771,0.0,0.0
2018-01-25 00:00:00+05:30,356.73475836467304,356.73475836467304,348.0732911798623,353.89654541015625,8963188,0.0,0.0
2018-01-29 00:00:00+05:30,353.50506968145885,355.9518101142834,347.97541240932594,350.37322998046875,7931235,0.0,0.0
2018-01-30 00:00:00+05:30,350.3732273398458,353.1135646569816,344.3542518939475,345.8222961425781,7890491,0.0,0.0
2018-01-31 00:00:00+05:30,345.47974589465804,348.95410532991013,342.9840826234135,346.84991455078125,8527044,0.0,0.0
2018-02-01 00:00:00+05:30,347.4371521460285,359.42618063557455,345.1372100949546,352.2327575683594,15217926,0.0,0.0
2018-02-02 00:00:00+05:30,346.6542318186806,348.41587316297813,334.5183741404002,341.6139221191406,16298953,0.0,0.0
2018-02-05 00:00:00+05:30,332.75671690905614,341.5649829448841,326.49306703484393,336.280029296875,13407059,0.0,0.0
2018-02-06 00:00:00+05:30,318.0762822337696,335.59493918946475,317.0975859807426,331.5333557128906,12557261,0.0,0.0
2018-02-07 00:00:00+05:30,336.6715180052339,336.6715180052339,323.5569939168901,325.8079833984375,11681640,0.0,0.0
2018-02-08 00:00:00+05:30,325.8079825901635,333.0992817549202,324.4378137844712,327.8632507324219,7785799,0.0,0.0
2018-02-09 00:00:00+05:30,322.96974245994096,324.3888638813611,317.09756532430566,318.6145324707031,9395513,0.0,0.0
2018-02-12 00:00:00+05:30,319.6421850887453,330.01637078857004,319.6421850887453,328.25469970703125,12049356,0.0,0.0
2018-02-14 00:00:00+05:30,328.84195095677154,330.65254505308707,312.1551912852567,313.5253601074219,13548524,0.0,0.0
2018-02-15 00:00:00+05:30,314.35722859106045,321.7952957509556,310.9317919215265,312.9870300292969,15482667,0.0,0.0
2018-02-16 00:00:00+05:30,317.0975765831704,318.07627280719254,303.05327979496514,305.157470703125,18611798,0.0,0.0
2018-02-19 00:00:00+05:30,307.1638011662523,308.2892957964663,300.99799732986077,305.4021301269531,9311433,0.0,0.0
2018-02-20 00:00:00+05:30,307.6531628275061,309.36588121304624,300.9490877449043,302.12353515625,11389041,0.0,0.0
2018-02-21 00:00:00+05:30,304.3745243933001,307.21273745756343,298.01299896385814,305.6957702636719,13342678,0.0,0.0
2018-02-22 00:00:00+05:30,305.2553392511777,310.14882025830605,301.5852284958315,309.3658752441406,14787238,0.0,0.0
2018-02-23 00:00:00+05:30,309.7084223015337,319.0549590001142,309.7084223015337,316.5592956542969,11399732,0.0,0.0
2018-02-26 00:00:00+05:30,319.54433189427095,321.2081274988894,312.54665954296865,319.2017822265625,9225197,0.0,0.0
2018-02-27 00:00:00+05:30,318.3698565265986,327.1291993153764,318.07625961854103,320.1804504394531,15104405,0.0,0.0
2018-02-28 00:00:00+05:30,316.1188761501378,318.2720197612935,311.2743179587564,315.43377685546875,10985771,0.0,0.0
2018-03-01 00:00:00+05:30,315.2380370653921,319.0549460911548,311.56792648919014,314.21038818359375,7333939,0.0,0.0
2018-03-05 00:00:00+05:30,311.7147414962789,312.20408959909884,304.5213184113387,306.2829895019531,7973146,0.0,0.0
2018-03-06 00:00:00+05:30,310.2467133354731,313.6721502334988,303.24904107442273,305.5000305175781,8299126,0.0,0.0
2018-03-07 00:00:00+05:30,305.35321363438663,308.1914266337828,301.4384288442022,305.3042907714844,8420190,0.0,0.0
2018-03-08 00:00:00+05:30,305.64682601442036,306.5765993961169,288.4217959598588,301.9767150878906,24027679,0.0,0.0
2018-03-09 00:00:00+05:30,303.3958421221275,304.32561552076794,294.88117267043384,296.7896423339844,11596136,0.0,0.0
2018-03-12 00:00:00+05:30,298.6981070282364,307.79997019350094,294.9301204975308,304.5213317871094,12860205,0.0,0.0
2018-03-13 00:00:00+05:30,303.395801686467,308.6807548391312,303.2000505125982,306.1361389160156,11436348,0.0,0.0
2018-03-14 00:00:00+05:30,305.15748538004414,315.0423236915786,301.6342026980587,312.05731201171875,12905495,0.0,0.0
2018-03-15 00:00:00+05:30,312.15517000473625,314.1614853003332,304.2277246825486,305.2064208984375,9999620,0.0,0.0
2018-03-16 00:00:00+05:30,305.7446911997692,310.09990129790003,303.3958262602741,306.2340393066406,17094363,0.0,0.0
2018-03-19 00:00:00+05:30,309.2680202401237,309.75736837341503,296.05562064125763,298.3066101074219,11267355,0.0,0.0
2018-03-20 00:00:00+05:30,296.54495686414924,299.2852943535422,293.3152712611191,295.9577331542969,9874137,0.0,0.0
2018-03-21 00:00:00+05:30,298.5023235977439,302.4660310296904,293.65776574319955,294.3428649902344,13383435,0.0,0.0
2018-03-22 00:00:00+05:30,295.3705083283612,297.230055047107,289.4494081226998,291.8961486816406,19356591,0.0,0.0
2018-03-23 00:00:00+05:30,286.7579698895352,286.80689274970916,278.9284007457936,280.5432434082031,21617995,0.0,0.0
2018-03-26 00:00:00+05:30,280.3964744879189,298.40447944140385,279.9071263649033,296.88751220703125,24240033,0.0,0.0
2018-03-27 00:00:00+05:30,300.4597385161398,302.66180500363595,294.29396429812596,297.0343017578125,15267419,0.0,0.0
2018-03-28 00:00:00+05:30,293.75564589488215,300.94906863076335,292.7280268758005,298.35552978515625,14952643,0.0,0.0
2018-04-02 00:00:00+05:30,300.4597607421875,301.92780517578126,297.1321993328631,299.7257385253906,8844027,0.0,0.0
2018-04-03 00:00:00+05:30,299.9214554478858,307.5063508211345,297.5236378667872,306.4297790527344,10392997,0.0,0.0
2018-04-04 00:00:00+05:30,306.3318929609853,313.18276596650253,297.52362766817737,298.9427490234375,13516525,0.0,0.0
2018-04-05 00:00:00+05:30,305.1574586258119,308.8765220503685,301.24267388466006,306.3808288574219,11449637,0.0,0.0
2018-04-06 00:00:00+05:30,307.9957084638764,309.26800158671995,304.9617442469748,307.7999572753906,8598435,0.0,0.0
2018-04-09 00:00:00+05:30,309.2680212450593,313.08493072364644,307.70210123995076,309.5126953125,14002415,0.0,0.0
2018-04-10 00:00:00+05:30,313.28065872751614,313.67213123294647,308.2893021478257,312.4487609863281,9976629,0.0,0.0
2018-04-11 00:00:00+05:30,313.1827799479167,313.1827799479167,303.8851661682129,305.35321044921875,9921987,0.0,0.0
2018-04-12 00:00:00+05:30,305.5489762777757,306.6744709736679,301.4384401469777,305.1085510253906,11359462,0.0,0.0
2018-04-13 00:00:00+05:30,305.94042449859944,307.7510183616307,299.18742699216585,302.95538330078125,12849690,0.0,0.0
2018-04-16 00:00:00+05:30,300.45973454673356,304.47239495553583,299.92146358165434,303.7383728027344,10808237,0.0,0.0
2018-04-17 00:00:00+05:30,305.2553303457913,306.67445174343277,300.7043991154164,301.3405456542969,12509310,0.0,0.0
2018-04-18 00:00:00+05:30,304.37450467469574,307.01699624424805,302.1724383225476,302.95538330078125,11323144,0.0,0.0
2018-04-19 00:00:00+05:30,304.3745304029815,312.6934484365035,302.4171379245057,311.7147521972656,13498117,0.0,0.0
2018-04-20 00:00:00+05:30,310.93180964257454,310.93180964257454,299.52997447020414,301.9767150878906,21800867,0.0,0.0
2018-04-23 00:00:00+05:30,304.2766380325402,310.2466907362842,302.41712125398055,306.3808288574219,10927239,0.0,0.0
2018-04-24 00:00:00+05:30,307.31060282389325,321.79529444950947,307.31060282389325,317.0975646972656,24392058,0.0,0.0
2018-04-25 00:00:00+05:30,316.8529090031031,321.50171616222195,310.687134612721,318.3209533691406,15370686,0.0,0.0
2018-04-26 00:00:00+05:30,320.96341415645065,352.57528783645,316.70607993289104,344.89251708984375,62364794,0.0,0.0
2018-04-27 00:00:00+05:30,357.2241170216627,361.13890186573576,337.7480683958871,341.46710205078125,52230752,0.0,0.0
2018-04-30 00:00:00+05:30,343.42452067527046,359.37728805248804,342.83729693036815,354.2880554199219,28400085,0.0,0.0
2018-05-02 00:00:00+05:30,354.23909760329116,356.93051212340407,344.2074616646885,346.703125,13058846,0.0,0.0
2018-05-03 00:00:00+05:30,346.45846876343415,351.596624020519,339.1182469675987,346.4095458984375,15431044,0.0,0.0
2018-05-04 00:00:00+05:30,346.9477846988881,350.12854718202317,336.867226314696,337.748046875,12241946,0.0,0.0
2018-05-07 00:00:00+05:30,340.39052772644726,342.5436713217304,335.3502482504865,340.4884033203125,6781161,0.0,0.0
2018-05-08 00:00:00+05:30,342.5436655621786,346.40952744906957,333.24605178263374,335.98638916015625,11670852,0.0,0.0
2018-05-09 00:00:00+05:30,337.1119224920902,342.2990004736651,335.8885522259227,340.4394836425781,9802803,0.0,0.0
2018-05-10 00:00:00+05:30,343.4734518381481,343.4734518381481,335.3502552566315,337.3076477050781,7330619,0.0,0.0
2018-05-11 00:00:00+05:30,339.11824966855426,344.30532783194894,334.51836535955204,342.7883605957031,7642090,0.0,0.0
2018-05-14 00:00:00+05:30,343.3266144461639,346.2627030413162,335.79067163906905,337.4544372558594,7468232,0.0,0.0
2018-05-15 00:00:00+05:30,338.6288903623237,347.04568378412347,336.28002542000337,338.38421630859375,12805393,0.0,0.0
2018-05-16 00:00:00+05:30,336.6714778133935,348.8562569079749,334.71408550052496,342.2989807128906,12708109,0.0,0.0
2018-05-17 00:00:00+05:30,344.0117150207825,344.5010631218078,336.6714935054031,337.94378662109375,6702419,0.0,0.0
2018-05-18 00:00:00+05:30,339.1182531420298,341.3692425867615,335.79069184081953,338.1395568847656,8938377,0.0,0.0
2018-05-21 00:00:00+05:30,338.6288663324574,341.76070594493433,325.9547393016526,327.03131103515625,8748958,0.0,0.0
2018-05-22 00:00:00+05:30,326.9824174000272,333.49074137561604,323.9484531044135,327.56964111328125,10869535,0.0,0.0
2018-05-23 00:00:00+05:30,327.86323552893447,331.5333463744076,324.4377987398262,326.5909423828125,7738850,0.0,0.0
2018-05-24 00:00:00+05:30,329.5270337920128,329.8206307151101,318.6634996258315,322.9697570800781,8077461,0.0,0.0
2018-05-25 00:00:00+05:30,325.9058447277466,334.6162352049404,324.92714849733295,332.16949462890625,6957024,0.0,0.0
2018-05-28 00:00:00+05:30,334.2247593027777,340.83095879119276,333.49073713739824,337.845947265625,8982939,0.0,0.0
2018-05-29 00:00:00+05:30,337.0629628827835,338.5310071722272,327.96110023520765,330.8482360839844,7870400,0.0,0.0
2018-05-30 00:00:00+05:30,328.59725360468053,336.6714973641403,325.5632893700626,335.839599609375,10036644,0.0,0.0
2018-05-31 00:00:00+05:30,338.04164064636944,341.95642520479277,330.7992951867734,338.8246154785156,17910411,0.0,0.0
2018-06-01 00:00:00+05:30,339.60758216191965,341.2713776526275,333.0013827970984,335.3992004394531,9470256,0.0,0.0
2018-06-04 00:00:00+05:30,339.24639181936254,346.15166889084264,337.372108349456,338.30926513671875,14501600,2.7,0.0
2018-06-05 00:00:00+05:30,337.865368588907,338.1119856462712,329.13511873729135,332.19317626953125,8492155,0.0,0.0
2018-06-06 00:00:00+05:30,333.3769252213834,335.941718342206,328.0499730975358,334.5606689453125,8211104,0.0,0.0
2018-06-07 00:00:00+05:30,336.58295782454417,340.82475899156367,333.4262475807482,334.95526123046875,9630695,0.0,0.0
2018-06-08 00:00:00+05:30,332.93302943796226,335.64581708523457,330.51617021945293,333.08099365234375,5851442,0.0,0.0
2018-06-11 00:00:00+05:30,334.0181308435411,340.18355695146005,330.1709109731236,331.1573791503906,11980621,0.0,0.0
2018-06-12 00:00:00+05:30,331.15738107211104,333.37693448384204,326.7182742486491,327.7047424316406,9851496,0.0,0.0
2018-06-13 00:00:00+05:30,332.3411374979649,332.3411374979649,327.01421512766916,328.69122314453125,7530350,0.0,0.0
2018-06-14 00:00:00+05:30,328.4939065304176,333.7715173559594,326.077047428511,332.6370849609375,6819965,0.0,0.0
2018-06-15 00:00:00+05:30,328.4938958843402,331.65060602477604,324.202753385648,326.1756896972656,8518379,0.0,0.0
2018-06-18 00:00:00+05:30,326.32366642461164,329.33241247808115,323.2656391079268,327.16217041015625,6785348,0.0,0.0
2018-06-19 00:00:00+05:30,326.47167423816796,329.97362442867154,324.0548150218792,326.4223327636719,8566372,0.0,0.0
2018-06-20 00:00:00+05:30,327.40879291127845,332.43978680371276,326.91555880622843,331.5519714355469,7720519,0.0,0.0
2018-06-21 00:00:00+05:30,332.2424892134096,333.0316818634871,326.7182911859742,328.4446105957031,5133865,0.0,0.0
2018-06-22 00:00:00+05:30,329.0857884634721,331.1573776472538,325.0412629341116,330.56549072265625,6006046,0.0,0.0
2018-06-25 00:00:00+05:30,330.2202133271449,334.3633916004308,328.3952412280875,329.6283264160156,5792052,0.0,0.0
2018-06-26 00:00:00+05:30,328.5925514112209,333.17962235236513,327.55674177636945,331.40399169921875,4706265,0.0,0.0
2018-06-27 00:00:00+05:30,331.4533276117422,333.1796470263867,326.5702977970421,331.0587463378906,6930662,0.0,0.0
2018-06-28 00:00:00+05:30,331.84789380801817,331.84789380801817,322.8710272388082,324.8439636230469,8130250,0.0,0.0
2018-06-29 00:00:00+05:30,326.22505206331897,337.12551384135946,325.1892423706022,335.0539245605469,8963268,0.0,0.0
2018-07-02 00:00:00+05:30,333.4755734556328,337.0762065825655,327.8527226015719,332.4891052246094,8091469,0.0,0.0
2018-07-03 00:00:00+05:30,333.13031809901213,335.8924169750204,330.7627703714394,332.34112548828125,4998778,0.0,0.0
2018-07-04 00:00:00+05:30,332.439790375926,332.93302448627605,328.00068338277566,331.0093994140625,4507001,0.0,0.0
2018-07-05 00:00:00+05:30,334.16609983244,346.0530294968086,334.01813562465594,343.93212890625,21239763,0.0,0.0
2018-07-06 00:00:00+05:30,343.5868733710523,352.85969884114405,342.3044767105271,347.8287048339844,17790500,0.0,0.0
2018-07-09 00:00:00+05:30,351.2813277252648,361.93517211252913,350.196206697672,358.3838806152344,16834621,0.0,0.0
2018-07-10 00:00:00+05:30,358.97575639882274,368.05127548728115,355.1285366065094,366.374267578125,20404168,0.0,0.0
2018-07-11 00:00:00+05:30,365.93039592028913,368.29791361228655,362.47775717227853,366.57159423828125,9423127,0.0,0.0
2018-07-12 00:00:00+05:30,367.45940665292994,379.79025922517593,367.45940665292994,369.728271484375,17868601,0.0,0.0
2018-07-13 00:00:00+05:30,371.79986371122243,375.1538496167756,362.3297628390682,370.91204833984375,15448753,0.0,0.0
2018-07-16 00:00:00+05:30,370.9120339074884,375.6470691070128,364.59864360658275,373.3782043457031,9093938,0.0,0.0
2018-07-17 00:00:00+05:30,372.78631255888035,380.67805785826755,370.51744782715423,375.6470642089844,12586691,0.0,0.0
2018-07-18 00:00:00+05:30,376.7322072261947,382.749669389584,372.8849871888215,378.4585266113281,10472260,0.0,0.0
2018-07-19 00:00:00+05:30,375.7950653157548,389.01373291045064,374.2660215735642,386.991455078125,17050256,0.0,0.0
2018-07-20 00:00:00+05:30,385.80771822745,387.18876768361395,380.0861846167416,381.26995849609375,10076070,0.0,0.0
2018-07-23 00:00:00+05:30,382.6510184768915,387.04081412022305,377.570713138796,381.3686218261719,9511403,0.0,0.0
2018-07-24 00:00:00+05:30,383.93342450570765,384.72258700129845,377.5213813890194,379.1490478515625,9785989,0.0,0.0
2018-07-25 00:00:00+05:30,380.77671581280015,387.38606463170953,376.3376090222364,377.7186584472656,12467278,0.0,0.0
2018-07-26 00:00:00+05:30,379.79025241730585,381.0726490199838,353.6981568002949,364.7466125488281,35251243,0.0,0.0
2018-07-27 00:00:00+05:30,369.8269131388364,369.8269131388364,357.49606093959125,364.99322509765625,17100821,0.0,0.0
2018-07-30 00:00:00+05:30,366.9661801097443,367.95264833584577,360.3075195835594,364.3027038574219,11469162,0.0,0.0
2018-07-31 00:00:00+05:30,364.9932255042844,369.6296379782137,361.44193404602146,362.9709777832031,9734450,0.0,0.0
2018-08-01 00:00:00+05:30,364.89456756422544,366.5222340126595,357.1014750954962,360.8993835449219,7742871,0.0,0.0
2018-08-02 00:00:00+05:30,360.0115736494849,360.70208331140236,351.82386970825473,356.9041748046875,8365895,0.0,0.0
2018-08-03 00:00:00+05:30,359.0744136610151,368.93909535499904,359.0744136610151,368.1499328613281,10625829,0.0,0.0
2018-08-06 00:00:00+05:30,368.9390960707749,375.5484448604147,368.39655061840097,372.78631591796875,12018227,0.0,0.0
2018-08-07 00:00:00+05:30,374.85792913700703,381.1713198173376,371.4052903160083,376.485595703125,13525426,0.0,0.0
2018-08-08 00:00:00+05:30,377.42274501721437,380.53011387302394,374.4139988991918,377.5707092285156,6767532,0.0,0.0
2018-08-09 00:00:00+05:30,378.31056648251206,379.49434040122895,372.5397213118546,375.8937072753906,5854134,0.0,0.0
2018-08-10 00:00:00+05:30,376.8308380819513,385.7090515446151,375.8443699194331,377.6693420410156,13916077,0.0,0.0
2018-08-13 00:00:00+05:30,373.8714509424391,377.8173237756047,363.3162290718729,365.68377685546875,9205915,0.0,0.0
2018-08-14 00:00:00+05:30,364.00677562040437,379.09972744574344,363.16827160685864,377.3240966796875,12351125,0.0,0.0
2018-08-16 00:00:00+05:30,376.04167538487104,379.6422781551383,369.13639825108,373.3288879394531,11567658,0.0,0.0
2018-08-17 00:00:00+05:30,377.22542850140997,390.29613197269896,375.15383928881,387.8793029785156,16094026,0.0,0.0
2018-08-20 00:00:00+05:30,391.43055585155327,398.53313868178935,387.2380661500741,388.66845703125,15247130,0.0,0.0
2018-08-21 00:00:00+05:30,390.64139222226373,392.07178309926866,384.2293491681104,386.0543212890625,9991245,0.0,0.0
2018-08-23 00:00:00+05:30,389.9015603152122,390.14817736790997,378.1625946277213,383.341552734375,9262319,0.0,0.0
2018-08-24 00:00:00+05:30,381.76319452973655,383.4402025165474,367.80467547935376,369.13641357421875,16301075,0.0,0.0
2018-08-27 00:00:00+05:30,372.88498076197374,379.44498829149177,371.89851255889977,377.81732177734375,9563369,0.0,0.0
2018-08-28 00:00:00+05:30,380.77671747631985,380.77671747631985,357.89064365869314,365.5851135253906,26309238,0.0,0.0
2018-08-29 00:00:00+05:30,368.59384212330366,373.4275303507582,357.1014934516539,360.2088623046875,30544751,0.0,0.0
2018-08-30 00:00:00+05:30,364.0067525888692,364.0067525888692,353.155602782697,356.8548583984375,28157288,0.0,0.0
2018-08-31 00:00:00+05:30,338.3586030429801,345.2638806561022,331.69994248746957,338.8518371582031,84019022,0.0,0.0
2018-09-03 00:00:00+05:30,343.2416273268306,343.29093869571443,332.63709401941986,334.4620361328125,26137760,0.0,0.0
2018-09-04 00:00:00+05:30,336.1390426542666,338.753177390595,328.04999128808964,329.5296936035156,22057643,0.0,0.0
2018-09-05 00:00:00+05:30,328.39526840561064,340.2328871893848,327.75407007574717,339.14776611328125,24809578,0.0,0.0
2018-09-06 00:00:00+05:30,341.8605328471508,343.09361806172666,333.3275891832101,334.6100158691406,17527530,0.0,0.0
2018-09-07 00:00:00+05:30,336.3856497172689,336.43496108447044,317.44544860043106,319.0238037109375,48830425,0.0,0.0
2018-09-10 00:00:00+05:30,319.2704162597656,324.44937413702075,311.7239408024035,319.2704162597656,43295622,0.0,0.0
2018-09-11 00:00:00+05:30,321.58862112697386,323.41359324938514,310.3428900900833,312.3158264160156,28553718,0.0,0.0
2018-09-12 00:00:00+05:30,313.6968803324445,315.6205053197272,306.3970218424877,310.04693603515625,26121445,0.0,0.0
2018-09-14 00:00:00+05:30,314.1901151101112,324.0547969032073,312.4144844292018,318.7278747558594,36624891,0.0,0.0
2018-09-17 00:00:00+05:30,313.2036667549499,317.4948096274775,311.67465302208933,314.2887878417969,18554055,0.0,0.0
2018-09-18 00:00:00+05:30,315.0286349482882,324.4987359674986,314.78201789104116,319.1717834472656,30243505,0.0,0.0
2018-09-19 00:00:00+05:30,321.58861713500755,324.30140454949,313.74618329492904,314.8806457519531,16185496,0.0,0.0
2018-09-21 00:00:00+05:30,283.412296788767,283.412296788767,215.1487166229327,223.43504333496094,293552756,0.0,0.0
2018-09-24 00:00:00+05:30,233.29973014049006,234.28619834404392,212.92916775802675,223.33639526367188,105701372,0.0,0.0
2018-09-25 00:00:00+05:30,226.8876917688451,235.61794158174445,194.58085739741173,216.72706604003906,110217421,0.0,0.0
2018-09-26 00:00:00+05:30,219.98240837225035,226.69039513576755,214.06359917837813,220.72225952148438,62814786,0.0,0.0
2018-09-27 00:00:00+05:30,222.94181615400137,223.9282843670722,199.31590546141774,200.49966430664062,91197198,0.0,0.0
2018-09-28 00:00:00+05:30,200.84492301194535,201.2395042542652,162.76724608800862,181.1648712158203,148654874,0.0,0.0
2018-10-01 00:00:00+05:30,177.56427342108194,201.04221925055367,168.29147849668277,198.13214111328125,130992623,0.0,0.0
2018-10-03 00:00:00+05:30,202.22598047850414,219.93308161237942,199.51319293549983,209.87110900878906,97945695,0.0,0.0
2018-10-04 00:00:00+05:30,206.56643966062558,217.02300883448402,202.27531192642095,212.09066772460938,65604016,0.0,0.0
2018-10-05 00:00:00+05:30,212.09066187293783,215.5433005545903,200.35169637624347,203.2124481201172,40546788,0.0,0.0
2018-10-08 00:00:00+05:30,207.15831607809383,223.53369375090514,204.59349281048875,218.20675659179688,62349640,0.0,0.0
2018-10-09 00:00:00+05:30,222.4485809020135,230.63627003880245,219.58782911976317,221.61007690429688,49480210,0.0,0.0
2018-10-10 00:00:00+05:30,225.90122083362962,233.79296653960796,216.43111996553148,230.7349090576172,52351177,0.0,0.0
2018-10-11 00:00:00+05:30,218.995942826422,265.31063737142574,213.71833187702327,236.9496612548828,94679663,0.0,0.0
2018-10-12 00:00:00+05:30,243.65764230067003,250.95750086689162,241.19147183203978,243.11508178710938,43535321,0.0,0.0
2018-10-15 00:00:00+05:30,245.58125122602294,247.2089327598801,238.28139269040952,242.67117309570312,24694397,0.0,0.0
2018-10-16 00:00:00+05:30,243.6576378854469,247.9980918106605,242.27658846896338,245.53192138671875,18099074,0.0,0.0
2018-10-17 00:00:00+05:30,249.08321323918108,251.40141946252905,225.40797712931834,228.761962890625,37767849,0.0,0.0
2018-10-19 00:00:00+05:30,221.95534629749218,227.43024784995904,210.1177278282926,214.951416015625,50336402,0.0,0.0
2018-10-22 00:00:00+05:30,218.00947920706818,219.34121734079582,205.6786263107408,208.63803100585938,33633639,0.0,0.0
2018-10-23 00:00:00+05:30,206.1718542613855,213.76765640792186,203.70568375586654,210.3150177001953,28293781,0.0,0.0
2018-10-24 00:00:00+05:30,214.55683820387898,217.02300875794654,199.26658076866002,201.23951721191406,38009322,0.0,0.0
2018-10-25 00:00:00+05:30,199.85845962059028,204.69214768968786,192.36129541922475,195.6659698486328,59170164,0.0,0.0
2018-10-26 00:00:00+05:30,176.13390584060022,189.0566306488935,166.318549942298,178.2548065185547,95760078,0.0,0.0
2018-10-29 00:00:00+05:30,182.49660885412052,183.3844241735681,172.38531025544629,178.8466796875,52331613,0.0,0.0
2018-10-30 00:00:00+05:30,179.53720617402195,187.33029866284957,178.20546812927978,179.58653259277344,43428186,0.0,0.0
2018-10-31 00:00:00+05:30,182.49661483653952,186.9357216839148,177.21900400818046,185.55467224121094,53264490,0.0,0.0
2018-11-01 00:00:00+05:30,189.40188912854106,202.96582650102772,186.4918110299968,201.28883361816406,69202992,0.0,0.0
2018-11-02 00:00:00+05:30,209.87111074202664,212.97847956875182,204.84011687252752,206.2705078125,51686587,0.0,0.0
2018-11-05 00:00:00+05:30,206.17185223392005,209.47652669974184,203.31110049657437,207.25697326660156,21134350,0.0,0.0
2018-11-06 00:00:00+05:30,209.3778687431048,214.9514078736464,208.1447835326036,211.548095703125,26924066,0.0,0.0
2018-11-07 00:00:00+05:30,214.507503790987,215.0500643031312,212.5838938409393,213.02780151367188,3962712,0.0,0.0
2018-11-09 00:00:00+05:30,211.1041988519552,226.29580340262032,210.3150212663456,224.81610107421875,40754087,0.0,0.0
2018-11-12 00:00:00+05:30,226.88768936239057,227.72619336574098,218.10812827320484,220.03173828125,29069172,0.0,0.0
2018-11-13 00:00:00+05:30,218.99593403519478,223.78031068706775,217.02299769253537,222.3992462158203,19014119,0.0,0.0
2018-11-14 00:00:00+05:30,223.8296250182531,225.90121422640613,218.00946875124782,219.39051818847656,19780790,0.0,0.0
2018-11-15 00:00:00+05:30,212.09066159172033,215.0007397519354,199.51319212523458,203.06448364257812,60944632,0.0,0.0
2018-11-16 00:00:00+05:30,199.01995336322884,199.01995336322884,185.25872539764597,188.41542053222656,88101871,0.0,0.0
2018-11-19 00:00:00+05:30,195.41935271975427,203.1631189109116,191.7200970401954,202.0286865234375,64329717,0.0,0.0
2018-11-20 00:00:00+05:30,195.32070573922675,197.04702510813405,188.4154282635975,189.50054931640625,77354754,0.0,0.0
2018-11-21 00:00:00+05:30,193.44642587689484,198.08282354630555,191.96672353225458,195.4686737060547,47627190,0.0,0.0
2018-11-22 00:00:00+05:30,197.2936347324523,201.0915432219759,192.01602398243529,192.9038543701172,44350629,0.0,0.0
2018-11-26 00:00:00+05:30,186.44248183440698,189.35255988961438,179.73449535053783,185.35736083984375,60418383,0.0,0.0
2018-11-27 00:00:00+05:30,190.38835737229692,191.17753492108963,177.9095410058656,180.17840576171875,70065939,0.0,0.0
2018-11-28 00:00:00+05:30,177.95884935720142,178.55073627184402,158.13084844900663,159.906494140625,140720495,0.0,0.0
2018-11-29 00:00:00+05:30,154.92483790503573,164.7401937433543,144.76421216669007,158.27882385253906,292043464,0.0,0.0
2018-11-30 00:00:00+05:30,161.78078548254751,169.0313328040614,158.2788203473108,167.50230407714844,120153166,0.0,0.0
2018-12-03 00:00:00+05:30,171.64546632230952,177.07104140721012,163.06319601665606,175.59133911132812,104720593,0.0,0.0
2018-12-04 00:00:00+05:30,177.9095418044701,179.98111594550141,172.87854807910432,174.11163330078125,68038860,0.0,0.0
2018-12-05 00:00:00+05:30,171.1522264457175,176.03524084681928,169.86981482211766,171.05357360839844,52289539,0.0,0.0
2018-12-06 00:00:00+05:30,166.71312325632437,170.1657619036447,165.08545677208306,166.17056274414062,38867660,0.0,0.0
2018-12-07 00:00:00+05:30,167.699586020415,169.67252232653755,159.8078407959249,163.9510040283203,49750931,0.0,0.0
2018-12-10 00:00:00+05:30,159.80784444564398,167.20635576257195,157.83490809446317,163.408447265625,50379613,0.0,0.0
2018-12-11 00:00:00+05:30,162.27401819969802,177.41631102527475,161.58349347314007,175.44337463378906,85103084,0.0,0.0
2018-12-12 00:00:00+05:30,179.53720683050756,184.96278176219872,179.09329916474024,184.07496643066406,71832334,0.0,0.0
2018-12-13 00:00:00+05:30,190.38835348230117,190.5856441023909,169.96846573067168,172.3359832763672,108920029,0.0,0.0
2018-12-14 00:00:00+05:30,170.3630551367327,179.14263114848958,165.97327465700934,177.9095458984375,79566067,0.0,0.0
2018-12-17 00:00:00+05:30,180.77030426362603,181.95406313647274,177.02172195601912,178.55075073242188,35269769,0.0,0.0
2018-12-18 00:00:00+05:30,177.56427274735947,178.4520880901723,174.3582511560877,176.5778045654297,35729865,0.0,0.0
2018-12-19 00:00:00+05:30,178.0575030706666,180.67163767654202,176.1832195855834,177.120361328125,40247602,0.0,0.0
2018-12-20 00:00:00+05:30,176.57780258403406,185.06143487435847,175.5913344131735,184.22293090820312,61970822,0.0,0.0
2018-12-21 00:00:00+05:30,185.4560172800055,185.89992494920313,178.4027758352271,180.47434997558594,40864241,0.0,0.0
2018-12-24 00:00:00+05:30,181.5101533721714,182.98985570944453,178.7973657538373,179.83316040039062,32861722,0.0,0.0
2018-12-26 00:00:00+05:30,180.03044423952005,180.17840844673813,171.89208169170612,177.02171325683594,47421246,0.0,0.0
2018-12-27 00:00:00+05:30,180.52367519702344,180.96758286327548,174.65419259315593,175.6899871826172,44303877,0.0,0.0
2018-12-28 00:00:00+05:30,177.56426834714892,180.81961627730857,177.56426834714892,178.99464416503906,27142501,0.0,0.0
2018-12-31 00:00:00+05:30,180.7209694897258,181.3621828449389,178.55074248108076,179.3399200439453,18970865,0.0,0.0
2019-01-01 00:00:00+05:30,180.12909319005865,183.38442609705072,178.55073810303065,181.7567596435547,24160878,0.0,0.0
2019-01-02 00:00:00+05:30,180.96759306785128,184.46955828097362,180.03045126351702,182.15135192871094,32583205,0.0,0.0
2019-01-03 00:00:00+05:30,182.74322753464557,183.48307865826763,181.01690824619413,181.60879516601562,20239949,0.0,0.0
2019-01-04 00:00:00+05:30,182.3486589791663,187.72490784115436,179.09331079822974,187.0836944580078,45914917,0.0,0.0
2019-01-07 00:00:00+05:30,191.27618374476955,191.76941785968882,183.2858001144637,184.61752319335938,40515242,0.0,0.0
2019-01-08 00:00:00+05:30,185.45601922916742,190.5856507931292,182.49661466699985,189.74716186523438,40559174,0.0,0.0
2019-01-09 00:00:00+05:30,191.32549794553458,191.32549794553458,179.04397227900677,183.92698669433594,63673200,0.0,0.0
2019-01-10 00:00:00+05:30,185.45601639621844,186.34383173038282,181.7074343309393,184.3708953857422,36296992,0.0,0.0
2019-01-11 00:00:00+05:30,186.14653997319488,187.33029876231106,180.27705739408205,181.7567596435547,33594786,0.0,0.0
2019-01-14 00:00:00+05:30,182.49662135193103,195.32070825774238,179.83316015887846,192.70657348632812,98089778,0.0,0.0
2019-01-15 00:00:00+05:30,193.9396462953475,202.22597281921085,193.44641221530065,200.25303649902344,82308056,0.0,0.0
2019-01-16 00:00:00+05:30,202.02868979670993,206.31981742313724,200.7462781298899,205.53065490722656,58015710,0.0,0.0
2019-01-17 00:00:00+05:30,206.41847463754507,206.71441811343735,197.5402606746399,198.77334594726562,60534702,0.0,0.0
2019-01-18 00:00:00+05:30,199.26656811712235,200.3023626945297,193.54504978448563,195.91258239746094,41858021,0.0,0.0
2019-01-21 00:00:00+05:30,196.60311693228888,197.78687577183283,188.11948431965524,189.35256958007812,37304992,0.0,0.0
2019-01-22 00:00:00+05:30,188.90865740993246,191.17753724568345,184.8641318308846,189.59918212890625,38382360,0.0,0.0
2019-01-23 00:00:00+05:30,191.86806871924261,196.80040981742366,191.02956471162764,194.5808563232422,46394304,0.0,0.0
2019-01-24 00:00:00+05:30,196.3071722544486,231.8200275366604,186.44249023161197,212.48524475097656,127603904,0.0,0.0
2019-01-25 00:00:00+05:30,221.95534011047752,241.68470367585329,215.050062862596,216.62841796875,183425643,0.0,0.0
2019-01-28 00:00:00+05:30,219.43985068532695,219.98241121223174,203.31110445518854,204.69215393066406,58015753,0.0,0.0
2019-01-29 00:00:00+05:30,204.19891400134193,206.6157580406543,193.05182051641057,200.15438842773438,76651017,0.0,0.0
2019-01-30 00:00:00+05:30,208.14478372750725,209.1312518968319,195.61664098754576,196.80039978027344,65312137,0.0,0.0
2019-01-31 00:00:00+05:30,199.26657284463911,199.71048051625678,187.5769188622846,191.47348022460938,67794993,0.0,0.0
2019-02-01 00:00:00+05:30,193.24911123020527,194.53152287990395,178.79735835511573,183.0885009765625,66597684,0.0,0.0
2019-02-04 00:00:00+05:30,181.7567697084697,182.2006773974313,173.22382561825003,177.3669891357422,60771732,0.0,0.0
2019-02-05 00:00:00+05:30,177.36698560885785,181.0169149433016,172.6319352320315,173.71705627441406,44477885,0.0,0.0
2019-02-06 00:00:00+05:30,176.47916105758702,176.5284874797536,170.65900449738655,174.06231689453125,45391450,0.0,0.0
2019-02-07 00:00:00+05:30,174.70352125104108,179.33991870123157,172.87854909134967,174.5555419921875,44494971,0.0,0.0
2019-02-08 00:00:00+05:30,174.60487441171747,176.08457673724052,170.90561859790992,172.7305908203125,32561739,0.0,0.0
2019-02-11 00:00:00+05:30,172.73058125217045,173.61839657738096,167.79824044031307,170.90560913085938,29509227,0.0,0.0
2019-02-12 00:00:00+05:30,170.65899057781894,173.86501207711322,169.7711752604766,170.313720703125,22298518,0.0,0.0
2019-02-14 00:00:00+05:30,183.82835425442178,220.9688757944915,183.82835425442178,218.25608825683594,264725005,0.0,0.0
2019-02-15 00:00:00+05:30,223.829622074311,223.829622074311,208.4407276315423,216.03652954101562,141193124,0.0,0.0
2019-02-18 00:00:00+05:30,198.2801142790753,213.7676624834464,198.2801142790753,210.66029357910156,89969426,0.0,0.0
2019-02-19 00:00:00+05:30,212.1893104739381,215.14871499908475,208.68734544205262,209.96975708007812,33990276,0.0,0.0
2019-02-20 00:00:00+05:30,213.96494279401765,216.82570955506392,210.46299278748825,214.902099609375,48429455,0.0,0.0
2019-02-21 00:00:00+05:30,215.88857666986425,215.88857666986425,211.1041997663841,212.23863220214844,27975632,0.0,0.0
2019-02-22 00:00:00+05:30,211.59742963636242,220.67293409748328,210.21638017248043,218.99594116210938,51329944,0.0,0.0
2019-02-25 00:00:00+05:30,220.82090480353762,227.47956491871582,218.2067551343411,225.99986267089844,47825222,0.0,0.0
2019-02-26 00:00:00+05:30,220.1797022017009,231.2774696015075,217.1216597718071,226.3944549560547,84298892,0.0,0.0
2019-02-27 00:00:00+05:30,229.84709576495047,233.5956780196478,220.6236118667632,225.11204528808594,74650022,0.0,0.0
2019-02-28 00:00:00+05:30,226.8876776181845,229.60046506796715,223.730982505263,228.02210998535156,45753501,0.0,0.0
2019-03-01 00:00:00+05:30,231.7213658328019,235.27265724612002,230.93220334300645,234.3848419189453,42006406,0.0,0.0
2019-03-05 00:00:00+05:30,232.8065015230193,237.49222560028346,231.32679918283063,234.23687744140625,30848699,0.0,0.0
2019-03-06 00:00:00+05:30,234.8780807236224,237.39356255196293,229.79776054264005,232.115966796875,24658589,0.0,0.0
2019-03-07 00:00:00+05:30,232.3132642277673,232.806498334408,225.55595094586562,228.56468200683594,27229610,0.0,0.0
2019-03-08 00:00:00+05:30,228.56468348185763,231.72137877426746,226.39445640909528,229.1565704345703,23233663,0.0,0.0
2019-03-11 00:00:00+05:30,229.84708427016466,234.77942513433126,228.4660348491219,233.10243225097656,21189817,0.0,0.0
2019-03-12 00:00:00+05:30,234.77942410090247,235.96318289262996,231.82001959542893,232.6585235595703,22100817,0.0,0.0
2019-03-13 00:00:00+05:30,232.80649725850841,244.24953450061346,229.55114915926214,240.9941864013672,58883298,0.0,0.0
2019-03-14 00:00:00+05:30,244.6441135031577,250.56292270081477,242.81914131295605,246.46908569335938,59684202,0.0,0.0
2019-03-15 00:00:00+05:30,248.29404692117694,249.37916797954568,240.20501056159753,241.73403930664062,38715468,0.0,0.0
2019-03-18 00:00:00+05:30,243.65765133514563,245.18668009285258,238.5280195806573,242.62185668945312,24825632,0.0,0.0
2019-03-19 00:00:00+05:30,243.31237293526812,247.11028148601713,241.68470644340997,245.43328857421875,21448040,0.0,0.0
2019-03-20 00:00:00+05:30,245.3839597656918,249.57644953053276,243.06575352185578,248.73794555664062,26817389,0.0,0.0
2019-03-22 00:00:00+05:30,249.57645075984055,254.01555759153734,246.96231609098757,249.18186950683594,34018752,0.0,0.0
2019-03-25 00:00:00+05:30,246.61705395088157,247.01163521627882,242.76983393017198,243.90426635742188,23540100,0.0,0.0
2019-03-26 00:00:00+05:30,244.15088311220117,251.35210408920494,244.10155669100936,250.26698303222656,20571726,0.0,0.0
2019-03-27 00:00:00+05:30,254.9033893706885,266.19846285694115,252.63452444117226,264.8174133300781,84155309,0.0,0.0
2019-03-28 00:00:00+05:30,266.98759764737525,273.9422161382326,264.66939148375616,272.3638610839844,48078072,0.0,0.0
2019-04-01 00:00:00+05:30,272.2652177803666,276.21109050182116,270.09497574171866,272.16656494140625,27807546,0.0,0.0
2019-04-02 00:00:00+05:30,274.4354599469353,278.2333383594098,271.08144404843966,276.50701904296875,24708930,0.0,0.0
2019-04-03 00:00:00+05:30,279.66374508535444,282.12991567693604,268.51666605325414,269.9963684082031,31808834,0.0,0.0
2019-04-04 00:00:00+05:30,270.2922883938019,271.2787565996187,261.41407454145076,264.42279052734375,42003554,0.0,0.0
2019-04-05 00:00:00+05:30,266.3464129867073,270.29228577169556,260.67422085828673,263.2390441894531,28319923,0.0,0.0
2019-04-08 00:00:00+05:30,263.48565506019224,264.4721232333082,254.75540570719224,256.5310363769531,26252469,0.0,0.0
2019-04-09 00:00:00+05:30,258.3560083157964,268.319342877388,255.19932822706943,266.93829345703125,39195173,0.0,0.0
2019-04-10 00:00:00+05:30,268.3193423083644,271.7226695375793,263.8802355422334,264.6200866699219,32016249,0.0,0.0
2019-04-11 00:00:00+05:30,265.1133428063923,266.5930451848466,260.4276186079537,265.4092712402344,20363799,0.0,0.0
2019-04-12 00:00:00+05:30,266.05047151993654,268.2206833824593,262.20322165958396,264.2748107910156,21736271,0.0,0.0
2019-04-15 00:00:00+05:30,264.8174114694745,266.2477723568601,261.2167783043437,261.9073181152344,13509220,0.0,0.0
2019-04-16 00:00:00+05:30,263.9295427909477,265.5572393301619,261.4140610379023,262.8444519042969,16368625,0.0,0.0
2019-04-18 00:00:00+05:30,262.7951156285476,264.32415936157713,250.61224270658897,252.33856201171875,32491440,0.0,0.0
2019-04-22 00:00:00+05:30,250.51358927649727,250.95749694344872,233.79295677105466,235.12469482421875,37467080,0.0,0.0
2019-04-23 00:00:00+05:30,235.76590014037168,241.33943945749402,227.3809204282664,229.5511474609375,43232834,0.0,0.0
2019-04-24 00:00:00+05:30,229.84709072340888,237.14694938640423,228.07144495199347,235.9138641357422,38516951,0.0,0.0
2019-04-25 00:00:00+05:30,237.73883145806755,247.01162633218857,232.85581697592607,233.84228515625,71641179,0.0,0.0
2019-04-26 00:00:00+05:30,236.65371071329116,237.09763343679975,228.95927093968731,233.99024963378906,48524121,0.0,0.0
2019-04-30 00:00:00+05:30,210.6109561920166,210.6109561920166,163.35913644433356,165.72665405273438,217219923,0.0,0.0
2019-05-02 00:00:00+05:30,159.8078481550697,175.59133933087904,157.83491175809354,171.3988494873047,124177861,0.0,0.0
2019-05-03 00:00:00+05:30,174.60486587966358,175.39404342517486,167.40364523687654,173.51974487304688,58953903,0.0,0.0
2019-05-06 00:00:00+05:30,165.77598143614043,169.57387491554806,163.26048455489308,164.00033569335938,49500412,0.0,0.0
2019-05-07 00:00:00+05:30,166.7131195762993,167.65026132085208,161.43550888239795,162.5206298828125,40446604,0.0,0.0
2019-05-08 00:00:00+05:30,162.767258046389,164.24696039226527,157.83491689346812,158.57476806640625,47387735,0.0,0.0
2019-05-09 00:00:00+05:30,155.86196790350064,169.08063510983578,154.3822656765687,167.9955291748047,88653903,0.0,0.0
2019-05-10 00:00:00+05:30,170.41237301959364,171.89207524552356,160.5970179313872,161.6328125,62257935,0.0,0.0
2019-05-13 00:00:00+05:30,162.66860110608454,163.2111616297052,151.91610368441076,152.60662841796875,60884255,0.0,0.0
2019-05-14 00:00:00+05:30,153.0012224650516,156.74978954949424,149.35127811602578,153.74107360839844,62642515,0.0,0.0
2019-05-15 00:00:00+05:30,152.11339215717172,152.2120449972706,139.88119260041313,141.015625,95899314,0.0,0.0
2019-05-16 00:00:00+05:30,142.05142815619328,143.92571181232978,132.82794398762718,135.88600158691406,82730883,0.0,0.0
2019-05-17 00:00:00+05:30,139.09201465389788,144.02435559907155,130.6577086271889,132.33470153808594,117940438,0.0,0.0
2019-05-20 00:00:00+05:30,140.57171880502477,142.93923646923795,135.1461436932519,141.60751342773438,82205265,0.0,0.0
2019-05-21 00:00:00+05:30,143.03788313628934,143.03788313628934,136.62584009914534,139.09201049804688,59499614,0.0,0.0
2019-05-22 00:00:00+05:30,139.09201776209534,139.33863481486503,133.66644260116254,135.68870544433594,58669730,0.0,0.0
2019-05-23 00:00:00+05:30,141.95276955007665,148.7594092377513,136.8724642840609,137.8589324951172,111719246,0.0,0.0
2019-05-24 00:00:00+05:30,139.09201601135462,140.9662995678885,137.6123137133615,139.289306640625,45274708,0.0,0.0
2019-05-27 00:00:00+05:30,140.07848713475184,146.4412041385091,138.9440547035284,144.81353759765625,67258367,0.0,0.0
2019-05-28 00:00:00+05:30,146.9344369495495,152.8039197918036,146.19458579164413,150.7323455810547,81670499,0.0,0.0
2019-05-29 00:00:00+05:30,151.91609657435652,153.889032893504,148.61142221886067,149.647216796875,49000782,0.0,0.0
2019-05-30 00:00:00+05:30,148.1675222108396,154.3822749476279,147.87157873721915,152.90257263183594,55475576,0.0,0.0
2019-05-31 00:00:00+05:30,154.4809262270602,154.87550748635613,145.01082548085574,145.8000030517578,63368992,0.0,0.0
2019-06-03 00:00:00+05:30,148.0,149.89999389648438,144.5,149.4499969482422,40272408,2.0,0.0
2019-06-04 00:00:00+05:30,148.8000030517578,153.85000610351562,148.5500030517578,152.8000030517578,45560540,0.0,0.0
2019-06-06 00:00:00+05:30,148.4499969482422,151.1999969482422,142.3000030517578,143.39999389648438,65169529,0.0,0.0
2019-06-07 00:00:00+05:30,143.39999389648438,145.4499969482422,136.14999389648438,139.89999389648438,66206668,0.0,0.0
2019-06-10 00:00:00+05:30,141.89999389648438,145.0,132.5500030517578,135.89999389648438,86398912,0.0,0.0
2019-06-11 00:00:00+05:30,135.0,143.5,133.75,139.5500030517578,80946657,0.0,0.0
2019-06-12 00:00:00+05:30,136.0,137.8000030517578,133.60000610351562,134.75,56236715,0.0,0.0
2019-06-13 00:00:00+05:30,130.8000030517578,130.8000030517578,116.0,117.0999984741211,197154833,0.0,0.0
2019-06-14 00:00:00+05:30,118.5,121.0,112.8499984741211,115.05000305175781,155169990,0.0,0.0
2019-06-17 00:00:00+05:30,118.0,118.3499984741211,113.75,116.1500015258789,84436078,0.0,0.0
2019-06-18 00:00:00+05:30,116.0,117.5,107.0999984741211,109.30000305175781,116604528,0.0,0.0
2019-06-19 00:00:00+05:30,109.0,111.44999694824219,101.30000305175781,103.19999694824219,126458237,0.0,0.0
2019-06-20 00:00:00+05:30,102.0,115.9000015258789,98.69999694824219,114.55000305175781,159393077,0.0,0.0
2019-06-21 00:00:00+05:30,114.55000305175781,114.80000305175781,108.25,109.5999984741211,106421502,0.0,0.0
2019-06-24 00:00:00+05:30,112.0,114.0,108.8499984741211,111.94999694824219,79695315,0.0,0.0
2019-06-25 00:00:00+05:30,111.0,112.5,109.0999984741211,110.05000305175781,56892279,0.0,0.0
2019-06-26 00:00:00+05:30,109.0,114.6500015258789,108.4000015258789,113.05000305175781,72879532,0.0,0.0
2019-06-27 00:00:00+05:30,113.05000305175781,114.5,111.80000305175781,112.4000015258789,51280994,0.0,0.0
2019-06-28 00:00:00+05:30,112.5,113.0,107.5,108.75,68854685,0.0,0.0
2019-07-01 00:00:00+05:30,109.5,110.5,107.6500015258789,109.1500015258789,42545442,0.0,0.0
2019-07-02 00:00:00+05:30,108.05000305175781,108.05000305175781,99.80000305175781,100.80000305175781,149669579,0.0,0.0
2019-07-03 00:00:00+05:30,100.75,103.80000305175781,98.8499984741211,99.75,112667717,0.0,0.0
2019-07-04 00:00:00+05:30,101.0,102.1500015258789,95.19999694824219,96.25,108105010,0.0,0.0
2019-07-05 00:00:00+05:30,95.0,96.8499984741211,87.4000015258789,88.1500015258789,220546903,0.0,0.0
2019-07-08 00:00:00+05:30,87.0,94.5999984741211,85.6500015258789,93.1500015258789,197675527,0.0,0.0
2019-07-09 00:00:00+05:30,95.0,97.0,90.30000305175781,91.3499984741211,137863884,0.0,0.0
2019-07-10 00:00:00+05:30,92.1500015258789,94.0,91.5,93.0,75776545,0.0,0.0
2019-07-11 00:00:00+05:30,94.0,95.0,90.69999694824219,92.44999694824219,73432269,0.0,0.0
2019-07-12 00:00:00+05:30,93.25,94.8499984741211,91.6500015258789,94.19999694824219,60702978,0.0,0.0
2019-07-15 00:00:00+05:30,95.0,99.30000305175781,92.55000305175781,93.19999694824219,126736904,0.0,0.0
2019-07-16 00:00:00+05:30,94.0,106.5,92.25,103.8499984741211,228682135,0.0,0.0
2019-07-17 00:00:00+05:30,108.5,108.5,97.55000305175781,98.4000015258789,238375009,0.0,0.0
2019-07-18 00:00:00+05:30,88.5999984741211,90.25,79.1500015258789,85.80000305175781,229258092,0.0,0.0
2019-07-19 00:00:00+05:30,86.0,86.9000015258789,82.5999984741211,83.25,145863654,0.0,0.0
2019-07-22 00:00:00+05:30,83.30000305175781,92.5,81.69999694824219,91.1500015258789,208758719,0.0,0.0
2019-07-23 00:00:00+05:30,89.0,93.9000015258789,87.0999984741211,90.6500015258789,164964349,0.0,0.0
2019-07-24 00:00:00+05:30,91.5,93.6500015258789,88.1500015258789,89.1500015258789,104007122,0.0,0.0
2019-07-25 00:00:00+05:30,88.4000015258789,90.4000015258789,85.8499984741211,87.6500015258789,113015178,0.0,0.0
2019-07-26 00:00:00+05:30,88.75,96.9000015258789,87.0999984741211,96.05000305175781,186097455,0.0,0.0
2019-07-29 00:00:00+05:30,95.69999694824219,98.69999694824219,91.3499984741211,94.75,138287221,0.0,0.0
2019-07-30 00:00:00+05:30,95.0,96.30000305175781,81.1500015258789,86.05000305175781,120979045,0.0,0.0
2019-07-31 00:00:00+05:30,86.0,92.3499984741211,84.75,91.19999694824219,133054947,0.0,0.0
2019-08-01 00:00:00+05:30,88.94999694824219,91.30000305175781,85.75,88.4000015258789,111842102,0.0,0.0
2019-08-02 00:00:00+05:30,87.80000305175781,90.9000015258789,86.80000305175781,88.30000305175781,106397716,0.0,0.0
2019-08-05 00:00:00+05:30,88.0,88.0,79.5,81.0999984741211,136352605,0.0,0.0
2019-08-06 00:00:00+05:30,80.9000015258789,86.6500015258789,79.69999694824219,85.3499984741211,134819814,0.0,0.0
2019-08-07 00:00:00+05:30,86.5,92.0,86.0999984741211,86.8499984741211,171429816,0.0,0.0
2019-08-08 00:00:00+05:30,89.25,89.9000015258789,84.80000305175781,89.19999694824219,122325009,0.0,0.0
2019-08-09 00:00:00+05:30,91.80000305175781,92.44999694824219,81.1500015258789,82.1500015258789,187030766,0.0,0.0
2019-08-13 00:00:00+05:30,84.0,84.19999694824219,72.8499984741211,73.5999984741211,206712601,0.0,0.0
2019-08-14 00:00:00+05:30,74.9000015258789,77.9000015258789,70.55000305175781,76.55000305175781,173114134,0.0,0.0
2019-08-16 00:00:00+05:30,79.0,81.44999694824219,76.8499984741211,79.44999694824219,143478784,0.0,0.0
2019-08-19 00:00:00+05:30,79.44999694824219,80.75,76.0,76.6500015258789,127652182,0.0,0.0
2019-08-20 00:00:00+05:30,76.94999694824219,76.94999694824219,70.5,71.19999694824219,167966737,0.0,0.0
2019-08-21 00:00:00+05:30,71.19999694824219,71.5,64.55000305175781,65.4000015258789,228212985,0.0,0.0
2019-08-22 00:00:00+05:30,66.4000015258789,67.69999694824219,53.20000076293945,56.29999923706055,314692568,0.0,0.0
2019-08-23 00:00:00+05:30,56.400001525878906,61.25,54.75,59.25,309367850,0.0,0.0
2019-08-26 00:00:00+05:30,62.95000076293945,64.69999694824219,57.349998474121094,62.900001525878906,277799302,0.0,0.0
2019-08-27 00:00:00+05:30,62.900001525878906,65.3499984741211,62.5,64.5,190996863,0.0,0.0
2019-08-28 00:00:00+05:30,64.5,65.1500015258789,58.04999923706055,59.5,223167624,0.0,0.0
2019-08-29 00:00:00+05:30,59.25,59.29999923706055,55.0,57.400001525878906,188754023,0.0,0.0
2019-08-30 00:00:00+05:30,58.25,60.95000076293945,55.5,59.95000076293945,226395035,0.0,0.0
2019-09-03 00:00:00+05:30,59.25,62.29999923706055,57.650001525878906,58.75,196326964,0.0,0.0
2019-09-04 00:00:00+05:30,58.349998474121094,60.29999923706055,57.25,59.45000076293945,143742201,0.0,0.0
2019-09-05 00:00:00+05:30,59.70000076293945,62.349998474121094,58.849998474121094,61.95000076293945,177919556,0.0,0.0
2019-09-06 00:00:00+05:30,61.29999923706055,62.150001525878906,59.599998474121094,60.400001525878906,130716447,0.0,0.0
2019-09-09 00:00:00+05:30,60.099998474121094,64.0999984741211,59.849998474121094,63.099998474121094,150897861,0.0,0.0
2019-09-11 00:00:00+05:30,66.0,75.44999694824219,65.0,71.5999984741211,332938591,0.0,0.0
2019-09-12 00:00:00+05:30,71.80000305175781,72.19999694824219,67.1500015258789,67.94999694824219,221839869,0.0,0.0
2019-09-13 00:00:00+05:30,67.0,69.5,64.0999984741211,68.55000305175781,278285524,0.0,0.0
2019-09-16 00:00:00+05:30,67.5999984741211,68.19999694824219,65.94999694824219,67.05000305175781,128189225,0.0,0.0
2019-09-17 00:00:00+05:30,67.0999984741211,68.80000305175781,64.6500015258789,65.0999984741211,150932029,0.0,0.0
2019-09-18 00:00:00+05:30,66.0,66.44999694824219,61.70000076293945,64.0999984741211,186937027,0.0,0.0
2019-09-19 00:00:00+05:30,64.69999694824219,64.80000305175781,53.0,54.099998474121094,321270950,0.0,0.0
2019-09-20 00:00:00+05:30,53.70000076293945,59.900001525878906,52.70000076293945,55.5,398347296,0.0,0.0
2019-09-23 00:00:00+05:30,57.0,57.5,52.900001525878906,55.45000076293945,221169297,0.0,0.0
2019-09-24 00:00:00+05:30,54.900001525878906,57.650001525878906,53.54999923706055,56.04999923706055,171828060,0.0,0.0
2019-09-25 00:00:00+05:30,55.900001525878906,56.849998474121094,53.099998474121094,53.70000076293945,152430784,0.0,0.0
2019-09-26 00:00:00+05:30,53.900001525878906,54.25,50.54999923706055,51.04999923706055,249670424,0.0,0.0
2019-09-27 00:00:00+05:30,50.0,52.900001525878906,48.400001525878906,48.75,306867611,0.0,0.0
2019-09-30 00:00:00+05:30,48.25,49.099998474121094,40.95000076293945,41.400001525878906,356666325,0.0,0.0
2019-10-01 00:00:00+05:30,42.0,44.29999923706055,29.0,32.0,808959169,0.0,0.0
2019-10-03 00:00:00+05:30,35.20000076293945,43.45000076293945,35.20000076293945,42.5,584506441,0.0,0.0
2019-10-04 00:00:00+05:30,45.0,45.900001525878906,40.95000076293945,42.150001525878906,512643766,0.0,0.0
2019-10-07 00:00:00+05:30,45.95000076293945,46.79999923706055,42.79999923706055,45.650001525878906,355287494,0.0,0.0
2019-10-09 00:00:00+05:30,45.45000076293945,45.45000076293945,41.04999923706055,43.25,343533101,0.0,0.0
2019-10-10 00:00:00+05:30,41.70000076293945,42.70000076293945,40.150001525878906,40.95000076293945,207266038,0.0,0.0
2019-10-11 00:00:00+05:30,41.0,42.0,37.0,39.599998474121094,339478520,0.0,0.0
2019-10-14 00:00:00+05:30,39.900001525878906,41.5,38.79999923706055,40.099998474121094,223727101,0.0,0.0
2019-10-15 00:00:00+05:30,41.099998474121094,41.45000076293945,39.0,40.599998474121094,193601940,0.0,0.0
2019-10-16 00:00:00+05:30,40.599998474121094,42.04999923706055,39.79999923706055,41.04999923706055,188799876,0.0,0.0
2019-10-17 00:00:00+05:30,41.900001525878906,48.20000076293945,40.70000076293945,47.400001525878906,422749767,0.0,0.0
2019-10-18 00:00:00+05:30,46.599998474121094,52.70000076293945,46.0,51.400001525878906,441645534,0.0,0.0
2019-10-22 00:00:00+05:30,53.0,56.599998474121094,50.25,51.79999923706055,407437580,0.0,0.0
2019-10-23 00:00:00+05:30,51.79999923706055,53.5,49.20000076293945,51.20000076293945,296722600,0.0,0.0
2019-10-24 00:00:00+05:30,51.20000076293945,52.54999923706055,47.45000076293945,48.29999923706055,230787323,0.0,0.0
2019-10-25 00:00:00+05:30,48.650001525878906,54.29999923706055,45.75,52.150001525878906,346577924,0.0,0.0
2019-10-27 00:00:00+05:30,55.20000076293945,56.45000076293945,54.150001525878906,54.75,74989099,0.0,0.0
2019-10-29 00:00:00+05:30,54.349998474121094,59.900001525878906,53.099998474121094,58.150001525878906,368611147,0.0,0.0
2019-10-30 00:00:00+05:30,59.099998474121094,59.45000076293945,56.0,56.79999923706055,256297926,0.0,0.0
2019-10-31 00:00:00+05:30,56.099998474121094,78.69999694824219,54.900001525878906,70.4000015258789,836967454,0.0,0.0
2019-11-01 00:00:00+05:30,71.0,71.8499984741211,65.0,66.5999984741211,431574597,0.0,0.0
2019-11-04 00:00:00+05:30,59.95000076293945,71.30000305175781,56.650001525878906,66.1500015258789,420997681,0.0,0.0
2019-11-05 00:00:00+05:30,70.30000305175781,72.0,67.19999694824219,68.30000305175781,294896159,0.0,0.0
2019-11-06 00:00:00+05:30,68.55000305175781,71.1500015258789,67.55000305175781,68.69999694824219,226082900,0.0,0.0
2019-11-07 00:00:00+05:30,68.0,69.30000305175781,66.0,66.44999694824219,189859140,0.0,0.0
2019-11-08 00:00:00+05:30,65.9000015258789,72.30000305175781,64.30000305175781,68.94999694824219,413106980,0.0,0.0
2019-11-11 00:00:00+05:30,70.0,73.55000305175781,69.1500015258789,73.0,263947818,0.0,0.0
2019-11-13 00:00:00+05:30,74.4000015258789,75.30000305175781,67.0999984741211,68.19999694824219,317911123,0.0,0.0
2019-11-14 00:00:00+05:30,68.8499984741211,70.80000305175781,67.0999984741211,68.75,195114955,0.0,0.0
2019-11-15 00:00:00+05:30,69.19999694824219,70.19999694824219,68.30000305175781,68.69999694824219,129526064,0.0,0.0
2019-11-18 00:00:00+05:30,69.25,69.25,65.4000015258789,65.8499984741211,178150594,0.0,0.0
2019-11-19 00:00:00+05:30,65.0,67.25,63.04999923706055,64.1500015258789,239228500,0.0,0.0
2019-11-20 00:00:00+05:30,62.099998474121094,66.44999694824219,62.0,65.8499984741211,229215332,0.0,0.0
2019-11-21 00:00:00+05:30,66.9000015258789,66.9000015258789,63.79999923706055,64.25,133531524,0.0,0.0
2019-11-22 00:00:00+05:30,64.25,66.1500015258789,64.0,64.80000305175781,121791625,0.0,0.0
2019-11-25 00:00:00+05:30,64.94999694824219,65.5,62.29999923706055,63.75,171923335,0.0,0.0
2019-11-26 00:00:00+05:30,64.5999984741211,67.5,62.54999923706055,63.150001525878906,399791670,0.0,0.0
2019-11-27 00:00:00+05:30,68.0999984741211,69.0,65.6500015258789,68.25,254612192,0.0,0.0
2019-11-28 00:00:00+05:30,69.0,70.6500015258789,68.3499984741211,70.05000305175781,223021365,0.0,0.0
2019-11-29 00:00:00+05:30,72.0,74.0,67.55000305175781,68.30000305175781,428332393,0.0,0.0
2019-12-02 00:00:00+05:30,69.0,69.30000305175781,63.04999923706055,64.05000305175781,361756071,0.0,0.0
2019-12-03 00:00:00+05:30,64.0999984741211,65.25,59.0,59.5,297142445,0.0,0.0
2019-12-04 00:00:00+05:30,58.54999923706055,63.45000076293945,56.650001525878906,63.0,340845428,0.0,0.0
2019-12-05 00:00:00+05:30,63.0,64.0,60.849998474121094,62.099998474121094,224990595,0.0,0.0
2019-12-06 00:00:00+05:30,60.099998474121094,60.75,55.150001525878906,56.0,282441286,0.0,0.0
2019-12-09 00:00:00+05:30,56.0,58.849998474121094,53.75,56.25,314839590,0.0,0.0
2019-12-10 00:00:00+05:30,54.79999923706055,56.349998474121094,48.54999923706055,50.54999923706055,345518744,0.0,0.0
2019-12-11 00:00:00+05:30,47.25,49.400001525878906,40.75,42.79999923706055,661012673,0.0,0.0
2019-12-12 00:00:00+05:30,43.150001525878906,48.79999923706055,42.79999923706055,45.349998474121094,398199436,0.0,0.0
2019-12-13 00:00:00+05:30,45.5,47.650001525878906,45.400001525878906,46.650001525878906,201459985,0.0,0.0
2019-12-16 00:00:00+05:30,47.25,48.0,45.95000076293945,46.79999923706055,172273653,0.0,0.0
2019-12-17 00:00:00+05:30,47.400001525878906,48.20000076293945,46.849998474121094,47.599998474121094,130789036,0.0,0.0
2019-12-18 00:00:00+05:30,48.0,48.20000076293945,46.0,46.75,130282558,0.0,0.0
2019-12-19 00:00:00+05:30,46.0,51.400001525878906,44.95000076293945,49.900001525878906,307936405,0.0,0.0
2019-12-20 00:00:00+05:30,49.5,53.5,48.29999923706055,51.400001525878906,359647922,0.0,0.0
2019-12-23 00:00:00+05:30,50.75,52.29999923706055,48.70000076293945,49.650001525878906,276776855,0.0,0.0
2019-12-24 00:00:00+05:30,50.150001525878906,52.0,50.04999923706055,51.20000076293945,242779981,0.0,0.0
2019-12-26 00:00:00+05:30,51.0,51.599998474121094,48.25,48.650001525878906,216380349,0.0,0.0
2019-12-27 00:00:00+05:30,49.5,49.75,47.650001525878906,48.0,154956583,0.0,0.0
2019-12-30 00:00:00+05:30,47.900001525878906,48.95000076293945,46.650001525878906,47.349998474121094,152510288,0.0,0.0
2019-12-31 00:00:00+05:30,47.29999923706055,48.04999923706055,46.349998474121094,46.95000076293945,141422188,0.0,0.0
2020-01-01 00:00:00+05:30,46.95000076293945,47.5,46.5,46.650001525878906,102291841,0.0,0.0
2020-01-02 00:00:00+05:30,46.79999923706055,48.5,46.400001525878906,47.349998474121094,122242838,0.0,0.0
2020-01-03 00:00:00+05:30,47.349998474121094,48.25,46.849998474121094,47.099998474121094,94827592,0.0,0.0
2020-01-06 00:00:00+05:30,46.75,46.75,45.0,45.150001525878906,102880221,0.0,0.0
2020-01-07 00:00:00+05:30,45.70000076293945,46.400001525878906,43.95000076293945,45.04999923706055,111094678,0.0,0.0
2020-01-08 00:00:00+05:30,46.25,47.20000076293945,45.29999923706055,46.04999923706055,140074287,0.0,0.0
2020-01-09 00:00:00+05:30,47.0,48.5,46.29999923706055,47.29999923706055,152025694,0.0,0.0
2020-01-10 00:00:00+05:30,47.95000076293945,48.349998474121094,43.79999923706055,44.75,303072426,0.0,0.0
2020-01-13 00:00:00+05:30,43.400001525878906,43.900001525878906,41.04999923706055,42.099998474121094,194734026,0.0,0.0
2020-01-14 00:00:00+05:30,41.75,41.75,36.54999923706055,38.54999923706055,314975429,0.0,0.0
2020-01-15 00:00:00+05:30,38.45000076293945,41.099998474121094,36.650001525878906,39.75,400694734,0.0,0.0
2020-01-16 00:00:00+05:30,40.150001525878906,40.900001525878906,39.75,39.95000076293945,126354618,0.0,0.0
2020-01-17 00:00:00+05:30,37.599998474121094,39.54999923706055,37.0,39.25,125635833,0.0,0.0
2020-01-20 00:00:00+05:30,39.5,40.20000076293945,38.45000076293945,38.650001525878906,89703186,0.0,0.0
2020-01-21 00:00:00+05:30,38.599998474121094,39.20000076293945,38.099998474121094,38.349998474121094,67215936,0.0,0.0
2020-01-22 00:00:00+05:30,38.70000076293945,39.0,38.0,38.45000076293945,62400795,0.0,0.0
2020-01-23 00:00:00+05:30,38.54999923706055,41.400001525878906,38.349998474121094,40.95000076293945,178774952,0.0,0.0
2020-01-24 00:00:00+05:30,41.20000076293945,45.0,41.099998474121094,42.79999923706055,289854100,0.0,0.0
2020-01-27 00:00:00+05:30,42.29999923706055,43.45000076293945,41.849998474121094,42.400001525878906,134241973,0.0,0.0
2020-01-28 00:00:00+05:30,42.5,43.29999923706055,41.25,41.650001525878906,106167368,0.0,0.0
2020-01-29 00:00:00+05:30,41.849998474121094,42.349998474121094,41.0,41.20000076293945,141475654,0.0,0.0
2020-01-30 00:00:00+05:30,40.79999923706055,40.849998474121094,38.54999923706055,39.04999923706055,150556233,0.0,0.0
2020-01-31 00:00:00+05:30,39.29999923706055,40.20000076293945,38.70000076293945,39.25,117636393,0.0,0.0
2020-02-03 00:00:00+05:30,37.95000076293945,38.400001525878906,35.70000076293945,36.0,148030362,0.0,0.0
2020-02-04 00:00:00+05:30,36.150001525878906,36.400001525878906,34.45000076293945,34.95000076293945,138230643,0.0,0.0
2020-02-05 00:00:00+05:30,35.099998474121094,39.70000076293945,34.04999923706055,37.599998474121094,281100614,0.0,0.0
2020-02-06 00:00:00+05:30,37.900001525878906,39.5,37.79999923706055,38.54999923706055,135268292,0.0,0.0
2020-02-07 00:00:00+05:30,38.79999923706055,39.95000076293945,38.150001525878906,38.70000076293945,127163152,0.0,0.0
2020-02-10 00:00:00+05:30,40.0,40.75,37.099998474121094,37.54999923706055,142245961,0.0,0.0
2020-02-11 00:00:00+05:30,37.75,38.099998474121094,36.70000076293945,36.849998474121094,96791648,0.0,0.0
2020-02-12 00:00:00+05:30,36.75,36.75,35.04999923706055,35.20000076293945,101372754,0.0,0.0
2020-02-13 00:00:00+05:30,36.95000076293945,38.0,36.0,37.20000076293945,168339964,0.0,0.0
2020-02-14 00:00:00+05:30,37.5,40.20000076293945,37.5,38.900001525878906,187898337,0.0,0.0
2020-02-17 00:00:00+05:30,39.5,40.099998474121094,36.599998474121094,37.150001525878906,116075992,0.0,0.0
2020-02-18 00:00:00+05:30,37.349998474121094,37.5,33.650001525878906,35.04999923706055,229070225,0.0,0.0
2020-02-19 00:00:00+05:30,34.0,36.20000076293945,33.599998474121094,35.29999923706055,127701131,0.0,0.0
2020-02-20 00:00:00+05:30,35.29999923706055,36.5,34.650001525878906,35.45000076293945,119436898,0.0,0.0
2020-02-24 00:00:00+05:30,35.5,35.900001525878906,34.150001525878906,34.95000076293945,105851722,0.0,0.0
2020-02-25 00:00:00+05:30,35.25,36.0,34.75,35.150001525878906,88184594,0.0,0.0
2020-02-26 00:00:00+05:30,34.900001525878906,37.04999923706055,34.45000076293945,36.54999923706055,149229469,0.0,0.0
2020-02-27 00:00:00+05:30,37.29999923706055,37.95000076293945,36.0,36.79999923706055,164315370,0.0,0.0
2020-02-28 00:00:00+05:30,35.150001525878906,35.849998474121094,34.29999923706055,34.599998474121094,141720001,0.0,0.0
2020-03-02 00:00:00+05:30,35.20000076293945,35.54999923706055,29.799999237060547,31.549999237060547,127750922,0.0,0.0
2020-03-03 00:00:00+05:30,32.45000076293945,33.29999923706055,30.5,31.200000762939453,164268356,0.0,0.0
2020-03-04 00:00:00+05:30,31.5,31.700000762939453,28.700000762939453,29.299999237060547,202851281,0.0,0.0
2020-03-05 00:00:00+05:30,29.399999618530273,37.849998474121094,28.0,36.79999923706055,784703310,0.0,0.0
2020-03-06 00:00:00+05:30,33.150001525878906,33.150001525878906,5.650000095367432,16.149999618530273,191175895,0.0,0.0
2020-03-09 00:00:00+05:30,17.0,22.799999237060547,16.200000762939453,21.25,727555369,0.0,0.0
2020-03-11 00:00:00+05:30,23.350000381469727,29.600000381469727,23.350000381469727,28.799999237060547,413642132,0.0,0.0
2020-03-12 00:00:00+05:30,28.700000762939453,28.700000762939453,17.450000762939453,25.049999237060547,337764206,0.0,0.0
2020-03-13 00:00:00+05:30,22.549999237060547,27.700000762939453,21.350000381469727,25.549999237060547,276659418,0.0,0.0
2020-03-16 00:00:00+05:30,26.700000762939453,40.400001525878906,26.049999237060547,37.099998474121094,166519072,0.0,0.0
2020-03-17 00:00:00+05:30,40.79999923706055,64.9000015258789,40.79999923706055,58.650001525878906,223459530,0.0,0.0
2020-03-18 00:00:00+05:30,64.5,87.30000305175781,49.900001525878906,60.45000076293945,364133191,0.0,0.0
2020-03-19 00:00:00+05:30,61.650001525878906,61.79999923706055,42.79999923706055,53.849998474121094,147322500,0.0,0.0
2020-03-20 00:00:00+05:30,59.20000076293945,67.30000305175781,41.25,45.849998474121094,118188727,0.0,0.0
2020-03-23 00:00:00+05:30,41.29999923706055,49.5,39.25,39.75,93892480,0.0,0.0
2020-03-24 00:00:00+05:30,43.650001525878906,43.70000076293945,34.54999923706055,35.0,79655385,0.0,0.0
2020-03-25 00:00:00+05:30,35.29999923706055,35.5,28.5,29.600000381469727,95151977,0.0,0.0
2020-03-26 00:00:00+05:30,29.350000381469727,31.0,25.200000762939453,26.600000381469727,119555918,0.0,0.0
2020-03-27 00:00:00+05:30,29.049999237060547,33.25,26.0,26.350000381469727,118571420,0.0,0.0
2020-03-30 00:00:00+05:30,27.649999618530273,27.700000762939453,24.549999237060547,24.899999618530273,54980358,0.0,0.0
2020-03-31 00:00:00+05:30,25.549999237060547,25.549999237060547,22.049999237060547,22.450000762939453,75256060,0.0,0.0
2020-04-01 00:00:00+05:30,22.0,24.649999618530273,20.25,23.950000762939453,90370313,0.0,0.0
2020-04-03 00:00:00+05:30,24.5,24.950000762939453,22.799999237060547,24.100000381469727,45325371,0.0,0.0
2020-04-07 00:00:00+05:30,25.399999618530273,25.399999618530273,23.799999237060547,24.549999237060547,35065244,0.0,0.0
2020-04-08 00:00:00+05:30,24.5,25.5,23.299999237060547,24.75,37246322,0.0,0.0
2020-04-09 00:00:00+05:30,25.0,25.299999237060547,24.5,24.899999618530273,26334203,0.0,0.0
2020-04-13 00:00:00+05:30,25.0,25.0,23.549999237060547,24.100000381469727,26106950,0.0,0.0
2020-04-15 00:00:00+05:30,24.100000381469727,25.950000762939453,23.850000381469727,24.5,39619283,0.0,0.0
2020-04-16 00:00:00+05:30,24.299999237060547,24.950000762939453,24.049999237060547,24.600000381469727,18765781,0.0,0.0
2020-04-17 00:00:00+05:30,25.100000381469727,25.5,24.700000762939453,25.100000381469727,26604581,0.0,0.0
2020-04-20 00:00:00+05:30,25.600000381469727,30.100000381469727,25.100000381469727,29.450000762939453,114972573,0.0,0.0
2020-04-21 00:00:00+05:30,29.399999618530273,30.450000762939453,27.549999237060547,29.649999618530273,76221038,0.0,0.0
2020-04-22 00:00:00+05:30,29.0,30.299999237060547,28.799999237060547,29.600000381469727,35024548,0.0,0.0
2020-04-23 00:00:00+05:30,29.600000381469727,29.899999618530273,27.850000381469727,28.299999237060547,33486481,0.0,0.0
2020-04-24 00:00:00+05:30,28.049999237060547,28.149999618530273,26.299999237060547,26.600000381469727,34134425,0.0,0.0
2020-04-27 00:00:00+05:30,26.799999237060547,27.700000762939453,25.899999618530273,27.049999237060547,32510358,0.0,0.0
2020-04-28 00:00:00+05:30,27.25,27.799999237060547,26.850000381469727,27.25,18702865,0.0,0.0
2020-04-29 00:00:00+05:30,27.0,29.350000381469727,26.600000381469727,28.049999237060547,42484371,0.0,0.0
2020-04-30 00:00:00+05:30,28.700000762939453,28.950000762939453,27.700000762939453,27.899999618530273,32086688,0.0,0.0
2020-05-04 00:00:00+05:30,27.5,27.649999618530273,26.600000381469727,27.049999237060547,22741985,0.0,0.0
2020-05-05 00:00:00+05:30,27.399999618530273,27.649999618530273,26.5,26.600000381469727,16869306,0.0,0.0
2020-05-06 00:00:00+05:30,26.399999618530273,26.75,25.0,26.299999237060547,22880846,0.0,0.0
2020-05-07 00:00:00+05:30,25.75,31.549999237060547,25.549999237060547,28.100000381469727,99669448,0.0,0.0
2020-05-08 00:00:00+05:30,28.100000381469727,28.799999237060547,26.649999618530273,27.049999237060547,28709680,0.0,0.0
2020-05-11 00:00:00+05:30,27.25,28.049999237060547,26.700000762939453,27.799999237060547,29803681,0.0,0.0
2020-05-12 00:00:00+05:30,27.700000762939453,28.399999618530273,26.850000381469727,27.950000762939453,21395640,0.0,0.0
2020-05-13 00:00:00+05:30,29.0,29.450000762939453,28.100000381469727,28.649999618530273,25818551,0.0,0.0
2020-05-14 00:00:00+05:30,28.399999618530273,28.799999237060547,27.899999618530273,28.200000762939453,13376096,0.0,0.0
2020-05-15 00:00:00+05:30,28.200000762939453,29.0,27.299999237060547,28.700000762939453,23445802,0.0,0.0
2020-05-18 00:00:00+05:30,28.649999618530273,28.649999618530273,26.799999237060547,27.549999237060547,20466541,0.0,0.0
2020-05-19 00:00:00+05:30,27.700000762939453,28.0,27.100000381469727,27.399999618530273,16161584,0.0,0.0
2020-05-20 00:00:00+05:30,27.149999618530273,27.600000381469727,27.100000381469727,27.149999618530273,9932936,0.0,0.0
2020-05-21 00:00:00+05:30,27.200000762939453,27.600000381469727,26.799999237060547,26.899999618530273,12104336,0.0,0.0
2020-05-22 00:00:00+05:30,26.950000762939453,27.0,26.0,26.549999237060547,14604330,0.0,0.0
2020-05-26 00:00:00+05:30,26.950000762939453,28.149999618530273,26.350000381469727,27.399999618530273,19431745,0.0,0.0
2020-05-27 00:00:00+05:30,27.450000762939453,27.899999618530273,27.350000381469727,27.600000381469727,12273157,0.0,0.0
2020-05-28 00:00:00+05:30,27.850000381469727,28.799999237060547,26.850000381469727,27.0,27672133,0.0,0.0
2020-05-29 00:00:00+05:30,26.5,27.399999618530273,26.5,26.850000381469727,15147150,0.0,0.0
2020-06-01 00:00:00+05:30,27.549999237060547,27.600000381469727,27.0,27.149999618530273,11174742,0.0,0.0
2020-06-02 00:00:00+05:30,27.25,27.399999618530273,27.049999237060547,27.149999618530273,9992679,0.0,0.0
2020-06-03 00:00:00+05:30,27.600000381469727,29.399999618530273,27.25,27.950000762939453,31711143,0.0,0.0
2020-06-04 00:00:00+05:30,28.0,28.700000762939453,27.799999237060547,27.950000762939453,12147977,0.0,0.0
2020-06-05 00:00:00+05:30,28.0,29.200000762939453,28.0,28.850000381469727,18867551,0.0,0.0
2020-06-08 00:00:00+05:30,29.600000381469727,32.0,29.0,30.600000381469727,49257020,0.0,0.0
2020-06-09 00:00:00+05:30,31.0,31.600000381469727,29.700000762939453,29.850000381469727,23134107,0.0,0.0
2020-06-10 00:00:00+05:30,30.350000381469727,30.75,30.0,30.399999618530273,15646728,0.0,0.0
2020-06-11 00:00:00+05:30,30.600000381469727,31.700000762939453,29.600000381469727,29.799999237060547,20832320,0.0,0.0
2020-06-12 00:00:00+05:30,28.0,29.700000762939453,28.0,29.5,12411225,0.0,0.0
2020-06-15 00:00:00+05:30,30.0,30.799999237060547,28.799999237060547,29.0,13439069,0.0,0.0
2020-06-16 00:00:00+05:30,29.5,29.950000762939453,27.549999237060547,28.399999618530273,22459034,0.0,0.0
2020-06-17 00:00:00+05:30,27.350000381469727,28.299999237060547,27.049999237060547,27.649999618530273,12790776,0.0,0.0
2020-06-18 00:00:00+05:30,27.700000762939453,28.200000762939453,27.399999618530273,28.0,11550447,0.0,0.0
2020-06-19 00:00:00+05:30,28.200000762939453,28.299999237060547,27.899999618530273,28.0,9274835,0.0,0.0
2020-06-22 00:00:00+05:30,28.100000381469727,28.5,27.350000381469727,27.75,19374366,0.0,0.0
2020-06-23 00:00:00+05:30,27.799999237060547,27.799999237060547,27.399999618530273,27.549999237060547,16731250,0.0,0.0
2020-06-24 00:00:00+05:30,27.799999237060547,27.799999237060547,27.049999237060547,27.049999237060547,14013891,0.0,0.0
2020-06-25 00:00:00+05:30,27.049999237060547,27.25,26.549999237060547,27.0,9661441,0.0,0.0
2020-06-26 00:00:00+05:30,27.200000762939453,27.25,26.600000381469727,26.75,12130118,0.0,0.0
2020-06-29 00:00:00+05:30,26.799999237060547,26.899999618530273,26.0,26.100000381469727,10631833,0.0,0.0
2020-06-30 00:00:00+05:30,26.5,26.600000381469727,25.5,25.600000381469727,16159682,0.0,0.0
2020-07-01 00:00:00+05:30,25.75,28.350000381469727,25.0,26.899999618530273,27482989,0.0,0.0
2020-07-02 00:00:00+05:30,27.299999237060547,27.299999237060547,26.049999237060547,26.25,15594665,0.0,0.0
2020-07-03 00:00:00+05:30,26.5,26.549999237060547,25.799999237060547,26.149999618530273,14789015,0.0,0.0
2020-07-06 00:00:00+05:30,26.399999618530273,26.450000762939453,25.950000762939453,26.049999237060547,12731540,0.0,0.0
2020-07-07 00:00:00+05:30,26.049999237060547,26.100000381469727,25.5,25.75,19463491,0.0,0.0
2020-07-08 00:00:00+05:30,25.200000762939453,27.100000381469727,24.0,26.049999237060547,33209234,0.0,0.0
2020-07-09 00:00:00+05:30,27.5,27.5,26.200000762939453,26.649999618530273,42165092,0.0,0.0
2020-07-10 00:00:00+05:30,26.700000762939453,26.75,24.200000762939453,25.549999237060547,54310633,0.0,0.0
2020-07-13 00:00:00+05:30,22.049999237060547,23.5,21.0,22.049999237060547,70078860,0.0,0.0
2020-07-14 00:00:00+05:30,21.799999237060547,21.799999237060547,20.299999237060547,20.950000762939453,36850817,0.0,0.0
2020-07-15 00:00:00+05:30,20.5,22.0,20.299999237060547,20.450000762939453,43240230,0.0,0.0
2020-07-16 00:00:00+05:30,20.0,20.25,18.700000762939453,19.200000762939453,38190777,0.0,0.0
2020-07-17 00:00:00+05:30,18.399999618530273,20.399999618530273,18.100000381469727,19.799999237060547,71202774,0.0,0.0
2020-07-20 00:00:00+05:30,19.799999237060547,19.950000762939453,18.700000762939453,19.450000762939453,36858480,0.0,0.0
2020-07-21 00:00:00+05:30,19.0,19.450000762939453,18.799999237060547,19.299999237060547,27565157,0.0,0.0
2020-07-22 00:00:00+05:30,18.649999618530273,19.0,18.049999237060547,18.25,47887319,0.0,0.0
2020-07-23 00:00:00+05:30,14.600000381469727,16.450000762939453,14.600000381469727,14.75,453366646,0.0,0.0
2020-07-24 00:00:00+05:30,14.0,14.399999618530273,13.550000190734863,13.649999618530273,455328516,0.0,0.0
2020-07-27 00:00:00+05:30,12.300000190734863,12.300000190734863,12.300000190734863,12.300000190734863,299492432,0.0,0.0
2020-07-28 00:00:00+05:30,11.100000381469727,11.949999809265137,11.100000381469727,11.899999618530273,1057366999,0.0,0.0
2020-07-29 00:00:00+05:30,12.0,12.300000190734863,11.649999618530273,11.699999809265137,596420949,0.0,0.0
2020-07-30 00:00:00+05:30,11.949999809265137,12.100000381469727,11.850000381469727,11.949999809265137,224033242,0.0,0.0
2020-07-31 00:00:00+05:30,12.050000190734863,12.100000381469727,11.899999618530273,11.949999809265137,120243755,0.0,0.0
2020-08-03 00:00:00+05:30,12.0,12.050000190734863,11.899999618530273,12.0,90175030,0.0,0.0
2020-08-04 00:00:00+05:30,12.300000190734863,12.399999618530273,12.149999618530273,12.25,156911412,0.0,0.0
2020-08-05 00:00:00+05:30,12.25,12.850000381469727,12.199999809265137,12.850000381469727,372809488,0.0,0.0
2020-08-06 00:00:00+05:30,13.449999809265137,13.449999809265137,13.149999618530273,13.449999809265137,426044666,0.0,0.0
2020-08-07 00:00:00+05:30,14.0,14.100000381469727,13.350000381469727,14.100000381469727,706275586,0.0,0.0
2020-08-10 00:00:00+05:30,14.5,14.800000190734863,14.300000190734863,14.800000190734863,221529507,0.0,0.0
2020-08-11 00:00:00+05:30,15.5,15.5,15.5,15.5,34750719,0.0,0.0
2020-08-12 00:00:00+05:30,16.25,16.25,16.25,16.25,31868213,0.0,0.0
2020-08-13 00:00:00+05:30,17.049999237060547,17.049999237060547,15.649999618530273,15.850000381469727,722489696,0.0,0.0
2020-08-14 00:00:00+05:30,15.899999618530273,15.899999618530273,15.100000381469727,15.100000381469727,190647399,0.0,0.0
2020-08-17 00:00:00+05:30,14.699999809265137,14.899999618530273,14.350000381469727,14.350000381469727,276737240,0.0,0.0
2020-08-18 00:00:00+05:30,14.100000381469727,15.050000190734863,13.899999618530273,15.050000190734863,404132200,0.0,0.0
2020-08-19 00:00:00+05:30,15.5,15.800000190734863,15.350000381469727,15.800000190734863,257838316,0.0,0.0
2020-08-20 00:00:00+05:30,15.800000190734863,16.399999618530273,15.350000381469727,15.75,401468763,0.0,0.0
2020-08-21 00:00:00+05:30,16.0,16.100000381469727,15.300000190734863,15.550000190734863,146216818,0.0,0.0
2020-08-24 00:00:00+05:30,15.25,15.449999809265137,14.800000190734863,14.800000190734863,331316063,0.0,0.0
2020-08-25 00:00:00+05:30,14.75,15.0,14.350000381469727,14.75,206492592,0.0,0.0
2020-08-26 00:00:00+05:30,14.850000381469727,14.899999618530273,14.600000381469727,14.649999618530273,107557951,0.0,0.0
2020-08-27 00:00:00+05:30,14.75,14.899999618530273,14.600000381469727,14.699999809265137,99011520,0.0,0.0
2020-08-28 00:00:00+05:30,15.100000381469727,15.399999618530273,14.899999618530273,15.0,273107176,0.0,0.0
2020-08-31 00:00:00+05:30,15.350000381469727,15.600000381469727,14.300000190734863,14.350000381469727,244889307,0.0,0.0
2020-09-01 00:00:00+05:30,14.350000381469727,15.0,13.949999809265137,14.649999618530273,170999195,0.0,0.0
2020-09-02 00:00:00+05:30,14.800000190734863,14.800000190734863,14.199999809265137,14.399999618530273,94394931,0.0,0.0
2020-09-03 00:00:00+05:30,14.399999618530273,14.800000190734863,14.199999809265137,14.600000381469727,112737222,0.0,0.0
2020-09-04 00:00:00+05:30,14.199999809265137,14.449999809265137,14.050000190734863,14.25,85850962,0.0,0.0
2020-09-07 00:00:00+05:30,14.25,14.300000190734863,14.050000190734863,14.100000381469727,86411606,0.0,0.0
2020-09-08 00:00:00+05:30,14.100000381469727,14.149999618530273,13.899999618530273,13.949999809265137,68597182,0.0,0.0
2020-09-09 00:00:00+05:30,13.699999809265137,13.75,13.300000190734863,13.649999618530273,142131529,0.0,0.0
2020-09-10 00:00:00+05:30,13.75,14.149999618530273,13.649999618530273,13.899999618530273,93268086,0.0,0.0
2020-09-11 00:00:00+05:30,14.350000381469727,14.550000190734863,14.25,14.550000190734863,147448491,0.0,0.0
2020-09-14 00:00:00+05:30,14.949999809265137,15.25,14.550000190734863,14.75,332717172,0.0,0.0
2020-09-15 00:00:00+05:30,14.850000381469727,14.949999809265137,14.449999809265137,14.550000190734863,83553375,0.0,0.0
2020-09-16 00:00:00+05:30,14.600000381469727,14.600000381469727,14.199999809265137,14.25,86647887,0.0,0.0
2020-09-17 00:00:00+05:30,14.0,14.25,13.649999618530273,14.100000381469727,99045764,0.0,0.0
2020-09-18 00:00:00+05:30,14.100000381469727,14.25,13.949999809265137,14.0,63794776,0.0,0.0
2020-09-21 00:00:00+05:30,14.0,14.050000190734863,13.5,13.550000190734863,92759761,0.0,0.0
2020-09-22 00:00:00+05:30,13.5,13.5,12.949999809265137,13.199999809265137,125131484,0.0,0.0
2020-09-23 00:00:00+05:30,13.399999618530273,13.5,13.0,13.149999618530273,85126564,0.0,0.0
2020-09-24 00:00:00+05:30,13.0,13.050000190734863,12.75,12.949999809265137,111595285,0.0,0.0
2020-09-25 00:00:00+05:30,13.0,13.550000190734863,13.0,13.350000381469727,113039504,0.0,0.0
2020-09-28 00:00:00+05:30,13.5,13.850000381469727,13.350000381469727,13.550000190734863,73586832,0.0,0.0
2020-09-29 00:00:00+05:30,13.600000381469727,13.649999618530273,13.300000190734863,13.350000381469727,65134501,0.0,0.0
2020-09-30 00:00:00+05:30,13.399999618530273,13.399999618530273,13.100000381469727,13.149999618530273,40558694,0.0,0.0
2020-10-01 00:00:00+05:30,13.300000190734863,13.5,13.149999618530273,13.300000190734863,45034473,0.0,0.0
2020-10-05 00:00:00+05:30,13.449999809265137,13.649999618530273,13.300000190734863,13.350000381469727,52848911,0.0,0.0
2020-10-06 00:00:00+05:30,13.350000381469727,13.449999809265137,13.149999618530273,13.300000190734863,41178408,0.0,0.0
2020-10-07 00:00:00+05:30,13.300000190734863,13.300000190734863,13.100000381469727,13.149999618530273,31461862,0.0,0.0
2020-10-08 00:00:00+05:30,13.199999809265137,13.25,13.100000381469727,13.100000381469727,36030642,0.0,0.0
2020-10-09 00:00:00+05:30,13.050000190734863,13.199999809265137,13.0,13.149999618530273,48956206,0.0,0.0
2020-10-12 00:00:00+05:30,13.199999809265137,13.350000381469727,12.949999809265137,13.0,86131388,0.0,0.0
2020-10-13 00:00:00+05:30,12.949999809265137,13.149999618530273,12.800000190734863,12.949999809265137,63116120,0.0,0.0
2020-10-14 00:00:00+05:30,12.899999618530273,12.949999809265137,12.800000190734863,12.899999618530273,63099710,0.0,0.0
2020-10-15 00:00:00+05:30,12.899999618530273,12.899999618530273,12.600000381469727,12.649999618530273,53991774,0.0,0.0
2020-10-16 00:00:00+05:30,12.550000190734863,12.75,12.5,12.649999618530273,60457260,0.0,0.0
2020-10-19 00:00:00+05:30,12.850000381469727,13.050000190734863,12.800000190734863,12.899999618530273,52205071,0.0,0.0
2020-10-20 00:00:00+05:30,12.899999618530273,12.949999809265137,12.800000190734863,12.899999618530273,36303794,0.0,0.0
2020-10-21 00:00:00+05:30,13.0,13.149999618530273,12.649999618530273,12.949999809265137,76137706,0.0,0.0
2020-10-22 00:00:00+05:30,12.899999618530273,12.949999809265137,12.649999618530273,12.699999809265137,60841978,0.0,0.0
2020-10-23 00:00:00+05:30,12.699999809265137,13.300000190734863,12.649999618530273,13.300000190734863,73134340,0.0,0.0
2020-10-26 00:00:00+05:30,13.949999809265137,13.949999809265137,12.899999618530273,13.149999618530273,187495012,0.0,0.0
2020-10-27 00:00:00+05:30,13.050000190734863,13.100000381469727,12.699999809265137,12.850000381469727,96603556,0.0,0.0
2020-10-28 00:00:00+05:30,12.800000190734863,12.800000190734863,12.5,12.5,98681293,0.0,0.0
2020-10-29 00:00:00+05:30,12.300000190734863,12.449999809265137,12.149999618530273,12.399999618530273,58770634,0.0,0.0
2020-10-30 00:00:00+05:30,12.399999618530273,12.600000381469727,12.300000190734863,12.399999618530273,52710399,0.0,0.0
2020-11-02 00:00:00+05:30,12.449999809265137,12.5,12.199999809265137,12.25,49849401,0.0,0.0
2020-11-03 00:00:00+05:30,12.399999618530273,12.399999618530273,12.25,12.25,47277462,0.0,0.0
2020-11-04 00:00:00+05:30,12.300000190734863,12.399999618530273,12.199999809265137,12.25,45799739,0.0,0.0
2020-11-05 00:00:00+05:30,12.25,12.399999618530273,12.25,12.300000190734863,32619961,0.0,0.0
2020-11-06 00:00:00+05:30,12.300000190734863,12.350000381469727,12.199999809265137,12.300000190734863,83956341,0.0,0.0
2020-11-09 00:00:00+05:30,12.350000381469727,12.899999618530273,12.25,12.899999618530273,128615608,0.0,0.0
2020-11-10 00:00:00+05:30,13.5,13.5,13.5,13.5,80270780,0.0,0.0
2020-11-11 00:00:00+05:30,14.149999618530273,14.149999618530273,14.149999618530273,14.149999618530273,54007188,0.0,0.0
2020-11-12 00:00:00+05:30,14.699999809265137,14.699999809265137,13.600000381469727,14.350000381469727,480646515,0.0,0.0
2020-11-13 00:00:00+05:30,14.25,14.850000381469727,13.949999809265137,14.550000190734863,232152650,0.0,0.0
2020-11-14 00:00:00+05:30,14.800000190734863,14.899999618530273,14.5,14.550000190734863,66249326,0.0,0.0
2020-11-17 00:00:00+05:30,14.649999618530273,14.699999809265137,14.399999618530273,14.649999618530273,192776749,0.0,0.0
2020-11-18 00:00:00+05:30,14.649999618530273,14.850000381469727,14.449999809265137,14.699999809265137,207060545,0.0,0.0
2020-11-19 00:00:00+05:30,14.550000190734863,14.699999809265137,14.050000190734863,14.25,200887914,0.0,0.0
2020-11-20 00:00:00+05:30,14.300000190734863,14.649999618530273,14.100000381469727,14.550000190734863,183959497,0.0,0.0
2020-11-23 00:00:00+05:30,14.649999618530273,14.899999618530273,14.25,14.550000190734863,305463387,0.0,0.0
2020-11-24 00:00:00+05:30,14.600000381469727,14.75,14.5,14.699999809265137,173079102,0.0,0.0
2020-11-25 00:00:00+05:30,14.75,14.75,14.050000190734863,14.149999618530273,157534267,0.0,0.0
2020-11-26 00:00:00+05:30,14.149999618530273,14.25,13.850000381469727,14.100000381469727,126306469,0.0,0.0
2020-11-27 00:00:00+05:30,14.199999809265137,14.800000190734863,14.050000190734863,14.699999809265137,21419226,0.0,0.0
2020-12-01 00:00:00+05:30,15.399999618530273,15.399999618530273,15.050000190734863,15.399999618530273,384256021,0.0,0.0
2020-12-02 00:00:00+05:30,15.699999809265137,15.899999618530273,14.850000381469727,15.449999809265137,311349886,0.0,0.0
2020-12-03 00:00:00+05:30,15.649999618530273,15.800000190734863,15.25,15.449999809265137,152445535,0.0,0.0
2020-12-04 00:00:00+05:30,15.600000381469727,15.600000381469727,15.050000190734863,15.350000381469727,149691622,0.0,0.0
2020-12-07 00:00:00+05:30,15.649999618530273,15.850000381469727,15.5,15.75,193242183,0.0,0.0
2020-12-08 00:00:00+05:30,16.0,17.299999237060547,16.0,17.299999237060547,562741066,0.0,0.0
2020-12-09 00:00:00+05:30,18.25,19.0,18.049999237060547,19.0,488175314,0.0,0.0
2020-12-10 00:00:00+05:30,20.0,20.75,19.149999618530273,20.450000762939453,662896680,0.0,0.0
2020-12-11 00:00:00+05:30,20.75,20.75,19.450000762939453,19.450000762939453,444459632,0.0,0.0
2020-12-14 00:00:00+05:30,19.399999618530273,19.450000762939453,18.5,18.5,136661650,0.0,0.0
2020-12-15 00:00:00+05:30,17.799999237060547,18.450000762939453,17.600000381469727,18.299999237060547,446734713,0.0,0.0
2020-12-16 00:00:00+05:30,18.700000762939453,19.200000762939453,18.399999618530273,18.850000381469727,250939029,0.0,0.0
2020-12-17 00:00:00+05:30,18.899999618530273,18.899999618530273,18.149999618530273,18.25,131495445,0.0,0.0
2020-12-18 00:00:00+05:30,18.149999618530273,19.100000381469727,17.549999237060547,18.899999618530273,283132487,0.0,0.0
2020-12-21 00:00:00+05:30,18.950000762939453,19.0,18.0,18.0,168955038,0.0,0.0
2020-12-22 00:00:00+05:30,17.399999618530273,17.600000381469727,17.100000381469727,17.299999237060547,284913909,0.0,0.0
2020-12-23 00:00:00+05:30,17.5,17.850000381469727,17.049999237060547,17.600000381469727,216066991,0.0,0.0
2020-12-24 00:00:00+05:30,17.899999618530273,18.0,17.299999237060547,17.549999237060547,124638448,0.0,0.0
2020-12-28 00:00:00+05:30,17.799999237060547,18.200000762939453,17.549999237060547,17.799999237060547,149082382,0.0,0.0
2020-12-29 00:00:00+05:30,17.850000381469727,18.0,17.600000381469727,17.75,103589664,0.0,0.0
2020-12-30 00:00:00+05:30,17.700000762939453,17.850000381469727,17.450000762939453,17.75,79131606,0.0,0.0
2020-12-31 00:00:00+05:30,17.75,18.149999618530273,17.649999618530273,17.850000381469727,125361787,0.0,0.0
2021-01-01 00:00:00+05:30,17.850000381469727,18.450000762939453,17.799999237060547,18.0,146080241,0.0,0.0
2021-01-04 00:00:00+05:30,18.399999618530273,18.600000381469727,17.899999618530273,18.0,214860840,0.0,0.0
2021-01-05 00:00:00+05:30,17.950000762939453,18.25,17.75,18.0,172429356,0.0,0.0
2021-01-06 00:00:00+05:30,18.200000762939453,18.399999618530273,17.799999237060547,18.0,196901365,0.0,0.0
2021-01-07 00:00:00+05:30,18.200000762939453,18.350000381469727,17.850000381469727,18.0,157589035,0.0,0.0
2021-01-08 00:00:00+05:30,18.200000762939453,18.299999237060547,17.799999237060547,18.049999237060547,183783931,0.0,0.0
2021-01-11 00:00:00+05:30,18.299999237060547,18.549999237060547,17.850000381469727,17.950000762939453,189373243,0.0,0.0
2021-01-12 00:00:00+05:30,17.850000381469727,18.5,17.600000381469727,18.049999237060547,320993651,0.0,0.0
2021-01-13 00:00:00+05:30,18.149999618530273,18.299999237060547,17.149999618530273,17.799999237060547,280118603,0.0,0.0
2021-01-14 00:00:00+05:30,17.850000381469727,18.100000381469727,17.600000381469727,17.850000381469727,141291865,0.0,0.0
2021-01-15 00:00:00+05:30,17.799999237060547,17.850000381469727,17.25,17.600000381469727,163516334,0.0,0.0
2021-01-18 00:00:00+05:30,18.100000381469727,18.100000381469727,17.450000762939453,17.700000762939453,210883697,0.0,0.0
2021-01-19 00:00:00+05:30,17.850000381469727,18.0,17.600000381469727,17.899999618530273,128056245,0.0,0.0
2021-01-20 00:00:00+05:30,17.950000762939453,18.0,17.399999618530273,17.649999618530273,196996362,0.0,0.0
2021-01-21 00:00:00+05:30,17.700000762939453,17.799999237060547,17.149999618530273,17.25,229436846,0.0,0.0
2021-01-22 00:00:00+05:30,17.350000381469727,17.5,16.75,17.0,220887609,0.0,0.0
2021-01-25 00:00:00+05:30,17.399999618530273,17.5,16.25,16.350000381469727,326357534,0.0,0.0
2021-01-27 00:00:00+05:30,16.200000762939453,16.200000762939453,15.699999809265137,15.75,224836150,0.0,0.0
2021-01-28 00:00:00+05:30,15.199999809265137,15.399999618530273,15.0,15.050000190734863,312839641,0.0,0.0
2021-01-29 00:00:00+05:30,15.100000381469727,15.800000190734863,15.0,15.75,183110147,0.0,0.0
2021-02-01 00:00:00+05:30,16.0,16.5,15.449999809265137,16.399999618530273,186599301,0.0,0.0
2021-02-02 00:00:00+05:30,16.549999237060547,16.850000381469727,16.100000381469727,16.549999237060547,180587323,0.0,0.0
2021-02-03 00:00:00+05:30,16.649999618530273,16.649999618530273,16.200000762939453,16.25,88995339,0.0,0.0
2021-02-04 00:00:00+05:30,16.25,16.549999237060547,16.049999237060547,16.200000762939453,129199434,0.0,0.0
2021-02-05 00:00:00+05:30,16.850000381469727,17.450000762939453,16.75,16.899999618530273,235552294,0.0,0.0
2021-02-08 00:00:00+05:30,17.149999618530273,17.299999237060547,16.899999618530273,17.049999237060547,132788785,0.0,0.0
2021-02-09 00:00:00+05:30,17.100000381469727,17.100000381469727,16.600000381469727,16.649999618530273,94882109,0.0,0.0
2021-02-10 00:00:00+05:30,16.649999618530273,16.700000762939453,16.299999237060547,16.399999618530273,80183508,0.0,0.0
2021-02-11 00:00:00+05:30,16.399999618530273,16.700000762939453,16.299999237060547,16.5,58079419,0.0,0.0
2021-02-12 00:00:00+05:30,16.5,16.549999237060547,16.350000381469727,16.399999618530273,47492701,0.0,0.0
2021-02-15 00:00:00+05:30,16.399999618530273,16.600000381469727,16.149999618530273,16.25,64057989,0.0,0.0
2021-02-16 00:00:00+05:30,16.25,16.350000381469727,15.949999809265137,16.049999237060547,77478438,0.0,0.0
2021-02-17 00:00:00+05:30,16.049999237060547,16.100000381469727,15.75,15.899999618530273,87586901,0.0,0.0
2021-02-18 00:00:00+05:30,15.850000381469727,16.549999237060547,15.649999618530273,16.149999618530273,172725915,0.0,0.0
2021-02-19 00:00:00+05:30,16.149999618530273,16.299999237060547,15.850000381469727,15.949999809265137,94798271,0.0,0.0
2021-02-22 00:00:00+05:30,16.0,16.0,15.550000190734863,15.600000381469727,75367244,0.0,0.0
2021-02-23 00:00:00+05:30,15.600000381469727,15.75,15.5,15.600000381469727,65178836,0.0,0.0
2021-02-24 00:00:00+05:30,15.800000190734863,16.399999618530273,15.699999809265137,16.100000381469727,100496229,0.0,0.0
2021-02-25 00:00:00+05:30,16.100000381469727,16.350000381469727,16.049999237060547,16.100000381469727,69277131,0.0,0.0
2021-02-26 00:00:00+05:30,15.800000190734863,15.949999809265137,15.649999618530273,15.75,115922281,0.0,0.0
2021-03-01 00:00:00+05:30,15.949999809265137,16.899999618530273,15.75,16.299999237060547,182912199,0.0,0.0
2021-03-02 00:00:00+05:30,16.5,16.649999618530273,16.25,16.299999237060547,82198118,0.0,0.0
2021-03-03 00:00:00+05:30,16.399999618530273,16.549999237060547,16.25,16.350000381469727,95262247,0.0,0.0
2021-03-04 00:00:00+05:30,16.25,16.75,16.049999237060547,16.600000381469727,147502225,0.0,0.0
2021-03-05 00:00:00+05:30,16.600000381469727,16.899999618530273,16.299999237060547,16.350000381469727,102085430,0.0,0.0
2021-03-08 00:00:00+05:30,16.549999237060547,16.649999618530273,16.25,16.25,67424765,0.0,0.0
2021-03-09 00:00:00+05:30,16.25,16.399999618530273,15.949999809265137,16.049999237060547,77245066,0.0,0.0
2021-03-10 00:00:00+05:30,16.100000381469727,16.25,16.0,16.049999237060547,44844215,0.0,0.0
2021-03-12 00:00:00+05:30,16.0,16.25,15.850000381469727,15.899999618530273,81941288,0.0,0.0
2021-03-15 00:00:00+05:30,15.699999809265137,15.75,15.449999809265137,15.649999618530273,80249970,0.0,0.0
2021-03-16 00:00:00+05:30,15.649999618530273,15.649999618530273,15.399999618530273,15.449999809265137,53393224,0.0,0.0
2021-03-17 00:00:00+05:30,15.449999809265137,15.550000190734863,15.050000190734863,15.100000381469727,81186413,0.0,0.0
2021-03-18 00:00:00+05:30,15.199999809265137,15.300000190734863,14.800000190734863,14.899999618530273,92968773,0.0,0.0
2021-03-19 00:00:00+05:30,14.850000381469727,15.050000190734863,14.300000190734863,14.949999809265137,133410477,0.0,0.0
2021-03-22 00:00:00+05:30,14.949999809265137,15.100000381469727,14.75,14.850000381469727,62159949,0.0,0.0
2021-03-23 00:00:00+05:30,14.899999618530273,15.050000190734863,14.75,14.899999618530273,61085946,0.0,0.0
2021-03-24 00:00:00+05:30,14.850000381469727,15.0,14.600000381469727,14.649999618530273,59903730,0.0,0.0
2021-03-25 00:00:00+05:30,14.649999618530273,14.699999809265137,14.100000381469727,14.199999809265137,110609689,0.0,0.0
2021-03-26 00:00:00+05:30,14.25,14.5,14.0,14.050000190734863,106766399,0.0,0.0
2021-03-30 00:00:00+05:30,14.149999618530273,16.850000381469727,14.0,16.299999237060547,336230897,0.0,0.0
2021-03-31 00:00:00+05:30,16.149999618530273,16.25,15.399999618530273,15.600000381469727,208381534,0.0,0.0
2021-04-01 00:00:00+05:30,15.649999618530273,15.850000381469727,15.350000381469727,15.699999809265137,93196660,0.0,0.0
2021-04-05 00:00:00+05:30,15.850000381469727,15.949999809265137,15.199999809265137,15.5,83064018,0.0,0.0
2021-04-06 00:00:00+05:30,15.649999618530273,15.850000381469727,15.5,15.600000381469727,59808985,0.0,0.0
2021-04-07 00:00:00+05:30,15.600000381469727,15.699999809265137,15.399999618530273,15.600000381469727,50497122,0.0,0.0
2021-04-08 00:00:00+05:30,15.649999618530273,15.699999809265137,15.5,15.550000190734863,45104506,0.0,0.0
2021-04-09 00:00:00+05:30,15.550000190734863,15.649999618530273,15.399999618530273,15.449999809265137,40565587,0.0,0.0
2021-04-12 00:00:00+05:30,15.199999809265137,15.25,14.399999618530273,14.449999809265137,123708161,0.0,0.0
2021-04-13 00:00:00+05:30,14.399999618530273,14.75,14.300000190734863,14.699999809265137,79542179,0.0,0.0
2021-04-15 00:00:00+05:30,14.699999809265137,14.699999809265137,14.399999618530273,14.550000190734863,58323051,0.0,0.0
2021-04-16 00:00:00+05:30,14.550000190734863,14.800000190734863,14.449999809265137,14.600000381469727,65324005,0.0,0.0
2021-04-19 00:00:00+05:30,14.199999809265137,14.300000190734863,14.050000190734863,14.199999809265137,75069350,0.0,0.0
2021-04-20 00:00:00+05:30,14.300000190734863,14.350000381469727,14.0,14.050000190734863,79998707,0.0,0.0
2021-04-22 00:00:00+05:30,14.0,14.199999809265137,13.899999618530273,14.050000190734863,65105485,0.0,0.0
2021-04-23 00:00:00+05:30,14.0,14.149999618530273,13.899999618530273,14.0,89475097,0.0,0.0
2021-04-26 00:00:00+05:30,14.050000190734863,14.199999809265137,14.0,14.050000190734863,73016298,0.0,0.0
2021-04-27 00:00:00+05:30,14.050000190734863,15.050000190734863,14.0,14.75,127545345,0.0,0.0
2021-04-28 00:00:00+05:30,14.800000190734863,15.050000190734863,14.75,14.800000190734863,81387698,0.0,0.0
2021-04-29 00:00:00+05:30,14.949999809265137,15.149999618530273,14.350000381469727,14.5,135559239,0.0,0.0
2021-04-30 00:00:00+05:30,14.5,14.800000190734863,14.399999618530273,14.550000190734863,98365622,0.0,0.0
2021-05-03 00:00:00+05:30,12.850000381469727,14.0,12.850000381469727,13.899999618530273,248997751,0.0,0.0
2021-05-04 00:00:00+05:30,14.0,14.149999618530273,13.800000190734863,13.850000381469727,104431586,0.0,0.0
2021-05-05 00:00:00+05:30,13.949999809265137,14.050000190734863,13.800000190734863,13.850000381469727,55591203,0.0,0.0
2021-05-06 00:00:00+05:30,13.899999618530273,13.899999618530273,13.5,13.550000190734863,122661349,0.0,0.0
2021-05-07 00:00:00+05:30,13.649999618530273,13.649999618530273,13.300000190734863,13.350000381469727,120981135,0.0,0.0
2021-05-10 00:00:00+05:30,13.399999618530273,13.449999809265137,13.050000190734863,13.100000381469727,113970494,0.0,0.0
2021-05-11 00:00:00+05:30,13.100000381469727,13.399999618530273,13.0,13.149999618530273,141571542,0.0,0.0
2021-05-12 00:00:00+05:30,13.149999618530273,13.75,13.100000381469727,13.300000190734863,159663998,0.0,0.0
2021-05-14 00:00:00+05:30,13.399999618530273,13.449999809265137,13.149999618530273,13.199999809265137,85666983,0.0,0.0
2021-05-17 00:00:00+05:30,13.25,13.399999618530273,13.25,13.350000381469727,95074257,0.0,0.0
2021-05-18 00:00:00+05:30,13.399999618530273,13.5,13.25,13.350000381469727,82571190,0.0,0.0
2021-05-19 00:00:00+05:30,13.350000381469727,13.399999618530273,13.199999809265137,13.300000190734863,87038860,0.0,0.0
2021-05-20 00:00:00+05:30,13.350000381469727,13.399999618530273,13.149999618530273,13.25,75911849,0.0,0.0
2021-05-21 00:00:00+05:30,13.300000190734863,13.399999618530273,13.149999618530273,13.350000381469727,112270395,0.0,0.0
2021-05-24 00:00:00+05:30,13.350000381469727,14.100000381469727,13.300000190734863,13.850000381469727,300924526,0.0,0.0
2021-05-25 00:00:00+05:30,13.850000381469727,13.850000381469727,13.449999809265137,13.600000381469727,86120404,0.0,0.0
2021-05-26 00:00:00+05:30,13.649999618530273,13.699999809265137,13.399999618530273,13.449999809265137,110243035,0.0,0.0
2021-05-27 00:00:00+05:30,13.5,13.600000381469727,13.300000190734863,13.399999618530273,211323869,0.0,0.0
2021-05-28 00:00:00+05:30,13.399999618530273,13.5,13.300000190734863,13.350000381469727,82458603,0.0,0.0
2021-05-31 00:00:00+05:30,13.399999618530273,13.600000381469727,13.350000381469727,13.5,65555223,0.0,0.0
2021-06-01 00:00:00+05:30,13.5,13.550000190734863,13.300000190734863,13.350000381469727,59365980,0.0,0.0
2021-06-02 00:00:00+05:30,13.350000381469727,13.600000381469727,13.350000381469727,13.449999809265137,77114380,0.0,0.0
2021-06-03 00:00:00+05:30,13.5,13.600000381469727,13.399999618530273,13.5,87413665,0.0,0.0
2021-06-04 00:00:00+05:30,13.550000190734863,13.899999618530273,13.5,13.75,183326321,0.0,0.0
2021-06-07 00:00:00+05:30,13.850000381469727,15.199999809265137,13.800000190734863,15.050000190734863,566089990,0.0,0.0
2021-06-08 00:00:00+05:30,15.199999809265137,15.550000190734863,14.550000190734863,14.75,283140374,0.0,0.0
2021-06-09 00:00:00+05:30,14.850000381469727,15.050000190734863,14.100000381469727,14.199999809265137,224789425,0.0,0.0
2021-06-10 00:00:00+05:30,14.25,14.800000190734863,14.199999809265137,14.649999618530273,128849317,0.0,0.0
2021-06-11 00:00:00+05:30,14.899999618530273,15.0,14.350000381469727,14.399999618530273,135479511,0.0,0.0
2021-06-14 00:00:00+05:30,14.399999618530273,14.399999618530273,13.899999618530273,14.100000381469727,157306721,0.0,0.0
2021-06-15 00:00:00+05:30,14.149999618530273,14.350000381469727,14.050000190734863,14.100000381469727,76892324,0.0,0.0
2021-06-16 00:00:00+05:30,14.149999618530273,14.300000190734863,14.0,14.0,77914829,0.0,0.0
2021-06-17 00:00:00+05:30,13.899999618530273,14.100000381469727,13.699999809265137,13.75,104336143,0.0,0.0
2021-06-18 00:00:00+05:30,13.800000190734863,13.899999618530273,13.449999809265137,13.75,105351801,0.0,0.0
2021-06-21 00:00:00+05:30,13.649999618530273,14.050000190734863,13.350000381469727,13.899999618530273,123963605,0.0,0.0
2021-06-22 00:00:00+05:30,14.100000381469727,14.100000381469727,13.75,13.800000190734863,93776874,0.0,0.0
2021-06-23 00:00:00+05:30,13.850000381469727,13.949999809265137,13.600000381469727,13.699999809265137,78472594,0.0,0.0
2021-06-24 00:00:00+05:30,13.75,13.899999618530273,13.600000381469727,13.600000381469727,83838008,0.0,0.0
2021-06-25 00:00:00+05:30,13.649999618530273,13.75,13.550000190734863,13.649999618530273,64386105,0.0,0.0
2021-06-28 00:00:00+05:30,13.699999809265137,13.800000190734863,13.600000381469727,13.649999618530273,55278874,0.0,0.0
2021-06-29 00:00:00+05:30,13.649999618530273,13.800000190734863,13.5,13.550000190734863,77004331,0.0,0.0
2021-06-30 00:00:00+05:30,13.600000381469727,13.899999618530273,13.5,13.550000190734863,106479676,0.0,0.0
2021-07-01 00:00:00+05:30,13.550000190734863,13.699999809265137,13.5,13.550000190734863,70546748,0.0,0.0
2021-07-02 00:00:00+05:30,13.550000190734863,13.699999809265137,13.5,13.550000190734863,55229264,0.0,0.0
2021-07-05 00:00:00+05:30,13.649999618530273,13.649999618530273,13.449999809265137,13.449999809265137,70053302,0.0,0.0
2021-07-06 00:00:00+05:30,13.449999809265137,13.550000190734863,13.300000190734863,13.350000381469727,62417703,0.0,0.0
2021-07-07 00:00:00+05:30,13.350000381469727,13.449999809265137,13.300000190734863,13.300000190734863,61558174,0.0,0.0
2021-07-08 00:00:00+05:30,13.350000381469727,13.449999809265137,13.300000190734863,13.350000381469727,68507663,0.0,0.0
2021-07-09 00:00:00+05:30,13.350000381469727,13.350000381469727,13.199999809265137,13.25,67070257,0.0,0.0
2021-07-12 00:00:00+05:30,13.25,13.350000381469727,13.050000190734863,13.100000381469727,102986230,0.0,0.0
2021-07-13 00:00:00+05:30,13.149999618530273,13.25,12.949999809265137,13.0,101454204,0.0,0.0
2021-07-14 00:00:00+05:30,13.050000190734863,13.050000190734863,13.0,13.050000190734863,36945483,0.0,0.0
2021-07-15 00:00:00+05:30,13.050000190734863,13.850000381469727,13.0,13.550000190734863,184390448,0.0,0.0
2021-07-16 00:00:00+05:30,13.600000381469727,13.600000381469727,13.300000190734863,13.399999618530273,66607893,0.0,0.0
2021-07-19 00:00:00+05:30,13.300000190734863,13.350000381469727,13.149999618530273,13.199999809265137,96849269,0.0,0.0
2021-07-20 00:00:00+05:30,13.25,13.25,12.899999618530273,12.949999809265137,133935082,0.0,0.0
2021-07-22 00:00:00+05:30,13.050000190734863,13.199999809265137,13.0,13.0,52313522,0.0,0.0
2021-07-23 00:00:00+05:30,13.100000381469727,13.199999809265137,13.0,13.050000190734863,67760836,0.0,0.0
2021-07-26 00:00:00+05:30,13.800000190734863,14.100000381469727,13.25,13.300000190734863,252916364,0.0,0.0
2021-07-27 00:00:00+05:30,13.350000381469727,13.399999618530273,13.0,13.050000190734863,135122387,0.0,0.0
2021-07-28 00:00:00+05:30,13.100000381469727,13.100000381469727,12.850000381469727,12.949999809265137,129141525,0.0,0.0
2021-07-29 00:00:00+05:30,13.0,13.050000190734863,12.800000190734863,12.850000381469727,74498391,0.0,0.0
2021-07-30 00:00:00+05:30,12.899999618530273,12.949999809265137,12.699999809265137,12.75,99429624,0.0,0.0
2021-08-02 00:00:00+05:30,12.850000381469727,12.899999618530273,12.699999809265137,12.75,92948479,0.0,0.0
2021-08-03 00:00:00+05:30,12.800000190734863,12.850000381469727,12.699999809265137,12.75,62836740,0.0,0.0
2021-08-04 00:00:00+05:30,12.800000190734863,12.850000381469727,12.600000381469727,12.649999618530273,93050718,0.0,0.0
2021-08-05 00:00:00+05:30,12.649999618530273,12.699999809265137,12.300000190734863,12.399999618530273,83509704,0.0,0.0
2021-08-06 00:00:00+05:30,12.449999809265137,12.75,12.399999618530273,12.5,64413341,0.0,0.0
2021-08-09 00:00:00+05:30,12.600000381469727,12.649999618530273,12.399999618530273,12.449999809265137,45466916,0.0,0.0
2021-08-10 00:00:00+05:30,12.399999618530273,12.949999809265137,12.300000190734863,12.300000190734863,87906293,0.0,0.0
2021-08-11 00:00:00+05:30,12.350000381469727,12.350000381469727,11.899999618530273,11.949999809265137,120719125,0.0,0.0
2021-08-12 00:00:00+05:30,12.0,12.149999618530273,11.899999618530273,11.949999809265137,75856427,0.0,0.0
2021-08-13 00:00:00+05:30,12.0,12.050000190734863,11.850000381469727,11.899999618530273,78563651,0.0,0.0
2021-08-16 00:00:00+05:30,11.949999809265137,11.949999809265137,11.600000381469727,11.699999809265137,63301331,0.0,0.0
2021-08-17 00:00:00+05:30,11.699999809265137,11.75,11.199999809265137,11.25,102193711,0.0,0.0
2021-08-18 00:00:00+05:30,11.300000190734863,11.449999809265137,11.100000381469727,11.300000190734863,100746217,0.0,0.0
2021-08-20 00:00:00+05:30,11.199999809265137,11.199999809265137,11.050000190734863,11.149999618530273,74548015,0.0,0.0
2021-08-23 00:00:00+05:30,11.25,11.300000190734863,10.5,10.800000190734863,129880959,0.0,0.0
2021-08-24 00:00:00+05:30,10.850000381469727,11.25,10.699999809265137,11.0,128570784,0.0,0.0
2021-08-25 00:00:00+05:30,10.949999809265137,11.149999618530273,10.800000190734863,10.949999809265137,99499009,0.0,0.0
2021-08-26 00:00:00+05:30,10.949999809265137,11.25,10.899999618530273,10.949999809265137,91932265,0.0,0.0
2021-08-27 00:00:00+05:30,10.949999809265137,11.149999618530273,10.899999618530273,11.050000190734863,62585083,0.0,0.0
2021-08-30 00:00:00+05:30,11.149999618530273,11.149999618530273,10.800000190734863,10.899999618530273,115836903,0.0,0.0
2021-08-31 00:00:00+05:30,10.899999618530273,11.0,10.75,10.800000190734863,89884569,0.0,0.0
2021-09-01 00:00:00+05:30,10.800000190734863,11.399999618530273,10.75,11.100000381469727,151330531,0.0,0.0
2021-09-02 00:00:00+05:30,11.149999618530273,11.399999618530273,10.949999809265137,11.149999618530273,159594864,0.0,0.0
2021-09-03 00:00:00+05:30,11.199999809265137,11.25,11.050000190734863,11.100000381469727,111419956,0.0,0.0
2021-09-06 00:00:00+05:30,11.149999618530273,11.199999809265137,10.949999809265137,11.0,58976619,0.0,0.0
2021-09-07 00:00:00+05:30,11.050000190734863,11.050000190734863,10.800000190734863,10.899999618530273,59519176,0.0,0.0
2021-09-08 00:00:00+05:30,10.949999809265137,11.399999618530273,10.899999618530273,10.899999618530273,146456916,0.0,0.0
2021-09-09 00:00:00+05:30,10.899999618530273,11.100000381469727,10.800000190734863,10.949999809265137,89310141,0.0,0.0
2021-09-13 00:00:00+05:30,11.0,11.149999618530273,10.899999618530273,11.100000381469727,115738343,0.0,0.0
2021-09-14 00:00:00+05:30,11.100000381469727,12.850000381469727,11.050000190734863,12.449999809265137,777602458,0.0,0.0
2021-09-15 00:00:00+05:30,12.600000381469727,12.850000381469727,12.300000190734863,12.699999809265137,338102064,0.0,0.0
2021-09-16 00:00:00+05:30,12.949999809265137,15.050000190734863,12.899999618530273,14.699999809265137,910231884,0.0,0.0
2021-09-17 00:00:00+05:30,14.350000381469727,14.5,12.949999809265137,13.25,582883624,0.0,0.0
2021-09-20 00:00:00+05:30,13.0,13.75,12.699999809265137,12.800000190734863,180681962,0.0,0.0
2021-09-21 00:00:00+05:30,12.899999618530273,13.050000190734863,12.550000190734863,13.0,110549666,0.0,0.0
2021-09-22 00:00:00+05:30,13.100000381469727,13.399999618530273,13.050000190734863,13.149999618530273,90746640,0.0,0.0
2021-09-23 00:00:00+05:30,13.25,13.350000381469727,12.949999809265137,13.0,78550572,0.0,0.0
2021-09-24 00:00:00+05:30,13.0,13.300000190734863,12.800000190734863,12.850000381469727,71409608,0.0,0.0
2021-09-27 00:00:00+05:30,13.0,13.0,12.800000190734863,12.899999618530273,54816217,0.0,0.0
2021-09-28 00:00:00+05:30,13.0,13.199999809265137,12.550000190734863,12.75,115261485,0.0,0.0
2021-09-29 00:00:00+05:30,12.649999618530273,12.850000381469727,12.199999809265137,12.300000190734863,195039117,0.0,0.0
2021-09-30 00:00:00+05:30,12.350000381469727,12.75,12.300000190734863,12.550000190734863,67706218,0.0,0.0
2021-10-01 00:00:00+05:30,12.5,13.399999618530273,12.399999618530273,12.850000381469727,199414914,0.0,0.0
2021-10-04 00:00:00+05:30,13.050000190734863,13.199999809265137,13.0,13.100000381469727,88762032,0.0,0.0
2021-10-05 00:00:00+05:30,13.100000381469727,13.199999809265137,13.0,13.100000381469727,96849882,0.0,0.0
2021-10-06 00:00:00+05:30,13.149999618530273,13.5,13.0,13.050000190734863,124309047,0.0,0.0
2021-10-07 00:00:00+05:30,13.149999618530273,13.449999809265137,12.850000381469727,13.149999618530273,150895888,0.0,0.0
2021-10-08 00:00:00+05:30,13.300000190734863,13.5,13.149999618530273,13.199999809265137,82980014,0.0,0.0
2021-10-11 00:00:00+05:30,13.300000190734863,13.350000381469727,13.050000190734863,13.050000190734863,58760797,0.0,0.0
2021-10-12 00:00:00+05:30,13.100000381469727,13.350000381469727,13.0,13.199999809265137,107152589,0.0,0.0
2021-10-13 00:00:00+05:30,13.300000190734863,13.350000381469727,13.199999809265137,13.25,76105307,0.0,0.0
2021-10-14 00:00:00+05:30,13.25,13.449999809265137,13.199999809265137,13.199999809265137,82128218,0.0,0.0
2021-10-18 00:00:00+05:30,13.449999809265137,14.350000381469727,13.350000381469727,13.949999809265137,327306508,0.0,0.0
2021-10-19 00:00:00+05:30,14.100000381469727,14.25,13.5,13.600000381469727,146859092,0.0,0.0
2021-10-20 00:00:00+05:30,13.600000381469727,13.75,13.300000190734863,13.5,100540663,0.0,0.0
2021-10-21 00:00:00+05:30,13.600000381469727,14.449999809265137,13.5,14.300000190734863,248334945,0.0,0.0
2021-10-22 00:00:00+05:30,14.550000190734863,14.649999618530273,13.399999618530273,13.75,332024855,0.0,0.0
2021-10-25 00:00:00+05:30,14.0,14.100000381469727,13.199999809265137,13.350000381469727,156375061,0.0,0.0
2021-10-26 00:00:00+05:30,13.350000381469727,13.649999618530273,13.25,13.449999809265137,103292300,0.0,0.0
2021-10-27 00:00:00+05:30,13.5,13.600000381469727,13.0,13.050000190734863,148970323,0.0,0.0
2021-10-28 00:00:00+05:30,13.100000381469727,13.100000381469727,12.649999618530273,12.75,122032074,0.0,0.0
2021-10-29 00:00:00+05:30,12.949999809265137,13.050000190734863,12.550000190734863,12.800000190734863,105143336,0.0,0.0
2021-11-01 00:00:00+05:30,12.850000381469727,13.25,12.699999809265137,13.050000190734863,95919811,0.0,0.0
2021-11-02 00:00:00+05:30,13.050000190734863,13.25,13.0,13.050000190734863,60470098,0.0,0.0
2021-11-03 00:00:00+05:30,13.100000381469727,13.149999618530273,12.949999809265137,13.0,50990867,0.0,0.0
2021-11-04 00:00:00+05:30,13.050000190734863,13.25,13.0,13.149999618530273,25871499,0.0,0.0
2021-11-08 00:00:00+05:30,13.199999809265137,13.449999809265137,13.050000190734863,13.100000381469727,68845607,0.0,0.0
2021-11-09 00:00:00+05:30,13.149999618530273,13.25,13.050000190734863,13.100000381469727,40719001,0.0,0.0
2021-11-10 00:00:00+05:30,13.100000381469727,13.149999618530273,13.0,13.0,42806649,0.0,0.0
2021-11-11 00:00:00+05:30,13.25,13.600000381469727,13.199999809265137,13.25,122452763,0.0,0.0
2021-11-12 00:00:00+05:30,13.300000190734863,13.399999618530273,13.050000190734863,13.149999618530273,43718885,0.0,0.0
2021-11-15 00:00:00+05:30,13.199999809265137,13.25,13.0,13.050000190734863,48088769,0.0,0.0
2021-11-16 00:00:00+05:30,13.100000381469727,13.199999809265137,13.0,13.050000190734863,58369877,0.0,0.0
2021-11-17 00:00:00+05:30,13.0,13.149999618530273,12.949999809265137,13.0,33082573,0.0,0.0
2021-11-18 00:00:00+05:30,13.050000190734863,13.050000190734863,12.800000190734863,12.850000381469727,59537598,0.0,0.0
2021-11-22 00:00:00+05:30,12.850000381469727,12.899999618530273,12.5,12.550000190734863,84612273,0.0,0.0
2021-11-23 00:00:00+05:30,12.550000190734863,12.699999809265137,12.449999809265137,12.550000190734863,69774910,0.0,0.0
2021-11-24 00:00:00+05:30,12.600000381469727,12.949999809265137,12.449999809265137,12.600000381469727,61441021,0.0,0.0
2021-11-25 00:00:00+05:30,12.600000381469727,12.800000190734863,12.550000190734863,12.75,49158856,0.0,0.0
2021-11-26 00:00:00+05:30,12.649999618530273,12.699999809265137,12.399999618530273,12.449999809265137,74233939,0.0,0.0
2021-11-29 00:00:00+05:30,12.350000381469727,12.449999809265137,12.149999618530273,12.149999618530273,68776074,0.0,0.0
2021-11-30 00:00:00+05:30,12.149999618530273,12.949999809265137,12.100000381469727,12.399999618530273,187690847,0.0,0.0
2021-12-01 00:00:00+05:30,12.25,12.699999809265137,12.149999618530273,12.449999809265137,111430763,0.0,0.0
2021-12-02 00:00:00+05:30,12.600000381469727,12.699999809265137,12.5,12.600000381469727,42857712,0.0,0.0
2021-12-03 00:00:00+05:30,12.649999618530273,12.699999809265137,12.5,12.550000190734863,59708926,0.0,0.0
2021-12-06 00:00:00+05:30,12.600000381469727,12.899999618530273,12.5,12.600000381469727,82373982,0.0,0.0
2021-12-07 00:00:00+05:30,12.649999618530273,13.699999809265137,12.600000381469727,13.100000381469727,318018723,0.0,0.0
2021-12-08 00:00:00+05:30,13.25,13.449999809265137,13.100000381469727,13.25,89385559,0.0,0.0
2021-12-09 00:00:00+05:30,13.300000190734863,14.199999809265137,13.25,14.0,371016070,0.0,0.0
2021-12-10 00:00:00+05:30,14.199999809265137,14.649999618530273,14.050000190734863,14.449999809265137,287016764,0.0,0.0
2021-12-13 00:00:00+05:30,14.699999809265137,14.949999809265137,13.800000190734863,14.0,255950390,0.0,0.0
2021-12-14 00:00:00+05:30,13.800000190734863,14.199999809265137,13.699999809265137,13.949999809265137,137444898,0.0,0.0
2021-12-15 00:00:00+05:30,13.899999618530273,14.149999618530273,13.699999809265137,13.75,113529974,0.0,0.0
2021-12-16 00:00:00+05:30,13.899999618530273,14.050000190734863,13.300000190734863,13.399999618530273,122729693,0.0,0.0
2021-12-17 00:00:00+05:30,13.550000190734863,13.600000381469727,13.050000190734863,13.149999618530273,111405508,0.0,0.0
2021-12-20 00:00:00+05:30,13.050000190734863,13.050000190734863,12.550000190734863,12.75,126631534,0.0,0.0
2021-12-21 00:00:00+05:30,13.050000190734863,13.25,12.850000381469727,13.0,82841162,0.0,0.0
2021-12-22 00:00:00+05:30,13.199999809265137,13.699999809265137,13.149999618530273,13.649999618530273,131722111,0.0,0.0
2021-12-23 00:00:00+05:30,13.800000190734863,13.850000381469727,13.5,13.550000190734863,71313187,0.0,0.0
2021-12-24 00:00:00+05:30,13.600000381469727,13.649999618530273,13.149999618530273,13.25,84988162,0.0,0.0
2021-12-27 00:00:00+05:30,13.149999618530273,13.449999809265137,13.050000190734863,13.199999809265137,62329124,0.0,0.0
2021-12-28 00:00:00+05:30,13.25,13.600000381469727,13.199999809265137,13.449999809265137,97031374,0.0,0.0
2021-12-29 00:00:00+05:30,13.5,14.149999618530273,13.449999809265137,13.899999618530273,125963208,0.0,0.0
2021-12-30 00:00:00+05:30,13.899999618530273,13.949999809265137,13.5,13.550000190734863,77192964,0.0,0.0
2021-12-31 00:00:00+05:30,13.649999618530273,13.899999618530273,13.600000381469727,13.699999809265137,72947892,0.0,0.0
2022-01-03 00:00:00+05:30,13.699999809265137,14.399999618530273,13.649999618530273,14.050000190734863,233646824,0.0,0.0
2022-01-04 00:00:00+05:30,14.100000381469727,14.649999618530273,14.050000190734863,14.5,239478313,0.0,0.0
2022-01-05 00:00:00+05:30,14.550000190734863,14.949999809265137,14.399999618530273,14.5,312373031,0.0,0.0
2022-01-06 00:00:00+05:30,14.25,14.449999809265137,14.100000381469727,14.25,125481711,0.0,0.0
2022-01-07 00:00:00+05:30,14.300000190734863,14.550000190734863,13.449999809265137,13.949999809265137,163782823,0.0,0.0
2022-01-10 00:00:00+05:30,13.949999809265137,14.25,13.899999618530273,14.0,85450112,0.0,0.0
2022-01-11 00:00:00+05:30,14.100000381469727,14.199999809265137,13.800000190734863,13.899999618530273,108029504,0.0,0.0
2022-01-12 00:00:00+05:30,13.949999809265137,14.0,13.699999809265137,13.75,70742108,0.0,0.0
2022-01-13 00:00:00+05:30,13.850000381469727,14.199999809265137,13.600000381469727,14.0,132643682,0.0,0.0
2022-01-14 00:00:00+05:30,13.949999809265137,14.149999618530273,13.850000381469727,14.050000190734863,76620802,0.0,0.0
2022-01-17 00:00:00+05:30,14.100000381469727,14.199999809265137,14.0,14.100000381469727,46460460,0.0,0.0
2022-01-18 00:00:00+05:30,14.100000381469727,14.149999618530273,13.699999809265137,13.800000190734863,98757385,0.0,0.0
2022-01-19 00:00:00+05:30,13.899999618530273,13.899999618530273,13.699999809265137,13.800000190734863,79519938,0.0,0.0
2022-01-20 00:00:00+05:30,13.800000190734863,14.0,13.75,13.800000190734863,54861059,0.0,0.0
2022-01-21 00:00:00+05:30,13.850000381469727,13.850000381469727,13.600000381469727,13.75,67086949,0.0,0.0
2022-01-24 00:00:00+05:30,14.199999809265137,14.199999809265137,13.399999618530273,13.449999809265137,200908635,0.0,0.0
2022-01-25 00:00:00+05:30,13.350000381469727,13.800000190734863,13.25,13.600000381469727,98939782,0.0,0.0
2022-01-27 00:00:00+05:30,13.5,13.649999618530273,13.350000381469727,13.550000190734863,95789692,0.0,0.0
2022-01-28 00:00:00+05:30,13.550000190734863,13.800000190734863,13.300000190734863,13.350000381469727,81562705,0.0,0.0
2022-01-31 00:00:00+05:30,13.5,13.600000381469727,13.199999809265137,13.300000190734863,82299006,0.0,0.0
2022-02-01 00:00:00+05:30,13.399999618530273,13.600000381469727,13.100000381469727,13.350000381469727,108761671,0.0,0.0
2022-02-02 00:00:00+05:30,13.5,13.800000190734863,13.399999618530273,13.649999618530273,74842792,0.0,0.0
2022-02-03 00:00:00+05:30,13.649999618530273,13.699999809265137,13.350000381469727,13.449999809265137,59047564,0.0,0.0
2022-02-04 00:00:00+05:30,13.600000381469727,13.850000381469727,13.550000190734863,13.699999809265137,102260941,0.0,0.0
2022-02-07 00:00:00+05:30,13.899999618530273,14.149999618530273,13.699999809265137,13.949999809265137,107878882,0.0,0.0
2022-02-08 00:00:00+05:30,14.050000190734863,14.25,14.0,14.149999618530273,148021736,0.0,0.0
2022-02-09 00:00:00+05:30,14.25,14.350000381469727,14.050000190734863,14.100000381469727,68633731,0.0,0.0
2022-02-10 00:00:00+05:30,14.149999618530273,14.199999809265137,13.800000190734863,13.850000381469727,65567550,0.0,0.0
2022-02-11 00:00:00+05:30,13.850000381469727,14.199999809265137,13.75,13.899999618530273,105169399,0.0,0.0
2022-02-14 00:00:00+05:30,13.800000190734863,13.850000381469727,13.199999809265137,13.25,115019220,0.0,0.0
2022-02-15 00:00:00+05:30,13.300000190734863,13.600000381469727,13.050000190734863,13.5,97078149,0.0,0.0
2022-02-16 00:00:00+05:30,13.649999618530273,13.699999809265137,13.5,13.550000190734863,61575713,0.0,0.0
2022-02-17 00:00:00+05:30,13.649999618530273,13.899999618530273,13.399999618530273,13.800000190734863,88068465,0.0,0.0
2022-02-18 00:00:00+05:30,13.899999618530273,14.100000381469727,13.800000190734863,13.899999618530273,67852119,0.0,0.0
2022-02-21 00:00:00+05:30,13.75,13.800000190734863,13.600000381469727,13.649999618530273,64338345,0.0,0.0
2022-02-22 00:00:00+05:30,13.449999809265137,13.75,13.350000381469727,13.600000381469727,110047883,0.0,0.0
2022-02-23 00:00:00+05:30,13.699999809265137,13.899999618530273,13.600000381469727,13.850000381469727,74202361,0.0,0.0
2022-02-24 00:00:00+05:30,13.449999809265137,13.649999618530273,12.5,12.600000381469727,172480925,0.0,0.0
2022-02-25 00:00:00+05:30,12.850000381469727,13.350000381469727,12.850000381469727,13.149999618530273,102883520,0.0,0.0
2022-02-28 00:00:00+05:30,13.050000190734863,13.350000381469727,12.899999618530273,13.25,138460582,0.0,0.0
2022-03-02 00:00:00+05:30,13.199999809265137,13.25,12.600000381469727,12.899999618530273,129830542,0.0,0.0
2022-03-03 00:00:00+05:30,13.149999618530273,13.199999809265137,12.800000190734863,12.949999809265137,118672276,0.0,0.0
2022-03-04 00:00:00+05:30,13.199999809265137,13.199999809265137,12.75,12.800000190734863,126930611,0.0,0.0
2022-03-07 00:00:00+05:30,12.699999809265137,12.800000190734863,12.600000381469727,12.649999618530273,88242222,0.0,0.0
2022-03-08 00:00:00+05:30,12.649999618530273,12.850000381469727,12.600000381469727,12.75,86562937,0.0,0.0
2022-03-09 00:00:00+05:30,12.800000190734863,12.949999809265137,12.649999618530273,12.75,122615702,0.0,0.0
2022-03-10 00:00:00+05:30,12.899999618530273,13.0,12.75,12.850000381469727,123845769,0.0,0.0
2022-03-11 00:00:00+05:30,12.850000381469727,12.899999618530273,12.699999809265137,12.75,58891356,0.0,0.0
2022-03-14 00:00:00+05:30,12.75,12.850000381469727,12.649999618530273,12.699999809265137,69297435,0.0,0.0
2022-03-15 00:00:00+05:30,12.800000190734863,12.800000190734863,12.600000381469727,12.699999809265137,82661443,0.0,0.0
2022-03-16 00:00:00+05:30,12.800000190734863,12.850000381469727,12.75,12.800000190734863,63630406,0.0,0.0
2022-03-17 00:00:00+05:30,12.899999618530273,13.399999618530273,12.25,12.949999809265137,820519351,0.0,0.0
2022-03-21 00:00:00+05:30,13.199999809265137,13.449999809265137,12.899999618530273,12.949999809265137,132143743,0.0,0.0
2022-03-22 00:00:00+05:30,13.050000190734863,13.050000190734863,12.75,12.800000190734863,80397218,0.0,0.0
2022-03-23 00:00:00+05:30,12.899999618530273,13.0,12.800000190734863,12.850000381469727,77401990,0.0,0.0
2022-03-24 00:00:00+05:30,12.800000190734863,12.850000381469727,12.75,12.75,46327191,0.0,0.0
2022-03-25 00:00:00+05:30,12.800000190734863,12.850000381469727,12.649999618530273,12.699999809265137,48911163,0.0,0.0
2022-03-28 00:00:00+05:30,12.75,12.800000190734863,12.5,12.550000190734863,81110072,0.0,0.0
2022-03-29 00:00:00+05:30,12.600000381469727,12.800000190734863,12.449999809265137,12.550000190734863,89485918,0.0,0.0
2022-03-30 00:00:00+05:30,12.649999618530273,12.75,12.100000381469727,12.25,234110133,0.0,0.0
2022-03-31 00:00:00+05:30,12.25,12.449999809265137,12.199999809265137,12.300000190734863,94468344,0.0,0.0
2022-04-01 00:00:00+05:30,12.25,12.699999809265137,12.25,12.649999618530273,87342736,0.0,0.0
2022-04-04 00:00:00+05:30,12.75,13.199999809265137,12.699999809265137,13.100000381469727,114480211,0.0,0.0
2022-04-05 00:00:00+05:30,13.25,13.25,12.949999809265137,13.0,91829702,0.0,0.0
2022-04-06 00:00:00+05:30,13.0,15.199999809265137,12.899999618530273,14.699999809265137,559694362,0.0,0.0
2022-04-07 00:00:00+05:30,15.300000190734863,16.25,14.899999618530273,15.550000190734863,894347658,0.0,0.0
2022-04-08 00:00:00+05:30,15.649999618530273,16.049999237060547,15.149999618530273,15.649999618530273,388365991,0.0,0.0
2022-04-11 00:00:00+05:30,15.649999618530273,15.699999809265137,15.0,15.100000381469727,196889010,0.0,0.0
2022-04-12 00:00:00+05:30,15.0,15.149999618530273,14.399999618530273,14.649999618530273,174419841,0.0,0.0
2022-04-13 00:00:00+05:30,14.699999809265137,14.899999618530273,14.5,14.550000190734863,70370226,0.0,0.0
2022-04-18 00:00:00+05:30,14.449999809265137,14.449999809265137,13.800000190734863,14.100000381469727,99356804,0.0,0.0
2022-04-19 00:00:00+05:30,14.100000381469727,14.199999809265137,13.550000190734863,13.75,75612704,0.0,0.0
2022-04-20 00:00:00+05:30,13.800000190734863,14.149999618530273,13.699999809265137,13.899999618530273,78987240,0.0,0.0
2022-04-21 00:00:00+05:30,14.0,14.25,13.949999809265137,14.149999618530273,75566285,0.0,0.0
2022-04-22 00:00:00+05:30,14.050000190734863,14.199999809265137,13.899999618530273,13.949999809265137,55184187,0.0,0.0
2022-04-25 00:00:00+05:30,13.850000381469727,13.899999618530273,13.649999618530273,13.75,80863122,0.0,0.0
2022-04-26 00:00:00+05:30,13.699999809265137,14.050000190734863,13.649999618530273,13.75,53580878,0.0,0.0
2022-04-27 00:00:00+05:30,13.699999809265137,13.75,13.5,13.550000190734863,50823471,0.0,0.0
2022-04-28 00:00:00+05:30,13.600000381469727,13.75,13.449999809265137,13.649999618530273,52950069,0.0,0.0
2022-04-29 00:00:00+05:30,13.699999809265137,13.949999809265137,13.550000190734863,13.649999618530273,79999730,0.0,0.0
2022-05-02 00:00:00+05:30,14.25,14.5,13.649999618530273,13.800000190734863,154079451,0.0,0.0
2022-05-04 00:00:00+05:30,13.899999618530273,13.949999809265137,13.449999809265137,13.550000190734863,100802126,0.0,0.0
2022-05-05 00:00:00+05:30,13.699999809265137,13.800000190734863,13.449999809265137,13.5,62604654,0.0,0.0
2022-05-06 00:00:00+05:30,13.399999618530273,13.399999618530273,13.100000381469727,13.199999809265137,70858847,0.0,0.0
2022-05-09 00:00:00+05:30,13.050000190734863,13.199999809265137,12.899999618530273,12.949999809265137,80727091,0.0,0.0
2022-05-10 00:00:00+05:30,12.949999809265137,13.199999809265137,12.899999618530273,13.0,69056902,0.0,0.0
2022-05-11 00:00:00+05:30,13.050000190734863,13.100000381469727,12.600000381469727,12.850000381469727,97715454,0.0,0.0
2022-05-12 00:00:00+05:30,12.850000381469727,12.850000381469727,12.5,12.550000190734863,108927333,0.0,0.0
2022-05-13 00:00:00+05:30,12.699999809265137,12.850000381469727,12.449999809265137,12.449999809265137,69982971,0.0,0.0
2022-05-16 00:00:00+05:30,12.550000190734863,12.800000190734863,12.5,12.699999809265137,46521622,0.0,0.0
2022-05-17 00:00:00+05:30,12.800000190734863,13.5,12.699999809265137,13.300000190734863,162808205,0.0,0.0
2022-05-18 00:00:00+05:30,13.5,14.0,13.199999809265137,13.899999618530273,197553271,0.0,0.0
2022-05-19 00:00:00+05:30,13.5,14.050000190734863,13.25,13.449999809265137,162559992,0.0,0.0
2022-05-20 00:00:00+05:30,13.75,14.300000190734863,13.649999618530273,13.949999809265137,154935644,0.0,0.0
2022-05-23 00:00:00+05:30,14.0,14.149999618530273,13.699999809265137,13.75,121476707,0.0,0.0
2022-05-24 00:00:00+05:30,13.75,13.899999618530273,13.399999618530273,13.449999809265137,81452469,0.0,0.0
2022-05-25 00:00:00+05:30,13.5,13.550000190734863,12.949999809265137,13.050000190734863,88268100,0.0,0.0
2022-05-26 00:00:00+05:30,13.100000381469727,13.449999809265137,12.800000190734863,13.25,50038976,0.0,0.0
2022-05-27 00:00:00+05:30,13.5,13.550000190734863,13.25,13.399999618530273,45731067,0.0,0.0
2022-05-30 00:00:00+05:30,13.449999809265137,13.550000190734863,13.350000381469727,13.449999809265137,35028932,0.0,0.0
2022-05-31 00:00:00+05:30,13.449999809265137,13.5,13.050000190734863,13.149999618530273,61918137,0.0,0.0
2022-06-01 00:00:00+05:30,13.149999618530273,13.300000190734863,13.100000381469727,13.25,34785728,0.0,0.0
2022-06-02 00:00:00+05:30,13.449999809265137,13.550000190734863,13.300000190734863,13.350000381469727,38822401,0.0,0.0
2022-06-03 00:00:00+05:30,13.449999809265137,13.550000190734863,13.149999618530273,13.25,35997270,0.0,0.0
2022-06-06 00:00:00+05:30,13.199999809265137,13.350000381469727,13.100000381469727,13.149999618530273,32648669,0.0,0.0
2022-06-07 00:00:00+05:30,13.149999618530273,13.25,13.050000190734863,13.050000190734863,31123663,0.0,0.0
2022-06-08 00:00:00+05:30,13.100000381469727,13.449999809265137,13.050000190734863,13.199999809265137,40720659,0.0,0.0
2022-06-09 00:00:00+05:30,13.199999809265137,13.25,13.050000190734863,13.199999809265137,31264919,0.0,0.0
2022-06-10 00:00:00+05:30,13.149999618530273,13.199999809265137,12.850000381469727,12.949999809265137,43479577,0.0,0.0
2022-06-13 00:00:00+05:30,12.850000381469727,12.949999809265137,12.75,12.800000190734863,41876039,0.0,0.0
2022-06-14 00:00:00+05:30,12.800000190734863,12.899999618530273,12.649999618530273,12.699999809265137,28710092,0.0,0.0
2022-06-15 00:00:00+05:30,12.75,13.0,12.699999809265137,12.75,45778927,0.0,0.0
2022-06-16 00:00:00+05:30,12.850000381469727,12.899999618530273,12.449999809265137,12.5,60215220,0.0,0.0
2022-06-17 00:00:00+05:30,12.550000190734863,12.699999809265137,12.350000381469727,12.449999809265137,89833411,0.0,0.0
2022-06-20 00:00:00+05:30,12.449999809265137,12.75,12.25,12.350000381469727,93738331,0.0,0.0
2022-06-21 00:00:00+05:30,12.399999618530273,12.649999618530273,12.350000381469727,12.600000381469727,39274440,0.0,0.0
2022-06-22 00:00:00+05:30,12.600000381469727,12.600000381469727,12.449999809265137,12.449999809265137,26497740,0.0,0.0
2022-06-23 00:00:00+05:30,12.5,12.649999618530273,12.399999618530273,12.449999809265137,27841070,0.0,0.0
2022-06-24 00:00:00+05:30,12.5,13.050000190734863,12.5,12.75,86625594,0.0,0.0
2022-06-27 00:00:00+05:30,12.899999618530273,12.949999809265137,12.699999809265137,12.850000381469727,33445377,0.0,0.0
2022-06-28 00:00:00+05:30,12.850000381469727,12.899999618530273,12.649999618530273,12.850000381469727,33141182,0.0,0.0
2022-06-29 00:00:00+05:30,12.75,12.899999618530273,12.699999809265137,12.699999809265137,26528632,0.0,0.0
2022-06-30 00:00:00+05:30,12.699999809265137,12.800000190734863,12.600000381469727,12.649999618530273,33846649,0.0,0.0
2022-07-01 00:00:00+05:30,12.649999618530273,12.75,12.550000190734863,12.649999618530273,18633694,0.0,0.0
2022-07-04 00:00:00+05:30,12.649999618530273,12.75,12.600000381469727,12.649999618530273,21510057,0.0,0.0
2022-07-05 00:00:00+05:30,12.699999809265137,12.850000381469727,12.600000381469727,12.649999618530273,20011968,0.0,0.0
2022-07-06 00:00:00+05:30,12.649999618530273,12.699999809265137,12.550000190734863,12.649999618530273,23304730,0.0,0.0
2022-07-07 00:00:00+05:30,12.699999809265137,12.949999809265137,12.699999809265137,12.850000381469727,27916898,0.0,0.0
2022-07-08 00:00:00+05:30,12.899999618530273,12.949999809265137,12.699999809265137,12.800000190734863,19792617,0.0,0.0
2022-07-11 00:00:00+05:30,12.75,13.350000381469727,12.699999809265137,13.149999618530273,92442757,0.0,0.0
2022-07-12 00:00:00+05:30,13.149999618530273,13.699999809265137,13.100000381469727,13.350000381469727,92851423,0.0,0.0
2022-07-13 00:00:00+05:30,13.5,13.600000381469727,13.149999618530273,13.25,50448827,0.0,0.0
2022-07-14 00:00:00+05:30,13.350000381469727,13.5,13.100000381469727,13.300000190734863,40934758,0.0,0.0
2022-07-15 00:00:00+05:30,13.350000381469727,13.5,13.100000381469727,13.300000190734863,58240029,0.0,0.0
2022-07-18 00:00:00+05:30,13.399999618530273,13.5,13.25,13.350000381469727,62818790,0.0,0.0
2022-07-19 00:00:00+05:30,13.350000381469727,13.550000190734863,13.300000190734863,13.5,61974559,0.0,0.0
2022-07-20 00:00:00+05:30,13.600000381469727,13.699999809265137,13.550000190734863,13.600000381469727,41676425,0.0,0.0
2022-07-21 00:00:00+05:30,13.649999618530273,14.5,13.550000190734863,14.300000190734863,166126277,0.0,0.0
2022-07-22 00:00:00+05:30,14.5,15.0,14.449999809265137,14.699999809265137,159313294,0.0,0.0
2022-07-25 00:00:00+05:30,14.850000381469727,14.949999809265137,13.899999618530273,14.25,162099771,0.0,0.0
2022-07-26 00:00:00+05:30,14.25,14.350000381469727,13.649999618530273,13.699999809265137,85276540,0.0,0.0
2022-07-27 00:00:00+05:30,13.75,14.899999618530273,13.699999809265137,14.699999809265137,215320288,0.0,0.0
2022-07-28 00:00:00+05:30,14.800000190734863,15.0,14.350000381469727,14.550000190734863,121638236,0.0,0.0
2022-07-29 00:00:00+05:30,14.699999809265137,15.300000190734863,14.649999618530273,14.949999809265137,240308552,0.0,0.0
2022-08-01 00:00:00+05:30,15.800000190734863,15.800000190734863,14.75,15.25,283753874,0.0,0.0
2022-08-02 00:00:00+05:30,15.399999618530273,17.899999618530273,15.199999809265137,17.149999618530273,984540451,0.0,0.0
2022-08-03 00:00:00+05:30,17.299999237060547,17.5,16.149999618530273,16.450000762939453,380839570,0.0,0.0
2022-08-04 00:00:00+05:30,16.600000381469727,17.049999237060547,16.350000381469727,16.649999618530273,234484381,0.0,0.0
2022-08-05 00:00:00+05:30,16.799999237060547,16.950000762939453,16.600000381469727,16.649999618530273,111491714,0.0,0.0
2022-08-08 00:00:00+05:30,16.700000762939453,16.75,15.949999809265137,16.0,130861541,0.0,0.0
2022-08-10 00:00:00+05:30,16.0,16.049999237060547,15.25,15.399999618530273,138968107,0.0,0.0
2022-08-11 00:00:00+05:30,15.649999618530273,15.699999809265137,15.25,15.399999618530273,110441016,0.0,0.0
2022-08-12 00:00:00+05:30,15.300000190734863,15.449999809265137,15.149999618530273,15.300000190734863,73702389,0.0,0.0
2022-08-16 00:00:00+05:30,15.300000190734863,16.0,15.300000190734863,15.899999618530273,148736090,0.0,0.0
2022-08-17 00:00:00+05:30,16.0,16.799999237060547,15.949999809265137,16.549999237060547,237169795,0.0,0.0
2022-08-18 00:00:00+05:30,16.549999237060547,16.799999237060547,16.350000381469727,16.649999618530273,121482844,0.0,0.0
2022-08-19 00:00:00+05:30,16.649999618530273,16.75,16.149999618530273,16.549999237060547,183960328,0.0,0.0
2022-08-22 00:00:00+05:30,16.5,16.600000381469727,16.25,16.350000381469727,65541015,0.0,0.0
2022-08-23 00:00:00+05:30,16.149999618530273,16.850000381469727,16.149999618530273,16.299999237060547,119341274,0.0,0.0
2022-08-24 00:00:00+05:30,16.350000381469727,16.75,16.25,16.600000381469727,86755636,0.0,0.0
2022-08-25 00:00:00+05:30,16.799999237060547,16.950000762939453,16.450000762939453,16.5,94097792,0.0,0.0
2022-08-26 00:00:00+05:30,16.600000381469727,16.700000762939453,16.399999618530273,16.450000762939453,61100663,0.0,0.0
2022-08-29 00:00:00+05:30,16.100000381469727,16.350000381469727,15.850000381469727,16.200000762939453,101321244,0.0,0.0
2022-08-30 00:00:00+05:30,16.25,16.600000381469727,16.25,16.450000762939453,79280387,0.0,0.0
2022-09-01 00:00:00+05:30,16.350000381469727,16.600000381469727,16.350000381469727,16.350000381469727,75338213,0.0,0.0
2022-09-02 00:00:00+05:30,16.450000762939453,16.5,16.200000762939453,16.200000762939453,53454387,0.0,0.0
2022-09-05 00:00:00+05:30,16.25,17.399999618530273,16.200000762939453,16.649999618530273,145151126,0.0,0.0
2022-09-06 00:00:00+05:30,16.75,17.200000762939453,16.5,16.75,126241432,0.0,0.0
2022-09-07 00:00:00+05:30,16.600000381469727,17.450000762939453,16.600000381469727,17.299999237060547,209105496,0.0,0.0
2022-09-08 00:00:00+05:30,17.5,18.049999237060547,17.399999618530273,17.75,268170150,0.0,0.0
2022-09-09 00:00:00+05:30,17.850000381469727,18.200000762939453,17.299999237060547,17.5,193221914,0.0,0.0
2022-09-12 00:00:00+05:30,17.700000762939453,17.799999237060547,17.5,17.549999237060547,98441497,0.0,0.0
2022-09-13 00:00:00+05:30,17.649999618530273,17.700000762939453,17.299999237060547,17.450000762939453,118386677,0.0,0.0
2022-09-14 00:00:00+05:30,17.149999618530273,17.5,17.100000381469727,17.25,137081038,0.0,0.0
2022-09-15 00:00:00+05:30,17.399999618530273,17.600000381469727,17.100000381469727,17.149999618530273,81502917,0.0,0.0
2022-09-16 00:00:00+05:30,17.149999618530273,17.25,16.649999618530273,16.75,127305239,0.0,0.0
2022-09-19 00:00:00+05:30,16.75,16.799999237060547,16.299999237060547,16.350000381469727,103007423,0.0,0.0
2022-09-20 00:00:00+05:30,16.450000762939453,16.850000381469727,16.350000381469727,16.399999618530273,87573547,0.0,0.0
2022-09-21 00:00:00+05:30,16.850000381469727,17.25,16.649999618530273,16.899999618530273,171508609,0.0,0.0
2022-09-22 00:00:00+05:30,16.850000381469727,17.149999618530273,16.600000381469727,16.75,99539210,0.0,0.0
2022-09-23 00:00:00+05:30,16.75,16.75,16.0,16.200000762939453,104057075,0.0,0.0
2022-09-26 00:00:00+05:30,16.0,16.0,15.350000381469727,15.5,98094429,0.0,0.0
2022-09-27 00:00:00+05:30,15.600000381469727,15.899999618530273,15.449999809265137,15.75,66927489,0.0,0.0
2022-09-28 00:00:00+05:30,15.600000381469727,15.75,15.399999618530273,15.449999809265137,67412435,0.0,0.0
2022-09-29 00:00:00+05:30,15.600000381469727,15.75,15.399999618530273,15.5,45476468,0.0,0.0
2022-09-30 00:00:00+05:30,15.550000190734863,15.850000381469727,15.399999618530273,15.649999618530273,86879185,0.0,0.0
2022-10-03 00:00:00+05:30,15.649999618530273,15.75,15.300000190734863,15.399999618530273,48492331,0.0,0.0
2022-10-04 00:00:00+05:30,15.649999618530273,16.299999237060547,15.600000381469727,16.200000762939453,112076362,0.0,0.0
2022-10-06 00:00:00+05:30,16.350000381469727,16.850000381469727,16.25,16.5,149333764,0.0,0.0
2022-10-07 00:00:00+05:30,16.75,16.75,16.350000381469727,16.549999237060547,59605751,0.0,0.0
2022-10-10 00:00:00+05:30,16.399999618530273,16.549999237060547,16.200000762939453,16.450000762939453,51241998,0.0,0.0
2022-10-11 00:00:00+05:30,16.5,16.600000381469727,16.049999237060547,16.149999618530273,48398744,0.0,0.0
2022-10-12 00:00:00+05:30,16.25,16.299999237060547,15.800000190734863,16.0,66034496,0.0,0.0
2022-10-13 00:00:00+05:30,15.949999809265137,16.0,15.600000381469727,15.800000190734863,38929298,0.0,0.0
2022-10-14 00:00:00+05:30,16.049999237060547,16.149999618530273,15.699999809265137,15.800000190734863,60503189,0.0,0.0
2022-10-17 00:00:00+05:30,15.699999809265137,16.049999237060547,15.649999618530273,15.75,83954100,0.0,0.0
2022-10-18 00:00:00+05:30,15.850000381469727,15.949999809265137,15.699999809265137,15.850000381469727,45399847,0.0,0.0
2022-10-19 00:00:00+05:30,15.850000381469727,16.049999237060547,15.800000190734863,15.899999618530273,44781578,0.0,0.0
2022-10-20 00:00:00+05:30,15.850000381469727,16.0,15.75,15.949999809265137,29372277,0.0,0.0
2022-10-21 00:00:00+05:30,16.149999618530273,16.350000381469727,15.899999618530273,16.049999237060547,62881273,0.0,0.0
2022-10-24 00:00:00+05:30,16.0,16.0,15.600000381469727,15.75,39994792,0.0,0.0
2022-10-25 00:00:00+05:30,15.699999809265137,15.850000381469727,15.550000190734863,15.600000381469727,56903508,0.0,0.0
2022-10-27 00:00:00+05:30,15.649999618530273,16.0,15.5,15.75,111351181,0.0,0.0
2022-10-28 00:00:00+05:30,15.800000190734863,15.800000190734863,15.600000381469727,15.649999618530273,27728826,0.0,0.0
2022-10-31 00:00:00+05:30,15.75,15.800000190734863,15.449999809265137,15.550000190734863,35745633,0.0,0.0
2022-11-01 00:00:00+05:30,15.600000381469727,15.850000381469727,15.25,15.5,111914590,0.0,0.0
2022-11-02 00:00:00+05:30,15.5,15.699999809265137,15.399999618530273,15.5,53832667,0.0,0.0
2022-11-03 00:00:00+05:30,15.5,16.299999237060547,15.5,16.100000381469727,140562676,0.0,0.0
2022-11-04 00:00:00+05:30,16.25,16.600000381469727,16.149999618530273,16.450000762939453,97341604,0.0,0.0
2022-11-07 00:00:00+05:30,16.549999237060547,16.75,16.399999618530273,16.549999237060547,77873357,0.0,0.0
2022-11-09 00:00:00+05:30,16.549999237060547,16.700000762939453,16.399999618530273,16.549999237060547,85265325,0.0,0.0
2022-11-10 00:00:00+05:30,16.5,16.649999618530273,16.25,16.5,71558329,0.0,0.0
2022-11-11 00:00:00+05:30,16.649999618530273,16.950000762939453,16.399999618530273,16.850000381469727,112993914,0.0,0.0
2022-11-14 00:00:00+05:30,16.850000381469727,17.399999618530273,16.75,17.100000381469727,195844509,0.0,0.0
2022-11-15 00:00:00+05:30,17.100000381469727,17.25,16.899999618530273,17.049999237060547,79191777,0.0,0.0
2022-11-16 00:00:00+05:30,17.049999237060547,17.350000381469727,16.899999618530273,17.049999237060547,106522657,0.0,0.0
2022-11-17 00:00:00+05:30,17.0,17.25,16.899999618530273,16.950000762939453,89810845,0.0,0.0
2022-11-18 00:00:00+05:30,16.950000762939453,17.049999237060547,16.700000762939453,16.850000381469727,47492598,0.0,0.0
2022-11-21 00:00:00+05:30,16.850000381469727,16.950000762939453,16.5,16.649999618530273,65235362,0.0,0.0
2022-11-22 00:00:00+05:30,16.649999618530273,17.399999618530273,16.649999618530273,17.049999237060547,124194131,0.0,0.0
2022-11-23 00:00:00+05:30,17.049999237060547,17.149999618530273,16.799999237060547,16.850000381469727,49441045,0.0,0.0
2022-11-24 00:00:00+05:30,16.899999618530273,17.0,16.850000381469727,16.950000762939453,41585061,0.0,0.0
2022-11-25 00:00:00+05:30,16.950000762939453,17.200000762939453,16.75,16.950000762939453,103021350,0.0,0.0
2022-11-28 00:00:00+05:30,16.950000762939453,17.549999237060547,16.899999618530273,17.149999618530273,154681795,0.0,0.0
2022-11-29 00:00:00+05:30,17.200000762939453,17.299999237060547,17.0,17.049999237060547,64478352,0.0,0.0
2022-11-30 00:00:00+05:30,17.100000381469727,17.350000381469727,16.950000762939453,17.149999618530273,126117843,0.0,0.0
2022-12-01 00:00:00+05:30,17.200000762939453,17.299999237060547,17.0,17.049999237060547,49791930,0.0,0.0
2022-12-02 00:00:00+05:30,17.299999237060547,17.899999618530273,17.25,17.399999618530273,292355548,0.0,0.0
2022-12-05 00:00:00+05:30,17.600000381469727,17.799999237060547,17.350000381469727,17.450000762939453,138780670,0.0,0.0
2022-12-06 00:00:00+05:30,17.350000381469727,17.899999618530273,17.299999237060547,17.5,157373790,0.0,0.0
2022-12-07 00:00:00+05:30,17.5,17.649999618530273,17.350000381469727,17.450000762939453,132599554,0.0,0.0
2022-12-08 00:00:00+05:30,17.5,17.799999237060547,17.450000762939453,17.75,151748493,0.0,0.0
2022-12-09 00:00:00+05:30,17.700000762939453,20.5,17.649999618530273,19.700000762939453,248261797,0.0,0.0
2022-12-12 00:00:00+05:30,19.950000762939453,21.399999618530273,19.649999618530273,21.100000381469727,919584556,0.0,0.0
2022-12-13 00:00:00+05:30,21.5,24.350000381469727,21.450000762939453,23.950000762939453,214307356,0.0,0.0
2022-12-14 00:00:00+05:30,24.049999237060547,24.75,21.899999618530273,22.100000381469727,151563929,0.0,0.0
2022-12-15 00:00:00+05:30,22.0,22.899999618530273,21.450000762939453,22.450000762939453,568038558,0.0,0.0
2022-12-16 00:00:00+05:30,22.200000762939453,22.450000762939453,21.049999237060547,21.200000762939453,483675727,0.0,0.0
2022-12-19 00:00:00+05:30,21.5,22.100000381469727,21.25,21.399999618530273,333082150,0.0,0.0
2022-12-20 00:00:00+05:30,21.350000381469727,21.5,20.600000381469727,21.299999237060547,294564961,0.0,0.0
2022-12-21 00:00:00+05:30,21.450000762939453,21.649999618530273,19.649999618530273,19.850000381469727,369893062,0.0,0.0
2022-12-22 00:00:00+05:30,20.049999237060547,20.200000762939453,18.850000381469727,18.950000762939453,387642459,0.0,0.0
2022-12-23 00:00:00+05:30,18.549999237060547,18.899999618530273,17.25,17.450000762939453,401631548,0.0,0.0
2022-12-26 00:00:00+05:30,17.600000381469727,19.950000762939453,17.549999237060547,19.600000381469727,553301260,0.0,0.0
2022-12-27 00:00:00+05:30,20.200000762939453,20.700000762939453,19.600000381469727,20.149999618530273,525572234,0.0,0.0
2022-12-28 00:00:00+05:30,20.149999618530273,20.700000762939453,19.649999618530273,20.149999618530273,411993069,0.0,0.0
2022-12-29 00:00:00+05:30,19.899999618530273,20.350000381469727,19.75,20.149999618530273,258614432,0.0,0.0
2022-12-30 00:00:00+05:30,20.5,20.850000381469727,20.299999237060547,20.600000381469727,290592965,0.0,0.0
2023-01-02 00:00:00+05:30,20.850000381469727,22.100000381469727,20.75,21.649999618530273,495265210,0.0,0.0
2023-01-03 00:00:00+05:30,21.899999618530273,22.25,21.75,22.049999237060547,339801604,0.0,0.0
2023-01-04 00:00:00+05:30,22.200000762939453,22.399999618530273,20.899999618530273,21.350000381469727,395137176,0.0,0.0
2023-01-05 00:00:00+05:30,21.5,21.700000762939453,21.149999618530273,21.450000762939453,207055994,0.0,0.0
2023-01-06 00:00:00+05:30,21.600000381469727,21.75,20.950000762939453,21.100000381469727,221378840,0.0,0.0
2023-01-09 00:00:00+05:30,21.399999618530273,21.5,21.049999237060547,21.25,133642156,0.0,0.0
2023-01-10 00:00:00+05:30,21.200000762939453,21.200000762939453,20.350000381469727,20.649999618530273,217605501,0.0,0.0
2023-01-11 00:00:00+05:30,20.649999618530273,20.649999618530273,20.0,20.049999237060547,180768626,0.0,0.0
2023-01-12 00:00:00+05:30,20.100000381469727,20.149999618530273,19.649999618530273,19.899999618530273,206504664,0.0,0.0
2023-01-13 00:00:00+05:30,19.899999618530273,20.299999237060547,19.649999618530273,20.149999618530273,177999521,0.0,0.0
2023-01-16 00:00:00+05:30,20.450000762939453,20.549999237060547,20.049999237060547,20.149999618530273,136916066,0.0,0.0
2023-01-17 00:00:00+05:30,20.200000762939453,20.200000762939453,19.950000762939453,20.100000381469727,78608576,0.0,0.0
2023-01-18 00:00:00+05:30,20.149999618530273,20.450000762939453,20.0,20.350000381469727,97888455,0.0,0.0
2023-01-19 00:00:00+05:30,20.25,20.350000381469727,20.049999237060547,20.149999618530273,84048843,0.0,0.0
2023-01-20 00:00:00+05:30,20.149999618530273,20.149999618530273,19.649999618530273,19.75,132306803,0.0,0.0
2023-01-23 00:00:00+05:30,17.75,18.600000381469727,17.450000762939453,18.149999618530273,461080397,0.0,0.0
2023-01-24 00:00:00+05:30,18.200000762939453,18.5,18.100000381469727,18.200000762939453,158031026,0.0,0.0
2023-01-25 00:00:00+05:30,18.200000762939453,18.200000762939453,17.549999237060547,17.899999618530273,169888903,0.0,0.0
2023-01-27 00:00:00+05:30,18.200000762939453,18.200000762939453,17.299999237060547,17.5,186338397,0.0,0.0
2023-01-30 00:00:00+05:30,17.5,17.899999618530273,17.0,17.100000381469727,210890783,0.0,0.0
2023-01-31 00:00:00+05:30,17.100000381469727,17.600000381469727,16.75,17.25,172354037,0.0,0.0
2023-02-01 00:00:00+05:30,17.299999237060547,17.549999237060547,16.649999618530273,16.899999618530273,165385637,0.0,0.0
2023-02-02 00:00:00+05:30,16.850000381469727,17.25,16.700000762939453,16.850000381469727,123967342,0.0,0.0
2023-02-03 00:00:00+05:30,16.950000762939453,17.149999618530273,16.149999618530273,16.450000762939453,156969022,0.0,0.0
2023-02-06 00:00:00+05:30,16.5,17.0,16.399999618530273,16.649999618530273,208869003,0.0,0.0
2023-02-07 00:00:00+05:30,16.700000762939453,16.950000762939453,16.549999237060547,16.850000381469727,92270861,0.0,0.0
2023-02-08 00:00:00+05:30,16.950000762939453,17.350000381469727,16.75,17.100000381469727,125682040,0.0,0.0
2023-02-09 00:00:00+05:30,17.149999618530273,17.149999618530273,16.75,16.850000381469727,77906475,0.0,0.0
2023-02-10 00:00:00+05:30,16.799999237060547,17.299999237060547,16.700000762939453,17.049999237060547,148680021,0.0,0.0
2023-02-13 00:00:00+05:30,17.049999237060547,17.149999618530273,16.549999237060547,16.700000762939453,177648359,0.0,0.0
2023-02-14 00:00:00+05:30,16.75,16.850000381469727,16.25,16.399999618530273,67042640,0.0,0.0
2023-02-15 00:00:00+05:30,16.299999237060547,16.5,16.200000762939453,16.399999618530273,69598730,0.0,0.0
2023-02-16 00:00:00+05:30,16.399999618530273,16.5,16.200000762939453,16.25,66369663,0.0,0.0
2023-02-17 00:00:00+05:30,16.25,16.350000381469727,16.0,16.100000381469727,60097807,0.0,0.0
2023-02-20 00:00:00+05:30,16.200000762939453,16.75,16.100000381469727,16.600000381469727,173752454,0.0,0.0
2023-02-21 00:00:00+05:30,16.75,17.0,16.450000762939453,16.700000762939453,173188893,0.0,0.0
2023-02-22 00:00:00+05:30,16.649999618530273,16.700000762939453,16.100000381469727,16.299999237060547,106084194,0.0,0.0
2023-02-23 00:00:00+05:30,16.25,16.549999237060547,16.149999618530273,16.399999618530273,74749112,0.0,0.0
2023-02-24 00:00:00+05:30,16.450000762939453,16.549999237060547,16.100000381469727,16.149999618530273,88544284,0.0,0.0
2023-02-27 00:00:00+05:30,16.149999618530273,16.549999237060547,16.0,16.399999618530273,94589990,0.0,0.0
2023-02-28 00:00:00+05:30,16.399999618530273,17.649999618530273,16.299999237060547,17.450000762939453,212755636,0.0,0.0
2023-03-01 00:00:00+05:30,17.549999237060547,18.399999618530273,17.549999237060547,18.299999237060547,282273280,0.0,0.0
2023-03-02 00:00:00+05:30,18.399999618530273,18.600000381469727,17.299999237060547,17.5,246207153,0.0,0.0
2023-03-03 00:00:00+05:30,17.5,17.700000762939453,16.799999237060547,16.850000381469727,269921902,0.0,0.0
2023-03-06 00:00:00+05:30,16.799999237060547,17.25,16.5,16.899999618530273,166703741,0.0,0.0
2023-03-08 00:00:00+05:30,16.850000381469727,16.850000381469727,16.399999618530273,16.700000762939453,99406365,0.0,0.0
2023-03-09 00:00:00+05:30,16.649999618530273,16.950000762939453,16.5,16.549999237060547,99557952,0.0,0.0
2023-03-10 00:00:00+05:30,16.399999618530273,16.75,16.299999237060547,16.5,93220422,0.0,0.0
2023-03-13 00:00:00+05:30,14.399999618530273,16.299999237060547,14.399999618530273,15.649999618530273,560565493,0.0,0.0
2023-03-14 00:00:00+05:30,15.699999809265137,15.949999809265137,15.449999809265137,15.550000190734863,179730170,0.0,0.0
2023-03-15 00:00:00+05:30,15.5,15.850000381469727,15.300000190734863,15.350000381469727,139128847,0.0,0.0
2023-03-16 00:00:00+05:30,15.350000381469727,15.350000381469727,14.800000190734863,14.899999618530273,207783632,0.0,0.0
2023-03-17 00:00:00+05:30,15.0,15.850000381469727,14.5,15.050000190734863,445464706,0.0,0.0
2023-03-20 00:00:00+05:30,15.399999618530273,15.5,15.0,15.350000381469727,297633356,0.0,0.0
2023-03-21 00:00:00+05:30,15.449999809265137,15.550000190734863,15.149999618530273,15.25,185863476,0.0,0.0
2023-03-22 00:00:00+05:30,15.300000190734863,15.5,15.199999809265137,15.300000190734863,139692815,0.0,0.0
2023-03-23 00:00:00+05:30,15.25,15.399999618530273,14.899999618530273,15.199999809265137,124581123,0.0,0.0
2023-03-24 00:00:00+05:30,15.050000190734863,15.25,15.0,15.050000190734863,93654254,0.0,0.0
2023-03-27 00:00:00+05:30,15.100000381469727,15.300000190734863,15.0,15.050000190734863,131495843,0.0,0.0
2023-03-28 00:00:00+05:30,15.100000381469727,15.149999618530273,14.699999809265137,14.75,87761633,0.0,0.0
2023-03-29 00:00:00+05:30,14.800000190734863,15.100000381469727,14.75,14.949999809265137,111967037,0.0,0.0
2023-03-31 00:00:00+05:30,15.0,15.199999809265137,14.949999809265137,15.050000190734863,101307931,0.0,0.0
2023-04-03 00:00:00+05:30,15.100000381469727,15.449999809265137,15.050000190734863,15.350000381469727,80090577,0.0,0.0
2023-04-05 00:00:00+05:30,15.449999809265137,15.550000190734863,15.149999618530273,15.25,57795927,0.0,0.0
2023-04-06 00:00:00+05:30,15.25,15.600000381469727,15.199999809265137,15.399999618530273,69023622,0.0,0.0
2023-04-10 00:00:00+05:30,15.449999809265137,15.449999809265137,15.149999618530273,15.199999809265137,58424414,0.0,0.0
2023-04-11 00:00:00+05:30,15.25,15.399999618530273,15.149999618530273,15.199999809265137,43019043,0.0,0.0
2023-04-12 00:00:00+05:30,15.25,15.5,15.149999618530273,15.399999618530273,57667885,0.0,0.0
2023-04-13 00:00:00+05:30,15.5,15.550000190734863,15.199999809265137,15.350000381469727,76131404,0.0,0.0
2023-04-17 00:00:00+05:30,15.350000381469727,15.399999618530273,15.25,15.350000381469727,61971667,0.0,0.0
2023-04-18 00:00:00+05:30,15.350000381469727,16.799999237060547,15.300000190734863,16.649999618530273,346144836,0.0,0.0
2023-04-19 00:00:00+05:30,16.799999237060547,17.299999237060547,16.399999618530273,16.549999237060547,267886872,0.0,0.0
2023-04-20 00:00:00+05:30,16.600000381469727,16.75,16.450000762939453,16.5,93150119,0.0,0.0
2023-04-21 00:00:00+05:30,16.600000381469727,16.600000381469727,16.100000381469727,16.200000762939453,86456901,0.0,0.0
2023-04-24 00:00:00+05:30,15.5,16.0,15.5,15.699999809265137,163198015,0.0,0.0
2023-04-25 00:00:00+05:30,15.75,15.800000190734863,15.449999809265137,15.550000190734863,99104709,0.0,0.0
2023-04-26 00:00:00+05:30,15.5,15.949999809265137,15.399999618530273,15.5,128851297,0.0,0.0
2023-04-27 00:00:00+05:30,15.5,15.699999809265137,15.5,15.600000381469727,41936192,0.0,0.0
2023-04-28 00:00:00+05:30,15.649999618530273,15.850000381469727,15.600000381469727,15.699999809265137,79514507,0.0,0.0
2023-05-02 00:00:00+05:30,15.75,16.100000381469727,15.699999809265137,15.949999809265137,117555064,0.0,0.0
2023-05-03 00:00:00+05:30,15.949999809265137,16.399999618530273,15.850000381469727,16.149999618530273,83692417,0.0,0.0
2023-05-04 00:00:00+05:30,16.200000762939453,16.299999237060547,16.0,16.049999237060547,85512962,0.0,0.0
2023-05-05 00:00:00+05:30,16.0,16.149999618530273,15.899999618530273,15.949999809265137,47642044,0.0,0.0
2023-05-08 00:00:00+05:30,16.0,16.200000762939453,15.949999809265137,16.100000381469727,59725157,0.0,0.0
2023-05-09 00:00:00+05:30,16.100000381469727,16.25,16.0,16.100000381469727,76780928,0.0,0.0
2023-05-10 00:00:00+05:30,16.049999237060547,16.149999618530273,15.800000190734863,15.949999809265137,77871060,0.0,0.0
2023-05-11 00:00:00+05:30,16.0,16.149999618530273,15.949999809265137,16.100000381469727,49450726,0.0,0.0
2023-05-12 00:00:00+05:30,16.100000381469727,16.149999618530273,15.800000190734863,15.949999809265137,58478892,0.0,0.0
2023-05-15 00:00:00+05:30,15.949999809265137,16.0,15.75,15.850000381469727,44787937,0.0,0.0
2023-05-16 00:00:00+05:30,15.899999618530273,16.149999618530273,15.800000190734863,15.899999618530273,95893603,0.0,0.0
2023-05-17 00:00:00+05:30,15.949999809265137,16.049999237060547,15.850000381469727,15.899999618530273,85822286,0.0,0.0
2023-05-18 00:00:00+05:30,15.949999809265137,16.0,15.649999618530273,15.699999809265137,60436667,0.0,0.0
2023-05-19 00:00:00+05:30,15.75,15.800000190734863,15.550000190734863,15.649999618530273,53851070,0.0,0.0
2023-05-22 00:00:00+05:30,15.699999809265137,15.800000190734863,15.600000381469727,15.649999618530273,41531446,0.0,0.0
2023-05-23 00:00:00+05:30,15.649999618530273,15.75,15.5,15.550000190734863,49358138,0.0,0.0
2023-05-24 00:00:00+05:30,15.550000190734863,15.699999809265137,15.5,15.600000381469727,45339237,0.0,0.0
2023-05-25 00:00:00+05:30,15.550000190734863,15.75,15.5,15.5,67397531,0.0,0.0
2023-05-26 00:00:00+05:30,15.550000190734863,15.649999618530273,15.5,15.600000381469727,34064577,0.0,0.0
2023-05-29 00:00:00+05:30,15.649999618530273,16.200000762939453,15.600000381469727,15.899999618530273,127417730,0.0,0.0
2023-05-30 00:00:00+05:30,16.0,16.049999237060547,15.75,15.899999618530273,77893859,0.0,0.0
2023-05-31 00:00:00+05:30,15.899999618530273,16.5,15.699999809265137,16.200000762939453,223440763,0.0,0.0
2023-06-01 00:00:00+05:30,16.25,16.649999618530273,16.25,16.299999237060547,85940004,0.0,0.0
2023-06-02 00:00:00+05:30,16.350000381469727,16.5,16.299999237060547,16.399999618530273,113767784,0.0,0.0
2023-06-05 00:00:00+05:30,16.399999618530273,16.5,16.049999237060547,16.149999618530273,39525286,0.0,0.0
2023-06-06 00:00:00+05:30,16.149999618530273,16.149999618530273,15.949999809265137,16.0,39361694,0.0,0.0
2023-06-07 00:00:00+05:30,16.049999237060547,16.299999237060547,16.0,16.149999618530273,52628264,0.0,0.0
2023-06-08 00:00:00+05:30,16.200000762939453,17.200000762939453,16.149999618530273,16.75,307712828,0.0,0.0
2023-06-09 00:00:00+05:30,16.75,16.950000762939453,16.5,16.600000381469727,114417447,0.0,0.0
2023-06-12 00:00:00+05:30,16.600000381469727,16.600000381469727,16.350000381469727,16.399999618530273,53269073,0.0,0.0
2023-06-13 00:00:00+05:30,16.450000762939453,16.700000762939453,16.350000381469727,16.399999618530273,61321328,0.0,0.0
2023-06-14 00:00:00+05:30,16.5,16.600000381469727,16.100000381469727,16.200000762939453,99586254,0.0,0.0
2023-06-15 00:00:00+05:30,16.200000762939453,16.350000381469727,15.949999809265137,16.100000381469727,56035794,0.0,0.0
2023-06-16 00:00:00+05:30,16.149999618530273,16.450000762939453,16.0,16.299999237060547,79705305,0.0,0.0
2023-06-19 00:00:00+05:30,16.399999618530273,16.75,16.100000381469727,16.25,127260482,0.0,0.0
2023-06-20 00:00:00+05:30,16.299999237060547,16.399999618530273,16.149999618530273,16.25,62344783,0.0,0.0
2023-06-21 00:00:00+05:30,16.25,16.350000381469727,16.149999618530273,16.200000762939453,43815628,0.0,0.0
2023-06-22 00:00:00+05:30,16.200000762939453,16.299999237060547,15.949999809265137,16.0,52482954,0.0,0.0
2023-06-23 00:00:00+05:30,16.0,16.100000381469727,15.899999618530273,16.0,42620606,0.0,0.0
2023-06-26 00:00:00+05:30,16.049999237060547,16.350000381469727,16.0,16.100000381469727,69419649,0.0,0.0
2023-06-27 00:00:00+05:30,16.149999618530273,16.25,16.0,16.049999237060547,35114512,0.0,0.0
2023-06-28 00:00:00+05:30,16.100000381469727,16.350000381469727,15.949999809265137,16.200000762939453,63502734,0.0,0.0
2023-06-30 00:00:00+05:30,16.25,16.350000381469727,16.149999618530273,16.25,69541563,0.0,0.0
2023-07-03 00:00:00+05:30,16.350000381469727,16.549999237060547,16.299999237060547,16.350000381469727,108321412,0.0,0.0
2023-07-04 00:00:00+05:30,16.399999618530273,17.200000762939453,16.25,16.799999237060547,323137498,0.0,0.0
2023-07-05 00:00:00+05:30,16.850000381469727,17.450000762939453,16.799999237060547,17.149999618530273,214341757,0.0,0.0
2023-07-06 00:00:00+05:30,17.25,17.950000762939453,17.25,17.799999237060547,264919299,0.0,0.0
2023-07-07 00:00:00+05:30,17.850000381469727,17.950000762939453,17.299999237060547,17.450000762939453,248157506,0.0,0.0
2023-07-10 00:00:00+05:30,17.299999237060547,17.5,17.0,17.049999237060547,104189506,0.0,0.0
2023-07-11 00:00:00+05:30,17.200000762939453,17.5,17.049999237060547,17.200000762939453,152871399,0.0,0.0
2023-07-12 00:00:00+05:30,17.200000762939453,17.649999618530273,17.149999618530273,17.299999237060547,131237755,0.0,0.0
2023-07-13 00:00:00+05:30,17.399999618530273,17.75,17.049999237060547,17.149999618530273,125488334,0.0,0.0
2023-07-14 00:00:00+05:30,17.25,17.450000762939453,17.149999618530273,17.350000381469727,84745330,0.0,0.0
2023-07-17 00:00:00+05:30,17.5,17.850000381469727,17.450000762939453,17.700000762939453,172530419,0.0,0.0
2023-07-18 00:00:00+05:30,17.700000762939453,17.899999618530273,17.350000381469727,17.5,165941309,0.0,0.0
2023-07-19 00:00:00+05:30,17.5,17.600000381469727,17.299999237060547,17.450000762939453,107842846,0.0,0.0
2023-07-20 00:00:00+05:30,17.399999618530273,18.100000381469727,17.350000381469727,17.700000762939453,214353303,0.0,0.0
2023-07-21 00:00:00+05:30,17.700000762939453,18.200000762939453,17.600000381469727,18.049999237060547,242664132,0.0,0.0
2023-07-24 00:00:00+05:30,18.399999618530273,18.450000762939453,17.299999237060547,17.399999618530273,274651589,0.0,0.0
2023-07-25 00:00:00+05:30,17.399999618530273,17.600000381469727,16.950000762939453,17.049999237060547,112478211,0.0,0.0
2023-07-26 00:00:00+05:30,17.049999237060547,17.149999618530273,16.649999618530273,17.0,113833184,0.0,0.0
2023-07-27 00:00:00+05:30,17.049999237060547,17.350000381469727,16.899999618530273,16.950000762939453,89067183,0.0,0.0
2023-07-28 00:00:00+05:30,17.0,17.100000381469727,16.850000381469727,16.950000762939453,75578803,0.0,0.0
2023-07-31 00:00:00+05:30,16.950000762939453,17.100000381469727,16.899999618530273,16.950000762939453,60939265,0.0,0.0
2023-08-01 00:00:00+05:30,17.100000381469727,17.200000762939453,17.0,17.100000381469727,69943055,0.0,0.0
2023-08-02 00:00:00+05:30,17.049999237060547,17.299999237060547,16.850000381469727,17.0,108943704,0.0,0.0
2023-08-03 00:00:00+05:30,17.0,17.100000381469727,16.899999618530273,17.0,67175859,0.0,0.0
2023-08-04 00:00:00+05:30,17.049999237060547,17.149999618530273,16.899999618530273,16.950000762939453,86412240,0.0,0.0
2023-08-07 00:00:00+05:30,17.0,17.149999618530273,16.75,16.899999618530273,69343019,0.0,0.0
2023-08-08 00:00:00+05:30,16.899999618530273,17.0,16.75,16.850000381469727,49199132,0.0,0.0
2023-08-09 00:00:00+05:30,16.899999618530273,17.0,16.799999237060547,16.950000762939453,48443836,0.0,0.0
2023-08-10 00:00:00+05:30,17.0,17.450000762939453,16.899999618530273,16.950000762939453,170855859,0.0,0.0
2023-08-11 00:00:00+05:30,17.049999237060547,17.399999618530273,17.0,17.049999237060547,88552616,0.0,0.0
2023-08-14 00:00:00+05:30,17.049999237060547,17.100000381469727,16.799999237060547,16.950000762939453,84692730,0.0,0.0
2023-08-16 00:00:00+05:30,16.950000762939453,17.0,16.799999237060547,16.850000381469727,59611983,0.0,0.0
2023-08-17 00:00:00+05:30,16.899999618530273,17.299999237060547,16.850000381469727,17.0,110008087,0.0,0.0
2023-08-18 00:00:00+05:30,17.049999237060547,17.200000762939453,16.799999237060547,16.899999618530273,93032287,0.0,0.0
2023-08-21 00:00:00+05:30,16.899999618530273,17.049999237060547,16.75,16.950000762939453,79437088,0.0,0.0
2023-08-22 00:00:00+05:30,17.0,17.049999237060547,16.850000381469727,16.950000762939453,76696780,0.0,0.0
2023-08-23 00:00:00+05:30,17.049999237060547,17.299999237060547,16.950000762939453,17.0,103711610,0.0,0.0
2023-08-24 00:00:00+05:30,17.100000381469727,17.200000762939453,16.899999618530273,16.950000762939453,65221207,0.0,0.0
2023-08-25 00:00:00+05:30,16.950000762939453,17.049999237060547,16.799999237060547,16.850000381469727,57171325,0.0,0.0
2023-08-28 00:00:00+05:30,16.899999618530273,17.0,16.75,16.799999237060547,48816935,0.0,0.0
2023-08-29 00:00:00+05:30,16.850000381469727,17.0,16.799999237060547,16.850000381469727,60519632,0.0,0.0
2023-08-30 00:00:00+05:30,16.899999618530273,17.0,16.799999237060547,16.799999237060547,76931357,0.0,0.0
2023-08-31 00:00:00+05:30,16.899999618530273,17.0,16.700000762939453,16.799999237060547,122502581,0.0,0.0
2023-09-01 00:00:00+05:30,16.850000381469727,17.600000381469727,16.700000762939453,17.350000381469727,392364788,0.0,0.0
2023-09-04 00:00:00+05:30,17.450000762939453,19.0,17.450000762939453,18.600000381469727,776578716,0.0,0.0
2023-09-05 00:00:00+05:30,18.799999237060547,19.100000381469727,17.899999618530273,18.149999618530273,368062167,0.0,0.0
2023-09-06 00:00:00+05:30,18.149999618530273,18.299999237060547,17.899999618530273,18.0,168431922,0.0,0.0
2023-09-07 00:00:00+05:30,18.149999618530273,18.850000381469727,18.049999237060547,18.549999237060547,230732062,0.0,0.0
2023-09-08 00:00:00+05:30,18.649999618530273,18.950000762939453,18.299999237060547,18.350000381469727,153694460,0.0,0.0
2023-09-11 00:00:00+05:30,18.5,18.600000381469727,18.25,18.399999618530273,133672969,0.0,0.0
2023-09-12 00:00:00+05:30,18.549999237060547,18.600000381469727,17.450000762939453,17.549999237060547,301858096,0.0,0.0
2023-09-13 00:00:00+05:30,17.5,17.850000381469727,17.299999237060547,17.700000762939453,229941097,0.0,0.0
2023-09-14 00:00:00+05:30,17.75,18.0,17.399999618530273,17.5,154490813,0.0,0.0
2023-09-15 00:00:00+05:30,17.549999237060547,18.399999618530273,17.450000762939453,18.299999237060547,358807251,0.0,0.0
2023-09-18 00:00:00+05:30,18.399999618530273,19.0,18.25,18.549999237060547,493458905,0.0,0.0
2023-09-20 00:00:00+05:30,18.399999618530273,18.450000762939453,17.850000381469727,18.0,179937051,0.0,0.0
2023-09-21 00:00:00+05:30,18.049999237060547,18.200000762939453,17.649999618530273,17.700000762939453,180166816,0.0,0.0
2023-09-22 00:00:00+05:30,17.700000762939453,18.0,17.5,17.649999618530273,141097202,0.0,0.0
2023-09-25 00:00:00+05:30,17.75,17.75,17.399999618530273,17.450000762939453,115437155,0.0,0.0
2023-09-26 00:00:00+05:30,17.5,17.549999237060547,17.25,17.350000381469727,104957648,0.0,0.0
2023-09-27 00:00:00+05:30,17.399999618530273,17.700000762939453,17.299999237060547,17.350000381469727,160278361,0.0,0.0
2023-09-28 00:00:00+05:30,17.399999618530273,17.700000762939453,17.200000762939453,17.25,136298936,0.0,0.0
2023-09-29 00:00:00+05:30,17.399999618530273,17.450000762939453,17.0,17.25,135475544,0.0,0.0
2023-10-03 00:00:00+05:30,17.25,17.399999618530273,17.100000381469727,17.200000762939453,79015930,0.0,0.0
2023-10-04 00:00:00+05:30,17.200000762939453,17.5,17.049999237060547,17.200000762939453,154229605,0.0,0.0
2023-10-05 00:00:00+05:30,17.25,17.399999618530273,17.049999237060547,17.149999618530273,94470407,0.0,0.0
2023-10-06 00:00:00+05:30,17.200000762939453,17.5,17.149999618530273,17.299999237060547,130610068,0.0,0.0
2023-10-09 00:00:00+05:30,17.200000762939453,17.200000762939453,16.850000381469727,16.899999618530273,103002467,0.0,0.0
2023-10-10 00:00:00+05:30,17.0,17.149999618530273,16.950000762939453,17.049999237060547,65790049,0.0,0.0
2023-10-11 00:00:00+05:30,17.100000381469727,17.350000381469727,17.0,17.049999237060547,82337766,0.0,0.0
2023-10-12 00:00:00+05:30,17.100000381469727,17.25,17.049999237060547,17.100000381469727,49467423,0.0,0.0
2023-10-13 00:00:00+05:30,17.049999237060547,17.200000762939453,17.049999237060547,17.100000381469727,53963713,0.0,0.0
2023-10-16 00:00:00+05:30,17.149999618530273,17.200000762939453,17.049999237060547,17.049999237060547,67053870,0.0,0.0
2023-10-17 00:00:00+05:30,17.149999618530273,17.299999237060547,17.049999237060547,17.100000381469727,76798183,0.0,0.0
2023-10-18 00:00:00+05:30,17.149999618530273,17.25,16.950000762939453,17.049999237060547,76543547,0.0,0.0
2023-10-19 00:00:00+05:30,17.100000381469727,17.25,17.0,17.049999237060547,69004632,0.0,0.0
2023-10-20 00:00:00+05:30,17.100000381469727,17.850000381469727,17.049999237060547,17.299999237060547,242605105,0.0,0.0
2023-10-23 00:00:00+05:30,17.399999618530273,17.450000762939453,16.200000762939453,16.350000381469727,239210207,0.0,0.0
2023-10-25 00:00:00+05:30,16.399999618530273,16.700000762939453,15.850000381469727,16.0,156556497,0.0,0.0
2023-10-26 00:00:00+05:30,16.0,16.049999237060547,15.699999809265137,15.899999618530273,153370332,0.0,0.0
2023-10-27 00:00:00+05:30,15.949999809265137,16.149999618530273,15.899999618530273,15.949999809265137,74336446,0.0,0.0
2023-10-30 00:00:00+05:30,16.049999237060547,16.100000381469727,15.850000381469727,15.949999809265137,120388059,0.0,0.0
2023-10-31 00:00:00+05:30,16.100000381469727,16.149999618530273,15.899999618530273,15.949999809265137,52455781,0.0,0.0
2023-11-01 00:00:00+05:30,16.0,16.25,15.949999809265137,16.0,68205389,0.0,0.0
2023-11-02 00:00:00+05:30,16.100000381469727,16.200000762939453,15.899999618530273,16.049999237060547,77309428,0.0,0.0
2023-11-03 00:00:00+05:30,16.149999618530273,16.649999618530273,16.100000381469727,16.450000762939453,173537061,0.0,0.0
2023-11-06 00:00:00+05:30,16.549999237060547,16.899999618530273,16.5,16.700000762939453,146210916,0.0,0.0
2023-11-07 00:00:00+05:30,16.75,16.899999618530273,16.700000762939453,16.799999237060547,107607382,0.0,0.0
2023-11-08 00:00:00+05:30,16.899999618530273,18.299999237060547,16.850000381469727,17.950000762939453,460583338,0.0,0.0
2023-11-09 00:00:00+05:30,18.350000381469727,18.799999237060547,18.0,18.350000381469727,524322630,0.0,0.0
2023-11-10 00:00:00+05:30,18.350000381469727,18.549999237060547,18.149999618530273,18.299999237060547,188889074,0.0,0.0
2023-11-13 00:00:00+05:30,18.399999618530273,19.5,18.149999618530273,19.399999618530273,493509056,0.0,0.0
2023-11-15 00:00:00+05:30,19.649999618530273,20.600000381469727,19.600000381469727,20.350000381469727,664202872,0.0,0.0
2023-11-16 00:00:00+05:30,20.399999618530273,20.600000381469727,19.899999618530273,20.149999618530273,270319207,0.0,0.0
2023-11-17 00:00:00+05:30,20.049999237060547,21.149999618530273,19.799999237060547,20.799999237060547,611686157,0.0,0.0
2023-11-20 00:00:00+05:30,20.899999618530273,21.100000381469727,20.0,20.149999618530273,290789131,0.0,0.0
2023-11-21 00:00:00+05:30,20.299999237060547,20.450000762939453,19.600000381469727,19.700000762939453,206049431,0.0,0.0
2023-11-22 00:00:00+05:30,19.700000762939453,19.850000381469727,19.049999237060547,19.200000762939453,195379978,0.0,0.0
2023-11-23 00:00:00+05:30,19.299999237060547,20.299999237060547,19.25,20.149999618530273,262350330,0.0,0.0
2023-11-24 00:00:00+05:30,20.299999237060547,20.399999618530273,19.600000381469727,19.799999237060547,168959338,0.0,0.0
2023-11-28 00:00:00+05:30,19.850000381469727,20.0,19.399999618530273,19.75,279844132,0.0,0.0
2023-11-29 00:00:00+05:30,19.850000381469727,20.450000762939453,19.799999237060547,19.850000381469727,204911091,0.0,0.0
2023-11-30 00:00:00+05:30,19.850000381469727,19.899999618530273,19.200000762939453,19.350000381469727,259007784,0.0,0.0
2023-12-01 00:00:00+05:30,19.450000762939453,19.649999618530273,19.200000762939453,19.299999237060547,123823351,0.0,0.0
2023-12-04 00:00:00+05:30,19.649999618530273,19.75,19.299999237060547,19.549999237060547,130093389,0.0,0.0
2023-12-05 00:00:00+05:30,19.549999237060547,19.850000381469727,19.350000381469727,19.600000381469727,152090824,0.0,0.0
2023-12-06 00:00:00+05:30,19.700000762939453,19.850000381469727,19.399999618530273,19.75,169448494,0.0,0.0
2023-12-07 00:00:00+05:30,19.75,20.450000762939453,19.5,20.049999237060547,300341296,0.0,0.0
2023-12-08 00:00:00+05:30,20.200000762939453,20.450000762939453,19.75,19.899999618530273,158754847,0.0,0.0
2023-12-11 00:00:00+05:30,20.0,20.75,19.950000762939453,20.25,267650645,0.0,0.0
2023-12-12 00:00:00+05:30,20.5,21.850000381469727,20.5,21.299999237060547,781360562,0.0,0.0
2023-12-13 00:00:00+05:30,21.549999237060547,21.700000762939453,20.899999618530273,21.200000762939453,342846077,0.0,0.0
2023-12-14 00:00:00+05:30,21.5,22.100000381469727,21.299999237060547,21.399999618530273,339666217,0.0,0.0
2023-12-15 00:00:00+05:30,21.950000762939453,22.100000381469727,21.399999618530273,21.950000762939453,337939556,0.0,0.0
2023-12-18 00:00:00+05:30,22.0,23.0,21.649999618530273,22.799999237060547,542808852,0.0,0.0
2023-12-19 00:00:00+05:30,22.899999618530273,23.049999237060547,22.049999237060547,22.149999618530273,310394626,0.0,0.0
2023-12-20 00:00:00+05:30,22.350000381469727,22.450000762939453,20.25,20.5,397366094,0.0,0.0
2023-12-21 00:00:00+05:30,20.149999618530273,21.25,19.950000762939453,21.149999618530273,318567154,0.0,0.0
2023-12-22 00:00:00+05:30,21.25,21.450000762939453,20.799999237060547,21.049999237060547,279614591,0.0,0.0
2023-12-26 00:00:00+05:30,21.149999618530273,21.350000381469727,20.850000381469727,20.950000762939453,156456958,0.0,0.0
2023-12-27 00:00:00+05:30,21.100000381469727,21.25,20.850000381469727,20.950000762939453,115159241,0.0,0.0
2023-12-28 00:00:00+05:30,21.0,21.149999618530273,20.799999237060547,20.850000381469727,127826051,0.0,0.0
2023-12-29 00:00:00+05:30,20.899999618530273,21.799999237060547,20.700000762939453,21.450000762939453,226340962,0.0,0.0
2024-01-01 00:00:00+05:30,21.5,23.0,21.399999618530273,22.649999618530273,577972312,0.0,0.0
2024-01-02 00:00:00+05:30,22.700000762939453,23.700000762939453,22.299999237060547,23.200000762939453,618101025,0.0,0.0
2024-01-03 00:00:00+05:30,23.25,23.75,22.75,22.899999618530273,378099590,0.0,0.0
2024-01-04 00:00:00+05:30,23.049999237060547,23.600000381469727,22.899999618530273,23.25,271346506,0.0,0.0
2024-01-05 00:00:00+05:30,23.350000381469727,24.299999237060547,23.25,24.0,561257556,0.0,0.0
2024-01-08 00:00:00+05:30,24.299999237060547,24.450000762939453,23.450000762939453,24.200000762939453,546082056,0.0,0.0
2024-01-09 00:00:00+05:30,24.399999618530273,25.0,24.100000381469727,24.200000762939453,474325248,0.0,0.0
2024-01-10 00:00:00+05:30,24.149999618530273,25.649999618530273,24.0,25.5,706576963,0.0,0.0
2024-01-11 00:00:00+05:30,25.600000381469727,25.950000762939453,25.149999618530273,25.549999237060547,410909551,0.0,0.0
2024-01-12 00:00:00+05:30,25.649999618530273,25.700000762939453,24.600000381469727,24.899999618530273,264160446,0.0,0.0
2024-01-15 00:00:00+05:30,25.0,25.299999237060547,24.600000381469727,24.75,239737801,0.0,0.0
2024-01-16 00:00:00+05:30,24.950000762939453,26.25,24.899999618530273,25.649999618530273,555808959,0.0,0.0
2024-01-17 00:00:00+05:30,25.399999618530273,25.649999618530273,24.649999618530273,24.75,407818402,0.0,0.0
2024-01-18 00:00:00+05:30,24.700000762939453,25.100000381469727,23.899999618530273,24.950000762939453,308605574,0.0,0.0
2024-01-19 00:00:00+05:30,25.100000381469727,25.549999237060547,25.100000381469727,25.149999618530273,184495376,0.0,0.0
2024-01-23 00:00:00+05:30,25.450000762939453,25.600000381469727,23.899999618530273,24.049999237060547,292673233,0.0,0.0
2024-01-24 00:00:00+05:30,24.149999618530273,24.799999237060547,23.649999618530273,24.700000762939453,240904515,0.0,0.0
2024-01-25 00:00:00+05:30,24.799999237060547,25.299999237060547,24.700000762939453,24.850000381469727,213588805,0.0,0.0
2024-01-29 00:00:00+05:30,25.299999237060547,25.5,24.25,24.350000381469727,300993947,0.0,0.0
2024-01-30 00:00:00+05:30,24.450000762939453,24.5,23.799999237060547,23.899999618530273,219652035,0.0,0.0
2024-01-31 00:00:00+05:30,24.0,24.299999237060547,23.899999618530273,24.100000381469727,164453372,0.0,0.0
2024-02-01 00:00:00+05:30,24.100000381469727,24.25,23.700000762939453,23.899999618530273,193648566,0.0,0.0
2024-02-02 00:00:00+05:30,23.950000762939453,24.149999618530273,23.600000381469727,23.700000762939453,164885094,0.0,0.0
2024-02-05 00:00:00+05:30,23.700000762939453,23.799999237060547,22.600000381469727,22.799999237060547,225297171,0.0,0.0
2024-02-06 00:00:00+05:30,23.100000381469727,25.700000762939453,23.0,25.399999618530273,807723717,0.0,0.0
2024-02-07 00:00:00+05:30,26.100000381469727,30.450000762939453,25.950000762939453,29.799999237060547,541684682,0.0,0.0
2024-02-08 00:00:00+05:30,31.100000381469727,32.70000076293945,28.899999618530273,30.0,964634649,0.0,0.0
2024-02-09 00:00:00+05:30,30.200000762939453,32.849998474121094,29.25,31.399999618530273,497430325,0.0,0.0
2024-02-12 00:00:00+05:30,31.950000762939453,32.349998474121094,28.0,28.299999237060547,571969199,0.0,0.0
2024-02-13 00:00:00+05:30,28.450000762939453,28.950000762939453,26.75,27.850000381469727,317180197,0.0,0.0
2024-02-14 00:00:00+05:30,27.149999618530273,28.950000762939453,27.0,28.700000762939453,246006958,0.0,0.0
2024-02-15 00:00:00+05:30,29.0,29.799999237060547,28.700000762939453,29.0,248464035,0.0,0.0
2024-02-16 00:00:00+05:30,29.25,29.700000762939453,28.299999237060547,28.399999618530273,204865939,0.0,0.0
2024-02-19 00:00:00+05:30,28.5,28.549999237060547,27.0,27.100000381469727,357958339,0.0,0.0
2024-02-20 00:00:00+05:30,27.100000381469727,27.350000381469727,26.450000762939453,26.600000381469727,369440835,0.0,0.0
2024-02-21 00:00:00+05:30,26.850000381469727,27.100000381469727,25.399999618530273,25.549999237060547,435692162,0.0,0.0
2024-02-22 00:00:00+05:30,25.799999237060547,27.350000381469727,24.950000762939453,27.149999618530273,667905535,0.0,0.0
2024-02-23 00:00:00+05:30,26.850000381469727,27.399999618530273,26.100000381469727,26.200000762939453,353166971,0.0,0.0
2024-02-26 00:00:00+05:30,26.0,26.0,25.100000381469727,25.25,271088654,0.0,0.0
2024-02-27 00:00:00+05:30,25.299999237060547,26.149999618530273,25.0,25.100000381469727,312044110,0.0,0.0
2024-02-28 00:00:00+05:30,25.350000381469727,25.450000762939453,23.600000381469727,23.799999237060547,372869982,0.0,0.0
2024-02-29 00:00:00+05:30,24.149999618530273,24.799999237060547,23.850000381469727,24.450000762939453,362379098,0.0,0.0
2024-03-01 00:00:00+05:30,24.899999618530273,25.100000381469727,24.549999237060547,24.950000762939453,214554855,0.0,0.0
2024-03-04 00:00:00+05:30,25.350000381469727,25.700000762939453,24.600000381469727,24.799999237060547,183649074,0.0,0.0
2024-03-05 00:00:00+05:30,24.799999237060547,25.0,24.399999618530273,24.5,173143571,0.0,0.0
2024-03-06 00:00:00+05:30,24.5,24.5,23.5,23.600000381469727,310625402,0.0,0.0
2024-03-07 00:00:00+05:30,23.700000762939453,24.200000762939453,23.649999618530273,23.850000381469727,172310156,0.0,0.0
2024-03-11 00:00:00+05:30,24.0,24.299999237060547,23.549999237060547,23.649999618530273,176614273,0.0,0.0
2024-03-12 00:00:00+05:30,23.75,23.850000381469727,22.700000762939453,22.850000381469727,219277943,0.0,0.0
2024-03-13 00:00:00+05:30,22.899999618530273,23.100000381469727,20.75,20.950000762939453,604559562,0.0,0.0
2024-03-14 00:00:00+05:30,20.950000762939453,23.75,20.549999237060547,23.450000762939453,619816481,0.0,0.0
2024-03-15 00:00:00+05:30,23.649999618530273,24.399999618530273,22.75,23.799999237060547,535542732,0.0,0.0
2024-03-18 00:00:00+05:30,23.899999618530273,24.100000381469727,23.25,23.450000762939453,258256717,0.0,0.0
2024-03-19 00:00:00+05:30,23.399999618530273,23.700000762939453,22.850000381469727,22.950000762939453,215509042,0.0,0.0
2024-03-20 00:00:00+05:30,23.25,23.600000381469727,22.799999237060547,23.049999237060547,194241830,0.0,0.0
2024-03-21 00:00:00+05:30,23.350000381469727,23.649999618530273,23.100000381469727,23.399999618530273,176412547,0.0,0.0
2024-03-22 00:00:00+05:30,23.399999618530273,24.200000762939453,23.200000762939453,23.899999618530273,261281861,0.0,0.0
2024-03-26 00:00:00+05:30,23.899999618530273,24.149999618530273,23.450000762939453,23.549999237060547,214847555,0.0,0.0
2024-03-27 00:00:00+05:30,23.549999237060547,23.75,23.0,23.149999618530273,181249947,0.0,0.0
2024-03-28 00:00:00+05:30,23.200000762939453,23.600000381469727,23.100000381469727,23.200000762939453,189198317,0.0,0.0
2024-04-01 00:00:00+05:30,23.299999237060547,24.700000762939453,23.299999237060547,24.450000762939453,245113554,0.0,0.0
2024-04-02 00:00:00+05:30,24.549999237060547,24.850000381469727,24.25,24.600000381469727,191975650,0.0,0.0
2024-04-03 00:00:00+05:30,24.600000381469727,25.5,24.399999618530273,25.399999618530273,336349095,0.0,0.0
2024-04-04 00:00:00+05:30,25.649999618530273,25.75,24.700000762939453,24.899999618530273,266816425,0.0,0.0
2024-04-05 00:00:00+05:30,24.950000762939453,25.350000381469727,24.75,25.200000762939453,211846572,0.0,0.0
2024-04-08 00:00:00+05:30,25.299999237060547,25.350000381469727,24.649999618530273,24.75,116892324,0.0,0.0
2024-04-09 00:00:00+05:30,24.799999237060547,25.200000762939453,24.5,24.549999237060547,154932842,0.0,0.0
2024-04-10 00:00:00+05:30,24.600000381469727,24.799999237060547,24.299999237060547,24.450000762939453,112618177,0.0,0.0
2024-04-12 00:00:00+05:30,24.450000762939453,25.149999618530273,24.200000762939453,24.25,171088857,0.0,0.0
2024-04-15 00:00:00+05:30,24.25,24.350000381469727,23.649999618530273,23.950000762939453,214148928,0.0,0.0
2024-04-16 00:00:00+05:30,23.850000381469727,24.200000762939453,23.75,23.950000762939453,104659200,0.0,0.0
2024-04-18 00:00:00+05:30,24.100000381469727,24.450000762939453,23.799999237060547,23.899999618530273,198730218,0.0,0.0
2024-04-19 00:00:00+05:30,23.649999618530273,24.100000381469727,23.25,23.950000762939453,227501864,0.0,0.0
2024-04-22 00:00:00+05:30,24.049999237060547,25.350000381469727,24.0,25.200000762939453,325840643,0.0,0.0
2024-04-23 00:00:00+05:30,25.5,26.5,25.399999618530273,25.649999618530273,335943541,0.0,0.0
2024-04-24 00:00:00+05:30,25.899999618530273,25.950000762939453,25.399999618530273,25.450000762939453,173176081,0.0,0.0
2024-04-25 00:00:00+05:30,25.450000762939453,26.299999237060547,25.25,25.950000762939453,222135067,0.0,0.0
2024-04-26 00:00:00+05:30,26.049999237060547,26.450000762939453,25.950000762939453,26.149999618530273,253826137,0.0,0.0
2024-04-29 00:00:00+05:30,27.5,28.549999237060547,26.899999618530273,27.100000381469727,572841223,0.0,0.0
2024-04-30 00:00:00+05:30,27.25,27.399999618530273,26.049999237060547,26.149999618530273,269821799,0.0,0.0
2024-05-02 00:00:00+05:30,26.0,26.0,25.299999237060547,25.450000762939453,211043504,0.0,0.0
2024-05-03 00:00:00+05:30,24.850000381469727,25.850000381469727,24.25,24.950000762939453,960652538,0.0,0.0
2024-05-06 00:00:00+05:30,25.200000762939453,25.25,23.899999618530273,24.100000381469727,223165701,0.0,0.0
2024-05-07 00:00:00+05:30,24.100000381469727,24.299999237060547,22.649999618530273,22.850000381469727,445812059,0.0,0.0
2024-05-08 00:00:00+05:30,23.0,23.299999237060547,22.75,22.950000762939453,261166782,0.0,0.0
2024-05-09 00:00:00+05:30,23.049999237060547,23.149999618530273,22.5,22.600000381469727,236185664,0.0,0.0
2024-05-10 00:00:00+05:30,22.649999618530273,22.75,22.049999237060547,22.5,246251692,0.0,0.0
2024-05-13 00:00:00+05:30,22.5,22.549999237060547,21.850000381469727,22.25,260499591,0.0,0.0
2024-05-14 00:00:00+05:30,22.299999237060547,23.200000762939453,22.25,22.549999237060547,181551079,0.0,0.0
2024-05-15 00:00:00+05:30,22.700000762939453,22.75,22.450000762939453,22.600000381469727,150206482,0.0,0.0
2024-05-16 00:00:00+05:30,22.799999237060547,23.149999618530273,22.600000381469727,22.649999618530273,151589896,0.0,0.0
2024-05-17 00:00:00+05:30,22.649999618530273,23.149999618530273,22.549999237060547,23.0,156930508,0.0,0.0
2024-05-21 00:00:00+05:30,23.350000381469727,23.5,23.0,23.25,146784894,0.0,0.0
2024-05-22 00:00:00+05:30,23.350000381469727,23.399999618530273,22.75,22.950000762939453,155124095,0.0,0.0
2024-05-23 00:00:00+05:30,23.049999237060547,23.200000762939453,22.950000762939453,23.100000381469727,104049758,0.0,0.0
2024-05-24 00:00:00+05:30,23.100000381469727,23.399999618530273,22.950000762939453,23.0,139574706,0.0,0.0
2024-05-27 00:00:00+05:30,23.100000381469727,23.450000762939453,22.799999237060547,23.049999237060547,168551218,0.0,0.0
2024-05-28 00:00:00+05:30,23.0,23.100000381469727,22.649999618530273,22.799999237060547,152952386,0.0,0.0
2024-05-29 00:00:00+05:30,22.700000762939453,22.850000381469727,22.5,22.75,75915670,0.0,0.0
2024-05-30 00:00:00+05:30,22.75,22.850000381469727,22.5,22.549999237060547,102080974,0.0,0.0
2024-05-31 00:00:00+05:30,22.700000762939453,23.399999618530273,22.399999618530273,23.0,353965112,0.0,0.0
2024-06-03 00:00:00+05:30,24.399999618530273,24.649999618530273,23.399999618530273,23.549999237060547,258942118,0.0,0.0
2024-06-04 00:00:00+05:30,23.5,23.5,21.0,21.850000381469727,360722855,0.0,0.0
2024-06-05 00:00:00+05:30,22.299999237060547,22.899999618530273,21.600000381469727,22.649999618530273,214221272,0.0,0.0
2024-06-06 00:00:00+05:30,22.850000381469727,23.299999237060547,22.799999237060547,22.899999618530273,172088732,0.0,0.0
2024-06-07 00:00:00+05:30,22.899999618530273,23.350000381469727,22.649999618530273,23.149999618530273,151028965,0.0,0.0
2024-06-10 00:00:00+05:30,23.399999618530273,24.5,23.209999084472656,23.8700008392334,283340418,0.0,0.0
2024-06-11 00:00:00+05:30,23.989999771118164,24.1200008392334,23.549999237060547,23.6200008392334,164913524,0.0,0.0
2024-06-12 00:00:00+05:30,23.75,24.3799991607666,23.719999313354492,24.1200008392334,187828351,0.0,0.0
2024-06-13 00:00:00+05:30,24.350000381469727,24.5,23.709999084472656,23.799999237060547,130415960,0.0,0.0
2024-06-14 00:00:00+05:30,23.979999542236328,23.979999542236328,23.719999313354492,23.809999465942383,85042765,0.0,0.0
2024-06-18 00:00:00+05:30,23.889999389648438,24.110000610351562,23.729999542236328,23.799999237060547,93571771,0.0,0.0
2024-06-19 00:00:00+05:30,23.850000381469727,24.139999389648438,23.5,23.809999465942383,152776153,0.0,0.0
2024-06-20 00:00:00+05:30,23.850000381469727,24.649999618530273,23.780000686645508,23.959999084472656,169935306,0.0,0.0
2024-06-21 00:00:00+05:30,24.09000015258789,24.139999389648438,23.75,23.84000015258789,115877428,0.0,0.0
2024-06-24 00:00:00+05:30,23.889999389648438,24.100000381469727,23.649999618530273,23.959999084472656,111001042,0.0,0.0
2024-06-25 00:00:00+05:30,24.100000381469727,24.450000762939453,23.950000762939453,24.020000457763672,133033834,0.0,0.0
2024-06-26 00:00:00+05:30,24.030000686645508,24.229999542236328,23.709999084472656,23.790000915527344,128300377,0.0,0.0
2024-06-27 00:00:00+05:30,23.8700008392334,23.93000030517578,23.31999969482422,23.510000228881836,103940384,0.0,0.0
2024-06-28 00:00:00+05:30,23.600000381469727,24.06999969482422,23.549999237060547,23.690000534057617,127903732,0.0,0.0
2024-07-01 00:00:00+05:30,23.780000686645508,24.1299991607666,23.610000610351562,24.059999465942383,132489757,0.0,0.0
2024-07-02 00:00:00+05:30,24.059999465942383,24.479999542236328,23.799999237060547,23.850000381469727,147188768,0.0,0.0
2024-07-03 00:00:00+05:30,24.0,24.299999237060547,23.860000610351562,23.93000030517578,97595777,0.0,0.0
2024-07-04 00:00:00+05:30,23.989999771118164,24.399999618530273,23.809999465942383,23.950000762939453,149388062,0.0,0.0
2024-07-05 00:00:00+05:30,23.979999542236328,27.040000915527344,23.8700008392334,26.639999389648438,985310768,0.0,0.0
2024-07-08 00:00:00+05:30,26.950000762939453,27.440000534057617,25.56999969482422,25.68000030517578,648338958,0.0,0.0
2024-07-09 00:00:00+05:30,26.079999923706055,26.440000534057617,25.709999084472656,25.799999237060547,314153625,0.0,0.0
2024-07-10 00:00:00+05:30,25.899999618530273,26.0,24.600000381469727,24.959999084472656,239758474,0.0,0.0
2024-07-11 00:00:00+05:30,26.100000381469727,27.09000015258789,25.700000762939453,25.829999923706055,726569550,0.0,0.0
2024-07-12 00:00:00+05:30,25.889999389648438,26.239999771118164,25.559999465942383,25.600000381469727,224871313,0.0,0.0
2024-07-15 00:00:00+05:30,25.649999618530273,26.799999237060547,25.100000381469727,26.3799991607666,394428177,0.0,0.0
2024-07-16 00:00:00+05:30,26.3700008392334,26.850000381469727,26.1200008392334,26.190000534057617,164345143,0.0,0.0
2024-07-18 00:00:00+05:30,26.0,26.299999237060547,25.670000076293945,25.75,187983764,0.0,0.0
2024-07-19 00:00:00+05:30,25.739999771118164,25.780000686645508,24.6200008392334,24.770000457763672,166847717,0.0,0.0
2024-07-22 00:00:00+05:30,25.899999618530273,26.190000534057617,25.219999313354492,25.670000076293945,332587313,0.0,0.0
2024-07-23 00:00:00+05:30,25.670000076293945,25.700000762939453,24.25,24.959999084472656,183384210,0.0,0.0
2024-07-24 00:00:00+05:30,24.950000762939453,25.18000030517578,24.739999771118164,24.899999618530273,134634530,0.0,0.0
2024-07-25 00:00:00+05:30,24.59000015258789,24.780000686645508,24.420000076293945,24.6200008392334,106791946,0.0,0.0
2024-07-26 00:00:00+05:30,24.670000076293945,25.110000610351562,24.649999618530273,24.969999313354492,120894253,0.0,0.0
2024-07-29 00:00:00+05:30,25.25,25.68000030517578,24.799999237060547,24.950000762939453,183181556,0.0,0.0
2024-07-30 00:00:00+05:30,24.940000534057617,26.06999969482422,24.8799991607666,25.709999084472656,275043147,0.0,0.0
2024-07-31 00:00:00+05:30,25.90999984741211,27.200000762939453,25.90999984741211,26.510000228881836,653115416,0.0,0.0
2024-08-01 00:00:00+05:30,26.649999618530273,26.940000534057617,26.209999084472656,26.280000686645508,252509224,0.0,0.0
2024-08-02 00:00:00+05:30,25.700000762939453,26.020000457763672,25.350000381469727,25.450000762939453,210174985,0.0,0.0
2024-08-05 00:00:00+05:30,24.5,24.75,23.43000030517578,23.540000915527344,379085398,0.0,0.0
2024-08-06 00:00:00+05:30,24.010000228881836,24.25,23.15999984741211,23.25,183499934,0.0,0.0
2024-08-07 00:00:00+05:30,23.889999389648438,24.149999618530273,23.389999389648438,24.049999237060547,154799051,0.0,0.0
2024-08-08 00:00:00+05:30,24.06999969482422,24.34000015258789,23.8799991607666,23.920000076293945,127582225,0.0,0.0
2024-08-09 00:00:00+05:30,24.190000534057617,24.329999923706055,23.84000015258789,23.940000534057617,103930859,0.0,0.0
2024-08-12 00:00:00+05:30,23.889999389648438,24.6200008392334,23.540000915527344,24.420000076293945,208297302,0.0,0.0
2024-08-13 00:00:00+05:30,25.0,25.100000381469727,24.010000228881836,24.110000610351562,175904099,0.0,0.0
2024-08-14 00:00:00+05:30,24.329999923706055,24.34000015258789,23.81999969482422,23.989999771118164,105214714,0.0,0.0
2024-08-16 00:00:00+05:30,24.270000457763672,24.420000076293945,23.989999771118164,24.270000457763672,97158685,0.0,0.0
2024-08-19 00:00:00+05:30,24.290000915527344,24.940000534057617,24.25,24.450000762939453,131102426,0.0,0.0
2024-08-20 00:00:00+05:30,24.5,24.639999389648438,24.350000381469727,24.510000228881836,87912368,0.0,0.0
2024-08-21 00:00:00+05:30,24.450000762939453,24.770000457763672,24.350000381469727,24.450000762939453,83226963,0.0,0.0
2024-08-22 00:00:00+05:30,24.479999542236328,24.670000076293945,24.459999084472656,24.579999923706055,85421132,0.0,0.0
2024-08-23 00:00:00+05:30,24.6299991607666,24.850000381469727,24.360000610351562,24.389999389648438,111141944,0.0,0.0
2024-08-26 00:00:00+05:30,24.5,24.530000686645508,24.0,24.079999923706055,84344508,0.0,0.0
2024-08-27 00:00:00+05:30,24.18000030517578,24.209999084472656,24.0,24.020000457763672,65729887,0.0,0.0
2024-08-28 00:00:00+05:30,24.0,24.18000030517578,23.920000076293945,23.959999084472656,82734530,0.0,0.0
2024-08-29 00:00:00+05:30,23.959999084472656,24.020000457763672,23.68000030517578,23.729999542236328,77720713,0.0,0.0
2024-08-30 00:00:00+05:30,23.799999237060547,24.020000457763672,23.549999237060547,23.610000610351562,111353758,0.0,0.0
2024-09-02 00:00:00+05:30,23.610000610351562,24.020000457763672,23.360000610351562,23.8700008392334,142483327,0.0,0.0
2024-09-03 00:00:00+05:30,23.959999084472656,24.0,23.639999389648438,23.709999084472656,72982107,0.0,0.0
2024-09-04 00:00:00+05:30,23.489999771118164,23.670000076293945,23.389999389648438,23.489999771118164,75735143,0.0,0.0
2024-09-05 00:00:00+05:30,23.600000381469727,23.6200008392334,23.34000015258789,23.389999389648438,56027204,0.0,0.0
2024-09-06 00:00:00+05:30,23.389999389648438,23.540000915527344,23.100000381469727,23.139999389648438,80711374,0.0,0.0
2024-09-09 00:00:00+05:30,23.049999237060547,23.110000610351562,22.510000228881836,22.889999389648438,121098030,0.0,0.0
2024-09-10 00:00:00+05:30,22.969999313354492,23.110000610351562,22.950000762939453,22.979999542236328,73569153,0.0,0.0
2024-09-11 00:00:00+05:30,22.979999542236328,24.40999984741211,22.8700008392334,23.81999969482422,240019208,0.0,0.0
2024-09-12 00:00:00+05:30,23.989999771118164,24.020000457763672,23.3799991607666,23.43000030517578,95619836,0.0,0.0
2024-09-13 00:00:00+05:30,23.389999389648438,23.860000610351562,23.239999771118164,23.299999237060547,105873786,0.0,0.0
2024-09-16 00:00:00+05:30,23.309999465942383,23.969999313354492,23.239999771118164,23.5,124089733,0.0,0.0
2024-09-17 00:00:00+05:30,23.68000030517578,23.84000015258789,23.350000381469727,23.399999618530273,92847582,0.0,0.0
2024-09-18 00:00:00+05:30,23.489999771118164,23.709999084472656,23.209999084472656,23.31999969482422,84442237,0.0,0.0
2024-09-19 00:00:00+05:30,23.399999618530273,23.450000762939453,22.799999237060547,22.950000762939453,89812762,0.0,0.0
2024-09-20 00:00:00+05:30,23.049999237060547,23.190000534057617,22.90999984741211,23.0,78880719,0.0,0.0
2024-09-23 00:00:00+05:30,23.190000534057617,23.190000534057617,22.899999618530273,22.93000030517578,75716167,0.0,0.0
2024-09-24 00:00:00+05:30,22.989999771118164,23.030000686645508,22.899999618530273,22.950000762939453,49409683,0.0,0.0
2024-09-25 00:00:00+05:30,22.940000534057617,22.989999771118164,22.700000762939453,22.790000915527344,56797147,0.0,0.0
2024-09-26 00:00:00+05:30,22.84000015258789,22.93000030517578,22.649999618530273,22.739999771118164,57810804,0.0,0.0
2024-09-27 00:00:00+05:30,22.75,23.139999389648438,22.68000030517578,22.739999771118164,64565679,0.0,0.0
2024-09-30 00:00:00+05:30,22.729999542236328,22.739999771118164,22.450000762939453,22.479999542236328,68993440,0.0,0.0
2024-10-01 00:00:00+05:30,22.479999542236328,22.579999923706055,22.360000610351562,22.420000076293945,61376374,0.0,0.0
2024-10-03 00:00:00+05:30,22.040000915527344,22.299999237060547,21.780000686645508,21.860000610351562,97597534,0.0,0.0
2024-10-04 00:00:00+05:30,21.969999313354492,22.270000457763672,21.520000457763672,21.950000762939453,119371624,0.0,0.0
2024-10-07 00:00:00+05:30,22.209999084472656,22.260000228881836,20.770000457763672,21.260000228881836,183639701,0.0,0.0
2024-10-08 00:00:00+05:30,21.260000228881836,21.6200008392334,21.100000381469727,21.540000915527344,92773547,0.0,0.0
2024-10-09 00:00:00+05:30,21.639999389648438,21.940000534057617,21.5,21.549999237060547,63955298,0.0,0.0
2024-10-10 00:00:00+05:30,21.6299991607666,21.75,21.350000381469727,21.420000076293945,54770158,0.0,0.0
2024-10-11 00:00:00+05:30,21.389999389648438,21.479999542236328,21.219999313354492,21.399999618530273,51740061,0.0,0.0
2024-10-14 00:00:00+05:30,21.399999618530273,21.489999771118164,21.0,21.049999237060547,56645624,0.0,0.0
2024-10-15 00:00:00+05:30,21.18000030517578,21.299999237060547,21.010000228881836,21.200000762939453,43357325,0.0,0.0
2024-10-16 00:00:00+05:30,21.219999313354492,21.350000381469727,21.100000381469727,21.149999618530273,43705501,0.0,0.0
2024-10-17 00:00:00+05:30,21.149999618530273,21.229999542236328,20.860000610351562,20.899999618530273,49372131,0.0,0.0
2024-10-18 00:00:00+05:30,20.8700008392334,21.149999618530273,20.56999969482422,21.09000015258789,57339193,0.0,0.0
2024-10-21 00:00:00+05:30,21.100000381469727,21.520000457763672,20.84000015258789,21.020000457763672,66917611,0.0,0.0
2024-10-22 00:00:00+05:30,21.0,21.040000915527344,20.0,20.040000915527344,87606605,0.0,0.0
2024-10-23 00:00:00+05:30,20.0,20.260000228881836,19.299999237060547,20.020000457763672,90720281,0.0,0.0
2024-10-24 00:00:00+05:30,20.030000686645508,20.329999923706055,19.899999618530273,20.020000457763672,52181658,0.0,0.0
2024-10-25 00:00:00+05:30,20.040000915527344,20.1200008392334,19.219999313354492,19.3799991607666,97874666,0.0,0.0
2024-10-28 00:00:00+05:30,20.350000381469727,21.290000915527344,20.25,20.540000915527344,228826923,0.0,0.0
2024-10-29 00:00:00+05:30,20.639999389648438,20.850000381469727,20.229999542236328,20.729999542236328,84798060,0.0,0.0
2024-10-30 00:00:00+05:30,20.100000381469727,21.15999984741211,20.100000381469727,20.719999313354492,94044203,0.0,0.0
2024-10-31 00:00:00+05:30,20.690000534057617,20.850000381469727,20.309999465942383,20.399999618530273,60815651,0.0,0.0
2024-11-01 00:00:00+05:30,20.56999969482422,20.75,20.56999969482422,20.709999084472656,17418327,0.0,0.0
2024-11-04 00:00:00+05:30,20.700000762939453,20.739999771118164,20.290000915527344,20.329999923706055,68193071,0.0,0.0
2024-11-05 00:00:00+05:30,20.280000686645508,20.68000030517578,20.229999542236328,20.6200008392334,56247026,0.0,0.0
2024-11-06 00:00:00+05:30,20.670000076293945,20.920000076293945,20.610000610351562,20.84000015258789,55366273,0.0,0.0
2024-11-07 00:00:00+05:30,20.920000076293945,21.139999389648438,20.719999313354492,20.780000686645508,62138851,0.0,0.0
2024-11-08 00:00:00+05:30,20.780000686645508,20.780000686645508,20.06999969482422,20.15999984741211,50979382,0.0,0.0
2024-11-11 00:00:00+05:30,20.15999984741211,20.329999923706055,19.850000381469727,19.889999389648438,81817209,0.0,0.0
2024-11-12 00:00:00+05:30,19.950000762939453,20.139999389648438,19.649999618530273,19.75,44546382,0.0,0.0
2024-11-13 00:00:00+05:30,19.6299991607666,19.729999542236328,19.020000457763672,19.06999969482422,80085697,0.0,0.0
2024-11-14 00:00:00+05:30,19.200000762939453,19.6299991607666,19.200000762939453,19.309999465942383,67917020,0.0,0.0
2024-11-18 00:00:00+05:30,19.290000915527344,19.5,19.149999618530273,19.280000686645508,61476591,0.0,0.0
2024-11-19 00:00:00+05:30,19.329999923706055,19.81999969482422,19.280000686645508,19.559999465942383,57492511,0.0,0.0
2024-11-21 00:00:00+05:30,19.489999771118164,19.489999771118164,19.040000915527344,19.1299991607666,57253095,0.0,0.0
2024-11-22 00:00:00+05:30,19.1200008392334,19.34000015258789,19.1200008392334,19.209999084472656,47148202,0.0,0.0
2024-11-25 00:00:00+05:30,19.510000228881836,19.719999313354492,19.059999465942383,19.18000030517578,119882710,0.0,0.0
2024-11-26 00:00:00+05:30,19.200000762939453,20.6299991607666,19.200000762939453,20.139999389648438,184040834,0.0,0.0
2024-11-27 00:00:00+05:30,20.139999389648438,20.350000381469727,19.84000015258789,20.260000228881836,82352775,0.0,0.0
2024-11-28 00:00:00+05:30,20.100000381469727,20.649999618530273,20.059999465942383,20.360000610351562,101691031,0.0,0.0
2024-11-29 00:00:00+05:30,20.350000381469727,20.520000457763672,19.90999984741211,19.959999084472656,123352713,0.0,0.0
2024-12-02 00:00:00+05:30,19.959999084472656,20.190000534057617,19.899999618530273,20.09000015258789,68351418,0.0,0.0
2024-12-03 00:00:00+05:30,20.149999618530273,21.100000381469727,20.1200008392334,20.84000015258789,150187297,0.0,0.0
2024-12-04 00:00:00+05:30,20.989999771118164,21.389999389648438,20.809999465942383,21.229999542236328,135391370,0.0,0.0
2024-12-05 00:00:00+05:30,21.389999389648438,21.389999389648438,21.049999237060547,21.170000076293945,83133989,0.0,0.0
2024-12-06 00:00:00+05:30,21.190000534057617,21.579999923706055,21.09000015258789,21.489999771118164,127231060,0.0,0.0
2024-12-09 00:00:00+05:30,21.489999771118164,22.020000457763672,21.459999084472656,21.84000015258789,113868644,0.0,0.0
2024-12-10 00:00:00+05:30,21.84000015258789,21.8700008392334,21.360000610351562,21.600000381469727,91877760,0.0,0.0
2024-12-11 00:00:00+05:30,21.5,21.729999542236328,21.450000762939453,21.579999923706055,65929641,0.0,0.0
2024-12-12 00:00:00+05:30,21.5,21.59000015258789,21.1200008392334,21.200000762939453,179952016,0.0,0.0
2024-12-13 00:00:00+05:30,21.149999618530273,21.200000762939453,20.700000762939453,21.09000015258789,97287009,0.0,0.0
2024-12-16 00:00:00+05:30,21.149999618530273,21.579999923706055,21.1200008392334,21.25,71194846,0.0,0.0
2024-12-17 00:00:00+05:30,21.200000762939453,21.440000534057617,20.899999618530273,20.959999084472656,148915011,0.0,0.0
2024-12-18 00:00:00+05:30,20.959999084472656,21.059999465942383,20.579999923706055,20.6200008392334,86755291,0.0,0.0
2024-12-19 00:00:00+05:30,20.299999237060547,20.440000534057617,20.170000076293945,20.360000610351562,51324521,0.0,0.0
2024-12-20 00:00:00+05:30,20.3700008392334,20.5,19.75,19.829999923706055,76096639,0.0,0.0
2024-12-23 00:00:00+05:30,19.899999618530273,20.079999923706055,19.770000457763672,19.90999984741211,52729673,0.0,0.0
2024-12-24 00:00:00+05:30,19.90999984741211,19.989999771118164,19.75,19.799999237060547,44708100,0.0,0.0
2024-12-26 00:00:00+05:30,19.920000076293945,19.940000534057617,19.709999084472656,19.799999237060547,55846692,0.0,0.0
2024-12-27 00:00:00+05:30,19.81999969482422,20.1200008392334,19.780000686645508,19.81999969482422,43277533,0.0,0.0
2024-12-30 00:00:00+05:30,19.829999923706055,20.190000534057617,19.40999984741211,19.540000915527344,83650841,0.0,0.0
2024-12-31 00:00:00+05:30,19.5,19.700000762939453,19.350000381469727,19.59000015258789,60378102,0.0,0.0
2025-01-01 00:00:00+05:30,19.600000381469727,19.700000762939453,19.520000457763672,19.6299991607666,51991164,0.0,0.0
2025-01-02 00:00:00+05:30,19.600000381469727,19.700000762939453,19.31999969482422,19.59000015258789,66997388,0.0,0.0
2025-01-03 00:00:00+05:30,19.6200008392334,20.190000534057617,19.600000381469727,19.959999084472656,99584232,0.0,0.0
2025-01-06 00:00:00+05:30,19.979999542236328,20.030000686645508,18.84000015258789,18.899999618530273,121876031,0.0,0.0
2025-01-07 00:00:00+05:30,19.010000228881836,19.110000610351562,18.799999237060547,19.020000457763672,67368307,0.0,0.0
2025-01-08 00:00:00+05:30,19.020000457763672,19.079999923706055,18.65999984741211,18.770000457763672,87612688,0.0,0.0
2025-01-09 00:00:00+05:30,18.739999771118164,18.84000015258789,18.450000762939453,18.489999771118164,71629389,0.0,0.0
2025-01-10 00:00:00+05:30,18.479999542236328,18.5,17.920000076293945,17.959999084472656,100828645,0.0,0.0
2025-01-13 00:00:00+05:30,17.93000030517578,17.93000030517578,17.059999465942383,17.1200008392334,119009652,0.0,0.0
2025-01-14 00:00:00+05:30,17.190000534057617,18.1299991607666,17.18000030517578,18.020000457763672,95583809,0.0,0.0
2025-01-15 00:00:00+05:30,18.09000015258789,18.219999313354492,17.860000610351562,17.969999313354492,91857646,0.0,0.0
2025-01-16 00:00:00+05:30,18.239999771118164,18.559999465942383,18.190000534057617,18.290000915527344,83579795,0.0,0.0
2025-01-17 00:00:00+05:30,18.280000686645508,18.3700008392334,17.959999084472656,18.260000228881836,61440794,0.0,0.0
2025-01-20 00:00:00+05:30,18.290000915527344,19.1299991607666,18.260000228881836,18.93000030517578,108954125,0.0,0.0
2025-01-21 00:00:00+05:30,19.079999923706055,19.079999923706055,18.450000762939453,18.5,88040986,0.0,0.0
2025-01-22 00:00:00+05:30,18.690000534057617,18.690000534057617,17.979999542236328,18.350000381469727,93719498,0.0,0.0
2025-01-23 00:00:00+05:30,18.260000228881836,18.6200008392334,18.040000915527344,18.469999313354492,83253385,0.0,0.0
2025-01-24 00:00:00+05:30,18.450000762939453,18.6299991607666,18.149999618530273,18.239999771118164,60357643,0.0,0.0
2025-01-27 00:00:00+05:30,18.6299991607666,18.989999771118164,18.360000610351562,18.489999771118164,234052234,0.0,0.0
2025-01-28 00:00:00+05:30,18.600000381469727,18.719999313354492,18.149999618530273,18.3700008392334,117219065,0.0,0.0
2025-01-29 00:00:00+05:30,18.399999618530273,18.920000076293945,18.270000457763672,18.809999465942383,98741576,0.0,0.0
2025-01-30 00:00:00+05:30,18.790000915527344,19.209999084472656,18.709999084472656,18.950000762939453,103327002,0.0,0.0
2025-01-31 00:00:00+05:30,18.899999618530273,19.299999237060547,18.739999771118164,19.229999542236328,86433511,0.0,0.0
2025-02-01 00:00:00+05:30,19.25,19.3799991607666,18.75,19.030000686645508,68141359,0.0,0.0
2025-02-03 00:00:00+05:30,18.93000030517578,18.950000762939453,18.65999984741211,18.790000915527344,60072694,0.0,0.0
2025-02-04 00:00:00+05:30,18.979999542236328,19.290000915527344,18.90999984741211,19.1200008392334,57242107,0.0,0.0
2025-02-05 00:00:00+05:30,19.06999969482422,19.5,19.06999969482422,19.420000076293945,80955575,0.0,0.0
2025-02-06 00:00:00+05:30,19.530000686645508,19.559999465942383,19.229999542236328,19.280000686645508,52266742,0.0,0.0
2025-02-07 00:00:00+05:30,19.309999465942383,19.43000030517578,19.049999237060547,19.1200008392334,60573527,0.0,0.0
2025-02-10 00:00:00+05:30,19.09000015258789,19.190000534057617,18.540000915527344,18.59000015258789,70508773,0.0,0.0
2025-02-11 00:00:00+05:30,18.59000015258789,18.690000534057617,18.010000228881836,18.110000610351562,55528034,0.0,0.0
2025-02-12 00:00:00+05:30,18.110000610351562,18.270000457763672,17.559999465942383,18.1299991607666,83805966,0.0,0.0
2025-02-13 00:00:00+05:30,18.09000015258789,18.40999984741211,18.049999237060547,18.170000076293945,51300876,0.0,0.0
2025-02-14 00:00:00+05:30,18.170000076293945,18.290000915527344,17.59000015258789,17.760000228881836,66961081,0.0,0.0
2025-02-17 00:00:00+05:30,17.75,17.81999969482422,17.329999923706055,17.65999984741211,92372362,0.0,0.0
2025-02-18 00:00:00+05:30,17.65999984741211,17.719999313354492,17.229999542236328,17.459999084472656,77197334,0.0,0.0
2025-02-19 00:00:00+05:30,17.399999618530273,18.059999465942383,17.309999465942383,18.0,63365019,0.0,0.0
2025-02-20 00:00:00+05:30,17.979999542236328,18.25,17.81999969482422,18.209999084472656,47340797,0.0,0.0
2025-02-21 00:00:00+05:30,18.18000030517578,18.420000076293945,17.8700008392334,17.93000030517578,56345958,0.0,0.0
2025-02-24 00:00:00+05:30,17.84000015258789,17.920000076293945,17.6299991607666,17.860000610351562,53216360,0.0,0.0
2025-02-25 00:00:00+05:30,17.799999237060547,18.100000381469727,17.75,17.790000915527344,49082878,0.0,0.0
2025-02-27 00:00:00+05:30,17.790000915527344,17.93000030517578,17.209999084472656,17.360000610351562,63136819,0.0,0.0
2025-02-28 00:00:00+05:30,17.229999542236328,17.260000228881836,16.65999984741211,16.75,133381737,0.0,0.0
2025-03-03 00:00:00+05:30,16.75,16.989999771118164,16.1299991607666,16.309999465942383,106603357,0.0,0.0
2025-03-04 00:00:00+05:30,16.239999771118164,16.780000686645508,16.15999984741211,16.34000015258789,143365309,0.0,0.0
2025-03-05 00:00:00+05:30,16.389999389648438,16.979999542236328,16.3799991607666,16.920000076293945,88590804,0.0,0.0
2025-03-06 00:00:00+05:30,17.190000534057617,17.25,16.93000030517578,16.979999542236328,72203818,0.0,0.0
2025-03-07 00:00:00+05:30,16.959999084472656,17.06999969482422,16.84000015258789,16.8799991607666,61451832,0.0,0.0
2025-03-10 00:00:00+05:30,16.8799991607666,17.020000457763672,16.479999542236328,16.520000457763672,68621458,0.0,0.0
2025-03-11 00:00:00+05:30,16.389999389648438,16.540000915527344,16.110000610351562,16.3700008392334,85457453,0.0,0.0
2025-03-12 00:00:00+05:30,16.399999618530273,16.5,16.020000457763672,16.149999618530273,79312744,0.0,0.0
2025-03-13 00:00:00+05:30,16.200000762939453,16.3700008392334,16.15999984741211,16.190000534057617,62477298,0.0,0.0
2025-03-17 00:00:00+05:30,16.299999237060547,16.3799991607666,16.09000015258789,16.110000610351562,71732487,0.0,0.0
2025-03-18 00:00:00+05:30,16.110000610351562,16.110000610351562,16.110000610351562,16.110000610351562,0,0.0,0.0
2025-03-19 00:00:00+05:30,16.520000457763672,17.100000381469727,16.520000457763672,17.030000686645508,99766469,0.0,0.0
2025-03-20 00:00:00+05:30,17.260000228881836,17.31999969482422,16.90999984741211,16.940000534057617,80780475,0.0,0.0
2025-03-21 00:00:00+05:30,16.969999313354492,17.219999313354492,16.899999618530273,17.170000076293945,101017458,0.0,0.0
2025-03-24 00:00:00+05:30,17.360000610351562,17.530000686645508,17.239999771118164,17.43000030517578,82460279,0.0,0.0
2025-03-25 00:00:00+05:30,17.459999084472656,17.530000686645508,17.0,17.030000686645508,101820390,0.0,0.0
2025-03-26 00:00:00+05:30,17.030000686645508,17.18000030517578,16.920000076293945,16.959999084472656,98505856,0.0,0.0
2025-03-27 00:00:00+05:30,16.93000030517578,17.5,16.780000686645508,17.260000228881836,214871192,0.0,0.0
2025-03-28 00:00:00+05:30,17.260000228881836,17.5,16.829999923706055,16.8799991607666,98061236,0.0,0.0
2025-04-01 00:00:00+05:30,16.739999771118164,17.43000030517578,16.6299991607666,17.329999923706055,90534491,0.0,0.0
2025-04-02 00:00:00+05:30,17.200000762939453,17.450000762939453,17.010000228881836,17.399999618530273,67818784,0.0,0.0
2025-04-03 00:00:00+05:30,17.110000610351562,18.040000915527344,17.110000610351562,17.950000762939453,94350870,0.0,0.0
2025-04-04 00:00:00+05:30,17.940000534057617,17.959999084472656,17.110000610351562,17.190000534057617,111241105,0.0,0.0
2025-04-07 00:00:00+05:30,16.209999084472656,16.93000030517578,16.15999984741211,16.850000381469727,122495456,0.0,0.0
2025-04-08 00:00:00+05:30,17.049999237060547,17.350000381469727,16.899999618530273,17.170000076293945,81632731,0.0,0.0
2025-04-09 00:00:00+05:30,17.139999389648438,17.299999237060547,16.899999618530273,17.15999984741211,69547580,0.0,0.0
2025-04-11 00:00:00+05:30,17.5,17.5,17.110000610351562,17.149999618530273,52543433,0.0,0.0
2025-04-15 00:00:00+05:30,17.489999771118164,17.59000015258789,17.309999465942383,17.520000457763672,61294441,0.0,0.0
2025-04-16 00:00:00+05:30,17.600000381469727,18.049999237060547,17.549999237060547,17.8700008392334,85730443,0.0,0.0
2025-04-17 00:00:00+05:30,17.84000015258789,18.149999618530273,17.719999313354492,18.09000015258789,99208246,0.0,0.0
2025-04-21 00:00:00+05:30,19.139999389648438,19.350000381469727,18.780000686645508,18.81999969482422,212102753,0.0,0.0
2025-04-22 00:00:00+05:30,18.940000534057617,18.989999771118164,18.639999389648438,18.690000534057617,76060910,0.0,0.0
2025-04-23 00:00:00+05:30,18.809999465942383,18.81999969482422,18.15999984741211,18.420000076293945,89519210,0.0,0.0
2025-04-24 00:00:00+05:30,18.399999618530273,18.65999984741211,18.329999923706055,18.43000030517578,65182036,0.0,0.0
2025-04-25 00:00:00+05:30,18.450000762939453,18.540000915527344,17.6200008392334,17.770000457763672,109327218,0.0,0.0
2025-04-28 00:00:00+05:30,17.780000686645508,18.15999984741211,17.709999084472656,18.09000015258789,73449583,0.0,0.0
2025-04-29 00:00:00+05:30,18.25,18.389999389648438,17.93000030517578,17.989999771118164,59829539,0.0,0.0
2025-04-30 00:00:00+05:30,17.979999542236328,18.030000686645508,17.639999389648438,17.719999313354492,54958582,0.0,0.0
2025-05-02 00:00:00+05:30,17.719999313354492,17.989999771118164,17.6299991607666,17.719999313354492,46832614,0.0,0.0
2025-05-05 00:00:00+05:30,17.700000762939453,17.84000015258789,17.510000228881836,17.729999542236328,49326496,0.0,0.0
2025-05-06 00:00:00+05:30,19.239999771118164,19.440000534057617,17.8799991607666,17.93000030517578,480714088,0.0,0.0
2025-05-07 00:00:00+05:30,17.8700008392334,18.3799991607666,17.729999542236328,18.270000457763672,140782313,0.0,0.0
2025-05-08 00:00:00+05:30,18.350000381469727,18.809999465942383,18.149999618530273,18.229999542236328,157515725,0.0,0.0
2025-05-09 00:00:00+05:30,17.799999237060547,20.3700008392334,17.770000457763672,20.020000457763672,728005767,0.0,0.0
2025-05-12 00:00:00+05:30,21.700000762939453,21.700000762939453,20.299999237060547,20.40999984741211,527532441,0.0,0.0
2025-05-13 00:00:00+05:30,20.5,21.389999389648438,20.260000228881836,20.8700008392334,285354139,0.0,0.0
2025-05-14 00:00:00+05:30,21.290000915527344,21.290000915527344,20.690000534057617,20.959999084472656,201882995,0.0,0.0
2025-05-15 00:00:00+05:30,21.100000381469727,21.700000762939453,20.959999084472656,21.510000228881836,264756782,0.0,0.0
2025-05-16 00:00:00+05:30,21.5,21.950000762939453,21.25,21.549999237060547,193427371,0.0,0.0
2025-05-19 00:00:00+05:30,21.559999465942383,21.68000030517578,21.149999618530273,21.200000762939453,146527941,0.0,0.0
2025-05-20 00:00:00+05:30,21.239999771118164,21.399999618530273,20.780000686645508,20.81999969482422,116009986,0.0,0.0
2025-05-21 00:00:00+05:30,20.829999923706055,21.100000381469727,20.6299991607666,20.979999542236328,103111472,0.0,0.0
2025-05-22 00:00:00+05:30,20.989999771118164,21.239999771118164,20.780000686645508,20.969999313354492,84194525,0.0,0.0
2025-05-23 00:00:00+05:30,20.979999542236328,21.229999542236328,20.8700008392334,21.149999618530273,84046831,0.0,0.0
2025-05-26 00:00:00+05:30,21.209999084472656,21.219999313354492,20.950000762939453,20.989999771118164,59611150,0.0,0.0
2025-05-27 00:00:00+05:30,20.989999771118164,21.200000762939453,20.8700008392334,21.1299991607666,79024752,0.0,0.0
2025-05-28 00:00:00+05:30,21.1299991607666,21.43000030517578,21.06999969482422,21.110000610351562,76178634,0.0,0.0
2025-05-29 00:00:00+05:30,21.209999084472656,21.360000610351562,21.09000015258789,21.309999465942383,76589813,0.0,0.0
2025-05-30 00:00:00+05:30,21.34000015258789,21.649999618530273,21.020000457763672,21.479999542236328,156224502,0.0,0.0
2025-06-02 00:00:00+05:30,21.399999618530273,23.389999389648438,21.350000381469727,23.280000686645508,556213846,0.0,0.0
2025-06-03 00:00:00+05:30,22.93000030517578,22.93000030517578,20.709999084472656,20.860000610351562,351913170,0.0,0.0
2025-06-04 00:00:00+05:30,21.100000381469727,21.360000610351562,20.739999771118164,21.139999389648438,246958946,0.0,0.0
2025-06-05 00:00:00+05:30,21.290000915527344,21.290000915527344,20.889999389648438,20.93000030517578,117110247,0.0,0.0
2025-06-06 00:00:00+05:30,20.950000762939453,21.079999923706055,20.780000686645508,20.850000381469727,112153888,0.0,0.0
2025-06-09 00:00:00+05:30,20.969999313354492,21.1200008392334,20.950000762939453,21.020000457763672,79444934,0.0,0.0
2025-06-10 00:00:00+05:30,21.09000015258789,21.09000015258789,20.809999465942383,20.829999923706055,83741142,0.0,0.0
2025-06-11 00:00:00+05:30,20.850000381469727,21.079999923706055,20.68000030517578,20.709999084472656,87551682,0.0,0.0
2025-06-12 00:00:00+05:30,20.709999084472656,20.760000228881836,20.360000610351562,20.420000076293945,75498210,0.0,0.0
2025-06-13 00:00:00+05:30,20.0,20.290000915527344,19.920000076293945,20.15999984741211,86716463,0.0,0.0
2025-06-16 00:00:00+05:30,20.200000762939453,20.420000076293945,19.8700008392334,20.239999771118164,127118891,0.0,0.0
2025-06-17 00:00:00+05:30,20.239999771118164,20.34000015258789,19.809999465942383,19.940000534057617,106940351,0.0,0.0
2025-06-18 00:00:00+05:30,19.940000534057617,20.1299991607666,19.739999771118164,19.889999389648438,70942059,0.0,0.0
2025-06-19 00:00:00+05:30,19.889999389648438,19.950000762939453,19.31999969482422,19.40999984741211,121108336,0.0,0.0
2025-06-20 00:00:00+05:30,19.40999984741211,19.81999969482422,19.399999618530273,19.729999542236328,137535775,0.0,0.0
2025-06-23 00:00:00+05:30,19.719999313354492,19.959999084472656,19.6200008392334,19.8799991607666,84683129,0.0,0.0
2025-06-24 00:00:00+05:30,20.059999465942383,20.170000076293945,19.940000534057617,19.969999313354492,111385760,0.0,0.0
2025-06-25 00:00:00+05:30,19.969999313354492,20.280000686645508,19.969999313354492,20.229999542236328,102424811,0.0,0.0
2025-06-26 00:00:00+05:30,20.260000228881836,20.309999465942383,20.020000457763672,20.079999923706055,89018955,0.0,0.0
2025-06-27 00:00:00+05:30,20.100000381469727,20.489999771118164,20.100000381469727,20.18000030517578,105112009,0.0,0.0
2025-06-30 00:00:00+05:30,20.219999313354492,20.600000381469727,20.209999084472656,20.34000015258789,96513607,0.0,0.0
2025-07-01 00:00:00+05:30,20.399999618530273,20.479999542236328,20.149999618530273,20.43000030517578,79199190,0.0,0.0
2025-07-02 00:00:00+05:30,20.5,20.5,20.18000030517578,20.280000686645508,57391538,0.0,0.0
2025-07-03 00:00:00+05:30,20.299999237060547,20.329999923706055,20.1200008392334,20.149999618530273,55964363,0.0,0.0
2025-07-04 00:00:00+05:30,20.149999618530273,20.200000762939453,19.979999542236328,20.049999237060547,59748051,0.0,0.0
2025-07-07 00:00:00+05:30,20.049999237060547,20.190000534057617,19.979999542236328,20.0,49824401,0.0,0.0
2025-07-08 00:00:00+05:30,20.030000686645508,20.09000015258789,19.899999618530273,20.0,39857418,0.0,0.0
2025-07-09 00:00:00+05:30,20.010000228881836,20.110000610351562,19.860000610351562,19.90999984741211,44640150,0.0,0.0
2025-07-10 00:00:00+05:30,19.950000762939453,19.989999771118164,19.760000228881836,19.809999465942383,43768292,0.0,0.0
2025-07-11 00:00:00+05:30,19.809999465942383,19.950000762939453,19.610000610351562,19.65999984741211,43213838,0.0,0.0
2025-07-14 00:00:00+05:30,19.65999984741211,20.059999465942383,19.549999237060547,19.989999771118164,81039620,0.0,0.0
2025-07-15 00:00:00+05:30,20.09000015258789,20.649999618530273,19.979999542236328,20.459999084472656,155046810,0.0,0.0
2025-07-16 00:00:00+05:30,20.530000686645508,20.559999465942383,20.15999984741211,20.239999771118164,80436508,0.0,0.0
2025-07-17 00:00:00+05:30,20.260000228881836,20.329999923706055,20.1200008392334,20.139999389648438,49121789,0.0,0.0
2025-07-18 00:00:00+05:30,20.200000762939453,20.25,20.049999237060547,20.170000076293945,55784919,0.0,0.0
2025-07-21 00:00:00+05:30,20.479999542236328,20.479999542236328,20.100000381469727,20.15999984741211,126790484,0.0,0.0
2025-07-22 00:00:00+05:30,20.239999771118164,20.280000686645508,19.950000762939453,19.989999771118164,56424796,0.0,0.0
2025-07-23 00:00:00+05:30,20.0,20.049999237060547,19.809999465942383,19.899999618530273,48443347,0.0,0.0
2025-07-24 00:00:00+05:30,19.989999771118164,20.079999923706055,19.43000030517578,20.010000228881836,94999548,0.0,0.0
2025-07-25 00:00:00+05:30,19.950000762939453,19.989999771118164,19.579999923706055,19.600000381469727,76975220,0.0,0.0
2025-07-28 00:00:00+05:30,19.639999389648438,19.809999465942383,19.280000686645508,19.329999923706055,61286631,0.0,0.0
2025-07-29 00:00:00+05:30,19.34000015258789,19.540000915527344,19.309999465942383,19.399999618530273,56102137,0.0,0.0
2025-07-30 00:00:00+05:30,19.440000534057617,19.489999771118164,19.18000030517578,19.219999313354492,53521061,0.0,0.0
2025-07-31 00:00:00+05:30,19.100000381469727,19.1200008392334,18.84000015258789,18.920000076293945,93683521,0.0,0.0
2025-08-01 00:00:00+05:30,18.920000076293945,18.989999771118164,18.549999237060547,18.600000381469727,58206240,0.0,0.0
2025-08-04 00:00:00+05:30,18.610000610351562,19.06999969482422,18.329999923706055,18.889999389648438,73368669,0.0,0.0
2025-08-05 00:00:00+05:30,18.799999237060547,18.989999771118164,18.760000228881836,18.860000610351562,39066603,0.0,0.0
2025-08-06 00:00:00+05:30,18.860000610351562,18.90999984741211,18.670000076293945,18.729999542236328,41705259,0.0,0.0
2025-08-07 00:00:00+05:30,18.6299991607666,18.829999923706055,18.399999618530273,18.770000457763672,56249685,0.0,0.0
2025-08-08 00:00:00+05:30,18.799999237060547,18.850000381469727,18.5,18.540000915527344,35941372,0.0,0.0
2025-08-11 00:00:00+05:30,18.540000915527344,18.809999465942383,18.450000762939453,18.770000457763672,37440382,0.0,0.0
2025-08-12 00:00:00+05:30,18.81999969482422,18.8799991607666,18.690000534057617,18.719999313354492,31306357,0.0,0.0
2025-08-13 00:00:00+05:30,18.770000457763672,18.8700008392334,18.649999618530273,18.829999923706055,37754923,0.0,0.0
2025-08-14 00:00:00+05:30,18.829999923706055,18.8799991607666,18.719999313354492,18.780000686645508,31042904,0.0,0.0
2025-08-18 00:00:00+05:30,18.90999984741211,19.18000030517578,18.8799991607666,19.09000015258789,48199185,0.0,0.0
2025-08-19 00:00:00+05:30,19.1200008392334,19.389999389648438,19.030000686645508,19.350000381469727,46074068,0.0,0.0
2025-08-20 00:00:00+05:30,19.34000015258789,19.43000030517578,19.31999969482422,19.360000610351562,40828150,0.0,0.0
2025-08-21 00:00:00+05:30,19.3799991607666,19.700000762939453,19.329999923706055,19.43000030517578,49389309,0.0,0.0
2025-08-22 00:00:00+05:30,19.43000030517578,19.459999084472656,19.25,19.280000686645508,38048028,0.0,0.0
2025-08-25 00:00:00+05:30,20.200000762939453,20.200000762939453,19.5,19.549999237060547,254721161,0.0,0.0
2025-08-26 00:00:00+05:30,19.489999771118164,19.5,18.899999618530273,18.950000762939453,148661489,0.0,0.0
2025-08-28 00:00:00+05:30,19.0,19.030000686645508,18.649999618530273,18.68000030517578,68889791,0.0,0.0
2025-08-29 00:00:00+05:30,18.8799991607666,19.549999237060547,18.709999084472656,19.100000381469727,191492999,0.0,0.0
2025-09-01 00:00:00+05:30,19.200000762939453,19.639999389648438,19.06999969482422,19.549999237060547,78438721,0.0,0.0
2025-09-02 00:00:00+05:30,19.549999237060547,19.799999237060547,19.3700008392334,19.549999237060547,71824126,0.0,0.0
2025-09-03 00:00:00+05:30,19.739999771118164,20.3799991607666,19.700000762939453,20.350000381469727,220584457,0.0,0.0
2025-09-04 00:00:00+05:30,20.489999771118164,20.540000915527344,20.25,20.290000915527344,99808514,0.0,0.0
2025-09-05 00:00:00+05:30,20.309999465942383,20.610000610351562,20.030000686645508,20.440000534057617,91388363,0.0,0.0
2025-09-08 00:00:00+05:30,20.510000228881836,20.530000686645508,20.139999389648438,20.18000030517578,50735550,0.0,0.0
2025-09-09 00:00:00+05:30,20.209999084472656,20.479999542236328,20.200000762939453,20.34000015258789,58152362,0.0,0.0
2025-09-10 00:00:00+05:30,20.459999084472656,20.93000030517578,20.420000076293945,20.770000457763672,131894977,0.0,0.0
2025-09-11 00:00:00+05:30,20.8799991607666,21.139999389648438,20.75,20.979999542236328,113340991,0.0,0.0
2025-09-12 00:00:00+05:30,21.049999237060547,21.079999923706055,20.75,20.860000610351562,70693606,0.0,0.0
2025-09-15 00:00:00+05:30,20.8700008392334,21.280000686645508,20.8700008392334,21.010000228881836,74452689,0.0,0.0
2025-09-16 00:00:00+05:30,21.010000228881836,21.09000015258789,20.84000015258789,21.010000228881836,58912746,0.0,0.0
2025-09-17 00:00:00+05:30,21.040000915527344,21.239999771118164,20.8700008392334,21.149999618530273,77272829,0.0,0.0
2025-09-18 00:00:00+05:30,21.299999237060547,21.309999465942383,20.940000534057617,21.06999969482422,78623637,0.0,0.0
2025-09-19 00:00:00+05:30,21.06999969482422,21.389999389648438,21.0,21.170000076293945,116051178,0.0,0.0
2025-09-22 00:00:00+05:30,21.239999771118164,21.6299991607666,21.18000030517578,21.209999084472656,111736439,0.0,0.0
2025-09-23 00:00:00+05:30,21.200000762939453,21.450000762939453,21.100000381469727,21.3799991607666,82429015,0.0,0.0
2025-09-24 00:00:00+05:30,21.34000015258789,21.549999237060547,21.149999618530273,21.190000534057617,76509671,0.0,0.0
2025-09-25 00:00:00+05:30,21.190000534057617,21.56999969482422,21.15999984741211,21.350000381469727,117158717,0.0,0.0
2025-09-26 00:00:00+05:30,21.350000381469727,21.399999618530273,20.899999618530273,20.969999313354492,85479445,0.0,0.0
2025-09-29 00:00:00+05:30,21.020000457763672,21.34000015258789,21.010000228881836,21.040000915527344,69388119,0.0,0.0
2025-09-30 00:00:00+05:30,21.06999969482422,21.469999313354492,21.06999969482422,21.25,92547790,0.0,0.0
2025-10-01 00:00:00+05:30,21.280000686645508,21.81999969482422,21.15999984741211,21.760000228881836,157063539,0.0,0.0
2025-10-03 00:00:00+05:30,21.760000228881836,21.969999313354492,21.68000030517578,21.850000381469727,108054972,0.0,0.0
2025-10-06 00:00:00+05:30,21.899999618530273,22.190000534057617,21.780000686645508,21.93000030517578,103492711,0.0,0.0
2025-10-07 00:00:00+05:30,21.950000762939453,22.360000610351562,21.940000534057617,22.219999313354492,120108122,0.0,0.0
2025-10-08 00:00:00+05:30,22.25,22.290000915527344,21.899999618530273,22.040000915527344,96892054,0.0,0.0
2025-10-09 00:00:00+05:30,22.049999237060547,22.469999313354492,22.010000228881836,22.420000076293945,113280531,0.0,0.0
2025-10-10 00:00:00+05:30,22.450000762939453,24.299999237060547,22.420000076293945,24.0,551294320,0.0,0.0
2025-10-13 00:00:00+05:30,24.200000762939453,24.290000915527344,23.81999969482422,24.030000686645508,251979906,0.0,0.0
2025-10-14 00:00:00+05:30,24.079999923706055,24.139999389648438,23.229999542236328,23.31999969482422,154381162,0.0,0.0
2025-10-15 00:00:00+05:30,23.350000381469727,23.469999313354492,23.209999084472656,23.31999969482422,91990161,0.0,0.0
2025-10-16 00:00:00+05:30,23.469999313354492,23.469999313354492,23.079999923706055,23.1200008392334,80935243,0.0,0.0
2025-10-17 00:00:00+05:30,23.1299991607666,23.239999771118164,22.049999237060547,22.25,199136558,0.0,0.0
2025-10-20 00:00:00+05:30,22.5,22.959999084472656,22.139999389648438,22.639999389648438,174176913,0.0,0.0
2025-10-21 00:00:00+05:30,22.790000915527344,22.899999618530273,22.68000030517578,22.75,25743458,0.0,0.0
2025-10-23 00:00:00+05:30,22.780000686645508,23.200000762939453,22.649999618530273,22.719999313354492,130607745,0.0,0.0
2025-10-24 00:00:00+05:30,22.75,22.8799991607666,22.469999313354492,22.670000076293945,90033037,0.0,0.0
2025-10-27 00:00:00+05:30,22.719999313354492,22.940000534057617,22.65999984741211,22.770000457763672,81275519,0.0,0.0
2025-10-28 00:00:00+05:30,22.75,22.959999084472656,22.540000915527344,22.729999542236328,90650700,0.0,0.0
2025-10-29 00:00:00+05:30,22.760000228881836,22.940000534057617,22.65999984741211,22.690000534057617,56148847,0.0,0.0
2025-10-30 00:00:00+05:30,22.75,22.75,22.200000762939453,22.229999542236328,80860184,0.0,0.0
2025-10-31 00:00:00+05:30,22.270000457763672,23.219999313354492,22.270000457763672,22.739999771118164,210892173,0.0,0.0
2025-11-03 00:00:00+05:30,22.75,23.149999618530273,22.530000686645508,22.969999313354492,107152375,0.0,0.0
2025-11-04 00:00:00+05:30,22.969999313354492,23.469999313354492,22.799999237060547,23.020000457763672,139505986,0.0,0.0
2025-11-05 00:00:00+05:30,23.020000457763672,23.020000457763672,23.020000457763672,23.020000457763672,0,0.0,0.0
2025-11-06 00:00:00+05:30,23.020000457763672,23.100000381469727,22.610000610351562,22.6299991607666,78361962,0.0,0.0
2025-11-07 00:00:00+05:30,22.5,22.940000534057617,22.299999237060547,22.850000381469727,84025519,0.0,0.0
2025-11-10 00:00:00+05:30,22.899999618530273,23.049999237060547,22.700000762939453,22.739999771118164,48716934,0.0,0.0
2025-11-11 00:00:00+05:30,22.739999771118164,22.75,22.389999389648438,22.6299991607666,53666213,0.0,0.0
2025-11-12 00:00:00+05:30,22.709999084472656,22.899999618530273,22.670000076293945,22.75,62838364,0.0,0.0
2025-11-13 00:00:00+05:30,22.75,22.84000015258789,22.450000762939453,22.479999542236328,59377342,0.0,0.0
2025-11-14 00:00:00+05:30,22.479999542236328,22.600000381469727,22.360000610351562,22.5,50842831,0.0,0.0
2025-11-17 00:00:00+05:30,22.579999923706055,23.329999923706055,22.579999923706055,23.15999984741211,156830924,0.0,0.0
2025-11-18 00:00:00+05:30,23.190000534057617,23.25,22.950000762939453,22.989999771118164,74216797,0.0,0.0
2025-11-19 00:00:00+05:30,22.989999771118164,23.059999465942383,22.760000228881836,22.93000030517578,60590652,0.0,0.0
2025-11-20 00:00:00+05:30,23.020000457763672,23.049999237060547,22.579999923706055,22.6299991607666,64244668,0.0,0.0
2025-11-21 00:00:00+05:30,22.6299991607666,22.65999984741211,22.31999969482422,22.43000030517578,67259036,0.0,0.0
2025-11-24 00:00:00+05:30,22.43000030517578,22.479999542236328,22.15999984741211,22.200000762939453,139013154,0.0,0.0
2025-11-25 00:00:00+05:30,22.3799991607666,22.81999969482422,22.299999237060547,22.700000762939453,111959200,0.0,0.0
2025-11-26 00:00:00+05:30,22.75,23.0,22.610000610351562,22.93000030517578,72030859,0.0,0.0
2025-11-27 00:00:00+05:30,22.93000030517578,23.190000534057617,22.639999389648438,22.84000015258789,65580085,0.0,0.0
2025-11-28 00:00:00+05:30,22.84000015258789,23.049999237060547,22.729999542236328,22.93000030517578,72031509,0.0,0.0
2025-12-01 00:00:00+05:30,22.940000534057617,23.100000381469727,22.3799991607666,22.450000762939453,79108039,0.0,0.0
2025-12-02 00:00:00+05:30,22.59000015258789,22.93000030517578,22.420000076293945,22.709999084472656,140633299,0.0,0.0
2025-12-03 00:00:00+05:30,22.850000381469727,22.8700008392334,22.31999969482422,22.399999618530273,102870973,0.0,0.0
2025-12-04 00:00:00+05:30,22.489999771118164,22.969999313354492,22.329999923706055,22.760000228881836,135564479,0.0,0.0
2025-12-05 00:00:00+05:30,22.790000915527344,22.790000915527344,22.469999313354492,22.600000381469727,81360183,0.0,0.0
2025-12-08 00:00:00+05:30,22.6299991607666,22.690000534057617,21.799999237060547,21.899999618530273,92735902,0.0,0.0
2025-12-09 00:00:00+05:30,21.790000915527344,22.18000030517578,21.579999923706055,22.020000457763672,75695676,0.0,0.0
2025-12-10 00:00:00+05:30,22.030000686645508,22.190000534057617,21.670000076293945,21.719999313354492,59340201,0.0,0.0
2025-12-11 00:00:00+05:30,21.780000686645508,22.0,21.600000381469727,21.940000534057617,49809860,0.0,0.0
2025-12-12 00:00:00+05:30,21.940000534057617,22.09000015258789,21.84000015258789,21.920000076293945,65886403,0.0,0.0
2025-12-15 00:00:00+05:30,21.8700008392334,21.950000762939453,21.700000762939453,21.760000228881836,42862660,0.0,0.0
2025-12-16 00:00:00+05:30,21.700000762939453,21.799999237060547,21.329999923706055,21.5,58377894,0.0,0.0
2025-12-17 00:00:00+05:30,21.510000228881836,21.68000030517578,21.459999084472656,21.559999465942383,52042505,0.0,0.0
2025-12-18 00:00:00+05:30,21.559999465942383,21.59000015258789,21.299999237060547,21.440000534057617,37324141,0.0,0.0
2025-12-19 00:00:00+05:30,21.450000762939453,21.760000228881836,21.450000762939453,21.700000762939453,86903781,0.0,0.0
2025-12-22 00:00:00+05:30,21.780000686645508,21.860000610351562,21.700000762939453,21.780000686645508,40151576,0.0,0.0
2025-12-23 00:00:00+05:30,21.780000686645508,21.8700008392334,21.649999618530273,21.739999771118164,41573838,0.0,0.0
2025-12-24 00:00:00+05:30,21.729999542236328,21.950000762939453,21.65999984741211,21.690000534057617,45436981,0.0,0.0
2025-12-25 00:00:00+05:30,21.690000534057617,21.690000534057617,21.690000534057617,21.690000534057617,0,0.0,0.0
2025-12-26 00:00:00+05:30,21.670000076293945,21.729999542236328,21.469999313354492,21.520000457763672,37356486,0.0,0.0
2025-12-29 00:00:00+05:30,21.520000457763672,21.59000015258789,21.309999465942383,21.360000610351562,50264490,0.0,0.0
2025-12-30 00:00:00+05:30,21.399999618530273,21.479999542236328,21.149999618530273,21.3700008392334,267083134,0.0,0.0
