Date,Close_Final
2010-01-04 00:00:00+05:30,48.50944519042969
2010-01-05 00:00:00+05:30,49.22322463989258
2010-01-06 00:00:00+05:30,48.52751541137695
2010-01-07 00:00:00+05:30,47.705322265625
2010-01-08 00:00:00+05:30,47.47944259643555
2010-01-11 00:00:00+05:30,48.35585403442383
2010-01-12 00:00:00+05:30,47.54269027709961
2010-01-13 00:00:00+05:30,47.44330596923828
2010-01-14 00:00:00+05:30,48.62690353393555
2010-01-15 00:00:00+05:30,48.265499114990234
2010-01-18 00:00:00+05:30,49.20514678955078
2010-01-19 00:00:00+05:30,51.31936264038086
2010-01-20 00:00:00+05:30,49.36777877807617
2010-01-21 00:00:00+05:30,47.831817626953125
2010-01-22 00:00:00+05:30,46.846988677978516
2010-01-25 00:00:00+05:30,44.41654968261719
2010-01-27 00:00:00+05:30,42.618560791015625
2010-01-28 00:00:00+05:30,44.353302001953125
2010-01-29 00:00:00+05:30,45.03996276855469
2010-02-01 00:00:00+05:30,45.73567581176758
2010-02-02 00:00:00+05:30,43.97382354736328
2010-02-03 00:00:00+05:30,45.26584243774414
2010-02-04 00:00:00+05:30,43.85637283325195
2010-02-05 00:00:00+05:30,43.241981506347656
2010-02-08 00:00:00+05:30,43.08838653564453
2010-02-09 00:00:00+05:30,42.97997283935547
2010-02-10 00:00:00+05:30,42.03127670288086
2010-02-11 00:00:00+05:30,42.89864730834961
2010-02-15 00:00:00+05:30,42.329444885253906
2010-02-16 00:00:00+05:30,43.36847686767578
2010-02-17 00:00:00+05:30,43.70277404785156
2010-02-18 00:00:00+05:30,42.645668029785156
2010-02-19 00:00:00+05:30,41.44399642944336
2010-02-22 00:00:00+05:30,42.38365173339844
2010-02-23 00:00:00+05:30,42.67277526855469
2010-02-24 00:00:00+05:30,41.706016540527344
2010-02-25 00:00:00+05:30,40.612770080566406
2010-02-26 00:00:00+05:30,42.754085540771484
2010-03-02 00:00:00+05:30,44.29005432128906
2010-03-03 00:00:00+05:30,45.12128448486328
2010-03-04 00:00:00+05:30,45.9886589050293
2010-03-05 00:00:00+05:30,45.46461868286133
2010-03-08 00:00:00+05:30,45.89830017089844
2010-03-09 00:00:00+05:30,45.02190399169922
2010-03-10 00:00:00+05:30,44.87733459472656
2010-03-11 00:00:00+05:30,45.500762939453125
2010-03-12 00:00:00+05:30,45.853126525878906
2010-03-15 00:00:00+05:30,44.91347885131836
2010-03-16 00:00:00+05:30,44.181640625
2010-03-17 00:00:00+05:30,44.44364929199219
2010-03-18 00:00:00+05:30,45.094181060791016
2010-03-19 00:00:00+05:30,44.68760299682617
2010-03-22 00:00:00+05:30,43.33233642578125
2010-03-23 00:00:00+05:30,42.98900604248047
2010-03-25 00:00:00+05:30,43.53110885620117
2010-03-26 00:00:00+05:30,45.4284782409668
2010-03-29 00:00:00+05:30,46.521728515625
2010-03-30 00:00:00+05:30,46.359092712402344
2010-03-31 00:00:00+05:30,46.29584503173828
2010-04-01 00:00:00+05:30,46.630149841308594
2010-04-05 00:00:00+05:30,47.741458892822266
2010-04-06 00:00:00+05:30,47.41619873046875
2010-04-07 00:00:00+05:30,47.06382751464844
2010-04-08 00:00:00+05:30,46.97347640991211
2010-04-09 00:00:00+05:30,47.6420783996582
2010-04-12 00:00:00+05:30,47.578834533691406
2010-04-13 00:00:00+05:30,46.575927734375
2010-04-15 00:00:00+05:30,45.52786636352539
2010-04-16 00:00:00+05:30,45.076114654541016
2010-04-19 00:00:00+05:30,45.87120819091797
2010-04-20 00:00:00+05:30,46.359092712402344
2010-04-21 00:00:00+05:30,49.10576248168945
2010-04-22 00:00:00+05:30,48.599796295166016
2010-04-23 00:00:00+05:30,48.97927474975586
2010-04-26 00:00:00+05:30,50.831459045410156
2010-04-27 00:00:00+05:30,49.80146408081055
2010-04-28 00:00:00+05:30,50.10866165161133
2010-04-29 00:00:00+05:30,52.99085998535156
2010-04-30 00:00:00+05:30,51.617523193359375
2010-05-03 00:00:00+05:30,51.85243225097656
2010-05-04 00:00:00+05:30,50.48813247680664
2010-05-05 00:00:00+05:30,49.936988830566406
2010-05-06 00:00:00+05:30,48.79856491088867
2010-05-07 00:00:00+05:30,47.840850830078125
2010-05-10 00:00:00+05:30,50.226112365722656
2010-05-11 00:00:00+05:30,49.85567855834961
2010-05-12 00:00:00+05:30,49.159969329833984
2010-05-13 00:00:00+05:30,50.072513580322266
2010-05-14 00:00:00+05:30,49.304527282714844
2010-05-17 00:00:00+05:30,49.295501708984375
2010-05-18 00:00:00+05:30,49.286468505859375
2010-05-19 00:00:00+05:30,47.92216491699219
2010-05-20 00:00:00+05:30,49.575584411621094
2010-05-21 00:00:00+05:30,47.958309173583984
2010-05-24 00:00:00+05:30,47.678218841552734
2010-05-25 00:00:00+05:30,46.657249450683594
2010-05-26 00:00:00+05:30,47.20838928222656
2010-05-27 00:00:00+05:30,48.283565521240234
2010-05-28 00:00:00+05:30,50.912784576416016
2010-05-31 00:00:00+05:30,52.03313446044922
2010-06-01 00:00:00+05:30,50.406822204589844
2010-06-02 00:00:00+05:30,51.238040924072266
2010-06-03 00:00:00+05:30,53.352264404296875
2010-06-04 00:00:00+05:30,52.80112075805664
2010-06-07 00:00:00+05:30,51.68076705932617
2010-06-08 00:00:00+05:30,51.05734634399414
2010-06-09 00:00:00+05:30,50.46102523803711
2010-06-10 00:00:00+05:30,50.921817779541016
2010-06-11 00:00:00+05:30,51.96989059448242
2010-06-14 00:00:00+05:30,51.80725860595703
2010-06-15 00:00:00+05:30,51.26515579223633
2010-06-16 00:00:00+05:30,51.111549377441406
2010-06-17 00:00:00+05:30,51.355499267578125
2010-06-18 00:00:00+05:30,50.5784797668457
2010-06-21 00:00:00+05:30,50.894710540771484
2010-06-22 00:00:00+05:30,49.12382888793945
2010-06-23 00:00:00+05:30,50.04541778564453
2010-06-24 00:00:00+05:30,49.245994567871094
2010-06-25 00:00:00+05:30,49.464019775390625
2010-06-28 00:00:00+05:30,49.427677154541016
2010-06-29 00:00:00+05:30,48.682769775390625
2010-06-30 00:00:00+05:30,48.92804718017578
2010-07-01 00:00:00+05:30,48.9825439453125
2010-07-02 00:00:00+05:30,48.655521392822266
2010-07-05 00:00:00+05:30,48.7645263671875
2010-07-06 00:00:00+05:30,50.11808776855469
2010-07-07 00:00:00+05:30,49.073394775390625
2010-07-08 00:00:00+05:30,50.109004974365234
2010-07-09 00:00:00+05:30,51.90768814086914
2010-07-12 00:00:00+05:30,51.93494415283203
2010-07-13 00:00:00+05:30,52.261985778808594
2010-07-14 00:00:00+05:30,51.61699676513672
2010-07-15 00:00:00+05:30,52.080299377441406
2010-07-16 00:00:00+05:30,54.40587615966797
2010-07-19 00:00:00+05:30,54.11518096923828
2010-07-20 00:00:00+05:30,54.042510986328125
2010-07-21 00:00:00+05:30,54.11518096923828
2010-07-22 00:00:00+05:30,54.28778076171875
2010-07-23 00:00:00+05:30,54.841922760009766
2010-07-26 00:00:00+05:30,54.27869415283203
2010-07-27 00:00:00+05:30,54.460384368896484
2010-07-28 00:00:00+05:30,53.00689697265625
2010-07-29 00:00:00+05:30,53.05232620239258
2010-07-30 00:00:00+05:30,53.715476989746094
2010-08-02 00:00:00+05:30,55.495994567871094
2010-08-03 00:00:00+05:30,56.1864013671875
2010-08-04 00:00:00+05:30,55.15987777709961
2010-08-05 00:00:00+05:30,54.36954116821289
2010-08-06 00:00:00+05:30,53.83356857299805
2010-08-09 00:00:00+05:30,55.4051513671875
2010-08-10 00:00:00+05:30,55.00544357299805
2010-08-11 00:00:00+05:30,54.596649169921875
2010-08-12 00:00:00+05:30,55.550506591796875
2010-08-13 00:00:00+05:30,58.32120895385742
2010-08-16 00:00:00+05:30,57.894248962402344
2010-08-17 00:00:00+05:30,59.529422760009766
2010-08-18 00:00:00+05:30,59.556671142578125
2010-08-19 00:00:00+05:30,62.26380920410156
2010-08-20 00:00:00+05:30,60.22891616821289
2010-08-23 00:00:00+05:30,60.474185943603516
2010-08-24 00:00:00+05:30,59.7020263671875
2010-08-25 00:00:00+05:30,59.547603607177734
2010-08-26 00:00:00+05:30,59.22964096069336
2010-08-27 00:00:00+05:30,58.46656036376953
2010-08-30 00:00:00+05:30,57.48545455932617
2010-08-31 00:00:00+05:30,56.54069137573242
2010-09-01 00:00:00+05:30,58.112274169921875
2010-09-02 00:00:00+05:30,57.776153564453125
2010-09-03 00:00:00+05:30,57.894248962402344
2010-09-06 00:00:00+05:30,58.52106475830078
2010-09-07 00:00:00+05:30,57.70347595214844
2010-09-08 00:00:00+05:30,57.721649169921875
2010-09-09 00:00:00+05:30,58.27579116821289
2010-09-13 00:00:00+05:30,60.065399169921875
2010-09-14 00:00:00+05:30,59.72019577026367
2010-09-15 00:00:00+05:30,59.34774398803711
2010-09-16 00:00:00+05:30,59.82920455932617
2010-09-17 00:00:00+05:30,59.85646057128906
2010-09-20 00:00:00+05:30,60.347015380859375
2010-09-21 00:00:00+05:30,59.811031341552734
2010-09-22 00:00:00+05:30,60.38335418701172
2010-09-23 00:00:00+05:30,61.37353515625
2010-09-24 00:00:00+05:30,61.2191162109375
2010-09-27 00:00:00+05:30,62.79976272583008
2010-09-28 00:00:00+05:30,63.853546142578125
2010-09-29 00:00:00+05:30,64.09883117675781
2010-09-30 00:00:00+05:30,63.617347717285156
2010-10-01 00:00:00+05:30,64.8619155883789
2010-10-04 00:00:00+05:30,65.22528076171875
2010-10-05 00:00:00+05:30,64.1533432006836
2010-10-06 00:00:00+05:30,63.97164535522461
2010-10-07 00:00:00+05:30,62.64534378051758
2010-10-08 00:00:00+05:30,63.8444709777832
2010-10-11 00:00:00+05:30,64.32594299316406
2010-10-12 00:00:00+05:30,63.226741790771484
2010-10-13 00:00:00+05:30,64.08067321777344
2010-10-14 00:00:00+05:30,63.64460372924805
2010-10-15 00:00:00+05:30,63.05414581298828
2010-10-18 00:00:00+05:30,64.46219635009766
2010-10-19 00:00:00+05:30,63.02688217163086
2010-10-20 00:00:00+05:30,64.01707458496094
2010-10-21 00:00:00+05:30,64.28053283691406
2010-10-22 00:00:00+05:30,67.07847595214844
2010-10-25 00:00:00+05:30,67.65079498291016
2010-10-26 00:00:00+05:30,68.83174896240234
2010-10-27 00:00:00+05:30,67.0330581665039
2010-10-28 00:00:00+05:30,65.2525405883789
2010-10-29 00:00:00+05:30,65.31613159179688
2010-11-01 00:00:00+05:30,67.10572814941406
2010-11-02 00:00:00+05:30,67.2510757446289
2010-11-03 00:00:00+05:30,67.6871337890625
2010-11-04 00:00:00+05:30,67.60536193847656
2010-11-08 00:00:00+05:30,67.5145263671875
2010-11-09 00:00:00+05:30,66.91496276855469
2010-11-10 00:00:00+05:30,67.00581359863281
2010-11-11 00:00:00+05:30,64.7619857788086
2010-11-12 00:00:00+05:30,63.00872039794922
2010-11-15 00:00:00+05:30,64.79832458496094
2010-11-16 00:00:00+05:30,60.36517333984375
2010-11-18 00:00:00+05:30,58.53923797607422
2010-11-19 00:00:00+05:30,58.46656036376953
2010-11-22 00:00:00+05:30,59.66569137573242
2010-11-23 00:00:00+05:30,58.829933166503906
2010-11-24 00:00:00+05:30,57.52179718017578
2010-11-25 00:00:00+05:30,55.44148635864258
2010-11-26 00:00:00+05:30,55.7957763671875
2010-11-29 00:00:00+05:30,55.941131591796875
2010-11-30 00:00:00+05:30,55.62317657470703
2010-12-01 00:00:00+05:30,59.901885986328125
2010-12-02 00:00:00+05:30,60.99198913574219
2010-12-03 00:00:00+05:30,59.94729995727539
2010-12-06 00:00:00+05:30,58.839019775390625
2010-12-07 00:00:00+05:30,56.222740173339844
2010-12-08 00:00:00+05:30,54.69657897949219
2010-12-09 00:00:00+05:30,51.96220016479492
2010-12-10 00:00:00+05:30,53.36117935180664
2010-12-13 00:00:00+05:30,55.88662338256836
2010-12-14 00:00:00+05:30,55.66859817504883
2010-12-15 00:00:00+05:30,54.50580596923828
2010-12-16 00:00:00+05:30,54.324119567871094
2010-12-20 00:00:00+05:30,52.71619415283203
2010-12-21 00:00:00+05:30,54.40587615966797
2010-12-22 00:00:00+05:30,56.17731857299805
2010-12-23 00:00:00+05:30,56.349918365478516
2010-12-24 00:00:00+05:30,55.95021438598633
2010-12-27 00:00:00+05:30,55.56866455078125
2010-12-28 00:00:00+05:30,55.605003356933594
2010-12-29 00:00:00+05:30,55.8411979675293
2010-12-30 00:00:00+05:30,56.06830596923828
2010-12-31 00:00:00+05:30,56.831382751464844
2011-01-03 00:00:00+05:30,57.331024169921875
2011-01-04 00:00:00+05:30,55.67768096923828
2011-01-05 00:00:00+05:30,52.925140380859375
2011-01-06 00:00:00+05:30,51.426231384277344
2011-01-07 00:00:00+05:30,49.100650787353516
2011-01-10 00:00:00+05:30,47.46546936035156
2011-01-11 00:00:00+05:30,49.40043258666992
2011-01-12 00:00:00+05:30,49.9818229675293
2011-01-13 00:00:00+05:30,48.655521392822266
2011-01-14 00:00:00+05:30,47.26561737060547
2011-01-17 00:00:00+05:30,46.30268478393555
2011-01-18 00:00:00+05:30,46.902252197265625
2011-01-19 00:00:00+05:30,49.082481384277344
2011-01-20 00:00:00+05:30,49.691123962402344
2011-01-21 00:00:00+05:30,49.0007209777832
2011-01-24 00:00:00+05:30,51.65333938598633
2011-01-25 00:00:00+05:30,50.554141998291016
2011-01-27 00:00:00+05:30,48.128623962402344
2011-01-28 00:00:00+05:30,46.96583557128906
2011-01-31 00:00:00+05:30,47.80159378051758
2011-02-01 00:00:00+05:30,48.09229278564453
2011-02-02 00:00:00+05:30,48.05595779418945
2011-02-03 00:00:00+05:30,49.14607620239258
2011-02-04 00:00:00+05:30,47.719825744628906
2011-02-07 00:00:00+05:30,47.129356384277344
2011-02-08 00:00:00+05:30,44.94003677368164
2011-02-09 00:00:00+05:30,42.89606857299805
2011-02-10 00:00:00+05:30,44.077030181884766
2011-02-11 00:00:00+05:30,46.72056198120117
2011-02-14 00:00:00+05:30,48.91896057128906
2011-02-15 00:00:00+05:30,50.37245178222656
2011-02-16 00:00:00+05:30,50.390621185302734
2011-02-17 00:00:00+05:30,51.253623962402344
2011-02-18 00:00:00+05:30,51.59883117675781
2011-02-21 00:00:00+05:30,51.253623962402344
2011-02-22 00:00:00+05:30,49.97274398803711
2011-02-23 00:00:00+05:30,48.73727798461914
2011-02-24 00:00:00+05:30,46.38444137573242
2011-02-25 00:00:00+05:30,46.39352798461914
2011-02-28 00:00:00+05:30,46.51162338256836
2011-03-01 00:00:00+05:30,49.44585037231445
2011-03-03 00:00:00+05:30,49.71837615966797
2011-03-04 00:00:00+05:30,50.02724838256836
2011-03-07 00:00:00+05:30,49.19149398803711
2011-03-08 00:00:00+05:30,49.84556198120117
2011-03-09 00:00:00+05:30,50.04541778564453
2011-03-10 00:00:00+05:30,49.36408996582031
2011-03-11 00:00:00+05:30,48.482913970947266
2011-03-14 00:00:00+05:30,49.28232955932617
2011-03-15 00:00:00+05:30,48.264888763427734
2011-03-16 00:00:00+05:30,50.790321350097656
2011-03-17 00:00:00+05:30,50.65406036376953
2011-03-18 00:00:00+05:30,49.82738494873047
2011-03-21 00:00:00+05:30,49.82738494873047
2011-03-22 00:00:00+05:30,50.85391616821289
2011-03-23 00:00:00+05:30,51.96220016479492
2011-03-24 00:00:00+05:30,53.561038970947266
2011-03-25 00:00:00+05:30,54.41495895385742
2011-03-28 00:00:00+05:30,54.50580596923828
2011-03-29 00:00:00+05:30,56.222740173339844
2011-03-30 00:00:00+05:30,58.27579116821289
2011-03-31 00:00:00+05:30,56.2499885559082
2011-04-01 00:00:00+05:30,56.69512176513672
2011-04-04 00:00:00+05:30,57.085750579833984
2011-04-05 00:00:00+05:30,56.70420455932617
2011-04-06 00:00:00+05:30,57.93058395385742
2011-04-07 00:00:00+05:30,60.010887145996094
2011-04-08 00:00:00+05:30,57.84883117675781
2011-04-11 00:00:00+05:30,58.121360778808594
2011-04-13 00:00:00+05:30,60.592288970947266
2011-04-15 00:00:00+05:30,60.01997375488281
2011-04-18 00:00:00+05:30,58.3757209777832
2011-04-19 00:00:00+05:30,58.75725555419922
2011-04-20 00:00:00+05:30,60.1562385559082
2011-04-21 00:00:00+05:30,57.69439697265625
2011-04-25 00:00:00+05:30,58.012351989746094
2011-04-26 00:00:00+05:30,57.67622756958008
2011-04-27 00:00:00+05:30,57.385536193847656
2011-04-28 00:00:00+05:30,56.39533996582031
2011-04-29 00:00:00+05:30,55.44148635864258
2011-05-02 00:00:00+05:30,54.351375579833984
2011-05-03 00:00:00+05:30,52.03487014770508
2011-05-04 00:00:00+05:30,51.19912338256836
2011-05-05 00:00:00+05:30,51.780513763427734
2011-05-06 00:00:00+05:30,54.551231384277344
2011-05-09 00:00:00+05:30,54.05159378051758
2011-05-10 00:00:00+05:30,53.7972297668457
2011-05-11 00:00:00+05:30,54.94185256958008
2011-05-12 00:00:00+05:30,53.197669982910156
2011-05-13 00:00:00+05:30,53.75180435180664
2011-05-16 00:00:00+05:30,53.00689697265625
2011-05-17 00:00:00+05:30,52.398250579833984
2011-05-18 00:00:00+05:30,51.20820236206055
2011-05-19 00:00:00+05:30,50.79941177368164
2011-05-20 00:00:00+05:30,50.96293258666992
2011-05-23 00:00:00+05:30,49.709293365478516
2011-05-24 00:00:00+05:30,51.335384368896484
2011-05-25 00:00:00+05:30,51.462562561035156
2011-05-26 00:00:00+05:30,51.85319519042969
2011-05-27 00:00:00+05:30,53.92441177368164
2011-05-30 00:00:00+05:30,54.19694137573242
2011-05-31 00:00:00+05:30,54.651153564453125
2011-06-01 00:00:00+05:30,54.16968536376953
2011-06-02 00:00:00+05:30,52.48000717163086
2011-06-03 00:00:00+05:30,52.87971115112305
2011-06-06 00:00:00+05:30,54.13335037231445
2011-06-07 00:00:00+05:30,54.39678955078125
2011-06-08 00:00:00+05:30,54.56939697265625
2011-06-09 00:00:00+05:30,53.90624237060547
2011-06-10 00:00:00+05:30,53.324851989746094
2011-06-13 00:00:00+05:30,53.46111297607422
2011-06-14 00:00:00+05:30,53.93349075317383
2011-06-15 00:00:00+05:30,53.27034378051758
2011-06-16 00:00:00+05:30,52.88880157470703
2011-06-17 00:00:00+05:30,51.84422302246094
2011-06-20 00:00:00+05:30,53.264488220214844
2011-06-21 00:00:00+05:30,52.68721389770508
2011-06-22 00:00:00+05:30,52.595584869384766
2011-06-23 00:00:00+05:30,52.57726287841797
2011-06-24 00:00:00+05:30,54.73056411743164
2011-06-27 00:00:00+05:30,57.42448043823242
2011-06-28 00:00:00+05:30,56.673118591308594
2011-06-29 00:00:00+05:30,57.31452560424805
2011-06-30 00:00:00+05:30,57.18624496459961
2011-07-01 00:00:00+05:30,58.340782165527344
2011-07-04 00:00:00+05:30,58.43241500854492
2011-07-05 00:00:00+05:30,59.16545486450195
2011-07-06 00:00:00+05:30,59.843509674072266
2011-07-07 00:00:00+05:30,59.88932800292969
2011-07-08 00:00:00+05:30,59.05550003051758
2011-07-11 00:00:00+05:30,58.89056396484375
2011-07-12 00:00:00+05:30,57.68104553222656
2011-07-13 00:00:00+05:30,58.267486572265625
2011-07-14 00:00:00+05:30,59.788536071777344
2011-07-15 00:00:00+05:30,59.495323181152344
2011-07-18 00:00:00+05:30,60.22835922241211
2011-07-19 00:00:00+05:30,59.321224212646484
2011-07-20 00:00:00+05:30,58.414085388183594
2011-07-21 00:00:00+05:30,58.24915313720703
2011-07-22 00:00:00+05:30,60.310829162597656
2011-07-25 00:00:00+05:30,61.108009338378906
2011-07-26 00:00:00+05:30,58.3957633972168
2011-07-27 00:00:00+05:30,57.259552001953125
2011-07-28 00:00:00+05:30,56.893028259277344
2011-07-29 00:00:00+05:30,56.92967987060547
2011-08-01 00:00:00+05:30,57.96510314941406
2011-08-02 00:00:00+05:30,56.75558090209961
2011-08-03 00:00:00+05:30,56.25162124633789
2011-08-04 00:00:00+05:30,55.40862274169922
2011-08-05 00:00:00+05:30,55.243690490722656
2011-08-08 00:00:00+05:30,55.37197494506836
2011-08-09 00:00:00+05:30,53.392765045166016
2011-08-10 00:00:00+05:30,55.48192596435547
2011-08-11 00:00:00+05:30,56.214969635009766
2011-08-12 00:00:00+05:30,54.785545349121094
2011-08-16 00:00:00+05:30,54.45566940307617
2011-08-17 00:00:00+05:30,53.06290054321289
2011-08-18 00:00:00+05:30,50.33232879638672
2011-08-19 00:00:00+05:30,48.18818283081055
2011-08-22 00:00:00+05:30,48.783782958984375
2011-08-23 00:00:00+05:30,51.25779342651367
2011-08-24 00:00:00+05:30,50.65302658081055
2011-08-25 00:00:00+05:30,48.99453353881836
2011-08-26 00:00:00+05:30,47.53761291503906
2011-08-29 00:00:00+05:30,49.7092399597168
2011-08-30 00:00:00+05:30,50.863773345947266
2011-09-02 00:00:00+05:30,51.065372467041016
2011-09-05 00:00:00+05:30,51.80756759643555
2011-09-06 00:00:00+05:30,52.42148971557617
2011-09-07 00:00:00+05:30,53.264488220214844
2011-09-08 00:00:00+05:30,54.400691986083984
2011-09-09 00:00:00+05:30,53.860076904296875
2011-09-12 00:00:00+05:30,50.14906692504883
2011-09-13 00:00:00+05:30,50.16739273071289
2011-09-14 00:00:00+05:30,50.680519104003906
2011-09-15 00:00:00+05:30,51.05620193481445
2011-09-16 00:00:00+05:30,51.44104766845703
2011-09-19 00:00:00+05:30,52.03664779663086
2011-09-20 00:00:00+05:30,53.053733825683594
2011-09-21 00:00:00+05:30,52.26572036743164
2011-09-22 00:00:00+05:30,49.61761474609375
2011-09-23 00:00:00+05:30,49.012855529785156
2011-09-26 00:00:00+05:30,48.06906509399414
2011-09-27 00:00:00+05:30,49.810035705566406
2011-09-28 00:00:00+05:30,49.89249801635742
2011-09-29 00:00:00+05:30,50.781314849853516
2011-09-30 00:00:00+05:30,49.947479248046875
2011-10-03 00:00:00+05:30,47.739200592041016
2011-10-04 00:00:00+05:30,46.01655578613281
2011-10-05 00:00:00+05:30,45.091094970703125
2011-10-07 00:00:00+05:30,48.18818283081055
2011-10-10 00:00:00+05:30,48.43558883666992
2011-10-11 00:00:00+05:30,48.34395217895508
2011-10-12 00:00:00+05:30,49.865013122558594
2011-10-13 00:00:00+05:30,52.08245849609375
2011-10-14 00:00:00+05:30,51.917518615722656
2011-10-17 00:00:00+05:30,52.980430603027344
2011-10-18 00:00:00+05:30,51.294437408447266
2011-10-19 00:00:00+05:30,53.13620376586914
2011-10-20 00:00:00+05:30,52.19240951538086
2011-10-21 00:00:00+05:30,50.90959930419922
2011-10-24 00:00:00+05:30,51.61514663696289
2011-10-25 00:00:00+05:30,56.14166259765625
2011-10-28 00:00:00+05:30,57.85514450073242
2011-10-31 00:00:00+05:30,57.59858322143555
2011-11-01 00:00:00+05:30,56.315765380859375
2011-11-02 00:00:00+05:30,56.315765380859375
2011-11-03 00:00:00+05:30,56.8014030456543
2011-11-04 00:00:00+05:30,58.001747131347656
2011-11-08 00:00:00+05:30,56.69144821166992
2011-11-09 00:00:00+05:30,56.242454528808594
2011-11-11 00:00:00+05:30,54.65726089477539
2011-11-14 00:00:00+05:30,53.81426239013672
2011-11-15 00:00:00+05:30,52.17409133911133
2011-11-16 00:00:00+05:30,49.60844802856445
2011-11-17 00:00:00+05:30,49.773380279541016
2011-11-18 00:00:00+05:30,49.55347442626953
2011-11-21 00:00:00+05:30,48.21567153930664
2011-11-22 00:00:00+05:30,48.85708236694336
2011-11-23 00:00:00+05:30,48.51805877685547
2011-11-24 00:00:00+05:30,50.76298904418945
2011-11-25 00:00:00+05:30,50.23153305053711
2011-11-28 00:00:00+05:30,51.51435852050781
2011-11-29 00:00:00+05:30,50.4331169128418
2011-11-30 00:00:00+05:30,49.883338928222656
2011-12-01 00:00:00+05:30,51.1478385925293
2011-12-02 00:00:00+05:30,53.18201446533203
2011-12-05 00:00:00+05:30,52.93461990356445
2011-12-07 00:00:00+05:30,54.3090705871582
2011-12-08 00:00:00+05:30,52.63224411010742
2011-12-09 00:00:00+05:30,52.51311492919922
2011-12-12 00:00:00+05:30,51.80756759643555
2011-12-13 00:00:00+05:30,50.97373580932617
2011-12-14 00:00:00+05:30,50.918758392333984
2011-12-15 00:00:00+05:30,49.086158752441406
2011-12-16 00:00:00+05:30,47.00615692138672
2011-12-19 00:00:00+05:30,46.74043273925781
2011-12-20 00:00:00+05:30,44.4588508605957
2011-12-21 00:00:00+05:30,45.89744186401367
2011-12-22 00:00:00+05:30,47.27188491821289
2011-12-23 00:00:00+05:30,46.181488037109375
2011-12-26 00:00:00+05:30,46.6304817199707
2011-12-27 00:00:00+05:30,45.97990417480469
2011-12-28 00:00:00+05:30,44.27558898925781
2011-12-29 00:00:00+05:30,43.85409164428711
2011-12-30 00:00:00+05:30,43.76245880126953
2012-01-02 00:00:00+05:30,42.488807678222656
2012-01-03 00:00:00+05:30,45.06360626220703
2012-01-04 00:00:00+05:30,44.1747932434082
2012-01-05 00:00:00+05:30,45.420963287353516
2012-01-06 00:00:00+05:30,45.7783203125
2012-01-09 00:00:00+05:30,45.6317138671875
2012-01-10 00:00:00+05:30,48.43558883666992
2012-01-11 00:00:00+05:30,49.90166473388672
2012-01-12 00:00:00+05:30,51.4227180480957
2012-01-13 00:00:00+05:30,51.45936965942383
2012-01-16 00:00:00+05:30,51.36774826049805
2012-01-17 00:00:00+05:30,52.2840461730957
2012-01-18 00:00:00+05:30,51.50518798828125
2012-01-19 00:00:00+05:30,52.65056228637695
2012-01-20 00:00:00+05:30,54.593116760253906
2012-01-23 00:00:00+05:30,56.36157989501953
2012-01-24 00:00:00+05:30,58.53321075439453
2012-01-25 00:00:00+05:30,60.53074264526367
2012-01-27 00:00:00+05:30,59.74272155761719
2012-01-30 00:00:00+05:30,57.49778747558594
2012-01-31 00:00:00+05:30,60.5582275390625
2012-02-01 00:00:00+05:30,61.602806091308594
2012-02-02 00:00:00+05:30,62.12510299682617
2012-02-03 00:00:00+05:30,63.178836822509766
2012-02-06 00:00:00+05:30,63.389591217041016
2012-02-07 00:00:00+05:30,61.868534088134766
2012-02-08 00:00:00+05:30,61.108009338378906
2012-02-09 00:00:00+05:30,63.407920837402344
2012-02-10 00:00:00+05:30,63.737770080566406
2012-02-13 00:00:00+05:30,64.00350952148438
2012-02-14 00:00:00+05:30,65.59786987304688
2012-02-15 00:00:00+05:30,67.0456314086914
2012-02-16 00:00:00+05:30,67.30218505859375
2012-02-17 00:00:00+05:30,66.72492980957031
2012-02-21 00:00:00+05:30,67.57708740234375
2012-02-22 00:00:00+05:30,63.352943420410156
2012-02-23 00:00:00+05:30,64.80068969726562
2012-02-24 00:00:00+05:30,62.26253890991211
2012-02-27 00:00:00+05:30,58.597347259521484
2012-02-28 00:00:00+05:30,64.02184295654297
2012-02-29 00:00:00+05:30,63.307125091552734
2012-03-01 00:00:00+05:30,62.30835723876953
2012-03-02 00:00:00+05:30,64.22343444824219
2012-03-03 00:00:00+05:30,48.736846923828125
2012-03-05 00:00:00+05:30,62.25338363647461
2012-03-06 00:00:00+05:30,62.73902130126953
2012-03-07 00:00:00+05:30,61.905189514160156
2012-03-09 00:00:00+05:30,67.11892700195312
2012-03-12 00:00:00+05:30,66.81655883789062
2012-03-13 00:00:00+05:30,67.5404281616211
2012-03-14 00:00:00+05:30,70.82994842529297
2012-03-15 00:00:00+05:30,68.75911712646484
2012-03-16 00:00:00+05:30,67.37550354003906
2012-03-19 00:00:00+05:30,66.14765167236328
2012-03-20 00:00:00+05:30,67.06395721435547
2012-03-21 00:00:00+05:30,68.60334014892578
2012-03-22 00:00:00+05:30,67.21055603027344
2012-03-23 00:00:00+05:30,68.18184661865234
2012-03-26 00:00:00+05:30,65.634521484375
2012-03-27 00:00:00+05:30,64.94730377197266
2012-03-28 00:00:00+05:30,64.1684341430664
2012-03-29 00:00:00+05:30,66.3583984375
2012-03-30 00:00:00+05:30,67.58624267578125
2012-04-02 00:00:00+05:30,68.36509704589844
2012-04-03 00:00:00+05:30,68.58500671386719
2012-04-04 00:00:00+05:30,68.45672607421875
2012-04-09 00:00:00+05:30,68.28263854980469
2012-04-10 00:00:00+05:30,69.18976593017578
2012-04-11 00:00:00+05:30,68.86907196044922
2012-04-12 00:00:00+05:30,68.07188415527344
2012-04-13 00:00:00+05:30,66.97232055664062
2012-04-16 00:00:00+05:30,67.57708740234375
2012-04-17 00:00:00+05:30,68.02606964111328
2012-04-18 00:00:00+05:30,67.787841796875
2012-04-19 00:00:00+05:30,67.39382934570312
2012-04-20 00:00:00+05:30,66.7798843383789
2012-04-23 00:00:00+05:30,65.7536392211914
2012-04-24 00:00:00+05:30,65.86360168457031
2012-04-25 00:00:00+05:30,67.082275390625
2012-04-26 00:00:00+05:30,65.54290008544922
2012-04-27 00:00:00+05:30,63.82941436767578
2012-04-30 00:00:00+05:30,64.08598327636719
2012-05-02 00:00:00+05:30,63.8935661315918
2012-05-03 00:00:00+05:30,61.905189514160156
2012-05-04 00:00:00+05:30,61.1538200378418
2012-05-07 00:00:00+05:30,62.225894927978516
2012-05-08 00:00:00+05:30,60.31999206542969
2012-05-09 00:00:00+05:30,58.73479080200195
2012-05-10 00:00:00+05:30,59.74272155761719
2012-05-11 00:00:00+05:30,60.384132385253906
2012-05-14 00:00:00+05:30,58.386600494384766
2012-05-15 00:00:00+05:30,58.04756546020508
2012-05-16 00:00:00+05:30,55.628536224365234
2012-05-17 00:00:00+05:30,55.40862274169922
2012-05-18 00:00:00+05:30,57.259552001953125
2012-05-21 00:00:00+05:30,59.08298873901367
2012-05-22 00:00:00+05:30,58.927207946777344
2012-05-23 00:00:00+05:30,58.77144241333008
2012-05-24 00:00:00+05:30,60.109249114990234
2012-05-25 00:00:00+05:30,60.48493194580078
2012-05-28 00:00:00+05:30,61.96016311645508
2012-05-29 00:00:00+05:30,62.024314880371094
2012-05-30 00:00:00+05:30,60.109249114990234
2012-05-31 00:00:00+05:30,60.448272705078125
2012-06-01 00:00:00+05:30,59.257080078125
2012-06-04 00:00:00+05:30,58.8355827331543
2012-06-05 00:00:00+05:30,59.21126937866211
2012-06-06 00:00:00+05:30,60.75981140136719
2012-06-07 00:00:00+05:30,61.96932601928711
2012-06-08 00:00:00+05:30,63.307125091552734
2012-06-11 00:00:00+05:30,62.82148742675781
2012-06-12 00:00:00+05:30,63.79277038574219
2012-06-13 00:00:00+05:30,63.42624282836914
2012-06-14 00:00:00+05:30,60.85145568847656
2012-06-15 00:00:00+05:30,61.282100677490234
2012-06-18 00:00:00+05:30,59.541141510009766
2012-06-19 00:00:00+05:30,59.21126937866211
2012-06-20 00:00:00+05:30,60.93391036987305
2012-06-21 00:00:00+05:30,62.90394592285156
2012-06-22 00:00:00+05:30,62.35417556762695
2012-06-25 00:00:00+05:30,62.1434211730957
2012-06-26 00:00:00+05:30,62.5649299621582
2012-06-27 00:00:00+05:30,61.36457824707031
2012-06-28 00:00:00+05:30,60.76897048950195
2012-06-29 00:00:00+05:30,62.19840621948242
2012-07-02 00:00:00+05:30,63.11469650268555
2012-07-03 00:00:00+05:30,64.26007080078125
2012-07-04 00:00:00+05:30,64.07681274414062
2012-07-05 00:00:00+05:30,66.2921142578125
2012-07-06 00:00:00+05:30,66.9502182006836
2012-07-09 00:00:00+05:30,66.690673828125
2012-07-10 00:00:00+05:30,66.63507080078125
2012-07-11 00:00:00+05:30,65.50424194335938
2012-07-12 00:00:00+05:30,65.55987548828125
2012-07-13 00:00:00+05:30,64.74419403076172
2012-07-16 00:00:00+05:30,64.88323211669922
2012-07-17 00:00:00+05:30,64.97591400146484
2012-07-18 00:00:00+05:30,65.0964126586914
2012-07-19 00:00:00+05:30,65.78231811523438
2012-07-20 00:00:00+05:30,65.61548614501953
2012-07-23 00:00:00+05:30,62.97380828857422
2012-07-24 00:00:00+05:30,63.177730560302734
2012-07-25 00:00:00+05:30,64.15097045898438
2012-07-26 00:00:00+05:30,64.07682800292969
2012-07-27 00:00:00+05:30,65.69890594482422
2012-07-30 00:00:00+05:30,66.75556945800781
2012-07-31 00:00:00+05:30,67.7010269165039
2012-08-01 00:00:00+05:30,67.7566146850586
2012-08-02 00:00:00+05:30,67.3673324584961
2012-08-03 00:00:00+05:30,68.18299865722656
2012-08-06 00:00:00+05:30,67.79370880126953
2012-08-07 00:00:00+05:30,68.64645385742188
2012-08-08 00:00:00+05:30,68.0810317993164
2012-08-09 00:00:00+05:30,67.2282943725586
2012-08-10 00:00:00+05:30,66.09746551513672
2012-08-13 00:00:00+05:30,67.08926391601562
2012-08-14 00:00:00+05:30,67.79370880126953
2012-08-16 00:00:00+05:30,66.73703002929688
2012-08-17 00:00:00+05:30,66.61653137207031
2012-08-21 00:00:00+05:30,66.4126205444336
2012-08-22 00:00:00+05:30,66.22724151611328
2012-08-23 00:00:00+05:30,65.71743774414062
2012-08-24 00:00:00+05:30,63.86363220214844
2012-08-27 00:00:00+05:30,62.26008605957031
2012-08-28 00:00:00+05:30,62.2137451171875
2012-08-29 00:00:00+05:30,61.32392501831055
2012-08-30 00:00:00+05:30,61.16634750366211
2012-08-31 00:00:00+05:30,60.94388198852539
2012-09-03 00:00:00+05:30,60.80485916137695
2012-09-04 00:00:00+05:30,61.731746673583984
2012-09-05 00:00:00+05:30,60.081871032714844
2012-09-06 00:00:00+05:30,60.582393646240234
2012-09-07 00:00:00+05:30,62.102516174316406
2012-09-08 00:00:00+05:30,49.962158203125
2012-09-10 00:00:00+05:30,61.75029373168945
2012-09-11 00:00:00+05:30,61.147804260253906
2012-09-12 00:00:00+05:30,62.41766357421875
2012-09-13 00:00:00+05:30,62.853302001953125
2012-09-14 00:00:00+05:30,65.97697448730469
2012-09-17 00:00:00+05:30,69.99046325683594
2012-09-18 00:00:00+05:30,68.71133422851562
2012-09-20 00:00:00+05:30,67.3858642578125
2012-09-21 00:00:00+05:30,68.7576904296875
2012-09-24 00:00:00+05:30,69.88850402832031
2012-09-25 00:00:00+05:30,69.5826187133789
2012-09-26 00:00:00+05:30,69.4157943725586
2012-09-27 00:00:00+05:30,70.62076568603516
2012-09-28 00:00:00+05:30,70.82467651367188
2012-10-01 00:00:00+05:30,73.0770492553711
2012-10-03 00:00:00+05:30,74.328369140625
2012-10-04 00:00:00+05:30,73.85563659667969
2012-10-05 00:00:00+05:30,72.94728088378906
2012-10-08 00:00:00+05:30,71.49205017089844
2012-10-09 00:00:00+05:30,73.0770492553711
2012-10-10 00:00:00+05:30,72.89167022705078
2012-10-11 00:00:00+05:30,73.60538482666016
2012-10-12 00:00:00+05:30,73.16046905517578
2012-10-15 00:00:00+05:30,73.21607971191406
2012-10-16 00:00:00+05:30,70.94517517089844
2012-10-17 00:00:00+05:30,71.42716217041016
2012-10-18 00:00:00+05:30,72.13159942626953
2012-10-19 00:00:00+05:30,71.08419036865234
2012-10-22 00:00:00+05:30,71.7515869140625
2012-10-23 00:00:00+05:30,74.03175354003906
2012-10-25 00:00:00+05:30,77.1554183959961
2012-10-29 00:00:00+05:30,76.90516662597656
2012-10-30 00:00:00+05:30,75.53334045410156
2012-10-31 00:00:00+05:30,76.30265808105469
2012-11-01 00:00:00+05:30,76.4787826538086
2012-11-02 00:00:00+05:30,77.869140625
2012-11-05 00:00:00+05:30,77.58179473876953
2012-11-06 00:00:00+05:30,78.00817108154297
2012-11-07 00:00:00+05:30,77.88768005371094
2012-11-08 00:00:00+05:30,77.77645874023438
2012-11-09 00:00:00+05:30,78.8145751953125
2012-11-12 00:00:00+05:30,78.75896453857422
2012-11-15 00:00:00+05:30,77.40569305419922
2012-11-16 00:00:00+05:30,77.01638793945312
2012-11-19 00:00:00+05:30,76.82173919677734
2012-11-20 00:00:00+05:30,77.79498291015625
2012-11-21 00:00:00+05:30,78.26770782470703
2012-11-22 00:00:00+05:30,78.01744842529297
2012-11-23 00:00:00+05:30,77.97110748291016
2012-11-26 00:00:00+05:30,77.76718139648438
2012-11-27 00:00:00+05:30,80.52007293701172
2012-11-29 00:00:00+05:30,82.18850708007812
2012-11-30 00:00:00+05:30,81.9845962524414
2012-12-03 00:00:00+05:30,82.93930053710938
2012-12-04 00:00:00+05:30,83.54178619384766
2012-12-05 00:00:00+05:30,83.49544525146484
2012-12-06 00:00:00+05:30,86.70252227783203
2012-12-07 00:00:00+05:30,84.43161010742188
2012-12-10 00:00:00+05:30,84.82091522216797
2012-12-11 00:00:00+05:30,84.62626647949219
2012-12-12 00:00:00+05:30,84.18134307861328
2012-12-13 00:00:00+05:30,83.05979919433594
2012-12-14 00:00:00+05:30,85.38633728027344
2012-12-17 00:00:00+05:30,86.39664459228516
2012-12-18 00:00:00+05:30,86.841552734375
2012-12-19 00:00:00+05:30,87.08255004882812
2012-12-20 00:00:00+05:30,87.68504333496094
2012-12-21 00:00:00+05:30,85.14531707763672
2012-12-24 00:00:00+05:30,85.58097076416016
2012-12-26 00:00:00+05:30,85.98880004882812
2012-12-27 00:00:00+05:30,86.4337387084961
2012-12-28 00:00:00+05:30,85.84050750732422
2012-12-31 00:00:00+05:30,86.02589416503906
2013-01-01 00:00:00+05:30,88.42656707763672
2013-01-02 00:00:00+05:30,90.43795013427734
2013-01-03 00:00:00+05:30,91.24436950683594
2013-01-04 00:00:00+05:30,90.66038513183594
2013-01-07 00:00:00+05:30,92.36589813232422
2013-01-08 00:00:00+05:30,92.62543487548828
2013-01-09 00:00:00+05:30,93.46892547607422
2013-01-10 00:00:00+05:30,95.55445861816406
2013-01-11 00:00:00+05:30,92.39370727539062
2013-01-14 00:00:00+05:30,93.89530181884766
2013-01-15 00:00:00+05:30,97.87171173095703
2013-01-16 00:00:00+05:30,96.03643798828125
2013-01-17 00:00:00+05:30,97.12091827392578
2013-01-18 00:00:00+05:30,95.84178924560547
2013-01-21 00:00:00+05:30,94.85928344726562
2013-01-22 00:00:00+05:30,94.3402099609375
2013-01-23 00:00:00+05:30,95.36907196044922
2013-01-24 00:00:00+05:30,94.13629150390625
2013-01-25 00:00:00+05:30,93.47818756103516
2013-01-28 00:00:00+05:30,97.05603790283203
2013-01-29 00:00:00+05:30,94.81292724609375
2013-01-30 00:00:00+05:30,96.39794158935547
2013-01-31 00:00:00+05:30,96.7965087890625
2013-02-01 00:00:00+05:30,98.68739318847656
2013-02-04 00:00:00+05:30,97.28775787353516
2013-02-05 00:00:00+05:30,95.26709747314453
2013-02-06 00:00:00+05:30,94.80364990234375
2013-02-07 00:00:00+05:30,94.15483093261719
2013-02-08 00:00:00+05:30,94.47924041748047
2013-02-11 00:00:00+05:30,95.78617095947266
2013-02-12 00:00:00+05:30,96.7965087890625
2013-02-13 00:00:00+05:30,94.96124267578125
2013-02-14 00:00:00+05:30,92.9591293334961
2013-02-15 00:00:00+05:30,93.05181121826172
2013-02-18 00:00:00+05:30,92.94985961914062
2013-02-19 00:00:00+05:30,93.6264877319336
2013-02-20 00:00:00+05:30,94.39581298828125
2013-02-21 00:00:00+05:30,90.27111053466797
2013-02-22 00:00:00+05:30,90.85504913330078
2013-02-25 00:00:00+05:30,88.85295104980469
2013-02-26 00:00:00+05:30,87.52747344970703
2013-02-27 00:00:00+05:30,90.93846893310547
2013-02-28 00:00:00+05:30,87.49966430664062
2013-03-01 00:00:00+05:30,87.68504333496094
2013-03-04 00:00:00+05:30,88.04653930664062
2013-03-05 00:00:00+05:30,88.99199676513672
2013-03-06 00:00:00+05:30,89.30712890625
2013-03-07 00:00:00+05:30,89.91888427734375
2013-03-08 00:00:00+05:30,90.06717681884766
2013-03-11 00:00:00+05:30,91.53168487548828
2013-03-12 00:00:00+05:30,91.207275390625
2013-03-13 00:00:00+05:30,89.42762756347656
2013-03-14 00:00:00+05:30,89.86326599121094
2013-03-15 00:00:00+05:30,87.81480407714844
2013-03-18 00:00:00+05:30,85.16386413574219
2013-03-19 00:00:00+05:30,81.34502410888672
2013-03-20 00:00:00+05:30,79.93614196777344
2013-03-21 00:00:00+05:30,80.10297393798828
2013-03-22 00:00:00+05:30,81.66016387939453
2013-03-25 00:00:00+05:30,80.66838836669922
2013-03-26 00:00:00+05:30,78.84239196777344
2013-03-28 00:00:00+05:30,79.50975799560547
2013-04-01 00:00:00+05:30,80.1400375366211
2013-04-02 00:00:00+05:30,83.33787536621094
2013-04-03 00:00:00+05:30,80.7239990234375
2013-04-04 00:00:00+05:30,79.12973022460938
2013-04-05 00:00:00+05:30,78.90727233886719
2013-04-08 00:00:00+05:30,78.8516616821289
2013-04-09 00:00:00+05:30,78.70335388183594
2013-04-10 00:00:00+05:30,79.42633819580078
2013-04-11 00:00:00+05:30,80.98353576660156
2013-04-12 00:00:00+05:30,82.04020690917969
2013-04-15 00:00:00+05:30,84.88579559326172
2013-04-16 00:00:00+05:30,86.92498016357422
2013-04-17 00:00:00+05:30,88.87147521972656
2013-04-18 00:00:00+05:30,91.0682373046875
2013-04-22 00:00:00+05:30,91.64291381835938
2013-04-23 00:00:00+05:30,91.80049133300781
2013-04-25 00:00:00+05:30,93.39476776123047
2013-04-26 00:00:00+05:30,92.2732162475586
2013-04-29 00:00:00+05:30,93.60794830322266
2013-04-30 00:00:00+05:30,92.99620056152344
2013-05-02 00:00:00+05:30,93.5430679321289
2013-05-03 00:00:00+05:30,92.22688293457031
2013-05-06 00:00:00+05:30,92.02294921875
2013-05-07 00:00:00+05:30,94.21971130371094
2013-05-08 00:00:00+05:30,93.93236541748047
2013-05-09 00:00:00+05:30,93.2186508178711
2013-05-10 00:00:00+05:30,94.54412841796875
2013-05-13 00:00:00+05:30,93.2186508178711
2013-05-14 00:00:00+05:30,94.10848236083984
2013-05-15 00:00:00+05:30,97.85317993164062
2013-05-16 00:00:00+05:30,100.5782699584961
2013-05-17 00:00:00+05:30,100.61534881591797
2013-05-20 00:00:00+05:30,98.23320007324219
2013-05-21 00:00:00+05:30,95.51738739013672
2013-05-22 00:00:00+05:30,94.51631927490234
2013-05-23 00:00:00+05:30,93.17505645751953
2013-05-24 00:00:00+05:30,94.73204803466797
2013-05-27 00:00:00+05:30,97.2926254272461
2013-05-28 00:00:00+05:30,96.69234466552734
2013-05-29 00:00:00+05:30,94.3381118774414
2013-05-30 00:00:00+05:30,93.79410552978516
2013-05-31 00:00:00+05:30,91.41173553466797
2013-06-03 00:00:00+05:30,94.30059051513672
2013-06-04 00:00:00+05:30,92.34967803955078
2013-06-05 00:00:00+05:30,93.73783111572266
2013-06-06 00:00:00+05:30,95.21976470947266
2013-06-07 00:00:00+05:30,94.28182983398438
2013-06-10 00:00:00+05:30,92.01201629638672
2013-06-11 00:00:00+05:30,88.53225708007812
2013-06-12 00:00:00+05:30,87.93197631835938
2013-06-13 00:00:00+05:30,85.680908203125
2013-06-14 00:00:00+05:30,89.78910064697266
2013-06-17 00:00:00+05:30,90.78330993652344
2013-06-18 00:00:00+05:30,89.13253784179688
2013-06-19 00:00:00+05:30,89.70468139648438
2013-06-20 00:00:00+05:30,86.19679260253906
2013-06-21 00:00:00+05:30,84.93057250976562
2013-06-24 00:00:00+05:30,82.70763397216797
2013-06-25 00:00:00+05:30,83.97386169433594
2013-06-26 00:00:00+05:30,84.12393188476562
2013-06-27 00:00:00+05:30,83.15785217285156
2013-06-28 00:00:00+05:30,86.49691772460938
2013-07-01 00:00:00+05:30,88.19459533691406
2013-07-02 00:00:00+05:30,87.87570190429688
2013-07-03 00:00:00+05:30,86.91899871826172
2013-07-04 00:00:00+05:30,88.20397186279297
2013-07-05 00:00:00+05:30,87.2847900390625
2013-07-08 00:00:00+05:30,87.56617736816406
2013-07-09 00:00:00+05:30,89.78910064697266
2013-07-10 00:00:00+05:30,89.32950592041016
2013-07-11 00:00:00+05:30,91.27104187011719
2013-07-12 00:00:00+05:30,92.00263214111328
2013-07-15 00:00:00+05:30,93.8597640991211
2013-07-16 00:00:00+05:30,84.59291076660156
2013-07-17 00:00:00+05:30,80.072021484375
2013-07-18 00:00:00+05:30,82.62322998046875
2013-07-19 00:00:00+05:30,79.64994812011719
2013-07-22 00:00:00+05:30,79.51864624023438
2013-07-23 00:00:00+05:30,82.28556823730469
2013-07-24 00:00:00+05:30,71.91193389892578
2013-07-25 00:00:00+05:30,70.10171508789062
2013-07-26 00:00:00+05:30,68.86363220214844
2013-07-29 00:00:00+05:30,68.17893981933594
2013-07-30 00:00:00+05:30,65.4120101928711
2013-07-31 00:00:00+05:30,60.77858352661133
2013-08-01 00:00:00+05:30,61.46327209472656
2013-08-02 00:00:00+05:30,57.908485412597656
2013-08-05 00:00:00+05:30,56.2014274597168
2013-08-06 00:00:00+05:30,51.61489486694336
2013-08-07 00:00:00+05:30,55.075897216796875
2013-08-08 00:00:00+05:30,53.096839904785156
2013-08-12 00:00:00+05:30,56.5015754699707
2013-08-13 00:00:00+05:30,58.0960693359375
2013-08-14 00:00:00+05:30,54.67258071899414
2013-08-16 00:00:00+05:30,48.45403289794922
2013-08-19 00:00:00+05:30,45.302547454833984
2013-08-20 00:00:00+05:30,45.546417236328125
2013-08-21 00:00:00+05:30,47.8443717956543
2013-08-22 00:00:00+05:30,45.49013900756836
2013-08-23 00:00:00+05:30,48.63224411010742
2013-08-26 00:00:00+05:30,48.99803924560547
2013-08-27 00:00:00+05:30,44.233299255371094
2013-08-28 00:00:00+05:30,42.366798400878906
2013-08-29 00:00:00+05:30,43.614253997802734
2013-08-30 00:00:00+05:30,45.64958953857422
2013-09-02 00:00:00+05:30,47.450439453125
2013-09-03 00:00:00+05:30,42.976463317871094
2013-09-04 00:00:00+05:30,44.28019332885742
2013-09-05 00:00:00+05:30,53.931610107421875
2013-09-06 00:00:00+05:30,54.9539680480957
2013-09-10 00:00:00+05:30,57.570823669433594
2013-09-11 00:00:00+05:30,56.97991943359375
2013-09-12 00:00:00+05:30,52.74980926513672
2013-09-13 00:00:00+05:30,52.74980926513672
2013-09-16 00:00:00+05:30,54.719482421875
2013-09-17 00:00:00+05:30,56.44529724121094
2013-09-18 00:00:00+05:30,59.249732971191406
2013-09-19 00:00:00+05:30,72.54036712646484
2013-09-20 00:00:00+05:30,66.79078674316406
2013-09-23 00:00:00+05:30,61.39761734008789
2013-09-24 00:00:00+05:30,59.82188034057617
2013-09-25 00:00:00+05:30,58.92145919799805
2013-09-26 00:00:00+05:30,59.2403564453125
2013-09-27 00:00:00+05:30,57.139366149902344
2013-09-30 00:00:00+05:30,53.90347671508789
2013-10-01 00:00:00+05:30,55.31976318359375
2013-10-03 00:00:00+05:30,58.27427673339844
2013-10-04 00:00:00+05:30,59.15594482421875
2013-10-07 00:00:00+05:30,59.193458557128906
2013-10-08 00:00:00+05:30,61.7071533203125
2013-10-09 00:00:00+05:30,63.920684814453125
2013-10-10 00:00:00+05:30,64.20205688476562
2013-10-11 00:00:00+05:30,65.19628143310547
2013-10-14 00:00:00+05:30,65.40262603759766
2013-10-15 00:00:00+05:30,62.1104621887207
2013-10-17 00:00:00+05:30,62.99213409423828
2013-10-18 00:00:00+05:30,64.96179962158203
2013-10-21 00:00:00+05:30,67.27851867675781
2013-10-22 00:00:00+05:30,69.7828140258789
2013-10-23 00:00:00+05:30,70.15798950195312
2013-10-24 00:00:00+05:30,68.03823852539062
2013-10-25 00:00:00+05:30,66.68760681152344
2013-10-28 00:00:00+05:30,65.16815185546875
2013-10-29 00:00:00+05:30,69.6702651977539
2013-10-30 00:00:00+05:30,69.84847259521484
2013-10-31 00:00:00+05:30,69.18254089355469
2013-11-01 00:00:00+05:30,70.9271011352539
2013-11-05 00:00:00+05:30,70.5050277709961
2013-11-06 00:00:00+05:30,69.10749053955078
2013-11-07 00:00:00+05:30,67.67244720458984
2013-11-08 00:00:00+05:30,66.45311737060547
2013-11-11 00:00:00+05:30,62.551292419433594
2013-11-12 00:00:00+05:30,61.7071533203125
2013-11-13 00:00:00+05:30,62.20425033569336
2013-11-14 00:00:00+05:30,65.8903579711914
2013-11-18 00:00:00+05:30,68.05699920654297
2013-11-19 00:00:00+05:30,68.20707702636719
2013-11-20 00:00:00+05:30,68.55410766601562
2013-11-21 00:00:00+05:30,66.48124694824219
2013-11-22 00:00:00+05:30,64.57723236083984
2013-11-25 00:00:00+05:30,65.8153305053711
2013-11-26 00:00:00+05:30,67.91632080078125
2013-11-27 00:00:00+05:30,66.77201843261719
2013-11-28 00:00:00+05:30,68.31961822509766
2013-11-29 00:00:00+05:30,69.1543960571289
2013-12-02 00:00:00+05:30,70.4581298828125
2013-12-03 00:00:00+05:30,69.69840240478516
2013-12-04 00:00:00+05:30,69.50142669677734
2013-12-05 00:00:00+05:30,74.10673522949219
2013-12-06 00:00:00+05:30,73.51581573486328
2013-12-09 00:00:00+05:30,74.10673522949219
2013-12-10 00:00:00+05:30,71.91193389892578
2013-12-11 00:00:00+05:30,72.50284576416016
2013-12-12 00:00:00+05:30,71.37731170654297
2013-12-13 00:00:00+05:30,68.58224487304688
2013-12-16 00:00:00+05:30,68.01947784423828
2013-12-17 00:00:00+05:30,68.2352066040039
2013-12-18 00:00:00+05:30,70.43936920166016
2013-12-19 00:00:00+05:30,68.37590026855469
2013-12-20 00:00:00+05:30,69.49205017089844
2013-12-23 00:00:00+05:30,71.19910430908203
2013-12-24 00:00:00+05:30,70.5050277709961
2013-12-26 00:00:00+05:30,69.63274383544922
2013-12-27 00:00:00+05:30,70.12047576904297
2013-12-30 00:00:00+05:30,69.12625122070312
2013-12-31 00:00:00+05:30,69.44515991210938
2014-01-01 00:00:00+05:30,70.24240112304688
2014-01-02 00:00:00+05:30,67.93506622314453
2014-01-03 00:00:00+05:30,69.37010955810547
2014-01-06 00:00:00+05:30,68.73233032226562
2014-01-07 00:00:00+05:30,68.49783325195312
2014-01-08 00:00:00+05:30,66.85643768310547
2014-01-09 00:00:00+05:30,65.68400573730469
2014-01-10 00:00:00+05:30,64.3427505493164
2014-01-13 00:00:00+05:30,63.54550552368164
2014-01-14 00:00:00+05:30,65.01806640625
2014-01-15 00:00:00+05:30,66.22802734375
2014-01-16 00:00:00+05:30,66.88457489013672
2014-01-17 00:00:00+05:30,65.87159729003906
2014-01-20 00:00:00+05:30,67.41919708251953
2014-01-21 00:00:00+05:30,68.13203430175781
2014-01-22 00:00:00+05:30,67.80376434326172
2014-01-23 00:00:00+05:30,67.06277465820312
2014-01-24 00:00:00+05:30,65.29007720947266
2014-01-27 00:00:00+05:30,60.33775329589844
2014-01-28 00:00:00+05:30,60.94740676879883
2014-01-29 00:00:00+05:30,60.17830276489258
2014-01-30 00:00:00+05:30,57.4676513671875
2014-01-31 00:00:00+05:30,57.711517333984375
2014-02-03 00:00:00+05:30,56.17329025268555
2014-02-04 00:00:00+05:30,56.91426086425781
2014-02-05 00:00:00+05:30,56.84860610961914
2014-02-06 00:00:00+05:30,57.21440124511719
2014-02-07 00:00:00+05:30,57.94599914550781
2014-02-10 00:00:00+05:30,57.739654541015625
2014-02-11 00:00:00+05:30,57.4582633972168
2014-02-12 00:00:00+05:30,56.85799026489258
2014-02-13 00:00:00+05:30,55.310386657714844
2014-02-14 00:00:00+05:30,56.398399353027344
2014-02-17 00:00:00+05:30,57.24253845214844
2014-02-18 00:00:00+05:30,57.72089385986328
2014-02-19 00:00:00+05:30,57.580204010009766
2014-02-20 00:00:00+05:30,56.63288116455078
2014-02-21 00:00:00+05:30,57.43951416015625
2014-02-24 00:00:00+05:30,57.008056640625
2014-02-25 00:00:00+05:30,56.69853973388672
2014-02-26 00:00:00+05:30,56.74542999267578
2014-02-28 00:00:00+05:30,57.20502471923828
2014-03-03 00:00:00+05:30,56.79233169555664
2014-03-04 00:00:00+05:30,60.112632751464844
2014-03-05 00:00:00+05:30,62.17611312866211
2014-03-06 00:00:00+05:30,64.86800384521484
2014-03-07 00:00:00+05:30,70.51441192626953
2014-03-10 00:00:00+05:30,71.63993072509766
2014-03-11 00:00:00+05:30,69.64212799072266
2014-03-12 00:00:00+05:30,68.42279815673828
2014-03-13 00:00:00+05:30,67.78500366210938
2014-03-14 00:00:00+05:30,66.75326538085938
2014-03-18 00:00:00+05:30,68.225830078125
2014-03-19 00:00:00+05:30,68.54473876953125
2014-03-20 00:00:00+05:30,67.91632080078125
2014-03-21 00:00:00+05:30,67.597412109375
2014-03-24 00:00:00+05:30,71.1334457397461
2014-03-25 00:00:00+05:30,71.19910430908203
2014-03-26 00:00:00+05:30,75.36356353759766
2014-03-27 00:00:00+05:30,73.91913604736328
2014-03-28 00:00:00+05:30,75.9544677734375
2014-03-31 00:00:00+05:30,77.65213012695312
2014-04-01 00:00:00+05:30,76.97682189941406
2014-04-02 00:00:00+05:30,78.90897369384766
2014-04-03 00:00:00+05:30,77.30509948730469
2014-04-04 00:00:00+05:30,79.3779525756836
2014-04-07 00:00:00+05:30,80.45658111572266
2014-04-09 00:00:00+05:30,83.90821075439453
2014-04-10 00:00:00+05:30,83.81442260742188
2014-04-11 00:00:00+05:30,83.13909149169922
2014-04-15 00:00:00+05:30,78.7495346069336
2014-04-16 00:00:00+05:30,76.45157623291016
2014-04-17 00:00:00+05:30,78.24303436279297
2014-04-21 00:00:00+05:30,81.8635025024414
2014-04-22 00:00:00+05:30,81.47894287109375
2014-04-23 00:00:00+05:30,82.79204559326172
2014-04-24 00:00:00+05:30,82.79204559326172
2014-04-25 00:00:00+05:30,87.8663101196289
2014-04-28 00:00:00+05:30,86.90023803710938
2014-04-29 00:00:00+05:30,84.29277038574219
2014-04-30 00:00:00+05:30,82.67950439453125
2014-05-02 00:00:00+05:30,83.2891616821289
2014-05-05 00:00:00+05:30,82.25743865966797
2014-05-06 00:00:00+05:30,83.6362075805664
2014-05-07 00:00:00+05:30,81.68528747558594
2014-05-08 00:00:00+05:30,83.13909149169922
2014-05-09 00:00:00+05:30,90.89586639404297
2014-05-12 00:00:00+05:30,92.63106536865234
2014-05-13 00:00:00+05:30,97.39579010009766
2014-05-14 00:00:00+05:30,97.9773178100586
2014-05-15 00:00:00+05:30,98.24932861328125
2014-05-16 00:00:00+05:30,102.3387451171875
2014-05-19 00:00:00+05:30,106.1280288696289
2014-05-20 00:00:00+05:30,102.47944641113281
2014-05-21 00:00:00+05:30,100.34095001220703
2014-05-22 00:00:00+05:30,104.64608001708984
2014-05-23 00:00:00+05:30,105.67781829833984
2014-05-26 00:00:00+05:30,103.44551849365234
2014-05-27 00:00:00+05:30,102.66702270507812
2014-05-28 00:00:00+05:30,105.49961853027344
2014-05-29 00:00:00+05:30,104.31026458740234
2014-05-30 00:00:00+05:30,108.35403442382812
2014-06-02 00:00:00+05:30,109.54338836669922
2014-06-03 00:00:00+05:30,110.45679473876953
2014-06-04 00:00:00+05:30,110.62805938720703
2014-06-05 00:00:00+05:30,109.28648376464844
2014-06-06 00:00:00+05:30,110.36164093017578
2014-06-09 00:00:00+05:30,108.38258361816406
2014-06-10 00:00:00+05:30,107.90684509277344
2014-06-11 00:00:00+05:30,105.26174926757812
2014-06-12 00:00:00+05:30,103.71083068847656
2014-06-13 00:00:00+05:30,100.47581481933594
2014-06-16 00:00:00+05:30,102.2265396118164
2014-06-17 00:00:00+05:30,105.3378677368164
2014-06-18 00:00:00+05:30,103.2541275024414
2014-06-19 00:00:00+05:30,102.42633819580078
2014-06-20 00:00:00+05:30,103.2731704711914
2014-06-23 00:00:00+05:30,104.70988464355469
2014-06-24 00:00:00+05:30,106.2988510131836
2014-06-25 00:00:00+05:30,103.14946746826172
2014-06-26 00:00:00+05:30,101.86495971679688
2014-06-27 00:00:00+05:30,101.40827941894531
2014-06-30 00:00:00+05:30,102.95916748046875
2014-07-01 00:00:00+05:30,105.85165405273438
2014-07-02 00:00:00+05:30,108.25889587402344
2014-07-03 00:00:00+05:30,107.11712646484375
2014-07-04 00:00:00+05:30,106.05147552490234
2014-07-07 00:00:00+05:30,103.17801666259766
2014-07-08 00:00:00+05:30,100.0857162475586
2014-07-09 00:00:00+05:30,97.64994049072266
2014-07-10 00:00:00+05:30,100.6375732421875
2014-07-11 00:00:00+05:30,97.13613891601562
2014-07-14 00:00:00+05:30,99.67658233642578
2014-07-15 00:00:00+05:30,101.37020874023438
2014-07-16 00:00:00+05:30,103.16850280761719
2014-07-17 00:00:00+05:30,104.21511840820312
2014-07-18 00:00:00+05:30,105.34738159179688
2014-07-21 00:00:00+05:30,106.22274017333984
2014-07-22 00:00:00+05:30,103.89161682128906
2014-07-23 00:00:00+05:30,102.10284423828125
2014-07-24 00:00:00+05:30,103.69181060791016
2014-07-25 00:00:00+05:30,102.58809661865234
2014-07-28 00:00:00+05:30,102.12187957763672
2014-07-30 00:00:00+05:30,103.12092590332031
2014-07-31 00:00:00+05:30,102.96869659423828
2014-08-01 00:00:00+05:30,102.0552749633789
2014-08-04 00:00:00+05:30,103.22557830810547
2014-08-05 00:00:00+05:30,103.65375518798828
2014-08-06 00:00:00+05:30,102.31216430664062
2014-08-07 00:00:00+05:30,101.27506256103516
2014-08-08 00:00:00+05:30,99.20084381103516
2014-08-11 00:00:00+05:30,101.60808563232422
2014-08-12 00:00:00+05:30,103.79647827148438
2014-08-13 00:00:00+05:30,103.74889373779297
2014-08-14 00:00:00+05:30,102.92111206054688
2014-08-18 00:00:00+05:30,106.45108032226562
2014-08-19 00:00:00+05:30,110.22844696044922
2014-08-20 00:00:00+05:30,110.87545013427734
2014-08-21 00:00:00+05:30,109.41017150878906
2014-08-22 00:00:00+05:30,111.11331939697266
2014-08-25 00:00:00+05:30,109.67659759521484
2014-08-26 00:00:00+05:30,108.0305404663086
2014-08-27 00:00:00+05:30,109.15328216552734
2014-08-28 00:00:00+05:30,108.85832214355469
2014-09-01 00:00:00+05:30,113.49200439453125
2014-09-02 00:00:00+05:30,115.81361389160156
2014-09-03 00:00:00+05:30,118.81076049804688
2014-09-04 00:00:00+05:30,117.82121276855469
2014-09-05 00:00:00+05:30,116.39401245117188
2014-09-08 00:00:00+05:30,118.15423583984375
2014-09-09 00:00:00+05:30,119.0866928100586
2014-09-10 00:00:00+05:30,118.06861114501953
2014-09-11 00:00:00+05:30,119.02958679199219
2014-09-12 00:00:00+05:30,120.45680236816406
2014-09-15 00:00:00+05:30,114.22465515136719
2014-09-16 00:00:00+05:30,109.6099853515625
2014-09-17 00:00:00+05:30,111.70323944091797
2014-09-18 00:00:00+05:30,113.18753814697266
2014-09-19 00:00:00+05:30,110.827880859375
2014-09-22 00:00:00+05:30,112.69276428222656
2014-09-23 00:00:00+05:30,110.9515609741211
2014-09-24 00:00:00+05:30,108.17324829101562
2014-09-25 00:00:00+05:30,103.50151824951172
2014-09-26 00:00:00+05:30,109.14375305175781
2014-09-29 00:00:00+05:30,108.17324829101562
2014-09-30 00:00:00+05:30,106.34642028808594
2014-10-01 00:00:00+05:30,106.08000946044922
2014-10-07 00:00:00+05:30,104.87164306640625
2014-10-08 00:00:00+05:30,105.41397857666016
2014-10-09 00:00:00+05:30,110.07621765136719
2014-10-10 00:00:00+05:30,109.04862213134766
2014-10-13 00:00:00+05:30,111.40827178955078
2014-10-14 00:00:00+05:30,111.76032257080078
2014-10-15 00:00:00+05:30,111.76032257080078
2014-10-16 00:00:00+05:30,112.00770568847656
2014-10-17 00:00:00+05:30,113.85356903076172
2014-10-20 00:00:00+05:30,116.81266021728516
2014-10-21 00:00:00+05:30,118.67755126953125
2014-10-22 00:00:00+05:30,118.21133422851562
2014-10-27 00:00:00+05:30,122.54053497314453
2014-10-28 00:00:00+05:30,122.0362548828125
2014-10-29 00:00:00+05:30,121.46537017822266
2014-10-30 00:00:00+05:30,126.08956146240234
2014-10-31 00:00:00+05:30,130.25698852539062
2014-11-03 00:00:00+05:30,129.08670043945312
2014-11-05 00:00:00+05:30,127.46917724609375
2014-11-07 00:00:00+05:30,128.6680450439453
2014-11-10 00:00:00+05:30,128.38259887695312
2014-11-11 00:00:00+05:30,128.753662109375
2014-11-12 00:00:00+05:30,133.33029174804688
2014-11-13 00:00:00+05:30,131.96017456054688
2014-11-14 00:00:00+05:30,131.198974609375
2014-11-17 00:00:00+05:30,131.21800231933594
2014-11-18 00:00:00+05:30,131.97918701171875
2014-11-19 00:00:00+05:30,129.6005096435547
2014-11-20 00:00:00+05:30,128.5348358154297
2014-11-21 00:00:00+05:30,133.77748107910156
2014-11-24 00:00:00+05:30,132.94967651367188
2014-11-25 00:00:00+05:30,129.07716369628906
2014-11-26 00:00:00+05:30,130.07623291015625
2014-11-27 00:00:00+05:30,131.92208862304688
2014-11-28 00:00:00+05:30,135.10003662109375
2014-12-01 00:00:00+05:30,135.99440002441406
2014-12-02 00:00:00+05:30,136.6128692626953
2014-12-03 00:00:00+05:30,141.06576538085938
2014-12-04 00:00:00+05:30,144.5481719970703
2014-12-05 00:00:00+05:30,142.8355255126953
2014-12-08 00:00:00+05:30,140.0095977783203
2014-12-09 00:00:00+05:30,136.40354919433594
2014-12-10 00:00:00+05:30,136.4891815185547
2014-12-11 00:00:00+05:30,134.12001037597656
2014-12-12 00:00:00+05:30,132.9972686767578
2014-12-15 00:00:00+05:30,134.8336181640625
2014-12-16 00:00:00+05:30,131.48439025878906
2014-12-17 00:00:00+05:30,130.61856079101562
2014-12-18 00:00:00+05:30,136.96490478515625
2014-12-19 00:00:00+05:30,138.62046813964844
2014-12-22 00:00:00+05:30,141.05625915527344
2014-12-23 00:00:00+05:30,139.95254516601562
2014-12-24 00:00:00+05:30,141.77935791015625
2014-12-26 00:00:00+05:30,141.0086669921875
2014-12-29 00:00:00+05:30,141.2846221923828
2014-12-30 00:00:00+05:30,146.07052612304688
2014-12-31 00:00:00+05:30,146.91734313964844
2015-01-01 00:00:00+05:30,147.0124969482422
2015-01-02 00:00:00+05:30,150.7517852783203
2015-01-05 00:00:00+05:30,151.07530212402344
2015-01-06 00:00:00+05:30,146.84121704101562
2015-01-07 00:00:00+05:30,144.12001037597656
2015-01-08 00:00:00+05:30,146.36549377441406
2015-01-09 00:00:00+05:30,145.35693359375
2015-01-12 00:00:00+05:30,148.02105712890625
2015-01-13 00:00:00+05:30,148.76321411132812
2015-01-14 00:00:00+05:30,149.70516967773438
2015-01-15 00:00:00+05:30,154.74798583984375
2015-01-16 00:00:00+05:30,152.74038696289062
2015-01-19 00:00:00+05:30,156.98394775390625
2015-01-20 00:00:00+05:30,163.33982849121094
2015-01-21 00:00:00+05:30,162.74037170410156
2015-01-22 00:00:00+05:30,162.13143920898438
2015-01-23 00:00:00+05:30,166.736572265625
2015-01-27 00:00:00+05:30,168.00204467773438
2015-01-28 00:00:00+05:30,168.1828155517578
2015-01-29 00:00:00+05:30,166.36550903320312
2015-01-30 00:00:00+05:30,164.1200408935547
2015-02-02 00:00:00+05:30,158.36358642578125
2015-02-03 00:00:00+05:30,153.59669494628906
2015-02-04 00:00:00+05:30,152.6833038330078
2015-02-05 00:00:00+05:30,153.72991943359375
2015-02-06 00:00:00+05:30,154.29129028320312
2015-02-09 00:00:00+05:30,151.57957458496094
2015-02-10 00:00:00+05:30,155.62335205078125
2015-02-11 00:00:00+05:30,157.28842163085938
2015-02-12 00:00:00+05:30,159.6766357421875
2015-02-13 00:00:00+05:30,158.9059295654297
2015-02-16 00:00:00+05:30,155.21421813964844
2015-02-18 00:00:00+05:30,155.97537231445312
2015-02-19 00:00:00+05:30,154.7765350341797
2015-02-20 00:00:00+05:30,157.00299072265625
2015-02-23 00:00:00+05:30,154.329345703125
2015-02-24 00:00:00+05:30,152.30270385742188
2015-02-25 00:00:00+05:30,151.25607299804688
2015-02-26 00:00:00+05:30,149.11526489257812
2015-02-27 00:00:00+05:30,156.1942138671875
2015-03-02 00:00:00+05:30,167.93545532226562
2015-03-03 00:00:00+05:30,167.2028045654297
2015-03-04 00:00:00+05:30,163.0163116455078
2015-03-05 00:00:00+05:30,163.02581787109375
2015-03-09 00:00:00+05:30,156.83172607421875
2015-03-10 00:00:00+05:30,157.48825073242188
2015-03-11 00:00:00+05:30,156.59385681152344
2015-03-12 00:00:00+05:30,156.65093994140625
2015-03-13 00:00:00+05:30,152.87359619140625
2015-03-16 00:00:00+05:30,154.87168884277344
2015-03-17 00:00:00+05:30,158.5538787841797
2015-03-18 00:00:00+05:30,162.83554077148438
2015-03-19 00:00:00+05:30,158.7061309814453
2015-03-20 00:00:00+05:30,158.3350372314453
2015-03-23 00:00:00+05:30,157.79270935058594
2015-03-24 00:00:00+05:30,156.5462646484375
2015-03-25 00:00:00+05:30,153.4730224609375
2015-03-26 00:00:00+05:30,153.44447326660156
2015-03-27 00:00:00+05:30,155.2808074951172
2015-03-30 00:00:00+05:30,156.60337829589844
2015-03-31 00:00:00+05:30,155.23324584960938
2015-04-01 00:00:00+05:30,161.3226776123047
2015-04-06 00:00:00+05:30,160.9706268310547
2015-04-07 00:00:00+05:30,160.00015258789062
2015-04-08 00:00:00+05:30,156.15615844726562
2015-04-09 00:00:00+05:30,160.17140197753906
2015-04-10 00:00:00+05:30,160.3426513671875
2015-04-13 00:00:00+05:30,160.17140197753906
2015-04-15 00:00:00+05:30,160.92306518554688
2015-04-16 00:00:00+05:30,161.90309143066406
2015-04-17 00:00:00+05:30,154.02487182617188
2015-04-20 00:00:00+05:30,149.93353271484375
2015-04-21 00:00:00+05:30,149.143798828125
2015-04-22 00:00:00+05:30,151.4844207763672
2015-04-23 00:00:00+05:30,161.99822998046875
2015-04-24 00:00:00+05:30,156.79367065429688
2015-04-27 00:00:00+05:30,154.34835815429688
2015-04-28 00:00:00+05:30,157.26939392089844
2015-04-29 00:00:00+05:30,158.810791015625
2015-04-30 00:00:00+05:30,159.74322509765625
2015-05-04 00:00:00+05:30,162.4929962158203
2015-05-05 00:00:00+05:30,163.16854858398438
2015-05-06 00:00:00+05:30,156.2418212890625
2015-05-07 00:00:00+05:30,151.93161010742188
2015-05-08 00:00:00+05:30,157.2028045654297
2015-05-11 00:00:00+05:30,160.67567443847656
2015-05-12 00:00:00+05:30,156.5462646484375
2015-05-13 00:00:00+05:30,159.99061584472656
2015-05-14 00:00:00+05:30,159.61952209472656
2015-05-15 00:00:00+05:30,161.66519165039062
2015-05-18 00:00:00+05:30,164.51963806152344
2015-05-19 00:00:00+05:30,164.4244842529297
2015-05-20 00:00:00+05:30,166.4701690673828
2015-05-21 00:00:00+05:30,165.50880432128906
2015-05-22 00:00:00+05:30,166.6720428466797
2015-05-25 00:00:00+05:30,163.95138549804688
2015-05-26 00:00:00+05:30,165.49917602539062
2015-05-27 00:00:00+05:30,167.45074462890625
2015-05-28 00:00:00+05:30,165.1723175048828
2015-05-29 00:00:00+05:30,169.64268493652344
2015-06-01 00:00:00+05:30,169.1139373779297
2015-06-02 00:00:00+05:30,162.60546875
2015-06-03 00:00:00+05:30,159.47142028808594
2015-06-04 00:00:00+05:30,159.03878784179688
2015-06-05 00:00:00+05:30,158.31776428222656
2015-06-08 00:00:00+05:30,158.16395568847656
2015-06-09 00:00:00+05:30,158.27931213378906
2015-06-10 00:00:00+05:30,160.25013732910156
2015-06-11 00:00:00+05:30,154.7030487060547
2015-06-12 00:00:00+05:30,154.86647033691406
2015-06-15 00:00:00+05:30,154.5011749267578
2015-06-16 00:00:00+05:30,156.798828125
2015-06-17 00:00:00+05:30,157.10646057128906
2015-06-18 00:00:00+05:30,158.55812072753906
2015-06-19 00:00:00+05:30,159.56756591796875
2015-06-22 00:00:00+05:30,165.23960876464844
2015-06-23 00:00:00+05:30,166.58554077148438
2015-06-24 00:00:00+05:30,165.36459350585938
2015-06-25 00:00:00+05:30,165.0954132080078
2015-06-26 00:00:00+05:30,163.57644653320312
2015-06-29 00:00:00+05:30,161.03843688964844
2015-06-30 00:00:00+05:30,162.24978637695312
2015-07-01 00:00:00+05:30,166.7105255126953
2015-07-02 00:00:00+05:30,167.22003173828125
2015-07-03 00:00:00+05:30,167.5372772216797
2015-07-06 00:00:00+05:30,167.19119262695312
2015-07-07 00:00:00+05:30,165.73951721191406
2015-07-08 00:00:00+05:30,153.33790588378906
2015-07-09 00:00:00+05:30,153.78013610839844
2015-07-10 00:00:00+05:30,155.7124786376953
2015-07-13 00:00:00+05:30,156.60653686523438
2015-07-14 00:00:00+05:30,156.12586975097656
2015-07-15 00:00:00+05:30,154.64537048339844
2015-07-16 00:00:00+05:30,159.6540985107422
2015-07-17 00:00:00+05:30,158.5388946533203
2015-07-20 00:00:00+05:30,157.2698974609375
2015-07-21 00:00:00+05:30,155.2894744873047
2015-07-22 00:00:00+05:30,158.26010131835938
2015-07-23 00:00:00+05:30,157.73135375976562
2015-07-24 00:00:00+05:30,155.38560485839844
2015-07-27 00:00:00+05:30,150.99215698242188
2015-07-28 00:00:00+05:30,152.8476104736328
2015-07-29 00:00:00+05:30,156.9141845703125
2015-07-30 00:00:00+05:30,156.2220001220703
2015-07-31 00:00:00+05:30,159.3848876953125
2015-08-03 00:00:00+05:30,160.211669921875
2015-08-04 00:00:00+05:30,161.82676696777344
2015-08-05 00:00:00+05:30,159.7021484375
2015-08-06 00:00:00+05:30,159.12533569335938
2015-08-07 00:00:00+05:30,157.94284057617188
2015-08-10 00:00:00+05:30,157.03916931152344
2015-08-11 00:00:00+05:30,153.55902099609375
2015-08-12 00:00:00+05:30,148.05039978027344
2015-08-13 00:00:00+05:30,146.54103088378906
2015-08-14 00:00:00+05:30,153.20330810546875
2015-08-17 00:00:00+05:30,152.01119995117188
2015-08-18 00:00:00+05:30,151.12677001953125
2015-08-19 00:00:00+05:30,148.86756896972656
2015-08-20 00:00:00+05:30,138.4463348388672
2015-08-21 00:00:00+05:30,133.0819091796875
2015-08-24 00:00:00+05:30,121.07445526123047
2015-08-25 00:00:00+05:30,130.88040161132812
2015-08-26 00:00:00+05:30,131.0630645751953
2015-08-27 00:00:00+05:30,132.2070770263672
2015-08-28 00:00:00+05:30,130.11129760742188
2015-08-31 00:00:00+05:30,132.5627899169922
2015-09-01 00:00:00+05:30,128.13088989257812
2015-09-02 00:00:00+05:30,126.75613403320312
2015-09-03 00:00:00+05:30,129.14991760253906
2015-09-04 00:00:00+05:30,124.43923950195312
2015-09-07 00:00:00+05:30,125.11219787597656
2015-09-08 00:00:00+05:30,133.985595703125
2015-09-09 00:00:00+05:30,137.77337646484375
2015-09-10 00:00:00+05:30,137.09083557128906
2015-09-11 00:00:00+05:30,136.69667053222656
2015-09-14 00:00:00+05:30,140.67669677734375
2015-09-15 00:00:00+05:30,139.96530151367188
2015-09-16 00:00:00+05:30,145.8296356201172
2015-09-18 00:00:00+05:30,148.36764526367188
2015-09-21 00:00:00+05:30,147.51202392578125
2015-09-22 00:00:00+05:30,140.98434448242188
2015-09-23 00:00:00+05:30,141.9457244873047
2015-09-24 00:00:00+05:30,138.60975646972656
2015-09-28 00:00:00+05:30,140.3402099609375
2015-09-29 00:00:00+05:30,142.0130157470703
2015-09-30 00:00:00+05:30,140.30177307128906
2015-10-01 00:00:00+05:30,140.09027099609375
2015-10-05 00:00:00+05:30,144.25299072265625
2015-10-06 00:00:00+05:30,142.8782501220703
2015-10-07 00:00:00+05:30,141.4650115966797
2015-10-08 00:00:00+05:30,139.84994506835938
2015-10-09 00:00:00+05:30,139.52308654785156
2015-10-12 00:00:00+05:30,139.1577606201172
2015-10-13 00:00:00+05:30,141.09010314941406
2015-10-14 00:00:00+05:30,142.03224182128906
2015-10-15 00:00:00+05:30,145.9642333984375
2015-10-16 00:00:00+05:30,148.73297119140625
2015-10-19 00:00:00+05:30,148.1369171142578
2015-10-20 00:00:00+05:30,148.0696258544922
2015-10-21 00:00:00+05:30,147.14671325683594
2015-10-23 00:00:00+05:30,148.27149963378906
2015-10-26 00:00:00+05:30,143.4742889404297
2015-10-27 00:00:00+05:30,144.4548797607422
2015-10-28 00:00:00+05:30,139.90760803222656
2015-10-29 00:00:00+05:30,142.97438049316406
2015-10-30 00:00:00+05:30,145.8680877685547
2015-11-02 00:00:00+05:30,148.43495178222656
2015-11-03 00:00:00+05:30,149.83853149414062
2015-11-04 00:00:00+05:30,150.69415283203125
2015-11-05 00:00:00+05:30,146.51219177246094
2015-11-06 00:00:00+05:30,145.8296356201172
2015-11-09 00:00:00+05:30,146.50257873535156
2015-11-10 00:00:00+05:30,142.21490478515625
2015-11-13 00:00:00+05:30,141.91688537597656
2015-11-16 00:00:00+05:30,144.38758850097656
2015-11-17 00:00:00+05:30,143.3685302734375
2015-11-18 00:00:00+05:30,139.02317810058594
2015-11-19 00:00:00+05:30,141.01318359375
2015-11-20 00:00:00+05:30,140.59017944335938
2015-11-23 00:00:00+05:30,142.40716552734375
2015-11-24 00:00:00+05:30,143.0801239013672
2015-11-26 00:00:00+05:30,144.16647338867188
2015-11-27 00:00:00+05:30,146.64678955078125
2015-11-30 00:00:00+05:30,147.47357177734375
2015-12-01 00:00:00+05:30,146.16610717773438
2015-12-02 00:00:00+05:30,144.32989501953125
2015-12-03 00:00:00+05:30,144.59909057617188
2015-12-04 00:00:00+05:30,142.28221130371094
2015-12-07 00:00:00+05:30,141.3015899658203
2015-12-08 00:00:00+05:30,139.5422821044922
2015-12-09 00:00:00+05:30,137.80221557617188
2015-12-10 00:00:00+05:30,135.95640563964844
2015-12-11 00:00:00+05:30,130.86117553710938
2015-12-14 00:00:00+05:30,131.3706817626953
2015-12-15 00:00:00+05:30,132.92811584472656
2015-12-16 00:00:00+05:30,134.31246948242188
2015-12-17 00:00:00+05:30,138.64822387695312
2015-12-18 00:00:00+05:30,138.18678283691406
2015-12-21 00:00:00+05:30,138.21560668945312
2015-12-22 00:00:00+05:30,137.27345275878906
2015-12-23 00:00:00+05:30,139.35003662109375
2015-12-24 00:00:00+05:30,139.2731170654297
2015-12-28 00:00:00+05:30,140.92665100097656
2015-12-29 00:00:00+05:30,140.63824462890625
2015-12-30 00:00:00+05:30,141.17662048339844
2015-12-31 00:00:00+05:30,139.5519256591797
2016-01-01 00:00:00+05:30,140.83053588867188
2016-01-04 00:00:00+05:30,135.69683837890625
2016-01-05 00:00:00+05:30,136.07176208496094
2016-01-06 00:00:00+05:30,135.33152770996094
2016-01-07 00:00:00+05:30,130.52468872070312
2016-01-08 00:00:00+05:30,133.3799591064453
2016-01-11 00:00:00+05:30,133.53375244140625
2016-01-12 00:00:00+05:30,129.39027404785156
2016-01-13 00:00:00+05:30,131.26492309570312
2016-01-14 00:00:00+05:30,129.630615234375
2016-01-15 00:00:00+05:30,127.61174774169922
2016-01-18 00:00:00+05:30,126.1312484741211
2016-01-19 00:00:00+05:30,130.98614501953125
2016-01-20 00:00:00+05:30,124.25657653808594
2016-01-21 00:00:00+05:30,125.80438232421875
2016-01-22 00:00:00+05:30,131.514892578125
2016-01-25 00:00:00+05:30,130.26512145996094
2016-01-27 00:00:00+05:30,130.37088012695312
2016-01-28 00:00:00+05:30,129.12107849121094
2016-01-29 00:00:00+05:30,143.5896453857422
2016-02-01 00:00:00+05:30,148.51185607910156
2016-02-02 00:00:00+05:30,146.95443725585938
2016-02-03 00:00:00+05:30,149.5308837890625
2016-02-04 00:00:00+05:30,146.00265502929688
2016-02-05 00:00:00+05:30,149.40591430664062
2016-02-08 00:00:00+05:30,147.73312377929688
2016-02-09 00:00:00+05:30,143.5992431640625
2016-02-10 00:00:00+05:30,141.38812255859375
2016-02-11 00:00:00+05:30,137.36959838867188
2016-02-12 00:00:00+05:30,140.0614471435547
2016-02-15 00:00:00+05:30,144.85865783691406
2016-02-16 00:00:00+05:30,141.09970092773438
2016-02-17 00:00:00+05:30,138.5040283203125
2016-02-18 00:00:00+05:30,137.33114624023438
2016-02-19 00:00:00+05:30,137.00428771972656
2016-02-22 00:00:00+05:30,137.04275512695312
2016-02-23 00:00:00+05:30,131.9667510986328
2016-02-24 00:00:00+05:30,132.7935333251953
2016-02-25 00:00:00+05:30,128.91920471191406
2016-02-26 00:00:00+05:30,132.0051727294922
2016-02-29 00:00:00+05:30,132.47625732421875
2016-03-01 00:00:00+05:30,138.3213653564453
2016-03-02 00:00:00+05:30,145.21437072753906
2016-03-03 00:00:00+05:30,145.6758270263672
2016-03-04 00:00:00+05:30,145.94500732421875
2016-03-08 00:00:00+05:30,146.0411376953125
2016-03-09 00:00:00+05:30,152.01119995117188
2016-03-10 00:00:00+05:30,152.1650390625
2016-03-11 00:00:00+05:30,153.93394470214844
2016-03-14 00:00:00+05:30,154.20314025878906
2016-03-15 00:00:00+05:30,155.92398071289062
2016-03-16 00:00:00+05:30,154.66461181640625
2016-03-17 00:00:00+05:30,153.73208618164062
2016-03-18 00:00:00+05:30,156.55850219726562
2016-03-21 00:00:00+05:30,159.94247436523438
2016-03-22 00:00:00+05:30,160.00978088378906
2016-03-23 00:00:00+05:30,163.28805541992188
2016-03-28 00:00:00+05:30,161.94212341308594
2016-03-29 00:00:00+05:30,162.73045349121094
2016-03-30 00:00:00+05:30,166.56631469726562
2016-03-31 00:00:00+05:30,166.32595825195312
2016-04-01 00:00:00+05:30,164.5089569091797
2016-04-04 00:00:00+05:30,166.883544921875
2016-04-05 00:00:00+05:30,159.43295288085938
2016-04-06 00:00:00+05:30,160.36549377441406
2016-04-07 00:00:00+05:30,160.64430236816406
2016-04-08 00:00:00+05:30,163.31689453125
2016-04-11 00:00:00+05:30,165.28768920898438
2016-04-12 00:00:00+05:30,165.22039794921875
2016-04-13 00:00:00+05:30,167.30653381347656
2016-04-18 00:00:00+05:30,171.80577087402344
2016-04-20 00:00:00+05:30,169.56576538085938
2016-04-21 00:00:00+05:30,169.46002197265625
2016-04-22 00:00:00+05:30,168.38328552246094
2016-04-25 00:00:00+05:30,168.94088745117188
2016-04-26 00:00:00+05:30,175.10324096679688
2016-04-27 00:00:00+05:30,176.02613830566406
2016-04-28 00:00:00+05:30,181.803955078125
2016-04-29 00:00:00+05:30,181.30406188964844
2016-05-02 00:00:00+05:30,181.6885986328125
2016-05-03 00:00:00+05:30,179.04483032226562
2016-05-04 00:00:00+05:30,176.429931640625
2016-05-05 00:00:00+05:30,175.3820343017578
2016-05-06 00:00:00+05:30,175.00711059570312
2016-05-09 00:00:00+05:30,181.92892456054688
2016-05-10 00:00:00+05:30,182.6114959716797
2016-05-11 00:00:00+05:30,183.88052368164062
2016-05-12 00:00:00+05:30,183.63055419921875
2016-05-13 00:00:00+05:30,182.76531982421875
2016-05-16 00:00:00+05:30,188.48545837402344
2016-05-17 00:00:00+05:30,186.49542236328125
2016-05-18 00:00:00+05:30,186.74537658691406
2016-05-19 00:00:00+05:30,185.90899658203125
2016-05-20 00:00:00+05:30,187.98553466796875
2016-05-23 00:00:00+05:30,188.06243896484375
2016-05-24 00:00:00+05:30,187.85093688964844
2016-05-25 00:00:00+05:30,191.50413513183594
2016-05-26 00:00:00+05:30,196.32058715820312
2016-05-27 00:00:00+05:30,197.17620849609375
2016-05-30 00:00:00+05:30,199.39939880371094
2016-05-31 00:00:00+05:30,200.57412719726562
2016-06-01 00:00:00+05:30,197.6422119140625
2016-06-02 00:00:00+05:30,203.69049072265625
2016-06-03 00:00:00+05:30,203.7584686279297
2016-06-06 00:00:00+05:30,206.7292022705078
2016-06-07 00:00:00+05:30,207.0204620361328
2016-06-08 00:00:00+05:30,204.61276245117188
2016-06-09 00:00:00+05:30,201.94297790527344
2016-06-10 00:00:00+05:30,206.45736694335938
2016-06-13 00:00:00+05:30,206.8165740966797
2016-06-14 00:00:00+05:30,206.70977783203125
2016-06-15 00:00:00+05:30,207.9330291748047
2016-06-16 00:00:00+05:30,205.9234161376953
2016-06-17 00:00:00+05:30,207.92332458496094
2016-06-20 00:00:00+05:30,208.7776641845703
2016-06-21 00:00:00+05:30,208.0301055908203
2016-06-22 00:00:00+05:30,209.47666931152344
2016-06-23 00:00:00+05:30,215.68028259277344
2016-06-24 00:00:00+05:30,209.7970428466797
2016-06-27 00:00:00+05:30,208.87474060058594
2016-06-28 00:00:00+05:30,207.73886108398438
2016-06-29 00:00:00+05:30,208.2825164794922
2016-06-30 00:00:00+05:30,214.9618682861328
2016-07-01 00:00:00+05:30,219.35003662109375
2016-07-04 00:00:00+05:30,217.0006103515625
2016-07-05 00:00:00+05:30,218.7092742919922
2016-07-07 00:00:00+05:30,215.9326934814453
2016-07-08 00:00:00+05:30,217.51515197753906
2016-07-11 00:00:00+05:30,222.02952575683594
2016-07-12 00:00:00+05:30,224.0003204345703
2016-07-13 00:00:00+05:30,222.65084838867188
2016-07-14 00:00:00+05:30,227.4564666748047
2016-07-15 00:00:00+05:30,228.96127319335938
2016-07-18 00:00:00+05:30,228.04869079589844
2016-07-19 00:00:00+05:30,223.9420623779297
2016-07-20 00:00:00+05:30,225.7769317626953
2016-07-21 00:00:00+05:30,224.19447326660156
2016-07-22 00:00:00+05:30,224.59251403808594
2016-07-25 00:00:00+05:30,229.6505584716797
2016-07-26 00:00:00+05:30,233.02906799316406
2016-07-27 00:00:00+05:30,233.08731079101562
2016-07-28 00:00:00+05:30,237.5628662109375
2016-07-29 00:00:00+05:30,236.2910614013672
2016-08-01 00:00:00+05:30,237.1551055908203
2016-08-02 00:00:00+05:30,238.51425170898438
2016-08-03 00:00:00+05:30,239.90255737304688
2016-08-04 00:00:00+05:30,239.12588500976562
2016-08-05 00:00:00+05:30,244.34896850585938
2016-08-08 00:00:00+05:30,245.6693115234375
2016-08-09 00:00:00+05:30,244.6208038330078
2016-08-10 00:00:00+05:30,246.08676147460938
2016-08-11 00:00:00+05:30,243.1936798095703
2016-08-12 00:00:00+05:30,250.61085510253906
2016-08-16 00:00:00+05:30,251.43605041503906
2016-08-17 00:00:00+05:30,254.03790283203125
2016-08-18 00:00:00+05:30,256.4261474609375
2016-08-19 00:00:00+05:30,259.39691162109375
2016-08-22 00:00:00+05:30,260.82403564453125
2016-08-23 00:00:00+05:30,260.42596435546875
2016-08-24 00:00:00+05:30,259.76580810546875
2016-08-25 00:00:00+05:30,260.87255859375
2016-08-26 00:00:00+05:30,257.5619812011719
2016-08-29 00:00:00+05:30,259.921142578125
2016-08-30 00:00:00+05:30,263.1346130371094
2016-08-31 00:00:00+05:30,265.2510070800781
2016-09-01 00:00:00+05:30,265.0083312988281
2016-09-02 00:00:00+05:30,269.5711975097656
2016-09-06 00:00:00+05:30,279.7552490234375
2016-09-07 00:00:00+05:30,272.1341857910156
2016-09-08 00:00:00+05:30,257.90179443359375
2016-09-09 00:00:00+05:30,247.80514526367188
2016-09-12 00:00:00+05:30,233.9901885986328
2016-09-14 00:00:00+05:30,243.38784790039062
2016-09-15 00:00:00+05:30,237.23277282714844
2016-09-16 00:00:00+05:30,227.1361083984375
2016-09-19 00:00:00+05:30,228.60206604003906
2016-09-20 00:00:00+05:30,234.3688201904297
2016-09-21 00:00:00+05:30,236.9318084716797
2016-09-22 00:00:00+05:30,242.03839111328125
2016-09-23 00:00:00+05:30,239.4365692138672
2016-09-26 00:00:00+05:30,239.86373901367188
2016-09-27 00:00:00+05:30,242.1063690185547
2016-09-28 00:00:00+05:30,246.82460021972656
2016-09-29 00:00:00+05:30,238.9802703857422
2016-09-30 00:00:00+05:30,243.620849609375
2016-10-03 00:00:00+05:30,246.64013671875
2016-10-04 00:00:00+05:30,249.31964111328125
2016-10-05 00:00:00+05:30,248.3682403564453
2016-10-06 00:00:00+05:30,248.54298400878906
2016-10-07 00:00:00+05:30,247.32943725585938
2016-10-10 00:00:00+05:30,248.43618774414062
2016-10-13 00:00:00+05:30,243.8150177001953
2016-10-14 00:00:00+05:30,244.64022827148438
2016-10-17 00:00:00+05:30,242.81504821777344
2016-10-18 00:00:00+05:30,250.67881774902344
2016-10-19 00:00:00+05:30,250.77587890625
2016-10-20 00:00:00+05:30,254.12525939941406
2016-10-21 00:00:00+05:30,255.79510498046875
2016-10-24 00:00:00+05:30,254.5136260986328
2016-10-25 00:00:00+05:30,254.05731201171875
2016-10-26 00:00:00+05:30,250.52346801757812
2016-10-27 00:00:00+05:30,243.4072723388672
2016-10-28 00:00:00+05:30,247.03819274902344
2016-11-01 00:00:00+05:30,242.60147094726562
2016-11-02 00:00:00+05:30,234.87362670898438
2016-11-03 00:00:00+05:30,234.70860290527344
2016-11-04 00:00:00+05:30,232.24267578125
2016-11-07 00:00:00+05:30,234.4270782470703
2016-11-08 00:00:00+05:30,238.13565063476562
2016-11-09 00:00:00+05:30,236.71823120117188
2016-11-10 00:00:00+05:30,250.52346801757812
2016-11-11 00:00:00+05:30,235.8930206298828
2016-11-15 00:00:00+05:30,224.73814392089844
2016-11-16 00:00:00+05:30,229.5049285888672
2016-11-17 00:00:00+05:30,227.7865753173828
2016-11-18 00:00:00+05:30,229.26223754882812
2016-11-21 00:00:00+05:30,216.01036071777344
2016-11-22 00:00:00+05:30,219.72865295410156
2016-11-23 00:00:00+05:30,218.48599243164062
2016-11-24 00:00:00+05:30,217.4375
2016-11-25 00:00:00+05:30,226.7283477783203
2016-11-28 00:00:00+05:30,223.21392822265625
2016-11-29 00:00:00+05:30,222.23341369628906
2016-11-30 00:00:00+05:30,227.9224853515625
2016-12-01 00:00:00+05:30,225.4274444580078
2016-12-02 00:00:00+05:30,223.32073974609375
2016-12-05 00:00:00+05:30,229.805908203125
2016-12-06 00:00:00+05:30,231.66989135742188
2016-12-07 00:00:00+05:30,230.71847534179688
2016-12-08 00:00:00+05:30,236.01922607421875
2016-12-09 00:00:00+05:30,236.83473205566406
2016-12-12 00:00:00+05:30,231.57281494140625
2016-12-13 00:00:00+05:30,234.2911376953125
2016-12-14 00:00:00+05:30,232.24267578125
2016-12-15 00:00:00+05:30,230.1262664794922
2016-12-16 00:00:00+05:30,229.52435302734375
2016-12-19 00:00:00+05:30,229.07778930664062
2016-12-20 00:00:00+05:30,222.728515625
2016-12-21 00:00:00+05:30,221.02957153320312
2016-12-22 00:00:00+05:30,218.6607208251953
2016-12-23 00:00:00+05:30,218.37918090820312
2016-12-26 00:00:00+05:30,213.87452697753906
2016-12-27 00:00:00+05:30,219.01995849609375
2016-12-28 00:00:00+05:30,216.11715698242188
2016-12-29 00:00:00+05:30,222.96153259277344
2016-12-30 00:00:00+05:30,224.54397583007812
2017-01-02 00:00:00+05:30,222.25279235839844
2017-01-03 00:00:00+05:30,225.7963409423828
2017-01-04 00:00:00+05:30,225.8448944091797
2017-01-05 00:00:00+05:30,234.98043823242188
2017-01-06 00:00:00+05:30,242.0772247314453
2017-01-09 00:00:00+05:30,243.91209411621094
2017-01-10 00:00:00+05:30,245.5430908203125
2017-01-11 00:00:00+05:30,255.88247680664062
2017-01-12 00:00:00+05:30,257.36785888671875
2017-01-13 00:00:00+05:30,255.92129516601562
2017-01-16 00:00:00+05:30,257.9989013671875
2017-01-17 00:00:00+05:30,257.03778076171875
2017-01-18 00:00:00+05:30,261.3385314941406
2017-01-19 00:00:00+05:30,261.6394958496094
2017-01-20 00:00:00+05:30,263.8141784667969
2017-01-23 00:00:00+05:30,268.5227355957031
2017-01-24 00:00:00+05:30,263.8529968261719
2017-01-25 00:00:00+05:30,273.153564453125
2017-01-27 00:00:00+05:30,271.590576171875
2017-01-30 00:00:00+05:30,269.6973876953125
2017-01-31 00:00:00+05:30,271.056640625
2017-02-01 00:00:00+05:30,274.3768310546875
2017-02-02 00:00:00+05:30,269.30908203125
2017-02-03 00:00:00+05:30,271.4060974121094
2017-02-06 00:00:00+05:30,271.5323181152344
2017-02-07 00:00:00+05:30,271.2119140625
2017-02-08 00:00:00+05:30,273.8234558105469
2017-02-09 00:00:00+05:30,273.4254150390625
2017-02-10 00:00:00+05:30,274.3282775878906
2017-02-13 00:00:00+05:30,282.0949401855469
2017-02-14 00:00:00+05:30,282.92987060546875
2017-02-15 00:00:00+05:30,277.84271240234375
2017-02-16 00:00:00+05:30,279.00775146484375
2017-02-17 00:00:00+05:30,279.7746887207031
2017-02-20 00:00:00+05:30,277.5126647949219
2017-02-21 00:00:00+05:30,281.4930725097656
2017-02-22 00:00:00+05:30,280.9493713378906
2017-02-23 00:00:00+05:30,280.91058349609375
2017-02-27 00:00:00+05:30,276.08551025390625
2017-02-28 00:00:00+05:30,282.06585693359375
2017-03-01 00:00:00+05:30,282.4444580078125
2017-03-02 00:00:00+05:30,276.62921142578125
2017-03-03 00:00:00+05:30,278.3863830566406
2017-03-06 00:00:00+05:30,283.7745056152344
2017-03-07 00:00:00+05:30,281.1921081542969
2017-03-08 00:00:00+05:30,286.2889709472656
2017-03-09 00:00:00+05:30,284.50262451171875
2017-03-10 00:00:00+05:30,287.6286926269531
2017-03-14 00:00:00+05:30,297.41473388671875
2017-03-15 00:00:00+05:30,296.89044189453125
2017-03-16 00:00:00+05:30,296.6768798828125
2017-03-17 00:00:00+05:30,292.7838439941406
2017-03-20 00:00:00+05:30,294.3080139160156
2017-03-21 00:00:00+05:30,288.2889099121094
2017-03-22 00:00:00+05:30,285.5899963378906
2017-03-23 00:00:00+05:30,294.86138916015625
2017-03-24 00:00:00+05:30,296.89044189453125
2017-03-27 00:00:00+05:30,296.6768798828125
2017-03-28 00:00:00+05:30,298.0166320800781
2017-03-29 00:00:00+05:30,299.9776916503906
2017-03-30 00:00:00+05:30,301.3757019042969
2017-03-31 00:00:00+05:30,300.32720947265625
2017-04-03 00:00:00+05:30,298.79327392578125
2017-04-05 00:00:00+05:30,304.356201171875
2017-04-06 00:00:00+05:30,303.8222351074219
2017-04-07 00:00:00+05:30,302.23004150390625
2017-04-10 00:00:00+05:30,310.58892822265625
2017-04-11 00:00:00+05:30,313.5305480957031
2017-04-12 00:00:00+05:30,316.77313232421875
2017-04-13 00:00:00+05:30,313.8509216308594
2017-04-17 00:00:00+05:30,312.7247314453125
2017-04-18 00:00:00+05:30,311.8121643066406
2017-04-19 00:00:00+05:30,311.7247619628906
2017-04-20 00:00:00+05:30,300.01654052734375
2017-04-21 00:00:00+05:30,299.8223571777344
2017-04-24 00:00:00+05:30,301.7931823730469
2017-04-25 00:00:00+05:30,302.3077392578125
2017-04-26 00:00:00+05:30,307.1813049316406
2017-04-27 00:00:00+05:30,318.8992614746094
2017-04-28 00:00:00+05:30,316.5401306152344
2017-05-02 00:00:00+05:30,317.24884033203125
2017-05-03 00:00:00+05:30,317.0643615722656
2017-05-04 00:00:00+05:30,315.8799743652344
2017-05-05 00:00:00+05:30,312.36553955078125
2017-05-08 00:00:00+05:30,313.6664733886719
2017-05-09 00:00:00+05:30,311.1520080566406
2017-05-10 00:00:00+05:30,310.35589599609375
2017-05-11 00:00:00+05:30,306.2590026855469
2017-05-12 00:00:00+05:30,287.968505859375
2017-05-15 00:00:00+05:30,285.82293701171875
2017-05-16 00:00:00+05:30,288.0267639160156
2017-05-17 00:00:00+05:30,282.4444580078125
2017-05-18 00:00:00+05:30,272.0565490722656
2017-05-19 00:00:00+05:30,277.67767333984375
2017-05-22 00:00:00+05:30,272.9594421386719
2017-05-23 00:00:00+05:30,272.44488525390625
2017-05-24 00:00:00+05:30,276.6971435546875
2017-05-25 00:00:00+05:30,284.3084716796875
2017-05-26 00:00:00+05:30,290.00726318359375
2017-05-29 00:00:00+05:30,281.5317687988281
2017-05-30 00:00:00+05:30,281.5415344238281
2017-05-31 00:00:00+05:30,280.1713562011719
2017-06-01 00:00:00+05:30,282.7649230957031
2017-06-02 00:00:00+05:30,290.03662109375
2017-06-05 00:00:00+05:30,298.218505859375
2017-06-06 00:00:00+05:30,294.81268310546875
2017-06-07 00:00:00+05:30,292.385498046875
2017-06-08 00:00:00+05:30,288.95025634765625
2017-06-09 00:00:00+05:30,291.4165954589844
2017-06-12 00:00:00+05:30,290.39874267578125
2017-06-13 00:00:00+05:30,292.405029296875
2017-06-14 00:00:00+05:30,283.62615966796875
2017-06-15 00:00:00+05:30,283.06829833984375
2017-06-16 00:00:00+05:30,282.5495910644531
2017-06-19 00:00:00+05:30,280.0930480957031
2017-06-20 00:00:00+05:30,283.2444763183594
2017-06-21 00:00:00+05:30,280.43560791015625
2017-06-22 00:00:00+05:30,284.21337890625
2017-06-23 00:00:00+05:30,280.964111328125
2017-06-27 00:00:00+05:30,277.06890869140625
2017-06-28 00:00:00+05:30,283.76318359375
2017-06-29 00:00:00+05:30,281.5709228515625
2017-06-30 00:00:00+05:30,286.4643859863281
2017-07-03 00:00:00+05:30,292.18975830078125
2017-07-04 00:00:00+05:30,290.6825866699219
2017-07-05 00:00:00+05:30,294.77349853515625
2017-07-06 00:00:00+05:30,294.401611328125
2017-07-07 00:00:00+05:30,294.7343444824219
2017-07-10 00:00:00+05:30,296.1338806152344
2017-07-11 00:00:00+05:30,296.5057678222656
2017-07-12 00:00:00+05:30,296.6330261230469
2017-07-13 00:00:00+05:30,309.65948486328125
2017-07-14 00:00:00+05:30,306.2536315917969
2017-07-17 00:00:00+05:30,302.89666748046875
2017-07-18 00:00:00+05:30,304.9225769042969
2017-07-19 00:00:00+05:30,307.3399658203125
2017-07-20 00:00:00+05:30,307.623779296875
2017-07-21 00:00:00+05:30,308.8080139160156
2017-07-24 00:00:00+05:30,311.8615417480469
2017-07-25 00:00:00+05:30,316.6767578125
2017-07-26 00:00:00+05:30,335.0958251953125
2017-07-27 00:00:00+05:30,349.5609436035156
2017-07-28 00:00:00+05:30,360.5223083496094
2017-07-31 00:00:00+05:30,354.1901550292969
2017-08-01 00:00:00+05:30,357.66455078125
2017-08-02 00:00:00+05:30,358.007080078125
2017-08-03 00:00:00+05:30,349.4826354980469
2017-08-04 00:00:00+05:30,353.8867492675781
2017-08-07 00:00:00+05:30,352.3013000488281
2017-08-08 00:00:00+05:30,345.1959228515625
2017-08-09 00:00:00+05:30,340.8896789550781
2017-08-10 00:00:00+05:30,338.6484375
2017-08-11 00:00:00+05:30,340.4688415527344
2017-08-14 00:00:00+05:30,348.12225341796875
2017-08-16 00:00:00+05:30,344.8631896972656
2017-08-17 00:00:00+05:30,340.2143859863281
2017-08-18 00:00:00+05:30,336.8182678222656
2017-08-21 00:00:00+05:30,336.02557373046875
2017-08-22 00:00:00+05:30,335.28173828125
2017-08-23 00:00:00+05:30,337.3076477050781
2017-08-24 00:00:00+05:30,336.5638732910156
2017-08-28 00:00:00+05:30,343.19940185546875
2017-08-29 00:00:00+05:30,336.9748840332031
2017-08-30 00:00:00+05:30,342.9547424316406
2017-08-31 00:00:00+05:30,343.1406555175781
2017-09-01 00:00:00+05:30,347.7209777832031
2017-09-04 00:00:00+05:30,345.3035888671875
2017-09-05 00:00:00+05:30,348.07330322265625
2017-09-06 00:00:00+05:30,351.14642333984375
2017-09-07 00:00:00+05:30,352.33062744140625
2017-09-08 00:00:00+05:30,350.177490234375
2017-09-11 00:00:00+05:30,360.56146240234375
2017-09-12 00:00:00+05:30,362.264404296875
2017-09-13 00:00:00+05:30,359.9644470214844
2017-09-14 00:00:00+05:30,362.4209899902344
2017-09-15 00:00:00+05:30,361.148681640625
2017-09-18 00:00:00+05:30,363.9085998535156
2017-09-19 00:00:00+05:30,365.3472900390625
2017-09-20 00:00:00+05:30,368.00933837890625
2017-09-21 00:00:00+05:30,369.01739501953125
2017-09-22 00:00:00+05:30,352.9667663574219
2017-09-25 00:00:00+05:30,351.9391784667969
2017-09-26 00:00:00+05:30,353.0646667480469
2017-09-27 00:00:00+05:30,345.675537109375
2017-09-28 00:00:00+05:30,343.3266296386719
2017-09-29 00:00:00+05:30,342.5436706542969
2017-10-03 00:00:00+05:30,343.5712890625
2017-10-04 00:00:00+05:30,348.2201232910156
2017-10-05 00:00:00+05:30,351.7923583984375
2017-10-06 00:00:00+05:30,358.007080078125
2017-10-09 00:00:00+05:30,362.9984130859375
2017-10-10 00:00:00+05:30,364.955810546875
2017-10-11 00:00:00+05:30,355.2667236328125
2017-10-12 00:00:00+05:30,357.6156005859375
2017-10-13 00:00:00+05:30,361.8240051269531
2017-10-16 00:00:00+05:30,359.8666076660156
2017-10-17 00:00:00+05:30,365.5919494628906
2017-10-18 00:00:00+05:30,354.67950439453125
2017-10-19 00:00:00+05:30,350.177490234375
2017-10-23 00:00:00+05:30,346.3605651855469
2017-10-24 00:00:00+05:30,340.19482421875
2017-10-25 00:00:00+05:30,319.935791015625
2017-10-26 00:00:00+05:30,324.1441955566406
2017-10-27 00:00:00+05:30,300.5086669921875
2017-10-30 00:00:00+05:30,308.1424865722656
2017-10-31 00:00:00+05:30,307.5552673339844
2017-11-01 00:00:00+05:30,312.0083312988281
2017-11-02 00:00:00+05:30,313.6231994628906
2017-11-03 00:00:00+05:30,319.0060119628906
2017-11-06 00:00:00+05:30,312.8402404785156
2017-11-07 00:00:00+05:30,305.05963134765625
2017-11-08 00:00:00+05:30,297.327880859375
2017-11-09 00:00:00+05:30,298.1597900390625
2017-11-10 00:00:00+05:30,297.57257080078125
2017-11-13 00:00:00+05:30,297.2789611816406
2017-11-14 00:00:00+05:30,296.1045227050781
2017-11-15 00:00:00+05:30,294.53863525390625
2017-11-16 00:00:00+05:30,294.88116455078125
2017-11-17 00:00:00+05:30,299.57891845703125
2017-11-20 00:00:00+05:30,306.6744384765625
2017-11-21 00:00:00+05:30,305.6468200683594
2017-11-22 00:00:00+05:30,303.1511535644531
2017-11-23 00:00:00+05:30,306.57659912109375
2017-11-24 00:00:00+05:30,306.3808288574219
2017-11-27 00:00:00+05:30,308.5829162597656
2017-11-28 00:00:00+05:30,308.289306640625
2017-11-29 00:00:00+05:30,306.2340393066406
2017-11-30 00:00:00+05:30,300.3618469238281
2017-12-01 00:00:00+05:30,300.3129577636719
2017-12-04 00:00:00+05:30,296.7406921386719
2017-12-05 00:00:00+05:30,302.12353515625
2017-12-06 00:00:00+05:30,299.9214782714844
2017-12-07 00:00:00+05:30,303.8851623535156
2017-12-08 00:00:00+05:30,306.038330078125
2017-12-11 00:00:00+05:30,304.96173095703125
2017-12-12 00:00:00+05:30,300.26397705078125
2017-12-13 00:00:00+05:30,295.4683532714844
2017-12-14 00:00:00+05:30,297.42578125
2017-12-15 00:00:00+05:30,309.1701354980469
2017-12-18 00:00:00+05:30,304.5213317871094
2017-12-19 00:00:00+05:30,305.5978698730469
2017-12-20 00:00:00+05:30,305.05963134765625
2017-12-21 00:00:00+05:30,303.83624267578125
2017-12-22 00:00:00+05:30,303.5426025390625
2017-12-26 00:00:00+05:30,308.7786560058594
2017-12-27 00:00:00+05:30,308.43609619140625
2017-12-28 00:00:00+05:30,306.8212585449219
2017-12-29 00:00:00+05:30,308.43609619140625
2018-01-01 00:00:00+05:30,305.9404296875
2018-01-02 00:00:00+05:30,305.0106506347656
2018-01-03 00:00:00+05:30,309.1212158203125
2018-01-04 00:00:00+05:30,310.3445739746094
2018-01-05 00:00:00+05:30,325.759033203125
2018-01-08 00:00:00+05:30,326.4930419921875
2018-01-09 00:00:00+05:30,334.0779724121094
2018-01-10 00:00:00+05:30,332.5609436035156
2018-01-11 00:00:00+05:30,335.839599609375
2018-01-12 00:00:00+05:30,333.63751220703125
2018-01-15 00:00:00+05:30,328.8419189453125
2018-01-16 00:00:00+05:30,327.7164306640625
2018-01-17 00:00:00+05:30,335.1055603027344
2018-01-18 00:00:00+05:30,333.93115234375
2018-01-19 00:00:00+05:30,341.90753173828125
2018-01-22 00:00:00+05:30,347.7796936035156
2018-01-23 00:00:00+05:30,351.89019775390625
2018-01-24 00:00:00+05:30,357.0283508300781
2018-01-25 00:00:00+05:30,353.89654541015625
2018-01-29 00:00:00+05:30,350.37322998046875
2018-01-30 00:00:00+05:30,345.8222961425781
2018-01-31 00:00:00+05:30,346.84991455078125
2018-02-01 00:00:00+05:30,352.2327575683594
2018-02-02 00:00:00+05:30,341.6139221191406
2018-02-05 00:00:00+05:30,336.280029296875
2018-02-06 00:00:00+05:30,331.5333557128906
2018-02-07 00:00:00+05:30,325.8079833984375
2018-02-08 00:00:00+05:30,327.8632507324219
2018-02-09 00:00:00+05:30,318.6145324707031
2018-02-12 00:00:00+05:30,328.25469970703125
2018-02-14 00:00:00+05:30,313.5253601074219
2018-02-15 00:00:00+05:30,312.9870300292969
2018-02-16 00:00:00+05:30,305.157470703125
2018-02-19 00:00:00+05:30,305.4021301269531
2018-02-20 00:00:00+05:30,302.12353515625
2018-02-21 00:00:00+05:30,305.6957702636719
2018-02-22 00:00:00+05:30,309.3658752441406
2018-02-23 00:00:00+05:30,316.5592956542969
2018-02-26 00:00:00+05:30,319.2017822265625
2018-02-27 00:00:00+05:30,320.1804504394531
2018-02-28 00:00:00+05:30,315.43377685546875
2018-03-01 00:00:00+05:30,314.21038818359375
2018-03-05 00:00:00+05:30,306.2829895019531
2018-03-06 00:00:00+05:30,305.5000305175781
2018-03-07 00:00:00+05:30,305.3042907714844
2018-03-08 00:00:00+05:30,301.9767150878906
2018-03-09 00:00:00+05:30,296.7896423339844
2018-03-12 00:00:00+05:30,304.5213317871094
2018-03-13 00:00:00+05:30,306.1361389160156
2018-03-14 00:00:00+05:30,312.05731201171875
2018-03-15 00:00:00+05:30,305.2064208984375
2018-03-16 00:00:00+05:30,306.2340393066406
2018-03-19 00:00:00+05:30,298.3066101074219
2018-03-20 00:00:00+05:30,295.9577331542969
2018-03-21 00:00:00+05:30,294.3428649902344
2018-03-22 00:00:00+05:30,291.8961486816406
2018-03-23 00:00:00+05:30,280.5432434082031
2018-03-26 00:00:00+05:30,296.88751220703125
2018-03-27 00:00:00+05:30,297.0343017578125
2018-03-28 00:00:00+05:30,298.35552978515625
2018-04-02 00:00:00+05:30,299.7257385253906
2018-04-03 00:00:00+05:30,306.4297790527344
2018-04-04 00:00:00+05:30,298.9427490234375
2018-04-05 00:00:00+05:30,306.3808288574219
2018-04-06 00:00:00+05:30,307.7999572753906
2018-04-09 00:00:00+05:30,309.5126953125
2018-04-10 00:00:00+05:30,312.4487609863281
2018-04-11 00:00:00+05:30,305.35321044921875
2018-04-12 00:00:00+05:30,305.1085510253906
2018-04-13 00:00:00+05:30,302.95538330078125
2018-04-16 00:00:00+05:30,303.7383728027344
2018-04-17 00:00:00+05:30,301.3405456542969
2018-04-18 00:00:00+05:30,302.95538330078125
2018-04-19 00:00:00+05:30,311.7147521972656
2018-04-20 00:00:00+05:30,301.9767150878906
2018-04-23 00:00:00+05:30,306.3808288574219
2018-04-24 00:00:00+05:30,317.0975646972656
2018-04-25 00:00:00+05:30,318.3209533691406
2018-04-26 00:00:00+05:30,344.89251708984375
2018-04-27 00:00:00+05:30,341.46710205078125
2018-04-30 00:00:00+05:30,354.2880554199219
2018-05-02 00:00:00+05:30,346.703125
2018-05-03 00:00:00+05:30,346.4095458984375
2018-05-04 00:00:00+05:30,337.748046875
2018-05-07 00:00:00+05:30,340.4884033203125
2018-05-08 00:00:00+05:30,335.98638916015625
2018-05-09 00:00:00+05:30,340.4394836425781
2018-05-10 00:00:00+05:30,337.3076477050781
2018-05-11 00:00:00+05:30,342.7883605957031
2018-05-14 00:00:00+05:30,337.4544372558594
2018-05-15 00:00:00+05:30,338.38421630859375
2018-05-16 00:00:00+05:30,342.2989807128906
2018-05-17 00:00:00+05:30,337.94378662109375
2018-05-18 00:00:00+05:30,338.1395568847656
2018-05-21 00:00:00+05:30,327.03131103515625
2018-05-22 00:00:00+05:30,327.56964111328125
2018-05-23 00:00:00+05:30,326.5909423828125
2018-05-24 00:00:00+05:30,322.9697570800781
2018-05-25 00:00:00+05:30,332.16949462890625
2018-05-28 00:00:00+05:30,337.845947265625
2018-05-29 00:00:00+05:30,330.8482360839844
2018-05-30 00:00:00+05:30,335.839599609375
2018-05-31 00:00:00+05:30,338.8246154785156
2018-06-01 00:00:00+05:30,335.3992004394531
2018-06-04 00:00:00+05:30,338.30926513671875
2018-06-05 00:00:00+05:30,332.19317626953125
2018-06-06 00:00:00+05:30,334.5606689453125
2018-06-07 00:00:00+05:30,334.95526123046875
2018-06-08 00:00:00+05:30,333.08099365234375
2018-06-11 00:00:00+05:30,331.1573791503906
2018-06-12 00:00:00+05:30,327.7047424316406
2018-06-13 00:00:00+05:30,328.69122314453125
2018-06-14 00:00:00+05:30,332.6370849609375
2018-06-15 00:00:00+05:30,326.1756896972656
2018-06-18 00:00:00+05:30,327.16217041015625
2018-06-19 00:00:00+05:30,326.4223327636719
2018-06-20 00:00:00+05:30,331.5519714355469
2018-06-21 00:00:00+05:30,328.4446105957031
2018-06-22 00:00:00+05:30,330.56549072265625
2018-06-25 00:00:00+05:30,329.6283264160156
2018-06-26 00:00:00+05:30,331.40399169921875
2018-06-27 00:00:00+05:30,331.0587463378906
2018-06-28 00:00:00+05:30,324.8439636230469
2018-06-29 00:00:00+05:30,335.0539245605469
2018-07-02 00:00:00+05:30,332.4891052246094
2018-07-03 00:00:00+05:30,332.34112548828125
2018-07-04 00:00:00+05:30,331.0093994140625
2018-07-05 00:00:00+05:30,343.93212890625
2018-07-06 00:00:00+05:30,347.8287048339844
2018-07-09 00:00:00+05:30,358.3838806152344
2018-07-10 00:00:00+05:30,366.374267578125
2018-07-11 00:00:00+05:30,366.57159423828125
2018-07-12 00:00:00+05:30,369.728271484375
2018-07-13 00:00:00+05:30,370.91204833984375
2018-07-16 00:00:00+05:30,373.3782043457031
2018-07-17 00:00:00+05:30,375.6470642089844
2018-07-18 00:00:00+05:30,378.4585266113281
2018-07-19 00:00:00+05:30,386.991455078125
2018-07-20 00:00:00+05:30,381.26995849609375
2018-07-23 00:00:00+05:30,381.3686218261719
2018-07-24 00:00:00+05:30,379.1490478515625
2018-07-25 00:00:00+05:30,377.7186584472656
2018-07-26 00:00:00+05:30,364.7466125488281
2018-07-27 00:00:00+05:30,364.99322509765625
2018-07-30 00:00:00+05:30,364.3027038574219
2018-07-31 00:00:00+05:30,362.9709777832031
2018-08-01 00:00:00+05:30,360.8993835449219
2018-08-02 00:00:00+05:30,356.9041748046875
2018-08-03 00:00:00+05:30,368.1499328613281
2018-08-06 00:00:00+05:30,372.78631591796875
2018-08-07 00:00:00+05:30,376.485595703125
2018-08-08 00:00:00+05:30,377.5707092285156
2018-08-09 00:00:00+05:30,375.8937072753906
2018-08-10 00:00:00+05:30,377.6693420410156
2018-08-13 00:00:00+05:30,365.68377685546875
2018-08-14 00:00:00+05:30,377.3240966796875
2018-08-16 00:00:00+05:30,373.3288879394531
2018-08-17 00:00:00+05:30,387.8793029785156
2018-08-20 00:00:00+05:30,388.66845703125
2018-08-21 00:00:00+05:30,386.0543212890625
2018-08-23 00:00:00+05:30,383.341552734375
2018-08-24 00:00:00+05:30,369.13641357421875
2018-08-27 00:00:00+05:30,377.81732177734375
2018-08-28 00:00:00+05:30,365.5851135253906
2018-08-29 00:00:00+05:30,360.2088623046875
2018-08-30 00:00:00+05:30,356.8548583984375
2018-08-31 00:00:00+05:30,338.8518371582031
2018-09-03 00:00:00+05:30,334.4620361328125
2018-09-04 00:00:00+05:30,329.5296936035156
2018-09-05 00:00:00+05:30,339.14776611328125
2018-09-06 00:00:00+05:30,334.6100158691406
2018-09-07 00:00:00+05:30,319.0238037109375
2018-09-10 00:00:00+05:30,319.2704162597656
2018-09-11 00:00:00+05:30,312.3158264160156
2018-09-12 00:00:00+05:30,310.04693603515625
2018-09-14 00:00:00+05:30,318.7278747558594
2018-09-17 00:00:00+05:30,314.2887878417969
2018-09-18 00:00:00+05:30,319.1717834472656
2018-09-19 00:00:00+05:30,314.8806457519531
2018-09-21 00:00:00+05:30,223.43504333496094
2018-09-24 00:00:00+05:30,223.33639526367188
2018-09-25 00:00:00+05:30,216.72706604003906
2018-09-26 00:00:00+05:30,220.72225952148438
2018-09-27 00:00:00+05:30,200.49966430664062
2018-09-28 00:00:00+05:30,181.1648712158203
2018-10-01 00:00:00+05:30,198.13214111328125
2018-10-03 00:00:00+05:30,209.87110900878906
2018-10-04 00:00:00+05:30,212.09066772460938
2018-10-05 00:00:00+05:30,203.2124481201172
2018-10-08 00:00:00+05:30,218.20675659179688
2018-10-09 00:00:00+05:30,221.61007690429688
2018-10-10 00:00:00+05:30,230.7349090576172
2018-10-11 00:00:00+05:30,236.9496612548828
2018-10-12 00:00:00+05:30,243.11508178710938
2018-10-15 00:00:00+05:30,242.67117309570312
2018-10-16 00:00:00+05:30,245.53192138671875
2018-10-17 00:00:00+05:30,228.761962890625
2018-10-19 00:00:00+05:30,214.951416015625
2018-10-22 00:00:00+05:30,208.63803100585938
2018-10-23 00:00:00+05:30,210.3150177001953
2018-10-24 00:00:00+05:30,201.23951721191406
2018-10-25 00:00:00+05:30,195.6659698486328
2018-10-26 00:00:00+05:30,178.2548065185547
2018-10-29 00:00:00+05:30,178.8466796875
2018-10-30 00:00:00+05:30,179.58653259277344
2018-10-31 00:00:00+05:30,185.55467224121094
2018-11-01 00:00:00+05:30,201.28883361816406
2018-11-02 00:00:00+05:30,206.2705078125
2018-11-05 00:00:00+05:30,207.25697326660156
2018-11-06 00:00:00+05:30,211.548095703125
2018-11-07 00:00:00+05:30,213.02780151367188
2018-11-09 00:00:00+05:30,224.81610107421875
2018-11-12 00:00:00+05:30,220.03173828125
2018-11-13 00:00:00+05:30,222.3992462158203
2018-11-14 00:00:00+05:30,219.39051818847656
2018-11-15 00:00:00+05:30,203.06448364257812
2018-11-16 00:00:00+05:30,188.41542053222656
2018-11-19 00:00:00+05:30,202.0286865234375
2018-11-20 00:00:00+05:30,189.50054931640625
2018-11-21 00:00:00+05:30,195.4686737060547
2018-11-22 00:00:00+05:30,192.9038543701172
2018-11-26 00:00:00+05:30,185.35736083984375
2018-11-27 00:00:00+05:30,180.17840576171875
2018-11-28 00:00:00+05:30,159.906494140625
2018-11-29 00:00:00+05:30,158.27882385253906
2018-11-30 00:00:00+05:30,167.50230407714844
2018-12-03 00:00:00+05:30,175.59133911132812
2018-12-04 00:00:00+05:30,174.11163330078125
2018-12-05 00:00:00+05:30,171.05357360839844
2018-12-06 00:00:00+05:30,166.17056274414062
2018-12-07 00:00:00+05:30,163.9510040283203
2018-12-10 00:00:00+05:30,163.408447265625
2018-12-11 00:00:00+05:30,175.44337463378906
2018-12-12 00:00:00+05:30,184.07496643066406
2018-12-13 00:00:00+05:30,172.3359832763672
2018-12-14 00:00:00+05:30,177.9095458984375
2018-12-17 00:00:00+05:30,178.55075073242188
2018-12-18 00:00:00+05:30,176.5778045654297
2018-12-19 00:00:00+05:30,177.120361328125
2018-12-20 00:00:00+05:30,184.22293090820312
2018-12-21 00:00:00+05:30,180.47434997558594
2018-12-24 00:00:00+05:30,179.83316040039062
2018-12-26 00:00:00+05:30,177.02171325683594
2018-12-27 00:00:00+05:30,175.6899871826172
2018-12-28 00:00:00+05:30,178.99464416503906
2018-12-31 00:00:00+05:30,179.3399200439453
2019-01-01 00:00:00+05:30,181.7567596435547
2019-01-02 00:00:00+05:30,182.15135192871094
2019-01-03 00:00:00+05:30,181.60879516601562
2019-01-04 00:00:00+05:30,187.0836944580078
2019-01-07 00:00:00+05:30,184.61752319335938
2019-01-08 00:00:00+05:30,189.74716186523438
2019-01-09 00:00:00+05:30,183.92698669433594
2019-01-10 00:00:00+05:30,184.3708953857422
2019-01-11 00:00:00+05:30,181.7567596435547
2019-01-14 00:00:00+05:30,192.70657348632812
2019-01-15 00:00:00+05:30,200.25303649902344
2019-01-16 00:00:00+05:30,205.53065490722656
2019-01-17 00:00:00+05:30,198.77334594726562
2019-01-18 00:00:00+05:30,195.91258239746094
2019-01-21 00:00:00+05:30,189.35256958007812
2019-01-22 00:00:00+05:30,189.59918212890625
2019-01-23 00:00:00+05:30,194.5808563232422
2019-01-24 00:00:00+05:30,212.48524475097656
2019-01-25 00:00:00+05:30,216.62841796875
2019-01-28 00:00:00+05:30,204.69215393066406
2019-01-29 00:00:00+05:30,200.15438842773438
2019-01-30 00:00:00+05:30,196.80039978027344
2019-01-31 00:00:00+05:30,191.47348022460938
2019-02-01 00:00:00+05:30,183.0885009765625
2019-02-04 00:00:00+05:30,177.3669891357422
2019-02-05 00:00:00+05:30,173.71705627441406
2019-02-06 00:00:00+05:30,174.06231689453125
2019-02-07 00:00:00+05:30,174.5555419921875
2019-02-08 00:00:00+05:30,172.7305908203125
2019-02-11 00:00:00+05:30,170.90560913085938
2019-02-12 00:00:00+05:30,170.313720703125
2019-02-14 00:00:00+05:30,218.25608825683594
2019-02-15 00:00:00+05:30,216.03652954101562
2019-02-18 00:00:00+05:30,210.66029357910156
2019-02-19 00:00:00+05:30,209.96975708007812
2019-02-20 00:00:00+05:30,214.902099609375
2019-02-21 00:00:00+05:30,212.23863220214844
2019-02-22 00:00:00+05:30,218.99594116210938
2019-02-25 00:00:00+05:30,225.99986267089844
2019-02-26 00:00:00+05:30,226.3944549560547
2019-02-27 00:00:00+05:30,225.11204528808594
2019-02-28 00:00:00+05:30,228.02210998535156
2019-03-01 00:00:00+05:30,234.3848419189453
2019-03-05 00:00:00+05:30,234.23687744140625
2019-03-06 00:00:00+05:30,232.115966796875
2019-03-07 00:00:00+05:30,228.56468200683594
2019-03-08 00:00:00+05:30,229.1565704345703
2019-03-11 00:00:00+05:30,233.10243225097656
2019-03-12 00:00:00+05:30,232.6585235595703
2019-03-13 00:00:00+05:30,240.9941864013672
2019-03-14 00:00:00+05:30,246.46908569335938
2019-03-15 00:00:00+05:30,241.73403930664062
2019-03-18 00:00:00+05:30,242.62185668945312
2019-03-19 00:00:00+05:30,245.43328857421875
2019-03-20 00:00:00+05:30,248.73794555664062
2019-03-22 00:00:00+05:30,249.18186950683594
2019-03-25 00:00:00+05:30,243.90426635742188
2019-03-26 00:00:00+05:30,250.26698303222656
2019-03-27 00:00:00+05:30,264.8174133300781
2019-03-28 00:00:00+05:30,272.3638610839844
2019-04-01 00:00:00+05:30,272.16656494140625
2019-04-02 00:00:00+05:30,276.50701904296875
2019-04-03 00:00:00+05:30,269.9963684082031
2019-04-04 00:00:00+05:30,264.42279052734375
2019-04-05 00:00:00+05:30,263.2390441894531
2019-04-08 00:00:00+05:30,256.5310363769531
2019-04-09 00:00:00+05:30,266.93829345703125
2019-04-10 00:00:00+05:30,264.6200866699219
2019-04-11 00:00:00+05:30,265.4092712402344
2019-04-12 00:00:00+05:30,264.2748107910156
2019-04-15 00:00:00+05:30,261.9073181152344
2019-04-16 00:00:00+05:30,262.8444519042969
2019-04-18 00:00:00+05:30,252.33856201171875
2019-04-22 00:00:00+05:30,235.12469482421875
2019-04-23 00:00:00+05:30,229.5511474609375
2019-04-24 00:00:00+05:30,235.9138641357422
2019-04-25 00:00:00+05:30,233.84228515625
2019-04-26 00:00:00+05:30,233.99024963378906
2019-04-30 00:00:00+05:30,165.72665405273438
2019-05-02 00:00:00+05:30,171.3988494873047
2019-05-03 00:00:00+05:30,173.51974487304688
2019-05-06 00:00:00+05:30,164.00033569335938
2019-05-07 00:00:00+05:30,162.5206298828125
2019-05-08 00:00:00+05:30,158.57476806640625
2019-05-09 00:00:00+05:30,167.9955291748047
2019-05-10 00:00:00+05:30,161.6328125
2019-05-13 00:00:00+05:30,152.60662841796875
2019-05-14 00:00:00+05:30,153.74107360839844
2019-05-15 00:00:00+05:30,141.015625
2019-05-16 00:00:00+05:30,135.88600158691406
2019-05-17 00:00:00+05:30,132.33470153808594
2019-05-20 00:00:00+05:30,141.60751342773438
2019-05-21 00:00:00+05:30,139.09201049804688
2019-05-22 00:00:00+05:30,135.68870544433594
2019-05-23 00:00:00+05:30,137.8589324951172
2019-05-24 00:00:00+05:30,139.289306640625
2019-05-27 00:00:00+05:30,144.81353759765625
2019-05-28 00:00:00+05:30,150.7323455810547
2019-05-29 00:00:00+05:30,149.647216796875
2019-05-30 00:00:00+05:30,152.90257263183594
2019-05-31 00:00:00+05:30,145.8000030517578
2019-06-03 00:00:00+05:30,149.4499969482422
2019-06-04 00:00:00+05:30,152.8000030517578
2019-06-06 00:00:00+05:30,143.39999389648438
2019-06-07 00:00:00+05:30,139.89999389648438
2019-06-10 00:00:00+05:30,135.89999389648438
2019-06-11 00:00:00+05:30,139.5500030517578
2019-06-12 00:00:00+05:30,134.75
2019-06-13 00:00:00+05:30,117.0999984741211
2019-06-14 00:00:00+05:30,115.05000305175781
2019-06-17 00:00:00+05:30,116.1500015258789
2019-06-18 00:00:00+05:30,109.30000305175781
2019-06-19 00:00:00+05:30,103.19999694824219
2019-06-20 00:00:00+05:30,114.55000305175781
2019-06-21 00:00:00+05:30,109.5999984741211
2019-06-24 00:00:00+05:30,111.94999694824219
2019-06-25 00:00:00+05:30,110.05000305175781
2019-06-26 00:00:00+05:30,113.05000305175781
2019-06-27 00:00:00+05:30,112.4000015258789
2019-06-28 00:00:00+05:30,108.75
2019-07-01 00:00:00+05:30,109.1500015258789
2019-07-02 00:00:00+05:30,100.80000305175781
2019-07-03 00:00:00+05:30,99.75
2019-07-04 00:00:00+05:30,96.25
2019-07-05 00:00:00+05:30,88.1500015258789
2019-07-08 00:00:00+05:30,93.1500015258789
2019-07-09 00:00:00+05:30,91.3499984741211
2019-07-10 00:00:00+05:30,93.0
2019-07-11 00:00:00+05:30,92.44999694824219
2019-07-12 00:00:00+05:30,94.19999694824219
2019-07-15 00:00:00+05:30,93.19999694824219
2019-07-16 00:00:00+05:30,103.8499984741211
2019-07-17 00:00:00+05:30,98.4000015258789
2019-07-18 00:00:00+05:30,85.80000305175781
2019-07-19 00:00:00+05:30,83.25
2019-07-22 00:00:00+05:30,91.1500015258789
2019-07-23 00:00:00+05:30,90.6500015258789
2019-07-24 00:00:00+05:30,89.1500015258789
2019-07-25 00:00:00+05:30,87.6500015258789
2019-07-26 00:00:00+05:30,96.05000305175781
2019-07-29 00:00:00+05:30,94.75
2019-07-30 00:00:00+05:30,86.05000305175781
2019-07-31 00:00:00+05:30,91.19999694824219
2019-08-01 00:00:00+05:30,88.4000015258789
2019-08-02 00:00:00+05:30,88.30000305175781
2019-08-05 00:00:00+05:30,81.0999984741211
2019-08-06 00:00:00+05:30,85.3499984741211
2019-08-07 00:00:00+05:30,86.8499984741211
2019-08-08 00:00:00+05:30,89.19999694824219
2019-08-09 00:00:00+05:30,82.1500015258789
2019-08-13 00:00:00+05:30,73.5999984741211
2019-08-14 00:00:00+05:30,76.55000305175781
2019-08-16 00:00:00+05:30,79.44999694824219
2019-08-19 00:00:00+05:30,76.6500015258789
2019-08-20 00:00:00+05:30,71.19999694824219
2019-08-21 00:00:00+05:30,65.4000015258789
2019-08-22 00:00:00+05:30,56.29999923706055
2019-08-23 00:00:00+05:30,59.25
2019-08-26 00:00:00+05:30,62.900001525878906
2019-08-27 00:00:00+05:30,64.5
2019-08-28 00:00:00+05:30,59.5
2019-08-29 00:00:00+05:30,57.400001525878906
2019-08-30 00:00:00+05:30,59.95000076293945
2019-09-03 00:00:00+05:30,58.75
2019-09-04 00:00:00+05:30,59.45000076293945
2019-09-05 00:00:00+05:30,61.95000076293945
2019-09-06 00:00:00+05:30,60.400001525878906
2019-09-09 00:00:00+05:30,63.099998474121094
2019-09-11 00:00:00+05:30,71.5999984741211
2019-09-12 00:00:00+05:30,67.94999694824219
2019-09-13 00:00:00+05:30,68.55000305175781
2019-09-16 00:00:00+05:30,67.05000305175781
2019-09-17 00:00:00+05:30,65.0999984741211
2019-09-18 00:00:00+05:30,64.0999984741211
2019-09-19 00:00:00+05:30,54.099998474121094
2019-09-20 00:00:00+05:30,55.5
2019-09-23 00:00:00+05:30,55.45000076293945
2019-09-24 00:00:00+05:30,56.04999923706055
2019-09-25 00:00:00+05:30,53.70000076293945
2019-09-26 00:00:00+05:30,51.04999923706055
2019-09-27 00:00:00+05:30,48.75
2019-09-30 00:00:00+05:30,41.400001525878906
2019-10-01 00:00:00+05:30,32.0
2019-10-03 00:00:00+05:30,42.5
2019-10-04 00:00:00+05:30,42.150001525878906
2019-10-07 00:00:00+05:30,45.650001525878906
2019-10-09 00:00:00+05:30,43.25
2019-10-10 00:00:00+05:30,40.95000076293945
2019-10-11 00:00:00+05:30,39.599998474121094
2019-10-14 00:00:00+05:30,40.099998474121094
2019-10-15 00:00:00+05:30,40.599998474121094
2019-10-16 00:00:00+05:30,41.04999923706055
2019-10-17 00:00:00+05:30,47.400001525878906
2019-10-18 00:00:00+05:30,51.400001525878906
2019-10-22 00:00:00+05:30,51.79999923706055
2019-10-23 00:00:00+05:30,51.20000076293945
2019-10-24 00:00:00+05:30,48.29999923706055
2019-10-25 00:00:00+05:30,52.150001525878906
2019-10-27 00:00:00+05:30,54.75
2019-10-29 00:00:00+05:30,58.150001525878906
2019-10-30 00:00:00+05:30,56.79999923706055
2019-10-31 00:00:00+05:30,70.4000015258789
2019-11-01 00:00:00+05:30,66.5999984741211
2019-11-04 00:00:00+05:30,66.1500015258789
2019-11-05 00:00:00+05:30,68.30000305175781
2019-11-06 00:00:00+05:30,68.69999694824219
2019-11-07 00:00:00+05:30,66.44999694824219
2019-11-08 00:00:00+05:30,68.94999694824219
2019-11-11 00:00:00+05:30,73.0
2019-11-13 00:00:00+05:30,68.19999694824219
2019-11-14 00:00:00+05:30,68.75
2019-11-15 00:00:00+05:30,68.69999694824219
2019-11-18 00:00:00+05:30,65.8499984741211
2019-11-19 00:00:00+05:30,64.1500015258789
2019-11-20 00:00:00+05:30,65.8499984741211
2019-11-21 00:00:00+05:30,64.25
2019-11-22 00:00:00+05:30,64.80000305175781
2019-11-25 00:00:00+05:30,63.75
2019-11-26 00:00:00+05:30,63.150001525878906
2019-11-27 00:00:00+05:30,68.25
2019-11-28 00:00:00+05:30,70.05000305175781
2019-11-29 00:00:00+05:30,68.30000305175781
2019-12-02 00:00:00+05:30,64.05000305175781
2019-12-03 00:00:00+05:30,59.5
2019-12-04 00:00:00+05:30,63.0
2019-12-05 00:00:00+05:30,62.099998474121094
2019-12-06 00:00:00+05:30,56.0
2019-12-09 00:00:00+05:30,56.25
2019-12-10 00:00:00+05:30,50.54999923706055
2019-12-11 00:00:00+05:30,42.79999923706055
2019-12-12 00:00:00+05:30,45.349998474121094
2019-12-13 00:00:00+05:30,46.650001525878906
2019-12-16 00:00:00+05:30,46.79999923706055
2019-12-17 00:00:00+05:30,47.599998474121094
2019-12-18 00:00:00+05:30,46.75
2019-12-19 00:00:00+05:30,49.900001525878906
2019-12-20 00:00:00+05:30,51.400001525878906
2019-12-23 00:00:00+05:30,49.650001525878906
2019-12-24 00:00:00+05:30,51.20000076293945
2019-12-26 00:00:00+05:30,48.650001525878906
2019-12-27 00:00:00+05:30,48.0
2019-12-30 00:00:00+05:30,47.349998474121094
2019-12-31 00:00:00+05:30,46.95000076293945
2020-01-01 00:00:00+05:30,46.650001525878906
2020-01-02 00:00:00+05:30,47.349998474121094
2020-01-03 00:00:00+05:30,47.099998474121094
2020-01-06 00:00:00+05:30,45.150001525878906
2020-01-07 00:00:00+05:30,45.04999923706055
2020-01-08 00:00:00+05:30,46.04999923706055
2020-01-09 00:00:00+05:30,47.29999923706055
2020-01-10 00:00:00+05:30,44.75
2020-01-13 00:00:00+05:30,42.099998474121094
2020-01-14 00:00:00+05:30,38.54999923706055
2020-01-15 00:00:00+05:30,39.75
2020-01-16 00:00:00+05:30,39.95000076293945
2020-01-17 00:00:00+05:30,39.25
2020-01-20 00:00:00+05:30,38.650001525878906
2020-01-21 00:00:00+05:30,38.349998474121094
2020-01-22 00:00:00+05:30,38.45000076293945
2020-01-23 00:00:00+05:30,40.95000076293945
2020-01-24 00:00:00+05:30,42.79999923706055
2020-01-27 00:00:00+05:30,42.400001525878906
2020-01-28 00:00:00+05:30,41.650001525878906
2020-01-29 00:00:00+05:30,41.20000076293945
2020-01-30 00:00:00+05:30,39.04999923706055
2020-01-31 00:00:00+05:30,39.25
2020-02-03 00:00:00+05:30,36.0
2020-02-04 00:00:00+05:30,34.95000076293945
2020-02-05 00:00:00+05:30,37.599998474121094
2020-02-06 00:00:00+05:30,38.54999923706055
2020-02-07 00:00:00+05:30,38.70000076293945
2020-02-10 00:00:00+05:30,37.54999923706055
2020-02-11 00:00:00+05:30,36.849998474121094
2020-02-12 00:00:00+05:30,35.20000076293945
2020-02-13 00:00:00+05:30,37.20000076293945
2020-02-14 00:00:00+05:30,38.900001525878906
2020-02-17 00:00:00+05:30,37.150001525878906
2020-02-18 00:00:00+05:30,35.04999923706055
2020-02-19 00:00:00+05:30,35.29999923706055
2020-02-20 00:00:00+05:30,35.45000076293945
2020-02-24 00:00:00+05:30,34.95000076293945
2020-02-25 00:00:00+05:30,35.150001525878906
2020-02-26 00:00:00+05:30,36.54999923706055
2020-02-27 00:00:00+05:30,36.79999923706055
2020-02-28 00:00:00+05:30,34.599998474121094
2020-03-02 00:00:00+05:30,31.549999237060547
2020-03-03 00:00:00+05:30,31.200000762939453
2020-03-04 00:00:00+05:30,29.299999237060547
2020-03-05 00:00:00+05:30,36.79999923706055
2020-03-06 00:00:00+05:30,16.149999618530273
2020-03-09 00:00:00+05:30,21.25
2020-03-11 00:00:00+05:30,28.799999237060547
2020-03-12 00:00:00+05:30,25.049999237060547
2020-03-13 00:00:00+05:30,25.549999237060547
2020-03-16 00:00:00+05:30,37.099998474121094
2020-03-17 00:00:00+05:30,58.650001525878906
2020-03-18 00:00:00+05:30,60.45000076293945
2020-03-19 00:00:00+05:30,53.849998474121094
2020-03-20 00:00:00+05:30,45.849998474121094
2020-03-23 00:00:00+05:30,39.75
2020-03-24 00:00:00+05:30,35.0
2020-03-25 00:00:00+05:30,29.600000381469727
2020-03-26 00:00:00+05:30,26.600000381469727
2020-03-27 00:00:00+05:30,26.350000381469727
2020-03-30 00:00:00+05:30,24.899999618530273
2020-03-31 00:00:00+05:30,22.450000762939453
2020-04-01 00:00:00+05:30,23.950000762939453
2020-04-03 00:00:00+05:30,24.100000381469727
2020-04-07 00:00:00+05:30,24.549999237060547
2020-04-08 00:00:00+05:30,24.75
2020-04-09 00:00:00+05:30,24.899999618530273
2020-04-13 00:00:00+05:30,24.100000381469727
2020-04-15 00:00:00+05:30,24.5
2020-04-16 00:00:00+05:30,24.600000381469727
2020-04-17 00:00:00+05:30,25.100000381469727
2020-04-20 00:00:00+05:30,29.450000762939453
2020-04-21 00:00:00+05:30,29.649999618530273
2020-04-22 00:00:00+05:30,29.600000381469727
2020-04-23 00:00:00+05:30,28.299999237060547
2020-04-24 00:00:00+05:30,26.600000381469727
2020-04-27 00:00:00+05:30,27.049999237060547
2020-04-28 00:00:00+05:30,27.25
2020-04-29 00:00:00+05:30,28.049999237060547
2020-04-30 00:00:00+05:30,27.899999618530273
2020-05-04 00:00:00+05:30,27.049999237060547
2020-05-05 00:00:00+05:30,26.600000381469727
2020-05-06 00:00:00+05:30,26.299999237060547
2020-05-07 00:00:00+05:30,28.100000381469727
2020-05-08 00:00:00+05:30,27.049999237060547
2020-05-11 00:00:00+05:30,27.799999237060547
2020-05-12 00:00:00+05:30,27.950000762939453
2020-05-13 00:00:00+05:30,28.649999618530273
2020-05-14 00:00:00+05:30,28.200000762939453
2020-05-15 00:00:00+05:30,28.700000762939453
2020-05-18 00:00:00+05:30,27.549999237060547
2020-05-19 00:00:00+05:30,27.399999618530273
2020-05-20 00:00:00+05:30,27.149999618530273
2020-05-21 00:00:00+05:30,26.899999618530273
2020-05-22 00:00:00+05:30,26.549999237060547
2020-05-26 00:00:00+05:30,27.399999618530273
2020-05-27 00:00:00+05:30,27.600000381469727
2020-05-28 00:00:00+05:30,27.0
2020-05-29 00:00:00+05:30,26.850000381469727
2020-06-01 00:00:00+05:30,27.149999618530273
2020-06-02 00:00:00+05:30,27.149999618530273
2020-06-03 00:00:00+05:30,27.950000762939453
2020-06-04 00:00:00+05:30,27.950000762939453
2020-06-05 00:00:00+05:30,28.850000381469727
2020-06-08 00:00:00+05:30,30.600000381469727
2020-06-09 00:00:00+05:30,29.850000381469727
2020-06-10 00:00:00+05:30,30.399999618530273
2020-06-11 00:00:00+05:30,29.799999237060547
2020-06-12 00:00:00+05:30,29.5
2020-06-15 00:00:00+05:30,29.0
2020-06-16 00:00:00+05:30,28.399999618530273
2020-06-17 00:00:00+05:30,27.649999618530273
2020-06-18 00:00:00+05:30,28.0
2020-06-19 00:00:00+05:30,28.0
2020-06-22 00:00:00+05:30,27.75
2020-06-23 00:00:00+05:30,27.549999237060547
2020-06-24 00:00:00+05:30,27.049999237060547
2020-06-25 00:00:00+05:30,27.0
2020-06-26 00:00:00+05:30,26.75
2020-06-29 00:00:00+05:30,26.100000381469727
2020-06-30 00:00:00+05:30,25.600000381469727
2020-07-01 00:00:00+05:30,26.899999618530273
2020-07-02 00:00:00+05:30,26.25
2020-07-03 00:00:00+05:30,26.149999618530273
2020-07-06 00:00:00+05:30,26.049999237060547
2020-07-07 00:00:00+05:30,25.75
2020-07-08 00:00:00+05:30,26.049999237060547
2020-07-09 00:00:00+05:30,26.649999618530273
2020-07-10 00:00:00+05:30,25.549999237060547
2020-07-13 00:00:00+05:30,22.049999237060547
2020-07-14 00:00:00+05:30,20.950000762939453
2020-07-15 00:00:00+05:30,20.450000762939453
2020-07-16 00:00:00+05:30,19.200000762939453
2020-07-17 00:00:00+05:30,19.799999237060547
2020-07-20 00:00:00+05:30,19.450000762939453
2020-07-21 00:00:00+05:30,19.299999237060547
2020-07-22 00:00:00+05:30,18.25
2020-07-23 00:00:00+05:30,14.75
2020-07-24 00:00:00+05:30,13.649999618530273
2020-07-27 00:00:00+05:30,12.300000190734863
2020-07-28 00:00:00+05:30,11.899999618530273
2020-07-29 00:00:00+05:30,11.699999809265137
2020-07-30 00:00:00+05:30,11.949999809265137
2020-07-31 00:00:00+05:30,11.949999809265137
2020-08-03 00:00:00+05:30,12.0
2020-08-04 00:00:00+05:30,12.25
2020-08-05 00:00:00+05:30,12.850000381469727
2020-08-06 00:00:00+05:30,13.449999809265137
2020-08-07 00:00:00+05:30,14.100000381469727
2020-08-10 00:00:00+05:30,14.800000190734863
2020-08-11 00:00:00+05:30,15.5
2020-08-12 00:00:00+05:30,16.25
2020-08-13 00:00:00+05:30,15.850000381469727
2020-08-14 00:00:00+05:30,15.100000381469727
2020-08-17 00:00:00+05:30,14.350000381469727
2020-08-18 00:00:00+05:30,15.050000190734863
2020-08-19 00:00:00+05:30,15.800000190734863
2020-08-20 00:00:00+05:30,15.75
2020-08-21 00:00:00+05:30,15.550000190734863
2020-08-24 00:00:00+05:30,14.800000190734863
2020-08-25 00:00:00+05:30,14.75
2020-08-26 00:00:00+05:30,14.649999618530273
2020-08-27 00:00:00+05:30,14.699999809265137
2020-08-28 00:00:00+05:30,15.0
2020-08-31 00:00:00+05:30,14.350000381469727
2020-09-01 00:00:00+05:30,14.649999618530273
2020-09-02 00:00:00+05:30,14.399999618530273
2020-09-03 00:00:00+05:30,14.600000381469727
2020-09-04 00:00:00+05:30,14.25
2020-09-07 00:00:00+05:30,14.100000381469727
2020-09-08 00:00:00+05:30,13.949999809265137
2020-09-09 00:00:00+05:30,13.649999618530273
2020-09-10 00:00:00+05:30,13.899999618530273
2020-09-11 00:00:00+05:30,14.550000190734863
2020-09-14 00:00:00+05:30,14.75
2020-09-15 00:00:00+05:30,14.550000190734863
2020-09-16 00:00:00+05:30,14.25
2020-09-17 00:00:00+05:30,14.100000381469727
2020-09-18 00:00:00+05:30,14.0
2020-09-21 00:00:00+05:30,13.550000190734863
2020-09-22 00:00:00+05:30,13.199999809265137
2020-09-23 00:00:00+05:30,13.149999618530273
2020-09-24 00:00:00+05:30,12.949999809265137
2020-09-25 00:00:00+05:30,13.350000381469727
2020-09-28 00:00:00+05:30,13.550000190734863
2020-09-29 00:00:00+05:30,13.350000381469727
2020-09-30 00:00:00+05:30,13.149999618530273
2020-10-01 00:00:00+05:30,13.300000190734863
2020-10-05 00:00:00+05:30,13.350000381469727
2020-10-06 00:00:00+05:30,13.300000190734863
2020-10-07 00:00:00+05:30,13.149999618530273
2020-10-08 00:00:00+05:30,13.100000381469727
2020-10-09 00:00:00+05:30,13.149999618530273
2020-10-12 00:00:00+05:30,13.0
2020-10-13 00:00:00+05:30,12.949999809265137
2020-10-14 00:00:00+05:30,12.899999618530273
2020-10-15 00:00:00+05:30,12.649999618530273
2020-10-16 00:00:00+05:30,12.649999618530273
2020-10-19 00:00:00+05:30,12.899999618530273
2020-10-20 00:00:00+05:30,12.899999618530273
2020-10-21 00:00:00+05:30,12.949999809265137
2020-10-22 00:00:00+05:30,12.699999809265137
2020-10-23 00:00:00+05:30,13.300000190734863
2020-10-26 00:00:00+05:30,13.149999618530273
2020-10-27 00:00:00+05:30,12.850000381469727
2020-10-28 00:00:00+05:30,12.5
2020-10-29 00:00:00+05:30,12.399999618530273
2020-10-30 00:00:00+05:30,12.399999618530273
2020-11-02 00:00:00+05:30,12.25
2020-11-03 00:00:00+05:30,12.25
2020-11-04 00:00:00+05:30,12.25
2020-11-05 00:00:00+05:30,12.300000190734863
2020-11-06 00:00:00+05:30,12.300000190734863
2020-11-09 00:00:00+05:30,12.899999618530273
2020-11-10 00:00:00+05:30,13.5
2020-11-11 00:00:00+05:30,14.149999618530273
2020-11-12 00:00:00+05:30,14.350000381469727
2020-11-13 00:00:00+05:30,14.550000190734863
2020-11-14 00:00:00+05:30,14.550000190734863
2020-11-17 00:00:00+05:30,14.649999618530273
2020-11-18 00:00:00+05:30,14.699999809265137
2020-11-19 00:00:00+05:30,14.25
2020-11-20 00:00:00+05:30,14.550000190734863
2020-11-23 00:00:00+05:30,14.550000190734863
2020-11-24 00:00:00+05:30,14.699999809265137
2020-11-25 00:00:00+05:30,14.149999618530273
2020-11-26 00:00:00+05:30,14.100000381469727
2020-11-27 00:00:00+05:30,14.699999809265137
2020-12-01 00:00:00+05:30,15.399999618530273
2020-12-02 00:00:00+05:30,15.449999809265137
2020-12-03 00:00:00+05:30,15.449999809265137
2020-12-04 00:00:00+05:30,15.350000381469727
2020-12-07 00:00:00+05:30,15.75
2020-12-08 00:00:00+05:30,17.299999237060547
2020-12-09 00:00:00+05:30,19.0
2020-12-10 00:00:00+05:30,20.450000762939453
2020-12-11 00:00:00+05:30,19.450000762939453
2020-12-14 00:00:00+05:30,18.5
2020-12-15 00:00:00+05:30,18.299999237060547
2020-12-16 00:00:00+05:30,18.850000381469727
2020-12-17 00:00:00+05:30,18.25
2020-12-18 00:00:00+05:30,18.899999618530273
2020-12-21 00:00:00+05:30,18.0
2020-12-22 00:00:00+05:30,17.299999237060547
2020-12-23 00:00:00+05:30,17.600000381469727
2020-12-24 00:00:00+05:30,17.549999237060547
2020-12-28 00:00:00+05:30,17.799999237060547
2020-12-29 00:00:00+05:30,17.75
2020-12-30 00:00:00+05:30,17.75
2020-12-31 00:00:00+05:30,17.850000381469727
2021-01-01 00:00:00+05:30,18.0
2021-01-04 00:00:00+05:30,18.0
2021-01-05 00:00:00+05:30,18.0
2021-01-06 00:00:00+05:30,18.0
2021-01-07 00:00:00+05:30,18.0
2021-01-08 00:00:00+05:30,18.049999237060547
2021-01-11 00:00:00+05:30,17.950000762939453
2021-01-12 00:00:00+05:30,18.049999237060547
2021-01-13 00:00:00+05:30,17.799999237060547
2021-01-14 00:00:00+05:30,17.850000381469727
2021-01-15 00:00:00+05:30,17.600000381469727
2021-01-18 00:00:00+05:30,17.700000762939453
2021-01-19 00:00:00+05:30,17.899999618530273
2021-01-20 00:00:00+05:30,17.649999618530273
2021-01-21 00:00:00+05:30,17.25
2021-01-22 00:00:00+05:30,17.0
2021-01-25 00:00:00+05:30,16.350000381469727
2021-01-27 00:00:00+05:30,15.75
2021-01-28 00:00:00+05:30,15.050000190734863
2021-01-29 00:00:00+05:30,15.75
2021-02-01 00:00:00+05:30,16.399999618530273
2021-02-02 00:00:00+05:30,16.549999237060547
2021-02-03 00:00:00+05:30,16.25
2021-02-04 00:00:00+05:30,16.200000762939453
2021-02-05 00:00:00+05:30,16.899999618530273
2021-02-08 00:00:00+05:30,17.049999237060547
2021-02-09 00:00:00+05:30,16.649999618530273
2021-02-10 00:00:00+05:30,16.399999618530273
2021-02-11 00:00:00+05:30,16.5
2021-02-12 00:00:00+05:30,16.399999618530273
2021-02-15 00:00:00+05:30,16.25
2021-02-16 00:00:00+05:30,16.049999237060547
2021-02-17 00:00:00+05:30,15.899999618530273
2021-02-18 00:00:00+05:30,16.149999618530273
2021-02-19 00:00:00+05:30,15.949999809265137
2021-02-22 00:00:00+05:30,15.600000381469727
2021-02-23 00:00:00+05:30,15.600000381469727
2021-02-24 00:00:00+05:30,16.100000381469727
2021-02-25 00:00:00+05:30,16.100000381469727
2021-02-26 00:00:00+05:30,15.75
2021-03-01 00:00:00+05:30,16.299999237060547
2021-03-02 00:00:00+05:30,16.299999237060547
2021-03-03 00:00:00+05:30,16.350000381469727
2021-03-04 00:00:00+05:30,16.600000381469727
2021-03-05 00:00:00+05:30,16.350000381469727
2021-03-08 00:00:00+05:30,16.25
2021-03-09 00:00:00+05:30,16.049999237060547
2021-03-10 00:00:00+05:30,16.049999237060547
2021-03-12 00:00:00+05:30,15.899999618530273
2021-03-15 00:00:00+05:30,15.649999618530273
2021-03-16 00:00:00+05:30,15.449999809265137
2021-03-17 00:00:00+05:30,15.100000381469727
2021-03-18 00:00:00+05:30,14.899999618530273
2021-03-19 00:00:00+05:30,14.949999809265137
2021-03-22 00:00:00+05:30,14.850000381469727
2021-03-23 00:00:00+05:30,14.899999618530273
2021-03-24 00:00:00+05:30,14.649999618530273
2021-03-25 00:00:00+05:30,14.199999809265137
2021-03-26 00:00:00+05:30,14.050000190734863
2021-03-30 00:00:00+05:30,16.299999237060547
2021-03-31 00:00:00+05:30,15.600000381469727
2021-04-01 00:00:00+05:30,15.699999809265137
2021-04-05 00:00:00+05:30,15.5
2021-04-06 00:00:00+05:30,15.600000381469727
2021-04-07 00:00:00+05:30,15.600000381469727
2021-04-08 00:00:00+05:30,15.550000190734863
2021-04-09 00:00:00+05:30,15.449999809265137
2021-04-12 00:00:00+05:30,14.449999809265137
2021-04-13 00:00:00+05:30,14.699999809265137
2021-04-15 00:00:00+05:30,14.550000190734863
2021-04-16 00:00:00+05:30,14.600000381469727
2021-04-19 00:00:00+05:30,14.199999809265137
2021-04-20 00:00:00+05:30,14.050000190734863
2021-04-22 00:00:00+05:30,14.050000190734863
2021-04-23 00:00:00+05:30,14.0
2021-04-26 00:00:00+05:30,14.050000190734863
2021-04-27 00:00:00+05:30,14.75
2021-04-28 00:00:00+05:30,14.800000190734863
2021-04-29 00:00:00+05:30,14.5
2021-04-30 00:00:00+05:30,14.550000190734863
2021-05-03 00:00:00+05:30,13.899999618530273
2021-05-04 00:00:00+05:30,13.850000381469727
2021-05-05 00:00:00+05:30,13.850000381469727
2021-05-06 00:00:00+05:30,13.550000190734863
2021-05-07 00:00:00+05:30,13.350000381469727
2021-05-10 00:00:00+05:30,13.100000381469727
2021-05-11 00:00:00+05:30,13.149999618530273
2021-05-12 00:00:00+05:30,13.300000190734863
2021-05-14 00:00:00+05:30,13.199999809265137
2021-05-17 00:00:00+05:30,13.350000381469727
2021-05-18 00:00:00+05:30,13.350000381469727
2021-05-19 00:00:00+05:30,13.300000190734863
2021-05-20 00:00:00+05:30,13.25
2021-05-21 00:00:00+05:30,13.350000381469727
2021-05-24 00:00:00+05:30,13.850000381469727
2021-05-25 00:00:00+05:30,13.600000381469727
2021-05-26 00:00:00+05:30,13.449999809265137
2021-05-27 00:00:00+05:30,13.399999618530273
2021-05-28 00:00:00+05:30,13.350000381469727
2021-05-31 00:00:00+05:30,13.5
2021-06-01 00:00:00+05:30,13.350000381469727
2021-06-02 00:00:00+05:30,13.449999809265137
2021-06-03 00:00:00+05:30,13.5
2021-06-04 00:00:00+05:30,13.75
2021-06-07 00:00:00+05:30,15.050000190734863
2021-06-08 00:00:00+05:30,14.75
2021-06-09 00:00:00+05:30,14.199999809265137
2021-06-10 00:00:00+05:30,14.649999618530273
2021-06-11 00:00:00+05:30,14.399999618530273
2021-06-14 00:00:00+05:30,14.100000381469727
2021-06-15 00:00:00+05:30,14.100000381469727
2021-06-16 00:00:00+05:30,14.0
2021-06-17 00:00:00+05:30,13.75
2021-06-18 00:00:00+05:30,13.75
2021-06-21 00:00:00+05:30,13.899999618530273
2021-06-22 00:00:00+05:30,13.800000190734863
2021-06-23 00:00:00+05:30,13.699999809265137
2021-06-24 00:00:00+05:30,13.600000381469727
2021-06-25 00:00:00+05:30,13.649999618530273
2021-06-28 00:00:00+05:30,13.649999618530273
2021-06-29 00:00:00+05:30,13.550000190734863
2021-06-30 00:00:00+05:30,13.550000190734863
2021-07-01 00:00:00+05:30,13.550000190734863
2021-07-02 00:00:00+05:30,13.550000190734863
2021-07-05 00:00:00+05:30,13.449999809265137
2021-07-06 00:00:00+05:30,13.350000381469727
2021-07-07 00:00:00+05:30,13.300000190734863
2021-07-08 00:00:00+05:30,13.350000381469727
2021-07-09 00:00:00+05:30,13.25
2021-07-12 00:00:00+05:30,13.100000381469727
2021-07-13 00:00:00+05:30,13.0
2021-07-14 00:00:00+05:30,13.050000190734863
2021-07-15 00:00:00+05:30,13.550000190734863
2021-07-16 00:00:00+05:30,13.399999618530273
2021-07-19 00:00:00+05:30,13.199999809265137
2021-07-20 00:00:00+05:30,12.949999809265137
2021-07-22 00:00:00+05:30,13.0
2021-07-23 00:00:00+05:30,13.050000190734863
2021-07-26 00:00:00+05:30,13.300000190734863
2021-07-27 00:00:00+05:30,13.050000190734863
2021-07-28 00:00:00+05:30,12.949999809265137
2021-07-29 00:00:00+05:30,12.850000381469727
2021-07-30 00:00:00+05:30,12.75
2021-08-02 00:00:00+05:30,12.75
2021-08-03 00:00:00+05:30,12.75
2021-08-04 00:00:00+05:30,12.649999618530273
2021-08-05 00:00:00+05:30,12.399999618530273
2021-08-06 00:00:00+05:30,12.5
2021-08-09 00:00:00+05:30,12.449999809265137
2021-08-10 00:00:00+05:30,12.300000190734863
2021-08-11 00:00:00+05:30,11.949999809265137
2021-08-12 00:00:00+05:30,11.949999809265137
2021-08-13 00:00:00+05:30,11.899999618530273
2021-08-16 00:00:00+05:30,11.699999809265137
2021-08-17 00:00:00+05:30,11.25
2021-08-18 00:00:00+05:30,11.300000190734863
2021-08-20 00:00:00+05:30,11.149999618530273
2021-08-23 00:00:00+05:30,10.800000190734863
2021-08-24 00:00:00+05:30,11.0
2021-08-25 00:00:00+05:30,10.949999809265137
2021-08-26 00:00:00+05:30,10.949999809265137
2021-08-27 00:00:00+05:30,11.050000190734863
2021-08-30 00:00:00+05:30,10.899999618530273
2021-08-31 00:00:00+05:30,10.800000190734863
2021-09-01 00:00:00+05:30,11.100000381469727
2021-09-02 00:00:00+05:30,11.149999618530273
2021-09-03 00:00:00+05:30,11.100000381469727
2021-09-06 00:00:00+05:30,11.0
2021-09-07 00:00:00+05:30,10.899999618530273
2021-09-08 00:00:00+05:30,10.899999618530273
2021-09-09 00:00:00+05:30,10.949999809265137
2021-09-13 00:00:00+05:30,11.100000381469727
2021-09-14 00:00:00+05:30,12.449999809265137
2021-09-15 00:00:00+05:30,12.699999809265137
2021-09-16 00:00:00+05:30,14.699999809265137
2021-09-17 00:00:00+05:30,13.25
2021-09-20 00:00:00+05:30,12.800000190734863
2021-09-21 00:00:00+05:30,13.0
2021-09-22 00:00:00+05:30,13.149999618530273
2021-09-23 00:00:00+05:30,13.0
2021-09-24 00:00:00+05:30,12.850000381469727
2021-09-27 00:00:00+05:30,12.899999618530273
2021-09-28 00:00:00+05:30,12.75
2021-09-29 00:00:00+05:30,12.300000190734863
2021-09-30 00:00:00+05:30,12.550000190734863
2021-10-01 00:00:00+05:30,12.850000381469727
2021-10-04 00:00:00+05:30,13.100000381469727
2021-10-05 00:00:00+05:30,13.100000381469727
2021-10-06 00:00:00+05:30,13.050000190734863
2021-10-07 00:00:00+05:30,13.149999618530273
2021-10-08 00:00:00+05:30,13.199999809265137
2021-10-11 00:00:00+05:30,13.050000190734863
2021-10-12 00:00:00+05:30,13.199999809265137
2021-10-13 00:00:00+05:30,13.25
2021-10-14 00:00:00+05:30,13.199999809265137
2021-10-18 00:00:00+05:30,13.949999809265137
2021-10-19 00:00:00+05:30,13.600000381469727
2021-10-20 00:00:00+05:30,13.5
2021-10-21 00:00:00+05:30,14.300000190734863
2021-10-22 00:00:00+05:30,13.75
2021-10-25 00:00:00+05:30,13.350000381469727
2021-10-26 00:00:00+05:30,13.449999809265137
2021-10-27 00:00:00+05:30,13.050000190734863
2021-10-28 00:00:00+05:30,12.75
2021-10-29 00:00:00+05:30,12.800000190734863
2021-11-01 00:00:00+05:30,13.050000190734863
2021-11-02 00:00:00+05:30,13.050000190734863
2021-11-03 00:00:00+05:30,13.0
2021-11-04 00:00:00+05:30,13.149999618530273
2021-11-08 00:00:00+05:30,13.100000381469727
2021-11-09 00:00:00+05:30,13.100000381469727
2021-11-10 00:00:00+05:30,13.0
2021-11-11 00:00:00+05:30,13.25
2021-11-12 00:00:00+05:30,13.149999618530273
2021-11-15 00:00:00+05:30,13.050000190734863
2021-11-16 00:00:00+05:30,13.050000190734863
2021-11-17 00:00:00+05:30,13.0
2021-11-18 00:00:00+05:30,12.850000381469727
2021-11-22 00:00:00+05:30,12.550000190734863
2021-11-23 00:00:00+05:30,12.550000190734863
2021-11-24 00:00:00+05:30,12.600000381469727
2021-11-25 00:00:00+05:30,12.75
2021-11-26 00:00:00+05:30,12.449999809265137
2021-11-29 00:00:00+05:30,12.149999618530273
2021-11-30 00:00:00+05:30,12.399999618530273
2021-12-01 00:00:00+05:30,12.449999809265137
2021-12-02 00:00:00+05:30,12.600000381469727
2021-12-03 00:00:00+05:30,12.550000190734863
2021-12-06 00:00:00+05:30,12.600000381469727
2021-12-07 00:00:00+05:30,13.100000381469727
2021-12-08 00:00:00+05:30,13.25
2021-12-09 00:00:00+05:30,14.0
2021-12-10 00:00:00+05:30,14.449999809265137
2021-12-13 00:00:00+05:30,14.0
2021-12-14 00:00:00+05:30,13.949999809265137
2021-12-15 00:00:00+05:30,13.75
2021-12-16 00:00:00+05:30,13.399999618530273
2021-12-17 00:00:00+05:30,13.149999618530273
2021-12-20 00:00:00+05:30,12.75
2021-12-21 00:00:00+05:30,13.0
2021-12-22 00:00:00+05:30,13.649999618530273
2021-12-23 00:00:00+05:30,13.550000190734863
2021-12-24 00:00:00+05:30,13.25
2021-12-27 00:00:00+05:30,13.199999809265137
2021-12-28 00:00:00+05:30,13.449999809265137
2021-12-29 00:00:00+05:30,13.899999618530273
2021-12-30 00:00:00+05:30,13.550000190734863
2021-12-31 00:00:00+05:30,13.699999809265137
2022-01-03 00:00:00+05:30,14.050000190734863
2022-01-04 00:00:00+05:30,14.5
2022-01-05 00:00:00+05:30,14.5
2022-01-06 00:00:00+05:30,14.25
2022-01-07 00:00:00+05:30,13.949999809265137
2022-01-10 00:00:00+05:30,14.0
2022-01-11 00:00:00+05:30,13.899999618530273
2022-01-12 00:00:00+05:30,13.75
2022-01-13 00:00:00+05:30,14.0
2022-01-14 00:00:00+05:30,14.050000190734863
2022-01-17 00:00:00+05:30,14.100000381469727
2022-01-18 00:00:00+05:30,13.800000190734863
2022-01-19 00:00:00+05:30,13.800000190734863
2022-01-20 00:00:00+05:30,13.800000190734863
2022-01-21 00:00:00+05:30,13.75
2022-01-24 00:00:00+05:30,13.449999809265137
2022-01-25 00:00:00+05:30,13.600000381469727
2022-01-27 00:00:00+05:30,13.550000190734863
2022-01-28 00:00:00+05:30,13.350000381469727
2022-01-31 00:00:00+05:30,13.300000190734863
2022-02-01 00:00:00+05:30,13.350000381469727
2022-02-02 00:00:00+05:30,13.649999618530273
2022-02-03 00:00:00+05:30,13.449999809265137
2022-02-04 00:00:00+05:30,13.699999809265137
2022-02-07 00:00:00+05:30,13.949999809265137
2022-02-08 00:00:00+05:30,14.149999618530273
2022-02-09 00:00:00+05:30,14.100000381469727
2022-02-10 00:00:00+05:30,13.850000381469727
2022-02-11 00:00:00+05:30,13.899999618530273
2022-02-14 00:00:00+05:30,13.25
2022-02-15 00:00:00+05:30,13.5
2022-02-16 00:00:00+05:30,13.550000190734863
2022-02-17 00:00:00+05:30,13.800000190734863
2022-02-18 00:00:00+05:30,13.899999618530273
2022-02-21 00:00:00+05:30,13.649999618530273
2022-02-22 00:00:00+05:30,13.600000381469727
2022-02-23 00:00:00+05:30,13.850000381469727
2022-02-24 00:00:00+05:30,12.600000381469727
2022-02-25 00:00:00+05:30,13.149999618530273
2022-02-28 00:00:00+05:30,13.25
2022-03-02 00:00:00+05:30,12.899999618530273
2022-03-03 00:00:00+05:30,12.949999809265137
2022-03-04 00:00:00+05:30,12.800000190734863
2022-03-07 00:00:00+05:30,12.649999618530273
2022-03-08 00:00:00+05:30,12.75
2022-03-09 00:00:00+05:30,12.75
2022-03-10 00:00:00+05:30,12.850000381469727
2022-03-11 00:00:00+05:30,12.75
2022-03-14 00:00:00+05:30,12.699999809265137
2022-03-15 00:00:00+05:30,12.699999809265137
2022-03-16 00:00:00+05:30,12.800000190734863
2022-03-17 00:00:00+05:30,12.949999809265137
2022-03-21 00:00:00+05:30,12.949999809265137
2022-03-22 00:00:00+05:30,12.800000190734863
2022-03-23 00:00:00+05:30,12.850000381469727
2022-03-24 00:00:00+05:30,12.75
2022-03-25 00:00:00+05:30,12.699999809265137
2022-03-28 00:00:00+05:30,12.550000190734863
2022-03-29 00:00:00+05:30,12.550000190734863
2022-03-30 00:00:00+05:30,12.25
2022-03-31 00:00:00+05:30,12.300000190734863
2022-04-01 00:00:00+05:30,12.649999618530273
2022-04-04 00:00:00+05:30,13.100000381469727
2022-04-05 00:00:00+05:30,13.0
2022-04-06 00:00:00+05:30,14.699999809265137
2022-04-07 00:00:00+05:30,15.550000190734863
2022-04-08 00:00:00+05:30,15.649999618530273
2022-04-11 00:00:00+05:30,15.100000381469727
2022-04-12 00:00:00+05:30,14.649999618530273
2022-04-13 00:00:00+05:30,14.550000190734863
2022-04-18 00:00:00+05:30,14.100000381469727
2022-04-19 00:00:00+05:30,13.75
2022-04-20 00:00:00+05:30,13.899999618530273
2022-04-21 00:00:00+05:30,14.149999618530273
2022-04-22 00:00:00+05:30,13.949999809265137
2022-04-25 00:00:00+05:30,13.75
2022-04-26 00:00:00+05:30,13.75
2022-04-27 00:00:00+05:30,13.550000190734863
2022-04-28 00:00:00+05:30,13.649999618530273
2022-04-29 00:00:00+05:30,13.649999618530273
2022-05-02 00:00:00+05:30,13.800000190734863
2022-05-04 00:00:00+05:30,13.550000190734863
2022-05-05 00:00:00+05:30,13.5
2022-05-06 00:00:00+05:30,13.199999809265137
2022-05-09 00:00:00+05:30,12.949999809265137
2022-05-10 00:00:00+05:30,13.0
2022-05-11 00:00:00+05:30,12.850000381469727
2022-05-12 00:00:00+05:30,12.550000190734863
2022-05-13 00:00:00+05:30,12.449999809265137
2022-05-16 00:00:00+05:30,12.699999809265137
2022-05-17 00:00:00+05:30,13.300000190734863
2022-05-18 00:00:00+05:30,13.899999618530273
2022-05-19 00:00:00+05:30,13.449999809265137
2022-05-20 00:00:00+05:30,13.949999809265137
2022-05-23 00:00:00+05:30,13.75
2022-05-24 00:00:00+05:30,13.449999809265137
2022-05-25 00:00:00+05:30,13.050000190734863
2022-05-26 00:00:00+05:30,13.25
2022-05-27 00:00:00+05:30,13.399999618530273
2022-05-30 00:00:00+05:30,13.449999809265137
2022-05-31 00:00:00+05:30,13.149999618530273
2022-06-01 00:00:00+05:30,13.25
2022-06-02 00:00:00+05:30,13.350000381469727
2022-06-03 00:00:00+05:30,13.25
2022-06-06 00:00:00+05:30,13.149999618530273
2022-06-07 00:00:00+05:30,13.050000190734863
2022-06-08 00:00:00+05:30,13.199999809265137
2022-06-09 00:00:00+05:30,13.199999809265137
2022-06-10 00:00:00+05:30,12.949999809265137
2022-06-13 00:00:00+05:30,12.800000190734863
2022-06-14 00:00:00+05:30,12.699999809265137
2022-06-15 00:00:00+05:30,12.75
2022-06-16 00:00:00+05:30,12.5
2022-06-17 00:00:00+05:30,12.449999809265137
2022-06-20 00:00:00+05:30,12.350000381469727
2022-06-21 00:00:00+05:30,12.600000381469727
2022-06-22 00:00:00+05:30,12.449999809265137
2022-06-23 00:00:00+05:30,12.449999809265137
2022-06-24 00:00:00+05:30,12.75
2022-06-27 00:00:00+05:30,12.850000381469727
2022-06-28 00:00:00+05:30,12.850000381469727
2022-06-29 00:00:00+05:30,12.699999809265137
2022-06-30 00:00:00+05:30,12.649999618530273
2022-07-01 00:00:00+05:30,12.649999618530273
2022-07-04 00:00:00+05:30,12.649999618530273
2022-07-05 00:00:00+05:30,12.649999618530273
2022-07-06 00:00:00+05:30,12.649999618530273
2022-07-07 00:00:00+05:30,12.850000381469727
2022-07-08 00:00:00+05:30,12.800000190734863
2022-07-11 00:00:00+05:30,13.149999618530273
2022-07-12 00:00:00+05:30,13.350000381469727
2022-07-13 00:00:00+05:30,13.25
2022-07-14 00:00:00+05:30,13.300000190734863
2022-07-15 00:00:00+05:30,13.300000190734863
2022-07-18 00:00:00+05:30,13.350000381469727
2022-07-19 00:00:00+05:30,13.5
2022-07-20 00:00:00+05:30,13.600000381469727
2022-07-21 00:00:00+05:30,14.300000190734863
2022-07-22 00:00:00+05:30,14.699999809265137
2022-07-25 00:00:00+05:30,14.25
2022-07-26 00:00:00+05:30,13.699999809265137
2022-07-27 00:00:00+05:30,14.699999809265137
2022-07-28 00:00:00+05:30,14.550000190734863
2022-07-29 00:00:00+05:30,14.949999809265137
2022-08-01 00:00:00+05:30,15.25
2022-08-02 00:00:00+05:30,17.149999618530273
2022-08-03 00:00:00+05:30,16.450000762939453
2022-08-04 00:00:00+05:30,16.649999618530273
2022-08-05 00:00:00+05:30,16.649999618530273
2022-08-08 00:00:00+05:30,16.0
2022-08-10 00:00:00+05:30,15.399999618530273
2022-08-11 00:00:00+05:30,15.399999618530273
2022-08-12 00:00:00+05:30,15.300000190734863
2022-08-16 00:00:00+05:30,15.899999618530273
2022-08-17 00:00:00+05:30,16.549999237060547
2022-08-18 00:00:00+05:30,16.649999618530273
2022-08-19 00:00:00+05:30,16.549999237060547
2022-08-22 00:00:00+05:30,16.350000381469727
2022-08-23 00:00:00+05:30,16.299999237060547
2022-08-24 00:00:00+05:30,16.600000381469727
2022-08-25 00:00:00+05:30,16.5
2022-08-26 00:00:00+05:30,16.450000762939453
2022-08-29 00:00:00+05:30,16.200000762939453
2022-08-30 00:00:00+05:30,16.450000762939453
2022-09-01 00:00:00+05:30,16.350000381469727
2022-09-02 00:00:00+05:30,16.200000762939453
2022-09-05 00:00:00+05:30,16.649999618530273
2022-09-06 00:00:00+05:30,16.75
2022-09-07 00:00:00+05:30,17.299999237060547
2022-09-08 00:00:00+05:30,17.75
2022-09-09 00:00:00+05:30,17.5
2022-09-12 00:00:00+05:30,17.549999237060547
2022-09-13 00:00:00+05:30,17.450000762939453
2022-09-14 00:00:00+05:30,17.25
2022-09-15 00:00:00+05:30,17.149999618530273
2022-09-16 00:00:00+05:30,16.75
2022-09-19 00:00:00+05:30,16.350000381469727
2022-09-20 00:00:00+05:30,16.399999618530273
2022-09-21 00:00:00+05:30,16.899999618530273
2022-09-22 00:00:00+05:30,16.75
2022-09-23 00:00:00+05:30,16.200000762939453
2022-09-26 00:00:00+05:30,15.5
2022-09-27 00:00:00+05:30,15.75
2022-09-28 00:00:00+05:30,15.449999809265137
2022-09-29 00:00:00+05:30,15.5
2022-09-30 00:00:00+05:30,15.649999618530273
2022-10-03 00:00:00+05:30,15.399999618530273
2022-10-04 00:00:00+05:30,16.200000762939453
2022-10-06 00:00:00+05:30,16.5
2022-10-07 00:00:00+05:30,16.549999237060547
2022-10-10 00:00:00+05:30,16.450000762939453
2022-10-11 00:00:00+05:30,16.149999618530273
2022-10-12 00:00:00+05:30,16.0
2022-10-13 00:00:00+05:30,15.800000190734863
2022-10-14 00:00:00+05:30,15.800000190734863
2022-10-17 00:00:00+05:30,15.75
2022-10-18 00:00:00+05:30,15.850000381469727
2022-10-19 00:00:00+05:30,15.899999618530273
2022-10-20 00:00:00+05:30,15.949999809265137
2022-10-21 00:00:00+05:30,16.049999237060547
2022-10-24 00:00:00+05:30,15.75
2022-10-25 00:00:00+05:30,15.600000381469727
2022-10-27 00:00:00+05:30,15.75
2022-10-28 00:00:00+05:30,15.649999618530273
2022-10-31 00:00:00+05:30,15.550000190734863
2022-11-01 00:00:00+05:30,15.5
2022-11-02 00:00:00+05:30,15.5
2022-11-03 00:00:00+05:30,16.100000381469727
2022-11-04 00:00:00+05:30,16.450000762939453
2022-11-07 00:00:00+05:30,16.549999237060547
2022-11-09 00:00:00+05:30,16.549999237060547
2022-11-10 00:00:00+05:30,16.5
2022-11-11 00:00:00+05:30,16.850000381469727
2022-11-14 00:00:00+05:30,17.100000381469727
2022-11-15 00:00:00+05:30,17.049999237060547
2022-11-16 00:00:00+05:30,17.049999237060547
2022-11-17 00:00:00+05:30,16.950000762939453
2022-11-18 00:00:00+05:30,16.850000381469727
2022-11-21 00:00:00+05:30,16.649999618530273
2022-11-22 00:00:00+05:30,17.049999237060547
2022-11-23 00:00:00+05:30,16.850000381469727
2022-11-24 00:00:00+05:30,16.950000762939453
2022-11-25 00:00:00+05:30,16.950000762939453
2022-11-28 00:00:00+05:30,17.149999618530273
2022-11-29 00:00:00+05:30,17.049999237060547
2022-11-30 00:00:00+05:30,17.149999618530273
2022-12-01 00:00:00+05:30,17.049999237060547
2022-12-02 00:00:00+05:30,17.399999618530273
2022-12-05 00:00:00+05:30,17.450000762939453
2022-12-06 00:00:00+05:30,17.5
2022-12-07 00:00:00+05:30,17.450000762939453
2022-12-08 00:00:00+05:30,17.75
2022-12-09 00:00:00+05:30,19.700000762939453
2022-12-12 00:00:00+05:30,21.100000381469727
2022-12-13 00:00:00+05:30,23.950000762939453
2022-12-14 00:00:00+05:30,22.100000381469727
2022-12-15 00:00:00+05:30,22.450000762939453
2022-12-16 00:00:00+05:30,21.200000762939453
2022-12-19 00:00:00+05:30,21.399999618530273
2022-12-20 00:00:00+05:30,21.299999237060547
2022-12-21 00:00:00+05:30,19.850000381469727
2022-12-22 00:00:00+05:30,18.950000762939453
2022-12-23 00:00:00+05:30,17.450000762939453
2022-12-26 00:00:00+05:30,19.600000381469727
2022-12-27 00:00:00+05:30,20.149999618530273
2022-12-28 00:00:00+05:30,20.149999618530273
2022-12-29 00:00:00+05:30,20.149999618530273
2022-12-30 00:00:00+05:30,20.600000381469727
2023-01-02 00:00:00+05:30,21.649999618530273
2023-01-03 00:00:00+05:30,22.049999237060547
2023-01-04 00:00:00+05:30,21.350000381469727
2023-01-05 00:00:00+05:30,21.450000762939453
2023-01-06 00:00:00+05:30,21.100000381469727
2023-01-09 00:00:00+05:30,21.25
2023-01-10 00:00:00+05:30,20.649999618530273
2023-01-11 00:00:00+05:30,20.049999237060547
2023-01-12 00:00:00+05:30,19.899999618530273
2023-01-13 00:00:00+05:30,20.149999618530273
2023-01-16 00:00:00+05:30,20.149999618530273
2023-01-17 00:00:00+05:30,20.100000381469727
2023-01-18 00:00:00+05:30,20.350000381469727
2023-01-19 00:00:00+05:30,20.149999618530273
2023-01-20 00:00:00+05:30,19.75
2023-01-23 00:00:00+05:30,18.149999618530273
2023-01-24 00:00:00+05:30,18.200000762939453
2023-01-25 00:00:00+05:30,17.899999618530273
2023-01-27 00:00:00+05:30,17.5
2023-01-30 00:00:00+05:30,17.100000381469727
2023-01-31 00:00:00+05:30,17.25
2023-02-01 00:00:00+05:30,16.899999618530273
2023-02-02 00:00:00+05:30,16.850000381469727
2023-02-03 00:00:00+05:30,16.450000762939453
2023-02-06 00:00:00+05:30,16.649999618530273
2023-02-07 00:00:00+05:30,16.850000381469727
2023-02-08 00:00:00+05:30,17.100000381469727
2023-02-09 00:00:00+05:30,16.850000381469727
2023-02-10 00:00:00+05:30,17.049999237060547
2023-02-13 00:00:00+05:30,16.700000762939453
2023-02-14 00:00:00+05:30,16.399999618530273
2023-02-15 00:00:00+05:30,16.399999618530273
2023-02-16 00:00:00+05:30,16.25
2023-02-17 00:00:00+05:30,16.100000381469727
2023-02-20 00:00:00+05:30,16.600000381469727
2023-02-21 00:00:00+05:30,16.700000762939453
2023-02-22 00:00:00+05:30,16.299999237060547
2023-02-23 00:00:00+05:30,16.399999618530273
2023-02-24 00:00:00+05:30,16.149999618530273
2023-02-27 00:00:00+05:30,16.399999618530273
2023-02-28 00:00:00+05:30,17.450000762939453
2023-03-01 00:00:00+05:30,18.299999237060547
2023-03-02 00:00:00+05:30,17.5
2023-03-03 00:00:00+05:30,16.850000381469727
2023-03-06 00:00:00+05:30,16.899999618530273
2023-03-08 00:00:00+05:30,16.700000762939453
2023-03-09 00:00:00+05:30,16.549999237060547
2023-03-10 00:00:00+05:30,16.5
2023-03-13 00:00:00+05:30,15.649999618530273
2023-03-14 00:00:00+05:30,15.550000190734863
2023-03-15 00:00:00+05:30,15.350000381469727
2023-03-16 00:00:00+05:30,14.899999618530273
2023-03-17 00:00:00+05:30,15.050000190734863
2023-03-20 00:00:00+05:30,15.350000381469727
2023-03-21 00:00:00+05:30,15.25
2023-03-22 00:00:00+05:30,15.300000190734863
2023-03-23 00:00:00+05:30,15.199999809265137
2023-03-24 00:00:00+05:30,15.050000190734863
2023-03-27 00:00:00+05:30,15.050000190734863
2023-03-28 00:00:00+05:30,14.75
2023-03-29 00:00:00+05:30,14.949999809265137
2023-03-31 00:00:00+05:30,15.050000190734863
2023-04-03 00:00:00+05:30,15.350000381469727
2023-04-05 00:00:00+05:30,15.25
2023-04-06 00:00:00+05:30,15.399999618530273
2023-04-10 00:00:00+05:30,15.199999809265137
2023-04-11 00:00:00+05:30,15.199999809265137
2023-04-12 00:00:00+05:30,15.399999618530273
2023-04-13 00:00:00+05:30,15.350000381469727
2023-04-17 00:00:00+05:30,15.350000381469727
2023-04-18 00:00:00+05:30,16.649999618530273
2023-04-19 00:00:00+05:30,16.549999237060547
2023-04-20 00:00:00+05:30,16.5
2023-04-21 00:00:00+05:30,16.200000762939453
2023-04-24 00:00:00+05:30,15.699999809265137
2023-04-25 00:00:00+05:30,15.550000190734863
2023-04-26 00:00:00+05:30,15.5
2023-04-27 00:00:00+05:30,15.600000381469727
2023-04-28 00:00:00+05:30,15.699999809265137
2023-05-02 00:00:00+05:30,15.949999809265137
2023-05-03 00:00:00+05:30,16.149999618530273
2023-05-04 00:00:00+05:30,16.049999237060547
2023-05-05 00:00:00+05:30,15.949999809265137
2023-05-08 00:00:00+05:30,16.100000381469727
2023-05-09 00:00:00+05:30,16.100000381469727
2023-05-10 00:00:00+05:30,15.949999809265137
2023-05-11 00:00:00+05:30,16.100000381469727
2023-05-12 00:00:00+05:30,15.949999809265137
2023-05-15 00:00:00+05:30,15.850000381469727
2023-05-16 00:00:00+05:30,15.899999618530273
2023-05-17 00:00:00+05:30,15.899999618530273
2023-05-18 00:00:00+05:30,15.699999809265137
2023-05-19 00:00:00+05:30,15.649999618530273
2023-05-22 00:00:00+05:30,15.649999618530273
2023-05-23 00:00:00+05:30,15.550000190734863
2023-05-24 00:00:00+05:30,15.600000381469727
2023-05-25 00:00:00+05:30,15.5
2023-05-26 00:00:00+05:30,15.600000381469727
2023-05-29 00:00:00+05:30,15.899999618530273
2023-05-30 00:00:00+05:30,15.899999618530273
2023-05-31 00:00:00+05:30,16.200000762939453
2023-06-01 00:00:00+05:30,16.299999237060547
2023-06-02 00:00:00+05:30,16.399999618530273
2023-06-05 00:00:00+05:30,16.149999618530273
2023-06-06 00:00:00+05:30,16.0
2023-06-07 00:00:00+05:30,16.149999618530273
2023-06-08 00:00:00+05:30,16.75
2023-06-09 00:00:00+05:30,16.600000381469727
2023-06-12 00:00:00+05:30,16.399999618530273
2023-06-13 00:00:00+05:30,16.399999618530273
2023-06-14 00:00:00+05:30,16.200000762939453
2023-06-15 00:00:00+05:30,16.100000381469727
2023-06-16 00:00:00+05:30,16.299999237060547
2023-06-19 00:00:00+05:30,16.25
2023-06-20 00:00:00+05:30,16.25
2023-06-21 00:00:00+05:30,16.200000762939453
2023-06-22 00:00:00+05:30,16.0
2023-06-23 00:00:00+05:30,16.0
2023-06-26 00:00:00+05:30,16.100000381469727
2023-06-27 00:00:00+05:30,16.049999237060547
2023-06-28 00:00:00+05:30,16.200000762939453
2023-06-30 00:00:00+05:30,16.25
2023-07-03 00:00:00+05:30,16.350000381469727
2023-07-04 00:00:00+05:30,16.799999237060547
2023-07-05 00:00:00+05:30,17.149999618530273
2023-07-06 00:00:00+05:30,17.799999237060547
2023-07-07 00:00:00+05:30,17.450000762939453
2023-07-10 00:00:00+05:30,17.049999237060547
2023-07-11 00:00:00+05:30,17.200000762939453
2023-07-12 00:00:00+05:30,17.299999237060547
2023-07-13 00:00:00+05:30,17.149999618530273
2023-07-14 00:00:00+05:30,17.350000381469727
2023-07-17 00:00:00+05:30,17.700000762939453
2023-07-18 00:00:00+05:30,17.5
2023-07-19 00:00:00+05:30,17.450000762939453
2023-07-20 00:00:00+05:30,17.700000762939453
2023-07-21 00:00:00+05:30,18.049999237060547
2023-07-24 00:00:00+05:30,17.399999618530273
2023-07-25 00:00:00+05:30,17.049999237060547
2023-07-26 00:00:00+05:30,17.0
2023-07-27 00:00:00+05:30,16.950000762939453
2023-07-28 00:00:00+05:30,16.950000762939453
2023-07-31 00:00:00+05:30,16.950000762939453
2023-08-01 00:00:00+05:30,17.100000381469727
2023-08-02 00:00:00+05:30,17.0
2023-08-03 00:00:00+05:30,17.0
2023-08-04 00:00:00+05:30,16.950000762939453
2023-08-07 00:00:00+05:30,16.899999618530273
2023-08-08 00:00:00+05:30,16.850000381469727
2023-08-09 00:00:00+05:30,16.950000762939453
2023-08-10 00:00:00+05:30,16.950000762939453
2023-08-11 00:00:00+05:30,17.049999237060547
2023-08-14 00:00:00+05:30,16.950000762939453
2023-08-16 00:00:00+05:30,16.850000381469727
2023-08-17 00:00:00+05:30,17.0
2023-08-18 00:00:00+05:30,16.899999618530273
2023-08-21 00:00:00+05:30,16.950000762939453
2023-08-22 00:00:00+05:30,16.950000762939453
2023-08-23 00:00:00+05:30,17.0
2023-08-24 00:00:00+05:30,16.950000762939453
2023-08-25 00:00:00+05:30,16.850000381469727
2023-08-28 00:00:00+05:30,16.799999237060547
2023-08-29 00:00:00+05:30,16.850000381469727
2023-08-30 00:00:00+05:30,16.799999237060547
2023-08-31 00:00:00+05:30,16.799999237060547
2023-09-01 00:00:00+05:30,17.350000381469727
2023-09-04 00:00:00+05:30,18.600000381469727
2023-09-05 00:00:00+05:30,18.149999618530273
2023-09-06 00:00:00+05:30,18.0
2023-09-07 00:00:00+05:30,18.549999237060547
2023-09-08 00:00:00+05:30,18.350000381469727
2023-09-11 00:00:00+05:30,18.399999618530273
2023-09-12 00:00:00+05:30,17.549999237060547
2023-09-13 00:00:00+05:30,17.700000762939453
2023-09-14 00:00:00+05:30,17.5
2023-09-15 00:00:00+05:30,18.299999237060547
2023-09-18 00:00:00+05:30,18.549999237060547
2023-09-20 00:00:00+05:30,18.0
2023-09-21 00:00:00+05:30,17.700000762939453
2023-09-22 00:00:00+05:30,17.649999618530273
2023-09-25 00:00:00+05:30,17.450000762939453
2023-09-26 00:00:00+05:30,17.350000381469727
2023-09-27 00:00:00+05:30,17.350000381469727
2023-09-28 00:00:00+05:30,17.25
2023-09-29 00:00:00+05:30,17.25
2023-10-03 00:00:00+05:30,17.200000762939453
2023-10-04 00:00:00+05:30,17.200000762939453
2023-10-05 00:00:00+05:30,17.149999618530273
2023-10-06 00:00:00+05:30,17.299999237060547
2023-10-09 00:00:00+05:30,16.899999618530273
2023-10-10 00:00:00+05:30,17.049999237060547
2023-10-11 00:00:00+05:30,17.049999237060547
2023-10-12 00:00:00+05:30,17.100000381469727
2023-10-13 00:00:00+05:30,17.100000381469727
2023-10-16 00:00:00+05:30,17.049999237060547
2023-10-17 00:00:00+05:30,17.100000381469727
2023-10-18 00:00:00+05:30,17.049999237060547
2023-10-19 00:00:00+05:30,17.049999237060547
2023-10-20 00:00:00+05:30,17.299999237060547
2023-10-23 00:00:00+05:30,16.350000381469727
2023-10-25 00:00:00+05:30,16.0
2023-10-26 00:00:00+05:30,15.899999618530273
2023-10-27 00:00:00+05:30,15.949999809265137
2023-10-30 00:00:00+05:30,15.949999809265137
2023-10-31 00:00:00+05:30,15.949999809265137
2023-11-01 00:00:00+05:30,16.0
2023-11-02 00:00:00+05:30,16.049999237060547
2023-11-03 00:00:00+05:30,16.450000762939453
2023-11-06 00:00:00+05:30,16.700000762939453
2023-11-07 00:00:00+05:30,16.799999237060547
2023-11-08 00:00:00+05:30,17.950000762939453
2023-11-09 00:00:00+05:30,18.350000381469727
2023-11-10 00:00:00+05:30,18.299999237060547
2023-11-13 00:00:00+05:30,19.399999618530273
2023-11-15 00:00:00+05:30,20.350000381469727
2023-11-16 00:00:00+05:30,20.149999618530273
2023-11-17 00:00:00+05:30,20.799999237060547
2023-11-20 00:00:00+05:30,20.149999618530273
2023-11-21 00:00:00+05:30,19.700000762939453
2023-11-22 00:00:00+05:30,19.200000762939453
2023-11-23 00:00:00+05:30,20.149999618530273
2023-11-24 00:00:00+05:30,19.799999237060547
2023-11-28 00:00:00+05:30,19.75
2023-11-29 00:00:00+05:30,19.850000381469727
2023-11-30 00:00:00+05:30,19.350000381469727
2023-12-01 00:00:00+05:30,19.299999237060547
2023-12-04 00:00:00+05:30,19.549999237060547
2023-12-05 00:00:00+05:30,19.600000381469727
2023-12-06 00:00:00+05:30,19.75
2023-12-07 00:00:00+05:30,20.049999237060547
2023-12-08 00:00:00+05:30,19.899999618530273
2023-12-11 00:00:00+05:30,20.25
2023-12-12 00:00:00+05:30,21.299999237060547
2023-12-13 00:00:00+05:30,21.200000762939453
2023-12-14 00:00:00+05:30,21.399999618530273
2023-12-15 00:00:00+05:30,21.950000762939453
2023-12-18 00:00:00+05:30,22.799999237060547
2023-12-19 00:00:00+05:30,22.149999618530273
2023-12-20 00:00:00+05:30,20.5
2023-12-21 00:00:00+05:30,21.149999618530273
2023-12-22 00:00:00+05:30,21.049999237060547
2023-12-26 00:00:00+05:30,20.950000762939453
2023-12-27 00:00:00+05:30,20.950000762939453
2023-12-28 00:00:00+05:30,20.850000381469727
2023-12-29 00:00:00+05:30,21.450000762939453
2024-01-01 00:00:00+05:30,22.649999618530273
2024-01-02 00:00:00+05:30,23.200000762939453
2024-01-03 00:00:00+05:30,22.899999618530273
2024-01-04 00:00:00+05:30,23.25
2024-01-05 00:00:00+05:30,24.0
2024-01-08 00:00:00+05:30,24.200000762939453
2024-01-09 00:00:00+05:30,24.200000762939453
2024-01-10 00:00:00+05:30,25.5
2024-01-11 00:00:00+05:30,25.549999237060547
2024-01-12 00:00:00+05:30,24.899999618530273
2024-01-15 00:00:00+05:30,24.75
2024-01-16 00:00:00+05:30,25.649999618530273
2024-01-17 00:00:00+05:30,24.75
2024-01-18 00:00:00+05:30,24.950000762939453
2024-01-19 00:00:00+05:30,25.149999618530273
2024-01-23 00:00:00+05:30,24.049999237060547
2024-01-24 00:00:00+05:30,24.700000762939453
2024-01-25 00:00:00+05:30,24.850000381469727
2024-01-29 00:00:00+05:30,24.350000381469727
2024-01-30 00:00:00+05:30,23.899999618530273
2024-01-31 00:00:00+05:30,24.100000381469727
2024-02-01 00:00:00+05:30,23.899999618530273
2024-02-02 00:00:00+05:30,23.700000762939453
2024-02-05 00:00:00+05:30,22.799999237060547
2024-02-06 00:00:00+05:30,25.399999618530273
2024-02-07 00:00:00+05:30,29.799999237060547
2024-02-08 00:00:00+05:30,30.0
2024-02-09 00:00:00+05:30,31.399999618530273
2024-02-12 00:00:00+05:30,28.299999237060547
2024-02-13 00:00:00+05:30,27.850000381469727
2024-02-14 00:00:00+05:30,28.700000762939453
2024-02-15 00:00:00+05:30,29.0
2024-02-16 00:00:00+05:30,28.399999618530273
2024-02-19 00:00:00+05:30,27.100000381469727
2024-02-20 00:00:00+05:30,26.600000381469727
2024-02-21 00:00:00+05:30,25.549999237060547
2024-02-22 00:00:00+05:30,27.149999618530273
2024-02-23 00:00:00+05:30,26.200000762939453
2024-02-26 00:00:00+05:30,25.25
2024-02-27 00:00:00+05:30,25.100000381469727
2024-02-28 00:00:00+05:30,23.799999237060547
2024-02-29 00:00:00+05:30,24.450000762939453
2024-03-01 00:00:00+05:30,24.950000762939453
2024-03-04 00:00:00+05:30,24.799999237060547
2024-03-05 00:00:00+05:30,24.5
2024-03-06 00:00:00+05:30,23.600000381469727
2024-03-07 00:00:00+05:30,23.850000381469727
2024-03-11 00:00:00+05:30,23.649999618530273
2024-03-12 00:00:00+05:30,22.850000381469727
2024-03-13 00:00:00+05:30,20.950000762939453
2024-03-14 00:00:00+05:30,23.450000762939453
2024-03-15 00:00:00+05:30,23.799999237060547
2024-03-18 00:00:00+05:30,23.450000762939453
2024-03-19 00:00:00+05:30,22.950000762939453
2024-03-20 00:00:00+05:30,23.049999237060547
2024-03-21 00:00:00+05:30,23.399999618530273
2024-03-22 00:00:00+05:30,23.899999618530273
2024-03-26 00:00:00+05:30,23.549999237060547
2024-03-27 00:00:00+05:30,23.149999618530273
2024-03-28 00:00:00+05:30,23.200000762939453
2024-04-01 00:00:00+05:30,24.450000762939453
2024-04-02 00:00:00+05:30,24.600000381469727
2024-04-03 00:00:00+05:30,25.399999618530273
2024-04-04 00:00:00+05:30,24.899999618530273
2024-04-05 00:00:00+05:30,25.200000762939453
2024-04-08 00:00:00+05:30,24.75
2024-04-09 00:00:00+05:30,24.549999237060547
2024-04-10 00:00:00+05:30,24.450000762939453
2024-04-12 00:00:00+05:30,24.25
2024-04-15 00:00:00+05:30,23.950000762939453
2024-04-16 00:00:00+05:30,23.950000762939453
2024-04-18 00:00:00+05:30,23.899999618530273
2024-04-19 00:00:00+05:30,23.950000762939453
2024-04-22 00:00:00+05:30,25.200000762939453
2024-04-23 00:00:00+05:30,25.649999618530273
2024-04-24 00:00:00+05:30,25.450000762939453
2024-04-25 00:00:00+05:30,25.950000762939453
2024-04-26 00:00:00+05:30,26.149999618530273
2024-04-29 00:00:00+05:30,27.100000381469727
2024-04-30 00:00:00+05:30,26.149999618530273
2024-05-02 00:00:00+05:30,25.450000762939453
2024-05-03 00:00:00+05:30,24.950000762939453
2024-05-06 00:00:00+05:30,24.100000381469727
2024-05-07 00:00:00+05:30,22.850000381469727
2024-05-08 00:00:00+05:30,22.950000762939453
2024-05-09 00:00:00+05:30,22.600000381469727
2024-05-10 00:00:00+05:30,22.5
2024-05-13 00:00:00+05:30,22.25
2024-05-14 00:00:00+05:30,22.549999237060547
2024-05-15 00:00:00+05:30,22.600000381469727
2024-05-16 00:00:00+05:30,22.649999618530273
2024-05-17 00:00:00+05:30,23.0
2024-05-21 00:00:00+05:30,23.25
2024-05-22 00:00:00+05:30,22.950000762939453
2024-05-23 00:00:00+05:30,23.100000381469727
2024-05-24 00:00:00+05:30,23.0
2024-05-27 00:00:00+05:30,23.049999237060547
2024-05-28 00:00:00+05:30,22.799999237060547
2024-05-29 00:00:00+05:30,22.75
2024-05-30 00:00:00+05:30,22.549999237060547
2024-05-31 00:00:00+05:30,23.0
2024-06-03 00:00:00+05:30,23.549999237060547
2024-06-04 00:00:00+05:30,21.850000381469727
2024-06-05 00:00:00+05:30,22.649999618530273
2024-06-06 00:00:00+05:30,22.899999618530273
2024-06-07 00:00:00+05:30,23.149999618530273
2024-06-10 00:00:00+05:30,23.8700008392334
2024-06-11 00:00:00+05:30,23.6200008392334
2024-06-12 00:00:00+05:30,24.1200008392334
2024-06-13 00:00:00+05:30,23.799999237060547
2024-06-14 00:00:00+05:30,23.809999465942383
2024-06-18 00:00:00+05:30,23.799999237060547
2024-06-19 00:00:00+05:30,23.809999465942383
2024-06-20 00:00:00+05:30,23.959999084472656
2024-06-21 00:00:00+05:30,23.84000015258789
2024-06-24 00:00:00+05:30,23.959999084472656
2024-06-25 00:00:00+05:30,24.020000457763672
2024-06-26 00:00:00+05:30,23.790000915527344
2024-06-27 00:00:00+05:30,23.510000228881836
2024-06-28 00:00:00+05:30,23.690000534057617
2024-07-01 00:00:00+05:30,24.059999465942383
2024-07-02 00:00:00+05:30,23.850000381469727
2024-07-03 00:00:00+05:30,23.93000030517578
2024-07-04 00:00:00+05:30,23.950000762939453
2024-07-05 00:00:00+05:30,26.639999389648438
2024-07-08 00:00:00+05:30,25.68000030517578
2024-07-09 00:00:00+05:30,25.799999237060547
2024-07-10 00:00:00+05:30,24.959999084472656
2024-07-11 00:00:00+05:30,25.829999923706055
2024-07-12 00:00:00+05:30,25.600000381469727
2024-07-15 00:00:00+05:30,26.3799991607666
2024-07-16 00:00:00+05:30,26.190000534057617
2024-07-18 00:00:00+05:30,25.75
2024-07-19 00:00:00+05:30,24.770000457763672
2024-07-22 00:00:00+05:30,25.670000076293945
2024-07-23 00:00:00+05:30,24.959999084472656
2024-07-24 00:00:00+05:30,24.899999618530273
2024-07-25 00:00:00+05:30,24.6200008392334
2024-07-26 00:00:00+05:30,24.969999313354492
2024-07-29 00:00:00+05:30,24.950000762939453
2024-07-30 00:00:00+05:30,25.709999084472656
2024-07-31 00:00:00+05:30,26.510000228881836
2024-08-01 00:00:00+05:30,26.280000686645508
2024-08-02 00:00:00+05:30,25.450000762939453
2024-08-05 00:00:00+05:30,23.540000915527344
2024-08-06 00:00:00+05:30,23.25
2024-08-07 00:00:00+05:30,24.049999237060547
2024-08-08 00:00:00+05:30,23.920000076293945
2024-08-09 00:00:00+05:30,23.940000534057617
2024-08-12 00:00:00+05:30,24.420000076293945
2024-08-13 00:00:00+05:30,24.110000610351562
2024-08-14 00:00:00+05:30,23.989999771118164
2024-08-16 00:00:00+05:30,24.270000457763672
2024-08-19 00:00:00+05:30,24.450000762939453
2024-08-20 00:00:00+05:30,24.510000228881836
2024-08-21 00:00:00+05:30,24.450000762939453
2024-08-22 00:00:00+05:30,24.579999923706055
2024-08-23 00:00:00+05:30,24.389999389648438
2024-08-26 00:00:00+05:30,24.079999923706055
2024-08-27 00:00:00+05:30,24.020000457763672
2024-08-28 00:00:00+05:30,23.959999084472656
2024-08-29 00:00:00+05:30,23.729999542236328
2024-08-30 00:00:00+05:30,23.610000610351562
2024-09-02 00:00:00+05:30,23.8700008392334
2024-09-03 00:00:00+05:30,23.709999084472656
2024-09-04 00:00:00+05:30,23.489999771118164
2024-09-05 00:00:00+05:30,23.389999389648438
2024-09-06 00:00:00+05:30,23.139999389648438
2024-09-09 00:00:00+05:30,22.889999389648438
2024-09-10 00:00:00+05:30,22.979999542236328
2024-09-11 00:00:00+05:30,23.81999969482422
2024-09-12 00:00:00+05:30,23.43000030517578
2024-09-13 00:00:00+05:30,23.299999237060547
2024-09-16 00:00:00+05:30,23.5
2024-09-17 00:00:00+05:30,23.399999618530273
2024-09-18 00:00:00+05:30,23.31999969482422
2024-09-19 00:00:00+05:30,22.950000762939453
2024-09-20 00:00:00+05:30,23.0
2024-09-23 00:00:00+05:30,22.93000030517578
2024-09-24 00:00:00+05:30,22.950000762939453
2024-09-25 00:00:00+05:30,22.790000915527344
2024-09-26 00:00:00+05:30,22.739999771118164
2024-09-27 00:00:00+05:30,22.739999771118164
2024-09-30 00:00:00+05:30,22.479999542236328
2024-10-01 00:00:00+05:30,22.420000076293945
2024-10-03 00:00:00+05:30,21.860000610351562
2024-10-04 00:00:00+05:30,21.950000762939453
2024-10-07 00:00:00+05:30,21.260000228881836
2024-10-08 00:00:00+05:30,21.540000915527344
2024-10-09 00:00:00+05:30,21.549999237060547
2024-10-10 00:00:00+05:30,21.420000076293945
2024-10-11 00:00:00+05:30,21.399999618530273
2024-10-14 00:00:00+05:30,21.049999237060547
2024-10-15 00:00:00+05:30,21.200000762939453
2024-10-16 00:00:00+05:30,21.149999618530273
2024-10-17 00:00:00+05:30,20.899999618530273
2024-10-18 00:00:00+05:30,21.09000015258789
2024-10-21 00:00:00+05:30,21.020000457763672
2024-10-22 00:00:00+05:30,20.040000915527344
2024-10-23 00:00:00+05:30,20.020000457763672
2024-10-24 00:00:00+05:30,20.020000457763672
2024-10-25 00:00:00+05:30,19.3799991607666
2024-10-28 00:00:00+05:30,20.540000915527344
2024-10-29 00:00:00+05:30,20.729999542236328
2024-10-30 00:00:00+05:30,20.719999313354492
2024-10-31 00:00:00+05:30,20.399999618530273
2024-11-01 00:00:00+05:30,20.709999084472656
2024-11-04 00:00:00+05:30,20.329999923706055
2024-11-05 00:00:00+05:30,20.6200008392334
2024-11-06 00:00:00+05:30,20.84000015258789
2024-11-07 00:00:00+05:30,20.780000686645508
2024-11-08 00:00:00+05:30,20.15999984741211
2024-11-11 00:00:00+05:30,19.889999389648438
2024-11-12 00:00:00+05:30,19.75
2024-11-13 00:00:00+05:30,19.06999969482422
2024-11-14 00:00:00+05:30,19.309999465942383
2024-11-18 00:00:00+05:30,19.280000686645508
2024-11-19 00:00:00+05:30,19.559999465942383
2024-11-21 00:00:00+05:30,19.1299991607666
2024-11-22 00:00:00+05:30,19.209999084472656
2024-11-25 00:00:00+05:30,19.18000030517578
2024-11-26 00:00:00+05:30,20.139999389648438
2024-11-27 00:00:00+05:30,20.260000228881836
2024-11-28 00:00:00+05:30,20.360000610351562
2024-11-29 00:00:00+05:30,19.959999084472656
2024-12-02 00:00:00+05:30,20.09000015258789
2024-12-03 00:00:00+05:30,20.84000015258789
2024-12-04 00:00:00+05:30,21.229999542236328
2024-12-05 00:00:00+05:30,21.170000076293945
2024-12-06 00:00:00+05:30,21.489999771118164
2024-12-09 00:00:00+05:30,21.84000015258789
2024-12-10 00:00:00+05:30,21.600000381469727
2024-12-11 00:00:00+05:30,21.579999923706055
2024-12-12 00:00:00+05:30,21.200000762939453
2024-12-13 00:00:00+05:30,21.09000015258789
2024-12-16 00:00:00+05:30,21.25
2024-12-17 00:00:00+05:30,20.959999084472656
2024-12-18 00:00:00+05:30,20.6200008392334
2024-12-19 00:00:00+05:30,20.360000610351562
2024-12-20 00:00:00+05:30,19.829999923706055
2024-12-23 00:00:00+05:30,19.90999984741211
2024-12-24 00:00:00+05:30,19.799999237060547
2024-12-26 00:00:00+05:30,19.799999237060547
2024-12-27 00:00:00+05:30,19.81999969482422
2024-12-30 00:00:00+05:30,19.540000915527344
2024-12-31 00:00:00+05:30,19.59000015258789
2025-01-01 00:00:00+05:30,19.6299991607666
2025-01-02 00:00:00+05:30,19.59000015258789
2025-01-03 00:00:00+05:30,19.959999084472656
2025-01-06 00:00:00+05:30,18.899999618530273
2025-01-07 00:00:00+05:30,19.020000457763672
2025-01-08 00:00:00+05:30,18.770000457763672
2025-01-09 00:00:00+05:30,18.489999771118164
2025-01-10 00:00:00+05:30,17.959999084472656
2025-01-13 00:00:00+05:30,17.1200008392334
2025-01-14 00:00:00+05:30,18.020000457763672
2025-01-15 00:00:00+05:30,17.969999313354492
2025-01-16 00:00:00+05:30,18.290000915527344
2025-01-17 00:00:00+05:30,18.260000228881836
2025-01-20 00:00:00+05:30,18.93000030517578
2025-01-21 00:00:00+05:30,18.5
2025-01-22 00:00:00+05:30,18.350000381469727
2025-01-23 00:00:00+05:30,18.469999313354492
2025-01-24 00:00:00+05:30,18.239999771118164
2025-01-27 00:00:00+05:30,18.489999771118164
2025-01-28 00:00:00+05:30,18.3700008392334
2025-01-29 00:00:00+05:30,18.809999465942383
2025-01-30 00:00:00+05:30,18.950000762939453
2025-01-31 00:00:00+05:30,19.229999542236328
2025-02-01 00:00:00+05:30,19.030000686645508
2025-02-03 00:00:00+05:30,18.790000915527344
2025-02-04 00:00:00+05:30,19.1200008392334
2025-02-05 00:00:00+05:30,19.420000076293945
2025-02-06 00:00:00+05:30,19.280000686645508
2025-02-07 00:00:00+05:30,19.1200008392334
2025-02-10 00:00:00+05:30,18.59000015258789
2025-02-11 00:00:00+05:30,18.110000610351562
2025-02-12 00:00:00+05:30,18.1299991607666
2025-02-13 00:00:00+05:30,18.170000076293945
2025-02-14 00:00:00+05:30,17.760000228881836
2025-02-17 00:00:00+05:30,17.65999984741211
2025-02-18 00:00:00+05:30,17.459999084472656
2025-02-19 00:00:00+05:30,18.0
2025-02-20 00:00:00+05:30,18.209999084472656
2025-02-21 00:00:00+05:30,17.93000030517578
2025-02-24 00:00:00+05:30,17.860000610351562
2025-02-25 00:00:00+05:30,17.790000915527344
2025-02-27 00:00:00+05:30,17.360000610351562
2025-02-28 00:00:00+05:30,16.75
2025-03-03 00:00:00+05:30,16.309999465942383
2025-03-04 00:00:00+05:30,16.34000015258789
2025-03-05 00:00:00+05:30,16.920000076293945
2025-03-06 00:00:00+05:30,16.979999542236328
2025-03-07 00:00:00+05:30,16.8799991607666
2025-03-10 00:00:00+05:30,16.520000457763672
2025-03-11 00:00:00+05:30,16.3700008392334
2025-03-12 00:00:00+05:30,16.149999618530273
2025-03-13 00:00:00+05:30,16.190000534057617
2025-03-17 00:00:00+05:30,16.110000610351562
2025-03-18 00:00:00+05:30,16.110000610351562
2025-03-19 00:00:00+05:30,17.030000686645508
2025-03-20 00:00:00+05:30,16.940000534057617
2025-03-21 00:00:00+05:30,17.170000076293945
2025-03-24 00:00:00+05:30,17.43000030517578
2025-03-25 00:00:00+05:30,17.030000686645508
2025-03-26 00:00:00+05:30,16.959999084472656
2025-03-27 00:00:00+05:30,17.260000228881836
2025-03-28 00:00:00+05:30,16.8799991607666
2025-04-01 00:00:00+05:30,17.329999923706055
2025-04-02 00:00:00+05:30,17.399999618530273
2025-04-03 00:00:00+05:30,17.950000762939453
2025-04-04 00:00:00+05:30,17.190000534057617
2025-04-07 00:00:00+05:30,16.850000381469727
2025-04-08 00:00:00+05:30,17.170000076293945
2025-04-09 00:00:00+05:30,17.15999984741211
2025-04-11 00:00:00+05:30,17.149999618530273
2025-04-15 00:00:00+05:30,17.520000457763672
2025-04-16 00:00:00+05:30,17.8700008392334
2025-04-17 00:00:00+05:30,18.09000015258789
2025-04-21 00:00:00+05:30,18.81999969482422
2025-04-22 00:00:00+05:30,18.690000534057617
2025-04-23 00:00:00+05:30,18.420000076293945
2025-04-24 00:00:00+05:30,18.43000030517578
2025-04-25 00:00:00+05:30,17.770000457763672
2025-04-28 00:00:00+05:30,18.09000015258789
2025-04-29 00:00:00+05:30,17.989999771118164
2025-04-30 00:00:00+05:30,17.719999313354492
2025-05-02 00:00:00+05:30,17.719999313354492
2025-05-05 00:00:00+05:30,17.729999542236328
2025-05-06 00:00:00+05:30,17.93000030517578
2025-05-07 00:00:00+05:30,18.270000457763672
2025-05-08 00:00:00+05:30,18.229999542236328
2025-05-09 00:00:00+05:30,20.020000457763672
2025-05-12 00:00:00+05:30,20.40999984741211
2025-05-13 00:00:00+05:30,20.8700008392334
2025-05-14 00:00:00+05:30,20.959999084472656
2025-05-15 00:00:00+05:30,21.510000228881836
2025-05-16 00:00:00+05:30,21.549999237060547
2025-05-19 00:00:00+05:30,21.200000762939453
2025-05-20 00:00:00+05:30,20.81999969482422
2025-05-21 00:00:00+05:30,20.979999542236328
2025-05-22 00:00:00+05:30,20.969999313354492
2025-05-23 00:00:00+05:30,21.149999618530273
2025-05-26 00:00:00+05:30,20.989999771118164
2025-05-27 00:00:00+05:30,21.1299991607666
2025-05-28 00:00:00+05:30,21.110000610351562
2025-05-29 00:00:00+05:30,21.309999465942383
2025-05-30 00:00:00+05:30,21.479999542236328
2025-06-02 00:00:00+05:30,23.280000686645508
2025-06-03 00:00:00+05:30,20.860000610351562
2025-06-04 00:00:00+05:30,21.139999389648438
2025-06-05 00:00:00+05:30,20.93000030517578
2025-06-06 00:00:00+05:30,20.850000381469727
2025-06-09 00:00:00+05:30,21.020000457763672
2025-06-10 00:00:00+05:30,20.829999923706055
2025-06-11 00:00:00+05:30,20.709999084472656
2025-06-12 00:00:00+05:30,20.420000076293945
2025-06-13 00:00:00+05:30,20.15999984741211
2025-06-16 00:00:00+05:30,20.239999771118164
2025-06-17 00:00:00+05:30,19.940000534057617
2025-06-18 00:00:00+05:30,19.889999389648438
2025-06-19 00:00:00+05:30,19.40999984741211
2025-06-20 00:00:00+05:30,19.729999542236328
2025-06-23 00:00:00+05:30,19.8799991607666
2025-06-24 00:00:00+05:30,19.969999313354492
2025-06-25 00:00:00+05:30,20.229999542236328
2025-06-26 00:00:00+05:30,20.079999923706055
2025-06-27 00:00:00+05:30,20.18000030517578
2025-06-30 00:00:00+05:30,20.34000015258789
2025-07-01 00:00:00+05:30,20.43000030517578
2025-07-02 00:00:00+05:30,20.280000686645508
2025-07-03 00:00:00+05:30,20.149999618530273
2025-07-04 00:00:00+05:30,20.049999237060547
2025-07-07 00:00:00+05:30,20.0
2025-07-08 00:00:00+05:30,20.0
2025-07-09 00:00:00+05:30,19.90999984741211
2025-07-10 00:00:00+05:30,19.809999465942383
2025-07-11 00:00:00+05:30,19.65999984741211
2025-07-14 00:00:00+05:30,19.989999771118164
2025-07-15 00:00:00+05:30,20.459999084472656
2025-07-16 00:00:00+05:30,20.239999771118164
2025-07-17 00:00:00+05:30,20.139999389648438
2025-07-18 00:00:00+05:30,20.170000076293945
2025-07-21 00:00:00+05:30,20.15999984741211
2025-07-22 00:00:00+05:30,19.989999771118164
2025-07-23 00:00:00+05:30,19.899999618530273
2025-07-24 00:00:00+05:30,20.010000228881836
2025-07-25 00:00:00+05:30,19.600000381469727
2025-07-28 00:00:00+05:30,19.329999923706055
2025-07-29 00:00:00+05:30,19.399999618530273
2025-07-30 00:00:00+05:30,19.219999313354492
2025-07-31 00:00:00+05:30,18.920000076293945
2025-08-01 00:00:00+05:30,18.600000381469727
2025-08-04 00:00:00+05:30,18.889999389648438
2025-08-05 00:00:00+05:30,18.860000610351562
2025-08-06 00:00:00+05:30,18.729999542236328
2025-08-07 00:00:00+05:30,18.770000457763672
2025-08-08 00:00:00+05:30,18.540000915527344
2025-08-11 00:00:00+05:30,18.770000457763672
2025-08-12 00:00:00+05:30,18.719999313354492
2025-08-13 00:00:00+05:30,18.829999923706055
2025-08-14 00:00:00+05:30,18.780000686645508
2025-08-18 00:00:00+05:30,19.09000015258789
2025-08-19 00:00:00+05:30,19.350000381469727
2025-08-20 00:00:00+05:30,19.360000610351562
2025-08-21 00:00:00+05:30,19.43000030517578
2025-08-22 00:00:00+05:30,19.280000686645508
2025-08-25 00:00:00+05:30,19.549999237060547
2025-08-26 00:00:00+05:30,18.950000762939453
2025-08-28 00:00:00+05:30,18.68000030517578
2025-08-29 00:00:00+05:30,19.100000381469727
2025-09-01 00:00:00+05:30,19.549999237060547
2025-09-02 00:00:00+05:30,19.549999237060547
2025-09-03 00:00:00+05:30,20.350000381469727
2025-09-04 00:00:00+05:30,20.290000915527344
2025-09-05 00:00:00+05:30,20.440000534057617
2025-09-08 00:00:00+05:30,20.18000030517578
2025-09-09 00:00:00+05:30,20.34000015258789
2025-09-10 00:00:00+05:30,20.770000457763672
2025-09-11 00:00:00+05:30,20.979999542236328
2025-09-12 00:00:00+05:30,20.860000610351562
2025-09-15 00:00:00+05:30,21.010000228881836
2025-09-16 00:00:00+05:30,21.010000228881836
2025-09-17 00:00:00+05:30,21.149999618530273
2025-09-18 00:00:00+05:30,21.06999969482422
2025-09-19 00:00:00+05:30,21.170000076293945
2025-09-22 00:00:00+05:30,21.209999084472656
2025-09-23 00:00:00+05:30,21.3799991607666
2025-09-24 00:00:00+05:30,21.190000534057617
2025-09-25 00:00:00+05:30,21.350000381469727
2025-09-26 00:00:00+05:30,20.969999313354492
2025-09-29 00:00:00+05:30,21.040000915527344
2025-09-30 00:00:00+05:30,21.25
2025-10-01 00:00:00+05:30,21.760000228881836
2025-10-03 00:00:00+05:30,21.850000381469727
2025-10-06 00:00:00+05:30,21.93000030517578
2025-10-07 00:00:00+05:30,22.219999313354492
2025-10-08 00:00:00+05:30,22.040000915527344
2025-10-09 00:00:00+05:30,22.420000076293945
2025-10-10 00:00:00+05:30,24.0
2025-10-13 00:00:00+05:30,24.030000686645508
2025-10-14 00:00:00+05:30,23.31999969482422
2025-10-15 00:00:00+05:30,23.31999969482422
2025-10-16 00:00:00+05:30,23.1200008392334
2025-10-17 00:00:00+05:30,22.25
2025-10-20 00:00:00+05:30,22.639999389648438
2025-10-21 00:00:00+05:30,22.75
2025-10-23 00:00:00+05:30,22.719999313354492
2025-10-24 00:00:00+05:30,22.670000076293945
2025-10-27 00:00:00+05:30,22.770000457763672
2025-10-28 00:00:00+05:30,22.729999542236328
2025-10-29 00:00:00+05:30,22.690000534057617
2025-10-30 00:00:00+05:30,22.229999542236328
2025-10-31 00:00:00+05:30,22.739999771118164
2025-11-03 00:00:00+05:30,22.969999313354492
2025-11-04 00:00:00+05:30,23.020000457763672
2025-11-05 00:00:00+05:30,23.020000457763672
2025-11-06 00:00:00+05:30,22.6299991607666
2025-11-07 00:00:00+05:30,22.850000381469727
2025-11-10 00:00:00+05:30,22.739999771118164
2025-11-11 00:00:00+05:30,22.6299991607666
2025-11-12 00:00:00+05:30,22.75
2025-11-13 00:00:00+05:30,22.479999542236328
2025-11-14 00:00:00+05:30,22.5
2025-11-17 00:00:00+05:30,23.15999984741211
2025-11-18 00:00:00+05:30,22.989999771118164
2025-11-19 00:00:00+05:30,22.93000030517578
2025-11-20 00:00:00+05:30,22.6299991607666
2025-11-21 00:00:00+05:30,22.43000030517578
2025-11-24 00:00:00+05:30,22.200000762939453
2025-11-25 00:00:00+05:30,22.700000762939453
2025-11-26 00:00:00+05:30,22.93000030517578
2025-11-27 00:00:00+05:30,22.84000015258789
2025-11-28 00:00:00+05:30,22.93000030517578
2025-12-01 00:00:00+05:30,22.450000762939453
2025-12-02 00:00:00+05:30,22.709999084472656
2025-12-03 00:00:00+05:30,22.399999618530273
2025-12-04 00:00:00+05:30,22.760000228881836
2025-12-05 00:00:00+05:30,22.600000381469727
2025-12-08 00:00:00+05:30,21.899999618530273
2025-12-09 00:00:00+05:30,22.020000457763672
2025-12-10 00:00:00+05:30,21.719999313354492
2025-12-11 00:00:00+05:30,21.940000534057617
2025-12-12 00:00:00+05:30,21.920000076293945
2025-12-15 00:00:00+05:30,21.760000228881836
2025-12-16 00:00:00+05:30,21.5
2025-12-17 00:00:00+05:30,21.559999465942383
2025-12-18 00:00:00+05:30,21.440000534057617
2025-12-19 00:00:00+05:30,21.700000762939453
2025-12-22 00:00:00+05:30,21.780000686645508
2025-12-23 00:00:00+05:30,21.739999771118164
2025-12-24 00:00:00+05:30,21.690000534057617
2025-12-25 00:00:00+05:30,21.690000534057617
2025-12-26 00:00:00+05:30,21.520000457763672
2025-12-29 00:00:00+05:30,21.360000610351562
2025-12-30 00:00:00+05:30,21.3700008392334
