Date,Close_Final
2010-01-04 00:00:00+05:30,74.94452667236328
2010-01-05 00:00:00+05:30,75.01045227050781
2010-01-06 00:00:00+05:30,75.06095886230469
2010-01-07 00:00:00+05:30,75.25648498535156
2010-01-08 00:00:00+05:30,75.3553466796875
2010-01-11 00:00:00+05:30,75.05217742919922
2010-01-12 00:00:00+05:30,74.4831771850586
2010-01-13 00:00:00+05:30,74.22394561767578
2010-01-14 00:00:00+05:30,73.98230743408203
2010-01-15 00:00:00+05:30,74.43702697753906
2010-01-18 00:00:00+05:30,77.62252044677734
2010-01-19 00:00:00+05:30,78.17394256591797
2010-01-20 00:00:00+05:30,77.15898895263672
2010-01-21 00:00:00+05:30,75.2059555053711
2010-01-22 00:00:00+05:30,73.68792724609375
2010-01-25 00:00:00+05:30,72.79158782958984
2010-01-27 00:00:00+05:30,70.17727661132812
2010-01-28 00:00:00+05:30,70.00372314453125
2010-01-29 00:00:00+05:30,71.66456604003906
2010-02-01 00:00:00+05:30,70.28934478759766
2010-02-02 00:00:00+05:30,69.38201141357422
2010-02-03 00:00:00+05:30,71.29988861083984
2010-02-04 00:00:00+05:30,71.03624725341797
2010-02-05 00:00:00+05:30,69.12937927246094
2010-02-08 00:00:00+05:30,68.86796569824219
2010-02-09 00:00:00+05:30,69.05469512939453
2010-02-10 00:00:00+05:30,70.01690673828125
2010-02-11 00:00:00+05:30,70.21243286132812
2010-02-15 00:00:00+05:30,70.90665435791016
2010-02-16 00:00:00+05:30,70.58150482177734
2010-02-17 00:00:00+05:30,72.75863647460938
2010-02-18 00:00:00+05:30,73.98011779785156
2010-02-19 00:00:00+05:30,74.42606353759766
2010-02-22 00:00:00+05:30,74.5447006225586
2010-02-23 00:00:00+05:30,74.73802185058594
2010-02-24 00:00:00+05:30,74.71604919433594
2010-02-25 00:00:00+05:30,74.30082702636719
2010-02-26 00:00:00+05:30,74.90497589111328
2010-03-02 00:00:00+05:30,76.66908264160156
2010-03-03 00:00:00+05:30,78.06189727783203
2010-03-04 00:00:00+05:30,78.25963592529297
2010-03-05 00:00:00+05:30,78.38484954833984
2010-03-08 00:00:00+05:30,78.39363861083984
2010-03-09 00:00:00+05:30,79.5799560546875
2010-03-10 00:00:00+05:30,79.7227554321289
2010-03-11 00:00:00+05:30,80.27196502685547
2010-03-12 00:00:00+05:30,79.14277648925781
2010-03-15 00:00:00+05:30,79.6392593383789
2010-03-16 00:00:00+05:30,79.28998565673828
2010-03-17 00:00:00+05:30,79.42615509033203
2010-03-18 00:00:00+05:30,79.12738037109375
2010-03-19 00:00:00+05:30,79.96002197265625
2010-03-22 00:00:00+05:30,80.71794128417969
2010-03-23 00:00:00+05:30,82.77861785888672
2010-03-25 00:00:00+05:30,84.63058471679688
2010-03-26 00:00:00+05:30,85.74221801757812
2010-03-29 00:00:00+05:30,86.33976745605469
2010-03-30 00:00:00+05:30,83.78260803222656
2010-03-31 00:00:00+05:30,84.9535140991211
2010-04-01 00:00:00+05:30,85.20618438720703
2010-04-05 00:00:00+05:30,85.61260223388672
2010-04-06 00:00:00+05:30,84.92717742919922
2010-04-07 00:00:00+05:30,84.87664794921875
2010-04-08 00:00:00+05:30,83.6046371459961
2010-04-09 00:00:00+05:30,85.64994049072266
2010-04-12 00:00:00+05:30,85.8630599975586
2010-04-13 00:00:00+05:30,85.75318908691406
2010-04-15 00:00:00+05:30,85.98828125
2010-04-16 00:00:00+05:30,86.30461120605469
2010-04-19 00:00:00+05:30,84.97989654541016
2010-04-20 00:00:00+05:30,85.43904113769531
2010-04-21 00:00:00+05:30,85.28306579589844
2010-04-22 00:00:00+05:30,84.98208618164062
2010-04-23 00:00:00+05:30,85.7575912475586
2010-04-26 00:00:00+05:30,87.41844177246094
2010-04-27 00:00:00+05:30,86.97686004638672
2010-04-28 00:00:00+05:30,86.4759750366211
2010-04-29 00:00:00+05:30,87.249267578125
2010-04-30 00:00:00+05:30,87.89514923095703
2010-05-03 00:00:00+05:30,86.5484619140625
2010-05-04 00:00:00+05:30,85.10730743408203
2010-05-05 00:00:00+05:30,84.20001983642578
2010-05-06 00:00:00+05:30,83.28388977050781
2010-05-07 00:00:00+05:30,81.19905090332031
2010-05-10 00:00:00+05:30,84.98429870605469
2010-05-11 00:00:00+05:30,85.60382843017578
2010-05-12 00:00:00+05:30,86.77255249023438
2010-05-13 00:00:00+05:30,86.35294342041016
2010-05-14 00:00:00+05:30,85.7553939819336
2010-05-17 00:00:00+05:30,84.74920654296875
2010-05-18 00:00:00+05:30,83.29708862304688
2010-05-19 00:00:00+05:30,82.09977722167969
2010-05-20 00:00:00+05:30,81.32646942138672
2010-05-21 00:00:00+05:30,80.25437927246094
2010-05-24 00:00:00+05:30,80.16651916503906
2010-05-25 00:00:00+05:30,79.25261688232422
2010-05-26 00:00:00+05:30,80.30712127685547
2010-05-27 00:00:00+05:30,83.33223724365234
2010-05-28 00:00:00+05:30,83.34101104736328
2010-05-31 00:00:00+05:30,82.9741439819336
2010-06-01 00:00:00+05:30,81.50881958007812
2010-06-02 00:00:00+05:30,81.41874694824219
2010-06-03 00:00:00+05:30,83.72766876220703
2010-06-04 00:00:00+05:30,82.85330963134766
2010-06-07 00:00:00+05:30,82.4556884765625
2010-06-08 00:00:00+05:30,81.84273529052734
2010-06-09 00:00:00+05:30,82.64239501953125
2010-06-10 00:00:00+05:30,84.7318115234375
2010-06-11 00:00:00+05:30,86.06502532958984
2010-06-14 00:00:00+05:30,87.25232696533203
2010-06-15 00:00:00+05:30,86.84329986572266
2010-06-16 00:00:00+05:30,87.38058471679688
2010-06-17 00:00:00+05:30,88.26717376708984
2010-06-18 00:00:00+05:30,88.07260131835938
2010-06-21 00:00:00+05:30,88.3887710571289
2010-06-22 00:00:00+05:30,87.86698150634766
2010-06-23 00:00:00+05:30,88.38436126708984
2010-06-24 00:00:00+05:30,88.51038360595703
2010-06-25 00:00:00+05:30,86.1247329711914
2010-06-28 00:00:00+05:30,86.25959014892578
2010-06-29 00:00:00+05:30,84.21221923828125
2010-06-30 00:00:00+05:30,84.85780334472656
2010-07-01 00:00:00+05:30,84.34487915039062
2010-07-02 00:00:00+05:30,84.58586120605469
2010-07-05 00:00:00+05:30,84.68978118896484
2010-07-06 00:00:00+05:30,86.84770965576172
2010-07-07 00:00:00+05:30,85.66704559326172
2010-07-08 00:00:00+05:30,86.03848266601562
2010-07-09 00:00:00+05:30,88.56122589111328
2010-07-12 00:00:00+05:30,90.62629699707031
2010-07-13 00:00:00+05:30,91.64778137207031
2010-07-14 00:00:00+05:30,92.25579071044922
2010-07-15 00:00:00+05:30,91.20780181884766
2010-07-16 00:00:00+05:30,90.16197967529297
2010-07-19 00:00:00+05:30,90.55554962158203
2010-07-20 00:00:00+05:30,90.40298461914062
2010-07-21 00:00:00+05:30,89.90107727050781
2010-07-22 00:00:00+05:30,90.97122955322266
2010-07-23 00:00:00+05:30,90.1465072631836
2010-07-26 00:00:00+05:30,90.73463439941406
2010-07-27 00:00:00+05:30,91.39350891113281
2010-07-28 00:00:00+05:30,92.24695587158203
2010-07-29 00:00:00+05:30,92.88814544677734
2010-07-30 00:00:00+05:30,94.05111694335938
2010-08-02 00:00:00+05:30,94.46898651123047
2010-08-03 00:00:00+05:30,93.85431671142578
2010-08-04 00:00:00+05:30,93.51605987548828
2010-08-05 00:00:00+05:30,92.87266540527344
2010-08-06 00:00:00+05:30,92.45037078857422
2010-08-09 00:00:00+05:30,92.06564331054688
2010-08-10 00:00:00+05:30,92.64714813232422
2010-08-11 00:00:00+05:30,92.39728546142578
2010-08-12 00:00:00+05:30,91.67431640625
2010-08-13 00:00:00+05:30,92.31108093261719
2010-08-16 00:00:00+05:30,92.15408325195312
2010-08-17 00:00:00+05:30,93.79244232177734
2010-08-18 00:00:00+05:30,96.9276351928711
2010-08-19 00:00:00+05:30,98.61682891845703
2010-08-20 00:00:00+05:30,98.66767120361328
2010-08-23 00:00:00+05:30,97.13324737548828
2010-08-24 00:00:00+05:30,97.6661148071289
2010-08-25 00:00:00+05:30,96.9408950805664
2010-08-26 00:00:00+05:30,96.32623291015625
2010-08-27 00:00:00+05:30,94.5927963256836
2010-08-30 00:00:00+05:30,94.26336669921875
2010-08-31 00:00:00+05:30,94.37615966796875
2010-09-01 00:00:00+05:30,95.03943634033203
2010-09-02 00:00:00+05:30,96.72862243652344
2010-09-03 00:00:00+05:30,97.01605224609375
2010-09-06 00:00:00+05:30,97.47372436523438
2010-09-07 00:00:00+05:30,97.2437973022461
2010-09-08 00:00:00+05:30,96.38150787353516
2010-09-09 00:00:00+05:30,99.26685333251953
2010-09-13 00:00:00+05:30,100.92951965332031
2010-09-14 00:00:00+05:30,103.21788024902344
2010-09-15 00:00:00+05:30,105.04195404052734
2010-09-16 00:00:00+05:30,105.91971588134766
2010-09-17 00:00:00+05:30,106.1540756225586
2010-09-20 00:00:00+05:30,108.1705093383789
2010-09-21 00:00:00+05:30,109.256103515625
2010-09-22 00:00:00+05:30,109.73809051513672
2010-09-23 00:00:00+05:30,108.95099639892578
2010-09-24 00:00:00+05:30,110.33948516845703
2010-09-27 00:00:00+05:30,107.82781219482422
2010-09-28 00:00:00+05:30,108.35623931884766
2010-09-29 00:00:00+05:30,108.02236938476562
2010-09-30 00:00:00+05:30,110.0785903930664
2010-10-01 00:00:00+05:30,110.58270263671875
2010-10-04 00:00:00+05:30,110.28421783447266
2010-10-05 00:00:00+05:30,108.24126434326172
2010-10-06 00:00:00+05:30,108.63703155517578
2010-10-07 00:00:00+05:30,107.61112976074219
2010-10-08 00:00:00+05:30,106.38180541992188
2010-10-11 00:00:00+05:30,105.61903381347656
2010-10-12 00:00:00+05:30,105.25643920898438
2010-10-13 00:00:00+05:30,107.95161437988281
2010-10-14 00:00:00+05:30,107.20430755615234
2010-10-15 00:00:00+05:30,105.51953887939453
2010-10-18 00:00:00+05:30,106.05900573730469
2010-10-19 00:00:00+05:30,104.7500991821289
2010-10-20 00:00:00+05:30,103.277587890625
2010-10-21 00:00:00+05:30,104.58426666259766
2010-10-22 00:00:00+05:30,102.88401794433594
2010-10-25 00:00:00+05:30,101.91339874267578
2010-10-26 00:00:00+05:30,101.76744842529297
2010-10-27 00:00:00+05:30,99.68473815917969
2010-10-28 00:00:00+05:30,100.23303985595703
2010-10-29 00:00:00+05:30,100.8167495727539
2010-11-01 00:00:00+05:30,103.88119506835938
2010-11-02 00:00:00+05:30,103.93203735351562
2010-11-03 00:00:00+05:30,104.45825958251953
2010-11-04 00:00:00+05:30,105.64997100830078
2010-11-08 00:00:00+05:30,103.27094268798828
2010-11-09 00:00:00+05:30,106.06121826171875
2010-11-10 00:00:00+05:30,105.94403076171875
2010-11-11 00:00:00+05:30,104.0625
2010-11-12 00:00:00+05:30,102.36445617675781
2010-11-15 00:00:00+05:30,105.50184631347656
2010-11-16 00:00:00+05:30,104.91593933105469
2010-11-18 00:00:00+05:30,103.48983001708984
2010-11-19 00:00:00+05:30,101.86476135253906
2010-11-22 00:00:00+05:30,105.23873901367188
2010-11-23 00:00:00+05:30,104.88054656982422
2010-11-24 00:00:00+05:30,102.20967102050781
2010-11-25 00:00:00+05:30,102.72483825683594
2010-11-26 00:00:00+05:30,101.61272430419922
2010-11-29 00:00:00+05:30,101.61272430419922
2010-11-30 00:00:00+05:30,101.05994415283203
2010-12-01 00:00:00+05:30,104.67051696777344
2010-12-02 00:00:00+05:30,105.76274108886719
2010-12-03 00:00:00+05:30,105.93519592285156
2010-12-06 00:00:00+05:30,105.3868637084961
2010-12-07 00:00:00+05:30,103.9895248413086
2010-12-08 00:00:00+05:30,100.84107208251953
2010-12-09 00:00:00+05:30,98.6986312866211
2010-12-10 00:00:00+05:30,98.27189636230469
2010-12-13 00:00:00+05:30,99.00814819335938
2010-12-14 00:00:00+05:30,98.9749984741211
2010-12-15 00:00:00+05:30,95.64303588867188
2010-12-16 00:00:00+05:30,97.31897735595703
2010-12-20 00:00:00+05:30,96.06754302978516
2010-12-21 00:00:00+05:30,97.90708923339844
2010-12-22 00:00:00+05:30,96.34613037109375
2010-12-23 00:00:00+05:30,96.8833999633789
2010-12-24 00:00:00+05:30,98.09723663330078
2010-12-27 00:00:00+05:30,97.88939666748047
2010-12-28 00:00:00+05:30,99.76654052734375
2010-12-29 00:00:00+05:30,102.93486785888672
2010-12-30 00:00:00+05:30,101.94879150390625
2010-12-31 00:00:00+05:30,103.7551498413086
2011-01-03 00:00:00+05:30,105.70745086669922
2011-01-04 00:00:00+05:30,103.71977996826172
2011-01-05 00:00:00+05:30,102.06817626953125
2011-01-06 00:00:00+05:30,102.93267059326172
2011-01-07 00:00:00+05:30,100.35465240478516
2011-01-10 00:00:00+05:30,95.17211151123047
2011-01-11 00:00:00+05:30,94.9222412109375
2011-01-12 00:00:00+05:30,97.51795959472656
2011-01-13 00:00:00+05:30,94.7630615234375
2011-01-14 00:00:00+05:30,90.63072204589844
2011-01-17 00:00:00+05:30,91.45098876953125
2011-01-18 00:00:00+05:30,93.27507019042969
2011-01-19 00:00:00+05:30,91.77600860595703
2011-01-20 00:00:00+05:30,93.63765716552734
2011-01-21 00:00:00+05:30,92.6029281616211
2011-01-24 00:00:00+05:30,95.01068878173828
2011-01-25 00:00:00+05:30,92.16736602783203
2011-01-27 00:00:00+05:30,90.6904067993164
2011-01-28 00:00:00+05:30,90.83854675292969
2011-01-31 00:00:00+05:30,90.53123474121094
2011-02-01 00:00:00+05:30,90.19073486328125
2011-02-02 00:00:00+05:30,89.3196029663086
2011-02-03 00:00:00+05:30,91.13481903076172
2011-02-04 00:00:00+05:30,89.22453308105469
2011-02-07 00:00:00+05:30,90.15755462646484
2011-02-08 00:00:00+05:30,88.5656509399414
2011-02-09 00:00:00+05:30,89.42572784423828
2011-02-10 00:00:00+05:30,89.14051818847656
2011-02-11 00:00:00+05:30,91.06185150146484
2011-02-14 00:00:00+05:30,93.10261535644531
2011-02-15 00:00:00+05:30,93.171142578125
2011-02-16 00:00:00+05:30,92.63387298583984
2011-02-17 00:00:00+05:30,96.6468276977539
2011-02-18 00:00:00+05:30,96.22672271728516
2011-02-21 00:00:00+05:30,97.3587646484375
2011-02-22 00:00:00+05:30,94.5618667602539
2011-02-23 00:00:00+05:30,93.485107421875
2011-02-24 00:00:00+05:30,91.05303192138672
2011-02-25 00:00:00+05:30,90.3034896850586
2011-02-28 00:00:00+05:30,90.75011444091797
2011-03-01 00:00:00+05:30,94.586181640625
2011-03-03 00:00:00+05:30,96.9806900024414
2011-03-04 00:00:00+05:30,98.09061431884766
2011-03-07 00:00:00+05:30,96.09628295898438
2011-03-08 00:00:00+05:30,97.57101440429688
2011-03-09 00:00:00+05:30,97.55111694335938
2011-03-10 00:00:00+05:30,97.655029296875
2011-03-11 00:00:00+05:30,96.67998504638672
2011-03-14 00:00:00+05:30,97.93582153320312
2011-03-15 00:00:00+05:30,96.60482025146484
2011-03-16 00:00:00+05:30,96.56500244140625
2011-03-17 00:00:00+05:30,96.46553039550781
2011-03-18 00:00:00+05:30,95.04164123535156
2011-03-21 00:00:00+05:30,95.26937866210938
2011-03-22 00:00:00+05:30,95.14336395263672
2011-03-23 00:00:00+05:30,95.70051574707031
2011-03-24 00:00:00+05:30,96.96519470214844
2011-03-25 00:00:00+05:30,100.16008758544922
2011-03-28 00:00:00+05:30,101.56185150146484
2011-03-29 00:00:00+05:30,101.93330383300781
2011-03-30 00:00:00+05:30,103.54068756103516
2011-03-31 00:00:00+05:30,103.7330551147461
2011-04-01 00:00:00+05:30,103.19798278808594
2011-04-04 00:00:00+05:30,106.16291809082031
2011-04-05 00:00:00+05:30,105.93961334228516
2011-04-06 00:00:00+05:30,105.0640640258789
2011-04-07 00:00:00+05:30,104.12661743164062
2011-04-08 00:00:00+05:30,104.02269744873047
2011-04-11 00:00:00+05:30,101.53089904785156
2011-04-13 00:00:00+05:30,104.7545166015625
2011-04-15 00:00:00+05:30,104.49584197998047
2011-04-18 00:00:00+05:30,102.22736358642578
2011-04-19 00:00:00+05:30,103.8060073852539
2011-04-20 00:00:00+05:30,104.8871841430664
2011-04-21 00:00:00+05:30,106.5984878540039
2011-04-25 00:00:00+05:30,105.72957611083984
2011-04-26 00:00:00+05:30,104.35213470458984
2011-04-27 00:00:00+05:30,104.06026458740234
2011-04-28 00:00:00+05:30,103.3748550415039
2011-04-29 00:00:00+05:30,101.5087890625
2011-05-02 00:00:00+05:30,101.2699966430664
2011-05-03 00:00:00+05:30,98.86003875732422
2011-05-04 00:00:00+05:30,100.00090026855469
2011-05-05 00:00:00+05:30,98.18787384033203
2011-05-06 00:00:00+05:30,101.58396911621094
2011-05-09 00:00:00+05:30,100.77032470703125
2011-05-10 00:00:00+05:30,99.33539581298828
2011-05-11 00:00:00+05:30,99.98321533203125
2011-05-12 00:00:00+05:30,99.06123352050781
2011-05-13 00:00:00+05:30,99.54100799560547
2011-05-16 00:00:00+05:30,99.62943267822266
2011-05-17 00:00:00+05:30,99.6029281616211
2011-05-18 00:00:00+05:30,100.26178741455078
2011-05-19 00:00:00+05:30,100.54703521728516
2011-05-20 00:00:00+05:30,102.39981079101562
2011-05-23 00:00:00+05:30,100.14460754394531
2011-05-24 00:00:00+05:30,99.72893524169922
2011-05-25 00:00:00+05:30,99.70463562011719
2011-05-26 00:00:00+05:30,100.12250518798828
2011-05-27 00:00:00+05:30,101.86695861816406
2011-05-30 00:00:00+05:30,102.04161834716797
2011-05-31 00:00:00+05:30,106.107666015625
2011-06-01 00:00:00+05:30,106.04794311523438
2011-06-02 00:00:00+05:30,105.09508514404297
2011-06-03 00:00:00+05:30,104.9370346069336
2011-06-06 00:00:00+05:30,106.0279312133789
2011-06-07 00:00:00+05:30,105.81641387939453
2011-06-08 00:00:00+05:30,104.87024688720703
2011-06-09 00:00:00+05:30,105.2063980102539
2011-06-10 00:00:00+05:30,105.19081115722656
2011-06-13 00:00:00+05:30,105.64278411865234
2011-06-14 00:00:00+05:30,106.08358001708984
2011-06-15 00:00:00+05:30,105.65167236328125
2011-06-16 00:00:00+05:30,104.32479858398438
2011-06-17 00:00:00+05:30,104.60530090332031
2011-06-20 00:00:00+05:30,102.36564636230469
2011-06-21 00:00:00+05:30,103.54781341552734
2011-06-22 00:00:00+05:30,103.42090606689453
2011-06-23 00:00:00+05:30,103.91292572021484
2011-06-24 00:00:00+05:30,106.11250305175781
2011-06-27 00:00:00+05:30,107.58190155029297
2011-06-28 00:00:00+05:30,107.88910675048828
2011-06-29 00:00:00+05:30,110.83006286621094
2011-06-30 00:00:00+05:30,112.00778198242188
2011-07-01 00:00:00+05:30,111.37105560302734
2011-07-04 00:00:00+05:30,112.7491226196289
2011-07-05 00:00:00+05:30,113.14766693115234
2011-07-06 00:00:00+05:30,113.33245086669922
2011-07-07 00:00:00+05:30,114.2452163696289
2011-07-08 00:00:00+05:30,113.9491195678711
2011-07-11 00:00:00+05:30,112.39962005615234
2011-07-12 00:00:00+05:30,110.41375732421875
2011-07-13 00:00:00+05:30,112.19257354736328
2011-07-14 00:00:00+05:30,112.64005279541016
2011-07-15 00:00:00+05:30,113.30795288085938
2011-07-18 00:00:00+05:30,114.66598510742188
2011-07-19 00:00:00+05:30,113.7309341430664
2011-07-20 00:00:00+05:30,112.00555419921875
2011-07-21 00:00:00+05:30,110.49166107177734
2011-07-22 00:00:00+05:30,111.66047668457031
2011-07-25 00:00:00+05:30,112.47307586669922
2011-07-26 00:00:00+05:30,110.9035415649414
2011-07-27 00:00:00+05:30,111.77178192138672
2011-07-28 00:00:00+05:30,108.48797607421875
2011-07-29 00:00:00+05:30,108.37666320800781
2011-08-01 00:00:00+05:30,108.64383697509766
2011-08-02 00:00:00+05:30,107.49728393554688
2011-08-03 00:00:00+05:30,107.31916809082031
2011-08-04 00:00:00+05:30,106.07244110107422
2011-08-05 00:00:00+05:30,105.31549072265625
2011-08-08 00:00:00+05:30,102.87770080566406
2011-08-09 00:00:00+05:30,103.40087127685547
2011-08-10 00:00:00+05:30,106.84051513671875
2011-08-11 00:00:00+05:30,106.85167694091797
2011-08-12 00:00:00+05:30,104.20234680175781
2011-08-16 00:00:00+05:30,101.61983489990234
2011-08-17 00:00:00+05:30,104.07991027832031
2011-08-18 00:00:00+05:30,102.94448852539062
2011-08-19 00:00:00+05:30,102.59941864013672
2011-08-22 00:00:00+05:30,100.86288452148438
2011-08-23 00:00:00+05:30,102.27659606933594
2011-08-24 00:00:00+05:30,101.5196533203125
2011-08-25 00:00:00+05:30,98.7701644897461
2011-08-26 00:00:00+05:30,97.72380828857422
2011-08-29 00:00:00+05:30,101.61983489990234
2011-08-30 00:00:00+05:30,105.07061004638672
2011-09-02 00:00:00+05:30,105.25983428955078
2011-09-05 00:00:00+05:30,104.69212341308594
2011-09-06 00:00:00+05:30,105.25983428955078
2011-09-07 00:00:00+05:30,108.66609954833984
2011-09-08 00:00:00+05:30,107.68653106689453
2011-09-09 00:00:00+05:30,105.36002349853516
2011-09-12 00:00:00+05:30,104.49176788330078
2011-09-13 00:00:00+05:30,104.12442779541016
2011-09-14 00:00:00+05:30,106.61790466308594
2011-09-15 00:00:00+05:30,107.89801788330078
2011-09-16 00:00:00+05:30,107.68653106689453
2011-09-19 00:00:00+05:30,107.92027282714844
2011-09-20 00:00:00+05:30,109.38965606689453
2011-09-21 00:00:00+05:30,110.0909423828125
2011-09-22 00:00:00+05:30,105.14852142333984
2011-09-23 00:00:00+05:30,101.60869598388672
2011-09-26 00:00:00+05:30,100.20613098144531
2011-09-27 00:00:00+05:30,101.84245300292969
2011-09-28 00:00:00+05:30,101.96490478515625
2011-09-29 00:00:00+05:30,104.77005767822266
2011-09-30 00:00:00+05:30,104.1133041381836
2011-10-03 00:00:00+05:30,101.53076934814453
2011-10-04 00:00:00+05:30,99.93894958496094
2011-10-05 00:00:00+05:30,97.66812896728516
2011-10-07 00:00:00+05:30,100.18385314941406
2011-10-10 00:00:00+05:30,101.23023986816406
2011-10-11 00:00:00+05:30,101.85358428955078
2011-10-12 00:00:00+05:30,104.00199127197266
2011-10-13 00:00:00+05:30,104.78118133544922
2011-10-14 00:00:00+05:30,105.50473022460938
2011-10-17 00:00:00+05:30,106.42865753173828
2011-10-18 00:00:00+05:30,106.450927734375
2011-10-19 00:00:00+05:30,109.50096130371094
2011-10-20 00:00:00+05:30,108.98889923095703
2011-10-21 00:00:00+05:30,108.42120361328125
2011-10-24 00:00:00+05:30,107.83123779296875
2011-10-25 00:00:00+05:30,104.19120788574219
2011-10-28 00:00:00+05:30,107.4527587890625
2011-10-31 00:00:00+05:30,109.0890884399414
2011-11-01 00:00:00+05:30,107.37482452392578
2011-11-02 00:00:00+05:30,107.55293273925781
2011-11-03 00:00:00+05:30,107.27464294433594
2011-11-04 00:00:00+05:30,107.53068542480469
2011-11-08 00:00:00+05:30,107.80897521972656
2011-11-09 00:00:00+05:30,106.25054931640625
2011-11-11 00:00:00+05:30,103.31183624267578
2011-11-14 00:00:00+05:30,104.94817352294922
2011-11-15 00:00:00+05:30,105.13739776611328
2011-11-16 00:00:00+05:30,103.6791763305664
2011-11-17 00:00:00+05:30,102.26544952392578
2011-11-18 00:00:00+05:30,102.03169250488281
2011-11-21 00:00:00+05:30,98.9927749633789
2011-11-22 00:00:00+05:30,98.85920715332031
2011-11-23 00:00:00+05:30,94.86298370361328
2011-11-24 00:00:00+05:30,95.65332794189453
2011-11-25 00:00:00+05:30,95.93160247802734
2011-11-28 00:00:00+05:30,98.14678955078125
2011-11-29 00:00:00+05:30,96.8889389038086
2011-11-30 00:00:00+05:30,98.51415252685547
2011-12-01 00:00:00+05:30,100.96308135986328
2011-12-02 00:00:00+05:30,103.74594116210938
2011-12-05 00:00:00+05:30,102.93335723876953
2011-12-07 00:00:00+05:30,103.9908447265625
2011-12-08 00:00:00+05:30,101.01873016357422
2011-12-09 00:00:00+05:30,98.79242706298828
2011-12-12 00:00:00+05:30,96.1876220703125
2011-12-13 00:00:00+05:30,97.60134887695312
2011-12-14 00:00:00+05:30,96.69969940185547
2011-12-15 00:00:00+05:30,96.03180694580078
2011-12-16 00:00:00+05:30,92.45857238769531
2011-12-19 00:00:00+05:30,90.38810729980469
2011-12-20 00:00:00+05:30,92.21366119384766
2011-12-21 00:00:00+05:30,96.94458770751953
2011-12-22 00:00:00+05:30,98.59204864501953
2011-12-23 00:00:00+05:30,97.41210174560547
2011-12-26 00:00:00+05:30,98.78128051757812
2011-12-27 00:00:00+05:30,97.89076232910156
2011-12-28 00:00:00+05:30,97.91302490234375
2011-12-29 00:00:00+05:30,95.6421890258789
2011-12-30 00:00:00+05:30,95.02997589111328
2012-01-02 00:00:00+05:30,95.02997589111328
2012-01-03 00:00:00+05:30,97.76831817626953
2012-01-04 00:00:00+05:30,98.69223022460938
2012-01-05 00:00:00+05:30,98.7701644897461
2012-01-06 00:00:00+05:30,100.91854095458984
2012-01-09 00:00:00+05:30,101.45286560058594
2012-01-10 00:00:00+05:30,102.34339141845703
2012-01-11 00:00:00+05:30,103.00013732910156
2012-01-12 00:00:00+05:30,103.89066314697266
2012-01-13 00:00:00+05:30,104.54743194580078
2012-01-16 00:00:00+05:30,102.521484375
2012-01-17 00:00:00+05:30,104.28025817871094
2012-01-18 00:00:00+05:30,107.2857894897461
2012-01-19 00:00:00+05:30,108.37666320800781
2012-01-20 00:00:00+05:30,109.21153259277344
2012-01-23 00:00:00+05:30,107.75331115722656
2012-01-24 00:00:00+05:30,108.82192993164062
2012-01-25 00:00:00+05:30,109.13363647460938
2012-01-27 00:00:00+05:30,107.7978286743164
2012-01-30 00:00:00+05:30,106.65127563476562
2012-01-31 00:00:00+05:30,109.5566177368164
2012-02-01 00:00:00+05:30,110.68089294433594
2012-02-02 00:00:00+05:30,110.84786987304688
2012-02-03 00:00:00+05:30,112.70684051513672
2012-02-06 00:00:00+05:30,113.0296630859375
2012-02-07 00:00:00+05:30,113.38587188720703
2012-02-08 00:00:00+05:30,113.19664764404297
2012-02-09 00:00:00+05:30,116.33572387695312
2012-02-10 00:00:00+05:30,115.21144104003906
2012-02-13 00:00:00+05:30,116.2021484375
2012-02-14 00:00:00+05:30,115.30049133300781
2012-02-15 00:00:00+05:30,118.67333221435547
2012-02-16 00:00:00+05:30,117.2039794921875
2012-02-17 00:00:00+05:30,117.61585998535156
2012-02-21 00:00:00+05:30,118.45071411132812
2012-02-22 00:00:00+05:30,118.31714630126953
2012-02-23 00:00:00+05:30,118.69561767578125
2012-02-24 00:00:00+05:30,116.80325317382812
2012-02-27 00:00:00+05:30,114.7884521484375
2012-02-28 00:00:00+05:30,118.10565185546875
2012-02-29 00:00:00+05:30,115.12239074707031
2012-03-01 00:00:00+05:30,114.43223571777344
2012-03-02 00:00:00+05:30,115.48971557617188
2012-03-03 00:00:00+05:30,90.63545989990234
2012-03-05 00:00:00+05:30,113.75321197509766
2012-03-06 00:00:00+05:30,112.9628677368164
2012-03-07 00:00:00+05:30,114.79957580566406
2012-03-09 00:00:00+05:30,116.4804458618164
2012-03-12 00:00:00+05:30,115.53427124023438
2012-03-13 00:00:00+05:30,116.74758911132812
2012-03-14 00:00:00+05:30,117.5936050415039
2012-03-15 00:00:00+05:30,113.71981811523438
2012-03-16 00:00:00+05:30,113.06305694580078
2012-03-19 00:00:00+05:30,111.05936431884766
2012-03-20 00:00:00+05:30,112.51760864257812
2012-03-21 00:00:00+05:30,114.79957580566406
2012-03-22 00:00:00+05:30,112.26158905029297
2012-03-23 00:00:00+05:30,114.42110443115234
2012-03-26 00:00:00+05:30,113.90904235839844
2012-03-27 00:00:00+05:30,115.51199340820312
2012-03-28 00:00:00+05:30,114.30979919433594
2012-03-29 00:00:00+05:30,113.56396484375
2012-03-30 00:00:00+05:30,115.7346420288086
2012-04-02 00:00:00+05:30,117.6269760131836
2012-04-03 00:00:00+05:30,118.03884887695312
2012-04-04 00:00:00+05:30,117.22624969482422
2012-04-09 00:00:00+05:30,116.15762329101562
2012-04-10 00:00:00+05:30,116.8477554321289
2012-04-11 00:00:00+05:30,117.2039794921875
2012-04-12 00:00:00+05:30,118.08338165283203
2012-04-13 00:00:00+05:30,117.84960174560547
2012-04-16 00:00:00+05:30,117.93867492675781
2012-04-17 00:00:00+05:30,118.05000305175781
2012-04-18 00:00:00+05:30,119.69745635986328
2012-04-19 00:00:00+05:30,123.34857940673828
2012-04-20 00:00:00+05:30,122.69184112548828
2012-04-23 00:00:00+05:30,121.41171264648438
2012-04-24 00:00:00+05:30,120.6324691772461
2012-04-25 00:00:00+05:30,121.70113372802734
2012-04-26 00:00:00+05:30,120.33193969726562
2012-04-27 00:00:00+05:30,120.47667694091797
2012-04-30 00:00:00+05:30,120.7771987915039
2012-05-02 00:00:00+05:30,122.4246597290039
2012-05-03 00:00:00+05:30,123.34857940673828
2012-05-04 00:00:00+05:30,119.66405487060547
2012-05-07 00:00:00+05:30,118.49520874023438
2012-05-08 00:00:00+05:30,114.73278045654297
2012-05-09 00:00:00+05:30,114.13168334960938
2012-05-10 00:00:00+05:30,115.21144104003906
2012-05-11 00:00:00+05:30,113.6641616821289
2012-05-14 00:00:00+05:30,111.4378433227539
2012-05-15 00:00:00+05:30,111.11503601074219
2012-05-16 00:00:00+05:30,110.24677276611328
2012-05-17 00:00:00+05:30,110.82561492919922
2012-05-18 00:00:00+05:30,111.4378433227539
2012-05-21 00:00:00+05:30,110.74768829345703
2012-05-22 00:00:00+05:30,108.92211151123047
2012-05-23 00:00:00+05:30,108.46572875976562
2012-05-24 00:00:00+05:30,111.24861145019531
2012-05-25 00:00:00+05:30,111.31538391113281
2012-05-28 00:00:00+05:30,113.2634048461914
2012-05-29 00:00:00+05:30,112.41742706298828
2012-05-30 00:00:00+05:30,111.4601058959961
2012-05-31 00:00:00+05:30,112.69571685791016
2012-06-01 00:00:00+05:30,109.17813873291016
2012-06-04 00:00:00+05:30,110.34695434570312
2012-06-05 00:00:00+05:30,111.64935302734375
2012-06-06 00:00:00+05:30,115.74575805664062
2012-06-07 00:00:00+05:30,119.73084259033203
2012-06-08 00:00:00+05:30,120.02025604248047
2012-06-11 00:00:00+05:30,120.65476989746094
2012-06-12 00:00:00+05:30,122.35787200927734
2012-06-13 00:00:00+05:30,120.6102523803711
2012-06-14 00:00:00+05:30,118.9738998413086
2012-06-15 00:00:00+05:30,121.90149688720703
2012-06-18 00:00:00+05:30,119.09635162353516
2012-06-19 00:00:00+05:30,119.43031311035156
2012-06-20 00:00:00+05:30,118.92937469482422
2012-06-21 00:00:00+05:30,120.86625671386719
2012-06-22 00:00:00+05:30,121.18907928466797
2012-06-25 00:00:00+05:30,119.48595428466797
2012-06-26 00:00:00+05:30,120.98873138427734
2012-06-27 00:00:00+05:30,122.22433471679688
2012-06-28 00:00:00+05:30,123.07698822021484
2012-06-29 00:00:00+05:30,126.45401763916016
2012-07-02 00:00:00+05:30,128.78768920898438
2012-07-03 00:00:00+05:30,129.21401977539062
2012-07-04 00:00:00+05:30,129.6964111328125
2012-07-05 00:00:00+05:30,131.06520080566406
2012-07-06 00:00:00+05:30,130.4818115234375
2012-07-09 00:00:00+05:30,129.7301025390625
2012-07-10 00:00:00+05:30,132.086181640625
2012-07-11 00:00:00+05:30,131.7158966064453
2012-07-12 00:00:00+05:30,130.1676483154297
2012-07-13 00:00:00+05:30,131.72715759277344
2012-07-16 00:00:00+05:30,130.7398681640625
2012-07-17 00:00:00+05:30,130.8744659423828
2012-07-18 00:00:00+05:30,131.7158966064453
2012-07-19 00:00:00+05:30,132.25450134277344
2012-07-20 00:00:00+05:30,130.7286376953125
2012-07-23 00:00:00+05:30,128.57449340820312
2012-07-24 00:00:00+05:30,128.8101043701172
2012-07-25 00:00:00+05:30,129.25888061523438
2012-07-26 00:00:00+05:30,126.95890045166016
2012-07-27 00:00:00+05:30,131.17739868164062
2012-07-30 00:00:00+05:30,131.77203369140625
2012-07-31 00:00:00+05:30,131.8842315673828
2012-08-01 00:00:00+05:30,131.603759765625
2012-08-02 00:00:00+05:30,130.70619201660156
2012-08-03 00:00:00+05:30,131.9851837158203
2012-08-06 00:00:00+05:30,134.68905639648438
2012-08-07 00:00:00+05:30,134.65541076660156
2012-08-08 00:00:00+05:30,134.38616943359375
2012-08-09 00:00:00+05:30,135.6763916015625
2012-08-10 00:00:00+05:30,135.1154022216797
2012-08-13 00:00:00+05:30,136.30467224121094
2012-08-14 00:00:00+05:30,136.4617462158203
2012-08-16 00:00:00+05:30,134.64419555664062
2012-08-17 00:00:00+05:30,133.53346252441406
2012-08-21 00:00:00+05:30,133.82516479492188
2012-08-22 00:00:00+05:30,133.93740844726562
2012-08-23 00:00:00+05:30,134.1168670654297
2012-08-24 00:00:00+05:30,133.802734375
2012-08-27 00:00:00+05:30,133.36517333984375
2012-08-28 00:00:00+05:30,132.2432403564453
2012-08-29 00:00:00+05:30,132.063720703125
2012-08-30 00:00:00+05:30,133.71298217773438
2012-08-31 00:00:00+05:30,133.58958435058594
2012-09-03 00:00:00+05:30,132.4900665283203
2012-09-04 00:00:00+05:30,132.4115447998047
2012-09-05 00:00:00+05:30,132.86029052734375
2012-09-06 00:00:00+05:30,131.97398376464844
2012-09-07 00:00:00+05:30,132.47886657714844
2012-09-08 00:00:00+05:30,106.64179992675781
2012-09-10 00:00:00+05:30,132.6471710205078
2012-09-11 00:00:00+05:30,133.3763885498047
2012-09-12 00:00:00+05:30,134.45350646972656
2012-09-13 00:00:00+05:30,134.45350646972656
2012-09-14 00:00:00+05:30,137.49392700195312
2012-09-17 00:00:00+05:30,136.49539184570312
2012-09-18 00:00:00+05:30,135.85586547851562
2012-09-20 00:00:00+05:30,136.18128967285156
2012-09-21 00:00:00+05:30,140.2763214111328
2012-09-24 00:00:00+05:30,142.48655700683594
2012-09-25 00:00:00+05:30,142.91293334960938
2012-09-26 00:00:00+05:30,141.53292846679688
2012-09-27 00:00:00+05:30,141.54412841796875
2012-09-28 00:00:00+05:30,141.17393493652344
2012-10-01 00:00:00+05:30,139.76023864746094
2012-10-03 00:00:00+05:30,138.9973602294922
2012-10-04 00:00:00+05:30,141.6563262939453
2012-10-05 00:00:00+05:30,139.6593017578125
2012-10-08 00:00:00+05:30,139.27783203125
2012-10-09 00:00:00+05:30,140.41098022460938
2012-10-10 00:00:00+05:30,138.66073608398438
2012-10-11 00:00:00+05:30,140.2090301513672
2012-10-12 00:00:00+05:30,141.62265014648438
2012-10-15 00:00:00+05:30,142.29583740234375
2012-10-16 00:00:00+05:30,141.45437622070312
2012-10-17 00:00:00+05:30,140.93829345703125
2012-10-18 00:00:00+05:30,142.75582885742188
2012-10-19 00:00:00+05:30,141.02801513671875
2012-10-22 00:00:00+05:30,143.3840789794922
2012-10-23 00:00:00+05:30,142.2846221923828
2012-10-25 00:00:00+05:30,143.01388549804688
2012-10-29 00:00:00+05:30,143.74313354492188
2012-10-30 00:00:00+05:30,142.18365478515625
2012-10-31 00:00:00+05:30,142.3070831298828
2012-11-01 00:00:00+05:30,141.05047607421875
2012-11-02 00:00:00+05:30,141.4319305419922
2012-11-05 00:00:00+05:30,142.48655700683594
2012-11-06 00:00:00+05:30,143.5075225830078
2012-11-07 00:00:00+05:30,143.6197509765625
2012-11-08 00:00:00+05:30,143.3840789794922
2012-11-09 00:00:00+05:30,143.46266174316406
2012-11-12 00:00:00+05:30,146.14410400390625
2012-11-15 00:00:00+05:30,145.01092529296875
2012-11-16 00:00:00+05:30,144.1134033203125
2012-11-19 00:00:00+05:30,145.12310791015625
2012-11-20 00:00:00+05:30,146.71629333496094
2012-11-21 00:00:00+05:30,148.92649841308594
2012-11-22 00:00:00+05:30,150.13818359375
2012-11-23 00:00:00+05:30,150.28407287597656
2012-11-26 00:00:00+05:30,148.52259826660156
2012-11-27 00:00:00+05:30,152.6962127685547
2012-11-29 00:00:00+05:30,157.0381317138672
2012-11-30 00:00:00+05:30,157.9581298828125
2012-12-03 00:00:00+05:30,154.1435546875
2012-12-04 00:00:00+05:30,153.73965454101562
2012-12-05 00:00:00+05:30,155.41134643554688
2012-12-06 00:00:00+05:30,155.8937530517578
2012-12-07 00:00:00+05:30,155.5235137939453
2012-12-10 00:00:00+05:30,155.50112915039062
2012-12-11 00:00:00+05:30,155.0186309814453
2012-12-12 00:00:00+05:30,155.69183349609375
2012-12-13 00:00:00+05:30,155.0635528564453
2012-12-14 00:00:00+05:30,154.5474395751953
2012-12-17 00:00:00+05:30,151.79867553710938
2012-12-18 00:00:00+05:30,151.67529296875
2012-12-19 00:00:00+05:30,154.37911987304688
2012-12-20 00:00:00+05:30,153.3469696044922
2012-12-21 00:00:00+05:30,151.68650817871094
2012-12-24 00:00:00+05:30,151.70892333984375
2012-12-26 00:00:00+05:30,152.65135192871094
2012-12-27 00:00:00+05:30,152.6064910888672
2012-12-28 00:00:00+05:30,152.05673217773438
2012-12-31 00:00:00+05:30,152.26988220214844
2013-01-01 00:00:00+05:30,153.59378051757812
2013-01-02 00:00:00+05:30,154.23329162597656
2013-01-03 00:00:00+05:30,153.3357391357422
2013-01-04 00:00:00+05:30,152.4381866455078
2013-01-07 00:00:00+05:30,149.93629455566406
2013-01-08 00:00:00+05:30,150.39625549316406
2013-01-09 00:00:00+05:30,149.7791748046875
2013-01-10 00:00:00+05:30,151.64161682128906
2013-01-11 00:00:00+05:30,150.18307495117188
2013-01-14 00:00:00+05:30,150.18307495117188
2013-01-15 00:00:00+05:30,149.9586944580078
2013-01-16 00:00:00+05:30,148.20848083496094
2013-01-17 00:00:00+05:30,149.62210083007812
2013-01-18 00:00:00+05:30,148.7357635498047
2013-01-21 00:00:00+05:30,147.7709197998047
2013-01-22 00:00:00+05:30,146.69384765625
2013-01-23 00:00:00+05:30,147.33335876464844
2013-01-24 00:00:00+05:30,148.16357421875
2013-01-25 00:00:00+05:30,149.2294464111328
2013-01-28 00:00:00+05:30,150.41867065429688
2013-01-29 00:00:00+05:30,146.4021453857422
2013-01-30 00:00:00+05:30,147.34458923339844
2013-01-31 00:00:00+05:30,144.2928924560547
2013-02-01 00:00:00+05:30,143.64218139648438
2013-02-04 00:00:00+05:30,145.15679931640625
2013-02-05 00:00:00+05:30,144.5397186279297
2013-02-06 00:00:00+05:30,143.49632263183594
2013-02-07 00:00:00+05:30,143.945068359375
2013-02-08 00:00:00+05:30,145.86361694335938
2013-02-11 00:00:00+05:30,147.41189575195312
2013-02-12 00:00:00+05:30,149.26312255859375
2013-02-13 00:00:00+05:30,149.0386962890625
2013-02-14 00:00:00+05:30,151.41720581054688
2013-02-15 00:00:00+05:30,151.8547821044922
2013-02-18 00:00:00+05:30,151.68650817871094
2013-02-19 00:00:00+05:30,151.41720581054688
2013-02-20 00:00:00+05:30,151.899658203125
2013-02-21 00:00:00+05:30,149.4987030029297
2013-02-22 00:00:00+05:30,147.939208984375
2013-02-25 00:00:00+05:30,147.29969787597656
2013-02-26 00:00:00+05:30,146.1328887939453
2013-02-27 00:00:00+05:30,144.22557067871094
2013-02-28 00:00:00+05:30,140.32122802734375
2013-03-01 00:00:00+05:30,139.68173217773438
2013-03-04 00:00:00+05:30,140.83731079101562
2013-03-05 00:00:00+05:30,142.02658081054688
2013-03-06 00:00:00+05:30,141.47683715820312
2013-03-07 00:00:00+05:30,144.0124053955078
2013-03-08 00:00:00+05:30,147.49041748046875
2013-03-11 00:00:00+05:30,147.0304412841797
2013-03-12 00:00:00+05:30,144.50607299804688
2013-03-13 00:00:00+05:30,142.4641571044922
2013-03-14 00:00:00+05:30,145.68409729003906
2013-03-15 00:00:00+05:30,143.47390747070312
2013-03-18 00:00:00+05:30,144.3489990234375
2013-03-19 00:00:00+05:30,141.71243286132812
2013-03-20 00:00:00+05:30,140.35488891601562
2013-03-21 00:00:00+05:30,136.20370483398438
2013-03-22 00:00:00+05:30,135.81103515625
2013-03-25 00:00:00+05:30,136.74224853515625
2013-03-26 00:00:00+05:30,137.8865966796875
2013-03-28 00:00:00+05:30,140.32122802734375
2013-04-01 00:00:00+05:30,139.984619140625
2013-04-02 00:00:00+05:30,141.3422088623047
2013-04-03 00:00:00+05:30,139.93975830078125
2013-04-04 00:00:00+05:30,138.25686645507812
2013-04-05 00:00:00+05:30,139.33389282226562
2013-04-08 00:00:00+05:30,140.1192626953125
2013-04-09 00:00:00+05:30,139.25535583496094
2013-04-10 00:00:00+05:30,141.81344604492188
2013-04-11 00:00:00+05:30,143.440185546875
2013-04-12 00:00:00+05:30,144.43878173828125
2013-04-15 00:00:00+05:30,143.95631408691406
2013-04-16 00:00:00+05:30,148.84799194335938
2013-04-17 00:00:00+05:30,148.1186981201172
2013-04-18 00:00:00+05:30,151.14796447753906
2013-04-22 00:00:00+05:30,156.6903533935547
2013-04-23 00:00:00+05:30,154.60354614257812
2013-04-25 00:00:00+05:30,154.7269287109375
2013-04-26 00:00:00+05:30,154.6259765625
2013-04-29 00:00:00+05:30,155.98350524902344
2013-04-30 00:00:00+05:30,153.1001434326172
2013-05-02 00:00:00+05:30,155.3888702392578
2013-05-03 00:00:00+05:30,152.79721069335938
2013-05-06 00:00:00+05:30,151.57431030273438
2013-05-07 00:00:00+05:30,154.39036560058594
2013-05-08 00:00:00+05:30,156.4322967529297
2013-05-09 00:00:00+05:30,154.83912658691406
2013-05-10 00:00:00+05:30,157.8235321044922
2013-05-13 00:00:00+05:30,155.44500732421875
2013-05-14 00:00:00+05:30,154.61473083496094
2013-05-15 00:00:00+05:30,160.40396118164062
2013-05-16 00:00:00+05:30,162.18788146972656
2013-05-17 00:00:00+05:30,161.31277465820312
2013-05-20 00:00:00+05:30,160.32542419433594
2013-05-21 00:00:00+05:30,158.822021484375
2013-05-22 00:00:00+05:30,157.845947265625
2013-05-23 00:00:00+05:30,156.7576446533203
2013-05-24 00:00:00+05:30,157.3747100830078
2013-05-27 00:00:00+05:30,160.44883728027344
2013-05-28 00:00:00+05:30,160.05618286132812
2013-05-29 00:00:00+05:30,160.65081787109375
2013-05-30 00:00:00+05:30,162.7151641845703
2013-05-31 00:00:00+05:30,157.1840057373047
2013-06-03 00:00:00+05:30,154.63720703125
2013-06-04 00:00:00+05:30,153.26844787597656
2013-06-05 00:00:00+05:30,154.36795043945312
2013-06-06 00:00:00+05:30,153.07769775390625
2013-06-07 00:00:00+05:30,151.72018432617188
2013-06-10 00:00:00+05:30,151.7650146484375
2013-06-11 00:00:00+05:30,149.19578552246094
2013-06-12 00:00:00+05:30,148.98260498046875
2013-06-13 00:00:00+05:30,148.224609375
2013-06-14 00:00:00+05:30,150.4759521484375
2013-06-17 00:00:00+05:30,150.996337890625
2013-06-18 00:00:00+05:30,148.75637817382812
2013-06-19 00:00:00+05:30,150.50990295410156
2013-06-20 00:00:00+05:30,144.0387725830078
2013-06-21 00:00:00+05:30,143.73330688476562
2013-06-24 00:00:00+05:30,141.49331665039062
2013-06-25 00:00:00+05:30,143.45046997070312
2013-06-26 00:00:00+05:30,140.92764282226562
2013-06-27 00:00:00+05:30,146.2787322998047
2013-06-28 00:00:00+05:30,151.48281860351562
2013-07-01 00:00:00+05:30,151.31314086914062
2013-07-02 00:00:00+05:30,148.55270385742188
2013-07-03 00:00:00+05:30,147.21774291992188
2013-07-04 00:00:00+05:30,148.23594665527344
2013-07-05 00:00:00+05:30,151.08685302734375
2013-07-08 00:00:00+05:30,149.4351348876953
2013-07-09 00:00:00+05:30,151.663818359375
2013-07-10 00:00:00+05:30,149.17494201660156
2013-07-11 00:00:00+05:30,154.59393310546875
2013-07-12 00:00:00+05:30,157.42221069335938
2013-07-15 00:00:00+05:30,157.35433959960938
2013-07-16 00:00:00+05:30,153.56442260742188
2013-07-17 00:00:00+05:30,149.98947143554688
2013-07-18 00:00:00+05:30,154.78622436523438
2013-07-19 00:00:00+05:30,153.85858154296875
2013-07-22 00:00:00+05:30,154.32240295410156
2013-07-23 00:00:00+05:30,154.67312622070312
2013-07-24 00:00:00+05:30,149.32199096679688
2013-07-25 00:00:00+05:30,147.94180297851562
2013-07-26 00:00:00+05:30,145.73574829101562
2013-07-29 00:00:00+05:30,143.111083984375
2013-07-30 00:00:00+05:30,141.49331665039062
2013-07-31 00:00:00+05:30,137.96360778808594
2013-08-01 00:00:00+05:30,143.043212890625
2013-08-02 00:00:00+05:30,142.8282470703125
2013-08-05 00:00:00+05:30,143.1563720703125
2013-08-06 00:00:00+05:30,137.71473693847656
2013-08-07 00:00:00+05:30,136.02911376953125
2013-08-08 00:00:00+05:30,138.13331604003906
2013-08-12 00:00:00+05:30,136.25534057617188
2013-08-13 00:00:00+05:30,140.39596557617188
2013-08-14 00:00:00+05:30,140.5882568359375
2013-08-16 00:00:00+05:30,133.01980590820312
2013-08-19 00:00:00+05:30,132.29574584960938
2013-08-20 00:00:00+05:30,132.3070526123047
2013-08-21 00:00:00+05:30,134.25291442871094
2013-08-22 00:00:00+05:30,133.20079040527344
2013-08-23 00:00:00+05:30,137.46585083007812
2013-08-26 00:00:00+05:30,138.31431579589844
2013-08-27 00:00:00+05:30,127.13697052001953
2013-08-28 00:00:00+05:30,127.14826965332031
2013-08-29 00:00:00+05:30,129.43353271484375
2013-08-30 00:00:00+05:30,134.39999389648438
2013-09-02 00:00:00+05:30,133.3817901611328
2013-09-03 00:00:00+05:30,127.2840347290039
2013-09-04 00:00:00+05:30,127.6234359741211
2013-09-05 00:00:00+05:30,137.9070587158203
2013-09-06 00:00:00+05:30,139.4230194091797
2013-09-10 00:00:00+05:30,144.3555450439453
2013-09-11 00:00:00+05:30,146.44847106933594
2013-09-12 00:00:00+05:30,143.43914794921875
2013-09-13 00:00:00+05:30,142.36447143554688
2013-09-16 00:00:00+05:30,145.4416046142578
2013-09-17 00:00:00+05:30,145.31716918945312
2013-09-18 00:00:00+05:30,147.18382263183594
2013-09-19 00:00:00+05:30,154.58262634277344
2013-09-20 00:00:00+05:30,149.11837768554688
2013-09-23 00:00:00+05:30,145.24928283691406
2013-09-24 00:00:00+05:30,144.4573516845703
2013-09-25 00:00:00+05:30,140.41854858398438
2013-09-26 00:00:00+05:30,140.54302978515625
2013-09-27 00:00:00+05:30,137.7713165283203
2013-09-30 00:00:00+05:30,134.1850128173828
2013-10-01 00:00:00+05:30,138.39352416992188
2013-10-03 00:00:00+05:30,143.94825744628906
2013-10-04 00:00:00+05:30,144.909912109375
2013-10-07 00:00:00+05:30,143.51837158203125
2013-10-08 00:00:00+05:30,143.14505004882812
2013-10-09 00:00:00+05:30,146.8783721923828
2013-10-10 00:00:00+05:30,145.04563903808594
2013-10-11 00:00:00+05:30,149.62742614746094
2013-10-14 00:00:00+05:30,151.0302734375
2013-10-15 00:00:00+05:30,147.62503051757812
2013-10-17 00:00:00+05:30,148.02096557617188
2013-10-18 00:00:00+05:30,153.08926391601562
2013-10-21 00:00:00+05:30,151.87876892089844
2013-10-22 00:00:00+05:30,151.36968994140625
2013-10-23 00:00:00+05:30,149.3785858154297
2013-10-24 00:00:00+05:30,151.4375457763672
2013-10-25 00:00:00+05:30,152.17291259765625
2013-10-28 00:00:00+05:30,151.1208038330078
2013-10-29 00:00:00+05:30,155.3292999267578
2013-10-30 00:00:00+05:30,153.71148681640625
2013-10-31 00:00:00+05:30,154.03958129882812
2013-11-01 00:00:00+05:30,154.71836853027344
2013-11-05 00:00:00+05:30,153.01010131835938
2013-11-06 00:00:00+05:30,151.3470458984375
2013-11-07 00:00:00+05:30,150.55514526367188
2013-11-08 00:00:00+05:30,147.63633728027344
2013-11-11 00:00:00+05:30,148.0323028564453
2013-11-12 00:00:00+05:30,146.154296875
2013-11-13 00:00:00+05:30,143.38259887695312
2013-11-14 00:00:00+05:30,145.30584716796875
2013-11-18 00:00:00+05:30,151.32443237304688
2013-11-19 00:00:00+05:30,149.34461975097656
2013-11-20 00:00:00+05:30,146.96885681152344
2013-11-21 00:00:00+05:30,144.27635192871094
2013-11-22 00:00:00+05:30,145.2945556640625
2013-11-25 00:00:00+05:30,149.2767791748047
2013-11-26 00:00:00+05:30,147.7382049560547
2013-11-27 00:00:00+05:30,147.87393188476562
2013-11-28 00:00:00+05:30,147.83999633789062
2013-11-29 00:00:00+05:30,149.62742614746094
2013-12-02 00:00:00+05:30,149.62742614746094
2013-12-03 00:00:00+05:30,148.37168884277344
2013-12-04 00:00:00+05:30,148.79026794433594
2013-12-05 00:00:00+05:30,155.69131469726562
2013-12-06 00:00:00+05:30,154.46949768066406
2013-12-09 00:00:00+05:30,157.6258544921875
2013-12-10 00:00:00+05:30,157.63714599609375
2013-12-11 00:00:00+05:30,157.376953125
2013-12-12 00:00:00+05:30,157.29776000976562
2013-12-13 00:00:00+05:30,156.10987854003906
2013-12-16 00:00:00+05:30,154.8428192138672
2013-12-17 00:00:00+05:30,148.79026794433594
2013-12-18 00:00:00+05:30,150.74745178222656
2013-12-19 00:00:00+05:30,147.6476593017578
2013-12-20 00:00:00+05:30,150.37411499023438
2013-12-23 00:00:00+05:30,150.34017944335938
2013-12-24 00:00:00+05:30,148.72239685058594
2013-12-26 00:00:00+05:30,151.38099670410156
2013-12-27 00:00:00+05:30,151.51675415039062
2013-12-30 00:00:00+05:30,151.48281860351562
2013-12-31 00:00:00+05:30,150.65695190429688
2014-01-01 00:00:00+05:30,150.4985809326172
2014-01-02 00:00:00+05:30,148.65451049804688
2014-01-03 00:00:00+05:30,150.03472900390625
2014-01-06 00:00:00+05:30,149.71795654296875
2014-01-07 00:00:00+05:30,150.32884216308594
2014-01-08 00:00:00+05:30,150.39674377441406
2014-01-09 00:00:00+05:30,150.0008087158203
2014-01-10 00:00:00+05:30,149.79718017578125
2014-01-13 00:00:00+05:30,152.24078369140625
2014-01-14 00:00:00+05:30,152.11634826660156
2014-01-15 00:00:00+05:30,153.98301696777344
2014-01-16 00:00:00+05:30,152.28607177734375
2014-01-17 00:00:00+05:30,150.4646453857422
2014-01-20 00:00:00+05:30,151.60726928710938
2014-01-21 00:00:00+05:30,152.97613525390625
2014-01-22 00:00:00+05:30,153.202392578125
2014-01-23 00:00:00+05:30,153.7454376220703
2014-01-24 00:00:00+05:30,152.36521911621094
2014-01-27 00:00:00+05:30,146.88967895507812
2014-01-28 00:00:00+05:30,145.81492614746094
2014-01-29 00:00:00+05:30,146.0412139892578
2014-01-30 00:00:00+05:30,142.9527130126953
2014-01-31 00:00:00+05:30,142.2060089111328
2014-02-03 00:00:00+05:30,141.75350952148438
2014-02-04 00:00:00+05:30,142.68118286132812
2014-02-05 00:00:00+05:30,144.23109436035156
2014-02-06 00:00:00+05:30,146.3918914794922
2014-02-07 00:00:00+05:30,146.5615997314453
2014-02-10 00:00:00+05:30,145.6905059814453
2014-02-11 00:00:00+05:30,145.89413452148438
2014-02-12 00:00:00+05:30,146.0412139892578
2014-02-13 00:00:00+05:30,143.111083984375
2014-02-14 00:00:00+05:30,145.21533203125
2014-02-17 00:00:00+05:30,147.16119384765625
2014-02-18 00:00:00+05:30,149.423828125
2014-02-19 00:00:00+05:30,151.60726928710938
2014-02-20 00:00:00+05:30,149.95553588867188
2014-02-21 00:00:00+05:30,150.32884216308594
2014-02-24 00:00:00+05:30,151.8222198486328
2014-02-25 00:00:00+05:30,151.84478759765625
2014-02-26 00:00:00+05:30,153.27027893066406
2014-02-28 00:00:00+05:30,151.50543212890625
2014-03-03 00:00:00+05:30,150.73614501953125
2014-03-04 00:00:00+05:30,151.98057556152344
2014-03-05 00:00:00+05:30,151.5393829345703
2014-03-06 00:00:00+05:30,152.8629913330078
2014-03-07 00:00:00+05:30,160.97454833984375
2014-03-10 00:00:00+05:30,166.17855834960938
2014-03-11 00:00:00+05:30,164.07431030273438
2014-03-12 00:00:00+05:30,164.16482543945312
2014-03-13 00:00:00+05:30,167.96604919433594
2014-03-14 00:00:00+05:30,165.6581268310547
2014-03-18 00:00:00+05:30,166.0767364501953
2014-03-19 00:00:00+05:30,167.08364868164062
2014-03-20 00:00:00+05:30,165.2169647216797
2014-03-21 00:00:00+05:30,166.04281616210938
2014-03-24 00:00:00+05:30,169.84400939941406
2014-03-25 00:00:00+05:30,169.7308807373047
2014-03-26 00:00:00+05:30,168.80319213867188
2014-03-27 00:00:00+05:30,168.9615936279297
2014-03-28 00:00:00+05:30,168.5543212890625
2014-03-31 00:00:00+05:30,169.42543029785156
2014-04-01 00:00:00+05:30,167.00439453125
2014-04-02 00:00:00+05:30,165.6015625
2014-04-03 00:00:00+05:30,164.90017700195312
2014-04-04 00:00:00+05:30,164.14219665527344
2014-04-07 00:00:00+05:30,164.11956787109375
2014-04-09 00:00:00+05:30,167.8529052734375
2014-04-10 00:00:00+05:30,167.29856872558594
2014-04-11 00:00:00+05:30,167.0157470703125
2014-04-15 00:00:00+05:30,163.80282592773438
2014-04-16 00:00:00+05:30,164.25535583496094
2014-04-17 00:00:00+05:30,162.6149444580078
2014-04-21 00:00:00+05:30,162.10585021972656
2014-04-22 00:00:00+05:30,164.6173858642578
2014-04-23 00:00:00+05:30,165.85049438476562
2014-04-24 00:00:00+05:30,165.85049438476562
2014-04-25 00:00:00+05:30,164.35716247558594
2014-04-28 00:00:00+05:30,164.0856475830078
2014-04-29 00:00:00+05:30,161.958740234375
2014-04-30 00:00:00+05:30,163.2032012939453
2014-05-02 00:00:00+05:30,162.2528839111328
2014-05-05 00:00:00+05:30,162.16241455078125
2014-05-06 00:00:00+05:30,162.95431518554688
2014-05-07 00:00:00+05:30,161.9135284423828
2014-05-08 00:00:00+05:30,162.5244140625
2014-05-09 00:00:00+05:30,171.23553466796875
2014-05-12 00:00:00+05:30,179.23394775390625
2014-05-13 00:00:00+05:30,178.32887268066406
2014-05-14 00:00:00+05:30,175.455322265625
2014-05-15 00:00:00+05:30,178.37411499023438
2014-05-16 00:00:00+05:30,182.0735321044922
2014-05-19 00:00:00+05:30,183.70263671875
2014-05-20 00:00:00+05:30,184.64157104492188
2014-05-21 00:00:00+05:30,183.15956115722656
2014-05-22 00:00:00+05:30,181.59835815429688
2014-05-23 00:00:00+05:30,178.6682586669922
2014-05-26 00:00:00+05:30,180.36524963378906
2014-05-27 00:00:00+05:30,182.11880493164062
2014-05-28 00:00:00+05:30,186.31594848632812
2014-05-29 00:00:00+05:30,183.32928466796875
2014-05-30 00:00:00+05:30,179.3696746826172
2014-06-02 00:00:00+05:30,185.39956665039062
2014-06-03 00:00:00+05:30,186.5195770263672
2014-06-04 00:00:00+05:30,184.78866577148438
2014-06-05 00:00:00+05:30,183.78468322753906
2014-06-06 00:00:00+05:30,186.02081298828125
2014-06-09 00:00:00+05:30,186.9791717529297
2014-06-10 00:00:00+05:30,186.34024047851562
2014-06-11 00:00:00+05:30,187.21875
2014-06-12 00:00:00+05:30,191.6339569091797
2014-06-13 00:00:00+05:30,190.61859130859375
2014-06-16 00:00:00+05:30,191.4399871826172
2014-06-17 00:00:00+05:30,193.1627197265625
2014-06-18 00:00:00+05:30,190.49307250976562
2014-06-19 00:00:00+05:30,188.4166717529297
2014-06-20 00:00:00+05:30,187.54959106445312
2014-06-23 00:00:00+05:30,187.4355010986328
2014-06-24 00:00:00+05:30,189.1582489013672
2014-06-25 00:00:00+05:30,188.04017639160156
2014-06-26 00:00:00+05:30,185.37051391601562
2014-06-27 00:00:00+05:30,186.23756408691406
2014-06-30 00:00:00+05:30,187.45831298828125
2014-07-01 00:00:00+05:30,187.85765075683594
2014-07-02 00:00:00+05:30,191.64537048339844
2014-07-03 00:00:00+05:30,190.93800354003906
2014-07-04 00:00:00+05:30,195.4673614501953
2014-07-07 00:00:00+05:30,191.77085876464844
2014-07-08 00:00:00+05:30,189.2152862548828
2014-07-09 00:00:00+05:30,189.4548797607422
2014-07-10 00:00:00+05:30,187.86904907226562
2014-07-11 00:00:00+05:30,185.23361206054688
2014-07-14 00:00:00+05:30,186.5227813720703
2014-07-15 00:00:00+05:30,188.65625
2014-07-16 00:00:00+05:30,190.6984405517578
2014-07-17 00:00:00+05:30,189.797119140625
2014-07-18 00:00:00+05:30,189.94544982910156
2014-07-21 00:00:00+05:30,188.80455017089844
2014-07-22 00:00:00+05:30,191.6339569091797
2014-07-23 00:00:00+05:30,190.8239288330078
2014-07-24 00:00:00+05:30,192.18157958984375
2014-07-25 00:00:00+05:30,190.6414031982422
2014-07-28 00:00:00+05:30,189.28372192382812
2014-07-30 00:00:00+05:30,191.3943634033203
2014-07-31 00:00:00+05:30,190.29908752441406
2014-08-01 00:00:00+05:30,186.0664520263672
2014-08-04 00:00:00+05:30,185.50741577148438
2014-08-05 00:00:00+05:30,187.15028381347656
2014-08-06 00:00:00+05:30,184.82290649414062
2014-08-07 00:00:00+05:30,185.1651611328125
2014-08-08 00:00:00+05:30,181.6626434326172
2014-08-11 00:00:00+05:30,180.9324951171875
2014-08-12 00:00:00+05:30,184.1840057373047
2014-08-13 00:00:00+05:30,185.37051391601562
2014-08-14 00:00:00+05:30,188.63345336914062
2014-08-18 00:00:00+05:30,189.9226531982422
2014-08-19 00:00:00+05:30,187.98312377929688
2014-08-20 00:00:00+05:30,187.2301483154297
2014-08-21 00:00:00+05:30,189.9568634033203
2014-08-22 00:00:00+05:30,193.2083740234375
2014-08-25 00:00:00+05:30,192.45538330078125
2014-08-26 00:00:00+05:30,192.23861694335938
2014-08-27 00:00:00+05:30,190.89239501953125
2014-08-28 00:00:00+05:30,192.4782257080078
2014-09-01 00:00:00+05:30,191.94198608398438
2014-09-02 00:00:00+05:30,196.0491943359375
2014-09-03 00:00:00+05:30,195.4673614501953
2014-09-04 00:00:00+05:30,194.3720703125
2014-09-05 00:00:00+05:30,193.5962677001953
2014-09-08 00:00:00+05:30,197.3155517578125
2014-09-09 00:00:00+05:30,197.5094757080078
2014-09-10 00:00:00+05:30,195.6156005859375
2014-09-11 00:00:00+05:30,194.9425048828125
2014-09-12 00:00:00+05:30,195.25057983398438
2014-09-15 00:00:00+05:30,196.3115692138672
2014-09-16 00:00:00+05:30,194.17811584472656
2014-09-17 00:00:00+05:30,193.12852478027344
2014-09-18 00:00:00+05:30,195.80960083007812
2014-09-19 00:00:00+05:30,196.2887725830078
2014-09-22 00:00:00+05:30,195.51295471191406
2014-09-23 00:00:00+05:30,193.68753051757812
2014-09-24 00:00:00+05:30,195.19351196289062
2014-09-25 00:00:00+05:30,193.93853759765625
2014-09-26 00:00:00+05:30,198.88995361328125
2014-09-29 00:00:00+05:30,197.39540100097656
2014-09-30 00:00:00+05:30,199.1181182861328
2014-10-01 00:00:00+05:30,198.05711364746094
2014-10-07 00:00:00+05:30,196.790771484375
2014-10-08 00:00:00+05:30,197.96585083007812
2014-10-09 00:00:00+05:30,202.5293426513672
2014-10-10 00:00:00+05:30,197.8973846435547
2014-10-13 00:00:00+05:30,200.06507873535156
2014-10-14 00:00:00+05:30,198.13699340820312
2014-10-15 00:00:00+05:30,198.13699340820312
2014-10-16 00:00:00+05:30,195.96929931640625
2014-10-17 00:00:00+05:30,201.9931640625
2014-10-20 00:00:00+05:30,203.94406127929688
2014-10-21 00:00:00+05:30,204.3433837890625
2014-10-22 00:00:00+05:30,203.90985107421875
2014-10-27 00:00:00+05:30,204.7312774658203
2014-10-28 00:00:00+05:30,204.2863311767578
2014-10-29 00:00:00+05:30,203.43067932128906
2014-10-30 00:00:00+05:30,204.59437561035156
2014-10-31 00:00:00+05:30,208.0626220703125
2014-11-03 00:00:00+05:30,207.80023193359375
2014-11-05 00:00:00+05:30,208.27943420410156
2014-11-07 00:00:00+05:30,205.2332763671875
2014-11-10 00:00:00+05:30,206.4197998046875
2014-11-11 00:00:00+05:30,207.16136169433594
2014-11-12 00:00:00+05:30,208.0398406982422
2014-11-13 00:00:00+05:30,208.9982147216797
2014-11-14 00:00:00+05:30,212.2268524169922
2014-11-17 00:00:00+05:30,209.68267822265625
2014-11-18 00:00:00+05:30,212.70603942871094
2014-11-19 00:00:00+05:30,211.41683959960938
2014-11-20 00:00:00+05:30,209.51158142089844
2014-11-21 00:00:00+05:30,212.85435485839844
2014-11-24 00:00:00+05:30,215.67236328125
2014-11-25 00:00:00+05:30,217.57760620117188
2014-11-26 00:00:00+05:30,217.064208984375
2014-11-27 00:00:00+05:30,216.345458984375
2014-11-28 00:00:00+05:30,218.39907836914062
2014-12-01 00:00:00+05:30,216.767578125
2014-12-02 00:00:00+05:30,215.23880004882812
2014-12-03 00:00:00+05:30,212.91139221191406
2014-12-04 00:00:00+05:30,214.80526733398438
2014-12-05 00:00:00+05:30,215.1133270263672
2014-12-08 00:00:00+05:30,211.55377197265625
2014-12-09 00:00:00+05:30,211.46249389648438
2014-12-10 00:00:00+05:30,212.52352905273438
2014-12-11 00:00:00+05:30,213.02548217773438
2014-12-12 00:00:00+05:30,212.5463409423828
2014-12-15 00:00:00+05:30,214.82806396484375
2014-12-16 00:00:00+05:30,211.2342987060547
2014-12-17 00:00:00+05:30,210.3444366455078
2014-12-18 00:00:00+05:30,213.128173828125
2014-12-19 00:00:00+05:30,214.81668090820312
2014-12-22 00:00:00+05:30,219.89358520507812
2014-12-23 00:00:00+05:30,218.99227905273438
2014-12-24 00:00:00+05:30,215.68373107910156
2014-12-26 00:00:00+05:30,216.4595489501953
2014-12-29 00:00:00+05:30,217.15548706054688
2014-12-30 00:00:00+05:30,218.2393035888672
2014-12-31 00:00:00+05:30,217.13265991210938
2015-01-01 00:00:00+05:30,217.23532104492188
2015-01-02 00:00:00+05:30,220.2586669921875
2015-01-05 00:00:00+05:30,218.39907836914062
2015-01-06 00:00:00+05:30,214.9992218017578
2015-01-07 00:00:00+05:30,215.626708984375
2015-01-08 00:00:00+05:30,220.156005859375
2015-01-09 00:00:00+05:30,222.62034606933594
2015-01-12 00:00:00+05:30,220.65798950195312
2015-01-13 00:00:00+05:30,219.81373596191406
2015-01-14 00:00:00+05:30,219.9392547607422
2015-01-15 00:00:00+05:30,226.6134033203125
2015-01-16 00:00:00+05:30,228.4844207763672
2015-01-19 00:00:00+05:30,229.214599609375
2015-01-20 00:00:00+05:30,232.95668029785156
2015-01-21 00:00:00+05:30,232.72854614257812
2015-01-22 00:00:00+05:30,233.02513122558594
2015-01-23 00:00:00+05:30,237.94235229492188
2015-01-27 00:00:00+05:30,245.0728759765625
2015-01-28 00:00:00+05:30,241.49053955078125
2015-01-29 00:00:00+05:30,249.8531494140625
2015-01-30 00:00:00+05:30,245.8258819580078
2015-02-02 00:00:00+05:30,246.79559326171875
2015-02-03 00:00:00+05:30,242.802490234375
2015-02-04 00:00:00+05:30,243.62391662597656
2015-02-05 00:00:00+05:30,245.63192749023438
2015-02-06 00:00:00+05:30,240.38380432128906
2015-02-09 00:00:00+05:30,237.32626342773438
2015-02-10 00:00:00+05:30,240.60060119628906
2015-02-11 00:00:00+05:30,241.50193786621094
2015-02-12 00:00:00+05:30,245.51780700683594
2015-02-13 00:00:00+05:30,243.19039916992188
2015-02-16 00:00:00+05:30,243.5897216796875
2015-02-18 00:00:00+05:30,245.2440185546875
2015-02-19 00:00:00+05:30,246.38490295410156
2015-02-20 00:00:00+05:30,244.84474182128906
2015-02-23 00:00:00+05:30,243.5783233642578
2015-02-24 00:00:00+05:30,243.61256408691406
2015-02-25 00:00:00+05:30,240.1442413330078
2015-02-26 00:00:00+05:30,236.88133239746094
2015-02-27 00:00:00+05:30,240.49795532226562
2015-03-02 00:00:00+05:30,247.01239013671875
2015-03-03 00:00:00+05:30,247.1948699951172
2015-03-04 00:00:00+05:30,243.07635498046875
2015-03-05 00:00:00+05:30,247.59420776367188
2015-03-09 00:00:00+05:30,241.63880920410156
2015-03-10 00:00:00+05:30,240.16708374023438
2015-03-11 00:00:00+05:30,241.0569610595703
2015-03-12 00:00:00+05:30,240.63482666015625
2015-03-13 00:00:00+05:30,237.90811157226562
2015-03-16 00:00:00+05:30,239.93890380859375
2015-03-17 00:00:00+05:30,241.4220733642578
2015-03-18 00:00:00+05:30,242.677001953125
2015-03-19 00:00:00+05:30,240.08721923828125
2015-03-20 00:00:00+05:30,240.93145751953125
2015-03-23 00:00:00+05:30,239.0718536376953
2015-03-24 00:00:00+05:30,236.835693359375
2015-03-25 00:00:00+05:30,235.99147033691406
2015-03-26 00:00:00+05:30,229.76222229003906
2015-03-27 00:00:00+05:30,231.51922607421875
2015-03-30 00:00:00+05:30,236.5961151123047
2015-03-31 00:00:00+05:30,233.35601806640625
2015-04-01 00:00:00+05:30,235.76327514648438
2015-04-06 00:00:00+05:30,235.46661376953125
2015-04-07 00:00:00+05:30,235.64915466308594
2015-04-08 00:00:00+05:30,236.28807067871094
2015-04-09 00:00:00+05:30,240.9770965576172
2015-04-10 00:00:00+05:30,237.90811157226562
2015-04-13 00:00:00+05:30,237.02967834472656
2015-04-15 00:00:00+05:30,235.398193359375
2015-04-16 00:00:00+05:30,234.94183349609375
2015-04-17 00:00:00+05:30,232.3406524658203
2015-04-20 00:00:00+05:30,229.34010314941406
2015-04-21 00:00:00+05:30,228.8609161376953
2015-04-22 00:00:00+05:30,231.16551208496094
2015-04-23 00:00:00+05:30,231.2567901611328
2015-04-24 00:00:00+05:30,229.6481475830078
2015-04-27 00:00:00+05:30,229.4199676513672
2015-04-28 00:00:00+05:30,229.214599609375
2015-04-29 00:00:00+05:30,226.6134033203125
2015-04-30 00:00:00+05:30,225.62081909179688
2015-05-04 00:00:00+05:30,228.39317321777344
2015-05-05 00:00:00+05:30,225.35841369628906
2015-05-06 00:00:00+05:30,221.46798706054688
2015-05-07 00:00:00+05:30,217.064208984375
2015-05-08 00:00:00+05:30,224.06924438476562
2015-05-11 00:00:00+05:30,225.9630889892578
2015-05-12 00:00:00+05:30,221.77609252929688
2015-05-13 00:00:00+05:30,225.95169067382812
2015-05-14 00:00:00+05:30,226.13421630859375
2015-05-15 00:00:00+05:30,225.91744995117188
2015-05-18 00:00:00+05:30,230.42393493652344
2015-05-19 00:00:00+05:30,229.8991241455078
2015-05-20 00:00:00+05:30,233.6640625
2015-05-21 00:00:00+05:30,233.81236267089844
2015-05-22 00:00:00+05:30,233.7211151123047
2015-05-25 00:00:00+05:30,233.54998779296875
2015-05-26 00:00:00+05:30,234.42845153808594
2015-05-27 00:00:00+05:30,236.88133239746094
2015-05-28 00:00:00+05:30,234.8848114013672
2015-05-29 00:00:00+05:30,239.71072387695312
2015-06-01 00:00:00+05:30,236.43638610839844
2015-06-02 00:00:00+05:30,230.18438720703125
2015-06-03 00:00:00+05:30,229.44281005859375
2015-06-04 00:00:00+05:30,231.587646484375
2015-06-05 00:00:00+05:30,230.85748291015625
2015-06-08 00:00:00+05:30,228.96363830566406
2015-06-09 00:00:00+05:30,228.59852600097656
2015-06-10 00:00:00+05:30,231.7359619140625
2015-06-11 00:00:00+05:30,228.22206115722656
2015-06-12 00:00:00+05:30,230.26422119140625
2015-06-15 00:00:00+05:30,229.3629608154297
2015-06-16 00:00:00+05:30,230.0930938720703
2015-06-17 00:00:00+05:30,229.2488555908203
2015-06-18 00:00:00+05:30,232.64865112304688
2015-06-19 00:00:00+05:30,235.13577270507812
2015-06-22 00:00:00+05:30,238.93492126464844
2015-06-23 00:00:00+05:30,240.0644073486328
2015-06-24 00:00:00+05:30,238.62689208984375
2015-06-25 00:00:00+05:30,243.0078582763672
2015-06-26 00:00:00+05:30,242.51731872558594
2015-06-29 00:00:00+05:30,241.1026153564453
2015-06-30 00:00:00+05:30,243.49844360351562
2015-07-01 00:00:00+05:30,244.68496704101562
2015-07-02 00:00:00+05:30,243.2711181640625
2015-07-03 00:00:00+05:30,246.96090698242188
2015-07-06 00:00:00+05:30,249.08740234375
2015-07-07 00:00:00+05:30,249.8575439453125
2015-07-08 00:00:00+05:30,245.7194366455078
2015-07-09 00:00:00+05:30,246.91493225097656
2015-07-10 00:00:00+05:30,250.75408935546875
2015-07-13 00:00:00+05:30,251.9955291748047
2015-07-14 00:00:00+05:30,251.00698852539062
2015-07-15 00:00:00+05:30,252.12193298339844
2015-07-16 00:00:00+05:30,256.2600402832031
2015-07-17 00:00:00+05:30,255.30596923828125
2015-07-20 00:00:00+05:30,256.3864440917969
2015-07-21 00:00:00+05:30,252.43231201171875
2015-07-22 00:00:00+05:30,256.1910095214844
2015-07-23 00:00:00+05:30,254.69674682617188
2015-07-24 00:00:00+05:30,254.6852264404297
2015-07-27 00:00:00+05:30,251.92657470703125
2015-07-28 00:00:00+05:30,254.8346710205078
2015-07-29 00:00:00+05:30,254.8001708984375
2015-07-30 00:00:00+05:30,255.30596923828125
2015-07-31 00:00:00+05:30,255.55882263183594
2015-08-03 00:00:00+05:30,251.82313537597656
2015-08-04 00:00:00+05:30,249.7655487060547
2015-08-05 00:00:00+05:30,251.08741760253906
2015-08-06 00:00:00+05:30,251.94949340820312
2015-08-07 00:00:00+05:30,251.19088745117188
2015-08-10 00:00:00+05:30,251.6506805419922
2015-08-11 00:00:00+05:30,251.66217041015625
2015-08-12 00:00:00+05:30,246.08731079101562
2015-08-13 00:00:00+05:30,247.71954345703125
2015-08-14 00:00:00+05:30,253.29441833496094
2015-08-17 00:00:00+05:30,250.926513671875
2015-08-18 00:00:00+05:30,249.7425537109375
2015-08-19 00:00:00+05:30,248.70806884765625
2015-08-20 00:00:00+05:30,247.0643310546875
2015-08-21 00:00:00+05:30,243.98377990722656
2015-08-24 00:00:00+05:30,234.2708740234375
2015-08-25 00:00:00+05:30,234.13294982910156
2015-08-26 00:00:00+05:30,232.99497985839844
2015-08-27 00:00:00+05:30,234.97206115722656
2015-08-28 00:00:00+05:30,236.31689453125
2015-08-31 00:00:00+05:30,236.20196533203125
2015-09-01 00:00:00+05:30,229.91444396972656
2015-09-02 00:00:00+05:30,228.77645874023438
2015-09-03 00:00:00+05:30,232.2593231201172
2015-09-04 00:00:00+05:30,228.9833526611328
2015-09-07 00:00:00+05:30,226.31663513183594
2015-09-08 00:00:00+05:30,230.82249450683594
2015-09-09 00:00:00+05:30,233.63865661621094
2015-09-10 00:00:00+05:30,232.4202880859375
2015-09-11 00:00:00+05:30,232.3052978515625
2015-09-14 00:00:00+05:30,234.4202880859375
2015-09-15 00:00:00+05:30,232.91452026367188
2015-09-16 00:00:00+05:30,235.25942993164062
2015-09-18 00:00:00+05:30,241.32850646972656
2015-09-21 00:00:00+05:30,242.064208984375
2015-09-22 00:00:00+05:30,236.93763732910156
2015-09-23 00:00:00+05:30,241.20211791992188
2015-09-24 00:00:00+05:30,241.70785522460938
2015-09-28 00:00:00+05:30,240.55844116210938
2015-09-29 00:00:00+05:30,244.7884063720703
2015-09-30 00:00:00+05:30,245.7080078125
2015-10-01 00:00:00+05:30,245.44361877441406
2015-10-05 00:00:00+05:30,252.5012664794922
2015-10-06 00:00:00+05:30,249.65061950683594
2015-10-07 00:00:00+05:30,250.06443786621094
2015-10-08 00:00:00+05:30,248.99542236328125
2015-10-09 00:00:00+05:30,249.69667053222656
2015-10-12 00:00:00+05:30,248.4092254638672
2015-10-13 00:00:00+05:30,247.4436492919922
2015-10-14 00:00:00+05:30,249.37474060058594
2015-10-15 00:00:00+05:30,249.23681640625
2015-10-16 00:00:00+05:30,252.89210510253906
2015-10-19 00:00:00+05:30,252.37484741210938
2015-10-20 00:00:00+05:30,251.70816040039062
2015-10-21 00:00:00+05:30,251.7311553955078
2015-10-23 00:00:00+05:30,254.8346710205078
2015-10-26 00:00:00+05:30,253.22543334960938
2015-10-27 00:00:00+05:30,255.3863983154297
2015-10-28 00:00:00+05:30,255.5243377685547
2015-10-29 00:00:00+05:30,253.6967315673828
2015-10-30 00:00:00+05:30,252.78863525390625
2015-11-02 00:00:00+05:30,248.99542236328125
2015-11-03 00:00:00+05:30,249.40928649902344
2015-11-04 00:00:00+05:30,248.67355346679688
2015-11-05 00:00:00+05:30,248.24827575683594
2015-11-06 00:00:00+05:30,248.4897003173828
2015-11-09 00:00:00+05:30,244.7884063720703
2015-11-10 00:00:00+05:30,242.44349670410156
2015-11-13 00:00:00+05:30,241.8572998046875
2015-11-16 00:00:00+05:30,243.90330505371094
2015-11-17 00:00:00+05:30,243.86886596679688
2015-11-18 00:00:00+05:30,241.06419372558594
2015-11-19 00:00:00+05:30,245.7310028076172
2015-11-20 00:00:00+05:30,246.1792755126953
2015-11-23 00:00:00+05:30,245.0758056640625
2015-11-24 00:00:00+05:30,244.68496704101562
2015-11-26 00:00:00+05:30,244.59300231933594
2015-11-27 00:00:00+05:30,248.14483642578125
2015-11-30 00:00:00+05:30,247.76553344726562
2015-12-01 00:00:00+05:30,248.97242736816406
2015-12-02 00:00:00+05:30,247.7769775390625
2015-12-03 00:00:00+05:30,247.53564453125
2015-12-04 00:00:00+05:30,243.4320526123047
2015-12-07 00:00:00+05:30,244.13319396972656
2015-12-08 00:00:00+05:30,241.21359252929688
2015-12-09 00:00:00+05:30,240.79977416992188
2015-12-10 00:00:00+05:30,243.82286071777344
2015-12-11 00:00:00+05:30,240.54693603515625
2015-12-14 00:00:00+05:30,242.54696655273438
2015-12-15 00:00:00+05:30,243.55845642089844
2015-12-16 00:00:00+05:30,245.36314392089844
2015-12-17 00:00:00+05:30,248.34022521972656
2015-12-18 00:00:00+05:30,246.67349243164062
2015-12-21 00:00:00+05:30,247.22528076171875
2015-12-22 00:00:00+05:30,245.16770935058594
2015-12-23 00:00:00+05:30,246.92640686035156
2015-12-24 00:00:00+05:30,246.9034423828125
2015-12-28 00:00:00+05:30,247.6505889892578
2015-12-29 00:00:00+05:30,247.8114776611328
2015-12-30 00:00:00+05:30,246.972412109375
2015-12-31 00:00:00+05:30,248.77706909179688
2016-01-01 00:00:00+05:30,250.29429626464844
2016-01-04 00:00:00+05:30,246.0988006591797
2016-01-05 00:00:00+05:30,244.23667907714844
2016-01-06 00:00:00+05:30,245.3171844482422
2016-01-07 00:00:00+05:30,242.8113250732422
2016-01-08 00:00:00+05:30,244.22518920898438
2016-01-11 00:00:00+05:30,243.3630828857422
2016-01-12 00:00:00+05:30,240.684814453125
2016-01-13 00:00:00+05:30,243.71942138671875
2016-01-14 00:00:00+05:30,241.32850646972656
2016-01-15 00:00:00+05:30,239.58139038085938
2016-01-18 00:00:00+05:30,235.83413696289062
2016-01-19 00:00:00+05:30,238.12155151367188
2016-01-20 00:00:00+05:30,234.09844970703125
2016-01-21 00:00:00+05:30,235.17897033691406
2016-01-22 00:00:00+05:30,236.85716247558594
2016-01-25 00:00:00+05:30,239.3514862060547
2016-01-27 00:00:00+05:30,238.08709716796875
2016-01-28 00:00:00+05:30,237.1790008544922
2016-01-29 00:00:00+05:30,241.3515167236328
2016-02-01 00:00:00+05:30,243.62745666503906
2016-02-02 00:00:00+05:30,242.25961303710938
2016-02-03 00:00:00+05:30,239.97218322753906
2016-02-04 00:00:00+05:30,241.20211791992188
2016-02-05 00:00:00+05:30,242.59292602539062
2016-02-08 00:00:00+05:30,238.13304138183594
2016-02-09 00:00:00+05:30,235.88015747070312
2016-02-10 00:00:00+05:30,232.86854553222656
2016-02-11 00:00:00+05:30,224.213134765625
2016-02-12 00:00:00+05:30,223.3165283203125
2016-02-15 00:00:00+05:30,223.82229614257812
2016-02-16 00:00:00+05:30,223.787841796875
2016-02-17 00:00:00+05:30,224.12118530273438
2016-02-18 00:00:00+05:30,227.4661102294922
2016-02-19 00:00:00+05:30,227.43161010742188
2016-02-22 00:00:00+05:30,227.30516052246094
2016-02-23 00:00:00+05:30,223.00619506835938
2016-02-24 00:00:00+05:30,218.304931640625
2016-02-25 00:00:00+05:30,216.70718383789062
2016-02-26 00:00:00+05:30,220.92568969726562
2016-02-29 00:00:00+05:30,223.42001342773438
2016-03-01 00:00:00+05:30,226.2476806640625
2016-03-02 00:00:00+05:30,231.54666137695312
2016-03-03 00:00:00+05:30,233.53521728515625
2016-03-04 00:00:00+05:30,234.61575317382812
2016-03-08 00:00:00+05:30,233.14442443847656
2016-03-09 00:00:00+05:30,235.5927734375
2016-03-10 00:00:00+05:30,234.7766571044922
2016-03-11 00:00:00+05:30,236.48931884765625
2016-03-14 00:00:00+05:30,236.22496032714844
2016-03-15 00:00:00+05:30,236.029541015625
2016-03-16 00:00:00+05:30,236.89163208007812
2016-03-17 00:00:00+05:30,234.12147521972656
2016-03-18 00:00:00+05:30,236.42037963867188
2016-03-21 00:00:00+05:30,240.37448120117188
2016-03-22 00:00:00+05:30,242.2711181640625
2016-03-23 00:00:00+05:30,241.23658752441406
2016-03-28 00:00:00+05:30,240.81126403808594
2016-03-29 00:00:00+05:30,242.25961303710938
2016-03-30 00:00:00+05:30,244.82286071777344
2016-03-31 00:00:00+05:30,246.24826049804688
2016-04-01 00:00:00+05:30,244.7079620361328
2016-04-04 00:00:00+05:30,245.76548767089844
2016-04-05 00:00:00+05:30,243.0987091064453
2016-04-06 00:00:00+05:30,244.02975463867188
2016-04-07 00:00:00+05:30,242.65048217773438
2016-04-08 00:00:00+05:30,243.53555297851562
2016-04-11 00:00:00+05:30,246.2022705078125
2016-04-12 00:00:00+05:30,244.3745880126953
2016-04-13 00:00:00+05:30,248.68505859375
2016-04-18 00:00:00+05:30,250.07589721679688
2016-04-20 00:00:00+05:30,252.3863525390625
2016-04-21 00:00:00+05:30,250.84608459472656
2016-04-22 00:00:00+05:30,251.07594299316406
2016-04-25 00:00:00+05:30,251.32879638671875
2016-04-26 00:00:00+05:30,256.0645751953125
2016-04-27 00:00:00+05:30,258.4439392089844
2016-04-28 00:00:00+05:30,256.0875549316406
2016-04-29 00:00:00+05:30,260.3175964355469
2016-05-02 00:00:00+05:30,256.9382019042969
2016-05-03 00:00:00+05:30,257.0186462402344
2016-05-04 00:00:00+05:30,259.1680908203125
2016-05-05 00:00:00+05:30,260.30609130859375
2016-05-06 00:00:00+05:30,257.3979187011719
2016-05-09 00:00:00+05:30,262.3981018066406
2016-05-10 00:00:00+05:30,263.2027282714844
2016-05-11 00:00:00+05:30,261.8003845214844
2016-05-12 00:00:00+05:30,264.168212890625
2016-05-13 00:00:00+05:30,262.28314208984375
2016-05-16 00:00:00+05:30,267.3177795410156
2016-05-17 00:00:00+05:30,265.1682434082031
2016-05-18 00:00:00+05:30,262.2257080078125
2016-05-19 00:00:00+05:30,261.91534423828125
2016-05-20 00:00:00+05:30,262.28314208984375
2016-05-23 00:00:00+05:30,261.3291320800781
2016-05-24 00:00:00+05:30,262.06475830078125
2016-05-25 00:00:00+05:30,269.7316589355469
2016-05-26 00:00:00+05:30,272.01904296875
2016-05-27 00:00:00+05:30,272.8351745605469
2016-05-30 00:00:00+05:30,271.21441650390625
2016-05-31 00:00:00+05:30,271.7087097167969
2016-06-01 00:00:00+05:30,270.1569519042969
2016-06-02 00:00:00+05:30,270.1109619140625
2016-06-03 00:00:00+05:30,269.3752746582031
2016-06-06 00:00:00+05:30,269.2259216308594
2016-06-07 00:00:00+05:30,269.82354736328125
2016-06-08 00:00:00+05:30,267.2718200683594
2016-06-09 00:00:00+05:30,266.5361633300781
2016-06-10 00:00:00+05:30,266.9844665527344
2016-06-13 00:00:00+05:30,265.0418701171875
2016-06-14 00:00:00+05:30,264.8004150390625
2016-06-15 00:00:00+05:30,268.86956787109375
2016-06-16 00:00:00+05:30,267.1683654785156
2016-06-17 00:00:00+05:30,268.9730224609375
2016-06-20 00:00:00+05:30,269.4442443847656
2016-06-21 00:00:00+05:30,268.2028503417969
2016-06-22 00:00:00+05:30,269.31787109375
2016-06-23 00:00:00+05:30,273.59381103515625
2016-06-24 00:00:00+05:30,267.1108703613281
2016-06-27 00:00:00+05:30,266.66259765625
2016-06-28 00:00:00+05:30,268.2718200683594
2016-06-29 00:00:00+05:30,270.7866516113281
2016-06-30 00:00:00+05:30,272.67559814453125
2016-07-01 00:00:00+05:30,272.22369384765625
2016-07-04 00:00:00+05:30,271.8296203613281
2016-07-05 00:00:00+05:30,270.1607971191406
2016-07-07 00:00:00+05:30,274.8079833984375
2016-07-08 00:00:00+05:30,272.3047180175781
2016-07-11 00:00:00+05:30,278.07611083984375
2016-07-12 00:00:00+05:30,278.6323547363281
2016-07-13 00:00:00+05:30,277.61248779296875
2016-07-14 00:00:00+05:30,278.21514892578125
2016-07-15 00:00:00+05:30,283.6271057128906
2016-07-18 00:00:00+05:30,284.4963073730469
2016-07-19 00:00:00+05:30,282.3871154785156
2016-07-20 00:00:00+05:30,285.59722900390625
2016-07-21 00:00:00+05:30,284.7628479003906
2016-07-22 00:00:00+05:30,285.2727966308594
2016-07-25 00:00:00+05:30,289.0159606933594
2016-07-26 00:00:00+05:30,287.1269836425781
2016-07-27 00:00:00+05:30,286.69818115234375
2016-07-28 00:00:00+05:30,289.36358642578125
2016-07-29 00:00:00+05:30,288.8421936035156
2016-08-01 00:00:00+05:30,287.938232421875
2016-08-02 00:00:00+05:30,288.16998291015625
2016-08-03 00:00:00+05:30,287.5094299316406
2016-08-04 00:00:00+05:30,287.6369323730469
2016-08-05 00:00:00+05:30,289.5490417480469
2016-08-08 00:00:00+05:30,289.63018798828125
2016-08-09 00:00:00+05:30,289.0739440917969
2016-08-10 00:00:00+05:30,284.3688049316406
2016-08-11 00:00:00+05:30,284.6817626953125
2016-08-12 00:00:00+05:30,284.7860107421875
2016-08-16 00:00:00+05:30,284.4615173339844
2016-08-17 00:00:00+05:30,286.2231140136719
2016-08-18 00:00:00+05:30,290.3023681640625
2016-08-19 00:00:00+05:30,289.05072021484375
2016-08-22 00:00:00+05:30,289.7923889160156
2016-08-23 00:00:00+05:30,290.0589599609375
2016-08-24 00:00:00+05:30,292.4578857421875
2016-08-25 00:00:00+05:30,291.7046203613281
2016-08-26 00:00:00+05:30,291.3685607910156
2016-08-29 00:00:00+05:30,286.9647521972656
2016-08-30 00:00:00+05:30,294.0455322265625
2016-08-31 00:00:00+05:30,299.27215576171875
2016-09-01 00:00:00+05:30,297.5338134765625
2016-09-02 00:00:00+05:30,297.8582763671875
2016-09-06 00:00:00+05:30,301.4045104980469
2016-09-07 00:00:00+05:30,298.24078369140625
2016-09-08 00:00:00+05:30,298.85498046875
2016-09-09 00:00:00+05:30,299.0867004394531
2016-09-12 00:00:00+05:30,296.6531066894531
2016-09-14 00:00:00+05:30,294.23095703125
2016-09-15 00:00:00+05:30,296.5835266113281
2016-09-16 00:00:00+05:30,300.8134765625
2016-09-19 00:00:00+05:30,299.02880859375
2016-09-20 00:00:00+05:30,298.6347961425781
2016-09-21 00:00:00+05:30,299.68939208984375
2016-09-22 00:00:00+05:30,302.91107177734375
2016-09-23 00:00:00+05:30,304.25537109375
2016-09-26 00:00:00+05:30,300.4195251464844
2016-09-27 00:00:00+05:30,300.85986328125
2016-09-28 00:00:00+05:30,300.2108459472656
2016-09-29 00:00:00+05:30,296.0968322753906
2016-09-30 00:00:00+05:30,295.0190734863281
2016-10-03 00:00:00+05:30,298.3450622558594
2016-10-04 00:00:00+05:30,298.8897399902344
2016-10-05 00:00:00+05:30,298.090087890625
2016-10-06 00:00:00+05:30,297.12823486328125
2016-10-07 00:00:00+05:30,296.8152770996094
2016-10-10 00:00:00+05:30,297.68450927734375
2016-10-13 00:00:00+05:30,292.6780700683594
2016-10-14 00:00:00+05:30,292.4578857421875
2016-10-17 00:00:00+05:30,286.87200927734375
2016-10-18 00:00:00+05:30,291.5423278808594
2016-10-19 00:00:00+05:30,291.6582336425781
2016-10-20 00:00:00+05:30,290.9977111816406
2016-10-21 00:00:00+05:30,294.5207214355469
2016-10-24 00:00:00+05:30,292.863525390625
2016-10-25 00:00:00+05:30,289.7923889160156
2016-10-26 00:00:00+05:30,287.242919921875
2016-10-27 00:00:00+05:30,290.2096252441406
2016-10-28 00:00:00+05:30,291.82049560546875
2016-11-01 00:00:00+05:30,291.9943542480469
2016-11-02 00:00:00+05:30,288.83056640625
2016-11-03 00:00:00+05:30,290.8701477050781
2016-11-04 00:00:00+05:30,288.2626953125
2016-11-07 00:00:00+05:30,289.5954284667969
2016-11-08 00:00:00+05:30,290.7195739746094
2016-11-09 00:00:00+05:30,290.0126037597656
2016-11-10 00:00:00+05:30,296.3401794433594
2016-11-11 00:00:00+05:30,295.70281982421875
2016-11-15 00:00:00+05:30,290.8238525390625
2016-11-16 00:00:00+05:30,288.4133605957031
2016-11-17 00:00:00+05:30,285.1336669921875
2016-11-18 00:00:00+05:30,280.7762756347656
2016-11-21 00:00:00+05:30,277.8326416015625
2016-11-22 00:00:00+05:30,277.6820373535156
2016-11-23 00:00:00+05:30,274.599365234375
2016-11-24 00:00:00+05:30,270.13763427734375
2016-11-25 00:00:00+05:30,275.6539611816406
2016-11-28 00:00:00+05:30,274.5298767089844
2016-11-29 00:00:00+05:30,273.208740234375
2016-11-30 00:00:00+05:30,278.041259765625
2016-12-01 00:00:00+05:30,277.4966125488281
2016-12-02 00:00:00+05:30,275.60760498046875
2016-12-05 00:00:00+05:30,277.2879943847656
2016-12-06 00:00:00+05:30,276.84759521484375
2016-12-07 00:00:00+05:30,273.86932373046875
2016-12-08 00:00:00+05:30,278.0180969238281
2016-12-09 00:00:00+05:30,277.7400207519531
2016-12-12 00:00:00+05:30,274.5298767089844
2016-12-13 00:00:00+05:30,274.9469909667969
2016-12-14 00:00:00+05:30,272.5018005371094
2016-12-15 00:00:00+05:30,272.71038818359375
2016-12-16 00:00:00+05:30,274.031494140625
2016-12-19 00:00:00+05:30,272.74517822265625
2016-12-20 00:00:00+05:30,273.9388427734375
2016-12-21 00:00:00+05:30,273.4984436035156
2016-12-22 00:00:00+05:30,271.8991394042969
2016-12-23 00:00:00+05:30,274.9469909667969
2016-12-26 00:00:00+05:30,272.3395080566406
2016-12-27 00:00:00+05:30,274.70367431640625
2016-12-28 00:00:00+05:30,275.06292724609375
2016-12-29 00:00:00+05:30,279.3392333984375
2016-12-30 00:00:00+05:30,279.5710144042969
2017-01-02 00:00:00+05:30,277.4618835449219
2017-01-03 00:00:00+05:30,275.79302978515625
2017-01-04 00:00:00+05:30,274.7732238769531
2017-01-05 00:00:00+05:30,274.9354553222656
2017-01-06 00:00:00+05:30,276.6622314453125
2017-01-09 00:00:00+05:30,277.0214538574219
2017-01-10 00:00:00+05:30,281.4600524902344
2017-01-11 00:00:00+05:30,286.014404296875
2017-01-12 00:00:00+05:30,286.2461853027344
2017-01-13 00:00:00+05:30,285.6668395996094
2017-01-16 00:00:00+05:30,289.1781921386719
2017-01-17 00:00:00+05:30,287.0574645996094
2017-01-18 00:00:00+05:30,288.00775146484375
2017-01-19 00:00:00+05:30,286.54754638671875
2017-01-20 00:00:00+05:30,286.55914306640625
2017-01-23 00:00:00+05:30,288.4828796386719
2017-01-24 00:00:00+05:30,293.7906494140625
2017-01-25 00:00:00+05:30,299.133056640625
2017-01-27 00:00:00+05:30,299.4344177246094
2017-01-30 00:00:00+05:30,297.8235778808594
2017-01-31 00:00:00+05:30,298.21759033203125
2017-02-01 00:00:00+05:30,302.6329345703125
2017-02-02 00:00:00+05:30,301.0104675292969
2017-02-03 00:00:00+05:30,303.8730163574219
2017-02-06 00:00:00+05:30,304.57989501953125
2017-02-07 00:00:00+05:30,302.9690856933594
2017-02-08 00:00:00+05:30,302.6213684082031
2017-02-09 00:00:00+05:30,300.76715087890625
2017-02-10 00:00:00+05:30,302.14617919921875
2017-02-13 00:00:00+05:30,303.67596435546875
2017-02-14 00:00:00+05:30,303.88458251953125
2017-02-15 00:00:00+05:30,306.4573059082031
2017-02-16 00:00:00+05:30,307.7784118652344
2017-02-17 00:00:00+05:30,319.1703186035156
2017-02-20 00:00:00+05:30,326.598876953125
2017-02-21 00:00:00+05:30,328.0938720703125
2017-02-22 00:00:00+05:30,324.2926330566406
2017-02-23 00:00:00+05:30,323.16851806640625
2017-02-27 00:00:00+05:30,323.0062561035156
2017-02-28 00:00:00+05:30,322.19500732421875
2017-03-01 00:00:00+05:30,322.5543212890625
2017-03-02 00:00:00+05:30,319.87725830078125
2017-03-03 00:00:00+05:30,319.15875244140625
2017-03-06 00:00:00+05:30,320.0279541015625
2017-03-07 00:00:00+05:30,321.29107666015625
2017-03-08 00:00:00+05:30,322.6817932128906
2017-03-09 00:00:00+05:30,323.1453552246094
2017-03-10 00:00:00+05:30,324.5128479003906
2017-03-14 00:00:00+05:30,326.9697265625
2017-03-15 00:00:00+05:30,328.337158203125
2017-03-16 00:00:00+05:30,328.5110168457031
2017-03-17 00:00:00+05:30,330.4811096191406
2017-03-20 00:00:00+05:30,332.8568115234375
2017-03-21 00:00:00+05:30,333.98095703125
2017-03-22 00:00:00+05:30,331.6516418457031
2017-03-23 00:00:00+05:30,331.6516418457031
2017-03-24 00:00:00+05:30,330.1334533691406
2017-03-27 00:00:00+05:30,326.7727355957031
2017-03-28 00:00:00+05:30,329.1715393066406
2017-03-29 00:00:00+05:30,331.1184997558594
2017-03-30 00:00:00+05:30,339.8333740234375
2017-03-31 00:00:00+05:30,334.35186767578125
2017-04-03 00:00:00+05:30,332.18463134765625
2017-04-05 00:00:00+05:30,331.9876708984375
2017-04-06 00:00:00+05:30,333.4130859375
2017-04-07 00:00:00+05:30,333.4942321777344
2017-04-10 00:00:00+05:30,332.4049072265625
2017-04-11 00:00:00+05:30,333.64483642578125
2017-04-12 00:00:00+05:30,334.6183776855469
2017-04-13 00:00:00+05:30,333.83038330078125
2017-04-17 00:00:00+05:30,333.0191345214844
2017-04-18 00:00:00+05:30,335.45281982421875
2017-04-19 00:00:00+05:30,335.8468017578125
2017-04-20 00:00:00+05:30,338.8946838378906
2017-04-21 00:00:00+05:30,346.8794250488281
2017-04-24 00:00:00+05:30,355.32781982421875
2017-04-25 00:00:00+05:30,356.2548828125
2017-04-26 00:00:00+05:30,359.40704345703125
2017-04-27 00:00:00+05:30,363.5674743652344
2017-04-28 00:00:00+05:30,358.4451904296875
2017-05-02 00:00:00+05:30,357.0776672363281
2017-05-03 00:00:00+05:30,357.93524169921875
2017-05-04 00:00:00+05:30,355.7333679199219
2017-05-05 00:00:00+05:30,355.1307067871094
2017-05-08 00:00:00+05:30,355.7333679199219
2017-05-09 00:00:00+05:30,355.9535217285156
2017-05-10 00:00:00+05:30,359.6736145019531
2017-05-11 00:00:00+05:30,358.4219970703125
2017-05-12 00:00:00+05:30,359.6388854980469
2017-05-15 00:00:00+05:30,360.0444641113281
2017-05-16 00:00:00+05:30,361.4930419921875
2017-05-17 00:00:00+05:30,360.9136657714844
2017-05-18 00:00:00+05:30,360.9020690917969
2017-05-19 00:00:00+05:30,361.86395263671875
2017-05-22 00:00:00+05:30,365.2825927734375
2017-05-23 00:00:00+05:30,363.683349609375
2017-05-24 00:00:00+05:30,363.138671875
2017-05-25 00:00:00+05:30,374.8203430175781
2017-05-26 00:00:00+05:30,376.87152099609375
2017-05-29 00:00:00+05:30,378.23907470703125
2017-05-30 00:00:00+05:30,377.5785217285156
2017-05-31 00:00:00+05:30,379.2356872558594
2017-06-01 00:00:00+05:30,377.4742126464844
2017-06-02 00:00:00+05:30,378.7837219238281
2017-06-05 00:00:00+05:30,379.08502197265625
2017-06-06 00:00:00+05:30,379.8731384277344
2017-06-07 00:00:00+05:30,380.3019104003906
2017-06-08 00:00:00+05:30,381.2174377441406
2017-06-09 00:00:00+05:30,386.328125
2017-06-12 00:00:00+05:30,386.7800598144531
2017-06-13 00:00:00+05:30,388.6227111816406
2017-06-14 00:00:00+05:30,387.3479309082031
2017-06-15 00:00:00+05:30,385.7602233886719
2017-06-16 00:00:00+05:30,386.8960266113281
2017-06-19 00:00:00+05:30,392.3775329589844
2017-06-20 00:00:00+05:30,390.9057312011719
2017-06-21 00:00:00+05:30,393.7218017578125
2017-06-22 00:00:00+05:30,393.5596008300781
2017-06-23 00:00:00+05:30,389.07470703125
2017-06-27 00:00:00+05:30,386.52508544921875
2017-06-28 00:00:00+05:30,386.2469787597656
2017-06-29 00:00:00+05:30,388.02020263671875
2017-06-30 00:00:00+05:30,385.4537353515625
2017-07-03 00:00:00+05:30,386.98193359375
2017-07-04 00:00:00+05:30,385.75701904296875
2017-07-05 00:00:00+05:30,384.68377685546875
2017-07-06 00:00:00+05:30,386.8769226074219
2017-07-07 00:00:00+05:30,388.9884338378906
2017-07-10 00:00:00+05:30,391.1233215332031
2017-07-11 00:00:00+05:30,392.0682678222656
2017-07-12 00:00:00+05:30,392.2666015625
2017-07-13 00:00:00+05:30,392.80328369140625
2017-07-14 00:00:00+05:30,391.96331787109375
2017-07-17 00:00:00+05:30,392.52325439453125
2017-07-18 00:00:00+05:30,392.80328369140625
2017-07-19 00:00:00+05:30,394.84478759765625
2017-07-20 00:00:00+05:30,399.18450927734375
2017-07-21 00:00:00+05:30,397.35296630859375
2017-07-24 00:00:00+05:30,404.8307800292969
2017-07-25 00:00:00+05:30,405.89239501953125
2017-07-26 00:00:00+05:30,407.73565673828125
2017-07-27 00:00:00+05:30,417.5583801269531
2017-07-28 00:00:00+05:30,414.9568176269531
2017-07-31 00:00:00+05:30,416.33343505859375
2017-08-01 00:00:00+05:30,419.31988525390625
2017-08-02 00:00:00+05:30,418.0249328613281
2017-08-03 00:00:00+05:30,415.2951354980469
2017-08-04 00:00:00+05:30,417.6983337402344
2017-08-07 00:00:00+05:30,417.3016662597656
2017-08-08 00:00:00+05:30,414.8168640136719
2017-08-09 00:00:00+05:30,411.6786804199219
2017-08-10 00:00:00+05:30,410.74542236328125
2017-08-11 00:00:00+05:30,408.0856018066406
2017-08-14 00:00:00+05:30,409.9871520996094
2017-08-16 00:00:00+05:30,415.5984191894531
2017-08-17 00:00:00+05:30,411.9003601074219
2017-08-18 00:00:00+05:30,408.80889892578125
2017-08-21 00:00:00+05:30,406.7206726074219
2017-08-22 00:00:00+05:30,407.6072998046875
2017-08-23 00:00:00+05:30,413.54522705078125
2017-08-24 00:00:00+05:30,411.2237243652344
2017-08-28 00:00:00+05:30,411.1654357910156
2017-08-29 00:00:00+05:30,407.40899658203125
2017-08-30 00:00:00+05:30,412.63531494140625
2017-08-31 00:00:00+05:30,414.4784851074219
2017-09-01 00:00:00+05:30,412.4136962890625
2017-09-04 00:00:00+05:30,408.5172119140625
2017-09-05 00:00:00+05:30,409.5555419921875
2017-09-06 00:00:00+05:30,410.6170959472656
2017-09-07 00:00:00+05:30,412.1686706542969
2017-09-08 00:00:00+05:30,417.09173583984375
2017-09-11 00:00:00+05:30,425.4211730957031
2017-09-12 00:00:00+05:30,428.1860046386719
2017-09-13 00:00:00+05:30,429.737548828125
2017-09-14 00:00:00+05:30,429.16595458984375
2017-09-15 00:00:00+05:30,431.3940734863281
2017-09-18 00:00:00+05:30,434.0773010253906
2017-09-19 00:00:00+05:30,431.5690612792969
2017-09-20 00:00:00+05:30,431.3707580566406
2017-09-21 00:00:00+05:30,429.0959167480469
2017-09-22 00:00:00+05:30,425.5961608886719
2017-09-25 00:00:00+05:30,419.9148254394531
2017-09-26 00:00:00+05:30,418.1766357421875
2017-09-27 00:00:00+05:30,414.4902038574219
2017-09-28 00:00:00+05:30,418.8765563964844
2017-09-29 00:00:00+05:30,421.3030700683594
2017-10-03 00:00:00+05:30,422.0379943847656
2017-10-04 00:00:00+05:30,419.27325439453125
2017-10-05 00:00:00+05:30,419.64654541015625
2017-10-06 00:00:00+05:30,419.99652099609375
2017-10-09 00:00:00+05:30,418.9232482910156
2017-10-10 00:00:00+05:30,420.6031188964844
2017-10-11 00:00:00+05:30,417.67498779296875
2017-10-12 00:00:00+05:30,424.35955810546875
2017-10-13 00:00:00+05:30,431.82574462890625
2017-10-16 00:00:00+05:30,433.30731201171875
2017-10-17 00:00:00+05:30,431.9307556152344
2017-10-18 00:00:00+05:30,435.9554748535156
2017-10-19 00:00:00+05:30,431.2657775878906
2017-10-23 00:00:00+05:30,434.7422180175781
2017-10-24 00:00:00+05:30,435.6288146972656
2017-10-25 00:00:00+05:30,418.8298645019531
2017-10-26 00:00:00+05:30,418.88824462890625
2017-10-27 00:00:00+05:30,417.8849792480469
2017-10-30 00:00:00+05:30,423.4729309082031
2017-10-31 00:00:00+05:30,421.95635986328125
2017-11-01 00:00:00+05:30,424.91949462890625
2017-11-02 00:00:00+05:30,425.1295166015625
2017-11-03 00:00:00+05:30,427.1360168457031
2017-11-06 00:00:00+05:30,426.6460266113281
2017-11-07 00:00:00+05:30,425.5028381347656
2017-11-08 00:00:00+05:30,426.02777099609375
2017-11-09 00:00:00+05:30,426.4710693359375
2017-11-10 00:00:00+05:30,425.106201171875
2017-11-13 00:00:00+05:30,423.1346435546875
2017-11-14 00:00:00+05:30,420.521484375
2017-11-15 00:00:00+05:30,420.0315246582031
2017-11-16 00:00:00+05:30,421.7697448730469
2017-11-17 00:00:00+05:30,425.9344787597656
2017-11-20 00:00:00+05:30,428.874267578125
2017-11-21 00:00:00+05:30,430.76416015625
2017-11-22 00:00:00+05:30,432.8639831542969
2017-11-23 00:00:00+05:30,429.9708557128906
2017-11-24 00:00:00+05:30,431.9657287597656
2017-11-27 00:00:00+05:30,433.400634765625
2017-11-28 00:00:00+05:30,435.22052001953125
2017-11-29 00:00:00+05:30,437.0754089355469
2017-11-30 00:00:00+05:30,432.5023193359375
2017-12-01 00:00:00+05:30,431.2191162109375
2017-12-04 00:00:00+05:30,427.9293212890625
2017-12-05 00:00:00+05:30,424.7444763183594
2017-12-06 00:00:00+05:30,420.7431640625
2017-12-07 00:00:00+05:30,422.2247009277344
2017-12-08 00:00:00+05:30,429.3992614746094
2017-12-11 00:00:00+05:30,430.7991638183594
2017-12-12 00:00:00+05:30,424.6162109375
2017-12-13 00:00:00+05:30,424.9544982910156
2017-12-14 00:00:00+05:30,428.8509826660156
2017-12-15 00:00:00+05:30,437.11041259765625
2017-12-18 00:00:00+05:30,438.3936767578125
2017-12-19 00:00:00+05:30,439.6885986328125
2017-12-20 00:00:00+05:30,435.8738098144531
2017-12-21 00:00:00+05:30,435.9088439941406
2017-12-22 00:00:00+05:30,437.8570556640625
2017-12-26 00:00:00+05:30,435.9204406738281
2017-12-27 00:00:00+05:30,433.2140197753906
2017-12-28 00:00:00+05:30,438.1836853027344
2017-12-29 00:00:00+05:30,436.8654479980469
2018-01-01 00:00:00+05:30,432.68902587890625
2018-01-02 00:00:00+05:30,436.8537292480469
2018-01-03 00:00:00+05:30,432.25738525390625
2018-01-04 00:00:00+05:30,433.9489440917969
2018-01-05 00:00:00+05:30,434.812255859375
2018-01-08 00:00:00+05:30,434.11224365234375
2018-01-09 00:00:00+05:30,434.8355407714844
2018-01-10 00:00:00+05:30,434.9521789550781
2018-01-11 00:00:00+05:30,436.9003601074219
2018-01-12 00:00:00+05:30,435.2088317871094
2018-01-15 00:00:00+05:30,442.78009033203125
2018-01-16 00:00:00+05:30,443.3400573730469
2018-01-17 00:00:00+05:30,441.0884704589844
2018-01-18 00:00:00+05:30,451.3078308105469
2018-01-19 00:00:00+05:30,455.4842529296875
2018-01-22 00:00:00+05:30,458.085693359375
2018-01-23 00:00:00+05:30,455.27423095703125
2018-01-24 00:00:00+05:30,456.7558288574219
2018-01-25 00:00:00+05:30,460.7922058105469
2018-01-29 00:00:00+05:30,466.55523681640625
2018-01-30 00:00:00+05:30,465.5869445800781
2018-01-31 00:00:00+05:30,467.96673583984375
2018-02-01 00:00:00+05:30,464.5719909667969
2018-02-02 00:00:00+05:30,454.5043029785156
2018-02-05 00:00:00+05:30,446.5364685058594
2018-02-06 00:00:00+05:30,442.5583801269531
2018-02-07 00:00:00+05:30,436.958740234375
2018-02-08 00:00:00+05:30,438.8602600097656
2018-02-09 00:00:00+05:30,431.5224304199219
2018-02-12 00:00:00+05:30,437.8570556640625
2018-02-14 00:00:00+05:30,439.3736267089844
2018-02-15 00:00:00+05:30,439.0819396972656
2018-02-16 00:00:00+05:30,438.3119812011719
2018-02-19 00:00:00+05:30,438.2186584472656
2018-02-20 00:00:00+05:30,434.7188720703125
2018-02-21 00:00:00+05:30,433.3656921386719
2018-02-22 00:00:00+05:30,432.38568115234375
2018-02-23 00:00:00+05:30,438.7669677734375
2018-02-26 00:00:00+05:30,445.9999084472656
2018-02-27 00:00:00+05:30,443.9000244140625
2018-02-28 00:00:00+05:30,439.61859130859375
2018-03-01 00:00:00+05:30,437.3204040527344
2018-03-05 00:00:00+05:30,436.2937927246094
2018-03-06 00:00:00+05:30,430.76416015625
2018-03-07 00:00:00+05:30,427.5793151855469
2018-03-08 00:00:00+05:30,432.3040466308594
2018-03-09 00:00:00+05:30,431.884033203125
2018-03-12 00:00:00+05:30,435.663818359375
2018-03-13 00:00:00+05:30,434.0306091308594
2018-03-14 00:00:00+05:30,435.022216796875
2018-03-15 00:00:00+05:30,438.8253173828125
2018-03-16 00:00:00+05:30,432.33905029296875
2018-03-19 00:00:00+05:30,430.9974670410156
2018-03-20 00:00:00+05:30,429.1892395019531
2018-03-21 00:00:00+05:30,433.7156677246094
2018-03-22 00:00:00+05:30,435.7804870605469
2018-03-23 00:00:00+05:30,429.66754150390625
2018-03-26 00:00:00+05:30,441.7767639160156
2018-03-27 00:00:00+05:30,441.5784606933594
2018-03-28 00:00:00+05:30,440.0618591308594
2018-04-02 00:00:00+05:30,450.58447265625
2018-04-03 00:00:00+05:30,447.0148010253906
2018-04-04 00:00:00+05:30,439.39697265625
2018-04-05 00:00:00+05:30,445.381591796875
2018-04-06 00:00:00+05:30,448.7646484375
2018-04-09 00:00:00+05:30,452.41607666015625
2018-04-10 00:00:00+05:30,448.16973876953125
2018-04-11 00:00:00+05:30,447.7030334472656
2018-04-12 00:00:00+05:30,450.02459716796875
2018-04-13 00:00:00+05:30,449.1379699707031
2018-04-16 00:00:00+05:30,453.1277160644531
2018-04-17 00:00:00+05:30,454.6209411621094
2018-04-18 00:00:00+05:30,450.9111633300781
2018-04-19 00:00:00+05:30,452.40447998046875
2018-04-20 00:00:00+05:30,456.3475036621094
2018-04-23 00:00:00+05:30,451.6461181640625
2018-04-24 00:00:00+05:30,451.47113037109375
2018-04-25 00:00:00+05:30,448.1463623046875
2018-04-26 00:00:00+05:30,450.3629150390625
2018-04-27 00:00:00+05:30,448.7646484375
2018-04-30 00:00:00+05:30,453.6410217285156
2018-05-02 00:00:00+05:30,459.5206604003906
2018-05-03 00:00:00+05:30,459.1473083496094
2018-05-04 00:00:00+05:30,463.95367431640625
2018-05-07 00:00:00+05:30,461.3638610839844
2018-05-08 00:00:00+05:30,458.94903564453125
2018-05-09 00:00:00+05:30,461.5971374511719
2018-05-10 00:00:00+05:30,464.93359375
2018-05-11 00:00:00+05:30,469.3782958984375
2018-05-14 00:00:00+05:30,471.7115478515625
2018-05-15 00:00:00+05:30,475.4562683105469
2018-05-16 00:00:00+05:30,472.0848083496094
2018-05-17 00:00:00+05:30,473.1114196777344
2018-05-18 00:00:00+05:30,469.4716796875
2018-05-21 00:00:00+05:30,465.0152893066406
2018-05-22 00:00:00+05:30,464.2803955078125
2018-05-23 00:00:00+05:30,459.05401611328125
2018-05-24 00:00:00+05:30,463.370361328125
2018-05-25 00:00:00+05:30,468.66668701171875
2018-05-28 00:00:00+05:30,476.4828796386719
2018-05-29 00:00:00+05:30,474.2430114746094
2018-05-30 00:00:00+05:30,477.9178466796875
2018-05-31 00:00:00+05:30,502.36138916015625
2018-06-01 00:00:00+05:30,495.58721923828125
2018-06-04 00:00:00+05:30,480.4654846191406
2018-06-05 00:00:00+05:30,484.5511779785156
2018-06-06 00:00:00+05:30,483.0836181640625
2018-06-07 00:00:00+05:30,484.2223815917969
2018-06-08 00:00:00+05:30,481.2051696777344
2018-06-11 00:00:00+05:30,479.5497741699219
2018-06-12 00:00:00+05:30,479.9136962890625
2018-06-13 00:00:00+05:30,477.0020446777344
2018-06-14 00:00:00+05:30,478.3991394042969
2018-06-15 00:00:00+05:30,476.56768798828125
2018-06-18 00:00:00+05:30,474.1139221191406
2018-06-19 00:00:00+05:30,475.1352844238281
2018-06-20 00:00:00+05:30,482.8018493652344
2018-06-21 00:00:00+05:30,483.1423034667969
2018-06-22 00:00:00+05:30,489.1886291503906
2018-06-25 00:00:00+05:30,491.9123840332031
2018-06-26 00:00:00+05:30,491.6188659667969
2018-06-27 00:00:00+05:30,496.0567932128906
2018-06-28 00:00:00+05:30,500.3420104980469
2018-06-29 00:00:00+05:30,495.082275390625
2018-07-02 00:00:00+05:30,486.81707763671875
2018-07-03 00:00:00+05:30,486.1008605957031
2018-07-04 00:00:00+05:30,493.9317626953125
2018-07-05 00:00:00+05:30,498.6749267578125
2018-07-06 00:00:00+05:30,496.65557861328125
2018-07-09 00:00:00+05:30,499.1210021972656
2018-07-10 00:00:00+05:30,503.9933166503906
2018-07-11 00:00:00+05:30,504.42767333984375
2018-07-12 00:00:00+05:30,508.5838623046875
2018-07-13 00:00:00+05:30,512.09423828125
2018-07-16 00:00:00+05:30,509.2647399902344
2018-07-17 00:00:00+05:30,511.1197204589844
2018-07-18 00:00:00+05:30,510.99053955078125
2018-07-19 00:00:00+05:30,513.3153076171875
2018-07-20 00:00:00+05:30,514.0079345703125
2018-07-23 00:00:00+05:30,506.3531188964844
2018-07-24 00:00:00+05:30,507.1279296875
2018-07-25 00:00:00+05:30,509.6169738769531
2018-07-26 00:00:00+05:30,514.8414916992188
2018-07-27 00:00:00+05:30,517.0838012695312
2018-07-30 00:00:00+05:30,509.51123046875
2018-07-31 00:00:00+05:30,511.76544189453125
2018-08-01 00:00:00+05:30,506.8815002441406
2018-08-02 00:00:00+05:30,500.1893615722656
2018-08-03 00:00:00+05:30,498.1817321777344
2018-08-06 00:00:00+05:30,496.45599365234375
2018-08-07 00:00:00+05:30,500.3537902832031
2018-08-08 00:00:00+05:30,501.63348388671875
2018-08-09 00:00:00+05:30,497.4421081542969
2018-08-10 00:00:00+05:30,496.4911193847656
2018-08-13 00:00:00+05:30,491.13751220703125
2018-08-14 00:00:00+05:30,490.5387878417969
2018-08-16 00:00:00+05:30,487.392333984375
2018-08-17 00:00:00+05:30,487.7798156738281
2018-08-20 00:00:00+05:30,492.2059020996094
2018-08-21 00:00:00+05:30,492.17071533203125
2018-08-23 00:00:00+05:30,488.3785095214844
2018-08-24 00:00:00+05:30,486.01873779296875
2018-08-27 00:00:00+05:30,488.5076599121094
2018-08-28 00:00:00+05:30,491.888916015625
2018-08-29 00:00:00+05:30,488.0498046875
2018-08-30 00:00:00+05:30,485.13824462890625
2018-08-31 00:00:00+05:30,483.98760986328125
2018-09-03 00:00:00+05:30,487.23968505859375
2018-09-04 00:00:00+05:30,481.7803955078125
2018-09-05 00:00:00+05:30,480.3833312988281
2018-09-06 00:00:00+05:30,481.87432861328125
2018-09-07 00:00:00+05:30,482.9896545410156
2018-09-10 00:00:00+05:30,479.2796936035156
2018-09-11 00:00:00+05:30,469.7112731933594
2018-09-12 00:00:00+05:30,472.3998107910156
2018-09-14 00:00:00+05:30,476.56768798828125
2018-09-17 00:00:00+05:30,467.7857971191406
2018-09-18 00:00:00+05:30,467.08135986328125
2018-09-19 00:00:00+05:30,460.5419616699219
2018-09-21 00:00:00+05:30,462.6317443847656
2018-09-24 00:00:00+05:30,452.1710205078125
2018-09-25 00:00:00+05:30,458.4404602050781
2018-09-26 00:00:00+05:30,462.1503601074219
2018-09-27 00:00:00+05:30,464.0171203613281
2018-09-28 00:00:00+05:30,471.0379333496094
2018-10-01 00:00:00+05:30,477.9412841796875
2018-10-03 00:00:00+05:30,476.931640625
2018-10-04 00:00:00+05:30,459.6966552734375
2018-10-05 00:00:00+05:30,461.469482421875
2018-10-08 00:00:00+05:30,456.70281982421875
2018-10-09 00:00:00+05:30,455.6697082519531
2018-10-10 00:00:00+05:30,461.90386962890625
2018-10-11 00:00:00+05:30,454.95355224609375
2018-10-12 00:00:00+05:30,465.3554992675781
2018-10-15 00:00:00+05:30,471.50750732421875
2018-10-16 00:00:00+05:30,467.9149475097656
2018-10-17 00:00:00+05:30,463.6531982421875
2018-10-19 00:00:00+05:30,462.04473876953125
2018-10-22 00:00:00+05:30,469.3590087890625
2018-10-23 00:00:00+05:30,466.05999755859375
2018-10-24 00:00:00+05:30,467.797607421875
2018-10-25 00:00:00+05:30,462.29132080078125
2018-10-26 00:00:00+05:30,460.5067138671875
2018-10-29 00:00:00+05:30,452.31195068359375
2018-10-30 00:00:00+05:30,449.1302490234375
2018-10-31 00:00:00+05:30,448.8954772949219
2018-11-01 00:00:00+05:30,449.00115966796875
2018-11-02 00:00:00+05:30,457.7477111816406
2018-11-05 00:00:00+05:30,459.2857360839844
2018-11-06 00:00:00+05:30,457.0668640136719
2018-11-07 00:00:00+05:30,459.7436218261719
2018-11-09 00:00:00+05:30,456.7967529296875
2018-11-12 00:00:00+05:30,451.0791931152344
2018-11-13 00:00:00+05:30,452.65240478515625
2018-11-14 00:00:00+05:30,459.6966552734375
2018-11-15 00:00:00+05:30,463.78228759765625
2018-11-16 00:00:00+05:30,470.62701416015625
2018-11-19 00:00:00+05:30,472.88116455078125
2018-11-20 00:00:00+05:30,472.5406799316406
2018-11-21 00:00:00+05:30,474.0199890136719
2018-11-22 00:00:00+05:30,470.9087829589844
2018-11-26 00:00:00+05:30,481.310791015625
2018-11-27 00:00:00+05:30,484.64508056640625
2018-11-28 00:00:00+05:30,490.5740051269531
2018-11-29 00:00:00+05:30,500.3890075683594
2018-11-30 00:00:00+05:30,499.7785339355469
2018-12-03 00:00:00+05:30,496.22113037109375
2018-12-04 00:00:00+05:30,489.70513916015625
2018-12-05 00:00:00+05:30,492.9103698730469
2018-12-06 00:00:00+05:30,492.40545654296875
2018-12-07 00:00:00+05:30,494.8827819824219
2018-12-10 00:00:00+05:30,490.45654296875
2018-12-11 00:00:00+05:30,483.6001892089844
2018-12-12 00:00:00+05:30,489.646484375
2018-12-13 00:00:00+05:30,493.4034423828125
2018-12-14 00:00:00+05:30,492.0885314941406
2018-12-17 00:00:00+05:30,500.1893615722656
2018-12-18 00:00:00+05:30,501.4221496582031
2018-12-19 00:00:00+05:30,498.6044616699219
2018-12-20 00:00:00+05:30,501.8917541503906
2018-12-21 00:00:00+05:30,495.71630859375
2018-12-24 00:00:00+05:30,488.5545959472656
2018-12-26 00:00:00+05:30,498.3461608886719
2018-12-27 00:00:00+05:30,494.283935546875
2018-12-28 00:00:00+05:30,498.47528076171875
2018-12-31 00:00:00+05:30,498.19354248046875
2019-01-01 00:00:00+05:30,504.39251708984375
2019-01-02 00:00:00+05:30,499.79022216796875
2019-01-03 00:00:00+05:30,495.86895751953125
2019-01-04 00:00:00+05:30,497.195556640625
2019-01-07 00:00:00+05:30,497.9468994140625
2019-01-08 00:00:00+05:30,493.8026123046875
2019-01-09 00:00:00+05:30,497.04302978515625
2019-01-10 00:00:00+05:30,495.0940856933594
2019-01-11 00:00:00+05:30,495.89239501953125
2019-01-14 00:00:00+05:30,493.4855651855469
2019-01-15 00:00:00+05:30,498.2404479980469
2019-01-16 00:00:00+05:30,497.8413391113281
2019-01-17 00:00:00+05:30,500.68255615234375
2019-01-18 00:00:00+05:30,500.20111083984375
2019-01-21 00:00:00+05:30,504.40423583984375
2019-01-22 00:00:00+05:30,501.5161437988281
2019-01-23 00:00:00+05:30,494.3661193847656
2019-01-24 00:00:00+05:30,493.62652587890625
2019-01-25 00:00:00+05:30,492.1589660644531
2019-01-28 00:00:00+05:30,489.37646484375
2019-01-29 00:00:00+05:30,483.1423034667969
2019-01-30 00:00:00+05:30,477.7651672363281
2019-01-31 00:00:00+05:30,488.3902282714844
2019-02-01 00:00:00+05:30,490.8557434082031
2019-02-04 00:00:00+05:30,494.248779296875
2019-02-05 00:00:00+05:30,496.3973083496094
2019-02-06 00:00:00+05:30,498.4165344238281
2019-02-07 00:00:00+05:30,497.1485900878906
2019-02-08 00:00:00+05:30,498.4165344238281
2019-02-11 00:00:00+05:30,502.4083251953125
2019-02-12 00:00:00+05:30,500.0719299316406
2019-02-14 00:00:00+05:30,495.4931945800781
2019-02-15 00:00:00+05:30,493.2507019042969
2019-02-18 00:00:00+05:30,490.7265625
2019-02-19 00:00:00+05:30,489.35296630859375
2019-02-20 00:00:00+05:30,495.0588684082031
2019-02-21 00:00:00+05:30,496.8316650390625
2019-02-22 00:00:00+05:30,491.090576171875
2019-02-25 00:00:00+05:30,499.0622863769531
2019-02-26 00:00:00+05:30,495.5989074707031
2019-02-27 00:00:00+05:30,491.2784729003906
2019-02-28 00:00:00+05:30,487.82672119140625
2019-03-01 00:00:00+05:30,489.1886291503906
2019-03-05 00:00:00+05:30,494.7653503417969
2019-03-06 00:00:00+05:30,494.0960998535156
2019-03-07 00:00:00+05:30,499.320556640625
2019-03-08 00:00:00+05:30,499.7197265625
2019-03-11 00:00:00+05:30,499.7785339355469
2019-03-12 00:00:00+05:30,509.7695617675781
2019-03-13 00:00:00+05:30,522.8132934570312
2019-03-14 00:00:00+05:30,522.3905639648438
2019-03-15 00:00:00+05:30,529.02392578125
2019-03-18 00:00:00+05:30,531.008056640625
2019-03-19 00:00:00+05:30,532.4873657226562
2019-03-20 00:00:00+05:30,539.8250732421875
2019-03-22 00:00:00+05:30,534.4597778320312
2019-03-25 00:00:00+05:30,535.6690673828125
2019-03-26 00:00:00+05:30,542.7249755859375
2019-03-27 00:00:00+05:30,539.9308471679688
2019-03-28 00:00:00+05:30,540.7174072265625
2019-04-01 00:00:00+05:30,542.8306884765625
2019-04-02 00:00:00+05:30,538.8506469726562
2019-04-03 00:00:00+05:30,538.3576049804688
2019-04-04 00:00:00+05:30,536.2913208007812
2019-04-05 00:00:00+05:30,541.3748779296875
2019-04-08 00:00:00+05:30,537.5708618164062
2019-04-09 00:00:00+05:30,537.0661010742188
2019-04-10 00:00:00+05:30,525.34912109375
2019-04-11 00:00:00+05:30,530.08056640625
2019-04-12 00:00:00+05:30,531.9002685546875
2019-04-15 00:00:00+05:30,537.4301147460938
2019-04-16 00:00:00+05:30,541.2457885742188
2019-04-18 00:00:00+05:30,538.5687866210938
2019-04-22 00:00:00+05:30,532.71044921875
2019-04-23 00:00:00+05:30,527.2158813476562
2019-04-24 00:00:00+05:30,535.3049926757812
2019-04-25 00:00:00+05:30,531.4776611328125
2019-04-26 00:00:00+05:30,535.5867919921875
2019-04-30 00:00:00+05:30,544.1572875976562
2019-05-02 00:00:00+05:30,553.1622314453125
2019-05-03 00:00:00+05:30,556.01513671875
2019-05-06 00:00:00+05:30,546.740234375
2019-05-07 00:00:00+05:30,545.3079223632812
2019-05-08 00:00:00+05:30,541.7622680664062
2019-05-09 00:00:00+05:30,537.9231567382812
2019-05-10 00:00:00+05:30,539.2380981445312
2019-05-13 00:00:00+05:30,537.0543823242188
2019-05-14 00:00:00+05:30,537.2186279296875
2019-05-15 00:00:00+05:30,536.9369506835938
2019-05-16 00:00:00+05:30,542.5606079101562
2019-05-17 00:00:00+05:30,554.6416015625
2019-05-20 00:00:00+05:30,571.1369018554688
2019-05-21 00:00:00+05:30,564.4096069335938
2019-05-22 00:00:00+05:30,564.8909301757812
2019-05-23 00:00:00+05:30,547.59716796875
2019-05-24 00:00:00+05:30,557.2831420898438
2019-05-27 00:00:00+05:30,565.50146484375
2019-05-28 00:00:00+05:30,567.3446655273438
2019-05-29 00:00:00+05:30,567.5090942382812
2019-05-30 00:00:00+05:30,572.8274536132812
2019-05-31 00:00:00+05:30,569.4931640625
2019-06-03 00:00:00+05:30,576.9483642578125
2019-06-04 00:00:00+05:30,575.8214111328125
2019-06-06 00:00:00+05:30,569.0235595703125
2019-06-07 00:00:00+05:30,574.7294311523438
2019-06-10 00:00:00+05:30,572.9801025390625
2019-06-11 00:00:00+05:30,574.905517578125
2019-06-12 00:00:00+05:30,569.892333984375
2019-06-13 00:00:00+05:30,574.0367431640625
2019-06-14 00:00:00+05:30,571.7825317382812
2019-06-17 00:00:00+05:30,568.7066040039062
2019-06-18 00:00:00+05:30,567.5912475585938
2019-06-19 00:00:00+05:30,570.1976318359375
2019-06-20 00:00:00+05:30,573.26904296875
2019-06-21 00:00:00+05:30,570.3984375
2019-06-24 00:00:00+05:30,571.284423828125
2019-06-25 00:00:00+05:30,573.8243408203125
2019-06-26 00:00:00+05:30,583.0859985351562
2019-06-27 00:00:00+05:30,581.7630004882812
2019-06-28 00:00:00+05:30,577.380126953125
2019-07-01 00:00:00+05:30,587.2561645507812
2019-07-02 00:00:00+05:30,589.4888305664062
2019-07-03 00:00:00+05:30,588.2247924804688
2019-07-04 00:00:00+05:30,586.8427124023438
2019-07-05 00:00:00+05:30,584.149169921875
2019-07-08 00:00:00+05:30,569.3116455078125
2019-07-09 00:00:00+05:30,562.1171875
2019-07-10 00:00:00+05:30,564.3854370117188
2019-07-11 00:00:00+05:30,568.7327270507812
2019-07-12 00:00:00+05:30,565.6021728515625
2019-07-15 00:00:00+05:30,565.802978515625
2019-07-16 00:00:00+05:30,564.9642333984375
2019-07-17 00:00:00+05:30,566.44091796875
2019-07-18 00:00:00+05:30,569.85498046875
2019-07-19 00:00:00+05:30,561.2902221679688
2019-07-22 00:00:00+05:30,542.7669067382812
2019-07-23 00:00:00+05:30,534.7927856445312
2019-07-24 00:00:00+05:30,538.9039306640625
2019-07-25 00:00:00+05:30,540.1206665039062
2019-07-26 00:00:00+05:30,538.0532836914062
2019-07-29 00:00:00+05:30,530.2564697265625
2019-07-30 00:00:00+05:30,532.1348266601562
2019-07-31 00:00:00+05:30,531.9930419921875
2019-08-01 00:00:00+05:30,526.108642578125
2019-08-02 00:00:00+05:30,524.3446044921875
2019-08-05 00:00:00+05:30,516.0330810546875
2019-08-06 00:00:00+05:30,518.365478515625
2019-08-07 00:00:00+05:30,517.1578369140625
2019-08-08 00:00:00+05:30,528.7963256835938
2019-08-09 00:00:00+05:30,540.3637084960938
2019-08-13 00:00:00+05:30,525.7652587890625
2019-08-14 00:00:00+05:30,527.9202270507812
2019-08-16 00:00:00+05:30,527.5057983398438
2019-08-19 00:00:00+05:30,522.5687255859375
2019-08-20 00:00:00+05:30,525.8245849609375
2019-08-21 00:00:00+05:30,527.0676879882812
2019-08-22 00:00:00+05:30,514.8136596679688
2019-08-23 00:00:00+05:30,512.1141357421875
2019-08-26 00:00:00+05:30,534.2425537109375
2019-08-27 00:00:00+05:30,535.142333984375
2019-08-28 00:00:00+05:30,532.1942749023438
2019-08-29 00:00:00+05:30,527.3281860351562
2019-08-30 00:00:00+05:30,527.56494140625
2019-09-03 00:00:00+05:30,523.5394897460938
2019-09-04 00:00:00+05:30,532.2535400390625
2019-09-05 00:00:00+05:30,529.2698974609375
2019-09-06 00:00:00+05:30,531.8153686523438
2019-09-09 00:00:00+05:30,532.6915893554688
2019-09-11 00:00:00+05:30,533.0941162109375
2019-09-12 00:00:00+05:30,537.7235107421875
2019-09-13 00:00:00+05:30,534.5503540039062
2019-09-16 00:00:00+05:30,531.4010009765625
2019-09-17 00:00:00+05:30,523.6342163085938
2019-09-18 00:00:00+05:30,518.0458984375
2019-09-19 00:00:00+05:30,521.44384765625
2019-09-20 00:00:00+05:30,568.1159057617188
2019-09-23 00:00:00+05:30,595.4182739257812
2019-09-24 00:00:00+05:30,593.784423828125
2019-09-25 00:00:00+05:30,587.1068115234375
2019-09-26 00:00:00+05:30,588.432861328125
2019-09-27 00:00:00+05:30,589.238037109375
2019-09-30 00:00:00+05:30,581.3053588867188
2019-10-01 00:00:00+05:30,591.41650390625
2019-10-03 00:00:00+05:30,579.4584350585938
2019-10-04 00:00:00+05:30,563.4274291992188
2019-10-07 00:00:00+05:30,562.1014404296875
2019-10-09 00:00:00+05:30,581.6368408203125
2019-10-10 00:00:00+05:30,568.56591796875
2019-10-11 00:00:00+05:30,567.7371215820312
2019-10-14 00:00:00+05:30,570.3892211914062
2019-10-15 00:00:00+05:30,579.2216796875
2019-10-16 00:00:00+05:30,578.2980346679688
2019-10-17 00:00:00+05:30,577.777099609375
2019-10-18 00:00:00+05:30,582.0394287109375
2019-10-22 00:00:00+05:30,586.9174194335938
2019-10-23 00:00:00+05:30,588.006591796875
2019-10-24 00:00:00+05:30,585.4019165039062
2019-10-25 00:00:00+05:30,582.0394287109375
2019-10-27 00:00:00+05:30,586.1596069335938
2019-10-29 00:00:00+05:30,588.432861328125
2019-10-30 00:00:00+05:30,591.2032470703125
2019-10-31 00:00:00+05:30,582.6787719726562
2019-11-01 00:00:00+05:30,587.2726440429688
2019-11-04 00:00:00+05:30,585.757080078125
2019-11-05 00:00:00+05:30,587.0120239257812
2019-11-06 00:00:00+05:30,595.134033203125
2019-11-07 00:00:00+05:30,598.472900390625
2019-11-08 00:00:00+05:30,594.6368408203125
2019-11-11 00:00:00+05:30,598.9701538085938
2019-11-13 00:00:00+05:30,595.5604248046875
2019-11-14 00:00:00+05:30,603.303466796875
2019-11-15 00:00:00+05:30,605.1978759765625
2019-11-18 00:00:00+05:30,597.6915283203125
2019-11-19 00:00:00+05:30,602.3563842773438
2019-11-20 00:00:00+05:30,603.0430297851562
2019-11-21 00:00:00+05:30,607.7789306640625
2019-11-22 00:00:00+05:30,598.9701538085938
2019-11-25 00:00:00+05:30,601.9774780273438
2019-11-26 00:00:00+05:30,603.8482055664062
2019-11-27 00:00:00+05:30,605.4346923828125
2019-11-28 00:00:00+05:30,599.230712890625
2019-11-29 00:00:00+05:30,603.8007202148438
2019-12-02 00:00:00+05:30,599.4437255859375
2019-12-03 00:00:00+05:30,594.5421752929688
2019-12-04 00:00:00+05:30,592.7662353515625
2019-12-05 00:00:00+05:30,589.9010009765625
2019-12-06 00:00:00+05:30,590.1141357421875
2019-12-09 00:00:00+05:30,588.64599609375
2019-12-10 00:00:00+05:30,591.7479858398438
2019-12-11 00:00:00+05:30,591.392822265625
2019-12-12 00:00:00+05:30,598.425537109375
2019-12-13 00:00:00+05:30,598.5439453125
2019-12-16 00:00:00+05:30,595.4656372070312
2019-12-17 00:00:00+05:30,601.9774780273438
2019-12-18 00:00:00+05:30,612.0411987304688
2019-12-19 00:00:00+05:30,610.3599853515625
2019-12-20 00:00:00+05:30,614.101318359375
2019-12-23 00:00:00+05:30,616.80078125
2019-12-24 00:00:00+05:30,610.5258178710938
2019-12-26 00:00:00+05:30,601.6695556640625
2019-12-27 00:00:00+05:30,603.824462890625
2019-12-30 00:00:00+05:30,607.2106323242188
2019-12-31 00:00:00+05:30,602.4511108398438
2020-01-01 00:00:00+05:30,605.5294189453125
2020-01-02 00:00:00+05:30,609.3890991210938
2020-01-03 00:00:00+05:30,600.6988525390625
2020-01-06 00:00:00+05:30,587.6987915039062
2020-01-07 00:00:00+05:30,597.0047607421875
2020-01-08 00:00:00+05:30,595.4420166015625
2020-01-09 00:00:00+05:30,602.1195678710938
2020-01-10 00:00:00+05:30,607.4710083007812
2020-01-13 00:00:00+05:30,609.033935546875
2020-01-14 00:00:00+05:30,610.6915893554688
2020-01-15 00:00:00+05:30,608.2051391601562
2020-01-16 00:00:00+05:30,609.8154296875
2020-01-17 00:00:00+05:30,605.3162231445312
2020-01-20 00:00:00+05:30,594.3052978515625
2020-01-21 00:00:00+05:30,589.30908203125
2020-01-22 00:00:00+05:30,587.6514282226562
2020-01-23 00:00:00+05:30,589.5457763671875
2020-01-24 00:00:00+05:30,589.40380859375
2020-01-27 00:00:00+05:30,574.5567016601562
2020-01-28 00:00:00+05:30,579.2926025390625
2020-01-29 00:00:00+05:30,585.2835083007812
2020-01-30 00:00:00+05:30,580.6423950195312
2020-01-31 00:00:00+05:30,580.7606811523438
2020-02-03 00:00:00+05:30,564.8955078125
2020-02-04 00:00:00+05:30,582.4183349609375
2020-02-05 00:00:00+05:30,589.4510498046875
2020-02-06 00:00:00+05:30,587.1541748046875
2020-02-07 00:00:00+05:30,588.2908325195312
2020-02-10 00:00:00+05:30,587.3910522460938
2020-02-11 00:00:00+05:30,587.5330810546875
2020-02-12 00:00:00+05:30,591.5111694335938
2020-02-13 00:00:00+05:30,587.9119873046875
2020-02-14 00:00:00+05:30,577.46923828125
2020-02-17 00:00:00+05:30,576.4273681640625
2020-02-18 00:00:00+05:30,574.5804443359375
2020-02-19 00:00:00+05:30,581.1869506835938
2020-02-20 00:00:00+05:30,576.40380859375
2020-02-24 00:00:00+05:30,573.0175170898438
2020-02-25 00:00:00+05:30,568.447509765625
2020-02-26 00:00:00+05:30,567.9501953125
2020-02-27 00:00:00+05:30,568.0448608398438
2020-02-28 00:00:00+05:30,557.720703125
2020-03-02 00:00:00+05:30,558.6441650390625
2020-03-03 00:00:00+05:30,559.6860961914062
2020-03-04 00:00:00+05:30,544.0813598632812
2020-03-05 00:00:00+05:30,545.265380859375
2020-03-06 00:00:00+05:30,537.474853515625
2020-03-09 00:00:00+05:30,524.4037475585938
2020-03-11 00:00:00+05:30,527.4820556640625
2020-03-12 00:00:00+05:30,483.67523193359375
2020-03-13 00:00:00+05:30,506.6442565917969
2020-03-16 00:00:00+05:30,473.35101318359375
2020-03-17 00:00:00+05:30,461.7954406738281
2020-03-18 00:00:00+05:30,415.2891845703125
2020-03-19 00:00:00+05:30,424.1215515136719
2020-03-20 00:00:00+05:30,418.10699462890625
2020-03-23 00:00:00+05:30,365.39666748046875
2020-03-24 00:00:00+05:30,363.5733947753906
2020-03-25 00:00:00+05:30,405.7463684082031
2020-03-26 00:00:00+05:30,426.74993896484375
2020-03-27 00:00:00+05:30,428.3365478515625
2020-03-30 00:00:00+05:30,393.8593444824219
2020-03-31 00:00:00+05:30,408.1853942871094
2020-04-01 00:00:00+05:30,392.9121398925781
2020-04-03 00:00:00+05:30,385.429443359375
2020-04-07 00:00:00+05:30,424.38201904296875
2020-04-08 00:00:00+05:30,420.97222900390625
2020-04-09 00:00:00+05:30,438.0923767089844
2020-04-13 00:00:00+05:30,424.02685546875
2020-04-15 00:00:00+05:30,408.8483581542969
2020-04-16 00:00:00+05:30,416.6388854980469
2020-04-17 00:00:00+05:30,431.10699462890625
2020-04-20 00:00:00+05:30,447.4693908691406
2020-04-21 00:00:00+05:30,436.482177734375
2020-04-22 00:00:00+05:30,439.7736511230469
2020-04-23 00:00:00+05:30,452.2526550292969
2020-04-24 00:00:00+05:30,444.2490234375
2020-04-27 00:00:00+05:30,440.2945861816406
2020-04-28 00:00:00+05:30,441.0997009277344
2020-04-29 00:00:00+05:30,462.7426452636719
2020-04-30 00:00:00+05:30,474.4402770996094
2020-05-04 00:00:00+05:30,437.1215515136719
2020-05-05 00:00:00+05:30,431.6516418457031
2020-05-06 00:00:00+05:30,448.20355224609375
2020-05-07 00:00:00+05:30,438.0687561035156
2020-05-08 00:00:00+05:30,439.9867858886719
2020-05-11 00:00:00+05:30,433.7117004394531
2020-05-12 00:00:00+05:30,426.963134765625
2020-05-13 00:00:00+05:30,439.32379150390625
2020-05-14 00:00:00+05:30,423.24542236328125
2020-05-15 00:00:00+05:30,420.61700439453125
2020-05-18 00:00:00+05:30,396.2272644042969
2020-05-19 00:00:00+05:30,393.3857116699219
2020-05-20 00:00:00+05:30,405.91204833984375
2020-05-21 00:00:00+05:30,407.0723876953125
2020-05-22 00:00:00+05:30,397.2691345214844
2020-05-26 00:00:00+05:30,403.6863098144531
2020-05-27 00:00:00+05:30,427.9576721191406
2020-05-28 00:00:00+05:30,447.65887451171875
2020-05-29 00:00:00+05:30,450.68988037109375
2020-06-01 00:00:00+05:30,467.7389831542969
2020-06-02 00:00:00+05:30,474.0614318847656
2020-06-03 00:00:00+05:30,484.1251525878906
2020-06-04 00:00:00+05:30,474.3929138183594
2020-06-05 00:00:00+05:30,489.3819274902344
2020-06-08 00:00:00+05:30,481.1178894042969
2020-06-09 00:00:00+05:30,467.5732116699219
2020-06-10 00:00:00+05:30,469.7280578613281
2020-06-11 00:00:00+05:30,458.71710205078125
2020-06-12 00:00:00+05:30,465.41839599609375
2020-06-15 00:00:00+05:30,449.83734130859375
2020-06-16 00:00:00+05:30,469.0413513183594
2020-06-17 00:00:00+05:30,463.7608947753906
2020-06-18 00:00:00+05:30,483.035888671875
2020-06-19 00:00:00+05:30,489.3819274902344
2020-06-22 00:00:00+05:30,487.20343017578125
2020-06-23 00:00:00+05:30,493.6205139160156
2020-06-24 00:00:00+05:30,488.9794616699219
2020-06-25 00:00:00+05:30,487.20343017578125
2020-06-26 00:00:00+05:30,500.32183837890625
2020-06-29 00:00:00+05:30,509.60418701171875
2020-06-30 00:00:00+05:30,504.7735900878906
2020-07-01 00:00:00+05:30,513.6533203125
2020-07-02 00:00:00+05:30,515.9266357421875
2020-07-03 00:00:00+05:30,508.6096496582031
2020-07-06 00:00:00+05:30,522.3673095703125
2020-07-07 00:00:00+05:30,523.3855590820312
2020-07-08 00:00:00+05:30,525.84814453125
2020-07-09 00:00:00+05:30,532.7625732421875
2020-07-10 00:00:00+05:30,523.36181640625
2020-07-13 00:00:00+05:30,511.5932922363281
2020-07-14 00:00:00+05:30,501.4584655761719
2020-07-15 00:00:00+05:30,498.75897216796875
2020-07-16 00:00:00+05:30,503.2108154296875
2020-07-17 00:00:00+05:30,520.2125854492188
2020-07-20 00:00:00+05:30,536.5987548828125
2020-07-21 00:00:00+05:30,539.2034301757812
2020-07-22 00:00:00+05:30,533.4255981445312
2020-07-23 00:00:00+05:30,535.3436889648438
2020-07-24 00:00:00+05:30,529.9920654296875
2020-07-27 00:00:00+05:30,511.2379455566406
2020-07-28 00:00:00+05:30,514.624267578125
2020-07-29 00:00:00+05:30,504.1815490722656
2020-07-30 00:00:00+05:30,497.5750427246094
2020-07-31 00:00:00+05:30,489.12152099609375
2020-08-03 00:00:00+05:30,474.5349426269531
2020-08-04 00:00:00+05:30,493.3127746582031
2020-08-05 00:00:00+05:30,486.63519287109375
2020-08-06 00:00:00+05:30,492.86279296875
2020-08-07 00:00:00+05:30,494.3546447753906
2020-08-10 00:00:00+05:30,497.5750427246094
2020-08-11 00:00:00+05:30,505.1524658203125
2020-08-12 00:00:00+05:30,503.7553405761719
2020-08-13 00:00:00+05:30,501.55316162109375
2020-08-14 00:00:00+05:30,489.9029235839844
2020-08-17 00:00:00+05:30,489.09783935546875
2020-08-18 00:00:00+05:30,500.34552001953125
2020-08-19 00:00:00+05:30,505.1287841796875
2020-08-20 00:00:00+05:30,501.5294494628906
2020-08-21 00:00:00+05:30,514.1505737304688
2020-08-24 00:00:00+05:30,529.0213623046875
2020-08-25 00:00:00+05:30,530.2762451171875
2020-08-26 00:00:00+05:30,529.6842651367188
2020-08-27 00:00:00+05:30,526.6769409179688
2020-08-28 00:00:00+05:30,527.8135986328125
2020-08-31 00:00:00+05:30,528.4530029296875
2020-09-01 00:00:00+05:30,533.8756713867188
2020-09-02 00:00:00+05:30,537.11962890625
2020-09-03 00:00:00+05:30,535.5804443359375
2020-09-04 00:00:00+05:30,530.0869140625
2020-09-07 00:00:00+05:30,525.9193115234375
2020-09-08 00:00:00+05:30,526.8427734375
2020-09-09 00:00:00+05:30,519.2890625
2020-09-10 00:00:00+05:30,516.47119140625
2020-09-11 00:00:00+05:30,510.83551025390625
2020-09-14 00:00:00+05:30,501.0322265625
2020-09-15 00:00:00+05:30,506.97576904296875
2020-09-16 00:00:00+05:30,517.9393310546875
2020-09-17 00:00:00+05:30,513.1797485351562
2020-09-18 00:00:00+05:30,500.7243957519531
2020-09-21 00:00:00+05:30,496.9356689453125
2020-09-22 00:00:00+05:30,490.35284423828125
2020-09-23 00:00:00+05:30,495.9648742675781
2020-09-24 00:00:00+05:30,487.9849548339844
2020-09-25 00:00:00+05:30,494.42559814453125
2020-09-28 00:00:00+05:30,499.2562561035156
2020-09-29 00:00:00+05:30,503.2108154296875
2020-09-30 00:00:00+05:30,510.811767578125
2020-10-01 00:00:00+05:30,524.2379760742188
2020-10-05 00:00:00+05:30,527.7425537109375
2020-10-06 00:00:00+05:30,541.8317260742188
2020-10-07 00:00:00+05:30,550.427490234375
2020-10-08 00:00:00+05:30,564.4219970703125
2020-10-09 00:00:00+05:30,584.1942749023438
2020-10-12 00:00:00+05:30,574.7698364257812
2020-10-13 00:00:00+05:30,567.5712890625
2020-10-14 00:00:00+05:30,573.7516479492188
2020-10-15 00:00:00+05:30,553.7425537109375
2020-10-16 00:00:00+05:30,567.99755859375
2020-10-19 00:00:00+05:30,569.9866333007812
2020-10-20 00:00:00+05:30,579.6478271484375
2020-10-21 00:00:00+05:30,590.4219360351562
2020-10-22 00:00:00+05:30,584.0758666992188
2020-10-23 00:00:00+05:30,585.2598266601562
2020-10-26 00:00:00+05:30,573.4674682617188
2020-10-27 00:00:00+05:30,583.9811401367188
2020-10-28 00:00:00+05:30,572.851806640625
2020-10-29 00:00:00+05:30,562.243408203125
2020-10-30 00:00:00+05:30,560.5149536132812
2020-11-02 00:00:00+05:30,575.5276489257812
2020-11-03 00:00:00+05:30,591.013916015625
2020-11-04 00:00:00+05:30,595.4893798828125
2020-11-05 00:00:00+05:30,601.07763671875
2020-11-06 00:00:00+05:30,619.287109375
2020-11-09 00:00:00+05:30,634.8682250976562
2020-11-10 00:00:00+05:30,660.0156860351562
2020-11-11 00:00:00+05:30,658.2633666992188
2020-11-12 00:00:00+05:30,649.6204223632812
2020-11-13 00:00:00+05:30,643.5111694335938
2020-11-14 00:00:00+05:30,648.6732177734375
2020-11-17 00:00:00+05:30,667.0247192382812
2020-11-18 00:00:00+05:30,667.1431274414062
2020-11-19 00:00:00+05:30,650.8753662109375
2020-11-20 00:00:00+05:30,664.7515869140625
2020-11-23 00:00:00+05:30,660.4655151367188
2020-11-24 00:00:00+05:30,681.1139526367188
2020-11-25 00:00:00+05:30,664.3490600585938
2020-11-26 00:00:00+05:30,675.6441040039062
2020-11-27 00:00:00+05:30,682.3690185546875
2020-12-01 00:00:00+05:30,678.79345703125
2020-12-02 00:00:00+05:30,666.3143920898438
2020-12-03 00:00:00+05:30,652.22509765625
2020-12-04 00:00:00+05:30,656.2033081054688
2020-12-07 00:00:00+05:30,649.880859375
2020-12-08 00:00:00+05:30,651.7989501953125
2020-12-09 00:00:00+05:30,666.4327392578125
2020-12-10 00:00:00+05:30,656.3215942382812
2020-12-11 00:00:00+05:30,654.8772583007812
2020-12-14 00:00:00+05:30,649.8335571289062
2020-12-15 00:00:00+05:30,658.9027099609375
2020-12-16 00:00:00+05:30,668.09033203125
2020-12-17 00:00:00+05:30,682.8189086914062
2020-12-18 00:00:00+05:30,668.3981323242188
2020-12-21 00:00:00+05:30,650.0703125
2020-12-22 00:00:00+05:30,650.2833862304688
2020-12-23 00:00:00+05:30,651.4910278320312
2020-12-24 00:00:00+05:30,661.6494750976562
2020-12-28 00:00:00+05:30,669.1085205078125
2020-12-29 00:00:00+05:30,675.904541015625
2020-12-30 00:00:00+05:30,678.4146118164062
2020-12-31 00:00:00+05:30,680.2142333984375
2021-01-01 00:00:00+05:30,674.8863525390625
2021-01-04 00:00:00+05:30,670.600341796875
2021-01-05 00:00:00+05:30,675.667724609375
2021-01-06 00:00:00+05:30,672.7551879882812
2021-01-07 00:00:00+05:30,670.71875
2021-01-08 00:00:00+05:30,678.0120849609375
2021-01-11 00:00:00+05:30,687.3890380859375
2021-01-12 00:00:00+05:30,701.383544921875
2021-01-13 00:00:00+05:30,696.4819946289062
2021-01-14 00:00:00+05:30,695.5821533203125
2021-01-15 00:00:00+05:30,694.587646484375
2021-01-18 00:00:00+05:30,702.3779907226562
2021-01-19 00:00:00+05:30,712.205078125
2021-01-20 00:00:00+05:30,706.5930786132812
2021-01-21 00:00:00+05:30,698.4473266601562
2021-01-22 00:00:00+05:30,683.647705078125
2021-01-25 00:00:00+05:30,692.7879028320312
2021-01-27 00:00:00+05:30,667.5693969726562
2021-01-28 00:00:00+05:30,649.501953125
2021-01-29 00:00:00+05:30,658.5238037109375
2021-02-01 00:00:00+05:30,699.3707885742188
2021-02-02 00:00:00+05:30,739.0575561523438
2021-02-03 00:00:00+05:30,745.8060913085938
2021-02-04 00:00:00+05:30,747.8424682617188
2021-02-05 00:00:00+05:30,756.6039428710938
2021-02-08 00:00:00+05:30,760.226806640625
2021-02-09 00:00:00+05:30,763.3525390625
2021-02-10 00:00:00+05:30,749.0975341796875
2021-02-11 00:00:00+05:30,744.6458740234375
2021-02-12 00:00:00+05:30,749.1922607421875
2021-02-15 00:00:00+05:30,765.6019897460938
2021-02-16 00:00:00+05:30,770.3616943359375
2021-02-17 00:00:00+05:30,751.3470458984375
2021-02-18 00:00:00+05:30,736.0975952148438
2021-02-19 00:00:00+05:30,728.8989868164062
2021-02-22 00:00:00+05:30,733.1139526367188
2021-02-23 00:00:00+05:30,724.1868896484375
2021-02-24 00:00:00+05:30,760.795166015625
2021-02-25 00:00:00+05:30,760.771484375
2021-02-26 00:00:00+05:30,726.673095703125
2021-03-01 00:00:00+05:30,738.276123046875
2021-03-02 00:00:00+05:30,742.6802978515625
2021-03-03 00:00:00+05:30,751.5128173828125
2021-03-04 00:00:00+05:30,735.031982421875
2021-03-05 00:00:00+05:30,724.58935546875
2021-03-08 00:00:00+05:30,719.6166381835938
2021-03-09 00:00:00+05:30,739.98095703125
2021-03-10 00:00:00+05:30,736.7843017578125
2021-03-12 00:00:00+05:30,734.984619140625
2021-03-15 00:00:00+05:30,723.9500122070312
2021-03-16 00:00:00+05:30,716.1358642578125
2021-03-17 00:00:00+05:30,708.1795654296875
2021-03-18 00:00:00+05:30,706.119384765625
2021-03-19 00:00:00+05:30,709.1978149414062
2021-03-22 00:00:00+05:30,695.7716064453125
2021-03-23 00:00:00+05:30,710.4526977539062
2021-03-24 00:00:00+05:30,700.3417358398438
2021-03-25 00:00:00+05:30,693.024658203125
2021-03-26 00:00:00+05:30,706.2615966796875
2021-03-30 00:00:00+05:30,735.8133544921875
2021-03-31 00:00:00+05:30,707.3744506835938
2021-04-01 00:00:00+05:30,704.106689453125
2021-04-05 00:00:00+05:30,686.512939453125
2021-04-06 00:00:00+05:30,682.0848388671875
2021-04-07 00:00:00+05:30,685.3762817382812
2021-04-08 00:00:00+05:30,678.5567016601562
2021-04-09 00:00:00+05:30,673.3234252929688
2021-04-12 00:00:00+05:30,647.4182739257812
2021-04-13 00:00:00+05:30,663.1886596679688
2021-04-15 00:00:00+05:30,677.2779541015625
2021-04-16 00:00:00+05:30,676.5912475585938
2021-04-19 00:00:00+05:30,668.8954467773438
2021-04-20 00:00:00+05:30,658.9500122070312
2021-04-22 00:00:00+05:30,673.6787109375
2021-04-23 00:00:00+05:30,669.7241821289062
2021-04-26 00:00:00+05:30,665.2962036132812
2021-04-27 00:00:00+05:30,681.350830078125
2021-04-28 00:00:00+05:30,699.3944702148438
2021-04-29 00:00:00+05:30,697.3580322265625
2021-04-30 00:00:00+05:30,668.84814453125
2021-05-03 00:00:00+05:30,669.8662719726562
2021-05-04 00:00:00+05:30,657.505615234375
2021-05-05 00:00:00+05:30,664.2542724609375
2021-05-06 00:00:00+05:30,663.4491577148438
2021-05-07 00:00:00+05:30,670.00830078125
2021-05-10 00:00:00+05:30,672.4237060546875
2021-05-11 00:00:00+05:30,664.7042846679688
2021-05-12 00:00:00+05:30,662.7862548828125
2021-05-14 00:00:00+05:30,656.7952880859375
2021-05-17 00:00:00+05:30,682.0848388671875
2021-05-18 00:00:00+05:30,699.3471069335938
2021-05-19 00:00:00+05:30,690.585693359375
2021-05-20 00:00:00+05:30,678.5567016601562
2021-05-21 00:00:00+05:30,709.10302734375
2021-05-24 00:00:00+05:30,715.0938720703125
2021-05-25 00:00:00+05:30,700.4126586914062
2021-05-26 00:00:00+05:30,699.512939453125
2021-05-27 00:00:00+05:30,702.1649780273438
2021-05-28 00:00:00+05:30,712.0156860351562
2021-05-31 00:00:00+05:30,717.8881225585938
2021-06-01 00:00:00+05:30,715.9226684570312
2021-06-02 00:00:00+05:30,712.2760620117188
2021-06-03 00:00:00+05:30,720.1139526367188
2021-06-04 00:00:00+05:30,710.8316040039062
2021-06-07 00:00:00+05:30,710.3106689453125
2021-06-08 00:00:00+05:30,702.3544921875
2021-06-09 00:00:00+05:30,701.0520629882812
2021-06-10 00:00:00+05:30,701.4072875976562
2021-06-11 00:00:00+05:30,703.917236328125
2021-06-14 00:00:00+05:30,700.6494750976562
2021-06-15 00:00:00+05:30,705.7642822265625
2021-06-16 00:00:00+05:30,703.0885009765625
2021-06-17 00:00:00+05:30,694.3270874023438
2021-06-18 00:00:00+05:30,700.8153076171875
2021-06-21 00:00:00+05:30,705.0301513671875
2021-06-22 00:00:00+05:30,702.7095947265625
2021-06-23 00:00:00+05:30,703.5147705078125
2021-06-24 00:00:00+05:30,713.3417358398438
2021-06-25 00:00:00+05:30,717.5328979492188
2021-06-28 00:00:00+05:30,714.336181640625
2021-06-29 00:00:00+05:30,714.4313354492188
2021-06-30 00:00:00+05:30,712.4573974609375
2021-07-01 00:00:00+05:30,707.154052734375
2021-07-02 00:00:00+05:30,704.1337890625
2021-07-05 00:00:00+05:30,711.2921142578125
2021-07-06 00:00:00+05:30,729.9608154296875
2021-07-07 00:00:00+05:30,732.2439575195312
2021-07-08 00:00:00+05:30,723.1830444335938
2021-07-09 00:00:00+05:30,714.4075317382812
2021-07-12 00:00:00+05:30,707.2730102539062
2021-07-13 00:00:00+05:30,714.336181640625
2021-07-14 00:00:00+05:30,713.052001953125
2021-07-15 00:00:00+05:30,723.302001953125
2021-07-16 00:00:00+05:30,724.0867309570312
2021-07-19 00:00:00+05:30,699.6627807617188
2021-07-20 00:00:00+05:30,686.4161987304688
2021-07-22 00:00:00+05:30,689.0560302734375
2021-07-23 00:00:00+05:30,686.22607421875
2021-07-26 00:00:00+05:30,682.3257446289062
2021-07-27 00:00:00+05:30,684.799072265625
2021-07-28 00:00:00+05:30,674.1210327148438
2021-07-29 00:00:00+05:30,674.5728759765625
2021-07-30 00:00:00+05:30,678.4730834960938
2021-08-02 00:00:00+05:30,676.6657104492188
2021-08-03 00:00:00+05:30,682.3970947265625
2021-08-04 00:00:00+05:30,696.95166015625
2021-08-05 00:00:00+05:30,706.2503662109375
2021-08-06 00:00:00+05:30,709.9603271484375
2021-08-09 00:00:00+05:30,715.3112182617188
2021-08-10 00:00:00+05:30,717.094970703125
2021-08-11 00:00:00+05:30,711.0542602539062
2021-08-12 00:00:00+05:30,714.1221313476562
2021-08-13 00:00:00+05:30,725.9180297851562
2021-08-16 00:00:00+05:30,728.0107421875
2021-08-17 00:00:00+05:30,720.42431640625
2021-08-18 00:00:00+05:30,719.6395874023438
2021-08-20 00:00:00+05:30,720.471923828125
2021-08-23 00:00:00+05:30,725.1568603515625
2021-08-24 00:00:00+05:30,741.447509765625
2021-08-25 00:00:00+05:30,740.7578125
2021-08-26 00:00:00+05:30,739.5211791992188
2021-08-27 00:00:00+05:30,736.5008544921875
2021-08-30 00:00:00+05:30,745.9185180664062
2021-08-31 00:00:00+05:30,752.1731567382812
2021-09-01 00:00:00+05:30,751.0791625976562
2021-09-02 00:00:00+05:30,755.7880249023438
2021-09-03 00:00:00+05:30,749.6286010742188
2021-09-06 00:00:00+05:30,744.7056274414062
2021-09-07 00:00:00+05:30,746.3941650390625
2021-09-08 00:00:00+05:30,749.794921875
2021-09-09 00:00:00+05:30,746.0850219726562
2021-09-13 00:00:00+05:30,739.8779296875
2021-09-14 00:00:00+05:30,736.5484619140625
2021-09-15 00:00:00+05:30,735.716064453125
2021-09-16 00:00:00+05:30,741.9706420898438
2021-09-17 00:00:00+05:30,752.5299072265625
2021-09-20 00:00:00+05:30,741.923095703125
2021-09-21 00:00:00+05:30,738.1655883789062
2021-09-22 00:00:00+05:30,729.4851684570312
2021-09-23 00:00:00+05:30,746.7509155273438
2021-09-24 00:00:00+05:30,761.7572631835938
2021-09-27 00:00:00+05:30,772.95849609375
2021-09-28 00:00:00+05:30,768.1783447265625
2021-09-29 00:00:00+05:30,758.0948486328125
2021-09-30 00:00:00+05:30,758.6180419921875
2021-10-01 00:00:00+05:30,752.7914428710938
2021-10-04 00:00:00+05:30,754.2421875
2021-10-05 00:00:00+05:30,758.8558349609375
2021-10-06 00:00:00+05:30,768.1070556640625
2021-10-07 00:00:00+05:30,766.0142211914062
2021-10-08 00:00:00+05:30,762.2803955078125
2021-10-11 00:00:00+05:30,777.0965576171875
2021-10-12 00:00:00+05:30,775.098876953125
2021-10-13 00:00:00+05:30,779.7601928710938
2021-10-14 00:00:00+05:30,802.5907592773438
2021-10-18 00:00:00+05:30,794.4573364257812
2021-10-19 00:00:00+05:30,803.2090454101562
2021-10-20 00:00:00+05:30,796.1458129882812
2021-10-21 00:00:00+05:30,797.3112182617188
2021-10-22 00:00:00+05:30,799.427734375
2021-10-25 00:00:00+05:30,788.1312866210938
2021-10-26 00:00:00+05:30,786.1099243164062
2021-10-27 00:00:00+05:30,781.3773803710938
2021-10-28 00:00:00+05:30,757.9759521484375
2021-10-29 00:00:00+05:30,752.86279296875
2021-11-01 00:00:00+05:30,763.5409545898438
2021-11-02 00:00:00+05:30,764.2305297851562
2021-11-03 00:00:00+05:30,752.1968383789062
2021-11-04 00:00:00+05:30,758.1423950195312
2021-11-08 00:00:00+05:30,761.138916015625
2021-11-09 00:00:00+05:30,747.8211059570312
2021-11-10 00:00:00+05:30,739.7352294921875
2021-11-11 00:00:00+05:30,736.4295043945312
2021-11-12 00:00:00+05:30,738.6651000976562
2021-11-15 00:00:00+05:30,740.6865234375
2021-11-16 00:00:00+05:30,736.286865234375
2021-11-17 00:00:00+05:30,728.1058959960938
2021-11-18 00:00:00+05:30,732.1963500976562
2021-11-22 00:00:00+05:30,720.7572021484375
2021-11-23 00:00:00+05:30,720.8524780273438
2021-11-24 00:00:00+05:30,722.0415649414062
2021-11-25 00:00:00+05:30,725.799072265625
2021-11-26 00:00:00+05:30,708.65234375
2021-11-29 00:00:00+05:30,714.0508422851562
2021-11-30 00:00:00+05:30,710.388427734375
2021-12-01 00:00:00+05:30,715.6680297851562
2021-12-02 00:00:00+05:30,725.7039794921875
2021-12-03 00:00:00+05:30,719.9011840820312
2021-12-06 00:00:00+05:30,715.2637329101562
2021-12-07 00:00:00+05:30,725.6800537109375
2021-12-08 00:00:00+05:30,739.0455932617188
2021-12-09 00:00:00+05:30,726.2271118164062
2021-12-10 00:00:00+05:30,724.1820068359375
2021-12-13 00:00:00+05:30,718.7597045898438
2021-12-14 00:00:00+05:30,714.62158203125
2021-12-15 00:00:00+05:30,713.456298828125
2021-12-16 00:00:00+05:30,713.5037841796875
2021-12-17 00:00:00+05:30,700.6378784179688
2021-12-20 00:00:00+05:30,678.0925903320312
2021-12-21 00:00:00+05:30,685.774169921875
2021-12-22 00:00:00+05:30,687.3912963867188
2021-12-23 00:00:00+05:30,686.8681030273438
2021-12-24 00:00:00+05:30,684.3948974609375
2021-12-27 00:00:00+05:30,690.054931640625
2021-12-28 00:00:00+05:30,694.8112182617188
2021-12-29 00:00:00+05:30,691.5056762695312
2021-12-30 00:00:00+05:30,695.1442260742188
2021-12-31 00:00:00+05:30,703.6580810546875
2022-01-03 00:00:00+05:30,722.8025512695312
2022-01-04 00:00:00+05:30,727.0357055664062
2022-01-05 00:00:00+05:30,744.3013305664062
2022-01-06 00:00:00+05:30,732.36279296875
2022-01-07 00:00:00+05:30,737.499755859375
2022-01-10 00:00:00+05:30,741.5902709960938
2022-01-11 00:00:00+05:30,744.80078125
2022-01-12 00:00:00+05:30,740.401123046875
2022-01-13 00:00:00+05:30,726.7741088867188
2022-01-14 00:00:00+05:30,734.9312744140625
2022-01-17 00:00:00+05:30,723.6824340820312
2022-01-18 00:00:00+05:30,727.36865234375
2022-01-19 00:00:00+05:30,722.2317504882812
2022-01-20 00:00:00+05:30,717.7369384765625
2022-01-21 00:00:00+05:30,723.7300415039062
2022-01-24 00:00:00+05:30,707.1065673828125
2022-01-25 00:00:00+05:30,707.7724609375
2022-01-27 00:00:00+05:30,701.54150390625
2022-01-28 00:00:00+05:30,695.9766235351562
2022-01-31 00:00:00+05:30,706.6546020507812
2022-02-01 00:00:00+05:30,712.0293579101562
2022-02-02 00:00:00+05:30,728.2960815429688
2022-02-03 00:00:00+05:30,720.7572021484375
2022-02-04 00:00:00+05:30,724.87158203125
2022-02-07 00:00:00+05:30,698.3071899414062
2022-02-08 00:00:00+05:30,695.3107299804688
2022-02-09 00:00:00+05:30,712.314697265625
2022-02-10 00:00:00+05:30,725.394775390625
2022-02-11 00:00:00+05:30,722.4219970703125
2022-02-14 00:00:00+05:30,700.947021484375
2022-02-15 00:00:00+05:30,721.9226684570312
2022-02-16 00:00:00+05:30,720.947509765625
2022-02-17 00:00:00+05:30,716.5479125976562
2022-02-18 00:00:00+05:30,719.330322265625
2022-02-21 00:00:00+05:30,723.9678344726562
2022-02-22 00:00:00+05:30,718.5455322265625
2022-02-23 00:00:00+05:30,713.8843383789062
2022-02-24 00:00:00+05:30,675.119873046875
2022-02-25 00:00:00+05:30,692.5757446289062
2022-02-28 00:00:00+05:30,678.3779907226562
2022-03-02 00:00:00+05:30,653.6448364257812
2022-03-03 00:00:00+05:30,652.0990600585938
2022-03-04 00:00:00+05:30,649.9586791992188
2022-03-07 00:00:00+05:30,630.1246337890625
2022-03-08 00:00:00+05:30,631.5514526367188
2022-03-09 00:00:00+05:30,652.17041015625
2022-03-10 00:00:00+05:30,662.4202880859375
2022-03-11 00:00:00+05:30,664.3704833984375
2022-03-14 00:00:00+05:30,686.130859375
2022-03-15 00:00:00+05:30,677.3078002929688
2022-03-16 00:00:00+05:30,688.79443359375
2022-03-17 00:00:00+05:30,703.9673461914062
2022-03-21 00:00:00+05:30,707.03515625
2022-03-22 00:00:00+05:30,710.673828125
2022-03-23 00:00:00+05:30,703.5867309570312
2022-03-24 00:00:00+05:30,686.178466796875
2022-03-25 00:00:00+05:30,680.5897216796875
2022-03-28 00:00:00+05:30,681.4934692382812
2022-03-29 00:00:00+05:30,690.5305786132812
2022-03-30 00:00:00+05:30,702.4927978515625
2022-03-31 00:00:00+05:30,699.3535766601562
2022-04-01 00:00:00+05:30,716.3101806640625
2022-04-04 00:00:00+05:30,788.0362548828125
2022-04-05 00:00:00+05:30,764.9440307617188
2022-04-06 00:00:00+05:30,737.6423950195312
2022-04-07 00:00:00+05:30,721.4231567382812
2022-04-08 00:00:00+05:30,720.42431640625
2022-04-11 00:00:00+05:30,711.6250610351562
2022-04-12 00:00:00+05:30,710.3645629882812
2022-04-13 00:00:00+05:30,696.78515625
2022-04-18 00:00:00+05:30,663.7283325195312
2022-04-19 00:00:00+05:30,638.400634765625
2022-04-20 00:00:00+05:30,644.1558837890625
2022-04-21 00:00:00+05:30,653.6924438476562
2022-04-22 00:00:00+05:30,644.774169921875
2022-04-25 00:00:00+05:30,649.6018676757812
2022-04-26 00:00:00+05:30,652.5984497070312
2022-04-27 00:00:00+05:30,652.8363037109375
2022-04-28 00:00:00+05:30,652.2655029296875
2022-04-29 00:00:00+05:30,658.5676879882812
2022-05-02 00:00:00+05:30,667.65234375
2022-05-04 00:00:00+05:30,644.9644165039062
2022-05-05 00:00:00+05:30,643.5137329101562
2022-05-06 00:00:00+05:30,626.699951171875
2022-05-09 00:00:00+05:30,627.7700805664062
2022-05-10 00:00:00+05:30,637.8536376953125
2022-05-11 00:00:00+05:30,641.4447021484375
2022-05-12 00:00:00+05:30,626.9856567382812
2022-05-13 00:00:00+05:30,621.35595703125
2022-05-16 00:00:00+05:30,627.9719848632812
2022-05-17 00:00:00+05:30,632.2544555664062
2022-05-18 00:00:00+05:30,632.2063598632812
2022-05-19 00:00:00+05:30,619.2869873046875
2022-05-20 00:00:00+05:30,635.5985107421875
2022-05-23 00:00:00+05:30,627.4427490234375
2022-05-24 00:00:00+05:30,634.63623046875
2022-05-25 00:00:00+05:30,639.3756713867188
2022-05-26 00:00:00+05:30,657.6119384765625
2022-05-27 00:00:00+05:30,669.8095703125
2022-05-30 00:00:00+05:30,674.3806762695312
2022-05-31 00:00:00+05:30,668.3179321289062
2022-06-01 00:00:00+05:30,671.1568603515625
2022-06-02 00:00:00+05:30,666.4654541015625
2022-06-03 00:00:00+05:30,664.1558837890625
2022-06-06 00:00:00+05:30,663.265625
2022-06-07 00:00:00+05:30,655.63916015625
2022-06-08 00:00:00+05:30,657.9487915039062
2022-06-09 00:00:00+05:30,662.90478515625
2022-06-10 00:00:00+05:30,650.105712890625
2022-06-13 00:00:00+05:30,638.3170776367188
2022-06-14 00:00:00+05:30,631.2921142578125
2022-06-15 00:00:00+05:30,629.1027221679688
2022-06-16 00:00:00+05:30,616.520263671875
2022-06-17 00:00:00+05:30,620.5860595703125
2022-06-20 00:00:00+05:30,636.1759643554688
2022-06-21 00:00:00+05:30,643.104736328125
2022-06-22 00:00:00+05:30,640.0734252929688
2022-06-23 00:00:00+05:30,642.43115234375
2022-06-24 00:00:00+05:30,651.4049682617188
2022-06-27 00:00:00+05:30,652.5838012695312
2022-06-28 00:00:00+05:30,647.6036987304688
2022-06-29 00:00:00+05:30,646.6653442382812
2022-06-30 00:00:00+05:30,648.6141967773438
2022-07-01 00:00:00+05:30,651.380859375
2022-07-04 00:00:00+05:30,652.2951049804688
2022-07-05 00:00:00+05:30,650.8275146484375
2022-07-06 00:00:00+05:30,659.80126953125
2022-07-07 00:00:00+05:30,671.6139526367188
2022-07-08 00:00:00+05:30,672.2394409179688
2022-07-11 00:00:00+05:30,676.5940551757812
2022-07-12 00:00:00+05:30,669.6893310546875
2022-07-13 00:00:00+05:30,653.3535766601562
2022-07-14 00:00:00+05:30,650.081787109375
2022-07-15 00:00:00+05:30,655.3745727539062
2022-07-18 00:00:00+05:30,648.3976440429688
2022-07-19 00:00:00+05:30,648.6382446289062
2022-07-20 00:00:00+05:30,656.8179931640625
2022-07-21 00:00:00+05:30,654.7490234375
2022-07-22 00:00:00+05:30,670.026123046875
2022-07-25 00:00:00+05:30,671.9988403320312
2022-07-26 00:00:00+05:30,670.6275634765625
2022-07-27 00:00:00+05:30,675.751953125
2022-07-28 00:00:00+05:30,681.7425537109375
2022-07-29 00:00:00+05:30,690.0907592773438
2022-08-01 00:00:00+05:30,695.8407592773438
2022-08-02 00:00:00+05:30,688.190185546875
2022-08-03 00:00:00+05:30,689.8020629882812
2022-08-04 00:00:00+05:30,688.9840698242188
2022-08-05 00:00:00+05:30,686.6505126953125
2022-08-08 00:00:00+05:30,703.4913330078125
2022-08-10 00:00:00+05:30,705.5363159179688
2022-08-11 00:00:00+05:30,714.870849609375
2022-08-12 00:00:00+05:30,714.6062622070312
2022-08-16 00:00:00+05:30,722.7861328125
2022-08-17 00:00:00+05:30,726.5151977539062
2022-08-18 00:00:00+05:30,727.3812255859375
2022-08-19 00:00:00+05:30,718.4075927734375
2022-08-22 00:00:00+05:30,707.4849243164062
2022-08-23 00:00:00+05:30,705.2957763671875
2022-08-24 00:00:00+05:30,708.6879272460938
2022-08-25 00:00:00+05:30,704.8385620117188
2022-08-26 00:00:00+05:30,704.9588623046875
2022-08-29 00:00:00+05:30,692.5928955078125
2022-08-30 00:00:00+05:30,715.0633544921875
2022-09-01 00:00:00+05:30,708.3511352539062
2022-09-02 00:00:00+05:30,714.774658203125
2022-09-05 00:00:00+05:30,719.369873046875
2022-09-06 00:00:00+05:30,716.627197265625
2022-09-07 00:00:00+05:30,713.2349853515625
2022-09-08 00:00:00+05:30,720.5968017578125
2022-09-09 00:00:00+05:30,721.0779418945312
2022-09-12 00:00:00+05:30,718.6480712890625
2022-09-13 00:00:00+05:30,728.054931640625
2022-09-14 00:00:00+05:30,735.537109375
2022-09-15 00:00:00+05:30,731.7118530273438
2022-09-16 00:00:00+05:30,718.26318359375
2022-09-19 00:00:00+05:30,723.0027465820312
2022-09-20 00:00:00+05:30,731.7118530273438
2022-09-21 00:00:00+05:30,730.5810546875
2022-09-22 00:00:00+05:30,715.0152587890625
2022-09-23 00:00:00+05:30,695.8407592773438
2022-09-26 00:00:00+05:30,686.4580078125
2022-09-27 00:00:00+05:30,680.299072265625
2022-09-28 00:00:00+05:30,668.6066284179688
2022-09-29 00:00:00+05:30,665.1422119140625
2022-09-30 00:00:00+05:30,683.9078369140625
2022-10-03 00:00:00+05:30,679.9862670898438
2022-10-04 00:00:00+05:30,699.1367797851562
2022-10-06 00:00:00+05:30,691.4381103515625
2022-10-07 00:00:00+05:30,688.4547729492188
2022-10-10 00:00:00+05:30,680.8523559570312
2022-10-11 00:00:00+05:30,673.9476318359375
2022-10-12 00:00:00+05:30,678.350341796875
2022-10-13 00:00:00+05:30,670.5553588867188
2022-10-14 00:00:00+05:30,692.400390625
2022-10-17 00:00:00+05:30,696.0332641601562
2022-10-18 00:00:00+05:30,694.7340087890625
2022-10-19 00:00:00+05:30,701.8554077148438
2022-10-20 00:00:00+05:30,697.1159057617188
2022-10-21 00:00:00+05:30,692.2078857421875
2022-10-24 00:00:00+05:30,703.0101928710938
2022-10-25 00:00:00+05:30,698.1262817382812
2022-10-27 00:00:00+05:30,699.8103637695312
2022-10-28 00:00:00+05:30,701.8793334960938
2022-10-31 00:00:00+05:30,720.1637573242188
2022-11-01 00:00:00+05:30,728.127197265625
2022-11-02 00:00:00+05:30,728.5841674804688
2022-11-03 00:00:00+05:30,725.3844604492188
2022-11-04 00:00:00+05:30,720.3803100585938
2022-11-07 00:00:00+05:30,725.9859619140625
2022-11-09 00:00:00+05:30,725.7694091796875
2022-11-10 00:00:00+05:30,733.6605224609375
2022-11-11 00:00:00+05:30,775.2334594726562
2022-11-14 00:00:00+05:30,777.1099853515625
2022-11-15 00:00:00+05:30,779.0106201171875
2022-11-16 00:00:00+05:30,785.6987915039062
2022-11-17 00:00:00+05:30,778.6015625
2022-11-18 00:00:00+05:30,776.556640625
2022-11-21 00:00:00+05:30,768.5933227539062
2022-11-22 00:00:00+05:30,767.4625854492188
2022-11-23 00:00:00+05:30,769.4594116210938
2022-11-24 00:00:00+05:30,781.9697265625
2022-11-25 00:00:00+05:30,778.361083984375
2022-11-28 00:00:00+05:30,769.9887084960938
2022-11-29 00:00:00+05:30,768.8338623046875
2022-11-30 00:00:00+05:30,773.9342651367188
2022-12-01 00:00:00+05:30,779.2511596679688
2022-12-02 00:00:00+05:30,773.2847290039062
2022-12-05 00:00:00+05:30,776.0995483398438
2022-12-06 00:00:00+05:30,775.2334594726562
2022-12-07 00:00:00+05:30,774.8966064453125
2022-12-08 00:00:00+05:30,779.2511596679688
2022-12-09 00:00:00+05:30,784.8087158203125
2022-12-12 00:00:00+05:30,790.9195556640625
2022-12-13 00:00:00+05:30,793.1088256835938
2022-12-14 00:00:00+05:30,799.8211059570312
2022-12-15 00:00:00+05:30,785.1696166992188
2022-12-16 00:00:00+05:30,788.9466552734375
2022-12-19 00:00:00+05:30,791.4006958007812
2022-12-20 00:00:00+05:30,785.939453125
2022-12-21 00:00:00+05:30,778.3369750976562
2022-12-22 00:00:00+05:30,775.66650390625
2022-12-23 00:00:00+05:30,768.7376708984375
2022-12-26 00:00:00+05:30,784.0387573242188
2022-12-27 00:00:00+05:30,784.832763671875
2022-12-28 00:00:00+05:30,784.2072143554688
2022-12-29 00:00:00+05:30,789.7406616210938
2022-12-30 00:00:00+05:30,783.413330078125
2023-01-02 00:00:00+05:30,783.6779174804688
2023-01-03 00:00:00+05:30,788.8023071289062
2023-01-04 00:00:00+05:30,774.7042236328125
2023-01-05 00:00:00+05:30,769.7240600585938
2023-01-06 00:00:00+05:30,767.1738891601562
2023-01-09 00:00:00+05:30,768.6654663085938
2023-01-10 00:00:00+05:30,754.6153564453125
2023-01-11 00:00:00+05:30,765.48974609375
2023-01-12 00:00:00+05:30,769.5797729492188
2023-01-13 00:00:00+05:30,770.1812133789062
2023-01-16 00:00:00+05:30,762.7952270507812
2023-01-17 00:00:00+05:30,774.1508178710938
2023-01-18 00:00:00+05:30,787.8159790039062
2023-01-19 00:00:00+05:30,791.087890625
2023-01-20 00:00:00+05:30,799.1954956054688
2023-01-23 00:00:00+05:30,805.0418090820312
2023-01-24 00:00:00+05:30,815.8198852539062
2023-01-25 00:00:00+05:30,793.2772216796875
2023-01-27 00:00:00+05:30,777.470947265625
2023-01-30 00:00:00+05:30,776.6769409179688
2023-01-31 00:00:00+05:30,771.552490234375
2023-02-01 00:00:00+05:30,783.1245727539062
2023-02-02 00:00:00+05:30,771.4802856445312
2023-02-03 00:00:00+05:30,798.1610717773438
2023-02-06 00:00:00+05:30,794.7688598632812
2023-02-07 00:00:00+05:30,795.9476928710938
2023-02-08 00:00:00+05:30,795.8515014648438
2023-02-09 00:00:00+05:30,794.19140625
2023-02-10 00:00:00+05:30,797.3431396484375
2023-02-13 00:00:00+05:30,797.9445190429688
2023-02-14 00:00:00+05:30,805.3304443359375
2023-02-15 00:00:00+05:30,803.6945190429688
2023-02-16 00:00:00+05:30,800.7833862304688
2023-02-17 00:00:00+05:30,796.765625
2023-02-20 00:00:00+05:30,789.283447265625
2023-02-21 00:00:00+05:30,792.2427368164062
2023-02-22 00:00:00+05:30,776.700927734375
2023-02-23 00:00:00+05:30,771.4321899414062
2023-02-24 00:00:00+05:30,764.551513671875
2023-02-27 00:00:00+05:30,766.4521484375
2023-02-28 00:00:00+05:30,769.6759033203125
2023-03-01 00:00:00+05:30,768.9301147460938
2023-03-02 00:00:00+05:30,762.3861694335938
2023-03-03 00:00:00+05:30,777.5189819335938
2023-03-06 00:00:00+05:30,783.0043334960938
2023-03-08 00:00:00+05:30,784.568115234375
2023-03-09 00:00:00+05:30,784.6402587890625
2023-03-10 00:00:00+05:30,764.4071655273438
2023-03-13 00:00:00+05:30,754.7357177734375
2023-03-14 00:00:00+05:30,752.7147216796875
2023-03-15 00:00:00+05:30,741.9126586914062
2023-03-16 00:00:00+05:30,746.7242431640625
2023-03-17 00:00:00+05:30,756.7084350585938
2023-03-20 00:00:00+05:30,751.4637451171875
2023-03-21 00:00:00+05:30,759.9804077148438
2023-03-22 00:00:00+05:30,758.2241821289062
2023-03-23 00:00:00+05:30,752.1373901367188
2023-03-24 00:00:00+05:30,750.9345092773438
2023-03-27 00:00:00+05:30,754.206298828125
2023-03-28 00:00:00+05:30,760.3412475585938
2023-03-29 00:00:00+05:30,763.9981689453125
2023-03-31 00:00:00+05:30,774.4635620117188
2023-04-03 00:00:00+05:30,774.9447021484375
2023-04-05 00:00:00+05:30,795.7311401367188
2023-04-06 00:00:00+05:30,801.7938842773438
2023-04-10 00:00:00+05:30,797.9926147460938
2023-04-11 00:00:00+05:30,800.3263549804688
2023-04-12 00:00:00+05:30,810.7195434570312
2023-04-13 00:00:00+05:30,814.3523559570312
2023-04-17 00:00:00+05:30,801.9382934570312
2023-04-18 00:00:00+05:30,798.5460815429688
2023-04-19 00:00:00+05:30,801.4810791015625
2023-04-20 00:00:00+05:30,804.46435546875
2023-04-21 00:00:00+05:30,805.7634887695312
2023-04-24 00:00:00+05:30,812.2833251953125
2023-04-25 00:00:00+05:30,800.7352905273438
2023-04-26 00:00:00+05:30,804.416259765625
2023-04-27 00:00:00+05:30,808.843017578125
2023-04-28 00:00:00+05:30,812.0186767578125
2023-05-02 00:00:00+05:30,811.8502807617188
2023-05-03 00:00:00+05:30,814.6891479492188
2023-05-04 00:00:00+05:30,831.3616943359375
2023-05-05 00:00:00+05:30,782.2103881835938
2023-05-08 00:00:00+05:30,791.25634765625
2023-05-09 00:00:00+05:30,791.2803344726562
2023-05-10 00:00:00+05:30,794.937255859375
2023-05-11 00:00:00+05:30,795.4664916992188
2023-05-12 00:00:00+05:30,802.4916381835938
2023-05-15 00:00:00+05:30,806.3409423828125
2023-05-16 00:00:00+05:30,801.7174682617188
2023-05-17 00:00:00+05:30,797.4102172851562
2023-05-18 00:00:00+05:30,800.5980224609375
2023-05-19 00:00:00+05:30,801.5227661132812
2023-05-22 00:00:00+05:30,798.6755981445312
2023-05-23 00:00:00+05:30,796.8018798828125
2023-05-24 00:00:00+05:30,786.3868408203125
2023-05-25 00:00:00+05:30,783.3693237304688
2023-05-26 00:00:00+05:30,786.3868408203125
2023-05-29 00:00:00+05:30,795.9744873046875
2023-05-30 00:00:00+05:30,796.5828857421875
2023-05-31 00:00:00+05:30,783.9777221679688
2023-06-01 00:00:00+05:30,780.6439208984375
2023-06-02 00:00:00+05:30,781.8606567382812
2023-06-05 00:00:00+05:30,780.838623046875
2023-06-06 00:00:00+05:30,778.4052124023438
2023-06-07 00:00:00+05:30,782.4446411132812
2023-06-08 00:00:00+05:30,782.9312744140625
2023-06-09 00:00:00+05:30,783.8560791015625
2023-06-12 00:00:00+05:30,779.0865478515625
2023-06-13 00:00:00+05:30,780.4005126953125
2023-06-14 00:00:00+05:30,779.548828125
2023-06-15 00:00:00+05:30,769.961181640625
2023-06-16 00:00:00+05:30,780.0355224609375
2023-06-19 00:00:00+05:30,780.7169799804688
2023-06-20 00:00:00+05:30,782.3473510742188
2023-06-21 00:00:00+05:30,796.023193359375
2023-06-22 00:00:00+05:30,799.9166870117188
2023-06-23 00:00:00+05:30,799.8680419921875
2023-06-26 00:00:00+05:30,795.9988403320312
2023-06-27 00:00:00+05:30,807.2169799804688
2023-06-28 00:00:00+05:30,815.7583618164062
2023-06-30 00:00:00+05:30,828.047119140625
2023-07-03 00:00:00+05:30,837.002197265625
2023-07-04 00:00:00+05:30,841.0902709960938
2023-07-05 00:00:00+05:30,814.3712158203125
2023-07-06 00:00:00+05:30,815.1986694335938
2023-07-07 00:00:00+05:30,808.093017578125
2023-07-10 00:00:00+05:30,806.1705932617188
2023-07-11 00:00:00+05:30,802.2527465820312
2023-07-12 00:00:00+05:30,794.7334594726562
2023-07-13 00:00:00+05:30,798.699951171875
2023-07-14 00:00:00+05:30,800.354736328125
2023-07-17 00:00:00+05:30,817.0966796875
2023-07-18 00:00:00+05:30,816.4153442382812
2023-07-19 00:00:00+05:30,820.1141357421875
2023-07-20 00:00:00+05:30,821.8905639648438
2023-07-21 00:00:00+05:30,815.5636596679688
2023-07-24 00:00:00+05:30,816.8533325195312
2023-07-25 00:00:00+05:30,825.7109985351562
2023-07-26 00:00:00+05:30,822.8395385742188
2023-07-27 00:00:00+05:30,814.2982177734375
2023-07-28 00:00:00+05:30,799.8680419921875
2023-07-31 00:00:00+05:30,803.615478515625
2023-08-01 00:00:00+05:30,808.993408203125
2023-08-02 00:00:00+05:30,798.407958984375
2023-08-03 00:00:00+05:30,792.6407470703125
2023-08-04 00:00:00+05:30,804.1021728515625
2023-08-07 00:00:00+05:30,803.6398315429688
2023-08-08 00:00:00+05:30,802.9828491210938
2023-08-09 00:00:00+05:30,803.2747802734375
2023-08-10 00:00:00+05:30,796.1448364257812
2023-08-11 00:00:00+05:30,787.846923828125
2023-08-14 00:00:00+05:30,784.0021362304688
2023-08-16 00:00:00+05:30,781.714599609375
2023-08-17 00:00:00+05:30,777.3831787109375
2023-08-18 00:00:00+05:30,774.1953125
2023-08-21 00:00:00+05:30,773.5869750976562
2023-08-22 00:00:00+05:30,770.2774658203125
2023-08-23 00:00:00+05:30,772.1755981445312
2023-08-24 00:00:00+05:30,768.622802734375
2023-08-25 00:00:00+05:30,759.9597778320312
2023-08-28 00:00:00+05:30,767.868408203125
2023-08-29 00:00:00+05:30,773.976318359375
2023-08-30 00:00:00+05:30,768.3307495117188
2023-08-31 00:00:00+05:30,764.80224609375
2023-09-01 00:00:00+05:30,766.384033203125
2023-09-04 00:00:00+05:30,771.1779174804688
2023-09-05 00:00:00+05:30,766.4813842773438
2023-09-06 00:00:00+05:30,776.507080078125
2023-09-07 00:00:00+05:30,783.9777221679688
2023-09-08 00:00:00+05:30,790.0856323242188
2023-09-11 00:00:00+05:30,794.173828125
2023-09-12 00:00:00+05:30,796.6558837890625
2023-09-13 00:00:00+05:30,800.062744140625
2023-09-14 00:00:00+05:30,799.5760498046875
2023-09-15 00:00:00+05:30,808.7500610351562
2023-09-18 00:00:00+05:30,792.8353881835938
2023-09-20 00:00:00+05:30,761.0304565429688
2023-09-21 00:00:00+05:30,755.9933471679688
2023-09-22 00:00:00+05:30,744.4588623046875
2023-09-25 00:00:00+05:30,745.1158447265625
2023-09-26 00:00:00+05:30,748.352294921875
2023-09-27 00:00:00+05:30,743.0960693359375
2023-09-28 00:00:00+05:30,741.5630493164062
2023-09-29 00:00:00+05:30,742.8284301757812
2023-10-03 00:00:00+05:30,733.9464111328125
2023-10-04 00:00:00+05:30,744.41015625
2023-10-05 00:00:00+05:30,747.4276123046875
2023-10-06 00:00:00+05:30,746.600341796875
2023-10-09 00:00:00+05:30,737.937255859375
2023-10-10 00:00:00+05:30,742.1227416992188
2023-10-11 00:00:00+05:30,749.3013305664062
2023-10-12 00:00:00+05:30,754.2898559570312
2023-10-13 00:00:00+05:30,747.4276123046875
2023-10-16 00:00:00+05:30,744.4345092773438
2023-10-17 00:00:00+05:30,750.080078125
2023-10-18 00:00:00+05:30,739.640625
2023-10-19 00:00:00+05:30,737.3045654296875
2023-10-20 00:00:00+05:30,741.1250610351562
2023-10-23 00:00:00+05:30,732.9730834960938
2023-10-25 00:00:00+05:30,728.3252563476562
2023-10-26 00:00:00+05:30,712.2159423828125
2023-10-27 00:00:00+05:30,715.0143432617188
2023-10-30 00:00:00+05:30,722.7769775390625
2023-10-31 00:00:00+05:30,718.591552734375
2023-11-01 00:00:00+05:30,717.6181640625
2023-11-02 00:00:00+05:30,718.7131958007812
2023-11-03 00:00:00+05:30,722.1199951171875
2023-11-06 00:00:00+05:30,727.351806640625
2023-11-07 00:00:00+05:30,723.8233032226562
2023-11-08 00:00:00+05:30,725.9161376953125
2023-11-09 00:00:00+05:30,723.044677734375
2023-11-10 00:00:00+05:30,725.8917846679688
2023-11-13 00:00:00+05:30,724.5776977539062
2023-11-15 00:00:00+05:30,732.1700439453125
2023-11-16 00:00:00+05:30,734.0924682617188
2023-11-17 00:00:00+05:30,732.5107421875
2023-11-20 00:00:00+05:30,732.5593872070312
2023-11-21 00:00:00+05:30,738.7645874023438
2023-11-22 00:00:00+05:30,736.136474609375
2023-11-23 00:00:00+05:30,740.3950805664062
2023-11-24 00:00:00+05:30,745.6511840820312
2023-11-28 00:00:00+05:30,743.9722290039062
2023-11-29 00:00:00+05:30,758.8160400390625
2023-11-30 00:00:00+05:30,758.6456909179688
2023-12-01 00:00:00+05:30,756.9910278320312
2023-12-04 00:00:00+05:30,783.2720336914062
2023-12-05 00:00:00+05:30,790.2316284179688
2023-12-06 00:00:00+05:30,792.22705078125
2023-12-07 00:00:00+05:30,793.5167236328125
2023-12-08 00:00:00+05:30,804.5888671875
2023-12-11 00:00:00+05:30,803.5181274414062
2023-12-12 00:00:00+05:30,795.5364379882812
2023-12-13 00:00:00+05:30,793.7357788085938
2023-12-14 00:00:00+05:30,803.1044921875
2023-12-15 00:00:00+05:30,806.2192993164062
2023-12-18 00:00:00+05:30,805.8056030273438
2023-12-19 00:00:00+05:30,804.44287109375
2023-12-20 00:00:00+05:30,806.4382934570312
2023-12-21 00:00:00+05:30,820.8927612304688
2023-12-22 00:00:00+05:30,813.1788940429688
2023-12-26 00:00:00+05:30,818.824462890625
2023-12-27 00:00:00+05:30,828.9718627929688
2023-12-28 00:00:00+05:30,829.9208374023438
2023-12-29 00:00:00+05:30,831.8676147460938
2024-01-01 00:00:00+05:30,826.4409790039062
2024-01-02 00:00:00+05:30,826.9276733398438
2024-01-03 00:00:00+05:30,814.176513671875
2024-01-04 00:00:00+05:30,822.91259765625
2024-01-05 00:00:00+05:30,818.7027587890625
2024-01-08 00:00:00+05:30,809.5773315429688
2024-01-09 00:00:00+05:30,803.2747802734375
2024-01-10 00:00:00+05:30,805.92724609375
2024-01-11 00:00:00+05:30,802.5447998046875
2024-01-12 00:00:00+05:30,798.7485961914062
2024-01-15 00:00:00+05:30,814.1278686523438
2024-01-16 00:00:00+05:30,817.2183837890625
2024-01-17 00:00:00+05:30,748.279296875
2024-01-18 00:00:00+05:30,723.2880249023438
2024-01-19 00:00:00+05:30,715.744384765625
2024-01-23 00:00:00+05:30,694.6708984375
2024-01-24 00:00:00+05:30,708.5657348632812
2024-01-25 00:00:00+05:30,698.3453979492188
2024-01-29 00:00:00+05:30,707.9573974609375
2024-01-30 00:00:00+05:30,702.920166015625
2024-01-31 00:00:00+05:30,711.8021850585938
2024-02-01 00:00:00+05:30,713.651611328125
2024-02-02 00:00:00+05:30,703.8206176757812
2024-02-05 00:00:00+05:30,703.1879272460938
2024-02-06 00:00:00+05:30,702.8228149414062
2024-02-07 00:00:00+05:30,695.9362182617188
2024-02-08 00:00:00+05:30,682.844482421875
2024-02-09 00:00:00+05:30,683.112060546875
2024-02-12 00:00:00+05:30,676.4931640625
2024-02-13 00:00:00+05:30,678.658935546875
2024-02-14 00:00:00+05:30,673.597412109375
2024-02-15 00:00:00+05:30,688.197998046875
2024-02-16 00:00:00+05:30,691.0451049804688
2024-02-19 00:00:00+05:30,689.6823120117188
2024-02-20 00:00:00+05:30,707.787109375
2024-02-21 00:00:00+05:30,700.413818359375
2024-02-22 00:00:00+05:30,690.8748168945312
2024-02-23 00:00:00+05:30,691.3857421875
2024-02-26 00:00:00+05:30,692.213134765625
2024-02-27 00:00:00+05:30,691.1668090820312
2024-02-28 00:00:00+05:30,685.9348754882812
2024-02-29 00:00:00+05:30,683.0147705078125
2024-03-01 00:00:00+05:30,696.3256225585938
2024-03-04 00:00:00+05:30,697.274658203125
2024-03-05 00:00:00+05:30,701.2411499023438
2024-03-06 00:00:00+05:30,702.0928344726562
2024-03-07 00:00:00+05:30,703.7962646484375
2024-03-11 00:00:00+05:30,694.889892578125
2024-03-12 00:00:00+05:30,710.3421630859375
2024-03-13 00:00:00+05:30,710.755859375
2024-03-14 00:00:00+05:30,708.3467407226562
2024-03-15 00:00:00+05:30,706.9840698242188
2024-03-18 00:00:00+05:30,703.7719116210938
2024-03-19 00:00:00+05:30,705.3779296875
2024-03-20 00:00:00+05:30,696.4716186523438
2024-03-21 00:00:00+05:30,703.6259155273438
2024-03-22 00:00:00+05:30,702.2144775390625
2024-03-26 00:00:00+05:30,693.7218017578125
2024-03-27 00:00:00+05:30,701.1681518554688
2024-03-28 00:00:00+05:30,704.6723022460938
2024-04-01 00:00:00+05:30,715.67138671875
2024-04-02 00:00:00+05:30,720.367919921875
2024-04-03 00:00:00+05:30,721.414306640625
2024-04-04 00:00:00+05:30,743.461181640625
2024-04-05 00:00:00+05:30,754.1439208984375
2024-04-08 00:00:00+05:30,752.7081909179688
2024-04-09 00:00:00+05:30,753.6572265625
2024-04-10 00:00:00+05:30,747.7196044921875
2024-04-12 00:00:00+05:30,739.2512817382812
2024-04-15 00:00:00+05:30,727.4490966796875
2024-04-16 00:00:00+05:30,734.530517578125
2024-04-18 00:00:00+05:30,727.4490966796875
2024-04-19 00:00:00+05:30,745.2619018554688
2024-04-22 00:00:00+05:30,735.9661254882812
2024-04-23 00:00:00+05:30,733.7274169921875
2024-04-24 00:00:00+05:30,735.7227783203125
2024-04-25 00:00:00+05:30,735.260498046875
2024-04-26 00:00:00+05:30,734.7981567382812
2024-04-29 00:00:00+05:30,744.3858642578125
2024-04-30 00:00:00+05:30,739.8109130859375
2024-05-02 00:00:00+05:30,745.7241821289062
2024-05-03 00:00:00+05:30,739.5675659179688
2024-05-06 00:00:00+05:30,741.0520629882812
2024-05-07 00:00:00+05:30,733.021728515625
2024-05-08 00:00:00+05:30,721.5845947265625
2024-05-09 00:00:00+05:30,704.4776000976562
2024-05-10 00:00:00+05:30,709.361572265625
2024-05-13 00:00:00+05:30,717.9208984375
2024-05-14 00:00:00+05:30,720.7328491210938
2024-05-15 00:00:00+05:30,709.6575927734375
2024-05-16 00:00:00+05:30,720.3875122070312
2024-05-17 00:00:00+05:30,722.286865234375
2024-05-21 00:00:00+05:30,719.6721801757812
2024-05-22 00:00:00+05:30,719.8695068359375
2024-05-23 00:00:00+05:30,736.3468017578125
2024-05-24 00:00:00+05:30,748.4827880859375
2024-05-27 00:00:00+05:30,753.6627807617188
2024-05-28 00:00:00+05:30,755.0440673828125
2024-05-29 00:00:00+05:30,744.0921630859375
2024-05-30 00:00:00+05:30,747.3234252929688
2024-05-31 00:00:00+05:30,755.5620727539062
2024-06-03 00:00:00+05:30,775.615966796875
2024-06-04 00:00:00+05:30,731.6848754882812
2024-06-05 00:00:00+05:30,765.5520629882812
2024-06-06 00:00:00+05:30,769.4493408203125
2024-06-07 00:00:00+05:30,776.1832885742188
2024-06-10 00:00:00+05:30,770.23876953125
2024-06-11 00:00:00+05:30,771.9653930664062
2024-06-12 00:00:00+05:30,776.5780029296875
2024-06-13 00:00:00+05:30,779.8340454101562
2024-06-14 00:00:00+05:30,787.8013305664062
2024-06-18 00:00:00+05:30,793.1785888671875
2024-06-19 00:00:00+05:30,817.869873046875
2024-06-20 00:00:00+05:30,823.5431518554688
2024-06-21 00:00:00+05:30,821.7672119140625
2024-06-24 00:00:00+05:30,825.0478515625
2024-06-25 00:00:00+05:30,844.2631225585938
2024-06-26 00:00:00+05:30,839.40380859375
2024-06-27 00:00:00+05:30,836.7644653320312
2024-06-28 00:00:00+05:30,830.671875
2024-07-01 00:00:00+05:30,841.2290649414062
2024-07-02 00:00:00+05:30,853.7597045898438
2024-07-03 00:00:00+05:30,872.531005859375
2024-07-04 00:00:00+05:30,852.0578002929688
2024-07-05 00:00:00+05:30,813.0598754882812
2024-07-08 00:00:00+05:30,806.7698974609375
2024-07-09 00:00:00+05:30,807.3372192382812
2024-07-10 00:00:00+05:30,802.20654296875
2024-07-11 00:00:00+05:30,800.1346435546875
2024-07-12 00:00:00+05:30,800.5292358398438
2024-07-15 00:00:00+05:30,800.2332763671875
2024-07-16 00:00:00+05:30,799.0739135742188
2024-07-18 00:00:00+05:30,796.6320190429688
2024-07-19 00:00:00+05:30,792.9319458007812
2024-07-22 00:00:00+05:30,810.3218994140625
2024-07-23 00:00:00+05:30,798.407958984375
2024-07-24 00:00:00+05:30,791.3286743164062
2024-07-25 00:00:00+05:30,797.5198974609375
2024-07-26 00:00:00+05:30,798.2846069335938
2024-07-29 00:00:00+05:30,791.822021484375
2024-07-30 00:00:00+05:30,797.0020141601562
2024-07-31 00:00:00+05:30,797.1006469726562
2024-08-01 00:00:00+05:30,808.471923828125
2024-08-02 00:00:00+05:30,818.51123046875
2024-08-05 00:00:00+05:30,797.1006469726562
2024-08-06 00:00:00+05:30,789.922607421875
2024-08-07 00:00:00+05:30,800.9239501953125
2024-08-08 00:00:00+05:30,810.3958740234375
2024-08-09 00:00:00+05:30,814.0958862304688
2024-08-12 00:00:00+05:30,818.9797973632812
2024-08-13 00:00:00+05:30,790.9093017578125
2024-08-14 00:00:00+05:30,793.1785888671875
2024-08-16 00:00:00+05:30,805.1665649414062
2024-08-19 00:00:00+05:30,804.895263671875
2024-08-20 00:00:00+05:30,807.92919921875
2024-08-21 00:00:00+05:30,802.05859375
2024-08-22 00:00:00+05:30,804.77197265625
2024-08-23 00:00:00+05:30,801.6885986328125
2024-08-26 00:00:00+05:30,809.0392456054688
2024-08-27 00:00:00+05:30,807.9539184570312
2024-08-28 00:00:00+05:30,807.6332397460938
2024-08-29 00:00:00+05:30,808.3485717773438
2024-08-30 00:00:00+05:30,807.5346069335938
2024-09-02 00:00:00+05:30,802.6258544921875
2024-09-03 00:00:00+05:30,807.7565307617188
2024-09-04 00:00:00+05:30,809.9519653320312
2024-09-05 00:00:00+05:30,811.7525024414062
2024-09-06 00:00:00+05:30,807.5592041015625
2024-09-09 00:00:00+05:30,812.2705688476562
2024-09-10 00:00:00+05:30,814.169921875
2024-09-11 00:00:00+05:30,810.9879150390625
2024-09-12 00:00:00+05:30,822.1865234375
2024-09-13 00:00:00+05:30,821.8658447265625
2024-09-16 00:00:00+05:30,824.3324584960938
2024-09-17 00:00:00+05:30,823.2718505859375
2024-09-18 00:00:00+05:30,836.0985107421875
2024-09-19 00:00:00+05:30,842.8571166992188
2024-09-20 00:00:00+05:30,858.989013671875
2024-09-23 00:00:00+05:30,868.1650390625
2024-09-24 00:00:00+05:30,872.2350463867188
2024-09-25 00:00:00+05:30,877.6863403320312
2024-09-26 00:00:00+05:30,879.832275390625
2024-09-27 00:00:00+05:30,864.6377563476562
2024-09-30 00:00:00+05:30,854.47509765625
2024-10-01 00:00:00+05:30,851.5890502929688
2024-10-03 00:00:00+05:30,829.7838134765625
2024-10-04 00:00:00+05:30,817.771240234375
2024-10-07 00:00:00+05:30,798.1119384765625
2024-10-08 00:00:00+05:30,814.5151977539062
2024-10-09 00:00:00+05:30,805.6846313476562
2024-10-10 00:00:00+05:30,820.114501953125
2024-10-11 00:00:00+05:30,814.4906005859375
2024-10-14 00:00:00+05:30,832.7931518554688
2024-10-15 00:00:00+05:30,830.81982421875
2024-10-16 00:00:00+05:30,838.565185546875
2024-10-17 00:00:00+05:30,825.4178466796875
2024-10-18 00:00:00+05:30,829.7098388671875
2024-10-21 00:00:00+05:30,852.8223876953125
2024-10-22 00:00:00+05:30,845.841796875
2024-10-23 00:00:00+05:30,856.3251342773438
2024-10-24 00:00:00+05:30,863.15771484375
2024-10-25 00:00:00+05:30,860.0744018554688
2024-10-28 00:00:00+05:30,855.5357055664062
2024-10-29 00:00:00+05:30,864.2430419921875
2024-10-30 00:00:00+05:30,855.7330932617188
2024-10-31 00:00:00+05:30,856.2756958007812
2024-11-01 00:00:00+05:30,857.0651245117188
2024-11-04 00:00:00+05:30,845.6197509765625
2024-11-05 00:00:00+05:30,867.2030029296875
2024-11-06 00:00:00+05:30,865.92041015625
2024-11-07 00:00:00+05:30,861.62841796875
2024-11-08 00:00:00+05:30,865.5256958007812
2024-11-11 00:00:00+05:30,871.3717041015625
2024-11-12 00:00:00+05:30,847.6423950195312
2024-11-13 00:00:00+05:30,829.463134765625
2024-11-14 00:00:00+05:30,835.087158203125
2024-11-18 00:00:00+05:30,841.1797485351562
2024-11-19 00:00:00+05:30,859.507080078125
2024-11-21 00:00:00+05:30,858.989013671875
2024-11-22 00:00:00+05:30,861.1597290039062
2024-11-25 00:00:00+05:30,880.8929443359375
2024-11-26 00:00:00+05:30,880.8683471679688
2024-11-27 00:00:00+05:30,894.06494140625
2024-11-28 00:00:00+05:30,884.6176147460938
2024-11-29 00:00:00+05:30,886.04833984375
2024-12-02 00:00:00+05:30,890.3156127929688
2024-12-03 00:00:00+05:30,900.9715576171875
2024-12-04 00:00:00+05:30,917.6461791992188
2024-12-05 00:00:00+05:30,920.4335327148438
2024-12-06 00:00:00+05:30,915.5494995117188
2024-12-09 00:00:00+05:30,922.5301513671875
2024-12-10 00:00:00+05:30,921.5928344726562
2024-12-11 00:00:00+05:30,919.1261596679688
2024-12-12 00:00:00+05:30,917.2268676757812
2024-12-13 00:00:00+05:30,923.3934936523438
2024-12-16 00:00:00+05:30,920.1621704101562
2024-12-17 00:00:00+05:30,904.4002685546875
2024-12-18 00:00:00+05:30,893.2755737304688
2024-12-19 00:00:00+05:30,884.790283203125
2024-12-20 00:00:00+05:30,873.93701171875
2024-12-23 00:00:00+05:30,888.4902954101562
2024-12-24 00:00:00+05:30,887.0596313476562
2024-12-26 00:00:00+05:30,883.4336547851562
2024-12-27 00:00:00+05:30,887.1336669921875
2024-12-30 00:00:00+05:30,877.0943603515625
2024-12-31 00:00:00+05:30,874.60302734375
2025-01-01 00:00:00+05:30,879.4869384765625
2025-01-02 00:00:00+05:30,884.9136352539062
2025-01-03 00:00:00+05:30,862.9356689453125
2025-01-06 00:00:00+05:30,843.8438110351562
2025-01-07 00:00:00+05:30,845.2744140625
2025-01-08 00:00:00+05:30,835.8518676757812
2025-01-09 00:00:00+05:30,822.778564453125
2025-01-10 00:00:00+05:30,817.3272094726562
2025-01-13 00:00:00+05:30,804.5499267578125
2025-01-14 00:00:00+05:30,812.3198852539062
2025-01-15 00:00:00+05:30,810.5685424804688
2025-01-16 00:00:00+05:30,815.008544921875
2025-01-17 00:00:00+05:30,807.4605712890625
2025-01-20 00:00:00+05:30,814.6138305664062
2025-01-21 00:00:00+05:30,810.2478637695312
2025-01-22 00:00:00+05:30,821.9152221679688
2025-01-23 00:00:00+05:30,821.347900390625
2025-01-24 00:00:00+05:30,813.8986206054688
2025-01-27 00:00:00+05:30,804.0319213867188
2025-01-28 00:00:00+05:30,824.0611572265625
2025-01-29 00:00:00+05:30,827.4651489257812
2025-01-30 00:00:00+05:30,834.470458984375
2025-01-31 00:00:00+05:30,838.047119140625
2025-02-01 00:00:00+05:30,834.1990966796875
2025-02-03 00:00:00+05:30,827.8104858398438
2025-02-04 00:00:00+05:30,848.9744873046875
2025-02-05 00:00:00+05:30,857.311767578125
2025-02-06 00:00:00+05:30,860.29638671875
2025-02-07 00:00:00+05:30,854.8203735351562
2025-02-10 00:00:00+05:30,846.4337768554688
2025-02-11 00:00:00+05:30,839.3544921875
2025-02-12 00:00:00+05:30,842.0184936523438
2025-02-13 00:00:00+05:30,837.5291137695312
2025-02-14 00:00:00+05:30,836.1231079101562
2025-02-17 00:00:00+05:30,847.2230834960938
2025-02-18 00:00:00+05:30,850.0350952148438
2025-02-19 00:00:00+05:30,852.0823974609375
2025-02-20 00:00:00+05:30,832.2998046875
2025-02-21 00:00:00+05:30,834.9638061523438
2025-02-24 00:00:00+05:30,827.3665161132812
2025-02-25 00:00:00+05:30,829.9564819335938
2025-02-27 00:00:00+05:30,839.0090942382812
2025-02-28 00:00:00+05:30,854.6477661132812
2025-03-03 00:00:00+05:30,839.4285278320312
2025-03-04 00:00:00+05:30,843.5971069335938
2025-03-05 00:00:00+05:30,833.73046875
2025-03-06 00:00:00+05:30,834.3224487304688
2025-03-07 00:00:00+05:30,833.3604736328125
2025-03-10 00:00:00+05:30,832.4971313476562
2025-03-11 00:00:00+05:30,831.510498046875
2025-03-12 00:00:00+05:30,844.1644897460938
2025-03-13 00:00:00+05:30,841.9197387695312
2025-03-17 00:00:00+05:30,843.7944946289062
2025-03-18 00:00:00+05:30,843.7944946289062
2025-03-19 00:00:00+05:30,860.4197387695312
2025-03-20 00:00:00+05:30,872.580322265625
2025-03-21 00:00:00+05:30,873.3696899414062
2025-03-24 00:00:00+05:30,887.9969482421875
2025-03-25 00:00:00+05:30,898.5789184570312
2025-03-26 00:00:00+05:30,891.2283325195312
2025-03-27 00:00:00+05:30,900.5029296875
2025-03-28 00:00:00+05:30,901.9088745117188
2025-04-01 00:00:00+05:30,872.1363525390625
2025-04-02 00:00:00+05:30,886.4676513671875
2025-04-03 00:00:00+05:30,885.456298828125
2025-04-04 00:00:00+05:30,896.5316772460938
2025-04-07 00:00:00+05:30,867.1289672851562
2025-04-08 00:00:00+05:30,872.7777099609375
2025-04-09 00:00:00+05:30,870.7303466796875
2025-04-11 00:00:00+05:30,891.3269653320312
2025-04-15 00:00:00+05:30,920.0142211914062
2025-04-16 00:00:00+05:30,926.4768676757812
2025-04-17 00:00:00+05:30,940.6354370117188
2025-04-21 00:00:00+05:30,950.6994018554688
2025-04-22 00:00:00+05:30,967.7686767578125
2025-04-23 00:00:00+05:30,949.1207275390625
2025-04-24 00:00:00+05:30,945.6181030273438
2025-04-25 00:00:00+05:30,942.8554077148438
2025-04-28 00:00:00+05:30,947.29541015625
2025-04-29 00:00:00+05:30,941.6714477539062
2025-04-30 00:00:00+05:30,949.6633911132812
2025-05-02 00:00:00+05:30,948.1341552734375
2025-05-05 00:00:00+05:30,955.4847412109375
2025-05-06 00:00:00+05:30,952.9686889648438
2025-05-07 00:00:00+05:30,959.8260498046875
2025-05-08 00:00:00+05:30,951.3900756835938
2025-05-09 00:00:00+05:30,932.248779296875
2025-05-12 00:00:00+05:30,965.5487060546875
2025-05-13 00:00:00+05:30,948.4793701171875
2025-05-14 00:00:00+05:30,942.5594482421875
2025-05-15 00:00:00+05:30,954.0047607421875
2025-05-16 00:00:00+05:30,954.44873046875
2025-05-19 00:00:00+05:30,956.4220581054688
2025-05-20 00:00:00+05:30,944.6807861328125
2025-05-21 00:00:00+05:30,950.5514526367188
2025-05-22 00:00:00+05:30,947.1474609375
2025-05-23 00:00:00+05:30,953.9060668945312
2025-05-26 00:00:00+05:30,957.1619873046875
2025-05-27 00:00:00+05:30,950.3047485351562
2025-05-28 00:00:00+05:30,948.9234008789062
2025-05-29 00:00:00+05:30,950.896728515625
2025-05-30 00:00:00+05:30,959.480712890625
2025-06-02 00:00:00+05:30,953.166015625
2025-06-03 00:00:00+05:30,949.466064453125
2025-06-04 00:00:00+05:30,957.6553344726562
2025-06-05 00:00:00+05:30,961.79931640625
2025-06-06 00:00:00+05:30,976.1552734375
2025-06-09 00:00:00+05:30,976.2540283203125
2025-06-10 00:00:00+05:30,969.5447387695312
2025-06-11 00:00:00+05:30,962.1940307617188
2025-06-12 00:00:00+05:30,958.74072265625
2025-06-13 00:00:00+05:30,946.0127563476562
2025-06-16 00:00:00+05:30,954.7940673828125
2025-06-17 00:00:00+05:30,951.9327392578125
2025-06-18 00:00:00+05:30,954.0540771484375
2025-06-19 00:00:00+05:30,954.7447509765625
2025-06-20 00:00:00+05:30,969.2486572265625
2025-06-23 00:00:00+05:30,961.2073974609375
2025-06-24 00:00:00+05:30,967.3740234375
2025-06-25 00:00:00+05:30,976.8953247070312
2025-06-26 00:00:00+05:30,997.4179077148438
2025-06-27 00:00:00+05:30,1004.9491577148438
2025-06-30 00:00:00+05:30,998.2658081054688
2025-07-01 00:00:00+05:30,1003.5526123046875
2025-07-02 00:00:00+05:30,990.5350341796875
2025-07-03 00:00:00+05:30,991.0836181640625
2025-07-04 00:00:00+05:30,992.1809692382812
2025-07-07 00:00:00+05:30,991.2332763671875
2025-07-08 00:00:00+05:30,998.2159423828125
2025-07-09 00:00:00+05:30,1003.1036987304688
2025-07-10 00:00:00+05:30,1000.6099243164062
2025-07-11 00:00:00+05:30,989.3878784179688
2025-07-14 00:00:00+05:30,989.0387573242188
2025-07-15 00:00:00+05:30,995.2732543945312
2025-07-16 00:00:00+05:30,995.6722412109375
2025-07-17 00:00:00+05:30,990.98388671875
2025-07-18 00:00:00+05:30,976.2705078125
2025-07-21 00:00:00+05:30,997.7670288085938
2025-07-22 00:00:00+05:30,1001.058837890625
2025-07-23 00:00:00+05:30,1009.6375122070312
2025-07-24 00:00:00+05:30,1004.5999755859375
2025-07-25 00:00:00+05:30,1002.2999877929688
2025-07-28 00:00:00+05:30,1004.25
2025-07-29 00:00:00+05:30,1010.7999877929688
2025-07-30 00:00:00+05:30,1012.9000244140625
2025-07-31 00:00:00+05:30,1009.0999755859375
2025-08-01 00:00:00+05:30,1006.0999755859375
2025-08-04 00:00:00+05:30,996.0
2025-08-05 00:00:00+05:30,988.7999877929688
2025-08-06 00:00:00+05:30,992.6500244140625
2025-08-07 00:00:00+05:30,997.7000122070312
2025-08-08 00:00:00+05:30,986.9500122070312
2025-08-11 00:00:00+05:30,997.7999877929688
2025-08-12 00:00:00+05:30,984.9500122070312
2025-08-13 00:00:00+05:30,990.1500244140625
2025-08-14 00:00:00+05:30,995.5499877929688
2025-08-18 00:00:00+05:30,1001.7999877929688
2025-08-19 00:00:00+05:30,995.5499877929688
2025-08-20 00:00:00+05:30,994.0999755859375
2025-08-21 00:00:00+05:30,995.5999755859375
2025-08-22 00:00:00+05:30,982.2999877929688
2025-08-25 00:00:00+05:30,982.0499877929688
2025-08-26 00:00:00+05:30,973.4000244140625
2025-08-28 00:00:00+05:30,957.7999877929688
2025-08-29 00:00:00+05:30,951.5999755859375
2025-09-01 00:00:00+05:30,950.5999755859375
2025-09-02 00:00:00+05:30,944.5
2025-09-03 00:00:00+05:30,954.4500122070312
2025-09-04 00:00:00+05:30,961.25
2025-09-05 00:00:00+05:30,963.4000244140625
2025-09-08 00:00:00+05:30,966.0
2025-09-09 00:00:00+05:30,965.1500244140625
2025-09-10 00:00:00+05:30,965.9000244140625
2025-09-11 00:00:00+05:30,967.7999877929688
2025-09-12 00:00:00+05:30,967.2999877929688
2025-09-15 00:00:00+05:30,967.0499877929688
2025-09-16 00:00:00+05:30,966.8499755859375
2025-09-17 00:00:00+05:30,966.5
2025-09-18 00:00:00+05:30,976.9000244140625
2025-09-19 00:00:00+05:30,966.9000244140625
2025-09-22 00:00:00+05:30,964.2000122070312
2025-09-23 00:00:00+05:30,957.2000122070312
2025-09-24 00:00:00+05:30,951.0499877929688
2025-09-25 00:00:00+05:30,949.8499755859375
2025-09-26 00:00:00+05:30,945.0499877929688
2025-09-29 00:00:00+05:30,950.2999877929688
2025-09-30 00:00:00+05:30,951.0
2025-10-01 00:00:00+05:30,965.25
2025-10-03 00:00:00+05:30,965.1500244140625
2025-10-06 00:00:00+05:30,973.4500122070312
2025-10-07 00:00:00+05:30,982.5
2025-10-08 00:00:00+05:30,978.7000122070312
2025-10-09 00:00:00+05:30,977.0999755859375
2025-10-10 00:00:00+05:30,980.9000244140625
2025-10-13 00:00:00+05:30,977.0
2025-10-14 00:00:00+05:30,977.1500244140625
2025-10-15 00:00:00+05:30,978.25
2025-10-16 00:00:00+05:30,994.3499755859375
2025-10-17 00:00:00+05:30,1002.5499877929688
2025-10-20 00:00:00+05:30,1002.9500122070312
2025-10-21 00:00:00+05:30,1007.7000122070312
2025-10-23 00:00:00+05:30,1008.7999877929688
2025-10-24 00:00:00+05:30,994.75
2025-10-27 00:00:00+05:30,1002.9500122070312
2025-10-28 00:00:00+05:30,1003.5499877929688
2025-10-29 00:00:00+05:30,1007.8499755859375
2025-10-30 00:00:00+05:30,998.1500244140625
2025-10-31 00:00:00+05:30,987.2999877929688
2025-11-03 00:00:00+05:30,992.6500244140625
2025-11-04 00:00:00+05:30,985.25
2025-11-05 00:00:00+05:30,985.25
2025-11-06 00:00:00+05:30,984.6500244140625
2025-11-07 00:00:00+05:30,982.2999877929688
2025-11-10 00:00:00+05:30,984.5
2025-11-11 00:00:00+05:30,991.7000122070312
2025-11-12 00:00:00+05:30,989.5
2025-11-13 00:00:00+05:30,986.6500244140625
2025-11-14 00:00:00+05:30,989.5999755859375
2025-11-17 00:00:00+05:30,996.5499877929688
2025-11-18 00:00:00+05:30,992.4500122070312
2025-11-19 00:00:00+05:30,994.5999755859375
2025-11-20 00:00:00+05:30,1008.8499755859375
2025-11-21 00:00:00+05:30,998.0499877929688
2025-11-24 00:00:00+05:30,999.1500244140625
2025-11-25 00:00:00+05:30,989.7999877929688
2025-11-26 00:00:00+05:30,1003.9000244140625
2025-11-27 00:00:00+05:30,1009.5
2025-11-28 00:00:00+05:30,1007.5999755859375
2025-12-01 00:00:00+05:30,1002.0999755859375
2025-12-02 00:00:00+05:30,989.7999877929688
2025-12-03 00:00:00+05:30,1000.5
2025-12-04 00:00:00+05:30,997.2000122070312
2025-12-05 00:00:00+05:30,1003.2999877929688
2025-12-08 00:00:00+05:30,1003.0999755859375
2025-12-09 00:00:00+05:30,997.0999755859375
2025-12-10 00:00:00+05:30,989.7999877929688
2025-12-11 00:00:00+05:30,1000.2999877929688
2025-12-12 00:00:00+05:30,1001.5
2025-12-15 00:00:00+05:30,996.0999755859375
2025-12-16 00:00:00+05:30,994.2999877929688
2025-12-17 00:00:00+05:30,984.0
2025-12-18 00:00:00+05:30,979.7000122070312
2025-12-19 00:00:00+05:30,985.5
2025-12-22 00:00:00+05:30,987.7000122070312
2025-12-23 00:00:00+05:30,996.5999755859375
2025-12-24 00:00:00+05:30,997.2000122070312
2025-12-25 00:00:00+05:30,997.2000122070312
2025-12-26 00:00:00+05:30,992.0999755859375
2025-12-29 00:00:00+05:30,991.7000122070312
2025-12-30 00:00:00+05:30,990.9000244140625
