Date,Open,High,Low,Close,Volume,Dividends,Stock Splits
2010-01-04 00:00:00+05:30,74.69409381028326,75.94632100590606,74.36676007398087,74.94454193115234,6100980,0.0,0.0
2010-01-05 00:00:00+05:30,75.1334696691349,75.79253519254836,74.9137811613304,75.01044464111328,16773200,0.0,0.0
2010-01-06 00:00:00+05:30,75.3092088443553,75.57283770413716,74.17122411820579,75.06096649169922,13279680,0.0,0.0
2010-01-07 00:00:00+05:30,77.69941192712463,77.69941192712463,74.76437735726418,75.25647735595703,12247960,0.0,0.0
2010-01-08 00:00:00+05:30,75.2213256065554,75.72221501548421,74.73801502845754,75.35533905029297,14171800,0.0,0.0
2010-01-11 00:00:00+05:30,76.83164766993217,76.83164766993217,74.80392076685295,75.05216979980469,27533220,0.0,0.0
2010-01-12 00:00:00+05:30,75.04558679202394,75.21254547937875,73.7538174451671,74.48318481445312,9814100,0.0,0.0
2010-01-13 00:00:00+05:30,74.03281771539231,74.46560428323659,73.1804253519743,74.22394561767578,20693500,0.0,0.0
2010-01-14 00:00:00+05:30,75.13345762627694,75.30042301084168,73.37594984554532,73.98229217529297,20345280,0.0,0.0
2010-01-15 00:00:00+05:30,74.62377877894825,74.65014032296801,73.41989023964508,74.43704223632812,23163460,0.0,0.0
2010-01-18 00:00:00+05:30,74.25470661086963,78.12122521905327,73.90760176065456,77.62252807617188,47002920,0.0,0.0
2010-01-19 00:00:00+05:30,77.55002812996214,78.59574736855453,77.01837909484688,78.17394256591797,33328440,0.0,0.0
2010-01-20 00:00:00+05:30,78.4287881110217,78.6484765931254,76.58340620222268,77.15898895263672,27304220,0.0,0.0
2010-01-21 00:00:00+05:30,77.3698805568861,77.3698805568861,74.9181565285234,75.20594787597656,25046940,0.0,0.0
2010-01-22 00:00:00+05:30,74.5183341631149,74.69408226316648,72.67294559077197,73.68791198730469,18947400,0.0,0.0
2010-01-25 00:00:00+05:30,72.93657540160126,73.7230572105313,71.67556567107732,72.79158020019531,12057580,0.0,0.0
2010-01-27 00:00:00+05:30,72.98488670378735,72.98488670378735,69.72471137591468,70.1772689819336,24215580,0.0,0.0
2010-01-28 00:00:00+05:30,70.73969621098378,71.13513282482877,69.28096136916095,70.00373840332031,34864460,0.0,0.0
2010-01-29 00:00:00+05:30,69.42156366644654,71.92601114138924,68.21327695706219,71.66458129882812,32870340,0.0,0.0
2010-02-01 00:00:00+05:30,71.5305447664441,71.5305447664441,69.64122317538846,70.289306640625,15034660,0.0,0.0
2010-02-02 00:00:00+05:30,70.6078623127534,70.95497379766343,69.07004325371365,69.38200378417969,20669400,0.0,0.0
2010-02-03 00:00:00+05:30,70.30030877715858,71.7238924434656,69.33368087234462,71.29988861083984,15455340,0.0,0.0
2010-02-04 00:00:00+05:30,71.09119226066815,71.39436343061337,69.66321716493677,71.03627014160156,17210480,0.0,0.0
2010-02-05 00:00:00+05:30,70.21244965510273,70.21244965510273,68.76250413752858,69.12938690185547,18693880,0.0,0.0
2010-02-08 00:00:00+05:30,69.64124379764904,69.81040150308321,68.05948415898685,68.8679428100586,15181200,0.0,0.0
2010-02-09 00:00:00+05:30,68.84157416202457,69.32928282241194,68.16932799559329,69.05467224121094,23947500,0.0,0.0
2010-02-10 00:00:00+05:30,69.20186443438587,71.06701730184136,68.7185471438939,70.01690673828125,27733360,0.0,0.0
2010-02-11 00:00:00+05:30,70.47606264764275,71.75025987135143,69.86093757713543,70.21244049072266,14539380,0.0,0.0
2010-02-15 00:00:00+05:30,70.16849004544834,71.16587749215519,69.53139487717706,70.90664672851562,9604980,0.0,0.0
2010-02-16 00:00:00+05:30,70.519999946807,71.29769901970292,69.86093452674339,70.58151245117188,14349700,0.0,0.0
2010-02-17 00:00:00+05:30,71.09119407238282,72.97831732707984,70.9549882863242,72.75862884521484,24796680,0.0,0.0
2010-02-18 00:00:00+05:30,73.1518642178321,74.25469784924253,72.5301421352447,73.98008728027344,20008840,0.0,0.0
2010-02-19 00:00:00+05:30,73.37594534184453,74.69407609648844,72.76521169370058,74.42605590820312,14691980,0.0,0.0
2010-02-22 00:00:00+05:30,74.73801991879701,75.55965264837705,74.25470260471462,74.54469299316406,13280340,0.0,0.0
2010-02-23 00:00:00+05:30,74.0372226370873,75.08293532550462,73.91858897129761,74.73802947998047,12945780,0.0,0.0
2010-02-24 00:00:00+05:30,74.25470965364927,75.1334636140475,74.1448654085995,74.71605682373047,11211380,0.0,0.0
2010-02-25 00:00:00+05:30,74.73800391612585,74.86981160596241,73.90318388912901,74.30081939697266,11673940,0.0,0.0
2010-02-26 00:00:00+05:30,74.25469235969463,76.22090656989765,73.81531548182662,74.90496826171875,18702060,0.0,0.0
2010-03-02 00:00:00+05:30,75.74858734821808,77.15459902316753,74.9577141615097,76.66908264160156,15429300,0.0,0.0
2010-03-03 00:00:00+05:30,76.56362708101344,78.25303186904769,76.56362708101344,78.06189727783203,22295920,0.0,0.0
2010-03-04 00:00:00+05:30,77.98940145353208,78.516652404177,77.02716494881632,78.2596206665039,27028840,0.0,0.0
2010-03-05 00:00:00+05:30,78.45296007904365,78.86817457834336,77.81367241892895,78.38485717773438,20899300,0.0,0.0
2010-03-08 00:00:00+05:30,79.52720878499859,79.52720878499859,77.8971177434104,78.39361572265625,14745920,0.0,0.0
2010-03-09 00:00:00+05:30,77.98940606391977,79.74691380620528,77.98940606391977,79.57994842529297,24795380,0.0,0.0
2010-03-10 00:00:00+05:30,79.61509589926739,79.96220741761451,76.00781517058772,79.72274780273438,29921120,0.0,0.0
2010-03-11 00:00:00+05:30,79.79086954162206,80.62568319816923,79.22406943118172,80.27198791503906,15490460,0.0,0.0
2010-03-12 00:00:00+05:30,80.27416310435785,80.4235496502725,78.4880948260234,79.14276885986328,14944880,0.0,0.0
2010-03-15 00:00:00+05:30,78.20910041883272,79.96660829341323,78.20910041883272,79.63927459716797,15025920,0.0,0.0
2010-03-16 00:00:00+05:30,79.30751963345085,79.52281669865644,77.50607190740192,79.28994750976562,20872500,0.0,0.0
2010-03-17 00:00:00+05:30,79.28996457208538,80.1775011528858,79.00436554196409,79.4261703491211,9589680,0.0,0.0
2010-03-18 00:00:00+05:30,79.6326831597719,79.6326831597719,78.67044653844158,79.12739562988281,7003940,0.0,0.0
2010-03-19 00:00:00+05:30,79.73811923036693,80.17749613750594,78.98458944366982,79.96000671386719,12679680,0.0,0.0
2010-03-22 00:00:00+05:30,79.1757314044913,81.50443076728591,78.99998329212825,80.71794891357422,30611220,0.0,0.0
2010-03-23 00:00:00+05:30,80.62568083439338,83.04225437438882,80.62568083439338,82.77862548828125,20308760,0.0,0.0
2010-03-25 00:00:00+05:30,82.60285044612637,84.79973476650207,82.17226299655321,84.63057708740234,46592800,0.0,0.0
2010-03-26 00:00:00+05:30,84.84368539699116,86.3639257761321,84.05719696072534,85.7422103881836,23105720,0.0,0.0
2010-03-29 00:00:00+05:30,71.56791654696893,87.43601849861687,71.56791654696893,86.33977508544922,26453420,0.0,0.0
2010-03-30 00:00:00+05:30,86.33756295245828,86.55286005227052,83.54312553223487,83.78258514404297,18739960,0.0,0.0
2010-03-31 00:00:00+05:30,83.48163649974833,85.36656102658675,83.3608104970854,84.95355224609375,13652160,0.0,0.0
2010-04-01 00:00:00+05:30,85.6784979686553,85.6784979686553,84.62838741557283,85.20616912841797,14818440,0.0,0.0
2010-04-05 00:00:00+05:30,86.06515996050278,86.1003109213728,84.55370216489331,85.61260223388672,14247680,0.0,0.0
2010-04-06 00:00:00+05:30,85.67849965577138,85.67849965577138,84.59762947942643,84.92716217041016,8842880,0.0,0.0
2010-04-07 00:00:00+05:30,85.23913261042706,85.58843649881766,84.6240075310651,84.87664794921875,10756100,0.0,0.0
2010-04-08 00:00:00+05:30,84.79534377324376,84.79534377324376,83.2091930189902,83.60462951660156,12477660,0.0,0.0
2010-04-09 00:00:00+05:30,83.0642318770806,85.98608655088094,83.0642318770806,85.64996337890625,12415300,0.0,0.0
2010-04-12 00:00:00+05:30,85.18201667861894,86.4649967115956,85.18201667861894,85.86305236816406,9141280,0.0,0.0
2010-04-13 00:00:00+05:30,85.67851868640722,86.24531209087526,84.84370503223288,85.75321197509766,12682600,0.0,0.0
2010-04-15 00:00:00+05:30,85.89819291278941,86.77255544859153,85.42366500675308,85.98826599121094,19094720,0.0,0.0
2010-04-16 00:00:00+05:30,85.45880175568708,86.75057083435738,84.62398837914891,86.30460357666016,10465120,0.0,0.0
2010-04-19 00:00:00+05:30,85.67848889471648,86.06514268230288,84.62398709775584,84.9798812866211,12241660,0.0,0.0
2010-04-20 00:00:00+05:30,84.75581409838026,85.98387861874853,84.75581409838026,85.43904876708984,10878640,0.0,0.0
2010-04-21 00:00:00+05:30,85.63457730221533,86.11789469910785,85.01945216468046,85.2830810546875,7889000,0.0,0.0
2010-04-22 00:00:00+05:30,85.18639390218526,86.55724765879764,83.83530459681558,84.9820785522461,13790220,0.0,0.0
2010-04-23 00:00:00+05:30,85.01944117790539,85.98826817259545,84.74043922378533,85.7575912475586,10634120,0.0,0.0
2010-04-26 00:00:00+05:30,86.01683572269573,87.73919272924799,86.01683572269573,87.41844940185547,15796560,0.0,0.0
2010-04-27 00:00:00+05:30,87.39207542031548,87.69964465847168,86.46059840243093,86.97686767578125,8968940,0.0,0.0
2010-04-28 00:00:00+05:30,86.03001529291669,87.29322412903583,86.03001529291669,86.47598266601562,11423540,0.0,0.0
2010-04-29 00:00:00+05:30,86.64074055439133,87.65570022109588,85.52252703779831,87.24927520751953,18792900,0.0,0.0
2010-04-30 00:00:00+05:30,87.7897116041794,88.31477029742378,87.12845382833046,87.8951644897461,14219220,0.0,0.0
2010-05-03 00:00:00+05:30,87.21632438320927,87.21632438320927,86.21015411984034,86.54846954345703,10014140,0.0,0.0
2010-05-04 00:00:00+05:30,87.2075363774777,87.2075363774777,84.89641600175017,85.10731506347656,9177920,0.0,0.0
2010-05-05 00:00:00+05:30,84.88762292766995,84.96231620247208,82.60725555086401,84.19999694824219,16028540,0.0,0.0
2010-05-06 00:00:00+05:30,83.70131180503783,84.18462914812343,82.4710549625694,83.28390502929688,10522460,0.0,0.0
2010-05-07 00:00:00+05:30,82.2074345887606,82.38318269676948,80.6696151784209,81.19905853271484,19571620,0.0,0.0
2010-05-10 00:00:00+05:30,81.86690364938008,85.15124882301791,80.40597672462698,84.98428344726562,12853080,0.0,0.0
2010-05-11 00:00:00+05:30,85.15125544290021,85.89819492748452,84.06379479468282,85.60381317138672,13929300,0.0,0.0
2010-05-12 00:00:00+05:30,85.63456867331642,87.0405803391968,85.63456867331642,86.7725601196289,13741640,0.0,0.0
2010-05-13 00:00:00+05:30,87.04937514757636,87.65571759513384,85.68731037548186,86.35296630859375,12744380,0.0,0.0
2010-05-14 00:00:00+05:30,86.29361134606937,86.6890545368365,85.33797205318928,85.75537872314453,9400300,0.0,0.0
2010-05-17 00:00:00+05:30,85.32701125339416,85.5379103341816,84.11872451480389,84.74922943115234,13207200,0.0,0.0
2010-05-18 00:00:00+05:30,84.27250605441166,84.58006859935537,83.05103858709191,83.29708862304688,12243120,0.0,0.0
2010-05-19 00:00:00+05:30,82.55894834109753,82.95439172465437,80.91568239865116,82.09980010986328,18180160,0.0,0.0
2010-05-20 00:00:00+05:30,82.33924542627136,82.44469831767437,80.68279899744947,81.32648468017578,6778000,0.0,0.0
2010-05-21 00:00:00+05:30,79.96661077360486,81.28474172042252,79.13618854528416,80.25440216064453,10997240,0.0,0.0
2010-05-24 00:00:00+05:30,80.6344566716735,82.05364228892789,79.57335762337512,80.16651916503906,9621820,0.0,0.0
2010-05-25 00:00:00+05:30,79.60631210686624,79.96660442180462,78.42878510600069,79.25261688232422,11068700,0.0,0.0
2010-05-26 00:00:00+05:30,79.65025486627701,81.42753386704736,79.62828467737906,80.30712127685547,14002780,0.0,0.0
2010-05-27 00:00:00+05:30,79.74692688187304,83.78919401104618,79.57117876057201,83.33224487304688,22619720,0.0,0.0
2010-05-28 00:00:00+05:30,83.33222070750335,84.096732188259,82.83352365768816,83.34100341796875,11758500,0.0,0.0
2010-05-31 00:00:00+05:30,83.30587573786359,83.42011133586867,81.94380445657315,82.9741439819336,8768220,0.0,0.0
2010-06-01 00:00:00+05:30,83.02906685158601,83.0422476243839,80.75748871315655,81.50881958007812,11365460,0.0,0.0
2010-06-02 00:00:00+05:30,81.19687374394242,81.8449508186987,80.31811971360617,81.41875457763672,18903340,0.0,0.0
2010-06-03 00:00:00+05:30,81.90425713971693,83.92099568884753,81.90425713971693,83.72766876220703,13593780,0.0,0.0
2010-06-04 00:00:00+05:30,83.74525196068004,83.9122106479164,82.60726052941416,82.85331726074219,10188700,0.0,0.0
2010-06-07 00:00:00+05:30,82.03169124604645,83.25535789984184,79.45474922177473,82.4556884765625,19238260,0.0,0.0
2010-06-08 00:00:00+05:30,82.60286313430937,83.34980257709869,81.41654675995457,81.84274291992188,11342280,0.0,0.0
2010-06-09 00:00:00+05:30,81.724106502115,83.28828725279128,81.35283247117329,82.64240264892578,11584680,0.0,0.0
2010-06-10 00:00:00+05:30,83.17305131252873,84.9882796396696,82.38151956530515,84.73180389404297,17020940,0.6,0.0
2010-06-11 00:00:00+05:30,84.95069166871559,86.22864412456276,84.95069166871559,86.06503295898438,21630760,0.0,0.0
2010-06-14 00:00:00+05:30,86.06502604049177,87.33413254154513,86.06502604049177,87.25232696533203,14977960,0.0,0.0
2010-06-15 00:00:00+05:30,87.33412476793067,87.55522381797606,86.36129029721243,86.8432846069336,9121560,0.0,0.0
2010-06-16 00:00:00+05:30,87.33414053838843,87.99743780830025,87.02680956457309,87.38056945800781,18168580,0.0,0.0
2010-06-17 00:00:00+05:30,87.68788010643556,88.3953929819001,87.02678939242134,88.26715850830078,15977200,0.0,0.0
2010-06-18 00:00:00+05:30,88.08586672255349,88.34897515141671,87.4822705894974,88.07260131835938,9802800,0.0,0.0
2010-06-21 00:00:00+05:30,88.51037959169675,88.8818244026583,88.00184769219196,88.3887710571289,14203300,0.0,0.0
2010-06-22 00:00:00+05:30,88.21852055519092,88.43961960420143,87.66355978300416,87.86697387695312,8524880,0.0,0.0
2010-06-23 00:00:00+05:30,87.7630657879397,88.6032395588282,87.3562443069636,88.38435363769531,8488080,0.0,0.0
2010-06-24 00:00:00+05:30,88.30917502532421,88.74915998888255,87.55522643246682,88.5103759765625,17653100,0.0,0.0
2010-06-25 00:00:00+05:30,87.56185386472906,88.08585751786379,85.78642881659127,86.12471008300781,14470320,0.0,0.0
2010-06-28 00:00:00+05:30,86.32149761557237,86.84770770836447,85.04575172632943,86.25959014892578,10658160,0.0,0.0
2010-06-29 00:00:00+05:30,85.79084762665151,86.17556454697689,83.8451787610293,84.21220397949219,15902320,0.0,0.0
2010-06-30 00:00:00+05:30,83.79654578853433,85.73779531289482,83.08902608027479,84.85781860351562,17535120,0.0,0.0
2010-07-01 00:00:00+05:30,84.54828652467722,85.33097915420923,83.7965510049849,84.34487915039062,11567260,0.0,0.0
2010-07-02 00:00:00+05:30,84.34487167021719,85.0501782100079,84.01542948323468,84.58586883544922,8225000,0.0,0.0
2010-07-05 00:00:00+05:30,84.0618607026765,85.30000997287466,83.92919992446743,84.68978118896484,5160540,0.0,0.0
2010-07-06 00:00:00+05:30,84.6809564052343,87.10199428079669,84.45985730234857,86.84772491455078,12496060,0.0,0.0
2010-07-07 00:00:00+05:30,87.06217246117085,87.06880516292475,85.39066414510802,85.66703796386719,7933440,0.0,0.0
2010-07-08 00:00:00+05:30,86.67083804525642,87.10640349614549,85.88593902212624,86.03849792480469,6725840,0.0,0.0
2010-07-09 00:00:00+05:30,86.4497251170304,88.96804643528199,86.23304562756816,88.56121826171875,31402360,0.0,0.0
2010-07-12 00:00:00+05:30,88.83761462049287,90.91595153360893,88.74917633103047,90.62631225585938,29738560,0.0,0.0
2010-07-13 00:00:00+05:30,90.73905309521352,91.97720918370652,90.09344761699167,91.64777374267578,12514620,0.0,0.0
2010-07-14 00:00:00+05:30,91.97721896416645,93.34360968420799,91.67873385121929,92.25580596923828,21116060,0.0,0.0
2010-07-15 00:00:00+05:30,92.4194119011308,92.4194119011308,90.87171840039416,91.2077865600586,6477460,0.0,0.0
2010-07-16 00:00:00+05:30,91.26968900383149,91.35813402550076,89.81927971423862,90.1619873046875,9427760,0.0,0.0
2010-07-19 00:00:00+05:30,90.29686834298789,91.26970300390492,89.41247196989809,90.55555725097656,17531160,0.0,0.0
2010-07-20 00:00:00+05:30,90.55552822560323,92.36190346010054,90.03152462208955,90.40296936035156,13369180,0.0,0.0
2010-07-21 00:00:00+05:30,90.65504119213523,91.30286661627339,89.54512625380934,89.90109252929688,9284700,0.0,0.0
2010-07-22 00:00:00+05:30,89.76620661731143,91.22546157190183,89.54510758623431,90.97119903564453,11149940,0.0,0.0
2010-07-23 00:00:00+05:30,91.49080203935975,91.49080203935975,89.58492893614104,90.14652252197266,13843620,0.0,0.0
2010-07-26 00:00:00+05:30,90.42951661340703,91.08396794950124,89.94972867865246,90.73463439941406,6072980,0.0,0.0
2010-07-27 00:00:00+05:30,90.79212591446309,91.88877541928461,90.42952019862709,91.39350891113281,13291820,0.0,0.0
2010-07-28 00:00:00+05:30,91.62345486387953,92.41941287930737,91.09060528615434,92.24695587158203,13142120,0.0,0.0
2010-07-29 00:00:00+05:30,92.45921268699718,93.5249118838699,92.12093136071782,92.88814544677734,22531480,0.0,0.0
2010-07-30 00:00:00+05:30,92.75989174928543,94.49772693904622,91.97719927006902,94.05110931396484,23399320,0.0,0.0
2010-08-02 00:00:00+05:30,94.18820836663207,94.84708605610419,93.805704528001,94.46900177001953,16526680,0.0,0.0
2010-08-03 00:00:00+05:30,94.6304071665734,94.8072837333419,93.38119870182348,93.8543472290039,16220960,0.0,0.0
2010-08-04 00:00:00+05:30,93.52491335759531,94.14398809929679,92.47247954929415,93.51606750488281,14734700,0.0,0.0
2010-08-05 00:00:00+05:30,91.31390459509518,94.07322307584896,91.31390459509518,92.87265014648438,14710560,0.0,0.0
2010-08-06 00:00:00+05:30,92.56311145158897,93.30379458271041,92.041320957607,92.45035552978516,10920880,0.0,0.0
2010-08-09 00:00:00+05:30,92.41941079966097,93.03406594130306,91.59470884360186,92.0656509399414,5236440,0.0,0.0
2010-08-10 00:00:00+05:30,92.21820777904692,92.95889099280785,91.52396022685217,92.64714050292969,14694540,0.0,0.0
2010-08-11 00:00:00+05:30,92.90584030498908,93.4386831741007,91.8865699915679,92.39730834960938,14670160,0.0,0.0
2010-08-12 00:00:00+05:30,91.84013307990385,92.10102836398869,90.56218072097394,91.67430877685547,9938860,0.0,0.0
2010-08-13 00:00:00+05:30,91.161355459834,92.92351528762856,91.01542926642949,92.31107330322266,10499860,0.0,0.0
2010-08-16 00:00:00+05:30,91.90645339040346,94.05111691883842,91.55269355358635,92.15408325195312,7186680,0.0,0.0
2010-08-17 00:00:00+05:30,93.21536935784218,94.45352550060375,92.02585528042722,93.79243469238281,20131820,0.0,0.0
2010-08-18 00:00:00+05:30,94.18820676185807,97.23937132419435,94.18820676185807,96.92762756347656,38844340,0.0,0.0
2010-08-19 00:00:00+05:30,96.62030436363122,99.03028314587388,96.62030436363122,98.61682891845703,20763920,0.0,0.0
2010-08-20 00:00:00+05:30,97.79432719526642,99.04353556680195,97.51353381093654,98.66767120361328,8398140,0.0,0.0
2010-08-23 00:00:00+05:30,97.85180399850815,98.52173382149832,96.531842456489,97.13323211669922,8194860,0.0,0.0
2010-08-24 00:00:00+05:30,97.13324236529374,98.16798436489718,95.51921515048917,97.66609191894531,10680280,0.0,0.0
2010-08-25 00:00:00+05:30,97.32781847358227,97.94689320344426,96.33507900840665,96.9408950805664,10591220,0.0,0.0
2010-08-26 00:00:00+05:30,96.33729279474656,97.89603863222901,95.80223004458198,96.32624053955078,20388100,0.0,0.0
2010-08-27 00:00:00+05:30,96.39920171953572,96.83918674252521,93.99585572872809,94.59281921386719,11550480,0.0,0.0
2010-08-30 00:00:00+05:30,95.5147958430984,96.29748842053135,93.59565758303627,94.26337432861328,6876460,0.0,0.0
2010-08-31 00:00:00+05:30,93.96710216206867,94.63039935380093,93.40550865046114,94.37613677978516,9390160,0.0,0.0
2010-09-01 00:00:00+05:30,94.43362030187947,95.29369892068517,93.74600543473437,95.03943634033203,9616200,0.0,0.0
2010-09-02 00:00:00+05:30,95.5059600105235,97.0602863267823,95.5059600105235,96.7286376953125,11590660,0.0,0.0
2010-09-03 00:00:00+05:30,97.01826627788391,97.28358785280929,95.87960745136103,97.01605987548828,8118160,0.0,0.0
2010-09-06 00:00:00+05:30,97.1951441492683,98.15471322072379,96.62691796893633,97.47372436523438,9546440,0.0,0.0
2010-09-07 00:00:00+05:30,97.99112863535214,97.99112863535214,96.51197504385713,97.24381256103516,8407840,0.0,0.0
2010-09-08 00:00:00+05:30,96.75295268524516,97.27916954220504,96.01448261408072,96.38150787353516,9969600,0.0,0.0
2010-09-09 00:00:00+05:30,97.06248033472883,99.49456981919812,96.53626353032212,99.26683807373047,26029580,0.0,0.0
2010-09-13 00:00:00+05:30,99.49901581763568,101.4844881899397,99.40615797300445,100.92952728271484,14595580,0.0,0.0
2010-09-14 00:00:00+05:30,101.08650384788318,103.9165694225553,101.08650384788318,103.2178955078125,32697460,0.0,0.0
2010-09-15 00:00:00+05:30,103.43014747881762,105.4200392094718,103.29969983060819,105.04196166992188,25503160,0.0,0.0
2010-09-16 00:00:00+05:30,105.053011338661,106.79084672360614,104.15313653881711,105.91971588134766,25534780,0.0,0.0
2010-09-17 00:00:00+05:30,105.91971878009986,107.27727029386125,105.5526935182107,106.15408325195312,21503140,0.0,0.0
2010-09-20 00:00:00+05:30,106.26906269052243,109.22072994506144,105.96394488731144,108.1705093383789,15095460,0.0,0.0
2010-09-21 00:00:00+05:30,108.56405476951527,110.31074268927102,108.56405476951527,109.25609588623047,32710780,0.0,0.0
2010-09-22 00:00:00+05:30,109.22293268811892,110.10732890421706,108.35180187546965,109.73809051513672,25049020,0.0,0.0
2010-09-23 00:00:00+05:30,109.29149088757745,109.7469544742244,108.47784785389831,108.95099639892578,12380340,0.0,0.0
2010-09-24 00:00:00+05:30,106.48793588980506,110.6379626042465,106.48793588980506,110.3394775390625,27910620,0.0,0.0
2010-09-27 00:00:00+05:30,110.54953354142698,111.0271083360149,107.61775775273776,107.82780456542969,16677440,0.0,0.0
2010-09-28 00:00:00+05:30,107.80792548345806,108.85593308719737,107.07387483183045,108.35624694824219,18864220,0.0,0.0
2010-09-29 00:00:00+05:30,109.39982766385566,109.39982766385566,107.28612089106035,108.02238464355469,15595720,0.0,0.0
2010-09-30 00:00:00+05:30,107.45413812405435,110.50530231009536,107.30821194160438,110.07858276367188,36959780,0.0,0.0
2010-10-01 00:00:00+05:30,110.19578685248278,110.72642332740855,108.8846708473873,110.58271026611328,17730260,0.0,0.0
2010-10-04 00:00:00+05:30,110.58270294041012,111.54890483542604,109.80664976186283,110.28421783447266,13980460,0.0,0.0
2010-10-05 00:00:00+05:30,109.72703495261035,110.97845637034186,107.78357243706515,108.24124908447266,17196660,0.0,0.0
2010-10-06 00:00:00+05:30,108.55962265777514,109.66511779685635,108.33852362995889,108.63700866699219,8219880,0.0,0.0
2010-10-07 00:00:00+05:30,108.64807726762838,109.22293617593064,107.3015847953104,107.61112213134766,9012840,0.0,0.0
2010-10-08 00:00:00+05:30,107.68188434486134,108.2501105981632,105.68535992824707,106.38182067871094,14906860,0.0,0.0
2010-10-11 00:00:00+05:30,107.93170492475129,107.93170492475129,104.65280248177699,105.61901092529297,19820040,0.0,0.0
2010-10-12 00:00:00+05:30,106.04132295887278,106.12755483593293,103.45446785819185,105.25642395019531,15619800,0.0,0.0
2010-10-13 00:00:00+05:30,105.46427235405567,108.33856069913475,104.6683142320904,107.9516372680664,20573400,0.0,0.0
2010-10-14 00:00:00+05:30,108.11744012230444,108.60386075228817,106.57195985518679,107.20429992675781,7707260,0.0,0.0
2010-10-15 00:00:00+05:30,107.20651823516414,108.01794804422688,105.24094426238518,105.51953125,11726540,0.0,0.0
2010-10-18 00:00:00+05:30,112.31390794265279,112.31390794265279,104.04922363125158,106.05901336669922,16550200,0.0,0.0
2010-10-19 00:00:00+05:30,107.14460577944854,107.14460577944854,104.29463565851722,104.7500991821289,16649040,0.0,0.0
2010-10-20 00:00:00+05:30,104.75673353510052,104.88939432261597,102.94814481595027,103.27758026123047,9860460,0.0,0.0
2010-10-21 00:00:00+05:30,103.03435944645665,105.01319168418928,102.4418089277064,104.58425903320312,14595060,0.0,0.0
2010-10-22 00:00:00+05:30,105.24316338483386,105.24316338483386,102.52364736607993,102.884033203125,12950380,0.0,0.0
2010-10-25 00:00:00+05:30,103.29748871631938,104.69041016527851,101.66135019226176,101.91340637207031,17259580,0.0,0.0
2010-10-26 00:00:00+05:30,102.05932368129024,102.85528161741497,101.3075882544976,101.76747131347656,10139440,0.0,0.0
2010-10-27 00:00:00+05:30,101.97089320904259,101.97089320904259,99.0700677591464,99.68472290039062,16440660,0.0,0.0
2010-10-28 00:00:00+05:30,99.78199591665889,102.40644723829766,99.09659427778347,100.23303985595703,42138460,0.0,0.0
2010-10-29 00:00:00+05:30,100.82116912478911,101.61712707262424,98.91971590146287,100.8167495727539,16264860,0.0,0.0
2010-11-01 00:00:00+05:30,101.61711270584104,104.62406077953146,101.0444670437871,103.88116455078125,20269600,0.0,0.0
2010-11-02 00:00:00+05:30,104.57985598367722,105.55269050381125,103.60702146354319,103.93203735351562,11122040,0.0,0.0
2010-11-03 00:00:00+05:30,104.4029924397091,104.88498683395832,103.96300066471962,104.45826721191406,7081520,0.0,0.0
2010-11-04 00:00:00+05:30,105.68534766658102,106.34864482766835,104.69261507465744,105.64997100830078,9716320,0.0,0.0
2010-11-08 00:00:00+05:30,105.83569305181302,106.12754542109887,102.83095773176707,103.27094268798828,8510920,0.0,0.0
2010-11-09 00:00:00+05:30,103.47437153321403,106.4282520630129,103.04765191955981,106.06123352050781,13716100,0.0,0.0
2010-11-10 00:00:00+05:30,106.12753999743845,107.00309031314328,105.39128315756543,105.94403076171875,8934340,0.0,0.0
2010-11-11 00:00:00+05:30,105.46868699379034,106.54323209523798,103.30855128260907,104.0625,6728740,0.0,0.0
2010-11-12 00:00:00+05:30,103.69547023125611,105.19894130110407,101.92667756206625,102.36445617675781,12403100,0.0,0.0
2010-11-15 00:00:00+05:30,102.36886951936974,105.7737938515259,102.32464700635924,105.50184631347656,22815960,0.0,0.0
2010-11-16 00:00:00+05:30,106.11428395260873,106.11428395260873,102.81106343909549,104.91592407226562,18299340,0.0,0.0
2010-11-18 00:00:00+05:30,106.96772150877106,106.96772150877106,102.53468809701678,103.48983764648438,16631980,0.0,0.0
2010-11-19 00:00:00+05:30,103.69549240428796,104.53566640284271,101.3518402669905,101.86479187011719,11752680,0.0,0.0
2010-11-22 00:00:00+05:30,102.63419964870604,105.72737373970091,101.9709023827663,105.2387466430664,11021900,0.0,0.0
2010-11-23 00:00:00+05:30,104.57986269534119,105.24315992173871,102.03501017755875,104.88055419921875,11416240,0.0,0.0
2010-11-24 00:00:00+05:30,104.09344031272057,104.97341704762123,101.26116174253093,102.20967864990234,8257500,0.0,0.0
2010-11-25 00:00:00+05:30,102.81107013506005,104.30127574515886,101.36287388911016,102.72483825683594,22687740,0.0,0.0
2010-11-26 00:00:00+05:30,102.8552915040425,103.47436620975294,100.64430077306487,101.61270904541016,15139380,0.0,0.0
2010-11-29 00:00:00+05:30,101.70557362497084,102.4971053378012,101.04227640567755,101.61270904541016,11818860,0.0,0.0
2010-11-30 00:00:00+05:30,101.5729185388021,103.21126357220072,99.87045962873664,101.05996704101562,17253560,0.0,0.0
2010-12-01 00:00:00+05:30,101.1992660661277,105.02207135263825,100.82118849853272,104.67052459716797,16081440,0.0,0.0
2010-12-02 00:00:00+05:30,105.1547034775713,106.12753789210079,104.05362784287418,105.76272583007812,14738560,0.0,0.0
2010-12-03 00:00:00+05:30,105.90645959218688,106.12755867275511,104.88940247209128,105.9352035522461,7923580,0.0,0.0
2010-12-06 00:00:00+05:30,107.01195086685864,107.23304993889761,105.03311147314663,105.38687133789062,9363120,0.0,0.0
2010-12-07 00:00:00+05:30,105.24315184242592,105.6853499594109,102.96583423891637,103.98951721191406,17194700,0.0,0.0
2010-12-08 00:00:00+05:30,103.47436276514192,103.47436276514192,100.16672263098341,100.84107208251953,23488440,0.0,0.0
2010-12-09 00:00:00+05:30,100.51826366526637,101.0157365351117,98.13702254326584,98.69861602783203,36567840,0.0,0.0
2010-12-10 00:00:00+05:30,97.28358332544309,98.70967491633593,95.970254410757,98.27189636230469,41242460,0.0,0.0
2010-12-13 00:00:00+05:30,99.18503911822265,99.27347739225311,96.46109709467426,99.0081558227539,15823360,0.0,0.0
2010-12-14 00:00:00+05:30,99.36192951029044,100.6398819781989,97.81423588319119,98.97500610351562,11844160,0.0,0.0
2010-12-15 00:00:00+05:30,98.61018847486956,98.61018847486956,95.07260323810294,95.64303588867188,22420420,0.0,0.0
2010-12-16 00:00:00+05:30,95.64745375988556,98.15029671371968,95.07259486008721,97.31896209716797,19518360,0.0,0.0
2010-12-20 00:00:00+05:30,97.27475747698811,97.27475747698811,95.1367329732575,96.06755828857422,10322440,0.0,0.0
2010-12-21 00:00:00+05:30,96.08965465568573,98.12597514779702,96.04101259166295,97.90708923339844,12351160,0.0,0.0
2010-12-22 00:00:00+05:30,98.74285123642044,99.05238860131786,95.95921460751438,96.34613800048828,15006480,0.0,0.0
2010-12-23 00:00:00+05:30,96.39919247058037,97.46046528505475,96.13166449084223,96.8833999633789,6526540,0.0,0.0
2010-12-24 00:00:00+05:30,96.79715792744533,98.37802147630497,96.17808330856005,98.09722137451172,7033420,0.0,0.0
2010-12-27 00:00:00+05:30,98.12374583836612,98.61016639848731,97.15533776442695,97.8893814086914,7541260,0.0,0.0
2010-12-28 00:00:00+05:30,98.34042619808116,100.32147161568497,97.9535028959566,99.76651763916016,9350060,0.0,0.0
2010-12-29 00:00:00+05:30,99.75990369185304,103.33285874714159,99.65156055865423,102.93488311767578,16142080,0.0,0.0
2010-12-30 00:00:00+05:30,103.30633640459695,103.62471963322585,101.17715109341947,101.94879150390625,14504700,0.0,0.0
2010-12-31 00:00:00+05:30,101.92667809777942,104.57986711550903,101.35403227780847,103.75516510009766,16497820,0.0,0.0
2011-01-03 00:00:00+05:30,104.80095103010709,106.11206679386963,103.9342397742477,105.70745849609375,10796780,0.0,0.0
2011-01-04 00:00:00+05:30,105.53058186480538,105.59691563327772,103.16482589893569,103.71977996826172,16568260,0.0,0.0
2011-01-05 00:00:00+05:30,103.9032958220095,103.9032958220095,101.59502102859652,102.06817626953125,15651840,0.0,0.0
2011-01-06 00:00:00+05:30,102.41309317035976,103.59154825895382,102.10354907066298,102.93267059326172,10870180,0.0,0.0
2011-01-07 00:00:00+05:30,102.86412125840555,102.86412125840555,99.98099446542308,100.35465240478516,15896020,0.0,0.0
2011-01-10 00:00:00+05:30,99.76210030565186,100.37896854346398,94.54195498204803,95.17208862304688,40141720,0.0,0.0
2011-01-11 00:00:00+05:30,95.95700623359838,98.1105092373659,93.96711439926108,94.9222640991211,24315180,0.0,0.0
2011-01-12 00:00:00+05:30,95.91277061243002,97.90266217490706,93.15345863080293,97.51795196533203,19810660,0.0,0.0
2011-01-13 00:00:00+05:30,97.68156516117142,98.05301672198793,94.02901100117218,94.7630615234375,18972020,0.0,0.0
2011-01-14 00:00:00+05:30,95.07259362038116,97.63734400706367,89.76621630203431,90.6307144165039,25582820,0.0,0.0
2011-01-17 00:00:00+05:30,91.09280178551666,92.552056755834,90.6749213735219,91.45098114013672,24561640,0.0,0.0
2011-01-18 00:00:00+05:30,92.27789605923954,93.56912044601961,90.50247096167632,93.27505493164062,16840320,0.0,0.0
2011-01-19 00:00:00+05:30,93.37677917658851,93.48290917279476,91.22548926938339,91.7760238647461,17984100,0.0,0.0
2011-01-20 00:00:00+05:30,91.50185452704669,94.38277523553303,90.46931886677893,93.6376724243164,19277080,0.0,0.0
2011-01-21 00:00:00+05:30,93.03848597008397,93.95383935876824,91.80475612817054,92.60292053222656,16595220,0.0,0.0
2011-01-24 00:00:00+05:30,92.64049913838193,95.2494651502374,91.66766469738874,95.01068115234375,25548320,0.0,0.0
2011-01-25 00:00:00+05:30,95.1256493925365,96.17145028720272,91.53942267189484,92.16734313964844,28221080,0.0,0.0
2011-01-27 00:00:00+05:30,92.86160109184156,92.86160109184156,90.25263499822427,90.6904067993164,37891160,0.0,0.0
2011-01-28 00:00:00+05:30,90.87171789338763,92.39066742676478,90.29907211099905,90.83855438232422,35596840,0.0,0.0
2011-01-31 00:00:00+05:30,90.32781212517689,91.24537187737201,88.2715868127338,90.53121948242188,22236060,0.0,0.0
2011-02-01 00:00:00+05:30,91.84012425375437,91.84012425375437,89.10733649349494,90.19072723388672,17102460,0.0,0.0
2011-02-02 00:00:00+05:30,90.71694393312322,91.24758708858559,88.71378693821758,89.3196029663086,19524340,0.0,0.0
2011-02-03 00:00:00+05:30,89.32400977237717,91.61238612469052,88.88181170419709,91.13481140136719,11592060,0.0,0.0
2011-02-04 00:00:00+05:30,90.6948318844616,92.19830270685746,88.66071795071905,89.22451782226562,18506400,0.0,0.0
2011-02-07 00:00:00+05:30,90.42950887930053,91.09280601044455,89.33285951174982,90.15755462646484,17118920,0.0,0.0
2011-02-08 00:00:00+05:30,91.08839983836792,91.09060624089217,87.78075280041175,88.56565856933594,14391980,0.0,0.0
2011-02-09 00:00:00+05:30,88.35118960422034,89.9873213705672,87.61713907341662,89.42572784423828,14715160,0.0,0.0
2011-02-10 00:00:00+05:30,89.14714326095373,90.60639165198864,88.43962357340338,89.14051055908203,23071180,0.0,0.0
2011-02-11 00:00:00+05:30,88.21852834816805,91.09281623921112,88.21852834816805,91.06185913085938,20206840,0.0,0.0
2011-02-14 00:00:00+05:30,90.65726738044141,93.31266983832361,90.65726738044141,93.10262298583984,11844720,0.0,0.0
2011-02-15 00:00:00+05:30,93.30381100392623,94.09976903495799,91.76938286136756,93.17115020751953,15199460,0.0,0.0
2011-02-16 00:00:00+05:30,93.48067941264613,93.83443925640057,92.20052071962975,92.63387298583984,9101580,0.0,0.0
2011-02-17 00:00:00+05:30,92.86160523914884,97.01826486993808,92.64050617905563,96.64682006835938,23609840,0.0,0.0
2011-02-18 00:00:00+05:30,96.5760562253041,99.18944845018738,95.74693484030868,96.22672271728516,39535740,0.0,0.0
2011-02-21 00:00:00+05:30,95.73589826808549,97.63735163859609,94.29875429870314,97.3587646484375,11201020,0.0,0.0
2011-02-22 00:00:00+05:30,96.84138993871082,96.91656281070945,93.98478706572314,94.56185913085938,11592860,0.0,0.0
2011-02-23 00:00:00+05:30,93.9759476115517,95.20525786183968,92.87045229673102,93.485107421875,12228440,0.0,0.0
2011-02-24 00:00:00+05:30,92.2867464506251,93.6818809817924,90.46267920253963,91.05301666259766,20055540,0.0,0.0
2011-02-25 00:00:00+05:30,92.28674077514812,92.28674077514812,89.23557662859147,90.30348205566406,12619920,0.0,0.0
2011-02-28 00:00:00+05:30,91.269691848677,93.78801345201043,89.98731996339527,90.75011444091797,21962720,0.0,0.0
2011-03-01 00:00:00+05:30,91.74725552486407,95.07258696760985,91.04858175048301,94.58616638183594,20501160,0.0,0.0
2011-03-03 00:00:00+05:30,94.40487223068395,98.26967920123798,94.19040588812015,96.98067474365234,25337640,0.0,0.0
2011-03-04 00:00:00+05:30,97.72579455248325,98.73842538238,97.5710224956313,98.09060668945312,19709880,0.0,0.0
2011-03-07 00:00:00+05:30,97.46046034417512,97.46046034417512,95.11238946931813,96.09628295898438,12855680,0.0,0.0
2011-03-08 00:00:00+05:30,95.42635752842345,98.10165755669372,95.36002376066986,97.57101440429688,17971140,0.0,0.0
2011-03-09 00:00:00+05:30,97.72577945158,98.99488583098895,97.06248230598104,97.55110931396484,18083980,0.0,0.0
2011-03-10 00:00:00+05:30,96.92983223685205,97.94688932195672,96.50311264541428,97.65503692626953,14940620,0.0,0.0
2011-03-11 00:00:00+05:30,96.4898507049639,98.03533112127948,96.17810019120684,96.67999267578125,13107900,0.0,0.0
2011-03-14 00:00:00+05:30,96.04543567503977,98.12376560555467,96.04543567503977,97.93583679199219,13082880,0.0,0.0
2011-03-15 00:00:00+05:30,95.95699398253389,97.62408281795629,94.18820146672681,96.60481262207031,27602000,0.0,0.0
2011-03-16 00:00:00+05:30,97.10671311436283,97.5046887367742,96.33728593063839,96.56501770019531,11610680,0.0,0.0
2011-03-17 00:00:00+05:30,95.96585103968548,98.74285507396236,95.78676131634153,96.46553039550781,33521240,0.0,0.0
2011-03-18 00:00:00+05:30,96.39918500045295,97.11554375734096,94.72325718421261,95.04163360595703,9644240,0.0,0.0
2011-03-21 00:00:00+05:30,95.96584704746944,96.34171143688475,94.91562641227124,95.2693862915039,12318700,0.0,0.0
2011-03-22 00:00:00+05:30,95.47499728236714,96.08965239652693,94.7210486814439,95.14334869384766,9430540,0.0,0.0
2011-03-23 00:00:00+05:30,95.07261038879454,96.48322368763695,94.85372444497722,95.70053100585938,9314700,0.0,0.0
2011-03-24 00:00:00+05:30,96.35496677232486,97.23494345218496,95.89066414847571,96.96520233154297,8827620,0.0,0.0
2011-03-25 00:00:00+05:30,97.59311654978069,100.60006489389279,97.28357923805018,100.16007995605469,17802960,0.0,0.0
2011-03-28 00:00:00+05:30,100.15787116327081,102.23620091519048,100.15787116327081,101.56185150146484,21860620,0.0,0.0
2011-03-29 00:00:00+05:30,102.14777020051127,102.75800579204856,101.02679629776408,101.93330383300781,21636600,0.0,0.0
2011-03-30 00:00:00+05:30,102.36888032286726,104.5356487408888,101.97090465340496,103.54070281982422,22194840,0.0,0.0
2011-03-31 00:00:00+05:30,103.91657201948541,105.94626004082832,101.93109976757789,103.73306274414062,37863820,0.0,0.0
2011-04-01 00:00:00+05:30,104.04922318229643,104.57985959821802,102.72262876878838,103.19799041748047,8738580,0.0,0.0
2011-04-04 00:00:00+05:30,103.47436033431798,106.34864812138237,103.47436033431798,106.16292572021484,12644540,0.0,0.0
2011-04-05 00:00:00+05:30,106.12756417878924,106.56754921277633,104.71916404208531,105.93962860107422,16825320,0.0,0.0
2011-04-06 00:00:00+05:30,105.72957436302691,105.90645091402455,103.96078186341899,105.0640640258789,12939720,0.0,0.0
2011-04-07 00:00:00+05:30,105.02204294752039,105.15470371967238,103.45666472886703,104.12659454345703,13116320,0.0,0.0
2011-04-08 00:00:00+05:30,104.09344402620569,105.4642610193408,103.69988793422692,104.02269744873047,15440340,0.0,0.0
2011-04-11 00:00:00+05:30,102.8199026401882,103.36601755582413,101.20145599780876,101.53089141845703,22416360,0.0,0.0
2011-04-13 00:00:00+05:30,100.79683777308603,105.40454064563515,100.6000564020279,104.75450897216797,18067780,0.0,0.0
2011-04-15 00:00:00+05:30,105.02205118135353,105.77378661927536,103.6512343406549,104.49583435058594,17181860,0.0,0.0
2011-04-18 00:00:00+05:30,105.19008869560872,106.12091382903175,101.89792052384571,102.22735595703125,20706540,0.0,0.0
2011-04-19 00:00:00+05:30,103.47435879935853,104.30569341384009,102.78674397002449,103.8060073852539,14924860,0.0,0.0
2011-04-20 00:00:00+05:30,104.38307181918003,105.64112598435584,103.82811777829393,104.8871841430664,13096140,0.0,0.0
2011-04-21 00:00:00+05:30,105.33159538579015,106.87486932034028,105.33159538579015,106.59849548339844,32410700,0.0,0.0
2011-04-25 00:00:00+05:30,107.14461651593906,107.94278096342093,105.508484658174,105.72958374023438,12645740,0.0,0.0
2011-04-26 00:00:00+05:30,105.53277985358979,106.03246583184837,103.49645963056139,104.35211181640625,12643700,0.0,0.0
2011-04-27 00:00:00+05:30,105.0662847008413,105.19893874988664,102.86855932287803,104.0602798461914,14295300,0.0,0.0
2011-04-28 00:00:00+05:30,104.49805738508957,104.75673952549958,103.03216943140505,103.37487030029297,26769640,0.0,0.0
2011-04-29 00:00:00+05:30,102.81108125595415,103.46111314820388,100.86541187953628,101.50880432128906,18625880,0.0,0.0
2011-05-02 00:00:00+05:30,101.97089895818644,102.39983171554827,100.02522299499469,101.27001190185547,14156740,0.0,0.0
2011-05-03 00:00:00+05:30,101.19924076795635,101.51320437690048,98.2652589055252,98.86001586914062,21480560,0.0,0.0
2011-05-04 00:00:00+05:30,99.22925992594786,101.0489077012782,97.62850481817472,100.00090026855469,26421220,0.0,0.0
2011-05-05 00:00:00+05:30,99.75328210667391,100.59124282234163,97.72580042758557,98.18789672851562,18698980,0.0,0.0
2011-05-06 00:00:00+05:30,98.38909967534266,102.5899825828292,98.38909967534266,101.583984375,21551460,0.0,0.0
2011-05-09 00:00:00+05:30,101.79400681447463,102.36886572526438,99.42382459949228,100.77031707763672,7797180,0.0,0.0
2011-05-10 00:00:00+05:30,100.73273590123125,100.73273590123125,98.39350400249506,99.33538818359375,13046440,0.0,0.0
2011-05-11 00:00:00+05:30,99.93677878760701,100.33033485895392,98.21220875527968,99.98320770263672,9821700,0.0,0.0
2011-05-12 00:00:00+05:30,99.49457816451115,100.15345580008966,98.83128097674775,99.06122589111328,9478860,0.0,0.0
2011-05-13 00:00:00+05:30,98.6986135343472,101.2633638369031,98.42666602404302,99.54100036621094,11646140,0.0,0.0
2011-05-16 00:00:00+05:30,99.27349688004297,100.20653536115043,98.88878660141596,99.62946319580078,12541240,0.0,0.0
2011-05-17 00:00:00+05:30,99.58300716934598,100.55363520250123,99.09659332538044,99.6029052734375,12223880,0.0,0.0
2011-05-18 00:00:00+05:30,99.85275281872967,100.71946407172479,99.18503611052854,100.26178741455078,13870960,0.0,0.0
2011-05-19 00:00:00+05:30,100.40107851910435,100.99804189712538,99.83506549898891,100.54700469970703,15022540,0.0,0.0
2011-05-20 00:00:00+05:30,100.37899227815817,102.58998329750085,99.73337993165008,102.39984130859375,23827740,0.0,0.0
2011-05-23 00:00:00+05:30,101.48447502273625,101.65251247824084,99.3154936453763,100.14461517333984,20092800,0.0,0.0
2011-05-24 00:00:00+05:30,99.67147020550529,101.37393595097377,99.4150011907647,99.72895812988281,9004880,0.0,0.0
2011-05-25 00:00:00+05:30,99.49458117594352,100.24631666201347,99.28896066089119,99.70462799072266,8314880,0.0,0.0
2011-05-26 00:00:00+05:30,99.71567609772876,100.68851061261527,99.0523789174778,100.12249755859375,19899900,0.0,0.0
2011-05-27 00:00:00+05:30,100.15347113826702,102.23622084826202,100.04955429303992,101.86698913574219,11662040,0.0,0.0
2011-05-30 00:00:00+05:30,101.88244963368547,102.92603752296135,101.58839083691481,102.04164123535156,7849500,0.0,0.0
2011-05-31 00:00:00+05:30,102.80665080051217,106.51226672650184,102.36887220090996,106.10765838623047,35393460,0.0,0.0
2011-06-01 00:00:00+05:30,105.6853602733475,106.43709579610301,105.0110107780981,106.04796600341797,13143340,0.0,0.0
2011-06-02 00:00:00+05:30,104.86134076826332,105.38006756997483,104.41385066272264,105.09510040283203,13445520,0.825,0.0
2011-06-03 00:00:00+05:30,105.07949951416313,105.56483977736177,104.56967992054797,104.93701934814453,11977060,0.0,0.0
2011-06-06 00:00:00+05:30,104.42719999748597,106.41751984523663,104.42719999748597,106.02791595458984,11685600,0.0,0.0
2011-06-07 00:00:00+05:30,105.30882353263533,106.44869898943874,105.25094414193177,105.81642150878906,8126940,0.0,0.0
2011-06-08 00:00:00+05:30,104.91253965481113,105.61605382249778,104.5563357977851,104.8702392578125,10278780,0.0,0.0
2011-06-09 00:00:00+05:30,104.84797332873457,105.7318178373113,104.2579962995717,105.20640563964844,6459880,0.0,0.0
2011-06-10 00:00:00+05:30,105.43795014143438,105.72736746899572,103.75486180659567,105.19082641601562,8743820,0.0,0.0
2011-06-13 00:00:00+05:30,104.77673854729605,105.97226490251411,104.37599901529049,105.64276885986328,7835560,0.0,0.0
2011-06-14 00:00:00+05:30,105.88322126369528,106.7737445597833,105.32664420364027,106.08358764648438,12433200,0.0,0.0
2011-06-15 00:00:00+05:30,105.97225360766056,106.67576770321139,105.39341220811598,105.65166473388672,14077880,0.0,0.0
2011-06-16 00:00:00+05:30,105.25983620866205,105.61604683627878,104.10438184950459,104.32479095458984,8425300,0.0,0.0
2011-06-17 00:00:00+05:30,104.65872928025243,105.35333621512989,103.90846465130912,104.60529327392578,14213480,0.0,0.0
2011-06-20 00:00:00+05:30,104.28695138925636,105.14630987099527,101.16121962797428,102.36564636230469,15625700,0.0,0.0
2011-06-21 00:00:00+05:30,102.49922419633327,104.36932165301823,102.49922419633327,103.54781341552734,10157720,0.0,0.0
2011-06-22 00:00:00+05:30,103.85503967963754,104.53851786598261,102.96229479199013,103.42091369628906,6183160,0.0,0.0
2011-06-23 00:00:00+05:30,103.25615456251575,104.16672044494013,102.85542187029242,103.91291809082031,8267580,0.0,0.0
2011-06-24 00:00:00+05:30,104.59196119600544,106.41530823688328,104.26024343349913,106.11253356933594,16575460,0.0,0.0
2011-06-27 00:00:00+05:30,106.10583544331992,108.28093580692031,105.6449880792888,107.58187866210938,20512380,0.0,0.0
2011-06-28 00:00:00+05:30,108.17185985895567,108.19857446929099,107.06538445321345,107.88911437988281,12193620,0.0,0.0
2011-06-29 00:00:00+05:30,108.42119605830254,111.27086748755376,108.42119605830254,110.83006286621094,20504880,0.0,0.0
2011-06-30 00:00:00+05:30,111.27086697601916,112.42632132849535,110.25344942148766,112.00777435302734,26841200,0.0,0.0
2011-07-01 00:00:00+05:30,113.09643652294946,113.43483286350127,110.33581620287326,111.37104797363281,13304840,0.0,0.0
2011-07-04 00:00:00+05:30,112.87382585299957,113.18550764248091,111.8675369914874,112.74915313720703,14323360,0.0,0.0
2011-07-05 00:00:00+05:30,112.29496434875095,113.63074903202909,111.96101817793142,113.14764404296875,10637280,0.0,0.0
2011-07-06 00:00:00+05:30,112.873824297498,113.98697838327215,111.98330102887869,113.33244323730469,11785740,0.0,0.0
2011-07-07 00:00:00+05:30,113.3680496895973,114.65262688539144,112.83595884718459,114.24520874023438,14778040,0.0,0.0
2011-07-08 00:00:00+05:30,114.25413712129316,115.02443104565879,113.7064604239047,113.94912719726562,15089360,0.0,0.0
2011-07-11 00:00:00+05:30,113.94243452687738,114.16952227878761,111.98773648092748,112.39960479736328,7945000,0.0,0.0
2011-07-12 00:00:00+05:30,111.76067106057427,111.76067106057427,109.54327000723339,110.41375732421875,14721800,0.0,0.0
2011-07-13 00:00:00+05:30,110.87013842217206,112.60443425688167,110.3380475488723,112.19256591796875,7441820,0.0,0.0
2011-07-14 00:00:00+05:30,112.45083049507983,114.27639917431377,111.04825222821277,112.64006805419922,9354344,0.0,5.0
2011-07-15 00:00:00+05:30,112.75138345065771,113.64190674601161,111.98330439075355,113.3079605102539,5490152,0.0,0.0
2011-07-18 00:00:00+05:30,113.97584268061584,115.52312948411067,113.09644828827224,114.6659927368164,6209896,0.0,0.0
2011-07-19 00:00:00+05:30,115.21143518460163,115.5453813735425,113.17436479089282,113.73094177246094,17052664,0.0,0.0
2011-07-20 00:00:00+05:30,114.96655567701553,114.96655567701553,111.76066657887277,112.00556182861328,7408644,0.0,0.0
2011-07-21 00:00:00+05:30,112.38402283323256,112.40628727160964,110.09092835760084,110.49166107177734,12881024,0.0,0.0
2011-07-22 00:00:00+05:30,111.3154016570945,112.88494610279835,111.05937759211376,111.66047668457031,12634120,0.0,0.0
2011-07-25 00:00:00+05:30,111.66047563630336,112.76250082002397,110.68090146974774,112.47308349609375,13370428,0.0,0.0
2011-07-26 00:00:00+05:30,112.50647070641472,113.58623139310865,110.25789837615729,110.90352630615234,10581528,0.0,0.0
2011-07-27 00:00:00+05:30,111.17069806032441,112.1948011610733,109.53436022255919,111.77179718017578,11062712,0.0,0.0
2011-07-28 00:00:00+05:30,111.20407430031577,111.20407430031577,107.88687704638404,108.48797607421875,21417956,0.0,0.0
2011-07-29 00:00:00+05:30,109.06681999898613,109.06681999898613,107.10767181248545,108.37666320800781,11990668,0.0,0.0
2011-08-01 00:00:00+05:30,109.85717762618987,110.41375465987377,107.8646291279402,108.64383697509766,8809416,0.0,0.0
2011-08-02 00:00:00+05:30,108.62156676621836,108.62156676621836,106.86278479201371,107.49728393554688,7929976,0.0,0.0
2011-08-03 00:00:00+05:30,106.57336039014307,108.95550573311172,105.97225454794543,107.31916809082031,8330268,0.0,0.0
2011-08-04 00:00:00+05:30,107.77558076525308,108.844205978083,105.74963895486601,106.07245635986328,7318424,0.0,0.0
2011-08-05 00:00:00+05:30,103.5233156109238,105.9277253848714,101.76453375829989,105.31549072265625,12624376,0.0,0.0
2011-08-08 00:00:00+05:30,103.0780442472517,106.86276725417022,101.97601924228235,102.87767791748047,17233492,0.0,0.0
2011-08-09 00:00:00+05:30,100.18386109347611,105.4268137730402,100.1504678319422,103.40087890625,17963696,0.0,0.0
2011-08-10 00:00:00+05:30,110.1577125605173,110.1577125605173,105.39341499664567,106.84051513671875,13068904,0.0,0.0
2011-08-11 00:00:00+05:30,106.57336555566418,107.90915034160113,105.7496288866753,106.85165405273438,8409216,0.0,0.0
2011-08-12 00:00:00+05:30,107.99818242669063,108.19854875073204,103.32293649301702,104.20232391357422,11413552,0.0,0.0
2011-08-16 00:00:00+05:30,106.5065690565094,106.5065690565094,101.21908777021274,101.61982727050781,12222592,0.0,0.0
2011-08-17 00:00:00+05:30,101.53076229682442,105.18191244486958,101.49736903937992,104.07988739013672,12536804,0.0,0.0
2011-08-18 00:00:00+05:30,104.25800898817957,105.71624491748656,102.08735852024886,102.94448852539062,22888452,0.0,0.0
2011-08-19 00:00:00+05:30,101.29701940245145,103.18938130337638,100.18386534308385,102.59941101074219,17921036,0.0,0.0
2011-08-22 00:00:00+05:30,102.42128467790886,103.28955013027802,100.3396923800524,100.86286926269531,11908996,0.0,0.0
2011-08-23 00:00:00+05:30,101.83131924254785,102.96673759977584,99.13748539732325,102.27658081054688,16145092,0.0,0.0
2011-08-24 00:00:00+05:30,101.96492262053907,102.9444969375388,100.74045302575094,101.51966094970703,12742456,0.0,0.0
2011-08-25 00:00:00+05:30,102.27659999547151,102.27659999547151,98.11340763024525,98.7701644897461,23200840,0.0,0.0
2011-08-26 00:00:00+05:30,98.8480758596265,100.30630489169633,97.10042270913362,97.72379302978516,8523824,0.0,0.0
2011-08-29 00:00:00+05:30,98.9593866003733,101.95377345701075,98.65883367369014,101.61982727050781,11600396,0.0,0.0
2011-08-30 00:00:00+05:30,102.8442945517664,105.74962359822509,102.14300213889832,105.07060241699219,15589296,0.0,0.0
2011-09-02 00:00:00+05:30,107.75332527362869,107.75332527362869,104.19123187615337,105.25985717773438,15190948,0.0,0.0
2011-09-05 00:00:00+05:30,104.59195208945596,105.52700421152312,103.00014315269084,104.692138671875,11800716,0.0,0.0
2011-09-06 00:00:00+05:30,104.32481173738948,106.06132955099712,102.4101851774157,105.25985717773438,17860792,0.0,0.0
2011-09-07 00:00:00+05:30,105.97225795249874,109.07796024670887,105.27097231017302,108.66609191894531,14746572,0.0,0.0
2011-09-08 00:00:00+05:30,109.0223082717341,109.0223082717341,106.67354919504734,107.6865234375,8164048,0.0,0.0
2011-09-09 00:00:00+05:30,107.7310479022474,108.13178743786295,104.79232527849909,105.36003112792969,10331416,0.0,0.0
2011-09-12 00:00:00+05:30,103.96859173293872,104.90364388374427,102.96675305456993,104.49177551269531,6985520,0.0,0.0
2011-09-13 00:00:00+05:30,104.85911440039453,105.92773960018945,103.3006986874375,104.12443542480469,7175952,0.0,0.0
2011-09-14 00:00:00+05:30,104.05763518885323,107.55294148759832,102.64392824149506,106.61788940429688,7749008,0.0,0.0
2011-09-15 00:00:00+05:30,108.17632168666046,108.65497662449114,104.99270345443414,107.89803314208984,8736760,0.0,0.0
2011-09-16 00:00:00+05:30,108.2542292743883,109.0890947957846,106.03905003995554,107.6865234375,10947008,0.0,0.0
2011-09-19 00:00:00+05:30,107.28578890133082,108.42120742207645,106.21716370189571,107.9202880859375,8389220,0.0,0.0
2011-09-20 00:00:00+05:30,107.97592639186334,109.81263029440535,107.53066483973195,109.38963317871094,11835268,0.0,0.0
2011-09-21 00:00:00+05:30,109.70132323632467,110.7922127630507,108.7328779280715,110.09092712402344,12891396,0.0,0.0
2011-09-22 00:00:00+05:30,108.6215552916304,108.86645050640571,103.63462722031055,105.14851379394531,10191088,0.0,0.0
2011-09-23 00:00:00+05:30,104.31365885098519,104.63647622935392,100.74043722081414,101.60869598388672,32911224,0.0,0.0
2011-09-26 00:00:00+05:30,101.5196436989745,101.88698315615999,97.83510671659607,100.20612335205078,27785068,0.0,0.0
2011-09-27 00:00:00+05:30,101.96490485280515,102.8331636007998,101.09664610481049,101.84246063232422,16022836,0.0,0.0
2011-09-28 00:00:00+05:30,102.94447893081191,103.60124249807173,100.57346230719287,101.96490478515625,15223752,0.0,0.0
2011-09-29 00:00:00+05:30,101.86472161072352,105.70510297814705,100.77383203040192,104.77005767822266,32532984,0.0,0.0
2011-09-30 00:00:00+05:30,103.71256377010107,105.7051054349012,103.38974637926962,104.11329650878906,19028800,0.0,0.0
2011-10-03 00:00:00+05:30,102.44355694854899,103.50105320403101,100.35082887547824,101.53076934814453,18136236,0.0,0.0
2011-10-04 00:00:00+05:30,100.74043708324282,101.5196448838867,98.06886748103528,99.93896484375,14963192,0.0,0.0
2011-10-05 00:00:00+05:30,99.95010234151657,101.57530449578799,97.1894749319525,97.66813659667969,16534992,0.0,0.0
2011-10-07 00:00:00+05:30,100.78495898597149,102.41016099717882,99.3378588849244,100.18385314941406,18887004,0.0,0.0
2011-10-10 00:00:00+05:30,100.62913391692803,101.96491888042706,100.19500108612937,101.23023986816406,24125984,0.0,0.0
2011-10-11 00:00:00+05:30,102.56601320303407,103.50105849497855,101.33040817539447,101.85359191894531,9987516,0.0,0.0
2011-10-12 00:00:00+05:30,102.84430748358399,104.61421838249865,100.95194556019328,104.00198364257812,17935560,0.0,0.0
2011-10-13 00:00:00+05:30,105.74963434345125,106.01679403208541,104.10216771461546,104.78118896484375,11733404,0.0,0.0
2011-10-14 00:00:00+05:30,104.4138407103467,106.06130720067732,103.60123968411801,105.50473022460938,6670040,0.0,0.0
2011-10-17 00:00:00+05:30,106.10584692909283,106.97410574173516,105.15966597300049,106.42865753173828,7087264,0.0,0.0
2011-10-18 00:00:00+05:30,105.50474672706322,107.17447791643694,105.08174951791928,106.450927734375,8109020,0.0,0.0
2011-10-19 00:00:00+05:30,107.51954103374092,110.11318833705421,106.70693322787609,109.5009536743164,17378084,0.0,0.0
2011-10-20 00:00:00+05:30,108.643824228221,109.62339833374332,106.99635776063994,108.98889923095703,11353704,0.0,0.0
2011-10-21 00:00:00+05:30,109.10021718357855,109.48982107058431,107.59745933369922,108.42119598388672,9161464,0.0,0.0
2011-10-24 00:00:00+05:30,109.70133530075677,110.64751627493884,107.51955600736298,107.83123779296875,9743092,0.0,0.0
2011-10-25 00:00:00+05:30,108.61044625425711,109.25607426961264,99.86105100344867,104.19122314453125,82630020,0.0,0.0
2011-10-28 00:00:00+05:30,108.19858104166964,110.09094305577291,106.80713838424076,107.45276641845703,18038448,0.0,0.0
2011-10-31 00:00:00+05:30,107.53068041120257,109.47869998386928,106.22828882378906,109.08909606933594,12851416,0.0,0.0
2011-11-01 00:00:00+05:30,107.99820246999188,109.75698443166878,106.86278403083371,107.37483215332031,13299516,0.0,0.0
2011-11-02 00:00:00+05:30,106.5733737716725,108.64383763183092,106.306214076228,107.55294799804688,10111820,0.0,0.0
2011-11-03 00:00:00+05:30,107.08541303801363,107.94254296274096,105.10400030944642,107.27465057373047,10505636,0.0,0.0
2011-11-04 00:00:00+05:30,108.35441448376079,108.6215673707359,106.92957190994855,107.53067779541016,6803220,0.0,0.0
2011-11-08 00:00:00+05:30,107.53068669308814,108.49913212462056,106.5288479971898,107.80897521972656,8392808,0.0,0.0
2011-11-09 00:00:00+05:30,107.97594576995994,108.13179005883563,105.8164241368994,106.25055694580078,8604988,0.0,0.0
2011-11-11 00:00:00+05:30,105.8943552869713,106.50659008309441,102.98902560848502,103.31183624267578,9210036,0.0,0.0
2011-11-14 00:00:00+05:30,104.61420445744193,106.82938348468345,104.402709288295,104.94815063476562,12228564,0.0,0.0
2011-11-15 00:00:00+05:30,104.79233794438797,106.37301145554822,104.61422919786928,105.13741302490234,11644292,0.0,0.0
2011-11-16 00:00:00+05:30,104.63648614572762,105.08174778890093,102.47696445867568,103.6791763305664,7117600,0.0,0.0
2011-11-17 00:00:00+05:30,103.11145145757946,104.63647376381886,101.65322246640434,102.26545715332031,10777368,0.0,0.0
2011-11-18 00:00:00+05:30,101.34154246302877,102.76637821836859,100.2061240288437,102.03169250488281,11720744,0.0,0.0
2011-11-21 00:00:00+05:30,101.51965132336754,101.51965132336754,97.95755829447745,98.99279022216797,10194036,0.0,0.0
2011-11-22 00:00:00+05:30,99.51596307170206,100.072540046376,97.957547542615,98.85919952392578,15218304,0.0,0.0
2011-11-23 00:00:00+05:30,98.34715430839655,98.34715430839655,92.21367858531893,94.86298370361328,25565636,0.0,0.0
2011-11-24 00:00:00+05:30,95.46409039103405,96.84440415644235,91.56805114336107,95.65332794189453,28885188,0.0,0.0
2011-11-25 00:00:00+05:30,95.23033202172903,96.82214100528378,93.29344119515116,95.9316177368164,18906468,0.0,0.0
2011-11-28 00:00:00+05:30,97.06704390273887,99.05959259042226,96.64404667575496,98.14680480957031,10891716,0.0,0.0
2011-11-29 00:00:00+05:30,98.84806411832741,99.19313910198056,96.22102369050116,96.888916015625,14831024,0.0,0.0
2011-11-30 00:00:00+05:30,95.55312789697305,100.1059230048178,95.55312789697305,98.51411437988281,28214548,0.0,0.0
2011-12-01 00:00:00+05:30,102.17640665831823,103.9685818504998,100.06141409390763,100.96306610107422,13929784,0.0,0.0
2011-12-02 00:00:00+05:30,101.33041824951874,104.16896125733255,100.88515660123423,103.74596405029297,11237028,0.0,0.0
2011-12-05 00:00:00+05:30,103.2339178453307,104.06878345181929,101.96491940580655,102.93336486816406,8753228,0.0,0.0
2011-12-07 00:00:00+05:30,104.63648034392936,104.8368467134169,102.87769830974501,103.99085235595703,11172944,0.0,0.0
2011-12-08 00:00:00+05:30,103.96859625193699,104.1244405485628,100.42876746000583,101.01873779296875,12557000,0.0,0.0
2011-12-09 00:00:00+05:30,99.51596954775529,100.45102164371752,98.06886931943222,98.79241943359375,13606912,0.0,0.0
2011-12-12 00:00:00+05:30,99.76085794075993,100.39535704843779,94.90750266255887,96.18762969970703,12071156,0.0,0.0
2011-12-13 00:00:00+05:30,95.28597484067896,99.15974909453031,94.84071327600289,97.60133361816406,14925880,0.0,0.0
2011-12-14 00:00:00+05:30,97.73492365968394,98.79241998629783,95.78690411065836,96.69969177246094,24306724,0.0,0.0
2011-12-15 00:00:00+05:30,95.50862315245197,97.0670389148463,95.0633615060536,96.03180694580078,26960140,0.0,0.0
2011-12-16 00:00:00+05:30,96.644035679166,98.06887149990264,91.27863181602743,92.45857238769531,29424820,0.0,0.0
2011-12-19 00:00:00+05:30,91.73502870247782,91.94653070384058,89.10798768574381,90.38811492919922,32341524,0.0,0.0
2011-12-20 00:00:00+05:30,90.3881087250947,93.86115071474177,89.94284710575926,92.21368408203125,19983568,0.0,0.0
2011-12-21 00:00:00+05:30,94.84073132575868,97.8239830180199,93.01515584548875,96.94459533691406,14986880,0.0,0.0
2011-12-22 00:00:00+05:30,96.06518777010399,99.02617461754694,95.46408190764738,98.59204864501953,13576068,0.0,0.0
2011-12-23 00:00:00+05:30,98.89260196936488,99.40465008078736,97.06702673062327,97.41210174560547,6855300,0.0,0.0
2011-12-26 00:00:00+05:30,97.73492067493298,99.1597564284477,97.30078789960416,98.78128814697266,4564760,0.0,0.0
2011-12-27 00:00:00+05:30,98.02432772967813,98.75901336527957,97.00023159775529,97.89075469970703,6294236,0.0,0.0
2011-12-28 00:00:00+05:30,98.51413846716544,98.6254538778628,96.4102744873239,97.91303253173828,7668340,0.0,0.0
2011-12-29 00:00:00+05:30,96.98909485486595,98.4028016216086,94.84070925521553,95.64218139648438,10930628,0.0,0.0
2011-12-30 00:00:00+05:30,96.57724840679174,96.62177728910251,93.97247185129655,95.02996826171875,7676416,0.0,0.0
2012-01-02 00:00:00+05:30,95.48635873171322,95.68672511380463,93.3936303520242,95.02996826171875,7029996,0.0,0.0
2012-01-03 00:00:00+05:30,96.0429219159534,98.15791443127665,95.7312401672626,97.768310546875,6878476,0.0,0.0
2012-01-04 00:00:00+05:30,98.38056367624344,99.059591792919,95.92049569094601,98.69224548339844,9742956,0.0,0.0
2012-01-05 00:00:00+05:30,98.84808663759294,99.44919258480732,98.02434986461822,98.7701644897461,6761212,0.0,0.0
2012-01-06 00:00:00+05:30,98.1801996218594,101.77568629906722,97.72380912132414,100.9185562133789,7954444,0.0,0.0
2012-01-09 00:00:00+05:30,100.60684929148124,101.76453207858589,99.29332903305823,101.45285034179688,8463936,0.0,0.0
2012-01-10 00:00:00+05:30,102.41017031290973,102.92221844681308,101.51964709279747,102.3433837890625,8982772,0.0,0.0
2012-01-11 00:00:00+05:30,102.52148247226356,103.30069026521237,101.29701308334401,103.00013732910156,7719112,0.0,0.0
2012-01-12 00:00:00+05:30,102.78863719711637,104.43610366403414,102.67732180348473,103.89065551757812,7975444,0.0,0.0
2012-01-13 00:00:00+05:30,104.63646764106728,105.31548880916223,102.64391942258179,104.54741668701172,7381684,0.0,0.0
2012-01-16 00:00:00+05:30,103.9240557106776,104.15782212939247,102.02056507023616,102.521484375,6383420,0.0,0.0
2012-01-17 00:00:00+05:30,103.27842720381167,104.41384564750855,103.0780608417835,104.28026580810547,7322016,0.0,0.0
2012-01-18 00:00:00+05:30,105.2821046472936,108.06498966542966,104.54742572016681,107.28578186035156,20137244,0.0,0.0
2012-01-19 00:00:00+05:30,108.19856129801771,109.14474213241395,106.92956310834298,108.37666320800781,16842176,0.0,0.0
2012-01-20 00:00:00+05:30,109.08909599534462,109.85717500113634,106.9629744951374,109.21154022216797,14390260,0.0,0.0
2012-01-23 00:00:00+05:30,108.19856511265777,108.58816899938031,107.06314671252159,107.75330352783203,7533728,0.0,0.0
2012-01-24 00:00:00+05:30,108.03159332666458,109.77924642710113,106.98522587199099,108.82192993164062,15063952,0.0,0.0
2012-01-25 00:00:00+05:30,109.14474240802113,109.75697706711762,108.14290387495413,109.13361358642578,14819100,0.0,0.0
2012-01-27 00:00:00+05:30,112.18366693621746,112.20593137667048,106.78486964279631,107.79784393310547,14877636,0.0,0.0
2012-01-30 00:00:00+05:30,107.5195488295923,107.53067765206075,105.30436962613815,106.65128326416016,9975016,0.0,0.0
2012-01-31 00:00:00+05:30,107.64199899932609,110.20225337056135,106.82939788380816,109.55662536621094,10653848,0.0,0.0
2012-02-01 00:00:00+05:30,110.0909303140932,111.24861318874783,107.16333666052674,110.68090057373047,12020596,0.0,0.0
2012-02-02 00:00:00+05:30,111.09277274909567,111.31540355620808,109.37851281666885,110.8478775024414,22841708,0.0,0.0
2012-02-03 00:00:00+05:30,110.75882854697144,113.0964520640432,110.25790922188465,112.70684814453125,14915004,0.0,0.0
2012-02-06 00:00:00+05:30,113.54170355885324,114.87748830660446,111.31539564593456,113.02965545654297,17438624,0.0,0.0
2012-02-07 00:00:00+05:30,114.43222404061373,114.74391257643538,113.09643932418633,113.38585662841797,12075708,0.0,0.0
2012-02-08 00:00:00+05:30,113.69755168263238,115.27822491903775,111.927634114234,113.1966323852539,13861148,0.0,0.0
2012-02-09 00:00:00+05:30,112.58438549926382,117.09265868757203,112.57324988403602,116.33570861816406,17361024,0.0,0.0
2012-02-10 00:00:00+05:30,116.3913738757399,117.02587977794094,114.43222564844694,115.21143341064453,11515172,0.0,0.0
2012-02-13 00:00:00+05:30,115.46748467962836,116.88118500580416,114.85524990102653,116.20216369628906,14614324,0.0,0.0
2012-02-14 00:00:00+05:30,116.3245952266833,116.6140125545622,114.66599301727324,115.30049896240234,13114828,0.0,0.0
2012-02-15 00:00:00+05:30,115.8793261480432,119.08521495806613,115.1557760808364,118.67333984375,19379584,0.0,0.0
2012-02-16 00:00:00+05:30,118.21696223704133,119.74197787765794,116.49157342849693,117.20399475097656,8124264,0.0,0.0
2012-02-17 00:00:00+05:30,118.27263129678511,118.66223525870393,115.79029204695063,117.6158676147461,14219648,0.0,0.0
2012-02-21 00:00:00+05:30,117.10380049252579,118.77353148814166,115.87933109574082,118.45071411132812,14831136,0.0,0.0
2012-02-22 00:00:00+05:30,117.99433651875323,119.97575628429664,117.24852869494809,118.31715393066406,13923108,0.0,0.0
2012-02-23 00:00:00+05:30,117.37095414025,119.31897353506726,117.37095414025,118.69561004638672,17095748,0.0,0.0
2012-02-24 00:00:00+05:30,117.3709589889664,119.19653424347253,114.73277588944484,116.80325317382812,16380168,0.0,0.0
2012-02-27 00:00:00+05:30,117.30418363733062,118.31715114327741,114.0203790662932,114.78844451904297,15321292,0.0,0.0
2012-02-28 00:00:00+05:30,115.60104762373052,118.75127900777863,114.25413394635359,118.10564422607422,14801148,0.0,0.0
2012-02-29 00:00:00+05:30,118.86259936643785,120.19838427669575,114.28752517815913,115.12239074707031,19988636,0.0,0.0
2012-03-01 00:00:00+05:30,115.10013581806584,116.28007646565732,112.49535246390273,114.43224334716797,12198492,0.0,0.0
2012-03-02 00:00:00+05:30,114.43224206395897,116.88118109645615,113.0407994318583,115.48973846435547,8116696,0.0,0.0
2012-03-05 00:00:00+05:30,115.76801803281528,115.97952001419026,112.55100019866529,113.75321197509766,10051372,0.0,0.0
2012-03-06 00:00:00+05:30,113.49718796902808,115.99065584104588,112.0389588330256,112.96287536621094,11597188,0.0,0.0
2012-03-07 00:00:00+05:30,112.84042071732523,115.32275274282381,110.76995023058598,114.79957580566406,7577636,0.0,0.0
2012-03-09 00:00:00+05:30,116.21327094067516,117.32642487688852,115.69009402597683,116.48043060302734,9315044,0.0,0.0
2012-03-12 00:00:00+05:30,118.88485464294699,118.99617004991603,115.10013080599923,115.53426361083984,11217384,0.0,0.0
2012-03-13 00:00:00+05:30,116.43590057694747,117.43773910963631,115.84592356126436,116.74758911132812,11079428,0.0,0.0
2012-03-14 00:00:00+05:30,117.57133380591375,117.99433781074688,116.09084696561233,117.5936050415039,11721124,0.0,0.0
2012-03-15 00:00:00+05:30,117.54907086877238,117.99433250085106,113.33021418716552,113.71981811523438,14939196,0.0,0.0
2012-03-16 00:00:00+05:30,113.54171948478084,116.85892417563942,112.42856537218495,113.06306457519531,12810608,0.0,0.0
2012-03-19 00:00:00+05:30,113.55283274215539,113.55283274215539,110.2245064782406,111.05937194824219,15299768,0.0,0.0
2012-03-20 00:00:00+05:30,110.42488041293774,113.73094925993796,109.7569879910853,112.51760864257812,6324272,0.0,0.0
2012-03-21 00:00:00+05:30,111.98329079081154,115.28935268798149,111.98329079081154,114.79957580566406,12021572,0.0,0.0
2012-03-22 00:00:00+05:30,114.40996631078818,116.30232799096225,111.33765738883763,112.2615737915039,11280064,0.0,0.0
2012-03-23 00:00:00+05:30,113.43038707237538,115.48972187202106,111.52689654279632,114.42109680175781,8047164,0.0,0.0
2012-03-26 00:00:00+05:30,114.32091067877859,114.98880304885908,112.57325761823745,113.90904235839844,9832916,0.0,0.0
2012-03-27 00:00:00+05:30,114.65488534777394,116.16877237839354,113.9869928117675,115.51200866699219,11857352,0.0,0.0
2012-03-28 00:00:00+05:30,115.43407443239802,115.43407443239802,113.55284137924254,114.3097915649414,8699492,0.0,0.0
2012-03-29 00:00:00+05:30,113.09645403215815,114.45449656848152,112.42856158708635,113.56398010253906,16225116,0.0,0.0
2012-03-30 00:00:00+05:30,113.98698026187412,116.62515005331542,113.48606091502019,115.73462677001953,11184976,0.0,0.0
2012-04-02 00:00:00+05:30,115.32275270242452,117.9831934409234,114.89974875332896,117.6269760131836,5530932,0.0,0.0
2012-04-03 00:00:00+05:30,118.6622353872204,119.41918566366277,117.54908120910389,118.03887176513672,12920812,0.0,0.0
2012-04-04 00:00:00+05:30,116.93682475039107,117.77169022933246,116.74759401048648,117.22624206542969,4175076,0.0,0.0
2012-04-09 00:00:00+05:30,116.60288490401425,117.17059074292628,115.76801937964183,116.15762329101562,5036740,0.0,0.0
2012-04-10 00:00:00+05:30,116.52497450781848,117.10380919398702,114.84410097668915,116.8477783203125,5834072,0.0,0.0
2012-04-11 00:00:00+05:30,116.1798848535663,118.20583341400234,115.1223884870391,117.20399475097656,7463248,0.0,0.0
2012-04-12 00:00:00+05:30,116.88116989855321,118.99616249671752,116.72532562102735,118.08338165283203,12103288,0.0,0.0
2012-04-13 00:00:00+05:30,119.41916739670302,119.71971354349829,116.6362823770959,117.849609375,9833428,0.0,0.0
2012-04-16 00:00:00+05:30,117.7494365510853,118.21695579971667,116.6807978314037,117.93866729736328,17396084,0.0,0.0
2012-04-17 00:00:00+05:30,118.43959936765161,119.30786502390278,116.01291793024713,118.04999542236328,15665808,0.0,0.0
2012-04-18 00:00:00+05:30,118.66220256643938,120.19836034267739,118.66220256643938,119.69744110107422,12000284,0.0,0.0
2012-04-19 00:00:00+05:30,120.22063457616065,123.6936696952607,119.59727104046398,123.34859466552734,16366676,0.0,0.0
2012-04-20 00:00:00+05:30,122.94784142601102,124.22796833990792,121.65658569139315,122.69181060791016,15725100,0.0,0.0
2012-04-23 00:00:00+05:30,122.88109193797503,123.7827441009046,120.95532978237706,121.4117202758789,8437648,0.0,0.0
2012-04-24 00:00:00+05:30,121.57869602153426,121.66775379266181,120.08708026745823,120.63251495361328,8760780,0.0,0.0
2012-04-25 00:00:00+05:30,121.11113388833843,122.33560307287127,119.77534932339353,121.70111083984375,10778388,0.0,0.0
2012-04-26 00:00:00+05:30,121.33378592604956,122.43581110303903,119.99800112686368,120.33194732666016,9338952,0.0,0.0
2012-04-27 00:00:00+05:30,120.66589242496393,121.55641561629207,118.92937491953515,120.4766616821289,4549020,0.0,0.0
2012-04-30 00:00:00+05:30,121.06664668008736,122.22432975241665,120.29856757327124,120.77722930908203,6039020,0.0,0.0
2012-05-02 00:00:00+05:30,120.37646153164087,122.66955577307753,120.37646153164087,122.42466735839844,8978348,0.0,0.0
2012-05-03 00:00:00+05:30,121.44510400239933,124.22798906203268,121.43397517982199,123.34859466552734,13714548,0.0,0.0
2012-05-04 00:00:00+05:30,122.7141073688241,123.27068440370782,119.02957011555517,119.6640625,12351888,0.0,0.0
2012-05-07 00:00:00+05:30,118.41732391579266,119.00728736268404,114.96654663350785,118.4952392578125,16712688,0.0,0.0
2012-05-08 00:00:00+05:30,118.63997775158225,119.41918567634657,114.26527639579658,114.73279571533203,11283080,0.0,0.0
2012-05-09 00:00:00+05:30,114.3654506134754,116.34685668333125,112.51761080107681,114.1316909790039,15023992,0.0,0.0
2012-05-10 00:00:00+05:30,113.77546210264796,116.41364510764284,113.54170249164969,115.21143341064453,12084380,0.0,0.0
2012-05-11 00:00:00+05:30,114.26525994007544,115.76801786427517,113.14097709963164,113.66415405273438,8050084,0.0,0.0
2012-05-14 00:00:00+05:30,113.70867239722028,113.9424320016682,109.99073560411428,111.43783569335938,11034848,0.0,0.0
2012-05-15 00:00:00+05:30,110.42487915717922,112.30611217499799,110.42487915717922,111.11503601074219,8019464,0.0,0.0
2012-05-16 00:00:00+05:30,109.97961309356904,111.02598055118918,108.19856672768128,110.24677276611328,16960872,0.0,0.0
2012-05-17 00:00:00+05:30,110.64751299817128,112.76250570135564,110.20225137644826,110.82561492919922,11618520,0.0,0.0
2012-05-18 00:00:00+05:30,109.04455477653094,112.18365017510845,108.86645286782324,111.43783569335938,9614416,0.0,0.0
2012-05-21 00:00:00+05:30,111.3710517826756,113.0630471316077,109.9684805348576,110.74768829345703,8542340,0.0,0.0
2012-05-22 00:00:00+05:30,112.16138671383197,112.42854637337022,108.41006342362657,108.92211151123047,11096812,0.0,0.0
2012-05-23 00:00:00+05:30,109.08909228372578,109.7347202465744,107.35257475687047,108.46572875976562,12695888,0.0,0.0
2012-05-24 00:00:00+05:30,109.75698239971858,111.91650383802322,107.97593603217751,111.24861145019531,11539244,0.0,0.0
2012-05-25 00:00:00+05:30,111.27085503990762,112.01666947094257,110.33580989154521,111.31538391113281,11194572,0.0,0.0
2012-05-28 00:00:00+05:30,111.58254524131902,113.67527313173522,111.31538559822252,113.2634048461914,12206852,0.0,0.0
2012-05-29 00:00:00+05:30,113.57511087387384,113.9758504242831,111.78293549984987,112.41743469238281,10573024,0.0,0.0
2012-05-30 00:00:00+05:30,111.32652606047947,112.51760216976105,110.54731827981054,111.4601058959961,10167280,0.0,0.0
2012-05-31 00:00:00+05:30,110.42487991616649,113.29681595838134,110.28017125091341,112.69571685791016,19039120,0.0,0.0
2012-06-01 00:00:00+05:30,112.20591885448061,112.9072044884906,109.08908777518948,109.17813873291016,11708748,0.0,0.0
2012-06-04 00:00:00+05:30,108.64383760104312,110.9814611559836,107.9870739798509,110.34696197509766,11360968,0.0,0.0
2012-06-05 00:00:00+05:30,111.31540680692298,112.40629643480017,110.97033176348282,111.64935302734375,10710712,0.0,0.0
2012-06-06 00:00:00+05:30,112.39516044879512,116.43590809953743,112.09460751074013,115.74575805664062,25091692,0.0,0.0
2012-06-07 00:00:00+05:30,116.70306168218558,120.10931001785772,116.43590201916513,119.7308349609375,19800492,0.0,0.0
2012-06-08 00:00:00+05:30,120.42100999863749,120.83287155988023,118.20583073188217,120.020263671875,19322744,0.0,0.0
2012-06-11 00:00:00+05:30,120.46551793901925,122.20204901354428,119.86442566216638,120.6547622680664,13071884,0.0,0.0
2012-06-12 00:00:00+05:30,119.95346976754267,122.63616813274483,119.76423902689523,122.35787963867188,11253840,0.0,0.0
2012-06-13 00:00:00+05:30,122.66957980210076,122.98126838029627,120.17611194145661,120.61024475097656,8064732,0.0,0.0
2012-06-14 00:00:00+05:30,120.22065766976829,121.86813137686262,118.58432637569764,118.97393035888672,8642552,0.0,0.0
2012-06-15 00:00:00+05:30,119.10749785783372,122.38017388112178,119.09636903363943,121.9015121459961,9932224,0.0,0.0
2012-06-18 00:00:00+05:30,122.89221199638867,122.89221199638867,117.89414739590316,119.09635925292969,11237464,0.0,0.0
2012-06-19 00:00:00+05:30,119.06295158863095,119.99800368566093,117.17058974943222,119.4302978515625,11860736,0.0,0.0
2012-06-20 00:00:00+05:30,119.5527458792987,120.33195372022521,117.67151280282908,118.92938232421875,9534472,0.0,0.0
2012-06-21 00:00:00+05:30,118.66221403192446,121.26699705760339,118.28373896181634,120.86626434326172,10652656,0.0,0.0
2012-06-22 00:00:00+05:30,119.12973673640137,121.35604475680361,119.12973673640137,121.18907165527344,6168816,0.0,0.0
2012-06-25 00:00:00+05:30,121.42285273496343,122.11300283068014,119.1074868084118,119.4859619140625,6374848,0.0,0.0
2012-06-26 00:00:00+05:30,119.77537549620193,122.00168359092687,119.39690040243745,120.98871612548828,5853128,0.0,0.0
2012-06-27 00:00:00+05:30,121.55642700195312,123.49331784217308,121.55642700195312,122.22431945800781,11937288,0.0,0.0
2012-06-28 00:00:00+05:30,122.71796479476522,124.00819749922688,121.89894203457273,123.07698059082031,12142440,1.075,0.0
2012-06-29 00:00:00+05:30,123.88476898871312,126.7569500469238,123.87355231336801,126.45401763916016,12659172,0.0,0.0
2012-07-02 00:00:00+05:30,126.55502250893993,129.02329422453982,125.6574691578127,128.78768920898438,8201524,0.0,0.0
2012-07-03 00:00:00+05:30,129.22520436847765,130.14519075593716,128.28277093768222,129.21397399902344,8466800,0.0,0.0
2012-07-04 00:00:00+05:30,129.40470914100538,130.3359121800655,129.16910421283703,129.6964111328125,12810284,0.0,0.0
2012-07-05 00:00:00+05:30,129.67400429942907,131.26715575428526,129.1242502242491,131.06520080566406,8381528,0.0,0.0
2012-07-06 00:00:00+05:30,130.6164237662272,132.16470851225782,129.80863136560467,130.48179626464844,15741520,0.0,0.0
2012-07-09 00:00:00+05:30,130.13401405065062,130.5379103034497,127.69939246537606,129.73011779785156,7661160,0.0,0.0
2012-07-10 00:00:00+05:30,130.1451872487802,132.9051600323554,129.58421661408715,132.08615112304688,13543016,0.0,0.0
2012-07-11 00:00:00+05:30,131.69352428548137,133.2417956383683,131.28961431069752,131.71595764160156,12299444,0.0,0.0
2012-07-12 00:00:00+05:30,131.0203041007133,132.59102184408954,129.15787067710968,130.16761779785156,7583748,0.0,0.0
2012-07-13 00:00:00+05:30,131.26713387508946,132.70322423673832,130.69494654346641,131.7271270751953,9508572,0.0,0.0
2012-07-16 00:00:00+05:30,131.94029407494423,132.9949216136373,130.38079296198478,130.7398223876953,12850160,0.0,0.0
2012-07-17 00:00:00+05:30,131.7159066459829,132.10858609509785,129.83103981200227,130.87445068359375,8539356,0.0,0.0
2012-07-18 00:00:00+05:30,131.19986719063925,132.09742056468764,130.16767259313704,131.71595764160156,7117996,0.0,0.0
2012-07-19 00:00:00+05:30,132.07493398885728,132.56859093596992,131.39055248506574,132.25445556640625,4800448,0.0,0.0
2012-07-20 00:00:00+05:30,132.16469765596074,132.16469765596074,130.36959140596468,130.72860717773438,4168944,0.0,0.0
2012-07-23 00:00:00+05:30,129.56182276325896,130.14522692295893,128.13694869942904,128.5745086669922,6094528,0.0,0.0
2012-07-24 00:00:00+05:30,128.4735219109867,129.57303008904304,127.94621486991242,128.8101043701172,5305588,0.0,0.0
2012-07-25 00:00:00+05:30,128.89986480474482,130.32472506612086,128.73157357565748,129.25888061523438,8815704,0.0,0.0
2012-07-26 00:00:00+05:30,129.69643272265455,129.8647239415853,126.33060834403894,126.95889282226562,17705416,0.0,0.0
2012-07-27 00:00:00+05:30,128.3501264240058,132.09741432270317,126.70087765535469,131.1774139404297,13430872,0.0,0.0
2012-07-30 00:00:00+05:30,131.73836996702246,132.81544480039852,131.04277169141125,131.77203369140625,8466284,0.0,0.0
2012-07-31 00:00:00+05:30,132.38910527393597,132.38910527393597,130.1115584083659,131.8842315673828,8391408,0.0,0.0
2012-08-01 00:00:00+05:30,131.3905576380273,132.01884209736863,129.60666803186734,131.60372924804688,7870988,0.0,0.0
2012-08-02 00:00:00+05:30,131.60372990293052,132.20958101500003,129.53935493004425,130.7061767578125,6885460,0.0,0.0
2012-08-03 00:00:00+05:30,130.36961556983766,132.1647221525549,130.0891301662881,131.98521423339844,9951500,0.0,0.0
2012-08-06 00:00:00+05:30,133.095950424215,135.08178177102315,133.06228669471216,134.68910217285156,12329176,0.0,0.0
2012-08-07 00:00:00+05:30,135.0817386995453,135.14905244151018,133.95979734822018,134.6553955078125,11228764,0.0,0.0
2012-08-08 00:00:00+05:30,134.63299110572382,135.0817677427429,133.44373575673848,134.38616943359375,8053116,0.0,0.0
2012-08-09 00:00:00+05:30,134.85735365846517,136.20368331229346,134.29638296937006,135.67637634277344,9873120,0.0,0.0
2012-08-10 00:00:00+05:30,134.63297716738907,136.18126188304393,134.5544467422713,135.11541748046875,15127420,0.0,0.0
2012-08-13 00:00:00+05:30,134.63297670797203,136.76466550584826,134.63297670797203,136.30467224121094,8421704,0.0,0.0
2012-08-14 00:00:00+05:30,136.21492610673175,136.65248606724455,135.36225323491834,136.46176147460938,11225568,0.0,0.0
2012-08-16 00:00:00+05:30,136.42808526592682,136.461748988877,134.15053856162922,134.64419555664062,8143296,0.0,0.0
2012-08-17 00:00:00+05:30,134.31882151955648,135.13784423557746,132.79298392525172,133.53346252441406,7686156,0.0,0.0
2012-08-21 00:00:00+05:30,133.5110309731914,134.29638997891607,131.9851933583269,133.82518005371094,8340840,0.0,0.0
2012-08-22 00:00:00+05:30,133.3764071956807,134.7339536328622,132.6920119437328,133.9373779296875,9580860,0.0,0.0
2012-08-23 00:00:00+05:30,134.49834515249987,135.65393661704138,133.567128280129,134.11688232421875,9425048,0.0,0.0
2012-08-24 00:00:00+05:30,133.1744802773942,134.7227653072916,133.1183831921889,133.80276489257812,6708376,0.0,0.0
2012-08-27 00:00:00+05:30,133.51101592962704,134.38613562991583,132.84906781741603,133.3651580810547,4046724,0.0,0.0
2012-08-28 00:00:00+05:30,133.03982978531243,133.4100622664101,131.60373917372883,132.2432403564453,8895964,0.0,0.0
2012-08-29 00:00:00+05:30,132.2207952397244,133.69053574850133,131.54763039336177,132.063720703125,6729628,0.0,0.0
2012-08-30 00:00:00+05:30,131.4915327167475,135.08174521413312,131.4915327167475,133.71298217773438,22716404,0.0,0.0
2012-08-31 00:00:00+05:30,132.46761245977157,134.63296478834684,132.22079083588898,133.5895538330078,12506740,0.0,0.0
2012-09-03 00:00:00+05:30,134.08323332681584,134.13933040491222,131.94032768264987,132.49008178710938,7437816,0.0,0.0
2012-09-04 00:00:00+05:30,132.51250701451232,132.91640321292428,131.76081169234493,132.41152954101562,5772588,0.0,0.0
2012-09-05 00:00:00+05:30,131.9403040893041,133.73541026738985,131.79444623410532,132.86029052734375,12158472,0.0,0.0
2012-09-06 00:00:00+05:30,132.41156061075566,133.17448648333118,131.51400720564476,131.97401428222656,5097452,0.0,0.0
2012-09-07 00:00:00+05:30,133.34274075287442,133.51103196964286,131.42422362082885,132.47885131835938,11205148,0.0,0.0
2012-09-10 00:00:00+05:30,132.72570146030077,133.95983731496122,132.24326105706623,132.6471710205078,6034892,0.0,0.0
2012-09-11 00:00:00+05:30,132.10860450370433,133.95980787891546,130.89690227079097,133.37640380859375,6311544,0.0,0.0
2012-09-12 00:00:00+05:30,133.56712424443276,134.63296857901662,133.26420554335948,134.45346069335938,6391016,0.0,0.0
2012-09-13 00:00:00+05:30,134.85735685998165,134.96955100046418,133.18566142767745,134.45346069335938,3399760,0.0,0.0
2012-09-14 00:00:00+05:30,136.11394862273443,137.94271889806816,134.84616283963422,137.4939422607422,25771220,0.0,0.0
2012-09-17 00:00:00+05:30,138.8963337215382,139.10950530885216,135.86709219449335,136.49537658691406,21086848,0.0,0.0
2012-09-18 00:00:00+05:30,136.49539715884563,137.3256365897614,135.49686650661886,135.85589599609375,10039176,0.0,0.0
2012-09-20 00:00:00+05:30,135.0817510522002,136.87685737847528,134.8573627614158,136.18125915527344,10491328,0.0,0.0
2012-09-21 00:00:00+05:30,136.58517649330597,141.14025676258572,135.77737030402793,140.2763671875,23602848,0.0,0.0
2012-09-24 00:00:00+05:30,140.35486835870216,142.91290021469214,139.74901726695995,142.48655700683594,17574880,0.0,0.0
2012-09-25 00:00:00+05:30,142.03778305064603,143.36167939775208,140.50072879128172,142.91290283203125,11686144,0.0,0.0
2012-09-26 00:00:00+05:30,142.45289971416625,142.84557921969778,140.05195597966147,141.5329132080078,10730508,0.0,0.0
2012-09-27 00:00:00+05:30,142.03777007549184,142.93532312494202,140.2875443681785,141.5441131591797,15861744,0.0,0.0
2012-09-28 00:00:00+05:30,141.7909569184417,142.32948056287404,140.48949396268995,141.17388916015625,11007688,0.0,0.0
2012-10-01 00:00:00+05:30,141.14023208647245,141.81339694539045,139.12073750971848,139.76023864746094,8054784,0.0,0.0
2012-10-03 00:00:00+05:30,140.0183244394141,140.6466090535524,138.66077771882053,138.9973602294922,11032228,0.0,0.0
2012-10-04 00:00:00+05:30,139.45732376690466,142.23974407169862,139.44610709139633,141.6563262939453,12652064,0.0,0.0
2012-10-05 00:00:00+05:30,143.15975421975128,143.3056121121557,113.32732307387114,139.6593017578125,14947024,0.0,0.0
2012-10-08 00:00:00+05:30,139.995877389561,139.995877389561,138.34661503125002,139.27783203125,9290672,0.0,0.0
2012-10-09 00:00:00+05:30,140.2314723218072,141.47682466099275,139.5695240906225,140.41098022460938,4310768,0.0,0.0
2012-10-10 00:00:00+05:30,140.01829780513452,140.01829780513452,138.2680718216853,138.66075134277344,4295016,0.0,0.0
2012-10-11 00:00:00+05:30,139.37880436008098,140.87097840557763,138.77295318342098,140.2090301513672,9812932,0.0,0.0
2012-10-12 00:00:00+05:30,141.36464387247284,142.48658549050836,140.46709057804446,141.62269592285156,15506408,0.0,0.0
2012-10-15 00:00:00+05:30,141.903157900858,142.46412861726623,139.70414173607838,142.29583740234375,7572068,0.0,0.0
2012-10-16 00:00:00+05:30,142.54266926919698,142.59876634486372,140.93828742689803,141.4543914794922,7273836,0.0,0.0
2012-10-17 00:00:00+05:30,141.81341335310506,141.92560750923886,140.57927763563342,140.93829345703125,6433772,0.0,0.0
2012-10-18 00:00:00+05:30,141.36463386917697,143.13730697846506,140.1192815003969,142.75584411621094,5618460,0.0,0.0
2012-10-19 00:00:00+05:30,141.81342004307132,142.48658501163018,140.6914784288065,141.02806091308594,9055400,0.0,0.0
2012-10-22 00:00:00+05:30,140.28756893217178,143.60851305751174,140.28756893217178,143.38412475585938,8241404,0.0,0.0
2012-10-23 00:00:00+05:30,143.39533169043216,143.49630915843093,141.92559115356931,142.28460693359375,8332960,0.0,0.0
2012-10-25 00:00:00+05:30,141.9592562394574,143.8328929707531,141.1402335079621,143.0138702392578,17011340,0.0,0.0
2012-10-29 00:00:00+05:30,143.12606574549375,144.16947677548382,142.609975415996,143.74313354492188,5512328,0.0,0.0
2012-10-30 00:00:00+05:30,142.9465668039723,144.68557616581035,141.4992594991985,142.18365478515625,8834904,0.0,0.0
2012-10-31 00:00:00+05:30,142.2846513356816,142.688561333723,141.37588123124522,142.30709838867188,7492968,0.0,0.0
2012-11-01 00:00:00+05:30,141.9816929721792,142.64364117833154,140.8036544291465,141.05047607421875,7058460,0.0,0.0
2012-11-02 00:00:00+05:30,143.15970759676125,143.15970759676125,140.9158250325487,141.43191528320312,5432772,0.0,0.0
2012-11-05 00:00:00+05:30,141.81339217058317,142.71094528558686,141.53290682214453,142.48655700683594,4022128,0.0,0.0
2012-11-06 00:00:00+05:30,142.25093856062975,143.87775342726906,142.25093856062975,143.50750732421875,7278084,0.0,0.0
2012-11-07 00:00:00+05:30,143.55237620867587,144.7304144659569,142.91287520438038,143.61968994140625,8200660,0.0,0.0
2012-11-08 00:00:00+05:30,142.82315400172848,143.8329013591641,142.59876570007611,143.38412475585938,3867800,0.0,0.0
2012-11-09 00:00:00+05:30,143.21582484575342,144.28166921397485,142.4865629096019,143.462646484375,4420776,0.0,0.0
2012-11-12 00:00:00+05:30,142.99143604840606,146.7050594632357,142.99143604840606,146.1440887451172,9657456,0.0,0.0
2012-11-15 00:00:00+05:30,145.17923177870375,145.26899257797163,143.38412535794697,145.0109405517578,9442340,0.0,0.0
2012-11-16 00:00:00+05:30,144.28164873609472,145.5382174925814,143.64214768415587,144.1133575439453,12102824,0.0,0.0
2012-11-19 00:00:00+05:30,143.5524202692587,145.38119046057128,143.4851065158677,145.12313842773438,5787948,0.0,0.0
2012-11-20 00:00:00+05:30,145.65041854973097,147.176269720933,145.45969400111719,146.7162628173828,9353388,0.0,0.0
2012-11-21 00:00:00+05:30,147.0080115568702,149.33042516268762,145.7850924884738,148.92652893066406,12929784,0.0,0.0
2012-11-22 00:00:00+05:30,149.62210852640095,150.59820580194136,148.99382405564262,150.13819885253906,8440964,0.0,0.0
2012-11-23 00:00:00+05:30,150.2279452914487,150.92354344339645,147.88308515383426,150.28404235839844,5249712,0.0,0.0
2012-11-26 00:00:00+05:30,151.01331804764965,151.17039258859714,148.11870364993305,148.52261352539062,5481536,0.0,0.0
2012-11-27 00:00:00+05:30,149.19580607561286,153.43673729470916,149.19580607561286,152.69625854492188,16502672,0.0,0.0
2012-11-29 00:00:00+05:30,152.02307392366285,157.91326682476418,151.55186396980474,157.03814697265625,25199452,0.0,0.0
2012-11-30 00:00:00+05:30,157.29618172843547,158.30592897205597,154.73814989970083,157.9581298828125,15639292,0.0,0.0
2012-12-03 00:00:00+05:30,157.07183498802175,157.32988705230434,153.48162161686696,154.14356994628906,11636340,0.0,0.0
2012-12-04 00:00:00+05:30,153.50403586140573,154.8279323554287,152.81965426184826,153.73965454101562,8679488,0.0,0.0
2012-12-05 00:00:00+05:30,154.6035539540754,155.94988388691206,154.15477730979654,155.41134643554688,9219860,0.0,0.0
2012-12-06 00:00:00+05:30,156.12937328172495,156.7352244187362,152.76354884896756,155.89376831054688,10904552,0.0,0.0
2012-12-07 00:00:00+05:30,156.00598469387754,156.6230525945006,154.37916931950772,155.52354431152344,7936632,0.0,0.0
2012-12-10 00:00:00+05:30,154.82794889639982,156.28647305267026,154.7494184585237,155.50111389160156,8324104,0.0,0.0
2012-12-11 00:00:00+05:30,156.00597556044826,156.8474317393072,153.99769740778976,155.01866149902344,13500552,0.0,0.0
2012-12-12 00:00:00+05:30,155.10838372571416,156.17422795384746,154.4913160146896,155.69178771972656,7736504,0.0,0.0
2012-12-13 00:00:00+05:30,155.69179148009061,156.17423172586368,154.60351387804607,155.06350708007812,6283232,0.0,0.0
2012-12-14 00:00:00+05:30,154.8391569098008,155.81525431557165,153.78452907054805,154.54745483398438,8373892,0.0,0.0
2012-12-17 00:00:00+05:30,154.35672299264044,154.35672299264044,151.14795922260822,151.79869079589844,12230212,0.0,0.0
2012-12-18 00:00:00+05:30,152.12406962450748,153.07772001799214,150.28408259678648,151.67529296875,13375072,0.0,0.0
2012-12-19 00:00:00+05:30,151.36112501669328,154.65963576560796,151.34990834080895,154.379150390625,16489012,0.0,0.0
2012-12-20 00:00:00+05:30,153.9303583890649,154.15474666659998,152.64012579323818,153.34695434570312,10260748,0.0,0.0
2012-12-21 00:00:00+05:30,152.80844980725172,153.03283813295985,151.24894820446474,151.68650817871094,11086244,0.0,0.0
2012-12-24 00:00:00+05:30,152.5840431833902,152.61770690644002,150.7440563941226,151.70892333984375,5482252,0.0,0.0
2012-12-26 00:00:00+05:30,152.1576949484242,153.67231591565604,151.03575349121542,152.65135192871094,5723216,0.0,0.0
2012-12-27 00:00:00+05:30,153.481595669582,153.481595669582,151.84356383503035,152.60647583007812,9858168,0.0,0.0
2012-12-28 00:00:00+05:30,152.8308608318603,153.25720406664448,151.27137315250266,152.05673217773438,7024264,0.0,0.0
2012-12-31 00:00:00+05:30,151.91085120750856,152.58401598390816,151.23768643110895,152.26986694335938,5107288,0.0,0.0
2013-01-01 00:00:00+05:30,153.05525836261728,153.728423282017,152.50551796823447,153.5937957763672,4029212,0.0,0.0
2013-01-02 00:00:00+05:30,154.80546211329715,154.82789546049733,153.2683943540634,154.23326110839844,9709596,0.0,0.0
2013-01-03 00:00:00+05:30,154.8279268071132,154.8279268071132,152.67380460802678,153.3357391357422,9142732,0.0,0.0
2013-01-04 00:00:00+05:30,153.70601679443905,153.70601679443905,150.9684762379627,152.43821716308594,10884508,0.0,0.0
2013-01-07 00:00:00+05:30,153.4142826704326,153.4142826704326,149.4426070414766,149.93626403808594,11004568,0.0,0.0
2013-01-08 00:00:00+05:30,149.89138182683118,151.10308410426,149.37529148480584,150.39625549316406,9885196,0.0,0.0
2013-01-09 00:00:00+05:30,150.7889374122191,150.91234823795043,149.45382428976677,149.77919006347656,12871964,0.0,0.0
2013-01-10 00:00:00+05:30,150.22797321055134,152.13527384130515,149.55480828204998,151.64161682128906,9130368,0.0,0.0
2013-01-11 00:00:00+05:30,151.88844954999098,151.88844954999098,149.59968609358836,150.18309020996094,10283428,0.0,0.0
2013-01-14 00:00:00+05:30,149.92505187584723,150.45235891581572,149.68943319848975,150.18309020996094,11389748,0.0,0.0
2013-01-15 00:00:00+05:30,150.51966519419338,151.56307624172834,149.21821582535782,149.9586944580078,8263376,0.0,0.0
2013-01-16 00:00:00+05:30,149.34162370179533,150.16064643869734,147.55773405680526,148.20846557617188,9150756,0.0,0.0
2013-01-17 00:00:00+05:30,147.5801579307047,150.53085526417394,146.76113532240237,149.62208557128906,12844144,0.0,0.0
2013-01-18 00:00:00+05:30,150.3401606278523,151.23771382563052,147.04164988690235,148.73577880859375,20224692,0.0,0.0
2013-01-21 00:00:00+05:30,148.09625500582362,148.8591805855979,146.91821661373186,147.77088928222656,10854720,0.0,0.0
2013-01-22 00:00:00+05:30,147.7597381650148,148.320709076803,145.30268283226664,146.6938934326172,8486128,0.0,0.0
2013-01-23 00:00:00+05:30,147.4231348349011,148.76946483339336,146.82850027400292,147.3333740234375,7079740,0.0,0.0
2013-01-24 00:00:00+05:30,147.10896174460572,148.7133435432189,147.03043131904064,148.16358947753906,6147960,0.0,0.0
2013-01-25 00:00:00+05:30,148.1636170628353,149.66702166878866,147.09777245574872,149.22946166992188,5589732,0.0,0.0
2013-01-28 00:00:00+05:30,149.27431110326364,150.78893207274433,149.09480320895858,150.41868591308594,7368020,0.0,0.0
2013-01-29 00:00:00+05:30,150.50844843317532,150.5421121555572,145.85239132547738,146.4021453857422,11961748,0.0,0.0
2013-01-30 00:00:00+05:30,146.52559677164794,147.73729937479033,144.5061015634629,147.34461975097656,10039632,0.0,0.0
2013-01-31 00:00:00+05:30,147.33338231897065,147.6250981248638,143.63097461465472,144.2929229736328,13888384,0.0,0.0
2013-02-01 00:00:00+05:30,144.68556344572232,144.69678012085882,142.75582967272737,143.6421661376953,10484144,0.0,0.0
2013-02-04 00:00:00+05:30,143.86658169173953,145.74021874861424,143.6085296368177,145.1568145751953,10475800,0.0,0.0
2013-02-05 00:00:00+05:30,142.78949413015562,145.2241154861054,142.78949413015562,144.53973388671875,7460020,0.0,0.0
2013-02-06 00:00:00+05:30,145.08947413669574,145.1568015853993,142.98023226375287,143.49632263183594,9873588,0.0,0.0
2013-02-07 00:00:00+05:30,142.77829207705415,144.28169663177275,142.38561249835183,143.9451141357422,9082836,0.0,0.0
2013-02-08 00:00:00+05:30,143.72072637470882,146.61534133027564,143.72072637470882,145.86363220214844,18826656,0.0,0.0
2013-02-11 00:00:00+05:30,145.85239433494908,148.08506064888365,145.85239433494908,147.41189575195312,15167060,0.0,0.0
2013-02-12 00:00:00+05:30,147.12021670739645,149.66701882079383,147.12021670739645,149.26312255859375,15832836,0.0,0.0
2013-02-13 00:00:00+05:30,148.83675659969103,149.75675684671955,147.98408379909932,149.03871154785156,14508832,0.0,0.0
2013-02-14 00:00:00+05:30,148.99384519953693,152.22504250137183,148.54506855736966,151.417236328125,17684152,0.0,0.0
2013-02-15 00:00:00+05:30,150.721623928014,152.7635519808529,149.93626487760287,151.8547821044922,12488780,0.0,0.0
2013-02-18 00:00:00+05:30,152.13528483012726,152.7860164529115,151.23773152729464,151.68650817871094,9469164,0.0,0.0
2013-02-19 00:00:00+05:30,151.34992257091514,152.0006541802882,150.68797428460317,151.417236328125,2374812,0.0,0.0
2013-02-20 00:00:00+05:30,152.02306902558067,152.76354765588925,151.43966494002228,151.899658203125,6861684,0.0,0.0
2013-02-21 00:00:00+05:30,151.4621160625293,152.01187018587152,149.0050612183997,149.49871826171875,10871872,0.0,0.0
2013-02-22 00:00:00+05:30,148.58994055694484,149.53237419131042,147.54652944468728,147.939208984375,7708384,0.0,0.0
2013-02-25 00:00:00+05:30,148.82552011445173,149.263079980175,146.7723619652127,147.2996826171875,7552944,0.0,0.0
2013-02-26 00:00:00+05:30,146.92944922375702,148.76943593675023,144.8202075198264,146.13287353515625,11742640,0.0,0.0
2013-02-27 00:00:00+05:30,146.36847606870026,146.7499388936242,143.81045782826595,144.22557067871094,12871336,0.0,0.0
2013-02-28 00:00:00+05:30,145.1680080877312,146.963114421743,138.97488301804583,140.3212127685547,27887004,0.0,0.0
2013-03-01 00:00:00+05:30,140.24270298969316,141.27488380546671,138.29052182496133,139.68173217773438,17220728,0.0,0.0
2013-03-04 00:00:00+05:30,139.19926537461336,141.43193152145892,138.6719583897105,140.83731079101562,11969800,0.0,0.0
2013-03-05 00:00:00+05:30,141.5665875230462,142.41926034546276,139.827578154133,142.02658081054688,10557580,0.0,0.0
2013-03-06 00:00:00+05:30,142.47535256470255,142.96900955945384,141.1402394523893,141.47682189941406,10933316,0.0,0.0
2013-03-07 00:00:00+05:30,140.99439501919943,144.2704726998418,140.72513999237566,144.01242065429688,5950984,0.0,0.0
2013-03-08 00:00:00+05:30,144.55092146076925,148.0962532696245,144.37141358985997,147.4904022216797,10596860,0.0,0.0
2013-03-11 00:00:00+05:30,147.4904345841833,148.0289720106502,145.90849972535344,147.0304412841797,8504584,0.0,0.0
2013-03-12 00:00:00+05:30,146.5255678070258,147.1314189888346,143.6309531025924,144.50607299804688,6895724,0.0,0.0
2013-03-13 00:00:00+05:30,143.84412171886026,144.93241322708948,141.85829067661138,142.46414184570312,7913372,0.0,0.0
2013-03-14 00:00:00+05:30,142.46413080660216,146.6377475225884,138.07732878041568,145.68409729003906,31914436,0.0,0.0
2013-03-15 00:00:00+05:30,144.73046128124184,145.82996948858545,142.2173094470106,143.47389221191406,15439608,0.0,0.0
2013-03-18 00:00:00+05:30,142.03783216745398,146.7499877369904,141.36466708609166,144.34902954101562,17561924,0.0,0.0
2013-03-19 00:00:00+05:30,144.28169725672794,144.46120518293975,140.0183189552072,141.7124481201172,20028460,0.0,0.0
2013-03-20 00:00:00+05:30,141.81339752416818,142.13876327975458,139.34512636472854,140.35487365722656,11336436,0.0,0.0
2013-03-21 00:00:00+05:30,139.7154030330338,141.09538308351378,135.4744580000197,136.20372009277344,14452588,0.0,0.0
2013-03-22 00:00:00+05:30,136.6524760306546,137.9090450446605,135.2163854184407,135.81101989746094,29525900,0.0,0.0
2013-03-25 00:00:00+05:30,137.1012337734528,137.62854073281372,136.32709149830148,136.74221801757812,27198976,0.0,0.0
2013-03-26 00:00:00+05:30,135.97932641422778,138.55979217951426,135.2051839455265,137.88662719726562,13274404,0.0,0.0
2013-03-28 00:00:00+05:30,138.33538186478393,141.6226758171728,136.19247641767222,140.3212127685547,19496092,0.0,0.0
2013-04-01 00:00:00+05:30,140.1641712728499,141.14025499850408,139.3451484166471,139.98464965820312,6708772,0.0,0.0
2013-04-02 00:00:00+05:30,140.24271575137192,142.32952462263677,138.6495639786674,141.34222412109375,6857420,0.0,0.0
2013-04-03 00:00:00+05:30,140.91585721972518,141.7348800209681,139.00855660449005,139.9397735595703,6703616,0.0,0.0
2013-04-04 00:00:00+05:30,138.85150259986315,139.8836971852757,137.65103045436507,138.2568817138672,8181984,0.0,0.0
2013-04-05 00:00:00+05:30,137.9875632619163,140.55681157869742,137.63976419794056,139.33389282226562,12959920,0.0,0.0
2013-04-08 00:00:00+05:30,138.88514229282777,141.12902531332557,138.615873591253,140.11927795410156,8652128,0.0,0.0
2013-04-09 00:00:00+05:30,140.93828331464888,140.93828331464888,138.53733950262625,139.25537109375,14760408,0.0,0.0
2013-04-10 00:00:00+05:30,140.6465935465479,142.18366172649203,138.88515074647185,141.81341552734375,15144504,0.0,0.0
2013-04-11 00:00:00+05:30,141.92559508919297,144.05728386918875,141.79096759184407,143.44021606445312,25066068,0.0,0.0
2013-04-12 00:00:00+05:30,142.7334070046866,144.9211931573488,142.7334070046866,144.4387664794922,15206080,0.0,0.0
2013-04-15 00:00:00+05:30,144.07969437159727,144.382626735954,142.48654322479308,143.95628356933594,15923768,0.0,0.0
2013-04-16 00:00:00+05:30,144.2816801547911,149.40894744722502,144.13582227827078,148.8479766845703,13740312,0.0,0.0
2013-04-17 00:00:00+05:30,149.21826765835624,150.75532253119178,147.378280265408,148.11875915527344,14956948,0.0,0.0
2013-04-18 00:00:00+05:30,146.74997376829222,151.55188970316146,146.74997376829222,151.14797973632812,9223784,0.0,0.0
2013-04-22 00:00:00+05:30,151.39479478080534,157.52059287574707,151.39479478080534,156.6903533935547,19860152,0.0,0.0
2013-04-23 00:00:00+05:30,156.80253337350024,157.07180205900195,152.3147676003859,154.60353088378906,23863560,0.0,0.0
2013-04-25 00:00:00+05:30,155.35525908954807,155.94989365870782,152.59528529340866,154.7269744873047,25895124,0.0,0.0
2013-04-26 00:00:00+05:30,154.3006397011515,155.33282053488978,153.25722849451745,154.62599182128906,8568744,0.0,0.0
2013-04-29 00:00:00+05:30,154.43523587586915,156.36496963270312,154.04255638036204,155.9835205078125,11675432,0.0,0.0
2013-04-30 00:00:00+05:30,155.72547391701957,156.16303382348053,151.86599257362118,153.10012817382812,12552272,0.0,0.0
2013-05-02 00:00:00+05:30,153.57137605020716,155.72549850518953,153.10015234747087,155.388916015625,12303268,0.0,0.0
2013-05-03 00:00:00+05:30,155.41132608665706,155.72547517474948,152.28112035912855,152.79721069335938,12286584,0.0,0.0
2013-05-06 00:00:00+05:30,152.35968476132408,152.42699852504862,150.32897299809795,151.57432556152344,7673460,0.0,0.0
2013-05-07 00:00:00+05:30,151.75380310077998,154.8054921689641,150.9011303080428,154.39036560058594,11098464,0.0,0.0
2013-05-08 00:00:00+05:30,154.60354185121378,156.95961904923664,154.04257108977976,156.43231201171875,8653956,0.0,0.0
2013-05-09 00:00:00+05:30,156.8586828952399,156.95966039801414,154.42407462748363,154.8391876220703,4523360,0.0,0.0
2013-05-10 00:00:00+05:30,154.5362063461897,158.17129910771558,154.52498967165494,157.823486328125,13913256,0.0,0.0
2013-05-13 00:00:00+05:30,158.19376422024428,159.6410716107362,155.0074473649199,155.44500732421875,9593972,0.0,0.0
2013-05-14 00:00:00+05:30,154.83914966121282,155.92744117562583,153.7284247941626,154.61476135253906,6653676,0.0,0.0
2013-05-15 00:00:00+05:30,155.6132767414423,160.6620131894343,155.1308364470712,160.40396118164062,14173480,0.0,0.0
2013-05-16 00:00:00+05:30,159.7644752247336,162.45713491953248,159.5400869168337,162.1878662109375,11660616,0.0,0.0
2013-05-17 00:00:00+05:30,162.12056716167768,162.12056716167768,159.13620513504864,161.31277465820312,12819852,0.0,0.0
2013-05-20 00:00:00+05:30,161.4473963124173,162.45714375287022,159.79814763790802,160.32545471191406,5841608,0.0,0.0
2013-05-21 00:00:00+05:30,160.21329312612883,161.11084658902033,158.20501451379337,158.82208251953125,9206500,0.0,0.0
2013-05-22 00:00:00+05:30,158.75470176545997,159.76444898516962,156.6230131905174,157.84593200683594,5412112,0.0,0.0
2013-05-23 00:00:00+05:30,156.84742070977268,158.5191162733337,155.79279296731588,156.75765991210938,7905248,0.0,0.0
2013-05-24 00:00:00+05:30,158.36207002782547,158.36207002782547,155.79282081075235,157.374755859375,8264240,0.0,0.0
2013-05-27 00:00:00+05:30,156.75764732583258,160.88639716649374,156.75764732583258,160.44883728027344,8995208,0.0,0.0
2013-05-28 00:00:00+05:30,160.2693239421507,161.73906439074494,158.5976285696877,160.05615234375,6707916,0.0,0.0
2013-05-29 00:00:00+05:30,159.32692132605888,161.2117886621126,157.93571102521693,160.65081787109375,4933492,0.0,0.0
2013-05-30 00:00:00+05:30,159.33812460883956,163.19760606573735,159.33812460883956,162.71517944335938,15357456,0.0,0.0
2013-05-31 00:00:00+05:30,160.94255667120794,161.71669927859236,156.55576682346825,157.18405151367188,12332896,0.0,0.0
2013-06-03 00:00:00+05:30,156.62302261245515,157.38594825813797,154.05377401529935,154.63719177246094,7890124,0.0,0.0
2013-06-04 00:00:00+05:30,154.2220982897298,155.6806224519406,152.8084545331639,153.26844787597656,5616324,0.0,0.0
2013-06-05 00:00:00+05:30,153.03280691713422,155.81522706658436,152.24744793735422,154.367919921875,7563676,0.0,0.0
2013-06-06 00:00:00+05:30,153.3693845107413,154.69328079893899,152.13524900992334,153.0776824951172,7116412,0.0,0.0
2013-06-07 00:00:00+05:30,152.97670741928042,155.59083631728922,151.05819039538102,151.7201385498047,9556224,0.0,0.0
2013-06-10 00:00:00+05:30,152.81962698701545,154.15473991902408,150.67672176946823,151.76499938964844,6368012,0.0,0.0
2013-06-11 00:00:00+05:30,151.11430274029914,152.7859983074026,148.58993437588705,149.19578552246094,11820860,0.0,0.0
2013-06-12 00:00:00+05:30,148.5450450843833,151.10307701874885,147.748469409526,148.98260498046875,9815652,0.0,0.0
2013-06-13 00:00:00+05:30,148.79026582019534,149.55956410964976,147.82864986336327,148.224609375,7149736,1.375,0.0
2013-06-14 00:00:00+05:30,149.78583873300906,151.24523524096725,149.17492696107624,150.47593688964844,14965212,0.0,0.0
2013-06-17 00:00:00+05:30,150.60037834769315,151.4149319791367,148.7337119310144,150.996337890625,13070908,0.0,0.0
2013-06-18 00:00:00+05:30,151.14346181150708,151.14346181150708,148.20204713553463,148.7563934326172,12446568,0.0,0.0
2013-06-19 00:00:00+05:30,148.4508746525874,150.82663176560987,147.71552126046137,150.50987243652344,9646956,0.0,0.0
2013-06-20 00:00:00+05:30,149.07309988371077,149.07309988371077,143.58623215033182,144.03875732421875,15138044,0.0,0.0
2013-06-21 00:00:00+05:30,144.08401112894416,145.3850209905536,142.56804904994394,143.73330688476562,17899844,0.0,0.0
2013-06-24 00:00:00+05:30,142.95266698816755,143.41650242336877,141.13125634166377,141.49327087402344,10768052,0.0,0.0
2013-06-25 00:00:00+05:30,141.64036940324945,146.25613137424486,140.82582967188387,143.45046997070312,18686432,0.0,0.0
2013-06-26 00:00:00+05:30,142.88481966871583,144.2763400635876,140.28279999145497,140.92764282226562,10476020,0.0,0.0
2013-06-27 00:00:00+05:30,143.45051040118366,147.68162443210952,140.81454518291312,146.27879333496094,27003560,0.0,0.0
2013-06-28 00:00:00+05:30,146.9575959733389,152.32002371542373,146.86708538639314,151.48284912109375,21082680,0.0,0.0
2013-07-01 00:00:00+05:30,151.36966073579876,152.5009735963055,150.3854240711465,151.31309509277344,9838684,0.0,0.0
2013-07-02 00:00:00+05:30,151.3018309906276,151.31314136069682,148.0436434321042,148.552734375,9183152,0.0,0.0
2013-07-03 00:00:00+05:30,147.97574766070213,148.1341342504683,145.6226109812519,147.2177734375,13386260,0.0,0.0
2013-07-04 00:00:00+05:30,147.9305143165753,148.7563784935739,146.09779241882137,148.23597717285156,9591060,0.0,0.0
2013-07-05 00:00:00+05:30,149.35595367582482,152.2181814144453,148.99393899875471,151.0868682861328,9543496,0.0,0.0
2013-07-08 00:00:00+05:30,150.23836434471235,151.0189730660281,147.69291012953462,149.4351348876953,7169296,0.0,0.0
2013-07-09 00:00:00+05:30,149.83108174483885,152.4444117558011,149.83108174483885,151.66380310058594,7040192,0.0,0.0
2013-07-10 00:00:00+05:30,151.6525049456252,152.0258437529568,148.46220786650608,149.1749267578125,7138580,0.0,0.0
2013-07-11 00:00:00+05:30,150.91715068237886,155.37452656047967,150.7021984553944,154.5939178466797,10599568,0.0,0.0
2013-07-12 00:00:00+05:30,155.4423827247743,157.86339494114273,154.26581462046738,157.42218017578125,15634852,0.0,0.0
2013-07-15 00:00:00+05:30,156.34746819295657,157.9426168792401,154.76362987551707,157.35433959960938,8511888,0.0,0.0
2013-07-16 00:00:00+05:30,153.63232915349985,154.8767736459067,151.5846550688982,153.564453125,11647384,0.0,0.0
2013-07-17 00:00:00+05:30,153.36080683171107,154.03959471719514,146.59556252570454,149.989501953125,22633988,0.0,0.0
2013-07-18 00:00:00+05:30,151.57333668393264,155.78181594808274,148.64323295385105,154.7862548828125,13663880,0.0,0.0
2013-07-19 00:00:00+05:30,155.6799774318728,156.56240708602127,152.30867301545325,153.8585662841797,12458420,0.0,0.0
2013-07-22 00:00:00+05:30,152.9535169915417,155.44240558164074,152.9535169915417,154.32240295410156,6460432,0.0,0.0
2013-07-23 00:00:00+05:30,155.64603585478403,156.12118175352333,154.09612888037813,154.673095703125,7414784,0.0,0.0
2013-07-24 00:00:00+05:30,152.50102417350982,152.95354946779324,147.86263990710484,149.32203674316406,14628748,0.0,0.0
2013-07-25 00:00:00+05:30,149.4803843669356,150.69088368940052,147.10462719165227,147.94178771972656,16267256,0.0,0.0
2013-07-26 00:00:00+05:30,148.42827899804928,148.48484465315522,144.35555183041987,145.73574829101562,9356492,0.0,0.0
2013-07-29 00:00:00+05:30,145.48687213400135,145.48687213400135,142.46627152581578,143.11111450195312,14922224,0.0,0.0
2013-07-30 00:00:00+05:30,142.71509408818343,143.6767098628561,140.30539256413368,141.49327087402344,14691084,0.0,0.0
2013-07-31 00:00:00+05:30,140.50904626599976,140.69005354750456,137.3187497733203,137.96359252929688,26824520,0.0,0.0
2013-08-01 00:00:00+05:30,138.9026102344703,144.31027787710786,138.56321634773676,143.043212890625,23446608,0.0,0.0
2013-08-02 00:00:00+05:30,142.54544931543936,143.63150711965739,141.83271654487245,142.82827758789062,20015848,0.0,0.0
2013-08-05 00:00:00+05:30,142.89616451581097,143.77859431718758,139.1515206647941,143.1563720703125,13598372,0.0,0.0
2013-08-06 00:00:00+05:30,142.77170052171445,142.85088690768177,137.22826682475406,137.71473693847656,19645180,0.0,0.0
2013-08-07 00:00:00+05:30,138.0088810801087,139.0044282734256,135.75756535923992,136.02908325195312,22756456,0.0,0.0
2013-08-08 00:00:00+05:30,136.66260915345387,139.71715422559234,135.75755876170916,138.13331604003906,20461448,0.0,0.0
2013-08-12 00:00:00+05:30,138.03151192110522,138.2012088902263,135.45212627644935,136.25535583496094,15700868,0.0,0.0
2013-08-13 00:00:00+05:30,136.6286871644408,141.36889214854835,135.33900118778902,140.39596557617188,14702392,0.0,0.0
2013-08-14 00:00:00+05:30,140.73533304558518,141.1086718485537,137.71473294874056,140.5882568359375,14303708,0.0,0.0
2013-08-16 00:00:00+05:30,138.9252391002054,140.73533993538726,132.34100283622087,133.01979064941406,28059568,0.0,0.0
2013-08-19 00:00:00+05:30,132.81617770865032,133.17819243054362,129.03758863024197,132.2957763671875,20018440,0.0,0.0
2013-08-20 00:00:00+05:30,130.08966693711835,133.4722951090058,128.17774546518444,132.30703735351562,25726984,0.0,0.0
2013-08-21 00:00:00+05:30,137.11514197579248,140.13574230225979,133.49494020745473,134.25291442871094,28908596,0.0,0.0
2013-08-22 00:00:00+05:30,133.26868168730738,136.59474492604826,128.96969195545876,133.2008056640625,30250692,0.0,0.0
2013-08-23 00:00:00+05:30,133.94745501325633,137.82786400595717,133.11028065742894,137.46583557128906,20698444,0.0,0.0
2013-08-26 00:00:00+05:30,138.55191931874674,140.91636662161974,136.33454825293285,138.31434631347656,14607608,0.0,0.0
2013-08-27 00:00:00+05:30,135.1466507975203,135.75756259117526,125.67756633077518,127.136962890625,54708372,0.0,0.0
2013-08-28 00:00:00+05:30,125.73410578280797,129.42218270272724,119.46663018713284,127.14824676513672,37067552,0.0,0.0
2013-08-29 00:00:00+05:30,128.5171566888419,131.79796438600425,128.5171566888419,129.4335174560547,40771004,0.0,0.0
2013-08-30 00:00:00+05:30,129.19593906081485,135.75755417949023,129.11675267819916,134.3999786376953,36616916,0.0,0.0
2013-09-02 00:00:00+05:30,135.30505303794595,136.74181521761977,131.79798226522328,133.38182067871094,19515716,0.0,0.0
2013-09-03 00:00:00+05:30,135.05616404923586,135.05616404923586,126.03959031304001,127.2840347290039,18140008,0.0,0.0
2013-09-04 00:00:00+05:30,128.39274980464967,130.5196105330277,126.51477247949369,127.62345123291016,20941800,0.0,0.0
2013-09-05 00:00:00+05:30,132.13734762740975,140.93896757384076,132.13734762740975,137.90704345703125,33246248,0.0,0.0
2013-09-06 00:00:00+05:30,138.24642084581333,140.28278383699552,132.7595538973502,139.42298889160156,18997216,0.0,0.0
2013-09-10 00:00:00+05:30,140.40727458261597,145.03434820384442,139.9208182061389,144.35556030273438,20298836,0.0,0.0
2013-09-11 00:00:00+05:30,143.22422894845832,147.07069323301405,141.5385697794083,146.44847106933594,12690392,0.0,0.0
2013-09-12 00:00:00+05:30,145.3737364052484,146.16565559189178,142.0024177724053,143.43919372558594,17676536,0.0,0.0
2013-09-13 00:00:00+05:30,143.0997944208405,143.56363002219558,140.5090847025744,142.36444091796875,15503120,0.0,0.0
2013-09-16 00:00:00+05:30,144.2424306624755,146.8218302406652,142.31919825364247,145.44161987304688,12139216,0.0,0.0
2013-09-17 00:00:00+05:30,144.35553788674764,145.93937607672763,143.35997692905673,145.31715393066406,8432088,0.0,0.0
2013-09-18 00:00:00+05:30,145.62262025065462,148.17939896683433,142.80566161110434,147.183837890625,10989616,0.0,0.0
2013-09-19 00:00:00+05:30,153.85855281466138,156.09855785756943,153.02137851529312,154.5825958251953,29280904,0.0,0.0
2013-09-20 00:00:00+05:30,154.42423891274902,155.31797902815836,143.73333006494332,149.11837768554688,24726152,0.0,0.0
2013-09-23 00:00:00+05:30,147.29692571357506,147.60237464383155,143.24682038886027,145.24925231933594,13985240,0.0,0.0
2013-09-24 00:00:00+05:30,143.2355584481061,145.7923234638129,142.53414980299218,144.45738220214844,18175188,0.0,0.0
2013-09-25 00:00:00+05:30,144.35552291473863,145.19269720460838,138.74421381421647,140.41854858398438,20980920,0.0,0.0
2013-09-26 00:00:00+05:30,140.58825599678315,141.6403825734343,139.83028183767155,140.5430145263672,22582440,0.0,0.0
2013-09-27 00:00:00+05:30,140.73536694967973,141.18789224533785,136.88890193658557,137.77133178710938,16408692,0.0,0.0
2013-09-30 00:00:00+05:30,137.11513141881602,138.66502465756437,132.97452872707404,134.18502807617188,17062428,0.0,0.0
2013-10-01 00:00:00+05:30,135.4860564256892,139.01576164441926,133.34787186789666,138.39353942871094,12997108,0.0,0.0
2013-10-03 00:00:00+05:30,139.2193934730128,144.58182056585403,138.02020429604218,143.9482879638672,9772912,0.0,0.0
2013-10-04 00:00:00+05:30,143.789894126473,146.4824248119183,143.67676281716814,144.90989685058594,13628376,0.0,0.0
2013-10-07 00:00:00+05:30,144.01615208887367,144.38949092149892,139.8868594327512,143.51837158203125,9922000,0.0,0.0
2013-10-08 00:00:00+05:30,147.18383223489673,148.10019307098236,141.59514283769522,143.14505004882812,11768148,0.0,0.0
2013-10-09 00:00:00+05:30,141.4593948606997,147.27434704197918,140.96161432740416,146.87838745117188,8668760,0.0,0.0
2013-10-10 00:00:00+05:30,146.8444140477311,146.8444140477311,143.30339915571926,145.04562377929688,8345284,0.0,0.0
2013-10-11 00:00:00+05:30,146.45979515745654,150.1818181199381,144.66100451741488,149.62747192382812,13390264,0.0,0.0
2013-10-14 00:00:00+05:30,148.77897301664933,151.43755862291357,146.7652441200162,151.03028869628906,12375720,0.0,0.0
2013-10-15 00:00:00+05:30,152.2747240087482,152.72724919153796,146.30138607193456,147.62503051757812,16143324,0.0,0.0
2013-10-17 00:00:00+05:30,147.74946298020052,149.321990654465,145.38501628536835,148.02098083496094,14551588,0.0,0.0
2013-10-18 00:00:00+05:30,148.2585631104982,153.75674132307077,148.2585631104982,153.08926391601562,21281184,0.0,0.0
2013-10-21 00:00:00+05:30,152.50097574415153,153.5870333435399,149.91026649510894,151.87875366210938,11225424,0.0,0.0
2013-10-22 00:00:00+05:30,151.82221517292018,152.48969265139803,150.50989476352464,151.36968994140625,8758096,0.0,0.0
2013-10-23 00:00:00+05:30,151.3696632027999,151.3696632027999,147.9304692888137,149.37855529785156,13544956,0.0,0.0
2013-10-24 00:00:00+05:30,148.473526389203,152.8969576212831,148.473526389203,151.43756103515625,12321928,0.0,0.0
2013-10-25 00:00:00+05:30,150.52121343233574,152.71596368819567,150.04606743703533,152.1729278564453,8946872,0.0,0.0
2013-10-28 00:00:00+05:30,152.2747530036442,152.72727827260005,150.55516250560206,151.12081909179688,8382088,0.0,0.0
2013-10-29 00:00:00+05:30,151.1434263047387,155.89494120354038,148.3264539955972,155.32928466796875,15222916,0.0,0.0
2013-10-30 00:00:00+05:30,155.21616939805776,155.55556335446752,152.89697736259117,153.71151733398438,10188672,0.0,0.0
2013-10-31 00:00:00+05:30,152.99876366671694,155.0011820321199,152.36523118686992,154.03956604003906,18195556,0.0,0.0
2013-11-01 00:00:00+05:30,154.22058803086574,155.6686742455111,153.45130344993896,154.71836853027344,15642444,0.0,0.0
2013-11-05 00:00:00+05:30,153.96037640545703,154.98986838970077,152.27471741061115,153.01007080078125,14258472,0.0,0.0
2013-11-06 00:00:00+05:30,153.60967170759355,153.67754771987384,150.52118195410674,151.3470458984375,4610652,0.0,0.0
2013-11-07 00:00:00+05:30,151.59596310335965,153.2929328395913,148.63192815473175,150.55516052246094,7789140,0.0,0.0
2013-11-08 00:00:00+05:30,150.102604990247,151.06422098019513,145.86018150518166,147.63633728027344,13480760,0.0,0.0
2013-11-11 00:00:00+05:30,145.7131412959436,149.49173017539565,139.53617393778458,148.03233337402344,11216304,0.0,0.0
2013-11-12 00:00:00+05:30,147.64767042448997,150.02342794262358,145.5660515513685,146.1543426513672,8980320,0.0,0.0
2013-11-13 00:00:00+05:30,144.58180316841512,146.49372492379493,142.17210092495222,143.3826141357422,10561084,0.0,0.0
2013-11-14 00:00:00+05:30,144.35552630941174,147.0480565404256,144.35552630941174,145.3058319091797,12626860,0.0,0.0
2013-11-18 00:00:00+05:30,147.38747120426189,151.59595026985332,146.85574577927133,151.32443237304688,14873920,0.0,0.0
2013-11-19 00:00:00+05:30,151.23392066325098,151.23392066325098,148.7563425410307,149.34461975097656,6789036,0.0,0.0
2013-11-20 00:00:00+05:30,148.58663979059753,149.107040965204,146.25613796694458,146.96885681152344,8370096,0.0,0.0
2013-11-21 00:00:00+05:30,145.83755557747588,146.07512854468217,143.71069543061353,144.27635192871094,12787656,0.0,0.0
2013-11-22 00:00:00+05:30,145.37369626050258,146.36925705849282,143.6993477756929,145.2945098876953,7492384,0.0,0.0
2013-11-25 00:00:00+05:30,146.62948849344116,149.72928915714036,146.62948849344116,149.27676391601562,16150540,0.0,0.0
2013-11-26 00:00:00+05:30,148.81290646965465,149.31068692384443,146.70866716918715,147.7381591796875,14478516,0.0,0.0
2013-11-27 00:00:00+05:30,147.31958570622336,149.050500265555,145.73574737323074,147.87393188476562,8593012,0.0,0.0
2013-11-28 00:00:00+05:30,148.33773241643104,150.01208092510387,146.62945280891614,147.8399658203125,14773732,0.0,0.0
2013-11-29 00:00:00+05:30,148.20202014095585,151.3470761687004,148.20202014095585,149.62747192382812,9571080,0.0,0.0
2013-12-02 00:00:00+05:30,149.78585852414164,150.46464640264986,148.8921183887776,149.62747192382812,6858612,0.0,0.0
2013-12-03 00:00:00+05:30,149.3333201784693,149.83110067439225,147.67029554592577,148.3717041015625,10288280,0.0,0.0
2013-12-04 00:00:00+05:30,148.1794004150613,149.23151334795483,147.85131684287845,148.79029846191406,10476608,0.0,0.0
2013-12-05 00:00:00+05:30,151.94667082408878,156.09859849106522,151.94667082408878,155.69131469726562,32019992,0.0,0.0
2013-12-06 00:00:00+05:30,154.96724760441592,156.03067068956435,153.46259591334456,154.46946716308594,16069232,0.0,0.0
2013-12-09 00:00:00+05:30,160.64647039569422,162.32081941394932,156.69818466411488,157.62586975097656,25265628,0.0,0.0
2013-12-10 00:00:00+05:30,156.65292579074162,158.80242076797848,156.12121413615193,157.63717651367188,25064880,0.0,0.0
2013-12-11 00:00:00+05:30,156.1438191580824,158.7910944150492,155.41978986555603,157.376953125,12289776,0.0,0.0
2013-12-12 00:00:00+05:30,156.84521960141103,158.50824400207574,156.23430788750323,157.29774475097656,12867696,0.0,0.0
2013-12-13 00:00:00+05:30,155.62340844191738,158.83634001911335,154.98987594457643,156.10987854003906,25316080,0.0,0.0
2013-12-16 00:00:00+05:30,155.66866796463555,156.32483502510362,154.13008505488668,154.84280395507812,21432244,0.0,0.0
2013-12-17 00:00:00+05:30,152.87434994016397,152.87434994016397,147.98706889551798,148.79029846191406,17942644,0.0,0.0
2013-12-18 00:00:00+05:30,147.1838308595582,154.00565421662344,146.96887861360247,150.74746704101562,14087316,0.0,0.0
2013-12-19 00:00:00+05:30,153.6323079324005,154.7523105828567,147.1612029897232,147.6476593017578,10019516,0.0,0.0
2013-12-20 00:00:00+05:30,148.83553210748514,151.27916536949542,147.09330736541307,150.37411499023438,5722468,0.0,0.0
2013-12-23 00:00:00+05:30,148.88076787727456,151.9353125069755,148.65450531211152,150.3401641845703,5531232,0.0,0.0
2013-12-24 00:00:00+05:30,150.58907865842232,150.80403090182253,148.2133212323621,148.722412109375,3554696,0.0,0.0
2013-12-26 00:00:00+05:30,149.29934782879445,152.09369878948624,148.63188431074758,151.38096618652344,8046760,0.0,0.0
2013-12-27 00:00:00+05:30,150.26101594919132,152.8291052376171,150.26101594919132,151.51678466796875,5464012,0.0,0.0
2013-12-30 00:00:00+05:30,153.13456375802895,153.17981905150182,150.49861208544772,151.48284912109375,4227604,0.0,0.0
2013-12-31 00:00:00+05:30,152.0710932032783,152.11634848684042,149.35594190923393,150.65695190429688,5261312,0.0,0.0
2014-01-01 00:00:00+05:30,151.14340852453216,151.5506784202385,150.0120955864743,150.49856567382812,4492436,0.0,0.0
2014-01-02 00:00:00+05:30,150.4646265270866,152.6706868408296,147.87391703767076,148.65452575683594,7228992,0.0,0.0
2014-01-03 00:00:00+05:30,147.52321959310507,150.69089608743556,147.0706943796293,150.03472900390625,6513184,0.0,0.0
2014-01-06 00:00:00+05:30,150.01211043276848,150.01211043276848,148.65453477274343,149.7179718017578,5963420,0.0,0.0
2014-01-07 00:00:00+05:30,150.9397859560761,151.8109053156601,147.81736461010374,150.32888793945312,7896920,0.0,0.0
2014-01-08 00:00:00+05:30,150.50990560802197,150.9058652141262,149.33333715931718,150.3967742919922,4649480,0.0,0.0
2014-01-09 00:00:00+05:30,150.05734384249752,150.7021866630194,148.67713383668473,150.0007781982422,3777472,0.0,0.0
2014-01-10 00:00:00+05:30,150.00080679912872,152.65939258604527,148.4961548510543,149.7971649169922,6150508,0.0,0.0
2014-01-13 00:00:00+05:30,149.35596550333614,153.16849933364892,148.63193609185996,152.24081420898438,4752580,0.0,0.0
2014-01-14 00:00:00+05:30,151.38099479219588,152.9535226763812,151.2112978365638,152.11634826660156,3577120,0.0,0.0
2014-01-15 00:00:00+05:30,152.27472192927598,154.46947179782913,151.50542360504997,153.98300170898438,4627840,0.0,0.0
2014-01-16 00:00:00+05:30,154.85411455805354,154.9898665814354,151.67511427581448,152.28602600097656,4501176,0.0,0.0
2014-01-17 00:00:00+05:30,152.72725614389978,152.72725614389978,149.1183648848752,150.46463012695312,43374856,0.0,0.0
2014-01-20 00:00:00+05:30,151.16603919149375,153.11190585878765,150.78140381525995,151.6072540283203,5600368,0.0,0.0
2014-01-21 00:00:00+05:30,152.26340117655167,153.58703170386727,151.59592382458345,152.9761199951172,6251924,0.0,0.0
2014-01-22 00:00:00+05:30,152.84039318459662,154.9220119603564,152.64807548992306,153.20240783691406,7033336,0.0,0.0
2014-01-23 00:00:00+05:30,152.72727107370136,154.10746755497016,152.21818017012237,153.74545288085938,5482740,0.0,0.0
2014-01-24 00:00:00+05:30,151.59592085950257,152.71592333530958,150.1704694402806,152.36521911621094,8842900,0.0,0.0
2014-01-27 00:00:00+05:30,150.44198881914042,150.44198881914042,146.07511015558742,146.88966369628906,17060448,0.0,0.0
2014-01-28 00:00:00+05:30,146.61814022202987,148.42824071859815,144.49126661457382,145.81491088867188,18395424,0.0,0.0
2014-01-29 00:00:00+05:30,146.505049608262,147.2743480568358,144.93252160336758,146.0412139892578,10970924,0.0,0.0
2014-01-30 00:00:00+05:30,144.24242803710527,144.7854638784115,142.01374663377692,142.95272827148438,11425460,0.0,0.0
2014-01-31 00:00:00+05:30,142.5454486127685,143.97090033690137,141.43675626623508,142.2060546875,9620984,0.0,0.0
2014-02-03 00:00:00+05:30,142.5341488874658,143.4505097921239,141.4367668278343,141.7535400390625,4776820,0.0,0.0
2014-02-04 00:00:00+05:30,140.65615878335996,143.78989044692332,139.55877682520003,142.6811981201172,7409304,0.0,0.0
2014-02-05 00:00:00+05:30,142.77171296079533,144.76282125118556,141.43675798122922,144.23110961914062,6905384,0.0,0.0
2014-02-06 00:00:00+05:30,144.52524023041292,146.9801839925291,142.4323111155302,146.39190673828125,13466944,0.0,0.0
2014-02-07 00:00:00+05:30,147.6137263496086,148.0888722875044,145.2832105123844,146.5615997314453,4029468,0.0,0.0
2014-02-10 00:00:00+05:30,146.53897545552627,147.10463194410627,143.90301069475427,145.69049072265625,6280820,0.0,0.0
2014-02-11 00:00:00+05:30,146.16560656574725,146.42581402092816,144.64964472636856,145.8940887451172,4464856,0.0,0.0
2014-02-12 00:00:00+05:30,146.30140772188227,147.7042387581185,145.63394402647302,146.0412139892578,6436960,0.0,0.0
2014-02-13 00:00:00+05:30,146.16566002887228,146.61818529211956,142.82828621242356,143.11111450195312,3155200,0.0,0.0
2014-02-14 00:00:00+05:30,143.4505166828638,145.67919820828385,142.39838986143602,145.21536254882812,4249112,0.0,0.0
2014-02-17 00:00:00+05:30,145.2606126938481,147.52323905979586,145.05697079692263,147.16122436523438,3650120,0.0,0.0
2014-02-18 00:00:00+05:30,146.7313126167168,150.32889388566548,146.48242925269065,149.42384338378906,5019672,0.0,0.0
2014-02-19 00:00:00+05:30,148.47352250799074,152.10503451576633,148.20200462302262,151.6072540283203,4060948,0.0,0.0
2014-02-20 00:00:00+05:30,150.64561871726028,151.01895748763036,149.52561621612162,149.9555206298828,3448436,0.0,0.0
2014-02-21 00:00:00+05:30,149.29938198631072,151.50544249737447,149.2654508798173,150.32888793945312,3043872,0.0,0.0
2014-02-24 00:00:00+05:30,149.8084619259892,152.27472978981348,148.37169994007456,151.82220458984375,5018984,0.0,0.0
2014-02-25 00:00:00+05:30,152.50098514802048,152.95351032650126,150.6908844340974,151.84481811523438,4020560,0.0,0.0
2014-02-26 00:00:00+05:30,151.59596048014322,153.67757941589537,151.2678769081539,153.2703094482422,4551340,0.0,0.0
2014-02-28 00:00:00+05:30,154.31110944708672,154.514751332517,150.49858975966393,151.5054473876953,4903584,0.0,0.0
2014-03-03 00:00:00+05:30,150.5098824223269,152.04846532132186,150.0573572279182,150.73614501953125,3678432,0.0,0.0
2014-03-04 00:00:00+05:30,150.69086098277958,152.4670165079128,150.29490151323023,151.98056030273438,6443868,0.0,0.0
2014-03-05 00:00:00+05:30,152.38783703298878,152.7272308793874,149.89894882606544,151.5393524169922,4006984,0.0,0.0
2014-03-06 00:00:00+05:30,152.27474455756285,153.33818164261947,151.1660521861257,152.86302185058594,4948680,0.0,0.0
2014-03-07 00:00:00+05:30,153.76806082618728,161.75514183025967,152.9987762552105,160.9745330810547,22767568,0.0,0.0
2014-03-10 00:00:00+05:30,159.85451633555715,166.73290444496845,158.383809532753,166.17855834960938,26123852,0.0,0.0
2014-03-11 00:00:00+05:30,166.18987529141415,167.43431955840228,162.80724674915186,164.07432556152344,13000472,0.0,0.0
2014-03-12 00:00:00+05:30,163.1918838603713,165.85046914336522,162.11713661830993,164.16481018066406,7110216,0.0,0.0
2014-03-13 00:00:00+05:30,164.60602492899991,169.5838016278838,164.60602492899991,167.9660186767578,11448452,0.0,0.0
2014-03-14 00:00:00+05:30,166.3030001927382,167.4116923846787,163.81411175447954,165.6581573486328,12208480,0.0,0.0
2014-03-18 00:00:00+05:30,166.39352487928517,168.52038507567775,164.78705210129323,166.07675170898438,8102724,0.0,0.0
2014-03-19 00:00:00+05:30,167.43432242877682,168.1809862397754,166.47270638780074,167.0836181640625,6055136,0.0,0.0
2014-03-20 00:00:00+05:30,167.08363130092837,167.08363130092837,164.71918420521854,165.2169647216797,5195084,0.0,0.0
2014-03-21 00:00:00+05:30,166.33696861254418,166.86868023914704,165.44322851231934,166.04281616210938,7525592,0.0,0.0
2014-03-24 00:00:00+05:30,166.18986324718566,170.35310019901402,166.07673195838566,169.84400939941406,11713860,0.0,0.0
2014-03-25 00:00:00+05:30,169.69695108188807,172.084018765112,169.18786022864242,169.73089599609375,8031092,0.0,0.0
2014-03-26 00:00:00+05:30,170.3304645273583,171.1223835437142,168.36197735327923,168.80319213867188,9409312,0.0,0.0
2014-03-27 00:00:00+05:30,169.69693174001404,172.12925442828757,167.8868311347872,168.96157836914062,24554932,0.0,0.0
2014-03-28 00:00:00+05:30,169.6856342532015,170.62461572745323,166.31431609607822,168.5543212890625,12160900,0.0,0.0
2014-03-31 00:00:00+05:30,169.23312785537547,170.37575131401243,168.13574587234848,169.42544555664062,8262428,0.0,0.0
2014-04-01 00:00:00+05:30,170.03638058451853,170.50021625259419,165.7487006274779,167.00445556640625,8051832,0.0,0.0
2014-04-02 00:00:00+05:30,168.55433254800892,168.79190552435276,163.33898219695226,165.6016082763672,10398752,0.0,0.0
2014-04-03 00:00:00+05:30,166.5292858626982,166.98181109602075,164.32322535025077,164.9001922607422,5559704,0.0,0.0
2014-04-04 00:00:00+05:30,164.16483265089764,165.85049184432515,162.92038830554458,164.1422119140625,7422408,0.0,0.0
2014-04-07 00:00:00+05:30,164.04039673820574,165.62423505154015,163.6104922434539,164.1195831298828,11733156,0.0,0.0
2014-04-09 00:00:00+05:30,164.73046916212078,168.54300193395156,163.30501766531162,167.85289001464844,10520384,0.0,0.0
2014-04-10 00:00:00+05:30,168.4864319854603,169.39148228539435,166.5292551878643,167.29855346679688,7494792,0.0,0.0
2014-04-11 00:00:00+05:30,166.08804693165152,168.52036970831074,166.05411583005352,167.01573181152344,5207952,0.0,0.0
2014-04-15 00:00:00+05:30,166.14460755853233,167.16278915521266,162.47915104848877,163.80279541015625,8371868,0.0,0.0
2014-04-16 00:00:00+05:30,163.63310321251703,165.5789559073812,163.15794350099986,164.2553253173828,3572392,0.0,0.0
2014-04-17 00:00:00+05:30,162.060583081483,163.20320642009784,160.0355301015767,162.61492919921875,12302328,0.0,0.0
2014-04-21 00:00:00+05:30,163.519991536791,164.37978669557143,161.3252414507122,162.10585021972656,6987752,0.0,0.0
2014-04-22 00:00:00+05:30,163.3389647753558,165.08117562270365,162.3207831482175,164.61734008789062,11395824,0.0,0.0
2014-04-23 00:00:00+05:30,164.0177727538894,167.30989099230166,163.49735769897313,165.85049438476562,21025344,0.0,0.0
2014-04-24 00:00:00+05:30,165.85049438476562,165.85049438476562,165.85049438476562,165.85049438476562,0,0.0,0.0
2014-04-25 00:00:00+05:30,165.88443506565102,166.9818031804491,164.04038930328673,164.35716247558594,6212444,0.0,0.0
2014-04-28 00:00:00+05:30,163.4181701213137,165.00200839178677,163.03352092220405,164.0856475830078,4882860,0.0,0.0
2014-04-29 00:00:00+05:30,164.35716266359782,164.60604600642225,161.21210691350632,161.95877075195312,6641236,0.0,0.0
2014-04-30 00:00:00+05:30,162.00404263779177,165.14909871019697,161.01980572396835,163.20323181152344,8786920,0.0,0.0
2014-05-02 00:00:00+05:30,163.70096988747775,164.61733053674027,161.902179688572,162.2528839111328,5915292,0.0,0.0
2014-05-05 00:00:00+05:30,162.8751181569359,163.61047156662266,161.55148754348872,162.1623992919922,5192324,0.0,0.0
2014-05-06 00:00:00+05:30,162.954345703125,163.94989296968248,161.5741354011156,162.954345703125,6184560,0.0,0.0
2014-05-07 00:00:00+05:30,162.56966493565974,164.49289687992297,160.9745164968241,161.9134979248047,6598624,0.0,0.0
2014-05-08 00:00:00+05:30,162.26422037250103,163.58785098720523,161.89088157862426,162.5244140625,7520428,0.0,0.0
2014-05-09 00:00:00+05:30,162.90905914805145,171.9595624340543,162.90905914805145,171.2355194091797,16376444,0.0,0.0
2014-05-12 00:00:00+05:30,170.8508917251407,179.84483049570477,170.71513968278208,179.2339324951172,17561360,0.0,0.0
2014-05-13 00:00:00+05:30,181.0101099275539,181.0101099275539,177.05051377288868,178.3289031982422,12665216,0.0,0.0
2014-05-14 00:00:00+05:30,177.61615805873808,179.8335289897058,175.18383487513117,175.45535278320312,8501500,0.0,0.0
2014-05-15 00:00:00+05:30,173.9959243247654,179.00764600453255,173.32844695060191,178.3740997314453,9466188,0.0,0.0
2014-05-16 00:00:00+05:30,181.0100646948375,193.22824406173902,178.21572734509974,182.07350158691406,32868368,0.0,0.0
2014-05-19 00:00:00+05:30,184.60767191413495,188.9292823088263,182.82019174315167,183.70262145996094,10522804,0.0,0.0
2014-05-20 00:00:00+05:30,184.6302911939069,185.8973562957579,181.99432624294553,184.6416015625,6357032,0.0,0.0
2014-05-21 00:00:00+05:30,183.80443462057798,184.29090477965215,182.14140988044196,183.1595916748047,3642388,0.0,0.0
2014-05-22 00:00:00+05:30,183.7252475665406,184.4040354270081,180.55757088435885,181.59837341308594,7806456,0.0,0.0
2014-05-23 00:00:00+05:30,180.78382378652776,181.68887421850036,177.09574603823413,178.66827392578125,9818936,0.0,0.0
2014-05-26 00:00:00+05:30,180.78379936045357,181.92642261444206,178.74743616365248,180.36521911621094,17395232,0.0,0.0
2014-05-27 00:00:00+05:30,181.01008213698415,183.41978437942208,178.374117291875,182.1187744140625,7619524,0.0,0.0
2014-05-28 00:00:00+05:30,180.98748161895557,187.06262765534797,180.89697104378675,186.3159637451172,14355564,0.0,0.0
2014-05-29 00:00:00+05:30,186.1235914696692,187.96763700763594,182.68441132593307,183.32925415039062,13684008,0.0,0.0
2014-05-30 00:00:00+05:30,184.40400180437706,186.1688471578111,165.17168259778558,179.36965942382812,32807544,0.0,0.0
2014-06-02 00:00:00+05:30,179.53937498370584,186.06704553820413,179.53937498370584,185.3995819091797,8083132,0.0,0.0
2014-06-03 00:00:00+05:30,186.21409755926004,187.3114655142051,184.1777344024759,186.51954650878906,3624148,0.0,0.0
2014-06-04 00:00:00+05:30,186.07836533665528,187.73007953311458,184.42663733022306,184.78866577148438,2864340,0.0,0.0
2014-06-05 00:00:00+05:30,185.23359778943265,186.05504118131032,182.76929546736395,183.78468322753906,7674472,1.7125,0.0
2014-06-06 00:00:00+05:30,185.5074312969864,187.33284267506252,182.7693142298722,186.0208282470703,10565276,0.0,0.0
2014-06-09 00:00:00+05:30,187.53819146765568,189.38641476391584,185.96376871396555,186.97915649414062,9339920,0.0,0.0
2014-06-10 00:00:00+05:30,187.36706484218965,187.92608590586002,184.82289229726112,186.34027099609375,4999344,0.0,0.0
2014-06-11 00:00:00+05:30,186.4201173474337,189.35217849387448,184.8228825598792,187.21873474121094,7743772,0.0,0.0
2014-06-12 00:00:00+05:30,188.13143952348608,192.79764963237832,185.4731789249399,191.63394165039062,12732048,0.0,0.0
2014-06-13 00:00:00+05:30,192.5809029958953,195.31902010010234,189.76292971352905,190.61859130859375,12212884,0.0,0.0
2014-06-16 00:00:00+05:30,189.61457610101894,192.3070546610201,189.45484984602282,191.4399871826172,5309880,0.0,0.0
2014-06-17 00:00:00+05:30,190.75546160293442,193.6761166028862,188.78173026324407,193.1627197265625,6988120,0.0,0.0
2014-06-18 00:00:00+05:30,193.2882335644292,194.26940328014564,189.1012019634627,190.49307250976562,5374628,0.0,0.0
2014-06-19 00:00:00+05:30,191.0064839206697,191.65679510203034,187.60666347083688,188.41668701171875,4720996,0.0,0.0
2014-06-20 00:00:00+05:30,188.47370268086124,189.78571695497135,186.95632408009067,187.54959106445312,2969768,0.0,0.0
2014-06-23 00:00:00+05:30,188.0173481163063,188.59919513397975,186.03221070884814,187.4355010986328,5840844,0.0,0.0
2014-06-24 00:00:00+05:30,188.32541460369512,190.01392578934875,188.2455584223509,189.15826416015625,5066224,0.0,0.0
2014-06-25 00:00:00+05:30,189.15823103655194,190.1165746787883,187.7891726695805,188.0401611328125,6330624,0.0,0.0
2014-06-26 00:00:00+05:30,187.10466439605474,188.6106231973096,184.5148675998227,185.3705291748047,21808264,0.0,0.0
2014-06-27 00:00:00+05:30,186.6140620473704,187.56099967239032,185.73558848336464,186.23757934570312,5142960,0.0,0.0
2014-06-30 00:00:00+05:30,187.08181506754647,190.00246987648168,187.08181506754647,187.4582977294922,6176100,0.0,0.0
2014-07-01 00:00:00+05:30,187.7891853604288,188.91866137486693,185.96377408110507,187.85763549804688,7641372,0.0,0.0
2014-07-02 00:00:00+05:30,189.56894172286778,192.1245200721289,188.359609643162,191.64535522460938,7626724,0.0,0.0
2014-07-03 00:00:00+05:30,191.89637785007307,192.87753371484146,189.69446972733422,190.9380340576172,6062740,0.0,0.0
2014-07-04 00:00:00+05:30,190.93802075149185,195.99213390028967,190.5501180617224,195.4673309326172,5631988,0.0,0.0
2014-07-07 00:00:00+05:30,196.20890815578767,196.39144650552583,190.7212541405721,191.7708740234375,8131968,0.0,0.0
2014-07-08 00:00:00+05:30,192.5809038016751,193.57346568538964,187.10466957034785,189.21530151367188,6732272,0.0,0.0
2014-07-09 00:00:00+05:30,188.93007677727314,190.49307969197557,186.64831256498724,189.4548797607422,5795552,0.0,0.0
2014-07-10 00:00:00+05:30,189.45486258258248,193.4935876574879,185.33628133820113,187.86903381347656,9857544,0.0,0.0
2014-07-11 00:00:00+05:30,187.35561908066433,189.71725295754857,184.54905240650044,185.23358154296875,9198780,0.0,0.0
2014-07-14 00:00:00+05:30,185.96379210460668,187.10467426475765,184.17261268388336,186.5228271484375,4921608,0.0,0.0
2014-07-15 00:00:00+05:30,187.27575523255774,189.11257222133764,186.30600566236174,188.65621948242188,6092036,0.0,0.0
2014-07-16 00:00:00+05:30,189.27233794517872,191.3259256986526,186.6254970780812,190.6984405517578,9589300,0.0,0.0
2014-07-17 00:00:00+05:30,191.37155719370847,191.4400073311163,189.27233144357686,189.79713439941406,5039100,0.0,0.0
2014-07-18 00:00:00+05:30,189.13544157596343,190.93802695187722,187.56101869503618,189.94546508789062,7288432,0.0,0.0
2014-07-21 00:00:00+05:30,192.0560946592536,193.25402085901356,188.3025897813157,188.80458068847656,9813656,0.0,0.0
2014-07-22 00:00:00+05:30,189.36359763928905,192.27284670408523,188.70188051658337,191.63394165039062,6970352,0.0,0.0
2014-07-23 00:00:00+05:30,192.37552563512568,192.809066384692,190.52730228546486,190.8239288330078,7849852,0.0,0.0
2014-07-24 00:00:00+05:30,190.7554618946414,192.5808730132504,190.070932725163,192.1815643310547,4278600,0.0,0.0
2014-07-25 00:00:00+05:30,191.89635817723527,193.9043077723302,190.33335536089237,190.64138793945312,10665952,0.0,0.0
2014-07-28 00:00:00+05:30,191.3259496740831,191.62257626806576,188.93009699480118,189.2837677001953,3884952,0.0,0.0
2014-07-30 00:00:00+05:30,189.6146204850956,192.10174923666088,188.66768269414933,191.39439392089844,4685380,0.0,0.0
2014-07-31 00:00:00+05:30,191.1889962446284,191.64534900909652,189.0555387146713,190.29910278320312,11901344,0.0,0.0
2014-08-01 00:00:00+05:30,188.48513180298025,188.8844405440124,185.27925583890763,186.06646728515625,6828460,0.0,0.0
2014-08-04 00:00:00+05:30,186.87648956186217,187.7207451083653,184.16118457016444,185.50743103027344,7363044,0.0,0.0
2014-08-05 00:00:00+05:30,186.42011655690584,187.78917494043267,184.80006970711187,187.15028381347656,6077104,0.0,0.0
2014-08-06 00:00:00+05:30,185.97514860726272,187.001942277917,184.2181877632315,184.82286071777344,3381400,0.0,0.0
2014-08-07 00:00:00+05:30,185.48459840003338,186.76238065050916,184.82288127906222,185.16514587402344,3933740,0.0,0.0
2014-08-08 00:00:00+05:30,183.68199896857757,184.32089009267708,181.400235006235,181.6626434326172,7450680,0.0,0.0
2014-08-11 00:00:00+05:30,182.76928168638221,183.191402421687,180.57879399343764,180.93246459960938,5626224,0.0,0.0
2014-08-12 00:00:00+05:30,182.76930917308025,184.4806322926784,180.7157214295625,184.1840057373047,6603072,0.0,0.0
2014-08-13 00:00:00+05:30,184.82290019610284,186.13491461107517,183.1458090798516,185.3705291748047,7839820,0.0,0.0
2014-08-14 00:00:00+05:30,185.75840703129307,189.76291410831087,185.57586869138046,188.63343811035156,11873224,0.0,0.0
2014-08-18 00:00:00+05:30,189.3864289222541,190.41322281400127,187.92609426105588,189.92263793945312,6702168,0.0,0.0
2014-08-19 00:00:00+05:30,190.07092800629547,191.09772173502094,187.61803187656236,187.9831085205078,7892856,0.0,0.0
2014-08-20 00:00:00+05:30,189.1581954956344,190.43597749401263,186.87643197940238,187.2301025390625,9434852,0.0,0.0
2014-08-21 00:00:00+05:30,187.56098093943552,190.5729118858629,187.3328045635968,189.9568328857422,6390480,0.0,0.0
2014-08-22 00:00:00+05:30,190.37896595014288,193.66471154590536,188.9414574745399,193.20835876464844,10015288,0.0,0.0
2014-08-25 00:00:00+05:30,192.3527011375934,194.58882702501094,191.02928083089992,192.45538330078125,6656064,0.0,0.0
2014-08-26 00:00:00+05:30,192.69496974322493,193.60767534295601,191.2346352129423,192.23861694335938,4165256,0.0,0.0
2014-08-27 00:00:00+05:30,193.03722816336995,193.03722816336995,190.29911145183277,190.89236450195312,4852968,0.0,0.0
2014-08-28 00:00:00+05:30,191.09773078622587,192.9231419459749,190.29911340383566,192.4781951904297,7991452,0.0,0.0
2014-09-01 00:00:00+05:30,193.01443326890495,193.72177457827732,191.34873431308347,191.94200134277344,4154656,0.0,0.0
2014-09-02 00:00:00+05:30,192.37553042976353,196.48270591073683,191.36015652172725,196.04917907714844,11442252,0.0,0.0
2014-09-03 00:00:00+05:30,197.37259842181396,197.37259842181396,194.3150288986703,195.4673309326172,9234780,0.0,0.0
2014-09-04 00:00:00+05:30,195.78673610762078,196.0035064495859,193.60765450811832,194.37203979492188,6406968,0.0,0.0
2014-09-05 00:00:00+05:30,194.4062911278717,195.21631455554805,192.60369201266332,193.5962677001953,3835208,0.0,0.0
2014-09-08 00:00:00+05:30,194.17811108490193,198.01147171461764,193.82444045993913,197.31553649902344,9788344,0.0,0.0
2014-09-09 00:00:00+05:30,196.25452073694902,198.49066065155853,195.7297177898237,197.50949096679688,7661044,0.0,0.0
2014-09-10 00:00:00+05:30,197.37259222427903,197.37259222427903,194.88546381513285,195.61563110351562,4314252,0.0,0.0
2014-09-11 00:00:00+05:30,195.63845405535363,196.9390484147003,194.63447230860564,194.9425048828125,6532864,0.0,0.0
2014-09-12 00:00:00+05:30,193.97275311345842,195.77535225387487,193.71035860811529,195.25054931640625,6086556,0.0,0.0
2014-09-15 00:00:00+05:30,193.94994893577413,197.37259509346427,193.94994893577413,196.3115692138672,5809088,0.0,0.0
2014-09-16 00:00:00+05:30,196.4598798382016,196.69946227216005,193.49358664668404,194.17811584472656,5076268,0.0,0.0
2014-09-17 00:00:00+05:30,195.09083639434536,195.2962007402106,192.1473550464542,193.12852478027344,7905896,0.0,0.0
2014-09-18 00:00:00+05:30,192.75201620402802,196.45988274834937,192.18157519720936,195.80958557128906,6652568,0.0,0.0
2014-09-19 00:00:00+05:30,196.23168271282876,197.37256458906614,194.26937145641276,196.28872680664062,6542108,0.0,0.0
2014-09-22 00:00:00+05:30,195.53576544880718,195.88943607745202,194.17811310647835,195.512939453125,6534316,0.0,0.0
2014-09-23 00:00:00+05:30,195.33041876222921,195.7411335269989,192.9459724219724,193.6875457763672,4716976,0.0,0.0
2014-09-24 00:00:00+05:30,193.28824570055787,195.61564804082784,192.8204868106625,195.1935272216797,6665496,0.0,0.0
2014-09-25 00:00:00+05:30,194.63450347242244,197.50952104796005,192.14737470376085,193.93856811523438,16595960,0.0,0.0
2014-09-26 00:00:00+05:30,193.9385381011239,200.56705987712164,192.8090621116812,198.8899688720703,9882252,0.0,0.0
2014-09-29 00:00:00+05:30,199.19798476033029,200.19054646763314,196.50550619382872,197.3953857421875,8682268,0.0,0.0
2014-09-30 00:00:00+05:30,197.19007047412302,200.74961715513913,196.49413515898135,199.1181640625,12035432,0.0,0.0
2014-10-01 00:00:00+05:30,197.60076085103822,198.77587487253956,196.34579066087574,198.05711364746094,5870188,0.0,0.0
2014-10-07 00:00:00+05:30,197.37258800735805,197.82894081199933,194.88545965135006,196.79074096679688,5026288,0.0,0.0
2014-10-08 00:00:00+05:30,196.35720989986814,198.51347979332465,195.84381296936814,197.96585083007812,3140384,0.0,0.0
2014-10-09 00:00:00+05:30,199.42619463118908,203.75014065254243,198.11418019282598,202.52938842773438,7650420,0.0,0.0
2014-10-10 00:00:00+05:30,201.49116286562935,201.97034165130844,197.34976965149818,197.8973846435547,4266980,0.0,0.0
2014-10-13 00:00:00+05:30,197.14440836028507,200.3388779401971,195.23914100297898,200.0650634765625,5376512,0.0,0.0
2014-10-14 00:00:00+05:30,201.9361209101313,202.1528912829055,197.40682478585444,198.13697814941406,7266240,0.0,0.0
2014-10-15 00:00:00+05:30,198.13697814941406,198.13697814941406,198.13697814941406,198.13697814941406,0,0.0,0.0
2014-10-16 00:00:00+05:30,198.1484259764191,199.42620846912297,195.10226214773644,195.96932983398438,5533084,0.0,0.0
2014-10-17 00:00:00+05:30,196.2887390662438,202.64344594306957,195.56997786861032,201.99314880371094,9977920,0.0,0.0
2014-10-20 00:00:00+05:30,203.98969934414862,207.54924557407193,203.11122578457625,203.94406127929688,9532004,0.0,0.0
2014-10-21 00:00:00+05:30,205.35875627722277,206.67077055343836,202.54078335902034,204.34336853027344,16037152,0.0,0.0
2014-10-22 00:00:00+05:30,206.5110228432619,206.8076493417213,203.3621916927306,203.90982055664062,4571544,0.0,0.0
2014-10-27 00:00:00+05:30,205.1419922056112,207.02444752920331,204.02393618766834,204.7312774658203,6724768,0.0,0.0
2014-10-28 00:00:00+05:30,205.1306019765356,205.4044164664216,203.98971987433015,204.28634643554688,5803492,0.0,0.0
2014-10-29 00:00:00+05:30,205.40441087509072,205.92921384246281,203.07700866458936,203.43067932128906,7896188,0.0,0.0
2014-10-30 00:00:00+05:30,203.05416975905626,205.34733963365377,202.41526474222124,204.5943603515625,10738180,0.0,0.0
2014-10-31 00:00:00+05:30,205.381564724975,208.6901224066631,204.75407964741345,208.06263732910156,10105988,0.0,0.0
2014-11-03 00:00:00+05:30,208.8270563113851,209.7625740355328,206.5909302456107,207.80026245117188,7239648,0.0,0.0
2014-11-05 00:00:00+05:30,208.7928158547056,209.9907419766228,207.69757190002352,208.2794189453125,7524180,0.0,0.0
2014-11-07 00:00:00+05:30,206.49965266724885,206.8647293553949,203.9098559641794,205.2332763671875,9028492,0.0,0.0
2014-11-10 00:00:00+05:30,205.24465535057652,207.2640107580215,203.76150886944396,206.41976928710938,6389756,0.0,0.0
2014-11-11 00:00:00+05:30,206.70503933903996,209.30624235835168,205.90642181151028,207.16139221191406,5913408,0.0,0.0
2014-11-12 00:00:00+05:30,207.86870839166286,209.8994840004504,206.305705562285,208.0398406982422,9058664,0.0,0.0
2014-11-13 00:00:00+05:30,208.89548678360157,209.9222805471474,206.248646208285,208.9981689453125,7388952,0.0,0.0
2014-11-14 00:00:00+05:30,209.51157682570806,212.8885848177391,208.03983623534148,212.22686767578125,8438056,0.0,0.0
2014-11-17 00:00:00+05:30,212.2040397707849,213.11674531818613,207.1841592600782,209.6826934814453,13464084,0.0,0.0
2014-11-18 00:00:00+05:30,210.15047608010522,213.34494585765296,208.09688836596737,212.7060546875,9189112,0.0,0.0
2014-11-19 00:00:00+05:30,213.35633899011415,213.96101201786675,210.41287180059385,211.41683959960938,3454848,0.0,0.0
2014-11-20 00:00:00+05:30,211.73627056586676,211.73627056586676,208.11966665581255,209.5115509033203,4770372,0.0,0.0
2014-11-21 00:00:00+05:30,210.1960930151903,213.34492440826614,208.5646262578262,212.85433959960938,8823808,0.0,0.0
2014-11-24 00:00:00+05:30,212.7402577124891,216.76757668154858,211.77050802733478,215.67233276367188,7316860,0.0,0.0
2014-11-25 00:00:00+05:30,215.17033284595246,218.77551697360366,214.25762729835563,217.5775909423828,12156508,0.0,0.0
2014-11-26 00:00:00+05:30,214.4401954290907,219.0265497993237,212.9570487080927,217.06422424316406,8976428,0.0,0.0
2014-11-27 00:00:00+05:30,216.90449532052938,217.63466263655295,215.17036013090873,216.34547424316406,13211448,0.0,0.0
2014-11-28 00:00:00+05:30,216.31122821109062,220.3955913608948,216.08305181002407,218.3990478515625,9251860,0.0,0.0
2014-12-01 00:00:00+05:30,218.6614548353645,219.60839252454377,216.35687862378694,216.76759338378906,7389128,0.0,0.0
2014-12-02 00:00:00+05:30,214.88512940643844,216.67630861495616,214.3032823590512,215.23880004882812,4517556,0.0,0.0
2014-12-03 00:00:00+05:30,214.9421831368709,215.40994200271447,212.66041898467483,212.91140747070312,6661184,0.0,0.0
2014-12-04 00:00:00+05:30,214.48583004114784,215.45557980463175,212.6604187216487,214.80528259277344,6839104,0.0,0.0
2014-12-05 00:00:00+05:30,214.7140030477762,215.48980841696167,213.50467085316126,215.11331176757812,4074180,0.0,0.0
2014-12-08 00:00:00+05:30,215.62669991940976,215.62669991940976,211.06317187878733,211.5537567138672,4057128,0.0,0.0
2014-12-09 00:00:00+05:30,211.0745912032518,213.34494933176464,211.0745912032518,211.46249389648438,4873344,0.0,0.0
2014-12-10 00:00:00+05:30,211.31416767980792,213.34494329903595,211.1316293372081,212.5235137939453,5565432,0.0,0.0
2014-12-11 00:00:00+05:30,212.18125583466946,213.5160823040079,211.06318582015209,213.02549743652344,4818844,0.0,0.0
2014-12-12 00:00:00+05:30,212.88859029822112,213.61875759478275,211.9758846592148,212.54632568359375,4616828,0.0,0.0
2014-12-15 00:00:00+05:30,212.2040355680347,215.46695505001492,211.74768280337227,214.82806396484375,6638628,0.0,0.0
2014-12-16 00:00:00+05:30,213.926808301456,214.94219619623237,209.23778546915614,211.2343292236328,4989956,0.0,0.0
2014-12-17 00:00:00+05:30,211.2913437467516,212.77449032812729,209.0095797754044,210.3444061279297,7064016,0.0,0.0
2014-12-18 00:00:00+05:30,212.79730001184282,213.68719352140607,210.39004183441133,213.12815856933594,6493828,0.0,0.0
2014-12-19 00:00:00+05:30,215.63811040174443,216.53940999371335,212.77449928254762,214.81668090820312,6114108,0.0,0.0
2014-12-22 00:00:00+05:30,217.68028658846035,220.4412154702845,215.05625797654494,219.8936004638672,8295612,0.0,0.0
2014-12-23 00:00:00+05:30,218.9808730191766,222.23238640964442,217.98829741759687,218.99227905273438,7544080,0.0,0.0
2014-12-24 00:00:00+05:30,218.57019888831135,220.14460783456033,214.7368238803686,215.6837615966797,16664812,0.0,0.0
2014-12-26 00:00:00+05:30,216.85885765299832,217.4407046917263,215.06766454435535,216.4595489501953,3366480,0.0,0.0
2014-12-29 00:00:00+05:30,216.7904269233589,218.13667347051205,216.37971212268346,217.155517578125,3614800,0.0,0.0
2014-12-30 00:00:00+05:30,216.76759344977182,218.95808145497207,215.11331444712883,218.2393341064453,5681200,0.0,0.0
2014-12-31 00:00:00+05:30,218.1366723165023,218.43329889726618,216.71056959476786,217.1326904296875,4992528,0.0,0.0
2015-01-01 00:00:00+05:30,216.99575387185868,217.77155919353294,215.63810152231974,217.23533630371094,3544940,0.0,0.0
2015-01-02 00:00:00+05:30,216.8588321061151,221.1713572322848,216.8588321061151,220.25865173339844,5900384,0.0,0.0
2015-01-05 00:00:00+05:30,221.33110903455474,221.4566032697849,217.9312750879502,218.3990478515625,4796000,0.0,0.0
2015-01-06 00:00:00+05:30,217.68026371462713,218.26211069077235,213.92675952664453,214.9991912841797,8219680,0.0,0.0
2015-01-07 00:00:00+05:30,214.41739196133696,217.07563898879346,213.6301805001718,215.62672424316406,5746112,0.0,0.0
2015-01-08 00:00:00+05:30,217.7373716417695,221.09156815322973,216.35690694121325,220.15603637695312,9525824,0.0,0.0
2015-01-09 00:00:00+05:30,221.9928152209796,223.612862017948,220.55529282372464,222.62030029296875,8985184,0.0,0.0
2015-01-12 00:00:00+05:30,221.19421240936452,222.3350944334962,220.07614245500247,220.65798950195312,4126412,0.0,0.0
2015-01-13 00:00:00+05:30,221.09154754379662,221.77607681184483,218.06820994325034,219.81375122070312,5828348,0.0,0.0
2015-01-14 00:00:00+05:30,219.06073680016823,222.39212039497323,218.9808806357056,219.93922424316406,3685232,0.0,0.0
2015-01-15 00:00:00+05:30,225.8946420702849,227.76569138592055,221.5022462522516,226.6134033203125,11398476,0.0,0.0
2015-01-16 00:00:00+05:30,228.67839433416773,231.5762374434814,227.84554489082137,228.48443603515625,7821308,0.0,0.0
2015-01-19 00:00:00+05:30,231.19972168184105,232.73991227779706,228.84950770596075,229.21458435058594,4239492,0.0,0.0
2015-01-20 00:00:00+05:30,230.45816122140855,234.33715997464017,228.6327500434172,232.95669555664062,8505804,0.0,0.0
2015-01-21 00:00:00+05:30,234.42843254404463,235.69479481740572,232.36342503887704,232.728515625,6740612,0.0,0.0
2015-01-22 00:00:00+05:30,233.88082329179258,235.59214638904962,232.40908264279494,233.02516174316406,6470680,0.0,0.0
2015-01-23 00:00:00+05:30,235.02166826961007,239.12884305490425,233.743886129342,237.9423370361328,9987912,0.0,0.0
2015-01-27 00:00:00+05:30,237.98803199832065,245.91716345751684,237.5088670348098,245.0729217529297,9962400,0.0,0.0
2015-01-28 00:00:00+05:30,244.14876990238642,249.4424517158525,240.72612359534364,241.49050903320312,11364940,0.0,0.0
2015-01-29 00:00:00+05:30,245.289636550973,251.1309469762645,242.095166865658,249.85316467285156,20567616,0.0,0.0
2015-01-30 00:00:00+05:30,249.75050243167226,249.75050243167226,242.83674601950045,245.8258514404297,10570416,0.0,0.0
2015-02-02 00:00:00+05:30,243.80645778885017,249.39677900160342,240.12140374524137,246.79556274414062,5710352,0.0,0.0
2015-02-03 00:00:00+05:30,246.08823581034395,246.93247730915817,240.79455472107844,242.802490234375,10200688,0.0,0.0
2015-02-04 00:00:00+05:30,242.55152913452753,246.61308046277867,241.23951474833416,243.6239471435547,6197512,0.0,0.0
2015-02-05 00:00:00+05:30,245.28964760687757,249.35119895984127,244.22862170000428,245.6319122314453,8059148,0.0,0.0
2015-02-06 00:00:00+05:30,245.7460269792192,246.19095989778165,239.59668303514098,240.38388061523438,6903120,0.0,0.0
2015-02-09 00:00:00+05:30,238.90070148767109,239.98453943615863,236.04849636007233,237.32627868652344,5231896,0.0,0.0
2015-02-10 00:00:00+05:30,235.02171409208603,242.39182364630352,235.02171409208603,240.60061645507812,9275752,0.0,0.0
2015-02-11 00:00:00+05:30,241.41061596489118,242.96222652839685,240.26973403689075,241.50189208984375,4161588,0.0,0.0
2015-02-12 00:00:00+05:30,243.0306786699757,246.8640533408763,240.20128573226955,245.51780700683594,5525740,0.0,0.0
2015-02-13 00:00:00+05:30,246.7043086504799,246.88686090902863,242.68840964448393,243.19041442871094,7714500,0.0,0.0
2015-02-16 00:00:00+05:30,245.47220769228758,247.57141964833966,242.43745011646163,243.58975219726562,7388716,0.0,0.0
2015-02-18 00:00:00+05:30,243.58969410148046,247.10358790460901,241.19384222467787,245.2439727783203,5381692,0.0,0.0
2015-02-19 00:00:00+05:30,245.06146861160684,247.5485970946725,242.73408033046496,246.38490295410156,4507004,0.0,0.0
2015-02-20 00:00:00+05:30,247.11505547342074,248.68947829507263,243.8064974823177,244.84471130371094,6206024,0.0,0.0
2015-02-23 00:00:00+05:30,245.76882677671853,246.78422860068378,242.32336826011783,243.57833862304688,5581564,0.0,0.0
2015-02-24 00:00:00+05:30,244.2172677731453,244.37698014815368,241.2053218939107,243.6125946044922,5846288,0.0,0.0
2015-02-25 00:00:00+05:30,244.1487482993434,245.24400616211204,239.5852202937482,240.1442413330078,4648524,0.0,0.0
2015-02-26 00:00:00+05:30,240.41808204176832,240.9542910391821,236.18539845831845,236.88134765625,12426944,0.0,0.0
2015-02-27 00:00:00+05:30,238.54702058472304,241.53615388734022,238.54702058472304,240.49794006347656,10261784,0.0,0.0
2015-03-02 00:00:00+05:30,246.5103700818961,250.76586554562624,243.69239709074506,247.0123748779297,14385232,0.0,0.0
2015-03-03 00:00:00+05:30,247.9022417909772,249.1686319685068,245.75740588655435,247.1949005126953,6029348,0.0,0.0
2015-03-04 00:00:00+05:30,252.13494784768722,253.1161176096979,241.86700879506648,243.07635498046875,12277624,0.0,0.0
2015-03-05 00:00:00+05:30,243.00783771071642,248.71224704664874,242.43739677712318,247.59417724609375,9702452,0.0,0.0
2015-03-09 00:00:00+05:30,245.75740439286832,246.8412423000633,240.95427999955734,241.63880920410156,5755808,0.0,0.0
2015-03-10 00:00:00+05:30,242.32330881218766,242.3803529055992,238.4443104602035,240.16705322265625,5134836,0.0,0.0
2015-03-11 00:00:00+05:30,239.79061385457905,242.3005545636118,239.58524949858096,241.05697631835938,5465536,0.0,0.0
2015-03-12 00:00:00+05:30,241.88976618754597,242.75684754185727,239.83617884123495,240.63479614257812,7530836,0.0,0.0
2015-03-13 00:00:00+05:30,241.8669972764383,242.77970292653805,236.07131082759156,237.90814208984375,5426780,0.0,0.0
2015-03-16 00:00:00+05:30,238.44430692437157,241.3877876714707,237.87386599871516,239.93887329101562,5348772,0.0,0.0
2015-03-17 00:00:00+05:30,241.8669603830196,243.21320658227896,237.9537299344122,241.42202758789062,5369304,0.0,0.0
2015-03-18 00:00:00+05:30,241.9012271044754,244.58229992720962,240.31538433973995,242.67703247070312,5148332,0.0,0.0
2015-03-19 00:00:00+05:30,244.37694709814423,245.01585221891258,239.28860176410433,240.08721923828125,5373572,0.0,0.0
2015-03-20 00:00:00+05:30,239.81341800566548,241.75291758040206,238.6611159404246,240.93148803710938,6483236,0.0,0.0
2015-03-23 00:00:00+05:30,240.9428892152651,241.7301146079595,238.67254488668985,239.0718536376953,5446740,0.0,0.0
2015-03-24 00:00:00+05:30,238.0564901092746,241.18249618423673,236.26528277907175,236.83572387695312,8973564,0.0,0.0
2015-03-25 00:00:00+05:30,237.314874070215,238.83222483527138,235.27267859435102,235.99143981933594,10608900,0.0,0.0
2015-03-26 00:00:00+05:30,234.31432856600347,235.52364665947064,228.65554323986433,229.76220703125,35800620,0.0,0.0
2015-03-27 00:00:00+05:30,231.58763042967666,233.5499418181651,230.02461379796495,231.51918029785156,10840896,0.0,0.0
2015-03-30 00:00:00+05:30,232.73995839555653,237.07531056174827,231.09708531564286,236.5961456298828,6955144,0.0,0.0
2015-03-31 00:00:00+05:30,237.28065511678096,237.28065511678096,231.5648248858951,233.35601806640625,5962256,0.0,0.0
2015-04-01 00:00:00+05:30,234.13182340083367,236.58471996203056,231.14271781325138,235.76329040527344,3844196,0.0,0.0
2015-04-06 00:00:00+05:30,236.1625782021294,236.58469897892746,232.69429407506047,235.4666290283203,7151172,0.0,0.0
2015-04-07 00:00:00+05:30,235.76327338457625,236.89273546188096,233.57278544017495,235.64918518066406,6197072,0.0,0.0
2015-04-08 00:00:00+05:30,237.31486442881263,237.8624654793497,235.03310053969778,236.28807067871094,4106144,0.0,0.0
2015-04-09 00:00:00+05:30,236.90415328542642,241.63881370504848,235.02169793786584,240.9770965576172,7002784,0.0,0.0
2015-04-10 00:00:00+05:30,240.2697623887637,240.2697623887637,236.1283549307228,237.90814208984375,6119324,0.0,0.0
2015-04-13 00:00:00+05:30,237.30346363331904,238.74098614098548,236.1169574565786,237.0296630859375,4563236,0.0,0.0
2015-04-15 00:00:00+05:30,237.30347614922573,239.28859985635503,233.92645400106002,235.39820861816406,4893996,0.0,0.0
2015-04-16 00:00:00+05:30,234.5653673377955,235.83175765113387,232.28360306408155,234.94186401367188,5610120,0.0,0.0
2015-04-17 00:00:00+05:30,233.90364009678262,234.53112524514435,231.8386463029852,232.34063720703125,4049012,0.0,0.0
2015-04-20 00:00:00+05:30,232.73993721473457,233.88081925990485,228.76966212682893,229.34010314941406,5188880,0.0,0.0
2015-04-21 00:00:00+05:30,229.3172842008642,231.46214795216235,227.17242044956606,228.86093139648438,6510744,0.0,0.0
2015-04-22 00:00:00+05:30,229.65955337127218,232.96811126882156,226.69326008381412,231.16551208496094,6765936,0.0,0.0
2015-04-23 00:00:00+05:30,232.75132749499463,233.69825117231946,229.5682640190732,231.25677490234375,9627828,0.0,0.0
2015-04-24 00:00:00+05:30,232.4889620827179,232.51177415421782,228.2562783107113,229.64816284179688,7205244,0.0,0.0
2015-04-27 00:00:00+05:30,229.76224753812102,231.0286238762341,227.26371296862138,229.41998291015625,7370704,0.0,0.0
2015-04-28 00:00:00+05:30,228.07370242765558,230.78900697494237,225.9174328079609,229.21458435058594,7942108,0.0,0.0
2015-04-29 00:00:00+05:30,229.08911175612732,230.34408198985113,225.4382892580217,226.6134033203125,7863564,0.0,0.0
2015-04-30 00:00:00+05:30,226.12282524445698,227.0355308963014,223.39611432421515,225.62083435058594,15143684,0.0,0.0
2015-05-04 00:00:00+05:30,226.81875046739748,230.34407867678198,226.35099162691205,228.39317321777344,3141448,0.0,0.0
2015-05-05 00:00:00+05:30,227.95961614630698,229.06627997689517,224.94768505916605,225.35841369628906,5138004,0.0,0.0
2015-05-06 00:00:00+05:30,225.3242199953969,225.3242199953969,220.30433863853742,221.46803283691406,11007696,0.0,0.0
2015-05-07 00:00:00+05:30,220.87477321939247,221.33112605662262,215.44417724171038,217.06422424316406,11736664,0.0,0.0
2015-05-08 00:00:00+05:30,219.3916128356685,225.39264948617065,217.99974233950934,224.06922912597656,11571932,0.0,0.0
2015-05-11 00:00:00+05:30,224.99333927700687,226.52212396167658,222.25522244241594,225.9630889892578,6731344,0.0,0.0
2015-05-12 00:00:00+05:30,225.89462783877525,225.89462783877525,220.64657082837945,221.7760467529297,11107568,0.0,0.0
2015-05-13 00:00:00+05:30,222.665929752454,226.6704366308489,221.6961800725611,225.95167541503906,7791848,0.0,0.0
2015-05-14 00:00:00+05:30,225.6664727055742,227.0012991523813,222.2438265068041,226.1342315673828,4455188,0.0,0.0
2015-05-15 00:00:00+05:30,227.01270782172114,227.61736693068858,224.57121753602715,225.91744995117188,8153624,0.0,0.0
2015-05-18 00:00:00+05:30,227.2636822770245,230.9145044822779,226.35097672571115,230.42391967773438,5713304,0.0,0.0
2015-05-19 00:00:00+05:30,229.62534016720548,232.28360109425304,227.7428846573552,229.89915466308594,4786348,0.0,0.0
2015-05-20 00:00:00+05:30,230.37831664359436,234.2915476240038,230.35549064665182,233.6640625,4008840,0.0,0.0
2015-05-21 00:00:00+05:30,233.65263507252862,235.02169348115672,231.62185952901734,233.81234741210938,3934380,0.0,0.0
2015-05-22 00:00:00+05:30,233.81237866101253,234.7935484597547,232.36346388894736,233.72113037109375,4689536,0.0,0.0
2015-05-25 00:00:00+05:30,234.65662119913603,235.24987428325954,232.19230487608124,233.54995727539062,4369060,0.0,0.0
2015-05-26 00:00:00+05:30,233.7553144097465,235.06732878030556,232.29499372728094,234.42845153808594,4906344,0.0,0.0
2015-05-27 00:00:00+05:30,233.6070077884262,237.30346844767934,233.05939275577057,236.88134765625,3218592,0.0,0.0
2015-05-28 00:00:00+05:30,237.0867348183123,238.1477329532405,233.2419535504901,234.88482666015625,9561160,0.0,0.0
2015-05-29 00:00:00+05:30,235.01029775727818,240.4979519192536,234.37142047950036,239.71075439453125,5058680,0.0,0.0
2015-06-01 00:00:00+05:30,239.3456199042182,240.9542746405452,235.24986472954743,236.43637084960938,3841320,0.0,0.0
2015-06-02 00:00:00+05:30,236.9383709889478,237.37191170439726,229.2944618580629,230.18434143066406,4726008,0.0,0.0
2015-06-03 00:00:00+05:30,230.2299756065746,232.05538671148304,227.72003533732556,229.44276428222656,5824832,0.0,0.0
2015-06-04 00:00:00+05:30,230.19577721620607,232.2493650093193,227.0355393497397,231.58766174316406,5557588,0.0,0.0
2015-06-05 00:00:00+05:30,230.51523353118557,232.39768903886414,228.74686623609358,230.8574981689453,6753860,0.0,0.0
2015-06-08 00:00:00+05:30,229.1461613908315,230.97157268396234,227.16102382419513,228.963623046875,3811996,0.0,0.0
2015-06-09 00:00:00+05:30,229.317287248139,229.54546365336103,227.51468807617195,228.59852600097656,6040260,0.0,0.0
2015-06-10 00:00:00+05:30,227.72004757929733,232.51175198727853,227.49187117891725,231.73594665527344,7986248,0.0,0.0
2015-06-11 00:00:00+05:30,232.1922915143979,232.40906187270124,226.96706048048168,228.22203063964844,9094176,0.0,0.0
2015-06-12 00:00:00+05:30,228.40460821920325,230.65214050159562,225.92889950502345,230.26425170898438,6528344,0.0,0.0
2015-06-15 00:00:00+05:30,228.63277821013372,231.31385120810685,228.1764253594149,229.36294555664062,5999828,0.0,0.0
2015-06-16 00:00:00+05:30,228.17639135518502,230.56083743020304,227.50326821533088,230.09307861328125,6010524,0.0,0.0
2015-06-17 00:00:00+05:30,230.2299961029111,231.2567899408329,228.06232022285397,229.24884033203125,9686268,0.0,0.0
2015-06-18 00:00:00+05:30,229.5226757020254,233.60702542861776,228.6898261647353,232.648681640625,8431716,0.0,0.0
2015-06-19 00:00:00+05:30,233.83516323357125,236.1511311866072,231.17690286009397,235.13575744628906,3742324,0.0,0.0
2015-06-22 00:00:00+05:30,235.50088540469832,241.1596719517937,234.6794558358794,238.93495178222656,5449652,0.0,0.0
2015-06-23 00:00:00+05:30,240.0415495051923,242.14076104004877,237.87387391555416,240.06436157226562,5655180,0.0,0.0
2015-06-24 00:00:00+05:30,240.4979428211851,241.36502434469944,237.9195381751291,238.6269073486328,6267396,0.0,0.0
2015-06-25 00:00:00+05:30,239.18590369784215,244.34268460322886,237.90812146916738,243.0078582763672,16573568,0.0,0.0
2015-06-26 00:00:00+05:30,243.46424118457304,244.36552690601323,239.92750665939883,242.51730346679688,5647504,0.0,0.0
2015-06-29 00:00:00+05:30,238.42155755956492,242.2663248388964,235.13581139296704,241.10263061523438,6487836,0.0,0.0
2015-06-30 00:00:00+05:30,240.09862481945115,244.6051088680937,239.12887508746476,243.4984588623047,7290136,0.0,0.0
2015-07-01 00:00:00+05:30,242.17504163996816,245.74600824035815,241.8784290014006,244.6849822998047,4971188,0.0,0.0
2015-07-02 00:00:00+05:30,244.83436051626217,245.45505612057312,242.68488136750568,243.27108764648438,4483444,2.0,0.0
2015-07-03 00:00:00+05:30,242.31711060131235,247.39770637975545,242.31711060131235,246.96090698242188,4039288,0.0,0.0
2015-07-06 00:00:00+05:30,244.6160245743775,249.43223954127248,243.7424257821513,249.08740234375,3267780,0.0,0.0
2015-07-07 00:00:00+05:30,247.93794060043973,250.92652959237827,247.93794060043973,249.85752868652344,4141472,0.0,0.0
2015-07-08 00:00:00+05:30,248.07585449147683,248.42069166148525,245.06428215265407,245.71946716308594,5400676,0.0,0.0
2015-07-09 00:00:00+05:30,244.30567194149296,247.57014789373656,243.70795968804504,246.9149627685547,2797964,0.0,0.0
2015-07-10 00:00:00+05:30,245.9378599243449,251.7311126618054,245.63898984396263,250.7540740966797,4900088,0.0,0.0
2015-07-13 00:00:00+05:30,249.4322337864425,254.236970906987,249.4322337864425,251.9955291748047,7076084,0.0,0.0
2015-07-14 00:00:00+05:30,251.84608266900034,253.31739355687583,249.66211390098982,251.00697326660156,5674116,0.0,0.0
2015-07-15 00:00:00+05:30,251.27136108126228,253.21393265676755,250.7656111038887,252.1219482421875,3849404,0.0,0.0
2015-07-16 00:00:00+05:30,252.60472776950158,257.2485236741074,252.44378692230188,256.2599792480469,7310424,0.0,0.0
2015-07-17 00:00:00+05:30,257.3404722628945,257.88071151061826,254.16795930485736,255.30593872070312,3510988,0.0,0.0
2015-07-20 00:00:00+05:30,256.5473263477082,257.24850642416567,254.4898093043355,256.38641357421875,4551268,0.0,0.0
2015-07-21 00:00:00+05:30,256.68535028516163,259.31759657845174,251.29437809300495,252.43235778808594,11028136,0.0,0.0
2015-07-22 00:00:00+05:30,252.05299389793132,256.80025800020223,250.27133514272205,256.1910400390625,7286400,0.0,0.0
2015-07-23 00:00:00+05:30,255.84617343782926,256.7197440182974,252.90355196181903,254.69671630859375,5083172,0.0,0.0
2015-07-24 00:00:00+05:30,253.60474789654123,256.3289558506208,252.9955299673616,254.6852264404297,4761008,0.0,0.0
2015-07-27 00:00:00+05:30,253.77713550621496,253.91506474093322,245.9838110210942,251.92649841308594,3328572,0.0,0.0
2015-07-28 00:00:00+05:30,251.50126007176436,256.07610578985907,251.1449170795832,254.83468627929688,6345672,0.0,0.0
2015-07-29 00:00:00+05:30,254.05302372140784,256.99564536687717,254.04154598720544,254.8001708984375,3943032,0.0,0.0
2015-07-30 00:00:00+05:30,254.48981291932643,256.78872721850735,253.13344787022595,255.30593872070312,9462188,0.0,0.0
2015-07-31 00:00:00+05:30,256.4668978996563,257.70831735139984,253.5702712208689,255.558837890625,5649500,0.0,0.0
2015-08-03 00:00:00+05:30,255.81173148164763,256.90371595663106,251.3748149160192,251.8231201171875,4345728,0.0,0.0
2015-08-04 00:00:00+05:30,252.4437742252356,253.34035641678983,248.731022009992,249.76553344726562,5390928,0.0,0.0
2015-08-05 00:00:00+05:30,251.07598564265436,252.3518665196519,249.47822301795722,251.08746337890625,4122780,0.0,0.0
2015-08-06 00:00:00+05:30,251.0184651866972,253.19092803697163,249.53564858316747,251.9495086669922,3743712,0.0,0.0
2015-08-07 00:00:00+05:30,251.48971420838538,252.30583999572562,250.25980069206048,251.1908721923828,3227140,0.0,0.0
2015-08-10 00:00:00+05:30,251.73112167298046,254.24842166454252,250.12188162575595,251.65066528320312,3954376,0.0,0.0
2015-08-11 00:00:00+05:30,251.74270066262054,252.61627153306213,249.25986121414974,251.66221618652344,2727688,0.0,0.0
2015-08-12 00:00:00+05:30,250.21383293699427,251.70812720161084,245.45506359500297,246.08726501464844,6005740,0.0,0.0
2015-08-13 00:00:00+05:30,247.5931224362177,248.90349263898327,245.2022454463471,247.71957397460938,3465052,0.0,0.0
2015-08-14 00:00:00+05:30,248.995446254732,253.71972720187856,248.25980477380287,253.29443359375,3601660,0.0,0.0
2015-08-17 00:00:00+05:30,252.66223604552553,253.29443759982786,247.31725926824217,250.92654418945312,2500212,0.0,0.0
2015-08-18 00:00:00+05:30,250.94951440448634,251.98402598388978,247.9264360654228,249.74258422851562,1857316,0.0,0.0
2015-08-19 00:00:00+05:30,249.3977585244858,249.89203080333291,247.133333131171,248.7080841064453,3004576,0.0,0.0
2015-08-20 00:00:00+05:30,245.52402406785507,249.37470515693423,245.52402406785507,247.0642852783203,3044852,0.0,0.0
2015-08-21 00:00:00+05:30,244.6044908254612,246.6620079770676,241.61590212176665,243.98379516601562,7758972,0.0,0.0
2015-08-24 00:00:00+05:30,240.16756552097976,240.16756552097976,232.4777084182458,234.27085876464844,14686328,0.0,0.0
2015-08-25 00:00:00+05:30,235.56975735873144,237.3169548273543,231.20183384447705,234.13294982910156,12347920,0.0,0.0
2015-08-26 00:00:00+05:30,233.8915467903268,236.55828176911498,231.96045316330128,232.99496459960938,5573000,0.0,0.0
2015-08-27 00:00:00+05:30,235.63873671734396,237.81119969898418,231.9834570425102,234.9720458984375,13873432,0.0,0.0
2015-08-28 00:00:00+05:30,237.02961105522454,239.71933002549827,234.3513698206815,236.31692504882812,5553136,0.0,0.0
2015-08-31 00:00:00+05:30,234.74214503397462,237.454875265733,233.46625034140425,236.2019500732422,3441460,0.0,0.0
2015-09-01 00:00:00+05:30,234.78814573726768,234.78814573726768,228.28222021321355,229.91444396972656,10469144,0.0,0.0
2015-09-02 00:00:00+05:30,231.06388262055697,233.09843030006706,226.44307025136195,228.77647399902344,8681688,0.0,0.0
2015-09-03 00:00:00+05:30,230.42016129176935,233.33978505390795,229.6615224323685,232.25929260253906,6507368,0.0,0.0
2015-09-04 00:00:00+05:30,230.39722125332815,231.27080598455214,225.2936280962834,228.98338317871094,11404592,0.0,0.0
2015-09-07 00:00:00+05:30,230.12135124375752,232.14439328356426,225.29363058829406,226.316650390625,5381740,0.0,0.0
2015-09-08 00:00:00+05:30,226.833883687586,232.19035136323805,224.60393394245898,230.82249450683594,7444488,0.0,0.0
2015-09-09 00:00:00+05:30,233.22487008183683,235.63873024532552,231.0409013624899,233.638671875,6553120,0.0,0.0
2015-09-10 00:00:00+05:30,230.58111081750644,233.78809916308475,229.040835386611,232.4202423095703,4463740,0.0,0.0
2015-09-11 00:00:00+05:30,233.22487892177307,234.4892819124776,231.45471192849456,232.30531311035156,4301760,0.0,0.0
2015-09-14 00:00:00+05:30,231.92598790710665,235.0180307717225,230.69607423998602,234.42031860351562,5060344,0.0,0.0
2015-09-15 00:00:00+05:30,234.0179963798743,234.40881463788307,231.7535572554628,232.91452026367188,4332728,0.0,0.0
2015-09-16 00:00:00+05:30,234.23637853921628,236.35136842399606,232.54666814663318,235.25938415527344,4254052,0.0,0.0
2015-09-18 00:00:00+05:30,237.93763827755214,244.14470710218393,237.05256185403115,241.3285369873047,7841168,0.0,0.0
2015-09-21 00:00:00+05:30,238.61583697892067,242.5354977169564,238.24801624425683,242.064208984375,4276688,0.0,0.0
2015-09-22 00:00:00+05:30,241.39753723683998,243.68494602387636,235.70772363864097,236.93763732910156,6025212,0.0,0.0
2015-09-23 00:00:00+05:30,234.30534341761606,242.1791107008527,234.17890594002225,241.2020721435547,5161152,0.0,0.0
2015-09-24 00:00:00+05:30,240.69634251449745,242.30558262681978,238.16753662370522,241.70787048339844,8252836,0.0,0.0
2015-09-28 00:00:00+05:30,242.5354560499639,243.68491318764146,239.79974244970765,240.5583953857422,5777108,0.0,0.0
2015-09-29 00:00:00+05:30,237.24798580554364,246.88044355500045,235.6617291250733,244.78843688964844,10418840,0.0,0.0
2015-09-30 00:00:00+05:30,245.5240224267641,246.67347946059726,243.9952389591828,245.70794677734375,9027796,0.0,0.0
2015-10-01 00:00:00+05:30,247.1792977973088,247.57013013481952,243.53552360334007,245.44363403320312,5034788,0.0,0.0
2015-10-05 00:00:00+05:30,247.63908666814348,253.98411385470223,247.63908666814348,252.5012969970703,8053372,0.0,0.0
2015-10-06 00:00:00+05:30,254.48984596006207,254.6967538864352,248.97245092569756,249.65061950683594,4758964,0.0,0.0
2015-10-07 00:00:00+05:30,250.12191073172835,252.50128175156422,249.05290982052017,250.06443786621094,4386268,0.0,0.0
2015-10-08 00:00:00+05:30,250.14486427703892,250.7425763941794,247.2252542839379,248.9954071044922,3881908,0.0,0.0
2015-10-09 00:00:00+05:30,251.73115864464924,251.73115864464924,248.32875367706814,249.69662475585938,3443228,0.0,0.0
2015-10-12 00:00:00+05:30,250.05295765308668,251.84612246587332,247.77705439606774,248.4092559814453,2217340,0.0,0.0
2015-10-13 00:00:00+05:30,247.25976822262126,248.7770462288209,246.71950084741354,247.44366455078125,1823652,0.0,0.0
2015-10-14 00:00:00+05:30,245.70798334215925,249.77705062229697,245.30567332044825,249.37474060058594,2749148,0.0,0.0
2015-10-15 00:00:00+05:30,249.593131309244,252.07597014735472,248.512652739891,249.23681640625,3925952,0.0,0.0
2015-10-16 00:00:00+05:30,250.58171500431112,253.22546704334744,249.43225759603445,252.8921356201172,4843688,0.0,0.0
2015-10-19 00:00:00+05:30,252.88059738170423,253.36336381866684,251.57022732953124,252.37484741210938,2654220,0.0,0.0
2015-10-20 00:00:00+05:30,252.42083360230276,253.54730741584493,250.85756038396792,251.7081756591797,3851356,0.0,0.0
2015-10-21 00:00:00+05:30,252.6277070996679,253.80014782213183,249.43221049548282,251.7311248779297,7273204,0.0,0.0
2015-10-23 00:00:00+05:30,252.75415731770235,256.03011065958776,251.96104299694127,254.83468627929688,4467048,0.0,0.0
2015-10-26 00:00:00+05:30,256.087632415237,256.14510529185634,252.1909826056177,253.22549438476562,4887984,0.0,0.0
2015-10-27 00:00:00+05:30,251.85758548240906,256.09907144590954,251.85758548240906,255.38641357421875,8984032,0.0,0.0
2015-10-28 00:00:00+05:30,254.04156436315003,258.3979962237826,254.04156436315003,255.52435302734375,7694760,0.0,0.0
2015-10-29 00:00:00+05:30,255.17956630113972,256.2140780564146,252.88065128941776,253.69677734375,6702368,0.0,0.0
2015-10-30 00:00:00+05:30,253.34041093601712,255.63932573579947,250.68515311709857,252.78866577148438,8097460,0.0,0.0
2015-11-02 00:00:00+05:30,251.74262658463047,251.93802869137954,247.47812924931432,248.9954071044922,3156552,0.0,0.0
2015-11-03 00:00:00+05:30,250.80003647524947,251.04143369435346,248.0988122573844,249.40921020507812,2548592,0.0,0.0
2015-11-04 00:00:00+05:30,250.59320014831184,252.44380958534498,247.8804696632069,248.673583984375,2696444,0.0,0.0
2015-11-05 00:00:00+05:30,247.93792791306163,248.97243943425661,245.86890487067168,248.24827575683594,3596952,0.0,0.0
2015-11-06 00:00:00+05:30,248.44365941684953,250.3517695282286,247.1907623372156,248.48965454101562,5881004,0.0,0.0
2015-11-09 00:00:00+05:30,243.22516374250503,245.9034048537664,241.61592352870773,244.78843688964844,11429432,0.0,0.0
2015-11-10 00:00:00+05:30,243.6964371742313,244.83438860030398,241.949239744212,242.44351196289062,4402580,0.0,0.0
2015-11-13 00:00:00+05:30,241.24812753936163,242.53551422979734,239.31703347224553,241.8573455810547,3940028,0.0,0.0
2015-11-16 00:00:00+05:30,241.09867095790136,244.8344072182741,240.29405084028264,243.90333557128906,4734732,0.0,0.0
2015-11-17 00:00:00+05:30,244.44359460259443,244.55854032975395,241.66188555499681,243.86886596679688,2567404,0.0,0.0
2015-11-18 00:00:00+05:30,244.0757664186754,245.02982164717992,240.5354601737945,241.06419372558594,2446720,0.0,0.0
2015-11-19 00:00:00+05:30,242.53547557743002,246.20223291667884,241.2940561562031,245.73097229003906,3277680,0.0,0.0
2015-11-20 00:00:00+05:30,244.8113869667007,248.34021476925992,243.68491335840363,246.17922973632812,4648160,0.0,0.0
2015-11-23 00:00:00+05:30,246.90340082687877,247.2482379788716,243.4665351038511,245.07577514648438,3408280,0.0,0.0
2015-11-24 00:00:00+05:30,244.89189023692663,246.78849487851747,244.16772648846174,244.6849822998047,4002252,0.0,0.0
2015-11-26 00:00:00+05:30,243.45506603006606,245.29419778477856,241.63891780970278,244.593017578125,8791484,0.0,0.0
2015-11-27 00:00:00+05:30,244.7998895542789,248.78850034883695,243.9033073429715,248.1448211669922,6925072,0.0,0.0
2015-11-30 00:00:00+05:30,248.09880373855253,248.51261951054533,245.9148352969705,247.76547241210938,5247776,0.0,0.0
2015-12-01 00:00:00+05:30,247.60458453715412,249.40922671297284,246.7884587070398,248.97242736816406,1895332,0.0,0.0
2015-12-02 00:00:00+05:30,250.58164156814473,251.20233716154132,246.40910678633034,247.7769775390625,2562284,0.0,0.0
2015-12-03 00:00:00+05:30,246.55859056857614,248.51266797634574,245.36316620310956,247.53562927246094,3807712,0.0,0.0
2015-12-04 00:00:00+05:30,246.81146104218539,246.81146104218539,242.76537703747843,243.43206787109375,5859828,0.0,0.0
2015-12-07 00:00:00+05:30,245.5700461109244,246.23673695686844,243.93782235907688,244.1332244873047,5814808,0.0,0.0
2015-12-08 00:00:00+05:30,243.91484779865084,244.12175573264813,240.69636724334347,241.213623046875,4902660,0.0,0.0
2015-12-09 00:00:00+05:30,240.71933303334364,242.9952640137005,240.20207726794078,240.79978942871094,3890616,0.0,0.0
2015-12-10 00:00:00+05:30,240.2365447574851,244.42055756541447,239.61584912059976,243.82284545898438,6514340,0.0,0.0
2015-12-11 00:00:00+05:30,243.68496023950442,243.8228895100741,239.54691374487135,240.54693603515625,3033920,0.0,0.0
2015-12-14 00:00:00+05:30,239.3169807080205,243.65042858856464,239.11007280664015,242.54696655273438,5878016,0.0,0.0
2015-12-15 00:00:00+05:30,242.07572863403607,244.2481918966075,240.30557546178713,243.5585174560547,4557416,0.0,0.0
2015-12-16 00:00:00+05:30,244.37461470594357,246.7539856335347,243.53550528933604,245.3631591796875,6842768,0.0,0.0
2015-12-17 00:00:00+05:30,246.88045054319466,249.20234873338418,244.83441088658134,248.3402557373047,4878012,0.0,0.0
2015-12-18 00:00:00+05:30,249.4322357462148,249.4322357462148,245.63902663118017,246.6735382080078,3172128,0.0,0.0
2015-12-21 00:00:00+05:30,246.38615611630823,248.2597770051675,245.76546044013375,247.2252655029297,3097500,0.0,0.0
2015-12-22 00:00:00+05:30,247.0183466253901,247.47812949486502,244.60448656064688,245.16770935058594,2429536,0.0,0.0
2015-12-23 00:00:00+05:30,246.58158491441333,247.81149866535597,245.78847056870998,246.92642211914062,3013968,0.0,0.0
2015-12-24 00:00:00+05:30,247.4091618189335,247.45515694567376,245.59304185424634,246.90341186523438,2146352,0.0,0.0
2015-12-28 00:00:00+05:30,246.90341127740447,248.25977641190354,245.46658974995216,247.6505584716797,7755428,0.0,0.0
2015-12-29 00:00:00+05:30,248.04135383852122,248.24826174366484,246.28270680209909,247.81146240234375,4231612,0.0,0.0
2015-12-30 00:00:00+05:30,248.28272087589735,248.73099789675686,246.5700411098365,246.97235107421875,2112560,0.0,0.0
2015-12-31 00:00:00+05:30,247.13326361794898,249.40919416989746,247.13326361794898,248.77699279785156,9290008,0.0,0.0
2016-01-01 00:00:00+05:30,248.8345519651074,250.6391945314462,247.39773016660106,250.2943572998047,3195076,0.0,0.0
2016-01-04 00:00:00+05:30,249.20235072870446,249.20235072870446,245.5470707834755,246.09881591796875,5187536,0.0,0.0
2016-01-05 00:00:00+05:30,246.02984626888906,247.0873695083078,243.9953123198757,244.23670959472656,3160872,0.0,0.0
2016-01-06 00:00:00+05:30,242.9147844600894,247.53559657791297,242.9147844600894,245.317138671875,4165536,0.0,0.0
2016-01-07 00:00:00+05:30,243.70790729211637,244.8113974173338,241.31703072942503,242.8113250732422,6055428,0.0,0.0
2016-01-08 00:00:00+05:30,244.13324226458082,244.719476754875,243.05276355010952,244.22520446777344,3488356,0.0,0.0
2016-01-11 00:00:00+05:30,241.85729556453566,243.91481268387375,240.30552837733856,243.36306762695312,3288912,0.0,0.0
2016-01-12 00:00:00+05:30,244.58152192834712,244.58152192834712,239.8917306847434,240.68484497070312,4258736,0.0,0.0
2016-01-13 00:00:00+05:30,241.84580049463722,244.31713353201113,238.3974288145806,243.71942138671875,4515148,0.0,0.0
2016-01-14 00:00:00+05:30,241.42049917506836,243.08721210020096,238.9721497483241,241.3285369873047,6279184,0.0,0.0
2016-01-15 00:00:00+05:30,240.92623446331288,242.6389145041291,238.65030354425284,239.5813751220703,5417260,0.0,0.0
2016-01-18 00:00:00+05:30,238.08706898005983,239.42042245808236,234.71915386297783,235.83412170410156,6495388,0.0,0.0
2016-01-19 00:00:00+05:30,236.144523317851,238.52392264953906,235.93764343068295,238.12161254882812,6405212,0.0,0.0
2016-01-20 00:00:00+05:30,235.63877123336272,254.71976441616184,231.7076324673229,234.09849548339844,9563588,0.0,0.0
2016-01-21 00:00:00+05:30,234.71917217474646,237.53534245794003,232.97200275449225,235.178955078125,6300804,0.0,0.0
2016-01-22 00:00:00+05:30,235.7996545891503,240.0641523121796,234.96055919577933,236.857177734375,4236284,0.0,0.0
2016-01-25 00:00:00+05:30,239.07559963126894,240.62736690208095,237.48937109366443,239.3514862060547,10143884,0.0,0.0
2016-01-27 00:00:00+05:30,241.0296755832763,241.08714844483583,237.4778639640643,238.0870819091797,4039468,0.0,0.0
2016-01-28 00:00:00+05:30,238.8572196866992,240.6733677781333,236.78819660952857,237.1790008544922,9951972,0.0,0.0
2016-01-29 00:00:00+05:30,237.98363168977025,242.52398809198243,237.98363168977025,241.35154724121094,5360184,0.0,0.0
2016-02-01 00:00:00+05:30,243.22514663987857,245.29416962641818,242.2366022100304,243.62745666503906,4609484,0.0,0.0
2016-02-02 00:00:00+05:30,244.83437054384882,244.891843400784,241.43196618811905,242.2595977783203,6528628,0.0,0.0
2016-02-03 00:00:00+05:30,240.12163355014064,241.7078902603757,239.54690489157161,239.97219848632812,4850244,0.0,0.0
2016-02-04 00:00:00+05:30,240.92621365842604,242.51247010521112,240.36299089173914,241.2020721435547,5675992,0.0,0.0
2016-02-05 00:00:00+05:30,242.02971848314886,244.55852431506167,240.37448328269042,242.5929412841797,7523904,0.0,0.0
2016-02-08 00:00:00+05:30,242.5354835904193,243.22515795133992,236.85717591067478,238.133056640625,3481924,0.0,0.0
2016-02-09 00:00:00+05:30,236.0295644780508,237.14456057420728,234.6387379019506,235.88015747070312,5535460,0.0,0.0
2016-02-10 00:00:00+05:30,235.38584427550933,236.8226657342878,232.21333126935878,232.8685302734375,7682280,0.0,0.0
2016-02-11 00:00:00+05:30,232.1903553124774,232.88002963518775,222.58089588900552,224.21311950683594,8803600,0.0,0.0
2016-02-12 00:00:00+05:30,225.06372823509884,226.7764223338848,222.07513940255922,223.31655883789062,12542144,0.0,0.0
2016-02-15 00:00:00+05:30,225.29360694336356,227.19021128752962,223.24756755343688,223.82229614257812,10912960,0.0,0.0
2016-02-16 00:00:00+05:30,225.63846522087113,225.75341094946046,221.15558180588692,223.787841796875,7136096,0.0,0.0
2016-02-17 00:00:00+05:30,224.58093763298183,225.27061190472017,220.4658755323594,224.12115478515625,7503924,0.0,0.0
2016-02-18 00:00:00+05:30,226.6729362613347,227.87986619578908,224.6039135165558,227.466064453125,6799856,0.0,0.0
2016-02-19 00:00:00+05:30,227.30512686450126,228.190203161833,223.79928293561767,227.4315643310547,3328660,0.0,0.0
2016-02-22 00:00:00+05:30,225.98328474698266,228.97187345675965,225.98328474698266,227.30516052246094,4002396,0.0,0.0
2016-02-23 00:00:00+05:30,226.4200759784027,226.55800522440305,222.07512232041944,223.0061798095703,6078320,0.0,0.0
2016-02-24 00:00:00+05:30,220.69580851209062,221.36249937955554,217.569290170754,218.304931640625,6463468,0.0,0.0
2016-02-25 00:00:00+05:30,219.31643077500436,220.06357794483534,215.68414887873334,216.70716857910156,8463196,0.0,0.0
2016-02-26 00:00:00+05:30,218.39686859162614,223.22458884470421,217.24741138851232,220.92567443847656,6209388,0.0,0.0
2016-02-29 00:00:00+05:30,220.94865001246686,225.89131580784567,213.33924921449068,223.41998291015625,8812752,0.0,0.0
2016-03-01 00:00:00+05:30,224.13264624309164,226.8453622352554,223.4199744110627,226.24765014648438,4322560,0.0,0.0
2016-03-02 00:00:00+05:30,229.43168755963305,232.39729314167596,228.74201314813115,231.54669189453125,6358976,0.0,0.0
2016-03-03 00:00:00+05:30,232.36277653579862,234.48927238833994,232.19035795316012,233.53521728515625,4610400,0.0,0.0
2016-03-04 00:00:00+05:30,233.44326666048917,235.6157435850757,228.30518453326582,234.61570739746094,5704624,0.0,0.0
2016-03-08 00:00:00+05:30,235.40884965509406,235.40884965509406,232.07542356134516,233.14442443847656,1913688,0.0,0.0
2016-03-09 00:00:00+05:30,232.8800430533681,236.76521424107773,231.4432214649342,235.5927734375,6528172,0.0,0.0
2016-03-10 00:00:00+05:30,235.5927830251041,235.81116869026474,232.21336167382677,234.7766571044922,2671392,0.0,0.0
2016-03-11 00:00:00+05:30,234.4662909642646,236.97211333372027,232.8800343771471,236.48931884765625,4730856,0.0,0.0
2016-03-14 00:00:00+05:30,236.3284002499498,238.61580885210384,235.6961987901372,236.22496032714844,3008656,0.0,0.0
2016-03-15 00:00:00+05:30,236.30542759399225,237.56983057180892,234.8686060282915,236.029541015625,7690036,0.0,0.0
2016-03-16 00:00:00+05:30,236.09853301495977,237.765246125338,234.24790954007344,236.8916473388672,4803548,0.0,0.0
2016-03-17 00:00:00+05:30,237.92614664779708,238.85721825210038,232.4547469365605,234.1214599609375,5113484,0.0,0.0
2016-03-18 00:00:00+05:30,235.1674835715239,237.24799858225614,233.42029996928906,236.42039489746094,4135068,0.0,0.0
2016-03-21 00:00:00+05:30,237.47783962918922,240.7767759320741,237.30542106217868,240.3744659423828,5318796,0.0,0.0
2016-03-22 00:00:00+05:30,240.5814063329109,242.90330440304265,239.2480246760835,242.27110290527344,4120264,0.0,0.0
2016-03-23 00:00:00+05:30,242.08720272744708,242.08720272744708,239.21355960150007,241.23658752441406,8464300,0.0,0.0
2016-03-28 00:00:00+05:30,240.23656592903956,242.07569753423795,239.466435181947,240.81129455566406,11270868,0.0,0.0
2016-03-29 00:00:00+05:30,240.81127055838652,243.56996769127497,240.06412341822923,242.2595977783203,6733952,0.0,0.0
2016-03-30 00:00:00+05:30,243.22517202406675,245.96088609325477,242.28262262219138,244.82290649414062,7814380,0.0,0.0
2016-03-31 00:00:00+05:30,245.2597159245996,248.0299194397099,244.8459281049357,246.24826049804688,20080392,0.0,0.0
2016-04-01 00:00:00+05:30,245.7079970517319,247.45516648806398,242.94929960607436,244.70794677734375,5158648,0.0,0.0
2016-04-04 00:00:00+05:30,244.88033744795962,246.62753474800874,244.6044789600142,245.76544189453125,6179960,0.0,0.0
2016-04-05 00:00:00+05:30,245.75396665042834,247.57011476679043,242.68492132308455,243.0987091064453,6663028,0.0,0.0
2016-04-06 00:00:00+05:30,243.9148546776792,245.28269772709217,242.93781591012015,244.02980041503906,4295376,0.0,0.0
2016-04-07 00:00:00+05:30,244.6045445776957,244.77696319464425,240.70789505982853,242.6504669189453,3911692,0.0,0.0
2016-04-08 00:00:00+05:30,242.5354697895127,244.4550577055945,242.3630512090936,243.53549194335938,2962796,0.0,0.0
2016-04-11 00:00:00+05:30,243.7539335769005,246.92641898233612,239.74231064178005,246.20225524902344,4049620,0.0,0.0
2016-04-12 00:00:00+05:30,245.89186582521398,246.2137194370618,243.51249515752355,244.3745880126953,4941480,0.0,0.0
2016-04-13 00:00:00+05:30,246.44361711347352,249.42069995698074,245.86888852878727,248.68505859375,4974604,0.0,0.0
2016-04-18 00:00:00+05:30,249.08741368222087,251.04149122379803,246.35169951142797,250.07595825195312,4117068,0.0,0.0
2016-04-20 00:00:00+05:30,251.01846394711714,252.88057896143107,249.09887607394833,252.3863067626953,3821352,0.0,0.0
2016-04-21 00:00:00+05:30,251.73113052164962,254.06453428473117,250.35178186125702,250.84605407714844,8191728,0.0,0.0
2016-04-22 00:00:00+05:30,250.4667402834705,253.0760026857713,249.47819580156116,251.07595825195312,7809320,0.0,0.0
2016-04-25 00:00:00+05:30,252.88059418680683,252.88059418680683,249.31727672326548,251.32882690429688,5561960,0.0,0.0
2016-04-26 00:00:00+05:30,251.7311571588593,256.32898651335904,251.15642848954684,256.0646057128906,7053796,0.0,0.0
2016-04-27 00:00:00+05:30,255.1450328674717,258.62789412088415,254.94963073783157,258.4439697265625,5763636,0.0,0.0
2016-04-28 00:00:00+05:30,258.44394216006856,261.317585121566,255.25995137131326,256.0875549316406,8089584,0.0,0.0
2016-04-29 00:00:00+05:30,256.0531565880779,261.1567365166661,254.30595878780133,260.317626953125,5611940,0.0,0.0
2016-05-02 00:00:00+05:30,259.2600692987792,259.77732503446725,256.5588449012969,256.93817138671875,3862716,0.0,0.0
2016-05-03 00:00:00+05:30,257.91525914978524,260.92683195001536,255.90370868321023,257.0186767578125,4695296,0.0,0.0
2016-05-04 00:00:00+05:30,256.9037264119838,260.8118815341348,256.15657910921965,259.16815185546875,5292328,0.0,0.0
2016-05-05 00:00:00+05:30,259.31748607829275,260.86925294977186,258.09905049478067,260.3060302734375,5214248,0.0,0.0
2016-05-06 00:00:00+05:30,260.2371336650541,260.2946065302628,256.84623461774,257.3979797363281,2733152,0.0,0.0
2016-05-09 00:00:00+05:30,257.47841925472517,263.21419960134745,257.248527808962,262.3981018066406,6953180,0.0,0.0
2016-05-10 00:00:00+05:30,262.8809051072601,263.80047101931,261.17970255738294,263.2027587890625,5453000,0.0,0.0
2016-05-11 00:00:00+05:30,260.8578071620204,263.2257002320708,259.7083499557668,261.8003845214844,6147372,0.0,0.0
2016-05-12 00:00:00+05:30,262.99583307970624,264.83496477956436,260.35208126116027,264.16827392578125,4221688,0.0,0.0
2016-05-13 00:00:00+05:30,263.91533494759875,263.91533494759875,259.77728962612076,262.2831115722656,5045316,0.0,0.0
2016-05-16 00:00:00+05:30,263.2256706045924,268.0304067985172,260.363533708338,267.3177490234375,4518768,0.0,0.0
2016-05-17 00:00:00+05:30,267.8350679416456,268.8006008890089,264.6740602339493,265.1683044433594,4295424,0.0,0.0
2016-05-18 00:00:00+05:30,264.6050790837744,264.6050790837744,260.1221954676722,262.2257080078125,4162644,0.0,0.0
2016-05-19 00:00:00+05:30,262.0992405633568,262.69695272996506,260.23712540230275,261.91534423828125,3855796,0.0,0.0
2016-05-20 00:00:00+05:30,262.0646978981048,264.03028065097317,260.6048930778332,262.2831115722656,2016632,0.0,0.0
2016-05-23 00:00:00+05:30,262.5245565151825,264.3636883002193,260.51300612529843,261.3291320800781,3463532,0.0,0.0
2016-05-24 00:00:00+05:30,261.708443375944,262.9153735395575,261.0532583282811,262.06475830078125,3259468,0.0,0.0
2016-05-25 00:00:00+05:30,263.52455975334277,270.340818262495,263.52455975334277,269.73162841796875,5767348,0.0,0.0
2016-05-26 00:00:00+05:30,270.3753439139487,273.31796586434496,268.11091861688584,272.0190734863281,13705560,0.0,0.0
2016-05-27 00:00:00+05:30,272.0190487163692,273.5708159496973,270.51324854626796,272.8351745605469,5775184,0.0,0.0
2016-05-30 00:00:00+05:30,272.88116008857975,274.72029174882294,270.8351205039748,271.2144470214844,3814532,0.0,0.0
2016-05-31 00:00:00+05:30,272.62827551459435,272.62827551459435,270.6741981942747,271.7087097167969,5515640,0.0,0.0
2016-06-01 00:00:00+05:30,271.9500884351139,271.9500884351139,269.2028967430501,270.1569519042969,5675632,0.0,0.0
2016-06-02 00:00:00+05:30,270.05348904859176,271.409854286285,269.20290186479434,270.1109619140625,7910616,0.0,0.0
2016-06-03 00:00:00+05:30,271.2948931609933,272.42136687288314,268.7546094890874,269.37530517578125,4524420,0.0,0.0
2016-06-06 00:00:00+05:30,270.352334267736,271.8236451008247,268.9844914207161,269.2258605957031,5547308,0.0,0.0
2016-06-07 00:00:00+05:30,270.57072507741265,271.2719052101155,268.43275147579715,269.8235778808594,5628504,0.0,0.0
2016-06-08 00:00:00+05:30,270.3064352043754,270.81218527598486,266.9040298008645,267.2718505859375,4742812,0.0,0.0
2016-06-09 00:00:00+05:30,267.2487906416272,267.63959485223654,264.94987631352717,266.5361328125,4648184,0.0,0.0
2016-06-10 00:00:00+05:30,266.3062979071611,269.5937292563989,265.8005198098688,266.9844665527344,6322312,0.0,0.0
2016-06-13 00:00:00+05:30,265.46716370603724,267.81204537526236,264.61657652833776,265.0418701171875,3323236,0.0,0.0
2016-06-14 00:00:00+05:30,265.5246703963722,265.9844533754135,263.053336884025,264.8005065917969,3828768,0.0,0.0
2016-06-15 00:00:00+05:30,265.5246359078647,269.17991572905095,265.11082005530693,268.86956787109375,3045824,0.0,0.0
2016-06-16 00:00:00+05:30,268.1798935136876,268.7086270331959,265.6050923275296,267.1683654785156,4727768,0.0,0.0
2016-06-17 00:00:00+05:30,268.28331760504307,270.81212351220285,267.94998623335846,268.9729919433594,3761652,0.0,0.0
2016-06-20 00:00:00+05:30,266.44418036930733,271.09948205393067,266.39821330623215,269.44427490234375,2742764,0.0,0.0
2016-06-21 00:00:00+05:30,270.1224689623956,270.2259088955525,266.9499555485618,268.202880859375,2670968,0.0,0.0
2016-06-22 00:00:00+05:30,268.0534679430751,270.1224912805431,268.0534679430751,269.31787109375,3803840,0.0,0.0
2016-06-23 00:00:00+05:30,268.92703140374755,273.9961210756012,268.39826983970846,273.59381103515625,3926732,0.0,0.0
2016-06-24 00:00:00+05:30,266.63958168307903,269.4097847666018,263.6854822848864,267.1108703613281,11173964,0.0,0.0
2016-06-27 00:00:00+05:30,267.13388639183523,268.74312667130414,265.07636897396935,266.66259765625,4163788,0.0,0.0
2016-06-28 00:00:00+05:30,266.96148037889236,269.6856887964386,264.3752012363627,268.2718505859375,4034980,0.0,0.0
2016-06-29 00:00:00+05:30,270.0217717560048,271.064774307852,268.79333521097163,270.7866516113281,5420668,2.375,0.0
2016-06-30 00:00:00+05:30,271.41241759514264,273.4984225126117,269.36118508494854,272.67559814453125,16278892,0.0,0.0
2016-07-01 00:00:00+05:30,273.498444214127,274.6573359268987,271.5978731224833,272.2236633300781,4304876,0.0,0.0
2016-07-04 00:00:00+05:30,273.0812619494869,273.38258514528843,271.5051860225268,271.8296813964844,7249852,0.0,0.0
2016-07-05 00:00:00+05:30,271.8296486618535,272.1773161720998,269.3264312707786,270.16082763671875,2136328,0.0,0.0
2016-07-07 00:00:00+05:30,270.69388796862205,275.5264599674452,269.07143983421855,274.8079528808594,4832616,0.0,0.0
2016-07-08 00:00:00+05:30,274.68050705485524,274.7963962256904,271.4703826813721,272.3047790527344,3118868,0.0,0.0
2016-07-11 00:00:00+05:30,274.88915812132086,278.57444001448283,273.74186645995627,278.07611083984375,5102532,0.0,0.0
2016-07-12 00:00:00+05:30,280.4286369850924,280.4286369850924,277.1026232540962,278.6323547363281,7046032,0.0,0.0
2016-07-13 00:00:00+05:30,278.08761410503814,278.58591481265705,276.5810551634476,277.6124572753906,6687072,0.0,0.0
2016-07-14 00:00:00+05:30,278.36577998441413,278.6323307279792,276.32611932168146,278.2151184082031,3459668,0.0,0.0
2016-07-15 00:00:00+05:30,279.0148000359983,284.1602682913448,276.9983113356277,283.6271667480469,5774216,0.0,0.0
2016-07-18 00:00:00+05:30,283.9284922234808,287.0575000969641,283.3838187337851,284.496337890625,4438484,0.0,0.0
2016-07-19 00:00:00+05:30,284.8556218572542,285.261234012055,281.34417382989835,282.3871765136719,2586004,0.0,0.0
2016-07-20 00:00:00+05:30,283.46487981888976,287.0574437086631,283.17515692455316,285.59722900390625,4690332,0.0,0.0
2016-07-21 00:00:00+05:30,285.2495461604209,287.3819235237886,283.3489753932833,284.7628173828125,9112904,0.0,0.0
2016-07-22 00:00:00+05:30,285.86378385030525,286.1651069820639,283.11721643101254,285.27276611328125,5620272,0.0,0.0
2016-07-25 00:00:00+05:30,285.7826946688473,289.5954370638752,284.3920246217969,289.0159912109375,9872884,0.0,0.0
2016-07-26 00:00:00+05:30,287.9613492991787,288.71462873159317,286.28095671917725,287.126953125,5665992,0.0,0.0
2016-07-27 00:00:00+05:30,287.6369252816563,289.1550847541516,285.0873634943088,286.6982116699219,10734736,0.0,0.0
2016-07-28 00:00:00+05:30,286.9415449450891,290.0126075222478,286.3736994084996,289.3636169433594,10646528,0.0,0.0
2016-07-29 00:00:00+05:30,289.2593448638292,289.72290150623917,286.2462266881643,288.8421325683594,3395676,0.0,0.0
2016-08-01 00:00:00+05:30,289.49113592498793,291.7973190051675,284.54267420813943,287.938232421875,5560864,0.0,0.0
2016-08-02 00:00:00+05:30,289.0275513361952,291.2178450390449,287.49782015537545,288.16998291015625,5329396,0.0,0.0
2016-08-03 00:00:00+05:30,287.660122044545,289.71135490831176,285.3191662256344,287.50946044921875,4733876,0.0,0.0
2016-08-04 00:00:00+05:30,288.93488547449977,288.9580576508505,285.92176692425835,287.6369323730469,4662880,0.0,0.0
2016-08-05 00:00:00+05:30,289.12025755099626,291.03242852912024,287.8107044952069,289.5490417480469,5784912,0.0,0.0
2016-08-08 00:00:00+05:30,290.39506777472025,290.8817965964303,288.4597244281276,289.63018798828125,4728776,0.0,0.0
2016-08-09 00:00:00+05:30,290.39506699330815,290.39506699330815,286.8720195023222,289.07391357421875,4210856,0.0,0.0
2016-08-10 00:00:00+05:30,288.56395557950066,289.94302501376666,282.7115540707598,284.3687744140625,3619720,0.0,0.0
2016-08-11 00:00:00+05:30,284.3456344369252,286.24620521090407,283.23308726131563,284.68170166015625,2856072,0.0,0.0
2016-08-12 00:00:00+05:30,285.33071242931595,286.2462254769008,282.63048934005354,284.7860107421875,4641496,0.0,0.0
2016-08-16 00:00:00+05:30,285.78267297868854,287.0458535249187,281.3325404831827,284.4615478515625,3468568,0.0,0.0
2016-08-17 00:00:00+05:30,285.8754464595926,286.8257321154244,284.1602808674831,286.2231140136719,5511036,0.0,0.0
2016-08-18 00:00:00+05:30,286.9415521008764,290.8586112575111,286.14192823663564,290.3023376464844,6111656,0.0,0.0
2016-08-19 00:00:00+05:30,289.7228829619656,289.7228829619656,287.7411671252056,289.05072021484375,4110636,0.0,0.0
2016-08-22 00:00:00+05:30,288.5756745284681,290.7543685993631,287.6369608008156,289.7925109863281,5501292,0.0,0.0
2016-08-23 00:00:00+05:30,289.95467103685786,290.6500059793923,288.80737969897655,290.0589599609375,5314524,0.0,0.0
2016-08-24 00:00:00+05:30,290.198077479302,293.0141616326612,289.0391857970129,292.4579162597656,5570936,0.0,0.0
2016-08-25 00:00:00+05:30,292.9678009071156,293.61679153022345,290.71956248644267,291.7046203613281,8729888,0.0,0.0
2016-08-26 00:00:00+05:30,292.0407236708139,292.4811081984925,290.62688138153493,291.3685607910156,2521136,0.0,0.0
2016-08-29 00:00:00+05:30,290.99770090307976,290.99770090307976,286.5243677001315,286.9647521972656,2944184,0.0,0.0
2016-08-30 00:00:00+05:30,288.5872021012356,294.47437752705457,288.32065135470117,294.04559326171875,9867608,0.0,0.0
2016-08-31 00:00:00+05:30,294.12665837706606,300.1528940884953,293.315434338989,299.2721252441406,11161364,0.0,0.0
2016-09-01 00:00:00+05:30,298.53050217429137,298.9940588546862,295.61010074645463,297.5338439941406,5224676,0.0,0.0
2016-09-02 00:00:00+05:30,297.95105439647386,298.7622785819174,296.94282428178775,297.85833740234375,3955188,0.0,0.0
2016-09-06 00:00:00+05:30,299.0056409983722,302.21576515723484,299.0056409983722,301.404541015625,5508884,0.0,0.0
2016-09-07 00:00:00+05:30,301.5436250884162,302.47073846301544,297.3947870784334,298.24078369140625,4016444,0.0,0.0
2016-09-08 00:00:00+05:30,298.99401127451,300.2108473669063,297.5106244746532,298.8549499511719,2905380,0.0,0.0
2016-09-09 00:00:00+05:30,298.9940444843357,300.037046965095,296.2822493516627,299.0867614746094,4013768,0.0,0.0
2016-09-12 00:00:00+05:30,295.44784233061085,297.6961092323382,294.70616295075,296.6531066894531,3985728,0.0,0.0
2016-09-14 00:00:00+05:30,295.5173685882192,295.9809252448282,293.2923022951467,294.2309875488281,3849508,0.0,0.0
2016-09-15 00:00:00+05:30,294.8219867373026,297.580154064328,294.3236577520136,296.58349609375,3501812,0.0,0.0
2016-09-16 00:00:00+05:30,297.55703844214656,302.3548386698554,297.55703844214656,300.8135070800781,6525816,0.0,0.0
2016-09-19 00:00:00+05:30,300.6164844450832,301.89126521952267,298.530479541455,299.02880859375,5894832,0.0,0.0
2016-09-20 00:00:00+05:30,299.60825154670596,300.1529249410373,297.61496364976335,298.634765625,3778248,0.0,0.0
2016-09-21 00:00:00+05:30,299.45761375102717,300.84828378392666,298.50732822053004,299.68939208984375,4256400,0.0,0.0
2016-09-22 00:00:00+05:30,302.4707178134012,305.2404575136251,301.43931557187506,302.9111022949219,6555800,0.0,0.0
2016-09-23 00:00:00+05:30,302.71409835579925,305.5881270050507,301.65949563998714,304.2554016113281,4876808,0.0,0.0
2016-09-26 00:00:00+05:30,302.7256469934677,303.3746375829723,299.85159027219885,300.4194641113281,5576772,0.0,0.0
2016-09-27 00:00:00+05:30,301.0800719105599,302.737292745624,300.1181861145503,300.8598937988281,4056812,0.0,0.0
2016-09-28 00:00:00+05:30,301.2886513383652,301.3118235122925,298.76226192872696,300.21087646484375,4989652,0.0,0.0
2016-09-29 00:00:00+05:30,300.8366880579179,302.7025150306538,293.8833377892199,296.0968322753906,16450012,0.0,0.0
2016-09-30 00:00:00+05:30,296.00413149502214,296.908072738122,293.75589276895244,295.0190734863281,4138428,0.0,0.0
2016-10-03 00:00:00+05:30,296.90804789249466,298.97088073790826,295.84187320742535,298.3450622558594,3900548,0.0,0.0
2016-10-04 00:00:00+05:30,298.66953361314404,300.15292050052284,297.2093471920654,298.8897399902344,2775512,0.0,0.0
2016-10-05 00:00:00+05:30,300.8482863220407,301.32344323792506,295.84187982001663,298.0901184082031,3647020,0.0,0.0
2016-10-06 00:00:00+05:30,298.32183770550324,300.2919532121424,296.4560394075178,297.128173828125,2895712,0.0,0.0
2016-10-07 00:00:00+05:30,297.6033595550334,298.4725282453226,295.8070775951023,296.8153076171875,3337464,0.0,0.0
2016-10-10 00:00:00+05:30,297.8351708589973,298.507333712583,296.38655621474146,297.68450927734375,4719312,0.0,0.0
2016-10-13 00:00:00+05:30,296.444467723169,296.444467723169,291.2178553525787,292.6780700683594,4519356,0.0,0.0
2016-10-14 00:00:00+05:30,293.3734293714724,293.89493062850244,290.65003391809313,292.4579162597656,4067116,0.0,0.0
2016-10-17 00:00:00+05:30,293.3154577543204,293.52406389655727,285.7247179349178,286.87200927734375,5135360,0.0,0.0
2016-10-18 00:00:00+05:30,288.1468003023451,292.04068745234395,287.17334266147157,291.5423583984375,2610968,0.0,0.0
2016-10-19 00:00:00+05:30,292.2956545857149,292.73603908384257,289.25936403534087,291.65826416015625,3044904,0.0,0.0
2016-10-20 00:00:00+05:30,292.09859705066265,293.76738946180166,289.95464781621024,290.9976501464844,3200356,0.0,0.0
2016-10-21 00:00:00+05:30,291.11356103525463,295.0421921220526,289.7228911576977,294.52069091796875,3956408,0.0,0.0
2016-10-24 00:00:00+05:30,294.76412712870695,295.946191097228,292.28411001253045,292.8635559082031,3255664,0.0,0.0
2016-10-25 00:00:00+05:30,293.89497686980997,293.89497686980997,288.3438961555424,289.7925109863281,5501796,0.0,0.0
2016-10-26 00:00:00+05:30,288.1816052616229,293.1996121881583,286.2578619362626,287.242919921875,5366540,0.0,0.0
2016-10-27 00:00:00+05:30,287.17336514642443,291.3453752938301,283.73146243346565,290.20965576171875,11623860,0.0,0.0
2016-10-28 00:00:00+05:30,290.76592337381953,292.481088723954,287.42830966687615,291.8205261230469,5320536,0.0,0.0
2016-11-01 00:00:00+05:30,291.11361569383473,292.9330701332699,289.0392107209623,291.994384765625,3402416,0.0,0.0
2016-11-02 00:00:00+05:30,289.97785780186524,291.0440324420864,287.7527915324357,288.83056640625,6474432,0.0,0.0
2016-11-03 00:00:00+05:30,288.56402563578797,292.0407006434481,285.4929627123549,290.8702087402344,6315812,0.0,0.0
2016-11-04 00:00:00+05:30,290.3719314734801,290.3719314734801,287.8107693597811,288.2627258300781,5734920,0.0,0.0
2016-11-07 00:00:00+05:30,290.1865051164116,290.8470677801099,287.40516481178145,289.595458984375,5671392,0.0,0.0
2016-11-08 00:00:00+05:30,289.97780545470215,291.57708127295695,287.4282443306938,290.7195129394531,5348164,0.0,0.0
2016-11-09 00:00:00+05:30,278.1339949113387,291.438076659915,277.05622002240665,290.01263427734375,13645468,0.0,0.0
2016-11-10 00:00:00+05:30,292.90984902374305,297.37158163993064,290.67318259905585,296.3401794433594,10700736,0.0,0.0
2016-11-11 00:00:00+05:30,295.2855770171023,297.13980356038076,293.3386334880095,295.7027893066406,7139320,0.0,0.0
2016-11-15 00:00:00+05:30,296.0967783482337,298.762228799118,289.873536649819,290.8238220214844,12512524,0.0,0.0
2016-11-16 00:00:00+05:30,293.89489268632684,293.89489268632684,287.4167003359749,288.413330078125,8647744,0.0,0.0
2016-11-17 00:00:00+05:30,287.0110939466605,289.46793838562087,283.9632034971066,285.1336669921875,4815624,0.0,0.0
2016-11-18 00:00:00+05:30,286.4780169147087,286.4780169147087,280.26634633097194,280.7762756347656,6879900,0.0,0.0
2016-11-21 00:00:00+05:30,282.6536726876957,282.6536726876957,275.4337720686337,277.8326721191406,5552520,0.0,0.0
2016-11-22 00:00:00+05:30,279.710128465264,279.710128465264,275.66557921865086,277.68206787109375,10017784,0.0,0.0
2016-11-23 00:00:00+05:30,278.82935057151263,278.82935057151263,273.7533991293902,274.5993957519531,3532692,0.0,0.0
2016-11-24 00:00:00+05:30,274.425533234127,274.95863469200094,269.0714596548481,270.13763427734375,15285996,0.0,0.0
2016-11-25 00:00:00+05:30,270.9488800693357,276.557904592648,268.39931832360196,275.65399169921875,5969960,0.0,0.0
2016-11-28 00:00:00+05:30,273.55638847114926,277.879060213246,273.0580593766051,274.52984619140625,4130180,0.0,0.0
2016-11-29 00:00:00+05:30,274.58774880767504,276.49991983918596,272.68717800880665,273.20867919921875,3932644,0.0,0.0
2016-11-30 00:00:00+05:30,274.6573623328008,278.59759453504347,273.75342105128186,278.04132080078125,6442840,0.0,0.0
2016-12-01 00:00:00+05:30,278.66707381566897,279.96502669481373,276.51152421238777,277.49658203125,4476984,0.0,0.0
2016-12-02 00:00:00+05:30,275.58443280625085,278.5859508454181,272.7335480461264,275.60760498046875,4062672,0.0,0.0
2016-12-05 00:00:00+05:30,275.25993403421614,277.8906123731355,272.687200276741,277.2879943847656,4551936,0.0,0.0
2016-12-06 00:00:00+05:30,276.97508460455634,278.79453870669755,275.8625373825681,276.84759521484375,2702964,0.0,0.0
2016-12-07 00:00:00+05:30,278.562742727994,279.5014561553457,270.4852746742217,273.8692321777344,5628192,0.0,0.0
2016-12-08 00:00:00+05:30,275.1209283012209,279.42042843064525,275.1209283012209,278.0181579589844,4309696,0.0,0.0
2016-12-09 00:00:00+05:30,277.92536538853034,278.66707295521627,275.3526318105666,277.7399597167969,4387952,0.0,0.0
2016-12-12 00:00:00+05:30,276.2797839928913,276.3145564028836,273.7533944034329,274.52984619140625,3425272,0.0,0.0
2016-12-13 00:00:00+05:30,273.5563516180684,275.89730690103437,273.1623398065818,274.947021484375,2526868,0.0,0.0
2016-12-14 00:00:00+05:30,275.1208764538744,275.35265478281616,271.968696838917,272.50177001953125,4314144,0.0,0.0
2016-12-15 00:00:00+05:30,269.83630092354264,276.8591951311519,269.69723959426597,272.7103576660156,4941488,0.0,0.0
2016-12-16 00:00:00+05:30,272.71034086078214,274.6572842304326,271.5398774271422,274.031494140625,3255828,0.0,0.0
2016-12-19 00:00:00+05:30,272.75671741991306,273.3825075187221,271.2965027983588,272.7451171875,3160436,0.0,0.0
2016-12-20 00:00:00+05:30,272.57131445834466,274.657319415934,271.57465632797295,273.9388122558594,4189992,0.0,0.0
2016-12-21 00:00:00+05:30,274.4255263506356,274.6573046668101,272.33952150506485,273.4984130859375,2658876,0.0,0.0
2016-12-22 00:00:00+05:30,272.6640191716084,273.3825262993319,270.8097926261276,271.8991394042969,2805716,0.0,0.0
2016-12-23 00:00:00+05:30,271.41240224084567,275.64235641752833,271.0183904293591,274.947021484375,4752516,0.0,0.0
2016-12-26 00:00:00+05:30,273.1623629655102,274.91227238635435,271.20381909513094,272.33953857421875,4183864,0.0,0.0
2016-12-27 00:00:00+05:30,273.33620475961663,275.09771446614985,272.084596078335,274.70367431640625,4899296,0.0,0.0
2016-12-28 00:00:00+05:30,275.793065227215,276.96352892259637,273.73023224680554,275.0629577636719,6507840,0.0,0.0
2016-12-29 00:00:00+05:30,274.6573224262782,279.9766238091314,273.83449803335384,279.3392333984375,8100816,0.0,0.0
2016-12-30 00:00:00+05:30,278.1340000546493,280.91534005519577,278.12239982067894,279.5710144042969,4066540,0.0,0.0
2017-01-02 00:00:00+05:30,280.3242174516596,280.4748789858719,276.29129818656645,277.4617614746094,3708656,0.0,0.0
2017-01-03 00:00:00+05:30,278.31941914241906,278.5859415769371,274.83114409446534,275.79302978515625,3847500,0.0,0.0
2017-01-04 00:00:00+05:30,275.7814233743757,276.27975241195696,274.37918153984646,274.773193359375,6967120,0.0,0.0
2017-01-05 00:00:00+05:30,275.5844459909338,276.8592268596891,274.216948127618,274.9354553222656,6776384,0.0,0.0
2017-01-06 00:00:00+05:30,275.8393765637236,277.7631479620645,275.39899209134103,276.6622009277344,5525260,0.0,0.0
2017-01-09 00:00:00+05:30,277.8674198255509,279.09585617939973,276.3145164740067,277.02142333984375,4573796,0.0,0.0
2017-01-10 00:00:00+05:30,277.2532093747914,282.0278653033711,277.044631525675,281.4599914550781,5546116,0.0,0.0
2017-01-11 00:00:00+05:30,282.1900324767374,286.96465898976874,281.72647595521505,286.0143737792969,9343404,0.0,0.0
2017-01-12 00:00:00+05:30,286.2462463378906,288.2627065534956,284.0443521352915,286.2462463378906,2916316,0.0,0.0
2017-01-13 00:00:00+05:30,287.1733683185693,287.33560184212536,284.7628678814574,285.66680908203125,3850412,0.0,0.0
2017-01-16 00:00:00+05:30,285.8985236429346,289.59537608899535,285.7362901555724,289.1781921386719,3765864,0.0,0.0
2017-01-17 00:00:00+05:30,289.0275804244755,290.279189077747,286.5359633518507,287.0574645996094,3559612,0.0,0.0
2017-01-18 00:00:00+05:30,287.61373961530956,291.1135867914929,287.6021393813365,288.00775146484375,4612888,0.0,0.0
2017-01-19 00:00:00+05:30,288.5408649963926,288.5408649963926,286.24625374095183,286.5475769042969,3512412,0.0,0.0
2017-01-20 00:00:00+05:30,286.47799579766513,288.5640006214345,285.0873259151522,286.5591125488281,13942068,0.0,0.0
2017-01-23 00:00:00+05:30,286.47802190096223,289.7229185891608,286.4316775512895,288.48291015625,4793848,0.0,0.0
2017-01-24 00:00:00+05:30,289.72292818504263,294.70616254982536,289.5490944281316,293.7906494140625,10261864,0.0,0.0
2017-01-25 00:00:00+05:30,294.96113767938436,300.2920400027969,294.38169177466557,299.1331481933594,15636984,0.0,0.0
2017-01-27 00:00:00+05:30,301.0800688257713,301.31184716974803,298.5305070420273,299.4344482421875,6852236,0.0,0.0
2017-01-30 00:00:00+05:30,299.6778046706841,299.6778046706841,296.80377578106015,297.8235778808594,5319628,0.0,0.0
2017-01-31 00:00:00+05:30,297.23253244149237,299.61983223555256,295.9809238160394,298.21759033203125,6101040,0.0,0.0
2017-02-01 00:00:00+05:30,298.1132574279303,303.62959264208706,296.79213234976527,302.6329345703125,10910664,0.0,0.0
2017-02-02 00:00:00+05:30,302.63288495066007,302.63288495066007,299.5965951807192,301.01043701171875,5971636,0.0,0.0
2017-02-03 00:00:00+05:30,301.0800456922184,305.0202772370742,300.5005998767984,303.87298583984375,8005104,0.0,0.0
2017-02-06 00:00:00+05:30,304.1627110052838,305.94739281272354,303.9656767919763,304.57989501953125,4310220,0.0,0.0
2017-02-07 00:00:00+05:30,305.0203184987766,305.48387521382034,301.9955996158136,302.9690856933594,3411920,0.0,0.0
2017-02-08 00:00:00+05:30,303.0617528737498,305.6460585006713,300.88303101255985,302.6213684082031,4940960,0.0,0.0
2017-02-09 00:00:00+05:30,303.4905462138101,305.9242186407455,299.5850870730453,300.76715087890625,4465376,0.0,0.0
2017-02-10 00:00:00+05:30,300.92934315249903,303.3398430751269,300.8482264080342,302.14617919921875,3296736,0.0,0.0
2017-02-13 00:00:00+05:30,303.0617743999842,304.78851168500455,301.1264026607653,303.67596435546875,2795792,0.0,0.0
2017-02-14 00:00:00+05:30,304.5566842086299,304.5566842086299,302.2389012237849,303.884521484375,2446060,0.0,0.0
2017-02-15 00:00:00+05:30,304.0931479056105,306.8744876730399,303.03854525982644,306.457275390625,6126940,0.0,0.0
2017-02-16 00:00:00+05:30,306.642722935512,308.9605061776549,306.00533254392263,307.7784423828125,5043700,0.0,0.0
2017-02-17 00:00:00+05:30,334.9196427352543,337.00564743049114,315.3227761977014,319.1703186035156,402259960,0.0,0.0
2017-02-20 00:00:00+05:30,315.49662904186056,328.0706025501506,315.0215004751017,326.59881591796875,10566716,0.0,0.0
2017-02-21 00:00:00+05:30,325.8919170029287,329.54242553004275,323.88702888335547,328.09381103515625,6260028,0.0,0.0
2017-02-22 00:00:00+05:30,327.96634453098574,328.8471135226461,323.29600541487963,324.29266357421875,5296776,0.0,0.0
2017-02-23 00:00:00+05:30,325.3704427990267,329.43813566244177,321.48815563039943,323.1685485839844,34494980,0.0,0.0
2017-02-27 00:00:00+05:30,322.3805268833908,324.1072643496989,319.5296417354286,323.0063171386719,4681376,0.0,0.0
2017-02-28 00:00:00+05:30,322.844089614945,323.62054147747494,320.8971456942267,322.1950988769531,2928008,0.0,0.0
2017-03-01 00:00:00+05:30,323.66680968353853,323.67840991633886,321.33745464397936,322.5542907714844,3481736,0.0,0.0
2017-03-02 00:00:00+05:30,323.22647204813603,323.56253929959183,318.98491741480177,319.87725830078125,4601988,0.0,0.0
2017-03-03 00:00:00+05:30,320.8970898730043,320.8970898730043,317.30452584770165,319.15875244140625,2492824,0.0,0.0
2017-03-06 00:00:00+05:30,319.1124105137014,322.14870092526644,318.2548137316583,320.0279235839844,3679124,0.0,0.0
2017-03-07 00:00:00+05:30,320.3755940988046,321.59243032164323,318.97332389613695,321.2911071777344,3112876,0.0,0.0
2017-03-08 00:00:00+05:30,321.6851633281337,324.30424159078984,320.0974873598403,322.6817932128906,3782144,0.0,0.0
2017-03-09 00:00:00+05:30,320.23646326070923,324.18826592223456,320.23646326070923,323.145263671875,3509316,0.0,0.0
2017-03-10 00:00:00+05:30,323.33078402604303,326.34390244349004,322.90199975605725,324.5128479003906,5860704,0.0,0.0
2017-03-14 00:00:00+05:30,329.6119440406259,330.0871009151192,326.03098030493896,326.96966552734375,7155020,0.0,0.0
2017-03-15 00:00:00+05:30,327.0276050534264,329.12521013957434,326.9349163612278,328.337158203125,4271860,0.0,0.0
2017-03-16 00:00:00+05:30,328.68482006290475,329.7857670498432,327.65341788717865,328.510986328125,4980108,0.0,0.0
2017-03-17 00:00:00+05:30,328.7892055935119,330.8636106089236,327.468051958734,330.4811706542969,3390464,0.0,0.0
2017-03-20 00:00:00+05:30,330.66657853563174,333.72604134441275,330.50431671965936,332.85687255859375,8142344,0.0,0.0
2017-03-21 00:00:00+05:30,332.3701394038865,334.919701142689,332.3701394038865,333.9809875488281,5557280,0.0,0.0
2017-03-22 00:00:00+05:30,330.9099037112186,333.0654534537947,330.4695475277537,331.651611328125,5636544,0.0,0.0
2017-03-23 00:00:00+05:30,332.4628354666694,332.6018968031979,329.79738472573786,331.651611328125,4922472,0.0,0.0
2017-03-24 00:00:00+05:30,332.1383108471475,332.474378071877,329.5887494938198,330.1334228515625,3810364,0.0,0.0
2017-03-27 00:00:00+05:30,330.05231278157623,330.05231278157623,325.4283468236009,326.77264404296875,5864084,0.0,0.0
2017-03-28 00:00:00+05:30,328.7312136360011,330.2145722993186,327.5259493554895,329.17156982421875,8061400,0.0,0.0
2017-03-29 00:00:00+05:30,329.3106458496648,332.55554230479794,329.1252118777851,331.1184997558594,8575772,0.0,0.0
2017-03-30 00:00:00+05:30,330.9794234671067,343.0202952374229,330.2956887765442,339.8333435058594,34321092,0.0,0.0
2017-03-31 00:00:00+05:30,336.95931258314863,337.0056569270489,332.9611368046124,334.351806640625,9651392,0.0,0.0
2017-04-03 00:00:00+05:30,335.15146633433193,336.1017518319543,330.5158997183661,332.1846923828125,4149052,0.0,0.0
2017-04-05 00:00:00+05:30,332.6598948436275,335.26740142226595,330.875212769329,331.98773193359375,5744080,0.0,0.0
2017-04-06 00:00:00+05:30,331.7906378307482,334.45608829184044,330.2956791068267,333.4130859375,6124416,0.0,0.0
2017-04-07 00:00:00+05:30,331.6864085984218,334.91970516139776,331.11853468292196,333.4942626953125,4648360,0.0,0.0
2017-04-10 00:00:00+05:30,334.4561398476426,334.4561398476426,332.0572397215234,332.4049072265625,3393876,0.0,0.0
2017-04-11 00:00:00+05:30,332.37011667869706,334.03890929451086,331.7906708685877,333.6448974609375,4356260,0.0,0.0
2017-04-12 00:00:00+05:30,333.5290003881019,336.06696165888303,332.71777627318994,334.61834716796875,3565092,0.0,0.0
2017-04-13 00:00:00+05:30,334.4561429808344,335.82364083878315,333.07707318189495,333.8303527832031,4804236,0.0,0.0
2017-04-17 00:00:00+05:30,333.830266946186,334.64149092362203,331.0373273637146,333.01904296875,7137056,0.0,0.0
2017-04-18 00:00:00+05:30,333.76085690269514,337.23753249543154,333.2973001569969,335.4528503417969,3638860,0.0,0.0
2017-04-19 00:00:00+05:30,335.38327557107675,337.64311450460684,333.29727040166443,335.8468322753906,4338144,0.0,0.0
2017-04-20 00:00:00+05:30,336.7738761771334,339.79859436581097,336.7622759446174,338.8946533203125,5781372,0.0,0.0
2017-04-21 00:00:00+05:30,339.78701417690996,347.4356986706603,336.8434408557067,346.8794250488281,17258032,0.0,0.0
2017-04-24 00:00:00+05:30,347.22711948784075,356.70685908847906,346.97216897690265,355.3277893066406,20206952,0.0,0.0
2017-04-25 00:00:00+05:30,355.7913566442022,358.2134290106019,354.52814769923754,356.2549133300781,9057780,0.0,0.0
2017-04-26 00:00:00+05:30,357.6223942192179,359.9517779566517,340.3549071247101,359.4071044921875,7795852,0.0,0.0
2017-04-27 00:00:00+05:30,358.3524620609265,364.807482743386,358.3524620609265,363.5674743652344,16180420,0.0,0.0
2017-04-28 00:00:00+05:30,361.5510257370662,361.5510257370662,356.26646845028733,358.4451904296875,5437728,0.0,0.0
2017-05-02 00:00:00+05:30,358.5610541143266,359.4649952035172,354.70193950221574,357.0776672363281,4007040,0.0,0.0
2017-05-03 00:00:00+05:30,360.2414859062268,360.2414859062268,356.78798297236096,357.935302734375,2507964,0.0,0.0
2017-05-04 00:00:00+05:30,356.7647394946601,357.61073592748915,352.90562523598686,355.73333740234375,5131028,0.0,0.0
2017-05-05 00:00:00+05:30,357.4253176599832,357.61075162085683,353.76323742535385,355.1307067871094,2757896,0.0,0.0
2017-05-08 00:00:00+05:30,356.4750166267905,356.9385732153819,354.2847230629956,355.73333740234375,3747252,0.0,0.0
2017-05-09 00:00:00+05:30,355.7334046597621,358.2365937354766,355.235075574159,355.9535827636719,3345836,0.0,0.0
2017-05-10 00:00:00+05:30,356.93861896144114,360.4152938214551,356.2548842229393,359.6736145019531,2342244,0.0,0.0
2017-05-11 00:00:00+05:30,359.4881410674632,361.57414575450844,357.1703580818574,358.4219665527344,3875744,0.0,0.0
2017-05-12 00:00:00+05:30,358.30609916522405,360.8556606042384,356.057832556688,359.6388244628906,6147604,0.0,0.0
2017-05-15 00:00:00+05:30,359.25635122773235,360.92514360645856,357.46006947159367,360.0444030761719,2804780,0.0,0.0
2017-05-16 00:00:00+05:30,360.4153280597039,362.0377764818376,358.850824224075,361.49310302734375,3590376,0.0,0.0
2017-05-17 00:00:00+05:30,361.2960446103578,362.82577581322556,359.6040516128936,360.9136047363281,3472472,0.0,0.0
2017-05-18 00:00:00+05:30,359.0246397255891,361.9218689034909,358.8160335661295,360.90203857421875,3107280,0.0,0.0
2017-05-19 00:00:00+05:30,361.45827955333016,363.8687796700468,358.15543858915254,361.8638916015625,2854136,0.0,0.0
2017-05-22 00:00:00+05:30,362.756234006812,366.20973654809944,362.2926773782701,365.2826232910156,2860052,0.0,0.0
2017-05-23 00:00:00+05:30,366.20976963944565,367.0325940467598,362.73309461122307,363.6833801269531,3080172,0.0,0.0
2017-05-24 00:00:00+05:30,363.6717733121744,365.155131880701,362.03772488830384,363.138671875,3467388,0.0,0.0
2017-05-25 00:00:00+05:30,363.21982594334963,377.65962764339935,363.21982594334963,374.8203430175781,20090804,0.0,0.0
2017-05-26 00:00:00+05:30,372.38664664231646,378.26222144545665,371.10026563811465,376.8715515136719,5443156,0.0,0.0
2017-05-29 00:00:00+05:30,375.4345321900223,381.9706694642827,374.9362031458451,378.2390441894531,5916340,0.0,0.0
2017-05-30 00:00:00+05:30,377.7986998374993,378.6099240396044,374.58857543924887,377.5785217285156,4434184,0.0,0.0
2017-05-31 00:00:00+05:30,376.6398116198825,380.8118218409027,376.21102733915086,379.2357177734375,5318912,0.0,0.0
2017-06-01 00:00:00+05:30,379.8847438415991,380.081749795068,375.6084442840532,377.4742431640625,3359540,0.0,0.0
2017-06-02 00:00:00+05:30,378.7258078563609,381.5303201139046,376.91792548564445,378.78375244140625,3213544,0.0,0.0
2017-06-05 00:00:00+05:30,378.6562094693803,379.8730455831895,376.6397495123681,379.08502197265625,2899900,0.0,0.0
2017-06-06 00:00:00+05:30,378.9575034309583,380.99716369638753,377.79861198315723,379.8730163574219,5002632,0.0,0.0
2017-06-07 00:00:00+05:30,380.2091628958916,381.2521653389345,377.87977945579496,380.3018798828125,2554276,0.0,0.0
2017-06-08 00:00:00+05:30,381.0204013052511,384.61296541044135,380.4989000641751,381.2174072265625,4248768,0.0,0.0
2017-06-09 00:00:00+05:30,380.13965675008006,387.0698349018845,380.13965675008006,386.3281555175781,5305272,0.0,0.0
2017-06-12 00:00:00+05:30,385.67914325842696,388.4604832338483,384.7520299332865,386.78009033203125,3971412,0.0,0.0
2017-06-13 00:00:00+05:30,385.15763649586484,392.14575874266063,384.983802749891,388.6227111816406,5051620,0.0,0.0
2017-06-14 00:00:00+05:30,388.228669286007,389.3759606033131,386.37444280583503,387.347900390625,3858360,0.0,0.0
2017-06-15 00:00:00+05:30,386.6063116297031,388.3678215396282,383.2686975253275,385.76031494140625,3526692,0.0,0.0
2017-06-16 00:00:00+05:30,385.910907703655,388.15914611892197,384.31163161668314,386.8959655761719,3755104,0.0,0.0
2017-06-19 00:00:00+05:30,387.3015518482991,393.09600953603547,386.6989339074246,392.37750244140625,3825532,0.0,0.0
2017-06-20 00:00:00+05:30,391.7053856561904,392.63249899502165,389.3528299002555,390.90576171875,3660264,0.0,0.0
2017-06-21 00:00:00+05:30,389.99020687391146,394.31287832581785,389.29487189376306,393.7218322753906,3410932,0.0,0.0
2017-06-22 00:00:00+05:30,392.8526656125816,397.7316107328705,391.9834968828332,393.5596008300781,6675460,0.0,0.0
2017-06-23 00:00:00+05:30,394.48669454338113,394.6605282806946,388.27502434607896,389.0746765136719,5217468,0.0,0.0
2017-06-27 00:00:00+05:30,391.4736391921788,392.864309313643,383.8828981125199,386.5251770019531,6000432,0.0,0.0
2017-06-28 00:00:00+05:30,385.91091150548533,388.22869475777054,384.24211888114104,386.2469787597656,4449036,0.0,0.0
2017-06-29 00:00:00+05:30,388.94179898626703,392.4182490765758,385.2320304802496,388.02020263671875,9187708,2.75,0.0
2017-06-30 00:00:00+05:30,385.8620426164324,387.3086055337555,383.3421921035905,385.4537353515625,4330432,0.0,0.0
2017-07-03 00:00:00+05:30,385.5820230452513,389.05847327027374,384.3337751690905,386.98193359375,3504332,0.0,0.0
2017-07-04 00:00:00+05:30,387.3668606100762,388.8717528471113,385.44198387462484,385.7569580078125,3766080,0.0,0.0
2017-07-05 00:00:00+05:30,385.6986757722359,387.1919193617768,383.8088022597908,384.6837463378906,4014200,0.0,0.0
2017-07-06 00:00:00+05:30,385.57040605233556,388.00857239980814,385.29040683076227,386.8769836425781,4571676,0.0,0.0
2017-07-07 00:00:00+05:30,387.5069284635,389.54846482975694,386.84197660045595,388.9884948730469,5517396,0.0,0.0
2017-07-10 00:00:00+05:30,389.1751791841624,407.8406554040263,387.5536273300643,391.1233825683594,1309252,0.0,0.0
2017-07-11 00:00:00+05:30,391.4033465057242,394.4948157258668,388.96515180561414,392.06829833984375,4410280,0.0,0.0
2017-07-12 00:00:00+05:30,391.97495353159854,393.1415456552045,386.9702847138302,392.2666015625,5738892,0.0,0.0
2017-07-13 00:00:00+05:30,393.841478193822,395.0780771659596,391.8932751561159,392.80322265625,4481004,0.0,0.0
2017-07-14 00:00:00+05:30,392.88488165676523,393.38652194136114,390.10838684362545,391.9632568359375,2443252,0.0,0.0
2017-07-17 00:00:00+05:30,392.5699351692097,393.7598534640804,391.2750064922527,392.52325439453125,2399340,0.0,0.0
2017-07-18 00:00:00+05:30,391.9049239879277,393.8064747358839,391.3566314177352,392.80322265625,2322188,0.0,0.0
2017-07-19 00:00:00+05:30,393.1415212926599,395.7546760951017,392.4065626040821,394.8447570800781,3987244,0.0,0.0
2017-07-20 00:00:00+05:30,395.21806573616414,400.1410785574427,393.8764848605342,399.1844787597656,3698476,0.0,0.0
2017-07-21 00:00:00+05:30,399.9311486044756,400.1994705176604,396.6413641626717,397.3529968261719,3873508,0.0,0.0
2017-07-24 00:00:00+05:30,398.9745235293327,405.97407657370695,395.4747470071456,404.830810546875,19678176,0.0,0.0
2017-07-25 00:00:00+05:30,410.4071007499502,410.4071007499502,404.35249914389453,405.89239501953125,11160468,0.0,0.0
2017-07-26 00:00:00+05:30,406.4407279862363,409.47386774732763,404.224202776208,407.73565673828125,3895344,0.0,0.0
2017-07-27 00:00:00+05:30,409.7071485053387,419.69318834660316,408.6688929212744,417.5583190917969,17961712,0.0,0.0
2017-07-28 00:00:00+05:30,413.4402174629252,416.8233343665439,410.8970411287823,414.956787109375,9255396,0.0,0.0
2017-07-31 00:00:00+05:30,414.7351486206958,417.87326982402624,412.1686461259642,416.3333740234375,7369140,0.0,0.0
2017-08-01 00:00:00+05:30,415.7384226710176,422.1080269554155,413.4868942126131,419.3198547363281,8516860,0.0,0.0
2017-08-02 00:00:00+05:30,421.6064262985637,421.6064262985637,415.7851425410109,418.0249938964844,7397916,0.0,0.0
2017-08-03 00:00:00+05:30,417.1732989743748,418.10657257387004,414.000174432341,415.2950744628906,4256784,0.0,0.0
2017-08-04 00:00:00+05:30,414.606803852492,419.2148423308751,412.07530486568106,417.6982727050781,3545068,0.0,0.0
2017-08-07 00:00:00+05:30,416.70669290371245,419.1448589696908,416.47337448663313,417.3016662597656,1918660,0.0,0.0
2017-08-08 00:00:00+05:30,418.129974499851,419.3315701732294,412.0636950036741,414.8168640136719,4035372,0.0,0.0
2017-08-09 00:00:00+05:30,413.20689685350607,414.6184846017171,410.255413322588,411.67864990234375,3270056,0.0,0.0
2017-08-10 00:00:00+05:30,410.64047097112484,412.04038166761734,408.9722383615535,410.7454528808594,7788444,0.0,0.0
2017-08-11 00:00:00+05:30,407.1406507948162,410.17379031363146,403.90919631140594,408.0856018066406,6359836,0.0,0.0
2017-08-14 00:00:00+05:30,409.00722604238064,414.12855441692386,407.8406338403202,409.9871520996094,3577084,0.0,0.0
2017-08-16 00:00:00+05:30,411.1886955295927,417.59330299406304,407.96891854967566,415.5984191894531,4426832,0.0,0.0
2017-08-17 00:00:00+05:30,414.43189007006356,415.52847537472064,409.1822250304709,411.900390625,5454868,0.0,0.0
2017-08-18 00:00:00+05:30,410.64044293238226,410.8737613658665,406.674029563149,408.80889892578125,3707464,0.0,0.0
2017-08-21 00:00:00+05:30,409.2405230242459,410.40711516513596,405.5540804665318,406.7206726074219,4009724,0.0,0.0
2017-08-22 00:00:00+05:30,408.6105804525755,409.240528825084,405.2274631960397,407.6072998046875,6609556,0.0,0.0
2017-08-23 00:00:00+05:30,408.30723985203764,414.8284783760305,408.30723985203764,413.54522705078125,3360524,0.0,0.0
2017-08-24 00:00:00+05:30,414.11687853361485,414.1285273661216,410.4421133371596,411.2237243652344,7878276,0.0,0.0
2017-08-28 00:00:00+05:30,411.2004392545352,413.24197567852235,410.2554881457873,411.1654357910156,1507784,0.0,0.0
2017-08-29 00:00:00+05:30,410.4071328168185,410.4071328168185,405.5074456143437,407.40899658203125,4918596,0.0,0.0
2017-08-30 00:00:00+05:30,408.76223650423447,412.97364581022504,408.31895424571366,412.6353454589844,2694320,0.0,0.0
2017-08-31 00:00:00+05:30,413.44022955774875,415.27177341117584,409.8004679960415,414.4784851074219,7303436,0.0,0.0
2017-09-01 00:00:00+05:30,415.5401077914852,415.64508968843177,410.897065517441,412.41363525390625,2295172,0.0,0.0
2017-09-04 00:00:00+05:30,411.8070265794524,411.8070265794524,407.397302581586,408.5172424316406,3642524,0.0,0.0
2017-09-05 00:00:00+05:30,409.94046204450166,411.7836832502294,408.5405515309746,409.55548095703125,3682436,0.0,0.0
2017-09-06 00:00:00+05:30,406.84899774146686,411.2937250662833,405.5074168170147,410.6170959472656,5751632,0.0,0.0
2017-09-07 00:00:00+05:30,410.66368892813745,414.54844578369404,410.66368892813745,412.1686096191406,6946420,0.0,0.0
2017-09-08 00:00:00+05:30,413.76688735479786,417.639967389647,413.20691745646076,417.0916748046875,8311664,0.0,0.0
2017-09-11 00:00:00+05:30,418.3399341080733,426.73939736958505,417.68663112856564,425.421142578125,11477676,0.0,0.0
2017-09-12 00:00:00+05:30,426.4360858847424,429.28258783795957,424.2429154135185,428.18597412109375,6687680,0.0,0.0
2017-09-13 00:00:00+05:30,428.1392928590672,431.4057506792454,425.57279028607013,429.7375183105469,4995376,0.0,0.0
2017-09-14 00:00:00+05:30,429.340943424067,432.2224205313583,427.3227331731081,429.16595458984375,8154016,0.0,0.0
2017-09-15 00:00:00+05:30,428.37264169815563,432.0590843209572,427.77766830329546,431.39410400390625,3767332,0.0,0.0
2017-09-18 00:00:00+05:30,432.46739609315335,435.0105442467473,432.22240034418127,434.0772705078125,4084928,0.0,0.0
2017-09-19 00:00:00+05:30,435.1155490480745,435.83883049021756,431.06747995363725,431.569091796875,4241468,0.0,0.0
2017-09-20 00:00:00+05:30,431.1724430945414,434.3105644723983,430.5308174351745,431.3707580566406,3446128,0.0,0.0
2017-09-21 00:00:00+05:30,431.1724564608025,431.2891156752129,427.1360362497016,429.0959167480469,7712496,0.0,0.0
2017-09-22 00:00:00+05:30,428.09262389330087,429.0608724958511,424.6395000825469,425.5960998535156,8243524,0.0,0.0
2017-09-25 00:00:00+05:30,425.2111112664087,425.2111112664087,418.24656264766054,419.914794921875,10149228,0.0,0.0
2017-09-26 00:00:00+05:30,417.4184117650686,419.1799490894453,416.47346058803794,418.17669677734375,11438732,0.0,0.0
2017-09-27 00:00:00+05:30,419.03988253214715,421.27973366903063,412.97360360907595,414.49017333984375,7337220,0.0,0.0
2017-09-28 00:00:00+05:30,413.9069231401055,419.7398842892051,411.4104271607932,418.8766174316406,27646464,0.0,0.0
2017-09-29 00:00:00+05:30,419.9965230030839,425.1062025944049,419.09825269495053,421.3031005859375,6213632,0.0,0.0
2017-10-03 00:00:00+05:30,421.83974044173954,424.8728801683671,419.2965637439316,422.0380554199219,4394424,0.0,0.0
2017-10-04 00:00:00+05:30,421.816369788857,422.74964345242824,418.4215754451159,419.273193359375,6625104,0.0,0.0
2017-10-05 00:00:00+05:30,418.8065742560589,421.13975851375284,418.36326355084645,419.6465148925781,3336196,0.0,0.0
2017-10-06 00:00:00+05:30,419.5065274830452,421.0114199294014,418.573253784529,419.9964904785156,3030660,0.0,0.0
2017-10-09 00:00:00+05:30,419.69321051579817,420.6731365461995,417.75665612089307,418.9232482910156,3062492,0.0,0.0
2017-10-10 00:00:00+05:30,419.73985210511194,423.46126964039075,418.2582857830928,420.6031188964844,3798180,0.0,0.0
2017-10-11 00:00:00+05:30,420.7314534904376,423.5312746144555,417.08001441161366,417.67498779296875,5267440,0.0,0.0
2017-10-12 00:00:00+05:30,418.8298944051615,424.9778291399021,417.1733393021696,424.35955810546875,5381560,0.0,0.0
2017-10-13 00:00:00+05:30,426.20274790236687,433.16732554856765,425.10616271705766,431.82574462890625,6433464,0.0,0.0
2017-10-16 00:00:00+05:30,433.9722638164773,437.06373290011624,429.7725322311566,433.30731201171875,3274544,0.0,0.0
2017-10-17 00:00:00+05:30,431.6390770726072,432.5023438342514,429.0959005979289,431.93072509765625,2613288,0.0,0.0
2017-10-18 00:00:00+05:30,429.5392181992627,437.47204460815726,429.07258135168064,435.9554748535156,3926720,0.0,0.0
2017-10-19 00:00:00+05:30,434.39221940495935,435.1388269111807,429.45752942497114,431.2657470703125,570008,0.0,0.0
2017-10-23 00:00:00+05:30,433.94892970310985,436.2354331021629,428.38429115097944,434.7422180175781,4162892,0.0,0.0
2017-10-24 00:00:00+05:30,434.6722453255687,438.5453256585204,432.3390609706274,435.62884521484375,11328872,0.0,0.0
2017-10-25 00:00:00+05:30,433.9722663536038,434.6722216219161,416.4733846457972,418.82989501953125,21367208,0.0,0.0
2017-10-26 00:00:00+05:30,412.50699115764485,422.306365381978,410.13880335718017,418.88824462890625,28571464,0.0,0.0
2017-10-27 00:00:00+05:30,420.99980529116067,421.7230867700062,415.0735111279895,417.885009765625,7472088,0.0,0.0
2017-10-30 00:00:00+05:30,419.5648473860475,423.7062493274363,418.19994032978394,423.4729309082031,5422352,0.0,0.0
2017-10-31 00:00:00+05:30,422.65631511879127,422.65631511879127,419.7981644921254,421.95635986328125,4682460,0.0,0.0
2017-11-01 00:00:00+05:30,423.4962883801349,425.80614659765524,422.773006923261,424.9195251464844,4190612,0.0,0.0
2017-11-02 00:00:00+05:30,425.33953942289634,426.9261162943214,423.92795139105834,425.1295471191406,4737944,0.0,0.0
2017-11-03 00:00:00+05:30,425.96942475459537,429.30588952766453,425.0128249361374,427.1360168457031,3810488,0.0,0.0
2017-11-06 00:00:00+05:30,425.80617742812683,429.30595422890593,425.24620744375085,426.6461181640625,6148244,0.0,0.0
2017-11-07 00:00:00+05:30,428.8393340584682,430.4608859802776,424.81459058049836,425.50286865234375,7446376,0.0,0.0
2017-11-08 00:00:00+05:30,425.85278217559403,427.81266266144144,424.4062193186311,426.02777099609375,3283144,0.0,0.0
2017-11-09 00:00:00+05:30,426.2728153814807,428.1393630131456,424.8962308068765,426.47113037109375,3113308,0.0,0.0
2017-11-10 00:00:00+05:30,425.0362247593505,428.0927193528808,422.8547028670748,425.1062316894531,7744360,0.0,0.0
2017-11-13 00:00:00+05:30,425.1061422053307,425.3744640725667,418.80654514740314,423.1346130371094,3335872,0.0,0.0
2017-11-14 00:00:00+05:30,423.6829298805177,424.40621129532565,419.97316125980547,420.5214538574219,4712468,0.0,0.0
2017-11-15 00:00:00+05:30,419.50655816439337,420.82481305621104,417.17337374746126,420.0315246582031,6148368,0.0,0.0
2017-11-16 00:00:00+05:30,420.9064475573039,423.70626871622164,418.8532339815961,421.76971435546875,4012972,0.0,0.0
2017-11-17 00:00:00+05:30,426.6693784719356,428.90925806379386,423.041294170414,425.9344482421875,6358772,0.0,0.0
2017-11-20 00:00:00+05:30,426.7393982982609,429.2358940472531,426.7393982982609,428.874267578125,2392424,0.0,0.0
2017-11-21 00:00:00+05:30,428.71094653795274,431.6391042865606,428.3959723472918,430.76416015625,2275532,0.0,0.0
2017-11-22 00:00:00+05:30,431.5690545773164,433.9722456094824,430.36748754248487,432.8639831542969,5660796,0.0,0.0
2017-11-23 00:00:00+05:30,433.7389539895236,433.9722724155535,428.8392670428964,429.9708557128906,3232580,0.0,0.0
2017-11-24 00:00:00+05:30,430.0058483342651,433.4589723449685,429.53921149396746,431.9657287597656,5203684,0.0,0.0
2017-11-27 00:00:00+05:30,431.40581167177606,434.4389515050552,430.61252324989806,433.40069580078125,3870472,0.0,0.0
2017-11-28 00:00:00+05:30,433.0389984338012,436.53877482200545,433.00399497366857,435.22052001953125,5090540,0.0,0.0
2017-11-29 00:00:00+05:30,435.13888503339683,437.5887286220567,432.99236680535853,437.075439453125,3274584,0.0,0.0
2017-11-30 00:00:00+05:30,436.0020954382877,437.2270170741103,429.305868554958,432.5023193359375,5796312,0.0,0.0
2017-12-01 00:00:00+05:30,432.78233617161135,433.9722543987122,430.2624858826019,431.2190856933594,3858148,0.0,0.0
2017-12-04 00:00:00+05:30,432.78235596344297,432.78235596344297,426.99604758100884,427.9293212890625,3641932,0.0,0.0
2017-12-05 00:00:00+05:30,426.0394354610831,426.63440882533973,421.606385475453,424.7445068359375,3893360,0.0,0.0
2017-12-06 00:00:00+05:30,424.6278625947984,424.9545140909789,419.739852909779,420.7431335449219,6395120,0.0,0.0
2017-12-07 00:00:00+05:30,421.52471517342997,423.8462219827382,420.69642341746993,422.22467041015625,4231304,0.0,0.0
2017-12-08 00:00:00+05:30,423.2396188997263,432.33903738764764,423.2396188997263,429.39923095703125,8956400,0.0,0.0
2017-12-11 00:00:00+05:30,431.17249816190434,432.04744235460305,429.30595055081386,430.7991943359375,3198232,0.0,0.0
2017-12-12 00:00:00+05:30,431.42912861972627,431.6157947672188,423.69461651355977,424.6162414550781,2410588,0.0,0.0
2017-12-13 00:00:00+05:30,424.651231929764,430.47251553047926,423.49628857983197,424.95452880859375,2907460,0.0,0.0
2017-12-14 00:00:00+05:30,425.57281681065655,429.30591169496057,422.77299564742856,428.8509521484375,3683092,0.0,0.0
2017-12-15 00:00:00+05:30,433.03901728134366,440.5052072344703,432.92235806332604,437.11041259765625,12450124,0.0,0.0
2017-12-18 00:00:00+05:30,432.8056813160141,443.07169208577403,422.14304061356023,438.3936462402344,12297988,0.0,0.0
2017-12-19 00:00:00+05:30,438.5919524782388,441.82340671604413,437.74033459720147,439.68853759765625,4952112,0.0,0.0
2017-12-20 00:00:00+05:30,443.0483822130634,444.0283082482149,434.82390737383145,435.87384033203125,9343504,0.0,0.0
2017-12-21 00:00:00+05:30,438.6153014398823,439.80521968016706,435.1855035928824,435.9088134765625,6854544,0.0,0.0
2017-12-22 00:00:00+05:30,438.40528718965214,438.63860559688453,434.38054466489353,437.85699462890625,4470904,0.0,0.0
2017-12-26 00:00:00+05:30,438.8719549472435,439.2919395023736,433.2023058592517,435.92047119140625,6785696,0.0,0.0
2017-12-27 00:00:00+05:30,436.32878456147665,436.37546533562056,431.9074117630877,433.2139892578125,3489384,0.0,0.0
2017-12-28 00:00:00+05:30,433.7156015017973,438.8486065627054,433.50560923487353,438.18365478515625,8700520,0.0,0.0
2017-12-29 00:00:00+05:30,437.8920548191258,438.45199628402827,435.873844638838,436.8654479980469,6345872,0.0,0.0
2018-01-01 00:00:00+05:30,436.93540988731945,438.81363463022535,431.7557521644195,432.68902587890625,6580516,0.0,0.0
2018-01-02 00:00:00+05:30,433.63395220523535,437.47202874492336,433.63395220523535,436.8537292480469,4776316,0.0,0.0
2018-01-03 00:00:00+05:30,437.47201546441374,438.2303002912187,431.91902595561834,432.2573547363281,4531288,0.0,0.0
2018-01-04 00:00:00+05:30,432.3391020727406,435.25558279368465,432.3391020727406,433.9490051269531,2373776,0.0,0.0
2018-01-05 00:00:00+05:30,434.67223997847327,435.85050945572596,432.93402904792623,434.8122253417969,2870868,0.0,0.0
2018-01-08 00:00:00+05:30,435.1388809794755,436.4687846655706,433.4473223268743,434.1122741699219,4570308,0.0,0.0
2018-01-09 00:00:00+05:30,434.438880348559,436.2704241747234,432.80565147506815,434.83551025390625,5305528,0.0,0.0
2018-01-10 00:00:00+05:30,435.1855279046191,435.81550475967117,433.34233507711565,434.95220947265625,4615888,0.0,0.0
2018-01-11 00:00:00+05:30,434.9522199214611,437.70538887726343,433.0973497352986,436.90045166015625,4059096,0.0,0.0
2018-01-12 00:00:00+05:30,437.00543339835286,438.2070290476211,433.97229371112456,435.2088928222656,4336708,0.0,0.0
2018-01-15 00:00:00+05:30,436.2937357909256,444.33157185369595,433.93722561961096,442.7799987792969,12576444,0.0,0.0
2018-01-16 00:00:00+05:30,444.109991167399,445.63823840364165,439.8636067803484,443.3400573730469,6445384,0.0,0.0
2018-01-17 00:00:00+05:30,442.6051014252233,443.9000302204196,440.2719169158653,441.0885314941406,2905496,0.0,0.0
2018-01-18 00:00:00+05:30,448.9046700491853,455.9042231164803,447.5164367500069,451.307861328125,16649540,0.0,0.0
2018-01-19 00:00:00+05:30,451.5061603151383,457.28079139118796,447.7963916245769,455.4842224121094,11455988,0.0,0.0
2018-01-22 00:00:00+05:30,457.30414331521797,463.8370596482925,455.70591769427034,458.08575439453125,8849768,0.0,0.0
2018-01-23 00:00:00+05:30,458.47071255641987,458.8673424928477,453.40771404435424,455.2742614746094,5047796,0.0,0.0
2018-01-24 00:00:00+05:30,455.56588012605795,459.4039566394583,455.1108921305284,456.75579833984375,4790568,0.0,0.0
2018-01-25 00:00:00+05:30,455.8809003119793,461.97050582892786,455.08761192895145,460.792236328125,8723668,0.0,0.0
2018-01-29 00:00:00+05:30,461.50385657084894,468.2584137565709,461.50385657084894,466.5552062988281,8235892,0.0,0.0
2018-01-30 00:00:00+05:30,466.12358838176783,467.0801882845037,462.9387859962069,465.5869445800781,6397560,0.0,0.0
2018-01-31 00:00:00+05:30,464.16366274567264,469.7866308781601,463.60369285070976,467.96673583984375,6943348,0.0,0.0
2018-02-01 00:00:00+05:30,468.03676390664475,470.13662974670444,463.2070838670087,464.5719909667969,6521420,0.0,0.0
2018-02-02 00:00:00+05:30,463.37037223173604,464.2803197465684,452.9877027633009,454.5042724609375,7346124,0.0,0.0
2018-02-05 00:00:00+05:30,447.50474567998907,451.5294885699681,444.6699210786227,446.5364685058594,7926784,0.0,0.0
2018-02-06 00:00:00+05:30,433.9722810042046,446.10483939787053,428.4426455903622,442.55841064453125,10749804,0.0,0.0
2018-02-07 00:00:00+05:30,444.93824973220535,444.93824973220535,434.53225336340296,436.9587707519531,8364972,0.0,0.0
2018-02-08 00:00:00+05:30,439.57192313298515,442.9783665225845,435.48885059857577,438.86029052734375,5171444,0.0,0.0
2018-02-09 00:00:00+05:30,431.1491571244242,435.0688898836029,430.26253564727085,431.5224609375,6408952,0.0,0.0
2018-02-12 00:00:00+05:30,433.9722374522368,440.03851604027886,432.8406488734099,437.85699462890625,4381108,0.0,0.0
2018-02-14 00:00:00+05:30,440.9251387831101,442.81501219145514,437.39035920604306,439.3735656738281,3577188,0.0,0.0
2018-02-15 00:00:00+05:30,440.9018369261044,442.0801064198968,437.4720673108888,439.08197021484375,4915224,0.0,0.0
2018-02-16 00:00:00+05:30,439.54864143573093,442.10346711597487,437.62376418914107,438.3120422363281,3583520,0.0,0.0
2018-02-19 00:00:00+05:30,439.2452652228981,440.4118573585593,433.75063335268595,438.2186584472656,3654552,0.0,0.0
2018-02-20 00:00:00+05:30,439.7468954521994,440.0035400199082,433.69229379947717,434.7188720703125,4084068,0.0,0.0
2018-02-21 00:00:00+05:30,435.82712330088845,435.9671371353378,432.15235825288346,433.3656311035156,2753072,0.0,0.0
2018-02-22 00:00:00+05:30,431.6390736067141,433.972257788372,429.66754436571404,432.38568115234375,13253596,0.0,0.0
2018-02-23 00:00:00+05:30,433.24901155722256,439.770250481816,431.7324417160376,438.7669982910156,4076748,0.0,0.0
2018-02-26 00:00:00+05:30,440.528513248387,446.758132294568,439.4669315016969,445.9998474121094,4788884,0.0,0.0
2018-02-27 00:00:00+05:30,446.7464366592047,448.3796655698272,443.3049900261073,443.89996337890625,4787328,0.0,0.0
2018-02-28 00:00:00+05:30,440.86683713783816,442.2433930471798,438.1719979623418,439.6185607910156,4066364,0.0,0.0
2018-03-01 00:00:00+05:30,438.4753167994861,441.741774669809,435.83880726879596,437.32037353515625,3909840,0.0,0.0
2018-03-05 00:00:00+05:30,437.2737472327002,438.17201750417627,433.563978448954,436.2937927246094,3781464,0.0,0.0
2018-03-06 00:00:00+05:30,436.30547298155045,438.61533118182126,429.1892607216909,430.76416015625,4576828,0.0,0.0
2018-03-07 00:00:00+05:30,429.3058771267635,432.43234953687175,426.62271539472124,427.5793151855469,5628164,0.0,0.0
2018-03-08 00:00:00+05:30,429.2592582130304,433.62230145448046,427.43936306946904,432.3040466308594,5518724,0.0,0.0
2018-03-09 00:00:00+05:30,432.79401333658683,435.1972045747498,430.2391879028755,431.88409423828125,4108108,0.0,0.0
2018-03-12 00:00:00+05:30,434.0189425134606,436.17713804277474,432.43239424012285,435.6638488769531,6557116,0.0,0.0
2018-03-13 00:00:00+05:30,435.71052106898117,439.7469415817189,432.8057178055915,434.0306396484375,5124200,0.0,0.0
2018-03-14 00:00:00+05:30,433.03901012335746,435.8155051625328,431.17246266592923,435.022216796875,3680392,0.0,0.0
2018-03-15 00:00:00+05:30,435.1854968017479,440.3885088551599,435.1854968017479,438.8252868652344,5870924,0.0,0.0
2018-03-16 00:00:00+05:30,438.6386169334778,438.89526149181626,430.83412740234826,432.3390197753906,7896336,0.0,0.0
2018-03-19 00:00:00+05:30,432.33907861744444,433.972307732567,430.0408976302731,430.99749755859375,7838740,0.0,0.0
2018-03-20 00:00:00+05:30,430.49581697570034,433.0156673389115,428.1976362032941,429.1892395019531,3657372,0.0,0.0
2018-03-21 00:00:00+05:30,431.17246061214826,434.7188893718679,430.075875378634,433.71563720703125,5921140,0.0,0.0
2018-03-22 00:00:00+05:30,433.71562470139077,438.6386377587087,432.8290032963986,435.7804870605469,6673224,0.0,0.0
2018-03-23 00:00:00+05:30,430.85749033446916,432.3623828360008,428.6642913662939,429.6675720214844,7190152,0.0,0.0
2018-03-26 00:00:00+05:30,429.2826089017404,443.30504162749594,427.7893651705336,441.77679443359375,10501768,0.0,0.0
2018-03-27 00:00:00+05:30,441.8584904387002,443.0717349819039,437.7054106508961,441.5784912109375,6136836,0.0,0.0
2018-03-28 00:00:00+05:30,439.32690042352505,443.2349838951618,437.7170261366285,440.0618591308594,8837508,0.0,0.0
2018-04-02 00:00:00+05:30,441.0884552545797,451.64611333459544,441.0884552545797,450.5845031738281,4596368,0.0,0.0
2018-04-03 00:00:00+05:30,448.8929667165885,449.30127395518144,445.8715045435017,447.0147705078125,4079884,0.0,0.0
2018-04-04 00:00:00+05:30,446.32642625888457,449.1262470863064,438.27694138004676,439.3968811035156,3714108,0.0,0.0
2018-04-05 00:00:00+05:30,443.60834688940844,446.57147958821844,441.01848950491245,445.3815612792969,4858892,0.0,0.0
2018-04-06 00:00:00+05:30,446.15149542122913,449.4762830857494,444.65828023760565,448.7646789550781,3720008,0.0,0.0
2018-04-09 00:00:00+05:30,447.6913788330399,453.1043545807418,447.1314089498721,452.41607666015625,4003536,0.0,0.0
2018-04-10 00:00:00+05:30,453.33768639180846,453.33768639180846,446.45479305750155,448.169677734375,6067236,0.0,0.0
2018-04-11 00:00:00+05:30,447.0147859884523,447.97138585574766,444.56494247205364,447.70306396484375,2870812,0.0,0.0
2018-04-12 00:00:00+05:30,447.03814019985157,450.98122761289676,444.6816296038174,450.0246276855469,4712516,0.0,0.0
2018-04-13 00:00:00+05:30,449.83795581371754,452.63777711546265,447.7614159853389,449.13800048828125,3297172,0.0,0.0
2018-04-16 00:00:00+05:30,447.97141464100827,454.970967994774,447.9364111779883,453.12774658203125,2847744,0.0,0.0
2018-04-17 00:00:00+05:30,453.4543795019105,455.20426776857596,451.2611805114389,454.6209716796875,2667832,0.0,0.0
2018-04-18 00:00:00+05:30,455.2042586723391,455.78755474957177,450.31624893763126,450.91119384765625,2712720,0.0,0.0
2018-04-19 00:00:00+05:30,452.63776789995245,453.75770779035105,451.0045388405197,452.4044494628906,3169032,0.0,0.0
2018-04-20 00:00:00+05:30,452.87111407585707,457.5374831029138,450.8062514776357,456.3475646972656,9361380,0.0,0.0
2018-04-23 00:00:00+05:30,461.73717073019077,461.73717073019077,434.0422846160355,451.6461486816406,15304620,0.0,0.0
2018-04-24 00:00:00+05:30,451.4711608886719,454.5159777848411,449.3712950240734,451.4711608886719,5037416,0.0,0.0
2018-04-25 00:00:00+05:30,449.8146253615098,452.1711359050115,446.10485647594527,448.1463928222656,4020592,0.0,0.0
2018-04-26 00:00:00+05:30,447.22479343984025,452.4511036670759,445.92986471618093,450.3629150390625,7847480,0.0,0.0
2018-04-27 00:00:00+05:30,451.0045302117673,451.5878262932621,446.22150234351005,448.7646789550781,5777008,0.0,0.0
2018-04-30 00:00:00+05:30,450.3045568834583,456.0908651727002,450.0245861680526,453.6410217285156,4609552,0.0,0.0
2018-05-02 00:00:00+05:30,454.970920676052,461.5038364601184,454.03764699261393,459.5206298828125,7100048,0.0,0.0
2018-05-03 00:00:00+05:30,459.18237284744447,460.78059848472986,454.0376897900551,459.1473693847656,4152772,0.0,0.0
2018-05-04 00:00:00+05:30,459.6373138159161,464.303682484098,458.7740470048041,463.9537048339844,6881436,0.0,0.0
2018-05-07 00:00:00+05:30,462.3554949772566,463.67374986707745,460.803921646096,461.3638916015625,5264128,0.0,0.0
2018-05-08 00:00:00+05:30,461.7955091384711,461.9471718163766,456.0442040610086,458.94903564453125,7100564,0.0,0.0
2018-05-09 00:00:00+05:30,456.40586329648823,462.0871615046239,456.40586329648823,461.5971984863281,4327332,0.0,0.0
2018-05-10 00:00:00+05:30,463.9770244004192,466.40354176970897,462.4371284580106,464.9336242675781,7171672,0.0,0.0
2018-05-11 00:00:00+05:30,464.93356894144614,470.60321751069887,463.3703470382984,469.3782958984375,6057068,0.0,0.0
2018-05-14 00:00:00+05:30,470.6499375755565,473.02980271084607,469.53002617182125,471.7115478515625,4742916,0.0,0.0
2018-05-15 00:00:00+05:30,472.94812575425465,481.8025486085794,472.86644152033546,475.456298828125,9826684,0.0,0.0
2018-05-16 00:00:00+05:30,473.76477927534916,478.0694931875371,470.63830642013613,472.0848693847656,6841604,0.0,0.0
2018-05-17 00:00:00+05:30,472.2015026148247,477.00785661480046,469.5533441095137,473.1114501953125,6615476,0.0,0.0
2018-05-18 00:00:00+05:30,472.39983957239724,472.39983957239724,467.453499979343,469.4717102050781,5217460,0.0,0.0
2018-05-21 00:00:00+05:30,470.39329268019964,471.53655871177347,463.3820907737574,465.01531982421875,4848108,0.0,0.0
2018-05-22 00:00:00+05:30,466.33348884867735,469.89159455672655,463.25369726765314,464.2803039550781,3960372,0.0,0.0
2018-05-23 00:00:00+05:30,463.790391687282,465.23695457681464,458.0974162359288,459.05401611328125,5726292,0.0,0.0
2018-05-24 00:00:00+05:30,458.9606981460504,464.3620257344011,456.4525249132179,463.37042236328125,4520744,0.0,0.0
2018-05-25 00:00:00+05:30,464.3037045274857,470.36998408412626,464.2803783792882,468.666748046875,4759588,0.0,0.0
2018-05-28 00:00:00+05:30,468.4567785483067,478.7694422769754,468.03679396082487,476.48291015625,5103940,0.0,0.0
2018-05-29 00:00:00+05:30,475.502967228691,478.93273680687713,473.3564490340955,474.2430419921875,3351244,0.0,0.0
2018-05-30 00:00:00+05:30,471.2332091429264,479.0027240477461,470.43994928703137,477.9178161621094,4866996,0.0,0.0
2018-05-31 00:00:00+05:30,493.09822870378093,507.186749523889,488.40205509707823,502.3614196777344,39639192,3.25,0.0
2018-06-01 00:00:00+05:30,496.8551019789664,502.0208922641919,493.33297223903986,495.587158203125,21151356,0.0,0.0
2018-06-04 00:00:00+05:30,504.83860373799325,506.482264308303,478.528282715126,480.4654541015625,88796324,0.0,0.0
2018-06-05 00:00:00+05:30,481.35778756028094,485.337783167768,475.0179532850967,484.55120849609375,17105460,0.0,0.0
2018-06-06 00:00:00+05:30,483.75275788744796,484.8329005825765,480.18367795665455,483.0835876464844,9782000,0.0,0.0
2018-06-07 00:00:00+05:30,486.8053380759951,488.3550982759552,482.10916453228236,484.2224426269531,10563896,0.0,0.0
2018-06-08 00:00:00+05:30,483.47105040743907,483.99936991371237,477.8356423405238,481.2051696777344,6180888,0.0,0.0
2018-06-11 00:00:00+05:30,481.8038724201316,484.39851961015336,478.7279133322856,479.54974365234375,7091188,0.0,0.0
2018-06-12 00:00:00+05:30,481.8038582541426,481.9917166441849,478.6339700617147,479.9136657714844,5234256,0.0,0.0
2018-06-13 00:00:00+05:30,481.8273741443,482.48484986278504,475.2762067456696,477.0020446777344,7897960,0.0,0.0
2018-06-14 00:00:00+05:30,476.6616105108685,480.18374063779606,475.48756713522596,478.3992004394531,16927576,0.0,0.0
2018-06-15 00:00:00+05:30,475.7223215517076,478.75135884802125,474.85354101808844,476.567626953125,10880816,0.0,0.0
2018-06-18 00:00:00+05:30,476.68506553807373,478.7279181234205,471.7540835683752,474.1139221191406,7487404,0.0,0.0
2018-06-19 00:00:00+05:30,475.47577602699977,479.17401235530576,474.14913005245774,475.13531494140625,10981152,0.0,0.0
2018-06-20 00:00:00+05:30,475.7223604516272,483.2362378131534,475.4875517840795,482.80181884765625,9051712,0.0,0.0
2018-06-21 00:00:00+05:30,483.70585185211553,486.2417969096168,480.6650910933606,483.142333984375,13510704,0.0,0.0
2018-06-22 00:00:00+05:30,482.98961619730096,490.4682942439276,481.3225092642348,489.1885986328125,7848980,0.0,0.0
2018-06-25 00:00:00+05:30,489.1182142924132,492.5816421946241,486.77012757904987,491.91241455078125,6992336,0.0,0.0
2018-06-26 00:00:00+05:30,489.822633105593,493.8026285609672,488.3668308299765,491.618896484375,9161932,0.0,0.0
2018-06-27 00:00:00+05:30,491.45458106009215,497.6770112550718,490.7501550002831,496.0568542480469,19126804,0.0,0.0
2018-06-28 00:00:00+05:30,496.62036151738516,502.49057855659777,495.7280770621572,500.34210205078125,37533540,0.0,0.0
2018-06-29 00:00:00+05:30,498.19358206058496,502.49059251794563,494.2957922340534,495.0823669433594,19458120,0.0,0.0
2018-07-02 00:00:00+05:30,495.05891596182084,495.0706105350471,484.4690212947561,486.8171081542969,9864876,0.0,0.0
2018-07-03 00:00:00+05:30,486.8170384505867,489.57604011550626,485.0207751907673,486.1008605957031,6863100,0.0,0.0
2018-07-04 00:00:00+05:30,487.52147488359344,494.98840165351896,485.81911211759416,493.9317626953125,6097992,0.0,0.0
2018-07-05 00:00:00+05:30,494.27223382492923,499.90764171651983,491.3488774464333,498.6748962402344,9735968,0.0,0.0
2018-07-06 00:00:00+05:30,496.22118644091853,501.44567948175904,495.7633209879999,496.6555480957031,8121344,0.0,0.0
2018-07-09 00:00:00+05:30,498.228805618722,500.14247337268864,494.9179803996641,499.12103271484375,6182296,0.0,0.0
2018-07-10 00:00:00+05:30,500.11885238434337,504.7446280184909,498.9683130870482,503.9931945800781,10950736,0.0,0.0
2018-07-11 00:00:00+05:30,503.67632761066994,506.17701690919836,501.2695388456107,504.4277038574219,5857920,0.0,0.0
2018-07-12 00:00:00+05:30,505.51947615031423,511.8476145842898,505.30817131403103,508.583740234375,8020668,0.0,0.0
2018-07-13 00:00:00+05:30,509.15912971820387,514.418878658986,507.9146895485436,512.09423828125,7161188,0.0,0.0
2018-07-16 00:00:00+05:30,511.7420172704641,514.242764122971,508.06728433739215,509.26483154296875,9017336,0.0,0.0
2018-07-17 00:00:00+05:30,507.94980373625725,512.1176572050281,507.94980373625725,511.1197204589844,6361924,0.0,0.0
2018-07-18 00:00:00+05:30,513.5266069478326,521.2752937467711,510.3918879940895,510.99066162109375,17460272,0.0,0.0
2018-07-19 00:00:00+05:30,512.5873167884447,515.0528077762041,509.76961280243404,513.3152465820312,5304776,0.0,0.0
2018-07-20 00:00:00+05:30,513.3152604536332,517.248305707058,509.79313037593937,514.0079345703125,10006964,0.0,0.0
2018-07-23 00:00:00+05:30,504.8386145181963,511.4132569398286,502.0326625213733,506.3531188964844,16880132,0.0,0.0
2018-07-24 00:00:00+05:30,504.1341500452843,509.2999401249285,504.1341500452843,507.1279602050781,5208792,0.0,0.0
2018-07-25 00:00:00+05:30,508.27848828024065,511.13144758824467,507.18665105918564,509.616943359375,7038616,0.0,0.0
2018-07-26 00:00:00+05:30,508.3606894750966,517.389069931456,508.3606894750966,514.8414306640625,21281092,0.0,0.0
2018-07-27 00:00:00+05:30,517.0369730680573,519.3850599207711,512.9865232471259,517.0839233398438,10554596,0.0,0.0
2018-07-30 00:00:00+05:30,516.3442464820189,516.3442464820189,507.04580055890347,509.51129150390625,7169120,0.0,0.0
2018-07-31 00:00:00+05:30,507.1867035605214,513.2682248995334,504.8503688681827,511.7654724121094,8860944,0.0,0.0
2018-08-01 00:00:00+05:30,507.84414706301,510.70880105654413,505.23774818225877,506.88140869140625,6071560,0.0,0.0
2018-08-02 00:00:00+05:30,505.66050699236786,505.707457264457,498.1114306427529,500.189453125,8905704,0.0,0.0
2018-08-03 00:00:00+05:30,500.9760507897571,504.1459678439066,496.3855298127402,498.1817932128906,13604008,0.0,0.0
2018-08-06 00:00:00+05:30,498.0291696973028,501.88000880497594,494.5305435809291,496.4559631347656,5744632,0.0,0.0
2018-08-07 00:00:00+05:30,498.96844201003967,501.1991244566728,494.97669447395936,500.3537902832031,7428456,0.0,0.0
2018-08-08 00:00:00+05:30,501.516079561361,505.261266075008,500.8586038740913,501.63348388671875,9945380,0.0,0.0
2018-08-09 00:00:00+05:30,502.96020381046065,502.96020381046065,491.84198963322785,497.44219970703125,8944408,0.0,0.0
2018-08-10 00:00:00+05:30,498.61617969879643,498.6866337606767,492.62855898661405,496.49114990234375,5442940,0.0,0.0
2018-08-13 00:00:00+05:30,489.341218477302,494.02563950177796,488.40198389289253,491.1374816894531,10054252,0.0,0.0
2018-08-14 00:00:00+05:30,492.62856195674306,494.2722225543108,490.09261699808627,490.5387878417969,4935964,0.0,0.0
2018-08-16 00:00:00+05:30,489.10647932732127,489.97525997607727,485.2086323176534,487.3923645019531,10625160,0.0,0.0
2018-08-17 00:00:00+05:30,489.0828661395956,491.4662080989134,486.4412690864298,487.77972412109375,6065328,0.0,0.0
2018-08-20 00:00:00+05:30,487.22796996809353,494.8827552219809,487.22796996809353,492.2059020996094,7811136,0.0,0.0
2018-08-21 00:00:00+05:30,492.62858076499685,495.9159020856403,491.3723314726458,492.17071533203125,7776320,0.0,0.0
2018-08-23 00:00:00+05:30,494.27222982426895,494.74184714476706,487.66238896879116,488.3785095214844,12574552,0.0,0.0
2018-08-24 00:00:00+05:30,486.28868375790535,491.5953818467793,485.12639247831237,486.0186767578125,9714628,0.0,0.0
2018-08-27 00:00:00+05:30,487.69761197616907,490.39791170545453,486.11265343941454,488.5076904296875,12574788,0.0,0.0
2018-08-28 00:00:00+05:30,490.28045385668395,492.6872424831356,488.12022577430554,491.888916015625,9973532,0.0,0.0
2018-08-29 00:00:00+05:30,491.2549199979983,491.70109085225704,486.6996548790068,488.0498046875,9873692,0.0,0.0
2018-08-30 00:00:00+05:30,489.24736582018244,490.2569972361471,484.14027726774924,485.1382141113281,21827460,0.0,0.0
2018-08-31 00:00:00+05:30,485.86604855125705,488.1084826306532,483.2949052914213,483.9875793457031,15771500,0.0,0.0
2018-09-03 00:00:00+05:30,485.913012267225,488.15544640869643,484.52766412031195,487.2397155761719,7661608,0.0,0.0
2018-09-04 00:00:00+05:30,487.67411995955075,487.92068053649166,481.12298077990545,481.78045654296875,7130536,0.0,0.0
2018-09-05 00:00:00+05:30,482.2500162267154,483.75276865428685,477.964758369623,480.3832702636719,5641508,0.0,0.0
2018-09-06 00:00:00+05:30,481.1229523540322,483.47103899314413,477.2720845332553,481.87432861328125,10402412,0.0,0.0
2018-09-07 00:00:00+05:30,481.59255450005327,483.70583240863465,479.18576577083553,482.9896545410156,5919300,0.0,0.0
2018-09-10 00:00:00+05:30,482.5317263049843,482.5317263049843,475.51094265677085,479.2796325683594,8598592,0.0,0.0
2018-09-11 00:00:00+05:30,480.4889657527908,480.8881290039828,468.24368857115485,469.71124267578125,18186536,0.0,0.0
2018-09-12 00:00:00+05:30,470.0635063871725,474.63052378834703,467.16362489612703,472.39984130859375,12246008,0.0,0.0
2018-09-14 00:00:00+05:30,474.2782426317384,478.39914587550027,474.0669091155928,476.567626953125,10334672,0.0,0.0
2018-09-17 00:00:00+05:30,474.61875199917984,475.0061633544436,466.7996122205609,467.7857971191406,9338220,0.0,0.0
2018-09-18 00:00:00+05:30,468.4197863797874,471.9301642677093,465.1441884810871,467.08135986328125,9325736,0.0,0.0
2018-09-19 00:00:00+05:30,468.4080207771668,469.14767374317864,459.4031149542187,460.54193115234375,16712264,0.0,0.0
2018-09-21 00:00:00+05:30,463.48883226720335,469.5821056940648,448.5315030219591,462.63177490234375,22610148,0.0,0.0
2018-09-24 00:00:00+05:30,461.92736287310936,463.08965434149155,449.6586096845873,452.1710510253906,13390792,0.0,0.0
2018-09-25 00:00:00+05:30,452.17102131996546,460.69458707203876,449.65858014421724,458.4404296875,16682552,0.0,0.0
2018-09-26 00:00:00+05:30,460.9176451667265,464.4515269457104,459.12138185806106,462.150390625,14726724,0.0,0.0
2018-09-27 00:00:00+05:30,462.43219238398564,466.3300105055273,459.08616889470886,464.01715087890625,18352208,0.0,0.0
2018-09-28 00:00:00+05:30,465.07375740162604,473.2450812069738,464.25192712831097,471.03790283203125,14460716,0.0,0.0
2018-10-01 00:00:00+05:30,471.9184347392346,479.47926177999983,469.10073094816704,477.9412536621094,12449588,0.0,0.0
2018-10-03 00:00:00+05:30,476.7672268493777,481.87431514672244,471.2609752998059,476.9316101074219,15332148,0.0,0.0
2018-10-04 00:00:00+05:30,471.4957904681714,473.79692680723684,456.23322752970967,459.6966552734375,17970584,0.0,0.0
2018-10-05 00:00:00+05:30,458.804350792834,467.2692141014966,455.564008616562,461.4694519042969,15729180,0.0,0.0
2018-10-08 00:00:00+05:30,461.39905444147655,462.3382891578969,453.18075067279887,456.702880859375,20128020,0.0,0.0
2018-10-09 00:00:00+05:30,456.56196210347264,461.39901474423954,453.1807116826373,455.669677734375,12459364,0.0,0.0
2018-10-10 00:00:00+05:30,456.7028519829452,465.4494747265775,454.4721696724887,461.90386962890625,15939932,0.0,0.0
2018-10-11 00:00:00+05:30,452.00669195793205,457.47774546092376,450.2691020588108,454.95355224609375,14359904,0.0,0.0
2018-10-12 00:00:00+05:30,456.70283653258343,468.9363617939593,455.9984105636386,465.35552978515625,9600320,0.0,0.0
2018-10-15 00:00:00+05:30,467.2691998502609,472.15323109285606,462.64348104565227,471.50750732421875,12585968,0.0,0.0
2018-10-16 00:00:00+05:30,470.3217668993951,473.89084722487723,466.68223250751254,467.91497802734375,9406004,0.0,0.0
2018-10-17 00:00:00+05:30,471.0497024184867,472.6698880954119,461.04685806027885,463.6532287597656,7940796,0.0,0.0
2018-10-19 00:00:00+05:30,459.9666878699143,465.1207264699463,459.7553543441709,462.04473876953125,9867348,0.0,0.0
2018-10-22 00:00:00+05:30,472.904613615313,474.313465493015,466.9404682670748,469.3590087890625,20331160,0.0,0.0
2018-10-23 00:00:00+05:30,463.27745979354967,469.35900947380196,463.27745979354967,466.0599365234375,19428564,0.0,0.0
2018-10-24 00:00:00+05:30,470.5565788009592,471.6836718920969,463.18358076575566,467.7975769042969,18072336,0.0,0.0
2018-10-25 00:00:00+05:30,463.41838521848933,470.4626453160439,460.8002628162647,462.29132080078125,29847056,0.0,0.0
2018-10-26 00:00:00+05:30,462.29134381309217,464.26371380805546,457.6421204520063,460.50677490234375,15155712,0.0,0.0
2018-10-29 00:00:00+05:30,461.18770117631914,461.38728281239014,445.00937814516374,452.31195068359375,17044280,0.0,0.0
2018-10-30 00:00:00+05:30,452.0066550098639,453.65031557353615,445.97208411993347,449.1302490234375,13828704,0.0,0.0
2018-10-31 00:00:00+05:30,446.617844648898,450.3395563558483,442.61434533852633,448.8954772949219,23449404,0.0,0.0
2018-11-01 00:00:00+05:30,453.1807349588011,453.1807349588011,445.19724014605544,449.0011291503906,19629052,0.0,0.0
2018-11-02 00:00:00+05:30,452.24145980555664,460.2249539038894,448.95413870624316,457.7477111816406,30092868,0.0,0.0
2018-11-05 00:00:00+05:30,457.8534394219929,460.14282399477673,455.05921046719226,459.2857666015625,5705296,0.0,0.0
2018-11-06 00:00:00+05:30,459.0508940158426,463.98187548608945,456.2214384212209,457.0667724609375,8485588,0.0,0.0
2018-11-07 00:00:00+05:30,460.459799731613,461.38728250853865,457.876904373608,459.7436218261719,958760,0.0,0.0
2018-11-09 00:00:00+05:30,459.8022864484134,460.20147835086425,454.65999994972,456.7967529296875,10101620,0.0,0.0
2018-11-12 00:00:00+05:30,458.2290744305769,460.694565223055,450.1634031421028,451.07916259765625,7907764,0.0,0.0
2018-11-13 00:00:00+05:30,450.5977985835728,454.98870886583813,448.0618537026201,452.6523742675781,13350420,0.0,0.0
2018-11-14 00:00:00+05:30,455.18834045534317,460.2249747597689,454.7304463692893,459.6966552734375,26110636,0.0,0.0
2018-11-15 00:00:00+05:30,460.6711034535279,464.287162453352,453.46246058661814,463.7823181152344,10392524,0.0,0.0
2018-11-16 00:00:00+05:30,465.15599101626344,472.66986871062005,464.92118233831485,470.6270446777344,15813216,0.0,0.0
2018-11-19 00:00:00+05:30,472.2002137063884,474.5483002986628,470.06346064005197,472.88116455078125,12286428,0.0,0.0
2018-11-20 00:00:00+05:30,472.6698361608857,474.21956759599294,469.394266794337,472.5406799316406,5705168,0.0,0.0
2018-11-21 00:00:00+05:30,472.61113703394085,475.24098259750536,470.5565612301664,474.0199890136719,6545604,0.0,0.0
2018-11-22 00:00:00+05:30,472.7285501332213,477.83563865446683,469.6525623197253,470.9087829589844,12974552,0.0,0.0
2018-11-26 00:00:00+05:30,472.88115459421346,481.8273585897824,472.4467643164221,481.310791015625,18184436,0.0,0.0
2018-11-27 00:00:00+05:30,479.2562332143285,485.5608114218267,479.1857791501422,484.64508056640625,12895440,0.0,0.0
2018-11-28 00:00:00+05:30,484.87989498009244,492.76948908318366,483.7293554479616,490.5740051269531,13021108,0.0,0.0
2018-11-29 00:00:00+05:30,493.3330560275255,501.8800693841869,491.68939520306446,500.3890686035156,31908636,0.0,0.0
2018-11-30 00:00:00+05:30,500.142437782823,501.91525460267167,495.4462646581016,499.7784729003906,13040924,0.0,0.0
2018-12-03 00:00:00+05:30,500.3772935476429,502.96018900940925,494.7183814690562,496.22119140625,10799856,0.0,0.0
2018-12-04 00:00:00+05:30,494.36621000914886,495.6811616489392,488.07338276165257,489.7052917480469,8157420,0.0,0.0
2018-12-05 00:00:00+05:30,487.9324071100841,494.3426951461428,487.4510378803439,492.91033935546875,11798844,0.0,0.0
2018-12-06 00:00:00+05:30,490.6796813873691,493.48563361525805,489.5760920695541,492.4055480957031,11730252,0.0,0.0
2018-12-07 00:00:00+05:30,494.6713892764455,497.3247385821171,488.4724636240853,494.88275146484375,9903920,0.0,0.0
2018-12-10 00:00:00+05:30,485.0911426561311,494.2252330765761,485.0911426561311,490.45654296875,10915056,0.0,0.0
2018-12-11 00:00:00+05:30,482.7666069972002,486.3591909756269,477.1311991334196,483.6001892089844,18905780,0.0,0.0
2018-12-12 00:00:00+05:30,485.33778325845964,490.70318445621774,483.72937821747945,489.64654541015625,11370488,0.0,0.0
2018-12-13 00:00:00+05:30,491.92416680463697,498.96842694981075,491.0553861853327,493.4034729003906,7064236,0.0,0.0
2018-12-14 00:00:00+05:30,494.2486985479022,497.3247147566742,490.292207238483,492.0884704589844,6158284,0.0,0.0
2018-12-17 00:00:00+05:30,494.03747699649034,500.7530283690887,492.86343356256333,500.189453125,8437324,0.0,0.0
2018-12-18 00:00:00+05:30,498.73354121500165,502.2556707433562,493.70865935174663,501.4220886230469,7413968,0.0,0.0
2018-12-19 00:00:00+05:30,500.8703997440556,507.04582193895976,496.27987875429153,498.6044616699219,9009896,0.0,0.0
2018-12-20 00:00:00+05:30,496.04504150169146,502.5961801237921,493.7204013936671,501.8917541503906,7980476,0.0,0.0
2018-12-21 00:00:00+05:30,501.0816171751316,504.6272504240051,495.223153313068,495.7162170410156,10220308,0.0,0.0
2018-12-24 00:00:00+05:30,494.0374317294471,494.0374317294471,487.77980373051804,488.55462646484375,5601488,0.0,0.0
2018-12-26 00:00:00+05:30,487.6976254194972,499.4380593487099,485.8191559908231,498.3462219238281,7601916,0.0,0.0
2018-12-27 00:00:00+05:30,500.8468564452462,502.0678499745957,492.73420602536993,494.2839660644531,11639868,0.0,0.0
2018-12-28 00:00:00+05:30,497.17207768581585,501.9621508267937,496.73765878801635,498.4752197265625,9415612,0.0,0.0
2018-12-31 00:00:00+05:30,501.7860958504838,501.7860958504838,497.0194686876204,498.1935119628906,5866528,0.0,0.0
2019-01-01 00:00:00+05:30,499.59060379417036,505.07340873021195,494.4131188962852,504.3924865722656,6373440,0.0,0.0
2019-01-02 00:00:00+05:30,503.14796667713176,504.25155582298044,497.7238641472939,499.7901916503906,8134232,0.0,0.0
2019-01-03 00:00:00+05:30,498.78062347144146,499.73161016102665,493.802690552632,495.8690185546875,12771664,0.0,0.0
2019-01-04 00:00:00+05:30,496.6789890840331,499.7902036474953,495.5284496476997,497.195556640625,7287120,0.0,0.0
2019-01-07 00:00:00+05:30,499.6023729626674,501.3986936022391,497.3247404325629,497.94696044921875,5387012,0.0,0.0
2019-01-08 00:00:00+05:30,498.26400764091665,498.6162206529154,492.3115848076029,493.8026428222656,8343460,0.0,0.0
2019-01-09 00:00:00+05:30,497.32466659892674,498.1112984213858,493.7086367128259,497.04290771484375,8568628,0.0,0.0
2019-01-10 00:00:00+05:30,497.08989812730186,498.6866083678467,491.3722847294109,495.0940246582031,7691540,0.0,0.0
2019-01-11 00:00:00+05:30,496.33856587733516,498.73360278703433,494.9766641596367,495.89239501953125,6408040,0.0,0.0
2019-01-14 00:00:00+05:30,495.4227977790015,495.4227977790015,492.73424993002436,493.4856262207031,4855160,0.0,0.0
2019-01-15 00:00:00+05:30,494.2839869444297,499.3206212947151,493.5678090578374,498.240478515625,5087556,0.0,0.0
2019-01-16 00:00:00+05:30,497.80607970992446,498.9683710383715,495.0353262313632,497.8412780761719,5252452,0.0,0.0
2019-01-17 00:00:00+05:30,499.0270522552008,501.5277412910353,496.23285242519194,500.6824645996094,8240228,0.0,0.0
2019-01-18 00:00:00+05:30,501.31642130643684,502.25565581942317,496.5145963240595,500.2010803222656,5207976,0.0,0.0
2019-01-21 00:00:00+05:30,502.4787249532291,508.71290565231345,499.32056029062755,504.4041442871094,17561512,0.0,0.0
2019-01-22 00:00:00+05:30,503.89933699051784,504.08719536612466,499.91934204292727,501.51605224609375,8796976,0.0,0.0
2019-01-23 00:00:00+05:30,501.08166984936196,501.51608879171346,493.4386366626351,494.3661193847656,7624288,0.0,0.0
2019-01-24 00:00:00+05:30,495.446231808925,498.18172954217283,492.60502432631404,493.62646484375,10111572,0.0,0.0
2019-01-25 00:00:00+05:30,491.4544791156099,495.44622595983606,490.7500532019229,492.1589050292969,11262236,0.0,0.0
2019-01-28 00:00:00+05:30,490.75011848871424,493.57957441703826,487.6389036226973,489.37646484375,15360436,0.0,0.0
2019-01-29 00:00:00+05:30,487.9911100056597,489.106451168911,482.0621911904821,483.142333984375,14762788,0.0,0.0
2019-01-30 00:00:00+05:30,483.06005225304835,483.06005225304835,476.19189985134625,477.7651062011719,18514160,0.0,0.0
2019-01-31 00:00:00+05:30,476.89641619642055,490.6914257737419,474.7831381335117,488.3902893066406,16579404,0.0,0.0
2019-02-01 00:00:00+05:30,488.3902525205132,497.0899246894855,487.6036779188113,490.8557434082031,15654188,0.0,0.0
2019-02-04 00:00:00+05:30,491.92413549231185,496.1506913103842,489.0242256532682,494.24871826171875,7938288,0.0,0.0
2019-02-05 00:00:00+05:30,494.9767043505083,497.5595998665689,492.39380883444784,496.3973083496094,8690288,0.0,0.0
2019-02-06 00:00:00+05:30,496.9138429165516,499.43803609380046,496.2916228778102,498.4165954589844,10875684,0.0,0.0
2019-02-07 00:00:00+05:30,498.9800476742679,500.14233882740547,494.47173383179205,497.1485290527344,7217308,0.0,0.0
2019-02-08 00:00:00+05:30,495.9159060790346,503.65284021287,494.6596567765675,498.4165954589844,12235644,0.0,0.0
2019-02-11 00:00:00+05:30,496.22112127366853,503.1714227744917,496.22112127366853,502.4082946777344,7036364,0.0,0.0
2019-02-12 00:00:00+05:30,502.02094494357664,504.36903168325665,498.9214819124664,500.072021484375,9772388,0.0,0.0
2019-02-14 00:00:00+05:30,502.4905656109723,502.4905656109723,494.4131701036484,495.4932556152344,7441388,0.0,0.0
2019-02-15 00:00:00+05:30,494.8239961254426,495.00010260035003,487.97929007157774,493.250732421875,8416524,0.0,0.0
2019-02-18 00:00:00+05:30,494.69486298210586,497.324708331435,489.8108317183066,490.7265625,7138744,0.0,0.0
2019-02-19 00:00:00+05:30,490.6796122175164,495.01182023684044,487.9793128097775,489.35296630859375,5268636,0.0,0.0
2019-02-20 00:00:00+05:30,490.3978632789404,495.681057879743,488.8481032655062,495.058837890625,4892500,0.0,0.0
2019-02-21 00:00:00+05:30,493.4972719841023,497.7825293581095,491.59535653170724,496.83154296875,5261544,0.0,0.0
2019-02-22 00:00:00+05:30,497.6534360377441,499.69631717908845,490.53877971576736,491.0905456542969,8890708,0.0,0.0
2019-02-25 00:00:00+05:30,491.9592945657857,500.13064662665147,491.9592945657857,499.062255859375,8140596,0.0,0.0
2019-02-26 00:00:00+05:30,495.7397545538738,498.96837344084395,493.35646972420585,495.5988464355469,9607428,0.0,0.0
2019-02-27 00:00:00+05:30,496.8786829876592,498.83930111842665,490.31573435800567,491.2784729003906,7030092,0.0,0.0
2019-02-28 00:00:00+05:30,491.47800715607855,494.4718174369422,486.8052806356382,487.82672119140625,11645376,0.0,0.0
2019-03-01 00:00:00+05:30,489.86952075209865,493.3094443663337,487.6975408518197,489.1885986328125,9352928,0.0,0.0
2019-03-05 00:00:00+05:30,490.49184737733765,495.70464613267694,486.0539860870786,494.7654113769531,11837276,0.0,0.0
2019-03-06 00:00:00+05:30,495.44631078773796,495.516764856435,490.8792934639905,494.0961608886719,8458044,0.0,0.0
2019-03-07 00:00:00+05:30,495.3523742349434,500.1424479893788,491.9241448534031,499.32061767578125,10204852,0.0,0.0
2019-03-08 00:00:00+05:30,496.6319856074601,500.1423630282386,495.3170343985465,499.7196960449219,7053460,0.0,0.0
2019-03-11 00:00:00+05:30,500.6120550952951,503.35930490799063,498.3109187989152,499.7784729003906,9224108,0.0,0.0
2019-03-12 00:00:00+05:30,504.1342750805855,510.7089186307748,501.7861880983751,509.7696838378906,15097292,0.0,0.0
2019-03-13 00:00:00+05:30,510.70883455598266,524.5625454703749,510.02791237377454,522.813232421875,57166348,0.0,0.0
2019-03-14 00:00:00+05:30,527.1101793533685,527.7323992963131,519.0679837244925,522.3905029296875,15379864,0.0,0.0
2019-03-15 00:00:00+05:30,523.8581351167194,530.6440826500462,523.1654610156061,529.02392578125,12763088,0.0,0.0
2019-03-18 00:00:00+05:30,531.1137090771234,538.0992670271777,527.6150828158658,531.008056640625,14358720,0.0,0.0
2019-03-19 00:00:00+05:30,532.8982198162413,534.4009722136778,528.5542598838331,532.4873046875,11957992,0.0,0.0
2019-03-20 00:00:00+05:30,532.7808139132334,540.059881886486,530.9140966563264,539.8250732421875,11711992,0.0,0.0
2019-03-22 00:00:00+05:30,540.0599263550467,541.7035870004752,533.2035248422408,534.459716796875,30403880,0.0,0.0
2019-03-25 00:00:00+05:30,530.6676309006491,537.2070757429473,529.0239700969745,535.6690673828125,9199260,0.0,0.0
2019-03-26 00:00:00+05:30,534.4010234961627,543.5820653270366,533.6262007543885,542.7250366210938,11786848,0.0,0.0
2019-03-27 00:00:00+05:30,544.415654671698,546.6463370423439,535.1407121832228,539.9307861328125,13885300,0.0,0.0
2019-03-28 00:00:00+05:30,539.778233492227,545.9302097671302,537.2070897760112,540.7174682617188,19554328,0.0,0.0
2019-04-01 00:00:00+05:30,545.988853586173,547.5738120902938,541.1400775374341,542.8306884765625,9647076,0.0,0.0
2019-04-02 00:00:00+05:30,544.7561232234284,544.7561232234284,536.6434720782605,538.8507080078125,10910496,0.0,0.0
2019-04-03 00:00:00+05:30,538.2050632857507,543.8169684842165,537.3010268281556,538.357666015625,7659452,0.0,0.0
2019-04-04 00:00:00+05:30,538.3575262927257,543.1124014022787,535.3637160385626,536.2911987304688,9211552,0.0,0.0
2019-04-05 00:00:00+05:30,537.1952722507735,543.2885456082115,535.8333705361161,541.3748779296875,8351180,0.0,0.0
2019-04-08 00:00:00+05:30,544.5213439369325,545.4488267832432,535.3873089635672,537.5709838867188,6398132,0.0,0.0
2019-04-09 00:00:00+05:30,539.2616462337995,540.7643988798297,532.3112862616474,537.066162109375,10777600,0.0,0.0
2019-04-10 00:00:00+05:30,528.3194887685606,536.3029832655077,523.8581241967372,525.3491821289062,108128700,0.0,0.0
2019-04-11 00:00:00+05:30,527.1218935733749,531.3719528924851,525.2551763486294,530.0805053710938,8793300,0.0,0.0
2019-04-12 00:00:00+05:30,528.8126185686696,533.5322383500043,528.8126185686696,531.9003295898438,9170444,0.0,0.0
2019-04-15 00:00:00+05:30,533.0155790579657,538.3926736430428,531.6889332564791,537.4299926757812,10219780,0.0,0.0
2019-04-16 00:00:00+05:30,537.934902414806,542.3845151744359,535.4342130500812,541.2457275390625,8273776,0.0,0.0
2019-04-18 00:00:00+05:30,543.1124796030566,543.5938488647731,537.2422625731922,538.5689086914062,10614856,0.0,0.0
2019-04-22 00:00:00+05:30,545.9301270258738,545.9301270258738,530.9023729916132,532.7103881835938,20980420,0.0,0.0
2019-04-23 00:00:00+05:30,534.7883985137752,537.7117544471421,526.3470398600992,527.2158203125,15282400,0.0,0.0
2019-04-24 00:00:00+05:30,528.3194959314001,536.2794867395662,527.6268218353347,535.3050537109375,12354128,0.0,0.0
2019-04-25 00:00:00+05:30,536.9839128597633,539.7781703680324,530.1862134757891,531.4776611328125,18086636,0.0,0.0
2019-04-26 00:00:00+05:30,532.0529708894993,536.5378396569926,529.9396927464303,535.5868530273438,11707568,0.0,0.0
2019-04-30 00:00:00+05:30,536.537698286238,544.7560000105349,534.9879384591269,544.1572265625,12536836,0.0,0.0
2019-05-02 00:00:00+05:30,545.577840355062,554.0661492208892,544.1689886046292,553.1621704101562,17169300,0.0,0.0
2019-05-03 00:00:00+05:30,555.134543334174,558.3749138453034,553.3265283752975,556.0150756835938,12351520,0.0,0.0
2019-05-06 00:00:00+05:30,551.3307553234757,552.2464862028912,544.0634384764508,546.740234375,13748092,0.0,0.0
2019-05-07 00:00:00+05:30,552.2465343172764,553.678890254833,544.286542667813,545.3079833984375,9924204,0.0,0.0
2019-05-08 00:00:00+05:30,545.3549133852304,545.6484242364069,537.2422619934446,541.7623291015625,12064208,0.0,0.0
2019-05-09 00:00:00+05:30,540.0599385561462,540.0599385561462,533.3913952888565,537.9231567382812,9027724,0.0,0.0
2019-05-10 00:00:00+05:30,538.0288564526202,545.9066412872851,538.0288564526202,539.2380981445312,10594200,0.0,0.0
2019-05-13 00:00:00+05:30,539.1324007274973,543.1946017505849,535.3637105106106,537.0543212890625,11071632,0.0,0.0
2019-05-14 00:00:00+05:30,539.2850165561116,542.6427917261306,534.3188365247194,537.2186889648438,10494744,0.0,0.0
2019-05-15 00:00:00+05:30,539.1206826841227,541.7505282075591,535.8803117149184,536.9369506835938,8956348,0.0,0.0
2019-05-16 00:00:00+05:30,535.492961872065,544.5213444096216,535.3638056291235,542.5606689453125,8050136,0.0,0.0
2019-05-17 00:00:00+05:30,543.1124127689025,556.3321513586344,542.7837035862156,554.6415405273438,14758780,0.0,0.0
2019-05-20 00:00:00+05:30,565.4192272816787,572.6278413469556,558.8445851039847,571.1368408203125,17699632,0.0,0.0
2019-05-21 00:00:00+05:30,572.4634941351707,575.1402898400529,563.4116091264627,564.4095458984375,10325176,0.0,0.0
2019-05-22 00:00:00+05:30,566.3232859231374,569.645805510317,562.1906306030819,564.8909301757812,11386660,0.0,0.0
2019-05-23 00:00:00+05:30,565.6540527697989,572.9096173156408,544.5447775085488,547.5972900390625,33081996,0.0,0.0
2019-05-24 00:00:00+05:30,554.0779088817442,560.2885856366674,549.487388731992,557.2830810546875,13692800,0.0,0.0
2019-05-27 00:00:00+05:30,558.5863038771777,568.6830763572027,557.0248492032421,565.50146484375,12049024,0.0,0.0
2019-05-28 00:00:00+05:30,567.4151806324396,568.2370110202788,560.5000764057456,567.3447265625,7364840,0.0,0.0
2019-05-29 00:00:00+05:30,565.9358874963287,570.7729693923484,565.9358874963287,567.5090942382812,7475216,0.0,0.0
2019-05-30 00:00:00+05:30,567.297698440124,574.7880714451217,566.6050243878411,572.8274536132812,9359200,0.0,0.0
2019-05-31 00:00:00+05:30,576.8779462310475,578.8033658407885,553.3970794626586,569.4932250976562,19785080,0.0,0.0
2019-06-03 00:00:00+05:30,569.8806611589381,577.5823972579152,569.3992919040638,576.9484252929688,8480860,0.0,0.0
2019-06-04 00:00:00+05:30,576.4552609799813,578.9794540779587,573.1796916343841,575.8212890625,6442988,0.0,0.0
2019-06-06 00:00:00+05:30,576.0325633112662,579.9773600595282,566.6754730923387,569.0235595703125,15634924,0.0,0.0
2019-06-07 00:00:00+05:30,569.5635798093208,576.2791301400797,565.6540387113995,574.7293701171875,7970932,0.0,0.0
2019-06-10 00:00:00+05:30,579.9656604407216,579.9656604407216,571.0781867162606,572.9801025390625,7077140,0.0,0.0
2019-06-11 00:00:00+05:30,575.6334473766449,577.6058172496859,573.0153536691001,574.905517578125,7103292,0.0,0.0
2019-06-12 00:00:00+05:30,574.1071991883874,574.9055257372972,569.0940111442859,569.8923950195312,7308620,0.0,0.0
2019-06-13 00:00:00+05:30,571.9821064881531,575.7507967001718,567.2859335950034,574.0366821289062,11107948,0.0,0.0
2019-06-14 00:00:00+05:30,573.6258063646881,577.3827449370204,569.4110023691194,571.7825927734375,11956920,0.0,0.0
2019-06-17 00:00:00+05:30,571.7591167421601,572.9096563052752,567.6030147099586,568.7066040039062,12810020,0.0,0.0
2019-06-18 00:00:00+05:30,567.7672930038977,571.0546139724894,564.4799720353061,567.5911865234375,12419652,0.0,0.0
2019-06-19 00:00:00+05:30,569.8806172147409,574.0836692937438,567.462076554043,570.1976318359375,10744276,0.0,0.0
2019-06-20 00:00:00+05:30,573.7417012699987,575.7853973957396,570.4930146823125,573.2691650390625,11171492,3.75,0.0
2019-06-21 00:00:00+05:30,573.1863512929027,574.0605316359238,568.3782728823338,570.3983764648438,13250260,0.0,0.0
2019-06-24 00:00:00+05:30,569.8667543866836,574.2731884591333,569.4060431911678,571.2843627929688,6915000,0.0,0.0
2019-06-25 00:00:00+05:30,571.7334026797203,576.8485841311103,567.7522619975663,573.8243408203125,8899800,0.0,0.0
2019-06-26 00:00:00+05:30,572.879228543472,583.5821845991668,572.2413162344866,583.0859985351562,10533636,0.0,0.0
2019-06-27 00:00:00+05:30,583.2869183180919,589.3708223775111,580.3099169479973,581.7630004882812,19879236,0.0,0.0
2019-06-28 00:00:00+05:30,582.1645556265985,584.7635045356458,575.79714233596,577.380126953125,12756844,0.0,0.0
2019-07-01 00:00:00+05:30,580.2743706224641,588.0712168075379,578.8685871650154,587.256103515625,8524160,0.0,0.0
2019-07-02 00:00:00+05:30,587.8350149517786,590.0795618336282,582.9206270844641,589.4888916015625,7246828,0.0,0.0
2019-07-03 00:00:00+05:30,590.4339220646493,591.4498863282184,586.6536328477488,588.2247924804688,7463256,0.0,0.0
2019-07-04 00:00:00+05:30,589.4416001706891,590.1739965875495,584.0546765687225,586.8426513671875,7993964,0.0,0.0
2019-07-05 00:00:00+05:30,587.1498206429052,589.4770265894634,581.2194688430377,584.149169921875,7583060,0.0,0.0
2019-07-08 00:00:00+05:30,584.6571846197711,584.6690095602119,566.3464085538394,569.3115844726562,14607140,0.0,0.0
2019-07-09 00:00:00+05:30,567.9529936367715,569.5950451014382,560.6641009828837,562.1171264648438,16482688,0.0,0.0
2019-07-10 00:00:00+05:30,562.02281673637,566.5709782590922,559.0694650982389,564.385498046875,11569148,0.0,0.0
2019-07-11 00:00:00+05:30,567.7522375205458,570.351186589512,566.0156439332255,568.7327270507812,9097596,0.0,0.0
2019-07-12 00:00:00+05:30,571.2962570473821,571.2962570473821,563.5112348081819,565.6021728515625,8976272,0.0,0.0
2019-07-15 00:00:00+05:30,566.0983746794747,567.7522514001575,561.6919976324263,565.8030395507812,8233184,0.0,0.0
2019-07-16 00:00:00+05:30,571.2962913331199,571.2962913331199,562.7906393529743,564.9642944335938,12770568,0.0,0.0
2019-07-17 00:00:00+05:30,565.377711569128,569.7841460349224,564.9878922956555,566.44091796875,7759736,0.0,0.0
2019-07-18 00:00:00+05:30,567.7521567409397,573.8951263935674,567.4922387979677,569.8549194335938,10802584,0.0,0.0
2019-07-19 00:00:00+05:30,570.5874559202653,571.9341725405675,559.2465872311668,561.290283203125,8939228,0.0,0.0
2019-07-22 00:00:00+05:30,554.0487088045575,555.1946321921998,538.9866170406809,542.7669067382812,22171296,0.0,0.0
2019-07-23 00:00:00+05:30,542.117157811594,542.117157811594,529.7249074491386,534.7928466796875,27802864,0.0,0.0
2019-07-24 00:00:00+05:30,533.197957873672,541.7626752650182,531.839416494355,538.90380859375,17363740,0.0,0.0
2019-07-25 00:00:00+05:30,539.8726344855927,547.0669869403489,538.7503609565746,540.1207275390625,19462008,0.0,0.0
2019-07-26 00:00:00+05:30,538.2659018799078,541.9162320000765,537.0019023235773,538.0532836914062,12829828,0.0,0.0
2019-07-29 00:00:00+05:30,537.1673729785956,537.1673729785956,525.2358334246715,530.2565307617188,9976492,0.0,0.0
2019-07-30 00:00:00+05:30,532.7845028235653,536.6120340567686,529.2168318602072,532.134765625,10394136,0.0,0.0
2019-07-31 00:00:00+05:30,529.2406024315069,535.6198418358152,527.8820607065153,531.9931030273438,13891840,0.0,0.0
2019-08-01 00:00:00+05:30,527.8372494263176,530.4182795371635,520.2361429210483,526.108642578125,18241676,1.25,0.0
2019-08-02 00:00:00+05:30,523.5512608464982,526.6295812404396,516.6842384292443,524.3445434570312,27825536,0.0,0.0
2019-08-05 00:00:00+05:30,520.24808536213,520.9466158530028,512.066843991872,516.0331420898438,19822440,0.0,0.0
2019-08-06 00:00:00+05:30,513.1323713379744,523.3737073141476,513.1323713379744,518.3655395507812,24890940,0.0,0.0
2019-08-07 00:00:00+05:30,518.5786614051232,521.4201883169321,512.658813672188,517.1578979492188,18750136,0.0,0.0
2019-08-08 00:00:00+05:30,520.4729823454337,531.1287076436796,516.9210739126851,528.7962646484375,19711600,0.0,0.0
2019-08-09 00:00:00+05:30,532.0759215559696,542.0212658841185,530.3710169476325,540.3637084960938,30436112,0.0,0.0
2019-08-13 00:00:00+05:30,538.3036693144148,538.3036693144148,521.5623495067682,525.7654418945312,15440068,0.0,0.0
2019-08-14 00:00:00+05:30,529.3290782043871,529.3290782043871,521.6688299760862,527.920166015625,14254052,0.0,0.0
2019-08-16 00:00:00+05:30,524.2617332329899,528.7608176645286,521.9174965746467,527.5057983398438,15247560,0.0,0.0
2019-08-19 00:00:00+05:30,530.0632306047687,530.8920093883812,521.3492021177242,522.5687255859375,8498200,0.0,0.0
2019-08-20 00:00:00+05:30,523.1369509309908,527.5294895678886,522.5686686656784,525.8245849609375,10270592,0.0,0.0
2019-08-21 00:00:00+05:30,526.8426875504603,530.7024394084053,524.3090045626948,527.0676879882812,10472712,0.0,0.0
2019-08-22 00:00:00+05:30,525.8838372395332,525.8838372395332,513.144311887837,514.813720703125,13992044,0.0,0.0
2019-08-23 00:00:00+05:30,511.71159769028765,515.5002999406553,506.6442315548242,512.1141357421875,20099616,0.0,0.0
2019-08-26 00:00:00+05:30,519.7389268106141,536.6104927967046,513.132399885729,534.2425537109375,25280244,0.0,0.0
2019-08-27 00:00:00+05:30,534.20707062032,538.2088646472811,530.442070507641,535.1423950195312,20660832,0.0,0.0
2019-08-28 00:00:00+05:30,532.7862596352718,534.526717874484,527.1861071861758,532.1942749023438,13662588,0.0,0.0
2019-08-29 00:00:00+05:30,531.8391831377588,533.6624848926344,525.753590511788,527.3282470703125,14783716,0.0,0.0
2019-08-30 00:00:00+05:30,528.879220259459,535.1542591387406,526.1560901797707,527.5650024414062,19233320,0.0,0.0
2019-09-03 00:00:00+05:30,525.6824862183307,525.9192801310417,520.0349282757688,523.5394897460938,11428676,0.0,0.0
2019-09-04 00:00:00+05:30,522.6041277551423,538.46931876538,520.7097765897407,532.2534790039062,15060704,0.0,0.0
2019-09-05 00:00:00+05:30,532.5495163172213,538.0904708192375,526.8664623414039,529.2698974609375,17296252,0.0,0.0
2019-09-06 00:00:00+05:30,527.576841740472,534.3491708225876,525.9903340748198,531.8154296875,12870004,0.0,0.0
2019-09-09 00:00:00+05:30,531.8391081769959,535.3673142208179,524.7589935745563,532.6915893554688,10643404,0.0,0.0
2019-09-11 00:00:00+05:30,538.4693261543216,538.4693261543216,530.6906234502475,533.0941162109375,15209116,0.0,0.0
2019-09-12 00:00:00+05:30,532.9520179463601,541.9738886400878,532.3481819405418,537.7234497070312,18132300,0.0,0.0
2019-09-13 00:00:00+05:30,533.0231058404166,536.9183542031692,529.944784927078,534.5504150390625,15371340,0.0,0.0
2019-09-16 00:00:00+05:30,533.2361536788251,535.781688072286,530.6551233252083,531.4010009765625,11030184,0.0,0.0
2019-09-17 00:00:00+05:30,532.2890491887324,532.4311486703564,520.4967577885434,523.63427734375,10656556,0.0,0.0
2019-09-18 00:00:00+05:30,525.043170335129,526.6651740003866,516.2107455576505,518.0458984375,12959884,0.0,0.0
2019-09-19 00:00:00+05:30,520.8992101477138,524.2853743327779,513.3691528927131,521.44384765625,10623310,0.0,2.0
2019-09-20 00:00:00+05:30,524.7353317954808,572.9939447204633,523.504014961774,568.115966796875,46150034,0.0,0.0
2019-09-23 00:00:00+05:30,596.5075490128261,607.4710605618943,582.0394182977014,595.4182739257812,41920410,0.0,0.0
2019-09-24 00:00:00+05:30,591.9848278621729,597.644179692128,581.3528034781756,593.7844848632812,23379048,0.0,0.0
2019-09-25 00:00:00+05:30,591.9373190161408,591.9373190161408,582.5602587787004,587.106689453125,15608976,0.0,0.0
2019-09-26 00:00:00+05:30,587.1541364469159,603.8244027151188,585.5202239647298,588.4328002929688,30671560,0.0,0.0
2019-09-27 00:00:00+05:30,591.1560299788491,593.6423661754355,586.1123078464277,589.2379760742188,14873170,0.0,0.0
2019-09-30 00:00:00+05:30,581.9447487061157,587.2489092784182,576.119595271932,581.3053588867188,18218458,0.0,0.0
2019-10-01 00:00:00+05:30,583.2233511515449,594.352663983101,578.2980266766547,591.4164428710938,18768352,0.0,0.0
2019-10-03 00:00:00+05:30,587.225229523867,589.0485889890971,576.0485678633604,579.4584350585938,16298876,0.0,0.0
2019-10-04 00:00:00+05:30,585.6624129373488,587.0594739386505,561.3436889554499,563.4274291992188,18403632,0.0,0.0
2019-10-07 00:00:00+05:30,568.8737121149742,577.7061372321348,559.3783102451832,562.1014404296875,22513220,0.0,0.0
2019-10-09 00:00:00+05:30,566.9319171964065,582.4656194313956,563.5694555364996,581.6368408203125,17427270,0.0,0.0
2019-10-10 00:00:00+05:30,578.6295355772916,580.5948784892994,566.9792306884968,568.5657958984375,11556858,0.0,0.0
2019-10-11 00:00:00+05:30,574.6514924334763,579.6715119387164,563.0722351431893,567.7371215820312,17186318,0.0,0.0
2019-10-14 00:00:00+05:30,572.5676524827331,577.7297710855158,567.0740455430332,570.38916015625,12267802,0.0,0.0
2019-10-15 00:00:00+05:30,571.6205108558286,580.145091796512,571.54946111912,579.2216186523438,8400374,0.0,0.0
2019-10-16 00:00:00+05:30,583.2944705036012,584.8809781939891,573.0886295005874,578.298095703125,10586816,0.0,0.0
2019-10-17 00:00:00+05:30,581.329008008613,582.4419277448391,574.5093323198743,577.777099609375,12243614,0.0,0.0
2019-10-18 00:00:00+05:30,580.358229690361,584.3363793435877,577.9429431258723,582.0394897460938,11233806,0.0,0.0
2019-10-22 00:00:00+05:30,595.2999008800527,595.2999008800527,583.744346293607,586.9174194335938,20006228,0.0,0.0
2019-10-23 00:00:00+05:30,590.492927708308,591.8663438692063,583.9337483422535,588.006591796875,10190214,0.0,0.0
2019-10-24 00:00:00+05:30,591.0375617301415,593.9501381999078,580.7843745177332,585.40185546875,13107494,0.0,0.0
2019-10-25 00:00:00+05:30,587.2489562938619,590.4930216273137,577.7771989342834,582.0394897460938,12993542,0.0,0.0
2019-10-27 00:00:00+05:30,587.2251795017689,588.1487104141279,584.8809429761882,586.1596069335938,1750082,0.0,0.0
2019-10-29 00:00:00+05:30,586.3016553422095,595.4655670682729,586.1595558877563,588.4328002929688,14232568,0.0,0.0
2019-10-30 00:00:00+05:30,590.516628932025,597.9992813530005,588.6696249825086,591.2033081054688,12011366,0.0,0.0
2019-10-31 00:00:00+05:30,595.631262708051,598.5675413098636,581.1394897854991,582.6786499023438,13217706,0.0,0.0
2019-11-01 00:00:00+05:30,586.7752317027432,589.0247735514826,581.3763197035677,587.2725219726562,11512260,0.0,0.0
2019-11-04 00:00:00+05:30,590.3035115605496,591.9847714358326,582.0631297909731,585.757080078125,9935176,0.0,0.0
2019-11-05 00:00:00+05:30,587.7224666692404,589.5221234546789,582.0631155174988,587.0120849609375,12367810,0.0,0.0
2019-11-06 00:00:00+05:30,588.4091734331271,596.2470751063895,581.5895549626913,595.1341552734375,12130336,0.0,0.0
2019-11-07 00:00:00+05:30,597.194175506147,601.3143659637454,591.9847100576397,598.4728393554688,16963034,0.0,0.0
2019-11-08 00:00:00+05:30,596.2470509314959,600.0357533996864,592.6714398527363,594.6368408203125,13251496,0.0,0.0
2019-11-11 00:00:00+05:30,593.1924059296649,600.7461080104378,592.2215278415865,598.9701538085938,14286610,0.0,0.0
2019-11-13 00:00:00+05:30,597.6441038503623,601.4565087824031,593.6896572642707,595.5603637695312,9293496,0.0,0.0
2019-11-14 00:00:00+05:30,598.5202419214672,604.7715773095834,595.3945164164026,603.303466796875,11055218,0.0,0.0
2019-11-15 00:00:00+05:30,608.0157003310413,608.5603378765574,601.9774557334334,605.1978759765625,9279012,0.0,0.0
2019-11-18 00:00:00+05:30,604.7717048271187,605.931971974306,596.1050237556977,597.6915893554688,9130292,0.0,0.0
2019-11-19 00:00:00+05:30,599.230655382196,603.8244338328341,597.2415519723761,602.3563232421875,10570578,0.0,0.0
2019-11-20 00:00:00+05:30,602.8772856129011,607.5894612252192,600.0357587364853,603.0430297851562,11054258,0.0,0.0
2019-11-21 00:00:00+05:30,601.5748812350528,609.5074765987112,600.6750528853315,607.7788696289062,12019526,0.0,0.0
2019-11-22 00:00:00+05:30,607.9209745480895,607.9209745480895,597.6677873939082,598.9701538085938,7688010,0.0,0.0
2019-11-25 00:00:00+05:30,598.6860050379559,605.9555659156172,598.6860050379559,601.9774169921875,7893556,0.0,0.0
2019-11-26 00:00:00+05:30,605.4582967944868,606.0739840558495,600.0120371213927,603.84814453125,8716002,0.0,0.0
2019-11-27 00:00:00+05:30,604.2980091100126,608.9154899789958,602.0247646347251,605.4346313476562,9580666,0.0,0.0
2019-11-28 00:00:00+05:30,606.2871871624149,607.636958883281,597.6679107811053,599.2307739257812,12366040,0.0,0.0
2019-11-29 00:00:00+05:30,600.3672694795663,606.1450756971117,592.9319636666191,603.80078125,15567626,0.0,0.0
2019-12-02 00:00:00+05:30,603.3271222125159,603.3271222125159,596.05756143599,599.4437255859375,8946204,0.0,0.0
2019-12-03 00:00:00+05:30,600.6040648502295,600.9829582398772,593.784446324688,594.5421752929688,6991906,0.0,0.0
2019-12-04 00:00:00+05:30,593.1687734559762,595.2525715277253,584.5020928032309,592.7662353515625,11395614,0.0,0.0
2019-12-05 00:00:00+05:30,594.636817843651,596.12863094506,587.6040507210195,589.9009399414062,12772494,0.0,0.0
2019-12-06 00:00:00+05:30,591.4874941935019,596.7206628132138,586.3964250464844,590.1141357421875,13774650,0.0,0.0
2019-12-09 00:00:00+05:30,591.7479582844493,591.913702452859,586.088607177962,588.6459350585938,8265350,0.0,0.0
2019-12-10 00:00:00+05:30,592.4583064671181,593.713325632947,589.6641270326895,591.7479248046875,9788900,0.0,0.0
2019-12-11 00:00:00+05:30,592.0320931939212,593.8790971635698,588.4328375005865,591.3927612304688,11054642,0.0,0.0
2019-12-12 00:00:00+05:30,593.4055179530598,601.19601419843,593.4055179530598,598.425537109375,12913148,0.0,0.0
2019-12-13 00:00:00+05:30,599.0886439498142,602.5695031647103,596.3655137500424,598.5440063476562,11775186,0.0,0.0
2019-12-16 00:00:00+05:30,601.1013438583927,601.4565347253566,591.1322970678702,595.4656372070312,11327576,0.0,0.0
2019-12-17 00:00:00+05:30,596.720604184195,603.7297264688573,594.5184094398851,601.9774169921875,12427354,0.0,0.0
2019-12-18 00:00:00+05:30,607.6131642399483,615.1905692499555,603.1851297494278,612.0411987304688,17447172,0.0,0.0
2019-12-19 00:00:00+05:30,618.0320846573876,618.2688785595552,609.0812635932508,610.3599853515625,13018376,0.0,0.0
2019-12-20 00:00:00+05:30,610.33631822104,615.4747346337728,606.2161272088615,614.101318359375,15026044,0.0,0.0
2019-12-23 00:00:00+05:30,615.1905711182808,617.5585101910995,610.3599985341358,616.80078125,10195782,0.0,0.0
2019-12-24 00:00:00+05:30,615.0011386627299,616.1851082265389,609.4838289331773,610.5257568359375,7179208,0.0,0.0
2019-12-26 00:00:00+05:30,610.7861821418609,611.8044075067481,598.9228420576536,601.6696166992188,14949758,0.0,0.0
2019-12-27 00:00:00+05:30,602.4036385569852,605.7187529201134,601.456463024663,603.8244018554688,7092992,0.0,0.0
2019-12-30 00:00:00+05:30,607.1396436173409,610.3363617097099,603.3746432107359,607.210693359375,9334190,0.0,0.0
2019-12-31 00:00:00+05:30,607.1158167272321,607.1158167272321,600.8171340925469,602.4509887695312,8357056,0.0,0.0
2020-01-01 00:00:00+05:30,604.345388393747,606.1923924015477,601.7406554576465,605.5293579101562,3673698,0.0,0.0
2020-01-02 00:00:00+05:30,605.7187936863252,609.981083868637,605.7187936863252,609.3890991210938,6137166,0.0,0.0
2020-01-03 00:00:00+05:30,607.2342686142049,608.5603376104458,598.4255468849254,600.6987915039062,10855550,0.0,0.0
2020-01-06 00:00:00+05:30,596.720600771484,597.5730818969894,585.3544940901224,587.69873046875,10890186,0.0,0.0
2020-01-07 00:00:00+05:30,596.1997455707353,602.143238298382,593.0503748607391,597.0048217773438,14724494,0.0,0.0
2020-01-08 00:00:00+05:30,590.5402151248385,597.7387835308269,587.2725059352362,595.44189453125,11332110,0.0,0.0
2020-01-09 00:00:00+05:30,599.0887157068504,604.2034883408525,598.1888871012912,602.1196899414062,9546316,0.0,0.0
2020-01-10 00:00:00+05:30,608.1341038414974,609.4601728526172,603.871813491343,607.4710693359375,9214580,0.0,0.0
2020-01-13 00:00:00+05:30,607.4710726189669,614.0066076489296,604.2980573544421,609.033935546875,7451568,0.0,0.0
2020-01-14 00:00:00+05:30,610.4546733854722,612.1359331976332,605.0084136927392,610.6914672851562,7886290,0.0,0.0
2020-01-15 00:00:00+05:30,609.2233033667563,609.9573297049485,603.3981508197825,608.205078125,11787448,0.0,0.0
2020-01-16 00:00:00+05:30,607.16334918936,611.4019374828233,605.8846272593686,609.8154296875,7150400,0.0,0.0
2020-01-17 00:00:00+05:30,607.0211887708494,608.513001967246,602.3563603023184,605.3162841796875,16918814,0.0,0.0
2020-01-20 00:00:00+05:30,617.9610470531414,617.9610470531414,593.1687365718038,594.3053588867188,22178450,0.0,0.0
2020-01-21 00:00:00+05:30,591.9848038717975,591.9848038717975,586.4911964540704,589.3090209960938,14984804,0.0,0.0
2020-01-22 00:00:00+05:30,591.0612951746068,594.3527073618872,584.5968099426914,587.6514282226562,18368310,0.0,0.0
2020-01-23 00:00:00+05:30,587.2488262432006,590.49289085823,582.9865363753064,589.5457153320312,11508920,0.0,0.0
2020-01-24 00:00:00+05:30,590.0904878830103,593.8791908549719,586.8227200074896,589.40380859375,11831756,0.0,0.0
2020-01-27 00:00:00+05:30,584.8810010611223,584.8810010611223,573.8700834298097,574.5567626953125,18888552,0.0,0.0
2020-01-28 00:00:00+05:30,577.2088623646235,581.4711527758164,574.5804268199824,579.2926025390625,13412158,0.0,0.0
2020-01-29 00:00:00+05:30,580.2871913795456,588.1960850182678,578.8427253732511,585.2835083007812,13788350,0.0,0.0
2020-01-30 00:00:00+05:30,586.7516319136959,586.7516319136959,576.4510963819321,580.6423950195312,12111984,0.0,0.0
2020-01-31 00:00:00+05:30,583.1997343998446,586.2070634943107,577.8955736075096,580.7608032226562,11178268,0.0,0.0
2020-02-03 00:00:00+05:30,566.8846757962867,567.3345611447334,557.7444068549465,564.8956298828125,13077010,0.0,0.0
2020-02-04 00:00:00+05:30,567.3581594243379,584.4073194738172,567.3581594243379,582.4182739257812,20897704,0.0,0.0
2020-02-05 00:00:00+05:30,584.8335688880729,591.0375573266558,581.234313274247,589.4510498046875,18020682,0.0,0.0
2020-02-06 00:00:00+05:30,589.4510640616896,591.3690599560683,585.9228002816666,587.1541748046875,11827550,0.0,0.0
2020-02-07 00:00:00+05:30,590.0903671169963,590.5639548915685,583.2706916009547,588.2907104492188,6815448,0.0,0.0
2020-02-10 00:00:00+05:30,588.6460138398753,588.6460138398753,580.6424251679804,587.3910522460938,9219834,0.0,0.0
2020-02-11 00:00:00+05:30,588.8116806131641,594.3526342382339,586.3253448922471,587.532958984375,11613520,0.0,0.0
2020-02-12 00:00:00+05:30,589.7115734966399,593.3582346641225,589.1669937125963,591.51123046875,6297930,0.0,0.0
2020-02-13 00:00:00+05:30,596.6733008644125,596.6733008644125,584.2179181807978,587.9119262695312,9112140,0.0,0.0
2020-02-14 00:00:00+05:30,588.7642950823292,591.2269861835692,575.4091430350544,577.46923828125,14688858,0.0,0.0
2020-02-17 00:00:00+05:30,580.1450820402947,583.9337846168844,575.1487073930117,576.4274291992188,10152690,0.0,0.0
2020-02-18 00:00:00+05:30,576.3089902877083,577.06671918566,569.9629023717208,574.5803833007812,10529116,0.0,0.0
2020-02-19 00:00:00+05:30,578.9611110497709,582.513019706518,574.8882673522369,581.1869506835938,10012268,0.0,0.0
2020-02-20 00:00:00+05:30,582.5130422467998,582.5130422467998,574.9829840409186,576.4037475585938,11123414,0.0,0.0
2020-02-24 00:00:00+05:30,572.5439902897593,575.2908228585611,568.3054022887617,573.017578125,16568084,0.0,0.0
2020-02-25 00:00:00+05:30,570.1997004329769,572.5676393882633,567.3581736866331,568.4474487304688,13886680,0.0,0.0
2020-02-26 00:00:00+05:30,567.1214166243225,570.5312258169903,561.5094124980089,567.9501953125,13814786,0.0,0.0
2020-02-27 00:00:00+05:30,565.9374182644348,569.489326747266,559.3071890964833,568.0448608398438,20655098,0.0,0.0
2020-02-28 00:00:00+05:30,556.7024777583055,561.201562010712,554.1450919894718,557.720703125,24313056,0.0,0.0
2020-03-02 00:00:00+05:30,568.4000001906555,568.8499432443219,552.2743718262025,558.6441040039062,14664898,0.0,0.0
2020-03-03 00:00:00+05:30,556.4657973314758,561.367420664914,553.150681943118,559.6862182617188,22369550,0.0,0.0
2020-03-04 00:00:00+05:30,558.0522632691465,558.8336948283562,536.6224118361099,544.0814208984375,34288870,0.0,0.0
2020-03-05 00:00:00+05:30,546.0466901593843,551.7297433093519,541.192415593787,545.2652587890625,19549708,0.0,0.0
2020-03-06 00:00:00+05:30,532.786261814301,540.316319210145,521.4201548955959,537.4747924804688,23053566,0.0,0.0
2020-03-09 00:00:00+05:30,525.6825337487523,529.66068340419,504.371079677857,524.4038696289062,34420590,0.0,0.0
2020-03-11 00:00:00+05:30,523.3144603666055,530.4182765706771,517.1578196564101,527.4820556640625,35538240,0.0,0.0
2020-03-12 00:00:00+05:30,509.10687137657914,511.4748103132144,475.2216709744296,483.6752014160156,59000770,0.0,0.0
2020-03-13 00:00:00+05:30,464.13972221452224,512.1615082677355,435.32191586076743,506.6442565917969,66342364,0.0,0.0
2020-03-16 00:00:00+05:30,490.1633803351871,491.1105559493614,471.2198680517016,473.35101318359375,31986322,0.0,0.0
2020-03-17 00:00:00+05:30,477.3764904665349,478.32366604285744,452.1342671386415,461.7954406738281,42676838,0.0,0.0
2020-03-18 00:00:00+05:30,466.484052312466,470.2727552754099,409.65350786830777,415.2892150878906,61181406,0.0,0.0
2020-03-19 00:00:00+05:30,401.12886944187676,435.67710547774163,376.502303667405,424.1215515136719,67220048,0.0,0.0
2020-03-20 00:00:00+05:30,414.3893720565236,433.143439503964,390.49685905227716,418.1070251464844,88637464,0.0,0.0
2020-03-23 00:00:00+05:30,376.31286067374276,397.2217739590976,362.294673119177,365.39666748046875,50276954,0.0,0.0
2020-03-24 00:00:00+05:30,376.62070252521124,383.6061226600706,349.86299150015697,363.5733642578125,61057272,0.0,0.0
2020-03-25 00:00:00+05:30,364.87574495834104,410.81376390855485,357.67720424895873,405.7463684082031,47228042,0.0,0.0
2020-03-26 00:00:00+05:30,412.0687177171039,444.08326913612314,398.2873248177175,426.74993896484375,57043156,0.0,0.0
2020-03-27 00:00:00+05:30,447.51682439119236,468.2126182809355,413.0159337363424,428.3365173339844,55235936,0.0,0.0
2020-03-30 00:00:00+05:30,416.75727302870723,420.0723877005265,392.13070689519276,393.85931396484375,39268444,0.0,0.0
2020-03-31 00:00:00+05:30,404.3492547580676,413.72628734505696,396.8665733565511,408.1853332519531,35211092,0.0,0.0
2020-04-01 00:00:00+05:30,409.10878816730605,409.10878816730605,388.3419757807446,392.912109375,29103504,0.0,0.0
2020-04-03 00:00:00+05:30,399.2345401473123,399.70812797666855,383.6061417785563,385.429443359375,34996280,0.0,0.0
2020-04-07 00:00:00+05:30,413.91576991550437,429.686239120886,400.3474668108766,424.3820495605469,60412638,0.0,0.0
2020-04-08 00:00:00+05:30,416.73361219107665,447.5404944115309,410.1744034746511,420.97222900390625,56219352,0.0,0.0
2020-04-09 00:00:00+05:30,432.38564965509744,440.86288260703225,421.4931305509712,438.0923767089844,44457146,0.0,0.0
2020-04-13 00:00:00+05:30,442.33103680896863,448.3456080798709,419.6935441323949,424.02685546875,34158056,0.0,0.0
2020-04-15 00:00:00+05:30,440.6734653560616,440.6734653560616,399.23453121457277,408.8483581542969,57978752,0.0,0.0
2020-04-16 00:00:00+05:30,409.6534651387446,421.8246779187658,405.50957170526016,416.6388854980469,53854396,0.0,0.0
2020-04-17 00:00:00+05:30,433.33283252946575,435.7007715050366,420.1907712150475,431.1069641113281,55883462,0.0,0.0
2020-04-20 00:00:00+05:30,450.38202863591187,455.0942333496393,442.8046233171163,447.4694519042969,66232986,0.0,0.0
2020-04-21 00:00:00+05:30,438.06874645123276,442.33103695724475,430.0177532732101,436.48223876953125,33178006,0.0,0.0
2020-04-22 00:00:00+05:30,435.29826921581855,441.8574491550055,429.68623603919485,439.7736511230469,38289354,0.0,0.0
2020-04-23 00:00:00+05:30,442.8046029436081,453.93391649352765,432.1725508137539,452.252685546875,40901222,0.0,0.0
2020-04-24 00:00:00+05:30,441.8574412172651,453.8865835478693,438.54232643857176,444.2490539550781,33284568,0.0,0.0
2020-04-27 00:00:00+05:30,447.61152351828474,453.4129741043949,438.684376089416,440.2945861816406,27421072,0.0,0.0
2020-04-28 00:00:00+05:30,446.9721724701217,446.9721724701217,436.6479639199274,441.0997009277344,29441436,0.0,0.0
2020-04-29 00:00:00+05:30,442.80460969418954,470.1306325655098,442.3783690959177,462.7426452636719,55877778,0.0,0.0
2020-04-30 00:00:00+05:30,474.2508593129951,482.5859934672033,469.84646941798604,474.4402770996094,43793134,0.0,0.0
2020-05-04 00:00:00+05:30,453.46029940819045,454.64426885834234,434.5167882057595,437.12152099609375,26722324,0.0,0.0
2020-05-05 00:00:00+05:30,444.22539319611195,447.06692023148156,430.0414316301239,431.6516418457031,29672858,0.0,0.0
2020-05-06 00:00:00+05:30,435.2271743419148,449.9083956744494,428.90478897542823,448.2034912109375,33785846,0.0,0.0
2020-05-07 00:00:00+05:30,445.4093366633235,446.7353767542662,436.34011851196357,438.0687255859375,21831730,0.0,0.0
2020-05-08 00:00:00+05:30,446.11975432207817,447.0432564098975,438.16348422991985,439.9867858886719,20807484,0.0,0.0
2020-05-11 00:00:00+05:30,443.75176755695486,451.8027601380309,432.8592481825579,433.7117004394531,28550784,0.0,0.0
2020-05-12 00:00:00+05:30,426.7026367214937,430.680786073331,412.5423489795209,426.9631042480469,49568418,0.0,0.0
2020-05-13 00:00:00+05:30,450.38205651329616,454.6443472689425,436.6953557468504,439.32379150390625,44346966,0.0,0.0
2020-05-14 00:00:00+05:30,425.28184412084346,431.43848551680225,421.4931417233304,423.24542236328125,39554890,0.0,0.0
2020-05-15 00:00:00+05:30,421.7299547295974,422.6297831519755,414.38934350185036,420.6170349121094,24349628,0.0,0.0
2020-05-18 00:00:00+05:30,420.54601998851155,420.54601998851155,393.69358252571084,396.227294921875,46649964,0.0,0.0
2020-05-19 00:00:00+05:30,407.6880715158529,410.7427187976263,391.23089443858925,393.3857421875,47460692,0.0,0.0
2020-05-20 00:00:00+05:30,396.1325084429772,409.1798461352874,394.1197603572423,405.9120788574219,40014306,0.0,0.0
2020-05-21 00:00:00+05:30,407.9722160774846,418.6516151860271,403.6388761454271,407.0723876953125,48478908,0.0,0.0
2020-05-22 00:00:00+05:30,402.54965032024086,412.16347736443464,394.52233092393,397.2691345214844,42047432,0.0,0.0
2020-05-26 00:00:00+05:30,405.8647410781913,412.8501610675768,401.9576417620944,403.6862487792969,38005152,0.0,0.0
2020-05-27 00:00:00+05:30,407.23817464619043,430.87018932741387,405.93580815185277,427.9576416015625,56025754,0.0,0.0
2020-05-28 00:00:00+05:30,435.7008120888158,449.908447265625,432.83561144259414,447.6589050292969,75488806,0.0,0.0
2020-05-29 00:00:00+05:30,447.0669218258737,452.2763880759633,437.334697476126,450.68988037109375,53025166,0.0,0.0
2020-06-01 00:00:00+05:30,461.7481162931512,471.21987252480557,457.53317320786255,467.739013671875,39190230,0.0,0.0
2020-06-02 00:00:00+05:30,467.28907133285867,475.9557219818755,461.84281182759344,474.0613708496094,41623594,0.0,0.0
2020-06-03 00:00:00+05:30,483.0595190841663,495.4911978841265,480.90470053994056,484.1250915527344,50546088,0.0,0.0
2020-06-04 00:00:00+05:30,486.8720012429039,492.03406244167826,469.3728958968145,474.3929443359375,54275882,0.0,0.0
2020-06-05 00:00:00+05:30,475.0558969523371,493.6679200813478,474.91382639752493,489.3819274902344,35195984,0.0,0.0
2020-06-08 00:00:00+05:30,502.0030693611453,505.15243980188677,476.6187747745198,481.11785888671875,49812664,0.0,0.0
2020-06-09 00:00:00+05:30,483.05956946011673,486.25628719919104,463.9029366352295,467.5732421875,61844146,0.0,0.0
2020-06-10 00:00:00+05:30,468.85199289620545,473.51682186938297,463.26366179228194,469.7281188964844,36497730,0.0,0.0
2020-06-11 00:00:00+05:30,466.4839840683493,468.0941941542392,457.0122280466569,458.7171325683594,30897714,0.0,0.0
2020-06-12 00:00:00+05:30,439.4894935687484,467.2654305596224,439.4894935687484,465.4184265136719,42644876,0.0,0.0
2020-06-15 00:00:00+05:30,458.43300217923496,461.27452905224675,446.5933068750192,449.8373718261719,32009936,0.0,0.0
2020-06-16 00:00:00+05:30,461.7481479922552,470.7226434189499,450.85562757807895,469.0414123535156,45399970,0.0,0.0
2020-06-17 00:00:00+05:30,468.37837623983796,473.0669074428646,460.9193677203461,463.7608947753906,36957838,0.0,0.0
2020-06-18 00:00:00+05:30,464.11607935701215,485.3801847591436,460.3273766683835,483.0359191894531,40870126,0.0,0.0
2020-06-19 00:00:00+05:30,482.08869292333486,493.9520611909721,479.34188954345046,489.3819274902344,47877752,0.0,0.0
2020-06-22 00:00:00+05:30,492.27085798296577,495.3491789480895,484.85922561793393,487.2034912109375,29694474,0.0,0.0
2020-06-23 00:00:00+05:30,492.0577425460753,494.89926945201995,481.4256902585646,493.62060546875,28830512,0.0,0.0
2020-06-24 00:00:00+05:30,496.5568363808547,500.81912682189204,487.81916410113365,488.97943115234375,39429246,0.0,0.0
2020-06-25 00:00:00+05:30,483.959426063741,496.79364498690006,476.9029556737925,487.2034912109375,70646790,0.0,0.0
2020-06-26 00:00:00+05:30,493.00495962302807,503.42389248729955,486.84831747595854,500.3218688964844,39969138,0.0,0.0
2020-06-29 00:00:00+05:30,491.1106481030861,512.7062445963306,491.1106481030861,509.6042785644531,46005956,0.0,0.0
2020-06-30 00:00:00+05:30,508.6332810624773,510.7881286085143,500.25080039283444,504.7735290527344,35746130,0.0,0.0
2020-07-01 00:00:00+05:30,504.77360897345386,519.0522945133749,502.6188188972583,513.6533813476562,34846718,0.0,0.0
2020-07-02 00:00:00+05:30,516.3528763862364,526.2745191114437,513.9375320069659,515.9266357421875,36954496,0.0,0.0
2020-07-03 00:00:00+05:30,517.6315213477282,518.9575904554594,506.73900077042003,508.6096496582031,27597254,0.0,0.0
2020-07-06 00:00:00+05:30,524.7114845950255,530.3708924638514,520.9464853931748,522.3672485351562,35558216,0.0,0.0
2020-07-07 00:00:00+05:30,525.3983071949202,526.4875244282308,517.6551583698904,523.3855590820312,24349850,0.0,0.0
2020-07-08 00:00:00+05:30,524.261758839365,532.7389930603082,523.3145831233048,525.8482666015625,30056350,0.0,0.0
2020-07-09 00:00:00+05:30,529.4711611519176,535.0121152953822,524.3800922946875,532.7625732421875,20114484,0.0,0.0
2020-07-10 00:00:00+05:30,529.4238245358104,530.4183473749359,520.7334997816465,523.3618774414062,17562978,0.0,0.0
2020-07-13 00:00:00+05:30,525.6350586043309,527.1031690763947,507.354582901169,511.5931701660156,29922114,0.0,0.0
2020-07-14 00:00:00+05:30,503.23438932485243,506.2180156165715,497.26719455242556,501.45843505859375,26612674,0.0,0.0
2020-07-15 00:00:00+05:30,506.8336709933505,511.0012670090253,497.3145672016317,498.759033203125,20974394,0.0,0.0
2020-07-16 00:00:00+05:30,498.9958112918797,504.6078153200504,489.7371464128929,503.21075439453125,23662456,0.0,0.0
2020-07-17 00:00:00+05:30,501.5532691619154,522.8410213166592,501.1980782506949,520.2125854492188,28405738,0.0,0.0
2020-07-20 00:00:00+05:30,537.5221058170345,545.9993382551166,532.3836902002798,536.5986328125,65124096,0.0,0.0
2020-07-21 00:00:00+05:30,545.5968039227769,548.3909254676531,537.0485217007565,539.203369140625,47512422,0.0,0.0
2020-07-22 00:00:00+05:30,539.1797630751033,542.021290153233,529.2581208183739,533.4256591796875,24718012,0.0,0.0
2020-07-23 00:00:00+05:30,532.7863031475329,541.7371246026141,528.6424096786076,535.3436889648438,20149122,0.0,0.0
2020-07-24 00:00:00+05:30,531.7917833346723,531.7917833346723,521.5385953018364,529.9921264648438,19598440,0.0,0.0
2020-07-27 00:00:00+05:30,520.8755685021828,522.3673817438901,509.27266655048254,511.2380676269531,37970094,0.0,0.0
2020-07-28 00:00:00+05:30,511.00112701457016,518.2943891384235,501.7661668878008,514.6240844726562,35596450,0.0,0.0
2020-07-29 00:00:00+05:30,511.9484313689292,515.5003400046988,499.89564452262283,504.18157958984375,33592086,0.0,0.0
2020-07-30 00:00:00+05:30,508.6333376902901,513.2034718863025,495.7043665966615,497.5750732421875,26956266,0.0,0.0
2020-07-31 00:00:00+05:30,500.9138114020133,500.9138114020133,483.08324741798464,489.12152099609375,37726696,0.0,0.0
2020-08-03 00:00:00+05:30,485.8774090184497,486.3509968464558,470.27271321005446,474.5350036621094,31783542,0.0,0.0
2020-08-04 00:00:00+05:30,477.3765621489812,502.5004212079156,475.0086228526073,493.31280517578125,60306168,0.0,0.0
2020-08-05 00:00:00+05:30,496.29630713217466,500.01401757537576,483.0595513733578,486.6351623535156,33221360,0.0,0.0
2020-08-06 00:00:00+05:30,491.11057166842573,499.63515246884197,486.0195025792882,492.8628234863281,33646888,0.0,0.0
2020-08-07 00:00:00+05:30,490.09232405100107,495.9411218281457,483.3436978902163,494.3546142578125,24836784,0.0,0.0
2020-08-10 00:00:00+05:30,494.4257025592764,503.89745931328554,494.3310081161424,497.5750732421875,22172854,0.0,0.0
2020-08-11 00:00:00+05:30,496.5568652203703,507.21259194183745,496.5568652203703,505.1524963378906,20136148,0.0,0.0
2020-08-12 00:00:00+05:30,504.37099731117087,504.8445851020734,496.32000486582825,503.75531005859375,20666432,0.0,0.0
2020-08-13 00:00:00+05:30,505.76810816309927,507.37831837353264,500.34555054567113,501.55322265625,19892740,0.0,0.0
2020-08-14 00:00:00+05:30,504.7972645640739,504.7972645640739,486.51678643130293,489.90289306640625,20924512,0.0,0.0
2020-08-17 00:00:00+05:30,495.8464969809538,495.8464969809538,483.15434792051843,489.0978698730469,19561012,0.0,0.0
2020-08-18 00:00:00+05:30,486.8482674681288,502.78450879716246,484.006740615202,500.34552001953125,24040824,0.0,0.0
2020-08-19 00:00:00+05:30,504.3710247176938,506.6442693619533,500.2271313221259,505.1287536621094,17715624,0.0,0.0
2020-08-20 00:00:00+05:30,499.61142626690406,506.24165546400184,498.2143653819199,501.52947998046875,19216734,0.0,0.0
2020-08-21 00:00:00+05:30,504.56048129086855,515.6424479794565,504.1815879057319,514.150634765625,28924302,0.0,0.0
2020-08-24 00:00:00+05:30,514.3163168895124,531.8153618213412,514.1505727326426,529.021240234375,36779740,0.0,0.0
2020-08-25 00:00:00+05:30,529.9447567762272,533.7334592375407,523.8828097137209,530.2762451171875,27601738,0.0,0.0
2020-08-26 00:00:00+05:30,530.8920595301944,535.9831296817997,525.4457984377793,529.6843872070312,25190062,0.0,0.0
2020-08-27 00:00:00+05:30,533.1651897600997,535.1068882558171,523.906524774149,526.677001953125,20645996,0.0,0.0
2020-08-28 00:00:00+05:30,526.6059266286294,532.7862704907259,518.5786366109733,527.8135986328125,38696610,0.0,0.0
2020-08-31 00:00:00+05:30,534.917488792034,544.0577576301962,521.2781352761166,528.4530029296875,38501166,0.0,0.0
2020-09-01 00:00:00+05:30,534.2070376515376,541.5949957589843,524.7352816648081,533.8755493164062,28877884,0.0,0.0
2020-09-02 00:00:00+05:30,532.3601087623225,539.4165795299666,530.7498984552532,537.1196899414062,19761682,0.0,0.0
2020-09-03 00:00:00+05:30,538.58777662407,542.7079677503818,534.207089058651,535.5805053710938,19833362,0.0,0.0
2020-09-04 00:00:00+05:30,525.6824633183799,532.9757270743686,523.0303831737506,530.0868530273438,23661370,0.0,0.0
2020-09-07 00:00:00+05:30,528.6660828453123,530.1815406768401,520.4729908029005,525.9192504882812,17615466,0.0,0.0
2020-09-08 00:00:00+05:30,527.576796599215,529.8500411093245,522.3673309236393,526.8427124023438,14624918,0.0,0.0
2020-09-09 00:00:00+05:30,521.4202077633379,525.6824982900137,516.8027263594391,519.2890625,15728872,0.0,0.0
2020-09-10 00:00:00+05:30,522.3673363118392,523.2434621677486,513.369168233938,516.47119140625,15188088,0.0,0.0
2020-09-11 00:00:00+05:30,519.2652766656342,523.2434254144251,507.2124912901903,510.83544921875,20794730,0.0,0.0
2020-09-14 00:00:00+05:30,515.2635327342759,518.1050595692076,498.3801158945213,501.0321960449219,21650590,0.0,0.0
2020-09-15 00:00:00+05:30,505.7917690286008,509.6515211503377,501.10323825911115,506.9757385253906,16505110,0.0,0.0
2020-09-16 00:00:00+05:30,506.83366198587436,519.0522508698061,505.9575360808241,517.9393310546875,18710112,0.0,0.0
2020-09-17 00:00:00+05:30,513.3692562824361,518.1051350304291,510.5277290336404,513.1798095703125,18318686,0.0,0.0
2020-09-18 00:00:00+05:30,517.1578690147392,517.2525634487629,495.94111280255106,500.7243957519531,23481778,0.0,0.0
2020-09-21 00:00:00+05:30,499.63509610317334,507.3782445611491,493.241661224128,496.9356689453125,19842878,0.0,0.0
2020-09-22 00:00:00+05:30,499.18529978006944,501.12699841594787,487.5586948598307,490.3528747558594,18620678,0.0,0.0
2020-09-23 00:00:00+05:30,495.37285897588924,499.63514934948677,489.8555493189743,495.96484375,16079828,0.0,0.0
2020-09-24 00:00:00+05:30,491.5841496133709,495.84643992793775,485.42750804788557,487.9848937988281,19809510,0.0,0.0
2020-09-25 00:00:00+05:30,497.2672473425153,498.19072053460155,485.73539464491853,494.42572021484375,20321544,0.0,0.0
2020-09-28 00:00:00+05:30,496.7699200515837,501.52950076111574,493.78635147587335,499.2562561035156,16152422,0.0,0.0
2020-09-29 00:00:00+05:30,501.0559067185484,506.69161326180074,497.74079202381324,503.21075439453125,12644446,0.0,0.0
2020-09-30 00:00:00+05:30,502.0030764299831,514.7426000261162,498.2143739663606,510.8117980957031,18813842,0.0,0.0
2020-10-01 00:00:00+05:30,516.2580935562258,525.6825031478362,516.2580935562258,524.238037109375,21203080,0.0,0.0
2020-10-05 00:00:00+05:30,526.6295730359726,536.1013279466915,526.1559852904367,527.7424926757812,16940126,0.0,0.0
2020-10-06 00:00:00+05:30,537.5458522321513,543.6787910802993,533.3545539789349,541.831787109375,19371990,0.0,0.0
2020-10-07 00:00:00+05:30,542.2107524263344,551.6588071080581,538.753537924245,550.427490234375,21248778,0.0,0.0
2020-10-08 00:00:00+05:30,558.8336375702047,569.7261576245393,550.9483886643206,564.4219970703125,35060674,0.0,0.0
2020-10-09 00:00:00+05:30,568.7789683314858,585.8281297469175,564.350933803847,584.1942749023438,44972388,0.0,0.0
2020-10-12 00:00:00+05:30,583.247069481048,588.5512296372209,570.9574315684628,574.7698364257812,19220546,0.0,0.0
2020-10-13 00:00:00+05:30,574.6514615247294,578.9373965283816,565.9374342386844,567.5712890625,18353952,0.0,0.0
2020-10-14 00:00:00+05:30,566.1980055233097,575.0777781551355,556.7025455312693,573.751708984375,22582918,0.0,0.0
2020-10-15 00:00:00+05:30,575.0303029100788,576.3563719189317,551.2562176775979,553.7425537109375,28246896,0.0,0.0
2020-10-16 00:00:00+05:30,558.8336455446905,569.9629596720636,555.5185306982389,567.99755859375,25822848,0.0,0.0
2020-10-19 00:00:00+05:30,584.8809468387893,584.8809468387893,564.8008120814739,569.9866333007812,42359556,0.0,0.0
2020-10-20 00:00:00+05:30,571.8572699084973,581.281678713912,571.0995409888332,579.6477661132812,27411978,0.0,0.0
2020-10-21 00:00:00+05:30,582.7972436328096,592.4584481138976,578.5822998657982,590.4219970703125,35640752,0.0,0.0
2020-10-22 00:00:00+05:30,587.2251180091838,591.9846981063613,579.1978286272638,584.0758056640625,21913060,0.0,0.0
2020-10-23 00:00:00+05:30,588.9064295975948,591.250666084375,583.0812765302468,585.2598266601562,15866230,0.0,0.0
2020-10-26 00:00:00+05:30,582.4182890828363,588.1960370144519,570.4838420510097,573.4674682617188,19571976,0.0,0.0
2020-10-27 00:00:00+05:30,580.6186781144091,585.3545564024548,567.2871691713575,583.9811401367188,24317780,0.0,0.0
2020-10-28 00:00:00+05:30,581.5658339559128,583.4601852065834,569.0157569202192,572.851806640625,16571186,0.0,0.0
2020-10-29 00:00:00+05:30,568.5895579548477,570.4128596049055,558.1232780908251,562.2434692382812,23060024,0.0,0.0
2020-10-30 00:00:00+05:30,560.0413047538221,567.973900810896,557.1050255565358,560.514892578125,11522716,0.0,0.0
2020-11-02 00:00:00+05:30,565.6295310832044,580.1450075276274,557.6495888683928,575.5275268554688,21926080,0.0,0.0
2020-11-03 00:00:00+05:30,580.8317175717145,592.3399239069427,580.3818322989872,591.0138549804688,28164230,0.0,0.0
2020-11-04 00:00:00+05:30,592.9318723599285,598.9938187800234,582.512941695457,595.4892578125,23404822,0.0,0.0
2020-11-05 00:00:00+05:30,599.562178822435,604.2980570121856,593.0976935312227,601.07763671875,21433928,0.0,0.0
2020-11-06 00:00:00+05:30,599.680503437227,620.3999680179802,599.3253126158427,619.2870483398438,35705724,0.0,0.0
2020-11-09 00:00:00+05:30,622.8627266687505,637.4255532777373,622.8627266687505,634.8682250976562,26288440,0.0,0.0
2020-11-10 00:00:00+05:30,642.6586806298552,660.6550180387974,640.0776500995573,660.0156860351562,41517356,0.0,0.0
2020-11-11 00:00:00+05:30,662.9756001906362,670.0320702645637,649.0521067328153,658.2633666992188,36116194,0.0,0.0
2020-11-12 00:00:00+05:30,652.3198464713761,657.6003619970146,644.0794071994167,649.620361328125,27053948,0.0,0.0
2020-11-13 00:00:00+05:30,648.2470477549742,648.2470477549742,637.9228098899588,643.5111694335938,22472480,0.0,0.0
2020-11-14 00:00:00+05:30,647.7735081094111,651.1596151122721,646.5421334054408,648.6732788085938,1835066,0.0,0.0
2020-11-17 00:00:00+05:30,656.298121836649,668.9902426165448,653.8354301192207,667.0248413085938,31059900,0.0,0.0
2020-11-18 00:00:00+05:30,664.4436392500219,672.0210435465297,662.5729906887243,667.14306640625,18862776,0.0,0.0
2020-11-19 00:00:00+05:30,658.14492720945,662.7624081519232,647.8680953131696,650.8753662109375,20266882,0.0,0.0
2020-11-20 00:00:00+05:30,650.070363791555,667.0011291667048,646.4711077495306,664.7515869140625,20405362,0.0,0.0
2020-11-23 00:00:00+05:30,670.1267175383426,674.2232634515739,651.3489502514798,660.4655151367188,25246636,0.0,0.0
2020-11-24 00:00:00+05:30,666.8116241633022,684.334372809639,663.9937998702551,681.1139526367188,40154400,0.0,0.0
2020-11-25 00:00:00+05:30,687.3180076712156,693.5219963829492,661.6021666174429,664.3489990234375,24152602,0.0,0.0
2020-11-26 00:00:00+05:30,670.1267335648304,678.1777261235598,656.8662752328055,675.64404296875,27943126,0.0,0.0
2020-11-27 00:00:00+05:30,678.0830833467495,684.8080074601961,670.3872810499112,682.3690185546875,17994580,0.0,0.0
2020-12-01 00:00:00+05:30,682.3690104462229,686.2287628068216,675.0994488482569,678.79345703125,17147574,0.0,0.0
2020-12-02 00:00:00+05:30,677.7041407514697,678.0830341152878,660.5602855423987,666.3143310546875,17892150,0.0,0.0
2020-12-03 00:00:00+05:30,676.7569055883777,678.1776688611315,650.7332814335067,652.2250366210938,37933222,0.0,0.0
2020-12-04 00:00:00+05:30,654.0248155752419,663.7096639052261,650.3782122840587,656.2033081054688,26912322,0.0,0.0
2020-12-07 00:00:00+05:30,651.1832258266534,653.527462315225,643.1795804342909,649.880859375,24316318,0.0,0.0
2020-12-08 00:00:00+05:30,651.1831409400736,657.7186748608189,646.5183132744489,651.798828125,19457896,0.0,0.0
2020-12-09 00:00:00+05:30,652.1304703281169,667.7825719160998,651.2069971437802,666.4328002929688,22069074,0.0,0.0
2020-12-10 00:00:00+05:30,662.075820300447,663.9701717176157,651.5384905424463,656.3217163085938,19727966,0.0,0.0
2020-12-11 00:00:00+05:30,658.3107699836195,660.6550065599108,650.2360745568154,654.8772583007812,21356384,0.0,0.0
2020-12-14 00:00:00+05:30,654.9719735588316,657.3399127257109,647.8681560581934,649.8335571289062,17222050,0.0,0.0
2020-12-15 00:00:00+05:30,653.9300987811489,660.631320326763,646.920975772821,658.9027709960938,21561436,0.0,0.0
2020-12-16 00:00:00+05:30,664.9172559333512,670.9792027585718,660.4181719366511,668.0902709960938,16832092,0.0,0.0
2020-12-17 00:00:00+05:30,671.831637116775,684.3343665170745,665.1540607427205,682.8189086914062,21924478,0.0,0.0
2020-12-18 00:00:00+05:30,679.5985574538313,681.824397200528,666.0066094291611,668.398193359375,22995918,0.0,0.0
2020-12-21 00:00:00+05:30,671.3107770346853,674.3180483184574,647.2524911424747,650.0703735351562,23761824,0.0,0.0
2020-12-22 00:00:00+05:30,655.8243980885657,655.8243980885657,636.9755808252437,650.2833862304688,22851558,0.0,0.0
2020-12-23 00:00:00+05:30,647.6313972886575,654.0011308688444,644.576778722014,651.4911499023438,15467394,0.0,0.0
2020-12-24 00:00:00+05:30,658.0029330191164,664.9173036746126,652.1304324501009,661.6495361328125,14952188,0.0,0.0
2020-12-28 00:00:00+05:30,665.3908677908984,672.9682726910083,664.9172799846416,669.1085205078125,11699194,0.0,0.0
2020-12-29 00:00:00+05:30,672.9919612810602,679.4800909681309,672.4946709703752,675.9044799804688,14495346,0.0,0.0
2020-12-30 00:00:00+05:30,681.9191122043819,681.9191122043819,669.1795883098822,678.41455078125,16216726,0.0,0.0
2020-12-31 00:00:00+05:30,679.5985460859396,683.8608366188828,674.8863702322585,680.2142333984375,22145750,0.0,0.0
2021-01-01 00:00:00+05:30,681.9664673920958,683.3872308658292,672.7788520330828,674.8863525390625,8810938,0.0,0.0
2021-01-04 00:00:00+05:30,681.0193356443933,681.0193356443933,662.549409295206,670.6004028320312,15740192,0.0,0.0
2021-01-05 00:00:00+05:30,672.1157552191057,677.5857172103831,667.2851829805555,675.6676635742188,14386824,0.0,0.0
2021-01-06 00:00:00+05:30,679.5984470762849,681.9663859162719,669.2268633949402,672.755126953125,22134050,0.0,0.0
2021-01-07 00:00:00+05:30,678.4146138096108,678.4619610337114,668.9665590663031,670.7188110351562,19894842,0.0,0.0
2021-01-08 00:00:00+05:30,678.1777681029891,682.9136463718647,673.962824881487,678.0120239257812,13768764,0.0,0.0
2021-01-11 00:00:00+05:30,686.7023588514919,693.758829135686,680.2142286543354,687.3890380859375,17331392,0.0,0.0
2021-01-12 00:00:00+05:30,687.8625898545131,704.5565601168332,686.276082257034,701.383544921875,20388156,0.0,0.0
2021-01-13 00:00:00+05:30,707.019262506273,708.9136137714456,692.4327346400382,696.48193359375,16934650,0.0,0.0
2021-01-14 00:00:00+05:30,696.7187145853906,704.6986575797872,689.5438477393617,695.5820922851562,12297166,0.0,0.0
2021-01-15 00:00:00+05:30,695.7478524799448,696.9555245413233,684.3343976182036,694.5875854492188,14165236,0.0,0.0
2021-01-18 00:00:00+05:30,696.1266554557428,711.7313489217837,694.75323939848,702.3779907226562,42825632,0.0,0.0
2021-01-19 00:00:00+05:30,706.4983186612751,715.8990251352752,694.7533178392471,712.2050170898438,17360254,0.0,0.0
2021-01-20 00:00:00+05:30,710.8553078986365,710.8553078986365,703.751490697784,706.593017578125,13346052,0.0,0.0
2021-01-21 00:00:00+05:30,706.5930138834698,707.7059336769149,695.2979561553767,698.4473266601562,26333054,0.0,0.0
2021-01-22 00:00:00+05:30,695.1795566696569,695.1795566696569,682.0374949646825,683.647705078125,15392364,0.0,0.0
2021-01-25 00:00:00+05:30,693.8534142547879,701.3834711862404,689.1412391764197,692.787841796875,20344718,0.0,0.0
2021-01-27 00:00:00+05:30,695.2268743824932,697.0738783221417,665.9354811895471,667.5693359375,23556276,0.0,0.0
2021-01-28 00:00:00+05:30,658.2397444156159,663.6386573049136,635.5548755229009,649.5020141601562,42704446,0.0,0.0
2021-01-29 00:00:00+05:30,658.9264028315245,667.1668424746923,646.2105814067206,658.5238647460938,28704502,0.0,0.0
2021-02-01 00:00:00+05:30,667.8772579391374,702.0939797162,663.496570375984,699.370849609375,26370544,0.0,0.0
2021-02-02 00:00:00+05:30,710.8553173311757,747.5583733559366,709.1504127425507,739.0574951171875,42420206,0.0,0.0
2021-02-03 00:00:00+05:30,747.7951369461741,749.0738008830458,730.2723883286894,745.8060913085938,20237254,0.0,0.0
2021-02-04 00:00:00+05:30,741.6384797696535,752.0574111584991,730.9590519716828,747.8424682617188,24484684,0.0,0.0
2021-02-05 00:00:00+05:30,733.1139377693545,766.3834817798823,733.1139377693545,756.6038818359375,27054716,0.0,0.0
2021-02-08 00:00:00+05:30,767.2122882010688,772.7295980086683,755.7040807536468,760.2268676757812,17447580,0.0,0.0
2021-02-09 00:00:00+05:30,762.4763521662492,771.0009325010271,751.4417333862714,763.3524780273438,18421366,0.0,0.0
2021-02-10 00:00:00+05:30,761.6950206892861,764.7733417696696,742.112174301666,749.0975952148438,19788006,0.0,0.0
2021-02-11 00:00:00+05:30,749.215885700542,756.6985959261269,740.7859998925289,744.645751953125,13648618,0.0,0.0
2021-02-12 00:00:00+05:30,745.3798525902982,754.1885741389179,744.9536120066047,749.1921997070312,9910106,0.0,0.0
2021-02-15 00:00:00+05:30,757.787912239673,769.5802613449466,756.1777019768093,765.6021118164062,10355244,0.0,0.0
2021-02-16 00:00:00+05:30,767.7805450141519,777.1576069056083,761.7423003535508,770.3616333007812,13897358,0.0,0.0
2021-02-17 00:00:00+05:30,767.2121748997891,768.0646559963026,749.6894276952878,751.3469848632812,12794426,0.0,0.0
2021-02-18 00:00:00+05:30,760.5583606487642,760.5583606487642,733.1139687293299,736.0975952148438,14720560,0.0,0.0
2021-02-19 00:00:00+05:30,731.6932277267678,740.7860913158588,726.0101735308317,728.8990478515625,17139508,0.0,0.0
2021-02-22 00:00:00+05:30,731.7168916782571,745.3798888586701,729.064753611122,733.1139526367188,29451838,0.0,0.0
2021-02-23 00:00:00+05:30,735.8370774568311,737.7077262268455,721.1085077743629,724.1868286132812,18239906,0.0,0.0
2021-02-24 00:00:00+05:30,722.9317831567051,764.3470135121918,718.0775081633502,760.7951049804688,14314332,0.0,0.0
2021-02-25 00:00:00+05:30,762.35805316966,774.9081313861508,758.687747276158,760.7715454101562,20109570,0.0,0.0
2021-02-26 00:00:00+05:30,751.6075036939108,752.4836295180887,720.3270079368773,726.673095703125,27912846,0.0,0.0
2021-03-01 00:00:00+05:30,740.6913483244873,744.7405472981088,729.6567290261943,738.2760620117188,13536018,0.0,0.0
2021-03-02 00:00:00+05:30,746.2322673582679,751.8206264779094,734.53467191637,742.6803588867188,16110038,0.0,0.0
2021-03-03 00:00:00+05:30,750.1630427382644,755.8460960923422,741.1648749276413,751.5127563476562,11222410,0.0,0.0
2021-03-04 00:00:00+05:30,733.3744250896104,744.0064482821596,728.8989856058892,735.031982421875,16291438,0.0,0.0
2021-03-05 00:00:00+05:30,725.0630043578303,731.9773754629191,720.3744730417781,724.5894165039062,17445822,0.0,0.0
2021-03-08 00:00:00+05:30,730.272425268386,736.4290669859535,716.3015844477521,719.61669921875,15117050,0.0,0.0
2021-03-09 00:00:00+05:30,731.6931703125,741.4964149068451,728.496452578125,739.98095703125,15066696,0.0,0.0
2021-03-10 00:00:00+05:30,744.4800426906737,745.9008061309231,735.0793361565595,736.7842407226562,11055016,0.0,0.0
2021-03-12 00:00:00+05:30,757.7404748656829,757.7404748656829,726.9809705885083,734.9845581054688,15631204,0.0,0.0
2021-03-15 00:00:00+05:30,733.303371388489,733.303371388489,717.6276265503748,723.9500122070312,12230386,0.0,0.0
2021-03-16 00:00:00+05:30,725.0155744712979,729.5146585706096,715.1175778906098,716.1358032226562,13722366,0.0,0.0
2021-03-17 00:00:00+05:30,721.8661411470307,728.8515605873579,705.7404548400427,708.179443359375,21064428,0.0,0.0
2021-03-18 00:00:00+05:30,715.9463931517981,720.8243708649012,701.4546172951518,706.1194458007812,18065540,0.0,0.0
2021-03-19 00:00:00+05:30,703.2779667365531,715.6859454495183,698.0922028335087,709.1978149414062,21235020,0.0,0.0
2021-03-22 00:00:00+05:30,707.9664315664949,707.9664315664949,691.6276520560606,695.7715454101562,14015632,0.0,0.0
2021-03-23 00:00:00+05:30,696.1741346833069,713.9099764186892,695.7478940590526,710.4528198242188,19761428,0.0,0.0
2021-03-24 00:00:00+05:30,706.0721372637486,713.4363936460627,696.6477274847226,700.3417358398438,16368900,0.0,0.0
2021-03-25 00:00:00+05:30,705.7406026954393,708.2743439839369,686.8207908973509,693.0247802734375,23964356,0.0,0.0
2021-03-26 00:00:00+05:30,707.5401384822288,709.9080773660381,698.0683829469915,706.261474609375,12021258,0.0,0.0
2021-03-30 00:00:00+05:30,713.5310828024924,740.0046528436594,711.1157965428214,735.8133544921875,25607644,0.0,0.0
2021-03-31 00:00:00+05:30,733.1139368392285,733.1139368392285,704.698667969491,707.3744506835938,30774506,0.0,0.0
2021-04-01 00:00:00+05:30,710.0975869218903,710.0975869218903,693.8061543963869,704.106689453125,35763762,0.0,0.0
2021-04-05 00:00:00+05:30,700.9100217319855,703.2779609945935,677.7042169584265,686.512939453125,16006586,0.0,0.0
2021-04-06 00:00:00+05:30,691.4382599253059,692.6932792880586,678.4856438101414,682.0848999023438,15075734,0.0,0.0
2021-04-07 00:00:00+05:30,681.6350448468846,689.8754275412855,673.2288601490635,685.3763427734375,25088180,0.0,0.0
2021-04-08 00:00:00+05:30,688.123091309579,691.8644465891563,677.4673655322455,678.556640625,17613592,0.0,0.0
2021-04-09 00:00:00+05:30,675.3362345728195,678.5566548887363,670.1741157477531,673.323486328125,28157816,0.0,0.0
2021-04-12 00:00:00+05:30,659.7077929441834,662.5493196905331,640.7642813018523,647.418212890625,22549128,0.0,0.0
2021-04-13 00:00:00+05:30,647.8681060041231,666.0775336661652,644.5529914266166,663.1886596679688,18600682,0.0,0.0
2021-04-15 00:00:00+05:30,665.3908509916752,680.4035609465851,658.7606218714734,677.2778930664062,34444984,0.0,0.0
2021-04-16 00:00:00+05:30,679.5747548202479,684.3343350848605,674.152197919238,676.5911865234375,15606526,0.0,0.0
2021-04-19 00:00:00+05:30,658.2870680749406,671.4054275301584,649.9045868073125,668.8954467773438,24069242,0.0,0.0
2021-04-20 00:00:00+05:30,674.8625491726915,675.5255835902201,655.421748754578,658.9500122070312,23186270,0.0,0.0
2021-04-22 00:00:00+05:30,653.551168270815,675.7151005800558,649.3125805575211,673.6786499023438,38485312,0.0,0.0
2021-04-23 00:00:00+05:30,667.285193457898,679.4090292715103,663.1175977980581,669.7241821289062,22713528,0.0,0.0
2021-04-26 00:00:00+05:30,669.179600676809,676.7570059215569,664.3253254418922,665.2962036132812,30170952,0.0,0.0
2021-04-27 00:00:00+05:30,666.4563956250854,682.9135707879716,665.2961287020331,681.3507080078125,20592906,0.0,0.0
2021-04-28 00:00:00+05:30,680.1905215976332,700.4364013527586,677.7041854873546,699.39453125,24103940,0.0,0.0
2021-04-29 00:00:00+05:30,703.8462235347221,712.110366015842,691.9118331106085,697.3580932617188,24078552,0.0,0.0
2021-04-30 00:00:00+05:30,684.3343192248765,688.5019146739703,666.5747780685216,668.8480224609375,35232902,0.0,0.0
2021-05-03 00:00:00+05:30,659.7078363110799,673.394535934582,652.2725306270976,669.8662719726562,22473700,0.0,0.0
2021-05-04 00:00:00+05:30,667.7351002247756,673.9154441830442,655.1140315140075,657.505615234375,21486328,0.0,0.0
2021-05-05 00:00:00+05:30,663.4964825368345,667.5693258995556,654.3562152204534,664.2542114257812,14421612,0.0,0.0
2021-05-06 00:00:00+05:30,666.6222341637894,668.1377499432683,660.6550389228186,663.44921875,11477044,0.0,0.0
2021-05-07 00:00:00+05:30,669.1558806243075,674.8389344089317,667.8772166471722,670.0083618164062,12048334,0.0,0.0
2021-05-10 00:00:00+05:30,675.8098094461626,677.2305728857831,669.0848856230303,672.4236450195312,11060050,0.0,0.0
2021-05-11 00:00:00+05:30,661.128612382698,674.4837660986876,660.678727067445,664.7042236328125,14519034,0.0,0.0
2021-05-12 00:00:00+05:30,662.9045297636991,667.0957702739445,657.7424111292165,662.7861328125,13774926,0.0,0.0
2021-05-14 00:00:00+05:30,660.3472582714162,662.5021062803537,654.6642036309003,656.7953491210938,10604142,0.0,0.0
2021-05-17 00:00:00+05:30,660.7260994627449,683.1978197859106,654.166919312643,682.0848999023438,15120692,0.0,0.0
2021-05-18 00:00:00+05:30,690.9409834750115,702.2123976389103,689.0703345571502,699.34716796875,22165280,0.0,0.0
2021-05-19 00:00:00+05:30,696.2688699233435,700.3654165997244,687.9100901877404,690.5858154296875,10130916,0.0,0.0
2021-05-20 00:00:00+05:30,690.6567745433202,694.2323856507859,676.5201899075936,678.556640625,10684184,0.0,0.0
2021-05-21 00:00:00+05:30,683.3872458173004,711.2815808574237,683.3872458173004,709.1030883789062,19341646,0.0,0.0
2021-05-24 00:00:00+05:30,711.9209177142021,720.06660540615,709.6713754829415,715.0939331054688,22146102,0.0,0.0
2021-05-25 00:00:00+05:30,715.354314675395,716.8934749022702,696.4108041907768,700.41259765625,19236974,0.0,0.0
2021-05-26 00:00:00+05:30,700.9099392941847,704.2250538719275,696.1740613259808,699.5128784179688,12283990,0.0,0.0
2021-05-27 00:00:00+05:30,697.6421913176409,705.1722490585071,692.5984695791637,702.1649780273438,20439496,0.0,0.0
2021-05-28 00:00:00+05:30,706.0720716848272,716.5383506375555,700.3179682784436,712.0155639648438,17750020,0.0,0.0
2021-05-31 00:00:00+05:30,710.3817063881385,719.6166685711843,704.461858834904,717.8880615234375,15661054,0.0,0.0
2021-06-01 00:00:00+05:30,719.9955698673149,723.168585066384,713.8152258292779,715.9226684570312,11030162,0.0,0.0
2021-06-02 00:00:00+05:30,715.1175275762031,715.2122220051217,707.0665355438882,712.2760009765625,10624016,0.0,0.0
2021-06-03 00:00:00+05:30,714.1704631518745,722.1977539203226,704.5803093860752,720.114013671875,10287260,0.0,0.0
2021-06-04 00:00:00+05:30,717.959185353156,720.1613804324387,710.0028862960756,710.8316650390625,9424476,0.0,0.0
2021-06-07 00:00:00+05:30,715.1175968039121,717.0119480537238,708.4873674295712,710.3106689453125,8091668,0.0,0.0
2021-06-08 00:00:00+05:30,708.7479282364206,710.9974705499297,701.6204078871059,702.3544921875,9872540,0.0,0.0
2021-06-09 00:00:00+05:30,702.7569063699707,711.3288334802004,697.1449028344755,701.052001953125,10223442,0.0,0.0
2021-06-10 00:00:00+05:30,701.9045812172471,705.1723491320442,697.9027867794216,701.4073486328125,11483540,0.0,0.0
2021-06-11 00:00:00+05:30,706.1193700010488,708.7478052673067,701.407194781045,703.9171752929688,7205974,0.0,0.0
2021-06-14 00:00:00+05:30,700.081253825398,703.7515597392467,692.6459475501375,700.6495361328125,8881964,0.0,0.0
2021-06-15 00:00:00+05:30,703.7515338961059,708.4874123207096,698.4473731849562,705.7642822265625,7569602,0.0,0.0
2021-06-16 00:00:00+05:30,704.6987112068459,707.5402382681639,700.0101799934681,703.0885009765625,7702098,0.0,0.0
2021-06-17 00:00:00+05:30,694.2797401828149,700.3179848535726,691.4382132789289,694.3270874023438,9283802,0.0,0.0
2021-06-18 00:00:00+05:30,695.9373903590358,705.6459419087876,689.0703660921382,700.8153686523438,11938060,0.0,0.0
2021-06-21 00:00:00+05:30,692.0775962076742,706.4983809928871,690.9646763172761,705.0302124023438,7260472,0.0,0.0
2021-06-22 00:00:00+05:30,708.9609305084452,714.1703962636843,700.9099379776212,702.7095947265625,14366824,0.0,0.0
2021-06-23 00:00:00+05:30,705.6459158913771,709.3399243472963,700.2470026908098,703.5147705078125,7844868,0.0,0.0
2021-06-24 00:00:00+05:30,705.6458725038901,716.7514840843272,704.6986968360997,713.3416748046875,14785024,0.0,0.0
2021-06-25 00:00:00+05:30,715.6386075341827,720.8007267981603,713.6969088599393,717.532958984375,10383176,0.0,0.0
2021-06-28 00:00:00+05:30,719.8534913437187,721.2742548134761,712.749673994932,714.336181640625,9356786,0.0,0.0
2021-06-29 00:00:00+05:30,716.785656631066,717.3563983620929,709.722451918842,714.4312744140625,10971692,3.25,0.0
2021-06-30 00:00:00+05:30,712.5050106362283,717.7370233979096,710.6500126812062,712.4574584960938,9679022,0.0,0.0
2021-07-01 00:00:00+05:30,714.4075246053683,714.4075246053683,705.3704121103602,707.154052734375,16911442,0.0,0.0
2021-07-02 00:00:00+05:30,706.3216487952071,708.3431080594358,702.5165490037177,704.1337280273438,14827036,0.0,0.0
2021-07-05 00:00:00+05:30,708.6760470569808,715.5965956833905,706.1076510887453,711.2920532226562,7373882,0.0,0.0
2021-07-06 00:00:00+05:30,712.029365240718,732.4817785375456,711.5537277221872,729.9608764648438,17669032,0.0,0.0
2021-07-07 00:00:00+05:30,729.627951175681,735.0264253821098,726.6314115936917,732.2439575195312,9629190,0.0,0.0
2021-07-08 00:00:00+05:30,725.3471571573934,731.3877299302179,719.853521037715,723.1829833984375,8420922,0.0,0.0
2021-07-09 00:00:00+05:30,719.4255306350982,721.0664568010882,712.2671629680933,714.4075317382812,10695842,0.0,0.0
2021-07-12 00:00:00+05:30,714.4075115847763,714.4075115847763,705.8460367455447,707.27294921875,14458978,0.0,0.0
2021-07-13 00:00:00+05:30,711.601265962492,716.3576410548972,705.8936158516059,714.336181640625,18178142,0.0,0.0
2021-07-14 00:00:00+05:30,712.2671884304233,716.95220640485,709.2230966806467,713.052001953125,9788494,0.0,0.0
2021-07-15 00:00:00+05:30,715.8344552077314,726.1795710886405,713.2898061320276,723.3019409179688,10438802,0.0,0.0
2021-07-16 00:00:00+05:30,726.7502893243508,727.701564317052,722.3982526817174,724.0867309570312,5170628,0.0,0.0
2021-07-19 00:00:00+05:30,707.2729809603507,708.1528987460736,697.2845931996463,699.6627807617188,25111600,0.0,0.0
2021-07-20 00:00:00+05:30,685.8692650363275,691.5769149534121,683.0867973139923,686.416259765625,24174250,0.0,0.0
2021-07-22 00:00:00+05:30,692.5757594227039,698.4736760969855,687.2961947294137,689.0560302734375,13207114,0.0,0.0
2021-07-23 00:00:00+05:30,690.3878413695973,693.217861311592,682.6825369811414,686.2260131835938,13126684,0.0,0.0
2021-07-26 00:00:00+05:30,680.161631792961,686.8205568594655,679.2579089216915,682.3258056640625,13167166,0.0,0.0
2021-07-27 00:00:00+05:30,683.0630447053469,689.6268658388828,683.0630447053469,684.7991333007812,22401430,0.0,0.0
2021-07-28 00:00:00+05:30,682.5635980986397,684.2996284750666,667.7950309210904,674.1210327148438,20670342,0.0,0.0
2021-07-29 00:00:00+05:30,679.3292509173456,680.1378114327916,672.2184936053619,674.5728759765625,13702230,0.0,0.0
2021-07-30 00:00:00+05:30,674.9296680888878,680.994046713365,669.6738500565182,678.47314453125,11655488,0.0,0.0
2021-08-02 00:00:00+05:30,682.5398220441142,682.5398220441142,673.6216187944088,676.6657104492188,13258786,0.0,0.0
2021-08-03 00:00:00+05:30,670.6488717578449,684.8704445513364,670.6488717578449,682.3970947265625,12033120,0.0,0.0
2021-08-04 00:00:00+05:30,685.3935855231096,701.3274405647641,684.9179480591796,696.9515991210938,22053948,0.0,0.0
2021-08-05 00:00:00+05:30,697.8078001562104,716.8095540851317,693.1941393958622,706.2503662109375,18822408,0.0,0.0
2021-08-06 00:00:00+05:30,705.632037503602,713.4562511669117,701.0896761466853,709.9603271484375,13339270,0.0,0.0
2021-08-09 00:00:00+05:30,709.6511811858961,716.9522055194989,702.0409808514629,715.311279296875,10998048,0.0,0.0
2021-08-10 00:00:00+05:30,708.2241981385786,722.8500504507084,708.2241981385786,717.0948486328125,14838346,0.0,0.0
2021-08-11 00:00:00+05:30,720.5433251033847,722.4220701727036,709.19938132137,711.0543212890625,12585786,0.0,0.0
2021-08-12 00:00:00+05:30,712.0293756584126,717.0711218163615,708.3669899366287,714.1221923828125,8597674,0.0,0.0
2021-08-13 00:00:00+05:30,714.0269705680195,728.2009908715206,713.9318662953315,725.9179077148438,16658428,0.0,0.0
2021-08-16 00:00:00+05:30,725.8942394054524,730.1036199997209,723.6587081426609,728.0108032226562,6252778,0.0,0.0
2021-08-17 00:00:00+05:30,721.6371571363015,724.8715152055369,715.977117606963,720.42431640625,8282666,0.0,0.0
2021-08-18 00:00:00+05:30,740.424924369185,744.539200641727,717.4278612617312,719.6395874023438,22985932,0.0,0.0
2021-08-20 00:00:00+05:30,706.8211504103504,722.8739164966347,706.8211504103504,720.471923828125,13150406,0.0,0.0
2021-08-23 00:00:00+05:30,727.6540795087693,729.2237066164494,717.5705868776091,725.156982421875,10843054,0.0,0.0
2021-08-24 00:00:00+05:30,727.725379419533,744.1348732691891,726.5124805626797,741.447509765625,18381314,0.0,0.0
2021-08-25 00:00:00+05:30,738.2370323220152,744.2776640648547,736.2869299724468,740.7579345703125,7727974,0.0,0.0
2021-08-26 00:00:00+05:30,737.2380960643395,747.226483172308,734.1226473371297,739.5211791992188,11119002,0.0,0.0
2021-08-27 00:00:00+05:30,738.1895131708546,741.3525146430138,734.9789595536489,736.5009765625,6382138,0.0,0.0
2021-08-30 00:00:00+05:30,739.9016920090548,746.750883701105,737.9991419868863,745.9185180664062,9049166,0.0,0.0
2021-08-31 00:00:00+05:30,743.6592941906064,753.1006877524478,743.040942163784,752.1732177734375,12062576,0.0,0.0
2021-09-01 00:00:00+05:30,749.1290604651969,760.0687229354822,748.8912417158429,751.0791625976562,12422558,0.0,0.0
2021-09-02 00:00:00+05:30,748.701014189379,757.2149374729586,747.3454588595391,755.7880249023438,9618524,0.0,0.0
2021-09-03 00:00:00+05:30,754.4085394514163,760.0686366557762,745.9422277722028,749.62841796875,10735334,0.0,0.0
2021-09-06 00:00:00+05:30,751.4834619703639,751.959099481168,742.9219867758911,744.7056274414062,7876896,0.0,0.0
2021-09-07 00:00:00+05:30,743.1836726085498,752.4586048427045,739.7114952656328,746.3942260742188,7245496,0.0,0.0
2021-09-08 00:00:00+05:30,747.6783002895594,751.7450238964017,744.6580139570113,749.794921875,6724080,0.0,0.0
2021-09-09 00:00:00+05:30,748.6534762607636,751.2456775887658,742.47018833739,746.0850219726562,8250948,0.0,0.0
2021-09-13 00:00:00+05:30,742.9457070221562,753.4097310647218,738.9741458727887,739.8778686523438,8959164,0.0,0.0
2021-09-14 00:00:00+05:30,741.9946109492231,744.1349800192689,735.6210558839523,736.548583984375,9758506,0.0,0.0
2021-09-15 00:00:00+05:30,730.1035190625556,739.5211642267409,730.1035190625556,735.716064453125,14822998,0.0,0.0
2021-09-16 00:00:00+05:30,731.411573732443,744.0397727219095,730.7219225742858,741.970703125,10260550,0.0,0.0
2021-09-17 00:00:00+05:30,746.2752017537572,755.7879512981008,741.6139312525427,752.5298461914062,20498102,0.0,0.0
2021-09-20 00:00:00+05:30,743.8970640127071,752.3158246968031,741.04323895895,741.9231567382812,8781610,0.0,0.0
2021-09-21 00:00:00+05:30,742.9457070057563,746.1087077035227,727.2258658449457,738.16552734375,14774996,0.0,0.0
2021-09-22 00:00:00+05:30,736.7625682999219,737.3095630971538,727.7254548088318,729.4852905273438,10582202,0.0,0.0
2021-09-23 00:00:00+05:30,733.4330048579319,747.7021294660628,733.4330048579319,746.7508544921875,13664304,0.0,0.0
2021-09-24 00:00:00+05:30,751.031614308282,764.8012967419484,749.1290643037012,761.7572631835938,20806702,0.0,0.0
2021-09-27 00:00:00+05:30,768.487491944163,777.9051377473095,764.8251063880609,772.95849609375,16415462,0.0,0.0
2021-09-28 00:00:00+05:30,776.2404385627441,776.2404385627441,752.4585623812875,768.1784057617188,12773790,0.0,0.0
2021-09-29 00:00:00+05:30,759.5931184310665,764.1592270047574,753.9568254387971,758.0948486328125,16263036,0.0,0.0
2021-09-30 00:00:00+05:30,754.3610487049043,764.0402598802681,752.9816883907416,758.6179809570312,15975348,0.0,0.0
2021-10-01 00:00:00+05:30,752.9341573446038,755.7879823250635,744.4915917774107,752.7914428710938,11128596,0.0,0.0
2021-10-04 00:00:00+05:30,755.7879482595848,761.6620594673581,753.219494280695,754.2421264648438,7051028,0.0,0.0
2021-10-05 00:00:00+05:30,757.2149087913734,759.8309150717456,749.7236180793985,758.8558349609375,10257178,0.0,0.0
2021-10-06 00:00:00+05:30,759.1174344507981,773.7908394129953,754.8366970384816,768.1069946289062,18600830,0.0,0.0
2021-10-07 00:00:00+05:30,773.6719736034911,774.19516325999,764.3494898817696,766.0142211914062,11265724,0.0,0.0
2021-10-08 00:00:00+05:30,766.7276555881376,771.4840306228035,761.0913627843023,762.2804565429688,7245562,0.0,0.0
2021-10-11 00:00:00+05:30,760.9724350269096,782.4236743028476,760.5443496718865,777.0965576171875,13080848,0.0,0.0
2021-10-12 00:00:00+05:30,772.9109560129631,780.7827800509983,772.9109560129631,775.098876953125,8176946,0.0,0.0
2021-10-13 00:00:00+05:30,778.6185902197064,783.8506027379818,775.2891277080766,779.7601318359375,6225644,0.0,0.0
2021-10-14 00:00:00+05:30,779.0941950336901,803.8273440823788,779.0941950336901,802.5906982421875,14757288,0.0,0.0
2021-10-18 00:00:00+05:30,810.9619966911002,820.4747473854239,792.9115754731099,794.4573974609375,28856456,0.0,0.0
2021-10-19 00:00:00+05:30,796.9068483595202,804.9926860848645,794.7902846500209,803.2090454101562,8987540,0.0,0.0
2021-10-20 00:00:00+05:30,803.3992848197823,807.9891982795003,791.6748089028501,796.1458129882812,10908568,0.0,0.0
2021-10-21 00:00:00+05:30,795.1707884960194,799.998462628159,789.962523081634,797.3111572265625,9738190,0.0,0.0
2021-10-22 00:00:00+05:30,799.1185583853392,812.3888563513312,794.6713593378141,799.427734375,12175554,0.0,0.0
2021-10-25 00:00:00+05:30,803.827385358517,803.827385358517,767.5838306159519,788.13134765625,16426766,0.0,0.0
2021-10-26 00:00:00+05:30,784.8019211145486,796.1458645438692,783.0658325252933,786.1099243164062,12090656,0.0,0.0
2021-10-27 00:00:00+05:30,786.1098893037489,791.9602538614304,778.761313048737,781.3773193359375,13249642,0.0,0.0
2021-10-28 00:00:00+05:30,784.8018571141539,784.8018571141539,754.9080525326855,757.9758911132812,17797750,0.0,0.0
2021-10-29 00:00:00+05:30,756.2636739613226,761.9713243308421,741.9945480375242,752.8628540039062,12406874,0.0,0.0
2021-11-01 00:00:00+05:30,753.8854894500015,766.2520653021783,753.1958382519653,763.5409545898438,8122320,0.0,0.0
2021-11-02 00:00:00+05:30,763.873862677717,771.4840630530865,761.043842637615,764.2305908203125,13237722,0.0,0.0
2021-11-03 00:00:00+05:30,763.4457378753382,765.728821094555,749.3906846195152,752.1968994140625,10207338,0.0,0.0
2021-11-04 00:00:00+05:30,758.6418376355663,759.9973929432354,756.3112021961033,758.1423950195312,1096808,0.0,0.0
2021-11-08 00:00:00+05:30,757.2624587445608,763.2554796846038,746.9648951674751,761.138916015625,18943580,0.0,0.0
2021-11-09 00:00:00+05:30,758.4515931319643,758.4515931319643,746.2990890867115,747.8211059570312,12695476,0.0,0.0
2021-11-10 00:00:00+05:30,745.7996076796335,746.2752451845312,737.2381325914745,739.7352294921875,13714126,0.0,0.0
2021-11-11 00:00:00+05:30,737.2619921599097,739.5688226168478,730.3889948696312,736.4296264648438,7999404,0.0,0.0
2021-11-12 00:00:00+05:30,737.2381265594817,741.5426691680743,734.8837441539887,738.6650390625,14914092,0.0,0.0
2021-11-15 00:00:00+05:30,742.9932925577368,747.6307579669023,739.330907202677,740.6864624023438,9533594,0.0,0.0
2021-11-16 00:00:00+05:30,739.6163891144192,740.662768498323,733.2428343419601,736.2869262695312,8245406,0.0,0.0
2021-11-17 00:00:00+05:30,731.0072118067511,734.3842261047051,727.0118455965297,728.1058349609375,7598878,0.0,0.0
2021-11-18 00:00:00+05:30,725.8466618423676,734.1465133558511,725.4661286012387,732.1964111328125,9152874,0.0,0.0
2021-11-22 00:00:00+05:30,735.3356262214785,738.5223744689714,713.004467265438,720.75732421875,15261272,0.0,0.0
2021-11-23 00:00:00+05:30,714.407566305228,726.6790377392206,711.7202026626078,720.8524780273438,11235214,0.0,0.0
2021-11-24 00:00:00+05:30,724.8716462528624,730.7457585456191,720.1390757239303,722.0416259765625,30802286,0.0,0.0
2021-11-25 00:00:00+05:30,720.4957602069751,729.2950545918285,716.7857642148182,725.799072265625,10251652,0.0,0.0
2021-11-26 00:00:00+05:30,713.4562710293536,716.6430191487968,706.3217083190601,708.65234375,18624936,0.0,0.0
2021-11-29 00:00:00+05:30,710.9829426666183,717.0948727956322,695.3820097835137,714.05078125,12990996,0.0,0.0
2021-11-30 00:00:00+05:30,711.0780178063845,727.2496917899412,707.0589044084865,710.3883666992188,25221542,0.0,0.0
2021-12-01 00:00:00+05:30,711.0780553091722,716.8095103506997,708.2717824753072,715.66796875,8677634,0.0,0.0
2021-12-02 00:00:00+05:30,715.5965613575034,727.1545749050114,713.456192779166,725.703857421875,11203110,0.0,0.0
2021-12-03 00:00:00+05:30,725.7277436410184,730.5554179694886,716.8095402344054,719.9011840820312,8124694,0.0,0.0
2021-12-06 00:00:00+05:30,719.6395749131635,722.3982957810733,712.1958360389292,715.2637329101562,7029532,0.0,0.0
2021-12-07 00:00:00+05:30,720.0914346536905,728.6767155251968,718.165137442202,725.68017578125,12427534,0.0,0.0
2021-12-08 00:00:00+05:30,730.5792222790491,739.6401401548495,729.6279472500399,739.0455932617188,15295534,0.0,0.0
2021-12-09 00:00:00+05:30,734.9550484079257,739.4736046987022,723.9202815328325,726.2271118164062,11747744,0.0,0.0
2021-12-10 00:00:00+05:30,725.2996212566436,726.7740858657247,717.4753496970789,724.181884765625,7779384,0.0,0.0
2021-12-13 00:00:00+05:30,725.8227874165515,731.3639756168698,716.8807796550856,718.7595825195312,10322142,0.0,0.0
2021-12-14 00:00:00+05:30,714.6453871321823,721.0664937719724,712.0531858243114,714.62158203125,9191100,0.0,0.0
2021-12-15 00:00:00+05:30,714.8832114257813,724.5624236009718,711.387287173768,713.456298828125,10115148,0.0,0.0
2021-12-16 00:00:00+05:30,719.5444766662719,721.5421310623909,710.6024679019197,713.5038452148438,13210432,0.0,0.0
2021-12-17 00:00:00+05:30,712.0293739008451,716.3101116196879,698.0931712139019,700.6378784179688,14994768,0.0,0.0
2021-12-20 00:00:00+05:30,690.6256885800706,693.4795137394923,672.599014710812,678.0926513671875,21156668,0.0,0.0
2021-12-21 00:00:00+05:30,684.6801804486681,690.0311023174055,680.1616242039565,685.774169921875,9118750,0.0,0.0
2021-12-22 00:00:00+05:30,690.7683077733328,692.5281431543909,682.8726794724645,687.3912353515625,8577484,0.0,0.0
2021-12-23 00:00:00+05:30,691.220197770224,693.3843716225142,683.4197311478777,686.8681030273438,9779166,0.0,0.0
2021-12-24 00:00:00+05:30,687.5340324330864,690.6256763008242,679.2103758660999,684.3948364257812,5561024,0.0,0.0
2021-12-27 00:00:00+05:30,679.6384584249116,691.5769484677854,676.4279051909655,690.054931640625,4705098,0.0,0.0
2021-12-28 00:00:00+05:30,694.7636690981695,697.7126564182305,691.2915502045277,694.811279296875,5450678,0.0,0.0
2021-12-29 00:00:00+05:30,692.5519915154243,694.906373869757,688.4377156088801,691.5055541992188,7668702,0.0,0.0
2021-12-30 00:00:00+05:30,693.7172526236556,697.6888139009618,687.2961467543245,695.1441650390625,7215918,0.0,0.0
2021-12-31 00:00:00+05:30,695.1442190705774,706.2265962494574,695.1442190705774,703.6581420898438,6325736,0.0,0.0
2022-01-03 00:00:00+05:30,706.3216999908345,724.3959253104654,704.1813312029835,722.8025512695312,9069184,0.0,0.0
2022-01-04 00:00:00+05:30,722.9689818191866,729.1047170271323,717.1662276895983,727.0357055664062,8857352,0.0,0.0
2022-01-05 00:00:00+05:30,730.9597335226943,747.7021503050373,726.8216524342752,744.3013305664062,14332638,0.0,0.0
2022-01-06 00:00:00+05:30,733.9086147431605,739.4973550044904,727.749132743457,732.36279296875,9628930,0.0,0.0
2022-01-07 00:00:00+05:30,734.3843069802756,745.2050602081262,730.5316548059,737.499755859375,11179384,0.0,0.0
2022-01-10 00:00:00+05:30,741.0432152309048,747.7021401431209,735.0977465592833,741.5902099609375,8856496,0.0,0.0
2022-01-11 00:00:00+05:30,742.731769713943,746.1325314282669,736.191754015291,744.80078125,8389198,0.0,0.0
2022-01-12 00:00:00+05:30,745.7995970381922,749.9138730090968,738.1893970684148,740.401123046875,21085530,0.0,0.0
2022-01-13 00:00:00+05:30,739.6162594300914,739.6162594300914,723.1592147231823,726.7740478515625,41963896,0.0,0.0
2022-01-14 00:00:00+05:30,727.7254153127986,736.619813831022,722.493402522968,734.9313354492188,11208968,0.0,0.0
2022-01-17 00:00:00+05:30,727.7254140843227,740.0919897485006,722.5647585444003,723.6824951171875,22989372,0.0,0.0
2022-01-18 00:00:00+05:30,729.1522929821604,737.6662159084163,724.3959179463994,727.36865234375,12341152,0.0,0.0
2022-01-19 00:00:00+05:30,729.6279369589961,732.3628526288228,719.8060108107658,722.2317504882812,14317626,0.0,0.0
2022-01-20 00:00:00+05:30,726.9880639951974,727.0118690930589,713.5037534034572,717.7369384765625,15197846,0.0,0.0
2022-01-21 00:00:00+05:30,713.4562224773198,727.6302426550222,706.6070311292943,723.72998046875,11537694,0.0,0.0
2022-01-24 00:00:00+05:30,718.1888873366842,723.5636148158452,698.0219018920284,707.1065673828125,11868508,0.0,0.0
2022-01-25 00:00:00+05:30,693.7886458927823,711.0780572785832,686.8205449567051,707.7723999023438,13594248,0.0,0.0
2022-01-27 00:00:00+05:30,689.6743715648455,706.321683981928,682.5398091003816,701.54150390625,28617838,0.0,0.0
2022-01-28 00:00:00+05:30,702.7543967837006,707.1302385002696,694.4307406458227,695.9765625,24925208,0.0,0.0
2022-01-31 00:00:00+05:30,700.4951802272873,709.4371891168743,697.6651601162798,706.6546630859375,12842546,0.0,0.0
2022-02-01 00:00:00+05:30,717.4991893169476,721.542108182837,700.8280712395866,712.0293579101562,14739484,0.0,0.0
2022-02-02 00:00:00+05:30,719.1400601109066,730.1035271800179,716.1197737442617,728.2960815429688,13969290,0.0,0.0
2022-02-03 00:00:00+05:30,727.1308787749581,732.4579959215433,717.7370374956087,720.75732421875,10564762,0.0,0.0
2022-02-04 00:00:00+05:30,726.964459947347,729.0810238696057,720.1628195995959,724.8716430664062,11579958,0.0,0.0
2022-02-07 00:00:00+05:30,719.211497186438,722.4934077542481,694.4307934965123,698.3072509765625,12268042,0.0,0.0
2022-02-08 00:00:00+05:30,702.23121780657,703.2062398464973,687.0821750180488,695.3106689453125,13981130,0.0,0.0
2022-02-09 00:00:00+05:30,701.0896640531371,713.3135243877856,697.7602016051236,712.314697265625,11308342,0.0,0.0
2022-02-10 00:00:00+05:30,720.1152104926523,730.3414172466761,714.2410986903759,725.394775390625,14314530,0.0,0.0
2022-02-11 00:00:00+05:30,713.5752718583099,725.3473018389752,713.2185436770776,722.422119140625,10711104,0.0,0.0
2022-02-14 00:00:00+05:30,708.6998749228623,713.1946260728857,698.8542018984211,700.9469604492188,14656620,0.0,0.0
2022-02-15 00:00:00+05:30,702.0409964179948,725.2996833180713,700.6378889247106,721.9226684570312,13135066,0.0,0.0
2022-02-16 00:00:00+05:30,729.7944170588287,729.9846836790362,716.7857425015849,720.9475708007812,10032264,0.0,0.0
2022-02-17 00:00:00+05:30,719.6871085679842,723.9202940415751,714.4075437913573,716.5479125976562,7351208,0.0,0.0
2022-02-18 00:00:00+05:30,712.6477110600987,721.5421093550166,708.9139101230298,719.3303833007812,7796128,0.0,0.0
2022-02-21 00:00:00+05:30,715.3588675570371,728.0583667818646,711.3397535269675,723.9678955078125,7468066,0.0,0.0
2022-02-22 00:00:00+05:30,708.6046949533486,723.9677497238454,707.7247192234698,718.5454711914062,9536196,0.0,0.0
2022-02-23 00:00:00+05:30,725.3948047223228,725.6801756356834,711.3873023150155,713.8843994140625,9029562,0.0,0.0
2022-02-24 00:00:00+05:30,689.6268790132194,701.5415645216091,669.2933742326196,675.1199340820312,23630766,0.0,0.0
2022-02-25 00:00:00+05:30,684.8941874749454,697.2370153028564,681.5171728738023,692.5757446289062,18318654,0.0,0.0
2022-02-28 00:00:00+05:30,678.2591423710013,684.2284168134124,672.5752969059163,678.3780517578125,24880832,0.0,0.0
2022-03-02 00:00:00+05:30,659.4714573982826,665.1315558068055,644.2035037869538,653.6448974609375,38505560,0.0,0.0
2022-03-03 00:00:00+05:30,656.8553739251402,662.0873863170132,648.2463469653018,652.0989990234375,17527922,0.0,0.0
2022-03-04 00:00:00+05:30,646.8669745357665,659.2335490489504,635.8797603305272,649.9586181640625,21219364,0.0,0.0
2022-03-07 00:00:00+05:30,627.1280940741168,633.715662365495,616.9256921049088,630.1246337890625,27054458,0.0,0.0
2022-03-08 00:00:00+05:30,619.3752067352665,634.5005043513404,614.5237268530224,631.5515747070312,39212492,0.0,0.0
2022-03-09 00:00:00+05:30,632.5979142059786,653.8588885491644,627.2945441400525,652.17041015625,23134694,0.0,0.0
2022-03-10 00:00:00+05:30,678.7348017766328,678.7348017766328,656.4987457268377,662.42041015625,22273206,0.0,0.0
2022-03-11 00:00:00+05:30,660.1847895222286,670.1493710099126,652.9075132143932,664.3704223632812,15150780,0.0,0.0
2022-03-14 00:00:00+05:30,673.0270836488999,689.6743966720176,673.0270836488999,686.1309204101562,25018126,0.0,0.0
2022-03-15 00:00:00+05:30,686.5827934179413,689.4366186763464,671.481301425548,677.307861328125,18867928,0.0,0.0
2022-03-16 00:00:00+05:30,688.2474388752825,692.0525387446689,683.1105308271242,688.79443359375,13364108,0.0,0.0
2022-03-17 00:00:00+05:30,700.1384408684183,708.6048120871039,699.4487896776494,703.9673461914062,14823954,0.0,0.0
2022-03-21 00:00:00+05:30,707.2729139485184,710.4359147186346,700.518885136643,707.0350952148438,12257876,0.0,0.0
2022-03-22 00:00:00+05:30,704.561836957358,712.5049598135698,693.0989270027054,710.6737670898438,10461814,0.0,0.0
2022-03-23 00:00:00+05:30,716.7857951747217,722.3983415465651,700.8994892301371,703.5868530273438,31188256,0.0,0.0
2022-03-24 00:00:00+05:30,697.2845910655177,699.0206795927611,682.3258145703531,686.178466796875,20160044,0.0,0.0
2022-03-25 00:00:00+05:30,690.1500239764209,690.6256614843303,674.9296237233227,680.5897216796875,16366462,0.0,0.0
2022-03-28 00:00:00+05:30,680.589685374062,683.9666998878296,666.6534839112492,681.493408203125,15754886,0.0,0.0
2022-03-29 00:00:00+05:30,685.3936095630206,694.5496310648167,680.16159727628,690.530517578125,12377448,0.0,0.0
2022-03-30 00:00:00+05:30,700.138476229865,705.2515799115708,691.6008053997855,702.4928588867188,20109742,0.0,0.0
2022-03-31 00:00:00+05:30,699.6627526430442,706.1789630767555,697.237013039462,699.3535766601562,14295714,0.0,0.0
2022-04-01 00:00:00+05:30,702.2312005284535,718.2126085501743,699.3298234571498,716.31005859375,14568556,0.0,0.0
2022-04-04 00:00:00+05:30,751.5072706543655,819.0953496497071,743.2074192757403,788.0362548828125,97450970,0.0,0.0
2022-04-05 00:00:00+05:30,792.7450201895066,792.7450201895066,761.9712963036054,764.9440307617188,30922582,0.0,0.0
2022-04-06 00:00:00+05:30,755.1696250388968,756.1685102240006,735.9776637926485,737.6423950195312,27027860,0.0,0.0
2022-04-07 00:00:00+05:30,733.100080241604,733.1238272791691,719.9724391818007,721.4231567382812,40781732,0.0,0.0
2022-04-08 00:00:00+05:30,719.2114176149829,725.7038807905826,712.1720177896111,720.42431640625,41256322,0.0,0.0
2022-04-11 00:00:00+05:30,716.3100788229164,718.2126288330701,710.245700665551,711.6250610351562,20799066,0.0,0.0
2022-04-12 00:00:00+05:30,705.8461283073004,716.7144347757979,704.0149353413896,710.3646850585938,27435402,0.0,0.0
2022-04-13 00:00:00+05:30,708.6998992573039,714.5502639320367,695.691224799288,696.78515625,28892520,0.0,0.0
2022-04-18 00:00:00+05:30,674.8582617385757,680.9464450214841,661.15993644386,663.7283325195312,45620376,0.0,0.0
2022-04-19 00:00:00+05:30,656.8078410106541,660.9221170332797,631.1709679279387,638.400634765625,74096022,0.0,0.0
2022-04-20 00:00:00+05:30,644.2272440063706,646.819503440844,635.1425785880054,644.1559448242188,49325736,0.0,0.0
2022-04-21 00:00:00+05:30,649.2451838249173,656.2846420095574,643.6802483309051,653.6923828125,52446270,0.0,0.0
2022-04-22 00:00:00+05:30,646.8669864904109,654.168010350688,641.706331335433,644.774169921875,20659148,0.0,0.0
2022-04-25 00:00:00+05:30,642.1106379350289,651.9325641201308,628.9116970441421,649.6019287109375,20935488,0.0,0.0
2022-04-26 00:00:00+05:30,652.5746446077407,657.3072144691479,645.5114394033479,652.5984497070312,17016842,0.0,0.0
2022-04-27 00:00:00+05:30,646.8670295884091,655.9041425017765,645.0120316413157,652.8363037109375,18054334,0.0,0.0
2022-04-28 00:00:00+05:30,652.5746178665507,655.9040802026046,647.8657952361744,652.2654418945312,20773722,0.0,0.0
2022-04-29 00:00:00+05:30,656.5462894086016,668.1518573977863,652.3607137487355,658.5677490234375,28401476,0.0,0.0
2022-05-02 00:00:00+05:30,647.8421473040924,668.9604080458433,647.8421473040924,667.6524047851562,19494316,0.0,0.0
2022-05-04 00:00:00+05:30,665.8925284326605,667.6048118935288,642.1106524172083,644.9644775390625,29055916,0.0,0.0
2022-05-05 00:00:00+05:30,654.0015630179496,654.0015630179496,640.4458942572139,643.5137329101562,17862912,0.0,0.0
2022-05-06 00:00:00+05:30,632.5978677162095,634.9760551888268,624.5120303093106,626.699951171875,26731268,0.0,0.0
2022-05-09 00:00:00+05:30,618.3286887390562,630.9330812402754,616.1883202011134,627.7700805664062,32762434,0.0,0.0
2022-05-10 00:00:00+05:30,625.4871236116026,643.537543685614,625.4871236116026,637.8536987304688,20113812,0.0,0.0
2022-05-11 00:00:00+05:30,643.5375799338344,644.4888549965599,631.9558176573953,641.4447631835938,17102924,0.0,0.0
2022-05-12 00:00:00+05:30,635.6706993369925,638.4133907389254,622.1498973824371,626.9856567382812,22382290,7.75,0.0
2022-05-13 00:00:00+05:30,630.353829122959,634.1790892090257,619.262889083472,621.35595703125,16768238,0.0,0.0
2022-05-16 00:00:00+05:30,625.0368734940553,631.292053906236,618.4448991695826,627.9719848632812,9804356,0.0,0.0
2022-05-17 00:00:00+05:30,631.580808934981,633.6979588896172,624.6519812363082,632.2544555664062,16641444,0.0,0.0
2022-05-18 00:00:00+05:30,637.0902245927911,641.5410265716883,630.3297937681616,632.2063598632812,15732384,0.0,0.0
2022-05-19 00:00:00+05:30,618.8779477207698,623.7858941010936,615.0767694162303,619.2869873046875,20537506,0.0,0.0
2022-05-20 00:00:00+05:30,626.9615731938593,637.1623059170763,621.837124950426,635.5985107421875,13919350,0.0,0.0
2022-05-23 00:00:00+05:30,632.2544880498406,639.9290909513579,625.0850760956221,627.4428100585938,19486320,0.0,0.0
2022-05-24 00:00:00+05:30,625.5180642227122,637.5472577654566,624.0264559706711,634.6361694335938,12870796,0.0,0.0
2022-05-25 00:00:00+05:30,639.9531713200919,642.8160962235814,636.6812067992723,639.3757934570312,12887112,0.0,0.0
2022-05-26 00:00:00+05:30,645.7993654297255,659.6810445171251,644.7648429270224,657.6119995117188,26992428,0.0,0.0
2022-05-27 00:00:00+05:30,660.0658635123912,671.0845566723668,659.5606139411736,669.8095092773438,24031718,0.0,0.0
2022-05-30 00:00:00+05:30,678.566873569111,683.4988434000511,672.889070171654,674.3807373046875,12624674,0.0,0.0
2022-05-31 00:00:00+05:30,671.662083279525,675.944488061126,664.0115042012508,668.3179321289062,13485388,0.0,0.0
2022-06-01 00:00:00+05:30,664.0115306279351,673.8513881488794,663.6025497657505,671.1568603515625,12091896,0.0,0.0
2022-06-02 00:00:00+05:30,667.4999154052102,667.8607911929586,663.3378029059205,666.4653930664062,11475020,0.0,0.0
2022-06-03 00:00:00+05:30,672.8169034842749,673.995741003826,662.231212745682,664.1558837890625,6957244,0.0,0.0
2022-06-06 00:00:00+05:30,662.2312223234171,667.3796939444019,654.7009350100217,663.2656860351562,6173266,0.0,0.0
2022-06-07 00:00:00+05:30,655.3504712553794,661.2688580365657,651.5492343077399,655.63916015625,10253966,0.0,0.0
2022-06-08 00:00:00+05:30,660.7876316707815,664.4925994985958,652.9445745978237,657.94873046875,5986588,0.0,0.0
2022-06-09 00:00:00+05:30,655.4707669191479,664.9979118561328,653.016823143348,662.90478515625,7311816,0.0,0.0
2022-06-10 00:00:00+05:30,654.4362839332251,658.2134392480132,646.4970155862447,650.1057739257812,9155430,0.0,0.0
2022-06-13 00:00:00+05:30,636.8736353918679,639.9531208031428,629.511803905611,638.317138671875,10892572,0.0,0.0
2022-06-14 00:00:00+05:30,630.9312384303023,638.0284630380025,627.9239398677174,631.2921142578125,11870356,0.0,0.0
2022-06-15 00:00:00+05:30,626.3119845887259,633.1205196838177,624.7481894734992,629.1027221679688,11810470,0.0,0.0
2022-06-16 00:00:00+05:30,630.3297546494468,635.4060979237764,614.9323865969412,616.520263671875,12169192,0.0,0.0
2022-06-17 00:00:00+05:30,613.4888961209325,625.0369224008559,611.8529139840168,620.5861206054688,14723922,0.0,0.0
2022-06-20 00:00:00+05:30,627.7795517185277,637.547280721459,622.703267102487,636.1759643554688,15936840,0.0,0.0
2022-06-21 00:00:00+05:30,643.2731943331319,651.5011513361289,637.0902003236198,643.1047973632812,13220684,0.0,0.0
2022-06-22 00:00:00+05:30,641.035821958763,643.2972871962402,636.6812297356037,640.073486328125,8159698,0.0,0.0
2022-06-23 00:00:00+05:30,640.193710492177,648.6141463686242,634.419697319756,642.43115234375,15372244,0.0,0.0
2022-06-24 00:00:00+05:30,644.0671595693715,655.1821236118307,644.0671595693715,651.4049682617188,8013432,0.0,0.0
2022-06-27 00:00:00+05:30,659.1998582409274,662.0868649193548,650.5388382056451,652.5838012695312,9804164,0.0,0.0
2022-06-28 00:00:00+05:30,646.6895291898963,650.0577038210937,643.9950012321992,647.603759765625,9770574,0.0,0.0
2022-06-29 00:00:00+05:30,640.5545980485462,649.9373696255954,640.5545980485462,646.6654052734375,9994046,0.0,0.0
2022-06-30 00:00:00+05:30,642.8401226643639,651.5011422810993,642.8401226643639,648.6141357421875,12475822,0.0,0.0
2022-07-01 00:00:00+05:30,646.6653918015329,654.3881578947369,639.9772068826776,651.380859375,11472452,0.0,0.0
2022-07-04 00:00:00+05:30,651.35673163144,654.4843218717582,645.8473846257052,652.2950439453125,8487480,0.0,0.0
2022-07-05 00:00:00+05:30,656.3127774299695,663.6986902674247,648.7584676358872,650.8274536132812,14325718,0.0,0.0
2022-07-06 00:00:00+05:30,648.6141194735643,660.835791929005,648.18105675633,659.80126953125,15049078,0.0,0.0
2022-07-07 00:00:00+05:30,664.0114788767993,672.6724981664967,661.3409744346241,671.6139526367188,17743142,0.0,0.0
2022-07-08 00:00:00+05:30,678.4465165399553,678.4465165399553,671.1087084709948,672.2394409179688,12474030,0.0,0.0
2022-07-11 00:00:00+05:30,670.7478551643559,678.3984342696596,670.3869793455802,676.5940551757812,7462880,0.0,0.0
2022-07-12 00:00:00+05:30,676.1610141176355,676.1610141176355,668.5345166503326,669.6893310546875,9876974,0.0,0.0
2022-07-13 00:00:00+05:30,668.823193081103,670.8440741987707,651.6214454892688,653.3536376953125,15945610,0.0,0.0
2022-07-14 00:00:00+05:30,655.350489555198,660.4749379498609,649.215600611124,650.0817260742188,10372410,0.0,0.0
2022-07-15 00:00:00+05:30,651.0199810197498,656.7458891263111,648.0367643942972,655.3745727539062,13595646,0.0,0.0
2022-07-18 00:00:00+05:30,648.6141460423058,657.3232708257327,645.7512213402739,648.3976440429688,20332220,0.0,0.0
2022-07-19 00:00:00+05:30,643.3212566690205,653.690444771779,643.3212566690205,648.63818359375,15792538,0.0,0.0
2022-07-20 00:00:00+05:30,654.3399677588443,659.7290225107647,652.1025262039135,656.8179931640625,20347862,0.0,0.0
2022-07-21 00:00:00+05:30,654.6528744070862,658.9593027266601,653.4739780541829,654.7490844726562,12640278,0.0,0.0
2022-07-22 00:00:00+05:30,657.2751172050325,672.1913167902127,655.5429251294964,670.0260620117188,12729592,0.0,0.0
2022-07-25 00:00:00+05:30,671.2290446761094,675.8482435588785,665.5994052152816,671.9989013671875,10143126,0.0,0.0
2022-07-26 00:00:00+05:30,671.7101297996077,674.5971360881447,667.0428264609901,670.6275024414062,8527964,0.0,0.0
2022-07-27 00:00:00+05:30,668.2939138771885,676.5218708292028,666.0564720450384,675.7520141601562,9212778,0.0,0.0
2022-07-28 00:00:00+05:30,680.8764259957169,685.1828537236895,678.9276731770548,681.7424926757812,17420406,0.0,0.0
2022-07-29 00:00:00+05:30,691.9192814074022,692.207970333886,680.9967960785934,690.0908203125,20019736,0.0,0.0
2022-08-01 00:00:00+05:30,692.4003980885738,696.9474098698968,688.0939701842794,695.8407592773438,13193036,0.0,0.0
2022-08-02 00:00:00+05:30,693.8439067006424,695.094931123578,684.7258011854689,688.190185546875,15036510,0.0,0.0
2022-08-03 00:00:00+05:30,685.6399502739025,690.8365853805471,681.8146902206062,689.8020629882812,10975498,0.0,0.0
2022-08-04 00:00:00+05:30,692.8815779882993,696.1053785024752,679.8659665183745,688.984130859375,12012206,0.0,0.0
2022-08-05 00:00:00+05:30,689.5133149490085,691.4139038718322,683.8114894442461,686.650390625,9268982,0.0,0.0
2022-08-08 00:00:00+05:30,687.1075476112192,704.6701705018421,686.6744848885744,703.4913330078125,15357736,0.0,0.0
2022-08-10 00:00:00+05:30,703.154500244152,708.0383647964982,697.2361719881424,705.5363159179688,17353102,0.0,0.0
2022-08-11 00:00:00+05:30,715.2558683433389,717.421123242461,709.5059371613006,714.8709106445312,18301766,0.0,0.0
2022-08-12 00:00:00+05:30,714.5341363296417,716.6031812290219,710.1795445295438,714.6063232421875,8850370,0.0,0.0
2022-08-16 00:00:00+05:30,719.2496224051965,725.8415975092017,716.0017398840251,722.7861938476562,12563756,0.0,0.0
2022-08-17 00:00:00+05:30,721.7516252798,727.8865140946783,714.8949848396419,726.5151977539062,12384350,0.0,0.0
2022-08-18 00:00:00+05:30,721.7515867041628,728.4398298215469,721.5831897478574,727.3812255859375,8342138,0.0,0.0
2022-08-19 00:00:00+05:30,726.563301596116,727.5256370949188,716.939946608088,718.4075317382812,8063702,0.0,0.0
2022-08-22 00:00:00+05:30,714.4379561754013,716.1460665835506,706.2099399993691,707.4850463867188,8234066,0.0,0.0
2022-08-23 00:00:00+05:30,699.2811184238794,710.1795210324121,697.8857201939286,705.2957153320312,14966884,0.0,0.0
2022-08-24 00:00:00+05:30,703.4191637412739,709.9630335639699,702.1199755407531,708.6879272460938,13455520,0.0,0.0
2022-08-25 00:00:00+05:30,712.0801600941289,715.4002292936442,701.0614069473538,704.8385620117188,11823040,0.0,0.0
2022-08-26 00:00:00+05:30,708.303013425697,712.9943990116683,703.0822963230394,704.9588623046875,7706176,0.0,0.0
2022-08-29 00:00:00+05:30,691.4380811198513,695.7685910224809,687.3962601301372,692.5928955078125,8653178,0.0,0.0
2022-08-30 00:00:00+05:30,695.9851015854548,716.9158997056655,694.3732012935722,715.0634155273438,10135400,0.0,0.0
2022-09-01 00:00:00+05:30,704.7904820543832,716.6753023262013,702.023767412422,708.3511352539062,22403136,0.0,0.0
2022-09-02 00:00:00+05:30,708.351141283871,717.1805580778581,705.0069900550793,714.7747192382812,12038086,0.0,0.0
2022-09-05 00:00:00+05:30,715.0633864131738,721.2704621778411,714.101050906599,719.369873046875,12131932,0.0,0.0
2022-09-06 00:00:00+05:30,721.2223729044177,724.951423073854,715.2317990033503,716.627197265625,12238696,0.0,0.0
2022-09-07 00:00:00+05:30,707.9421400567993,716.9399535633776,707.9421400567993,713.2349853515625,9776206,0.0,0.0
2022-09-08 00:00:00+05:30,716.9880436773584,721.7516160908172,713.1627836065959,720.5968017578125,11164690,0.0,0.0
2022-09-09 00:00:00+05:30,719.9231885431478,726.0821594471598,718.8887248344994,721.0780029296875,15128888,0.0,0.0
2022-09-12 00:00:00+05:30,721.751579586768,723.676250465666,716.9399023895229,718.6480712890625,11080492,0.0,0.0
2022-09-13 00:00:00+05:30,721.2223728893526,729.4022248737516,721.0539759192867,728.054931640625,13001966,0.0,0.0
2022-09-14 00:00:00+05:30,718.8887165967504,740.4690789237419,718.0706961615213,735.537109375,20219760,0.0,0.0
2022-09-15 00:00:00+05:30,736.1866756721654,741.4554391702014,727.5256559583752,731.7117919921875,13539372,0.0,0.0
2022-09-16 00:00:00+05:30,723.2432582308112,728.8247925761237,713.5717978693896,718.26318359375,20560046,0.0,0.0
2022-09-19 00:00:00+05:30,716.4588155669953,728.4880099183553,712.1283056005058,723.002685546875,12076038,0.0,0.0
2022-09-20 00:00:00+05:30,728.4879914821296,733.299669100902,726.5152154056927,731.7117919921875,10781668,0.0,0.0
2022-09-21 00:00:00+05:30,725.6009801321287,732.0967448746909,724.1574768560039,730.5810546875,9072304,0.0,0.0
2022-09-22 00:00:00+05:30,722.7140659830291,726.6355954651516,713.4515854436328,715.015380859375,12048144,0.0,0.0
2022-09-23 00:00:00+05:30,708.4473309391279,709.7224372346395,691.438062580459,695.8407592773438,15806252,0.0,0.0
2022-09-26 00:00:00+05:30,685.8324052401812,691.1733552416581,682.2958342078718,686.4579467773438,8923486,0.0,0.0
2022-09-27 00:00:00+05:30,689.2247583187195,692.881621797613,677.0030846314178,680.299072265625,12639700,0.0,0.0
2022-09-28 00:00:00+05:30,676.5218756703962,678.735235635856,666.8504153685985,668.606689453125,11816132,0.0,0.0
2022-09-29 00:00:00+05:30,671.8545371114053,674.6933797809945,663.434101683277,665.1422119140625,14410388,0.0,0.0
2022-09-30 00:00:00+05:30,663.4341231736677,688.7675584504451,656.7939846693048,683.9077758789062,15781756,0.0,0.0
2022-10-03 00:00:00+05:30,678.4224109471055,682.2236477251022,674.1640883244871,679.9862060546875,11541112,0.0,0.0
2022-10-04 00:00:00+05:30,687.8293370288237,701.5426186694823,686.2174367235855,699.1367797851562,11538526,0.0,0.0
2022-10-06 00:00:00+05:30,702.4808875755999,703.7559939592081,690.0908170525987,691.4381103515625,12549198,0.0,0.0
2022-10-07 00:00:00+05:30,688.1901682297433,690.4516331398249,683.4265958004532,688.454833984375,13297994,0.0,0.0
2022-10-10 00:00:00+05:30,677.4841817579505,686.1452011270152,672.7687143847188,680.8523559570312,13109302,0.0,0.0
2022-10-11 00:00:00+05:30,674.1641338324686,681.8147129301799,673.3701952846903,673.9476318359375,14521620,0.0,0.0
2022-10-12 00:00:00+05:30,675.1745875438293,680.7802037798269,672.3357447059547,678.350341796875,9225050,0.0,0.0
2022-10-13 00:00:00+05:30,674.6213229862772,676.6422042083251,665.9362208884066,670.555419921875,14714234,0.0,0.0
2022-10-14 00:00:00+05:30,681.8147001498437,696.249732615966,680.9726565893199,692.400390625,12849920,0.0,0.0
2022-10-17 00:00:00+05:30,690.475692350587,701.3500712981873,686.6263505116987,696.033203125,18410500,0.0,0.0
2022-10-18 00:00:00+05:30,701.5666873690876,703.90033929577,692.8815856653596,694.7340698242188,10561108,0.0,0.0
2022-10-19 00:00:00+05:30,704.4296436407238,710.8773037655702,699.3292768206403,701.8554077148438,12967040,0.0,0.0
2022-10-20 00:00:00+05:30,694.8062160816341,699.0886207119449,694.084464472131,697.1158447265625,7898078,0.0,0.0
2022-10-21 00:00:00+05:30,698.6555450817992,701.3741545079234,689.9945259278926,692.2078857421875,10492606,0.0,0.0
2022-10-24 00:00:00+05:30,699.7622496749542,703.948385410148,699.7622496749542,703.0101318359375,2167794,0.0,0.0
2022-10-25 00:00:00+05:30,703.0341691638182,706.2580282452401,695.287380341186,698.1262817382812,13773394,0.0,0.0
2022-10-27 00:00:00+05:30,704.6701461335379,706.0414624275766,698.2946736608377,699.8103637695312,15937276,0.0,0.0
2022-10-28 00:00:00+05:30,697.6932584749202,705.8731104708331,696.4422340345699,701.87939453125,10474278,0.0,0.0
2022-10-31 00:00:00+05:30,708.2788772108167,720.7892378137252,705.9933305622085,720.1636962890625,12830528,0.0,0.0
2022-11-01 00:00:00+05:30,723.4356897777316,735.7054670237125,721.2223299433629,728.1270751953125,19073756,0.0,0.0
2022-11-02 00:00:00+05:30,729.931460645262,735.34459771333,727.33314310533,728.5841674804688,12720406,0.0,0.0
2022-11-03 00:00:00+05:30,720.6448505160986,731.4952057919731,720.3080566160722,725.3843994140625,10332352,0.0,0.0
2022-11-04 00:00:00+05:30,723.2913397099678,729.4984154442802,716.7474700445205,720.3803100585938,10818060,0.0,0.0
2022-11-07 00:00:00+05:30,726.5632786654467,727.5256141338776,717.9503644757295,725.9859008789062,9835834,0.0,0.0
2022-11-09 00:00:00+05:30,728.9932072410344,730.38854669658,723.6762802249166,725.7693481445312,9269790,0.0,0.0
2022-11-10 00:00:00+05:30,720.3562225050898,734.7431498920162,719.3698638652188,733.6605224609375,12774182,0.0,0.0
2022-11-11 00:00:00+05:30,743.404141412297,787.6715724866862,740.0359673088109,775.2333984375,56722338,0.0,0.0
2022-11-14 00:00:00+05:30,775.6424611635699,783.3411456416203,768.906112245276,777.1100463867188,19195390,0.0,0.0
2022-11-15 00:00:00+05:30,781.0074781111963,781.0074781111963,772.3945632755499,779.0106201171875,11030202,0.0,0.0
2022-11-16 00:00:00+05:30,778.8421514086572,790.0774060630871,775.6423742836154,785.6987915039062,13578150,0.0,0.0
2022-11-17 00:00:00+05:30,778.5775416526076,785.0492832742325,776.5566605526772,778.6016235351562,12100930,0.0,0.0
2022-11-18 00:00:00+05:30,779.9729811938807,780.9353167659891,772.3945885635269,776.5567016601562,10459232,0.0,0.0
2022-11-21 00:00:00+05:30,773.549312831949,775.6423807100551,765.1529007022125,768.59326171875,8344816,0.0,0.0
2022-11-22 00:00:00+05:30,769.8683630485893,771.9614309133688,765.537853506441,767.4625244140625,8546314,0.0,0.0
2022-11-23 00:00:00+05:30,772.2742311837565,772.2742311837565,766.9813859856123,769.4594116210938,10185738,0.0,0.0
2022-11-24 00:00:00+05:30,772.7313917879773,785.2658362595581,769.4594860453441,781.9698486328125,17197960,0.0,0.0
2022-11-25 00:00:00+05:30,784.1590590980275,785.1213945985398,776.6528539412901,778.3610229492188,8410496,0.0,0.0
2022-11-28 00:00:00+05:30,771.2638148082744,773.4530928760762,767.0054918764588,769.9887084960938,16105980,0.0,0.0
2022-11-29 00:00:00+05:30,768.5452344199248,775.8108561300074,766.4280844466838,768.8339233398438,12638236,0.0,0.0
2022-11-30 00:00:00+05:30,768.4729015633509,776.0753745164528,768.4729015633509,773.9341430664062,15184806,0.0,0.0
2022-12-01 00:00:00+05:30,780.4540790252827,787.6715951691663,777.0859048248036,779.2511596679688,20446366,0.0,0.0
2022-12-02 00:00:00+05:30,774.680127315897,778.8181584847341,772.3464753255907,773.2847290039062,7811078,0.0,0.0
2022-12-05 00:00:00+05:30,774.6559840761946,776.893425827618,768.0399276122688,776.0994873046875,11592622,0.0,0.0
2022-12-06 00:00:00+05:30,770.349534240186,776.46034090485,769.8683665111166,775.2333984375,12353092,0.0,0.0
2022-12-07 00:00:00+05:30,776.6770235994021,778.8181968355076,772.0096606526566,774.8966674804688,11674720,0.0,0.0
2022-12-08 00:00:00+05:30,774.6800661101757,782.378749996985,772.2742273955479,779.2511596679688,14803634,0.0,0.0
2022-12-09 00:00:00+05:30,782.3787950839879,786.637118107019,779.4917884600618,784.8087158203125,11963384,0.0,0.0
2022-12-12 00:00:00+05:30,781.8976595918489,795.659046653405,780.1654672932444,790.9195556640625,14434808,0.0,0.0
2022-12-13 00:00:00+05:30,793.9267873639345,797.2949616133573,791.5209486143468,793.1088256835938,17031702,0.0,0.0
2022-12-14 00:00:00+05:30,795.3703041942985,801.3849011709643,793.9268009198986,799.8211059570312,14227640,0.0,0.0
2022-12-15 00:00:00+05:30,797.3190413162754,803.2614512642567,782.8840088582007,785.1695556640625,18182648,0.0,0.0
2022-12-16 00:00:00+05:30,779.5158401167187,791.5690570624564,774.1989129626363,788.9467163085938,14647958,0.0,0.0
2022-12-19 00:00:00+05:30,791.0398199705028,792.3149263180803,782.4750101040391,791.4006958007812,9604542,0.0,0.0
2022-12-20 00:00:00+05:30,779.5880032718654,787.3829564457624,779.5880032718654,785.939453125,7174698,0.0,0.0
2022-12-21 00:00:00+05:30,789.5962507751079,791.4247116571615,773.0200458484181,778.3369140625,9269198,0.0,0.0
2022-12-22 00:00:00+05:30,780.5502482170808,783.1004606156,774.198857837481,775.6664428710938,9747096,0.0,0.0
2022-12-23 00:00:00+05:30,763.6132225912555,771.8652612871225,762.867389080973,768.7376708984375,10693152,0.0,0.0
2022-12-26 00:00:00+05:30,769.6278068793584,788.6339327760353,765.0567133092716,784.0387573242188,9907322,0.0,0.0
2022-12-27 00:00:00+05:30,785.7469331059018,787.1663544691063,776.3641620124755,784.8327026367188,7926772,0.0,0.0
2022-12-28 00:00:00+05:30,780.9833552219441,785.7469276450677,780.9833552219441,784.2072143554688,8691870,0.0,0.0
2022-12-29 00:00:00+05:30,779.5398097026953,790.7991460730816,775.1611952076266,789.7406005859375,11012896,0.0,0.0
2022-12-30 00:00:00+05:30,791.5209337293505,791.5209337293505,779.4917402076278,783.4132690429688,7122640,0.0,0.0
2023-01-02 00:00:00+05:30,782.8599557722763,788.9948447926183,778.7941116415499,783.6779174804688,4381378,0.0,0.0
2023-01-03 00:00:00+05:30,780.5503292014555,790.5586422632767,780.5503292014555,788.8023681640625,8378030,0.0,0.0
2023-01-04 00:00:00+05:30,786.709274515468,791.8818278494382,773.2365774595456,774.7041625976562,10351600,0.0,0.0
2023-01-05 00:00:00+05:30,777.085950452134,778.5535356487463,764.7680672572426,769.7240600585938,10941436,0.0,0.0
2023-01-06 00:00:00+05:30,770.8307523930382,774.2470317456477,759.3789361975485,767.1738891601562,9092462,0.0,0.0
2023-01-09 00:00:00+05:30,767.9437146970364,775.4258965646997,765.0567082508069,768.6654663085938,10729340,0.0,0.0
2023-01-10 00:00:00+05:30,769.8684118966518,769.8684118966518,753.0275403864125,754.6154174804688,16371766,0.0,0.0
2023-01-11 00:00:00+05:30,754.4469115539331,768.9060251968651,750.6216516314828,765.48974609375,15195798,0.0,0.0
2023-01-12 00:00:00+05:30,763.998177755398,771.7449667913606,762.2419037187744,769.5797119140625,9250070,0.0,0.0
2023-01-13 00:00:00+05:30,769.2669828560861,774.6320153125537,763.1320937043018,770.1812133789062,9244546,0.0,0.0
2023-01-16 00:00:00+05:30,777.0858851595061,780.1172653577423,760.3893883970367,762.7952270507812,14748094,0.0,0.0
2023-01-17 00:00:00+05:30,764.960465126677,775.1611973011755,759.0420786732492,774.1507568359375,10786354,0.0,0.0
2023-01-18 00:00:00+05:30,772.274237215273,789.884965083016,769.724024650822,787.8159790039062,19090642,0.0,0.0
2023-01-19 00:00:00+05:30,787.6716113274065,793.9267921137573,785.7469403162216,791.087890625,11172162,0.0,0.0
2023-01-20 00:00:00+05:30,791.0878917418223,803.068980550622,790.7510978089086,799.195556640625,18843404,0.0,0.0
2023-01-23 00:00:00+05:30,801.7458215030824,809.6129030380878,799.4121694938297,805.0418090820312,15444400,0.0,0.0
2023-01-24 00:00:00+05:30,805.9800889805086,819.1400156177996,805.9560070977172,815.8199462890625,24983940,0.0,0.0
2023-01-25 00:00:00+05:30,813.8471429635326,814.5929177332151,791.6653214666925,793.2772216796875,14704142,0.0,0.0
2023-01-27 00:00:00+05:30,785.2657804091282,787.6716191971464,765.032652707376,777.4708862304688,35179948,0.0,0.0
2023-01-30 00:00:00+05:30,767.4626270039054,782.0420345725445,761.2074457179801,776.677001953125,18512822,0.0,0.0
2023-01-31 00:00:00+05:30,779.3473843212695,780.7908875770869,767.4625643428925,771.552490234375,18596244,0.0,0.0
2023-02-01 00:00:00+05:30,781.4164646974513,801.1443434244188,772.7554447685386,783.1246337890625,17302790,0.0,0.0
2023-02-02 00:00:00+05:30,773.7658936298407,781.6570569523664,764.4553088538455,771.4803466796875,17497106,0.0,0.0
2023-02-03 00:00:00+05:30,775.1612302770866,798.9790334420251,773.2365593142633,798.1610717773438,14411100,0.0,0.0
2023-02-06 00:00:00+05:30,798.7384939446326,803.2614827057959,792.0983552594887,794.7688598632812,11167672,0.0,0.0
2023-02-07 00:00:00+05:30,798.449739262286,801.0961617651983,785.5544206626682,795.9476318359375,10264588,0.0,0.0
2023-02-08 00:00:00+05:30,795.9717323644562,802.6839988300309,793.9267694733884,795.8514404296875,8444826,0.0,0.0
2023-02-09 00:00:00+05:30,798.73841772385,799.5323562116175,786.9738904271942,794.19140625,11777336,0.0,0.0
2023-02-10 00:00:00+05:30,793.3494214707791,798.0167252205403,790.173667284601,797.3430786132812,8172116,0.0,0.0
2023-02-13 00:00:00+05:30,796.3326188427218,799.5805011250109,791.3044393965116,797.9445190429688,5736944,0.0,0.0
2023-02-14 00:00:00+05:30,801.1443690991507,807.1589664647599,797.7521126904261,805.3305053710938,10908592,0.0,0.0
2023-02-15 00:00:00+05:30,807.3995485525281,807.3995485525281,797.1747330538742,803.694580078125,11438712,0.0,0.0
2023-02-16 00:00:00+05:30,805.0899366009373,809.2761316878249,799.2197129563453,800.7835083007812,8062500,0.0,0.0
2023-02-17 00:00:00+05:30,799.2196910269881,802.6600524376097,790.5345890116744,796.7657470703125,8956270,0.0,0.0
2023-02-20 00:00:00+05:30,798.7384663515395,803.2854781022144,786.6130625255412,789.2835083007812,8086706,0.0,0.0
2023-02-21 00:00:00+05:30,789.1150855033404,799.8691726347396,786.2280790929624,792.24267578125,12389296,0.0,0.0
2023-02-22 00:00:00+05:30,788.6339729282492,790.0533943514464,774.2230217496752,776.7009887695312,10359102,0.0,0.0
2023-02-23 00:00:00+05:30,776.123636878338,778.9384566721428,766.0672184288102,771.4322509765625,27882010,0.0,0.0
2023-02-24 00:00:00+05:30,778.4812938723913,778.4812938723913,762.7470736219656,764.5514526367188,17061740,0.0,0.0
2023-02-27 00:00:00+05:30,763.0839740657053,769.3872600713753,758.9459430133319,766.4521484375,14312972,0.0,0.0
2023-02-28 00:00:00+05:30,766.0190402522969,772.4185946735463,764.431163219567,769.6759033203125,18993992,0.0,0.0
2023-03-01 00:00:00+05:30,775.6424426558673,776.1236104242643,767.8234664194171,768.93017578125,14137256,0.0,0.0
2023-03-02 00:00:00+05:30,766.981406050965,772.7313372630384,761.2073929564784,762.38623046875,17391814,0.0,0.0
2023-03-03 00:00:00+05:30,767.943731924865,779.4917579688479,764.094389910204,777.5189819335938,14986234,0.0,0.0
2023-03-06 00:00:00+05:30,779.4917245287281,788.8504134058667,778.5534709474247,783.0042724609375,27004710,0.0,0.0
2023-03-08 00:00:00+05:30,779.4917112272642,788.8744818253701,779.4917112272642,784.5680541992188,20099774,0.0,0.0
2023-03-09 00:00:00+05:30,784.27938296168,791.9780672791738,782.859961535162,784.6402587890625,20700166,0.0,0.0
2023-03-10 00:00:00+05:30,774.8965873418113,776.4844644274136,762.6508914747951,764.4071655273438,27387000,0.0,0.0
2023-03-13 00:00:00+05:30,764.0463022356049,771.6968814107662,753.0034668384583,754.7357177734375,26443550,0.0,0.0
2023-03-14 00:00:00+05:30,755.5536230150942,761.9772004206781,750.2848599011005,752.7147216796875,33185612,0.0,0.0
2023-03-15 00:00:00+05:30,759.2827424375032,761.6404762620406,739.3623849761033,741.91259765625,37264754,0.0,0.0
2023-03-16 00:00:00+05:30,740.5171674402086,750.1886274704333,737.1730750713688,746.7242431640625,21753342,0.0,0.0
2023-03-17 00:00:00+05:30,749.4187927190782,759.8601097073861,740.9983568458301,756.70849609375,22950876,0.0,0.0
2023-03-20 00:00:00+05:30,754.446900441081,754.5190873460873,743.5966036348024,751.4636840820312,26503114,0.0,0.0
2023-03-21 00:00:00+05:30,756.371588709314,761.4479317488242,748.7931969715295,759.9803466796875,33050494,0.0,0.0
2023-03-22 00:00:00+05:30,762.1697342790129,763.156151684689,753.1719206327385,758.2241821289062,14177324,0.0,0.0
2023-03-23 00:00:00+05:30,754.350750068819,765.225129615806,749.9240302046185,752.1373901367188,28364178,0.0,0.0
2023-03-24 00:00:00+05:30,750.6216774626521,757.3099208232004,748.1917568712191,750.9344482421875,31477748,0.0,0.0
2023-03-27 00:00:00+05:30,751.6802291971494,759.9803728144399,750.092410877359,754.2063598632812,31872006,0.0,0.0
2023-03-28 00:00:00+05:30,753.3642547772913,761.640374573116,752.5943981939405,760.3411865234375,39276302,0.0,0.0
2023-03-29 00:00:00+05:30,762.1697080199377,770.8307274292553,761.1592675027767,763.9981689453125,39763612,0.0,0.0
2023-03-31 00:00:00+05:30,767.7512972805655,776.0995465082568,766.2115838805704,774.463623046875,34711228,0.0,0.0
2023-04-03 00:00:00+05:30,773.5013208179412,777.4227914010955,771.1916918821255,774.94482421875,40025398,0.0,0.0
2023-04-05 00:00:00+05:30,778.8180825386323,796.8137675382653,777.5670581774376,795.7311401367188,43365392,0.0,0.0
2023-04-06 00:00:00+05:30,793.2291334002176,803.1652006446278,792.5314049071793,801.7938842773438,44637344,0.0,0.0
2023-04-10 00:00:00+05:30,800.3023046039525,804.0313548734133,795.8515026694348,797.99267578125,31813286,0.0,0.0
2023-04-11 00:00:00+05:30,798.2573101275717,803.2614665555587,794.4560730939902,800.3263549804688,42361542,0.0,0.0
2023-04-12 00:00:00+05:30,802.5878572606912,812.3074229248433,802.4916471991853,810.7196044921875,26955504,0.0,0.0
2023-04-13 00:00:00+05:30,812.3554958466677,816.5657134519994,807.4716316772242,814.352294921875,35330086,0.0,0.0
2023-04-17 00:00:00+05:30,827.6085198214015,827.6085198214015,795.5146547856368,801.938232421875,32405148,0.0,0.0
2023-04-18 00:00:00+05:30,803.5501156527228,807.0385817236702,797.0062462186185,798.5459594726562,29637226,0.0,0.0
2023-04-19 00:00:00+05:30,801.1443461883971,803.6945588930066,797.3671908980723,801.4811401367188,24741168,0.0,0.0
2023-04-20 00:00:00+05:30,804.3681477069183,807.1348624191324,801.8179937357015,804.4644165039062,32922716,0.0,0.0
2023-04-21 00:00:00+05:30,803.0689611623811,806.8942212156402,800.3022466466929,805.7634887695312,20128618,0.0,0.0
2023-04-24 00:00:00+05:30,811.7300315452851,813.8712046366431,805.5229555378388,812.2833862304688,35675852,0.0,0.0
2023-04-25 00:00:00+05:30,812.0668172386956,812.0668172386956,799.6527240862603,800.7353515625,50353068,0.0,0.0
2023-04-26 00:00:00+05:30,798.7383962744825,805.9559119034689,796.3325577314871,804.4161987304688,27392750,0.0,0.0
2023-04-27 00:00:00+05:30,803.7906953628967,810.8879194015693,801.5532536644629,808.8429565429688,47790392,0.0,0.0
2023-04-28 00:00:00+05:30,810.6233394768137,813.6547200003124,803.5501965703854,812.0187377929688,27916272,0.0,0.0
2023-05-02 00:00:00+05:30,812.547950500037,817.5040017864336,809.3241500911014,811.8502807617188,32221184,0.0,0.0
2023-05-03 00:00:00+05:30,810.7435980893194,816.0605253605099,808.1934441893474,814.689208984375,29407270,0.0,0.0
2023-05-04 00:00:00+05:30,811.7780713087349,834.5613517390001,811.7780713087349,831.3616333007812,56854638,0.0,0.0
2023-05-05 00:00:00+05:30,788.6339660930405,799.1955750303342,780.5022191249311,782.2103881835938,62770416,0.0,0.0
2023-05-08 00:00:00+05:30,786.7092141728504,794.0951268522297,784.3033755973981,791.2562255859375,37244524,0.0,0.0
2023-05-09 00:00:00+05:30,793.878651970084,796.8137633850524,789.0909977997552,791.2803344726562,43688938,0.0,0.0
2023-05-10 00:00:00+05:30,791.2803318242208,796.1641960299875,785.7950079560763,794.9371948242188,46340550,0.0,0.0
2023-05-11 00:00:00+05:30,801.2164814876731,812.2111527020498,793.5659026029952,795.4664916992188,35734618,0.0,0.0
2023-05-12 00:00:00+05:30,792.4833249747595,804.8974770572269,791.1601135942614,802.4916381835938,22478760,0.0,0.0
2023-05-15 00:00:00+05:30,804.5125423272495,808.7227604763904,801.1924728395238,806.3410034179688,18512260,0.0,0.0
2023-05-16 00:00:00+05:30,813.641207320555,813.641207320555,800.1113205928083,801.7174072265625,32722086,9.5,0.0
2023-05-17 00:00:00+05:30,803.0314612780545,803.0314612780545,791.0346460503185,797.4102172851562,30466868,0.0,0.0
2023-05-18 00:00:00+05:30,802.0580796447568,804.953835962047,798.1645938212387,800.5980224609375,49646942,0.0,0.0
2023-05-19 00:00:00+05:30,802.0581696272553,803.0315411923369,794.0522122684132,801.5228271484375,30460332,0.0,0.0
2023-05-22 00:00:00+05:30,800.5981052751066,804.4429348055172,794.6118464382748,798.6757202148438,28334032,0.0,0.0
2023-05-23 00:00:00+05:30,802.5447954516952,802.8367950174272,794.9768083346355,796.8018798828125,22470074,0.0,0.0
2023-05-24 00:00:00+05:30,792.1053982534182,795.6095118101778,785.3160965486113,786.3868408203125,33588112,0.0,0.0
2023-05-25 00:00:00+05:30,786.3380947431477,788.455225154943,777.407423655138,783.3693237304688,29776930,0.0,0.0
2023-05-26 00:00:00+05:30,787.944211421121,787.944211421121,779.7922252930767,786.3868408203125,26635066,0.0,0.0
2023-05-29 00:00:00+05:30,792.5676872978805,798.6512587386072,790.7912725552128,795.9744873046875,21816292,0.0,0.0
2023-05-30 00:00:00+05:30,795.0498137776772,799.4543434930372,792.5920864341458,796.5828857421875,37125928,0.0,0.0
2023-05-31 00:00:00+05:30,793.249109394473,795.706836766176,780.9602943063138,783.9777221679688,43334270,0.0,0.0
2023-06-01 00:00:00+05:30,788.3822359863269,788.3822359863269,778.6971779535536,780.6439208984375,50366938,0.0,0.0
2023-06-02 00:00:00+05:30,784.7564131844704,785.9001722239442,779.1838851154611,781.8606567382812,17859710,0.0,0.0
2023-06-05 00:00:00+05:30,785.7541372012771,786.7275086936293,779.889550195903,780.838623046875,18697242,0.0,0.0
2023-06-06 00:00:00+05:30,782.4203085516023,783.4909933701617,774.9253365920524,778.4051513671875,32182852,0.0,0.0
2023-06-07 00:00:00+05:30,780.3762267164857,784.8051144822347,776.7504417142903,782.4446411132812,24949026,0.0,0.0
2023-06-08 00:00:00+05:30,780.278861070367,791.350960923385,780.278861070367,782.9312744140625,37395522,0.0,0.0
2023-06-09 00:00:00+05:30,786.4354761770152,787.7008471820789,782.1039613355581,783.8560180664062,18212578,0.0,0.0
2023-06-12 00:00:00+05:30,784.8051052341397,786.3868338718737,778.4294745818307,779.0865478515625,13408292,0.0,0.0
2023-06-13 00:00:00+05:30,773.8789730190645,783.0773452649356,773.8789730190645,780.4005737304688,27926108,0.0,0.0
2023-06-14 00:00:00+05:30,783.7830313619872,784.5374180278894,778.7945024942541,779.5488891601562,20113968,0.0,0.0
2023-06-15 00:00:00+05:30,780.6439096325554,781.5929230405386,768.4767664026215,769.961181640625,35377476,0.0,0.0
2023-06-16 00:00:00+05:30,772.4432372595309,783.1746215295391,770.9101653895649,780.0355224609375,15779272,0.0,0.0
2023-06-19 00:00:00+05:30,784.0507655809437,785.6324943134937,777.8941787861185,780.7169799804688,24829146,0.0,0.0
2023-06-20 00:00:00+05:30,780.7169656771292,784.0507512165266,774.1467079853705,782.3473510742188,20005626,0.0,0.0
2023-06-21 00:00:00+05:30,786.4841043269806,796.8261756245972,784.050675786365,796.0231323242188,24308946,0.0,0.0
2023-06-22 00:00:00+05:30,798.1646301932708,806.7059888717916,797.7023024946114,799.9166870117188,56596140,0.0,0.0
2023-06-23 00:00:00+05:30,796.9722855006775,807.8497002925832,795.2688853504051,799.8680419921875,21339218,0.0,0.0
2023-06-26 00:00:00+05:30,800.598057936059,803.396500995714,792.6650564551716,795.9989013671875,16130314,0.0,0.0
2023-06-27 00:00:00+05:30,799.6003360457688,814.1766100290189,797.4589662553369,807.2169799804688,33831864,0.0,0.0
2023-06-28 00:00:00+05:30,812.7652324615918,817.5834334461853,808.1417176661517,815.7583618164062,59562950,0.0,0.0
2023-06-30 00:00:00+05:30,829.3124290377532,831.6485441511054,819.213700808567,828.0470581054688,40699016,0.0,0.0
2023-07-03 00:00:00+05:30,833.4493066629323,855.3501643562647,832.232592346636,837.0021362304688,44104116,0.0,0.0
2023-07-04 00:00:00+05:30,838.7784528667394,850.239924960872,834.0819833506376,841.0902099609375,38795188,0.0,0.0
2023-07-05 00:00:00+05:30,835.2744057361592,837.0994772709068,812.0595195781218,814.3712768554688,37165754,0.0,0.0
2023-07-06 00:00:00+05:30,814.2252369257229,821.4525082286525,808.0930085295972,815.1986083984375,52156544,0.0,0.0
2023-07-07 00:00:00+05:30,810.3317601084606,815.1986175265295,806.0976179186929,808.093017578125,19926336,0.0,0.0
2023-07-10 00:00:00+05:30,808.3849760030445,816.0502760464208,802.8854036365442,806.1705322265625,38398442,0.0,0.0
2023-07-11 00:00:00+05:30,809.3583461576029,815.6852604691176,800.8413461228718,802.2527465820312,50670426,0.0,0.0
2023-07-12 00:00:00+05:30,805.6352319869237,810.9644765133695,791.9107178120092,794.7334594726562,70958358,0.0,0.0
2023-07-13 00:00:00+05:30,806.2921751723549,806.65718944724,797.2155343981111,798.6998901367188,41913546,0.0,0.0
2023-07-14 00:00:00+05:30,804.7835035114284,804.7835035114284,795.7311609024043,800.3546752929688,24727214,0.0,0.0
2023-07-17 00:00:00+05:30,803.0314502823962,818.6053935606003,794.7577929158504,817.0966796875,49252928,0.0,0.0
2023-07-18 00:00:00+05:30,826.3924020963348,829.3125165913748,812.7652011194812,816.4153442382812,81076818,0.0,0.0
2023-07-19 00:00:00+05:30,818.1673927652148,821.8905505906512,815.1986216073076,820.1141357421875,32935134,0.0,0.0
2023-07-20 00:00:00+05:30,818.1917641303833,823.4722926593728,817.6320636334198,821.8905639648438,56210948,0.0,0.0
2023-07-21 00:00:00+05:30,817.6320129512904,822.4015567907909,814.3468843278255,815.5635986328125,42154248,0.0,0.0
2023-07-24 00:00:00+05:30,816.9020502488354,819.8951795624654,812.8138779724052,816.8533935546875,32179444,0.0,0.0
2023-07-25 00:00:00+05:30,819.8951278192749,826.879056170404,816.8533420034627,825.7109985351562,55992596,0.0,0.0
2023-07-26 00:00:00+05:30,827.1710534459679,827.1710534459679,821.5255108693627,822.8395385742188,24794358,0.0,0.0
2023-07-27 00:00:00+05:30,827.3170606790924,828.8257745170246,811.5240735457453,814.2982177734375,59741302,0.0,0.0
2023-07-28 00:00:00+05:30,808.6283856221597,812.2298721075693,798.6999842928814,799.8680419921875,41015684,0.0,0.0
2023-07-31 00:00:00+05:30,803.0557764440342,806.3409049738307,797.531846128994,803.6154174804688,34565006,0.0,0.0
2023-08-01 00:00:00+05:30,805.1971747453257,811.5240891764785,803.0314470309211,808.9933471679688,35394188,0.0,0.0
2023-08-02 00:00:00+05:30,799.1380486876382,803.7615635856482,794.8308914277848,798.4080200195312,28116322,0.0,0.0
2023-08-03 00:00:00+05:30,798.1646183703506,803.6884896703888,789.8909607409018,792.6407470703125,57673946,0.0,0.0
2023-08-04 00:00:00+05:30,795.8042164551875,806.1949453417267,792.9327586465489,804.1021728515625,37388304,0.0,0.0
2023-08-07 00:00:00+05:30,809.4070457041624,809.4070457041624,801.8391180613743,803.6398315429688,28300918,0.0,0.0
2023-08-08 00:00:00+05:30,803.8588478451442,805.7569341954113,799.1623777784342,802.9828491210938,43773828,0.0,0.0
2023-08-09 00:00:00+05:30,804.4914945725491,805.221523152016,793.8330654303563,803.2747802734375,33361236,0.0,0.0
2023-08-10 00:00:00+05:30,801.5957522263969,805.099865704745,793.7844225264857,796.1448364257812,50781118,0.0,0.0
2023-08-11 00:00:00+05:30,797.385890968424,797.385890968424,786.5814324003055,787.8468627929688,28225822,0.0,0.0
2023-08-14 00:00:00+05:30,784.0507929265752,785.9975360499187,778.8189207825898,784.0021362304688,31304410,0.0,0.0
2023-08-16 00:00:00+05:30,770.4721710730195,783.3937010320665,769.5961724006356,781.714599609375,34137542,0.0,0.0
2023-08-17 00:00:00+05:30,777.529087744607,783.5153458133944,775.7770310495571,777.3831176757812,52884040,0.0,0.0
2023-08-18 00:00:00+05:30,772.6379419530916,776.8964420218484,771.6402124587459,774.1953125,25633366,0.0,0.0
2023-08-21 00:00:00+05:30,778.9405181779168,778.9405181779168,772.3702607612333,773.5869750976562,21837270,0.0,0.0
2023-08-22 00:00:00+05:30,776.9207377849476,777.7237811054864,768.963438139342,770.2774658203125,32273570,0.0,0.0
2023-08-23 00:00:00+05:30,768.9634840803492,774.0980425006611,765.6783552717781,772.1755981445312,36498588,0.0,0.0
2023-08-24 00:00:00+05:30,775.4363414276388,776.8476824149117,767.0896698783494,768.6227416992188,43145792,0.0,0.0
2023-08-25 00:00:00+05:30,766.3110504597091,767.746749618975,758.4510639302869,759.9597778320312,30069756,0.0,0.0
2023-08-28 00:00:00+05:30,759.9597651143588,770.2531801549441,759.9597651143588,767.868408203125,28867238,0.0,0.0
2023-08-29 00:00:00+05:30,773.6843204138314,775.1200790359981,769.6691629379135,773.9763793945312,35538932,0.0,0.0
2023-08-30 00:00:00+05:30,780.6195643753474,780.6195643753474,765.8973208258516,768.3307495117188,28084204,0.0,0.0
2023-08-31 00:00:00+05:30,768.4767470204652,770.4965046276685,760.7384322394234,764.80224609375,100075772,0.0,0.0
2023-09-01 00:00:00+05:30,764.5832587851945,768.4767445078436,758.9133583196115,766.3839721679688,43226776,0.0,0.0
2023-09-04 00:00:00+05:30,773.8303310146484,774.5360015777221,766.4813881806992,771.1779174804688,25073638,0.0,0.0
2023-09-05 00:00:00+05:30,773.0517033297151,773.0517033297151,764.3886726986182,766.4814453125,38712082,0.0,0.0
2023-09-06 00:00:00+05:30,767.4060807161218,778.6971658570981,766.4813659496907,776.507080078125,56320910,0.0,0.0
2023-09-07 00:00:00+05:30,776.5071078478363,785.510794150052,772.4432937501639,783.9777221679688,34208342,0.0,0.0
2023-09-08 00:00:00+05:30,782.7366896240351,794.7091467964383,782.3959739643648,790.0856323242188,34502210,0.0,0.0
2023-09-11 00:00:00+05:30,792.762427572447,796.4612273788786,790.3776555229446,794.173828125,31573022,0.0,0.0
2023-09-12 00:00:00+05:30,798.164658821722,799.576059429664,790.888730360441,796.6559448242188,39033340,0.0,0.0
2023-09-13 00:00:00+05:30,793.9304547919241,803.8101394610018,792.6163676755281,800.0626831054688,46420094,0.0,0.0
2023-09-14 00:00:00+05:30,800.2330026157181,803.0314455319658,795.7798163539742,799.5759887695312,23538848,0.0,0.0
2023-09-15 00:00:00+05:30,803.0315033597159,812.7652185519548,803.0315033597159,808.7500610351562,173411202,0.0,0.0
2023-09-18 00:00:00+05:30,804.8565635467733,805.4649207376626,791.3996906023217,792.83544921875,37056288,0.0,0.0
2023-09-20 00:00:00+05:30,778.2104866731253,778.2104866731253,759.4244292708094,761.0304565429688,115474648,0.0,0.0
2023-09-21 00:00:00+05:30,755.8229580049356,763.5855718328563,748.0603441770149,755.9932861328125,72841442,0.0,0.0
2023-09-22 00:00:00+05:30,758.7430770496563,761.3711919566923,741.5874045249608,744.4588623046875,61704250,0.0,0.0
2023-09-25 00:00:00+05:30,742.195730377536,749.8366724935371,742.195730377536,745.1158447265625,40208754,0.0,0.0
2023-09-26 00:00:00+05:30,742.1957693327212,749.4960555884529,742.1957693327212,748.3523559570312,27575308,0.0,0.0
2023-09-27 00:00:00+05:30,741.2224021033014,745.8459167585748,737.3289160778081,743.0961303710938,39338538,0.0,0.0
2023-09-28 00:00:00+05:30,746.5759362770035,748.3279930851168,738.9592924506106,741.5630493164062,55354188,0.0,0.0
2023-09-29 00:00:00+05:30,741.5629997895483,747.2815569377753,740.8816873168103,742.8284301757812,32053782,0.0,0.0
2023-10-03 00:00:00+05:30,743.1691434056778,743.1691434056778,732.9487426122795,733.9464721679688,38971694,0.0,0.0
2023-10-04 00:00:00+05:30,727.5952007546005,747.0626308751249,724.7967576747751,744.4102172851562,54649430,0.0,0.0
2023-10-05 00:00:00+05:30,747.0869560565192,755.1172706279191,745.8945403681716,747.4276123046875,48512674,0.0,0.0
2023-10-06 00:00:00+05:30,751.4427800948807,751.9294658332841,744.5561650144963,746.6002807617188,17759356,0.0,0.0
2023-10-09 00:00:00+05:30,743.6558133244023,744.6291848078113,735.8688414571311,737.937255859375,16454972,0.0,0.0
2023-10-10 00:00:00+05:30,740.0299677918072,744.142438208933,737.4261517587281,742.1226806640625,33266292,0.0,0.0
2023-10-11 00:00:00+05:30,744.6778768359782,750.5424640657517,743.8991914942775,749.3013916015625,31333360,0.0,0.0
2023-10-12 00:00:00+05:30,747.5979272653602,755.3362421435227,745.4078415117224,754.2898559570312,22025336,0.0,0.0
2023-10-13 00:00:00+05:30,749.4960266639874,753.7788848660191,744.6048112974557,747.4276123046875,39745300,0.0,0.0
2023-10-16 00:00:00+05:30,745.3592240817852,746.794923276397,740.0056808464606,744.4345092773438,17856084,0.0,0.0
2023-10-17 00:00:00+05:30,757.1613181665532,757.1613181665532,747.0625893528261,750.0800170898438,32902558,0.0,0.0
2023-10-18 00:00:00+05:30,750.0800718553149,750.0800718553149,738.8376426467095,739.6406860351562,31216200,0.0,0.0
2023-10-19 00:00:00+05:30,732.6566914356105,742.8040767694536,731.5859472105568,737.3045043945312,30252364,0.0,0.0
2023-10-20 00:00:00+05:30,732.46203118805,743.1691173582408,732.46203118805,741.1250610351562,21094010,0.0,0.0
2023-10-23 00:00:00+05:30,741.4657259067877,744.0208260452915,730.0772676931944,732.9730834960938,22376136,0.0,0.0
2023-10-25 00:00:00+05:30,740.2489957035165,741.1250537819102,725.8674086108082,728.3251953125,28311996,0.0,0.0
2023-10-26 00:00:00+05:30,725.7700665168079,726.1350808000519,710.6828094760561,712.2158813476562,55561798,0.0,0.0
2023-10-27 00:00:00+05:30,715.1846713831347,719.3215000369331,713.9193003827721,715.0143432617188,31940532,0.0,0.0
2023-10-30 00:00:00+05:30,712.1429661841146,725.1374527205985,711.485952264384,722.7770385742188,23310982,0.0,0.0
2023-10-31 00:00:00+05:30,731.9753494856925,731.9753494856925,717.3747773549939,718.5914916992188,32634824,0.0,0.0
2023-11-01 00:00:00+05:30,711.6562028835086,719.053802155173,711.6562028835086,717.6181030273438,33877466,0.0,0.0
2023-11-02 00:00:00+05:30,722.7283533192214,725.4051249981815,714.041024388573,718.7131958007812,45225154,0.0,0.0
2023-11-03 00:00:00+05:30,724.188409593513,725.84315305655,721.0979669049797,722.1199951171875,18095340,0.0,0.0
2023-11-06 00:00:00+05:30,729.0552678342725,729.0552678342725,721.7549814407384,727.3518676757812,25593730,0.0,0.0
2023-11-07 00:00:00+05:30,727.1084316790375,727.1084316790375,718.9320882014275,723.8233032226562,41952848,0.0,0.0
2023-11-08 00:00:00+05:30,722.2172785513859,726.8407930714139,720.7815793854345,725.9161376953125,31399546,0.0,0.0
2023-11-09 00:00:00+05:30,723.2150669100431,726.4271811664283,721.9983524636938,723.0447387695312,22116740,0.0,0.0
2023-11-10 00:00:00+05:30,720.3436158922068,728.081931727707,720.3193172489762,725.891845703125,14015186,0.0,0.0
2023-11-13 00:00:00+05:30,726.1838472673516,728.0575756559493,723.1664191670033,724.5778198242188,20605914,0.0,0.0
2023-11-15 00:00:00+05:30,732.0239534354185,735.3577386164206,730.2962548370274,732.1699829101562,41245460,0.0,0.0
2023-11-16 00:00:00+05:30,734.7494210785321,739.2756221207742,731.8536647558356,734.0924072265625,29713838,0.0,0.0
2023-11-17 00:00:00+05:30,725.16173850318,733.6787387876133,724.6750527726409,732.5106811523438,23701874,0.0,0.0
2023-11-20 00:00:00+05:30,736.3554985735485,736.3554985735485,730.7829708116128,732.559326171875,19331452,0.0,0.0
2023-11-21 00:00:00+05:30,739.2756922652317,740.7357495903111,735.917548535572,738.7646484375,24959972,0.0,0.0
2023-11-22 00:00:00+05:30,739.7623819588872,739.7623819588872,731.7564246812467,736.1365966796875,29123650,0.0,0.0
2023-11-23 00:00:00+05:30,734.1654789893513,741.6360936254299,734.1654789893513,740.3950805664062,13046220,0.0,0.0
2023-11-24 00:00:00+05:30,740.3462978210936,746.1622278549652,739.6892839772345,745.6511840820312,16469192,0.0,0.0
2023-11-28 00:00:00+05:30,747.1599239182611,748.1576534487249,742.5851254924052,743.97216796875,28489338,0.0,0.0
2023-11-29 00:00:00+05:30,746.5272258063289,760.6897681490088,746.0891967833849,758.8160400390625,34042488,0.0,0.0
2023-11-30 00:00:00+05:30,763.6829374580863,765.2889647471237,750.542422535641,758.645751953125,69491440,0.0,0.0
2023-12-01 00:00:00+05:30,758.2077422076743,762.028213465217,755.3849410922298,756.9910278320312,22153536,0.0,0.0
2023-12-04 00:00:00+05:30,772.8569470817542,784.5374047202694,765.873018667368,783.2720336914062,50662456,0.0,0.0
2023-12-05 00:00:00+05:30,796.4611682648754,797.6778825457567,786.7274540178253,790.2315673828125,52230820,0.0,0.0
2023-12-06 00:00:00+05:30,797.4102062498663,797.4102062498663,786.8004930390686,792.22705078125,38613060,0.0,0.0
2023-12-07 00:00:00+05:30,790.86431017188,795.2444817359088,786.5814519897668,793.5167236328125,20450386,0.0,0.0
2023-12-08 00:00:00+05:30,793.5167060552014,805.4648642096952,793.5167060552014,804.5888061523438,33728038,0.0,0.0
2023-12-11 00:00:00+05:30,803.0557997692163,809.6990123500813,801.5713845523902,803.5181274414062,23187620,0.0,0.0
2023-12-12 00:00:00+05:30,805.0755276490755,806.0732571804058,794.1981132379304,795.5364990234375,36581476,0.0,0.0
2023-12-13 00:00:00+05:30,794.4901060535459,796.2178641804811,786.0461204150259,793.7357788085938,29346914,0.0,0.0
2023-12-14 00:00:00+05:30,801.0847344683164,807.3872910879392,800.5980487244109,803.1044921875,35172366,0.0,0.0
2023-12-15 00:00:00+05:30,803.0314231104064,811.7917659079744,801.3766798111126,806.21923828125,138837130,0.0,0.0
2023-12-18 00:00:00+05:30,808.2389706500245,810.1857135762941,803.4937847672423,805.8055419921875,18014754,0.0,0.0
2023-12-19 00:00:00+05:30,803.0314705665357,807.2413140972394,800.135714179051,804.44287109375,24008446,0.0,0.0
2023-12-20 00:00:00+05:30,806.9249181384845,812.2541029714071,800.3303029144753,806.438232421875,34232520,0.0,0.0
2023-12-21 00:00:00+05:30,806.4382794041677,822.3772375517154,803.1531506256655,820.892822265625,36589240,0.0,0.0
2023-12-22 00:00:00+05:30,819.3841375121868,820.5035385294108,811.3538224343752,813.1788940429688,48578850,0.0,0.0
2023-12-26 00:00:00+05:30,814.3469167985355,820.5278019503709,812.059517577905,818.8244018554688,18045856,0.0,0.0
2023-12-27 00:00:00+05:30,818.3620294115412,830.5291722811746,816.9506289566883,828.9718017578125,27009078,0.0,0.0
2023-12-28 00:00:00+05:30,831.8919383640549,837.7808237889657,828.3391087868577,829.9208374023438,44076470,0.0,0.0
2023-12-29 00:00:00+05:30,825.9057143332578,834.6174011041943,825.4190285852712,831.8676147460938,25011426,0.0,0.0
2024-01-01 00:00:00+05:30,830.285869252277,831.8189412093673,823.4722689184366,826.4410400390625,14239686,0.0,0.0
2024-01-02 00:00:00+05:30,826.781764297971,828.7285072707376,821.8661907638304,826.927734375,29242092,0.0,0.0
2024-01-03 00:00:00+05:30,828.339179753768,829.6532075675672,812.2541913065818,814.1766357421875,28389762,0.0,0.0
2024-01-04 00:00:00+05:30,816.6586975811834,824.9079973714623,813.1058678027235,822.91259765625,26734056,0.0,0.0
2024-01-05 00:00:00+05:30,821.1118889384027,829.7505611476026,811.8405014795056,818.7027587890625,31889470,0.0,0.0
2024-01-08 00:00:00+05:30,816.9020369293803,818.7757651976441,807.8983504931613,809.577392578125,17998470,0.0,0.0
2024-01-09 00:00:00+05:30,811.3781093874959,816.5613241836867,801.4497088247701,803.2747802734375,25326888,0.0,0.0
2024-01-10 00:00:00+05:30,799.6246893784266,807.8739890989318,798.8460040583302,805.92724609375,16115824,0.0,0.0
2024-01-11 00:00:00+05:30,807.8983430417109,809.309743595266,799.6246853117656,802.5447998046875,18314010,0.0,0.0
2024-01-12 00:00:00+05:30,804.004764401761,805.9515071727096,795.0497357734226,798.74853515625,19773552,0.0,0.0
2024-01-15 00:00:00+05:30,801.9121302041557,818.0701336304721,799.9167304024104,814.1279907226562,28320356,0.0,0.0
2024-01-16 00:00:00+05:30,814.2252545636514,819.4084696501124,806.9736250528656,817.2183837890625,25322500,0.0,0.0
2024-01-17 00:00:00+05:30,764.0965828252033,777.1397839265529,743.8504686909188,748.279296875,170145236,0.0,0.0
2024-01-18 00:00:00+05:30,727.1084347245617,737.3288344094451,720.3191929835535,723.2879638671875,161070930,0.0,0.0
2024-01-19 00:00:00+05:30,732.924355486129,735.0171279009493,714.6493418669147,715.744384765625,109600538,0.0,0.0
2024-01-23 00:00:00+05:30,712.9946289403671,717.7154569857805,693.5271987986505,694.6708984375,115469402,0.0,0.0
2024-01-24 00:00:00+05:30,671.7480069982282,709.8068089160445,671.7480069982282,708.5657958984375,86004404,0.0,0.0
2024-01-25 00:00:00+05:30,706.9110553088505,709.27146932584,690.8017687875753,698.3453979492188,98941852,0.0,0.0
2024-01-29 00:00:00+05:30,704.7452835773879,711.9238979776146,703.6502407027771,707.9573974609375,65645498,0.0,0.0
2024-01-30 00:00:00+05:30,707.90875580775,712.1185398649957,701.2654836786888,702.9202270507812,41728768,0.0,0.0
2024-01-31 00:00:00+05:30,700.5841161285045,717.8371016849802,699.2700884068386,711.80224609375,65761040,0.0,0.0
2024-02-01 00:00:00+05:30,713.0189555223712,717.1800828855794,708.6387839338071,713.651611328125,32690740,0.0,0.0
2024-02-02 00:00:00+05:30,717.8614898495053,720.7085896391353,701.8252179588541,703.8206176757812,44867754,0.0,0.0
2024-02-05 00:00:00+05:30,703.7475666832909,706.6190243767684,697.9316959646247,703.1878662109375,38605046,0.0,0.0
2024-02-06 00:00:00+05:30,703.5286059562596,705.5483042801744,697.2259898811583,702.8228759765625,41075740,0.0,0.0
2024-02-07 00:00:00+05:30,707.1543478186637,707.5437201567751,694.330191039234,695.9362182617188,54837086,0.0,0.0
2024-02-08 00:00:00+05:30,695.8875630019661,700.3163911601653,681.6033490400813,682.8444213867188,69106124,0.0,0.0
2024-02-09 00:00:00+05:30,677.5395328507874,688.2709172654594,675.033089526087,683.112060546875,56642124,0.0,0.0
2024-02-12 00:00:00+05:30,681.1897546934406,688.0033555217624,673.2567528222265,676.4932250976562,34447812,0.0,0.0
2024-02-13 00:00:00+05:30,677.4421602188512,683.4770749934498,673.7433606505093,678.6588745117188,57580994,0.0,0.0
2024-02-14 00:00:00+05:30,669.6796288773342,677.2232584177402,663.6204147201233,673.5974731445312,91320810,0.0,0.0
2024-02-15 00:00:00+05:30,674.0597534612269,688.903668609651,673.7433958465795,688.197998046875,41584944,0.0,0.0
2024-02-16 00:00:00+05:30,692.9918479710976,694.8412181662663,685.4725175238648,691.0451049804688,32175742,0.0,0.0
2024-02-19 00:00:00+05:30,695.4739454261017,695.4739454261017,688.7576582283627,689.682373046875,34451756,0.0,0.0
2024-02-20 00:00:00+05:30,688.660276266856,709.22274741334,687.1029057664576,707.7870483398438,56133508,0.0,0.0
2024-02-21 00:00:00+05:30,712.507885437546,712.507885437546,698.3939997287421,700.4137573242188,45893136,0.0,0.0
2024-02-22 00:00:00+05:30,689.9986977762575,695.3765988884213,687.2975681948778,690.874755859375,50560882,0.0,0.0
2024-02-23 00:00:00+05:30,692.334815015207,697.85868621692,690.1203711604371,691.3857421875,29833452,0.0,0.0
2024-02-26 00:00:00+05:30,687.9546953048787,698.3210665804025,687.9546953048787,692.2131958007812,23506870,0.0,0.0
2024-02-27 00:00:00+05:30,687.9546948776648,694.3545652339111,687.7113519923358,691.1668090820312,32087150,0.0,0.0
2024-02-28 00:00:00+05:30,691.1667470533215,693.1377886016653,683.3067606806109,685.9348754882812,25321986,0.0,0.0
2024-02-29 00:00:00+05:30,682.3820552900959,686.4215706434694,680.0459994144303,683.0147705078125,53295700,0.0,0.0
2024-03-01 00:00:00+05:30,681.360036052442,697.2989940386686,681.360036052442,696.3256225585938,34738898,0.0,0.0
2024-03-04 00:00:00+05:30,696.4228971703204,699.3673694975699,693.1864847071581,697.2745971679688,35616474,0.0,0.0
2024-03-05 00:00:00+05:30,692.0671354112525,702.2875361451739,691.8968072809968,701.2411499023438,37991672,0.0,0.0
2024-03-06 00:00:00+05:30,697.6883641851937,707.0813632922424,697.6883641851937,702.0928344726562,42409530,0.0,0.0
2024-03-07 00:00:00+05:30,703.504204064998,706.2053335588424,701.5088045068723,703.7962036132812,49348046,0.0,0.0
2024-03-11 00:00:00+05:30,695.9606385239804,703.7232526512562,692.5538381955413,694.8899536132812,50531094,0.0,0.0
2024-03-12 00:00:00+05:30,697.9073192338245,712.5078907659129,695.5955620745772,710.3421630859375,65418454,0.0,0.0
2024-03-13 00:00:00+05:30,713.2379447418698,716.2067158438075,705.7429725398497,710.755859375,63067454,0.0,0.0
2024-03-14 00:00:00+05:30,711.5832127948388,713.4812990740788,702.9202422173576,708.3467407226562,52432158,0.0,0.0
2024-03-15 00:00:00+05:30,705.6943406988961,710.2205419583659,701.9225261192986,706.9840698242188,143613804,0.0,0.0
2024-03-18 00:00:00+05:30,704.2343003680048,708.6144722431341,698.7834435762417,703.77197265625,21437856,0.0,0.0
2024-03-19 00:00:00+05:30,698.6373444116205,706.8623448833252,698.6373444116205,705.3779296875,36183594,0.0,0.0
2024-03-20 00:00:00+05:30,705.2320233558721,706.4973944482159,693.3568789456579,696.4716796875,43606094,0.0,0.0
2024-03-21 00:00:00+05:30,702.0928435492851,706.3026871236781,700.0001304926251,703.6259155273438,28922860,0.0,0.0
2024-03-22 00:00:00+05:30,701.3141208411934,706.0593065998343,699.7323922549797,702.2144775390625,45980326,0.0,0.0
2024-03-26 00:00:00+05:30,694.5978614753975,699.8297331586394,692.1401341445468,693.7218627929688,56844290,0.0,0.0
2024-03-27 00:00:00+05:30,692.8215385852401,704.6966236214441,691.7021375713913,701.1681518554688,62168668,0.0,0.0
2024-03-28 00:00:00+05:30,701.1680685036345,710.804469186373,701.1680685036345,704.6722412109375,55592142,0.0,0.0
2024-04-01 00:00:00+05:30,709.5878149173326,717.2774734382766,708.4197572494843,715.67138671875,25199570,0.0,0.0
2024-04-02 00:00:00+05:30,713.0676337207477,727.5221766350272,712.1429189199621,720.367919921875,41225446,0.0,0.0
2024-04-03 00:00:00+05:30,716.450076374618,727.9115494819865,716.109420115624,721.414306640625,45584386,0.0,0.0
2024-04-04 00:00:00+05:30,731.9754091764817,744.6292393883092,731.9754091764817,743.461181640625,88935066,0.0,0.0
2024-04-05 00:00:00+05:30,749.0093625181328,756.5529915753328,744.7022055513205,754.1439208984375,59055902,0.0,0.0
2024-04-08 00:00:00+05:30,756.7719438017782,757.891344732456,750.2504026191882,752.7081298828125,20482940,0.0,0.0
2024-04-09 00:00:00+05:30,756.7233723625303,756.7233723625303,749.64212991684,753.6572875976562,21884494,0.0,0.0
2024-04-10 00:00:00+05:30,754.3142814277871,754.3142814277871,746.0649220391629,747.7196655273438,27807400,0.0,0.0
2024-04-12 00:00:00+05:30,740.2490112702176,744.5561681914903,736.5745101656407,739.2512817382812,41084208,0.0,0.0
2024-04-15 00:00:00+05:30,728.8362596129997,734.8954733611977,726.1594880212867,727.4491577148438,23415248,0.0,0.0
2024-04-16 00:00:00+05:30,723.7016987771374,736.3068713842836,721.3899415012858,734.5304565429688,20744886,0.0,0.0
2024-04-18 00:00:00+05:30,734.7981599763604,739.2026303131596,725.6728022773389,727.4491577148438,34234884,0.0,0.0
2024-04-19 00:00:00+05:30,723.4827148610226,747.0382572891224,720.4165709168466,745.2619018554688,34576434,0.0,0.0
2024-04-22 00:00:00+05:30,757.9644186413883,757.9644186413883,734.0681595769883,735.9661865234375,42298438,0.0,0.0
2024-04-23 00:00:00+05:30,742.8284760660457,742.9257894510552,731.6103458842442,733.7274169921875,26827060,0.0,0.0
2024-04-24 00:00:00+05:30,737.3288649584306,740.613993564681,734.4331086916868,735.7227783203125,22441580,0.0,0.0
2024-04-25 00:00:00+05:30,733.0704121681982,739.616311752735,733.0704121681982,735.260498046875,35445204,0.0,0.0
2024-04-26 00:00:00+05:30,739.6650141563123,743.6558134751455,732.729742335618,734.7981567382812,24854694,0.0,0.0
2024-04-29 00:00:00+05:30,737.3289207914913,746.7949349875348,733.216449914726,744.3858642578125,36093350,0.0,0.0
2024-04-30 00:00:00+05:30,744.2398024289921,749.2526892649995,737.2802320622603,739.8109741210938,52307382,0.0,0.0
2024-05-02 00:00:00+05:30,740.7357142083232,748.0360004850149,739.9326708359107,745.7242431640625,33475006,0.0,0.0
2024-05-03 00:00:00+05:30,746.2108990812835,749.7880273318675,733.5327119903678,739.567626953125,31865242,0.0,0.0
2024-05-06 00:00:00+05:30,740.7357053714223,746.819277196089,738.3752913854279,741.0520629882812,28793396,0.0,0.0
2024-05-07 00:00:00+05:30,740.7113274497933,741.7334150168236,732.0483570497901,733.021728515625,28480602,0.0,0.0
2024-05-08 00:00:00+05:30,728.0574791574124,728.5441648774708,720.465193806477,721.5845947265625,41687862,0.0,0.0
2024-05-09 00:00:00+05:30,717.83709973452,723.5800151607533,703.4069152466064,704.4776000976562,46281278,0.0,0.0
2024-05-10 00:00:00+05:30,709.9042861034679,716.2929072582592,703.8856637079383,709.3616333007812,27276608,9.75,0.0
2024-05-13 00:00:00+05:30,706.4509373389452,720.1655815796556,705.6122976051453,717.9208984375,27047202,0.0,0.0
2024-05-14 00:00:00+05:30,716.4408878596623,722.9775322143812,715.4789152317669,720.7328491210938,25665142,0.0,0.0
2024-05-15 00:00:00+05:30,720.1161379403006,720.1161379403006,708.3255604595557,709.6575317382812,38931996,0.0,0.0
2024-05-16 00:00:00+05:30,713.3822271543565,721.5221990437014,708.1775543730138,720.3875122070312,34945236,0.0,0.0
2024-05-17 00:00:00+05:30,713.4562165510583,724.210870736283,713.4562165510583,722.286865234375,20920190,0.0,0.0
2024-05-21 00:00:00+05:30,715.380219686854,725.0495080646152,715.380219686854,719.6722412109375,43769978,0.0,0.0
2024-05-22 00:00:00+05:30,719.2035821431577,723.0269026870767,714.4182889056816,719.8695678710938,39996278,0.0,0.0
2024-05-23 00:00:00+05:30,719.5982164877166,737.8514873644924,718.808897899437,736.3468017578125,40861920,0.0,0.0
2024-05-24 00:00:00+05:30,733.8308016870678,749.814758588212,733.0908042399884,748.4827270507812,31060206,0.0,0.0
2024-05-27 00:00:00+05:30,751.5168000055969,762.1974428837648,749.3955099218479,753.6627807617188,29385440,0.0,0.0
2024-05-28 00:00:00+05:30,754.8467837037828,757.7821433020647,752.2321619595608,755.0441284179688,27908904,0.0,0.0
2024-05-29 00:00:00+05:30,748.8774560751649,751.763434227272,740.6141508121484,744.0921630859375,35147706,0.0,0.0
2024-05-30 00:00:00+05:30,739.6027730570852,751.6400771573121,738.8381451452329,747.3234252929688,33755350,0.0,0.0
2024-05-31 00:00:00+05:30,749.370736784836,757.7573743920395,746.9040786650703,755.5620727539062,74079588,0.0,0.0
2024-06-03 00:00:00+05:30,788.8373406823981,788.8373406823981,764.6640888415991,775.6160278320312,72637256,0.0,0.0
2024-06-04 00:00:00+05:30,768.1173430540747,769.1040063078372,717.304185485308,731.684814453125,89531240,0.0,0.0
2024-06-05 00:00:00+05:30,737.062160780223,769.4000136473305,731.2901444599279,765.5520629882812,81631650,0.0,0.0
2024-06-06 00:00:00+05:30,772.0147015010076,772.2859977724349,762.9867083301413,769.4493408203125,46422870,0.0,0.0
2024-06-07 00:00:00+05:30,770.1154063679018,781.6099978301712,765.6754214599775,776.183349609375,36712216,0.0,0.0
2024-06-10 00:00:00+05:30,776.5039961939522,779.7846636223554,768.4133453075493,770.2387084960938,22454058,0.0,0.0
2024-06-11 00:00:00+05:30,767.6240504407497,775.0240252200629,765.7493660748642,771.9653930664062,29545326,0.0,0.0
2024-06-12 00:00:00+05:30,776.9973227739393,783.5586575880445,772.7546827700062,776.5780029296875,39280436,0.0,0.0
2024-06-13 00:00:00+05:30,780.3273770852536,782.2760131134276,776.5040566032491,779.8340454101562,24120192,0.0,0.0
2024-06-14 00:00:00+05:30,781.4372796414563,788.8372538804852,778.3292663726063,787.80126953125,25540554,0.0,0.0
2024-06-18 00:00:00+05:30,787.8013228802739,794.5106212671108,784.1259659599784,793.1786499023438,32415714,0.0,0.0
2024-06-19 00:00:00+05:30,795.941305047812,823.8145435842582,791.3039754417663,817.869873046875,90131196,0.0,0.0
2024-06-20 00:00:00+05:30,823.7651872236406,829.5124525875813,814.983860042712,823.5431518554688,41408742,0.0,0.0
2024-06-21 00:00:00+05:30,825.2697933574087,825.2697933574087,810.6178682451445,821.7671508789062,51630776,0.0,0.0
2024-06-24 00:00:00+05:30,812.5172157896385,826.3798229097616,811.9005512360641,825.0478515625,28544994,0.0,0.0
2024-06-25 00:00:00+05:30,824.4065232844747,847.025767804676,824.4065232844747,844.2631225585938,74521548,0.0,0.0
2024-06-26 00:00:00+05:30,842.5857736709851,844.041138181783,834.2731473521208,839.40380859375,47596666,0.0,0.0
2024-06-27 00:00:00+05:30,836.7397746618053,845.0770913433391,832.0531241260426,836.7644653320312,55074650,0.0,0.0
2024-06-28 00:00:00+05:30,837.4797542547091,841.9197388781129,828.3037980772367,830.6718139648438,26476046,0.0,0.0
2024-07-01 00:00:00+05:30,828.7971921822882,842.2651706437105,828.7971921822882,841.2291259765625,21187024,0.0,0.0
2024-07-02 00:00:00+05:30,846.0637432263002,855.8810546817267,840.0204307746837,853.7597045898438,45921690,0.0,0.0
2024-07-03 00:00:00+05:30,883.5570176331604,885.0370126375711,870.5577402219837,872.5310668945312,123217802,0.0,0.0
2024-07-04 00:00:00+05:30,868.1404005851939,868.1404005851939,850.9231133709549,852.0578002929688,45848658,0.0,0.0
2024-07-05 00:00:00+05:30,831.2638253093144,831.2638253093144,810.1492067263514,813.0598754882812,82242548,0.0,0.0
2024-07-08 00:00:00+05:30,811.678583484828,816.4391857049037,802.7246020410699,806.7698974609375,39087800,0.0,0.0
2024-07-09 00:00:00+05:30,801.6639054458949,812.3691778178521,799.369901303005,807.3372192382812,48550878,0.0,0.0
2024-07-10 00:00:00+05:30,804.1059188594888,809.0639261539534,799.5672916548901,802.2066040039062,45507182,0.0,0.0
2024-07-11 00:00:00+05:30,801.1458762280633,802.0832183690328,789.8239394111588,800.1345825195312,44177074,0.0,0.0
2024-07-12 00:00:00+05:30,800.1839277769812,808.2745787950348,794.8312914757237,800.5292358398438,56049960,0.0,0.0
2024-07-15 00:00:00+05:30,800.9239527377698,804.031966294815,796.8292758573642,800.2332763671875,33375694,0.0,0.0
2024-07-16 00:00:00+05:30,799.5673062806881,802.6506292263948,797.6186702674619,799.073974609375,28950324,0.0,0.0
2024-07-18 00:00:00+05:30,793.2772787604164,801.1458943462288,788.9113057816174,796.6319580078125,33717064,0.0,0.0
2024-07-19 00:00:00+05:30,797.2239682199486,800.6772898644657,791.0573224261681,792.9320068359375,26002152,0.0,0.0
2024-07-22 00:00:00+05:30,797.7172520784763,814.4905276323838,795.5712715150735,810.3218994140625,53744822,0.0,0.0
2024-07-23 00:00:00+05:30,812.7885887086006,812.9119216218081,791.7973027922226,798.407958984375,52002152,0.0,0.0
2024-07-24 00:00:00+05:30,793.3513220807449,799.6906218755655,783.4353677463822,791.3286743164062,61728206,0.0,0.0
2024-07-25 00:00:00+05:30,785.8773432331659,801.6639565310072,785.8773432331659,797.5199584960938,25535732,0.0,0.0
2024-07-26 00:00:00+05:30,791.7972838101718,800.0605887969758,787.5792741911353,798.2846069335938,43810540,0.0,0.0
2024-07-29 00:00:00+05:30,796.7306475152811,805.0432741154053,788.4920327099303,791.822021484375,51001148,0.0,0.0
2024-07-30 00:00:00+05:30,790.3172853310259,806.4738965011826,788.8372904146756,797.001953125,54595834,0.0,0.0
2024-07-31 00:00:00+05:30,796.237255579839,803.0945773220608,793.8692396532248,797.1005859375,37820484,0.0,0.0
2024-08-01 00:00:00+05:30,800.627938629233,814.0219048337823,798.1859108540549,808.471923828125,26215174,0.0,0.0
2024-08-02 00:00:00+05:30,804.6238722852388,824.1104712768188,804.6238722852388,818.5111694335938,44119238,0.0,0.0
2024-08-05 00:00:00+05:30,809.1131991555811,812.02386783421,789.8239443515008,797.1005859375,41333634,0.0,0.0
2024-08-06 00:00:00+05:30,804.1305829139676,805.5858871810888,786.0253355957136,789.922607421875,45116050,0.0,0.0
2024-08-07 00:00:00+05:30,797.7172336137804,804.130544706532,790.415901512036,800.9238891601562,42346264,0.0,0.0
2024-08-08 00:00:00+05:30,801.1705962949537,815.6252376687839,798.8272709671206,810.3958740234375,33976950,0.0,0.0
2024-08-09 00:00:00+05:30,814.9838462106346,820.1885189537674,811.9252142176729,814.0958251953125,26644618,0.0,0.0
2024-08-12 00:00:00+05:30,814.9838840860709,826.7991529902637,812.6898798741655,818.9798583984375,39316196,0.0,0.0
2024-08-13 00:00:00+05:30,803.1438891669751,805.314560371115,789.8979470194763,790.9092407226562,54055042,0.0,0.0
2024-08-14 00:00:00+05:30,792.5372946697382,796.0892584565494,790.9092761384464,793.1786499023438,32334428,0.0,0.0
2024-08-16 00:00:00+05:30,803.3906439659711,806.1779800129083,794.757339532809,805.1666259765625,27849246,0.0,0.0
2024-08-19 00:00:00+05:30,807.9045746403995,807.9045746403995,801.0225621096914,804.895263671875,19502164,0.0,0.0
2024-08-20 00:00:00+05:30,802.8726105839366,812.0239372458545,802.8726105839366,807.9292602539062,31134494,0.0,0.0
2024-08-21 00:00:00+05:30,803.1932814957441,806.3753069063249,798.1120014172305,802.0586547851562,47630904,0.0,0.0
2024-08-22 00:00:00+05:30,805.1172807347715,808.2252943260683,803.1439540663039,804.77197265625,21300638,0.0,0.0
2024-08-23 00:00:00+05:30,806.1038926835937,806.1038926835937,800.6772446912317,801.6885986328125,20333422,0.0,0.0
2024-08-26 00:00:00+05:30,805.2159251748899,812.9858989531632,805.2159251748899,809.0392456054688,22364266,0.0,0.0
2024-08-27 00:00:00+05:30,810.7412543536698,812.714580974844,805.2159036816922,807.9539184570312,35773244,0.0,0.0
2024-08-28 00:00:00+05:30,807.9539173658313,808.9405806750858,804.2292392849356,807.6332397460938,26921188,0.0,0.0
2024-08-29 00:00:00+05:30,810.0505418236547,811.2345497877237,804.6979056469421,808.3485717773438,49052604,0.0,0.0
2024-08-30 00:00:00+05:30,816.9572296027775,819.9172195651064,799.7646332824804,807.5346069335938,445342100,0.0,0.0
2024-09-02 00:00:00+05:30,812.4185353190471,812.4185353190471,800.7758609185206,802.6258544921875,34049680,0.0,0.0
2024-09-03 00:00:00+05:30,806.1039427589494,809.0392420850643,801.466613051357,807.756591796875,37282860,0.0,0.0
2024-09-04 00:00:00+05:30,808.5705516272349,811.4318992052836,805.1172301742814,809.951904296875,24682744,0.0,0.0
2024-09-05 00:00:00+05:30,812.0238589250097,813.947864316631,810.0505324148638,811.7525024414062,22876318,0.0,0.0
2024-09-06 00:00:00+05:30,808.2252499925564,812.8872099026286,806.1532209716318,807.5592041015625,26029602,0.0,0.0
2024-09-09 00:00:00+05:30,808.0772497858858,813.2572321563082,804.1799176724811,812.2705688476562,23792914,0.0,0.0
2024-09-10 00:00:00+05:30,815.9705333718649,815.9705333718649,808.0772271240113,814.1698608398438,26606646,0.0,0.0
2024-09-11 00:00:00+05:30,814.1945707781381,815.2305552034559,808.6692201411954,810.9879150390625,22226684,0.0,0.0
2024-09-12 00:00:00+05:30,815.970556634334,823.8638631072175,812.541925723635,822.1865234375,32424046,0.0,0.0
2024-09-13 00:00:00+05:30,825.8371886289187,825.8371886289187,817.4752411837702,821.8658447265625,23860532,0.0,0.0
2024-09-16 00:00:00+05:30,822.383822656841,827.7118283198007,820.9285184448568,824.3324584960938,15172820,0.0,0.0
2024-09-17 00:00:00+05:30,827.8104775064535,827.8104775064535,820.9778464556504,823.2718505859375,20127122,0.0,0.0
2024-09-18 00:00:00+05:30,824.7764529489335,838.1210972952287,824.4064542356848,836.0984497070312,40917342,0.0,0.0
2024-09-19 00:00:00+05:30,838.2691083056365,848.0370989791965,838.2444778560398,842.8571166992188,30651776,0.0,0.0
2024-09-20 00:00:00+05:30,846.8037464482039,860.8390072921377,842.3884524296358,858.989013671875,60623386,0.0,0.0
2024-09-23 00:00:00+05:30,862.8370939539058,871.3963864151646,858.5204418257773,868.1651000976562,26965350,0.0,0.0
2024-09-24 00:00:00+05:30,870.7303607683197,878.9443447710721,865.4270455398441,872.2350463867188,33039036,0.0,0.0
2024-09-25 00:00:00+05:30,868.3376691203036,882.0769427901153,868.3376691203036,877.686279296875,31965312,0.0,0.0
2024-09-26 00:00:00+05:30,874.7017352717152,882.0770195965482,872.2350769395101,879.8323364257812,31899644,0.0,0.0
2024-09-27 00:00:00+05:30,876.6503084858455,877.2422823547212,863.3303544458242,864.6376953125,35613502,0.0,0.0
2024-09-30 00:00:00+05:30,862.738402689165,864.0456833682003,850.701098537286,854.47509765625,26383534,0.0,0.0
2024-10-01 00:00:00+05:30,850.5037447767241,859.3837142697525,848.5797393423385,851.5890502929688,24572284,0.0,0.0
2024-10-03 00:00:00+05:30,846.3844351066934,851.5644172954591,825.5164827720641,829.7838134765625,48473398,0.0,0.0
2024-10-04 00:00:00+05:30,826.083866681385,834.0511850540141,815.4772359655595,817.771240234375,48683232,0.0,0.0
2024-10-07 00:00:00+05:30,815.0824984433904,818.4371776300311,795.7439225540929,798.1119384765625,94458296,0.0,0.0
2024-10-08 00:00:00+05:30,804.1306032900168,817.3519158252083,800.1839500223357,814.5152587890625,29734406,0.0,0.0
2024-10-09 00:00:00+05:30,813.7505304861846,817.3271848335777,803.4892084079638,805.6845703125,41125642,0.0,0.0
2024-10-10 00:00:00+05:30,808.5705299330368,821.6191272702827,805.363874384187,820.114501953125,21754766,0.0,0.0
2024-10-11 00:00:00+05:30,821.1258260358886,821.1258260358886,810.6672193318118,814.4905395507812,23672594,0.0,0.0
2024-10-14 00:00:00+05:30,816.9819085005773,834.741848018609,815.9705545228965,832.7931518554688,18527508,0.0,0.0
2024-10-15 00:00:00+05:30,835.7038196244212,837.6771462351046,826.5771840500105,830.81982421875,19651130,0.0,0.0
2024-10-16 00:00:00+05:30,828.8465156450762,842.585790426718,828.8465156450762,838.565185546875,20470682,0.0,0.0
2024-10-17 00:00:00+05:30,836.1724403142362,837.5044718768119,821.4958240034423,825.4178466796875,14695732,0.0,0.0
2024-10-18 00:00:00+05:30,820.4598702584595,834.2238355924767,816.0198853262701,829.7098388671875,24809724,0.0,0.0
2024-10-21 00:00:00+05:30,846.063768270474,862.4177242903107,844.1151323678729,852.8223876953125,46548354,0.0,0.0
2024-10-22 00:00:00+05:30,853.4884373802005,858.3970631644344,843.9424218629189,845.841796875,38875280,0.0,0.0
2024-10-23 00:00:00+05:30,841.1551854708522,861.603759041874,841.1551854708522,856.3251342773438,38036090,0.0,0.0
2024-10-24 00:00:00+05:30,857.4597103207274,872.5310159915173,857.4597103207274,863.15771484375,30832258,0.0,0.0
2024-10-25 00:00:00+05:30,865.7970368926951,867.2030200365818,852.8223905419693,860.0744018554688,26130478,0.0,0.0
2024-10-28 00:00:00+05:30,859.383716444917,863.8237012026692,852.9210840084185,855.5357055664062,22012142,0.0,0.0
2024-10-29 00:00:00+05:30,851.5644426318723,870.2370336046123,851.0464203091243,864.2430419921875,35794926,0.0,0.0
2024-10-30 00:00:00+05:30,859.3836983279829,865.6736766021975,850.6023712370916,855.7330322265625,32715724,0.0,0.0
2024-10-31 00:00:00+05:30,852.4771270596069,857.8544543150349,848.2344867353692,856.2757568359375,22895912,0.0,0.0
2024-11-01 00:00:00+05:30,854.9437133825962,860.4196824223525,851.5397130969706,857.0650634765625,1759692,0.0,0.0
2024-11-04 00:00:00+05:30,860.8637106769045,860.8637106769045,844.0411138190809,845.6197509765625,28089248,0.0,0.0
2024-11-05 00:00:00+05:30,840.1437747820238,869.5956493162819,837.6277954866241,867.2030029296875,44232406,0.0,0.0
2024-11-06 00:00:00+05:30,873.9369881601011,873.9369881601011,861.0363539084846,865.9203491210938,27787910,0.0,0.0
2024-11-07 00:00:00+05:30,860.5184217555121,868.7323455565536,857.4104082699865,861.62841796875,18895456,0.0,0.0
2024-11-08 00:00:00+05:30,864.3169963876733,869.15167034177,861.2829948869464,865.525634765625,19902986,0.0,0.0
2024-11-11 00:00:00+05:30,865.5750573030832,879.5116762015548,863.9223481240455,871.3717041015625,24565362,0.0,0.0
2024-11-12 00:00:00+05:30,874.1837241378527,875.6637191561447,842.931174712482,847.6424560546875,31395406,0.0,0.0
2024-11-13 00:00:00+05:30,846.9270867373347,853.1677439816382,825.3438276461692,829.463134765625,35728500,0.0,0.0
2024-11-14 00:00:00+05:30,825.39317914741,841.05645917869,824.8998474928816,835.087158203125,27146470,0.0,0.0
2024-11-18 00:00:00+05:30,838.6637692715708,847.987749103584,836.1971111266544,841.1797485351562,27081968,0.0,0.0
2024-11-19 00:00:00+05:30,845.5704607570133,865.1803941380466,839.9957889401087,859.507080078125,50981272,0.0,0.0
2024-11-21 00:00:00+05:30,863.0343691875372,867.7703408111802,855.5356922473849,858.989013671875,35716512,0.0,0.0
2024-11-22 00:00:00+05:30,860.148374275574,865.4516892160756,853.2417315623627,861.15966796875,24773612,0.0,0.0
2024-11-25 00:00:00+05:30,880.6216480727867,889.7482832055338,870.6810037082952,880.8929443359375,427737274,0.0,0.0
2024-11-26 00:00:00+05:30,892.9302818593218,892.9302818593218,873.0983737208503,880.8683471679688,30935566,0.0,0.0
2024-11-27 00:00:00+05:30,883.0143007972586,896.5562300169572,880.6709755435701,894.06494140625,32714976,0.0,0.0
2024-11-28 00:00:00+05:30,897.3702251985009,905.8061839354122,882.07694483503,884.6176147460938,35722392,0.0,0.0
2024-11-29 00:00:00+05:30,888.6383310231244,890.2662893460416,879.561016559754,886.04833984375,27669536,0.0,0.0
2024-12-02 00:00:00+05:30,889.7236388960249,892.0176431336934,875.6636867426915,890.3156127929688,15110876,0.0,0.0
2024-12-03 00:00:00+05:30,899.1955156163089,906.4475265301775,895.9395389832724,900.9715576171875,43410242,0.0,0.0
2024-12-04 00:00:00+05:30,906.7435619082082,920.0635162996781,903.3642521901575,917.6461791992188,44669084,0.0,0.0
2024-12-05 00:00:00+05:30,917.596875706611,927.4388181075851,905.3622266087298,920.4335327148438,39682714,0.0,0.0
2024-12-06 00:00:00+05:30,916.1168429341786,919.6688066050771,909.7035317020062,915.5494995117188,17783156,0.0,0.0
2024-12-09 00:00:00+05:30,914.4642517338581,927.4635290462065,912.1702474502318,922.5302124023438,26947912,0.0,0.0
2024-12-10 00:00:00+05:30,926.3288062229569,926.3288062229569,916.881553393078,921.5928344726562,13325480,0.0,0.0
2024-12-11 00:00:00+05:30,918.4354833328279,923.4675021564423,915.9935158212785,919.1261596679688,14045426,0.0,0.0
2024-12-12 00:00:00+05:30,913.1568815747593,921.864197216933,912.0221946944998,917.2268676757812,17293790,0.0,0.0
2024-12-13 00:00:00+05:30,918.8301759997277,924.9968214762359,902.4268990322158,923.3934936523438,19009002,0.0,0.0
2024-12-16 00:00:00+05:30,920.1128492893367,922.5054957499956,915.2535445762154,920.1621704101562,13107082,0.0,0.0
2024-12-17 00:00:00+05:30,915.7962178924912,918.7562078618506,901.0702798391582,904.4002685546875,21079532,0.0,0.0
2024-12-18 00:00:00+05:30,902.7229483325016,905.7569501607671,891.5243434620028,893.275634765625,23422312,0.0,0.0
2024-12-19 00:00:00+05:30,887.7995941182149,888.5395915672278,877.6369745293333,884.790283203125,25380770,0.0,0.0
2024-12-20 00:00:00+05:30,879.2156362475025,886.7883251977108,871.7417099804251,873.93701171875,25692348,0.0,0.0
2024-12-23 00:00:00+05:30,879.1169941259847,890.956953642833,878.7716860618692,888.4902954101562,11044592,0.0,0.0
2024-12-24 00:00:00+05:30,889.0083275055933,892.2889348142179,882.8416818560752,887.0596313476562,14485834,0.0,0.0
2024-12-26 00:00:00+05:30,887.2816657547127,893.916952377888,878.5003382709294,883.4336547851562,10481678,0.0,0.0
2024-12-27 00:00:00+05:30,885.4316968356189,890.9322967259654,882.6196702111419,887.1336669921875,7259330,0.0,0.0
2024-12-30 00:00:00+05:30,884.1489668763874,895.3969526845203,873.6903598921683,877.0943603515625,22222218,0.0,0.0
2024-12-31 00:00:00+05:30,873.3450067875037,879.0183205202264,871.0263119988338,874.6029663085938,14117236,0.0,0.0
2025-01-01 00:00:00+05:30,874.8989910757854,885.0369805772112,868.80635723923,879.4869995117188,7313806,0.0,0.0
2025-01-02 00:00:00+05:30,876.699651347947,889.6989281059142,874.6770036544534,884.9136352539062,18558576,0.0,0.0
2025-01-03 00:00:00+05:30,883.5569553072743,885.6536147489581,861.5050553855514,862.9356689453125,24426194,0.0,0.0
2025-01-06 00:00:00+05:30,858.4463541498661,866.8823129474961,841.5251154360177,843.84375,18816348,0.0,0.0
2025-01-07 00:00:00+05:30,846.063732614296,849.0237223493897,838.6637582765616,845.2744140625,13527906,0.0,0.0
2025-01-08 00:00:00+05:30,842.7338203435289,844.4111600559388,830.4498497882179,835.8518676757812,19738190,0.0,0.0
2025-01-09 00:00:00+05:30,830.844525028491,833.237171528912,817.9932112311335,822.778564453125,40420222,0.0,0.0
2025-01-10 00:00:00+05:30,824.3571854708366,826.2811909461473,815.9705474379197,817.3272094726562,17453280,0.0,0.0
2025-01-13 00:00:00+05:30,809.0639234971638,812.3939122066796,801.3186405131205,804.5499267578125,21669066,0.0,0.0
2025-01-14 00:00:00+05:30,809.0145872775671,817.0558570637163,807.5839134440961,812.3198852539062,26661432,0.0,0.0
2025-01-15 00:00:00+05:30,817.2038902170349,820.2625224034592,807.2386148292592,810.568603515625,14022892,0.0,0.0
2025-01-16 00:00:00+05:30,815.4032351586193,819.2019251337407,810.4699184801376,815.0086059570312,21212454,0.0,0.0
2025-01-17 00:00:00+05:30,810.7905598983193,814.2438814190301,803.3905852110819,807.4605712890625,23112076,0.0,0.0
2025-01-20 00:00:00+05:30,802.1572673696536,819.3991845447669,802.1572673696536,814.6138916015625,17557618,0.0,0.0
2025-01-21 00:00:00+05:30,818.0672195171876,819.4485722440602,805.6352858599316,810.2479248046875,31158144,0.0,0.0
2025-01-22 00:00:00+05:30,810.2479165643738,824.8012002853578,801.8859089377631,821.9152221679688,30619306,0.0,0.0
2025-01-23 00:00:00+05:30,832.2505181334424,832.2505181334424,814.6139111249832,821.347900390625,34909158,0.0,0.0
2025-01-24 00:00:00+05:30,818.9305795964561,824.0119199318104,811.2839386423929,813.8986206054688,24236200,0.0,0.0
2025-01-27 00:00:00+05:30,809.6065327196525,810.839861804967,802.157237088582,804.0319213867188,22804166,0.0,0.0
2025-01-28 00:00:00+05:30,812.5172453545283,830.9185403912116,812.5172453545283,824.0612182617188,30179312,0.0,0.0
2025-01-29 00:00:00+05:30,826.3304621132276,829.3644636153648,823.2964606110903,827.4651489257812,12619890,0.0,0.0
2025-01-30 00:00:00+05:30,829.2905374831995,837.6278547525732,825.1219089590883,834.4705200195312,25744846,0.0,0.0
2025-01-31 00:00:00+05:30,832.3738053097981,840.9824182950722,830.7457868177106,838.047119140625,15821686,0.0,0.0
2025-02-01 00:00:00+05:30,837.4305042201771,845.0771450539991,826.8485640579613,834.1991577148438,5587528,0.0,0.0
2025-02-03 00:00:00+05:30,823.8638327488314,832.1518283284162,820.6324864421063,827.8104858398438,20276540,0.0,0.0
2025-02-04 00:00:00+05:30,833.0891713164636,851.391824544325,828.8219005259823,848.9744873046875,28616502,0.0,0.0
2025-02-05 00:00:00+05:30,854.9437515638108,860.4690419690123,847.9877873258422,857.311767578125,23675506,0.0,0.0
2025-02-06 00:00:00+05:30,856.1770794811201,862.8370567631686,850.5037655001158,860.29638671875,26760716,0.0,0.0
2025-02-07 00:00:00+05:30,863.3304057123341,871.7170439392539,850.997114202158,854.8204345703125,23509600,0.0,0.0
2025-02-10 00:00:00+05:30,847.1984039096569,850.2323451556149,842.8570616226162,846.4337158203125,17195950,0.0,0.0
2025-02-11 00:00:00+05:30,840.1437497009048,844.090402664855,833.0890834393857,839.3544311523438,22724704,0.0,0.0
2025-02-12 00:00:00+05:30,835.2104321766692,844.5837329512449,829.38909497558,842.0184326171875,22809570,0.0,0.0
2025-02-13 00:00:00+05:30,838.1704689996619,845.6937766231139,835.4818356095761,837.5291137695312,12602434,0.0,0.0
2025-02-14 00:00:00+05:30,839.601120018604,839.601120018604,828.7971451888767,836.1231079101562,19959892,0.0,0.0
2025-02-17 00:00:00+05:30,831.3624591587258,848.5304243918573,829.413823260936,847.2230834960938,12938946,0.0,0.0
2025-02-18 00:00:00+05:30,845.1017788797033,854.2284140997132,841.697778564227,850.0350952148438,16350910,0.0,0.0
2025-02-19 00:00:00+05:30,847.0504387449713,857.3610822217985,844.8057556604201,852.0823974609375,11884112,0.0,0.0
2025-02-20 00:00:00+05:30,844.0904430253034,845.9157460199498,831.4118438608401,832.2998046875,26390510,0.0,0.0
2025-02-21 00:00:00+05:30,829.2411711352042,836.1724445897772,827.4404985932164,834.9638061523438,15680940,0.0,0.0
2025-02-24 00:00:00+05:30,829.339781575346,830.8690975664632,819.4731490892408,827.366455078125,20693646,0.0,0.0
2025-02-25 00:00:00+05:30,824.406500920576,832.7438177754724,824.406500920576,829.9564819335938,24138708,0.0,0.0
2025-02-27 00:00:00+05:30,830.0552335524236,843.9671626938127,830.0552335524236,839.0091552734375,35786800,0.0,0.0
2025-02-28 00:00:00+05:30,831.2638337603047,857.0404125816553,831.2638337603047,854.6477661132812,54516728,0.0,0.0
2025-03-03 00:00:00+05:30,858.2984018170607,859.9017296292334,835.7531099870528,839.428466796875,21205364,0.0,0.0
2025-03-04 00:00:00+05:30,837.6771272358142,845.7184570804238,835.3338019387764,843.5971069335938,19920958,0.0,0.0
2025-03-05 00:00:00+05:30,839.6257577393887,843.991790915382,832.8671383829512,833.73046875,21583872,0.0,0.0
2025-03-06 00:00:00+05:30,832.2504799228543,838.6144701478811,824.973838204501,834.3224487304688,32966088,0.0,0.0
2025-03-07 00:00:00+05:30,829.7838192395386,839.2311321984157,827.6131479773222,833.3604736328125,13372914,0.0,0.0
2025-03-10 00:00:00+05:30,833.2371287977431,838.6144556459366,830.3018296675241,832.4971313476562,15604050,0.0,0.0
2025-03-11 00:00:00+05:30,829.9811819724781,835.7038170818192,823.8885481247595,831.510498046875,19898430,0.0,0.0
2025-03-12 00:00:00+05:30,834.4951408301645,847.7904041385841,834.4951408301645,844.1644287109375,18784106,0.0,0.0
2025-03-13 00:00:00+05:30,846.5818201293218,848.9251455168071,838.6885135609504,841.9197998046875,15736264,0.0,0.0
2025-03-17 00:00:00+05:30,841.1304307424771,850.5037317302232,841.1304307424771,843.79443359375,18950652,0.0,0.0
2025-03-18 00:00:00+05:30,843.79443359375,843.79443359375,843.79443359375,843.79443359375,0,0.0,0.0
2025-03-19 00:00:00+05:30,855.930432694155,863.823739278078,854.5490799535085,860.4197387695312,15221406,0.0,0.0
2025-03-20 00:00:00+05:30,865.3037412350927,875.1703745445009,862.985106495842,872.5803833007812,17833978,0.0,0.0
2025-03-21 00:00:00+05:30,866.0684175252852,875.2196836615442,866.0684175252852,873.3696899414062,33508264,0.0,0.0
2025-03-24 00:00:00+05:30,877.6369838460287,890.1676194932312,874.997671627427,887.9969482421875,17393736,0.0,0.0
2025-03-25 00:00:00+05:30,890.4143157035983,909.5555477752322,888.7369760332164,898.5789184570312,39101416,0.0,0.0
2025-03-26 00:00:00+05:30,900.3302775382388,901.5636066855513,888.9836493829623,891.2283325195312,24478442,0.0,0.0
2025-03-27 00:00:00+05:30,887.9969842041877,908.2235821777275,887.0596420099644,900.5029296875,41658100,0.0,0.0
2025-03-28 00:00:00+05:30,902.3036249715724,905.7569466636451,890.8829847599874,901.908935546875,28773648,0.0,0.0
2025-04-01 00:00:00+05:30,888.9836405685396,892.8809726796349,870.9030234039785,872.1363525390625,28511006,0.0,0.0
2025-04-02 00:00:00+05:30,873.5423260418547,887.602278026219,873.5423260418547,886.4676513671875,11573564,0.0,0.0
2025-04-03 00:00:00+05:30,878.6729886492828,889.9702954640933,876.6503409310941,885.456298828125,11250038,0.0,0.0
2025-04-04 00:00:00+05:30,894.4102660639704,908.6921929973271,893.4729239008652,896.5316162109375,33540454,0.0,0.0
2025-04-07 00:00:00+05:30,869.6450067324856,878.0562747489253,857.5090006629878,867.1289672851562,37995450,0.0,0.0
2025-04-08 00:00:00+05:30,870.730371547347,879.1170096868965,863.4784203033727,872.7777099609375,35563872,0.0,0.0
2025-04-09 00:00:00+05:30,870.7303466796875,875.6636630914704,865.0570328061372,870.7303466796875,22454608,0.0,0.0
2025-04-11 00:00:00+05:30,875.540352413462,897.567622795633,875.540352413462,891.3269653320312,32775766,0.0,0.0
2025-04-15 00:00:00+05:30,920.0634812745557,925.8848185421238,915.1301650210728,920.01416015625,49298344,0.0,0.0
2025-04-16 00:00:00+05:30,929.3381542000717,929.3381542000717,917.8435030643678,926.476806640625,19136820,0.0,0.0
2025-04-17 00:00:00+05:30,928.4501090482869,947.0486870380013,925.8354273732423,940.6353759765625,35703084,0.0,0.0
2025-04-21 00:00:00+05:30,949.170085798879,962.3420166432835,942.2634427629204,950.6994018554688,34247298,0.0,0.0
2025-04-22 00:00:00+05:30,954.5967457498784,972.1593405008402,954.5967457498784,967.7686767578125,45961750,0.0,0.0
2025-04-23 00:00:00+05:30,976.2540297557508,976.2540297557508,947.4434488933124,949.1207885742188,30570642,0.0,0.0
2025-04-24 00:00:00+05:30,942.2634238174406,949.1207455952106,939.8460867592294,945.6181030273438,25931754,0.0,0.0
2025-04-25 00:00:00+05:30,949.5647662059754,953.6100615716746,933.2848220611925,942.8554077148438,18500878,0.0,0.0
2025-04-28 00:00:00+05:30,942.8554253066497,951.982060830828,941.4741328194633,947.29541015625,13920492,0.0,0.0
2025-04-29 00:00:00+05:30,946.6048254524144,951.5381421157663,937.4288082816594,941.6715087890625,18918308,0.0,0.0
2025-04-30 00:00:00+05:30,943.7434115323153,955.5340495753018,942.4114402150566,949.6633911132812,31936870,0.0,0.0
2025-05-02 00:00:00+05:30,952.0314262519853,958.0007270723939,947.1967520748111,948.1340942382812,17840404,0.0,0.0
2025-05-05 00:00:00+05:30,956.5700467268101,962.9833580251333,953.2647488384409,955.4847412109375,15068024,0.0,0.0
2025-05-06 00:00:00+05:30,952.1300492793257,957.112686715781,949.3180830668039,952.9686889648438,17490156,0.0,0.0
2025-05-07 00:00:00+05:30,954.1033540161453,961.3553047488027,948.3807192627594,959.8259887695312,21420778,0.0,0.0
2025-05-08 00:00:00+05:30,964.364722012384,964.364722012384,946.752746184645,951.3900756835938,34803430,0.0,0.0
2025-05-09 00:00:00+05:30,942.3127568324845,946.7034204881495,930.8181657127636,932.248779296875,17188796,0.0,0.0
2025-05-12 00:00:00+05:30,946.0127244576516,966.8806765571811,943.3981029435623,965.5486450195312,18618972,0.0,0.0
2025-05-13 00:00:00+05:30,961.9967305905121,967.7686868855955,947.1967808891196,948.4794311523438,24242102,0.0,0.0
2025-05-14 00:00:00+05:30,948.2327622761527,952.2287366384547,938.8101397074491,942.5594482421875,15445308,0.0,0.0
2025-05-15 00:00:00+05:30,943.9901042439285,959.4314088460198,935.85013208818,954.0047607421875,32241458,0.0,0.0
2025-05-16 00:00:00+05:30,954.0047801554118,958.9380967138302,951.340777169636,954.44873046875,15868010,0.0,0.0
2025-05-19 00:00:00+05:30,955.5834183781088,959.5300716290252,952.6234284399217,956.4220581054688,10202964,0.0,0.0
2025-05-20 00:00:00+05:30,951.1927398071444,954.3993955236706,943.7434439560598,944.6807861328125,23879090,0.0,0.0
2025-05-21 00:00:00+05:30,950.6500948788123,960.4674068130723,947.739426083267,950.5514526367188,15132040,0.0,0.0
2025-05-22 00:00:00+05:30,944.828766015395,949.2687509312965,939.895449442171,947.1474609375,21306670,0.0,0.0
2025-05-23 00:00:00+05:30,947.2460290070277,955.583345407158,944.4833839865793,953.906005859375,9566072,0.0,0.0
2025-05-26 00:00:00+05:30,954.5967478346391,961.947401503022,950.6007734925844,957.1620483398438,10802860,0.0,0.0
2025-05-27 00:00:00+05:30,952.9194312599001,961.0100826032541,945.3714929245052,950.3048095703125,26162148,0.0,0.0
2025-05-28 00:00:00+05:30,947.295443323748,954.3501102535763,946.0621141556768,948.9234619140625,18157594,0.0,0.0
2025-05-29 00:00:00+05:30,951.1433943336576,957.4580633637506,940.9314535555673,950.896728515625,28917794,0.0,0.0
2025-05-30 00:00:00+05:30,953.0674622365118,961.4047794767922,949.8608063918771,959.4807739257812,28748078,0.0,0.0
2025-06-02 00:00:00+05:30,952.1794133521448,955.0900821550082,941.276795842849,953.1660766601562,14668822,0.0,0.0
2025-06-03 00:00:00+05:30,956.0767204883472,962.9833634640112,947.1967509482078,949.466064453125,24377584,0.0,0.0
2025-06-04 00:00:00+05:30,947.6901200517409,958.6914401720352,947.6407989299088,957.6553955078125,12961542,0.0,0.0
2025-06-05 00:00:00+05:30,961.0100588418235,966.3873858970264,957.1620478647775,961.7993774414062,22255418,0.0,0.0
2025-06-06 00:00:00+05:30,959.0366899431259,984.8379583134906,958.3953347348495,976.1552734375,30127008,0.0,0.0
2025-06-09 00:00:00+05:30,984.196594423998,984.196594423998,974.7739724063232,976.2539672851562,13202588,0.0,0.0
2025-06-10 00:00:00+05:30,978.1780428487654,978.1780428487654,967.472709657825,969.5447387695312,15533126,0.0,0.0
2025-06-11 00:00:00+05:30,970.6793723493836,970.6793723493836,960.516752091058,962.194091796875,11096394,0.0,0.0
2025-06-12 00:00:00+05:30,961.9966994408974,967.4233474890254,954.7447484104943,958.74072265625,16349130,0.0,0.0
2025-06-13 00:00:00+05:30,947.19676434732,953.6100757725884,943.7434428106371,946.0127563476562,12117762,0.0,0.0
2025-06-16 00:00:00+05:30,949.1700746468088,956.520728121515,947.2460692080249,954.7940673828125,16513746,0.0,0.0
2025-06-17 00:00:00+05:30,955.5834055099792,957.852719054467,946.7527569357399,951.9327392578125,16978736,0.0,0.0
2025-06-18 00:00:00+05:30,945.7167603313338,955.2380851367438,945.7167603313338,954.0540771484375,18433816,0.0,0.0
2025-06-19 00:00:00+05:30,954.0540746334422,960.4180648603083,949.9593979158449,954.7447509765625,16876220,0.0,0.0
2025-06-20 00:00:00+05:30,952.9193918485255,971.8140179089729,952.9193918485255,969.2486572265625,32900408,0.0,0.0
2025-06-23 00:00:00+05:30,961.2073364257812,965.8939867961492,957.9513597916495,961.2073364257812,11739518,0.0,0.0
2025-06-24 00:00:00+05:30,969.3966711141703,976.3033140635843,964.7593416610487,967.3740234375,22625322,0.0,0.0
2025-06-25 00:00:00+05:30,969.8900392545883,977.7833457795492,968.854054817417,976.8953247070312,18405932,0.0,0.0
2025-06-26 00:00:00+05:30,977.4873577522009,1000.032590400823,976.7966813877978,997.41796875,50084830,0.0,0.0
2025-06-27 00:00:00+05:30,1004.0015037809444,1007.393088107433,994.2258430942326,1004.9491577148438,28213384,11.0,0.0
2025-06-30 00:00:00+05:30,1003.2533964547342,1004.400566128524,995.2732550959096,998.2658081054688,13649020,0.0,0.0
2025-07-01 00:00:00+05:30,1000.0114368496795,1005.4977838847651,999.5126780283082,1003.5526123046875,14389386,0.0,0.0
2025-07-02 00:00:00+05:30,1007.4429706558585,1007.4429706558585,986.4950998423908,990.5350341796875,18878250,0.0,0.0
2025-07-03 00:00:00+05:30,994.9739612315547,1001.507689459166,989.6871300276722,991.0836181640625,16860506,0.0,0.0
2025-07-04 00:00:00+05:30,991.0836632772651,999.2633203019867,987.5424877454124,992.1809692382812,7863944,0.0,0.0
2025-07-07 00:00:00+05:30,992.0312782906421,996.7196233059492,989.4377568185034,991.2332763671875,11349426,0.0,0.0
2025-07-08 00:00:00+05:30,986.0462146584523,1000.0114620081927,986.0462146584523,998.2159423828125,15224316,0.0,0.0
2025-07-09 00:00:00+05:30,1001.0089360727129,1004.4005203490875,996.5699704674603,1003.1036987304688,13861428,0.0,0.0
2025-07-10 00:00:00+05:30,1005.4977851253348,1005.9965439473215,997.5176439735463,1000.6099243164062,17030310,0.0,0.0
2025-07-11 00:00:00+05:30,996.5201541247731,999.9117385623401,987.9913902076418,989.3878784179688,12516922,0.0,0.0
2025-07-14 00:00:00+05:30,989.0387573242188,991.8816582943851,982.8541356715338,989.0387573242188,13088850,0.0,0.0
2025-07-15 00:00:00+05:30,984.0511806165923,999.3131887778599,984.0511806165923,995.2732543945312,14498168,0.0,0.0
2025-07-16 00:00:00+05:30,1006.4952830829005,1008.8394251469304,993.826797075495,995.6722412109375,17994612,0.0,0.0
2025-07-17 00:00:00+05:30,999.5126501495852,999.9116815490105,988.8890631972324,990.98388671875,22529158,0.0,0.0
2025-07-18 00:00:00+05:30,990.9838927216935,996.0213445308241,974.0759568696542,976.2705078125,16129446,0.0,0.0
2025-07-21 00:00:00+05:30,986.6446826643673,998.5151670456409,985.7968170158388,997.7670288085938,22309078,0.0,0.0
2025-07-22 00:00:00+05:30,1004.051390877723,1006.4953213272488,999.0139388595042,1001.058837890625,14836814,0.0,0.0
2025-07-23 00:00:00+05:30,1003.0039954915454,1012.3806857402005,999.0139248978445,1009.6375122070312,13634916,0.0,0.0
2025-07-24 00:00:00+05:30,1016.3208076773761,1016.3208076773761,1001.7072110041944,1004.5999755859375,19107176,0.0,0.0
2025-07-25 00:00:00+05:30,1007.5,1007.5,999.5,1002.2999877929688,9306598,2.5,0.0
2025-07-28 00:00:00+05:30,1001.5,1010.7000122070312,1000.25,1004.25,12059580,0.0,0.0
2025-07-29 00:00:00+05:30,999.9500122070312,1013.25,998.1500244140625,1010.7999877929688,19895696,0.0,0.0
2025-07-30 00:00:00+05:30,1014.0,1016.2999877929688,1008.5,1012.9000244140625,15154036,0.0,0.0
2025-07-31 00:00:00+05:30,1007.2999877929688,1015.7000122070312,1004.0,1009.0999755859375,22183032,0.0,0.0
2025-08-01 00:00:00+05:30,1007.0,1014.1500244140625,1004.6500244140625,1006.0999755859375,11317258,0.0,0.0
2025-08-04 00:00:00+05:30,1005.0499877929688,1009.25,994.0499877929688,996.0,13933946,0.0,0.0
2025-08-05 00:00:00+05:30,993.25,997.2000122070312,982.75,988.7999877929688,23978058,0.0,0.0
2025-08-06 00:00:00+05:30,985.5499877929688,994.0,985.0,992.6500244140625,14080204,0.0,0.0
2025-08-07 00:00:00+05:30,990.0499877929688,1000.7999877929688,988.4000244140625,997.7000122070312,13081186,0.0,0.0
2025-08-08 00:00:00+05:30,993.5499877929688,996.4000244140625,985.0,986.9500122070312,13895264,0.0,0.0
2025-08-11 00:00:00+05:30,987.9500122070312,998.7999877929688,986.5499877929688,997.7999877929688,9105854,0.0,0.0
2025-08-12 00:00:00+05:30,995.9500122070312,998.0,983.75,984.9500122070312,12937802,0.0,0.0
2025-08-13 00:00:00+05:30,997.0,997.0,984.5499877929688,990.1500244140625,13577396,0.0,0.0
2025-08-14 00:00:00+05:30,989.0,998.0,985.5999755859375,995.5499877929688,17511716,0.0,0.0
2025-08-18 00:00:00+05:30,1005.0,1013.2999877929688,997.7999877929688,1001.7999877929688,19284796,0.0,0.0
2025-08-19 00:00:00+05:30,999.1500244140625,1003.0499877929688,993.3499755859375,995.5499877929688,12352438,0.0,0.0
2025-08-20 00:00:00+05:30,993.5,996.0,989.5,994.0999755859375,9950228,0.0,0.0
2025-08-21 00:00:00+05:30,998.75,998.75,991.5999755859375,995.5999755859375,12439850,0.0,0.0
2025-08-22 00:00:00+05:30,994.9500122070312,998.0,978.5499877929688,982.2999877929688,19833502,0.0,0.0
2025-08-25 00:00:00+05:30,980.0999755859375,988.7000122070312,978.5,982.0499877929688,17518044,0.0,0.0
2025-08-26 00:00:00+05:30,979.5,985.7000122070312,968.0,973.4000244140625,16917731,0.0,2.0
2025-08-28 00:00:00+05:30,967.0,972.2000122070312,955.0,957.7999877929688,25438255,0.0,0.0
2025-08-29 00:00:00+05:30,954.0,963.2999877929688,950.0999755859375,951.5999755859375,14823813,0.0,0.0
2025-09-01 00:00:00+05:30,949.5999755859375,957.4500122070312,946.3499755859375,950.5999755859375,20178344,0.0,0.0
2025-09-02 00:00:00+05:30,951.0,954.7999877929688,944.0,944.5,14196320,0.0,0.0
2025-09-03 00:00:00+05:30,945.0,956.2999877929688,940.0,954.4500122070312,16083481,0.0,0.0
2025-09-04 00:00:00+05:30,960.2000122070312,965.7000122070312,956.25,961.25,17597657,0.0,0.0
2025-09-05 00:00:00+05:30,967.5,967.5,954.0499877929688,963.4000244140625,11602111,0.0,0.0
2025-09-08 00:00:00+05:30,969.0,973.1500244140625,960.4500122070312,966.0,11711307,0.0,0.0
2025-09-09 00:00:00+05:30,974.0,974.4000244140625,962.7000122070312,965.1500244140625,13985539,0.0,0.0
2025-09-10 00:00:00+05:30,973.9000244140625,973.9000244140625,961.7000122070312,965.9000244140625,18091100,0.0,0.0
2025-09-11 00:00:00+05:30,960.2999877929688,969.25,959.9000244140625,967.7999877929688,15113633,0.0,0.0
2025-09-12 00:00:00+05:30,969.9000244140625,970.75,962.25,967.2999877929688,14363519,0.0,0.0
2025-09-15 00:00:00+05:30,969.5999755859375,972.3499755859375,965.0,967.0499877929688,14486377,0.0,0.0
2025-09-16 00:00:00+05:30,961.2000122070312,969.3499755859375,961.2000122070312,966.8499755859375,18661794,0.0,0.0
2025-09-17 00:00:00+05:30,965.1500244140625,974.4000244140625,964.3499755859375,966.5,17361476,0.0,0.0
2025-09-18 00:00:00+05:30,973.2999877929688,979.6500244140625,969.25,976.9000244140625,17791598,0.0,0.0
2025-09-19 00:00:00+05:30,974.9000244140625,976.7000122070312,962.0999755859375,966.9000244140625,31243267,0.0,0.0
2025-09-22 00:00:00+05:30,964.0,971.2000122070312,961.9500122070312,964.2000122070312,10854415,0.0,0.0
2025-09-23 00:00:00+05:30,967.0,968.2000122070312,955.5,957.2000122070312,21022298,0.0,0.0
2025-09-24 00:00:00+05:30,952.2000122070312,956.4500122070312,943.0,951.0499877929688,15117220,0.0,0.0
2025-09-25 00:00:00+05:30,952.5,958.0,947.4000244140625,949.8499755859375,31413279,0.0,0.0
2025-09-26 00:00:00+05:30,945.0999755859375,951.4500122070312,941.2999877929688,945.0499877929688,14874656,0.0,0.0
2025-09-29 00:00:00+05:30,946.0499877929688,956.7999877929688,939.0999755859375,950.2999877929688,32398179,0.0,0.0
2025-09-30 00:00:00+05:30,958.0499877929688,960.0,946.2999877929688,951.0,28296687,0.0,0.0
2025-10-01 00:00:00+05:30,952.7000122070312,969.5999755859375,946.0,965.25,25350832,0.0,0.0
2025-10-03 00:00:00+05:30,952.0,966.75,952.0,965.1500244140625,26658296,0.0,0.0
2025-10-06 00:00:00+05:30,971.9000244140625,977.4000244140625,962.0,973.4500122070312,18542683,0.0,0.0
2025-10-07 00:00:00+05:30,974.0,989.8499755859375,971.0,982.5,25535736,0.0,0.0
2025-10-08 00:00:00+05:30,976.0,985.9000244140625,974.5499877929688,978.7000122070312,15939710,0.0,0.0
2025-10-09 00:00:00+05:30,974.5,979.0,970.1500244140625,977.0999755859375,15370950,0.0,0.0
2025-10-10 00:00:00+05:30,979.0,986.2000122070312,978.0999755859375,980.9000244140625,13757080,0.0,0.0
2025-10-13 00:00:00+05:30,974.2999877929688,981.0,972.0,977.0,18634254,0.0,0.0
2025-10-14 00:00:00+05:30,970.0,980.4500122070312,967.0,977.1500244140625,22934382,0.0,0.0
2025-10-15 00:00:00+05:30,975.0,984.9000244140625,973.3499755859375,978.25,23310447,0.0,0.0
2025-10-16 00:00:00+05:30,982.6500244140625,996.5999755859375,981.5,994.3499755859375,22936566,0.0,0.0
2025-10-17 00:00:00+05:30,993.9500122070312,1009.0,986.0,1002.5499877929688,25210511,0.0,0.0
2025-10-20 00:00:00+05:30,997.0,1020.0,997.0,1002.9500122070312,22195202,0.0,0.0
2025-10-21 00:00:00+05:30,1006.0,1010.0,1004.0,1007.7000122070312,3471600,0.0,0.0
2025-10-23 00:00:00+05:30,1016.0,1020.5,1006.0,1008.7999877929688,43526526,0.0,0.0
2025-10-24 00:00:00+05:30,1011.0,1011.9500122070312,991.2999877929688,994.75,17707768,0.0,0.0
2025-10-27 00:00:00+05:30,996.5,1009.0499877929688,996.2000122070312,1002.9500122070312,15700796,0.0,0.0
2025-10-28 00:00:00+05:30,997.6500244140625,1008.0,995.0,1003.5499877929688,33904289,0.0,0.0
2025-10-29 00:00:00+05:30,1004.9000244140625,1012.5,1000.0,1007.8499755859375,17769445,0.0,0.0
2025-10-30 00:00:00+05:30,1000.0,1009.5,997.0999755859375,998.1500244140625,19962917,0.0,0.0
2025-10-31 00:00:00+05:30,994.0,1004.4500122070312,981.1500244140625,987.2999877929688,23221330,0.0,0.0
2025-11-03 00:00:00+05:30,985.0,994.5499877929688,983.2999877929688,992.6500244140625,16607180,0.0,0.0
2025-11-04 00:00:00+05:30,987.0,997.0,983.7000122070312,985.25,20024544,0.0,0.0
2025-11-05 00:00:00+05:30,985.25,985.25,985.25,985.25,0,0.0,0.0
2025-11-06 00:00:00+05:30,981.0,991.0499877929688,974.0,984.6500244140625,22279516,0.0,0.0
2025-11-07 00:00:00+05:30,980.0,984.9000244140625,974.75,982.2999877929688,15004568,0.0,0.0
2025-11-10 00:00:00+05:30,982.2999877929688,990.9500122070312,980.2000122070312,984.5,15988262,0.0,0.0
2025-11-11 00:00:00+05:30,983.5,993.5,978.0,991.7000122070312,10200530,0.0,0.0
2025-11-12 00:00:00+05:30,998.7999877929688,999.0,987.7000122070312,989.5,13137263,0.0,0.0
2025-11-13 00:00:00+05:30,984.0,990.0999755859375,982.5999755859375,986.6500244140625,14124839,0.0,0.0
2025-11-14 00:00:00+05:30,976.0499877929688,991.6500244140625,976.0499877929688,989.5999755859375,21386965,0.0,0.0
2025-11-17 00:00:00+05:30,991.25,997.9500122070312,985.5999755859375,996.5499877929688,18396408,0.0,0.0
2025-11-18 00:00:00+05:30,997.6500244140625,999.0,990.0,992.4500122070312,20002640,0.0,0.0
2025-11-19 00:00:00+05:30,990.0,996.5499877929688,984.0,994.5999755859375,19813847,0.0,0.0
2025-11-20 00:00:00+05:30,995.2999877929688,1011.5999755859375,992.4500122070312,1008.8499755859375,19850865,0.0,0.0
2025-11-21 00:00:00+05:30,1003.0999755859375,1008.2999877929688,996.5499877929688,998.0499877929688,17499897,0.0,0.0
2025-11-24 00:00:00+05:30,1000.0,1011.4500122070312,993.5999755859375,999.1500244140625,32204053,0.0,0.0
2025-11-25 00:00:00+05:30,1004.0,1006.0999755859375,988.4000244140625,989.7999877929688,24989383,0.0,0.0
2025-11-26 00:00:00+05:30,981.2999877929688,1006.9500122070312,981.2999877929688,1003.9000244140625,19494356,0.0,0.0
2025-11-27 00:00:00+05:30,1002.0999755859375,1016.7999877929688,1001.0,1009.5,25536848,0.0,0.0
2025-11-28 00:00:00+05:30,1007.0,1012.0499877929688,1004.2000122070312,1007.5999755859375,15988807,0.0,0.0
2025-12-01 00:00:00+05:30,1017.5,1017.5,999.2999877929688,1002.0999755859375,16746566,0.0,0.0
2025-12-02 00:00:00+05:30,988.0,994.4000244140625,985.0,989.7999877929688,27316662,0.0,0.0
2025-12-03 00:00:00+05:30,986.0,1002.2999877929688,986.0,1000.5,15448777,0.0,0.0
2025-12-04 00:00:00+05:30,1000.0,1004.7000122070312,993.0,997.2000122070312,14528169,0.0,0.0
2025-12-05 00:00:00+05:30,992.0,1008.0,990.2000122070312,1003.2999877929688,12843366,0.0,0.0
2025-12-08 00:00:00+05:30,1000.0,1006.5,997.5,1003.0999755859375,12901022,0.0,0.0
2025-12-09 00:00:00+05:30,994.9000244140625,1002.7999877929688,994.0,997.0999755859375,15294322,0.0,0.0
2025-12-10 00:00:00+05:30,997.5,998.5,985.2999877929688,989.7999877929688,15322830,0.0,0.0
2025-12-11 00:00:00+05:30,990.0,1002.7000122070312,988.5,1000.2999877929688,11844809,0.0,0.0
2025-12-12 00:00:00+05:30,1003.0,1004.7000122070312,998.2000122070312,1001.5,11988618,0.0,0.0
2025-12-15 00:00:00+05:30,992.0,1001.7999877929688,992.0,996.0999755859375,9790060,0.0,0.0
2025-12-16 00:00:00+05:30,990.0999755859375,998.7000122070312,990.0999755859375,994.2999877929688,20049088,0.0,0.0
2025-12-17 00:00:00+05:30,996.0,996.0,980.7999877929688,984.0,19080922,0.0,0.0
2025-12-18 00:00:00+05:30,973.2999877929688,987.4000244140625,973.2999877929688,979.7000122070312,14912404,0.0,0.0
2025-12-19 00:00:00+05:30,987.0,988.0,978.7000122070312,985.5,25952384,0.0,0.0
2025-12-22 00:00:00+05:30,988.0,992.9000244140625,983.9000244140625,987.7000122070312,13540411,0.0,0.0
2025-12-23 00:00:00+05:30,990.5,998.9000244140625,987.7000122070312,996.5999755859375,17927849,0.0,0.0
2025-12-24 00:00:00+05:30,993.0,999.4000244140625,993.0,997.2000122070312,13699996,0.0,0.0
2025-12-25 00:00:00+05:30,997.2000122070312,997.2000122070312,997.2000122070312,997.2000122070312,0,0.0,0.0
2025-12-26 00:00:00+05:30,996.0,997.2000122070312,987.7000122070312,992.0999755859375,9360853,0.0,0.0
2025-12-29 00:00:00+05:30,993.0999755859375,997.4000244140625,987.2000122070312,991.7000122070312,13545749,0.0,0.0
2025-12-30 00:00:00+05:30,990.2000122070312,995.0,982.2000122070312,990.9000244140625,33155849,0.0,0.0
