Date,Close_Final
2010-01-04 00:00:00+05:30,267.551513671875
2010-01-05 00:00:00+05:30,267.62261962890625
2010-01-06 00:00:00+05:30,261.57135009765625
2010-01-07 00:00:00+05:30,254.29217529296875
2010-01-08 00:00:00+05:30,249.09519958496094
2010-01-11 00:00:00+05:30,254.2210235595703
2010-01-12 00:00:00+05:30,266.9819030761719
2010-01-13 00:00:00+05:30,280.68597412109375
2010-01-14 00:00:00+05:30,277.58917236328125
2010-01-15 00:00:00+05:30,281.700439453125
2010-01-18 00:00:00+05:30,285.54473876953125
2010-01-19 00:00:00+05:30,277.89178466796875
2010-01-20 00:00:00+05:30,277.428955078125
2010-01-21 00:00:00+05:30,274.3144836425781
2010-01-22 00:00:00+05:30,269.75830078125
2010-01-25 00:00:00+05:30,269.1708984375
2010-01-27 00:00:00+05:30,265.28082275390625
2010-01-28 00:00:00+05:30,264.7275695800781
2010-01-29 00:00:00+05:30,262.74688720703125
2010-02-01 00:00:00+05:30,266.2978210449219
2010-02-02 00:00:00+05:30,263.5319519042969
2010-02-03 00:00:00+05:30,268.724853515625
2010-02-04 00:00:00+05:30,263.6390380859375
2010-02-05 00:00:00+05:30,258.2142028808594
2010-02-08 00:00:00+05:30,258.4462585449219
2010-02-09 00:00:00+05:30,262.3720397949219
2010-02-10 00:00:00+05:30,261.3550109863281
2010-02-11 00:00:00+05:30,265.0666198730469
2010-02-15 00:00:00+05:30,266.2978210449219
2010-02-16 00:00:00+05:30,270.5807189941406
2010-02-17 00:00:00+05:30,270.7591247558594
2010-02-18 00:00:00+05:30,270.812744140625
2010-02-19 00:00:00+05:30,267.8683776855469
2010-02-22 00:00:00+05:30,270.2594299316406
2010-02-23 00:00:00+05:30,271.9903564453125
2010-02-24 00:00:00+05:30,273.1502685546875
2010-02-25 00:00:00+05:30,273.47149658203125
2010-02-26 00:00:00+05:30,271.88323974609375
2010-03-02 00:00:00+05:30,272.3829650878906
2010-03-03 00:00:00+05:30,274.36383056640625
2010-03-04 00:00:00+05:30,272.6327819824219
2010-03-05 00:00:00+05:30,272.16888427734375
2010-03-08 00:00:00+05:30,272.2046203613281
2010-03-09 00:00:00+05:30,274.34588623046875
2010-03-10 00:00:00+05:30,278.3966979980469
2010-03-11 00:00:00+05:30,282.518798828125
2010-03-12 00:00:00+05:30,284.4281921386719
2010-03-15 00:00:00+05:30,291.9408874511719
2010-03-16 00:00:00+05:30,295.86669921875
2010-03-17 00:00:00+05:30,300.0424499511719
2010-03-18 00:00:00+05:30,294.74249267578125
2010-03-19 00:00:00+05:30,292.9759521484375
2010-03-22 00:00:00+05:30,295.3670349121094
2010-03-23 00:00:00+05:30,295.74176025390625
2010-03-25 00:00:00+05:30,296.1522216796875
2010-03-26 00:00:00+05:30,294.4570617675781
2010-03-29 00:00:00+05:30,289.7817077636719
2010-03-30 00:00:00+05:30,285.51678466796875
2010-03-31 00:00:00+05:30,278.61083984375
2010-04-01 00:00:00+05:30,288.3005676269531
2010-04-05 00:00:00+05:30,286.7123718261719
2010-04-06 00:00:00+05:30,284.1070251464844
2010-04-07 00:00:00+05:30,284.8208312988281
2010-04-08 00:00:00+05:30,285.32061767578125
2010-04-09 00:00:00+05:30,282.518798828125
2010-04-12 00:00:00+05:30,284.83868408203125
2010-04-13 00:00:00+05:30,292.9580383300781
2010-04-15 00:00:00+05:30,293.261474609375
2010-04-16 00:00:00+05:30,290.9058532714844
2010-04-19 00:00:00+05:30,289.7817077636719
2010-04-20 00:00:00+05:30,281.7693176269531
2010-04-21 00:00:00+05:30,280.163330078125
2010-04-22 00:00:00+05:30,280.5023498535156
2010-04-23 00:00:00+05:30,278.4501647949219
2010-04-26 00:00:00+05:30,280.1990966796875
2010-04-27 00:00:00+05:30,280.98419189453125
2010-04-28 00:00:00+05:30,274.9169006347656
2010-04-29 00:00:00+05:30,271.1517639160156
2010-04-30 00:00:00+05:30,273.168212890625
2010-05-03 00:00:00+05:30,273.6677551269531
2010-05-04 00:00:00+05:30,271.59771728515625
2010-05-05 00:00:00+05:30,273.2930603027344
2010-05-06 00:00:00+05:30,273.77484130859375
2010-05-07 00:00:00+05:30,264.6026611328125
2010-05-10 00:00:00+05:30,274.89910888671875
2010-05-11 00:00:00+05:30,269.92047119140625
2010-05-12 00:00:00+05:30,271.044677734375
2010-05-13 00:00:00+05:30,273.2395935058594
2010-05-14 00:00:00+05:30,272.6150207519531
2010-05-17 00:00:00+05:30,266.1551208496094
2010-05-18 00:00:00+05:30,262.35430908203125
2010-05-19 00:00:00+05:30,257.5003662109375
2010-05-20 00:00:00+05:30,260.5340270996094
2010-05-21 00:00:00+05:30,256.5011291503906
2010-05-24 00:00:00+05:30,256.1085510253906
2010-05-25 00:00:00+05:30,249.66661071777344
2010-05-26 00:00:00+05:30,263.3891906738281
2010-05-27 00:00:00+05:30,264.7633056640625
2010-05-28 00:00:00+05:30,267.95751953125
2010-05-31 00:00:00+05:30,265.1914367675781
2010-06-01 00:00:00+05:30,263.8174133300781
2010-06-02 00:00:00+05:30,269.1887512207031
2010-06-03 00:00:00+05:30,273.18603515625
2010-06-04 00:00:00+05:30,273.1502685546875
2010-06-07 00:00:00+05:30,268.83184814453125
2010-06-08 00:00:00+05:30,267.7432861328125
2010-06-09 00:00:00+05:30,261.62261962890625
2010-06-10 00:00:00+05:30,267.8503723144531
2010-06-11 00:00:00+05:30,270.9197082519531
2010-06-14 00:00:00+05:30,278.7358093261719
2010-06-15 00:00:00+05:30,278.40863037109375
2010-06-16 00:00:00+05:30,281.5703125
2010-06-17 00:00:00+05:30,281.7521057128906
2010-06-18 00:00:00+05:30,284.6230163574219
2010-06-21 00:00:00+05:30,286.2583923339844
2010-06-22 00:00:00+05:30,282.969482421875
2010-06-23 00:00:00+05:30,285.74945068359375
2010-06-24 00:00:00+05:30,281.0797424316406
2010-06-25 00:00:00+05:30,275.64678955078125
2010-06-28 00:00:00+05:30,277.91802978515625
2010-06-29 00:00:00+05:30,273.9386901855469
2010-06-30 00:00:00+05:30,272.92120361328125
2010-07-01 00:00:00+05:30,266.0163879394531
2010-07-02 00:00:00+05:30,270.3045654296875
2010-07-05 00:00:00+05:30,268.5602722167969
2010-07-06 00:00:00+05:30,275.8830261230469
2010-07-07 00:00:00+05:30,277.86358642578125
2010-07-08 00:00:00+05:30,282.2971496582031
2010-07-09 00:00:00+05:30,281.4430847167969
2010-07-12 00:00:00+05:30,287.7120361328125
2010-07-13 00:00:00+05:30,281.515869140625
2010-07-14 00:00:00+05:30,281.515869140625
2010-07-15 00:00:00+05:30,284.2232971191406
2010-07-16 00:00:00+05:30,302.95709228515625
2010-07-19 00:00:00+05:30,300.431396484375
2010-07-20 00:00:00+05:30,300.631103515625
2010-07-21 00:00:00+05:30,306.3549499511719
2010-07-22 00:00:00+05:30,306.60931396484375
2010-07-23 00:00:00+05:30,305.01025390625
2010-07-26 00:00:00+05:30,308.6263122558594
2010-07-27 00:00:00+05:30,308.5899353027344
2010-07-28 00:00:00+05:30,310.51611328125
2010-07-29 00:00:00+05:30,309.6235656738281
2010-07-30 00:00:00+05:30,305.9080505371094
2010-08-02 00:00:00+05:30,305.36163330078125
2010-08-03 00:00:00+05:30,303.0849914550781
2010-08-04 00:00:00+05:30,316.47161865234375
2010-08-05 00:00:00+05:30,319.7683410644531
2010-08-06 00:00:00+05:30,314.9781799316406
2010-08-09 00:00:00+05:30,320.49676513671875
2010-08-10 00:00:00+05:30,314.9053955078125
2010-08-11 00:00:00+05:30,312.5922546386719
2010-08-12 00:00:00+05:30,310.8802795410156
2010-08-13 00:00:00+05:30,311.226318359375
2010-08-16 00:00:00+05:30,311.11700439453125
2010-08-17 00:00:00+05:30,309.6963195800781
2010-08-18 00:00:00+05:30,317.30950927734375
2010-08-19 00:00:00+05:30,317.6554870605469
2010-08-20 00:00:00+05:30,316.5263366699219
2010-08-23 00:00:00+05:30,317.0545349121094
2010-08-24 00:00:00+05:30,317.1637878417969
2010-08-25 00:00:00+05:30,317.3459777832031
2010-08-26 00:00:00+05:30,319.2764892578125
2010-08-27 00:00:00+05:30,311.82733154296875
2010-08-30 00:00:00+05:30,308.0390319824219
2010-08-31 00:00:00+05:30,307.3469543457031
2010-09-01 00:00:00+05:30,312.6833190917969
2010-09-02 00:00:00+05:30,307.4743347167969
2010-09-03 00:00:00+05:30,304.99737548828125
2010-09-06 00:00:00+05:30,311.5723876953125
2010-09-07 00:00:00+05:30,317.40057373046875
2010-09-08 00:00:00+05:30,320.2054138183594
2010-09-09 00:00:00+05:30,318.6208190917969
2010-09-13 00:00:00+05:30,320.46038818359375
2010-09-14 00:00:00+05:30,326.1427917480469
2010-09-15 00:00:00+05:30,333.2278747558594
2010-09-16 00:00:00+05:30,326.1611022949219
2010-09-17 00:00:00+05:30,332.8634033203125
2010-09-20 00:00:00+05:30,332.2987976074219
2010-09-21 00:00:00+05:30,347.48858642578125
2010-09-22 00:00:00+05:30,340.67694091796875
2010-09-23 00:00:00+05:30,339.25634765625
2010-09-24 00:00:00+05:30,339.4748229980469
2010-09-27 00:00:00+05:30,337.89031982421875
2010-09-28 00:00:00+05:30,334.994384765625
2010-09-29 00:00:00+05:30,335.24945068359375
2010-09-30 00:00:00+05:30,337.6536560058594
2010-10-01 00:00:00+05:30,350.2752380371094
2010-10-04 00:00:00+05:30,348.1624755859375
2010-10-05 00:00:00+05:30,346.1409912109375
2010-10-06 00:00:00+05:30,349.56494140625
2010-10-07 00:00:00+05:30,345.6126708984375
2010-10-08 00:00:00+05:30,343.3543395996094
2010-10-11 00:00:00+05:30,342.73504638671875
2010-10-12 00:00:00+05:30,346.3048095703125
2010-10-13 00:00:00+05:30,361.6584777832031
2010-10-14 00:00:00+05:30,359.18145751953125
2010-10-15 00:00:00+05:30,346.1590270996094
2010-10-18 00:00:00+05:30,357.4330749511719
2010-10-19 00:00:00+05:30,352.5155334472656
2010-10-20 00:00:00+05:30,350.87640380859375
2010-10-21 00:00:00+05:30,359.2361755371094
2010-10-22 00:00:00+05:30,378.9063720703125
2010-10-25 00:00:00+05:30,388.6502990722656
2010-10-26 00:00:00+05:30,387.06585693359375
2010-10-27 00:00:00+05:30,381.8205261230469
2010-10-28 00:00:00+05:30,383.5325622558594
2010-10-29 00:00:00+05:30,383.5325622558594
2010-11-01 00:00:00+05:30,384.44488525390625
2010-11-02 00:00:00+05:30,383.00323486328125
2010-11-03 00:00:00+05:30,384.2259216308594
2010-11-04 00:00:00+05:30,390.1929016113281
2010-11-08 00:00:00+05:30,389.82794189453125
2010-11-09 00:00:00+05:30,398.2037048339844
2010-11-10 00:00:00+05:30,398.6417236328125
2010-11-11 00:00:00+05:30,388.5871887207031
2010-11-12 00:00:00+05:30,385.35736083984375
2010-11-15 00:00:00+05:30,389.0434875488281
2010-11-16 00:00:00+05:30,382.8026123046875
2010-11-18 00:00:00+05:30,380.5763854980469
2010-11-19 00:00:00+05:30,370.5765380859375
2010-11-22 00:00:00+05:30,379.22601318359375
2010-11-23 00:00:00+05:30,375.9232482910156
2010-11-24 00:00:00+05:30,366.6897888183594
2010-11-25 00:00:00+05:30,372.9122619628906
2010-11-26 00:00:00+05:30,382.20037841796875
2010-11-29 00:00:00+05:30,390.9775085449219
2010-11-30 00:00:00+05:30,392.69287109375
2010-12-01 00:00:00+05:30,394.8460693359375
2010-12-02 00:00:00+05:30,399.9190368652344
2010-12-03 00:00:00+05:30,400.48468017578125
2010-12-06 00:00:00+05:30,402.0722351074219
2010-12-07 00:00:00+05:30,396.8898620605469
2010-12-08 00:00:00+05:30,393.842529296875
2010-12-09 00:00:00+05:30,391.4520263671875
2010-12-10 00:00:00+05:30,392.2914123535156
2010-12-13 00:00:00+05:30,392.7293701171875
2010-12-14 00:00:00+05:30,394.4993591308594
2010-12-15 00:00:00+05:30,402.7839050292969
2010-12-16 00:00:00+05:30,416.3055114746094
2010-12-20 00:00:00+05:30,425.7944030761719
2010-12-21 00:00:00+05:30,423.6412658691406
2010-12-22 00:00:00+05:30,419.6084289550781
2010-12-23 00:00:00+05:30,416.0502624511719
2010-12-24 00:00:00+05:30,416.4515686035156
2010-12-27 00:00:00+05:30,416.4881286621094
2010-12-28 00:00:00+05:30,418.3675537109375
2010-12-29 00:00:00+05:30,422.2361145019531
2010-12-30 00:00:00+05:30,427.0716857910156
2010-12-31 00:00:00+05:30,425.4112243652344
2011-01-03 00:00:00+05:30,422.63763427734375
2011-01-04 00:00:00+05:30,417.7835693359375
2011-01-05 00:00:00+05:30,422.9659118652344
2011-01-06 00:00:00+05:30,427.619140625
2011-01-07 00:00:00+05:30,417.0172424316406
2011-01-10 00:00:00+05:30,412.7290954589844
2011-01-11 00:00:00+05:30,400.9044189453125
2011-01-12 00:00:00+05:30,414.5718994140625
2011-01-13 00:00:00+05:30,410.30206298828125
2011-01-14 00:00:00+05:30,408.8057556152344
2011-01-17 00:00:00+05:30,415.1011047363281
2011-01-18 00:00:00+05:30,438.8780517578125
2011-01-19 00:00:00+05:30,435.3928527832031
2011-01-20 00:00:00+05:30,442.3998107910156
2011-01-21 00:00:00+05:30,442.1993103027344
2011-01-24 00:00:00+05:30,441.304931640625
2011-01-25 00:00:00+05:30,433.76873779296875
2011-01-27 00:00:00+05:30,438.46630859375
2011-01-28 00:00:00+05:30,431.86773681640625
2011-01-31 00:00:00+05:30,423.88006591796875
2011-02-01 00:00:00+05:30,420.46185302734375
2011-02-02 00:00:00+05:30,432.2697448730469
2011-02-03 00:00:00+05:30,432.7269287109375
2011-02-04 00:00:00+05:30,419.9683532714844
2011-02-07 00:00:00+05:30,413.515869140625
2011-02-08 00:00:00+05:30,411.3042907714844
2011-02-09 00:00:00+05:30,401.5070495605469
2011-02-10 00:00:00+05:30,398.7469787597656
2011-02-11 00:00:00+05:30,398.32672119140625
2011-02-14 00:00:00+05:30,406.6251220703125
2011-02-15 00:00:00+05:30,401.2876892089844
2011-02-16 00:00:00+05:30,400.8492126464844
2011-02-17 00:00:00+05:30,405.4917297363281
2011-02-18 00:00:00+05:30,398.3630676269531
2011-02-21 00:00:00+05:30,416.2395935058594
2011-02-22 00:00:00+05:30,416.29449462890625
2011-02-23 00:00:00+05:30,411.46881103515625
2011-02-24 00:00:00+05:30,406.4422607421875
2011-02-25 00:00:00+05:30,405.8023681640625
2011-02-28 00:00:00+05:30,405.87579345703125
2011-03-01 00:00:00+05:30,411.0849609375
2011-03-03 00:00:00+05:30,420.4801025390625
2011-03-04 00:00:00+05:30,415.12469482421875
2011-03-07 00:00:00+05:30,405.14453125
2011-03-08 00:00:00+05:30,408.5992431640625
2011-03-09 00:00:00+05:30,411.8893737792969
2011-03-10 00:00:00+05:30,405.2540588378906
2011-03-11 00:00:00+05:30,393.7386779785156
2011-03-14 00:00:00+05:30,401.2328796386719
2011-03-15 00:00:00+05:30,398.399658203125
2011-03-16 00:00:00+05:30,407.5572509765625
2011-03-17 00:00:00+05:30,401.3974304199219
2011-03-18 00:00:00+05:30,395.82244873046875
2011-03-21 00:00:00+05:30,391.45379638671875
2011-03-22 00:00:00+05:30,390.9786376953125
2011-03-23 00:00:00+05:30,389.0958557128906
2011-03-24 00:00:00+05:30,399.71575927734375
2011-03-25 00:00:00+05:30,409.31195068359375
2011-03-28 00:00:00+05:30,409.4033508300781
2011-03-29 00:00:00+05:30,416.2760009765625
2011-03-30 00:00:00+05:30,421.1197814941406
2011-03-31 00:00:00+05:30,432.7999572753906
2011-04-01 00:00:00+05:30,431.4291076660156
2011-04-04 00:00:00+05:30,443.51129150390625
2011-04-05 00:00:00+05:30,453.2537536621094
2011-04-06 00:00:00+05:30,446.6731872558594
2011-04-07 00:00:00+05:30,438.3931579589844
2011-04-08 00:00:00+05:30,437.22332763671875
2011-04-11 00:00:00+05:30,430.789306640625
2011-04-13 00:00:00+05:30,442.3779296875
2011-04-15 00:00:00+05:30,435.5417175292969
2011-04-18 00:00:00+05:30,418.4329528808594
2011-04-19 00:00:00+05:30,425.7809143066406
2011-04-20 00:00:00+05:30,445.52191162109375
2011-04-21 00:00:00+05:30,435.79754638671875
2011-04-25 00:00:00+05:30,437.899658203125
2011-04-26 00:00:00+05:30,434.6643981933594
2011-04-27 00:00:00+05:30,431.59356689453125
2011-04-28 00:00:00+05:30,423.5692138671875
2011-04-29 00:00:00+05:30,426.12823486328125
2011-05-02 00:00:00+05:30,423.4961242675781
2011-05-03 00:00:00+05:30,416.18463134765625
2011-05-04 00:00:00+05:30,415.6728515625
2011-05-05 00:00:00+05:30,407.61199951171875
2011-05-06 00:00:00+05:30,420.02313232421875
2011-05-09 00:00:00+05:30,415.12469482421875
2011-05-10 00:00:00+05:30,416.71502685546875
2011-05-11 00:00:00+05:30,416.8426818847656
2011-05-12 00:00:00+05:30,406.42401123046875
2011-05-13 00:00:00+05:30,412.03546142578125
2011-05-16 00:00:00+05:30,413.4976806640625
2011-05-17 00:00:00+05:30,417.3729553222656
2011-05-18 00:00:00+05:30,422.2532653808594
2011-05-19 00:00:00+05:30,425.8357849121094
2011-05-20 00:00:00+05:30,429.54644775390625
2011-05-23 00:00:00+05:30,426.45721435546875
2011-05-24 00:00:00+05:30,420.37060546875
2011-05-25 00:00:00+05:30,412.58380126953125
2011-05-26 00:00:00+05:30,415.19769287109375
2011-05-27 00:00:00+05:30,418.4147033691406
2011-05-30 00:00:00+05:30,421.1197814941406
2011-05-31 00:00:00+05:30,423.02099609375
2011-06-01 00:00:00+05:30,429.6925354003906
2011-06-02 00:00:00+05:30,426.8958435058594
2011-06-03 00:00:00+05:30,421.1746520996094
2011-06-06 00:00:00+05:30,425.65289306640625
2011-06-07 00:00:00+05:30,431.11846923828125
2011-06-08 00:00:00+05:30,434.8357238769531
2011-06-09 00:00:00+05:30,436.65765380859375
2011-06-10 00:00:00+05:30,437.70672607421875
2011-06-13 00:00:00+05:30,432.5905456542969
2011-06-14 00:00:00+05:30,438.3876953125
2011-06-15 00:00:00+05:30,435.8847961425781
2011-06-16 00:00:00+05:30,423.70166015625
2011-06-17 00:00:00+05:30,408.2612609863281
2011-06-20 00:00:00+05:30,393.5753479003906
2011-06-21 00:00:00+05:30,407.3594970703125
2011-06-22 00:00:00+05:30,398.8018798828125
2011-06-23 00:00:00+05:30,403.7709045410156
2011-06-24 00:00:00+05:30,418.76959228515625
2011-06-27 00:00:00+05:30,423.4992370605469
2011-06-28 00:00:00+05:30,424.7507019042969
2011-06-29 00:00:00+05:30,430.5845031738281
2011-06-30 00:00:00+05:30,435.8664855957031
2011-07-01 00:00:00+05:30,438.7004699707031
2011-07-04 00:00:00+05:30,436.4186706542969
2011-07-05 00:00:00+05:30,434.11810302734375
2011-07-06 00:00:00+05:30,435.35113525390625
2011-07-07 00:00:00+05:30,440.1728820800781
2011-07-08 00:00:00+05:30,431.2471008300781
2011-07-11 00:00:00+05:30,425.7260437011719
2011-07-12 00:00:00+05:30,421.56689453125
2011-07-13 00:00:00+05:30,422.9288635253906
2011-07-14 00:00:00+05:30,413.5982666015625
2011-07-15 00:00:00+05:30,421.82464599609375
2011-07-18 00:00:00+05:30,414.09521484375
2011-07-19 00:00:00+05:30,419.6162414550781
2011-07-20 00:00:00+05:30,416.8189392089844
2011-07-21 00:00:00+05:30,413.1749572753906
2011-07-22 00:00:00+05:30,417.1684875488281
2011-07-25 00:00:00+05:30,419.5611572265625
2011-07-26 00:00:00+05:30,421.30926513671875
2011-07-27 00:00:00+05:30,422.2294006347656
2011-07-28 00:00:00+05:30,416.8416748046875
2011-07-29 00:00:00+05:30,419.59075927734375
2011-08-01 00:00:00+05:30,418.945068359375
2011-08-02 00:00:00+05:30,417.2476806640625
2011-08-03 00:00:00+05:30,409.756103515625
2011-08-04 00:00:00+05:30,404.4051513671875
2011-08-05 00:00:00+05:30,390.4188537597656
2011-08-08 00:00:00+05:30,371.007568359375
2011-08-09 00:00:00+05:30,356.0432434082031
2011-08-10 00:00:00+05:30,363.1472473144531
2011-08-11 00:00:00+05:30,361.04376220703125
2011-08-12 00:00:00+05:30,349.5299377441406
2011-08-16 00:00:00+05:30,359.290771484375
2011-08-17 00:00:00+05:30,368.996337890625
2011-08-18 00:00:00+05:30,355.13909912109375
2011-08-19 00:00:00+05:30,342.81341552734375
2011-08-22 00:00:00+05:30,338.7909851074219
2011-08-23 00:00:00+05:30,362.2431335449219
2011-08-24 00:00:00+05:30,355.23138427734375
2011-08-25 00:00:00+05:30,350.72930908203125
2011-08-26 00:00:00+05:30,350.0095520019531
2011-08-29 00:00:00+05:30,376.2663269042969
2011-08-30 00:00:00+05:30,384.6803283691406
2011-09-02 00:00:00+05:30,377.18890380859375
2011-09-05 00:00:00+05:30,379.25543212890625
2011-09-06 00:00:00+05:30,381.54364013671875
2011-09-07 00:00:00+05:30,380.4734802246094
2011-09-08 00:00:00+05:30,382.3370361328125
2011-09-09 00:00:00+05:30,374.95623779296875
2011-09-12 00:00:00+05:30,363.75604248046875
2011-09-13 00:00:00+05:30,366.7267761230469
2011-09-14 00:00:00+05:30,374.60577392578125
2011-09-15 00:00:00+05:30,384.44036865234375
2011-09-16 00:00:00+05:30,379.27392578125
2011-09-19 00:00:00+05:30,375.6944274902344
2011-09-20 00:00:00+05:30,390.4188537597656
2011-09-21 00:00:00+05:30,385.0862731933594
2011-09-22 00:00:00+05:30,366.9666442871094
2011-09-23 00:00:00+05:30,365.4537048339844
2011-09-26 00:00:00+05:30,367.90771484375
2011-09-27 00:00:00+05:30,383.9976501464844
2011-09-28 00:00:00+05:30,386.7099609375
2011-09-29 00:00:00+05:30,391.7103271484375
2011-09-30 00:00:00+05:30,382.7982482910156
2011-10-03 00:00:00+05:30,385.0123596191406
2011-10-04 00:00:00+05:30,385.9903869628906
2011-10-05 00:00:00+05:30,385.1047058105469
2011-10-07 00:00:00+05:30,386.9499206542969
2011-10-10 00:00:00+05:30,392.9097595214844
2011-10-11 00:00:00+05:30,384.1083679199219
2011-10-12 00:00:00+05:30,398.2053527832031
2011-10-13 00:00:00+05:30,403.26116943359375
2011-10-14 00:00:00+05:30,418.5759582519531
2011-10-17 00:00:00+05:30,413.4095764160156
2011-10-18 00:00:00+05:30,381.4145202636719
2011-10-19 00:00:00+05:30,387.0973815917969
2011-10-20 00:00:00+05:30,385.6029052734375
2011-10-21 00:00:00+05:30,387.4295959472656
2011-10-24 00:00:00+05:30,398.46380615234375
2011-10-25 00:00:00+05:30,406.5679016113281
2011-10-28 00:00:00+05:30,415.02398681640625
2011-10-31 00:00:00+05:30,412.9146728515625
2011-11-01 00:00:00+05:30,410.1946716308594
2011-11-02 00:00:00+05:30,409.6025085449219
2011-11-03 00:00:00+05:30,408.9179382324219
2011-11-04 00:00:00+05:30,406.9935607910156
2011-11-08 00:00:00+05:30,409.01043701171875
2011-11-09 00:00:00+05:30,415.5604553222656
2011-11-11 00:00:00+05:30,418.53948974609375
2011-11-14 00:00:00+05:30,417.577392578125
2011-11-15 00:00:00+05:30,416.09710693359375
2011-11-16 00:00:00+05:30,413.4510498046875
2011-11-17 00:00:00+05:30,412.6740417480469
2011-11-18 00:00:00+05:30,402.10882568359375
2011-11-21 00:00:00+05:30,394.9295349121094
2011-11-22 00:00:00+05:30,400.35101318359375
2011-11-23 00:00:00+05:30,393.1163635253906
2011-11-24 00:00:00+05:30,404.0331726074219
2011-11-25 00:00:00+05:30,393.7084655761719
2011-11-28 00:00:00+05:30,402.81195068359375
2011-11-29 00:00:00+05:30,404.5882873535156
2011-11-30 00:00:00+05:30,412.82208251953125
2011-12-01 00:00:00+05:30,419.94573974609375
2011-12-02 00:00:00+05:30,435.9324951171875
2011-12-05 00:00:00+05:30,437.0241394042969
2011-12-07 00:00:00+05:30,436.50604248046875
2011-12-08 00:00:00+05:30,435.7843933105469
2011-12-09 00:00:00+05:30,433.8603515625
2011-12-12 00:00:00+05:30,436.8022155761719
2011-12-13 00:00:00+05:30,436.19122314453125
2011-12-14 00:00:00+05:30,437.5792236328125
2011-12-15 00:00:00+05:30,437.5977783203125
2011-12-16 00:00:00+05:30,424.2015075683594
2011-12-19 00:00:00+05:30,423.2208557128906
2011-12-20 00:00:00+05:30,419.4091796875
2011-12-21 00:00:00+05:30,428.79022216796875
2011-12-22 00:00:00+05:30,426.1996154785156
2011-12-23 00:00:00+05:30,428.2167053222656
2011-12-26 00:00:00+05:30,439.78106689453125
2011-12-27 00:00:00+05:30,436.46893310546875
2011-12-28 00:00:00+05:30,432.6758728027344
2011-12-29 00:00:00+05:30,431.3807373046875
2011-12-30 00:00:00+05:30,429.5119323730469
2012-01-02 00:00:00+05:30,436.1543884277344
2012-01-03 00:00:00+05:30,443.1856384277344
2012-01-04 00:00:00+05:30,434.0821533203125
2012-01-05 00:00:00+05:30,433.71197509765625
2012-01-06 00:00:00+05:30,432.75
2012-01-09 00:00:00+05:30,433.4715881347656
2012-01-10 00:00:00+05:30,431.2695617675781
2012-01-11 00:00:00+05:30,420.7597351074219
2012-01-12 00:00:00+05:30,403.1819763183594
2012-01-13 00:00:00+05:30,401.79425048828125
2012-01-16 00:00:00+05:30,410.5461120605469
2012-01-17 00:00:00+05:30,408.52935791015625
2012-01-18 00:00:00+05:30,398.2417907714844
2012-01-19 00:00:00+05:30,398.0196228027344
2012-01-20 00:00:00+05:30,399.48126220703125
2012-01-23 00:00:00+05:30,398.8152160644531
2012-01-24 00:00:00+05:30,402.8858947753906
2012-01-25 00:00:00+05:30,407.4504089355469
2012-01-27 00:00:00+05:30,411.4394836425781
2012-01-30 00:00:00+05:30,412.5526123046875
2012-01-31 00:00:00+05:30,420.2155456542969
2012-02-01 00:00:00+05:30,418.8424987792969
2012-02-02 00:00:00+05:30,426.0045471191406
2012-02-03 00:00:00+05:30,434.74359130859375
2012-02-06 00:00:00+05:30,443.0186462402344
2012-02-07 00:00:00+05:30,444.5587158203125
2012-02-08 00:00:00+05:30,452.5928649902344
2012-02-09 00:00:00+05:30,455.9137878417969
2012-02-10 00:00:00+05:30,457.69500732421875
2012-02-13 00:00:00+05:30,454.83770751953125
2012-02-14 00:00:00+05:30,452.7225646972656
2012-02-15 00:00:00+05:30,460.7379150390625
2012-02-16 00:00:00+05:30,454.7078552246094
2012-02-17 00:00:00+05:30,455.9694519042969
2012-02-21 00:00:00+05:30,459.0495910644531
2012-02-22 00:00:00+05:30,464.72698974609375
2012-02-23 00:00:00+05:30,467.4916687011719
2012-02-24 00:00:00+05:30,471.2768859863281
2012-02-27 00:00:00+05:30,464.6157531738281
2012-02-28 00:00:00+05:30,455.1531066894531
2012-02-29 00:00:00+05:30,453.4461975097656
2012-03-01 00:00:00+05:30,452.57415771484375
2012-03-02 00:00:00+05:30,451.7020263671875
2012-03-03 00:00:00+05:30,399.9692077636719
2012-03-05 00:00:00+05:30,448.00994873046875
2012-03-06 00:00:00+05:30,446.04302978515625
2012-03-07 00:00:00+05:30,442.6475830078125
2012-03-09 00:00:00+05:30,448.47357177734375
2012-03-12 00:00:00+05:30,441.237548828125
2012-03-13 00:00:00+05:30,444.1875305175781
2012-03-14 00:00:00+05:30,428.4350891113281
2012-03-15 00:00:00+05:30,431.8304443359375
2012-03-16 00:00:00+05:30,434.0013427734375
2012-03-19 00:00:00+05:30,416.3562316894531
2012-03-20 00:00:00+05:30,421.1247863769531
2012-03-21 00:00:00+05:30,436.30224609375
2012-03-22 00:00:00+05:30,433.3333740234375
2012-03-23 00:00:00+05:30,439.60467529296875
2012-03-26 00:00:00+05:30,431.0512390136719
2012-03-27 00:00:00+05:30,435.9309387207031
2012-03-28 00:00:00+05:30,432.3500671386719
2012-03-29 00:00:00+05:30,423.4810791015625
2012-03-30 00:00:00+05:30,433.7229309082031
2012-04-02 00:00:00+05:30,443.16717529296875
2012-04-03 00:00:00+05:30,437.1371154785156
2012-04-04 00:00:00+05:30,437.303955078125
2012-04-09 00:00:00+05:30,431.9788513183594
2012-04-10 00:00:00+05:30,429.0473327636719
2012-04-11 00:00:00+05:30,422.33062744140625
2012-04-12 00:00:00+05:30,419.9373779296875
2012-04-13 00:00:00+05:30,396.44775390625
2012-04-16 00:00:00+05:30,396.9671936035156
2012-04-17 00:00:00+05:30,404.7969665527344
2012-04-18 00:00:00+05:30,407.2832336425781
2012-04-19 00:00:00+05:30,409.2870788574219
2012-04-20 00:00:00+05:30,403.90643310546875
2012-04-23 00:00:00+05:30,394.9261169433594
2012-04-24 00:00:00+05:30,443.14874267578125
2012-04-25 00:00:00+05:30,434.557861328125
2012-04-26 00:00:00+05:30,443.31561279296875
2012-04-27 00:00:00+05:30,446.7850646972656
2012-04-30 00:00:00+05:30,462.5933532714844
2012-05-02 00:00:00+05:30,470.2561340332031
2012-05-03 00:00:00+05:30,474.8019714355469
2012-05-04 00:00:00+05:30,473.8001708984375
2012-05-07 00:00:00+05:30,472.482666015625
2012-05-08 00:00:00+05:30,445.5604553222656
2012-05-09 00:00:00+05:30,454.7821044921875
2012-05-10 00:00:00+05:30,457.37957763671875
2012-05-11 00:00:00+05:30,456.7117004394531
2012-05-14 00:00:00+05:30,454.9304504394531
2012-05-15 00:00:00+05:30,455.0603942871094
2012-05-16 00:00:00+05:30,453.98431396484375
2012-05-17 00:00:00+05:30,453.4645690917969
2012-05-18 00:00:00+05:30,449.2527770996094
2012-05-21 00:00:00+05:30,448.7147521972656
2012-05-22 00:00:00+05:30,454.225341796875
2012-05-23 00:00:00+05:30,454.63360595703125
2012-05-24 00:00:00+05:30,453.2605895996094
2012-05-25 00:00:00+05:30,453.0194396972656
2012-05-28 00:00:00+05:30,454.4665832519531
2012-05-29 00:00:00+05:30,460.27398681640625
2012-05-30 00:00:00+05:30,460.3482666015625
2012-05-31 00:00:00+05:30,462.1295166015625
2012-06-01 00:00:00+05:30,454.42938232421875
2012-06-04 00:00:00+05:30,450.2178955078125
2012-06-05 00:00:00+05:30,455.13458251953125
2012-06-06 00:00:00+05:30,464.2819519042969
2012-06-07 00:00:00+05:30,466.179931640625
2012-06-08 00:00:00+05:30,462.684326171875
2012-06-11 00:00:00+05:30,463.68048095703125
2012-06-12 00:00:00+05:30,469.14959716796875
2012-06-13 00:00:00+05:30,470.01422119140625
2012-06-14 00:00:00+05:30,471.3674011230469
2012-06-15 00:00:00+05:30,478.302490234375
2012-06-18 00:00:00+05:30,472.5513610839844
2012-06-19 00:00:00+05:30,478.86639404296875
2012-06-20 00:00:00+05:30,470.91632080078125
2012-06-21 00:00:00+05:30,460.1093444824219
2012-06-22 00:00:00+05:30,463.6428527832031
2012-06-25 00:00:00+05:30,457.36541748046875
2012-06-26 00:00:00+05:30,464.2630920410156
2012-06-27 00:00:00+05:30,468.6233825683594
2012-06-28 00:00:00+05:30,473.1904296875
2012-06-29 00:00:00+05:30,480.181884765625
2012-07-02 00:00:00+05:30,473.41583251953125
2012-07-03 00:00:00+05:30,465.8794250488281
2012-07-04 00:00:00+05:30,469.0555114746094
2012-07-05 00:00:00+05:30,466.33038330078125
2012-07-06 00:00:00+05:30,469.0180969238281
2012-07-09 00:00:00+05:30,473.39715576171875
2012-07-10 00:00:00+05:30,474.2617492675781
2012-07-11 00:00:00+05:30,472.9837646484375
2012-07-12 00:00:00+05:30,464.6012878417969
2012-07-13 00:00:00+05:30,469.6383972167969
2012-07-16 00:00:00+05:30,453.8319396972656
2012-07-17 00:00:00+05:30,445.7690734863281
2012-07-18 00:00:00+05:30,449.30255126953125
2012-07-19 00:00:00+05:30,451.445068359375
2012-07-20 00:00:00+05:30,459.7336730957031
2012-07-23 00:00:00+05:30,457.5478820800781
2012-07-24 00:00:00+05:30,455.6263122558594
2012-07-25 00:00:00+05:30,457.1334533691406
2012-07-26 00:00:00+05:30,451.59429931640625
2012-07-27 00:00:00+05:30,461.7117614746094
2012-07-30 00:00:00+05:30,463.8594970703125
2012-07-31 00:00:00+05:30,468.6262512207031
2012-08-01 00:00:00+05:30,461.4668273925781
2012-08-02 00:00:00+05:30,464.5379333496094
2012-08-03 00:00:00+05:30,466.0827941894531
2012-08-06 00:00:00+05:30,463.068359375
2012-08-07 00:00:00+05:30,476.31353759765625
2012-08-08 00:00:00+05:30,470.71771240234375
2012-08-09 00:00:00+05:30,474.0902099609375
2012-08-10 00:00:00+05:30,482.34246826171875
2012-08-13 00:00:00+05:30,477.1611022949219
2012-08-14 00:00:00+05:30,477.95245361328125
2012-08-16 00:00:00+05:30,476.125244140625
2012-08-17 00:00:00+05:30,481.79595947265625
2012-08-21 00:00:00+05:30,489.3511657714844
2012-08-22 00:00:00+05:30,486.7134094238281
2012-08-23 00:00:00+05:30,498.6961975097656
2012-08-24 00:00:00+05:30,498.469970703125
2012-08-27 00:00:00+05:30,497.5657653808594
2012-08-28 00:00:00+05:30,509.0400085449219
2012-08-29 00:00:00+05:30,506.17608642578125
2012-08-30 00:00:00+05:30,515.1632690429688
2012-08-31 00:00:00+05:30,506.3455810546875
2012-09-03 00:00:00+05:30,504.1224060058594
2012-09-04 00:00:00+05:30,505.25262451171875
2012-09-05 00:00:00+05:30,514.1644897460938
2012-09-06 00:00:00+05:30,518.3472900390625
2012-09-07 00:00:00+05:30,522.52978515625
2012-09-08 00:00:00+05:30,468.6337890625
2012-09-10 00:00:00+05:30,516.7833251953125
2012-09-11 00:00:00+05:30,524.7720336914062
2012-09-12 00:00:00+05:30,533.1558227539062
2012-09-13 00:00:00+05:30,534.2109375
2012-09-14 00:00:00+05:30,532.4774780273438
2012-09-17 00:00:00+05:30,505.72357177734375
2012-09-18 00:00:00+05:30,489.7843933105469
2012-09-20 00:00:00+05:30,498.14984130859375
2012-09-21 00:00:00+05:30,491.38604736328125
2012-09-24 00:00:00+05:30,485.8843688964844
2012-09-25 00:00:00+05:30,487.2976379394531
2012-09-26 00:00:00+05:30,484.4338073730469
2012-09-27 00:00:00+05:30,479.13958740234375
2012-09-28 00:00:00+05:30,488.31494140625
2012-10-01 00:00:00+05:30,490.97137451171875
2012-10-03 00:00:00+05:30,498.3948059082031
2012-10-04 00:00:00+05:30,496.3221130371094
2012-10-05 00:00:00+05:30,491.3671875
2012-10-08 00:00:00+05:30,487.1091003417969
2012-10-09 00:00:00+05:30,487.9194641113281
2012-10-10 00:00:00+05:30,485.84674072265625
2012-10-11 00:00:00+05:30,485.8843688964844
2012-10-12 00:00:00+05:30,489.2757873535156
2012-10-15 00:00:00+05:30,487.8438720703125
2012-10-16 00:00:00+05:30,488.31494140625
2012-10-17 00:00:00+05:30,483.51068115234375
2012-10-18 00:00:00+05:30,492.62939453125
2012-10-19 00:00:00+05:30,485.9786071777344
2012-10-22 00:00:00+05:30,496.9818420410156
2012-10-23 00:00:00+05:30,495.361328125
2012-10-25 00:00:00+05:30,495.6438903808594
2012-10-29 00:00:00+05:30,493.0252990722656
2012-10-30 00:00:00+05:30,494.1933288574219
2012-10-31 00:00:00+05:30,496.83697509765625
2012-11-01 00:00:00+05:30,496.74273681640625
2012-11-02 00:00:00+05:30,502.7666931152344
2012-11-05 00:00:00+05:30,502.162109375
2012-11-06 00:00:00+05:30,498.7441711425781
2012-11-07 00:00:00+05:30,502.8798522949219
2012-11-08 00:00:00+05:30,502.7666931152344
2012-11-09 00:00:00+05:30,500.40625
2012-11-12 00:00:00+05:30,504.012939453125
2012-11-15 00:00:00+05:30,488.7736511230469
2012-11-16 00:00:00+05:30,485.9977722167969
2012-11-19 00:00:00+05:30,476.7634582519531
2012-11-20 00:00:00+05:30,480.7100830078125
2012-11-21 00:00:00+05:30,484.26043701171875
2012-11-22 00:00:00+05:30,482.08856201171875
2012-11-23 00:00:00+05:30,486.67742919921875
2012-11-26 00:00:00+05:30,488.6036682128906
2012-11-27 00:00:00+05:30,489.170166015625
2012-11-29 00:00:00+05:30,490.2656555175781
2012-11-30 00:00:00+05:30,496.27069091796875
2012-12-03 00:00:00+05:30,497.32806396484375
2012-12-04 00:00:00+05:30,490.77520751953125
2012-12-05 00:00:00+05:30,490.1899108886719
2012-12-06 00:00:00+05:30,483.6938171386719
2012-12-07 00:00:00+05:30,477.4432678222656
2012-12-10 00:00:00+05:30,467.2647399902344
2012-12-11 00:00:00+05:30,460.65557861328125
2012-12-12 00:00:00+05:30,462.9591064453125
2012-12-13 00:00:00+05:30,461.7315673828125
2012-12-14 00:00:00+05:30,469.41748046875
2012-12-17 00:00:00+05:30,455.292236328125
2012-12-18 00:00:00+05:30,457.2373046875
2012-12-19 00:00:00+05:30,465.5462646484375
2012-12-20 00:00:00+05:30,472.8732604980469
2012-12-21 00:00:00+05:30,475.384765625
2012-12-24 00:00:00+05:30,478.2173767089844
2012-12-26 00:00:00+05:30,476.7068786621094
2012-12-27 00:00:00+05:30,472.4579162597656
2012-12-28 00:00:00+05:30,478.70849609375
2012-12-31 00:00:00+05:30,474.30828857421875
2013-01-01 00:00:00+05:30,477.4432678222656
2013-01-02 00:00:00+05:30,477.1221923828125
2013-01-03 00:00:00+05:30,483.65618896484375
2013-01-04 00:00:00+05:30,490.6809997558594
2013-01-07 00:00:00+05:30,489.03814697265625
2013-01-08 00:00:00+05:30,491.0771789550781
2013-01-09 00:00:00+05:30,482.1452331542969
2013-01-10 00:00:00+05:30,475.27166748046875
2013-01-11 00:00:00+05:30,493.38134765625
2013-01-14 00:00:00+05:30,504.012939453125
2013-01-15 00:00:00+05:30,505.1271057128906
2013-01-16 00:00:00+05:30,509.0171813964844
2013-01-17 00:00:00+05:30,514.3990478515625
2013-01-18 00:00:00+05:30,510.24468994140625
2013-01-21 00:00:00+05:30,502.3133544921875
2013-01-22 00:00:00+05:30,497.5924987792969
2013-01-23 00:00:00+05:30,496.6269226074219
2013-01-24 00:00:00+05:30,502.9111022949219
2013-01-25 00:00:00+05:30,507.4344482421875
2013-01-28 00:00:00+05:30,509.1567077636719
2013-01-29 00:00:00+05:30,509.119140625
2013-01-30 00:00:00+05:30,509.5731506347656
2013-01-31 00:00:00+05:30,508.81622314453125
2013-02-01 00:00:00+05:30,510.3112487792969
2013-02-04 00:00:00+05:30,513.4340209960938
2013-02-05 00:00:00+05:30,514.8348999023438
2013-02-06 00:00:00+05:30,518.8097534179688
2013-02-07 00:00:00+05:30,525.0935668945312
2013-02-08 00:00:00+05:30,538.5125732421875
2013-02-11 00:00:00+05:30,535.5220947265625
2013-02-12 00:00:00+05:30,533.7620849609375
2013-02-13 00:00:00+05:30,543.3579711914062
2013-02-14 00:00:00+05:30,548.0142822265625
2013-02-15 00:00:00+05:30,545.9130859375
2013-02-18 00:00:00+05:30,539.5537109375
2013-02-19 00:00:00+05:30,546.4430541992188
2013-02-20 00:00:00+05:30,549.9444580078125
2013-02-21 00:00:00+05:30,549.2821655273438
2013-02-22 00:00:00+05:30,550.8153686523438
2013-02-25 00:00:00+05:30,557.8561401367188
2013-02-26 00:00:00+05:30,566.4490356445312
2013-02-27 00:00:00+05:30,561.4522705078125
2013-02-28 00:00:00+05:30,574.2467651367188
2013-03-01 00:00:00+05:30,568.5120239257812
2013-03-04 00:00:00+05:30,572.8084716796875
2013-03-05 00:00:00+05:30,583.01025390625
2013-03-06 00:00:00+05:30,590.9786376953125
2013-03-07 00:00:00+05:30,601.8427124023438
2013-03-08 00:00:00+05:30,599.2875366210938
2013-03-11 00:00:00+05:30,592.8712158203125
2013-03-12 00:00:00+05:30,590.7133178710938
2013-03-13 00:00:00+05:30,587.3824462890625
2013-03-14 00:00:00+05:30,593.4391479492188
2013-03-15 00:00:00+05:30,594.4043579101562
2013-03-18 00:00:00+05:30,593.155029296875
2013-03-19 00:00:00+05:30,585.5084228515625
2013-03-20 00:00:00+05:30,589.6345825195312
2013-03-21 00:00:00+05:30,590.5052490234375
2013-03-22 00:00:00+05:30,583.7672729492188
2013-03-25 00:00:00+05:30,584.2214965820312
2013-03-26 00:00:00+05:30,589.1425170898438
2013-03-28 00:00:00+05:30,596.4862670898438
2013-04-01 00:00:00+05:30,589.3319091796875
2013-04-02 00:00:00+05:30,593.306640625
2013-04-03 00:00:00+05:30,584.2404174804688
2013-04-04 00:00:00+05:30,570.7644653320312
2013-04-05 00:00:00+05:30,567.1870727539062
2013-04-08 00:00:00+05:30,560.52490234375
2013-04-09 00:00:00+05:30,566.8272705078125
2013-04-10 00:00:00+05:30,579.3385009765625
2013-04-11 00:00:00+05:30,581.7800903320312
2013-04-12 00:00:00+05:30,572.2595825195312
2013-04-15 00:00:00+05:30,557.3828735351562
2013-04-16 00:00:00+05:30,561.4334106445312
2013-04-17 00:00:00+05:30,551.4020385742188
2013-04-18 00:00:00+05:30,549.9258422851562
2013-04-22 00:00:00+05:30,539.53466796875
2013-04-23 00:00:00+05:30,541.5220947265625
2013-04-25 00:00:00+05:30,530.8284301757812
2013-04-26 00:00:00+05:30,518.3552856445312
2013-04-29 00:00:00+05:30,518.8853759765625
2013-04-30 00:00:00+05:30,521.7811889648438
2013-05-02 00:00:00+05:30,542.7904052734375
2013-05-03 00:00:00+05:30,536.9606323242188
2013-05-06 00:00:00+05:30,555.3955078125
2013-05-07 00:00:00+05:30,557.0611572265625
2013-05-08 00:00:00+05:30,560.278564453125
2013-05-09 00:00:00+05:30,567.2247924804688
2013-05-10 00:00:00+05:30,566.2598876953125
2013-05-13 00:00:00+05:30,549.4903564453125
2013-05-14 00:00:00+05:30,551.8941040039062
2013-05-15 00:00:00+05:30,557.0423583984375
2013-05-16 00:00:00+05:30,550.4177856445312
2013-05-17 00:00:00+05:30,557.8939819335938
2013-05-20 00:00:00+05:30,557.3641357421875
2013-05-21 00:00:00+05:30,565.1055297851562
2013-05-22 00:00:00+05:30,567.2060546875
2013-05-23 00:00:00+05:30,565.0484619140625
2013-05-24 00:00:00+05:30,556.2852172851562
2013-05-27 00:00:00+05:30,567.0546264648438
2013-05-28 00:00:00+05:30,573.1491088867188
2013-05-29 00:00:00+05:30,566.8086547851562
2013-05-30 00:00:00+05:30,567.5848388671875
2013-05-31 00:00:00+05:30,567.2247924804688
2013-06-03 00:00:00+05:30,556.2286376953125
2013-06-04 00:00:00+05:30,554.6953125
2013-06-05 00:00:00+05:30,555.6229248046875
2013-06-06 00:00:00+05:30,561.7144165039062
2013-06-07 00:00:00+05:30,580.1232299804688
2013-06-10 00:00:00+05:30,582.4530639648438
2013-06-11 00:00:00+05:30,573.4776611328125
2013-06-12 00:00:00+05:30,560.702392578125
2013-06-13 00:00:00+05:30,552.128173828125
2013-06-14 00:00:00+05:30,554.056884765625
2013-06-17 00:00:00+05:30,554.7254638671875
2013-06-18 00:00:00+05:30,551.4214477539062
2013-06-19 00:00:00+05:30,545.2728271484375
2013-06-20 00:00:00+05:30,536.4119262695312
2013-06-21 00:00:00+05:30,543.1910400390625
2013-06-24 00:00:00+05:30,538.7799072265625
2013-06-25 00:00:00+05:30,531.75244140625
2013-06-26 00:00:00+05:30,549.0917358398438
2013-06-27 00:00:00+05:30,569.7919921875
2013-06-28 00:00:00+05:30,579.8175048828125
2013-07-01 00:00:00+05:30,569.9636840820312
2013-07-02 00:00:00+05:30,573.0956420898438
2013-07-03 00:00:00+05:30,568.9901733398438
2013-07-04 00:00:00+05:30,587.5133666992188
2013-07-05 00:00:00+05:30,584.4199829101562
2013-07-08 00:00:00+05:30,575.4254150390625
2013-07-09 00:00:00+05:30,574.7573852539062
2013-07-10 00:00:00+05:30,577.4497680664062
2013-07-11 00:00:00+05:30,597.5389404296875
2013-07-12 00:00:00+05:30,614.8402099609375
2013-07-15 00:00:00+05:30,627.0232543945312
2013-07-16 00:00:00+05:30,629.926025390625
2013-07-17 00:00:00+05:30,641.0590209960938
2013-07-18 00:00:00+05:30,634.1461791992188
2013-07-19 00:00:00+05:30,665.6168823242188
2013-07-22 00:00:00+05:30,667.02978515625
2013-07-23 00:00:00+05:30,668.2901611328125
2013-07-24 00:00:00+05:30,680.8937377929688
2013-07-25 00:00:00+05:30,685.8396606445312
2013-07-26 00:00:00+05:30,677.7239379882812
2013-07-29 00:00:00+05:30,681.0540771484375
2013-07-30 00:00:00+05:30,686.0686645507812
2013-07-31 00:00:00+05:30,694.94921875
2013-08-01 00:00:00+05:30,694.9107055664062
2013-08-02 00:00:00+05:30,706.5667724609375
2013-08-05 00:00:00+05:30,714.7390747070312
2013-08-06 00:00:00+05:30,715.8494262695312
2013-08-07 00:00:00+05:30,697.7052612304688
2013-08-08 00:00:00+05:30,706.3947143554688
2013-08-12 00:00:00+05:30,694.3749389648438
2013-08-13 00:00:00+05:30,696.5950927734375
2013-08-14 00:00:00+05:30,701.8392944335938
2013-08-16 00:00:00+05:30,681.7046508789062
2013-08-19 00:00:00+05:30,680.384033203125
2013-08-20 00:00:00+05:30,664.6705932617188
2013-08-21 00:00:00+05:30,657.5509033203125
2013-08-22 00:00:00+05:30,680.95849609375
2013-08-23 00:00:00+05:30,700.288818359375
2013-08-26 00:00:00+05:30,705.093017578125
2013-08-27 00:00:00+05:30,703.8681030273438
2013-08-28 00:00:00+05:30,730.318603515625
2013-08-29 00:00:00+05:30,745.3238525390625
2013-08-30 00:00:00+05:30,778.2819213867188
2013-09-02 00:00:00+05:30,787.3345947265625
2013-09-03 00:00:00+05:30,765.9943237304688
2013-09-04 00:00:00+05:30,792.0238037109375
2013-09-05 00:00:00+05:30,762.0325927734375
2013-09-06 00:00:00+05:30,761.2860717773438
2013-09-10 00:00:00+05:30,760.9415283203125
2013-09-11 00:00:00+05:30,763.2000122070312
2013-09-12 00:00:00+05:30,753.285888671875
2013-09-13 00:00:00+05:30,747.869384765625
2013-09-16 00:00:00+05:30,728.270751953125
2013-09-17 00:00:00+05:30,745.4579467773438
2013-09-18 00:00:00+05:30,748.1563720703125
2013-09-19 00:00:00+05:30,752.67333984375
2013-09-20 00:00:00+05:30,746.5490112304688
2013-09-23 00:00:00+05:30,748.385986328125
2013-09-24 00:00:00+05:30,742.4146728515625
2013-09-25 00:00:00+05:30,749.8980712890625
2013-09-26 00:00:00+05:30,743.7161254882812
2013-09-27 00:00:00+05:30,745.7066650390625
2013-09-30 00:00:00+05:30,737.93603515625
2013-10-01 00:00:00+05:30,746.0703735351562
2013-10-03 00:00:00+05:30,774.9898071289062
2013-10-04 00:00:00+05:30,778.43505859375
2013-10-07 00:00:00+05:30,799.9284057617188
2013-10-08 00:00:00+05:30,789.0955810546875
2013-10-09 00:00:00+05:30,800.3496704101562
2013-10-10 00:00:00+05:30,796.1962890625
2013-10-11 00:00:00+05:30,812.2926025390625
2013-10-14 00:00:00+05:30,847.0111083984375
2013-10-15 00:00:00+05:30,848.0255737304688
2013-10-17 00:00:00+05:30,807.086669921875
2013-10-18 00:00:00+05:30,811.7564086914062
2013-10-21 00:00:00+05:30,792.9999389648438
2013-10-22 00:00:00+05:30,799.775390625
2013-10-23 00:00:00+05:30,788.9805908203125
2013-10-24 00:00:00+05:30,768.9036865234375
2013-10-25 00:00:00+05:30,793.08642578125
2013-10-28 00:00:00+05:30,791.6287231445312
2013-10-29 00:00:00+05:30,793.8726806640625
2013-10-30 00:00:00+05:30,802.3682861328125
2013-10-31 00:00:00+05:30,810.0776977539062
2013-11-01 00:00:00+05:30,804.5350952148438
2013-11-05 00:00:00+05:30,783.2097778320312
2013-11-06 00:00:00+05:30,802.0421752929688
2013-11-07 00:00:00+05:30,813.8749389648438
2013-11-08 00:00:00+05:30,801.94677734375
2013-11-11 00:00:00+05:30,803.40380859375
2013-11-12 00:00:00+05:30,800.5272827148438
2013-11-13 00:00:00+05:30,785.8947143554688
2013-11-14 00:00:00+05:30,777.1499633789062
2013-11-18 00:00:00+05:30,783.97705078125
2013-11-19 00:00:00+05:30,778.5689086914062
2013-11-20 00:00:00+05:30,776.1527709960938
2013-11-21 00:00:00+05:30,761.961181640625
2013-11-22 00:00:00+05:30,767.4268188476562
2013-11-25 00:00:00+05:30,772.1829223632812
2013-11-26 00:00:00+05:30,764.6842651367188
2013-11-27 00:00:00+05:30,761.9036865234375
2013-11-28 00:00:00+05:30,761.1942749023438
2013-11-29 00:00:00+05:30,768.7693481445312
2013-12-02 00:00:00+05:30,772.432373046875
2013-12-03 00:00:00+05:30,775.0785522460938
2013-12-04 00:00:00+05:30,767.1198120117188
2013-12-05 00:00:00+05:30,762.1722412109375
2013-12-06 00:00:00+05:30,767.2158813476562
2013-12-09 00:00:00+05:30,768.9611206054688
2013-12-10 00:00:00+05:30,798.839599609375
2013-12-11 00:00:00+05:30,789.3659057617188
2013-12-12 00:00:00+05:30,778.185546875
2013-12-13 00:00:00+05:30,767.7913818359375
2013-12-16 00:00:00+05:30,774.4458618164062
2013-12-17 00:00:00+05:30,784.4949951171875
2013-12-18 00:00:00+05:30,788.5029296875
2013-12-19 00:00:00+05:30,798.3603515625
2013-12-20 00:00:00+05:30,813.3379516601562
2013-12-23 00:00:00+05:30,808.9270629882812
2013-12-24 00:00:00+05:30,809.5596923828125
2013-12-26 00:00:00+05:30,805.5709228515625
2013-12-27 00:00:00+05:30,828.71826171875
2013-12-30 00:00:00+05:30,826.9541015625
2013-12-31 00:00:00+05:30,833.0906372070312
2014-01-01 00:00:00+05:30,825.8991088867188
2014-01-02 00:00:00+05:30,831.15380859375
2014-01-03 00:00:00+05:30,852.3260498046875
2014-01-06 00:00:00+05:30,858.9996337890625
2014-01-07 00:00:00+05:30,846.1698608398438
2014-01-08 00:00:00+05:30,856.3338623046875
2014-01-09 00:00:00+05:30,859.9007568359375
2014-01-10 00:00:00+05:30,874.8400268554688
2014-01-13 00:00:00+05:30,908.5347900390625
2014-01-14 00:00:00+05:30,892.4258422851562
2014-01-15 00:00:00+05:30,902.7244873046875
2014-01-16 00:00:00+05:30,901.4586181640625
2014-01-17 00:00:00+05:30,848.8162841796875
2014-01-20 00:00:00+05:30,896.817626953125
2014-01-21 00:00:00+05:30,874.6101684570312
2014-01-22 00:00:00+05:30,872.2127075195312
2014-01-23 00:00:00+05:30,863.9278564453125
2014-01-24 00:00:00+05:30,862.4896850585938
2014-01-27 00:00:00+05:30,856.6876831054688
2014-01-28 00:00:00+05:30,850.0598754882812
2014-01-29 00:00:00+05:30,849.080078125
2014-01-30 00:00:00+05:30,852.0772705078125
2014-01-31 00:00:00+05:30,861.0872192382812
2014-02-03 00:00:00+05:30,843.18212890625
2014-02-04 00:00:00+05:30,826.6217041015625
2014-02-05 00:00:00+05:30,843.1627807617188
2014-02-06 00:00:00+05:30,835.8048095703125
2014-02-07 00:00:00+05:30,823.9510498046875
2014-02-10 00:00:00+05:30,804.4129028320312
2014-02-11 00:00:00+05:30,807.5445556640625
2014-02-12 00:00:00+05:30,808.9852294921875
2014-02-13 00:00:00+05:30,819.8590087890625
2014-02-14 00:00:00+05:30,832.980712890625
2014-02-17 00:00:00+05:30,832.0198974609375
2014-02-18 00:00:00+05:30,832.2506103515625
2014-02-19 00:00:00+05:30,844.52685546875
2014-02-20 00:00:00+05:30,841.2224731445312
2014-02-21 00:00:00+05:30,847.5046997070312
2014-02-24 00:00:00+05:30,836.822998046875
2014-02-25 00:00:00+05:30,841.0496215820312
2014-02-26 00:00:00+05:30,838.4559326171875
2014-02-28 00:00:00+05:30,874.4205322265625
2014-03-03 00:00:00+05:30,860.7031860351562
2014-03-04 00:00:00+05:30,860.9337158203125
2014-03-05 00:00:00+05:30,865.2562866210938
2014-03-06 00:00:00+05:30,860.9721069335938
2014-03-07 00:00:00+05:30,856.2653198242188
2014-03-10 00:00:00+05:30,823.278564453125
2014-03-11 00:00:00+05:30,826.73681640625
2014-03-12 00:00:00+05:30,837.418701171875
2014-03-13 00:00:00+05:30,825.9302978515625
2014-03-14 00:00:00+05:30,822.0875244140625
2014-03-18 00:00:00+05:30,815.3443603515625
2014-03-19 00:00:00+05:30,783.6065063476562
2014-03-20 00:00:00+05:30,810.0420532226562
2014-03-21 00:00:00+05:30,817.265380859375
2014-03-24 00:00:00+05:30,827.1019287109375
2014-03-25 00:00:00+05:30,824.8155517578125
2014-03-26 00:00:00+05:30,804.3934936523438
2014-03-27 00:00:00+05:30,804.6815795898438
2014-03-28 00:00:00+05:30,807.697998046875
2014-03-31 00:00:00+05:30,819.6286010742188
2014-04-01 00:00:00+05:30,836.3616943359375
2014-04-02 00:00:00+05:30,834.65234375
2014-04-03 00:00:00+05:30,832.4425048828125
2014-04-04 00:00:00+05:30,821.8187255859375
2014-04-07 00:00:00+05:30,827.5631103515625
2014-04-09 00:00:00+05:30,822.4140625
2014-04-10 00:00:00+05:30,816.9388427734375
2014-04-11 00:00:00+05:30,831.5206298828125
2014-04-15 00:00:00+05:30,865.5829467773438
2014-04-16 00:00:00+05:30,843.8929443359375
2014-04-17 00:00:00+05:30,854.1134643554688
2014-04-21 00:00:00+05:30,853.6717529296875
2014-04-22 00:00:00+05:30,853.4027709960938
2014-04-23 00:00:00+05:30,850.5978393554688
2014-04-24 00:00:00+05:30,850.5978393554688
2014-04-25 00:00:00+05:30,847.3319091796875
2014-04-28 00:00:00+05:30,841.9907836914062
2014-04-29 00:00:00+05:30,843.1051635742188
2014-04-30 00:00:00+05:30,841.1649169921875
2014-05-02 00:00:00+05:30,848.5613403320312
2014-05-05 00:00:00+05:30,850.5782470703125
2014-05-06 00:00:00+05:30,844.8917846679688
2014-05-07 00:00:00+05:30,832.07763671875
2014-05-08 00:00:00+05:30,830.73291015625
2014-05-09 00:00:00+05:30,829.9066772460938
2014-05-12 00:00:00+05:30,829.6953735351562
2014-05-13 00:00:00+05:30,849.5216064453125
2014-05-14 00:00:00+05:30,851.5008544921875
2014-05-15 00:00:00+05:30,842.6826171875
2014-05-16 00:00:00+05:30,830.2333374023438
2014-05-19 00:00:00+05:30,782.5689697265625
2014-05-20 00:00:00+05:30,794.6724853515625
2014-05-21 00:00:00+05:30,800.3016357421875
2014-05-22 00:00:00+05:30,811.4827270507812
2014-05-23 00:00:00+05:30,817.6112060546875
2014-05-26 00:00:00+05:30,827.6398315429688
2014-05-27 00:00:00+05:30,818.9752197265625
2014-05-28 00:00:00+05:30,826.3141479492188
2014-05-29 00:00:00+05:30,829.9259033203125
2014-05-30 00:00:00+05:30,822.7794799804688
2014-06-02 00:00:00+05:30,818.3606567382812
2014-06-03 00:00:00+05:30,817.8801879882812
2014-06-04 00:00:00+05:30,802.7608032226562
2014-06-05 00:00:00+05:30,808.48583984375
2014-06-06 00:00:00+05:30,808.5245361328125
2014-06-09 00:00:00+05:30,819.987548828125
2014-06-10 00:00:00+05:30,837.1915893554688
2014-06-11 00:00:00+05:30,856.12255859375
2014-06-12 00:00:00+05:30,867.9152221679688
2014-06-13 00:00:00+05:30,858.6827392578125
2014-06-16 00:00:00+05:30,880.48388671875
2014-06-17 00:00:00+05:30,884.4019165039062
2014-06-18 00:00:00+05:30,863.919921875
2014-06-19 00:00:00+05:30,882.9279174804688
2014-06-20 00:00:00+05:30,889.2703247070312
2014-06-23 00:00:00+05:30,880.1348876953125
2014-06-24 00:00:00+05:30,895.7291870117188
2014-06-25 00:00:00+05:30,896.31103515625
2014-06-26 00:00:00+05:30,895.1859741210938
2014-06-27 00:00:00+05:30,930.8363647460938
2014-06-30 00:00:00+05:30,940.8638916015625
2014-07-01 00:00:00+05:30,927.4221801757812
2014-07-02 00:00:00+05:30,931.6314697265625
2014-07-03 00:00:00+05:30,937.95458984375
2014-07-04 00:00:00+05:30,935.0838623046875
2014-07-07 00:00:00+05:30,965.3614501953125
2014-07-08 00:00:00+05:30,950.193359375
2014-07-09 00:00:00+05:30,930.2928466796875
2014-07-10 00:00:00+05:30,912.31298828125
2014-07-11 00:00:00+05:30,928.8575439453125
2014-07-14 00:00:00+05:30,941.1934814453125
2014-07-15 00:00:00+05:30,930.7391357421875
2014-07-16 00:00:00+05:30,931.728515625
2014-07-17 00:00:00+05:30,924.0088500976562
2014-07-18 00:00:00+05:30,946.9927978515625
2014-07-21 00:00:00+05:30,955.7405395507812
2014-07-22 00:00:00+05:30,982.3713989257812
2014-07-23 00:00:00+05:30,1003.2225341796875
2014-07-24 00:00:00+05:30,1006.73291015625
2014-07-25 00:00:00+05:30,1010.825439453125
2014-07-28 00:00:00+05:30,1022.094970703125
2014-07-30 00:00:00+05:30,1024.3648681640625
2014-07-31 00:00:00+05:30,1018.4439086914062
2014-08-01 00:00:00+05:30,993.319091796875
2014-08-04 00:00:00+05:30,997.1280517578125
2014-08-05 00:00:00+05:30,996.2000122070312
2014-08-06 00:00:00+05:30,989.47021484375
2014-08-07 00:00:00+05:30,974.9238891601562
2014-08-08 00:00:00+05:30,978.4366455078125
2014-08-11 00:00:00+05:30,974.371337890625
2014-08-12 00:00:00+05:30,975.693603515625
2014-08-13 00:00:00+05:30,986.8646850585938
2014-08-14 00:00:00+05:30,986.7465209960938
2014-08-18 00:00:00+05:30,981.9505004882812
2014-08-19 00:00:00+05:30,962.5684204101562
2014-08-20 00:00:00+05:30,961.660888671875
2014-08-21 00:00:00+05:30,960.1805419921875
2014-08-22 00:00:00+05:30,972.7131958007812
2014-08-25 00:00:00+05:30,995.548828125
2014-08-26 00:00:00+05:30,1000.1868896484375
2014-08-27 00:00:00+05:30,1006.5621948242188
2014-08-28 00:00:00+05:30,995.6674194335938
2014-09-01 00:00:00+05:30,1001.5094604492188
2014-09-02 00:00:00+05:30,1001.8057861328125
2014-09-03 00:00:00+05:30,1028.844970703125
2014-09-04 00:00:00+05:30,1020.2990112304688
2014-09-05 00:00:00+05:30,1025.7659912109375
2014-09-08 00:00:00+05:30,1043.174072265625
2014-09-09 00:00:00+05:30,1038.6544189453125
2014-09-10 00:00:00+05:30,1026.3779296875
2014-09-11 00:00:00+05:30,1025.6678466796875
2014-09-12 00:00:00+05:30,1029.3187255859375
2014-09-15 00:00:00+05:30,1009.8583984375
2014-09-16 00:00:00+05:30,1006.9176025390625
2014-09-17 00:00:00+05:30,1022.8449096679688
2014-09-18 00:00:00+05:30,1043.0164794921875
2014-09-19 00:00:00+05:30,1071.3980712890625
2014-09-22 00:00:00+05:30,1074.3975830078125
2014-09-23 00:00:00+05:30,1061.13427734375
2014-09-24 00:00:00+05:30,1043.2921142578125
2014-09-25 00:00:00+05:30,1069.187255859375
2014-09-26 00:00:00+05:30,1059.4771728515625
2014-09-29 00:00:00+05:30,1092.614990234375
2014-09-30 00:00:00+05:30,1080.239990234375
2014-10-01 00:00:00+05:30,1095.634765625
2014-10-07 00:00:00+05:30,1078.1678466796875
2014-10-08 00:00:00+05:30,1059.1611328125
2014-10-09 00:00:00+05:30,1068.1806640625
2014-10-10 00:00:00+05:30,1057.305908203125
2014-10-13 00:00:00+05:30,1072.3255615234375
2014-10-14 00:00:00+05:30,1065.476806640625
2014-10-15 00:00:00+05:30,1065.476806640625
2014-10-16 00:00:00+05:30,1057.1475830078125
2014-10-17 00:00:00+05:30,963.61474609375
2014-10-20 00:00:00+05:30,956.5687255859375
2014-10-21 00:00:00+05:30,960.5553588867188
2014-10-22 00:00:00+05:30,967.83837890625
2014-10-27 00:00:00+05:30,969.9304809570312
2014-10-28 00:00:00+05:30,978.3974609375
2014-10-29 00:00:00+05:30,991.2332763671875
2014-10-30 00:00:00+05:30,1011.860107421875
2014-10-31 00:00:00+05:30,1031.4984130859375
2014-11-03 00:00:00+05:30,1024.576171875
2014-11-05 00:00:00+05:30,1028.1954345703125
2014-11-07 00:00:00+05:30,1017.6549682617188
2014-11-10 00:00:00+05:30,1016.388916015625
2014-11-11 00:00:00+05:30,1020.7594604492188
2014-11-12 00:00:00+05:30,1025.13037109375
2014-11-13 00:00:00+05:30,1023.8250122070312
2014-11-14 00:00:00+05:30,1030.9449462890625
2014-11-17 00:00:00+05:30,1035.6317138671875
2014-11-18 00:00:00+05:30,1022.796875
2014-11-19 00:00:00+05:30,1018.0106201171875
2014-11-20 00:00:00+05:30,1030.5491943359375
2014-11-21 00:00:00+05:30,1037.15478515625
2014-11-24 00:00:00+05:30,1051.2158203125
2014-11-25 00:00:00+05:30,1042.6326904296875
2014-11-26 00:00:00+05:30,1039.19140625
2014-11-27 00:00:00+05:30,1049.4759521484375
2014-11-28 00:00:00+05:30,1045.4010009765625
2014-12-01 00:00:00+05:30,1065.1580810546875
2014-12-02 00:00:00+05:30,1051.057373046875
2014-12-03 00:00:00+05:30,1042.37548828125
2014-12-04 00:00:00+05:30,1043.40380859375
2014-12-05 00:00:00+05:30,1020.0673217773438
2014-12-08 00:00:00+05:30,993.9027099609375
2014-12-09 00:00:00+05:30,994.7136840820312
2014-12-10 00:00:00+05:30,991.9641723632812
2014-12-11 00:00:00+05:30,985.7347412109375
2014-12-12 00:00:00+05:30,969.339599609375
2014-12-15 00:00:00+05:30,932.9306640625
2014-12-16 00:00:00+05:30,966.314208984375
2014-12-17 00:00:00+05:30,966.729248046875
2014-12-18 00:00:00+05:30,973.2951049804688
2014-12-19 00:00:00+05:30,993.0130004882812
2014-12-22 00:00:00+05:30,994.1397705078125
2014-12-23 00:00:00+05:30,995.4453735351562
2014-12-24 00:00:00+05:30,980.8895874023438
2014-12-26 00:00:00+05:30,990.8175659179688
2014-12-29 00:00:00+05:30,997.8972778320312
2014-12-30 00:00:00+05:30,1000.7255859375
2014-12-31 00:00:00+05:30,1011.879638671875
2015-01-01 00:00:00+05:30,1006.8568115234375
2015-01-02 00:00:00+05:30,1020.2649536132812
2015-01-05 00:00:00+05:30,1004.7603149414062
2015-01-06 00:00:00+05:30,967.7181396484375
2015-01-07 00:00:00+05:30,956.287353515625
2015-01-08 00:00:00+05:30,966.610595703125
2015-01-09 00:00:00+05:30,993.7047119140625
2015-01-12 00:00:00+05:30,992.6763916015625
2015-01-13 00:00:00+05:30,988.0088500976562
2015-01-14 00:00:00+05:30,997.5213012695312
2015-01-15 00:00:00+05:30,1004.3052368164062
2015-01-16 00:00:00+05:30,1001.5562133789062
2015-01-19 00:00:00+05:30,993.1906127929688
2015-01-20 00:00:00+05:30,989.0180053710938
2015-01-21 00:00:00+05:30,994.2984619140625
2015-01-22 00:00:00+05:30,994.1991577148438
2015-01-23 00:00:00+05:30,990.2637939453125
2015-01-27 00:00:00+05:30,991.6312255859375
2015-01-28 00:00:00+05:30,1006.51318359375
2015-01-29 00:00:00+05:30,1008.5145874023438
2015-01-30 00:00:00+05:30,983.7045288085938
2015-02-02 00:00:00+05:30,996.4462890625
2015-02-03 00:00:00+05:30,1013.9044799804688
2015-02-04 00:00:00+05:30,996.4862060546875
2015-02-05 00:00:00+05:30,1011.5859375
2015-02-06 00:00:00+05:30,1020.8402709960938
2015-02-09 00:00:00+05:30,995.9310913085938
2015-02-10 00:00:00+05:30,967.4948120117188
2015-02-11 00:00:00+05:30,974.9257202148438
2015-02-12 00:00:00+05:30,975.81787109375
2015-02-13 00:00:00+05:30,1006.1763305664062
2015-02-16 00:00:00+05:30,1024.4273681640625
2015-02-18 00:00:00+05:30,1044.580322265625
2015-02-19 00:00:00+05:30,1062.57373046875
2015-02-20 00:00:00+05:30,1060.39404296875
2015-02-23 00:00:00+05:30,1068.756103515625
2015-02-24 00:00:00+05:30,1071.966552734375
2015-02-25 00:00:00+05:30,1059.0662841796875
2015-02-26 00:00:00+05:30,1052.8238525390625
2015-02-27 00:00:00+05:30,1055.1624755859375
2015-03-02 00:00:00+05:30,1057.956298828125
2015-03-03 00:00:00+05:30,1100.2052001953125
2015-03-04 00:00:00+05:30,1088.3153076171875
2015-03-05 00:00:00+05:30,1068.6768798828125
2015-03-09 00:00:00+05:30,1048.99951171875
2015-03-10 00:00:00+05:30,1047.3743896484375
2015-03-11 00:00:00+05:30,1033.0474853515625
2015-03-12 00:00:00+05:30,1038.0015869140625
2015-03-13 00:00:00+05:30,1023.4561767578125
2015-03-16 00:00:00+05:30,1015.5097045898438
2015-03-17 00:00:00+05:30,1023.9906616210938
2015-03-18 00:00:00+05:30,1014.3407592773438
2015-03-19 00:00:00+05:30,1028.965087890625
2015-03-20 00:00:00+05:30,1034.7908935546875
2015-03-23 00:00:00+05:30,1037.248779296875
2015-03-24 00:00:00+05:30,1027.0030517578125
2015-03-25 00:00:00+05:30,1020.0476684570312
2015-03-26 00:00:00+05:30,996.0108642578125
2015-03-27 00:00:00+05:30,996.6846313476562
2015-03-30 00:00:00+05:30,1016.2427978515625
2015-03-31 00:00:00+05:30,1012.2005004882812
2015-04-01 00:00:00+05:30,1007.721923828125
2015-04-06 00:00:00+05:30,1009.5648193359375
2015-04-07 00:00:00+05:30,1024.50634765625
2015-04-08 00:00:00+05:30,1046.859130859375
2015-04-09 00:00:00+05:30,1056.0343017578125
2015-04-10 00:00:00+05:30,1051.754150390625
2015-04-13 00:00:00+05:30,1052.447509765625
2015-04-15 00:00:00+05:30,1041.4493408203125
2015-04-16 00:00:00+05:30,1023.6343994140625
2015-04-17 00:00:00+05:30,980.8507690429688
2015-04-20 00:00:00+05:30,962.6000366210938
2015-04-21 00:00:00+05:30,961.906494140625
2015-04-22 00:00:00+05:30,969.0597534179688
2015-04-23 00:00:00+05:30,973.8755493164062
2015-04-24 00:00:00+05:30,988.064208984375
2015-04-27 00:00:00+05:30,990.8977661132812
2015-04-28 00:00:00+05:30,988.8370361328125
2015-04-29 00:00:00+05:30,985.78515625
2015-04-30 00:00:00+05:30,976.431884765625
2015-05-04 00:00:00+05:30,983.5067138671875
2015-05-05 00:00:00+05:30,997.8931274414062
2015-05-06 00:00:00+05:30,976.1740112304688
2015-05-07 00:00:00+05:30,1008.7523193359375
2015-05-08 00:00:00+05:30,1001.618408203125
2015-05-11 00:00:00+05:30,1013.0130615234375
2015-05-12 00:00:00+05:30,999.8942260742188
2015-05-13 00:00:00+05:30,996.9219970703125
2015-05-14 00:00:00+05:30,990.5213623046875
2015-05-15 00:00:00+05:30,995.2379150390625
2015-05-18 00:00:00+05:30,998.903564453125
2015-05-19 00:00:00+05:30,995.851806640625
2015-05-20 00:00:00+05:30,1013.4290771484375
2015-05-21 00:00:00+05:30,1012.814697265625
2015-05-22 00:00:00+05:30,1037.54541015625
2015-05-25 00:00:00+05:30,1030.847900390625
2015-05-26 00:00:00+05:30,1033.9586181640625
2015-05-27 00:00:00+05:30,1036.4951171875
2015-05-28 00:00:00+05:30,1034.216552734375
2015-05-29 00:00:00+05:30,1034.5333251953125
2015-06-01 00:00:00+05:30,1037.486083984375
2015-06-02 00:00:00+05:30,1030.411376953125
2015-06-03 00:00:00+05:30,1034.771484375
2015-06-04 00:00:00+05:30,1032.6904296875
2015-06-05 00:00:00+05:30,1030.37060546875
2015-06-08 00:00:00+05:30,1031.0107421875
2015-06-09 00:00:00+05:30,1024.690185546875
2015-06-10 00:00:00+05:30,1040.3310546875
2015-06-11 00:00:00+05:30,1028.5504150390625
2015-06-12 00:00:00+05:30,1002.3494873046875
2015-06-15 00:00:00+05:30,1001.9498291015625
2015-06-16 00:00:00+05:30,1004.8295288085938
2015-06-17 00:00:00+05:30,1005.5501098632812
2015-06-18 00:00:00+05:30,1012.050048828125
2015-06-19 00:00:00+05:30,1019.8499755859375
2015-06-22 00:00:00+05:30,1036.6307373046875
2015-06-23 00:00:00+05:30,1029.8707275390625
2015-06-24 00:00:00+05:30,1028.1502685546875
2015-06-25 00:00:00+05:30,1020.030029296875
2015-06-26 00:00:00+05:30,1037.150390625
2015-06-29 00:00:00+05:30,1037.1904296875
2015-06-30 00:00:00+05:30,1020.4100952148438
2015-07-01 00:00:00+05:30,1037.2705078125
2015-07-02 00:00:00+05:30,1031.13037109375
2015-07-03 00:00:00+05:30,1041.5908203125
2015-07-06 00:00:00+05:30,1053.3515625
2015-07-07 00:00:00+05:30,1046.531005859375
2015-07-08 00:00:00+05:30,1038.0711669921875
2015-07-09 00:00:00+05:30,1009.02978515625
2015-07-10 00:00:00+05:30,989.7689208984375
2015-07-13 00:00:00+05:30,1003.8496704101562
2015-07-14 00:00:00+05:30,999.829345703125
2015-07-15 00:00:00+05:30,1018.3303833007812
2015-07-16 00:00:00+05:30,1016.109619140625
2015-07-17 00:00:00+05:30,1025.7901611328125
2015-07-20 00:00:00+05:30,1033.9078369140625
2015-07-21 00:00:00+05:30,1026.7921142578125
2015-07-22 00:00:00+05:30,1013.42333984375
2015-07-23 00:00:00+05:30,997.609130859375
2015-07-24 00:00:00+05:30,1004.2434692382812
2015-07-27 00:00:00+05:30,1000.9965209960938
2015-07-28 00:00:00+05:30,1003.0010986328125
2015-07-29 00:00:00+05:30,1004.8851318359375
2015-07-30 00:00:00+05:30,994.4220581054688
2015-07-31 00:00:00+05:30,1006.4879150390625
2015-08-03 00:00:00+05:30,1006.0274658203125
2015-08-04 00:00:00+05:30,1005.7470092773438
2015-08-05 00:00:00+05:30,1021.0804443359375
2015-08-06 00:00:00+05:30,1031.563232421875
2015-08-07 00:00:00+05:30,1023.0443115234375
2015-08-10 00:00:00+05:30,1031.082275390625
2015-08-11 00:00:00+05:30,1043.94970703125
2015-08-12 00:00:00+05:30,1071.0086669921875
2015-08-13 00:00:00+05:30,1056.537353515625
2015-08-14 00:00:00+05:30,1083.6363525390625
2015-08-17 00:00:00+05:30,1076.239990234375
2015-08-18 00:00:00+05:30,1098.7491455078125
2015-08-19 00:00:00+05:30,1095.8226318359375
2015-08-20 00:00:00+05:30,1077.0816650390625
2015-08-21 00:00:00+05:30,1072.7921142578125
2015-08-24 00:00:00+05:30,1033.7076416015625
2015-08-25 00:00:00+05:30,1029.0977783203125
2015-08-26 00:00:00+05:30,1032.9461669921875
2015-08-27 00:00:00+05:30,1032.10400390625
2015-08-28 00:00:00+05:30,1030.58056640625
2015-08-31 00:00:00+05:30,1027.854736328125
2015-09-01 00:00:00+05:30,1017.171875
2015-09-02 00:00:00+05:30,1038.9791259765625
2015-09-03 00:00:00+05:30,1044.5107421875
2015-09-04 00:00:00+05:30,1021.2007446289062
2015-09-07 00:00:00+05:30,1018.1134643554688
2015-09-08 00:00:00+05:30,1018.334228515625
2015-09-09 00:00:00+05:30,1022.1227416992188
2015-09-10 00:00:00+05:30,1020.3784790039062
2015-09-11 00:00:00+05:30,1023.0244750976562
2015-09-14 00:00:00+05:30,1022.8839111328125
2015-09-15 00:00:00+05:30,1017.1112670898438
2015-09-16 00:00:00+05:30,1022.3629760742188
2015-09-18 00:00:00+05:30,1022.7236938476562
2015-09-21 00:00:00+05:30,1022.6436157226562
2015-09-22 00:00:00+05:30,1012.9227294921875
2015-09-23 00:00:00+05:30,1015.2672119140625
2015-09-24 00:00:00+05:30,1034.4093017578125
2015-09-28 00:00:00+05:30,1039.7410888671875
2015-09-29 00:00:00+05:30,1037.555419921875
2015-09-30 00:00:00+05:30,1037.4754638671875
2015-10-01 00:00:00+05:30,1060.1446533203125
2015-10-05 00:00:00+05:30,1087.0233154296875
2015-10-06 00:00:00+05:30,1082.3533935546875
2015-10-07 00:00:00+05:30,1063.89306640625
2015-10-08 00:00:00+05:30,1055.8155517578125
2015-10-09 00:00:00+05:30,1054.1519775390625
2015-10-12 00:00:00+05:30,1039.2996826171875
2015-10-13 00:00:00+05:30,1041.6854248046875
2015-10-14 00:00:00+05:30,995.644775390625
2015-10-15 00:00:00+05:30,989.251220703125
2015-10-16 00:00:00+05:30,990.954833984375
2015-10-19 00:00:00+05:30,997.6690673828125
2015-10-20 00:00:00+05:30,1012.9025268554688
2015-10-21 00:00:00+05:30,1014.2048950195312
2015-10-23 00:00:00+05:30,1019.2872314453125
2015-10-26 00:00:00+05:30,1019.0464477539062
2015-10-27 00:00:00+05:30,1016.857177734375
2015-10-28 00:00:00+05:30,1016.0534057617188
2015-10-29 00:00:00+05:30,1002.494384765625
2015-10-30 00:00:00+05:30,1002.4340209960938
2015-11-02 00:00:00+05:30,1011.3329467773438
2015-11-03 00:00:00+05:30,1021.8182373046875
2015-11-04 00:00:00+05:30,1017.9412841796875
2015-11-05 00:00:00+05:30,997.3920288085938
2015-11-06 00:00:00+05:30,1006.6722412109375
2015-11-09 00:00:00+05:30,992.8524780273438
2015-11-10 00:00:00+05:30,987.54931640625
2015-11-13 00:00:00+05:30,963.1432495117188
2015-11-16 00:00:00+05:30,953.9837036132812
2015-11-17 00:00:00+05:30,960.3916015625
2015-11-18 00:00:00+05:30,944.6829223632812
2015-11-19 00:00:00+05:30,949.1426391601562
2015-11-20 00:00:00+05:30,963.5252075195312
2015-11-23 00:00:00+05:30,960.5924682617188
2015-11-24 00:00:00+05:30,951.3119506835938
2015-11-26 00:00:00+05:30,942.312744140625
2015-11-27 00:00:00+05:30,945.4464111328125
2015-11-30 00:00:00+05:30,953.5618896484375
2015-12-01 00:00:00+05:30,948.8815307617188
2015-12-02 00:00:00+05:30,950.2073974609375
2015-12-03 00:00:00+05:30,944.4022827148438
2015-12-04 00:00:00+05:30,935.4227905273438
2015-12-07 00:00:00+05:30,931.9674072265625
2015-12-08 00:00:00+05:30,935.6641845703125
2015-12-09 00:00:00+05:30,951.1915893554688
2015-12-10 00:00:00+05:30,957.9808959960938
2015-12-11 00:00:00+05:30,958.563232421875
2015-12-14 00:00:00+05:30,955.5302734375
2015-12-15 00:00:00+05:30,954.486083984375
2015-12-16 00:00:00+05:30,967.5625
2015-12-17 00:00:00+05:30,980.1570434570312
2015-12-18 00:00:00+05:30,970.9370727539062
2015-12-21 00:00:00+05:30,982.8289794921875
2015-12-22 00:00:00+05:30,966.216796875
2015-12-23 00:00:00+05:30,974.5530395507812
2015-12-24 00:00:00+05:30,977.9476318359375
2015-12-28 00:00:00+05:30,989.3773803710938
2015-12-29 00:00:00+05:30,986.6053466796875
2015-12-30 00:00:00+05:30,971.5397338867188
2015-12-31 00:00:00+05:30,978.9920043945312
2016-01-01 00:00:00+05:30,970.7767333984375
2016-01-04 00:00:00+05:30,951.97509765625
2016-01-05 00:00:00+05:30,943.678955078125
2016-01-06 00:00:00+05:30,956.7958984375
2016-01-07 00:00:00+05:30,952.6376953125
2016-01-08 00:00:00+05:30,963.2236328125
2016-01-11 00:00:00+05:30,949.0621948242188
2016-01-12 00:00:00+05:30,934.8805541992188
2016-01-13 00:00:00+05:30,915.6571044921875
2016-01-14 00:00:00+05:30,915.4961547851562
2016-01-15 00:00:00+05:30,908.3858642578125
2016-01-18 00:00:00+05:30,915.034423828125
2016-01-19 00:00:00+05:30,915.697509765625
2016-01-20 00:00:00+05:30,916.0185546875
2016-01-21 00:00:00+05:30,907.9241333007812
2016-01-22 00:00:00+05:30,924.5362548828125
2016-01-25 00:00:00+05:30,928.12060546875
2016-01-27 00:00:00+05:30,934.201416015625
2016-01-28 00:00:00+05:30,938.8123779296875
2016-01-29 00:00:00+05:30,963.015625
2016-02-01 00:00:00+05:30,967.6068115234375
2016-02-02 00:00:00+05:30,965.75439453125
2016-02-03 00:00:00+05:30,973.0838012695312
2016-02-04 00:00:00+05:30,974.593994140625
2016-02-05 00:00:00+05:30,975.3589477539062
2016-02-08 00:00:00+05:30,951.5985717773438
2016-02-09 00:00:00+05:30,918.7572631835938
2016-02-10 00:00:00+05:30,913.682861328125
2016-02-11 00:00:00+05:30,885.1503295898438
2016-02-12 00:00:00+05:30,896.6884765625
2016-02-15 00:00:00+05:30,913.8239135742188
2016-02-16 00:00:00+05:30,912.3740844726562
2016-02-17 00:00:00+05:30,916.4014892578125
2016-02-18 00:00:00+05:30,932.6305541992188
2016-02-19 00:00:00+05:30,934.1610717773438
2016-02-22 00:00:00+05:30,932.650634765625
2016-02-23 00:00:00+05:30,911.7500610351562
2016-02-24 00:00:00+05:30,890.3858642578125
2016-02-25 00:00:00+05:30,891.1507568359375
2016-02-26 00:00:00+05:30,890.2045288085938
2016-02-29 00:00:00+05:30,876.6329956054688
2016-03-01 00:00:00+05:30,916.8443603515625
2016-03-02 00:00:00+05:30,933.8388061523438
2016-03-03 00:00:00+05:30,955.7064208984375
2016-03-04 00:00:00+05:30,949.4241333007812
2016-03-08 00:00:00+05:30,948.1152954101562
2016-03-09 00:00:00+05:30,949.3031616210938
2016-03-10 00:00:00+05:30,945.6987915039062
2016-03-11 00:00:00+05:30,952.5248413085938
2016-03-14 00:00:00+05:30,948.3972778320312
2016-03-15 00:00:00+05:30,938.2888793945312
2016-03-16 00:00:00+05:30,937.1412353515625
2016-03-17 00:00:00+05:30,947.2090454101562
2016-03-18 00:00:00+05:30,976.9296875
2016-03-21 00:00:00+05:30,985.1448364257812
2016-03-22 00:00:00+05:30,995.9579467773438
2016-03-23 00:00:00+05:30,996.2399291992188
2016-03-28 00:00:00+05:30,996.0786743164062
2016-03-29 00:00:00+05:30,994.4678955078125
2016-03-30 00:00:00+05:30,1002.5625
2016-03-31 00:00:00+05:30,1014.966064453125
2016-04-01 00:00:00+05:30,988.2257690429688
2016-04-04 00:00:00+05:30,995.213134765625
2016-04-05 00:00:00+05:30,991.7899780273438
2016-04-06 00:00:00+05:30,999.5017700195312
2016-04-07 00:00:00+05:30,995.03125
2016-04-08 00:00:00+05:30,979.4263916015625
2016-04-11 00:00:00+05:30,1009.4690551757812
2016-04-12 00:00:00+05:30,1014.1002197265625
2016-04-13 00:00:00+05:30,1017.3422241210938
2016-04-18 00:00:00+05:30,1014.7446899414062
2016-04-20 00:00:00+05:30,986.7960205078125
2016-04-21 00:00:00+05:30,976.3455810546875
2016-04-22 00:00:00+05:30,973.3855590820312
2016-04-25 00:00:00+05:30,987.1587524414062
2016-04-26 00:00:00+05:30,1002.6832885742188
2016-04-27 00:00:00+05:30,1011.26123046875
2016-04-28 00:00:00+05:30,1017.9663696289062
2016-04-29 00:00:00+05:30,1021.0872192382812
2016-05-02 00:00:00+05:30,1017.5430297851562
2016-05-03 00:00:00+05:30,997.9713134765625
2016-05-04 00:00:00+05:30,997.9309692382812
2016-05-05 00:00:00+05:30,994.8302612304688
2016-05-06 00:00:00+05:30,996.0786743164062
2016-05-09 00:00:00+05:30,1011.8449096679688
2016-05-10 00:00:00+05:30,1016.0135498046875
2016-05-11 00:00:00+05:30,1014.16064453125
2016-05-12 00:00:00+05:30,1033.450927734375
2016-05-13 00:00:00+05:30,1016.214599609375
2016-05-16 00:00:00+05:30,1027.389892578125
2016-05-17 00:00:00+05:30,1035.0615234375
2016-05-18 00:00:00+05:30,1027.3699951171875
2016-05-19 00:00:00+05:30,1029.7259521484375
2016-05-20 00:00:00+05:30,1018.5906372070312
2016-05-23 00:00:00+05:30,1003.347900390625
2016-05-24 00:00:00+05:30,993.7830810546875
2016-05-25 00:00:00+05:30,1017.4431762695312
2016-05-26 00:00:00+05:30,1026.4033203125
2016-05-27 00:00:00+05:30,1036.04833984375
2016-05-30 00:00:00+05:30,1061.72119140625
2016-05-31 00:00:00+05:30,1034.7393798828125
2016-06-01 00:00:00+05:30,1060.573974609375
2016-06-02 00:00:00+05:30,1067.2586669921875
2016-06-03 00:00:00+05:30,1058.9632568359375
2016-06-06 00:00:00+05:30,1063.011474609375
2016-06-07 00:00:00+05:30,1070.6002197265625
2016-06-08 00:00:00+05:30,1063.2557373046875
2016-06-09 00:00:00+05:30,1048.66845703125
2016-06-10 00:00:00+05:30,1039.920166015625
2016-06-13 00:00:00+05:30,1036.3599853515625
2016-06-14 00:00:00+05:30,1031.416259765625
2016-06-15 00:00:00+05:30,1040.3681640625
2016-06-16 00:00:00+05:30,1040.9581298828125
2016-06-17 00:00:00+05:30,1058.9833984375
2016-06-20 00:00:00+05:30,1082.0538330078125
2016-06-21 00:00:00+05:30,1078.758056640625
2016-06-22 00:00:00+05:30,1085.4515380859375
2016-06-23 00:00:00+05:30,1076.3782958984375
2016-06-24 00:00:00+05:30,1047.325927734375
2016-06-27 00:00:00+05:30,1015.5473022460938
2016-06-28 00:00:00+05:30,1002.5672607421875
2016-06-29 00:00:00+05:30,1018.415771484375
2016-06-30 00:00:00+05:30,1038.842041015625
2016-07-01 00:00:00+05:30,1017.581298828125
2016-07-04 00:00:00+05:30,1014.8758544921875
2016-07-05 00:00:00+05:30,1011.2548828125
2016-07-07 00:00:00+05:30,988.6719970703125
2016-07-08 00:00:00+05:30,987.3696899414062
2016-07-11 00:00:00+05:30,1002.648681640625
2016-07-12 00:00:00+05:30,1002.9743041992188
2016-07-13 00:00:00+05:30,1014.4282836914062
2016-07-14 00:00:00+05:30,1026.1466064453125
2016-07-15 00:00:00+05:30,994.9992065429688
2016-07-18 00:00:00+05:30,990.156982421875
2016-07-19 00:00:00+05:30,1003.4829711914062
2016-07-20 00:00:00+05:30,1015.1810913085938
2016-07-21 00:00:00+05:30,1019.697265625
2016-07-22 00:00:00+05:30,1023.3798217773438
2016-07-25 00:00:00+05:30,1043.919921875
2016-07-26 00:00:00+05:30,1041.329833984375
2016-07-27 00:00:00+05:30,1051.5081787109375
2016-07-28 00:00:00+05:30,1068.51953125
2016-07-29 00:00:00+05:30,1068.5399169921875
2016-08-01 00:00:00+05:30,1104.8270263671875
2016-08-02 00:00:00+05:30,1101.13525390625
2016-08-03 00:00:00+05:30,1083.634033203125
2016-08-04 00:00:00+05:30,1081.8800048828125
2016-08-05 00:00:00+05:30,1080.6971435546875
2016-08-08 00:00:00+05:30,1080.8602294921875
2016-08-09 00:00:00+05:30,1081.1453857421875
2016-08-10 00:00:00+05:30,1091.4261474609375
2016-08-11 00:00:00+05:30,1105.4996337890625
2016-08-12 00:00:00+05:30,1117.14697265625
2016-08-16 00:00:00+05:30,1098.075439453125
2016-08-17 00:00:00+05:30,1070.681640625
2016-08-18 00:00:00+05:30,1076.39306640625
2016-08-19 00:00:00+05:30,1062.094482421875
2016-08-22 00:00:00+05:30,1039.738525390625
2016-08-23 00:00:00+05:30,1061.094970703125
2016-08-24 00:00:00+05:30,1049.2642822265625
2016-08-25 00:00:00+05:30,1040.6971435546875
2016-08-26 00:00:00+05:30,1030.0498046875
2016-08-29 00:00:00+05:30,1020.096435546875
2016-08-30 00:00:00+05:30,1037.8828125
2016-08-31 00:00:00+05:30,1024.481201171875
2016-09-01 00:00:00+05:30,1022.9315185546875
2016-09-02 00:00:00+05:30,1025.9095458984375
2016-09-06 00:00:00+05:30,1013.3648071289062
2016-09-07 00:00:00+05:30,995.619140625
2016-09-08 00:00:00+05:30,947.2976684570312
2016-09-09 00:00:00+05:30,959.67919921875
2016-09-12 00:00:00+05:30,962.3711547851562
2016-09-14 00:00:00+05:30,949.8880615234375
2016-09-15 00:00:00+05:30,949.2760620117188
2016-09-16 00:00:00+05:30,963.4523315429688
2016-09-19 00:00:00+05:30,983.7474975585938
2016-09-20 00:00:00+05:30,981.728515625
2016-09-21 00:00:00+05:30,984.5433349609375
2016-09-22 00:00:00+05:30,970.101806640625
2016-09-23 00:00:00+05:30,978.302001953125
2016-09-26 00:00:00+05:30,979.525390625
2016-09-27 00:00:00+05:30,993.8038330078125
2016-09-28 00:00:00+05:30,988.47998046875
2016-09-29 00:00:00+05:30,994.4971923828125
2016-09-30 00:00:00+05:30,991.641845703125
2016-10-03 00:00:00+05:30,983.8495483398438
2016-10-04 00:00:00+05:30,981.177734375
2016-10-05 00:00:00+05:30,973.5084838867188
2016-10-06 00:00:00+05:30,974.4872436523438
2016-10-07 00:00:00+05:30,965.9404296875
2016-10-10 00:00:00+05:30,971.0400390625
2016-10-13 00:00:00+05:30,950.0717163085938
2016-10-14 00:00:00+05:30,965.2884521484375
2016-10-17 00:00:00+05:30,963.7576904296875
2016-10-18 00:00:00+05:30,979.1583862304688
2016-10-19 00:00:00+05:30,977.077880859375
2016-10-20 00:00:00+05:30,979.5459594726562
2016-10-21 00:00:00+05:30,990.7645263671875
2016-10-24 00:00:00+05:30,993.0343627929688
2016-10-25 00:00:00+05:30,981.070556640625
2016-10-26 00:00:00+05:30,980.170654296875
2016-10-27 00:00:00+05:30,989.1079711914062
2016-10-28 00:00:00+05:30,981.172119140625
2016-11-01 00:00:00+05:30,961.2520751953125
2016-11-02 00:00:00+05:30,942.4563598632812
2016-11-03 00:00:00+05:30,948.7556762695312
2016-11-04 00:00:00+05:30,953.2960815429688
2016-11-07 00:00:00+05:30,931.4124145507812
2016-11-08 00:00:00+05:30,933.9281005859375
2016-11-09 00:00:00+05:30,887.5628051757812
2016-11-10 00:00:00+05:30,881.672607421875
2016-11-11 00:00:00+05:30,859.4613647460938
2016-11-15 00:00:00+05:30,867.7037353515625
2016-11-16 00:00:00+05:30,895.6415405273438
2016-11-17 00:00:00+05:30,874.2074584960938
2016-11-18 00:00:00+05:30,869.2583618164062
2016-11-21 00:00:00+05:30,872.4486083984375
2016-11-22 00:00:00+05:30,873.3078002929688
2016-11-23 00:00:00+05:30,882.041015625
2016-11-24 00:00:00+05:30,895.1710815429688
2016-11-25 00:00:00+05:30,940.9431762695312
2016-11-28 00:00:00+05:30,933.6824951171875
2016-11-29 00:00:00+05:30,924.3768310546875
2016-11-30 00:00:00+05:30,931.0032958984375
2016-12-01 00:00:00+05:30,925.8491821289062
2016-12-02 00:00:00+05:30,908.8333129882812
2016-12-05 00:00:00+05:30,894.1690063476562
2016-12-06 00:00:00+05:30,892.6760864257812
2016-12-07 00:00:00+05:30,881.3045654296875
2016-12-08 00:00:00+05:30,898.1570434570312
2016-12-09 00:00:00+05:30,897.9526977539062
2016-12-12 00:00:00+05:30,903.2494506835938
2016-12-13 00:00:00+05:30,900.0184936523438
2016-12-14 00:00:00+05:30,903.004150390625
2016-12-15 00:00:00+05:30,924.1517333984375
2016-12-16 00:00:00+05:30,933.703125
2016-12-19 00:00:00+05:30,936.2593383789062
2016-12-20 00:00:00+05:30,956.8753051757812
2016-12-21 00:00:00+05:30,946.36279296875
2016-12-22 00:00:00+05:30,943.9492797851562
2016-12-23 00:00:00+05:30,935.9321899414062
2016-12-26 00:00:00+05:30,937.9774169921875
2016-12-27 00:00:00+05:30,950.3712768554688
2016-12-28 00:00:00+05:30,946.2809448242188
2016-12-29 00:00:00+05:30,961.9475708007812
2016-12-30 00:00:00+05:30,967.612548828125
2017-01-02 00:00:00+05:30,965.8948974609375
2017-01-03 00:00:00+05:30,968.7171020507812
2017-01-04 00:00:00+05:30,973.3189086914062
2017-01-05 00:00:00+05:30,954.870849609375
2017-01-06 00:00:00+05:30,933.191650390625
2017-01-09 00:00:00+05:30,942.3134155273438
2017-01-10 00:00:00+05:30,947.0789794921875
2017-01-11 00:00:00+05:30,950.7808227539062
2017-01-12 00:00:00+05:30,958.9407958984375
2017-01-13 00:00:00+05:30,920.0615234375
2017-01-16 00:00:00+05:30,923.8450927734375
2017-01-17 00:00:00+05:30,932.1075439453125
2017-01-18 00:00:00+05:30,938.7957153320312
2017-01-19 00:00:00+05:30,937.1184692382812
2017-01-20 00:00:00+05:30,934.8074951171875
2017-01-23 00:00:00+05:30,946.2317504882812
2017-01-24 00:00:00+05:30,951.0106201171875
2017-01-25 00:00:00+05:30,965.2244873046875
2017-01-27 00:00:00+05:30,967.1932373046875
2017-01-30 00:00:00+05:30,956.9793090820312
2017-01-31 00:00:00+05:30,914.6864624023438
2017-02-01 00:00:00+05:30,889.2946166992188
2017-02-02 00:00:00+05:30,905.6004638671875
2017-02-03 00:00:00+05:30,915.8147583007812
2017-02-06 00:00:00+05:30,919.1783447265625
2017-02-07 00:00:00+05:30,920.7578125
2017-02-08 00:00:00+05:30,931.566650390625
2017-02-09 00:00:00+05:30,950.5802612304688
2017-02-10 00:00:00+05:30,983.6630859375
2017-02-13 00:00:00+05:30,990.3501586914062
2017-02-14 00:00:00+05:30,987.0682373046875
2017-02-15 00:00:00+05:30,990.124267578125
2017-02-16 00:00:00+05:30,1004.091552734375
2017-02-17 00:00:00+05:30,987.7448120117188
2017-02-20 00:00:00+05:30,1026.427734375
2017-02-21 00:00:00+05:30,1011.3119506835938
2017-02-22 00:00:00+05:30,989.2218017578125
2017-02-23 00:00:00+05:30,1018.0592041015625
2017-02-27 00:00:00+05:30,1021.3618774414062
2017-02-28 00:00:00+05:30,1011.6805419921875
2017-03-01 00:00:00+05:30,1017.136474609375
2017-03-02 00:00:00+05:30,1026.1202392578125
2017-03-03 00:00:00+05:30,1023.0841674804688
2017-03-06 00:00:00+05:30,1014.2443237304688
2017-03-07 00:00:00+05:30,1025.4432373046875
2017-03-08 00:00:00+05:30,1030.5299072265625
2017-03-09 00:00:00+05:30,1033.6265869140625
2017-03-10 00:00:00+05:30,1042.85693359375
2017-03-14 00:00:00+05:30,1053.2147216796875
2017-03-15 00:00:00+05:30,1024.8282470703125
2017-03-16 00:00:00+05:30,1034.098876953125
2017-03-17 00:00:00+05:30,1036.088134765625
2017-03-20 00:00:00+05:30,1017.3212890625
2017-03-21 00:00:00+05:30,1020.0692749023438
2017-03-22 00:00:00+05:30,1016.890625
2017-03-23 00:00:00+05:30,1009.2606201171875
2017-03-24 00:00:00+05:30,995.6622314453125
2017-03-27 00:00:00+05:30,989.4473266601562
2017-03-28 00:00:00+05:30,996.7902221679688
2017-03-29 00:00:00+05:30,1002.79931640625
2017-03-30 00:00:00+05:30,1001.322998046875
2017-03-31 00:00:00+05:30,997.5488891601562
2017-04-03 00:00:00+05:30,989.3035888671875
2017-04-05 00:00:00+05:30,985.0171508789062
2017-04-06 00:00:00+05:30,984.52490234375
2017-04-07 00:00:00+05:30,996.4207763671875
2017-04-10 00:00:00+05:30,993.6316528320312
2017-04-11 00:00:00+05:30,992.4215087890625
2017-04-12 00:00:00+05:30,981.7357177734375
2017-04-13 00:00:00+05:30,955.2359008789062
2017-04-17 00:00:00+05:30,949.5750732421875
2017-04-18 00:00:00+05:30,947.0930786132812
2017-04-19 00:00:00+05:30,943.1342163085938
2017-04-20 00:00:00+05:30,953.9437866210938
2017-04-21 00:00:00+05:30,947.91357421875
2017-04-24 00:00:00+05:30,955.01025390625
2017-04-25 00:00:00+05:30,948.2006225585938
2017-04-26 00:00:00+05:30,947.7288818359375
2017-04-27 00:00:00+05:30,944.5704345703125
2017-04-28 00:00:00+05:30,932.46923828125
2017-05-02 00:00:00+05:30,939.3402099609375
2017-05-03 00:00:00+05:30,958.7840576171875
2017-05-04 00:00:00+05:30,955.8305053710938
2017-05-05 00:00:00+05:30,951.892578125
2017-05-08 00:00:00+05:30,960.896484375
2017-05-09 00:00:00+05:30,965.0401611328125
2017-05-10 00:00:00+05:30,956.7946166992188
2017-05-11 00:00:00+05:30,963.7681274414062
2017-05-12 00:00:00+05:30,968.3626098632812
2017-05-15 00:00:00+05:30,970.1881713867188
2017-05-16 00:00:00+05:30,996.4622192382812
2017-05-17 00:00:00+05:30,1007.2096557617188
2017-05-18 00:00:00+05:30,1040.3751220703125
2017-05-19 00:00:00+05:30,1028.45849609375
2017-05-22 00:00:00+05:30,1038.38525390625
2017-05-23 00:00:00+05:30,1034.4267578125
2017-05-24 00:00:00+05:30,1049.789306640625
2017-05-25 00:00:00+05:30,1076.6375732421875
2017-05-26 00:00:00+05:30,1057.6241455078125
2017-05-29 00:00:00+05:30,1055.4091796875
2017-05-30 00:00:00+05:30,1046.4869384765625
2017-05-31 00:00:00+05:30,1044.641357421875
2017-06-01 00:00:00+05:30,1047.5125732421875
2017-06-02 00:00:00+05:30,1052.14794921875
2017-06-05 00:00:00+05:30,1068.1666259765625
2017-06-06 00:00:00+05:30,1105.9266357421875
2017-06-07 00:00:00+05:30,1072.802001953125
2017-06-08 00:00:00+05:30,1034.3861083984375
2017-06-09 00:00:00+05:30,1028.3968505859375
2017-06-12 00:00:00+05:30,1020.274658203125
2017-06-13 00:00:00+05:30,1016.894287109375
2017-06-14 00:00:00+05:30,1024.630126953125
2017-06-15 00:00:00+05:30,1000.1568603515625
2017-06-16 00:00:00+05:30,995.3869018554688
2017-06-19 00:00:00+05:30,1008.6600952148438
2017-06-20 00:00:00+05:30,1014.1773071289062
2017-06-21 00:00:00+05:30,998.1244506835938
2017-06-22 00:00:00+05:30,993.3748168945312
2017-06-23 00:00:00+05:30,979.6243286132812
2017-06-27 00:00:00+05:30,971.8057861328125
2017-06-28 00:00:00+05:30,974.7921752929688
2017-06-29 00:00:00+05:30,967.8235473632812
2017-06-30 00:00:00+05:30,979.8943481445312
2017-07-03 00:00:00+05:30,984.5606689453125
2017-07-04 00:00:00+05:30,981.7610473632812
2017-07-05 00:00:00+05:30,977.2604370117188
2017-07-06 00:00:00+05:30,973.7551879882812
2017-07-07 00:00:00+05:30,967.2843627929688
2017-07-10 00:00:00+05:30,1010.0084838867188
2017-07-11 00:00:00+05:30,1026.9527587890625
2017-07-12 00:00:00+05:30,1011.8746948242188
2017-07-13 00:00:00+05:30,1014.7577514648438
2017-07-14 00:00:00+05:30,994.45361328125
2017-07-17 00:00:00+05:30,993.6237182617188
2017-07-18 00:00:00+05:30,998.974609375
2017-07-19 00:00:00+05:30,1016.0850830078125
2017-07-20 00:00:00+05:30,1014.0525512695312
2017-07-21 00:00:00+05:30,1033.340576171875
2017-07-24 00:00:00+05:30,1052.682861328125
2017-07-25 00:00:00+05:30,1069.6544189453125
2017-07-26 00:00:00+05:30,1063.2071533203125
2017-07-27 00:00:00+05:30,1032.3009033203125
2017-07-28 00:00:00+05:30,1033.3824462890625
2017-07-31 00:00:00+05:30,1036.501953125
2017-08-01 00:00:00+05:30,1040.59912109375
2017-08-02 00:00:00+05:30,1029.014892578125
2017-08-03 00:00:00+05:30,1035.5245361328125
2017-08-04 00:00:00+05:30,1049.3974609375
2017-08-07 00:00:00+05:30,1041.34814453125
2017-08-08 00:00:00+05:30,1041.1817626953125
2017-08-09 00:00:00+05:30,1044.9044189453125
2017-08-10 00:00:00+05:30,1044.67578125
2017-08-11 00:00:00+05:30,1038.27001953125
2017-08-14 00:00:00+05:30,1027.1845703125
2017-08-16 00:00:00+05:30,1036.73046875
2017-08-17 00:00:00+05:30,1033.94384765625
2017-08-18 00:00:00+05:30,1045.6534423828125
2017-08-21 00:00:00+05:30,1051.892822265625
2017-08-22 00:00:00+05:30,1038.8944091796875
2017-08-23 00:00:00+05:30,1035.5245361328125
2017-08-24 00:00:00+05:30,1038.498779296875
2017-08-28 00:00:00+05:30,1034.630126953125
2017-08-29 00:00:00+05:30,1027.7877197265625
2017-08-30 00:00:00+05:30,1033.486083984375
2017-08-31 00:00:00+05:30,1038.394775390625
2017-09-01 00:00:00+05:30,1021.797607421875
2017-09-04 00:00:00+05:30,1021.6937866210938
2017-09-05 00:00:00+05:30,1033.4034423828125
2017-09-06 00:00:00+05:30,1020.4458618164062
2017-09-07 00:00:00+05:30,1023.3159790039062
2017-09-08 00:00:00+05:30,1027.6834716796875
2017-09-11 00:00:00+05:30,1020.965576171875
2017-09-12 00:00:00+05:30,1035.1087646484375
2017-09-13 00:00:00+05:30,1035.4208984375
2017-09-14 00:00:00+05:30,1034.484619140625
2017-09-15 00:00:00+05:30,1042.4293212890625
2017-09-18 00:00:00+05:30,1039.5179443359375
2017-09-19 00:00:00+05:30,1039.1851806640625
2017-09-20 00:00:00+05:30,1037.22998046875
2017-09-21 00:00:00+05:30,1050.270263671875
2017-09-22 00:00:00+05:30,1041.410400390625
2017-09-25 00:00:00+05:30,1044.384521484375
2017-09-26 00:00:00+05:30,1029.3682861328125
2017-09-27 00:00:00+05:30,1037.8330078125
2017-09-28 00:00:00+05:30,1030.11669921875
2017-09-29 00:00:00+05:30,1013.2706298828125
2017-10-03 00:00:00+05:30,1018.4700927734375
2017-10-04 00:00:00+05:30,1015.9118041992188
2017-10-05 00:00:00+05:30,1010.6292724609375
2017-10-06 00:00:00+05:30,1017.7211303710938
2017-10-09 00:00:00+05:30,1020.8201293945312
2017-10-10 00:00:00+05:30,1022.962158203125
2017-10-11 00:00:00+05:30,1040.05859375
2017-10-12 00:00:00+05:30,1059.9622802734375
2017-10-13 00:00:00+05:30,1064.288818359375
2017-10-16 00:00:00+05:30,1075.0203857421875
2017-10-17 00:00:00+05:30,1079.242431640625
2017-10-18 00:00:00+05:30,1075.935791015625
2017-10-19 00:00:00+05:30,1074.812744140625
2017-10-23 00:00:00+05:30,1076.476318359375
2017-10-24 00:00:00+05:30,1072.5247802734375
2017-10-25 00:00:00+05:30,1067.7281494140625
2017-10-26 00:00:00+05:30,1058.9478759765625
2017-10-27 00:00:00+05:30,1077.9052734375
2017-10-30 00:00:00+05:30,1091.21044921875
2017-10-31 00:00:00+05:30,1094.4642333984375
2017-11-01 00:00:00+05:30,1085.642578125
2017-11-02 00:00:00+05:30,1095.360595703125
2017-11-03 00:00:00+05:30,1092.8375244140625
2017-11-06 00:00:00+05:30,1111.7945556640625
2017-11-07 00:00:00+05:30,1130.3551025390625
2017-11-08 00:00:00+05:30,1140.7618408203125
2017-11-09 00:00:00+05:30,1141.3458251953125
2017-11-10 00:00:00+05:30,1129.81298828125
2017-11-13 00:00:00+05:30,1150.7513427734375
2017-11-14 00:00:00+05:30,1132.2530517578125
2017-11-15 00:00:00+05:30,1128.3739013671875
2017-11-16 00:00:00+05:30,1145.62109375
2017-11-17 00:00:00+05:30,1129.208251953125
2017-11-20 00:00:00+05:30,1127.6021728515625
2017-11-21 00:00:00+05:30,1114.8807373046875
2017-11-22 00:00:00+05:30,1118.0924072265625
2017-11-23 00:00:00+05:30,1118.3428955078125
2017-11-24 00:00:00+05:30,1121.17919921875
2017-11-27 00:00:00+05:30,1120.261474609375
2017-11-28 00:00:00+05:30,1120.031982421875
2017-11-29 00:00:00+05:30,1108.7080078125
2017-11-30 00:00:00+05:30,1099.88623046875
2017-12-01 00:00:00+05:30,1096.9456787109375
2017-12-04 00:00:00+05:30,1097.94677734375
2017-12-05 00:00:00+05:30,1099.281005859375
2017-12-06 00:00:00+05:30,1098.343017578125
2017-12-07 00:00:00+05:30,1091.6484375
2017-12-08 00:00:00+05:30,1085.079345703125
2017-12-11 00:00:00+05:30,1109.938720703125
2017-12-12 00:00:00+05:30,1089.5213623046875
2017-12-13 00:00:00+05:30,1096.29931640625
2017-12-14 00:00:00+05:30,1066.852294921875
2017-12-15 00:00:00+05:30,1061.763671875
2017-12-18 00:00:00+05:30,1076.3201904296875
2017-12-19 00:00:00+05:30,1074.1513671875
2017-12-20 00:00:00+05:30,1079.84423828125
2017-12-21 00:00:00+05:30,1082.659912109375
2017-12-22 00:00:00+05:30,1103.953369140625
2017-12-26 00:00:00+05:30,1105.0792236328125
2017-12-27 00:00:00+05:30,1092.753662109375
2017-12-28 00:00:00+05:30,1095.694091796875
2017-12-29 00:00:00+05:30,1126.66357421875
2018-01-01 00:00:00+05:30,1103.473388671875
2018-01-02 00:00:00+05:30,1097.467041015625
2018-01-03 00:00:00+05:30,1100.5743408203125
2018-01-04 00:00:00+05:30,1108.270263671875
2018-01-05 00:00:00+05:30,1121.6588134765625
2018-01-08 00:00:00+05:30,1132.1697998046875
2018-01-09 00:00:00+05:30,1129.9169921875
2018-01-10 00:00:00+05:30,1170.6260986328125
2018-01-11 00:00:00+05:30,1163.9107666015625
2018-01-12 00:00:00+05:30,1158.0086669921875
2018-01-15 00:00:00+05:30,1145.391845703125
2018-01-16 00:00:00+05:30,1189.08251953125
2018-01-17 00:00:00+05:30,1204.9739990234375
2018-01-18 00:00:00+05:30,1217.1739501953125
2018-01-19 00:00:00+05:30,1234.3167724609375
2018-01-22 00:00:00+05:30,1302.924560546875
2018-01-23 00:00:00+05:30,1296.904052734375
2018-01-24 00:00:00+05:30,1327.25732421875
2018-01-25 00:00:00+05:30,1304.8690185546875
2018-01-29 00:00:00+05:30,1337.395751953125
2018-01-30 00:00:00+05:30,1318.1641845703125
2018-01-31 00:00:00+05:30,1301.2315673828125
2018-02-01 00:00:00+05:30,1312.2064208984375
2018-02-02 00:00:00+05:30,1318.4984130859375
2018-02-05 00:00:00+05:30,1297.40576171875
2018-02-06 00:00:00+05:30,1253.1094970703125
2018-02-07 00:00:00+05:30,1235.466064453125
2018-02-08 00:00:00+05:30,1243.4730224609375
2018-02-09 00:00:00+05:30,1242.427734375
2018-02-12 00:00:00+05:30,1240.587890625
2018-02-14 00:00:00+05:30,1217.3841552734375
2018-02-15 00:00:00+05:30,1223.2586669921875
2018-02-16 00:00:00+05:30,1226.2684326171875
2018-02-19 00:00:00+05:30,1222.317626953125
2018-02-20 00:00:00+05:30,1231.159912109375
2018-02-21 00:00:00+05:30,1271.9443359375
2018-02-22 00:00:00+05:30,1275.24755859375
2018-02-23 00:00:00+05:30,1285.9501953125
2018-02-26 00:00:00+05:30,1267.5125732421875
2018-02-27 00:00:00+05:30,1271.9656982421875
2018-02-28 00:00:00+05:30,1268.91357421875
2018-03-01 00:00:00+05:30,1270.0211181640625
2018-03-05 00:00:00+05:30,1298.5140380859375
2018-03-06 00:00:00+05:30,1272.153564453125
2018-03-07 00:00:00+05:30,1265.7357177734375
2018-03-08 00:00:00+05:30,1255.9110107421875
2018-03-09 00:00:00+05:30,1268.5162353515625
2018-03-12 00:00:00+05:30,1276.062744140625
2018-03-13 00:00:00+05:30,1206.93212890625
2018-03-14 00:00:00+05:30,1206.973876953125
2018-03-15 00:00:00+05:30,1199.782470703125
2018-03-16 00:00:00+05:30,1181.386962890625
2018-03-19 00:00:00+05:30,1183.6031494140625
2018-03-20 00:00:00+05:30,1197.755126953125
2018-03-21 00:00:00+05:30,1194.368408203125
2018-03-22 00:00:00+05:30,1183.74951171875
2018-03-23 00:00:00+05:30,1178.23046875
2018-03-26 00:00:00+05:30,1177.74951171875
2018-03-27 00:00:00+05:30,1190.5848388671875
2018-03-28 00:00:00+05:30,1191.191162109375
2018-04-02 00:00:00+05:30,1216.485107421875
2018-04-03 00:00:00+05:30,1217.15478515625
2018-04-04 00:00:00+05:30,1217.0081787109375
2018-04-05 00:00:00+05:30,1236.678955078125
2018-04-06 00:00:00+05:30,1233.480712890625
2018-04-09 00:00:00+05:30,1222.443115234375
2018-04-10 00:00:00+05:30,1228.1710205078125
2018-04-11 00:00:00+05:30,1260.175537109375
2018-04-12 00:00:00+05:30,1312.477783203125
2018-04-13 00:00:00+05:30,1318.352294921875
2018-04-16 00:00:00+05:30,1332.7135009765625
2018-04-17 00:00:00+05:30,1323.9129638671875
2018-04-18 00:00:00+05:30,1320.7769775390625
2018-04-19 00:00:00+05:30,1334.1768798828125
2018-04-20 00:00:00+05:30,1422.518310546875
2018-04-23 00:00:00+05:30,1425.1104736328125
2018-04-24 00:00:00+05:30,1415.4947509765625
2018-04-25 00:00:00+05:30,1450.86474609375
2018-04-26 00:00:00+05:30,1479.71240234375
2018-04-27 00:00:00+05:30,1443.21337890625
2018-04-30 00:00:00+05:30,1476.7236328125
2018-05-02 00:00:00+05:30,1463.197998046875
2018-05-03 00:00:00+05:30,1455.714599609375
2018-05-04 00:00:00+05:30,1455.2547607421875
2018-05-07 00:00:00+05:30,1430.2529296875
2018-05-08 00:00:00+05:30,1438.7193603515625
2018-05-09 00:00:00+05:30,1458.829345703125
2018-05-10 00:00:00+05:30,1442.9207763671875
2018-05-11 00:00:00+05:30,1445.3040771484375
2018-05-14 00:00:00+05:30,1435.52099609375
2018-05-15 00:00:00+05:30,1455.944091796875
2018-05-16 00:00:00+05:30,1460.752685546875
2018-05-17 00:00:00+05:30,1459.874267578125
2018-05-18 00:00:00+05:30,1464.1597900390625
2018-05-21 00:00:00+05:30,1487.029296875
2018-05-22 00:00:00+05:30,1467.0238037109375
2018-05-23 00:00:00+05:30,1461.2542724609375
2018-05-24 00:00:00+05:30,1506.6583251953125
2018-05-25 00:00:00+05:30,1499.17431640625
2018-05-28 00:00:00+05:30,1464.1597900390625
2018-05-29 00:00:00+05:30,1473.1278076171875
2018-05-30 00:00:00+05:30,1469.19775390625
2018-05-31 00:00:00+05:30,1467.932861328125
2018-06-01 00:00:00+05:30,1460.68212890625
2018-06-04 00:00:00+05:30,1470.630859375
2018-06-05 00:00:00+05:30,1451.5340576171875
2018-06-06 00:00:00+05:30,1455.032958984375
2018-06-07 00:00:00+05:30,1463.2957763671875
2018-06-08 00:00:00+05:30,1473.033935546875
2018-06-11 00:00:00+05:30,1475.22607421875
2018-06-12 00:00:00+05:30,1501.615966796875
2018-06-13 00:00:00+05:30,1537.955078125
2018-06-14 00:00:00+05:30,1507.138427734375
2018-06-15 00:00:00+05:30,1551.4031982421875
2018-06-18 00:00:00+05:30,1542.086181640625
2018-06-19 00:00:00+05:30,1538.292236328125
2018-06-20 00:00:00+05:30,1536.5635986328125
2018-06-21 00:00:00+05:30,1533.9503173828125
2018-06-22 00:00:00+05:30,1525.8985595703125
2018-06-25 00:00:00+05:30,1533.86572265625
2018-06-26 00:00:00+05:30,1561.478271484375
2018-06-27 00:00:00+05:30,1566.5372314453125
2018-06-28 00:00:00+05:30,1553.63720703125
2018-06-29 00:00:00+05:30,1557.89501953125
2018-07-02 00:00:00+05:30,1560.9307861328125
2018-07-03 00:00:00+05:30,1580.069580078125
2018-07-04 00:00:00+05:30,1573.4088134765625
2018-07-05 00:00:00+05:30,1585.3388671875
2018-07-06 00:00:00+05:30,1612.8671875
2018-07-09 00:00:00+05:30,1587.6156005859375
2018-07-10 00:00:00+05:30,1580.9549560546875
2018-07-11 00:00:00+05:30,1669.3150634765625
2018-07-12 00:00:00+05:30,1662.1058349609375
2018-07-13 00:00:00+05:30,1670.3262939453125
2018-07-16 00:00:00+05:30,1677.15576171875
2018-07-17 00:00:00+05:30,1691.475830078125
2018-07-18 00:00:00+05:30,1689.870849609375
2018-07-19 00:00:00+05:30,1673.945556640625
2018-07-20 00:00:00+05:30,1686.7872314453125
2018-07-23 00:00:00+05:30,1694.432861328125
2018-07-24 00:00:00+05:30,1688.8145751953125
2018-07-25 00:00:00+05:30,1674.0302734375
2018-07-26 00:00:00+05:30,1659.8370361328125
2018-07-27 00:00:00+05:30,1642.1376953125
2018-07-30 00:00:00+05:30,1642.85595703125
2018-07-31 00:00:00+05:30,1639.1387939453125
2018-08-01 00:00:00+05:30,1669.8057861328125
2018-08-02 00:00:00+05:30,1646.0662841796875
2018-08-03 00:00:00+05:30,1672.2982177734375
2018-08-06 00:00:00+05:30,1669.0032958984375
2018-08-07 00:00:00+05:30,1662.075439453125
2018-08-08 00:00:00+05:30,1667.6939697265625
2018-08-09 00:00:00+05:30,1667.989501953125
2018-08-10 00:00:00+05:30,1683.8302001953125
2018-08-13 00:00:00+05:30,1689.7861328125
2018-08-14 00:00:00+05:30,1692.658447265625
2018-08-16 00:00:00+05:30,1696.84033203125
2018-08-17 00:00:00+05:30,1700.4310302734375
2018-08-20 00:00:00+05:30,1698.0655517578125
2018-08-21 00:00:00+05:30,1704.5704345703125
2018-08-23 00:00:00+05:30,1719.3128662109375
2018-08-24 00:00:00+05:30,1725.987060546875
2018-08-27 00:00:00+05:30,1732.661376953125
2018-08-28 00:00:00+05:30,1748.1214599609375
2018-08-29 00:00:00+05:30,1750.487060546875
2018-08-30 00:00:00+05:30,1759.2733154296875
2018-08-31 00:00:00+05:30,1755.8936767578125
2018-09-03 00:00:00+05:30,1734.35107421875
2018-09-04 00:00:00+05:30,1773.2130126953125
2018-09-05 00:00:00+05:30,1756.6121826171875
2018-09-06 00:00:00+05:30,1753.275390625
2018-09-07 00:00:00+05:30,1757.119140625
2018-09-10 00:00:00+05:30,1757.87939453125
2018-09-11 00:00:00+05:30,1728.732666015625
2018-09-12 00:00:00+05:30,1726.78955078125
2018-09-14 00:00:00+05:30,1744.9111328125
2018-09-17 00:00:00+05:30,1752.303466796875
2018-09-18 00:00:00+05:30,1749.431396484375
2018-09-19 00:00:00+05:30,1755.4715576171875
2018-09-21 00:00:00+05:30,1776.8037109375
2018-09-24 00:00:00+05:30,1857.3157958984375
2018-09-25 00:00:00+05:30,1844.4317626953125
2018-09-26 00:00:00+05:30,1809.7518310546875
2018-09-27 00:00:00+05:30,1849.205322265625
2018-09-28 00:00:00+05:30,1844.854736328125
2018-10-01 00:00:00+05:30,1905.5560302734375
2018-10-03 00:00:00+05:30,1827.2403564453125
2018-10-04 00:00:00+05:30,1744.4044189453125
2018-10-05 00:00:00+05:30,1776.381103515625
2018-10-08 00:00:00+05:30,1755.17578125
2018-10-09 00:00:00+05:30,1767.21484375
2018-10-10 00:00:00+05:30,1726.4940185546875
2018-10-11 00:00:00+05:30,1672.7203369140625
2018-10-12 00:00:00+05:30,1620.6368408203125
2018-10-15 00:00:00+05:30,1646.9954833984375
2018-10-16 00:00:00+05:30,1657.8095703125
2018-10-17 00:00:00+05:30,1630.0146484375
2018-10-19 00:00:00+05:30,1616.328125
2018-10-22 00:00:00+05:30,1607.7110595703125
2018-10-23 00:00:00+05:30,1560.85107421875
2018-10-24 00:00:00+05:30,1564.956787109375
2018-10-25 00:00:00+05:30,1568.7669677734375
2018-10-26 00:00:00+05:30,1523.1346435546875
2018-10-29 00:00:00+05:30,1584.0059814453125
2018-10-30 00:00:00+05:30,1604.155029296875
2018-10-31 00:00:00+05:30,1640.855712890625
2018-11-01 00:00:00+05:30,1638.8238525390625
2018-11-02 00:00:00+05:30,1619.9447021484375
2018-11-05 00:00:00+05:30,1600.81103515625
2018-11-06 00:00:00+05:30,1636.2420654296875
2018-11-07 00:00:00+05:30,1644.242431640625
2018-11-09 00:00:00+05:30,1616.346435546875
2018-11-12 00:00:00+05:30,1621.1302490234375
2018-11-13 00:00:00+05:30,1638.1468505859375
2018-11-14 00:00:00+05:30,1592.176025390625
2018-11-15 00:00:00+05:30,1585.572265625
2018-11-16 00:00:00+05:30,1597.2127685546875
2018-11-19 00:00:00+05:30,1610.631591796875
2018-11-20 00:00:00+05:30,1590.1435546875
2018-11-21 00:00:00+05:30,1534.055908203125
2018-11-22 00:00:00+05:30,1534.521728515625
2018-11-26 00:00:00+05:30,1562.9256591796875
2018-11-27 00:00:00+05:30,1600.3033447265625
2018-11-28 00:00:00+05:30,1679.5880126953125
2018-11-29 00:00:00+05:30,1659.81982421875
2018-11-30 00:00:00+05:30,1666.338623046875
2018-12-03 00:00:00+05:30,1678.3179931640625
2018-12-04 00:00:00+05:30,1702.4039306640625
2018-12-05 00:00:00+05:30,1698.933349609375
2018-12-06 00:00:00+05:30,1687.037841796875
2018-12-07 00:00:00+05:30,1689.1549072265625
2018-12-10 00:00:00+05:30,1672.7305908203125
2018-12-11 00:00:00+05:30,1693.2186279296875
2018-12-12 00:00:00+05:30,1707.44189453125
2018-12-13 00:00:00+05:30,1678.4874267578125
2018-12-14 00:00:00+05:30,1684.5408935546875
2018-12-17 00:00:00+05:30,1688.392822265625
2018-12-18 00:00:00+05:30,1682.9326171875
2018-12-19 00:00:00+05:30,1666.50830078125
2018-12-20 00:00:00+05:30,1654.317138671875
2018-12-21 00:00:00+05:30,1605.001708984375
2018-12-24 00:00:00+05:30,1624.2203369140625
2018-12-26 00:00:00+05:30,1599.4140625
2018-12-27 00:00:00+05:30,1616.134521484375
2018-12-28 00:00:00+05:30,1605.2137451171875
2018-12-31 00:00:00+05:30,1602.6739501953125
2019-01-01 00:00:00+05:30,1610.9281005859375
2019-01-02 00:00:00+05:30,1628.2833251953125
2019-01-03 00:00:00+05:30,1608.51513671875
2019-01-04 00:00:00+05:30,1588.9583740234375
2019-01-07 00:00:00+05:30,1606.7802734375
2019-01-08 00:00:00+05:30,1603.09716796875
2019-01-09 00:00:00+05:30,1597.50927734375
2019-01-10 00:00:00+05:30,1598.8638916015625
2019-01-11 00:00:00+05:30,1559.919677734375
2019-01-14 00:00:00+05:30,1535.1141357421875
2019-01-15 00:00:00+05:30,1581.2967529296875
2019-01-16 00:00:00+05:30,1583.286376953125
2019-01-17 00:00:00+05:30,1607.1695556640625
2019-01-18 00:00:00+05:30,1612.556884765625
2019-01-21 00:00:00+05:30,1619.3868408203125
2019-01-22 00:00:00+05:30,1613.6175537109375
2019-01-23 00:00:00+05:30,1591.3040771484375
2019-01-24 00:00:00+05:30,1613.3206787109375
2019-01-25 00:00:00+05:30,1629.6529541015625
2019-01-28 00:00:00+05:30,1658.669189453125
2019-01-29 00:00:00+05:30,1682.2127685546875
2019-01-30 00:00:00+05:30,1681.0670166015625
2019-01-31 00:00:00+05:30,1708.8104248046875
2019-02-01 00:00:00+05:30,1722.25830078125
2019-02-04 00:00:00+05:30,1739.48095703125
2019-02-05 00:00:00+05:30,1734.6448974609375
2019-02-06 00:00:00+05:30,1760.3101806640625
2019-02-07 00:00:00+05:30,1767.1822509765625
2019-02-08 00:00:00+05:30,1748.941162109375
2019-02-11 00:00:00+05:30,1752.759033203125
2019-02-12 00:00:00+05:30,1740.6268310546875
2019-02-14 00:00:00+05:30,1734.687255859375
2019-02-15 00:00:00+05:30,1722.046142578125
2019-02-18 00:00:00+05:30,1671.649658203125
2019-02-19 00:00:00+05:30,1616.078125
2019-02-20 00:00:00+05:30,1624.5201416015625
2019-02-21 00:00:00+05:30,1624.05322265625
2019-02-22 00:00:00+05:30,1633.7677001953125
2019-02-25 00:00:00+05:30,1684.2486572265625
2019-02-26 00:00:00+05:30,1729.6817626953125
2019-02-27 00:00:00+05:30,1746.1414794921875
2019-02-28 00:00:00+05:30,1682.806396484375
2019-03-01 00:00:00+05:30,1692.9451904296875
2019-03-05 00:00:00+05:30,1686.75146484375
2019-03-06 00:00:00+05:30,1696.50830078125
2019-03-07 00:00:00+05:30,1708.1317138671875
2019-03-08 00:00:00+05:30,1716.10693359375
2019-03-11 00:00:00+05:30,1709.4046630859375
2019-03-12 00:00:00+05:30,1707.41064453125
2019-03-13 00:00:00+05:30,1697.2723388671875
2019-03-14 00:00:00+05:30,1686.1575927734375
2019-03-15 00:00:00+05:30,1730.742431640625
2019-03-18 00:00:00+05:30,1716.19189453125
2019-03-19 00:00:00+05:30,1716.19189453125
2019-03-20 00:00:00+05:30,1709.61669921875
2019-03-22 00:00:00+05:30,1701.641357421875
2019-03-25 00:00:00+05:30,1683.4852294921875
2019-03-26 00:00:00+05:30,1682.1278076171875
2019-03-27 00:00:00+05:30,1669.61376953125
2019-03-28 00:00:00+05:30,1697.1024169921875
2019-04-01 00:00:00+05:30,1723.700439453125
2019-04-02 00:00:00+05:30,1764.1278076171875
2019-04-03 00:00:00+05:30,1764.1278076171875
2019-04-04 00:00:00+05:30,1709.14990234375
2019-04-05 00:00:00+05:30,1737.8265380859375
2019-04-08 00:00:00+05:30,1756.873779296875
2019-04-09 00:00:00+05:30,1774.4786376953125
2019-04-10 00:00:00+05:30,1730.996826171875
2019-04-11 00:00:00+05:30,1713.3919677734375
2019-04-12 00:00:00+05:30,1709.14990234375
2019-04-15 00:00:00+05:30,1792.9742431640625
2019-04-16 00:00:00+05:30,1808.67041015625
2019-04-18 00:00:00+05:30,1824.15380859375
2019-04-22 00:00:00+05:30,1833.825927734375
2019-04-23 00:00:00+05:30,1828.3958740234375
2019-04-24 00:00:00+05:30,1852.4912109375
2019-04-25 00:00:00+05:30,1862.2906494140625
2019-04-26 00:00:00+05:30,1899.23974609375
2019-04-30 00:00:00+05:30,1917.7353515625
2019-05-02 00:00:00+05:30,1879.59814453125
2019-05-03 00:00:00+05:30,1808.8402099609375
2019-05-06 00:00:00+05:30,1830.771728515625
2019-05-07 00:00:00+05:30,1825.7657470703125
2019-05-08 00:00:00+05:30,1826.5291748046875
2019-05-09 00:00:00+05:30,1843.243896484375
2019-05-10 00:00:00+05:30,1812.06396484375
2019-05-13 00:00:00+05:30,1806.082763671875
2019-05-14 00:00:00+05:30,1775.1995849609375
2019-05-15 00:00:00+05:30,1777.7874755859375
2019-05-16 00:00:00+05:30,1789.114013671875
2019-05-17 00:00:00+05:30,1777.829833984375
2019-05-20 00:00:00+05:30,1818.97802734375
2019-05-21 00:00:00+05:30,1789.9625244140625
2019-05-22 00:00:00+05:30,1766.20654296875
2019-05-23 00:00:00+05:30,1742.705322265625
2019-05-24 00:00:00+05:30,1737.572509765625
2019-05-27 00:00:00+05:30,1743.6385498046875
2019-05-28 00:00:00+05:30,1759.419189453125
2019-05-29 00:00:00+05:30,1788.095947265625
2019-05-30 00:00:00+05:30,1820.972412109375
2019-05-31 00:00:00+05:30,1863.60595703125
2019-06-03 00:00:00+05:30,1902.421142578125
2019-06-04 00:00:00+05:30,1867.182861328125
2019-06-06 00:00:00+05:30,1852.64306640625
2019-06-07 00:00:00+05:30,1866.0281982421875
2019-06-10 00:00:00+05:30,1908.5787353515625
2019-06-11 00:00:00+05:30,1926.7967529296875
2019-06-12 00:00:00+05:30,1933.724609375
2019-06-13 00:00:00+05:30,1927.9083251953125
2019-06-14 00:00:00+05:30,1928.2508544921875
2019-06-17 00:00:00+05:30,1923.717529296875
2019-06-18 00:00:00+05:30,1925.128662109375
2019-06-19 00:00:00+05:30,1932.869384765625
2019-06-20 00:00:00+05:30,1948.3074951171875
2019-06-21 00:00:00+05:30,1924.27392578125
2019-06-24 00:00:00+05:30,1946.211669921875
2019-06-25 00:00:00+05:30,1939.62646484375
2019-06-26 00:00:00+05:30,1927.9940185546875
2019-06-27 00:00:00+05:30,1926.5831298828125
2019-06-28 00:00:00+05:30,1904.9013671875
2019-07-01 00:00:00+05:30,1915.4638671875
2019-07-02 00:00:00+05:30,1926.1976318359375
2019-07-03 00:00:00+05:30,1913.839111328125
2019-07-04 00:00:00+05:30,1918.115966796875
2019-07-05 00:00:00+05:30,1850.0771484375
2019-07-08 00:00:00+05:30,1860.5975341796875
2019-07-09 00:00:00+05:30,1824.6326904296875
2019-07-10 00:00:00+05:30,1803.1220703125
2019-07-11 00:00:00+05:30,1798.289306640625
2019-07-12 00:00:00+05:30,1802.6087646484375
2019-07-15 00:00:00+05:30,1835.1953125
2019-07-16 00:00:00+05:30,1805.447265625
2019-07-17 00:00:00+05:30,1815.092041015625
2019-07-18 00:00:00+05:30,1771.1131591796875
2019-07-19 00:00:00+05:30,1780.5430908203125
2019-07-22 00:00:00+05:30,1808.7904052734375
2019-07-23 00:00:00+05:30,1810.9769287109375
2019-07-24 00:00:00+05:30,1797.5601806640625
2019-07-25 00:00:00+05:30,1824.2216796875
2019-07-26 00:00:00+05:30,1808.0618896484375
2019-07-29 00:00:00+05:30,1826.022705078125
2019-07-30 00:00:00+05:30,1868.1578369140625
2019-07-31 00:00:00+05:30,1890.9193115234375
2019-08-01 00:00:00+05:30,1868.9298095703125
2019-08-02 00:00:00+05:30,1890.576171875
2019-08-05 00:00:00+05:30,1927.69677734375
2019-08-06 00:00:00+05:30,1898.8057861328125
2019-08-07 00:00:00+05:30,1897.562744140625
2019-08-08 00:00:00+05:30,1935.840576171875
2019-08-09 00:00:00+05:30,1925.6820068359375
2019-08-13 00:00:00+05:30,1885.5609130859375
2019-08-14 00:00:00+05:30,1889.8040771484375
2019-08-16 00:00:00+05:30,1856.113037109375
2019-08-19 00:00:00+05:30,1854.3128662109375
2019-08-20 00:00:00+05:30,1874.673583984375
2019-08-21 00:00:00+05:30,1874.2017822265625
2019-08-22 00:00:00+05:30,1899.748779296875
2019-08-23 00:00:00+05:30,1926.9248046875
2019-08-26 00:00:00+05:30,1951.4432373046875
2019-08-27 00:00:00+05:30,1917.3232421875
2019-08-28 00:00:00+05:30,1919.681396484375
2019-08-29 00:00:00+05:30,1914.708740234375
2019-08-30 00:00:00+05:30,1937.126708984375
2019-09-03 00:00:00+05:30,1930.2685546875
2019-09-04 00:00:00+05:30,1924.953125
2019-09-05 00:00:00+05:30,1899.1490478515625
2019-09-06 00:00:00+05:30,1883.8892822265625
2019-09-09 00:00:00+05:30,1871.330078125
2019-09-11 00:00:00+05:30,1846.5970458984375
2019-09-12 00:00:00+05:30,1829.1085205078125
2019-09-13 00:00:00+05:30,1836.2666015625
2019-09-16 00:00:00+05:30,1843.168212890625
2019-09-17 00:00:00+05:30,1819.72119140625
2019-09-18 00:00:00+05:30,1833.35205078125
2019-09-19 00:00:00+05:30,1801.975830078125
2019-09-20 00:00:00+05:30,1770.6842041015625
2019-09-23 00:00:00+05:30,1728.120361328125
2019-09-24 00:00:00+05:30,1752.8958740234375
2019-09-25 00:00:00+05:30,1790.4019775390625
2019-09-26 00:00:00+05:30,1789.67333984375
2019-09-27 00:00:00+05:30,1762.7115478515625
2019-09-30 00:00:00+05:30,1799.70361328125
2019-10-01 00:00:00+05:30,1765.9693603515625
2019-10-03 00:00:00+05:30,1766.2265625
2019-10-04 00:00:00+05:30,1782.60107421875
2019-10-07 00:00:00+05:30,1755.46728515625
2019-10-09 00:00:00+05:30,1731.806396484375
2019-10-10 00:00:00+05:30,1718.389404296875
2019-10-11 00:00:00+05:30,1703.3017578125
2019-10-14 00:00:00+05:30,1732.5777587890625
2019-10-15 00:00:00+05:30,1746.5518798828125
2019-10-16 00:00:00+05:30,1754.35302734375
2019-10-17 00:00:00+05:30,1780.25537109375
2019-10-18 00:00:00+05:30,1803.3966064453125
2019-10-22 00:00:00+05:30,1798.181396484375
2019-10-23 00:00:00+05:30,1814.572998046875
2019-10-24 00:00:00+05:30,1825.0040283203125
2019-10-25 00:00:00+05:30,1862.6524658203125
2019-10-27 00:00:00+05:30,1854.5438232421875
2019-10-29 00:00:00+05:30,1923.9244384765625
2019-10-30 00:00:00+05:30,1974.7210693359375
2019-10-31 00:00:00+05:30,1989.4915771484375
2019-11-01 00:00:00+05:30,1929.2271728515625
2019-11-04 00:00:00+05:30,1923.135009765625
2019-11-05 00:00:00+05:30,1930.0599365234375
2019-11-06 00:00:00+05:30,1918.3580322265625
2019-11-07 00:00:00+05:30,1915.5966796875
2019-11-08 00:00:00+05:30,1867.035400390625
2019-11-11 00:00:00+05:30,1841.61474609375
2019-11-13 00:00:00+05:30,1909.680419921875
2019-11-14 00:00:00+05:30,1925.6339111328125
2019-11-15 00:00:00+05:30,1906.0421142578125
2019-11-18 00:00:00+05:30,1886.8892822265625
2019-11-19 00:00:00+05:30,1848.49609375
2019-11-20 00:00:00+05:30,1848.2763671875
2019-11-21 00:00:00+05:30,1856.648193359375
2019-11-22 00:00:00+05:30,1815.9752197265625
2019-11-25 00:00:00+05:30,1824.565673828125
2019-11-26 00:00:00+05:30,1794.0179443359375
2019-11-27 00:00:00+05:30,1800.72314453125
2019-11-28 00:00:00+05:30,1820.927734375
2019-11-29 00:00:00+05:30,1799.802978515625
2019-12-02 00:00:00+05:30,1771.577392578125
2019-12-03 00:00:00+05:30,1797.830322265625
2019-12-04 00:00:00+05:30,1821.9359130859375
2019-12-05 00:00:00+05:30,1859.453125
2019-12-06 00:00:00+05:30,1861.468994140625
2019-12-09 00:00:00+05:30,1806.1141357421875
2019-12-10 00:00:00+05:30,1764.3897705078125
2019-12-11 00:00:00+05:30,1789.8538818359375
2019-12-12 00:00:00+05:30,1771.4461669921875
2019-12-13 00:00:00+05:30,1815.5810546875
2019-12-16 00:00:00+05:30,1864.2296142578125
2019-12-17 00:00:00+05:30,1897.7147216796875
2019-12-18 00:00:00+05:30,1900.169189453125
2019-12-19 00:00:00+05:30,1953.902587890625
2019-12-20 00:00:00+05:30,1948.511474609375
2019-12-23 00:00:00+05:30,1956.2249755859375
2019-12-24 00:00:00+05:30,1942.1131591796875
2019-12-26 00:00:00+05:30,1930.1475830078125
2019-12-27 00:00:00+05:30,1927.1234130859375
2019-12-30 00:00:00+05:30,1913.71240234375
2019-12-31 00:00:00+05:30,1894.8660888671875
2020-01-01 00:00:00+05:30,1900.0379638671875
2020-01-02 00:00:00+05:30,1891.31591796875
2020-01-03 00:00:00+05:30,1929.008056640625
2020-01-06 00:00:00+05:30,1928.8331298828125
2020-01-07 00:00:00+05:30,1933.5665283203125
2020-01-08 00:00:00+05:30,1976.869384765625
2020-01-09 00:00:00+05:30,1941.0169677734375
2020-01-10 00:00:00+05:30,1940.3154296875
2020-01-13 00:00:00+05:30,1919.9798583984375
2020-01-14 00:00:00+05:30,1934.4862060546875
2020-01-15 00:00:00+05:30,1952.0177001953125
2020-01-16 00:00:00+05:30,1962.4488525390625
2020-01-17 00:00:00+05:30,1945.1806640625
2020-01-20 00:00:00+05:30,1902.44873046875
2020-01-21 00:00:00+05:30,1903.06201171875
2020-01-22 00:00:00+05:30,1934.4862060546875
2020-01-23 00:00:00+05:30,1924.86669921875
2020-01-24 00:00:00+05:30,1918.2332763671875
2020-01-27 00:00:00+05:30,1905.8018798828125
2020-01-28 00:00:00+05:30,1918.540283203125
2020-01-29 00:00:00+05:30,1892.930908203125
2020-01-30 00:00:00+05:30,1878.2152099609375
2020-01-31 00:00:00+05:30,1826.556396484375
2020-02-03 00:00:00+05:30,1847.15869140625
2020-02-04 00:00:00+05:30,1851.77099609375
2020-02-05 00:00:00+05:30,1885.858642578125
2020-02-06 00:00:00+05:30,1869.868896484375
2020-02-07 00:00:00+05:30,1877.0736083984375
2020-02-10 00:00:00+05:30,1899.38818359375
2020-02-11 00:00:00+05:30,1891.877197265625
2020-02-12 00:00:00+05:30,1907.1199951171875
2020-02-13 00:00:00+05:30,1925.744384765625
2020-02-14 00:00:00+05:30,1918.9361572265625
2020-02-17 00:00:00+05:30,1935.6727294921875
2020-02-18 00:00:00+05:30,1946.6551513671875
2020-02-19 00:00:00+05:30,1929.6112060546875
2020-02-20 00:00:00+05:30,1894.864013671875
2020-02-24 00:00:00+05:30,1858.4482421875
2020-02-25 00:00:00+05:30,1894.2926025390625
2020-02-26 00:00:00+05:30,1865.696044921875
2020-02-27 00:00:00+05:30,1849.7943115234375
2020-02-28 00:00:00+05:30,1757.2384033203125
2020-03-02 00:00:00+05:30,1758.2489013671875
2020-03-03 00:00:00+05:30,1788.91015625
2020-03-04 00:00:00+05:30,1830.202392578125
2020-03-05 00:00:00+05:30,1866.9696044921875
2020-03-06 00:00:00+05:30,1859.414306640625
2020-03-09 00:00:00+05:30,1732.814697265625
2020-03-11 00:00:00+05:30,1716.429931640625
2020-03-12 00:00:00+05:30,1554.9075927734375
2020-03-13 00:00:00+05:30,1586.93115234375
2020-03-16 00:00:00+05:30,1490.3779296875
2020-03-17 00:00:00+05:30,1456.6419677734375
2020-03-18 00:00:00+05:30,1453.478759765625
2020-03-19 00:00:00+05:30,1448.124755859375
2020-03-20 00:00:00+05:30,1590.693603515625
2020-03-23 00:00:00+05:30,1477.6387939453125
2020-03-24 00:00:00+05:30,1507.2408447265625
2020-03-25 00:00:00+05:30,1548.967529296875
2020-03-26 00:00:00+05:30,1584.9410400390625
2020-03-27 00:00:00+05:30,1614.6324462890625
2020-03-30 00:00:00+05:30,1573.9232177734375
2020-03-31 00:00:00+05:30,1616.04833984375
2020-04-01 00:00:00+05:30,1512.197021484375
2020-04-03 00:00:00+05:30,1463.92138671875
2020-04-07 00:00:00+05:30,1571.002685546875
2020-04-08 00:00:00+05:30,1509.2762451171875
2020-04-09 00:00:00+05:30,1562.994384765625
2020-04-13 00:00:00+05:30,1556.8878173828125
2020-04-15 00:00:00+05:30,1535.559814453125
2020-04-16 00:00:00+05:30,1518.6572265625
2020-04-17 00:00:00+05:30,1598.4373779296875
2020-04-20 00:00:00+05:30,1609.4554443359375
2020-04-21 00:00:00+05:30,1537.7724609375
2020-04-22 00:00:00+05:30,1565.9586181640625
2020-04-23 00:00:00+05:30,1662.19970703125
2020-04-24 00:00:00+05:30,1609.3668212890625
2020-04-27 00:00:00+05:30,1625.34033203125
2020-04-28 00:00:00+05:30,1645.2083740234375
2020-04-29 00:00:00+05:30,1686.4481201171875
2020-04-30 00:00:00+05:30,1782.732666015625
2020-05-04 00:00:00+05:30,1708.3951416015625
2020-05-05 00:00:00+05:30,1710.4306640625
2020-05-06 00:00:00+05:30,1684.6334228515625
2020-05-07 00:00:00+05:30,1674.0579833984375
2020-05-08 00:00:00+05:30,1675.606689453125
2020-05-11 00:00:00+05:30,1712.6875
2020-05-12 00:00:00+05:30,1725.2537841796875
2020-05-13 00:00:00+05:30,1725.3865966796875
2020-05-14 00:00:00+05:30,1683.52734375
2020-05-15 00:00:00+05:30,1675.1644287109375
2020-05-18 00:00:00+05:30,1721.80224609375
2020-05-19 00:00:00+05:30,1724.5015869140625
2020-05-20 00:00:00+05:30,1728.8822021484375
2020-05-21 00:00:00+05:30,1762.156982421875
2020-05-22 00:00:00+05:30,1787.9539794921875
2020-05-26 00:00:00+05:30,1719.5013427734375
2020-05-27 00:00:00+05:30,1774.635009765625
2020-05-28 00:00:00+05:30,1773.7501220703125
2020-05-29 00:00:00+05:30,1745.4752197265625
2020-06-01 00:00:00+05:30,1809.989990234375
2020-06-02 00:00:00+05:30,1811.6715087890625
2020-06-03 00:00:00+05:30,1816.109375
2020-06-04 00:00:00+05:30,1856.405029296875
2020-06-05 00:00:00+05:30,1817.97314453125
2020-06-08 00:00:00+05:30,1838.8311767578125
2020-06-09 00:00:00+05:30,1839.097412109375
2020-06-10 00:00:00+05:30,1871.671630859375
2020-06-11 00:00:00+05:30,1835.1922607421875
2020-06-12 00:00:00+05:30,1810.20654296875
2020-06-15 00:00:00+05:30,1801.68603515625
2020-06-16 00:00:00+05:30,1815.798583984375
2020-06-17 00:00:00+05:30,1817.5738525390625
2020-06-18 00:00:00+05:30,1808.964111328125
2020-06-19 00:00:00+05:30,1814.7332763671875
2020-06-22 00:00:00+05:30,1799.955078125
2020-06-23 00:00:00+05:30,1806.4791259765625
2020-06-24 00:00:00+05:30,1812.603271484375
2020-06-25 00:00:00+05:30,1789.4376220703125
2020-06-26 00:00:00+05:30,1880.635986328125
2020-06-29 00:00:00+05:30,1865.3695068359375
2020-06-30 00:00:00+05:30,1848.06201171875
2020-07-01 00:00:00+05:30,1856.8485107421875
2020-07-02 00:00:00+05:30,1914.6298828125
2020-07-03 00:00:00+05:30,1952.3515625
2020-07-06 00:00:00+05:30,2008.7564697265625
2020-07-07 00:00:00+05:30,2014.7039794921875
2020-07-08 00:00:00+05:30,1969.4376220703125
2020-07-09 00:00:00+05:30,1956.523193359375
2020-07-10 00:00:00+05:30,1972.4998779296875
2020-07-13 00:00:00+05:30,1970.4140625
2020-07-14 00:00:00+05:30,1927.765869140625
2020-07-15 00:00:00+05:30,1982.751220703125
2020-07-16 00:00:00+05:30,1987.955078125
2020-07-17 00:00:00+05:30,1957.709716796875
2020-07-20 00:00:00+05:30,1964.0703125
2020-07-21 00:00:00+05:30,1979.326904296875
2020-07-22 00:00:00+05:30,1948.9920654296875
2020-07-23 00:00:00+05:30,1931.4232177734375
2020-07-24 00:00:00+05:30,1919.14697265625
2020-07-27 00:00:00+05:30,1963.0914306640625
2020-07-28 00:00:00+05:30,2054.672607421875
2020-07-29 00:00:00+05:30,2024.6942138671875
2020-07-30 00:00:00+05:30,2027.7633056640625
2020-07-31 00:00:00+05:30,2029.453369140625
2020-08-03 00:00:00+05:30,2005.212890625
2020-08-04 00:00:00+05:30,2001.2540283203125
2020-08-05 00:00:00+05:30,2009.9718017578125
2020-08-06 00:00:00+05:30,2053.205078125
2020-08-07 00:00:00+05:30,2041.863037109375
2020-08-10 00:00:00+05:30,2030.698974609375
2020-08-11 00:00:00+05:30,2028.1182861328125
2020-08-12 00:00:00+05:30,2008.0595703125
2020-08-13 00:00:00+05:30,2005.479736328125
2020-08-14 00:00:00+05:30,1994.537841796875
2020-08-17 00:00:00+05:30,2004.5452880859375
2020-08-18 00:00:00+05:30,2019.0899658203125
2020-08-19 00:00:00+05:30,2007.3919677734375
2020-08-20 00:00:00+05:30,2004.0562744140625
2020-08-21 00:00:00+05:30,2000.275634765625
2020-08-24 00:00:00+05:30,1999.831298828125
2020-08-25 00:00:00+05:30,1994.9830322265625
2020-08-26 00:00:00+05:30,2004.63427734375
2020-08-27 00:00:00+05:30,2000.09765625
2020-08-28 00:00:00+05:30,1991.3353271484375
2020-08-31 00:00:00+05:30,2007.9700927734375
2020-09-01 00:00:00+05:30,1998.2742919921875
2020-09-02 00:00:00+05:30,2014.9971923828125
2020-09-03 00:00:00+05:30,2045.5543212890625
2020-09-04 00:00:00+05:30,2036.0357666015625
2020-09-07 00:00:00+05:30,2070.06201171875
2020-09-08 00:00:00+05:30,2088.87646484375
2020-09-09 00:00:00+05:30,2070.59521484375
2020-09-10 00:00:00+05:30,2073.709228515625
2020-09-11 00:00:00+05:30,2111.916015625
2020-09-14 00:00:00+05:30,2216.261474609375
2020-09-15 00:00:00+05:30,2216.261474609375
2020-09-16 00:00:00+05:30,2226.5810546875
2020-09-17 00:00:00+05:30,2189.174560546875
2020-09-18 00:00:00+05:30,2179.344970703125
2020-09-21 00:00:00+05:30,2193.044189453125
2020-09-22 00:00:00+05:30,2244.3271484375
2020-09-23 00:00:00+05:30,2194.956787109375
2020-09-24 00:00:00+05:30,2074.6884765625
2020-09-25 00:00:00+05:30,2154.793701171875
2020-09-28 00:00:00+05:30,2158.351318359375
2020-09-29 00:00:00+05:30,2213.593505859375
2020-09-30 00:00:00+05:30,2217.0625
2020-10-01 00:00:00+05:30,2244.772705078125
2020-10-05 00:00:00+05:30,2406.985107421875
2020-10-06 00:00:00+05:30,2414.54638671875
2020-10-07 00:00:00+05:30,2433.804443359375
2020-10-08 00:00:00+05:30,2513.643798828125
2020-10-09 00:00:00+05:30,2502.302001953125
2020-10-12 00:00:00+05:30,2517.468994140625
2020-10-13 00:00:00+05:30,2514.399169921875
2020-10-14 00:00:00+05:30,2509.9775390625
2020-10-15 00:00:00+05:30,2448.3359375
2020-10-16 00:00:00+05:30,2468.615234375
2020-10-19 00:00:00+05:30,2422.383544921875
2020-10-20 00:00:00+05:30,2446.906005859375
2020-10-21 00:00:00+05:30,2390.0888671875
2020-10-22 00:00:00+05:30,2386.29248046875
2020-10-23 00:00:00+05:30,2400.27294921875
2020-10-26 00:00:00+05:30,2401.52392578125
2020-10-27 00:00:00+05:30,2349.66455078125
2020-10-28 00:00:00+05:30,2342.562255859375
2020-10-29 00:00:00+05:30,2351.897705078125
2020-10-30 00:00:00+05:30,2380.66357421875
2020-11-02 00:00:00+05:30,2326.839111328125
2020-11-03 00:00:00+05:30,2352.74658203125
2020-11-04 00:00:00+05:30,2370.212158203125
2020-11-05 00:00:00+05:30,2399.290283203125
2020-11-06 00:00:00+05:30,2418.720703125
2020-11-09 00:00:00+05:30,2435.8291015625
2020-11-10 00:00:00+05:30,2367.040283203125
2020-11-11 00:00:00+05:30,2401.1669921875
2020-11-12 00:00:00+05:30,2386.20263671875
2020-11-13 00:00:00+05:30,2373.5166015625
2020-11-14 00:00:00+05:30,2385.57763671875
2020-11-17 00:00:00+05:30,2381.73681640625
2020-11-18 00:00:00+05:30,2346.53759765625
2020-11-19 00:00:00+05:30,2355.69482421875
2020-11-20 00:00:00+05:30,2376.554931640625
2020-11-23 00:00:00+05:30,2433.729248046875
2020-11-24 00:00:00+05:30,2431.763916015625
2020-11-25 00:00:00+05:30,2413.2265625
2020-11-26 00:00:00+05:30,2430.468505859375
2020-11-27 00:00:00+05:30,2393.88525390625
2020-12-01 00:00:00+05:30,2436.0068359375
2020-12-02 00:00:00+05:30,2456.331298828125
2020-12-03 00:00:00+05:30,2420.507568359375
2020-12-04 00:00:00+05:30,2436.677734375
2020-12-07 00:00:00+05:30,2445.7451171875
2020-12-08 00:00:00+05:30,2498.98876953125
2020-12-09 00:00:00+05:30,2511.04931640625
2020-12-10 00:00:00+05:30,2487.375
2020-12-11 00:00:00+05:30,2486.75
2020-12-14 00:00:00+05:30,2499.34619140625
2020-12-15 00:00:00+05:30,2467.0517578125
2020-12-16 00:00:00+05:30,2514.08642578125
2020-12-17 00:00:00+05:30,2535.527099609375
2020-12-18 00:00:00+05:30,2555.89599609375
2020-12-21 00:00:00+05:30,2519.40234375
2020-12-22 00:00:00+05:30,2566.169921875
2020-12-23 00:00:00+05:30,2598.553955078125
2020-12-24 00:00:00+05:30,2599.08984375
2020-12-28 00:00:00+05:30,2617.001953125
2020-12-29 00:00:00+05:30,2617.984375
2020-12-30 00:00:00+05:30,2599.04541015625
2020-12-31 00:00:00+05:30,2557.459716796875
2021-01-01 00:00:00+05:30,2615.974365234375
2021-01-04 00:00:00+05:30,2715.31494140625
2021-01-05 00:00:00+05:30,2763.1552734375
2021-01-06 00:00:00+05:30,2726.080078125
2021-01-07 00:00:00+05:30,2709.375
2021-01-08 00:00:00+05:30,2788.079345703125
2021-01-11 00:00:00+05:30,2837.706298828125
2021-01-12 00:00:00+05:30,2836.2763671875
2021-01-13 00:00:00+05:30,2822.072021484375
2021-01-14 00:00:00+05:30,2909.56396484375
2021-01-15 00:00:00+05:30,2894.03466796875
2021-01-18 00:00:00+05:30,2883.651611328125
2021-01-19 00:00:00+05:30,2918.51416015625
2021-01-20 00:00:00+05:30,2961.566162109375
2021-01-21 00:00:00+05:30,2930.284423828125
2021-01-22 00:00:00+05:30,2956.46484375
2021-01-25 00:00:00+05:30,2945.903076171875
2021-01-27 00:00:00+05:30,2918.827392578125
2021-01-28 00:00:00+05:30,2861.09619140625
2021-01-29 00:00:00+05:30,2784.837158203125
2021-02-01 00:00:00+05:30,2809.89990234375
2021-02-02 00:00:00+05:30,2867.27294921875
2021-02-03 00:00:00+05:30,2864.229736328125
2021-02-04 00:00:00+05:30,2853.846923828125
2021-02-05 00:00:00+05:30,2826.547607421875
2021-02-08 00:00:00+05:30,2876.804931640625
2021-02-09 00:00:00+05:30,2843.508544921875
2021-02-10 00:00:00+05:30,2876.08837890625
2021-02-11 00:00:00+05:30,2869.55419921875
2021-02-12 00:00:00+05:30,2855.949462890625
2021-02-15 00:00:00+05:30,2810.346923828125
2021-02-16 00:00:00+05:30,2782.5556640625
2021-02-17 00:00:00+05:30,2750.60205078125
2021-02-18 00:00:00+05:30,2736.50390625
2021-02-19 00:00:00+05:30,2749.48291015625
2021-02-22 00:00:00+05:30,2647.983154296875
2021-02-23 00:00:00+05:30,2667.451171875
2021-02-24 00:00:00+05:30,2638.719482421875
2021-02-25 00:00:00+05:30,2680.966064453125
2021-02-26 00:00:00+05:30,2590.5654296875
2021-03-01 00:00:00+05:30,2617.327392578125
2021-03-02 00:00:00+05:30,2690.8564453125
2021-03-03 00:00:00+05:30,2738.071044921875
2021-03-04 00:00:00+05:30,2729.656982421875
2021-03-05 00:00:00+05:30,2692.378173828125
2021-03-08 00:00:00+05:30,2691.393310546875
2021-03-09 00:00:00+05:30,2730.77587890625
2021-03-10 00:00:00+05:30,2748.67724609375
2021-03-12 00:00:00+05:30,2737.041259765625
2021-03-15 00:00:00+05:30,2744.380615234375
2021-03-16 00:00:00+05:30,2783.674072265625
2021-03-17 00:00:00+05:30,2786.27001953125
2021-03-18 00:00:00+05:30,2717.84228515625
2021-03-19 00:00:00+05:30,2730.10498046875
2021-03-22 00:00:00+05:30,2801.217529296875
2021-03-23 00:00:00+05:30,2812.8076171875
2021-03-24 00:00:00+05:30,2793.564453125
2021-03-25 00:00:00+05:30,2743.217529296875
2021-03-26 00:00:00+05:30,2744.962890625
2021-03-30 00:00:00+05:30,2827.084716796875
2021-03-31 00:00:00+05:30,2844.359375
2021-04-01 00:00:00+05:30,2832.857177734375
2021-04-05 00:00:00+05:30,2899.00146484375
2021-04-06 00:00:00+05:30,2922.094482421875
2021-04-07 00:00:00+05:30,2928.091552734375
2021-04-08 00:00:00+05:30,2969.219970703125
2021-04-09 00:00:00+05:30,2973.605224609375
2021-04-12 00:00:00+05:30,2905.849365234375
2021-04-13 00:00:00+05:30,2778.30419921875
2021-04-15 00:00:00+05:30,2881.146240234375
2021-04-16 00:00:00+05:30,2859.84326171875
2021-04-19 00:00:00+05:30,2829.9931640625
2021-04-20 00:00:00+05:30,2814.5537109375
2021-04-22 00:00:00+05:30,2791.505859375
2021-04-23 00:00:00+05:30,2783.18212890625
2021-04-26 00:00:00+05:30,2775.39501953125
2021-04-27 00:00:00+05:30,2803.3203125
2021-04-28 00:00:00+05:30,2796.25
2021-04-29 00:00:00+05:30,2788.328125
2021-04-30 00:00:00+05:30,2717.081298828125
2021-05-03 00:00:00+05:30,2718.289306640625
2021-05-04 00:00:00+05:30,2729.701904296875
2021-05-05 00:00:00+05:30,2770.829833984375
2021-05-06 00:00:00+05:30,2784.9267578125
2021-05-07 00:00:00+05:30,2804.1259765625
2021-05-10 00:00:00+05:30,2815.40380859375
2021-05-11 00:00:00+05:30,2794.90625
2021-05-12 00:00:00+05:30,2763.580078125
2021-05-14 00:00:00+05:30,2731.26806640625
2021-05-17 00:00:00+05:30,2747.602783203125
2021-05-18 00:00:00+05:30,2764.65380859375
2021-05-19 00:00:00+05:30,2758.56787109375
2021-05-20 00:00:00+05:30,2738.876220703125
2021-05-21 00:00:00+05:30,2757.224853515625
2021-05-24 00:00:00+05:30,2758.11962890625
2021-05-25 00:00:00+05:30,2800.843505859375
2021-05-26 00:00:00+05:30,2840.867919921875
2021-05-27 00:00:00+05:30,2860.2060546875
2021-05-28 00:00:00+05:30,2827.466552734375
2021-05-31 00:00:00+05:30,2841.452880859375
2021-06-01 00:00:00+05:30,2835.921142578125
2021-06-02 00:00:00+05:30,2814.739501953125
2021-06-03 00:00:00+05:30,2825.352783203125
2021-06-04 00:00:00+05:30,2827.601318359375
2021-06-07 00:00:00+05:30,2863.084228515625
2021-06-08 00:00:00+05:30,2878.32958984375
2021-06-09 00:00:00+05:30,2878.41943359375
2021-06-10 00:00:00+05:30,2893.3056640625
2021-06-11 00:00:00+05:30,2944.5732421875
2021-06-14 00:00:00+05:30,2946.86669921875
2021-06-15 00:00:00+05:30,2934.634033203125
2021-06-16 00:00:00+05:30,2945.0673828125
2021-06-17 00:00:00+05:30,2984.103271484375
2021-06-18 00:00:00+05:30,2965.709228515625
2021-06-21 00:00:00+05:30,2943.943603515625
2021-06-22 00:00:00+05:30,2969.217529296875
2021-06-23 00:00:00+05:30,2933.419921875
2021-06-24 00:00:00+05:30,3034.33642578125
2021-06-25 00:00:00+05:30,3040.812744140625
2021-06-28 00:00:00+05:30,3001.192626953125
2021-06-29 00:00:00+05:30,3004.880126953125
2021-06-30 00:00:00+05:30,3009.287353515625
2021-07-01 00:00:00+05:30,3005.465087890625
2021-07-02 00:00:00+05:30,2991.029296875
2021-07-05 00:00:00+05:30,2987.0263671875
2021-07-06 00:00:00+05:30,2934.2294921875
2021-07-07 00:00:00+05:30,2945.60693359375
2021-07-08 00:00:00+05:30,2930.811279296875
2021-07-09 00:00:00+05:30,2885.524658203125
2021-07-12 00:00:00+05:30,2871.98876953125
2021-07-13 00:00:00+05:30,2866.996826171875
2021-07-14 00:00:00+05:30,2891.281494140625
2021-07-15 00:00:00+05:30,2887.134765625
2021-07-16 00:00:00+05:30,2879.789306640625
2021-07-19 00:00:00+05:30,2870.594482421875
2021-07-20 00:00:00+05:30,2889.704345703125
2021-07-22 00:00:00+05:30,2899.2138671875
2021-07-23 00:00:00+05:30,2896.05859375
2021-07-26 00:00:00+05:30,2882.267578125
2021-07-27 00:00:00+05:30,2869.10693359375
2021-07-28 00:00:00+05:30,2882.4931640625
2021-07-29 00:00:00+05:30,2880.6904296875
2021-07-30 00:00:00+05:30,2855.13525390625
2021-08-02 00:00:00+05:30,2901.962646484375
2021-08-03 00:00:00+05:30,2961.0048828125
2021-08-04 00:00:00+05:30,2951.13427734375
2021-08-05 00:00:00+05:30,2960.14794921875
2021-08-06 00:00:00+05:30,2983.44970703125
2021-08-09 00:00:00+05:30,2995.0771484375
2021-08-10 00:00:00+05:30,3005.17333984375
2021-08-11 00:00:00+05:30,3014.457763671875
2021-08-12 00:00:00+05:30,3021.263427734375
2021-08-13 00:00:00+05:30,3121.904541015625
2021-08-16 00:00:00+05:30,3130.5126953125
2021-08-17 00:00:00+05:30,3202.71484375
2021-08-18 00:00:00+05:30,3209.475341796875
2021-08-20 00:00:00+05:30,3208.528076171875
2021-08-23 00:00:00+05:30,3278.74755859375
2021-08-24 00:00:00+05:30,3256.93408203125
2021-08-25 00:00:00+05:30,3298.218017578125
2021-08-26 00:00:00+05:30,3309.801025390625
2021-08-27 00:00:00+05:30,3353.338134765625
2021-08-30 00:00:00+05:30,3336.347412109375
2021-08-31 00:00:00+05:30,3413.10107421875
2021-09-01 00:00:00+05:30,3348.650634765625
2021-09-02 00:00:00+05:30,3458.441162109375
2021-09-03 00:00:00+05:30,3463.218994140625
2021-09-06 00:00:00+05:30,3472.18798828125
2021-09-07 00:00:00+05:30,3439.647216796875
2021-09-08 00:00:00+05:30,3402.013916015625
2021-09-09 00:00:00+05:30,3417.56298828125
2021-09-13 00:00:00+05:30,3466.193603515625
2021-09-14 00:00:00+05:30,3502.745361328125
2021-09-15 00:00:00+05:30,3564.62646484375
2021-09-16 00:00:00+05:30,3518.429443359375
2021-09-17 00:00:00+05:30,3450.418701171875
2021-09-20 00:00:00+05:30,3446.498046875
2021-09-21 00:00:00+05:30,3482.0576171875
2021-09-22 00:00:00+05:30,3481.336669921875
2021-09-23 00:00:00+05:30,3487.737060546875
2021-09-24 00:00:00+05:30,3489.584716796875
2021-09-27 00:00:00+05:30,3458.6220703125
2021-09-28 00:00:00+05:30,3406.52099609375
2021-09-29 00:00:00+05:30,3418.013916015625
2021-09-30 00:00:00+05:30,3403.2763671875
2021-10-01 00:00:00+05:30,3362.39794921875
2021-10-04 00:00:00+05:30,3401.248291015625
2021-10-05 00:00:00+05:30,3455.3310546875
2021-10-06 00:00:00+05:30,3435.1396484375
2021-10-07 00:00:00+05:30,3509.055419921875
2021-10-08 00:00:00+05:30,3547.58935546875
2021-10-11 00:00:00+05:30,3322.1953125
2021-10-12 00:00:00+05:30,3292.67431640625
2021-10-13 00:00:00+05:30,3294.792236328125
2021-10-14 00:00:00+05:30,3261.602783203125
2021-10-18 00:00:00+05:30,3293.844482421875
2021-10-19 00:00:00+05:30,3282.10302734375
2021-10-20 00:00:00+05:30,3259.254638671875
2021-10-21 00:00:00+05:30,3190.30078125
2021-10-22 00:00:00+05:30,3159.91064453125
2021-10-25 00:00:00+05:30,3154.582275390625
2021-10-26 00:00:00+05:30,3145.234619140625
2021-10-27 00:00:00+05:30,3151.692138671875
2021-10-28 00:00:00+05:30,3090.1884765625
2021-10-29 00:00:00+05:30,3068.604248046875
2021-11-01 00:00:00+05:30,3139.634521484375
2021-11-02 00:00:00+05:30,3146.679443359375
2021-11-03 00:00:00+05:30,3153.94970703125
2021-11-04 00:00:00+05:30,3168.76123046875
2021-11-08 00:00:00+05:30,3163.43212890625
2021-11-09 00:00:00+05:30,3166.0966796875
2021-11-10 00:00:00+05:30,3146.769775390625
2021-11-11 00:00:00+05:30,3150.291748046875
2021-11-12 00:00:00+05:30,3184.475830078125
2021-11-15 00:00:00+05:30,3209.085205078125
2021-11-16 00:00:00+05:30,3211.88525390625
2021-11-17 00:00:00+05:30,3180.727294921875
2021-11-18 00:00:00+05:30,3139.0029296875
2021-11-22 00:00:00+05:30,3123.37890625
2021-11-23 00:00:00+05:30,3128.66162109375
2021-11-24 00:00:00+05:30,3109.741943359375
2021-11-25 00:00:00+05:30,3112.089599609375
2021-11-26 00:00:00+05:30,3112.9482421875
2021-11-29 00:00:00+05:30,3162.7548828125
2021-11-30 00:00:00+05:30,3187.275390625
2021-12-01 00:00:00+05:30,3231.212158203125
2021-12-02 00:00:00+05:30,3290.005859375
2021-12-03 00:00:00+05:30,3287.793212890625
2021-12-06 00:00:00+05:30,3193.822021484375
2021-12-07 00:00:00+05:30,3237.26318359375
2021-12-08 00:00:00+05:30,3275.556396484375
2021-12-09 00:00:00+05:30,3252.84228515625
2021-12-10 00:00:00+05:30,3284.49658203125
2021-12-13 00:00:00+05:30,3259.976318359375
2021-12-14 00:00:00+05:30,3272.756591796875
2021-12-15 00:00:00+05:30,3224.484130859375
2021-12-16 00:00:00+05:30,3234.64453125
2021-12-17 00:00:00+05:30,3237.128173828125
2021-12-20 00:00:00+05:30,3212.337158203125
2021-12-21 00:00:00+05:30,3258.758056640625
2021-12-22 00:00:00+05:30,3279.032958984375
2021-12-23 00:00:00+05:30,3307.887939453125
2021-12-24 00:00:00+05:30,3315.293212890625
2021-12-27 00:00:00+05:30,3338.052734375
2021-12-28 00:00:00+05:30,3347.490234375
2021-12-29 00:00:00+05:30,3336.787841796875
2021-12-30 00:00:00+05:30,3372.0556640625
2021-12-31 00:00:00+05:30,3376.209228515625
2022-01-03 00:00:00+05:30,3447.918212890625
2022-01-04 00:00:00+05:30,3508.427734375
2022-01-05 00:00:00+05:30,3486.9326171875
2022-01-06 00:00:00+05:30,3438.615234375
2022-01-07 00:00:00+05:30,3480.205078125
2022-01-10 00:00:00+05:30,3504.002685546875
2022-01-11 00:00:00+05:30,3536.560302734375
2022-01-12 00:00:00+05:30,3485.98486328125
2022-01-13 00:00:00+05:30,3520.3037109375
2022-01-14 00:00:00+05:30,3583.748046875
2022-01-17 00:00:00+05:30,3629.807861328125
2022-01-18 00:00:00+05:30,3604.023681640625
2022-01-19 00:00:00+05:30,3541.643310546875
2022-01-20 00:00:00+05:30,3461.938232421875
2022-01-21 00:00:00+05:30,3468.226318359375
2022-01-24 00:00:00+05:30,3411.99755859375
2022-01-25 00:00:00+05:30,3410.686279296875
2022-01-27 00:00:00+05:30,3301.531982421875
2022-01-28 00:00:00+05:30,3338.4443359375
2022-01-31 00:00:00+05:30,3380.242431640625
2022-02-01 00:00:00+05:30,3438.50634765625
2022-02-02 00:00:00+05:30,3488.762451171875
2022-02-03 00:00:00+05:30,3460.17431640625
2022-02-04 00:00:00+05:30,3451.398193359375
2022-02-07 00:00:00+05:30,3418.9189453125
2022-02-08 00:00:00+05:30,3386.756103515625
2022-02-09 00:00:00+05:30,3402.22705078125
2022-02-10 00:00:00+05:30,3411.09326171875
2022-02-11 00:00:00+05:30,3342.8779296875
2022-02-14 00:00:00+05:30,3377.980712890625
2022-02-15 00:00:00+05:30,3454.0224609375
2022-02-16 00:00:00+05:30,3449.769775390625
2022-02-17 00:00:00+05:30,3423.623291015625
2022-02-18 00:00:00+05:30,3432.399169921875
2022-02-21 00:00:00+05:30,3364.997802734375
2022-02-22 00:00:00+05:30,3244.670654296875
2022-02-23 00:00:00+05:30,3224.223876953125
2022-02-24 00:00:00+05:30,3077.524169921875
2022-02-25 00:00:00+05:30,3185.2763671875
2022-02-28 00:00:00+05:30,3215.538818359375
2022-03-02 00:00:00+05:30,3208.255615234375
2022-03-03 00:00:00+05:30,3206.67236328125
2022-03-04 00:00:00+05:30,3188.53369140625
2022-03-07 00:00:00+05:30,3152.842529296875
2022-03-08 00:00:00+05:30,3256.92919921875
2022-03-09 00:00:00+05:30,3286.46923828125
2022-03-10 00:00:00+05:30,3275.9287109375
2022-03-11 00:00:00+05:30,3256.205322265625
2022-03-14 00:00:00+05:30,3295.8779296875
2022-03-15 00:00:00+05:30,3251.456298828125
2022-03-16 00:00:00+05:30,3307.548095703125
2022-03-17 00:00:00+05:30,3322.792724609375
2022-03-21 00:00:00+05:30,3281.131103515625
2022-03-22 00:00:00+05:30,3348.305908203125
2022-03-23 00:00:00+05:30,3358.664794921875
2022-03-24 00:00:00+05:30,3392.546630859375
2022-03-25 00:00:00+05:30,3354.186767578125
2022-03-28 00:00:00+05:30,3354.412353515625
2022-03-29 00:00:00+05:30,3352.28662109375
2022-03-30 00:00:00+05:30,3375.989501953125
2022-03-31 00:00:00+05:30,3383.590087890625
2022-04-01 00:00:00+05:30,3400.598876953125
2022-04-04 00:00:00+05:30,3411.09326171875
2022-04-05 00:00:00+05:30,3451.30810546875
2022-04-06 00:00:00+05:30,3397.52294921875
2022-04-07 00:00:00+05:30,3333.1064453125
2022-04-08 00:00:00+05:30,3334.46337890625
2022-04-11 00:00:00+05:30,3344.189453125
2022-04-12 00:00:00+05:30,3339.394775390625
2022-04-13 00:00:00+05:30,3313.02197265625
2022-04-18 00:00:00+05:30,3191.880615234375
2022-04-19 00:00:00+05:30,3141.080810546875
2022-04-20 00:00:00+05:30,3217.891357421875
2022-04-21 00:00:00+05:30,3282.89501953125
2022-04-22 00:00:00+05:30,3268.32958984375
2022-04-25 00:00:00+05:30,3210.1103515625
2022-04-26 00:00:00+05:30,3208.39208984375
2022-04-27 00:00:00+05:30,3221.87158203125
2022-04-28 00:00:00+05:30,3242.7705078125
2022-04-29 00:00:00+05:30,3208.75390625
2022-05-02 00:00:00+05:30,3204.863037109375
2022-05-04 00:00:00+05:30,3148.18310546875
2022-05-05 00:00:00+05:30,3178.626708984375
2022-05-06 00:00:00+05:30,3105.525634765625
2022-05-09 00:00:00+05:30,3116.834716796875
2022-05-10 00:00:00+05:30,3111.089599609375
2022-05-11 00:00:00+05:30,3086.888427734375
2022-05-12 00:00:00+05:30,3083.857666015625
2022-05-13 00:00:00+05:30,3089.512451171875
2022-05-16 00:00:00+05:30,3055.042724609375
2022-05-17 00:00:00+05:30,3122.71533203125
2022-05-18 00:00:00+05:30,3120.18212890625
2022-05-19 00:00:00+05:30,2951.13623046875
2022-05-20 00:00:00+05:30,2979.227783203125
2022-05-23 00:00:00+05:30,3005.238037109375
2022-05-24 00:00:00+05:30,2974.70361328125
2022-05-25 00:00:00+05:30,2885.125244140625
2022-05-26 00:00:00+05:30,2939.136474609375
2022-05-27 00:00:00+05:30,2970.423095703125
2022-05-30 00:00:00+05:30,3074.209716796875
2022-05-31 00:00:00+05:30,3064.28173828125
2022-06-01 00:00:00+05:30,3055.94775390625
2022-06-02 00:00:00+05:30,3117.70068359375
2022-06-03 00:00:00+05:30,3133.321533203125
2022-06-06 00:00:00+05:30,3124.94140625
2022-06-07 00:00:00+05:30,3062.77880859375
2022-06-08 00:00:00+05:30,3100.53173828125
2022-06-09 00:00:00+05:30,3121.43505859375
2022-06-10 00:00:00+05:30,3060.22900390625
2022-06-13 00:00:00+05:30,2932.442626953125
2022-06-14 00:00:00+05:30,2924.19970703125
2022-06-15 00:00:00+05:30,2920.32861328125
2022-06-16 00:00:00+05:30,2861.763427734375
2022-06-17 00:00:00+05:30,2813.399658203125
2022-06-20 00:00:00+05:30,2834.80322265625
2022-06-21 00:00:00+05:30,2925.474853515625
2022-06-22 00:00:00+05:30,2935.493408203125
2022-06-23 00:00:00+05:30,3013.686279296875
2022-06-24 00:00:00+05:30,2999.386474609375
2022-06-27 00:00:00+05:30,3019.06005859375
2022-06-28 00:00:00+05:30,3022.2021484375
2022-06-29 00:00:00+05:30,2997.01806640625
2022-06-30 00:00:00+05:30,2975.705810546875
2022-07-01 00:00:00+05:30,3019.424560546875
2022-07-04 00:00:00+05:30,2946.513671875
2022-07-05 00:00:00+05:30,2929.4365234375
2022-07-06 00:00:00+05:30,2969.921875
2022-07-07 00:00:00+05:30,2994.605224609375
2022-07-08 00:00:00+05:30,2974.20263671875
2022-07-11 00:00:00+05:30,2836.07861328125
2022-07-12 00:00:00+05:30,2809.573974609375
2022-07-13 00:00:00+05:30,2767.721923828125
2022-07-14 00:00:00+05:30,2738.49951171875
2022-07-15 00:00:00+05:30,2734.7099609375
2022-07-18 00:00:00+05:30,2797.6298828125
2022-07-19 00:00:00+05:30,2807.447265625
2022-07-20 00:00:00+05:30,2890.137939453125
2022-07-21 00:00:00+05:30,2901.553955078125
2022-07-22 00:00:00+05:30,2895.80078125
2022-07-25 00:00:00+05:30,2891.91943359375
2022-07-26 00:00:00+05:30,2845.482421875
2022-07-27 00:00:00+05:30,2912.101806640625
2022-07-28 00:00:00+05:30,2977.533447265625
2022-07-29 00:00:00+05:30,3015.33984375
2022-08-01 00:00:00+05:30,3012.5087890625
2022-08-02 00:00:00+05:30,3006.116455078125
2022-08-03 00:00:00+05:30,3049.6767578125
2022-08-04 00:00:00+05:30,3063.785888671875
2022-08-05 00:00:00+05:30,3073.009521484375
2022-08-08 00:00:00+05:30,3081.593505859375
2022-08-10 00:00:00+05:30,3063.14697265625
2022-08-11 00:00:00+05:30,3125.4736328125
2022-08-12 00:00:00+05:30,3106.342041015625
2022-08-16 00:00:00+05:30,3098.259765625
2022-08-17 00:00:00+05:30,3105.931396484375
2022-08-18 00:00:00+05:30,3087.803955078125
2022-08-19 00:00:00+05:30,3091.91357421875
2022-08-22 00:00:00+05:30,3063.421142578125
2022-08-23 00:00:00+05:30,2999.54150390625
2022-08-24 00:00:00+05:30,2972.829833984375
2022-08-25 00:00:00+05:30,2938.904052734375
2022-08-26 00:00:00+05:30,2942.557373046875
2022-08-29 00:00:00+05:30,2860.687255859375
2022-08-30 00:00:00+05:30,2932.466064453125
2022-09-01 00:00:00+05:30,2859.9111328125
2022-09-02 00:00:00+05:30,2858.723876953125
2022-09-05 00:00:00+05:30,2861.4638671875
2022-09-06 00:00:00+05:30,2855.66455078125
2022-09-07 00:00:00+05:30,2876.257568359375
2022-09-08 00:00:00+05:30,2894.5673828125
2022-09-09 00:00:00+05:30,2938.401611328125
2022-09-12 00:00:00+05:30,2961.50634765625
2022-09-13 00:00:00+05:30,2949.08642578125
2022-09-14 00:00:00+05:30,2849.591552734375
2022-09-15 00:00:00+05:30,2834.934814453125
2022-09-16 00:00:00+05:30,2747.58642578125
2022-09-19 00:00:00+05:30,2765.941162109375
2022-09-20 00:00:00+05:30,2776.443603515625
2022-09-21 00:00:00+05:30,2740.73681640625
2022-09-22 00:00:00+05:30,2746.398681640625
2022-09-23 00:00:00+05:30,2723.248779296875
2022-09-26 00:00:00+05:30,2734.52734375
2022-09-27 00:00:00+05:30,2755.576416015625
2022-09-28 00:00:00+05:30,2772.197021484375
2022-09-29 00:00:00+05:30,2737.175537109375
2022-09-30 00:00:00+05:30,2743.796142578125
2022-10-03 00:00:00+05:30,2725.8974609375
2022-10-04 00:00:00+05:30,2822.880126953125
2022-10-06 00:00:00+05:30,2832.7431640625
2022-10-07 00:00:00+05:30,2798.908203125
2022-10-10 00:00:00+05:30,2847.90234375
2022-10-11 00:00:00+05:30,2803.15478515625
2022-10-12 00:00:00+05:30,2831.647216796875
2022-10-13 00:00:00+05:30,2833.975830078125
2022-10-14 00:00:00+05:30,2830.18603515625
2022-10-17 00:00:00+05:30,2849.046875
2022-10-18 00:00:00+05:30,2879.21533203125
2022-10-19 00:00:00+05:30,2858.294677734375
2022-10-20 00:00:00+05:30,2890.751708984375
2022-10-21 00:00:00+05:30,2872.53173828125
2022-10-24 00:00:00+05:30,2894.7802734375
2022-10-25 00:00:00+05:30,2895.146240234375
2022-10-27 00:00:00+05:30,2890.8427734375
2022-10-28 00:00:00+05:30,2896.19921875
2022-10-31 00:00:00+05:30,2923.57470703125
2022-11-01 00:00:00+05:30,2984.506103515625
2022-11-02 00:00:00+05:30,2968.02587890625
2022-11-03 00:00:00+05:30,2936.027099609375
2022-11-04 00:00:00+05:30,2945.777587890625
2022-11-07 00:00:00+05:30,2960.701904296875
2022-11-09 00:00:00+05:30,2944.5419921875
2022-11-10 00:00:00+05:30,2935.01953125
2022-11-11 00:00:00+05:30,3036.008056640625
2022-11-14 00:00:00+05:30,3053.9072265625
2022-11-15 00:00:00+05:30,3051.25244140625
2022-11-16 00:00:00+05:30,3072.08154296875
2022-11-17 00:00:00+05:30,3066.267333984375
2022-11-18 00:00:00+05:30,3061.186767578125
2022-11-21 00:00:00+05:30,3006.2978515625
2022-11-22 00:00:00+05:30,3035.09228515625
2022-11-23 00:00:00+05:30,3029.00390625
2022-11-24 00:00:00+05:30,3094.787841796875
2022-11-25 00:00:00+05:30,3103.48583984375
2022-11-28 00:00:00+05:30,3108.613037109375
2022-11-29 00:00:00+05:30,3110.5361328125
2022-11-30 00:00:00+05:30,3104.53857421875
2022-12-01 00:00:00+05:30,3182.225341796875
2022-12-02 00:00:00+05:30,3148.80712890625
2022-12-05 00:00:00+05:30,3136.67529296875
2022-12-06 00:00:00+05:30,3099.549072265625
2022-12-07 00:00:00+05:30,3095.199951171875
2022-12-08 00:00:00+05:30,3067.68701171875
2022-12-09 00:00:00+05:30,3014.7666015625
2022-12-12 00:00:00+05:30,3008.99853515625
2022-12-13 00:00:00+05:30,3050.79443359375
2022-12-14 00:00:00+05:30,3081.237060546875
2022-12-15 00:00:00+05:30,3026.07373046875
2022-12-16 00:00:00+05:30,2966.698486328125
2022-12-19 00:00:00+05:30,2931.723876953125
2022-12-20 00:00:00+05:30,2970.086181640625
2022-12-21 00:00:00+05:30,2992.609619140625
2022-12-22 00:00:00+05:30,2984.506103515625
2022-12-23 00:00:00+05:30,2955.803466796875
2022-12-26 00:00:00+05:30,2978.280029296875
2022-12-27 00:00:00+05:30,2984.323486328125
2022-12-28 00:00:00+05:30,2982.126220703125
2022-12-29 00:00:00+05:30,2992.792236328125
2022-12-30 00:00:00+05:30,2981.759765625
2023-01-02 00:00:00+05:30,2986.109130859375
2023-01-03 00:00:00+05:30,3031.79638671875
2023-01-04 00:00:00+05:30,3034.817138671875
2023-01-05 00:00:00+05:30,3031.5673828125
2023-01-06 00:00:00+05:30,2940.421875
2023-01-09 00:00:00+05:30,3039.669921875
2023-01-10 00:00:00+05:30,3008.9521484375
2023-01-11 00:00:00+05:30,3047.681640625
2023-01-12 00:00:00+05:30,3052.854736328125
2023-01-13 00:00:00+05:30,3089.66015625
2023-01-16 00:00:00+05:30,3121.9658203125
2023-01-17 00:00:00+05:30,3163.494873046875
2023-01-18 00:00:00+05:30,3174.35693359375
2023-01-19 00:00:00+05:30,3158.5322265625
2023-01-20 00:00:00+05:30,3149.1689453125
2023-01-23 00:00:00+05:30,3197.67333984375
2023-01-24 00:00:00+05:30,3217.712158203125
2023-01-25 00:00:00+05:30,3211.57861328125
2023-01-27 00:00:00+05:30,3194.068115234375
2023-01-30 00:00:00+05:30,3215.23046875
2023-01-31 00:00:00+05:30,3145.048095703125
2023-02-01 00:00:00+05:30,3191.539794921875
2023-02-02 00:00:00+05:30,3240.27880859375
2023-02-03 00:00:00+05:30,3260.785888671875
2023-02-06 00:00:00+05:30,3239.857177734375
2023-02-07 00:00:00+05:30,3251.656005859375
2023-02-08 00:00:00+05:30,3296.18115234375
2023-02-09 00:00:00+05:30,3315.611083984375
2023-02-10 00:00:00+05:30,3312.521240234375
2023-02-13 00:00:00+05:30,3260.87939453125
2023-02-14 00:00:00+05:30,3277.45361328125
2023-02-15 00:00:00+05:30,3296.6962890625
2023-02-16 00:00:00+05:30,3331.717529296875
2023-02-17 00:00:00+05:30,3278.4365234375
2023-02-20 00:00:00+05:30,3265.4677734375
2023-02-21 00:00:00+05:30,3231.47705078125
2023-02-22 00:00:00+05:30,3185.17236328125
2023-02-23 00:00:00+05:30,3196.64306640625
2023-02-24 00:00:00+05:30,3184.142333984375
2023-02-27 00:00:00+05:30,3119.906494140625
2023-02-28 00:00:00+05:30,3102.114501953125
2023-03-01 00:00:00+05:30,3170.330322265625
2023-03-02 00:00:00+05:30,3110.16748046875
2023-03-03 00:00:00+05:30,3129.550537109375
2023-03-06 00:00:00+05:30,3157.361572265625
2023-03-08 00:00:00+05:30,3174.7314453125
2023-03-09 00:00:00+05:30,3124.587646484375
2023-03-10 00:00:00+05:30,3119.10986328125
2023-03-13 00:00:00+05:30,3073.1796875
2023-03-14 00:00:00+05:30,3010.4423828125
2023-03-15 00:00:00+05:30,2995.4130859375
2023-03-16 00:00:00+05:30,2982.3974609375
2023-03-17 00:00:00+05:30,2977.059814453125
2023-03-20 00:00:00+05:30,2943.349853515625
2023-03-21 00:00:00+05:30,2908.5166015625
2023-03-22 00:00:00+05:30,2931.645751953125
2023-03-23 00:00:00+05:30,2925.88623046875
2023-03-24 00:00:00+05:30,2922.00048828125
2023-03-27 00:00:00+05:30,2923.686279296875
2023-03-28 00:00:00+05:30,2917.69287109375
2023-03-29 00:00:00+05:30,2939.22998046875
2023-03-31 00:00:00+05:30,3001.9677734375
2023-04-03 00:00:00+05:30,2996.44287109375
2023-04-05 00:00:00+05:30,3033.711181640625
2023-04-06 00:00:00+05:30,3015.825927734375
2023-04-10 00:00:00+05:30,3055.810546875
2023-04-11 00:00:00+05:30,3009.36474609375
2023-04-12 00:00:00+05:30,3035.443603515625
2023-04-13 00:00:00+05:30,2986.0029296875
2023-04-17 00:00:00+05:30,2939.7919921875
2023-04-18 00:00:00+05:30,2931.59765625
2023-04-19 00:00:00+05:30,2893.06591796875
2023-04-20 00:00:00+05:30,2907.29931640625
2023-04-21 00:00:00+05:30,2959.7841796875
2023-04-24 00:00:00+05:30,2972.846435546875
2023-04-25 00:00:00+05:30,2973.97021484375
2023-04-26 00:00:00+05:30,2994.7109375
2023-04-27 00:00:00+05:30,2985.159912109375
2023-04-28 00:00:00+05:30,3014.468994140625
2023-05-02 00:00:00+05:30,3014.609619140625
2023-05-03 00:00:00+05:30,2977.62158203125
2023-05-04 00:00:00+05:30,3015.825927734375
2023-05-05 00:00:00+05:30,3025.18994140625
2023-05-08 00:00:00+05:30,3043.82470703125
2023-05-09 00:00:00+05:30,3074.39697265625
2023-05-10 00:00:00+05:30,3077.721923828125
2023-05-11 00:00:00+05:30,3073.367919921875
2023-05-12 00:00:00+05:30,3066.016845703125
2023-05-15 00:00:00+05:30,3047.991455078125
2023-05-16 00:00:00+05:30,3050.893798828125
2023-05-17 00:00:00+05:30,3004.58935546875
2023-05-18 00:00:00+05:30,2996.302734375
2023-05-19 00:00:00+05:30,3017.83984375
2023-05-22 00:00:00+05:30,3088.865234375
2023-05-23 00:00:00+05:30,3087.31982421875
2023-05-24 00:00:00+05:30,3093.219482421875
2023-05-25 00:00:00+05:30,3083.99560546875
2023-05-26 00:00:00+05:30,3117.1435546875
2023-05-29 00:00:00+05:30,3109.1376953125
2023-05-30 00:00:00+05:30,3105.25146484375
2023-05-31 00:00:00+05:30,3080.25
2023-06-01 00:00:00+05:30,3112.555419921875
2023-06-02 00:00:00+05:30,3095.32568359375
2023-06-05 00:00:00+05:30,3079.68798828125
2023-06-06 00:00:00+05:30,3026.68896484375
2023-06-07 00:00:00+05:30,3066.5791015625
2023-06-08 00:00:00+05:30,3030.57421875
2023-06-09 00:00:00+05:30,3005.15185546875
2023-06-12 00:00:00+05:30,3040.359619140625
2023-06-13 00:00:00+05:30,3037.363037109375
2023-06-14 00:00:00+05:30,3044.24609375
2023-06-15 00:00:00+05:30,3034.104736328125
2023-06-16 00:00:00+05:30,2995.050048828125
2023-06-19 00:00:00+05:30,3028.5390625
2023-06-20 00:00:00+05:30,3044.85888671875
2023-06-21 00:00:00+05:30,3073.63134765625
2023-06-22 00:00:00+05:30,3055.047119140625
2023-06-23 00:00:00+05:30,3034.152099609375
2023-06-26 00:00:00+05:30,3008.96435546875
2023-06-27 00:00:00+05:30,3016.228515625
2023-06-28 00:00:00+05:30,3033.302978515625
2023-06-30 00:00:00+05:30,3115.185791015625
2023-07-03 00:00:00+05:30,3086.93212890625
2023-07-04 00:00:00+05:30,3121.412353515625
2023-07-05 00:00:00+05:30,3131.883056640625
2023-07-06 00:00:00+05:30,3134.666259765625
2023-07-07 00:00:00+05:30,3140.65625
2023-07-10 00:00:00+05:30,3086.6025390625
2023-07-11 00:00:00+05:30,3087.02685546875
2023-07-12 00:00:00+05:30,3075.235107421875
2023-07-13 00:00:00+05:30,3151.316162109375
2023-07-14 00:00:00+05:30,3315.553955078125
2023-07-17 00:00:00+05:30,3293.90380859375
2023-07-18 00:00:00+05:30,3298.76220703125
2023-07-19 00:00:00+05:30,3273.480712890625
2023-07-20 00:00:00+05:30,3275.608642578125
2023-07-21 00:00:00+05:30,3185.7568359375
2023-07-24 00:00:00+05:30,3210.773193359375
2023-07-25 00:00:00+05:30,3214.935302734375
2023-07-26 00:00:00+05:30,3204.673095703125
2023-07-27 00:00:00+05:30,3212.806640625
2023-07-28 00:00:00+05:30,3173.55615234375
2023-07-31 00:00:00+05:30,3236.0263671875
2023-08-01 00:00:00+05:30,3264.968505859375
2023-08-02 00:00:00+05:30,3254.18603515625
2023-08-03 00:00:00+05:30,3215.69189453125
2023-08-04 00:00:00+05:30,3256.928955078125
2023-08-07 00:00:00+05:30,3295.23388671875
2023-08-08 00:00:00+05:30,3282.51318359375
2023-08-09 00:00:00+05:30,3274.85205078125
2023-08-10 00:00:00+05:30,3255.557373046875
2023-08-11 00:00:00+05:30,3261.89404296875
2023-08-14 00:00:00+05:30,3262.887939453125
2023-08-16 00:00:00+05:30,3270.97412109375
2023-08-17 00:00:00+05:30,3249.551513671875
2023-08-18 00:00:00+05:30,3184.62255859375
2023-08-21 00:00:00+05:30,3217.299560546875
2023-08-22 00:00:00+05:30,3198.85595703125
2023-08-23 00:00:00+05:30,3214.083984375
2023-08-24 00:00:00+05:30,3204.153076171875
2023-08-25 00:00:00+05:30,3198.052978515625
2023-08-28 00:00:00+05:30,3192.6142578125
2023-08-29 00:00:00+05:30,3193.181640625
2023-08-30 00:00:00+05:30,3207.179443359375
2023-08-31 00:00:00+05:30,3174.88037109375
2023-09-01 00:00:00+05:30,3196.066162109375
2023-09-04 00:00:00+05:30,3233.236328125
2023-09-05 00:00:00+05:30,3243.498779296875
2023-09-06 00:00:00+05:30,3244.018798828125
2023-09-07 00:00:00+05:30,3267.994873046875
2023-09-08 00:00:00+05:30,3255.3681640625
2023-09-11 00:00:00+05:30,3292.0185546875
2023-09-12 00:00:00+05:30,3386.740478515625
2023-09-13 00:00:00+05:30,3374.492919921875
2023-09-14 00:00:00+05:30,3367.115478515625
2023-09-15 00:00:00+05:30,3403.2919921875
2023-09-18 00:00:00+05:30,3410.716796875
2023-09-20 00:00:00+05:30,3410.622802734375
2023-09-21 00:00:00+05:30,3390.996826171875
2023-09-22 00:00:00+05:30,3408.35205078125
2023-09-25 00:00:00+05:30,3383.2890625
2023-09-26 00:00:00+05:30,3391.375
2023-09-27 00:00:00+05:30,3394.7802734375
2023-09-28 00:00:00+05:30,3345.078125
2023-09-29 00:00:00+05:30,3337.36962890625
2023-10-03 00:00:00+05:30,3323.4189453125
2023-10-04 00:00:00+05:30,3346.023681640625
2023-10-05 00:00:00+05:30,3394.82763671875
2023-10-06 00:00:00+05:30,3425.14013671875
2023-10-09 00:00:00+05:30,3441.171875
2023-10-10 00:00:00+05:30,3432.234130859375
2023-10-11 00:00:00+05:30,3414.263671875
2023-10-12 00:00:00+05:30,3350.563720703125
2023-10-13 00:00:00+05:30,3377.330322265625
2023-10-16 00:00:00+05:30,3333.066162109375
2023-10-17 00:00:00+05:30,3316.9873046875
2023-10-18 00:00:00+05:30,3298.26025390625
2023-10-19 00:00:00+05:30,3276.829833984375
2023-10-20 00:00:00+05:30,3313.71728515625
2023-10-23 00:00:00+05:30,3233.6845703125
2023-10-25 00:00:00+05:30,3214.67236328125
2023-10-26 00:00:00+05:30,3164.0830078125
2023-10-27 00:00:00+05:30,3177.5478515625
2023-10-30 00:00:00+05:30,3203.719482421875
2023-10-31 00:00:00+05:30,3194.42724609375
2023-11-01 00:00:00+05:30,3158.29833984375
2023-11-02 00:00:00+05:30,3186.224365234375
2023-11-03 00:00:00+05:30,3177.500244140625
2023-11-06 00:00:00+05:30,3205.33203125
2023-11-07 00:00:00+05:30,3196.038818359375
2023-11-08 00:00:00+05:30,3206.564697265625
2023-11-09 00:00:00+05:30,3174.22900390625
2023-11-10 00:00:00+05:30,3160.953369140625
2023-11-13 00:00:00+05:30,3159.152099609375
2023-11-15 00:00:00+05:30,3228.1376953125
2023-11-16 00:00:00+05:30,3316.846435546875
2023-11-17 00:00:00+05:30,3321.20849609375
2023-11-20 00:00:00+05:30,3337.470947265625
2023-11-21 00:00:00+05:30,3328.556884765625
2023-11-22 00:00:00+05:30,3347.47509765625
2023-11-23 00:00:00+05:30,3326.70849609375
2023-11-24 00:00:00+05:30,3278.204833984375
2023-11-28 00:00:00+05:30,3290.57958984375
2023-11-29 00:00:00+05:30,3331.923583984375
2023-11-30 00:00:00+05:30,3307.126953125
2023-12-01 00:00:00+05:30,3329.93212890625
2023-12-04 00:00:00+05:30,3330.690673828125
2023-12-05 00:00:00+05:30,3348.85009765625
2023-12-06 00:00:00+05:30,3417.5986328125
2023-12-07 00:00:00+05:30,3427.839111328125
2023-12-08 00:00:00+05:30,3439.029052734375
2023-12-11 00:00:00+05:30,3454.390380859375
2023-12-12 00:00:00+05:30,3482.07958984375
2023-12-13 00:00:00+05:30,3407.593994140625
2023-12-14 00:00:00+05:30,3477.480712890625
2023-12-15 00:00:00+05:30,3661.204345703125
2023-12-18 00:00:00+05:30,3659.49755859375
2023-12-19 00:00:00+05:30,3618.72265625
2023-12-20 00:00:00+05:30,3584.443603515625
2023-12-21 00:00:00+05:30,3591.5078125
2023-12-22 00:00:00+05:30,3626.119140625
2023-12-26 00:00:00+05:30,3599.1416015625
2023-12-27 00:00:00+05:30,3613.9814453125
2023-12-28 00:00:00+05:30,3603.266357421875
2023-12-29 00:00:00+05:30,3597.102294921875
2024-01-01 00:00:00+05:30,3613.88671875
2024-01-02 00:00:00+05:30,3587.430419921875
2024-01-03 00:00:00+05:30,3500.712890625
2024-01-04 00:00:00+05:30,3477.0537109375
2024-01-05 00:00:00+05:30,3544.474365234375
2024-01-08 00:00:00+05:30,3487.958740234375
2024-01-09 00:00:00+05:30,3498.95849609375
2024-01-10 00:00:00+05:30,3520.910400390625
2024-01-11 00:00:00+05:30,3542.246337890625
2024-01-12 00:00:00+05:30,3681.87646484375
2024-01-15 00:00:00+05:30,3701.78955078125
2024-01-16 00:00:00+05:30,3661.48876953125
2024-01-17 00:00:00+05:30,3683.58349609375
2024-01-18 00:00:00+05:30,3700.65185546875
2024-01-19 00:00:00+05:30,3765.056884765625
2024-01-23 00:00:00+05:30,3684.0849609375
2024-01-24 00:00:00+05:30,3668.3779296875
2024-01-25 00:00:00+05:30,3638.2998046875
2024-01-29 00:00:00+05:30,3629.41943359375
2024-01-30 00:00:00+05:30,3628.989990234375
2024-01-31 00:00:00+05:30,3643.6943359375
2024-02-01 00:00:00+05:30,3680.170166015625
2024-02-02 00:00:00+05:30,3787.2578125
2024-02-05 00:00:00+05:30,3793.941650390625
2024-02-06 00:00:00+05:30,3949.29736328125
2024-02-07 00:00:00+05:30,3899.071533203125
2024-02-08 00:00:00+05:30,3947.48291015625
2024-02-09 00:00:00+05:30,3947.10107421875
2024-02-12 00:00:00+05:30,3934.68798828125
2024-02-13 00:00:00+05:30,3962.18798828125
2024-02-14 00:00:00+05:30,3915.017578125
2024-02-15 00:00:00+05:30,3917.977783203125
2024-02-16 00:00:00+05:30,3941.94482421875
2024-02-19 00:00:00+05:30,3918.55078125
2024-02-20 00:00:00+05:30,3848.702880859375
2024-02-21 00:00:00+05:30,3811.320068359375
2024-02-22 00:00:00+05:30,3902.6044921875
2024-02-23 00:00:00+05:30,3869.1845703125
2024-02-26 00:00:00+05:30,3820.43896484375
2024-02-27 00:00:00+05:30,3919.123779296875
2024-02-28 00:00:00+05:30,3933.01708984375
2024-02-29 00:00:00+05:30,3910.243408203125
2024-03-01 00:00:00+05:30,3909.52734375
2024-03-04 00:00:00+05:30,3896.493408203125
2024-03-05 00:00:00+05:30,3830.990234375
2024-03-06 00:00:00+05:30,3880.833984375
2024-03-07 00:00:00+05:30,3923.134033203125
2024-03-11 00:00:00+05:30,3936.263671875
2024-03-12 00:00:00+05:30,4003.008056640625
2024-03-13 00:00:00+05:30,3961.710205078125
2024-03-14 00:00:00+05:30,4017.665283203125
2024-03-15 00:00:00+05:30,4028.788818359375
2024-03-18 00:00:00+05:30,3965.052734375
2024-03-19 00:00:00+05:30,3797.760986328125
2024-03-20 00:00:00+05:30,3791.64990234375
2024-03-21 00:00:00+05:30,3793.607177734375
2024-03-22 00:00:00+05:30,3734.358154296875
2024-03-26 00:00:00+05:30,3702.466064453125
2024-03-27 00:00:00+05:30,3667.517822265625
2024-03-28 00:00:00+05:30,3701.3203125
2024-04-01 00:00:00+05:30,3739.944091796875
2024-04-02 00:00:00+05:30,3708.4814453125
2024-04-03 00:00:00+05:30,3769.115478515625
2024-04-04 00:00:00+05:30,3822.58740234375
2024-04-05 00:00:00+05:30,3799.62255859375
2024-04-08 00:00:00+05:30,3793.225341796875
2024-04-09 00:00:00+05:30,3768.39892578125
2024-04-10 00:00:00+05:30,3804.779541015625
2024-04-12 00:00:00+05:30,3820.77294921875
2024-04-15 00:00:00+05:30,3763.29052734375
2024-04-16 00:00:00+05:30,3697.978271484375
2024-04-18 00:00:00+05:30,3687.66552734375
2024-04-19 00:00:00+05:30,3653.4814453125
2024-04-22 00:00:00+05:30,3690.1484375
2024-04-23 00:00:00+05:30,3699.792724609375
2024-04-24 00:00:00+05:30,3658.112548828125
2024-04-25 00:00:00+05:30,3678.308349609375
2024-04-26 00:00:00+05:30,3648.8505859375
2024-04-29 00:00:00+05:30,3695.49560546875
2024-04-30 00:00:00+05:30,3648.182373046875
2024-05-02 00:00:00+05:30,3688.9072265625
2024-05-03 00:00:00+05:30,3669.9052734375
2024-05-06 00:00:00+05:30,3744.05029296875
2024-05-07 00:00:00+05:30,3799.3369140625
2024-05-08 00:00:00+05:30,3797.4267578125
2024-05-09 00:00:00+05:30,3781.43310546875
2024-05-10 00:00:00+05:30,3718.125732421875
2024-05-13 00:00:00+05:30,3769.592529296875
2024-05-14 00:00:00+05:30,3725.096435546875
2024-05-15 00:00:00+05:30,3705.235107421875
2024-05-16 00:00:00+05:30,3751.930419921875
2024-05-17 00:00:00+05:30,3687.634033203125
2024-05-21 00:00:00+05:30,3674.264892578125
2024-05-22 00:00:00+05:30,3685.61474609375
2024-05-23 00:00:00+05:30,3744.717041015625
2024-05-24 00:00:00+05:30,3702.44580078125
2024-05-27 00:00:00+05:30,3700.089599609375
2024-05-28 00:00:00+05:30,3693.212158203125
2024-05-29 00:00:00+05:30,3658.347412109375
2024-05-30 00:00:00+05:30,3593.3779296875
2024-05-31 00:00:00+05:30,3530.71630859375
2024-06-03 00:00:00+05:30,3561.39794921875
2024-06-04 00:00:00+05:30,3573.083740234375
2024-06-05 00:00:00+05:30,3603.332275390625
2024-06-06 00:00:00+05:30,3684.0751953125
2024-06-07 00:00:00+05:30,3745.19775390625
2024-06-10 00:00:00+05:30,3711.29443359375
2024-06-11 00:00:00+05:30,3704.946533203125
2024-06-12 00:00:00+05:30,3685.277587890625
2024-06-13 00:00:00+05:30,3730.001220703125
2024-06-14 00:00:00+05:30,3685.662353515625
2024-06-18 00:00:00+05:30,3669.3603515625
2024-06-19 00:00:00+05:30,3656.471923828125
2024-06-20 00:00:00+05:30,3642.573974609375
2024-06-21 00:00:00+05:30,3665.176513671875
2024-06-24 00:00:00+05:30,3670.9951171875
2024-06-25 00:00:00+05:30,3691.818115234375
2024-06-26 00:00:00+05:30,3708.553466796875
2024-06-27 00:00:00+05:30,3783.862060546875
2024-06-28 00:00:00+05:30,3755.008056640625
2024-07-01 00:00:00+05:30,3826.2294921875
2024-07-02 00:00:00+05:30,3863.931884765625
2024-07-03 00:00:00+05:30,3813.774169921875
2024-07-04 00:00:00+05:30,3867.346435546875
2024-07-05 00:00:00+05:30,3858.5458984375
2024-07-08 00:00:00+05:30,3840.65625
2024-07-09 00:00:00+05:30,3833.25048828125
2024-07-10 00:00:00+05:30,3759.817138671875
2024-07-11 00:00:00+05:30,3773.811279296875
2024-07-12 00:00:00+05:30,4024.119873046875
2024-07-15 00:00:00+05:30,4009.933349609375
2024-07-16 00:00:00+05:30,4018.83056640625
2024-07-18 00:00:00+05:30,4150.6923828125
2024-07-19 00:00:00+05:30,4147.65576171875
2024-07-22 00:00:00+05:30,4133.14697265625
2024-07-23 00:00:00+05:30,4147.607421875
2024-07-24 00:00:00+05:30,4151.3671875
2024-07-25 00:00:00+05:30,4167.0322265625
2024-07-26 00:00:00+05:30,4230.03271484375
2024-07-29 00:00:00+05:30,4223.52490234375
2024-07-30 00:00:00+05:30,4208.341796875
2024-07-31 00:00:00+05:30,4227.62255859375
2024-08-01 00:00:00+05:30,4238.9501953125
2024-08-02 00:00:00+05:30,4129.0009765625
2024-08-05 00:00:00+05:30,4005.605224609375
2024-08-06 00:00:00+05:30,4021.174560546875
2024-08-07 00:00:00+05:30,4049.37255859375
2024-08-08 00:00:00+05:30,4022.475830078125
2024-08-09 00:00:00+05:30,4076.655029296875
2024-08-12 00:00:00+05:30,4044.744873046875
2024-08-13 00:00:00+05:30,4045.998779296875
2024-08-14 00:00:00+05:30,4140.7626953125
2024-08-16 00:00:00+05:30,4257.21826171875
2024-08-19 00:00:00+05:30,4328.50830078125
2024-08-20 00:00:00+05:30,4360.60986328125
2024-08-21 00:00:00+05:30,4387.79541015625
2024-08-22 00:00:00+05:30,4340.07666015625
2024-08-23 00:00:00+05:30,4303.3466796875
2024-08-26 00:00:00+05:30,4340.51025390625
2024-08-27 00:00:00+05:30,4335.4013671875
2024-08-28 00:00:00+05:30,4343.98046875
2024-08-29 00:00:00+05:30,4349.52392578125
2024-08-30 00:00:00+05:30,4389.96533203125
2024-09-02 00:00:00+05:30,4358.44140625
2024-09-03 00:00:00+05:30,4350.0546875
2024-09-04 00:00:00+05:30,4318.14501953125
2024-09-05 00:00:00+05:30,4314.9638671875
2024-09-06 00:00:00+05:30,4296.4541015625
2024-09-09 00:00:00+05:30,4289.51318359375
2024-09-10 00:00:00+05:30,4345.71630859375
2024-09-11 00:00:00+05:30,4318.2412109375
2024-09-12 00:00:00+05:30,4355.21240234375
2024-09-13 00:00:00+05:30,4359.93603515625
2024-09-16 00:00:00+05:30,4350.92236328125
2024-09-17 00:00:00+05:30,4343.5947265625
2024-09-18 00:00:00+05:30,4189.83154296875
2024-09-19 00:00:00+05:30,4141.6298828125
2024-09-20 00:00:00+05:30,4130.78515625
2024-09-23 00:00:00+05:30,4114.97509765625
2024-09-24 00:00:00+05:30,4117.67431640625
2024-09-25 00:00:00+05:30,4121.0
2024-09-26 00:00:00+05:30,4138.11181640625
2024-09-27 00:00:00+05:30,4153.72900390625
2024-09-30 00:00:00+05:30,4114.97509765625
2024-10-01 00:00:00+05:30,4133.6767578125
2024-10-03 00:00:00+05:30,4080.5107421875
2024-10-04 00:00:00+05:30,4099.31005859375
2024-10-07 00:00:00+05:30,4119.16845703125
2024-10-08 00:00:00+05:30,4100.2734375
2024-10-09 00:00:00+05:30,4099.984375
2024-10-10 00:00:00+05:30,4075.35302734375
2024-10-11 00:00:00+05:30,3999.96630859375
2024-10-14 00:00:00+05:30,3987.8671875
2024-10-15 00:00:00+05:30,3968.731201171875
2024-10-16 00:00:00+05:30,3947.667236328125
2024-10-17 00:00:00+05:30,3961.21142578125
2024-10-18 00:00:00+05:30,3984.452880859375
2024-10-21 00:00:00+05:30,3942.705322265625
2024-10-22 00:00:00+05:30,3880.518310546875
2024-10-23 00:00:00+05:30,3929.562744140625
2024-10-24 00:00:00+05:30,3911.829345703125
2024-10-25 00:00:00+05:30,3921.155029296875
2024-10-28 00:00:00+05:30,3953.33544921875
2024-10-29 00:00:00+05:30,3938.260009765625
2024-10-30 00:00:00+05:30,3947.34375
2024-10-31 00:00:00+05:30,3835.050048828125
2024-11-01 00:00:00+05:30,3850.2705078125
2024-11-04 00:00:00+05:30,3830.89453125
2024-11-05 00:00:00+05:30,3837.852783203125
2024-11-06 00:00:00+05:30,4000.494873046875
2024-11-07 00:00:00+05:30,4011.36669921875
2024-11-08 00:00:00+05:30,4007.59814453125
2024-11-11 00:00:00+05:30,4057.560302734375
2024-11-12 00:00:00+05:30,4056.303466796875
2024-11-13 00:00:00+05:30,4010.835693359375
2024-11-14 00:00:00+05:30,4006.53466796875
2024-11-18 00:00:00+05:30,3884.384033203125
2024-11-19 00:00:00+05:30,3903.760009765625
2024-11-21 00:00:00+05:30,3935.9404296875
2024-11-22 00:00:00+05:30,4101.91748046875
2024-11-25 00:00:00+05:30,4170.04736328125
2024-11-26 00:00:00+05:30,4206.38427734375
2024-11-27 00:00:00+05:30,4186.91064453125
2024-11-28 00:00:00+05:30,4102.20703125
2024-11-29 00:00:00+05:30,4127.28466796875
2024-12-02 00:00:00+05:30,4132.89013671875
2024-12-03 00:00:00+05:30,4158.1123046875
2024-12-04 00:00:00+05:30,4208.0263671875
2024-12-05 00:00:00+05:30,4313.98974609375
2024-12-06 00:00:00+05:30,4296.0634765625
2024-12-09 00:00:00+05:30,4302.490234375
2024-12-10 00:00:00+05:30,4283.54931640625
2024-12-11 00:00:00+05:30,4278.62109375
2024-12-12 00:00:00+05:30,4305.1962890625
2024-12-13 00:00:00+05:30,4323.50927734375
2024-12-16 00:00:00+05:30,4266.78271484375
2024-12-17 00:00:00+05:30,4182.99658203125
2024-12-18 00:00:00+05:30,4201.69677734375
2024-12-19 00:00:00+05:30,4128.29931640625
2024-12-20 00:00:00+05:30,4030.11474609375
2024-12-23 00:00:00+05:30,4018.51806640625
2024-12-24 00:00:00+05:30,4039.005615234375
2024-12-26 00:00:00+05:30,4028.955322265625
2024-12-27 00:00:00+05:30,4024.848388671875
2024-12-30 00:00:00+05:30,4019.001220703125
2024-12-31 00:00:00+05:30,3957.15283203125
2025-01-01 00:00:00+05:30,3974.20947265625
2025-01-02 00:00:00+05:30,4035.38134765625
2025-01-03 00:00:00+05:30,3962.0810546875
2025-01-06 00:00:00+05:30,3957.345947265625
2025-01-07 00:00:00+05:30,3892.88818359375
2025-01-08 00:00:00+05:30,3970.295654296875
2025-01-09 00:00:00+05:30,3903.083740234375
2025-01-10 00:00:00+05:30,4122.259765625
2025-01-13 00:00:00+05:30,4146.85400390625
2025-01-14 00:00:00+05:30,4090.755126953125
2025-01-15 00:00:00+05:30,4106.7490234375
2025-01-16 00:00:00+05:30,4064.904296875
2025-01-17 00:00:00+05:30,4058.99951171875
2025-01-20 00:00:00+05:30,4013.23583984375
2025-01-21 00:00:00+05:30,3971.949951171875
2025-01-22 00:00:00+05:30,4090.7880859375
2025-01-23 00:00:00+05:30,4079.814697265625
2025-01-24 00:00:00+05:30,4086.60595703125
2025-01-27 00:00:00+05:30,4000.7861328125
2025-01-28 00:00:00+05:30,3976.329833984375
2025-01-29 00:00:00+05:30,4034.88720703125
2025-01-30 00:00:00+05:30,4035.13330078125
2025-01-31 00:00:00+05:30,4047.287841796875
2025-02-01 00:00:00+05:30,4008.659423828125
2025-02-03 00:00:00+05:30,4004.230712890625
2025-02-04 00:00:00+05:30,4042.0224609375
2025-02-05 00:00:00+05:30,4026.325439453125
2025-02-06 00:00:00+05:30,4018.107666015625
2025-02-07 00:00:00+05:30,3965.602294921875
2025-02-10 00:00:00+05:30,3973.03271484375
2025-02-11 00:00:00+05:30,3900.794921875
2025-02-12 00:00:00+05:30,3887.60693359375
2025-02-13 00:00:00+05:30,3848.240234375
2025-02-14 00:00:00+05:30,3872.549072265625
2025-02-17 00:00:00+05:30,3842.679931640625
2025-02-18 00:00:00+05:30,3811.875244140625
2025-02-19 00:00:00+05:30,3724.186279296875
2025-02-20 00:00:00+05:30,3719.560302734375
2025-02-21 00:00:00+05:30,3726.05615234375
2025-02-24 00:00:00+05:30,3617.404052734375
2025-02-25 00:00:00+05:30,3572.0830078125
2025-02-27 00:00:00+05:30,3555.35205078125
2025-02-28 00:00:00+05:30,3428.099365234375
2025-03-03 00:00:00+05:30,3437.744384765625
2025-03-04 00:00:00+05:30,3476.126953125
2025-03-05 00:00:00+05:30,3490.889404296875
2025-03-06 00:00:00+05:30,3544.57568359375
2025-03-07 00:00:00+05:30,3554.023681640625
2025-03-10 00:00:00+05:30,3532.814697265625
2025-03-11 00:00:00+05:30,3518.692138671875
2025-03-12 00:00:00+05:30,3450.68603515625
2025-03-13 00:00:00+05:30,3455.45947265625
2025-03-17 00:00:00+05:30,3442.32080078125
2025-03-18 00:00:00+05:30,3442.32080078125
2025-03-19 00:00:00+05:30,3441.730224609375
2025-03-20 00:00:00+05:30,3506.734130859375
2025-03-21 00:00:00+05:30,3521.447998046875
2025-03-24 00:00:00+05:30,3571.492431640625
2025-03-25 00:00:00+05:30,3599.83642578125
2025-03-26 00:00:00+05:30,3578.23388671875
2025-03-27 00:00:00+05:30,3593.390380859375
2025-03-28 00:00:00+05:30,3549.053466796875
2025-04-01 00:00:00+05:30,3494.580078125
2025-04-02 00:00:00+05:30,3487.83837890625
2025-04-03 00:00:00+05:30,3349.267333984375
2025-04-04 00:00:00+05:30,3247.160400390625
2025-04-07 00:00:00+05:30,3222.2119140625
2025-04-08 00:00:00+05:30,3240.8125
2025-04-09 00:00:00+05:30,3195.196533203125
2025-04-11 00:00:00+05:30,3180.33544921875
2025-04-15 00:00:00+05:30,3196.77099609375
2025-04-16 00:00:00+05:30,3221.965576171875
2025-04-17 00:00:00+05:30,3246.66845703125
2025-04-21 00:00:00+05:30,3269.0087890625
2025-04-22 00:00:00+05:30,3261.9228515625
2025-04-23 00:00:00+05:30,3358.961669921875
2025-04-24 00:00:00+05:30,3347.742431640625
2025-04-25 00:00:00+05:30,3393.407470703125
2025-04-28 00:00:00+05:30,3388.978759765625
2025-04-29 00:00:00+05:30,3417.51953125
2025-04-30 00:00:00+05:30,3399.017333984375
2025-05-02 00:00:00+05:30,3376.6767578125
2025-05-05 00:00:00+05:30,3399.60791015625
2025-05-06 00:00:00+05:30,3405.217529296875
2025-05-07 00:00:00+05:30,3390.553466796875
2025-05-08 00:00:00+05:30,3394.293212890625
2025-05-09 00:00:00+05:30,3385.82958984375
2025-05-12 00:00:00+05:30,3563.077880859375
2025-05-13 00:00:00+05:30,3459.346923828125
2025-05-14 00:00:00+05:30,3492.51318359375
2025-05-15 00:00:00+05:30,3523.218994140625
2025-05-16 00:00:00+05:30,3504.91357421875
2025-05-19 00:00:00+05:30,3463.086669921875
2025-05-20 00:00:00+05:30,3442.9111328125
2025-05-21 00:00:00+05:30,3469.975830078125
2025-05-22 00:00:00+05:30,3421.9482421875
2025-05-23 00:00:00+05:30,3458.953125
2025-05-26 00:00:00+05:30,3481.293701171875
2025-05-27 00:00:00+05:30,3443.304931640625
2025-05-28 00:00:00+05:30,3442.32080078125
2025-05-29 00:00:00+05:30,3442.71435546875
2025-05-30 00:00:00+05:30,3408.563720703125
2025-06-02 00:00:00+05:30,3395.17919921875
2025-06-03 00:00:00+05:30,3351.28515625
2025-06-04 00:00:00+05:30,3356.94482421875
2025-06-05 00:00:00+05:30,3347.214111328125
2025-06-06 00:00:00+05:30,3360.221435546875
2025-06-09 00:00:00+05:30,3397.654296875
2025-06-10 00:00:00+05:30,3438.36376953125
2025-06-11 00:00:00+05:30,3447.300048828125
2025-06-12 00:00:00+05:30,3409.866943359375
2025-06-13 00:00:00+05:30,3421.28564453125
2025-06-16 00:00:00+05:30,3471.527099609375
2025-06-17 00:00:00+05:30,3490.392578125
2025-06-18 00:00:00+05:30,3426.945068359375
2025-06-19 00:00:00+05:30,3399.739501953125
2025-06-20 00:00:00+05:30,3411.3564453125
2025-06-23 00:00:00+05:30,3369.554931640625
2025-06-24 00:00:00+05:30,3366.37744140625
2025-06-25 00:00:00+05:30,3420.39208984375
2025-06-26 00:00:00+05:30,3417.413330078125
2025-06-27 00:00:00+05:30,3416.718505859375
2025-06-30 00:00:00+05:30,3437.47021484375
2025-07-01 00:00:00+05:30,3405.399169921875
2025-07-02 00:00:00+05:30,3399.04443359375
2025-07-03 00:00:00+05:30,3376.703857421875
2025-07-04 00:00:00+05:30,3395.5693359375
2025-07-07 00:00:00+05:30,3387.526611328125
2025-07-08 00:00:00+05:30,3382.0654296875
2025-07-09 00:00:00+05:30,3359.82421875
2025-07-10 00:00:00+05:30,3358.036865234375
2025-07-11 00:00:00+05:30,3242.85888671875
2025-07-14 00:00:00+05:30,3199.865478515625
2025-07-15 00:00:00+05:30,3229.256103515625
2025-07-16 00:00:00+05:30,3221.08642578125
2025-07-17 00:00:00+05:30,3197.275146484375
2025-07-18 00:00:00+05:30,3178.046875
2025-07-21 00:00:00+05:30,3146.464599609375
2025-07-22 00:00:00+05:30,3147.859619140625
2025-07-23 00:00:00+05:30,3167.287109375
2025-07-24 00:00:00+05:30,3136.302734375
2025-07-25 00:00:00+05:30,3124.14794921875
2025-07-28 00:00:00+05:30,3067.85791015625
2025-07-29 00:00:00+05:30,3044.64453125
2025-07-30 00:00:00+05:30,3042.25341796875
2025-07-31 00:00:00+05:30,3025.515869140625
2025-08-01 00:00:00+05:30,2991.84130859375
2025-08-04 00:00:00+05:30,3062.97607421875
2025-08-05 00:00:00+05:30,3052.51513671875
2025-08-06 00:00:00+05:30,3021.032470703125
2025-08-07 00:00:00+05:30,3035.677978515625
2025-08-08 00:00:00+05:30,3025.1171875
2025-08-11 00:00:00+05:30,3029.5009765625
2025-08-12 00:00:00+05:30,3024.120849609375
2025-08-13 00:00:00+05:30,3024.91796875
2025-08-14 00:00:00+05:30,3011.06982421875
2025-08-18 00:00:00+05:30,3000.010986328125
2025-08-19 00:00:00+05:30,3004.992431640625
2025-08-20 00:00:00+05:30,3087.086181640625
2025-08-21 00:00:00+05:30,3091.071533203125
2025-08-22 00:00:00+05:30,3042.65185546875
2025-08-25 00:00:00+05:30,3128.93017578125
2025-08-26 00:00:00+05:30,3145.468505859375
2025-08-28 00:00:00+05:30,3082.204345703125
2025-08-29 00:00:00+05:30,3073.23779296875
2025-09-01 00:00:00+05:30,3101.0341796875
2025-09-02 00:00:00+05:30,3099.938232421875
2025-09-03 00:00:00+05:30,3085.990234375
2025-09-04 00:00:00+05:30,3084.197021484375
2025-09-05 00:00:00+05:30,3036.97314453125
2025-09-08 00:00:00+05:30,3007.781982421875
2025-09-09 00:00:00+05:30,3038.06884765625
2025-09-10 00:00:00+05:30,3098.44384765625
2025-09-11 00:00:00+05:30,3112.591064453125
2025-09-12 00:00:00+05:30,3121.7568359375
2025-09-15 00:00:00+05:30,3100.336669921875
2025-09-16 00:00:00+05:30,3134.01123046875
2025-09-17 00:00:00+05:30,3161.010498046875
2025-09-18 00:00:00+05:30,3164.89599609375
2025-09-19 00:00:00+05:30,3157.423828125
2025-09-22 00:00:00+05:30,3062.37841796875
2025-09-23 00:00:00+05:30,3051.0205078125
2025-09-24 00:00:00+05:30,3024.120849609375
2025-09-25 00:00:00+05:30,2946.41064453125
2025-09-26 00:00:00+05:30,2888.32763671875
2025-09-29 00:00:00+05:30,2885.338623046875
2025-09-30 00:00:00+05:30,2877.667236328125
2025-10-01 00:00:00+05:30,2903.371337890625
2025-10-03 00:00:00+05:30,2891.116943359375
2025-10-06 00:00:00+05:30,2977.295654296875
2025-10-07 00:00:00+05:30,2962.650146484375
2025-10-08 00:00:00+05:30,3015.951416015625
2025-10-09 00:00:00+05:30,3050.3232421875
2025-10-10 00:00:00+05:30,3017.04736328125
2025-10-13 00:00:00+05:30,2996.02587890625
2025-10-14 00:00:00+05:30,2949.300048828125
2025-10-15 00:00:00+05:30,2969.800048828125
2025-10-16 00:00:00+05:30,2970.699951171875
2025-10-17 00:00:00+05:30,2962.199951171875
2025-10-20 00:00:00+05:30,3015.199951171875
2025-10-21 00:00:00+05:30,3006.699951171875
2025-10-23 00:00:00+05:30,3073.199951171875
2025-10-24 00:00:00+05:30,3063.199951171875
2025-10-27 00:00:00+05:30,3084.89990234375
2025-10-28 00:00:00+05:30,3057.89990234375
2025-10-29 00:00:00+05:30,3057.60009765625
2025-10-30 00:00:00+05:30,3035.300048828125
2025-10-31 00:00:00+05:30,3058.0
2025-11-03 00:00:00+05:30,3016.800048828125
2025-11-04 00:00:00+05:30,2990.199951171875
2025-11-05 00:00:00+05:30,2990.199951171875
2025-11-06 00:00:00+05:30,3010.89990234375
2025-11-07 00:00:00+05:30,2991.800048828125
2025-11-10 00:00:00+05:30,3025.199951171875
2025-11-11 00:00:00+05:30,3047.0
2025-11-12 00:00:00+05:30,3131.800048828125
2025-11-13 00:00:00+05:30,3105.699951171875
2025-11-14 00:00:00+05:30,3106.0
2025-11-17 00:00:00+05:30,3102.199951171875
2025-11-18 00:00:00+05:30,3087.10009765625
2025-11-19 00:00:00+05:30,3147.699951171875
2025-11-20 00:00:00+05:30,3144.800048828125
2025-11-21 00:00:00+05:30,3150.60009765625
2025-11-24 00:00:00+05:30,3141.199951171875
2025-11-25 00:00:00+05:30,3119.199951171875
2025-11-26 00:00:00+05:30,3162.89990234375
2025-11-27 00:00:00+05:30,3136.60009765625
2025-11-28 00:00:00+05:30,3137.5
2025-12-01 00:00:00+05:30,3133.39990234375
2025-12-02 00:00:00+05:30,3135.699951171875
2025-12-03 00:00:00+05:30,3180.0
2025-12-04 00:00:00+05:30,3229.199951171875
2025-12-05 00:00:00+05:30,3238.199951171875
2025-12-08 00:00:00+05:30,3236.5
2025-12-09 00:00:00+05:30,3208.300048828125
2025-12-10 00:00:00+05:30,3189.199951171875
2025-12-11 00:00:00+05:30,3191.89990234375
2025-12-12 00:00:00+05:30,3220.5
2025-12-15 00:00:00+05:30,3230.199951171875
2025-12-16 00:00:00+05:30,3205.10009765625
2025-12-17 00:00:00+05:30,3217.800048828125
2025-12-18 00:00:00+05:30,3280.800048828125
2025-12-19 00:00:00+05:30,3282.0
2025-12-22 00:00:00+05:30,3324.89990234375
2025-12-23 00:00:00+05:30,3310.0
2025-12-24 00:00:00+05:30,3319.0
2025-12-25 00:00:00+05:30,3319.0
2025-12-26 00:00:00+05:30,3280.0
2025-12-29 00:00:00+05:30,3251.5
2025-12-30 00:00:00+05:30,3246.800048828125
