Date,Open,High,Low,Close,Volume,Dividends,Stock Splits
2010-01-04 00:00:00+05:30,268.67262762650284,270.132044200654,266.6259031513613,267.5513916015625,1963682,0.0,0.0
2010-01-05 00:00:00+05:30,268.74378567352176,270.36336308312536,265.73598664106476,267.6225280761719,2014488,0.0,0.0
2010-01-06 00:00:00+05:30,267.62256605198064,267.74716231691536,260.91287794911904,261.5713806152344,3349176,0.0,0.0
2010-01-07 00:00:00+05:30,261.8026612531857,263.1908825591734,253.08183841062547,254.29208374023438,6474892,0.0,0.0
2010-01-08 00:00:00+05:30,254.861735482978,255.75161584430123,247.92066866465666,249.09530639648438,6048178,0.0,0.0
2010-01-11 00:00:00+05:30,250.59027729291398,256.3210973873589,249.308858428812,254.2209930419922,4318408,0.0,0.0
2010-01-12 00:00:00+05:30,260.55697117843465,268.38791839964443,258.7772104463415,266.9819030761719,9027690,0.0,0.0
2010-01-13 00:00:00+05:30,265.1842096076791,283.48014900104636,265.0596351121908,280.6859130859375,10910272,0.0,0.0
2010-01-14 00:00:00+05:30,284.21001791083575,284.21001791083575,273.8517966034979,277.58929443359375,10327614,0.0,0.0
2010-01-15 00:00:00+05:30,283.33787145721936,284.6192903263368,274.88400908647947,281.70050048828125,7945008,0.0,0.0
2010-01-18 00:00:00+05:30,284.7617616501861,295.0843755100053,282.27009623574696,285.54486083984375,7261084,0.0,0.0
2010-01-19 00:00:00+05:30,285.54466007893046,285.54466007893046,277.16199595916135,277.8916931152344,5154850,0.0,0.0
2010-01-20 00:00:00+05:30,281.98532174906575,281.98532174906575,274.40354464921666,277.42913818359375,4347054,0.0,0.0
2010-01-21 00:00:00+05:30,274.8839677087483,281.8962273647917,273.33558499784033,274.314453125,5089504,0.0,0.0
2010-01-22 00:00:00+05:30,270.8795279856489,272.30333627992303,265.0775135316,269.7582702636719,7574990,0.0,0.0
2010-01-25 00:00:00+05:30,269.6336011080601,272.4812166973201,263.813795437743,269.1708679199219,3008286,0.0,0.0
2010-01-27 00:00:00+05:30,267.67190741312345,271.1338017723056,264.156491742376,265.28070068359375,4844398,1.0,0.0
2010-01-28 00:00:00+05:30,267.49360568795817,270.5093818498875,259.7132756830286,264.7276611328125,6537196,0.0,0.0
2010-01-29 00:00:00+05:30,261.9616810816139,264.03167365995034,254.16351168640355,262.7468566894531,5473326,0.0,0.0
2010-02-01 00:00:00+05:30,262.08655314167424,272.2402480883241,256.96510456263036,266.2979431152344,3378012,0.0,0.0
2010-02-02 00:00:00+05:30,269.4563529627261,272.1866147888044,262.3184363279519,263.5318908691406,4739188,0.0,0.0
2010-02-03 00:00:00+05:30,265.53056957849634,270.13453574817714,262.4969542002474,268.72479248046875,2977676,0.0,0.0
2010-02-04 00:00:00+05:30,268.72486749850464,269.0639230803063,261.4263394002459,263.63909912109375,2716612,0.0,0.0
2010-02-05 00:00:00+05:30,262.3184750338794,262.3184750338794,255.75158204764398,258.21417236328125,4607118,0.0,0.0
2010-02-08 00:00:00+05:30,260.17710334229736,262.22925470610835,252.7358327624526,258.4461669921875,4170344,0.0,0.0
2010-02-09 00:00:00+05:30,258.7495375558607,264.79892765259933,257.33979433943404,262.3720397949219,3005894,0.0,0.0
2010-02-10 00:00:00+05:30,264.067341926983,265.42354228207677,259.85595197451045,261.35491943359375,2337374,0.0,0.0
2010-02-11 00:00:00+05:30,263.37142479722974,266.9403850308579,262.31857717166855,265.0666809082031,2413156,0.0,0.0
2010-02-15 00:00:00+05:30,267.6719839194066,267.6719839194066,263.58552060826327,266.2979431152344,1956482,0.0,0.0
2010-02-16 00:00:00+05:30,266.6905437675552,273.0076075081849,264.8882232717019,270.5807189941406,1660490,0.0,0.0
2010-02-17 00:00:00+05:30,272.98966293482874,274.078190994683,268.58198581779925,270.7590637207031,2528290,0.0,0.0
2010-02-18 00:00:00+05:30,271.2410543638408,273.7214867834154,269.6350218051075,270.8127746582031,1814806,0.0,0.0
2010-02-19 00:00:00+05:30,269.42079678934294,271.0625096619008,266.17303014743527,267.8682861328125,2215880,0.0,0.0
2010-02-22 00:00:00+05:30,270.1702059534526,272.5614129255322,269.0281346760058,270.2594299316406,2143460,0.0,0.0
2010-02-23 00:00:00+05:30,270.8839878695326,273.0253632677107,268.11804464688583,271.9903564453125,1853052,0.0,0.0
2010-02-24 00:00:00+05:30,269.8132403109727,275.05961322921337,268.4213378976789,273.15020751953125,4076058,0.0,0.0
2010-02-25 00:00:00+05:30,274.738656685364,274.738656685364,271.6871989065049,273.4716796875,2672984,0.0,0.0
2010-02-26 00:00:00+05:30,273.7748447538712,277.86130729353624,266.2978928411818,271.88330078125,3015934,0.0,0.0
2010-03-02 00:00:00+05:30,271.9548379837318,274.4531107736086,269.456565193855,272.38311767578125,4053352,0.0,0.0
2010-03-03 00:00:00+05:30,274.4529629938389,276.23744259717984,272.7220264918775,274.3637390136719,2754742,0.0,0.0
2010-03-04 00:00:00+05:30,274.09616915918184,274.80996126636717,270.1703125696623,272.6329040527344,2053606,0.0,0.0
2010-03-05 00:00:00+05:30,273.02538217405214,273.7213335832924,271.2944456539405,272.1688232421875,1287312,0.0,0.0
2010-03-08 00:00:00+05:30,273.9533672142196,274.80992634728483,271.3480307106848,272.20458984375,3015740,0.0,0.0
2010-03-09 00:00:00+05:30,272.31163580012384,277.8435235522889,272.31163580012384,274.345947265625,3457732,0.0,0.0
2010-03-10 00:00:00+05:30,272.5614277038609,279.96701829500245,271.2409083984392,278.39666748046875,4587874,0.0,0.0
2010-03-11 00:00:00+05:30,278.3966854209116,283.696603424101,275.5058368978631,282.5188293457031,3214030,0.0,0.0
2010-03-12 00:00:00+05:30,285.5167509124639,285.5167509124639,282.66158340333925,284.42822265625,2510976,0.0,0.0
2010-03-15 00:00:00+05:30,284.4282023190204,292.65464875983724,282.3582103795538,291.94085693359375,6054434,0.0,0.0
2010-03-16 00:00:00+05:30,293.1901311931909,296.91969960457243,291.1558191703275,295.8668518066406,3088856,0.0,0.0
2010-03-17 00:00:00+05:30,297.65118201798475,301.8982519614962,296.22359841118384,300.0423889160156,4174794,0.0,0.0
2010-03-18 00:00:00+05:30,301.57708961810323,301.57708961810323,292.8331384989985,294.7425231933594,3724554,0.0,0.0
2010-03-19 00:00:00+05:30,287.39052071039004,297.81188887298356,287.39052071039004,292.9759521484375,4716624,0.0,0.0
2010-03-22 00:00:00+05:30,290.83447445799686,297.57979382466635,287.7116353669841,295.3670349121094,3310110,0.0,0.0
2010-03-23 00:00:00+05:30,296.2236526488734,297.2943405500139,293.40416579592295,295.7418518066406,1694964,0.0,0.0
2010-03-25 00:00:00+05:30,294.1178803286604,298.6504622739812,291.9408242158788,296.1521911621094,5517582,0.0,0.0
2010-03-26 00:00:00+05:30,296.2235786494648,298.36495391681035,293.4754760330656,294.4569396972656,1997806,0.0,0.0
2010-03-29 00:00:00+05:30,294.08214529832355,295.97368872090993,288.56810071734174,289.78155517578125,3443266,0.0,0.0
2010-03-30 00:00:00+05:30,288.5860505442275,291.2627701143874,284.4996094270097,285.5167541503906,3097160,0.0,0.0
2010-03-31 00:00:00+05:30,285.5168305034257,288.10432677986296,277.4152860812499,278.61090087890625,7083046,0.0,0.0
2010-04-01 00:00:00+05:30,280.64505539517086,289.01426780591186,279.12824796532294,288.30047607421875,5781432,0.0,0.0
2010-04-05 00:00:00+05:30,291.58401058160536,291.58401058160536,285.2491070469377,286.7123718261719,3001836,0.0,0.0
2010-04-06 00:00:00+05:30,288.6932133316052,288.6932133316052,282.71520470587035,284.1070861816406,3702366,0.0,0.0
2010-04-07 00:00:00+05:30,281.94788344789714,288.72890849284653,278.78936207445327,284.8208923339844,3024558,0.0,0.0
2010-04-08 00:00:00+05:30,284.08923050354514,288.1935347130813,281.94785439422196,285.3205261230469,4494438,0.0,0.0
2010-04-09 00:00:00+05:30,286.23055599204724,288.336250840431,281.32323660939056,282.5188293457031,3018012,0.0,0.0
2010-04-12 00:00:00+05:30,282.30473123805547,285.516795183874,281.9835161301925,284.83868408203125,2869882,0.0,0.0
2010-04-13 00:00:00+05:30,285.516736578697,294.01085513527363,280.96631358947405,292.9580078125,8404916,0.0,0.0
2010-04-15 00:00:00+05:30,293.36853906261086,297.9725066005981,292.31569140884733,293.261474609375,4290952,0.0,0.0
2010-04-16 00:00:00+05:30,292.2977867248419,295.50985031522475,289.7459719369798,290.9058837890625,3810958,0.0,0.0
2010-04-19 00:00:00+05:30,289.0856039947113,294.43904110572447,285.78431777625315,289.78155517578125,6947704,0.0,0.0
2010-04-20 00:00:00+05:30,294.4391541725627,297.1694168608973,280.87710828340226,281.76934814453125,12016986,0.0,0.0
2010-04-21 00:00:00+05:30,283.73228969695464,285.15987354448646,278.4680742591809,280.163330078125,7107490,0.0,0.0
2010-04-22 00:00:00+05:30,281.6265282803783,283.2504219498966,278.735680385307,280.5023193359375,4751116,0.0,0.0
2010-04-23 00:00:00+05:30,281.2518503372114,282.66159370284925,277.4866024039965,278.4502258300781,4306068,0.0,0.0
2010-04-26 00:00:00+05:30,280.5203424094917,282.30482295917045,278.4503493285064,280.1991271972656,2512548,0.0,0.0
2010-04-27 00:00:00+05:30,280.5024215151561,281.91216510174286,278.7536223647263,280.9842224121094,2621234,0.0,0.0
2010-04-28 00:00:00+05:30,278.3788878416588,279.7886314380105,273.0254476908577,274.9169921875,2400382,0.0,0.0
2010-04-29 00:00:00+05:30,276.6300470984396,276.68359020518096,269.67057594848666,271.1517028808594,4622964,0.0,0.0
2010-04-30 00:00:00+05:30,273.0254457743243,275.80923027655905,272.15104619919066,273.168212890625,3690224,0.0,0.0
2010-05-03 00:00:00+05:30,271.6871085457896,275.30961203968235,269.1352931643927,273.6678771972656,2416560,0.0,0.0
2010-05-04 00:00:00+05:30,276.54083993926196,276.54083993926196,270.0988718906905,271.59783935546875,2896028,0.0,0.0
2010-05-05 00:00:00+05:30,267.6719792559378,274.09610675808034,264.15656264165705,273.2930908203125,4371230,0.0,0.0
2010-05-06 00:00:00+05:30,274.0782464505939,275.13109384932926,270.95540691895496,273.7748718261719,2580872,0.0,0.0
2010-05-07 00:00:00+05:30,270.17019797650437,272.16880631562765,262.3184881277816,264.6026306152344,4267152,0.0,0.0
2010-05-10 00:00:00+05:30,271.2410457998621,300.8634231701102,265.88760410644375,274.89923095703125,2327814,0.0,0.0
2010-05-11 00:00:00+05:30,276.59440023616725,278.02198423738616,269.06390334301864,269.9204406738281,1351288,0.0,0.0
2010-05-12 00:00:00+05:30,270.1702173195501,274.0782320852375,268.06452263244586,271.04461669921875,2740076,0.0,0.0
2010-05-13 00:00:00+05:30,273.0611149921334,275.9519855996499,271.7584576901758,273.23956298828125,1321452,0.0,0.0
2010-05-14 00:00:00+05:30,273.38238652462604,277.3082432501755,269.4565297990766,272.61505126953125,2026996,0.0,0.0
2010-05-17 00:00:00+05:30,276.5766441828446,276.5766441828446,261.99742505201107,266.1552734375,3722050,0.0,0.0
2010-05-18 00:00:00+05:30,266.2444232663267,266.2444232663267,259.21356751780036,262.354248046875,3199180,0.0,0.0
2010-05-19 00:00:00+05:30,260.53407369020164,261.60476166427094,255.64459425197785,257.5004577636719,3929266,0.0,0.0
2010-05-20 00:00:00+05:30,260.17725307516855,261.35500583121274,255.591146970872,260.5341491699219,2398092,0.0,0.0
2010-05-21 00:00:00+05:30,253.39606966551088,259.0707227558054,244.56289681449482,256.5010681152344,2675092,0.0,0.0
2010-05-24 00:00:00+05:30,258.7494358755747,260.5339147436821,254.35962221666833,256.1083984375,2885428,0.0,0.0
2010-05-25 00:00:00+05:30,252.68229383653537,254.82366920803142,246.8113520030443,249.66651916503906,2297366,0.0,0.0
2010-05-26 00:00:00+05:30,252.6823130041603,265.8160785889798,251.29041019382413,263.3891906738281,3689464,0.0,0.0
2010-05-27 00:00:00+05:30,262.3185766224278,267.65417651717115,259.5347920026674,264.7633056640625,6883872,0.0,0.0
2010-05-28 00:00:00+05:30,267.6005320910154,268.92105123140544,262.4969252564017,267.9574279785156,2479374,0.0,0.0
2010-05-31 00:00:00+05:30,267.1365848412507,268.70693553622834,263.3891778394696,265.1914978027344,3327660,0.0,0.0
2010-06-01 00:00:00+05:30,265.19163768100765,268.3680216235962,262.21156401623534,263.8175964355469,3136912,0.0,0.0
2010-06-02 00:00:00+05:30,263.3178686063995,271.0625162854825,262.7825245979357,269.1888122558594,2769330,0.0,0.0
2010-06-03 00:00:00+05:30,271.2409173876076,274.45298088298716,265.9231591097549,273.1860046386719,1684434,0.0,0.0
2010-06-04 00:00:00+05:30,273.1859101714983,274.7027174086962,269.5277280111974,273.15020751953125,1368210,0.0,0.0
2010-06-07 00:00:00+05:30,267.6363163055117,270.4557816060108,262.6754532442748,268.8319091796875,1734922,0.0,0.0
2010-06-08 00:00:00+05:30,269.0995474270086,271.95471503896624,266.60127576654565,267.74334716796875,2242222,0.0,0.0
2010-06-09 00:00:00+05:30,268.3857408617327,270.7234048596731,260.89092628979597,261.62255859375,4867400,0.0,0.0
2010-06-10 00:00:00+05:30,260.5340954337733,268.7427039200429,260.5340954337733,267.8504638671875,1796036,0.0,0.0
2010-06-11 00:00:00+05:30,271.88330105216414,272.4186449194695,268.02882956420524,270.919677734375,3237024,0.0,0.0
2010-06-14 00:00:00+05:30,272.436525803937,280.91280496131424,270.52714110702925,278.7357482910156,3550492,0.0,0.0
2010-06-15 00:00:00+05:30,274.9744809592356,282.62426524630035,274.9744809592356,278.40869140625,2642976,7.0,0.0
2010-06-16 00:00:00+05:30,282.4062436273158,283.4419766882472,278.84482575682995,281.5704040527344,2328816,0.0,0.0
2010-06-17 00:00:00+05:30,282.3699384728143,285.20453573560616,277.53658360178497,281.75213623046875,1528920,0.0,0.0
2010-06-18 00:00:00+05:30,281.7520050403418,286.6943984970001,280.6436080462134,284.6229553222656,2225672,0.0,0.0
2010-06-21 00:00:00+05:30,288.14813095456805,288.54787354433245,285.13180672324614,286.2583923339844,1907428,0.0,0.0
2010-06-22 00:00:00+05:30,285.2772216082867,285.82233731836624,281.02531463350334,282.9695739746094,1468324,0.0,0.0
2010-06-23 00:00:00+05:30,279.82598809150755,286.7126191177136,279.77146766306225,285.74957275390625,2959524,0.0,0.0
2010-06-24 00:00:00+05:30,285.749587627729,286.54909492862527,278.99016318911777,281.07977294921875,3777510,0.0,0.0
2010-06-25 00:00:00+05:30,281.93387870174996,281.93387870174996,274.77468697786156,275.6468811035156,2037322,0.0,0.0
2010-06-28 00:00:00+05:30,275.6286098401057,278.7902846131577,275.319697705602,277.9180908203125,1153124,0.0,0.0
2010-06-29 00:00:00+05:30,278.0088901374457,278.0088901374457,272.1943251149632,273.9386901855469,2614662,0.0,0.0
2010-06-30 00:00:00+05:30,274.3748451771336,276.1555649651767,269.3779523013911,272.92120361328125,3316516,0.0,0.0
2010-07-01 00:00:00+05:30,272.55786833215933,272.55786833215933,263.74516392275285,266.0164794921875,3407744,0.0,0.0
2010-07-02 00:00:00+05:30,267.03390301441965,271.10410310034473,265.5984277910649,270.3045959472656,2943550,0.0,0.0
2010-07-05 00:00:00+05:30,272.1216586008819,272.1580129434255,267.86975317976675,268.56024169921875,2165596,0.0,0.0
2010-07-06 00:00:00+05:30,267.6517121158741,276.8823435105908,267.4154865254587,275.8829650878906,2760904,0.0,0.0
2010-07-07 00:00:00+05:30,276.70069087595704,278.88115330309364,272.1762269034865,277.86358642578125,2152934,0.0,0.0
2010-07-08 00:00:00+05:30,280.5527844501151,283.09665684797886,279.6987790174408,282.2971496582031,2187564,0.0,0.0
2010-07-09 00:00:00+05:30,283.460068727894,284.9137101059858,280.0985230410568,281.4431457519531,1836666,0.0,0.0
2010-07-12 00:00:00+05:30,283.38732299420394,288.547753244049,283.38732299420394,287.7119140625,2725776,0.0,0.0
2010-07-13 00:00:00+05:30,287.82093696860653,287.82093696860653,279.6623718822626,281.5157775878906,5545886,0.0,0.0
2010-07-14 00:00:00+05:30,282.73319313330285,285.1680464049302,279.91676351018833,281.5157775878906,2833842,0.0,0.0
2010-07-15 00:00:00+05:30,280.1894801796108,285.24089472573286,278.0998699188679,284.22332763671875,3795536,0.0,0.0
2010-07-16 00:00:00+05:30,288.9111839846215,304.7195317875536,288.9111839846215,302.9570007324219,19135452,0.0,0.0
2010-07-19 00:00:00+05:30,302.1575652740069,303.338649010519,299.17759571802986,300.4313659667969,3027924,0.0,0.0
2010-07-20 00:00:00+05:30,300.4314153151692,303.284178398088,299.8136131307372,300.63128662109375,2342062,0.0,0.0
2010-07-21 00:00:00+05:30,302.35734541814946,307.00899244996043,301.4851518955837,306.3548583984375,2943720,0.0,0.0
2010-07-22 00:00:00+05:30,306.35486130146165,307.44509212459855,302.5390534204826,306.6092529296875,1362882,0.0,0.0
2010-07-23 00:00:00+05:30,308.89890300340534,308.89890300340534,303.48407806666665,305.0104064941406,1894472,0.0,0.0
2010-07-26 00:00:00+05:30,306.13689910290367,309.48025670265554,305.4100783758605,308.6262512207031,2766490,0.0,0.0
2010-07-27 00:00:00+05:30,310.7160922636765,312.46045887179883,307.51808311864806,308.59014892578125,2106602,0.0,0.0
2010-07-28 00:00:00+05:30,309.2622514082659,311.7879581326624,307.80860980352674,310.5160217285156,4359228,0.0,0.0
2010-07-29 00:00:00+05:30,311.4448807660271,311.4448807660271,309.25930265538835,309.6235656738281,5331904,1.0,0.0
2010-07-30 00:00:00+05:30,309.25924359576004,309.6235065446361,304.15956231149545,305.90802001953125,1283426,0.0,0.0
2010-08-02 00:00:00+05:30,307.0736429615863,309.0588803312164,304.8880654316106,305.3616027832031,2827762,0.0,0.0
2010-08-03 00:00:00+05:30,306.34524193153806,307.62016267679417,301.8101622625564,303.0850830078125,1281552,0.0,0.0
2010-08-04 00:00:00+05:30,304.52388748708324,317.6373563262399,304.4692391404465,316.4717102050781,5583934,0.0,0.0
2010-08-05 00:00:00+05:30,317.6373805908684,321.425725215827,315.3243191092937,319.768310546875,2912950,0.0,0.0
2010-08-06 00:00:00+05:30,320.55146078154223,321.8263813641961,313.5029801677247,314.9782409667969,2437734,0.0,0.0
2010-08-09 00:00:00+05:30,313.6850653866457,321.8991909103817,308.2028899039999,320.49676513671875,4259986,0.0,0.0
2010-08-10 00:00:00+05:30,322.37275652557247,322.37275652557247,313.7761585780302,314.9053649902344,1545194,0.0,0.0
2010-08-11 00:00:00+05:30,313.9947193904948,318.00161256137125,311.37202123207845,312.5923156738281,4020248,0.0,0.0
2010-08-12 00:00:00+05:30,312.13689948648624,312.13689948648624,308.2392818652777,310.88018798828125,2278092,0.0,0.0
2010-08-13 00:00:00+05:30,312.173423883576,314.32258470310296,305.25242615453527,311.2263488769531,2589906,0.0,0.0
2010-08-16 00:00:00+05:30,312.17340655789576,314.1950618620799,309.1864453624637,311.1170349121094,1319098,0.0,0.0
2010-08-17 00:00:00+05:30,309.6599714926222,313.6304471381497,307.4379760564441,309.6964111328125,1733196,0.0,0.0
2010-08-18 00:00:00+05:30,310.7163275949121,319.0215192434937,309.62353863502375,317.3094787597656,2888916,0.0,0.0
2010-08-19 00:00:00+05:30,318.3659265714969,320.8793506744134,315.92535952992733,317.6556091308594,2148534,0.0,0.0
2010-08-20 00:00:00+05:30,316.5445453732585,320.5150209459936,314.3589673844903,316.5263366699219,1746396,0.0,0.0
2010-08-23 00:00:00+05:30,313.26622084263573,318.8940893729488,312.1916404059656,317.0545654296875,1049830,0.0,0.0
2010-08-24 00:00:00+05:30,316.90879930383335,321.2435377506688,315.08748436530556,317.1637878417969,2650474,0.0,0.0
2010-08-25 00:00:00+05:30,317.63729214366435,321.09779016587174,315.56098888377073,317.34588623046875,2379968,0.0,0.0
2010-08-26 00:00:00+05:30,318.36586227460515,320.1871772761761,313.35724602028495,319.2765197753906,4204428,0.0,0.0
2010-08-27 00:00:00+05:30,317.67368597014826,318.0015314936919,309.9877471948818,311.8272705078125,1276514,0.0,0.0
2010-08-30 00:00:00+05:30,314.28612944030067,314.28612944030067,306.01735443365646,308.0390319824219,1558570,0.0,0.0
2010-08-31 00:00:00+05:30,305.9809375,308.78576720698675,302.4111643424034,307.346923828125,2447874,0.0,0.0
2010-09-01 00:00:00+05:30,306.7094578039034,313.63045507026226,305.9809317758656,312.6833801269531,2745484,0.0,0.0
2010-09-02 00:00:00+05:30,315.9981276574083,315.9981276574083,306.5272904019701,307.474365234375,2758800,0.0,0.0
2010-09-03 00:00:00+05:30,309.6235815412715,310.16997609693254,304.196053395231,304.9974365234375,2777970,0.0,0.0
2010-09-06 00:00:00+05:30,305.25234304077895,312.35547035497365,305.25234304077895,311.5722961425781,2287978,0.0,0.0
2010-09-07 00:00:00+05:30,312.53764125434515,318.69369459643366,311.80911528405534,317.4005432128906,2484236,0.0,0.0
2010-09-08 00:00:00+05:30,314.72331962376984,321.60790113368193,312.8655866996883,320.2054748535156,4189478,0.0,0.0
2010-09-09 00:00:00+05:30,321.279903510446,321.4620349750211,317.4004944218588,318.62078857421875,2938158,0.0,0.0
2010-09-13 00:00:00+05:30,317.40050950503274,323.82975940319517,317.1637519295411,320.4603271484375,2349410,0.0,0.0
2010-09-14 00:00:00+05:30,321.64418374176364,327.47239092168235,320.6606693335832,326.142822265625,3071038,0.0,0.0
2010-09-15 00:00:00+05:30,327.83666530269414,334.90337564791315,327.47240234124666,333.2277526855469,5560394,0.0,0.0
2010-09-16 00:00:00+05:30,330.7508381938557,332.73607619566445,314.90539605571394,326.1611328125,2334264,0.0,0.0
2010-09-17 00:00:00+05:30,327.87305771740495,334.6665703237822,327.87305771740495,332.86346435546875,3007978,0.0,0.0
2010-09-20 00:00:00+05:30,334.02910756398376,335.81400481815064,330.27720382308377,332.2988586425781,2419108,0.0,0.0
2010-09-21 00:00:00+05:30,332.2078997066896,348.9639999111937,331.5886480786484,347.4887390136719,4997184,0.0,0.0
2010-09-22 00:00:00+05:30,348.23545989541566,349.69251202886926,338.7646210279671,340.677001953125,4031066,0.0,0.0
2010-09-23 00:00:00+05:30,342.4072624072054,344.33785209973945,337.9632488102436,339.2563781738281,3327236,0.0,0.0
2010-09-24 00:00:00+05:30,339.893803670023,341.6422838936654,336.9432822001132,339.47491455078125,2738784,0.0,0.0
2010-09-27 00:00:00+05:30,340.5858131553005,342.9353133182881,335.85039543228567,337.8902587890625,3423290,0.0,0.0
2010-09-28 00:00:00+05:30,337.0343709254314,338.8738947935582,332.9728292186529,334.9945068359375,2521714,0.0,0.0
2010-09-29 00:00:00+05:30,336.9433132365286,341.4055354929042,333.2642654121677,335.2494812011719,3370194,0.0,0.0
2010-09-30 00:00:00+05:30,336.9432472151291,338.76456206494055,333.3552658541393,337.653564453125,7560924,0.0,0.0
2010-10-01 00:00:00+05:30,337.6717196490681,351.877973226537,335.8504050878542,350.27520751953125,3326156,0.0,0.0
2010-10-04 00:00:00+05:30,352.1512513915384,355.15642110861126,347.14263519641696,348.1625671386719,2140956,0.0,0.0
2010-10-05 00:00:00+05:30,346.0498949315353,351.85989498248256,344.64749109258514,346.1409606933594,2211664,0.0,0.0
2010-10-06 00:00:00+05:30,346.04982533127145,352.57014145959965,346.04982533127145,349.5649719238281,1838960,0.0,0.0
2010-10-07 00:00:00+05:30,349.69251288135797,351.87809108686645,341.8244402346679,345.6127624511719,1972940,0.0,0.0
2010-10-08 00:00:00+05:30,343.88246433588324,347.7618739943772,316.5445319336386,343.3542785644531,2695996,0.0,0.0
2010-10-11 00:00:00+05:30,343.354367383884,347.48876664630393,338.4186071385879,342.7351379394531,3065370,0.0,0.0
2010-10-12 00:00:00+05:30,343.3723760755464,348.16241909657975,342.07922520329646,346.3046875,2608902,0.0,0.0
2010-10-13 00:00:00+05:30,348.21718764468505,363.425166512326,345.72197298178304,361.6584777832031,5350604,0.0,0.0
2010-10-14 00:00:00+05:30,363.1338162081114,365.72007477603677,357.8337714417599,359.1815490722656,2949086,0.0,0.0
2010-10-15 00:00:00+05:30,363.8986667386012,368.2698218946204,344.22846853651464,346.1590576171875,5717798,0.0,0.0
2010-10-18 00:00:00+05:30,353.3351161300757,358.43479821855095,338.764595877289,357.4330749511719,4480734,0.0,0.0
2010-10-19 00:00:00+05:30,357.7062814210435,359.67331059898356,351.18596454680704,352.5155334472656,2200912,0.0,0.0
2010-10-20 00:00:00+05:30,351.3317632053909,357.15997285939426,348.30838389394773,350.8764343261719,2206638,0.0,0.0
2010-10-21 00:00:00+05:30,354.81025062152503,362.02265113399187,353.33499041738156,359.2360534667969,3752354,0.0,0.0
2010-10-22 00:00:00+05:30,372.27674298741107,382.2575569273746,372.27674298741107,378.90631103515625,9610404,0.0,0.0
2010-10-25 00:00:00+05:30,379.9262498835873,390.8359072497685,377.81350702605016,388.65032958984375,5156316,0.0,0.0
2010-10-26 00:00:00+05:30,387.39370252845004,388.9418202865562,379.3981474228634,387.06585693359375,3507024,0.0,0.0
2010-10-27 00:00:00+05:30,386.11872462254513,388.5957304535703,380.1266169182173,381.8204040527344,2141382,0.0,0.0
2010-10-28 00:00:00+05:30,382.4761601171986,388.8689937225801,378.8335300208443,383.53253173828125,5255690,0.0,0.0
2010-10-29 00:00:00+05:30,386.11879021355287,386.11879021355287,375.55516293412546,383.53253173828125,2212398,0.0,0.0
2010-11-01 00:00:00+05:30,383.9522337528771,389.1893469364725,382.8755861044746,384.4449157714844,1147948,1.0,0.0
2010-11-02 00:00:00+05:30,385.0288821431986,386.8536635751569,380.9048582868417,383.00335693359375,1565778,0.0,0.0
2010-11-03 00:00:00+05:30,383.5324654486047,393.78772538308715,382.6200749820081,384.22589111328125,2217878,0.0,0.0
2010-11-04 00:00:00+05:30,387.58342574856334,393.6416888417274,387.40094767617705,390.19287109375,1717440,0.0,0.0
2010-11-08 00:00:00+05:30,394.152663598957,395.02856731701746,387.6199392459116,389.82794189453125,2248586,0.0,0.0
2010-11-09 00:00:00+05:30,391.9265360252595,400.97742453154564,389.9557633137028,398.2037658691406,3504086,0.0,0.0
2010-11-10 00:00:00+05:30,398.6233359357416,404.3713950256825,396.3788468096076,398.6416015625,1540224,0.0,0.0
2010-11-11 00:00:00+05:30,397.80211585484415,397.80211585484415,386.21476064531083,388.58697509765625,1926096,0.0,0.0
2010-11-12 00:00:00+05:30,386.85367273943046,390.46674897036456,382.54717063785995,385.35736083984375,1802330,0.0,0.0
2010-11-15 00:00:00+05:30,388.6784092257215,394.0980006696492,384.29893419219223,389.0433654785156,1389396,0.0,0.0
2010-11-16 00:00:00+05:30,389.04332413664844,389.18931553231704,380.35734842303845,382.8025817871094,2178076,0.0,0.0
2010-11-18 00:00:00+05:30,391.23308990288456,391.23308990288456,379.55449020429097,380.5763854980469,2765160,0.0,0.0
2010-11-19 00:00:00+05:30,381.34280890169777,382.8391206730048,367.1460013317854,370.57659912109375,2172652,0.0,0.0
2010-11-22 00:00:00+05:30,370.79556294198505,380.6493820359158,369.1532597596633,379.2260437011719,2221236,0.0,0.0
2010-11-23 00:00:00+05:30,377.36465465853377,381.37917226128417,369.48161082137705,375.923095703125,1684448,0.0,0.0
2010-11-24 00:00:00+05:30,374.0800905476817,377.5471743137334,364.5729863600137,366.6897277832031,3008608,0.0,0.0
2010-11-25 00:00:00+05:30,368.6239962017922,380.24786424825913,367.54737098349375,372.9122314453125,5855006,0.0,0.0
2010-11-26 00:00:00+05:30,374.0801627495375,384.66389418342686,374.0801627495375,382.200439453125,3617826,0.0,0.0
2010-11-29 00:00:00+05:30,385.02879613814355,393.60526695259506,383.29525416500974,390.97760009765625,4518892,0.0,0.0
2010-11-30 00:00:00+05:30,387.03617030714526,396.36082193335744,384.3354846782927,392.6929931640625,4808408,0.0,0.0
2010-12-01 00:00:00+05:30,388.3135253880632,398.9702321368509,388.3135253880632,394.84625244140625,3776032,0.0,0.0
2010-12-02 00:00:00+05:30,398.1672292190285,401.15985235178454,392.3461954295837,399.9190368652344,4095716,0.0,0.0
2010-12-03 00:00:00+05:30,398.9153952341542,406.19625365885565,398.2219695388689,400.48468017578125,2030112,0.0,0.0
2010-12-06 00:00:00+05:30,401.4519187876158,405.10148168568503,399.7366420456546,402.07232666015625,1930954,0.0,0.0
2010-12-07 00:00:00+05:30,401.45193797144395,401.45193797144395,394.91921116166077,396.8899841308594,2158324,0.0,0.0
2010-12-08 00:00:00+05:30,398.1490786867888,398.87899132532755,390.95945701731495,393.8426208496094,1984132,0.0,0.0
2010-12-09 00:00:00+05:30,395.5030622673756,400.4665028067663,389.8097537931408,391.4520568847656,2579902,0.0,0.0
2010-12-10 00:00:00+05:30,389.40824958057846,395.557752390696,385.7586877288392,392.2914123535156,2245624,0.0,0.0
2010-12-13 00:00:00+05:30,390.86807197645123,394.40812913127525,382.6200711510635,392.7293395996094,2115066,0.0,0.0
2010-12-14 00:00:00+05:30,391.67113057025887,397.6564235220725,388.36830238717897,394.4995422363281,2615340,0.0,0.0
2010-12-15 00:00:00+05:30,396.0140699532274,404.5175695146869,394.7002361908135,402.7840270996094,2572034,0.0,0.0
2010-12-16 00:00:00+05:30,404.73647731730813,417.5099459431925,402.9664484320716,416.3055725097656,4515704,0.0,0.0
2010-12-20 00:00:00+05:30,414.15251342416025,429.5536546756583,406.87160699066095,425.7945861816406,4514046,0.0,0.0
2010-12-21 00:00:00+05:30,426.63388953247113,427.8199974375015,421.1595453554078,423.6412658691406,2810642,0.0,0.0
2010-12-22 00:00:00+05:30,425.90383104895426,426.63374335580767,415.2288635612234,419.60833740234375,3186836,0.0,0.0
2010-12-23 00:00:00+05:30,419.699672230503,423.1850221113285,413.1669466831117,416.05010986328125,2850924,0.0,0.0
2010-12-24 00:00:00+05:30,413.8604487899998,419.2618199100366,410.84955928160696,416.4516296386719,1624640,0.0,0.0
2010-12-27 00:00:00+05:30,417.87491924019463,423.1485193965021,415.3931988429177,416.4880676269531,1664936,0.0,0.0
2010-12-28 00:00:00+05:30,416.48798988818754,420.02809169265953,416.06832590623213,418.3675231933594,1012876,0.0,0.0
2010-12-29 00:00:00+05:30,419.33463921861494,424.0790694273547,418.62299250742944,422.23602294921875,1042370,0.0,0.0
2010-12-30 00:00:00+05:30,420.61194944482105,428.75048915008125,420.61194944482105,427.0716552734375,3845552,0.0,0.0
2010-12-31 00:00:00+05:30,427.91119624505376,430.6483680760456,424.0061822529679,425.4112548828125,1532980,0.0,0.0
2011-01-03 00:00:00+05:30,425.903944381983,429.535241254742,421.3602568828702,422.6376037597656,1405042,0.0,0.0
2011-01-04 00:00:00+05:30,424.7727059932398,425.59385778328806,415.35681431388576,417.7837829589844,2502868,0.0,0.0
2011-01-05 00:00:00+05:30,417.9660304345806,425.50238383577937,416.68868391065917,422.9659118652344,3069674,0.0,0.0
2011-01-06 00:00:00+05:30,426.2688509929504,431.37823790553716,420.83099458306225,427.6191711425781,2846720,0.0,0.0
2011-01-07 00:00:00+05:30,429.1886493467452,433.1484166657704,415.3750609967998,417.0173645019531,2532724,0.0,0.0
2011-01-10 00:00:00+05:30,418.78726833329506,419.3347026709856,409.11592836742807,412.72900390625,3952426,0.0,0.0
2011-01-11 00:00:00+05:30,409.84575299213947,414.4259704561208,396.99931444064913,400.9043273925781,3768730,0.0,0.0
2011-01-12 00:00:00+05:30,405.0647592910634,420.28340990133063,404.37133383381496,414.57183837890625,3160874,0.0,0.0
2011-01-13 00:00:00+05:30,412.01737018381857,421.87118964093065,407.3641776624046,410.3020935058594,5589198,0.0,0.0
2011-01-14 00:00:00+05:30,412.3640482979678,419.6996595239307,408.75097275374117,408.80572509765625,3151692,0.0,0.0
2011-01-17 00:00:00+05:30,409.18881887472145,418.4404929471989,408.7508893134388,415.10113525390625,3000212,0.0,0.0
2011-01-18 00:00:00+05:30,428.4586248602975,441.1956065196161,424.9367882416284,438.8781433105469,8481370,0.0,0.0
2011-01-19 00:00:00+05:30,439.20650504360225,441.2320296998196,432.4730812194261,435.3927307128906,2952040,0.0,0.0
2011-01-20 00:00:00+05:30,430.64812218954796,444.79016857500983,430.64812218954796,442.3996887207031,4545208,0.0,0.0
2011-01-21 00:00:00+05:30,441.5971234969907,445.24668650109805,439.4073856945263,442.1993103027344,2597404,0.0,0.0
2011-01-24 00:00:00+05:30,437.9475045140376,445.24662958927155,437.30883106995464,441.3050842285156,2016678,0.0,0.0
2011-01-25 00:00:00+05:30,443.34880748001024,444.99111037223076,430.6483139600448,433.7687072753906,2467094,0.0,0.0
2011-01-27 00:00:00+05:30,434.1342665831774,442.3230289727162,431.9590903153121,438.4662780761719,4714118,1.0,0.0
2011-01-28 00:00:00+05:30,436.8577024214324,440.0016066685898,425.98195627328374,431.8676452636719,3014578,0.0,0.0
2011-01-31 00:00:00+05:30,427.3528713737906,427.3528713737906,412.56552938899125,423.87994384765625,5940816,0.0,0.0
2011-02-01 00:00:00+05:30,425.8908562847769,425.8908562847769,414.19256667008773,420.4621276855469,4212708,0.0,0.0
2011-02-02 00:00:00+05:30,427.71840025891356,438.28341924167114,424.9217710244482,432.2697448730469,3937618,0.0,0.0
2011-02-03 00:00:00+05:30,433.09250017884415,437.11378632581733,427.95624783000966,432.7269287109375,1883412,0.0,0.0
2011-02-04 00:00:00+05:30,429.91200035703014,432.5075485769591,416.84282177474796,419.9684753417969,3457600,0.0,0.0
2011-02-07 00:00:00+05:30,428.99808537712835,428.99808537712835,411.8162276756158,413.5161437988281,2578382,0.0,0.0
2011-02-08 00:00:00+05:30,413.8268339651674,420.37057109517684,408.8916199558655,411.30438232421875,5288638,0.0,0.0
2011-02-09 00:00:00+05:30,410.35376520710605,412.9493123915764,396.1695815751768,401.5069580078125,6012732,0.0,0.0
2011-02-10 00:00:00+05:30,402.12851399105404,407.42929894820884,391.8925154531,398.7469787597656,4551822,0.0,0.0
2011-02-11 00:00:00+05:30,396.31583491342144,403.66380907214676,386.00674216839224,398.32647705078125,2945056,0.0,0.0
2011-02-14 00:00:00+05:30,398.83849257712006,409.44006570703436,397.37620662816636,406.62518310546875,2462548,0.0,0.0
2011-02-15 00:00:00+05:30,409.0744086256352,409.0744086256352,393.5559200896014,401.2877197265625,3625426,0.0,0.0
2011-02-16 00:00:00+05:30,403.9563556050145,405.67452315878114,395.1826429040911,400.8489990234375,2464592,0.0,0.0
2011-02-17 00:00:00+05:30,403.95631749111817,407.4109486909928,399.35012768281655,405.49169921875,1477760,0.0,0.0
2011-02-18 00:00:00+05:30,405.8755453508539,413.97295876097985,395.5847040892484,398.363037109375,4076928,0.0,0.0
2011-02-21 00:00:00+05:30,398.47286133311803,419.6760044132289,386.847671932131,416.2396240234375,5657800,0.0,0.0
2011-02-22 00:00:00+05:30,410.40868278054194,419.5662182732157,409.4399097832053,416.29437255859375,3305400,0.0,0.0
2011-02-23 00:00:00+05:30,412.4194710565558,418.56104510017155,410.57331724595167,411.468994140625,1879344,0.0,0.0
2011-02-24 00:00:00+05:30,409.07429528497676,416.2943286467983,398.94798786311526,406.44219970703125,5378830,0.0,0.0
2011-02-25 00:00:00+05:30,404.0659959549244,408.34316252874294,397.832987127936,405.8024597167969,3070474,0.0,0.0
2011-02-28 00:00:00+05:30,402.56720189772676,419.7673538644366,402.1285340743568,405.8756408691406,3229396,0.0,0.0
2011-03-01 00:00:00+05:30,406.88076981696724,413.8266230303746,401.25096407681104,411.0848388671875,3167804,0.0,0.0
2011-03-03 00:00:00+05:30,409.4034671993651,422.23501590034346,404.68758666812136,420.4802551269531,3452600,0.0,0.0
2011-03-04 00:00:00+05:30,425.2874922439666,425.2874922439666,414.00962313486826,415.1246337890625,2061198,0.0,0.0
2011-03-07 00:00:00+05:30,410.90212643014746,411.267697717007,400.09947705328693,405.1443786621094,4184588,0.0,0.0
2011-03-08 00:00:00+05:30,404.01128731541587,412.6570608280503,404.01128731541587,408.59918212890625,3947902,0.0,0.0
2011-03-09 00:00:00+05:30,410.37210538775463,416.02016446285705,408.8915236833968,411.8891906738281,2424486,0.0,0.0
2011-03-10 00:00:00+05:30,410.17116001313474,410.17116001313474,402.12858824817135,405.2542419433594,1871324,0.0,0.0
2011-03-11 00:00:00+05:30,402.1285857479729,403.0059661328707,388.7121316918222,393.7387390136719,5012882,0.0,0.0
2011-03-14 00:00:00+05:30,391.5270609200401,402.8597769690796,386.9208691284189,401.2330017089844,3248618,0.0,0.0
2011-03-15 00:00:00+05:30,392.98939532409565,400.4653152733444,389.57131043868856,398.3998718261719,3411868,0.0,0.0
2011-03-16 00:00:00+05:30,399.20392383495584,410.70112521978206,398.8931971050381,407.5572204589844,2677874,0.0,0.0
2011-03-17 00:00:00+05:30,403.9563075831679,409.037757843458,399.44151071761354,401.3973083496094,2056102,0.0,0.0
2011-03-18 00:00:00+05:30,399.7521873303248,405.41854206614556,393.3912382501944,395.8222961425781,2211348,0.0,0.0
2011-03-21 00:00:00+05:30,399.0210739285732,399.0210739285732,389.8817914290639,391.4537658691406,2619090,0.0,0.0
2011-03-22 00:00:00+05:30,393.02576738846057,394.81707601025596,388.6023627767612,390.97857666015625,2657774,0.0,0.0
2011-03-23 00:00:00+05:30,391.52697552113705,391.52697552113705,386.50036869255104,389.0959167480469,4352248,0.0,0.0
2011-03-24 00:00:00+05:30,391.5270410465045,400.501838408991,391.1614695796077,399.7158508300781,3094834,0.0,0.0
2011-03-25 00:00:00+05:30,408.2883635453784,412.54727880459734,403.499387665551,409.3119812011719,4146434,0.0,0.0
2011-03-28 00:00:00+05:30,410.84737039191924,411.8892398590188,405.0530731710082,409.40338134765625,2248642,0.0,0.0
2011-03-29 00:00:00+05:30,409.4400459679918,421.101784773772,409.12931914390435,416.2762145996094,3159588,0.0,0.0
2011-03-30 00:00:00+05:30,419.6760362174616,425.52517957937744,418.5427736161749,421.1200256347656,2294770,0.0,0.0
2011-03-31 00:00:00+05:30,421.13819186021277,437.9544738268532,421.13819186021277,432.7999267578125,7394126,0.0,0.0
2011-04-01 00:00:00+05:30,433.2020894332716,438.22869595623155,428.65074355901135,431.4290771484375,1799624,0.0,0.0
2011-04-04 00:00:00+05:30,433.2020150054324,444.53472594650276,432.8364436847527,443.5111083984375,2311616,0.0,0.0
2011-04-05 00:00:00+05:30,444.187638378422,454.7526183015273,440.05666286233793,453.2537841796875,2891014,0.0,0.0
2011-04-06 00:00:00+05:30,452.942835456089,455.8491094072807,443.85839768134394,446.67327880859375,2422352,0.0,0.0
2011-04-07 00:00:00+05:30,445.99709115961303,445.99709115961303,436.91265113771505,438.3931884765625,2149016,0.0,0.0
2011-04-08 00:00:00+05:30,437.5525950959083,443.8038596469024,433.11089185886954,437.22357177734375,1983768,0.0,0.0
2011-04-11 00:00:00+05:30,431.4291787827512,436.85790618134257,429.656166080238,430.7894287109375,2256232,0.0,0.0
2011-04-13 00:00:00+05:30,429.5463235711715,446.5088426355742,429.29044148388795,442.37786865234375,3757530,0.0,0.0
2011-04-15 00:00:00+05:30,444.8637246601731,445.9604385620592,431.37413474189265,435.5416564941406,7566770,0.0,0.0
2011-04-18 00:00:00+05:30,437.9544716438209,443.2552561503613,416.76963003508655,418.4329528808594,7765454,0.0,0.0
2011-04-19 00:00:00+05:30,418.4329694187821,427.4991569901831,416.75135008911855,425.78094482421875,3120224,0.0,0.0
2011-04-20 00:00:00+05:30,431.30109963537325,447.45933556966986,431.20970679722586,445.52178955078125,5338548,0.0,0.0
2011-04-21 00:00:00+05:30,453.6741828502932,455.4289437122925,428.0293359502304,435.7977294921875,17333968,0.0,0.0
2011-04-25 00:00:00+05:30,437.58890096666727,440.147900387525,428.68724762062254,437.8996276855469,4191552,0.0,0.0
2011-04-26 00:00:00+05:30,438.68577602633513,439.416918986379,431.50228751881895,434.66448974609375,3155246,0.0,0.0
2011-04-27 00:00:00+05:30,436.8394146627179,436.8394146627179,429.9301526731848,431.5934753417969,1774478,0.0,0.0
2011-04-28 00:00:00+05:30,431.4290282387191,432.6536833094861,422.4542339413672,423.5692443847656,2846194,0.0,0.0
2011-04-29 00:00:00+05:30,428.4496345954369,428.4496345954369,420.4984575029021,426.1282653808594,1866696,0.0,0.0
2011-05-02 00:00:00+05:30,427.7184605051495,430.46024550838763,421.3209621642605,423.49609375,1543070,0.0,0.0
2011-05-03 00:00:00+05:30,424.7939779644017,424.7939779644017,413.4612642665562,416.18475341796875,2120156,0.0,0.0
2011-05-04 00:00:00+05:30,418.9447582609622,418.9447582609622,407.66689127648823,415.67291259765625,2722934,0.0,0.0
2011-05-05 00:00:00+05:30,418.5791071733552,418.5791071733552,405.08951828784143,407.6119689941406,1885596,0.0,0.0
2011-05-06 00:00:00+05:30,409.4398906610337,421.68653024776995,409.34849782829684,420.0231628417969,2405348,0.0,0.0
2011-05-09 00:00:00+05:30,420.4071228301091,421.1199692316979,411.08505184561534,415.1246337890625,1012232,0.0,0.0
2011-05-10 00:00:00+05:30,414.1924528550413,424.04458558249274,412.3645956050191,416.71490478515625,1529158,0.0,0.0
2011-05-11 00:00:00+05:30,416.3859311408888,421.02867125866317,411.6700499491508,416.8428955078125,1460670,0.0,0.0
2011-05-12 00:00:00+05:30,414.5214890617989,414.5214890617989,405.18112037161484,406.424072265625,2540458,0.0,0.0
2011-05-13 00:00:00+05:30,406.5153730509337,417.5922036739793,406.5153730509337,412.0354919433594,2365488,0.0,0.0
2011-05-16 00:00:00+05:30,409.8055707545383,419.45666537803396,409.43999932656817,413.4978332519531,2227368,0.0,0.0
2011-05-17 00:00:00+05:30,410.189361230108,420.11458792696857,410.189361230108,417.372802734375,1391414,0.0,0.0
2011-05-18 00:00:00+05:30,417.57384305080126,424.61109100766527,417.57384305080126,422.253173828125,2225180,0.0,0.0
2011-05-19 00:00:00+05:30,425.8906295405656,427.71848631970965,422.6004873381063,425.8357849121094,2050922,0.0,0.0
2011-05-20 00:00:00+05:30,429.08960538823555,432.61737975911257,425.2511041259766,429.54656982421875,2050600,0.0,0.0
2011-05-23 00:00:00+05:30,425.5250201488472,427.9012337493347,420.4070216247202,426.4572448730469,2017284,0.0,0.0
2011-05-24 00:00:00+05:30,425.0314561673834,428.74201357180755,416.44053111668535,420.37042236328125,1681994,0.0,0.0
2011-05-25 00:00:00+05:30,420.0779825926223,420.3704574902246,409.4398664170459,412.5837707519531,1867470,0.0,0.0
2011-05-26 00:00:00+05:30,416.38576924556844,417.8480546511718,409.43991356895225,415.1976623535156,2060218,0.0,0.0
2011-05-27 00:00:00+05:30,419.87698875822446,420.37050115195854,415.3987397541552,418.4147033691406,1286704,0.0,0.0
2011-05-30 00:00:00+05:30,420.7727505978208,424.04459731572354,417.59229674494804,421.1200256347656,1140868,0.0,0.0
2011-05-31 00:00:00+05:30,422.23506950301464,430.5335244474057,420.4437602830682,423.02105712890625,2644154,0.0,0.0
2011-06-01 00:00:00+05:30,422.9661944741843,430.2776239378694,422.9661944741843,429.6927185058594,982386,0.0,0.0
2011-06-02 00:00:00+05:30,423.6606073173593,428.449582635042,422.8380718558159,426.8959045410156,1697654,0.0,0.0
2011-06-03 00:00:00+05:30,426.25616345957934,429.5463053730752,420.4070222800311,421.1747131347656,1367808,0.0,0.0
2011-06-06 00:00:00+05:30,416.7513313354347,426.9873289471822,416.7513313354347,425.6529846191406,1357074,0.0,0.0
2011-06-07 00:00:00+05:30,425.1595760031285,432.5258492931848,423.3317188406043,431.118408203125,1837442,0.0,0.0
2011-06-08 00:00:00+05:30,431.33916724853407,436.1608520701891,428.2473851338945,434.8358154296875,2127670,4.0,0.0
2011-06-09 00:00:00+05:30,432.48005894174446,439.3997578568893,432.48005894174446,436.6576232910156,2693966,0.0,0.0
2011-06-10 00:00:00+05:30,436.7315334457736,440.76186404259283,436.19780736207855,437.7068786621094,3774550,0.0,0.0
2011-06-13 00:00:00+05:30,437.70662648311776,438.18513305071485,431.57832772311986,432.59051513671875,3229400,0.0,0.0
2011-06-14 00:00:00+05:30,433.58432644104045,439.8046878182972,433.58432644104045,438.38763427734375,2125782,0.0,0.0
2011-06-15 00:00:00+05:30,436.52891553734236,443.5222118233537,434.7805914658395,435.8847961425781,2812382,0.0,0.0
2011-06-16 00:00:00+05:30,435.4246844798229,436.49209125537396,422.6343144158551,423.70172119140625,2337520,0.0,0.0
2011-06-17 00:00:00+05:30,425.118676709111,425.8548129458367,406.3472026726048,408.2611389160156,3788146,0.0,0.0
2011-06-20 00:00:00+05:30,410.3961422906203,411.8684154468198,389.4162498147769,393.575439453125,5310408,0.0,0.0
2011-06-21 00:00:00+05:30,395.67336088274897,408.8133791744009,391.3301376470236,407.3595275878906,3425946,0.0,0.0
2011-06-22 00:00:00+05:30,410.7642531031884,411.09552358366966,397.51379332566626,398.8020324707031,3570834,0.0,0.0
2011-06-23 00:00:00+05:30,398.176344827422,405.24323892376043,393.8699183275952,403.7709655761719,2428236,0.0,0.0
2011-06-24 00:00:00+05:30,404.8750473153222,419.87382747723075,404.5069790904901,418.7696228027344,4151588,0.0,0.0
2011-06-27 00:00:00+05:30,412.97261518091733,425.00843011116467,412.97261518091733,423.4993591308594,3125218,0.0,0.0
2011-06-28 00:00:00+05:30,426.95908042339147,427.695216768949,417.9966294022674,424.75067138671875,2133332,0.0,0.0
2011-06-29 00:00:00+05:30,425.0084426193477,433.9157223239134,425.0084426193477,430.5846862792969,2958704,0.0,0.0
2011-06-30 00:00:00+05:30,430.56630759726215,438.7374057387687,429.5356984036435,435.866455078125,5172916,0.0,0.0
2011-07-01 00:00:00+05:30,440.94564619478916,440.94564619478916,434.2099810396024,438.700439453125,1920840,0.0,0.0
2011-07-04 00:00:00+05:30,439.10549574838666,441.68197392964294,434.3206076974822,436.4185791015625,1603734,0.0,0.0
2011-07-05 00:00:00+05:30,437.92749163864954,438.3691554352729,431.89116514703704,434.1179504394531,2061136,0.0,0.0
2011-07-06 00:00:00+05:30,433.67622437715556,439.0684308485528,431.2653604303979,435.3509521484375,1490178,0.0,0.0
2011-07-07 00:00:00+05:30,435.4615899415885,441.68195310046235,435.4615899415885,440.1728820800781,2602634,0.0,0.0
2011-07-08 00:00:00+05:30,440.2094899051974,443.5221031235476,430.36366728399,431.2470397949219,3412060,0.0,0.0
2011-07-11 00:00:00+05:30,430.63986810095366,433.5108185270432,422.027061752893,425.7261657714844,1822504,0.0,0.0
2011-07-12 00:00:00+05:30,418.0150577544657,422.836787360702,409.32865678440294,421.5669250488281,4079404,0.0,0.0
2011-07-13 00:00:00+05:30,423.2783882385012,429.9036151848429,416.28509312847376,422.9287414550781,3952600,0.0,0.0
2011-07-14 00:00:00+05:30,423.2784793625446,426.4438572656495,411.9051616701534,413.5982666015625,6937844,0.0,0.0
2011-07-15 00:00:00+05:30,429.90369520310185,433.5475796878676,420.0026507710307,421.8246154785156,7279700,0.0,0.0
2011-07-18 00:00:00+05:30,422.5423634582229,424.01463650163134,413.0830271264067,414.09521484375,3125208,0.0,0.0
2011-07-19 00:00:00+05:30,412.82535504056,422.5975854011117,412.3284718712558,419.6162414550781,2195292,0.0,0.0
2011-07-20 00:00:00+05:30,423.2784320520684,423.9409727873605,414.0767270074582,416.8188171386719,2807746,0.0,0.0
2011-07-21 00:00:00+05:30,416.6533375090937,416.83737166877086,412.25493906489544,413.17510986328125,1850624,0.0,0.0
2011-07-22 00:00:00+05:30,414.72085548465003,420.0762659105151,414.6288384321795,417.16851806640625,2090442,0.0,0.0
2011-07-25 00:00:00+05:30,417.75755239765516,421.07016735058806,413.3959516956699,419.56109619140625,4740714,0.0,0.0
2011-07-26 00:00:00+05:30,419.5240522259869,423.996043844728,414.9047794461496,421.3091735839844,3968722,0.0,0.0
2011-07-27 00:00:00+05:30,422.8920491949445,424.99006543272,418.91693857057976,422.22955322265625,2024290,0.0,0.0
2011-07-28 00:00:00+05:30,420.6979016291963,422.5061735493085,413.42796468164767,416.8415222167969,4093814,1.5,0.0
2011-07-29 00:00:00+05:30,418.11468725950965,421.4359866287379,413.92616873125075,419.5908203125,1719138,0.0,0.0
2011-08-01 00:00:00+05:30,421.58357342616614,424.3513226673463,415.19928049064305,418.9449768066406,1982346,0.0,0.0
2011-08-02 00:00:00+05:30,417.19201150148155,418.48362763616103,414.14748775545127,417.24737548828125,2025292,0.0,0.0
2011-08-03 00:00:00+05:30,413.3171606335849,415.4206317354683,404.2204837582555,409.7559814453125,3064246,0.0,0.0
2011-08-04 00:00:00+05:30,409.64535875756894,413.13270479402104,402.6521519557916,404.4050598144531,3049294,0.0,0.0
2011-08-05 00:00:00+05:30,396.02812635893395,396.34179567924497,379.3662625309719,390.4187927246094,5269388,0.0,0.0
2011-08-08 00:00:00+05:30,373.16657985904413,381.3406561825492,367.7786786862395,371.0077209472656,6549306,0.0,0.0
2011-08-09 00:00:00+05:30,356.11717665205333,363.57165469920875,349.7329043111756,356.0433654785156,8159270,0.0,0.0
2011-08-10 00:00:00+05:30,368.6643001549061,373.4617334902552,359.3646556461971,363.1472473144531,5949080,0.0,0.0
2011-08-11 00:00:00+05:30,361.6526762327405,362.9073986088653,355.3791094001317,361.04376220703125,2900464,0.0,0.0
2011-08-12 00:00:00+05:30,365.54593930432094,366.0441477853008,345.96872678921,349.5299072265625,4169084,0.0,0.0
2011-08-16 00:00:00+05:30,356.8551912984528,361.04371012880694,352.81427226964144,359.2908020019531,2983568,0.0,0.0
2011-08-17 00:00:00+05:30,359.62285504068336,372.5021227890412,357.96220563310715,368.9963073730469,4557892,0.0,0.0
2011-08-18 00:00:00+05:30,371.2105452659494,372.4652447680229,353.5338440536655,355.1391296386719,3619896,0.0,0.0
2011-08-19 00:00:00+05:30,347.99835876240326,349.45604462151067,333.9750951007157,342.8134460449219,5443614,0.0,0.0
2011-08-22 00:00:00+05:30,342.83199651679763,343.20102988226245,332.86809564924806,338.79107666015625,3528922,0.0,0.0
2011-08-23 00:00:00+05:30,339.82435714905046,364.6049560349134,339.63984047089514,362.2431335449219,4874670,0.0,0.0
2011-08-24 00:00:00+05:30,360.91459814378555,360.91459814378555,352.42683152077217,355.2314758300781,3194790,0.0,0.0
2011-08-25 00:00:00+05:30,357.8515860435675,359.06939139653497,346.1532262383862,350.729248046875,4445488,0.0,0.0
2011-08-26 00:00:00+05:30,350.98759890395615,357.7778213355016,346.89133786010467,350.0096740722656,3584910,0.0,0.0
2011-08-29 00:00:00+05:30,355.78497966692794,377.8900823615458,355.78497966692794,376.2663269042969,5590444,0.0,0.0
2011-08-30 00:00:00+05:30,380.10424604193696,387.595639007402,377.945410547319,384.6802673339844,5966682,0.0,0.0
2011-09-02 00:00:00+05:30,395.9727066372405,396.6185148726694,373.46167671657724,377.18890380859375,4413506,0.0,0.0
2011-09-05 00:00:00+05:30,374.8640407026708,381.28520693488053,368.4613216315983,379.2555236816406,3789658,0.0,0.0
2011-09-06 00:00:00+05:30,375.67578974673154,384.5325863615857,370.87835824701887,381.5434265136719,4763292,0.0,0.0
2011-09-07 00:00:00+05:30,381.61732184309534,387.4849602507805,378.25912786385715,380.47332763671875,4432156,0.0,0.0
2011-09-08 00:00:00+05:30,381.21143592171944,389.31169962418033,379.7353025783633,382.3370056152344,4892662,0.0,0.0
2011-09-09 00:00:00+05:30,383.79462007574597,388.0753972131429,372.96350206686395,374.9562683105469,5062650,0.0,0.0
2011-09-12 00:00:00+05:30,369.03318196012077,370.45395070106804,361.15433253487134,363.7560119628906,3297170,0.0,0.0
2011-09-13 00:00:00+05:30,368.22135621527644,377.8900314465409,364.8816099538743,366.7267761230469,3798204,0.0,0.0
2011-09-14 00:00:00+05:30,369.402382199019,379.7353159668237,366.72689041985524,374.6057434082031,4745632,0.0,0.0
2011-09-15 00:00:00+05:30,379.3663424113571,385.9351550754323,372.7237410850882,384.4405517578125,3852238,0.0,0.0
2011-09-16 00:00:00+05:30,386.74691139245317,395.75133322455156,376.893717446642,379.27398681640625,4656504,0.0,0.0
2011-09-19 00:00:00+05:30,376.96765839628944,381.0270262302192,373.64635744125604,375.6944885253906,2240234,0.0,0.0
2011-09-20 00:00:00+05:30,377.18895687843843,392.6514623861421,377.18895687843843,390.4187927246094,3487986,0.0,0.0
2011-09-21 00:00:00+05:30,394.10915116919364,394.10915116919364,382.6506925916552,385.0863037109375,2740760,0.0,0.0
2011-09-22 00:00:00+05:30,377.5211423836487,381.5805095060535,363.94071869713264,366.966796875,3141570,0.0,0.0
2011-09-23 00:00:00+05:30,364.60490222695427,374.5688013768812,362.48296074132173,365.45367431640625,4564232,0.0,0.0
2011-09-26 00:00:00+05:30,367.55718971724616,371.98558959335753,357.59328999599546,367.90777587890625,3388478,0.0,0.0
2011-09-27 00:00:00+05:30,374.1260157627053,385.6398610964144,371.24756006028025,383.9976806640625,3964578,0.0,0.0
2011-09-28 00:00:00+05:30,386.93146348834983,392.9097856775472,382.68758000707567,386.7100524902344,4425190,0.0,0.0
2011-09-29 00:00:00+05:30,384.9939999727442,394.1275743789991,382.20778046799524,391.71038818359375,5380350,0.0,0.0
2011-09-30 00:00:00+05:30,387.4481204944032,392.65148168380534,381.2483422380841,382.7983093261719,2691018,0.0,0.0
2011-10-03 00:00:00+05:30,376.41410663794295,387.44821544017043,374.67964497510263,385.0126037597656,3949264,0.0,0.0
2011-10-04 00:00:00+05:30,383.20415180275495,390.80622806042936,379.7721244153165,385.9903259277344,4718224,0.0,0.0
2011-10-05 00:00:00+05:30,389.145448106989,392.2822298129249,384.1635006916791,385.10455322265625,3415262,0.0,0.0
2011-10-07 00:00:00+05:30,396.74769735970756,397.7441143124255,382.8720540955807,386.94989013671875,5085808,0.0,0.0
2011-10-10 00:00:00+05:30,386.74689103054317,396.3417566477131,386.74689103054317,392.90972900390625,3854814,0.0,0.0
2011-10-11 00:00:00+05:30,396.7108032727534,397.8179031888634,381.76495440526827,384.1083068847656,4476374,0.0,0.0
2011-10-12 00:00:00+05:30,393.3895110716824,402.02489959261436,391.9133778218825,398.2054138183594,5871662,0.0,0.0
2011-10-13 00:00:00+05:30,404.64510565910257,407.7634197354889,398.5929491503564,403.26123046875,5408918,0.0,0.0
2011-10-14 00:00:00+05:30,402.02494346239257,420.9747971149434,401.84042678603276,418.5760803222656,6710132,0.0,0.0
2011-10-17 00:00:00+05:30,424.94180491949083,425.86438808258134,410.10668567619774,413.4095153808594,4358690,0.0,0.0
2011-10-18 00:00:00+05:30,391.91322112778295,392.7435457488164,376.59834478427734,381.41424560546875,12006778,0.0,0.0
2011-10-19 00:00:00+05:30,384.9017429656099,389.10873171615947,382.0232651236519,387.09747314453125,3827420,0.0,0.0
2011-10-20 00:00:00+05:30,382.3184998845186,386.3778661960338,380.2150280877558,385.6029052734375,2245412,0.0,0.0
2011-10-21 00:00:00+05:30,389.2932321071869,391.175292903062,384.9017268848053,387.4295959472656,2461130,0.0,0.0
2011-10-24 00:00:00+05:30,391.1752468426213,403.0950388929708,390.9907302167521,398.4636535644531,3271720,0.0,0.0
2011-10-25 00:00:00+05:30,402.996891382035,409.65799702471327,396.5022953110182,406.5679931640625,4158746,1.5,0.0
2011-10-28 00:00:00+05:30,417.79941744215506,421.5370294137978,411.1383106981703,415.0239562988281,3259116,0.0,0.0
2011-10-31 00:00:00+05:30,414.4688825742285,418.9096206018095,411.5083905558411,412.9146423339844,1778740,0.0,0.0
2011-11-01 00:00:00+05:30,410.02800949118887,415.578930197297,405.6797882714041,410.19451904296875,1458210,0.0,0.0
2011-11-02 00:00:00+05:30,407.53023417764797,415.1534921795467,407.0676572943589,409.6025695800781,1550844,0.0,0.0
2011-11-03 00:00:00+05:30,406.2534529899108,410.5461565122109,402.25677150536444,408.9178771972656,1891268,0.0,0.0
2011-11-04 00:00:00+05:30,414.8390002199885,416.3192464295157,402.3309016800722,406.99371337890625,2716008,0.0,0.0
2011-11-08 00:00:00+05:30,405.5873986990359,412.54457287751586,405.5873986990359,409.0104675292969,1692104,0.0,0.0
2011-11-09 00:00:00+05:30,410.7680874849416,424.09029572769646,409.39887859605983,415.56036376953125,3921980,0.0,0.0
2011-11-11 00:00:00+05:30,410.7682893383724,422.2401965180927,409.75062015307464,418.5395812988281,3629590,0.0,0.0
2011-11-14 00:00:00+05:30,421.8700043153001,427.79098683200607,416.1340525022412,417.5773010253906,2329150,0.0,0.0
2011-11-15 00:00:00+05:30,416.3375643071697,421.4813812350764,414.4687363106518,416.0970153808594,1468478,0.0,0.0
2011-11-16 00:00:00+05:30,416.68924045114613,419.20567666892777,408.99194333965573,413.4512023925781,1871602,0.0,0.0
2011-11-17 00:00:00+05:30,412.61861503535346,415.764138109614,409.8801506183505,412.67413330078125,1391988,0.0,0.0
2011-11-18 00:00:00+05:30,409.19548154329635,410.69424860682653,398.2971890258178,402.1087951660156,2789442,0.0,0.0
2011-11-21 00:00:00+05:30,401.5167704565581,402.7379916066205,392.30222908602923,394.9296569824219,2871704,0.0,0.0
2011-11-22 00:00:00+05:30,395.5586746617851,405.2172690257788,391.15493457556914,400.3509521484375,3723582,0.0,0.0
2011-11-23 00:00:00+05:30,400.3878496281846,400.3878496281846,385.2338557911059,393.1161804199219,2355750,0.0,0.0
2011-11-24 00:00:00+05:30,393.0052919121657,405.7354158637987,386.7142467497299,404.03314208984375,3766844,0.0,0.0
2011-11-25 00:00:00+05:30,401.5167547208303,402.5899421782916,391.1920291361609,393.7084655761719,2140604,0.0,0.0
2011-11-28 00:00:00+05:30,398.90784415587626,405.5874734439596,397.4461190500115,402.81201171875,1504486,0.0,0.0
2011-11-29 00:00:00+05:30,404.47731184391256,409.25111531849706,401.96087499999004,404.5883483886719,2554696,0.0,0.0
2011-11-30 00:00:00+05:30,400.09210705867923,415.5606548030085,400.09210705867923,412.8222351074219,3481698,0.0,0.0
2011-12-01 00:00:00+05:30,421.87022510719873,425.03426986491684,416.7633569443817,419.9459228515625,2481448,0.0,0.0
2011-12-02 00:00:00+05:30,419.9643305949551,438.5229259031131,418.0215075055109,435.9324951171875,3968866,0.0,0.0
2011-12-05 00:00:00+05:30,433.89704669320145,438.115756224538,430.2149533642308,437.0240478515625,1530476,0.0,0.0
2011-12-07 00:00:00+05:30,436.6726131376648,441.44641599396004,434.30421026899234,436.506103515625,2637422,0.0,0.0
2011-12-08 00:00:00+05:30,432.9719047540562,440.00307243809647,431.91723863615374,435.78436279296875,3326444,0.0,0.0
2011-12-09 00:00:00+05:30,429.64142754897,437.7087868074996,429.64142754897,433.8601379394531,2763230,0.0,0.0
2011-12-12 00:00:00+05:30,435.1922437596354,440.373103804393,427.457950800973,436.802001953125,3172170,0.0,0.0
2011-12-13 00:00:00+05:30,434.82210571038877,442.9264586727986,431.7321023342971,436.1913146972656,3274558,0.0,0.0
2011-12-14 00:00:00+05:30,436.857499873537,440.0030218971923,432.9718550207864,437.5791015625,3346176,0.0,0.0
2011-12-15 00:00:00+05:30,436.56158792168594,440.3362427965153,427.27305214807046,437.5977783203125,3669372,0.0,0.0
2011-12-16 00:00:00+05:30,435.3957737647946,437.6161422439688,419.02055623088535,424.201416015625,3550896,0.0,0.0
2011-12-19 00:00:00+05:30,421.4999390795878,428.3090779466557,412.3964375775404,423.2207336425781,3667724,0.0,0.0
2011-12-20 00:00:00+05:30,423.849917557237,425.97777111981935,417.5218751275661,419.4091796875,1809396,0.0,0.0
2011-12-21 00:00:00+05:30,425.5706750476977,431.4916583527091,415.37546384997404,428.7901916503906,3116976,0.0,0.0
2011-12-22 00:00:00+05:30,426.3108351000336,430.69605470763435,419.74224367379617,426.1997985839844,2086268,0.0,0.0
2011-12-23 00:00:00+05:30,425.9408178948122,430.01149469484955,421.5370766855212,428.2167053222656,1578590,0.0,0.0
2011-12-26 00:00:00+05:30,428.21661606018665,440.44711988308876,426.865882732485,439.7810363769531,2229352,0.0,0.0
2011-12-27 00:00:00+05:30,438.6707950342423,440.37306844900684,432.971840407847,436.4689025878906,983902,0.0,0.0
2011-12-28 00:00:00+05:30,436.19145693144236,437.9862912833367,431.45469699898024,432.6758728027344,1197910,0.0,0.0
2011-12-29 00:00:00+05:30,430.5664981118213,435.9693862601283,429.0862523082568,431.380615234375,1585728,0.0,0.0
2011-12-30 00:00:00+05:30,435.93261490663957,437.59789229804863,427.9762895921296,429.5120544433594,1545410,0.0,0.0
2012-01-02 00:00:00+05:30,429.64128629134615,438.87430017109693,426.68079508520424,436.15435791015625,2248542,0.0,0.0
2012-01-03 00:00:00+05:30,437.87523484469415,447.7373820654205,436.67253506591095,443.18560791015625,2708884,0.0,0.0
2012-01-04 00:00:00+05:30,445.88715592837514,445.92415304744947,432.71297421744646,434.0821838378906,2386770,0.0,0.0
2012-01-05 00:00:00+05:30,434.0082560656942,438.5229894488338,431.9913932717034,433.7121887207031,2547312,0.0,0.0
2012-01-06 00:00:00+05:30,431.4915990803494,439.7624624636967,428.0870522170445,432.74981689453125,2119728,0.0,0.0
2012-01-09 00:00:00+05:30,433.34198410141875,436.56150084130417,431.2141306355066,433.47149658203125,1509028,0.0,0.0
2012-01-10 00:00:00+05:30,434.822234456487,438.70787995588546,428.71622010028955,431.2696533203125,3591790,0.0,0.0
2012-01-11 00:00:00+05:30,433.48991686356374,434.82212881928695,419.3350688402976,420.7597961425781,5675380,0.0,0.0
2012-01-12 00:00:00+05:30,407.43771411323286,412.618575146462,395.4662335461545,403.1820068359375,9528684,0.0,0.0
2012-01-13 00:00:00+05:30,406.01302205606345,408.30738550306546,397.07602695339483,401.7943115234375,4019828,0.0,0.0
2012-01-16 00:00:00+05:30,401.1465736083198,412.24841605135447,399.2592694277064,410.546142578125,3047202,0.0,0.0
2012-01-17 00:00:00+05:30,414.4318347359375,416.2081026254566,404.8472339647736,408.5293273925781,3704218,0.0,0.0
2012-01-18 00:00:00+05:30,399.66639635718553,405.6984165197623,386.82528113622857,398.2416687011719,11665532,0.0,0.0
2012-01-19 00:00:00+05:30,402.2568393080121,402.95996517315365,394.26352016511476,398.0196533203125,4163292,0.0,0.0
2012-01-20 00:00:00+05:30,399.6478938808619,403.718570330191,397.0759845572856,399.48138427734375,2572694,0.0,0.0
2012-01-23 00:00:00+05:30,401.8867749943988,403.9035920297043,397.5015554069267,398.81524658203125,2130496,0.0,0.0
2012-01-24 00:00:00+05:30,402.62680882601927,405.21723866221606,398.9261947743095,402.8858337402344,2641310,0.0,0.0
2012-01-25 00:00:00+05:30,406.2998745071656,411.8846614435926,404.8712101884675,407.4502258300781,5845238,1.5,0.0
2012-01-27 00:00:00+05:30,410.0479487233124,415.8183248540997,408.2296274928323,411.43951416015625,5209718,0.0,0.0
2012-01-30 00:00:00+05:30,409.120206564819,415.2245216862872,408.4708094115415,412.552734375,2595558,0.0,0.0
2012-01-31 00:00:00+05:30,413.0164767429865,421.51430908874073,413.0164767429865,420.21551513671875,3538120,0.0,0.0
2012-02-01 00:00:00+05:30,419.1022236890703,421.18028475683815,411.25378905882457,418.8424377441406,2288804,0.0,0.0
2012-02-02 00:00:00+05:30,421.5513265257513,427.72988275676727,419.43616633417037,426.00433349609375,3386140,0.0,0.0
2012-02-03 00:00:00+05:30,424.8912307767008,436.39483615144115,423.40689459931497,434.7435302734375,2777558,0.0,0.0
2012-02-06 00:00:00+05:30,439.25213439437505,445.31939433297197,435.41142386418375,443.0186462402344,3427196,0.0,0.0
2012-02-07 00:00:00+05:30,448.9003196883455,448.9003196883455,442.2950513288068,444.55865478515625,3407656,0.0,0.0
2012-02-08 00:00:00+05:30,451.3865978197915,455.2644075963309,449.38273511057986,452.5926208496094,3627184,0.0,0.0
2012-02-09 00:00:00+05:30,449.4197276714467,457.175390680151,440.8476981558599,455.9136962890625,3038062,0.0,0.0
2012-02-10 00:00:00+05:30,455.69099277683034,459.40183148022476,449.75365085139936,457.6948547363281,2324302,0.0,0.0
2012-02-13 00:00:00+05:30,453.5387307460631,459.38330225206045,450.4958608432243,454.8375244140625,1631770,0.0,0.0
2012-02-14 00:00:00+05:30,454.57770926053405,456.2661588714015,450.8668708175909,452.7222900390625,1826646,0.0,0.0
2012-02-15 00:00:00+05:30,455.3755880383033,463.40956302298764,452.5367873238394,460.73773193359375,2167166,0.0,0.0
2012-02-16 00:00:00+05:30,459.4020777605888,460.88641403768275,451.9803963751188,454.7078552246094,1886660,0.0,0.0
2012-02-17 00:00:00+05:30,458.2331165177746,465.3393849245772,453.0936116370883,455.9695129394531,4096568,0.0,0.0
2012-02-21 00:00:00+05:30,454.0398653022711,460.14417923815023,447.06346769125923,459.04949951171875,2489504,0.0,0.0
2012-02-22 00:00:00+05:30,458.2887522685623,470.10776892529384,456.06224820895795,464.72705078125,3141826,0.0,0.0
2012-02-23 00:00:00+05:30,463.502364181677,473.09487395289227,461.6283723642435,467.49151611328125,4086880,0.0,0.0
2012-02-24 00:00:00+05:30,467.1948089359314,475.3029861949678,466.5454118623509,471.2767333984375,2346400,0.0,0.0
2012-02-27 00:00:00+05:30,474.61644913118073,474.9689608215977,462.2222341286029,464.6157531738281,1861370,0.0,0.0
2012-02-28 00:00:00+05:30,465.80304340768583,467.7141344618139,452.3883519985383,455.1529541015625,3973490,0.0,0.0
2012-02-29 00:00:00+05:30,460.1443765338084,460.1443765338084,449.8467906879913,453.4462890625,3060216,0.0,0.0
2012-03-01 00:00:00+05:30,453.8357302994716,455.30149397464345,449.03021063681393,452.57403564453125,1568594,0.0,0.0
2012-03-02 00:00:00+05:30,454.94901156391205,455.3200955863948,447.89841513673883,451.7020263671875,2309232,0.0,0.0
2012-03-05 00:00:00+05:30,450.49610255685377,453.6317451184068,445.6720092016321,448.0098571777344,1540878,0.0,0.0
2012-03-06 00:00:00+05:30,446.41405275062397,453.2049080813784,441.21887674188855,446.04296875,1717722,0.0,0.0
2012-03-07 00:00:00+05:30,443.44542274438544,447.52734713784844,440.30978076147204,442.6475830078125,1945666,0.0,0.0
2012-03-09 00:00:00+05:30,455.3199293021463,455.3199293021463,446.39534370138426,448.47344970703125,2225758,0.0,0.0
2012-03-12 00:00:00+05:30,451.20117864474554,452.295858650477,439.06670106238465,441.2375793457031,2240278,0.0,0.0
2012-03-13 00:00:00+05:30,441.59000329804,450.8485318865057,441.59000329804,444.1875915527344,2492464,0.0,0.0
2012-03-14 00:00:00+05:30,449.0487160269622,450.49595261149364,427.11766182522996,428.4350280761719,8065314,0.0,0.0
2012-03-15 00:00:00+05:30,430.08645879117137,434.52089553167104,424.8912815495178,431.8305358886719,4284236,0.0,0.0
2012-03-16 00:00:00+05:30,434.1497401458626,437.87915274407953,429.7153041335967,434.0013427734375,2054724,0.0,0.0
2012-03-19 00:00:00+05:30,434.00142056117113,434.00142056117113,412.5713141176538,416.3563537597656,5132864,0.0,0.0
2012-03-20 00:00:00+05:30,418.9538927076311,424.8912375112822,415.61413625557736,421.1247253417969,3683204,0.0,0.0
2012-03-21 00:00:00+05:30,421.9040430402999,437.8050327252104,421.75564564120987,436.3021240234375,4553242,0.0,0.0
2012-03-22 00:00:00+05:30,435.91226710381994,441.4785259599937,430.4573515441019,433.333251953125,3421694,0.0,0.0
2012-03-23 00:00:00+05:30,436.02373585639793,442.29506503178845,432.2386968644713,439.6047058105469,3158436,0.0,0.0
2012-03-26 00:00:00+05:30,436.76597357223915,439.7346462898075,428.23103950923024,431.05126953125,3053384,0.0,0.0
2012-03-27 00:00:00+05:30,435.2816331225726,437.74935135552926,427.4702949885435,435.9310302734375,1588246,0.0,0.0
2012-03-28 00:00:00+05:30,435.65275537249255,435.8939691093288,428.39804273225457,432.35009765625,2051096,0.0,0.0
2012-03-29 00:00:00+05:30,427.11765917436736,431.9417508939736,420.2155062352136,423.48101806640625,2681214,0.0,0.0
2012-03-30 00:00:00+05:30,425.0767167311936,436.30200759205667,425.0767167311936,433.7229919433594,2543342,0.0,0.0
2012-04-02 00:00:00+05:30,434.1683561961122,444.92979408473377,434.1683561961122,443.1671447753906,2326988,0.0,0.0
2012-04-03 00:00:00+05:30,445.3751030546156,448.0283633360769,436.1351455278973,437.1370544433594,2269154,0.0,0.0
2012-04-04 00:00:00+05:30,433.7972291296478,441.51579503846045,433.0550610729675,437.303955078125,2165054,0.0,0.0
2012-04-09 00:00:00+05:30,434.16822518402563,440.84773634070297,429.80798873452795,431.97882080078125,1576628,0.0,0.0
2012-04-10 00:00:00+05:30,432.7953176651368,436.26494424874454,427.5815689802345,429.0473327636719,1532992,0.0,0.0
2012-04-11 00:00:00+05:30,426.6352846163315,428.6020480644492,421.2545662640072,422.3307189941406,1781586,0.0,0.0
2012-04-12 00:00:00+05:30,423.12856949000576,426.0044707516129,418.99097345396024,419.937255859375,2114686,0.0,0.0
2012-04-13 00:00:00+05:30,404.98256490150493,409.9365278603282,393.81294416667055,396.4476318359375,8994680,0.0,0.0
2012-04-16 00:00:00+05:30,395.2973456368265,398.65567493008297,390.862908670169,396.96722412109375,5016110,0.0,0.0
2012-04-17 00:00:00+05:30,402.62619495127876,406.3184631358714,398.47007170337815,404.7970275878906,2473664,0.0,0.0
2012-04-18 00:00:00+05:30,408.19243243062886,413.64734954468264,405.9102565896435,407.2832946777344,2882264,0.0,0.0
2012-04-19 00:00:00+05:30,408.5263533770972,410.71575786911336,404.88971233623414,409.28704833984375,1767416,0.0,0.0
2012-04-20 00:00:00+05:30,405.68768539194724,411.1426034493839,399.8060115671333,403.9064636230469,2450024,0.0,0.0
2012-04-23 00:00:00+05:30,405.947386892925,409.0830743602038,388.76622219655695,394.92620849609375,2843868,0.0,0.0
2012-04-24 00:00:00+05:30,416.3564236565774,447.1564086507806,414.61234624010467,443.148681640625,18113782,0.0,0.0
2012-04-25 00:00:00+05:30,441.21892380073393,441.5900078409364,433.2406169363809,434.5579833984375,5417898,0.0,0.0
2012-04-26 00:00:00+05:30,434.1684706689461,446.0060645271987,432.1275077726391,443.3157043457031,5476292,0.0,0.0
2012-04-27 00:00:00+05:30,441.58982920092205,449.75367478278787,441.58982920092205,446.7850036621094,3711146,0.0,0.0
2012-04-30 00:00:00+05:30,446.7850938690953,463.8549562594428,446.7850938690953,462.59326171875,4604822,0.0,0.0
2012-05-02 00:00:00+05:30,460.923543134407,472.90957746489687,460.923543134407,470.2563171386719,3981448,0.0,0.0
2012-05-03 00:00:00+05:30,468.56777231928055,476.50897937957177,467.02780988026336,474.802001953125,3358922,0.0,0.0
2012-05-04 00:00:00+05:30,474.9876218336818,480.6466540469347,468.69776480452094,473.8001708984375,3571718,0.0,0.0
2012-05-07 00:00:00+05:30,467.5658638004983,474.43091814995,463.261298241051,472.48272705078125,2627762,0.0,0.0
2012-05-08 00:00:00+05:30,454.57775064369804,458.17724614171,443.6864478818181,445.5603942871094,9631578,0.0,0.0
2012-05-09 00:00:00+05:30,443.4453786545144,458.14029595025966,443.11139399585977,454.7820129394531,9271544,0.0,0.0
2012-05-10 00:00:00+05:30,454.78208080967886,460.81219669129774,454.5779664605008,457.3796691894531,2992620,0.0,0.0
2012-05-11 00:00:00+05:30,454.20679201896706,458.9937844258933,453.16773875449064,456.71160888671875,2745190,0.0,0.0
2012-05-14 00:00:00+05:30,455.43154177436713,457.91778716719796,452.72260967907744,454.9305419921875,2573752,0.0,0.0
2012-05-15 00:00:00+05:30,454.20685238182926,457.5466086493427,452.6483175763271,455.06036376953125,1875510,0.0,0.0
2012-05-16 00:00:00+05:30,452.72252761972976,460.84927713421183,447.80566410254823,453.9842224121094,4567936,0.0,0.0
2012-05-17 00:00:00+05:30,453.46466064453125,458.2887527790475,444.9483007263947,453.46466064453125,4137524,0.0,0.0
2012-05-18 00:00:00+05:30,447.0820058694514,454.54078495202924,446.2841662373545,449.2528381347656,2656670,0.0,0.0
2012-05-21 00:00:00+05:30,449.3826298238824,454.5778047351411,446.80361468369676,448.71466064453125,2227088,0.0,0.0
2012-05-22 00:00:00+05:30,453.0936089180684,460.1442056170392,450.12493662376494,454.2254333496094,2360916,0.0,0.0
2012-05-23 00:00:00+05:30,457.5466679433491,458.4929504611119,450.5331698130148,454.6336669921875,2162806,0.0,0.0
2012-05-24 00:00:00+05:30,454.57792547519426,456.04368923800183,447.935512443276,453.26055908203125,1205674,0.0,0.0
2012-05-25 00:00:00+05:30,449.7910114882984,454.57800525638265,448.67775923052767,453.01947021484375,915046,0.0,0.0
2012-05-28 00:00:00+05:30,454.20687305623926,456.4333773359267,450.88568895837705,454.46661376953125,790194,0.0,0.0
2012-05-29 00:00:00+05:30,455.69119955059307,463.1128803250327,452.12880183853093,460.2740783691406,1575032,0.0,0.0
2012-05-30 00:00:00+05:30,456.8972582064742,466.45267294662995,456.8972582064742,460.3483581542969,1581514,0.0,0.0
2012-05-31 00:00:00+05:30,453.0935990447668,466.04444070612453,453.0935990447668,462.1294860839844,4411602,0.0,0.0
2012-06-01 00:00:00+05:30,460.1441767445783,461.9995968120968,452.16587045424893,454.4294738769531,1479528,0.0,0.0
2012-06-04 00:00:00+05:30,449.01162839834893,451.2381323408201,443.89065121132984,450.2176513671875,1204430,0.0,0.0
2012-06-05 00:00:00+05:30,450.4960923566169,456.76742263607866,450.4960923566169,455.1346435546875,2063398,0.0,0.0
2012-06-06 00:00:00+05:30,456.43342292213384,468.95751074621677,456.09943818715493,464.2818603515625,3291908,0.0,0.0
2012-06-07 00:00:00+05:30,468.736039105613,469.8261320945121,462.92854197916563,466.1799621582031,2149728,8.0,0.0
2012-06-08 00:00:00+05:30,462.79712701155887,467.0822949419735,460.14712215568466,462.68438720703125,2400244,0.0,0.0
2012-06-11 00:00:00+05:30,463.4737530036391,468.37915049532756,461.2559862088308,463.6805114746094,1545048,0.0,0.0
2012-06-12 00:00:00+05:30,459.0006286748424,470.9915643504996,459.0006286748424,469.1496887207031,1092142,0.0,0.0
2012-06-13 00:00:00+05:30,469.4877815956749,473.6225819139715,467.0820704152775,470.0140380859375,1450858,0.0,0.0
2012-06-14 00:00:00+05:30,469.48821933874103,474.18686044501345,467.98465418473387,471.36767578125,1471124,0.0,0.0
2012-06-15 00:00:00+05:30,471.3861625372349,481.14051637053655,469.4878944896876,478.3025207519531,1986040,0.0,0.0
2012-06-18 00:00:00+05:30,479.63702087658163,483.52748440023714,469.863852739598,472.5514831542969,1495388,0.0,0.0
2012-06-19 00:00:00+05:30,472.45726828374046,480.85842048871626,471.7806463284583,478.8661804199219,1769058,0.0,0.0
2012-06-20 00:00:00+05:30,478.88513055423306,478.88513055423306,467.3452952913195,470.916259765625,1753740,0.0,0.0
2012-06-21 00:00:00+05:30,468.0031477064957,470.61557202462285,454.45225764997525,460.10943603515625,4155980,0.0,0.0
2012-06-22 00:00:00+05:30,456.42567198549307,466.0672858455983,456.42567198549307,463.64276123046875,1919560,0.0,0.0
2012-06-25 00:00:00+05:30,464.97733505183186,465.5411717556134,455.20416551961875,457.36553955078125,1588758,0.0,0.0
2012-06-26 00:00:00+05:30,457.64729747580014,464.9771720554947,457.478164878014,464.2629699707031,1109714,0.0,0.0
2012-06-27 00:00:00+05:30,464.6950365900073,473.1713931241161,464.6950365900073,468.6230773925781,2305862,0.0,0.0
2012-06-28 00:00:00+05:30,468.71743802096654,475.08882036624783,464.6954211825863,473.1905517578125,1894228,0.0,0.0
2012-06-29 00:00:00+05:30,474.882012532271,483.7718462341147,474.7128798911419,480.18206787109375,1990150,0.0,0.0
2012-07-02 00:00:00+05:30,480.7646428165042,480.7646428165042,472.2882814636127,473.41595458984375,2111100,0.0,0.0
2012-07-03 00:00:00+05:30,475.5021654577661,477.30646080328114,462.45876472772244,465.8793640136719,2227292,0.0,0.0
2012-07-04 00:00:00+05:30,467.4204558460759,469.6758018332705,462.9285767756327,469.0555725097656,1301806,0.0,0.0
2012-07-05 00:00:00+05:30,469.05547037157334,469.05547037157334,464.30044110696656,466.33026123046875,1520876,0.0,0.0
2012-07-06 00:00:00+05:30,466.10463776203414,470.9160588284612,461.2180568822709,469.0177917480469,1929928,0.0,0.0
2012-07-09 00:00:00+05:30,467.98437627974397,475.3330649601204,467.3641468449959,473.397216796875,1912768,0.0,0.0
2012-07-10 00:00:00+05:30,475.50217756727415,477.4756055769407,469.6946792071677,474.26171875,2517598,0.0,0.0
2012-07-11 00:00:00+05:30,471.08528357336064,479.0729654213031,471.08528357336064,472.9835510253906,2034538,0.0,0.0
2012-07-12 00:00:00+05:30,460.46654722837184,469.86382370242023,458.32398654634443,464.6013488769531,7859080,0.0,0.0
2012-07-13 00:00:00+05:30,478.80999459753366,482.6440646071821,467.2325329491646,469.63824462890625,7217154,0.0,0.0
2012-07-16 00:00:00+05:30,469.48805986303574,473.34094426143133,452.15948652630624,453.8321838378906,3620626,0.0,0.0
2012-07-17 00:00:00+05:30,457.8352888189299,460.0906350692694,441.7471338791196,445.7691955566406,6383816,0.0,0.0
2012-07-18 00:00:00+05:30,449.1897351003861,452.72311959954084,442.9875337370753,449.3025207519531,2975286,0.0,0.0
2012-07-19 00:00:00+05:30,452.1970948688593,454.8283331598668,449.2839381895296,451.4453125,1335352,0.0,0.0
2012-07-20 00:00:00+05:30,451.44513530785713,461.59419330395383,451.18202993608696,459.7335510253906,3378226,0.0,0.0
2012-07-23 00:00:00+05:30,455.1927869489268,462.427620792643,452.55508040203733,457.5478820800781,2903198,1.5,0.0
2012-07-24 00:00:00+05:30,455.2306682106189,459.2060890157991,451.0856988773581,455.6263427734375,1648092,0.0,0.0
2012-07-25 00:00:00+05:30,453.6856147412112,458.5842135714735,451.01023534889094,457.13348388671875,1666030,0.0,0.0
2012-07-26 00:00:00+05:30,457.0770114788573,460.09153422562633,448.4856032513788,451.5943298339844,2945746,0.0,0.0
2012-07-27 00:00:00+05:30,457.8306366385466,463.5582113890769,453.40305640767997,461.71185302734375,1842976,0.0,0.0
2012-07-30 00:00:00+05:30,465.32929980497926,468.3249635341525,457.6611163866934,463.8597106933594,2625712,0.0,0.0
2012-07-31 00:00:00+05:30,465.3669419387413,470.73656049957293,462.0698077347219,468.62640380859375,1979964,0.0,0.0
2012-08-01 00:00:00+05:30,466.53497435059563,469.05966424626564,460.5059300595021,461.4668273925781,1295750,0.0,0.0
2012-08-02 00:00:00+05:30,463.4640033629552,466.00750687683336,460.4683398457961,464.5379638671875,951058,0.0,0.0
2012-08-03 00:00:00+05:30,462.72900805660095,467.34499368257275,458.99852884092076,466.0826721191406,977736,0.0,0.0
2012-08-06 00:00:00+05:30,469.1349532027389,470.26539887310696,461.673993379129,463.0682373046875,1015540,0.0,0.0
2012-08-07 00:00:00+05:30,466.8742034358342,477.12356222264833,465.23506591634276,476.3134460449219,2099154,0.0,0.0
2012-08-08 00:00:00+05:30,476.67141327564536,477.2931677969027,469.6626570310277,470.71771240234375,1643000,0.0,0.0
2012-08-09 00:00:00+05:30,471.113390022233,477.74533096412426,471.113390022233,474.0902404785156,1129474,0.0,0.0
2012-08-10 00:00:00+05:30,473.2800414259925,484.2076856945863,473.1858375960909,482.34246826171875,3082356,0.0,0.0
2012-08-13 00:00:00+05:30,481.98443252130716,481.98443252130716,473.7510275612545,477.1612243652344,1428038,0.0,0.0
2012-08-14 00:00:00+05:30,474.78722675291533,479.78002893900754,474.50461530841955,477.9524841308594,1136930,0.0,0.0
2012-08-16 00:00:00+05:30,478.6121252138228,479.13967601277255,471.81058833724205,476.1251525878906,1788292,0.0,0.0
2012-08-17 00:00:00+05:30,476.6903518988511,484.0193932100034,476.2946773199255,481.7961730957031,1287576,0.0,0.0
2012-08-21 00:00:00+05:30,482.2859696005544,491.74402556703967,481.2308682346337,489.35125732421875,2051576,0.0,0.0
2012-08-22 00:00:00+05:30,488.31502726891034,493.2512992150132,485.3758491035832,486.71356201171875,1134096,0.0,0.0
2012-08-23 00:00:00+05:30,486.75134944794644,499.6572783959566,486.75134944794644,498.6963806152344,2337314,0.0,0.0
2012-08-24 00:00:00+05:30,497.3961175023556,500.56137472241596,494.75841081863103,498.47003173828125,1578938,0.0,0.0
2012-08-27 00:00:00+05:30,495.9643002886066,501.5035130300001,495.5121403088029,497.5657653808594,967200,0.0,0.0
2012-08-28 00:00:00+05:30,500.01504094213107,510.45285228841476,495.5121165332755,509.039794921875,2266204,0.0,0.0
2012-08-29 00:00:00+05:30,508.7005775643988,511.7150995055212,503.04834892479437,506.1759338378906,2139290,0.0,0.0
2012-08-30 00:00:00+05:30,504.8948084097131,523.3210850034202,498.67735622151474,515.1630249023438,3333432,0.0,0.0
2012-08-31 00:00:00+05:30,511.33832235646804,512.0919528978925,502.91651025564175,506.34552001953125,1773848,0.0,0.0
2012-09-03 00:00:00+05:30,508.7006601112972,510.54706429944173,502.29479994693276,504.1223449707031,1223826,0.0,0.0
2012-09-04 00:00:00+05:30,502.25720492532565,507.57029232692685,498.1687674495318,505.25286865234375,1508018,0.0,0.0
2012-09-05 00:00:00+05:30,504.74422684358825,516.613911909339,501.9181113517429,514.1646118164062,2028960,0.0,0.0
2012-09-06 00:00:00+05:30,514.013791596668,519.9674923157584,510.0760897273104,518.34716796875,2291684,0.0,0.0
2012-09-07 00:00:00+05:30,523.7732941097969,526.3356566816059,519.5906532629014,522.52978515625,2636656,0.0,0.0
2012-09-10 00:00:00+05:30,521.2109665319003,521.4747648720424,514.7109018340539,516.7833862304688,1476024,0.0,0.0
2012-09-11 00:00:00+05:30,515.8602193049464,525.8834985155147,513.9950017029945,524.7719116210938,1274180,0.0,0.0
2012-09-12 00:00:00+05:30,526.3920227399541,535.4544475168842,523.7355029390118,533.1558837890625,2114466,0.0,0.0
2012-09-13 00:00:00+05:30,532.4401068022709,536.5662166192792,531.1401122018351,534.2111206054688,1881210,0.0,0.0
2012-09-14 00:00:00+05:30,538.0919712701541,542.5384079193207,528.3513099814129,532.4774169921875,2814840,0.0,0.0
2012-09-17 00:00:00+05:30,534.4184398325051,535.6619490488616,503.2369655535417,505.72393798828125,5094390,0.0,0.0
2012-09-18 00:00:00+05:30,506.81657907870067,506.81657907870067,487.0526349703181,489.7845458984375,7220206,0.0,0.0
2012-09-20 00:00:00+05:30,487.9758876967899,503.76446036703646,486.69470628239384,498.14990234375,4042506,0.0,0.0
2012-09-21 00:00:00+05:30,499.24263776025384,502.031080389803,489.2193592251396,491.38604736328125,4247758,0.0,0.0
2012-09-24 00:00:00+05:30,493.6278470845979,494.7582925359366,481.19294711987135,485.88427734375,4937020,0.0,0.0
2012-09-25 00:00:00+05:30,486.1293672223361,493.53379642556365,483.1902357356978,487.2974853515625,3823694,0.0,0.0
2012-09-26 00:00:00+05:30,488.05110257111323,491.7439104896818,483.07715957683683,484.4336853027344,3292812,0.0,0.0
2012-09-27 00:00:00+05:30,482.361300395303,489.67152708270254,475.2018090412658,479.1395568847656,5605398,0.0,0.0
2012-09-28 00:00:00+05:30,481.8711983704137,491.74373620774577,481.0045051871169,488.3147277832031,2912996,0.0,0.0
2012-10-01 00:00:00+05:30,487.9758938878743,493.55277964578045,487.2411223310145,490.9715576171875,1795618,0.0,0.0
2012-10-03 00:00:00+05:30,490.23665475204814,499.2802210195725,490.23665475204814,498.39471435546875,2318230,0.0,0.0
2012-10-04 00:00:00+05:30,497.3963329139054,498.01808752964257,493.11948728124804,496.3224182128906,1319284,0.0,0.0
2012-10-05 00:00:00+05:30,493.7222526351367,497.1512627058971,397.5401461782631,491.3671569824219,3836110,0.0,0.0
2012-10-08 00:00:00+05:30,493.6279922431004,495.60627236468537,484.37715918012526,487.10906982421875,1685408,0.0,0.0
2012-10-09 00:00:00+05:30,489.0686472466154,489.4077902579373,484.20772007891463,487.9193420410156,1291154,0.0,0.0
2012-10-10 00:00:00+05:30,484.58469276027927,490.5195363924522,484.2078772915699,485.8470153808594,1163978,0.0,0.0
2012-10-11 00:00:00+05:30,486.1857478632843,490.4437774625043,484.60314263058723,485.88427734375,1635526,0.0,0.0
2012-10-12 00:00:00+05:30,481.87146392909693,495.0034690215882,479.76126127604266,489.2758483886719,2469542,0.0,0.0
2012-10-15 00:00:00+05:30,487.5990549675163,490.76431305561596,485.1497552323626,487.843994140625,814528,0.0,0.0
2012-10-16 00:00:00+05:30,488.72921521949905,493.7031564509302,485.2625344821913,488.3147277832031,1282744,0.0,0.0
2012-10-17 00:00:00+05:30,490.34985879165095,491.7063849224288,479.30915006471446,483.5106506347656,1597480,0.0,0.0
2012-10-18 00:00:00+05:30,484.67887239676776,494.00505478107874,482.39912052585544,492.6296691894531,1447128,0.0,0.0
2012-10-19 00:00:00+05:30,493.2511908410443,494.1555566930565,483.0771785013131,485.9786376953125,2825616,0.0,0.0
2012-10-22 00:00:00+05:30,499.31804846916367,503.0108575748299,490.99043781027206,496.9818115234375,5397342,0.0,0.0
2012-10-23 00:00:00+05:30,498.90367736591094,498.90367736591094,494.344219423417,495.3616027832031,1136696,0.0,0.0
2012-10-25 00:00:00+05:30,495.51204476292037,498.86570962668617,491.4612808988889,495.6439208984375,2254470,0.0,0.0
2012-10-29 00:00:00+05:30,494.0047959058864,497.32078852625233,490.16129873051483,493.02508544921875,815628,0.0,0.0
2012-10-30 00:00:00+05:30,491.5179187340894,498.1498592491601,491.5179187340894,494.19329833984375,805268,0.0,0.0
2012-10-31 00:00:00+05:30,494.41991016511986,497.32806812987974,492.4937551593382,496.8370666503906,999536,1.5,0.0
2012-11-01 00:00:00+05:30,496.61031419645474,498.6686470837982,494.8351945628619,496.74249267578125,1579768,0.0,0.0
2012-11-02 00:00:00+05:30,500.38721956502496,505.3348082426808,497.93230457729896,502.7665710449219,1673974,0.0,0.0
2012-11-05 00:00:00+05:30,504.54175138331857,507.35544353339293,500.5383602993974,502.162353515625,1223826,0.0,0.0
2012-11-06 00:00:00+05:30,500.4248553745785,505.10808588329434,498.32871772768317,498.74420166015625,1297466,0.0,0.0
2012-11-07 00:00:00+05:30,500.4250589815513,503.5786718306737,499.10318146726036,502.8799743652344,1058390,0.0,0.0
2012-11-08 00:00:00+05:30,500.04729903834783,504.0884483460052,497.25246352394464,502.7665710449219,1239044,0.0,0.0
2012-11-09 00:00:00+05:30,502.31336540755984,503.5408228794204,498.87649370703434,500.40606689453125,711382,0.0,0.0
2012-11-12 00:00:00+05:30,498.53656035588,509.1115783028229,498.53656035588,504.0129089355469,1466782,0.0,0.0
2012-11-15 00:00:00+05:30,498.57456567911277,499.29216575830407,487.58410438273114,488.7738037109375,1735402,0.0,0.0
2012-11-16 00:00:00+05:30,490.90741846997713,493.55117274001884,483.4671109336673,485.9975891113281,1598890,0.0,0.0
2012-11-19 00:00:00+05:30,487.2439341417265,489.0945714706777,475.3092804601142,476.7633361816406,1676286,0.0,0.0
2012-11-20 00:00:00+05:30,481.54101991046514,484.5246950584379,474.3840169186548,480.71014404296875,1256040,0.0,0.0
2012-11-21 00:00:00+05:30,482.0131418497642,488.9813055569769,482.0131418497642,484.26031494140625,941744,0.0,0.0
2012-11-22 00:00:00+05:30,484.2225198655133,484.97787830726696,480.0302897344645,482.088623046875,611624,0.0,0.0
2012-11-23 00:00:00+05:30,484.1846341457176,487.7348271113055,480.12458358638344,486.67730712890625,749676,0.0,0.0
2012-11-26 00:00:00+05:30,486.45082359956933,489.3589350818947,485.31778596696165,488.60357666015625,456334,0.0,0.0
2012-11-27 00:00:00+05:30,490.94534748138034,490.94534748138034,486.56427667758476,489.17022705078125,1338160,0.0,0.0
2012-11-29 00:00:00+05:30,494.7597419511972,495.51510033585555,488.09369498590416,490.2653503417969,3470578,0.0,0.0
2012-11-30 00:00:00+05:30,489.0945723720881,500.4249485660361,487.62161424619114,496.2704772949219,3579294,0.0,0.0
2012-12-03 00:00:00+05:30,496.6481619092805,499.2919163833223,492.94688720425427,497.3280029296875,1319512,0.0,0.0
2012-12-04 00:00:00+05:30,496.6860196344846,499.21649851190904,488.3015579294148,490.77532958984375,1595120,0.0,0.0
2012-12-05 00:00:00+05:30,490.9830280979914,493.83452489485336,486.67747540013954,490.1899108886719,1790058,0.0,0.0
2012-12-06 00:00:00+05:30,489.0946490795305,489.0946490795305,479.27498817137007,483.6938171386719,2370092,0.0,0.0
2012-12-07 00:00:00+05:30,482.1643204291968,483.69389403639184,474.76181486534045,477.4433288574219,1957214,0.0,0.0
2012-12-10 00:00:00+05:30,476.6688066824404,478.4439262030897,464.9985126892317,467.26458740234375,3029430,0.0,0.0
2012-12-11 00:00:00+05:30,466.43378328310206,469.45521669708165,457.12398235559436,460.6552734375,4926914,0.0,0.0
2012-12-12 00:00:00+05:30,462.6193994661554,468.70002718150636,461.1841996361528,462.9593200683594,2487948,0.0,0.0
2012-12-13 00:00:00+05:30,464.5831088292082,466.28266498823956,459.6732799253397,461.7316589355469,2297162,0.0,0.0
2012-12-14 00:00:00+05:30,459.6356697470211,470.21068926461896,459.31465158949356,469.4175720214844,2196814,0.0,0.0
2012-12-17 00:00:00+05:30,468.00118090202153,471.68355303121734,454.0081483697104,455.2922668457031,4482898,0.0,0.0
2012-12-18 00:00:00+05:30,458.7669083114052,462.65702253407943,452.0820048761576,457.2373352050781,4688482,0.0,0.0
2012-12-19 00:00:00+05:30,459.2957158030803,467.01928394431843,459.2957158030803,465.54632568359375,6642060,0.0,0.0
2012-12-20 00:00:00+05:30,463.46918875670923,473.9875486433675,463.46918875670923,472.8734130859375,2314030,0.0,0.0
2012-12-21 00:00:00+05:30,472.0991570388516,477.53774854862587,467.453682892216,475.38494873046875,2457968,0.0,0.0
2012-12-24 00:00:00+05:30,476.63123378557776,480.0681058861673,475.91363395935167,478.21746826171875,1254818,0.0,0.0
2012-12-26 00:00:00+05:30,478.5196661644717,479.33168586838855,474.10083685988906,476.706787109375,1435258,0.0,0.0
2012-12-27 00:00:00+05:30,477.7264468854391,477.7264468854391,471.211480445628,472.4577941894531,1994158,0.0,0.0
2012-12-28 00:00:00+05:30,473.60979552861505,480.40802225869083,472.38233792457356,478.7084655761719,1501622,0.0,0.0
2012-12-31 00:00:00+05:30,476.2534370883219,477.99075206320305,472.85432453178356,474.3083801269531,704170,0.0,0.0
2013-01-01 00:00:00+05:30,478.50080330743947,478.85962632895433,475.875950434906,477.4433288574219,509580,0.0,0.0
2013-01-02 00:00:00+05:30,478.51943406551044,480.5589104874182,474.1950266820508,477.1220397949219,1880246,0.0,0.0
2013-01-03 00:00:00+05:30,477.76443019634104,484.94033863407265,475.8571308280938,483.6562194824219,2635130,0.0,0.0
2013-01-04 00:00:00+05:30,485.3176091459155,491.3604743181604,483.7691341662083,490.6806335449219,5228760,0.0,0.0
2013-01-07 00:00:00+05:30,490.9829905714033,492.4937074654692,487.3006181421178,489.0379333496094,1820752,0.0,0.0
2013-01-08 00:00:00+05:30,489.094698303962,492.60713426983375,488.8303412327375,491.0775146484375,2341870,0.0,0.0
2013-01-09 00:00:00+05:30,491.36058328879767,493.7777391144366,480.84222798634954,482.14520263671875,3135898,0.0,0.0
2013-01-10 00:00:00+05:30,483.3915245823438,484.22240022160804,474.1006272650954,475.27142333984375,4522838,0.0,0.0
2013-01-11 00:00:00+05:30,487.20624000910516,499.480815823288,487.20624000910516,493.38128662109375,7805006,0.0,0.0
2013-01-14 00:00:00+05:30,498.1588811434892,509.28151550703103,493.75890909845225,504.0129089355469,5790224,0.0,0.0
2013-01-15 00:00:00+05:30,524.9742960500676,528.7510895468307,501.1804970204602,505.1272277832031,8262978,0.0,0.0
2013-01-16 00:00:00+05:30,504.91949206599224,511.7554785364569,494.38222981861406,509.0173034667969,4109492,0.0,0.0
2013-01-17 00:00:00+05:30,509.75369642173837,518.1004452393356,507.2232637335375,514.399169921875,3028544,0.0,0.0
2013-01-18 00:00:00+05:30,514.5879707364662,515.9287504960847,505.3537316479225,510.2446594238281,1440470,0.0,0.0
2013-01-21 00:00:00+05:30,510.8111368050252,511.7175761390785,501.2180755511822,502.3133544921875,1260038,0.0,0.0
2013-01-22 00:00:00+05:30,500.8028343939012,502.9555883175678,494.0423645882583,497.5925598144531,1386630,0.0,0.0
2013-01-23 00:00:00+05:30,498.06564195918605,501.0939719121965,491.49796061532425,496.6271667480469,1877654,1.5,0.0
2013-01-24 00:00:00+05:30,493.99634556293654,506.07182102953834,493.99634556293654,502.9110107421875,3498470,0.0,0.0
2013-01-25 00:00:00+05:30,501.0938232490172,509.137822300229,501.0938232490172,507.43438720703125,1521100,0.0,0.0
2013-01-28 00:00:00+05:30,507.3587288290961,511.01161401009017,506.4691201474119,509.15679931640625,2428154,0.0,0.0
2013-01-29 00:00:00+05:30,507.69942805002586,513.5100723121143,507.3587779442579,509.11895751953125,1731804,0.0,0.0
2013-01-30 00:00:00+05:30,507.62365457643284,510.9737343302328,505.6552591868085,509.5731506347656,2279144,0.0,0.0
2013-01-31 00:00:00+05:30,510.59534851060016,511.9580877493601,502.09711605322843,508.81622314453125,4313168,0.0,0.0
2013-02-01 00:00:00+05:30,508.7593612067041,511.7876907376964,508.05906924439046,510.3113708496094,1484540,0.0,0.0
2013-02-04 00:00:00+05:30,510.6522398217513,517.7688351092535,509.1948649839322,513.4345092773438,2487304,0.0,0.0
2013-02-05 00:00:00+05:30,509.17580281909176,516.7087825909009,509.17580281909176,514.8350219726562,2161994,0.0,0.0
2013-02-06 00:00:00+05:30,515.7624170499947,520.8348786869311,515.5731464382333,518.8096923828125,3573706,0.0,0.0
2013-02-07 00:00:00+05:30,515.194822552106,526.1725226652661,515.194822552106,525.0936889648438,2612782,0.0,0.0
2013-02-08 00:00:00+05:30,524.6580373382768,543.9636361147934,524.3173410593167,538.5126342773438,6973618,0.0,0.0
2013-02-11 00:00:00+05:30,539.0425455651812,540.8974062628552,534.5946874820415,535.5220947265625,2312126,0.0,0.0
2013-02-12 00:00:00+05:30,533.3834827354389,535.6357843345197,530.6579584397887,533.7620239257812,2225502,0.0,0.0
2013-02-13 00:00:00+05:30,533.6674469712536,545.7239759600084,531.888275456952,543.3580932617188,3822666,0.0,0.0
2013-02-14 00:00:00+05:30,541.3518432640717,551.0803813097979,540.9354571224325,548.01416015625,2946958,0.0,0.0
2013-02-15 00:00:00+05:30,546.6134388818507,549.5660784340583,541.5599236020598,545.9131469726562,1820790,0.0,0.0
2013-02-18 00:00:00+05:30,545.137132185555,545.8185247781482,537.5284638752458,539.5536499023438,952086,0.0,0.0
2013-02-19 00:00:00+05:30,538.1342291817804,548.4684237407615,534.7652028311809,546.4432373046875,744294,0.0,0.0
2013-02-20 00:00:00+05:30,545.6669862035681,551.5343731519935,545.6669862035681,549.9445190429688,2261518,0.0,0.0
2013-02-21 00:00:00+05:30,545.364045777666,551.4774926801227,545.364045777666,549.281982421875,3849146,0.0,0.0
2013-02-22 00:00:00+05:30,548.8846958590135,554.2032177747582,545.9699473368729,550.8152465820312,1310694,0.0,0.0
2013-02-25 00:00:00+05:30,550.0200550008076,558.3479567282802,549.4522435193891,557.8558349609375,1730030,0.0,0.0
2013-02-26 00:00:00+05:30,555.3197959474517,567.7927067594791,554.9412548459197,566.4489135742188,2853670,0.0,0.0
2013-02-27 00:00:00+05:30,566.013648767108,568.966288190461,559.2188536773341,561.4522094726562,2556682,0.0,0.0
2013-02-28 00:00:00+05:30,562.6068671973976,577.275338924159,562.2283259915457,574.2470092773438,4599424,0.0,0.0
2013-03-01 00:00:00+05:30,573.5277557990274,573.8684521165507,567.0547106006549,568.5120849609375,2537326,0.0,0.0
2013-03-04 00:00:00+05:30,564.4048763106305,575.3447252072053,564.4048763106305,572.8084716796875,3136076,0.0,0.0
2013-03-05 00:00:00+05:30,574.2469555340377,584.089025965076,571.0672004607437,583.0101928710938,3440054,0.0,0.0
2013-03-06 00:00:00+05:30,581.4959059194304,592.6060776935498,581.4959059194304,590.9783325195312,2299510,0.0,0.0
2013-03-07 00:00:00+05:30,590.9028615848288,604.7574613975547,590.2782593119559,601.8427124023438,3908702,0.0,0.0
2013-03-08 00:00:00+05:30,601.8804734152121,604.0192403140445,596.1645108653869,599.2874755859375,4341502,0.0,0.0
2013-03-11 00:00:00+05:30,596.2023355242391,601.7101279644421,589.2561143806525,592.8711547851562,2221330,0.0,0.0
2013-03-12 00:00:00+05:30,589.7672089806202,593.5336755609349,585.981796856226,590.7135620117188,1809452,0.0,0.0
2013-03-13 00:00:00+05:30,589.0290765072544,590.0321737608094,585.9818012408581,587.3823852539062,1794496,0.0,0.0
2013-03-14 00:00:00+05:30,589.3885322502504,596.9593547582818,584.3918078784029,593.4389038085938,3051218,0.0,0.0
2013-03-15 00:00:00+05:30,595.0668661563644,598.2466220111437,590.7514865112103,594.4044189453125,4212398,0.0,0.0
2013-03-18 00:00:00+05:30,590.4675179234833,595.6914052884878,588.4044867399541,593.1551513671875,1694988,0.0,0.0
2013-03-19 00:00:00+05:30,592.2276505771931,592.2276505771931,583.1237171072364,585.508544921875,3739910,0.0,0.0
2013-03-20 00:00:00+05:30,582.9533225357553,595.3126992974769,582.9343769963757,589.6345825195312,4168136,0.0,0.0
2013-03-21 00:00:00+05:30,591.659756861002,595.9751347708125,588.1393060430597,590.5051879882812,1664604,0.0,0.0
2013-03-22 00:00:00+05:30,591.0543140457107,591.3192744359307,579.9251921094524,583.7673950195312,2714456,0.0,0.0
2013-03-25 00:00:00+05:30,586.1711765360504,587.4960710261223,578.5625059919402,584.2216796875,1857316,0.0,0.0
2013-03-26 00:00:00+05:30,582.9912837216143,594.3096746655724,581.4960644885558,589.142578125,1781536,0.0,0.0
2013-03-28 00:00:00+05:30,589.010139021101,599.3821777031759,583.5780817493643,596.486328125,3065662,0.0,0.0
2013-04-01 00:00:00+05:30,592.4169681147806,595.710258016371,587.2120267016317,589.3318481445312,968812,0.0,0.0
2013-04-02 00:00:00+05:30,589.0100853358999,594.7638928788612,583.4266028431592,593.3065185546875,1130332,0.0,0.0
2013-04-03 00:00:00+05:30,594.3096648697797,596.2023708088554,579.546558544989,584.240478515625,959932,0.0,0.0
2013-04-04 00:00:00+05:30,582.9911942275698,582.9911942275698,568.1902450538371,570.7643432617188,1126338,0.0,0.0
2013-04-05 00:00:00+05:30,569.7045643388809,571.3512094857722,561.7930432069969,567.187255859375,1865248,0.0,0.0
2013-04-08 00:00:00+05:30,567.3956817491985,567.3956817491985,558.3485335569495,560.525146484375,896416,0.0,0.0
2013-04-09 00:00:00+05:30,560.2409498690805,572.7328088864316,559.3324417897269,566.8275756835938,1672354,0.0,0.0
2013-04-10 00:00:00+05:30,571.5593245161466,582.5370184978395,568.1902988455544,579.3383178710938,2046284,0.0,0.0
2013-04-11 00:00:00+05:30,582.9533755590123,586.776631962185,575.647512823422,581.7799072265625,2244658,0.0,0.0
2013-04-12 00:00:00+05:30,560.9599589633709,577.0857975238883,559.6161198297355,572.2593994140625,5032060,0.0,0.0
2013-04-15 00:00:00+05:30,572.9218800752094,573.1111506005068,548.2599213872343,557.3827514648438,5391496,0.0,0.0
2013-04-16 00:00:00+05:30,556.4554029579509,565.3321730454951,551.8939643346058,561.4332275390625,3071582,0.0,0.0
2013-04-17 00:00:00+05:30,565.919272024676,567.4334373009962,541.6926276035528,551.4022216796875,5279004,0.0,0.0
2013-04-18 00:00:00+05:30,563.2504768035453,565.8813664140451,540.3487294566157,549.9258422851562,8554458,0.0,0.0
2013-04-22 00:00:00+05:30,547.3707601486734,552.594648957207,539.4213922626968,539.5349731445312,2962484,0.0,0.0
2013-04-23 00:00:00+05:30,539.213078148985,548.1277432860263,539.042753065816,541.522216796875,3384170,0.0,0.0
2013-04-25 00:00:00+05:30,541.5220340328589,541.5220340328589,529.4465626989115,530.8282470703125,7929194,0.0,0.0
2013-04-26 00:00:00+05:30,527.3078546745037,527.4781797191195,516.7465466923461,518.3553466796875,4754076,0.0,0.0
2013-04-29 00:00:00+05:30,516.708642408923,524.1658841858765,516.708642408923,518.88525390625,3968916,0.0,0.0
2013-04-30 00:00:00+05:30,517.8442907466117,523.1438668215039,516.7086673019919,521.7811279296875,4020570,0.0,0.0
2013-05-02 00:00:00+05:30,519.9261496330527,544.6448995115072,519.9261496330527,542.7900390625,5630326,0.0,0.0
2013-05-03 00:00:00+05:30,539.7996296497731,547.8436283384531,532.948044714318,536.9605712890625,3641790,0.0,0.0
2013-05-06 00:00:00+05:30,537.5285037350754,557.3640718470278,537.5285037350754,555.3956298828125,3727118,0.0,0.0
2013-05-07 00:00:00+05:30,555.3576611720741,559.805519278108,551.6858308360779,557.0610961914062,2260180,0.0,0.0
2013-05-08 00:00:00+05:30,557.2128162861148,563.1937875530833,556.4557336552913,560.2789916992188,1768130,0.0,0.0
2013-05-09 00:00:00+05:30,561.4521021405468,569.1175588845032,561.3764124092426,567.224853515625,1949700,0.0,0.0
2013-05-10 00:00:00+05:30,567.2250179177162,571.9378833773559,564.44274946079,566.259765625,1139714,0.0,0.0
2013-05-13 00:00:00+05:30,560.2409349798978,560.6194761521815,547.2569542871107,549.4903564453125,1862498,0.0,0.0
2013-05-14 00:00:00+05:30,550.8152708648333,556.6637599175186,546.5188376426694,551.8941040039062,2250100,0.0,0.0
2013-05-15 00:00:00+05:30,551.9508302399857,559.1809568148012,548.8846562296712,557.042236328125,3565926,0.0,0.0
2013-05-16 00:00:00+05:30,556.0769574358662,556.0769574358662,547.9193770512929,550.4177856445312,2415652,0.0,0.0
2013-05-17 00:00:00+05:30,550.7774498752212,559.6731681378108,550.4367535510956,557.89404296875,2900200,0.0,0.0
2013-05-20 00:00:00+05:30,556.928682095799,559.4838349278442,553.0486352026932,557.364013671875,1385504,0.0,0.0
2013-05-21 00:00:00+05:30,554.5628613670942,568.5688858521335,554.5628613670942,565.105224609375,1898432,0.0,0.0
2013-05-22 00:00:00+05:30,567.0545679705721,571.2753104785678,564.8969021833752,567.2059936523438,1846944,0.0,0.0
2013-05-23 00:00:00+05:30,565.9192474639353,577.9379338231194,559.6165255330575,565.048583984375,3063962,0.0,0.0
2013-05-24 00:00:00+05:30,567.8116532932444,568.9283310612689,554.0327479316022,556.2850952148438,1586612,0.0,0.0
2013-05-27 00:00:00+05:30,556.2663237466036,567.8118309764582,552.6701821504194,567.0547485351562,2023864,0.0,0.0
2013-05-28 00:00:00+05:30,567.0547267800954,574.0577390934677,564.1399779763652,573.1492309570312,1400254,0.0,0.0
2013-05-29 00:00:00+05:30,573.8682719984386,578.221494378374,562.1713434923649,566.8084716796875,1452038,0.0,0.0
2013-05-30 00:00:00+05:30,567.8119544072193,572.3544500424771,562.8909174690235,567.5848388671875,2408346,0.0,0.0
2013-05-31 00:00:00+05:30,564.4047409994475,571.3131155958525,559.010530698145,567.224853515625,1929868,0.0,0.0
2013-06-03 00:00:00+05:30,569.3260959557044,570.4617198173182,551.5725003440785,556.2285766601562,3097612,0.0,0.0
2013-06-04 00:00:00+05:30,552.6701872277972,557.9319194849143,548.9415654118593,554.6953735351562,1305320,0.0,0.0
2013-06-05 00:00:00+05:30,553.0864881629268,557.4586571118012,549.906733128167,555.6227416992188,1728676,0.0,0.0
2013-06-06 00:00:00+05:30,555.2027178635894,564.6744486024019,554.5725807677458,561.7145385742188,2540452,6.5,0.0
2013-06-07 00:00:00+05:30,561.4661996238733,587.7807602008417,560.6641689245195,580.1231689453125,3550844,0.0,0.0
2013-06-10 00:00:00+05:30,582.452880859375,589.9576458587383,580.1804063895047,582.452880859375,3360430,0.0,0.0
2013-06-11 00:00:00+05:30,584.4199265528559,588.926647170754,569.8304523857101,573.4778442382812,2205468,0.0,0.0
2013-06-12 00:00:00+05:30,570.6324126377009,571.0143364861461,558.3917812679695,560.702392578125,4805954,0.0,0.0
2013-06-13 00:00:00+05:30,557.608894544475,559.1365901459668,548.0989801008751,552.1282958984375,3151342,0.0,0.0
2013-06-14 00:00:00+05:30,553.025709067232,556.558504515348,546.5330039193432,554.056884765625,3105996,0.0,0.0
2013-06-17 00:00:00+05:30,554.9352964708908,559.5183821953578,545.3872012115843,554.7252197265625,2584162,0.0,0.0
2013-06-18 00:00:00+05:30,555.6990359844466,557.6086546648055,550.0274778280906,551.4215087890625,2291528,0.0,0.0
2013-06-19 00:00:00+05:30,555.6610003938646,555.6610003938646,543.687697414905,545.2726440429688,2139788,0.0,0.0
2013-06-20 00:00:00+05:30,542.7137301245717,547.3541137071618,534.349589421141,536.4119873046875,4172878,0.0,0.0
2013-06-21 00:00:00+05:30,538.0541843768897,546.8574986243148,537.7486267358059,543.1910400390625,2848224,0.0,0.0
2013-06-24 00:00:00+05:30,540.4220758374498,547.7168097276243,534.7314029583853,538.77978515625,1889164,0.0,0.0
2013-06-25 00:00:00+05:30,539.8492060388636,545.043359574213,527.3220887287121,531.75244140625,1860548,0.0,0.0
2013-06-26 00:00:00+05:30,533.5092161024422,552.9300265681455,527.4557348924012,549.0916748046875,2326488,0.0,0.0
2013-06-27 00:00:00+05:30,552.9494028272704,571.7400387591033,550.7342257118416,569.792236328125,3820678,0.0,0.0
2013-06-28 00:00:00+05:30,570.9759614398853,582.1663450852861,556.9211498942843,579.8175048828125,4817096,0.0,0.0
2013-07-01 00:00:00+05:30,577.4687396194017,579.263762687851,566.5457291334513,569.9639282226562,1354652,0.0,0.0
2013-07-02 00:00:00+05:30,570.2503432075493,576.1319782963701,567.7869536625925,573.095703125,1657242,0.0,0.0
2013-07-03 00:00:00+05:30,572.0072117556854,580.1422067063779,559.5183231236628,568.9900512695312,1530906,0.0,0.0
2013-07-04 00:00:00+05:30,569.3911737542489,588.5446645363812,569.0665477996158,587.5134887695312,1917060,0.0,0.0
2013-07-05 00:00:00+05:30,588.9263964335237,595.0371761630544,581.2879217716103,584.419677734375,1293012,0.0,0.0
2013-07-08 00:00:00+05:30,583.5797871043227,586.2532547154027,572.8859166600026,575.4257202148438,1658796,0.0,0.0
2013-07-09 00:00:00+05:30,571.0904999872067,581.1923627211921,571.0904999872067,574.7569580078125,1097326,0.0,0.0
2013-07-10 00:00:00+05:30,576.7047913537772,583.1211282108349,572.1217069191777,577.4495239257812,1322624,0.0,0.0
2013-07-11 00:00:00+05:30,580.5241560408945,599.620345384345,580.5241560408945,597.5388793945312,2335274,0.0,0.0
2013-07-12 00:00:00+05:30,609.1684676875172,620.549815701086,603.1722826103136,614.8400268554688,3251536,0.0,0.0
2013-07-15 00:00:00+05:30,611.4981652198406,629.1430721284684,610.8107303770979,627.0233764648438,2060570,0.0,0.0
2013-07-16 00:00:00+05:30,620.6260095585419,636.4185451543841,617.7997648676278,629.9258422851562,2224986,0.0,0.0
2013-07-17 00:00:00+05:30,628.2839293505398,643.5226556391971,628.2839293505398,641.0592651367188,2999250,0.0,0.0
2013-07-18 00:00:00+05:30,641.6320603511382,646.3297422987629,627.8828019150424,634.1463623046875,3445532,0.0,0.0
2013-07-19 00:00:00+05:30,656.5270161458086,671.803968237625,649.2704639021958,665.6168212890625,8550804,0.0,0.0
2013-07-22 00:00:00+05:30,664.9293871993428,671.7276500134748,660.0789732130268,667.0299682617188,2974772,0.0,0.0
2013-07-23 00:00:00+05:30,667.6027407428388,679.9961482596094,665.9222668537293,668.2902221679688,1646502,0.0,0.0
2013-07-24 00:00:00+05:30,667.793793271179,684.4074792919374,666.4570599131869,680.893798828125,2181644,0.0,0.0
2013-07-25 00:00:00+05:30,679.8243608226454,691.2820747690945,674.7447556577634,685.8396606445312,4088808,0.0,0.0
2013-07-26 00:00:00+05:30,685.5533159373679,687.0618965076574,668.4049256182986,677.723876953125,2379064,0.0,0.0
2013-07-29 00:00:00+05:30,672.9390178087363,686.9490016668844,672.6519277840738,681.0540771484375,1774262,2.0,0.0
2013-07-30 00:00:00+05:30,681.3603691518392,690.9108792309343,679.6186708657773,686.0686645507812,2617484,0.0,0.0
2013-07-31 00:00:00+05:30,685.1880380372572,701.0736824945457,684.9774867091189,694.9490966796875,2826750,0.0,0.0
2013-08-01 00:00:00+05:30,692.8629894547332,702.3369589729281,685.1880984876232,694.910888671875,2141178,0.0,0.0
2013-08-02 00:00:00+05:30,696.5570119370292,708.1171995186744,695.4086517172768,706.56689453125,1846854,0.0,0.0
2013-08-05 00:00:00+05:30,704.3273586956991,718.6435871797813,704.3273586956991,714.7391357421875,2355184,0.0,0.0
2013-08-06 00:00:00+05:30,716.9594559584393,720.3853780743187,713.7631965065652,715.849365234375,2305290,0.0,0.0
2013-08-07 00:00:00+05:30,717.3422365569621,723.8113407784407,694.164484449171,697.7052612304688,2694980,0.0,0.0
2013-08-08 00:00:00+05:30,690.9682097345149,710.5094879588299,682.7765656385362,706.39453125,2158628,0.0,0.0
2013-08-12 00:00:00+05:30,704.7102398015436,704.7102398015436,692.1357073883763,694.375,2077574,0.0,0.0
2013-08-13 00:00:00+05:30,696.7482921333349,706.1839930850273,692.8247286864901,696.59521484375,2168296,0.0,0.0
2013-08-14 00:00:00+05:30,698.3942147227117,711.2175669798839,689.7815154455063,701.8392944335938,3302068,0.0,0.0
2013-08-16 00:00:00+05:30,698.2793447916415,700.4995259142541,672.0010802857089,681.7047119140625,2779930,0.0,0.0
2013-08-19 00:00:00+05:30,688.2504401179325,691.6955201852636,672.0011644911095,680.3841552734375,2121352,0.0,0.0
2013-08-20 00:00:00+05:30,685.1114678581055,685.1114678581055,662.220810738363,664.670654296875,2724844,0.0,0.0
2013-08-21 00:00:00+05:30,666.0868936289818,667.4649159201263,651.1773755857218,657.55078125,3623994,0.0,0.0
2013-08-22 00:00:00+05:30,652.651141056729,687.9249349466078,648.899813754625,680.9581909179688,4260988,0.0,0.0
2013-08-23 00:00:00+05:30,686.7190541790826,703.5616619738872,683.0060434241587,700.288818359375,4032884,0.0,0.0
2013-08-26 00:00:00+05:30,697.8582196450114,719.1028752914194,694.3748710375526,705.0928955078125,2663238,0.0,0.0
2013-08-27 00:00:00+05:30,703.9446416657538,719.1986801563638,700.4995618533603,703.8681030273438,1945284,0.0,0.0
2013-08-28 00:00:00+05:30,699.7341185911247,744.9412205179624,699.7341185911247,730.3187866210938,4444684,0.0,0.0
2013-08-29 00:00:00+05:30,727.6774574855697,754.089737636282,718.9882187934095,745.3239135742188,5905182,0.0,0.0
2013-08-30 00:00:00+05:30,742.2234319349922,784.712756816263,738.7783515392135,778.2819213867188,5282942,0.0,0.0
2013-09-02 00:00:00+05:30,773.2289321671653,791.9854755712204,772.2719656669584,787.3346557617188,2154034,0.0,0.0
2013-09-03 00:00:00+05:30,784.7509155179278,791.2199722491494,760.2716822445776,765.9943237304688,2355064,0.0,0.0
2013-09-04 00:00:00+05:30,765.573447846935,795.7370603828622,763.2575694764399,792.0240478515625,2626516,0.0,0.0
2013-09-05 00:00:00+05:30,791.9855239908404,791.9855239908404,758.3194591460718,762.032470703125,3927492,0.0,0.0
2013-09-06 00:00:00+05:30,769.0184047016219,775.1429912995443,756.0036581810369,761.2861328125,2759596,0.0,0.0
2013-09-10 00:00:00+05:30,760.2144683070065,771.9660025754748,758.3005346002919,760.9417724609375,4300972,0.0,0.0
2013-09-11 00:00:00+05:30,768.6358096173379,772.4636771951135,759.2575340517877,763.2002563476562,3008494,0.0,0.0
2013-09-12 00:00:00+05:30,763.6594598412,765.0183713051077,744.8263730561738,753.2859497070312,1905568,0.0,0.0
2013-09-13 00:00:00+05:30,752.1757343899952,761.745400221929,745.1133396967816,747.869384765625,2096320,0.0,0.0
2013-09-16 00:00:00+05:30,746.434022170337,759.8315559015995,725.0171262249746,728.2708129882812,2460506,0.0,0.0
2013-09-17 00:00:00+05:30,727.2944982013363,747.4099515660241,726.1844077797588,745.4577026367188,3327816,0.0,0.0
2013-09-18 00:00:00+05:30,743.3908797698684,752.0992766131783,741.8023057256012,748.1565551757812,2109818,0.0,0.0
2013-09-19 00:00:00+05:30,745.6686284333244,761.7456727835296,737.4387128731004,752.6736450195312,3907240,0.0,0.0
2013-09-20 00:00:00+05:30,746.434034464098,761.7072325146645,742.988954305033,746.5488891601562,3591858,0.0,0.0
2013-09-23 00:00:00+05:30,746.433845113744,756.8456215958613,742.6059792413658,748.3860473632812,2988758,0.0,0.0
2013-09-24 00:00:00+05:30,748.3478041253283,757.1136266238858,737.2469927086354,742.4146118164062,4940300,0.0,0.0
2013-09-25 00:00:00+05:30,743.1802690687463,754.45331703989,735.0268948636145,749.898193359375,4333858,0.0,0.0
2013-09-26 00:00:00+05:30,748.2712341545571,755.6589872001018,740.7303104029418,743.716064453125,4919704,0.0,0.0
2013-09-27 00:00:00+05:30,743.792792663666,751.0083122760722,741.6300385643632,745.7067260742188,1784666,0.0,0.0
2013-09-30 00:00:00+05:30,747.9651492369371,750.9700152352186,734.9504025255472,737.9361572265625,1987350,0.0,0.0
2013-10-01 00:00:00+05:30,739.5438421586838,748.2905081721706,733.6871874508333,746.0703735351562,1591994,0.0,0.0
2013-10-03 00:00:00+05:30,754.7785820740096,779.6979785893961,750.4148058037083,774.9896850585938,4672354,0.0,0.0
2013-10-04 00:00:00+05:30,777.8223652431913,791.9854693347257,775.8892742372435,778.434814453125,1934032,0.0,0.0
2013-10-07 00:00:00+05:30,778.9708960074845,802.971602220743,775.2578838917182,799.928466796875,1993878,0.0,0.0
2013-10-08 00:00:00+05:30,797.3445910080404,803.0863907512572,787.2199028182558,789.0955200195312,1828106,0.0,0.0
2013-10-09 00:00:00+05:30,786.818182149904,802.9526066402497,782.8371905158552,800.3497314453125,1775858,0.0,0.0
2013-10-10 00:00:00+05:30,799.2587662916917,803.0866339463454,791.3159409082854,796.1964721679688,1164320,0.0,0.0
2013-10-11 00:00:00+05:30,805.0004361235847,818.3979707238345,797.1149926630666,812.2925415039062,2284448,0.0,0.0
2013-10-14 00:00:00+05:30,814.3786071494613,851.7003059494955,813.421640513563,847.0111694335938,4374460,0.0,0.0
2013-10-15 00:00:00+05:30,855.5279221663695,864.657418583066,842.5131797262547,848.0252685546875,4665092,0.0,0.0
2013-10-17 00:00:00+05:30,853.6143515368025,853.6143515368025,802.2060784014748,807.0866088867188,6687214,0.0,0.0
2013-10-18 00:00:00+05:30,805.6894179918526,816.7902316462291,789.133894179722,811.7565307617188,5346166,0.0,0.0
2013-10-21 00:00:00+05:30,813.4215192414617,814.5507210127157,784.7125244447042,792.9998168945312,3685372,0.0,0.0
2013-10-22 00:00:00+05:30,799.2583472404345,806.780065856671,794.990314424746,799.775146484375,2044614,0.0,0.0
2013-10-23 00:00:00+05:30,799.4499039232595,805.0003102468828,783.2388989372264,788.9806518554688,2455496,0.0,0.0
2013-10-24 00:00:00+05:30,781.6505033341901,797.0959852845289,766.281606766055,768.9036865234375,3617758,0.0,0.0
2013-10-25 00:00:00+05:30,765.1831900368664,794.7165763189911,765.1831900368664,793.0864868164062,2527402,2.0,0.0
2013-10-28 00:00:00+05:30,793.1824265587911,801.5438461084005,787.2565901174358,791.6290283203125,1803942,0.0,0.0
2013-10-29 00:00:00+05:30,792.0317417011594,800.0096104182581,785.4730378530347,793.872802734375,1829076,0.0,0.0
2013-10-30 00:00:00+05:30,794.0452003060117,805.4558244862334,794.0452003060117,802.3682250976562,2114874,0.0,0.0
2013-10-31 00:00:00+05:30,801.2367209489076,816.5787357109739,797.5545999499211,810.0775756835938,3523076,0.0,0.0
2013-11-01 00:00:00+05:30,809.2912653620849,821.5456807232904,802.042200962562,804.5352783203125,1346480,0.0,0.0
2013-11-05 00:00:00+05:30,805.4558226223908,807.3735745810155,779.2593121395304,783.2098999023438,2261286,0.0,0.0
2013-11-06 00:00:00+05:30,791.2644332040575,806.8174198266378,789.7494279325125,802.042236328125,1667750,0.0,0.0
2013-11-07 00:00:00+05:30,805.4557224656207,823.9236340746371,797.8997994162494,813.8746337890625,1956948,0.0,0.0
2013-11-08 00:00:00+05:30,816.9623722081493,817.6335854247523,794.4095894022432,801.9464111328125,1609346,0.0,0.0
2013-11-11 00:00:00+05:30,801.6202148889831,820.7977319915905,786.2782012068974,803.4036865234375,1961138,0.0,0.0
2013-11-12 00:00:00+05:30,804.2476130283873,813.7787833282505,797.4012016190028,800.527099609375,1000682,0.0,0.0
2013-11-13 00:00:00+05:30,805.0532868529032,807.8340279212764,783.842972726906,785.8949584960938,1208338,0.0,0.0
2013-11-14 00:00:00+05:30,794.7164068359858,794.7164068359858,775.4813454435723,777.1497802734375,2129704,0.0,0.0
2013-11-18 00:00:00+05:30,784.7440905188394,790.0754034333295,779.4702727062128,783.9769897460938,2831602,0.0,0.0
2013-11-19 00:00:00+05:30,786.2593737401746,788.1963226040672,775.2322962341567,778.5692138671875,2077864,0.0,0.0
2013-11-20 00:00:00+05:30,785.0703817260712,786.2401827337426,773.6214079335208,776.15283203125,1658696,0.0,0.0
2013-11-21 00:00:00+05:30,775.9991162969233,780.4099457022154,759.4297584763934,761.961181640625,2302882,0.0,0.0
2013-11-22 00:00:00+05:30,763.648856720621,771.3198648242937,761.385899966014,767.4268188476562,1494494,0.0,0.0
2013-11-25 00:00:00+05:30,770.1691608038153,777.3990760818003,764.4542507943856,772.1828002929688,1950998,0.0,0.0
2013-11-26 00:00:00+05:30,768.2899541746851,773.4103436990038,762.1148008344155,764.6845703125,2047412,0.0,0.0
2013-11-27 00:00:00+05:30,770.5529521050762,772.3556207214217,757.5122351456075,761.9038696289062,2120978,0.0,0.0
2013-11-28 00:00:00+05:30,764.4543313963095,765.7776084350588,755.5943260738833,761.1941528320312,2805722,0.0,0.0
2013-11-29 00:00:00+05:30,764.0325093706407,772.7390860053991,760.1203134422744,768.7693481445312,1924812,0.0,0.0
2013-12-02 00:00:00+05:30,765.1831381980304,775.1554497735435,765.1831381980304,772.4322509765625,1253260,0.0,0.0
2013-12-03 00:00:00+05:30,773.256688115942,783.2098007936745,772.8731377727521,775.0785522460938,1449184,0.0,0.0
2013-12-04 00:00:00+05:30,774.7335228228549,779.2210441252379,764.6653240366306,767.1200561523438,1519036,0.0,0.0
2013-12-05 00:00:00+05:30,773.2375997566887,779.968927946903,760.5996329133153,762.1721801757812,1397190,0.0,0.0
2013-12-06 00:00:00+05:30,763.6490261653861,770.936485480877,763.6490261653861,767.216064453125,1446962,0.0,0.0
2013-12-09 00:00:00+05:30,778.2237499201613,778.588104066646,767.1007884870983,768.9609985351562,1826340,0.0,0.0
2013-12-10 00:00:00+05:30,767.1009210703997,801.2369120580325,767.1009210703997,798.8397216796875,3653334,0.0,0.0
2013-12-11 00:00:00+05:30,797.4013294308162,800.4122377075144,783.593514202577,789.365966796875,1556062,0.0,0.0
2013-12-12 00:00:00+05:30,784.360576951135,791.6480346342996,776.7279145400075,778.1854248046875,1655964,0.0,0.0
2013-12-13 00:00:00+05:30,781.6565701782012,784.3606194034593,765.183098146651,767.791259765625,3463350,0.0,0.0
2013-12-16 00:00:00+05:30,772.3555447466075,782.3662492368676,769.0762163964574,774.4459228515625,2858500,0.0,0.0
2013-12-17 00:00:00+05:30,779.2208726898602,792.35751884564,778.6072015009752,784.4946899414062,2995474,0.0,0.0
2013-12-18 00:00:00+05:30,782.4426935177803,794.3327540565309,781.6755928378609,788.5028076171875,1587990,0.0,0.0
2013-12-19 00:00:00+05:30,796.2315058524495,809.2914168765388,791.130266345037,798.3602294921875,2161986,0.0,0.0
2013-12-20 00:00:00+05:30,800.8919381884899,816.9626687227493,800.0289494539236,813.338134765625,1965812,0.0,0.0
2013-12-23 00:00:00+05:30,816.9432296169801,822.1211604851497,804.6696157072447,808.9270629882812,1321224,0.0,0.0
2013-12-24 00:00:00+05:30,813.0503444609502,816.578990228013,807.0861156351791,809.5599975585938,870156,0.0,0.0
2013-12-26 00:00:00+05:30,811.2092793835609,811.9763803569732,802.1766466935793,805.5711059570312,2297194,0.0,0.0
2013-12-27 00:00:00+05:30,808.140698011824,832.265980871318,807.373597206877,828.7181396484375,2479946,0.0,0.0
2013-12-30 00:00:00+05:30,832.3043053358323,834.3179447842253,823.3675629606324,826.9537963867188,1668776,0.0,0.0
2013-12-31 00:00:00+05:30,828.5071074095316,838.0382769502949,824.9783694523265,833.0905151367188,1245776,0.0,0.0
2014-01-01 00:00:00+05:30,836.1782167122003,837.8658009196686,825.0552557478284,825.8990478515625,529952,0.0,0.0
2014-01-02 00:00:00+05:30,830.7702581513902,839.5919183256663,826.992248838048,831.15380859375,1726948,0.0,0.0
2014-01-03 00:00:00+05:30,830.2715949605484,854.9722987732541,823.5786587022864,852.3257446289062,2618174,0.0,0.0
2014-01-06 00:00:00+05:30,854.9339615226718,860.6872183296884,842.6603470010363,858.9996337890625,2311810,0.0,0.0
2014-01-07 00:00:00+05:30,859.1528342623548,865.4622191609234,843.4272689923741,846.1696166992188,2897486,0.0,0.0
2014-01-08 00:00:00+05:30,848.4133412007129,860.6869519233272,847.6462405305496,856.3336181640625,2550020,0.0,0.0
2014-01-09 00:00:00+05:30,854.8380318929695,865.0980060278598,852.2874589566546,859.90087890625,2582206,0.0,0.0
2014-01-10 00:00:00+05:30,866.8241637254689,885.9249980966756,857.2354008523996,874.84033203125,3369334,0.0,0.0
2014-01-13 00:00:00+05:30,876.4127462019705,914.3842393634565,876.4127462019705,908.5350952148438,3814316,0.0,0.0
2014-01-14 00:00:00+05:30,909.7817457835836,914.6912106946152,889.8371206652251,892.4260864257812,2974964,0.0,0.0
2014-01-15 00:00:00+05:30,898.447539348449,912.1594649823942,892.5217049004258,902.7241821289062,3048854,0.0,0.0
2014-01-16 00:00:00+05:30,912.8499238949814,912.8883163898931,891.7546525444671,901.45849609375,2997962,0.0,0.0
2014-01-17 00:00:00+05:30,881.3990007118861,881.3990007118861,846.1315528970918,848.81640625,7564756,0.0,0.0
2014-01-20 00:00:00+05:30,851.0792366325878,901.3435409078603,849.7560063324955,896.817626953125,6010558,0.0,0.0
2014-01-21 00:00:00+05:30,895.2069352188502,897.2205754972988,872.6158465034097,874.6102905273438,3132282,0.0,0.0
2014-01-22 00:00:00+05:30,877.2183653303899,880.9579826172485,868.3967040383133,872.2130126953125,2384030,0.0,0.0
2014-01-23 00:00:00+05:30,869.9309665117613,873.2294447792938,858.117591840446,863.9283447265625,2290762,0.0,0.0
2014-01-24 00:00:00+05:30,860.6872607056486,875.7416167585437,857.2353064514815,862.4899291992188,1850266,0.0,0.0
2014-01-27 00:00:00+05:30,855.3043430223811,868.1761738809839,853.037401379067,856.6876220703125,2532948,2.0,0.0
2014-01-28 00:00:00+05:30,857.6102801368296,863.7004265038424,843.8163171861538,850.0601196289062,2852166,0.0,0.0
2014-01-29 00:00:00+05:30,860.6837992293075,860.6837992293075,847.2356148663496,849.0799560546875,1698076,0.0,0.0
2014-01-30 00:00:00+05:30,844.5652963081568,855.6888483412948,841.4721948214799,852.0770874023438,2225250,0.0,0.0
2014-01-31 00:00:00+05:30,854.9587691845104,872.1340033579161,853.3833728913655,861.0872802734375,2174246,0.0,0.0
2014-02-03 00:00:00+05:30,853.7675452332417,862.3167477001361,841.7794688500694,843.181884765625,1362480,0.0,0.0
2014-02-04 00:00:00+05:30,835.3245034288742,835.7087373310954,811.5212319476923,826.6216430664062,2694166,0.0,0.0
2014-02-05 00:00:00+05:30,831.4052804293595,845.3145279921747,822.2604954105699,843.1627807617188,1853650,0.0,0.0
2014-02-06 00:00:00+05:30,837.6296759621739,841.4335530228402,824.1814930912216,835.8045654296875,1922652,0.0,0.0
2014-02-07 00:00:00+05:30,841.4722759659004,843.3934455457312,818.8024749238967,823.951171875,1990912,0.0,0.0
2014-02-10 00:00:00+05:30,823.7974843912915,823.7974843912915,801.166145127451,804.4129028320312,4019270,0.0,0.0
2014-02-11 00:00:00+05:30,806.8914376301828,817.0736391050399,805.3545015585063,807.5446166992188,3568786,0.0,0.0
2014-02-12 00:00:00+05:30,813.8070766053918,815.9588231126332,804.9697004194031,808.9849243164062,3074348,0.0,0.0
2014-02-13 00:00:00+05:30,809.58075290852,821.6456587370474,805.5462973292417,819.8590087890625,2094350,0.0,0.0
2014-02-14 00:00:00+05:30,821.4536346123537,839.455030729861,817.6882173586212,832.9806518554688,1910062,0.0,0.0
2014-02-17 00:00:00+05:30,829.9451940689182,839.9352751086367,825.0269815648674,832.02001953125,1670394,0.0,0.0
2014-02-18 00:00:00+05:30,831.8666204873434,841.8567046132885,828.3509168658725,832.2508544921875,1526916,0.0,0.0
2014-02-19 00:00:00+05:30,833.7873562822601,851.0778774954867,830.8095442955378,844.5266723632812,1072918,0.0,0.0
2014-02-20 00:00:00+05:30,847.6198681516904,853.7676097158006,838.705661645149,841.222412109375,1587924,0.0,0.0
2014-02-21 00:00:00+05:30,844.546117420165,850.3096259557894,841.7604216279466,847.5046997070312,1717860,0.0,0.0
2014-02-24 00:00:00+05:30,846.8514788898333,847.3317712440131,833.8259877673171,836.8229370117188,2450424,0.0,0.0
2014-02-25 00:00:00+05:30,841.0878993844788,845.1223548177985,837.6297947273474,841.0494384765625,3305374,0.0,0.0
2014-02-26 00:00:00+05:30,843.0090802997421,843.3933141558496,836.5347023014941,838.4558715820312,3859712,0.0,0.0
2014-02-28 00:00:00+05:30,830.3296224298051,876.0534655899841,830.0029860272404,874.4204711914062,3988192,0.0,0.0
2014-03-03 00:00:00+05:30,872.9026745379169,883.3538188353554,856.0732093802401,860.7032470703125,1606078,0.0,0.0
2014-03-04 00:00:00+05:30,858.0711309773698,866.0632148984571,854.5361978412461,860.9336547851562,2030332,0.0,0.0
2014-03-05 00:00:00+05:30,866.3899127930972,878.4548206473224,861.6638167024405,865.25634765625,2302006,0.0,0.0
2014-03-06 00:00:00+05:30,865.6213746221819,868.3686094700087,857.6676578879902,860.9721069335938,1314562,0.0,0.0
2014-03-07 00:00:00+05:30,862.7972351854789,864.5455182177056,827.1787708911469,856.2652587890625,4698472,0.0,0.0
2014-03-10 00:00:00+05:30,856.1114831882854,856.2651392062527,820.3392740432352,823.2786254882812,3829768,0.0,0.0
2014-03-11 00:00:00+05:30,828.0239763374265,836.7268358280651,815.3442588343474,826.7367553710938,2550254,0.0,0.0
2014-03-12 00:00:00+05:30,827.2555506161234,841.3761458252003,827.2555506161234,837.4185180664062,1669788,0.0,0.0
2014-03-13 00:00:00+05:30,825.3535808372853,846.0829793026497,821.0501802671017,825.929931640625,2019884,0.0,0.0
2014-03-14 00:00:00+05:30,822.64470579261,830.1372661676478,816.2280190020738,822.0875854492188,2161246,0.0,0.0
2014-03-18 00:00:00+05:30,820.5315795812148,826.7946115700663,808.5242689458072,815.3444213867188,2565842,0.0,0.0
2014-03-19 00:00:00+05:30,797.2852838356199,797.2852838356199,773.4820142434893,783.6065673828125,8652662,0.0,0.0
2014-03-20 00:00:00+05:30,783.0687287374321,815.6901510133165,772.848115849048,810.0419311523438,5728956,0.0,0.0
2014-03-21 00:00:00+05:30,816.49685219862,824.181528454607,801.1274996866459,817.2653198242188,4680776,0.0,0.0
2014-03-24 00:00:00+05:30,821.0884907230467,829.1574014131301,816.9387464638713,827.101806640625,2183014,0.0,0.0
2014-03-25 00:00:00+05:30,823.7975524635384,834.5561025889951,818.4182774008101,824.8157348632812,2249968,0.0,0.0
2014-03-26 00:00:00+05:30,825.3535296983584,829.3687546180887,802.1073820706566,804.3935546875,3192350,0.0,0.0
2014-03-27 00:00:00+05:30,807.2561108003415,812.6546153040879,793.4621527253464,804.6817626953125,5012476,0.0,0.0
2014-03-28 00:00:00+05:30,805.738367926792,815.6708502807714,799.2256230561837,807.697998046875,2971162,0.0,0.0
2014-03-31 00:00:00+05:30,808.4280987142373,824.1624576345414,799.9749531953622,819.6284790039062,2683268,0.0,0.0
2014-04-01 00:00:00+05:30,824.181682066919,839.5510374434583,824.1432211556374,836.3618774414062,2755932,0.0,0.0
2014-04-02 00:00:00+05:30,841.4722514188197,846.0830582759091,830.3486986375127,834.652099609375,3763016,0.0,0.0
2014-04-03 00:00:00+05:30,834.8826718249774,838.3983745068731,825.1807657955096,832.4427490234375,1581194,0.0,0.0
2014-04-04 00:00:00+05:30,834.5559180570568,840.3194257784454,818.418096437169,821.818603515625,1694656,0.0,0.0
2014-04-07 00:00:00+05:30,818.4566032964505,832.2313312396857,814.8447486373403,827.5629272460938,2594986,0.0,0.0
2014-04-09 00:00:00+05:30,826.871580702259,830.7139207612845,808.8125824248399,822.4144287109375,3350500,0.0,0.0
2014-04-10 00:00:00+05:30,822.4142985613729,825.5842286084178,812.7316219063681,816.93896484375,2152886,0.0,0.0
2014-04-11 00:00:00+05:30,813.8073496353967,835.6702196641407,806.8911398651242,831.5205688476562,2340742,0.0,0.0
2014-04-15 00:00:00+05:30,838.0142226341416,867.6002359962823,835.3438155141764,865.5830078125,3597244,0.0,0.0
2014-04-16 00:00:00+05:30,869.9056867768003,869.9056867768003,839.2437979602578,843.89306640625,3475910,0.0,0.0
2014-04-17 00:00:00+05:30,852.9993455242934,855.6889831002709,823.2980432452905,854.1135864257812,7681438,0.0,0.0
2014-04-21 00:00:00+05:30,852.9990386018552,861.797955125862,849.6562232930748,853.6714477539062,1842594,0.0,0.0
2014-04-22 00:00:00+05:30,858.3594124554018,864.487925186585,852.9609067051935,853.40283203125,1486274,0.0,0.0
2014-04-23 00:00:00+05:30,857.379407468736,862.1823307735647,845.737196423508,850.5977172851562,1938992,0.0,0.0
2014-04-24 00:00:00+05:30,850.5977172851562,850.5977172851562,850.5977172851562,850.5977172851562,0,0.0,0.0
2014-04-25 00:00:00+05:30,855.6886893171745,858.7625597772272,842.7015678620354,847.3316040039062,3160448,0.0,0.0
2014-04-28 00:00:00+05:30,847.3319645765768,854.0368286093305,837.6685177284468,841.9911499023438,2550766,0.0,0.0
2014-04-29 00:00:00+05:30,839.9351125567,847.7543081493086,836.4385473466455,843.1050415039062,1846180,0.0,0.0
2014-04-30 00:00:00+05:30,839.5896141331203,847.4664098497972,838.0142174669395,841.1649169921875,2397378,0.0,0.0
2014-05-02 00:00:00+05:30,838.1102572643846,852.9608610908895,838.1102572643846,848.5614013671875,1917778,0.0,0.0
2014-05-05 00:00:00+05:30,849.4641895661159,856.4572266707399,846.9089782538853,850.5784301757812,1314478,0.0,0.0
2014-05-06 00:00:00+05:30,850.5784030268659,853.6139065407007,841.4720800995349,844.8917236328125,961232,0.0,0.0
2014-05-07 00:00:00+05:30,841.8757852034994,846.4673619825631,822.2990849031828,832.0778198242188,4716182,0.0,0.0
2014-05-08 00:00:00+05:30,831.9047811743411,838.3214679780136,825.1998251639426,830.7328491210938,2606900,0.0,0.0
2014-05-09 00:00:00+05:30,826.8713280848202,839.4357574778486,826.8713280848202,829.90673828125,1799440,0.0,0.0
2014-05-12 00:00:00+05:30,827.2553902914492,832.5193747102431,815.7859735766982,829.6953125,2886064,0.0,0.0
2014-05-13 00:00:00+05:30,832.1736692024324,860.2995675212076,832.1736692024324,849.5217895507812,2547484,0.0,0.0
2014-05-14 00:00:00+05:30,850.8475817618951,859.8002511416947,845.7373455103997,851.5008544921875,1389228,0.0,0.0
2014-05-15 00:00:00+05:30,851.500861043168,854.9205055424927,834.2294706158439,842.6826171875,2520196,0.0,0.0
2014-05-16 00:00:00+05:30,845.3336851604142,865.8325044028009,806.9871288627494,830.2332763671875,5241798,0.0,0.0
2014-05-19 00:00:00+05:30,826.1026140440739,829.9449517838137,768.2754310609887,782.5689086914062,6516606,0.0,0.0
2014-05-20 00:00:00+05:30,779.2263022633826,829.9451740083365,779.2263022633826,794.6724853515625,4702114,0.0,0.0
2014-05-21 00:00:00+05:30,791.9828549184203,802.6645755468593,789.9080294886737,800.3015747070312,4116946,0.0,0.0
2014-05-22 00:00:00+05:30,805.6426331985133,816.1130096166172,797.3240046864306,811.4829711914062,4216842,0.0,0.0
2014-05-23 00:00:00+05:30,814.1917445092738,825.7187630724065,805.354363610872,817.6113891601562,3094780,0.0,0.0
2014-05-26 00:00:00+05:30,825.718540230612,833.633795030671,819.8013764879524,827.6397094726562,2650850,0.0,0.0
2014-05-27 00:00:00+05:30,830.0029598733823,839.397555339576,813.8075358124278,818.9754638671875,1795094,0.0,0.0
2014-05-28 00:00:00+05:30,822.2604012213899,829.4647855778857,815.5170787022922,826.3140869140625,1887488,0.0,0.0
2014-05-29 00:00:00+05:30,824.1816865139133,837.6298725409467,820.4161756649236,829.9259643554688,2820710,0.0,0.0
2014-05-30 00:00:00+05:30,829.4843442465195,832.6350441570316,818.4759843096838,822.7794799804688,2585648,0.0,0.0
2014-06-02 00:00:00+05:30,823.7971605707836,829.0803746369442,813.0578460122563,818.3602905273438,1095158,0.0,0.0
2014-06-03 00:00:00+05:30,818.3606024294807,821.4920711648213,808.8891805913303,817.8803100585938,2484628,0.0,0.0
2014-06-04 00:00:00+05:30,818.4181504605046,820.300858917598,798.0537551673559,802.7606201171875,2141062,0.0,0.0
2014-06-05 00:00:00+05:30,800.3977297025933,813.1926444075577,794.5957598904137,808.4857788085938,4348470,0.0,0.0
2014-06-06 00:00:00+05:30,814.6924436136989,817.6600967923614,797.5657652820258,808.5245361328125,3361586,10.0,0.0
2014-06-09 00:00:00+05:30,809.591546870714,821.6171041074135,806.8760984624269,819.9878540039062,2666196,0.0,0.0
2014-06-10 00:00:00+05:30,820.45313674025,838.2780925662671,820.45313674025,837.19189453125,2628068,0.0,0.0
2014-06-11 00:00:00+05:30,839.8491656274507,858.8572991682105,829.4528614024734,856.1224365234375,3544562,0.0,0.0
2014-06-12 00:00:00+05:30,872.434341931733,874.373946960483,847.1419112982888,867.9151000976562,2734338,0.0,0.0
2014-06-13 00:00:00+05:30,868.1675142921334,868.5554354334614,847.6271088002761,858.682861328125,1904022,0.0,0.0
2014-06-16 00:00:00+05:30,857.3053046414632,883.2765934582665,857.3053046414632,880.4835815429688,2439906,0.0,0.0
2014-06-17 00:00:00+05:30,886.3607810314311,891.0546636816729,880.9687162477488,884.40185546875,1918144,0.0,0.0
2014-06-18 00:00:00+05:30,889.5032430672801,889.5032430672801,861.6893141116985,863.9198608398438,1948824,0.0,0.0
2014-06-19 00:00:00+05:30,865.0641900882588,887.9515386152576,857.3445968578411,882.927978515625,1896354,0.0,0.0
2014-06-20 00:00:00+05:30,886.3612205265731,891.8309479992374,877.47786184179,889.2706298828125,1155674,0.0,0.0
2014-06-23 00:00:00+05:30,889.503206722973,892.1798248044562,874.3936967059273,880.1349487304688,1262734,0.0,0.0
2014-06-24 00:00:00+05:30,880.1929288458108,899.7829433485492,874.7620337361408,895.7291870117188,1479100,0.0,0.0
2014-06-25 00:00:00+05:30,896.0979037116707,899.9771154160503,889.5032438142256,896.311279296875,1028422,0.0,0.0
2014-06-26 00:00:00+05:30,890.666671039577,909.3450304609134,888.7852161904005,895.1859130859375,2036182,0.0,0.0
2014-06-27 00:00:00+05:30,898.8136265069227,933.6877125009685,898.0377839290142,930.8365478515625,3058836,0.0,0.0
2014-06-30 00:00:00+05:30,931.2242289521363,944.5880949682307,921.9335354194777,940.864013671875,2146470,0.0,0.0
2014-07-01 00:00:00+05:30,938.342489547726,938.3813195480383,924.1446314091327,927.4225463867188,1092790,0.0,0.0
2014-07-02 00:00:00+05:30,931.0106970104771,935.5687702145908,924.60999846853,931.6314086914062,907740,0.0,0.0
2014-07-03 00:00:00+05:30,930.6226751407905,948.4670449017228,927.9072275684748,937.954345703125,1526762,0.0,0.0
2014-07-04 00:00:00+05:30,935.8210578015597,940.9028633654154,931.398794038492,935.0840454101562,536136,0.0,0.0
2014-07-07 00:00:00+05:30,938.788488314029,969.0269194821086,935.0449928295194,965.361083984375,2204902,0.0,0.0
2014-07-08 00:00:00+05:30,963.9644351641,964.4299215023965,943.908934969456,950.1932373046875,2500588,0.0,0.0
2014-07-09 00:00:00+05:30,958.1650754233357,959.1930284108108,923.8728895542608,930.2929077148438,1554242,0.0,0.0
2014-07-10 00:00:00+05:30,930.8362233718082,938.6140614455365,905.7958939571407,912.31298828125,1990562,0.0,0.0
2014-07-11 00:00:00+05:30,919.761237279977,934.890165265603,915.9208549819431,928.8579711914062,1329446,0.0,0.0
2014-07-14 00:00:00+05:30,938.3035493079748,946.1395363667649,925.2887778264969,941.1935424804688,1587924,0.0,0.0
2014-07-15 00:00:00+05:30,941.1741756911091,942.648294846733,928.5861546458302,930.7391357421875,1389656,0.0,0.0
2014-07-16 00:00:00+05:30,934.7539188689195,940.3206238111123,925.9093947078132,931.7282104492188,1407240,0.0,0.0
2014-07-17 00:00:00+05:30,934.890058306967,942.570916731617,921.3128167962849,924.0088500976562,1790220,0.0,0.0
2014-07-18 00:00:00+05:30,951.1826091304715,963.9840063985406,944.5879499317692,946.9930419921875,3507488,0.0,0.0
2014-07-21 00:00:00+05:30,957.3893875253679,958.1070795277906,947.7107738822441,955.74072265625,981072,0.0,0.0
2014-07-22 00:00:00+05:30,956.2254346983576,985.3195148615936,955.022841502027,982.3712768554688,2399016,0.0,0.0
2014-07-23 00:00:00+05:30,985.3192265174594,1007.1591952435316,982.3322541029341,1003.2217407226562,2065858,0.0,0.0
2014-07-24 00:00:00+05:30,1006.6164538462413,1009.3707316194383,995.7934927237118,1006.7328491210938,1481418,0.0,0.0
2014-07-25 00:00:00+05:30,1006.2674878986077,1014.161721378579,995.793616590488,1010.8255615234375,1806914,0.0,0.0
2014-07-28 00:00:00+05:30,1017.2990291395487,1026.1806344100933,1008.5556207218465,1022.0951538085938,1314922,22.5,0.0
2014-07-30 00:00:00+05:30,1020.3186820680476,1030.2660592276557,1015.5028983068914,1024.36474609375,1899252,0.0,0.0
2014-07-31 00:00:00+05:30,1016.4894263873372,1025.528884161779,1014.1801715291188,1018.443359375,2407210,0.0,0.0
2014-08-01 00:00:00+05:30,1016.4503498970716,1021.5621877222377,990.7923798996699,993.3186645507812,2381882,0.0,0.0
2014-08-04 00:00:00+05:30,999.4767238369021,1003.3845919099024,982.1082499629591,997.1280517578125,1828636,0.0,0.0
2014-08-05 00:00:00+05:30,1004.5686825475193,1004.6081948955581,982.9371175700189,996.2002563476562,1404656,0.0,0.0
2014-08-06 00:00:00+05:30,993.2199204425316,1000.6015976960371,982.9962454057752,989.4699096679688,1837562,0.0,0.0
2014-08-07 00:00:00+05:30,982.8974540694271,984.8711437362332,970.6803343062106,974.9237670898438,1672656,0.0,0.0
2014-08-08 00:00:00+05:30,973.0293027606793,989.8845983861091,973.0293027606793,978.4371948242188,1464790,0.0,0.0
2014-08-11 00:00:00+05:30,983.2529437769819,985.0885334831173,969.0818867113869,974.371337890625,1290896,0.0,0.0
2014-08-12 00:00:00+05:30,982.858182281313,982.858182281313,963.2397214659693,975.6937255859375,984552,0.0,0.0
2014-08-13 00:00:00+05:30,975.0029706436542,998.6872533313542,975.0029706436542,986.8648681640625,2768378,0.0,0.0
2014-08-14 00:00:00+05:30,992.3711089858986,999.4763913891389,982.9171552847881,986.74609375,1578056,0.0,0.0
2014-08-18 00:00:00+05:30,983.3120831303459,988.8186587821823,975.0028292183594,981.9502563476562,1373260,0.0,0.0
2014-08-19 00:00:00+05:30,986.8453031488684,988.7794813943956,961.1873252669978,962.5689086914062,3234156,0.0,0.0
2014-08-20 00:00:00+05:30,964.9371727584072,969.1016785013707,959.2332271538721,961.6608276367188,2056758,0.0,0.0
2014-08-21 00:00:00+05:30,965.9239384431788,971.0555327217899,959.2133920788413,960.1804809570312,2265450,0.0,0.0
2014-08-22 00:00:00+05:30,964.7395693585974,974.2922086679483,961.5027373772896,972.7132568359375,3096238,0.0,0.0
2014-08-25 00:00:00+05:30,975.0025797853057,998.0947461486419,973.7788537883704,995.5487060546875,3143512,0.0,0.0
2014-08-26 00:00:00+05:30,998.2924330908918,1006.5819313490605,986.845030734373,1000.1871948242188,1815490,0.0,0.0
2014-08-27 00:00:00+05:30,1000.266506599825,1013.4507227159096,992.3914995100348,1006.5625610351562,1435460,0.0,0.0
2014-08-28 00:00:00+05:30,1005.3977957171173,1006.3057124905129,991.9767022524993,995.6675415039062,1766288,0.0,0.0
2014-09-01 00:00:00+05:30,996.8715320411662,1010.5295084778284,995.943955354393,1001.5097045898438,810148,0.0,0.0
2014-09-02 00:00:00+05:30,1004.9244586233806,1008.4771021751685,992.4112778319638,1001.8059692382812,1407940,0.0,0.0
2014-09-03 00:00:00+05:30,1002.2401466529858,1032.6349837117807,1002.2401466529858,1028.845458984375,3061690,0.0,0.0
2014-09-04 00:00:00+05:30,1035.0030631513566,1037.1543660334755,1017.4174655157151,1020.299072265625,1701598,0.0,0.0
2014-09-05 00:00:00+05:30,1026.2796840634182,1034.9245074255275,1019.6284040172359,1025.7666015625,1467060,0.0,0.0
2014-09-08 00:00:00+05:30,1031.0556351845937,1046.0556788817662,1025.9437974621103,1043.174072265625,1697342,0.0,0.0
2014-09-09 00:00:00+05:30,1046.844986824525,1052.766055754528,1036.2265750920121,1038.6541748046875,1418098,0.0,0.0
2014-09-10 00:00:00+05:30,1041.318677070714,1043.1936822701402,1022.8449223578453,1026.3778076171875,1258768,0.0,0.0
2014-09-11 00:00:00+05:30,1030.266139439071,1035.950327866655,1022.9634867265717,1025.66748046875,1075622,0.0,0.0
2014-09-12 00:00:00+05:30,1030.2667912211994,1035.9313234304007,1023.635169612574,1029.3194580078125,1196210,0.0,0.0
2014-09-15 00:00:00+05:30,1031.8447278346932,1033.660560472079,1008.1604571116322,1009.8578491210938,1151544,0.0,0.0
2014-09-16 00:00:00+05:30,1012.8975385139873,1016.4501799195313,1004.213303967102,1006.9172973632812,1535608,0.0,0.0
2014-09-17 00:00:00+05:30,1010.924325991621,1028.1941187530945,1010.924325991621,1022.8453979492188,1657700,0.0,0.0
2014-09-18 00:00:00+05:30,1023.0424540282604,1046.7662463468066,1018.8187767079332,1043.0162353515625,1483078,0.0,0.0
2014-09-19 00:00:00+05:30,1043.292382824956,1081.5819632767232,1042.897644882154,1071.397705078125,3587864,0.0,0.0
2014-09-22 00:00:00+05:30,1071.318973425377,1079.2137337306485,1056.4176133491765,1074.39794921875,999584,0.0,0.0
2014-09-23 00:00:00+05:30,1075.2665302378098,1098.3389517463088,1059.2007096513814,1061.1348876953125,2055990,0.0,0.0
2014-09-24 00:00:00+05:30,1063.0293794560514,1068.535954999193,1039.2464161763533,1043.29248046875,2442132,0.0,0.0
2014-09-25 00:00:00+05:30,1050.3778146915913,1075.6607969172987,1050.002832954134,1069.1871337890625,2473158,0.0,0.0
2014-09-26 00:00:00+05:30,1069.7399947824492,1075.6215525150922,1053.989986913437,1059.476806640625,1612712,0.0,0.0
2014-09-29 00:00:00+05:30,1063.9766111745973,1095.5754027314456,1056.0424363569516,1092.6148681640625,2089534,0.0,0.0
2014-09-30 00:00:00+05:30,1094.5891526932373,1096.0496645991652,1069.0101008566608,1080.240478515625,2788954,0.0,0.0
2014-10-01 00:00:00+05:30,1086.3187898028104,1106.0556864198672,1080.3977208176934,1095.6346435546875,2142022,0.0,0.0
2014-10-07 00:00:00+05:30,1081.4241908206527,1120.937404147667,1075.8978591912876,1078.1676025390625,3457674,0.0,0.0
2014-10-08 00:00:00+05:30,1080.7929221236705,1081.5626421474285,1045.7599156085223,1059.1612548828125,1962442,0.0,0.0
2014-10-09 00:00:00+05:30,1068.9505059599073,1074.9900166452971,1060.463638944347,1068.1807861328125,1685176,0.0,0.0
2014-10-10 00:00:00+05:30,1068.1610816783239,1076.6281929295055,1053.3584059344446,1057.3057861328125,2344362,0.0,0.0
2014-10-13 00:00:00+05:30,1057.8977475397883,1075.5820276684994,1053.9503678847889,1072.325439453125,2209532,0.0,0.0
2014-10-14 00:00:00+05:30,1077.6348799643413,1079.8848675822555,1057.4243110136879,1065.4769287109375,2369406,0.0,0.0
2014-10-15 00:00:00+05:30,1065.4769287109375,1065.4769287109375,1065.4769287109375,1065.4769287109375,0,0.0,0.0
2014-10-16 00:00:00+05:30,1077.6348142822944,1088.9243604091253,1051.680788993261,1057.14794921875,3848014,0.0,0.0
2014-10-17 00:00:00+05:30,976.9766675500928,991.325434125173,959.2134554128183,963.61474609375,9892812,0.0,0.0
2014-10-20 00:00:00+05:30,982.8975458190579,984.3186410604382,954.4566557912236,956.5685424804688,3399242,0.0,0.0
2014-10-21 00:00:00+05:30,957.5754076277485,964.6411806942186,953.2924609213454,960.5556030273438,1950732,0.0,0.0
2014-10-22 00:00:00+05:30,980.9239665807607,982.5029186396433,965.1739583420419,967.8384399414062,2067664,0.0,0.0
2014-10-27 00:00:00+05:30,994.3451284546474,994.6214258099113,965.1147571509256,969.9305419921875,2797208,0.0,0.0
2014-10-28 00:00:00+05:30,980.8845387229605,980.8845387229605,968.4700463649433,978.3977661132812,2289958,0.0,0.0
2014-10-29 00:00:00+05:30,978.9514390272915,994.3773404907519,978.1603671573704,991.2328491210938,2425016,2.5,0.0
2014-10-30 00:00:00+05:30,997.4622154556743,1018.4651088264948,992.3993378227011,1011.8596801757812,4111292,0.0,0.0
2014-10-31 00:00:00+05:30,1012.9678757814493,1036.304503923232,1012.9678757814493,1031.498779296875,3170070,0.0,0.0
2014-11-03 00:00:00+05:30,1047.7745569917797,1047.7745569917797,1020.6803489306484,1024.576416015625,2541632,0.0,0.0
2014-11-05 00:00:00+05:30,1043.4236885624039,1043.4236885624039,1024.4379656469393,1028.195556640625,2310642,0.0,0.0
2014-11-07 00:00:00+05:30,1030.2922639949675,1034.603568069197,1011.3856225626031,1017.6549072265625,2126740,0.0,0.0
2014-11-10 00:00:00+05:30,1018.5447865269995,1021.2739462851652,1009.0123303537786,1016.3890380859375,1541964,0.0,0.0
2014-11-11 00:00:00+05:30,1019.6917157645672,1026.0202911921208,1010.7525643465889,1020.7596435546875,1249940,0.0,0.0
2014-11-12 00:00:00+05:30,1020.4827018348485,1032.7443156941044,1018.5050221801298,1025.1302490234375,1320582,0.0,0.0
2014-11-13 00:00:00+05:30,1026.4156696180098,1030.3314364362423,1014.6088842715733,1023.8248901367188,1645540,0.0,0.0
2014-11-14 00:00:00+05:30,1022.5396839225403,1032.8038241709826,1018.5052358936416,1030.94482421875,1457174,0.0,0.0
2014-11-17 00:00:00+05:30,1026.4554208675224,1038.2819075883508,1025.328104741296,1035.6318359375,1570552,0.0,0.0
2014-11-18 00:00:00+05:30,1036.3036496135348,1038.933923685444,1020.383335912411,1022.796142578125,1467026,0.0,0.0
2014-11-19 00:00:00+05:30,1027.6026130516939,1027.6026130516939,1011.5636076109106,1018.0108642578125,1865746,0.0,0.0
2014-11-20 00:00:00+05:30,1023.6468683291662,1032.4475417527844,1012.7894276209443,1030.5489501953125,1795386,0.0,0.0
2014-11-21 00:00:00+05:30,1031.5576246009664,1044.2147733690765,1023.1128945306904,1037.1544189453125,2001594,0.0,0.0
2014-11-24 00:00:00+05:30,1037.0953273759847,1054.1033743161706,1037.0953273759847,1051.2159423828125,1942766,0.0,0.0
2014-11-25 00:00:00+05:30,1052.125675739757,1059.7990348986682,1034.7220931335355,1042.6328125,2371684,0.0,0.0
2014-11-26 00:00:00+05:30,1040.2791298879843,1050.6817425390718,1034.326295755923,1039.19140625,1584800,0.0,0.0
2014-11-27 00:00:00+05:30,1039.1915300646015,1055.2898225115264,1038.4004582336333,1049.4754638671875,1732418,0.0,0.0
2014-11-28 00:00:00+05:30,1051.472881783151,1064.7430337654387,1042.3755562268466,1045.4013671875,1989768,0.0,0.0
2014-12-01 00:00:00+05:30,1048.3678464583495,1067.9468724533272,1046.2912830952457,1065.1583251953125,1896354,0.0,0.0
2014-12-02 00:00:00+05:30,1065.1784776073355,1072.2783296913994,1047.913369354003,1051.057861328125,1436572,0.0,0.0
2014-12-03 00:00:00+05:30,1056.8322470024536,1057.4255508044087,1035.710670279406,1042.37548828125,3094670,0.0,0.0
2014-12-04 00:00:00+05:30,1053.707906946784,1054.8945149501026,1040.2200906825017,1043.4041748046875,1285308,0.0,0.0
2014-12-05 00:00:00+05:30,1044.5703772247705,1048.090703520473,1017.3772930149262,1020.0669555664062,2359676,0.0,0.0
2014-12-08 00:00:00+05:30,1026.415744281549,1026.415744281549,989.4924263761175,993.9027099609375,3232574,0.0,0.0
2014-12-09 00:00:00+05:30,995.1682065108176,1012.1762481960184,992.4390477506707,994.71337890625,2487940,0.0,0.0
2014-12-10 00:00:00+05:30,994.7726987318782,1001.4572162121158,987.3366051696337,991.96435546875,2087970,0.0,0.0
2014-12-11 00:00:00+05:30,989.0770355316755,997.8974081829925,983.697709071042,985.7346801757812,1938822,0.0,0.0
2014-12-12 00:00:00+05:30,988.8397835957859,996.7505018645521,958.2450420647782,969.33984375,2380786,0.0,0.0
2014-12-15 00:00:00+05:30,943.3134191905789,943.3530114025109,930.3992121893317,932.9306030273438,3487788,0.0,0.0
2014-12-16 00:00:00+05:30,929.5093313671905,972.7216268786226,927.5316519387496,966.31396484375,3339140,0.0,0.0
2014-12-17 00:00:00+05:30,970.4081444841868,976.974081798144,951.3631215566744,966.729736328125,2287076,0.0,0.0
2014-12-18 00:00:00+05:30,971.0801011315892,976.3802428795955,963.0507040867149,973.2950439453125,1481444,0.0,0.0
2014-12-19 00:00:00+05:30,977.487490323059,998.2333205037667,976.1822030721332,993.0122680664062,1903130,0.0,0.0
2014-12-22 00:00:00+05:30,999.123990251082,1000.3105983155132,978.7142929163005,994.1401977539062,1643954,0.0,0.0
2014-12-23 00:00:00+05:30,988.839638884898,1003.3359893644022,986.703783891455,995.445068359375,1266476,0.0,0.0
2014-12-24 00:00:00+05:30,994.7730620063459,997.086986284097,975.2533213479682,980.8897094726562,3288972,0.0,0.0
2014-12-26 00:00:00+05:30,983.3021404944018,992.7950010623284,974.995887497466,990.8173217773438,626206,0.0,0.0
2014-12-29 00:00:00+05:30,992.0041968112789,1003.4549436454023,991.608660847638,997.8976440429688,778920,0.0,0.0
2014-12-30 00:00:00+05:30,998.7275012701334,1005.6295789458453,995.167680473527,1000.7249755859375,701342,0.0,0.0
2014-12-31 00:00:00+05:30,1001.7738591643835,1015.1034010722119,998.7282517298125,1011.8798217773438,1573792,0.0,0.0
2015-01-01 00:00:00+05:30,1015.3406096375098,1015.3406096375098,1005.0566767000049,1006.8563842773438,366830,0.0,0.0
2015-01-02 00:00:00+05:30,1009.0119777222445,1024.8136159981523,1008.8538020049717,1020.2649536132812,925740,0.0,0.0
2015-01-05 00:00:00+05:30,1020.8782827675594,1028.3538735653751,998.5897934498156,1004.7601928710938,1754242,0.0,0.0
2015-01-06 00:00:00+05:30,1000.3501026952614,1000.3501026952614,965.1078076500053,967.7183837890625,2423784,0.0,0.0
2015-01-07 00:00:00+05:30,976.9737182515948,980.5928332776728,952.2329272473713,956.2871704101562,2636332,0.0,0.0
2015-01-08 00:00:00+05:30,966.0572145367058,968.6677911058207,957.414809742518,966.6110229492188,1565408,0.0,0.0
2015-01-09 00:00:00+05:30,971.0408467869169,996.7110936823398,969.0631668545606,993.705078125,3197642,0.0,0.0
2015-01-12 00:00:00+05:30,995.5640677270641,999.9149635335789,981.0281203734806,992.6766357421875,1596006,0.0,0.0
2015-01-13 00:00:00+05:30,996.7505994781945,1000.8641347542451,980.9687536130142,988.0092163085938,1468432,0.0,0.0
2015-01-14 00:00:00+05:30,995.1682483685478,1001.4177344243597,989.037442386945,997.5216674804688,1787096,0.0,0.0
2015-01-15 00:00:00+05:30,1001.8923074360245,1021.174680111708,998.0358329008878,1004.3051147460938,5009920,0.0,0.0
2015-01-16 00:00:00+05:30,1006.1247337548346,1006.6389497811639,982.6299379542781,1001.5562744140625,5293830,0.0,0.0
2015-01-19 00:00:00+05:30,1003.079318187475,1009.0123583187101,990.0266298987578,993.19091796875,1135074,0.0,0.0
2015-01-20 00:00:00+05:30,996.7506307214434,1000.7059903671634,982.2146840234224,989.0178833007812,2058566,0.0,0.0
2015-01-21 00:00:00+05:30,997.5417767159308,997.5417767159308,984.1924369204659,994.2984008789062,2310480,0.0,0.0
2015-01-22 00:00:00+05:30,995.3662746961027,997.2450705652886,987.0600192744383,994.199462890625,2113214,0.0,0.0
2015-01-23 00:00:00+05:30,994.3769612626193,1001.5164014791478,987.2969093535199,990.263427734375,3150380,0.0,0.0
2015-01-27 00:00:00+05:30,995.713111693455,996.7633405253524,986.6768282604279,991.6309204101562,2738736,2.5,0.0
2015-01-28 00:00:00+05:30,992.0076210546574,1008.6137027352191,991.9679496052569,1006.5132446289062,3121980,0.0,0.0
2015-01-29 00:00:00+05:30,1005.8788659877888,1018.0460969060891,995.9310102877686,1008.514404296875,3734392,0.0,0.0
2015-01-30 00:00:00+05:30,1014.8757687873655,1020.5432711597143,978.9288853454348,983.7046508789062,5817402,0.0,0.0
2015-02-02 00:00:00+05:30,983.6847474156313,999.3198462287114,975.7780340073073,996.4464721679688,3181802,0.0,0.0
2015-02-03 00:00:00+05:30,995.4358257889619,1016.5799344749753,993.6326132544228,1013.9047241210938,2345054,0.0,0.0
2015-02-04 00:00:00+05:30,1017.7687854424103,1019.2351775025331,991.6508479154742,996.4860229492188,2245418,0.0,0.0
2015-02-05 00:00:00+05:30,998.7447284121963,1027.1613745472448,998.3484011390169,1011.585693359375,4530168,0.0,0.0
2015-02-06 00:00:00+05:30,1011.8237624110544,1028.3902656128716,1010.971697280514,1020.8402099609375,2136416,0.0,0.0
2015-02-09 00:00:00+05:30,1015.192330701212,1018.2044567418933,990.8182029096349,995.9307861328125,2076432,0.0,0.0
2015-02-10 00:00:00+05:30,994.78174733347,1001.2220674108281,964.2645383515269,967.4945678710938,3799054,0.0,0.0
2015-02-11 00:00:00+05:30,973.0037731494112,985.7654983127807,969.9123995360146,974.9259033203125,2937522,0.0,0.0
2015-02-12 00:00:00+05:30,982.8128032770277,982.8128032770277,969.8132439167371,975.8175659179688,3107980,0.0,0.0
2015-02-13 00:00:00+05:30,978.9287585395125,1009.7432164247138,975.0645660715934,1006.17626953125,4158326,0.0,0.0
2015-02-16 00:00:00+05:30,1014.5984265548828,1028.469889417938,1012.6167890030179,1024.4273681640625,2364392,0.0,0.0
2015-02-18 00:00:00+05:30,1024.5263326643976,1047.4934899072975,1016.6790295061276,1044.5804443359375,2660014,0.0,0.0
2015-02-19 00:00:00+05:30,1044.7190394534266,1065.0506546793874,1044.3227120484746,1062.5736083984375,2618002,0.0,0.0
2015-02-20 00:00:00+05:30,1069.608410916414,1069.608410916414,1047.1960770013613,1060.393798828125,1801588,0.0,0.0
2015-02-23 00:00:00+05:30,1058.5903457505417,1078.8030404840788,1058.5903457505417,1068.756103515625,1614892,0.0,0.0
2015-02-24 00:00:00+05:30,1067.7062762847768,1081.974066168315,1061.7613638333025,1071.966796875,2199922,0.0,0.0
2015-02-25 00:00:00+05:30,1074.047358640867,1078.8032879042214,1057.3421958071863,1059.066162109375,1767994,0.0,0.0
2015-02-26 00:00:00+05:30,1061.7610543379133,1067.2105558299425,1040.4981290383141,1052.8238525390625,1991994,0.0,0.0
2015-02-27 00:00:00+05:30,1054.0130678702849,1060.4732249656258,1036.9115762901938,1055.1624755859375,2877376,0.0,0.0
2015-03-02 00:00:00+05:30,1062.0388579313208,1073.6314381307966,1051.2786042448984,1057.9566650390625,2176038,0.0,0.0
2015-03-03 00:00:00+05:30,1062.9501772833833,1105.7535401270095,1060.631623092169,1100.2049560546875,3424308,0.0,0.0
2015-03-04 00:00:00+05:30,1104.9611864416424,1114.5127189020475,1076.2868500910618,1088.3154296875,3862994,0.0,0.0
2015-03-05 00:00:00+05:30,1089.9007271297376,1098.1046877965655,1062.573962795997,1068.6773681640625,2173514,0.0,0.0
2015-03-09 00:00:00+05:30,1046.3043439560208,1062.0781939478877,1034.4145218656115,1048.9993896484375,2883174,0.0,0.0
2015-03-10 00:00:00+05:30,1049.8318448641498,1061.4640953475075,1028.5689138245566,1047.3746337890625,3037052,0.0,0.0
2015-03-11 00:00:00+05:30,1047.0969049670073,1054.2109618619274,1029.579254674894,1033.047119140625,2240200,0.0,0.0
2015-03-12 00:00:00+05:30,1039.9234726936832,1040.3198001114192,1026.5276833819046,1038.0013427734375,1827636,0.0,0.0
2015-03-13 00:00:00+05:30,1045.511946567491,1046.2847658417209,1020.5433140300565,1023.4563598632812,1586838,0.0,0.0
2015-03-16 00:00:00+05:30,1024.5857479826238,1034.4146885127566,1011.4276954346952,1015.5098876953125,1556296,0.0,0.0
2015-03-17 00:00:00+05:30,1023.5156983572926,1033.1068038457317,1013.7065934069178,1023.9912719726562,1267318,0.0,0.0
2015-03-18 00:00:00+05:30,1026.8648347660978,1030.2336189031917,1011.3089786036353,1014.3409423828125,1255170,0.0,0.0
2015-03-19 00:00:00+05:30,1020.9396996870486,1032.770114957546,1017.8087509578618,1028.96533203125,2448964,0.0,0.0
2015-03-20 00:00:00+05:30,1028.8658189186149,1037.5850207738574,1022.0688434489398,1034.7908935546875,1963908,0.0,0.0
2015-03-23 00:00:00+05:30,1036.7924311599252,1042.7373418890534,1032.8291573405065,1037.2481689453125,1566608,0.0,0.0
2015-03-24 00:00:00+05:30,1042.3410243014744,1045.115316001136,1023.3569812319213,1027.003173828125,2394878,0.0,0.0
2015-03-25 00:00:00+05:30,1027.0431772411882,1036.0002186001245,1008.7328637318626,1020.0480346679688,2224858,0.0,0.0
2015-03-26 00:00:00+05:30,1011.9429033126136,1025.1802015156213,991.2149582053338,996.0105590820312,3091642,0.0,0.0
2015-03-27 00:00:00+05:30,1003.1051188806966,1019.3148784234609,992.4439455348229,996.6846313476562,2751776,0.0,0.0
2015-03-30 00:00:00+05:30,1000.7266799587308,1018.5217414252386,998.7450429687135,1016.2428588867188,1339006,0.0,0.0
2015-03-31 00:00:00+05:30,1018.3436375443339,1018.3436375443339,999.1415902373956,1012.2005615234375,2427028,0.0,0.0
2015-04-01 00:00:00+05:30,1013.8057729300543,1016.0252456950576,999.6370644147105,1007.7221069335938,2075758,0.0,0.0
2015-04-06 00:00:00+05:30,1013.8055032226696,1015.7474688056827,990.8581851491165,1009.5648193359375,1568542,0.0,0.0
2015-04-07 00:00:00+05:30,1015.5691452715798,1030.0549313572897,1008.2569239603482,1024.50634765625,1886922,0.0,0.0
2015-04-08 00:00:00+05:30,1028.0731313684391,1052.8435903933148,1026.8247389374276,1046.8590087890625,1652134,0.0,0.0
2015-04-09 00:00:00+05:30,1053.834421477301,1065.1099152096328,1044.3819754954466,1056.0340576171875,2544450,0.0,0.0
2015-04-10 00:00:00+05:30,1049.6737964085683,1058.511922485032,1041.549079464496,1051.7545166015625,1815544,0.0,0.0
2015-04-13 00:00:00+05:30,1055.8160480606289,1056.212375405997,1041.548263627377,1052.447265625,1308642,0.0,0.0
2015-04-15 00:00:00+05:30,1052.1303450570508,1075.592908133654,1034.1766942184327,1041.4493408203125,2913934,0.0,0.0
2015-04-16 00:00:00+05:30,1041.1323390873024,1041.1521748110363,1019.096591692187,1023.634521484375,3217570,0.0,0.0
2015-04-17 00:00:00+05:30,1013.4488193152636,1014.5981300556201,978.9286645458523,980.8508911132812,9668742,0.0,0.0
2015-04-20 00:00:00+05:30,982.9120657572934,984.4378686231242,961.0348064408184,962.6002807617188,2890722,0.0,0.0
2015-04-21 00:00:00+05:30,962.6001892912215,971.7949673464875,951.5822661496397,961.9066162109375,2546032,0.0,0.0
2015-04-22 00:00:00+05:30,963.6703320126647,980.1179235316965,954.1783075843333,969.0604248046875,4186812,0.0,0.0
2015-04-23 00:00:00+05:30,979.7213787405256,982.8127519574083,963.7493644196513,973.8755493164062,4342990,0.0,0.0
2015-04-24 00:00:00+05:30,973.1030274678521,996.3674346936939,970.0314890355228,988.0643920898438,3625158,0.0,0.0
2015-04-27 00:00:00+05:30,990.620478315748,998.7451911805101,985.2700576487096,990.8978881835938,2733052,0.0,0.0
2015-04-28 00:00:00+05:30,994.7819481736911,994.7819481736911,973.0236088079298,988.8370361328125,3088298,0.0,0.0
2015-04-29 00:00:00+05:30,984.4771955306945,988.8367966381171,971.4182279290195,985.7850952148438,2019620,0.0,0.0
2015-04-30 00:00:00+05:30,982.8921027636142,986.8553773715319,961.9264187915826,976.4319458007812,3738054,0.0,0.0
2015-05-04 00:00:00+05:30,987.251622496453,992.7209603511687,973.8557360869686,983.50634765625,1890630,0.0,0.0
2015-05-05 00:00:00+05:30,991.2148498261535,1005.2646371221049,990.8185224171866,997.8930053710938,3255070,0.0,0.0
2015-05-06 00:00:00+05:30,996.7633828321779,996.7633828321779,973.300820767137,976.1741943359375,3394406,0.0,0.0
2015-05-07 00:00:00+05:30,976.9076103339107,1012.1213472068644,972.4687617117946,1008.7525634765625,3205028,0.0,0.0
2015-05-08 00:00:00+05:30,1014.5983158571571,1025.6954849368447,997.2788248954288,1001.6185913085938,3003664,0.0,0.0
2015-05-11 00:00:00+05:30,1004.6900631900124,1015.80706726481,1000.7267887790065,1013.012939453125,2573082,0.0,0.0
2015-05-12 00:00:00+05:30,1014.5983190304281,1016.5799563722844,995.9709280169789,999.89453125,2467386,0.0,0.0
2015-05-13 00:00:00+05:30,1009.445982792715,1009.445982792715,983.0703724887456,996.9219970703125,1863774,0.0,0.0
2015-05-14 00:00:00+05:30,998.74509520825,998.74509520825,984.8736355525798,990.5213012695312,1309050,0.0,0.0
2015-05-15 00:00:00+05:30,996.763631464941,1003.6596910463691,991.2150466377008,995.2377319335938,1461454,0.0,0.0
2015-05-18 00:00:00+05:30,996.406900945534,1000.8259133987526,989.6693341589666,998.9036865234375,4507752,0.0,0.0
2015-05-19 00:00:00+05:30,998.5076091687264,1002.7087199800155,989.5308286996458,995.8522338867188,1957722,0.0,0.0
2015-05-20 00:00:00+05:30,998.7451866235707,1018.5218879246844,997.5165328091887,1013.4291381835938,1897814,0.0,0.0
2015-05-21 00:00:00+05:30,1013.4093105231823,1022.5248420609348,1009.901773814585,1012.8148193359375,1579578,0.0,0.0
2015-05-22 00:00:00+05:30,1010.6350575468357,1041.8458460887232,1006.374537206197,1037.545654296875,2691632,0.0,0.0
2015-05-25 00:00:00+05:30,1038.377754537017,1045.0756486773216,1024.783705803178,1030.8475341796875,982978,0.0,0.0
2015-05-26 00:00:00+05:30,1032.432962983759,1039.6659386361405,1026.0520526084922,1033.9588623046875,1961740,0.0,0.0
2015-05-27 00:00:00+05:30,1033.6221090538668,1043.5897068694517,1027.280869121021,1036.4954833984375,1620690,0.0,0.0
2015-05-28 00:00:00+05:30,1031.9970801560946,1039.56697368165,1023.416628970431,1034.216552734375,2763608,0.0,0.0
2015-05-29 00:00:00+05:30,1037.1888215339827,1049.7128062678173,1029.3613552652414,1034.533447265625,4423532,0.0,0.0
2015-06-01 00:00:00+05:30,1034.1964254257114,1049.1182088051585,1033.7605233790596,1037.4859619140625,882264,0.0,0.0
2015-06-02 00:00:00+05:30,1036.792531262941,1042.3411151458467,1026.6861820476488,1030.41162109375,3935820,0.0,0.0
2015-06-03 00:00:00+05:30,1032.0369849356373,1040.5976990905804,1026.6865627787129,1034.7716064453125,1804684,0.0,0.0
2015-06-04 00:00:00+05:30,1037.2285783378088,1039.4876253860639,1025.8935748891897,1032.6905517578125,4131468,0.0,0.0
2015-06-05 00:00:00+05:30,1036.830512378252,1043.6307124980167,1028.0302533997328,1030.370361328125,2308534,12.0,0.0
2015-06-08 00:00:00+05:30,1036.0311568322577,1036.0311568322577,1024.6907767275811,1031.010986328125,1570320,0.0,0.0
2015-06-09 00:00:00+05:30,1034.030746480492,1036.0308059514407,1020.4303420780407,1024.6904296875,2578914,0.0,0.0
2015-06-10 00:00:00+05:30,1026.4301579922858,1044.0306751207584,1025.5501516676861,1040.33056640625,2763350,0.0,0.0
2015-06-11 00:00:00+05:30,1042.2310471755486,1045.2311365456567,1022.730466269846,1028.5506591796875,1847336,0.0,0.0
2015-06-12 00:00:00+05:30,1028.790519259671,1035.6107413730217,990.7494479136595,1002.3497924804688,2571456,0.0,0.0
2015-06-15 00:00:00+05:30,1002.149590862692,1008.2097306221992,992.4292845055992,1001.9495849609375,2525176,0.0,0.0
2015-06-16 00:00:00+05:30,1000.0293270038192,1007.7495729401115,997.8092423660479,1004.8294677734375,1267396,0.0,0.0
2015-06-17 00:00:00+05:30,1008.4300540959207,1011.6901121924634,1000.7498447349952,1005.5499877929688,1975720,0.0,0.0
2015-06-18 00:00:00+05:30,1006.0297293228803,1018.5501188458828,1003.2296465772499,1012.0499267578125,2165046,0.0,0.0
2015-06-19 00:00:00+05:30,1014.0297850982246,1022.0300200891376,1010.8697313404614,1019.8499755859375,1999610,0.0,0.0
2015-06-22 00:00:00+05:30,1018.8300895241956,1040.0307156509261,1018.8300895241956,1036.630615234375,1102002,0.0,0.0
2015-06-23 00:00:00+05:30,1040.0307446867223,1043.2308392857583,1026.910337298847,1029.8704833984375,898318,0.0,0.0
2015-06-24 00:00:00+05:30,1032.0308533029558,1035.19090871258,1023.5706394412913,1028.1507568359375,1170246,0.0,0.0
2015-06-25 00:00:00+05:30,1024.8301092888328,1029.2302385636872,1017.689860447353,1020.0299682617188,1930992,0.0,0.0
2015-06-26 00:00:00+05:30,1020.1098525608279,1038.5704517401994,1020.1098525608279,1037.150390625,1290102,0.0,0.0
2015-06-29 00:00:00+05:30,1028.830223158607,1041.6305991854636,1017.3898480209562,1037.1904296875,1372756,0.0,0.0
2015-06-30 00:00:00+05:30,1034.030331167799,1035.5303751685258,1016.0298031590752,1020.409912109375,1549952,0.0,0.0
2015-07-01 00:00:00+05:30,1025.5903279786125,1043.2308893662928,1022.7302823570816,1037.270751953125,1279708,0.0,0.0
2015-07-02 00:00:00+05:30,1040.0308794915625,1041.2108949960787,1028.4505551921307,1031.130615234375,1445880,0.0,0.0
2015-07-03 00:00:00+05:30,1029.2505132980339,1044.0309316685627,1028.0304576200024,1041.5908203125,963470,0.0,0.0
2015-07-06 00:00:00+05:30,1032.1508080263964,1058.0315605038643,1032.1508080263964,1053.3514404296875,1182338,0.0,0.0
2015-07-07 00:00:00+05:30,1053.1312014051675,1058.7913300368414,1041.2308488301778,1046.531005859375,1642836,0.0,0.0
2015-07-08 00:00:00+05:30,1039.210531560275,1048.7108108529624,1032.230345885472,1038.070556640625,2667850,0.0,0.0
2015-07-09 00:00:00+05:30,1038.030390063646,1039.3304281244193,1002.6893163325175,1009.029541015625,3934122,0.0,0.0
2015-07-10 00:00:00+05:30,1023.6306905133509,1023.6306905133509,982.0294432240237,989.7697143554688,8263654,0.0,0.0
2015-07-13 00:00:00+05:30,990.1895093479343,1007.4701031460183,990.1895093479343,1003.8499755859375,2280308,0.0,0.0
2015-07-14 00:00:00+05:30,1004.4297259842593,1006.0297733374799,996.029477379851,999.82958984375,1703274,0.0,0.0
2015-07-15 00:00:00+05:30,1000.4297292889727,1020.0102916238736,1000.0297174020119,1018.3302612304688,2003660,0.0,0.0
2015-07-16 00:00:00+05:30,1017.5105767668977,1023.5708175906307,1010.670429679071,1016.1105346679688,1456608,0.0,0.0
2015-07-17 00:00:00+05:30,1018.7500124581824,1028.0703063873625,1017.3499712396955,1025.7901611328125,1070526,0.0,0.0
2015-07-20 00:00:00+05:30,1027.8347933274254,1035.812099104619,1022.9842077682391,1033.907958984375,853786,2.75,0.0
2015-07-21 00:00:00+05:30,1032.6451222294936,1042.40638370874,1024.2669459056015,1026.7923583984375,1274500,0.0,0.0
2015-07-22 00:00:00+05:30,1026.6324088042243,1029.8393823576932,1010.6176041954022,1013.4237060546875,1320628,0.0,0.0
2015-07-23 00:00:00+05:30,1009.1943430203115,1017.3521199556038,995.3642715866667,997.6091918945312,1496780,0.0,0.0
2015-07-24 00:00:00+05:30,1001.1767188883563,1008.793278511531,999.0120516167515,1004.2433471679688,1574972,0.0,0.0
2015-07-27 00:00:00+05:30,997.3684915511144,1004.1833084146068,994.6224820790919,1000.9963989257812,2003738,0.0,0.0
2015-07-28 00:00:00+05:30,1001.9786732622673,1009.7956703131232,999.0322275339387,1003.0009155273438,1891188,0.0,0.0
2015-07-29 00:00:00+05:30,1006.5885308641277,1008.2120803264257,995.5645624854883,1004.8848266601562,2413318,0.0,0.0
2015-07-30 00:00:00+05:30,1008.6130328409504,1008.9136865481305,991.2753357269011,994.422119140625,2770574,0.0,0.0
2015-07-31 00:00:00+05:30,998.1300699769008,1009.7954716593647,996.9675815866773,1006.48828125,1963776,0.0,0.0
2015-08-03 00:00:00+05:30,1003.541861689814,1012.2007268572771,1002.5396827523315,1006.02734375,1179324,0.0,0.0
2015-08-04 00:00:00+05:30,1006.3480114931979,1011.3990327305509,996.5667837368806,1005.7467041015625,2342692,0.0,0.0
2015-08-05 00:00:00+05:30,1010.196211566888,1022.2223569426843,1006.5883679541491,1021.079833984375,988994,0.0,0.0
2015-08-06 00:00:00+05:30,1028.2357341680267,1035.4514235306094,1022.2627860099536,1031.56298828125,2211366,0.0,0.0
2015-08-07 00:00:00+05:30,1031.442797500133,1031.442797500133,1021.0201341752193,1023.0445556640625,1188506,0.0,0.0
2015-08-10 00:00:00+05:30,1031.0417828709935,1037.8566002538887,1024.86839921293,1031.0819091796875,1431182,0.0,0.0
2015-08-11 00:00:00+05:30,1033.4470124741217,1046.274904017633,1019.0557607963633,1043.9498291015625,2200306,0.0,0.0
2015-08-12 00:00:00+05:30,1043.5090520462202,1078.9059411509768,1043.0680540748147,1071.0087890625,3479784,0.0,0.0
2015-08-13 00:00:00+05:30,1070.327175381259,1075.9393777989885,1024.6278128368906,1056.5372314453125,1406426,0.0,0.0
2015-08-14 00:00:00+05:30,1057.4992991975384,1090.1102435724952,1057.1385538988798,1083.6361083984375,2293964,0.0,0.0
2015-08-17 00:00:00+05:30,1078.3848146801056,1081.0706350364346,1064.3141812716065,1076.2401123046875,773644,0.0,0.0
2015-08-18 00:00:00+05:30,1085.1190262014532,1102.356500733209,1078.34433698658,1098.7486572265625,1916926,0.0,0.0
2015-08-19 00:00:00+05:30,1102.3971324552156,1103.539655903749,1091.1325989723205,1095.8228759765625,1690070,0.0,0.0
2015-08-20 00:00:00+05:30,1100.3924291103099,1100.3924291103099,1071.1288053124765,1077.081787109375,2349298,0.0,0.0
2015-08-21 00:00:00+05:30,1087.1638900115038,1094.3394532352713,1064.3543327942082,1072.7926025390625,3536080,0.0,0.0
2015-08-24 00:00:00+05:30,1057.9000349834077,1060.3052643164508,1029.8791524010699,1033.7073974609375,4692344,0.0,0.0
2015-08-25 00:00:00+05:30,1037.4153741325604,1051.0851322000874,1016.4097454970715,1029.0972900390625,3925800,0.0,0.0
2015-08-26 00:00:00+05:30,1025.4495221209986,1057.900055597834,1006.9693039043967,1032.94580078125,3216158,0.0,0.0
2015-08-27 00:00:00+05:30,1048.2389614854385,1048.2389614854385,1020.5387965104456,1032.1038818359375,5264798,0.0,0.0
2015-08-28 00:00:00+05:30,1045.8740232143693,1045.8740232143693,1025.309290190619,1030.580810546875,2744152,0.0,0.0
2015-08-31 00:00:00+05:30,1038.2575802803735,1038.2575802803735,1014.6262159323592,1027.85498046875,3692044,0.0,0.0
2015-09-01 00:00:00+05:30,1024.6280667437043,1046.756165043229,1014.2054025280015,1017.1718139648438,2987602,0.0,0.0
2015-09-02 00:00:00+05:30,1026.1111073106424,1050.464059202751,1021.420928742269,1038.9791259765625,3765950,0.0,0.0
2015-09-03 00:00:00+05:30,1040.7028280952893,1048.2792623928817,1032.745487472146,1044.5111083984375,2265074,0.0,0.0
2015-09-04 00:00:00+05:30,1046.8362238173609,1048.2392746408186,1017.8732461045555,1021.2005004882812,2426396,0.0,0.0
2015-09-07 00:00:00+05:30,1023.4251348144579,1026.2111726973526,1015.2874222376213,1018.1135864257812,1759184,0.0,0.0
2015-09-08 00:00:00+05:30,1020.2181221719914,1027.8748081304043,1011.599383615332,1018.3340454101562,1787746,0.0,0.0
2015-09-09 00:00:00+05:30,1027.413922454916,1031.8435735312592,1019.8174246556034,1022.1224365234375,2045076,0.0,0.0
2015-09-10 00:00:00+05:30,1019.0155547816325,1033.6473674289691,1013.0024810909463,1020.3784790039062,2665818,0.0,0.0
2015-09-11 00:00:00+05:30,1020.8197418739056,1029.5987925935642,1018.454638089249,1023.0245361328125,1592672,0.0,0.0
2015-09-14 00:00:00+05:30,1028.235647139881,1028.235647139881,1019.4164719987202,1022.8839721679688,1589318,0.0,0.0
2015-09-15 00:00:00+05:30,1022.8839619917544,1025.7902810434505,1016.6103607036407,1017.1114501953125,1379900,0.0,0.0
2015-09-16 00:00:00+05:30,1024.2269899611667,1028.2357061645373,1018.6348504312746,1022.3629760742188,1756816,0.0,0.0
2015-09-18 00:00:00+05:30,1028.2356171147721,1036.653920412788,1017.8129558886576,1022.7236328125,2455294,0.0,0.0
2015-09-21 00:00:00+05:30,1022.2228639573873,1025.0690922556419,1015.4881996327952,1022.643798828125,1108840,0.0,0.0
2015-09-22 00:00:00+05:30,1025.2291634198161,1031.202111382639,998.1703291946596,1012.9224243164062,2081246,0.0,0.0
2015-09-23 00:00:00+05:30,1015.9289529405219,1025.329372733579,1007.2300584733504,1015.2674560546875,1228352,0.0,0.0
2015-09-24 00:00:00+05:30,1016.4098416283813,1038.257341675215,1014.1649217420107,1034.408935546875,2354254,0.0,0.0
2015-09-28 00:00:00+05:30,1039.8610037185395,1049.882794425156,1034.0483651087018,1039.74072265625,2366812,0.0,0.0
2015-09-29 00:00:00+05:30,1035.5917983698312,1055.8959079456135,1030.1800311878776,1037.5560302734375,3325952,0.0,0.0
2015-09-30 00:00:00+05:30,1059.7841721972088,1059.7841721972088,1030.620764869849,1037.4757080078125,3368336,0.0,0.0
2015-10-01 00:00:00+05:30,1041.8653563025778,1062.2897460799093,1039.1394096711083,1060.1451416015625,2834408,0.0,0.0
2015-10-05 00:00:00+05:30,1063.3923150324206,1110.4145839556932,1063.3923150324206,1087.023681640625,4807306,0.0,0.0
2015-10-06 00:00:00+05:30,1092.3751842357494,1092.7760558629918,1075.9394475188078,1082.3533935546875,3979590,0.0,0.0
2015-10-07 00:00:00+05:30,1079.9279289466906,1089.1680380594262,1061.086965461673,1063.89306640625,2065530,0.0,0.0
2015-10-08 00:00:00+05:30,1070.3273303921146,1073.6746478950838,1050.2837474259702,1055.8157958984375,2357550,0.0,0.0
2015-10-09 00:00:00+05:30,1062.5104357320542,1062.5505620494878,1045.473388564119,1054.1522216796875,2249724,0.0,0.0
2015-10-12 00:00:00+05:30,1064.3141547127916,1066.4588570346907,1037.0548844602606,1039.2998046875,2455912,0.0,0.0
2015-10-13 00:00:00+05:30,1043.388396317483,1047.076394672848,1029.2777385970744,1041.6846923828125,6179712,0.0,0.0
2015-10-14 00:00:00+05:30,1021.4210267432139,1021.4210267432139,994.1617528740858,995.6449584960938,8337128,0.0,0.0
2015-10-15 00:00:00+05:30,998.1701856784551,1003.5819517453865,988.1483966656193,989.2507934570312,3215710,0.0,0.0
2015-10-16 00:00:00+05:30,994.5223079168487,998.9720218004146,990.1528466480835,990.95458984375,2333828,0.0,0.0
2015-10-19 00:00:00+05:30,998.1700957531549,1000.1543902251243,984.4803723425437,997.6690063476562,3130642,0.0,0.0
2015-10-20 00:00:00+05:30,1000.6758199049951,1014.2052376002554,1000.4152924895959,1012.9024047851562,2695084,0.0,0.0
2015-10-21 00:00:00+05:30,1016.2095582984654,1019.0156596428792,1011.0984451354257,1014.2052001953125,1929688,0.0,0.0
2015-10-23 00:00:00+05:30,1023.6460197999147,1023.6460197999147,1015.3299198677552,1019.2870483398438,2335398,2.75,0.0
2015-10-26 00:00:00+05:30,1024.0477247726574,1024.0477247726574,1010.4286122323934,1019.0460205078125,1414630,0.0,0.0
2015-10-27 00:00:00+05:30,1016.4352647050011,1022.4011209124608,1012.5383566412349,1016.8571166992188,1530420,0.0,0.0
2015-10-28 00:00:00+05:30,1008.3997797872216,1017.8407846931053,1008.3997797872216,1016.0530395507812,1255342,0.0,0.0
2015-10-29 00:00:00+05:30,1017.8413333810561,1018.5845029781099,1000.3654212621873,1002.4946899414062,3130316,0.0,0.0
2015-10-30 00:00:00+05:30,1004.3625387572761,1009.143265208849,998.3363635247324,1002.4341430664062,1516696,0.0,0.0
2015-11-02 00:00:00+05:30,1004.362449042611,1013.5222541943338,999.3607436628329,1011.332763671875,1319294,0.0,0.0
2015-11-03 00:00:00+05:30,1015.6112970558279,1023.5658671792854,1011.7947197923664,1021.8182373046875,1364906,0.0,0.0
2015-11-04 00:00:00+05:30,1022.4406849966444,1023.3245040862834,1012.3970633365595,1017.941162109375,991434,0.0,0.0
2015-11-05 00:00:00+05:30,1016.7366041296466,1018.4038072018164,996.3279317183099,997.3925170898438,1596098,0.0,0.0
2015-11-06 00:00:00+05:30,1001.1484918671431,1011.6942976101255,997.7135526658318,1006.6724853515625,908024,0.0,0.0
2015-11-09 00:00:00+05:30,1002.3539538806538,1005.4674781862951,991.7479232208057,992.8527221679688,2021556,0.0,0.0
2015-11-10 00:00:00+05:30,993.495161323624,995.1222479987748,984.2751342741212,987.54931640625,1361920,0.0,0.0
2015-11-13 00:00:00+05:30,979.474239656422,979.474239656422,958.7843758997072,963.1432495117188,2743232,0.0,0.0
2015-11-16 00:00:00+05:30,960.1702915745888,960.1702915745888,946.5109652509335,953.9834594726562,2043528,0.0,0.0
2015-11-17 00:00:00+05:30,956.3540443925275,963.5653480681717,954.1444467264241,960.3916015625,1985028,0.0,0.0
2015-11-18 00:00:00+05:30,959.7283096166467,959.7283096166467,942.4934934074399,944.6829833984375,1520352,0.0,0.0
2015-11-19 00:00:00+05:30,950.2675447408113,956.7959007830476,944.9042099285884,949.1426391601562,1866906,0.0,0.0
2015-11-20 00:00:00+05:30,950.7294689561163,973.6490390496231,948.9015097310635,963.5250854492188,2012126,0.0,0.0
2015-11-23 00:00:00+05:30,966.3170893117804,969.5711643602899,957.0568491588148,960.5922241210938,1088082,0.0,0.0
2015-11-24 00:00:00+05:30,956.1728585048196,961.1544554569685,950.3274512680167,951.3117065429688,998640,0.0,0.0
2015-11-26 00:00:00+05:30,955.3091324522221,957.116984452972,939.2193281113472,942.312744140625,2915292,0.0,0.0
2015-11-27 00:00:00+05:30,943.2970366588023,947.8969962032306,937.0699906331587,945.4464111328125,1737206,0.0,0.0
2015-11-30 00:00:00+05:30,950.1268893756169,960.6726952302089,944.1609371163962,953.5618286132812,4100048,0.0,0.0
2015-12-01 00:00:00+05:30,949.2827872968087,955.3692801136975,946.9326389705583,948.8810424804688,1721994,0.0,0.0
2015-12-02 00:00:00+05:30,955.349508389831,955.3897221184641,942.6945422358026,950.2071533203125,1640296,0.0,0.0
2015-12-03 00:00:00+05:30,948.11805719418,953.3407414075377,942.8953729808222,944.4019165039062,2283358,0.0,0.0
2015-12-04 00:00:00+05:30,940.0828252662279,943.0155819016661,932.4898878335065,935.4225463867188,1246092,0.0,0.0
2015-12-07 00:00:00+05:30,936.9494319774994,941.649827670049,930.139875569373,931.9678344726562,1382604,0.0,0.0
2015-12-08 00:00:00+05:30,931.8074537929853,943.6991468129008,930.963848015579,935.6642456054688,1139964,0.0,0.0
2015-12-09 00:00:00+05:30,939.2396746085659,953.2606351274119,932.0484777416622,951.1915893554688,5282806,0.0,0.0
2015-12-10 00:00:00+05:30,951.7335001464609,960.6522157361144,944.9038380516994,957.9806518554688,1723988,0.0,0.0
2015-12-11 00:00:00+05:30,957.3581197631529,960.9537170883222,949.4236577970084,958.5633544921875,1652378,0.0,0.0
2015-12-14 00:00:00+05:30,938.1548639711305,958.9652736911462,936.3068959000996,955.5303344726562,2718532,0.0,0.0
2015-12-15 00:00:00+05:30,955.5305012371492,958.1619509495059,949.3436666568057,954.4860229492188,1135868,0.0,0.0
2015-12-16 00:00:00+05:30,957.7597811857628,970.0129998628457,957.7597811857628,967.5623168945312,1435934,0.0,0.0
2015-12-17 00:00:00+05:30,970.2137975402512,982.2661428513103,961.5160609069985,980.156982421875,1618844,0.0,0.0
2015-12-18 00:00:00+05:30,972.2228812532875,977.9276405268314,964.4490764202743,970.9373168945312,3024970,0.0,0.0
2015-12-21 00:00:00+05:30,972.202662184442,984.2751174248193,966.9398622426706,982.8287963867188,1610104,0.0,0.0
2015-12-22 00:00:00+05:30,980.2578264221656,980.2578264221656,964.1880259890154,966.2168579101562,1560858,0.0,0.0
2015-12-23 00:00:00+05:30,970.2142954659067,978.249196463554,968.4265496103877,974.5531616210938,849834,0.0,0.0
2015-12-24 00:00:00+05:30,972.6245113175742,979.5345047513747,965.7948472562776,977.9476318359375,843160,0.0,0.0
2015-12-28 00:00:00+05:30,975.4365477739702,990.8635116030662,972.302918160554,989.3770751953125,3704198,0.0,0.0
2015-12-29 00:00:00+05:30,987.6297549019857,990.4218627384586,982.5677292076604,986.6052856445312,1708524,0.0,0.0
2015-12-30 00:00:00+05:30,985.5007409597171,987.8911044548925,969.1296297329839,971.5401000976562,1605762,0.0,0.0
2015-12-31 00:00:00+05:30,970.5156931490548,983.6728447378498,967.2012961839384,978.9925537109375,1240318,0.0,0.0
2016-01-01 00:00:00+05:30,979.8562726835889,979.8562726835889,969.1095915461203,970.7767944335938,712262,0.0,0.0
2016-01-04 00:00:00+05:30,968.2652220450115,969.8119788083144,950.548334636915,951.9745483398438,1870184,0.0,0.0
2016-01-05 00:00:00+05:30,958.1616969028819,958.8045280498516,940.4849192660992,943.6787719726562,2678020,0.0,0.0
2016-01-06 00:00:00+05:30,944.1814084031636,958.6241265695736,944.1814084031636,956.7962646484375,2653228,0.0,0.0
2016-01-07 00:00:00+05:30,952.1358801520493,957.318352671856,948.1184291809436,952.6380615234375,3199580,0.0,0.0
2016-01-08 00:00:00+05:30,958.1616684418522,967.1407069576387,953.1398567623876,963.2236938476562,1907544,0.0,0.0
2016-01-11 00:00:00+05:30,957.1571929916395,957.7598103219595,943.638516781026,949.0620727539062,2930228,0.0,0.0
2016-01-12 00:00:00+05:30,949.2030934688926,950.1271267815877,924.6565276052238,934.8809204101562,3482594,0.0,0.0
2016-01-13 00:00:00+05:30,930.8428976414272,934.8603464875274,905.9749285169655,915.6569213867188,4746092,0.0,0.0
2016-01-14 00:00:00+05:30,913.1663195115902,923.5714750324665,903.9261851742534,915.4964599609375,2742052,0.0,0.0
2016-01-15 00:00:00+05:30,919.5338580405818,920.6787721617628,905.934753876978,908.3854370117188,3269408,0.0,0.0
2016-01-18 00:00:00+05:30,908.7471540596923,920.7592898517106,907.9436640914697,915.034423828125,2213922,0.0,0.0
2016-01-19 00:00:00+05:30,914.7732936158079,924.0134278947554,911.2781320050074,915.6973266601562,967910,0.0,0.0
2016-01-20 00:00:00+05:30,913.4879074858778,917.9874323958245,901.1141404218093,916.0189208984375,1615954,0.0,0.0
2016-01-21 00:00:00+05:30,920.2071692119234,922.180440662758,904.4005471587208,907.92431640625,2675536,2.75,0.0
2016-01-22 00:00:00+05:30,915.3742142728921,927.0731432744909,910.1389020047234,924.5360107421875,1343178,0.0,0.0
2016-01-25 00:00:00+05:30,927.0130130938372,941.953833621862,922.8248010878567,928.1204833984375,1397560,0.0,0.0
2016-01-27 00:00:00+05:30,927.0529572825735,938.3088586247935,918.9583200219762,934.201171875,1626986,0.0,0.0
2016-01-28 00:00:00+05:30,932.4901143571384,945.9408069747332,929.4898959074658,938.812744140625,3106660,0.0,0.0
2016-01-29 00:00:00+05:30,949.886972492131,966.5191763151031,940.3627707699585,963.0155639648438,2235744,0.0,0.0
2016-02-01 00:00:00+05:30,962.9351773926662,971.734471320886,950.0079422421005,967.6066284179688,1495274,0.0,0.0
2016-02-02 00:00:00+05:30,970.1439033616089,979.8090979156474,958.3442920129983,965.7543334960938,1475588,0.0,0.0
2016-02-03 00:00:00+05:30,961.4853063351981,978.5604406152245,950.5314410431383,973.0835571289062,1308692,0.0,0.0
2016-02-04 00:00:00+05:30,975.3388384405035,982.6280448220812,967.3248211732127,974.5938720703125,1250046,0.0,0.0
2016-02-05 00:00:00+05:30,969.7815667643806,982.6080272896972,969.7815667643806,975.359130859375,1402996,0.0,0.0
2016-02-08 00:00:00+05:30,966.5195420473718,971.3722952452918,945.1755688271589,951.598876953125,1063658,0.0,0.0
2016-02-09 00:00:00+05:30,939.7789530849356,939.7789530849356,908.3670764680951,918.757080078125,2489610,0.0,0.0
2016-02-10 00:00:00+05:30,916.1798054020202,922.1802404041326,909.3739376039498,913.6829833984375,1890732,0.0,0.0
2016-02-11 00:00:00+05:30,918.1933504487436,921.8177978847255,874.5589911555678,885.1504516601562,1962408,0.0,0.0
2016-02-12 00:00:00+05:30,885.9760591761938,903.4539111976244,871.478269116947,896.6883544921875,2172568,0.0,0.0
2016-02-15 00:00:00+05:30,906.1120545965232,929.0065251704422,902.0848899094275,913.8240356445312,2479712,0.0,0.0
2016-02-16 00:00:00+05:30,912.5551650792758,918.9986260860138,903.2926898820898,912.3739624023438,1588702,0.0,0.0
2016-02-17 00:00:00+05:30,912.1524462931943,918.0522009337276,904.6618835654059,916.401123046875,1585178,0.0,0.0
2016-02-18 00:00:00+05:30,920.2071991726091,934.2015974970066,917.3881836828024,932.6310424804688,1529140,0.0,0.0
2016-02-19 00:00:00+05:30,929.2074350818727,937.1207705462188,928.4422151688568,934.1607666015625,879012,0.0,0.0
2016-02-22 00:00:00+05:30,934.4027345880623,943.5645327614826,928.2613094388465,932.65087890625,1324884,0.0,0.0
2016-02-23 00:00:00+05:30,930.3753858101242,934.2615590018117,908.830062515744,911.749755859375,1306852,0.0,0.0
2016-02-24 00:00:00+05:30,911.1256977832104,911.1256977832104,886.4593183301242,890.3858032226562,1659328,0.0,0.0
2016-02-25 00:00:00+05:30,893.9501051244152,897.252360755945,880.197277676809,891.1512451171875,1830556,0.0,0.0
2016-02-26 00:00:00+05:30,897.9367249525394,908.8905912166105,885.8150204724517,890.20458984375,1537536,0.0,0.0
2016-02-29 00:00:00+05:30,900.8763754640023,900.8763754640023,851.7449861897027,876.6328735351562,2191718,0.0,0.0
2016-03-01 00:00:00+05:30,883.1571100725586,920.2473317248587,870.6729010382452,916.8442993164062,1999760,0.0,0.0
2016-03-02 00:00:00+05:30,928.2613276359996,938.3292379140473,908.6289025938065,933.8389892578125,1527486,0.0,0.0
2016-03-03 00:00:00+05:30,940.7454853297521,962.8948867394852,926.6504117053765,955.7063598632812,2648284,0.0,0.0
2016-03-04 00:00:00+05:30,958.4651590504866,958.4651590504866,946.2024627088771,949.4241943359375,1512966,0.0,0.0
2016-03-08 00:00:00+05:30,943.2020532701154,953.2296515953759,927.9390437945283,948.1151733398438,1268152,0.0,0.0
2016-03-09 00:00:00+05:30,942.7592024625657,954.1963102300191,924.294614039141,949.3033447265625,2017784,0.0,0.0
2016-03-10 00:00:00+05:30,948.8201492908838,950.3504915254249,932.2684632121142,945.6990966796875,1661666,0.0,0.0
2016-03-11 00:00:00+05:30,942.3563742972796,962.8345425280515,940.3427923009178,952.5249633789062,1530528,0.0,0.0
2016-03-14 00:00:00+05:30,951.2163543118033,965.7141480269705,942.3565914858679,948.3973388671875,1636742,0.0,0.0
2016-03-15 00:00:00+05:30,946.0010188051672,951.820251365622,934.3423981995245,938.2889404296875,1623356,0.0,0.0
2016-03-16 00:00:00+05:30,932.2886651365977,939.1348453989399,929.0266222720528,937.1414184570312,1918246,0.0,0.0
2016-03-17 00:00:00+05:30,939.9400559290189,951.1355912547846,939.1346231475886,947.2091064453125,2221088,0.0,0.0
2016-03-18 00:00:00+05:30,950.4106525962126,978.600799071524,950.4106525962126,976.9295654296875,3204070,0.0,0.0
2016-03-21 00:00:00+05:30,976.9900122157638,988.6486326399419,974.5737137519161,985.14501953125,2336982,0.0,0.0
2016-03-22 00:00:00+05:30,983.4332468757088,1000.7500485201215,981.2183071304933,995.957763671875,1951984,0.0,0.0
2016-03-23 00:00:00+05:30,1001.9179263669132,1001.9179263669132,989.5948655586291,996.2396850585938,2278434,0.0,0.0
2016-03-28 00:00:00+05:30,1003.1663991309485,1013.6973920541944,991.306422626865,996.0785522460938,3320882,0.0,0.0
2016-03-29 00:00:00+05:30,997.9312348252467,1001.5355269255595,988.6687576658518,994.4678344726562,1838796,0.0,0.0
2016-03-30 00:00:00+05:30,995.0719354663611,1008.8046043382205,990.6823659369352,1002.5625,2136504,0.0,0.0
2016-03-31 00:00:00+05:30,998.0523974146163,1026.9271529937232,995.5756317598344,1014.9664916992188,4363964,0.0,0.0
2016-04-01 00:00:00+05:30,1008.8043679026948,1015.1874608157923,980.2518205301401,988.2255249023438,3041400,0.0,0.0
2016-04-04 00:00:00+05:30,989.0717082384926,1001.958636033131,985.4472597962506,995.213134765625,1752352,0.0,0.0
2016-04-05 00:00:00+05:30,995.0318652470637,1000.7101084339282,983.4537668333854,991.7899780273438,1491794,0.0,0.0
2016-04-06 00:00:00+05:30,994.7093628164538,1002.3609732996573,990.4204731102153,999.5016479492188,1763150,0.0,0.0
2016-04-07 00:00:00+05:30,998.7366483745647,1000.6293957459044,989.4741713936716,995.0316772460938,2390942,0.0,0.0
2016-04-08 00:00:00+05:30,993.0983454894191,996.1992411784452,977.3924105850853,979.4261474609375,1399500,0.0,0.0
2016-04-11 00:00:00+05:30,979.8089122654018,1013.6370867949101,971.7545849964713,1009.4689331054688,2400648,0.0,0.0
2016-04-12 00:00:00+05:30,1005.9855239432627,1016.8588662757159,1001.9986710824683,1014.1002197265625,1303628,0.0,0.0
2016-04-13 00:00:00+05:30,1018.8729329782653,1024.9136815927611,1011.8253929280205,1017.3425903320312,1601468,0.0,0.0
2016-04-18 00:00:00+05:30,987.8631908993173,1028.3361834331051,982.6278784322602,1014.7445068359375,7121504,0.0,0.0
2016-04-20 00:00:00+05:30,1020.8459871587871,1020.8459871587871,982.6282317358589,986.79638671875,6405024,0.0,0.0
2016-04-21 00:00:00+05:30,987.0578764054652,993.6623859039062,971.4324607380978,976.3455810546875,2525724,0.0,0.0
2016-04-22 00:00:00+05:30,974.1709584578631,980.7754680009909,968.2107361543833,973.3856811523438,1964126,0.0,0.0
2016-04-25 00:00:00+05:30,967.4455615265949,989.4942829256639,967.4455615265949,987.1585083007812,2267654,0.0,0.0
2016-04-26 00:00:00+05:30,986.2524401804982,1004.1733195549498,983.4334254474384,1002.6832885742188,2554368,0.0,0.0
2016-04-27 00:00:00+05:30,998.7365900582435,1012.6706156827939,997.0854136259414,1011.2611083984375,1848670,0.0,0.0
2016-04-28 00:00:00+05:30,1007.3147822083394,1022.8998908019422,1006.026109096417,1017.9666137695312,4992744,0.0,0.0
2016-04-29 00:00:00+05:30,1013.6373309310525,1023.705242442088,1010.8183157079626,1021.0875854492188,2372178,0.0,0.0
2016-05-02 00:00:00+05:30,1018.4700298221253,1018.872746322648,1006.7912513069645,1017.5437622070312,1116692,0.0,0.0
2016-05-03 00:00:00+05:30,1016.8586688292304,1018.8722503516645,995.5147046914287,997.9713134765625,2153118,0.0,0.0
2016-05-04 00:00:00+05:30,996.2799149855214,1004.3947082345853,989.4740481619108,997.9310913085938,1364892,0.0,0.0
2016-05-05 00:00:00+05:30,997.9308514659853,1002.7432909122831,992.1116214108637,994.8299560546875,1246566,0.0,0.0
2016-05-06 00:00:00+05:30,992.6957743307058,1000.4682193270773,979.0034188226961,996.0785522460938,885598,0.0,0.0
2016-05-09 00:00:00+05:30,996.0786269136223,1014.039816283588,989.2324486464178,1011.8450317382812,1821276,0.0,0.0
2016-05-10 00:00:00+05:30,1012.8318241511979,1020.4632808561626,1005.1802119607912,1016.0132446289062,1158534,0.0,0.0
2016-05-11 00:00:00+05:30,1006.7907335920062,1017.1003100317514,1002.7635706576382,1014.1604614257812,1598716,0.0,0.0
2016-05-12 00:00:00+05:30,1015.0669612369131,1034.940958925982,1015.0669612369131,1033.450927734375,1513082,0.0,0.0
2016-05-13 00:00:00+05:30,1032.9674562924022,1033.3701726496313,1010.878424770622,1016.2144165039062,1621730,0.0,0.0
2016-05-16 00:00:00+05:30,1022.094575630819,1032.8873985362043,1015.8524692784638,1027.3902587890625,1111526,0.0,0.0
2016-05-17 00:00:00+05:30,1032.6452253834154,1043.5387221077974,1027.7321056706605,1035.0615234375,1756698,0.0,0.0
2016-05-18 00:00:00+05:30,1033.309940095347,1033.309940095347,1017.2818073108372,1027.369873046875,1500740,0.0,0.0
2016-05-19 00:00:00+05:30,1028.9405526470393,1030.9541349418478,1017.3020863108267,1029.725830078125,1038792,0.0,0.0
2016-05-20 00:00:00+05:30,1023.8258891970613,1033.289724281052,1015.9729196592818,1018.590576171875,1230918,0.0,0.0
2016-05-23 00:00:00+05:30,1024.5105452936257,1025.275667143547,998.8172187155352,1003.3477783203125,1533016,0.0,0.0
2016-05-24 00:00:00+05:30,1000.3473769846133,1002.0589214098085,990.521137730084,993.7830810546875,1339158,0.0,0.0
2016-05-25 00:00:00+05:30,999.1396094339391,1020.0607113783082,999.1396094339391,1017.4430541992188,1548678,0.0,0.0
2016-05-26 00:00:00+05:30,1018.8724217453464,1032.92718380845,1008.8448234045561,1026.4031982421875,1943248,0.0,0.0
2016-05-27 00:00:00+05:30,1028.1957332309617,1038.9483439067174,1027.1688846711286,1036.0487060546875,1104676,0.0,0.0
2016-05-30 00:00:00+05:30,1040.2163003692854,1063.956408814875,1039.8135840315506,1061.7213134765625,1349464,0.0,0.0
2016-05-31 00:00:00+05:30,1063.171570605141,1065.9905861332604,1031.759683291807,1034.73974609375,3722608,0.0,0.0
2016-06-01 00:00:00+05:30,1035.4638484049815,1065.1843229006415,1035.3833248308315,1060.5732421875,1911942,0.0,0.0
2016-06-02 00:00:00+05:30,1047.062721429931,1068.930243314452,1047.062721429931,1067.2589111328125,1408756,0.0,0.0
2016-06-03 00:00:00+05:30,1067.762061567472,1070.4200287318197,1055.318166023978,1058.9627685546875,1554922,0.0,0.0
2016-06-06 00:00:00+05:30,1066.2666293641598,1073.7941747345992,1059.2273373390499,1063.011474609375,1322026,13.5,0.0
2016-06-07 00:00:00+05:30,1063.6216562944514,1073.794013374544,1063.2147620112478,1070.599853515625,1202194,0.0,0.0
2016-06-08 00:00:00+05:30,1064.9443092350946,1069.5422355675391,1060.163300300712,1063.2557373046875,938266,0.0,0.0
2016-06-09 00:00:00+05:30,1067.040193919264,1067.040193919264,1039.6969009052136,1048.6689453125,1562138,0.0,0.0
2016-06-10 00:00:00+05:30,1044.0910779461753,1059.2478950363916,1038.8828095211088,1039.92041015625,1396832,0.0,0.0
2016-06-13 00:00:00+05:30,1033.51172469296,1038.9438043990742,1024.5600483373516,1036.3599853515625,1029978,0.0,0.0
2016-06-14 00:00:00+05:30,1041.222231497503,1041.222231497503,1024.6616520451332,1031.4161376953125,977570,0.0,0.0
2016-06-15 00:00:00+05:30,1029.4424038786738,1043.6429727972038,1026.1872500324173,1040.3675537109375,1270844,0.0,0.0
2016-06-16 00:00:00+05:30,1035.7697396052743,1043.5617252207933,1023.9290764897413,1040.9576416015625,1145070,0.0,0.0
2016-06-17 00:00:00+05:30,1041.2425229239464,1061.9941324077765,1041.2425229239464,1058.983154296875,1878988,0.0,0.0
2016-06-20 00:00:00+05:30,1058.9836671110852,1085.594527717392,1054.5891866362376,1082.0545654296875,1872838,0.0,0.0
2016-06-21 00:00:00+05:30,1083.7633665198957,1084.3737081943013,1074.770959447864,1078.758544921875,1027690,0.0,0.0
2016-06-22 00:00:00+05:30,1078.2697721744564,1089.5407231326983,1070.8439520453305,1085.451416015625,1761712,0.0,0.0
2016-06-23 00:00:00+05:30,1080.3044201416953,1082.1354445826134,1068.2196786995225,1076.3779296875,1397014,0.0,0.0
2016-06-24 00:00:00+05:30,1043.7453584345806,1055.1587687157764,1022.9937395013061,1047.3260498046875,3766586,0.0,0.0
2016-06-27 00:00:00+05:30,1036.3602199236584,1036.3602199236584,1010.1765209212476,1015.547607421875,4272566,0.0,0.0
2016-06-28 00:00:00+05:30,1015.5472494237365,1018.4157749678341,1000.308977351345,1002.5672607421875,4499524,0.0,0.0
2016-06-29 00:00:00+05:30,1007.06364055932,1022.3221805677946,1003.1167847450185,1018.4159545898438,2531264,0.0,0.0
2016-06-30 00:00:00+05:30,1026.1877071360664,1042.8296488522526,1017.3784828514301,1038.8421630859375,5121812,0.0,0.0
2016-07-01 00:00:00+05:30,1042.4635872840895,1043.5215525963547,1014.937217308803,1017.58203125,2197296,0.0,0.0
2016-07-04 00:00:00+05:30,1023.7461095042472,1027.754058293525,1009.9117026190547,1014.8757934570312,1883484,0.0,0.0
2016-07-05 00:00:00+05:30,1014.8757752148998,1016.0354637422633,1007.9382073131102,1011.2544555664062,1559748,0.0,0.0
2016-07-07 00:00:00+05:30,1012.2311422386483,1013.9198135409722,986.7188841533766,988.6719970703125,3316800,0.0,0.0
2016-07-08 00:00:00+05:30,990.787684617129,993.656309485653,977.9705133376877,987.3698120117188,2456356,0.0,0.0
2016-07-11 00:00:00+05:30,988.7538810944999,1005.7620952956307,987.5331972906795,1002.6492919921875,1543632,0.0,0.0
2016-07-12 00:00:00+05:30,1005.7206577178158,1007.0634288241345,991.1335561403256,1002.97412109375,1465536,0.0,0.0
2016-07-13 00:00:00+05:30,1008.2844429616192,1016.9309499886307,997.400016468793,1014.4285888671875,2102300,0.0,0.0
2016-07-14 00:00:00+05:30,1011.5395030756938,1029.035962702506,1005.4360869268058,1026.14697265625,2699988,0.0,0.0
2016-07-15 00:00:00+05:30,1024.1531489781407,1028.5476281265085,987.3495723720243,994.9992065429688,8336366,0.0,0.0
2016-07-18 00:00:00+05:30,995.6703590581345,1004.6220337206923,988.9973322272723,990.1569213867188,2598850,0.0,0.0
2016-07-19 00:00:00+05:30,987.7359972053807,1006.1683304299742,987.7359972053807,1003.4827880859375,2362896,0.0,0.0
2016-07-20 00:00:00+05:30,996.8912691310524,1018.2532248981463,996.1384747634787,1015.18115234375,2815252,0.0,0.0
2016-07-21 00:00:00+05:30,1012.963267774539,1025.1700956649734,1002.7705466181425,1019.6973876953125,2527148,0.0,0.0
2016-07-22 00:00:00+05:30,1016.7878731827919,1027.0009573037853,1013.9803429481112,1023.379638671875,1517216,0.0,0.0
2016-07-25 00:00:00+05:30,1024.76699703734,1045.653947758224,1022.2377353557393,1043.920166015625,1688796,3.25,0.0
2016-07-26 00:00:00+05:30,1043.9203707022662,1047.6123265856563,1033.3341211999482,1041.3299560546875,2311290,0.0,0.0
2016-07-27 00:00:00+05:30,1042.3091577240946,1052.6710171441293,1038.2296698269358,1051.5084228515625,1750510,0.0,0.0
2016-07-28 00:00:00+05:30,1052.7115206225542,1072.7214223813087,1051.304117660253,1068.51953125,4632080,0.0,0.0
2016-07-29 00:00:00+05:30,1066.3781347015324,1074.9042245549267,1060.2589028650661,1068.540283203125,2488084,0.0,0.0
2016-08-01 00:00:00+05:30,1073.7208204963997,1111.6600440169793,1073.7208204963997,1104.826904296875,3961704,0.0,0.0
2016-08-02 00:00:00+05:30,1102.6442776596803,1107.866039879531,1097.3002105321264,1101.1348876953125,2578162,0.0,0.0
2016-08-03 00:00:00+05:30,1095.7497180429964,1101.0530487706803,1080.6760402402099,1083.6336669921875,2294702,0.0,0.0
2016-08-04 00:00:00+05:30,1089.2229589401866,1094.5058743460145,1075.4546912007743,1081.8798828125,1415416,0.0,0.0
2016-08-05 00:00:00+05:30,1090.8139471071895,1095.0566731820027,1073.7209370738185,1080.6968994140625,1868484,0.0,0.0
2016-08-08 00:00:00+05:30,1076.9844730432628,1088.407035636146,1072.5174550914858,1080.8599853515625,2058244,0.0,0.0
2016-08-09 00:00:00+05:30,1084.3272823883149,1085.0616097223883,1052.0381934079917,1081.145263671875,2261914,0.0,0.0
2016-08-10 00:00:00+05:30,1081.4719949595008,1094.1184045572918,1080.2481488693918,1091.4259033203125,2062078,0.0,0.0
2016-08-11 00:00:00+05:30,1087.4075372418297,1107.5805779409445,1087.4075372418297,1105.5,2233138,0.0,0.0
2016-08-12 00:00:00+05:30,1103.5011100867448,1119.7374864502726,1102.297681475704,1117.14697265625,2327358,0.0,0.0
2016-08-16 00:00:00+05:30,1116.9632348719565,1117.7791320486344,1090.7933727687443,1098.0751953125,3183754,0.0,0.0
2016-08-17 00:00:00+05:30,1101.0532719196565,1101.0532719196565,1068.009435304061,1070.6815185546875,1848566,0.0,0.0
2016-08-18 00:00:00+05:30,1074.9447066902885,1084.1439687864556,1072.9457981181013,1076.3929443359375,1292064,0.0,0.0
2016-08-19 00:00:00+05:30,1076.9846105603035,1079.615859859915,1060.6666619154503,1062.094482421875,2416244,0.0,0.0
2016-08-22 00:00:00+05:30,1055.7709244957243,1058.4021729160036,1034.6800028399614,1039.738525390625,2265274,0.0,0.0
2016-08-23 00:00:00+05:30,1038.2088896880148,1062.6858085180284,1036.271133613972,1061.0948486328125,1503374,0.0,0.0
2016-08-24 00:00:00+05:30,1056.5057390680074,1061.4826941172082,1048.0408021337523,1049.2646484375,1116878,0.0,0.0
2016-08-25 00:00:00+05:30,1052.5077276982968,1056.4648104760854,1030.4784961883324,1040.6976318359375,1939690,0.0,0.0
2016-08-26 00:00:00+05:30,1044.266977088518,1049.4683223904583,1026.888324711535,1030.0499267578125,1250314,0.0,0.0
2016-08-29 00:00:00+05:30,1034.1297731556938,1034.1297731556938,1006.307685385481,1020.0963745117188,1488728,0.0,0.0
2016-08-30 00:00:00+05:30,1023.9510406936563,1040.1874157602767,1020.3814902529912,1037.8824462890625,1444026,0.0,0.0
2016-08-31 00:00:00+05:30,1040.2691618013696,1040.2691618013696,1020.2185234822512,1024.4815673828125,3231668,0.0,0.0
2016-09-01 00:00:00+05:30,1030.0293569489347,1034.129260205349,1014.5885625470968,1022.9310913085938,1345736,0.0,0.0
2016-09-02 00:00:00+05:30,1024.7673914029067,1027.786172701251,1018.2606279254361,1025.90966796875,1742330,0.0,0.0
2016-09-06 00:00:00+05:30,1027.9898294852667,1028.0918166543333,1011.7127171409704,1013.3649291992188,2239066,0.0,0.0
2016-09-07 00:00:00+05:30,1019.749201960246,1019.749201960246,988.4595609930403,995.6190795898438,3854040,0.0,0.0
2016-09-08 00:00:00+05:30,962.7587595078792,962.7587595078792,932.0606253328928,947.2975463867188,7021516,0.0,0.0
2016-09-09 00:00:00+05:30,950.3978193901356,965.4715000169724,946.4611552973136,959.6786499023438,2742438,0.0,0.0
2016-09-12 00:00:00+05:30,953.3761101875682,964.3703077134506,948.072777097094,962.3713989257812,2024454,0.0,0.0
2016-09-14 00:00:00+05:30,963.5746355033709,969.9386737814988,942.361307372052,949.887939453125,2069858,0.0,0.0
2016-09-15 00:00:00+05:30,954.5792101702363,955.4563593296775,945.1148235261777,949.27587890625,2818964,0.0,0.0
2016-09-16 00:00:00+05:30,953.2536754199604,969.2860787119646,946.4409522776759,963.452392578125,4358004,0.0,0.0
2016-09-19 00:00:00+05:30,964.7986068863563,990.0914244876054,958.679376821538,983.747802734375,2802546,0.0,0.0
2016-09-20 00:00:00+05:30,983.5643458664604,985.9712034315397,973.1208189874114,981.7285766601562,1184552,0.0,0.0
2016-09-21 00:00:00+05:30,982.2181082233049,988.8676922448171,979.3624671978455,984.5433959960938,1678020,0.0,0.0
2016-09-22 00:00:00+05:30,989.3775654464735,990.4994243496701,967.2871836095396,970.1019897460938,2857574,0.0,0.0
2016-09-23 00:00:00+05:30,971.7338655539694,980.6475850578483,967.3075820371156,978.3018798828125,1800726,0.0,0.0
2016-09-26 00:00:00+05:30,979.5255737304688,986.86864965819,977.0370470495601,979.5255737304688,1753476,0.0,0.0
2016-09-27 00:00:00+05:30,979.5256891674924,998.6584438618894,979.5256891674924,993.8038940429688,2038792,0.0,0.0
2016-09-28 00:00:00+05:30,991.7232747357558,994.3749412457444,985.2776654536443,988.4801025390625,1731328,0.0,0.0
2016-09-29 00:00:00+05:30,993.355160157068,1002.1260578750873,987.072789537323,994.4974365234375,3603958,0.0,0.0
2016-09-30 00:00:00+05:30,994.1914030174632,999.3927489621508,988.500538550293,991.6417236328125,2175364,0.0,0.0
2016-10-03 00:00:00+05:30,999.4740605262655,1002.5948274479541,979.5254140140836,983.849609375,1818880,0.0,0.0
2016-10-04 00:00:00+05:30,987.2356893279333,989.2958498386663,978.2608194249522,981.1776123046875,1780718,0.0,0.0
2016-10-05 00:00:00+05:30,982.340533981824,985.3593147209324,969.3270094376682,973.5084838867188,1176354,0.0,0.0
2016-10-06 00:00:00+05:30,977.0369224688072,980.0557023487685,967.9600658821972,974.4872436523438,2267572,0.0,0.0
2016-10-07 00:00:00+05:30,974.1813999450843,974.1813999450843,962.0245099593998,965.9408569335938,1816512,0.0,0.0
2016-10-10 00:00:00+05:30,966.7976786213658,973.7328071980238,960.7396995934013,971.0404052734375,1202142,0.0,0.0
2016-10-13 00:00:00+05:30,964.1052117708874,966.7976135141589,946.8081266099468,950.0717163085938,5173334,0.0,0.0
2016-10-14 00:00:00+05:30,944.4011944700528,973.7734994384518,934.6104261472531,965.2881469726562,7741214,0.0,0.0
2016-10-17 00:00:00+05:30,966.3891825323708,969.2040870008084,956.3944440680659,963.7579345703125,2728346,0.0,0.0
2016-10-18 00:00:00+05:30,969.286048250985,985.4815906698166,960.6375562920201,979.1583862304688,2128632,0.0,0.0
2016-10-19 00:00:00+05:30,979.4849216845917,983.1564603331386,966.9609153250311,977.0780639648438,1985058,0.0,0.0
2016-10-20 00:00:00+05:30,977.8123603174284,982.891402146845,973.3657585934474,979.546142578125,1265854,0.0,0.0
2016-10-21 00:00:00+05:30,979.0770174159986,992.0905429337404,978.3631070907994,990.7647094726562,1259660,0.0,0.0
2016-10-24 00:00:00+05:30,993.2393728172362,995.979944200844,982.7474473460928,993.0348510742188,1253190,3.25,0.0
2016-10-25 00:00:00+05:30,983.7493836554798,987.6762402676912,973.9323419890634,981.0701293945312,1772466,0.0,0.0
2016-10-26 00:00:00+05:30,981.1312745865522,982.8287642931155,970.455204780113,980.1699829101562,1437130,0.0,0.0
2016-10-27 00:00:00+05:30,973.4005232201068,993.770903764012,967.5921271264747,989.1078491210938,2941602,0.0,0.0
2016-10-28 00:00:00+05:30,985.7946349010058,987.880796273206,976.7956797276356,981.1724243164062,1752102,0.0,0.0
2016-11-01 00:00:00+05:30,981.5812023743606,981.5812023743606,954.7683936675938,961.2517700195312,2934776,0.0,0.0
2016-11-02 00:00:00+05:30,957.5705538364477,958.7976839780579,938.754558331759,942.4564208984375,2325076,0.0,0.0
2016-11-03 00:00:00+05:30,938.3456022740777,955.1163824367792,934.4596897973541,948.7557373046875,1463310,0.0,0.0
2016-11-04 00:00:00+05:30,948.980714614276,955.5867257638979,938.3455859160126,953.296142578125,1183752,0.0,0.0
2016-11-07 00:00:00+05:30,956.3027114115391,959.1660157699379,924.4587364298263,931.4124755859375,2048052,0.0,0.0
2016-11-08 00:00:00+05:30,932.8027432661613,943.6628625018406,924.43782802521,933.9276123046875,1933634,0.0,0.0
2016-11-09 00:00:00+05:30,891.7146167976304,930.5737400067014,876.5186943515173,887.5628662109375,4500226,0.0,0.0
2016-11-10 00:00:00+05:30,901.8591271619416,907.0539596298355,875.6803432087016,881.6727905273438,2172426,0.0,0.0
2016-11-11 00:00:00+05:30,878.2366385076529,878.2366385076529,853.3463080527779,859.4614868164062,2398424,0.0,0.0
2016-11-15 00:00:00+05:30,865.9041282090321,882.5318060761581,839.316301230878,867.7039794921875,6290324,0.0,0.0
2016-11-16 00:00:00+05:30,877.4391675599654,903.5360604633097,874.5349190431241,895.6416015625,4019958,0.0,0.0
2016-11-17 00:00:00+05:30,893.7599384896295,903.4134038578671,871.3238653054647,874.2076416015625,2504688,0.0,0.0
2016-11-18 00:00:00+05:30,876.1713414234853,879.4436900375786,860.7094742490635,869.258544921875,2140534,0.0,0.0
2016-11-21 00:00:00+05:30,869.7082201828543,875.3530401341154,861.0365184496789,872.4487915039062,1793366,0.0,0.0
2016-11-22 00:00:00+05:30,872.0806089450381,890.6716132107467,868.0106467138269,873.3077392578125,1318860,0.0,0.0
2016-11-23 00:00:00+05:30,879.0343233896525,884.7404592154728,870.1171567207404,882.0408325195312,1275808,0.0,0.0
2016-11-24 00:00:00+05:30,881.4475341853907,903.0042000698562,874.1256976741462,895.1709594726562,3026234,0.0,0.0
2016-11-25 00:00:00+05:30,904.8039113653939,943.7652913642879,896.7048328731184,940.9429321289062,4276148,0.0,0.0
2016-11-28 00:00:00+05:30,938.3454885432743,948.755622312139,921.1247227616817,933.6824340820312,1924296,0.0,0.0
2016-11-29 00:00:00+05:30,930.5737376012089,937.5274754206465,921.3907332183622,924.3767700195312,1442296,0.0,0.0
2016-11-30 00:00:00+05:30,926.483285396582,938.6523263416365,917.1980203457825,931.0032348632812,3445832,0.0,0.0
2016-12-01 00:00:00+05:30,931.3917396830642,936.7093034142367,922.0042144535456,925.8491821289062,1123052,0.0,0.0
2016-12-02 00:00:00+05:30,923.619884980251,928.855659836927,902.0223761115244,908.8330078125,1998032,0.0,0.0
2016-12-05 00:00:00+05:30,911.757626239466,915.3776998289904,887.6240686135671,894.1687622070312,2249526,0.0,0.0
2016-12-06 00:00:00+05:30,895.8049228842992,901.5110575572496,887.5831117286262,892.67578125,1593444,0.0,0.0
2016-12-07 00:00:00+05:30,892.6145766232013,893.5349243650861,877.6640188877592,881.3045654296875,2065706,0.0,0.0
2016-12-08 00:00:00+05:30,883.7382636406313,899.4864345039334,883.5337419411079,898.1570434570312,3239546,0.0,0.0
2016-12-09 00:00:00+05:30,901.9407490638079,908.0354561299755,888.9740925081403,897.9525756835938,1588718,0.0,0.0
2016-12-12 00:00:00+05:30,897.7683100718558,907.0945178587158,884.7607123584005,903.2494506835938,1311758,0.0,0.0
2016-12-13 00:00:00+05:30,907.2581749603797,907.2581749603797,892.9416573212394,900.0181274414062,2147534,0.0,0.0
2016-12-14 00:00:00+05:30,905.6222327652275,909.9989778739684,895.3961461260537,903.00439453125,1870366,0.0,0.0
2016-12-15 00:00:00+05:30,900.713646599402,929.3876314254397,900.713646599402,924.15185546875,4295410,0.0,0.0
2016-12-16 00:00:00+05:30,931.3920082378814,936.7095735023049,921.165921190913,933.7030639648438,1987230,0.0,0.0
2016-12-19 00:00:00+05:30,932.6188314997631,939.858878771481,924.9697408808961,936.25927734375,1334210,0.0,0.0
2016-12-20 00:00:00+05:30,937.5274713771657,959.2067715442643,935.5027265230609,956.875244140625,2922760,0.0,0.0
2016-12-21 00:00:00+05:30,958.7158210972004,958.7158210972004,943.0903851424874,946.3627319335938,2034902,0.0,0.0
2016-12-22 00:00:00+05:30,943.2543530230984,951.0261798693424,935.1552713894475,943.94970703125,1868300,0.0,0.0
2016-12-23 00:00:00+05:30,940.8000115876364,948.0605334161932,932.1283097145244,935.9324340820312,1118954,0.0,0.0
2016-12-26 00:00:00+05:30,926.892422048226,941.4544082537665,926.892422048226,937.9775390625,897408,0.0,0.0
2016-12-27 00:00:00+05:30,933.232520351708,953.0711253208326,933.232520351708,950.3713989257812,1294692,0.0,0.0
2016-12-28 00:00:00+05:30,951.7215488507904,961.2113386500461,942.0885538722474,946.28125,1350418,0.0,0.0
2016-12-29 00:00:00+05:30,942.0269334080659,965.3014625075454,942.0269334080659,961.9473266601562,1963516,0.0,0.0
2016-12-30 00:00:00+05:30,963.2561770869124,972.9505846964294,959.4725259732553,967.612548828125,1405748,0.0,0.0
2017-01-02 00:00:00+05:30,968.042008785879,971.5188771773022,962.2335134642242,965.89453125,823132,0.0,0.0
2017-01-03 00:00:00+05:30,965.8537371891247,970.1282207858635,958.5114280639928,968.717041015625,1475324,0.0,0.0
2017-01-04 00:00:00+05:30,969.3102020448335,977.1434436958612,964.6471468598735,973.31884765625,1420066,0.0,0.0
2017-01-05 00:00:00+05:30,975.1597533577182,977.5935423330773,949.1445454953039,954.8711547851562,2216404,0.0,0.0
2017-01-06 00:00:00+05:30,949.3895619444527,952.8051136704589,923.2517332954108,933.19140625,3009896,0.0,0.0
2017-01-09 00:00:00+05:30,930.5737071658355,945.4220021145339,923.2109261860618,942.313232421875,1854578,0.0,0.0
2017-01-10 00:00:00+05:30,942.4359917896797,952.9893314622302,937.3229492995014,947.0786743164062,1533914,0.0,0.0
2017-01-11 00:00:00+05:30,946.935610034386,952.9076844968839,932.7008776515406,950.7805786132812,1931296,0.0,0.0
2017-01-12 00:00:00+05:30,950.7807249689101,965.342714334184,942.4362770448982,958.9412231445312,2570374,0.0,0.0
2017-01-13 00:00:00+05:30,960.4339676850427,964.5039298154841,915.3778740955505,920.0614013671875,10235580,0.0,0.0
2017-01-16 00:00:00+05:30,920.3478121495995,930.123911186337,911.3488557641367,923.8451538085938,3364808,0.0,0.0
2017-01-17 00:00:00+05:30,922.3518199961197,935.8094062758747,921.4928888702418,932.1075439453125,3009956,0.0,0.0
2017-01-18 00:00:00+05:30,931.8007896727169,939.9816570096151,926.6672754459926,938.7954711914062,3136574,0.0,0.0
2017-01-19 00:00:00+05:30,938.7546429078374,938.8159594747995,933.8256497554763,937.1184692382812,2251676,0.0,0.0
2017-01-20 00:00:00+05:30,935.4826211857669,940.8001874627303,926.4836628709061,934.8077392578125,2037246,0.0,0.0
2017-01-23 00:00:00+05:30,929.1261867418101,949.0213832349569,926.9931135393518,946.23193359375,2318546,3.25,0.0
2017-01-24 00:00:00+05:30,945.1245504141656,952.9185462726157,939.3816060974128,951.0111083984375,2282638,0.0,0.0
2017-01-25 00:00:00+05:30,952.7538375149901,968.0956522839858,950.8873618844021,965.2241821289062,4111648,0.0,0.0
2017-01-27 00:00:00+05:30,961.9635450168304,975.7876100991049,961.9635450168304,967.1937255859375,2871658,0.0,0.0
2017-01-30 00:00:00+05:30,960.3019291756693,964.7937101388179,950.9285875006802,956.9791870117188,2577956,0.0,0.0
2017-01-31 00:00:00+05:30,951.6877093515667,956.6307625269171,902.4830135465693,914.686767578125,4666804,0.0,0.0
2017-02-01 00:00:00+05:30,910.6664823139654,918.8501543211847,884.22845964775,889.2944946289062,4864152,0.0,0.0
2017-02-02 00:00:00+05:30,890.1765011964642,910.2562667721238,883.1823985400553,905.600341796875,6009482,0.0,0.0
2017-02-03 00:00:00+05:30,906.4417780816364,920.1018025813261,898.7708646703902,915.8151245117188,2153372,0.0,0.0
2017-02-06 00:00:00+05:30,926.2545924477714,926.4596975391017,908.595024054436,919.178466796875,2408910,0.0,0.0
2017-02-07 00:00:00+05:30,920.5114022564135,924.0392489378291,913.1276209548914,920.757568359375,1814638,0.0,0.0
2017-02-08 00:00:00+05:30,920.8808377581813,936.3458424146366,920.5322191776276,931.5668334960938,2212584,0.0,0.0
2017-02-09 00:00:00+05:30,933.2281673355169,954.9693070580586,931.2591384251907,950.580078125,4033202,0.0,0.0
2017-02-10 00:00:00+05:30,947.995639255048,994.533959888815,947.995639255048,983.6633911132812,5782160,0.0,0.0
2017-02-13 00:00:00+05:30,982.863336565283,996.4002689971087,977.2640091189689,990.3496704101562,3819812,0.0,0.0
2017-02-14 00:00:00+05:30,992.5650136107656,992.5650136107656,983.6840033482143,987.0682373046875,2033328,0.0,0.0
2017-02-15 00:00:00+05:30,983.2736565412586,995.9901702470487,974.290094982879,990.1241455078125,1924972,0.0,0.0
2017-02-16 00:00:00+05:30,1009.1169320637257,1016.5007144934602,999.1078448296689,1004.0918579101562,4175680,0.0,0.0
2017-02-17 00:00:00+05:30,1014.0393808709491,1015.5161773104389,985.3246734838268,987.744873046875,2723324,0.0,0.0
2017-02-20 00:00:00+05:30,994.7596516873676,1048.0869732211233,987.8271399475659,1026.4278564453125,3973948,0.0,0.0
2017-02-21 00:00:00+05:30,1031.268205006222,1036.1496652010462,1007.1273002431345,1011.3115234375,5501112,0.0,0.0
2017-02-22 00:00:00+05:30,1011.5373816589905,1013.2192836874578,984.5660586215613,989.2219848632812,4505496,0.0,0.0
2017-02-23 00:00:00+05:30,990.6573934776935,1022.7563338667741,990.6573934776935,1018.0594482421875,4853352,0.0,0.0
2017-02-27 00:00:00+05:30,1016.9519356020897,1026.3457071708908,1013.2395140335714,1021.3616943359375,2139892,0.0,0.0
2017-02-28 00:00:00+05:30,1021.2186650395574,1021.4237702142992,1005.0153562349531,1011.6812744140625,2354828,0.0,0.0
2017-03-01 00:00:00+05:30,1017.2801711864677,1026.3047950210632,1013.219130520487,1017.1366577148438,1130374,0.0,0.0
2017-03-02 00:00:00+05:30,1020.0695177256059,1029.6274338545252,1013.2395590705765,1026.1201171875,1544942,0.0,0.0
2017-03-03 00:00:00+05:30,1022.2435829453086,1025.4021807279898,1015.4340551341661,1023.0845336914062,1013970,0.0,0.0
2017-03-06 00:00:00+05:30,1017.3212051314458,1018.9620457848837,1006.8813765037409,1014.24462890625,1400694,0.0,0.0
2017-03-07 00:00:00+05:30,1018.5106264624784,1027.5763098142322,1015.2905372376607,1025.4432373046875,1511672,0.0,0.0
2017-03-08 00:00:00+05:30,1026.3456621986593,1033.7294439410957,1022.3255832202095,1030.52978515625,1791510,0.0,0.0
2017-03-09 00:00:00+05:30,1031.3294927881568,1035.3701015880793,1027.186431631066,1033.626708984375,858468,0.0,0.0
2017-03-10 00:00:00+05:30,1033.5655911715758,1045.8513658138747,1031.2478436064914,1042.8568115234375,1171420,0.0,0.0
2017-03-14 00:00:00+05:30,1048.8254924312075,1061.2753123040325,1046.4667837069005,1053.2147216796875,3402294,0.0,0.0
2017-03-15 00:00:00+05:30,1055.0607212697462,1055.1222127452195,1023.0028315598096,1024.8282470703125,3022496,0.0,0.0
2017-03-16 00:00:00+05:30,1027.9867848918504,1036.6011992903855,1027.9867848918504,1034.098876953125,1571818,0.0,0.0
2017-03-17 00:00:00+05:30,1044.3952582347138,1044.3952582347138,1029.5251372170355,1036.0885009765625,2593152,0.0,0.0
2017-03-20 00:00:00+05:30,1036.170489760194,1036.170489760194,1011.5784069922663,1017.3213500976562,3487540,0.0,0.0
2017-03-21 00:00:00+05:30,1018.1416123649221,1022.243713945764,1011.1680396774913,1020.069580078125,3373700,0.0,0.0
2017-03-22 00:00:00+05:30,1017.3827961792624,1023.8846679645086,1013.198672133241,1016.8905639648438,1888716,0.0,0.0
2017-03-23 00:00:00+05:30,1018.1412607017111,1019.3924212815133,1003.8659321012485,1009.26025390625,2620638,0.0,0.0
2017-03-24 00:00:00+05:30,1013.1369164413189,1013.1369164413189,994.0621469526412,995.6619262695312,5099814,0.0,0.0
2017-03-27 00:00:00+05:30,995.5593558941325,1000.9126175876593,986.9654745557001,989.447265625,2181270,0.0,0.0
2017-03-28 00:00:00+05:30,988.6061857767575,1002.307160905957,988.6061857767575,996.7898559570312,1153158,0.0,0.0
2017-03-29 00:00:00+05:30,999.2718964051229,1005.3430264787554,995.0057510284943,1002.7997436523438,1717764,0.0,0.0
2017-03-30 00:00:00+05:30,1002.9226553419338,1011.1679185916536,998.8616153227897,1001.3228759765625,2986086,0.0,0.0
2017-03-31 00:00:00+05:30,1000.2565827943507,1001.2616779750487,990.6577034909258,997.5492553710938,1867044,0.0,0.0
2017-04-03 00:00:00+05:30,998.861626614153,998.861626614153,987.8679755399027,989.3037109375,1196888,0.0,0.0
2017-04-05 00:00:00+05:30,992.6673458081741,992.6673458081741,982.4531547391496,985.0169677734375,2905568,0.0,0.0
2017-04-06 00:00:00+05:30,984.5041276706775,988.6062282026386,981.4480828041541,984.524658203125,1720704,0.0,0.0
2017-04-07 00:00:00+05:30,982.4122231180846,998.1438220289206,981.2841452343573,996.4209594726562,2277012,0.0,0.0
2017-04-10 00:00:00+05:30,997.6310184229538,1004.6045905089695,986.55534510987,993.6314697265625,2543264,0.0,0.0
2017-04-11 00:00:00+05:30,991.6010274441273,1002.1844694700685,986.9656326640835,992.4214477539062,1557784,0.0,0.0
2017-04-12 00:00:00+05:30,993.7340591320682,995.9902148906756,977.5307586838879,981.7354125976562,1050538,0.0,0.0
2017-04-13 00:00:00+05:30,984.5043745380393,988.1962659425569,952.1183027470912,955.23583984375,2500472,0.0,0.0
2017-04-17 00:00:00+05:30,955.9533927377137,956.9789177900623,941.4934894995982,949.57470703125,2270882,0.0,0.0
2017-04-18 00:00:00+05:30,955.7897588995061,957.5126216969121,944.3244039244763,947.0933227539062,1730620,0.0,0.0
2017-04-19 00:00:00+05:30,928.5108116769552,963.4607015896721,924.121582453407,943.134765625,5626812,0.0,0.0
2017-04-20 00:00:00+05:30,945.6575003967083,956.6100916217614,939.7709445503418,953.9437255859375,1268842,0.0,0.0
2017-04-21 00:00:00+05:30,955.4202549594214,958.1070506324638,943.8933126463214,947.9133911132812,1161154,0.0,0.0
2017-04-24 00:00:00+05:30,943.4831281752384,959.7479168252924,936.304452199992,955.0100708007812,2000020,0.0,0.0
2017-04-25 00:00:00+05:30,954.9692734527092,961.7172107031122,944.5909361469908,948.2008056640625,3148710,0.0,0.0
2017-04-26 00:00:00+05:30,959.89181770975,961.5121278850644,944.734571643657,947.7291259765625,2187438,0.0,0.0
2017-04-27 00:00:00+05:30,945.9649647759595,954.8870339193993,934.3149385406763,944.5701904296875,5773186,0.0,0.0
2017-04-28 00:00:00+05:30,941.0222222592163,942.9707207577914,930.3567567933314,932.4692993164062,2540510,0.0,0.0
2017-05-02 00:00:00+05:30,941.0218059626225,944.3034861926578,935.2788655600607,939.3399047851562,2382696,0.0,0.0
2017-05-03 00:00:00+05:30,941.4322108153679,961.9427164976198,930.5616428037742,958.7841186523438,3514406,0.0,0.0
2017-05-04 00:00:00+05:30,963.9731150111115,963.9936455439964,947.0930110221196,955.8305053710938,2708208,0.0,0.0
2017-05-05 00:00:00+05:30,946.7652551856079,956.8154062913476,944.5090988149316,951.8928833007812,1682474,0.0,0.0
2017-05-08 00:00:00+05:30,952.097680510283,962.9271875275956,950.7439670958804,960.8966674804688,1071782,0.0,0.0
2017-05-09 00:00:00+05:30,961.5120696112375,968.5061727607125,956.8357139192464,965.0399169921875,1790270,0.0,0.0
2017-05-10 00:00:00+05:30,966.044690468577,966.5163919775948,950.0464981423457,956.79443359375,1206388,0.0,0.0
2017-05-11 00:00:00+05:30,962.8860328224254,968.0956802243543,952.8153564581013,963.7679443359375,2071302,0.0,0.0
2017-05-12 00:00:00+05:30,961.2453416544253,972.1568701602911,951.7079568860333,968.3624267578125,2314446,0.0,0.0
2017-05-15 00:00:00+05:30,974.2902733330515,975.4593122983722,960.5482318128371,970.1881713867188,1817604,0.0,0.0
2017-05-16 00:00:00+05:30,976.3000660917941,998.8616222409742,973.613169829692,996.4618530273438,3601026,0.0,0.0
2017-05-17 00:00:00+05:30,998.2460388860064,1009.4242614295215,993.9388338692393,1007.2091674804688,2876198,0.0,0.0
2017-05-18 00:00:00+05:30,1005.0151396646701,1055.0607915173598,1001.836010141241,1040.375244140625,5138594,0.0,0.0
2017-05-19 00:00:00+05:30,1040.3748758490462,1042.1593299126785,1019.7823480619782,1028.458251953125,1786044,0.0,0.0
2017-05-22 00:00:00+05:30,1029.627713410253,1047.5744116021647,1029.627713410253,1038.3857421875,1663940,0.0,0.0
2017-05-23 00:00:00+05:30,1039.1442964466364,1051.840280125571,1031.268281865522,1034.4268798828125,2748596,0.0,0.0
2017-05-24 00:00:00+05:30,1039.8006282754413,1054.2400044150709,1037.687986076054,1049.7891845703125,2534548,0.0,0.0
2017-05-25 00:00:00+05:30,1057.1115305233443,1081.9497745241058,1053.4196392642407,1076.6375732421875,4094094,0.0,0.0
2017-05-26 00:00:00+05:30,1076.8015911539137,1077.560519953929,1052.04536975104,1057.624267578125,1362550,0.0,0.0
2017-05-29 00:00:00+05:30,1057.9321766675264,1065.1108556484035,1051.7790232553461,1055.409423828125,1749290,0.0,0.0
2017-05-30 00:00:00+05:30,1050.138135489572,1056.6809682961277,1035.7807781684257,1046.4873046875,927634,0.0,0.0
2017-05-31 00:00:00+05:30,1039.0623371061715,1055.2656384546492,1037.0112863025668,1044.6412353515625,2502730,0.0,0.0
2017-06-01 00:00:00+05:30,1037.831695563077,1051.7788408789445,1037.831695563077,1047.5126953125,1080064,0.0,0.0
2017-06-02 00:00:00+05:30,1048.5997932219539,1063.2033159763891,1047.0615050167385,1052.1480712890625,1355648,0.0,0.0
2017-06-05 00:00:00+05:30,1052.189082016419,1074.7095802034996,1050.1995226399592,1068.166748046875,1500188,0.0,0.0
2017-06-06 00:00:00+05:30,1079.2629742721422,1111.2388374975797,1078.85276409568,1105.9266357421875,5946720,0.0,0.0
2017-06-07 00:00:00+05:30,1106.3370564720299,1107.567687235625,1056.9272513434828,1072.8023681640625,4927776,0.0,0.0
2017-06-08 00:00:00+05:30,1065.7258769301254,1068.5768171946627,1031.883542501051,1034.3858642578125,3330714,0.0,0.0
2017-06-09 00:00:00+05:30,1033.7295825594585,1044.9693006594484,1019.782437397942,1028.3968505859375,3148034,0.0,0.0
2017-06-12 00:00:00+05:30,1024.294982778525,1030.8172856208844,1013.3833501911338,1020.27490234375,1626506,0.0,0.0
2017-06-13 00:00:00+05:30,1022.4732792719531,1029.1515428205066,1015.0069429527258,1016.894287109375,1175414,13.75,0.0
2017-06-14 00:00:00+05:30,1018.3251201158655,1027.0358441575897,1018.3251201158655,1024.6300048828125,1489142,0.0,0.0
2017-06-15 00:00:00+05:30,1024.1323577462151,1024.422694985567,997.5853869500394,1000.1571044921875,2997198,0.0,0.0
2017-06-16 00:00:00+05:30,1001.7124241159446,1010.0291111783486,989.9114882246936,995.3867797851562,2450426,0.0,0.0
2017-06-19 00:00:00+05:30,1002.5216966454251,1014.7375355151257,997.6478373994709,1008.6607055664062,1644742,0.0,0.0
2017-06-20 00:00:00+05:30,1008.3697321043425,1015.8360649623754,987.339581474607,1014.1768798828125,1670958,0.0,0.0
2017-06-21 00:00:00+05:30,1012.103190832577,1012.9949625629408,994.3498851003084,998.1245727539062,1657818,0.0,0.0
2017-06-22 00:00:00+05:30,999.244511563815,1008.3700322173657,989.2893981235777,993.3751831054688,5775882,0.0,0.0
2017-06-23 00:00:00+05:30,995.2624377540785,1001.2977456041685,976.4307217753036,979.6246337890625,1424756,0.0,0.0
2017-06-27 00:00:00+05:30,975.0204582324333,989.1649547095732,967.139326633363,971.8057861328125,1974330,0.0,0.0
2017-06-28 00:00:00+05:30,974.729834048493,978.089724755488,968.5494093740731,974.7921142578125,1789726,0.0,0.0
2017-06-29 00:00:00+05:30,978.5048615191894,983.9179756444048,963.6137089242663,967.8238525390625,2471826,0.0,0.0
2017-06-30 00:00:00+05:30,964.1530435072392,985.9713821644189,963.6138890165879,979.8946533203125,1753848,0.0,0.0
2017-07-03 00:00:00+05:30,977.841068833712,988.4806580816314,971.909560867738,984.5608520507812,1475956,0.0,0.0
2017-07-04 00:00:00+05:30,984.4363418885804,987.4020957179865,974.7923253386244,981.7609252929688,1215134,0.0,0.0
2017-07-05 00:00:00+05:30,979.2511132700599,980.9932374549438,972.6973115568047,977.2600708007812,815856,0.0,0.0
2017-07-06 00:00:00+05:30,978.5047699225162,979.7076390516679,970.6651579706598,973.75537109375,1026788,0.0,0.0
2017-07-07 00:00:00+05:30,974.7715804476852,977.4469970849699,964.6090682259966,967.2844848632812,1232090,0.0,0.0
2017-07-10 00:00:00+05:30,998.0000879325377,1014.1356265691252,986.7798256262001,1010.0084228515625,783608,0.0,0.0
2017-07-11 00:00:00+05:30,1006.2956423788593,1043.1295674319392,1006.2956423788593,1026.9525146484375,3537504,0.0,0.0
2017-07-12 00:00:00+05:30,1029.731942142739,1030.0637994775202,1007.9966538412206,1011.8749389648438,2646450,0.0,0.0
2017-07-13 00:00:00+05:30,1014.1771380817676,1025.3766402200938,1006.5449252801445,1014.7578125,3131960,0.0,0.0
2017-07-14 00:00:00+05:30,988.4598255287322,1005.8812744050254,985.1414543142,994.45361328125,4508432,0.0,0.0
2017-07-17 00:00:00+05:30,994.5570709744256,1004.6781614832637,988.1277283068541,993.623779296875,2211822,0.0,0.0
2017-07-18 00:00:00+05:30,993.9143783636694,1013.3476307001539,993.9143783636694,998.9749755859375,1908002,0.0,0.0
2017-07-19 00:00:00+05:30,1001.9405484936456,1020.3989854251162,1001.7746704668848,1016.0851440429688,3915576,0.0,0.0
2017-07-20 00:00:00+05:30,1015.9403228354628,1019.1134755380325,1008.1628884971286,1014.052978515625,1182504,0.0,0.0
2017-07-21 00:00:00+05:30,1009.9877616339617,1036.9910490589189,1009.8426436482877,1033.3408203125,2148416,0.0,0.0
2017-07-24 00:00:00+05:30,1032.4257403735592,1056.551724636922,1032.4257403735592,1052.6832275390625,2271402,3.5,0.0
2017-07-25 00:00:00+05:30,1050.6242524943832,1073.1903677860078,1047.5668672203624,1069.6546630859375,2678832,0.0,0.0
2017-07-26 00:00:00+05:30,1064.8708920187794,1071.110369901702,1059.4633445202464,1063.20703125,1459826,0.0,0.0
2017-07-27 00:00:00+05:30,1057.4668000361455,1075.1869596675765,1025.9782520595338,1032.3009033203125,4255304,0.0,0.0
2017-07-28 00:00:00+05:30,1032.0097407125,1037.0221420694875,1015.7870966626057,1033.3824462890625,1382752,0.0,0.0
2017-07-31 00:00:00+05:30,1027.8497368762169,1047.8160611862365,1024.5220161578804,1036.5018310546875,2019662,0.0,0.0
2017-08-01 00:00:00+05:30,1039.9125752750285,1048.5438496498111,1036.1688900040383,1040.598876953125,1747460,0.0,0.0
2017-08-02 00:00:00+05:30,1039.9129154809411,1043.24063681048,1024.1062391656308,1029.0146484375,1251024,0.0,0.0
2017-08-03 00:00:00+05:30,1031.5935637372831,1040.744796963985,1025.9572156891302,1035.5244140625,1882548,0.0,0.0
2017-08-04 00:00:00+05:30,1036.0862074658585,1051.684903474496,1034.9214845197446,1049.3970947265625,1387890,0.0,0.0
2017-08-07 00:00:00+05:30,1046.7763884379867,1048.232266586023,1032.0927970912792,1041.3480224609375,1885520,0.0,0.0
2017-08-08 00:00:00+05:30,1044.9046310980168,1051.8096943614305,1038.373997464456,1041.1817626953125,1073958,0.0,0.0
2017-08-09 00:00:00+05:30,1039.913201787669,1049.4180490736178,1037.126254717683,1044.90478515625,992946,0.0,0.0
2017-08-10 00:00:00+05:30,1043.6566868207804,1048.4819237624781,1034.2351156621944,1044.67578125,1526172,0.0,0.0
2017-08-11 00:00:00+05:30,1039.8711801969234,1054.471596773848,1032.8414101733588,1038.269775390625,1394736,0.0,0.0
2017-08-14 00:00:00+05:30,1041.161043641399,1044.0311633078961,1024.5224332755756,1027.1845703125,786504,0.0,0.0
2017-08-16 00:00:00+05:30,1033.2569985147911,1058.1317243453816,1025.4368366693484,1036.7303466796875,1373340,0.0,0.0
2017-08-17 00:00:00+05:30,1040.204021350409,1041.9926917908283,1024.1478276308571,1033.9437255859375,1752374,0.0,0.0
2017-08-18 00:00:00+05:30,1029.097885354525,1060.669602816355,1028.01633523336,1045.6533203125,2837356,0.0,0.0
2017-08-21 00:00:00+05:30,1042.2008127561737,1060.2952990283322,1037.5420228083958,1051.892822265625,2304834,0.0,0.0
2017-08-22 00:00:00+05:30,1049.4803383980297,1056.3437651057457,1036.585415492624,1038.89404296875,1131326,0.0,0.0
2017-08-23 00:00:00+05:30,1041.9926924039896,1046.9011014454734,1028.7441618610092,1035.5244140625,1562272,0.0,0.0
2017-08-24 00:00:00+05:30,1038.9561579693507,1047.3794524443367,1034.1517400691152,1038.4986572265625,1623908,0.0,0.0
2017-08-28 00:00:00+05:30,1041.826221363389,1042.1589121974214,1023.6901025335637,1034.6300048828125,2036796,0.0,0.0
2017-08-29 00:00:00+05:30,1032.4256913768568,1038.249204543366,1024.9174987335196,1027.7877197265625,1312602,0.0,0.0
2017-08-30 00:00:00+05:30,1032.0095095009522,1035.7531957506533,1023.3158787204638,1033.4862060546875,970782,0.0,0.0
2017-08-31 00:00:00+05:30,1033.673408198493,1041.7430915684656,1026.040406997241,1038.3946533203125,1784664,0.0,0.0
2017-09-01 00:00:00+05:30,1031.5937305914686,1039.1019230140344,1013.5200623562218,1021.7977294921875,1702330,0.0,0.0
2017-09-04 00:00:00+05:30,1020.4039895803745,1023.6900731268876,1014.1228761817765,1021.6934204101562,1062544,0.0,0.0
2017-09-05 00:00:00+05:30,1023.274404873162,1035.7533610301518,1013.7280237238658,1033.4031982421875,1165994,0.0,0.0
2017-09-06 00:00:00+05:30,1026.6646443857762,1029.4516929484632,1019.1149153285224,1020.4459838867188,1228764,0.0,0.0
2017-09-07 00:00:00+05:30,1022.4425944542636,1026.768592474774,1019.5516562494214,1023.316162109375,870636,0.0,0.0
2017-09-08 00:00:00+05:30,1020.6747824612844,1029.0980791886775,1020.1756444475023,1027.683837890625,1021134,0.0,0.0
2017-09-11 00:00:00+05:30,1027.933176339456,1032.820767412878,1019.1147344582101,1020.9657592773438,732764,0.0,0.0
2017-09-12 00:00:00+05:30,1029.0560855378271,1038.6649205788738,1022.0263155235452,1035.1083984375,1396460,0.0,0.0
2017-09-13 00:00:00+05:30,1039.9130991962054,1053.0783584104238,1029.5971409413762,1035.420654296875,1278980,0.0,0.0
2017-09-14 00:00:00+05:30,1032.425489913314,1038.9145867970567,1028.224201327123,1034.4844970703125,1081510,0.0,0.0
2017-09-15 00:00:00+05:30,1039.4971123105306,1046.9844864688296,1033.673599076298,1042.4296875,2944072,0.0,0.0
2017-09-18 00:00:00+05:30,1041.9719762505886,1047.7954888763334,1035.4413431168034,1039.517822265625,726600,0.0,0.0
2017-09-19 00:00:00+05:30,1041.9927012873857,1041.9927012873857,1036.3771717594896,1039.1849365234375,782754,0.0,0.0
2017-09-20 00:00:00+05:30,1045.7365710420272,1045.7365710420272,1029.2227719930963,1037.2301025390625,1334642,0.0,0.0
2017-09-21 00:00:00+05:30,1036.1897852230595,1056.9672197033647,1031.5933509895096,1050.2701416015625,2438740,0.0,0.0
2017-09-22 00:00:00+05:30,1048.1905511590282,1051.1023072376283,1036.5851639816335,1041.410400390625,2435396,0.0,0.0
2017-09-25 00:00:00+05:30,1038.4779579256394,1054.055834618173,1036.897269828118,1044.3846435546875,1599558,0.0,0.0
2017-09-26 00:00:00+05:30,1044.0723257689347,1050.8941122957963,1025.7698626877263,1029.367919921875,1449230,0.0,0.0
2017-09-27 00:00:00+05:30,1035.7534257969062,1044.987833619715,1028.9939907891955,1037.833251953125,2010356,0.0,0.0
2017-09-28 00:00:00+05:30,1037.7081848777468,1045.736332161783,1019.9464942166634,1030.1168212890625,4332866,0.0,0.0
2017-09-29 00:00:00+05:30,1031.1778317361473,1033.2576579397296,1007.2598303949497,1013.2705078125,1985014,0.0,0.0
2017-10-03 00:00:00+05:30,1014.9547809614481,1020.9031018327955,1009.5680535618121,1018.4696655273438,1923006,0.0,0.0
2017-10-04 00:00:00+05:30,1018.9484316156601,1020.7786379406499,1008.7156467017425,1015.911865234375,1300778,0.0,0.0
2017-10-05 00:00:00+05:30,1015.3711746513791,1016.390269202475,1008.4661108838436,1010.6292114257812,1684686,0.0,0.0
2017-10-06 00:00:00+05:30,1010.7951691357302,1021.1942963902131,1009.9840575206761,1017.720947265625,1389188,0.0,0.0
2017-10-09 00:00:00+05:30,1015.3916423797608,1026.581063110314,1015.3916423797608,1020.8200073242188,1773616,0.0,0.0
2017-10-10 00:00:00+05:30,1021.1941846929165,1027.4128418001108,1019.6343157753611,1022.9620361328125,1222010,0.0,0.0
2017-10-11 00:00:00+05:30,1023.2741176675064,1045.9233964245955,1021.9222311299376,1040.058349609375,1527746,0.0,0.0
2017-10-12 00:00:00+05:30,1045.3209305320172,1062.7914753319951,1042.8251384177347,1059.962890625,5006356,0.0,0.0
2017-10-13 00:00:00+05:30,1059.9622321683491,1085.2321116276175,1049.4799321108555,1064.288330078125,4066320,0.0,0.0
2017-10-16 00:00:00+05:30,1062.8119891533033,1077.3499537394875,1062.8119891533033,1075.0205078125,1218590,0.0,0.0
2017-10-17 00:00:00+05:30,1075.2703088947433,1087.7284494161995,1072.1713876963554,1079.2427978515625,1443016,0.0,0.0
2017-10-18 00:00:00+05:30,1079.4294912066528,1087.1872001076038,1073.1900143788685,1075.9354248046875,1514144,0.0,0.0
2017-10-19 00:00:00+05:30,1078.181981383745,1079.7626697228127,1069.4467107012379,1074.8126220703125,86822,0.0,0.0
2017-10-23 00:00:00+05:30,1074.8539727876446,1093.572404976284,1059.6504258880732,1076.4761962890625,1886088,0.0,0.0
2017-10-24 00:00:00+05:30,1089.8287275428775,1090.2030555681454,1068.635322789436,1072.5245361328125,1339020,0.0,0.0
2017-10-25 00:00:00+05:30,1075.4858369534636,1090.2927972838293,1065.6840463122355,1067.727783203125,1105106,3.5,0.0
2017-10-26 00:00:00+05:30,1057.384248137041,1071.5863410492661,1050.2100873987204,1058.9483642578125,3007552,0.0,0.0
2017-10-27 00:00:00+05:30,1058.5935156447724,1081.5964033553855,1055.3818850768732,1077.9051513671875,1409270,0.0,0.0
2017-10-30 00:00:00+05:30,1078.614125199294,1092.795440070437,1076.8205855995018,1091.21044921875,1137252,0.0,0.0
2017-10-31 00:00:00+05:30,1084.9960160969824,1101.1376729825647,1084.9960160969824,1094.464111328125,1592634,0.0,0.0
2017-11-01 00:00:00+05:30,1094.464152032862,1095.6529209789592,1075.632235271041,1085.642578125,741882,0.0,0.0
2017-11-02 00:00:00+05:30,1087.9987440630082,1115.3186281864994,1087.2688234948232,1095.3604736328125,1468422,0.0,0.0
2017-11-03 00:00:00+05:30,1097.9677437203738,1099.7612838680923,1085.6217151591097,1092.8375244140625,666886,0.0,0.0
2017-11-06 00:00:00+05:30,1092.7954991773747,1114.40117101575,1089.3544446475223,1111.7943115234375,1377000,0.0,0.0
2017-11-07 00:00:00+05:30,1113.6505677966445,1154.5261317082818,1112.0030526785442,1130.3553466796875,2696892,0.0,0.0
2017-11-08 00:00:00+05:30,1135.7567915726406,1150.772305526594,1133.7755779259385,1140.761962890625,1402252,0.0,0.0
2017-11-09 00:00:00+05:30,1147.0181479001176,1147.0181479001176,1134.2132747605583,1141.3455810546875,1152432,0.0,0.0
2017-11-10 00:00:00+05:30,1135.4230526376994,1137.008043864646,1123.3898481213448,1129.8131103515625,1356566,0.0,0.0
2017-11-13 00:00:00+05:30,1127.0182922053677,1158.446526950292,1127.0182922053677,1150.7510986328125,1496996,0.0,0.0
2017-11-14 00:00:00+05:30,1149.75027364197,1149.75027364197,1129.2916184159335,1132.2530517578125,1657252,0.0,0.0
2017-11-15 00:00:00+05:30,1128.6658492547858,1149.1036270129102,1126.7263865874686,1128.3739013671875,6670834,0.0,0.0
2017-11-16 00:00:00+05:30,1130.3342664065724,1152.4404347163688,1120.7201483132976,1145.620849609375,1653482,0.0,0.0
2017-11-17 00:00:00+05:30,1146.2262246085995,1146.2262246085995,1127.6653770475575,1129.2086181640625,1325464,0.0,0.0
2017-11-20 00:00:00+05:30,1132.4200369337827,1137.383457873605,1124.2032341957906,1127.6025390625,1014498,0.0,0.0
2017-11-21 00:00:00+05:30,1126.5803424937865,1126.5803424937865,1111.981930058658,1114.8807373046875,1527740,0.0,0.0
2017-11-22 00:00:00+05:30,1114.9020171509103,1130.2094805219779,1114.6517178290096,1118.0927734375,1822624,0.0,0.0
2017-11-23 00:00:00+05:30,1118.2386211119608,1123.243792112835,1113.2334501110868,1118.3428955078125,793470,0.0,0.0
2017-11-24 00:00:00+05:30,1118.6556166329692,1127.3729145986354,1114.9434892115223,1121.1790771484375,2287512,0.0,0.0
2017-11-27 00:00:00+05:30,1121.1583157610748,1124.4533459717877,1110.3971776320964,1120.2615966796875,1856786,0.0,0.0
2017-11-28 00:00:00+05:30,1120.324052419727,1127.1644117097635,1113.650491422439,1120.0321044921875,911716,0.0,0.0
2017-11-29 00:00:00+05:30,1116.778518687277,1123.2435297198272,1105.3083378230754,1108.7076416015625,1447532,0.0,0.0
2017-11-30 00:00:00+05:30,1106.8309867290507,1112.3784050810257,1094.0469862381347,1099.8863525390625,4299962,0.0,0.0
2017-12-01 00:00:00+05:30,1099.052041699641,1112.816260817701,1093.4212247877074,1096.9456787109375,1031144,0.0,0.0
2017-12-04 00:00:00+05:30,1093.629412194612,1108.8534677038049,1085.6836861449626,1097.9464111328125,1259104,0.0,0.0
2017-12-05 00:00:00+05:30,1097.3838017369367,1106.0177018178035,1096.1950328272683,1099.2816162109375,1167914,0.0,0.0
2017-12-06 00:00:00+05:30,1099.4691606163065,1103.2230386305503,1089.8133929007404,1098.343017578125,1407518,0.0,0.0
2017-12-07 00:00:00+05:30,1097.9260208179483,1103.6193622633884,1090.7102120509062,1091.648681640625,1326300,0.0,0.0
2017-12-08 00:00:00+05:30,1091.9613328736125,1103.2229661767399,1083.202284748958,1085.0792236328125,1385548,0.0,0.0
2017-12-11 00:00:00+05:30,1087.9363386141897,1114.755627231996,1087.9363386141897,1109.938232421875,1008002,0.0,0.0
2017-12-12 00:00:00+05:30,1109.8963703550285,1110.3134678260376,1087.5399051767697,1089.5211181640625,1882246,0.0,0.0
2017-12-13 00:00:00+05:30,1089.2086570426245,1105.9134366742014,1084.8708826347126,1096.29931640625,2961458,0.0,0.0
2017-12-14 00:00:00+05:30,1097.8007918296028,1097.8007918296028,1055.7156882245504,1066.8521728515625,5504150,0.0,0.0
2017-12-15 00:00:00+05:30,1069.3337065630437,1077.9676043737877,1058.1138246403032,1061.763427734375,2718138,0.0,0.0
2017-12-18 00:00:00+05:30,1058.176687659323,1079.8448891788807,1040.3875144661408,1076.3204345703125,2180664,0.0,0.0
2017-12-19 00:00:00+05:30,1074.4434372170492,1083.536185429157,1069.730213884902,1074.1514892578125,1801952,0.0,0.0
2017-12-20 00:00:00+05:30,1076.9457970930578,1081.429595434944,1063.8697491033772,1079.8446044921875,1577570,0.0,0.0
2017-12-21 00:00:00+05:30,1079.0313060484366,1087.7903541454668,1076.1324985919384,1082.6600341796875,1293648,0.0,0.0
2017-12-22 00:00:00+05:30,1086.1220816582247,1111.1061855847677,1080.366114776432,1103.9530029296875,3665664,0.0,0.0
2017-12-26 00:00:00+05:30,1120.324037630526,1121.8881534686177,1097.6339712714582,1105.0791015625,2175786,0.0,0.0
2017-12-27 00:00:00+05:30,1105.0794069671424,1108.8541612657032,1088.8334730051226,1092.754150390625,739284,0.0,0.0
2017-12-28 00:00:00+05:30,1088.1240565010783,1106.7682957237773,1086.810138183463,1095.6943359375,2605088,0.0,0.0
2017-12-29 00:00:00+05:30,1094.0886811747325,1129.8755713660264,1092.1908668572034,1126.6639404296875,2609542,0.0,0.0
2018-01-01 00:00:00+05:30,1118.7804780660665,1123.9941960399135,1099.0517488869436,1103.4730224609375,1351760,0.0,0.0
2018-01-02 00:00:00+05:30,1109.479347281973,1113.4835240043412,1092.8788464565525,1097.4669189453125,1920290,0.0,0.0
2018-01-03 00:00:00+05:30,1097.8009265436149,1113.2335383529285,1097.4672280843458,1100.5745849609375,1257120,0.0,0.0
2018-01-04 00:00:00+05:30,1105.3084642396616,1110.3136346437657,1101.137488902908,1108.2698974609375,913082,0.0,0.0
2018-01-05 00:00:00+05:30,1105.3087286811585,1125.9550615376556,1105.3087286811585,1121.658935546875,1153706,0.0,0.0
2018-01-08 00:00:00+05:30,1126.1637559090145,1137.3628695471948,1118.593473615378,1132.169921875,1242220,0.0,0.0
2018-01-09 00:00:00+05:30,1132.4199439098404,1134.9225294212433,1116.3825621236929,1129.9173583984375,2149396,0.0,0.0
2018-01-10 00:00:00+05:30,1130.751175860751,1174.5464076812523,1123.9315918879577,1170.625732421875,3365850,0.0,0.0
2018-01-11 00:00:00+05:30,1172.044046275869,1177.0074660955331,1160.4487147046298,1163.91064453125,2520744,0.0,0.0
2018-01-12 00:00:00+05:30,1169.9589627706116,1169.9589627706116,1143.077038341498,1158.0091552734375,3360314,0.0,0.0
2018-01-15 00:00:00+05:30,1158.34239878565,1171.2098986968913,1140.7826533543148,1145.3916015625,1457214,0.0,0.0
2018-01-16 00:00:00+05:30,1149.520896573305,1193.5872138683228,1147.2477351954476,1189.0826416015625,4267752,0.0,0.0
2018-01-17 00:00:00+05:30,1197.0698992042603,1220.010263126293,1193.795642894117,1204.973876953125,4280806,0.0,0.0
2018-01-18 00:00:00+05:30,1208.3317455937854,1223.3472591738255,1196.2567904559303,1217.1741943359375,2209478,0.0,0.0
2018-01-19 00:00:00+05:30,1222.325218166771,1243.7848662679799,1211.1052332245652,1234.3167724609375,1820000,0.0,0.0
2018-01-22 00:00:00+05:30,1237.9543155640672,1310.5759312906766,1221.6489395738615,1302.9249267578125,4367110,3.5,0.0
2018-01-23 00:00:00+05:30,1302.3188642663179,1313.7744986134564,1291.9085485151916,1296.9046630859375,3239610,0.0,0.0
2018-01-24 00:00:00+05:30,1291.8870498575654,1362.5645802325957,1288.8140738131326,1327.2572021484375,5621538,0.0,0.0
2018-01-25 00:00:00+05:30,1327.425015376858,1329.431851562522,1288.1248731893227,1304.8692626953125,3833844,0.0,0.0
2018-01-29 00:00:00+05:30,1309.1959809655723,1348.3289168699996,1305.2660088273299,1337.39599609375,3141060,0.0,0.0
2018-01-30 00:00:00+05:30,1329.515193268987,1339.465673305948,1314.3386314974782,1318.1641845703125,1574758,0.0,0.0
2018-01-31 00:00:00+05:30,1311.5373588446232,1316.972483379204,1295.4828779712366,1301.2315673828125,3043214,0.0,0.0
2018-02-01 00:00:00+05:30,1306.1025597505109,1333.696275801578,1291.3859316043267,1312.2066650390625,2400630,0.0,0.0
2018-02-02 00:00:00+05:30,1304.4300851180776,1333.6961447200858,1297.5107320406482,1318.4986572265625,2456490,0.0,0.0
2018-02-05 00:00:00+05:30,1300.2491368104072,1332.8598868654592,1286.3896088657737,1297.4061279296875,2757742,0.0,0.0
2018-02-06 00:00:00+05:30,1258.440221407384,1286.5146858502253,1247.9880601000134,1253.109619140625,2657306,0.0,0.0
2018-02-07 00:00:00+05:30,1265.5481065790034,1267.220452937218,1232.2892979656235,1235.466796875,2180324,0.0,0.0
2018-02-08 00:00:00+05:30,1245.793178679879,1265.7986574144447,1237.117884290213,1243.4727783203125,2755004,0.0,0.0
2018-02-09 00:00:00+05:30,1233.3551558102258,1251.7509615240053,1211.0502005535088,1242.4276123046875,2102458,0.0,0.0
2018-02-12 00:00:00+05:30,1245.1869639018269,1264.0217799392487,1235.6754966338085,1240.5880126953125,1974562,0.0,0.0
2018-02-14 00:00:00+05:30,1241.7170154643354,1243.5774801404643,1209.3153088318486,1217.3843994140625,2847532,0.0,0.0
2018-02-15 00:00:00+05:30,1225.8085669252728,1230.428442688515,1214.5830068003509,1223.25830078125,2465236,0.0,0.0
2018-02-16 00:00:00+05:30,1222.0671301596926,1254.0926045054762,1222.0671301596926,1226.2689208984375,2515756,0.0,0.0
2018-02-19 00:00:00+05:30,1231.2648823814416,1234.7350211400567,1210.4441519016618,1222.31787109375,1568224,0.0,0.0
2018-02-20 00:00:00+05:30,1224.157450494524,1248.009309211746,1224.1156010096622,1231.160400390625,1889068,0.0,0.0
2018-02-21 00:00:00+05:30,1243.3892516977214,1280.4317564472674,1237.5569654338285,1271.944580078125,3089228,0.0,0.0
2018-02-22 00:00:00+05:30,1276.000134788807,1287.2884714989307,1263.6665817166347,1275.24755859375,3463010,0.0,0.0
2018-02-23 00:00:00+05:30,1275.163908701028,1291.4692832713033,1250.956739590843,1285.9505615234375,3362500,0.0,0.0
2018-02-26 00:00:00+05:30,1285.6161070002254,1291.8664803418285,1263.1230307950755,1267.512939453125,1363882,0.0,0.0
2018-02-27 00:00:00+05:30,1271.4011185361337,1287.1002879150105,1267.6383398229389,1271.965576171875,1717800,0.0,0.0
2018-02-28 00:00:00+05:30,1268.8927715456582,1280.9963576341563,1263.227677966713,1268.9136962890625,2706864,0.0,0.0
2018-03-01 00:00:00+05:30,1274.7461278228936,1279.8467642663097,1262.621615619921,1270.021728515625,1718124,0.0,0.0
2018-03-05 00:00:00+05:30,1274.7455393056293,1301.7747864782234,1268.035231614816,1298.5137939453125,2858168,0.0,0.0
2018-03-06 00:00:00+05:30,1305.265742829613,1307.3561748328634,1266.864466101151,1272.1533203125,1906764,0.0,0.0
2018-03-07 00:00:00+05:30,1283.5256868005033,1291.4693311162068,1261.9942298395179,1265.736083984375,1917772,0.0,0.0
2018-03-08 00:00:00+05:30,1277.2124990205032,1277.2124990205032,1249.0335077415568,1255.9110107421875,1951826,0.0,0.0
2018-03-09 00:00:00+05:30,1256.3499988010628,1280.6826139707823,1244.7271730733144,1268.516357421875,1872436,0.0,0.0
2018-03-12 00:00:00+05:30,1272.2372932725605,1289.3369912853518,1269.1016443407352,1276.062744140625,2091340,0.0,0.0
2018-03-13 00:00:00+05:30,1222.8612869983533,1229.0489882400598,1200.744549734856,1206.9322509765625,88067154,0.0,0.0
2018-03-14 00:00:00+05:30,1209.503565346726,1222.0880123807203,1202.019856305941,1206.97412109375,3668668,0.0,0.0
2018-03-15 00:00:00+05:30,1210.36056917427,1213.5171430592106,1193.887999838798,1199.782958984375,2348906,0.0,0.0
2018-03-16 00:00:00+05:30,1199.406283398683,1200.744139462818,1172.7323506940127,1181.38671875,7197482,0.0,0.0
2018-03-19 00:00:00+05:30,1182.7666102725682,1190.7102531128578,1179.0038320850629,1183.602783203125,3489940,0.0,0.0
2018-03-20 00:00:00+05:30,1179.0042674435035,1201.2464551950732,1178.5861808238426,1197.7554931640625,4024984,0.0,0.0
2018-03-21 00:00:00+05:30,1200.9535149584044,1205.8869562523357,1191.546568366041,1194.36865234375,3907678,0.0,0.0
2018-03-22 00:00:00+05:30,1195.7066036896047,1202.3959884640462,1180.0702076081125,1183.7493896484375,2326094,0.0,0.0
2018-03-23 00:00:00+05:30,1171.4782910060364,1184.898907545462,1169.8268698610023,1178.2303466796875,3654122,0.0,0.0
2018-03-26 00:00:00+05:30,1178.5858067629988,1182.097692424772,1162.9284882404236,1177.7496337890625,2964210,0.0,0.0
2018-03-27 00:00:00+05:30,1181.0946595555504,1196.9819505513417,1180.279411089888,1190.585205078125,2494574,0.0,0.0
2018-03-28 00:00:00+05:30,1185.6511512371753,1201.998369896517,1181.0940504200557,1191.1907958984375,6865654,0.0,0.0
2018-04-02 00:00:00+05:30,1187.3657866309961,1218.3041909305362,1187.3657866309961,1216.4854736328125,1662988,0.0,0.0
2018-04-03 00:00:00+05:30,1209.147860134083,1224.9514462507657,1209.147860134083,1217.1541748046875,1937290,0.0,0.0
2018-04-04 00:00:00+05:30,1224.7634594484844,1226.6657734105866,1209.1061406623778,1217.0079345703125,2841820,0.0,0.0
2018-04-05 00:00:00+05:30,1223.5512004453055,1239.10399952731,1220.9590842769564,1236.6790771484375,1809424,0.0,0.0
2018-04-06 00:00:00+05:30,1235.0276126410276,1237.5361318271637,1223.5511577788361,1233.480712890625,1129018,0.0,0.0
2018-04-09 00:00:00+05:30,1229.0491480178532,1238.9996294346147,1218.7224294927962,1222.443359375,1235866,0.0,0.0
2018-04-10 00:00:00+05:30,1223.1957296016174,1236.38637992098,1223.1957296016174,1228.1710205078125,1184532,0.0,0.0
2018-04-11 00:00:00+05:30,1233.6060989491596,1264.7116945076275,1231.5156663962543,1260.1754150390625,3124416,0.0,0.0
2018-04-12 00:00:00+05:30,1258.440113862039,1316.9722121812035,1257.583016293704,1312.477783203125,6114360,0.0,0.0
2018-04-13 00:00:00+05:30,1316.9724669955683,1354.9347413792173,1309.4887595198134,1318.3521728515625,8179118,0.0,0.0
2018-04-16 00:00:00+05:30,1302.7574029530167,1337.8557406830246,1300.5624490488117,1332.7132568359375,6270274,0.0,0.0
2018-04-17 00:00:00+05:30,1332.71335868131,1335.7654104719145,1315.801780579484,1323.9127197265625,3301724,0.0,0.0
2018-04-18 00:00:00+05:30,1323.661855623256,1335.138309604599,1315.237453498507,1320.777099609375,2433066,0.0,0.0
2018-04-19 00:00:00+05:30,1329.4729195413834,1345.067562875286,1323.5570377344416,1334.1763916015625,4820952,0.0,0.0
2018-04-20 00:00:00+05:30,1358.781047663911,1430.8382926664763,1354.6001829018683,1422.518310546875,18465662,0.0,0.0
2018-04-23 00:00:00+05:30,1431.5283873245842,1487.510137109943,1417.1253256877603,1425.1107177734375,15185910,0.0,0.0
2018-04-24 00:00:00+05:30,1425.67495386015,1439.5344803980956,1397.4541153306602,1415.4945068359375,8314336,0.0,0.0
2018-04-25 00:00:00+05:30,1415.2226321191063,1456.1951041863654,1406.8818278626486,1450.864501953125,8196574,0.0,0.0
2018-04-26 00:00:00+05:30,1449.505777253247,1488.3878185813555,1449.505777253247,1479.7125244140625,12135034,0.0,0.0
2018-04-27 00:00:00+05:30,1473.7549858771936,1481.698629772702,1429.8559011914901,1443.2137451171875,4501330,0.0,0.0
2018-04-30 00:00:00+05:30,1443.2136939728227,1483.7890097945171,1437.214213854861,1476.723388671875,3458558,0.0,0.0
2018-05-02 00:00:00+05:30,1476.0541558981333,1476.764882421875,1451.3034594086241,1463.197998046875,3158046,0.0,0.0
2018-05-03 00:00:00+05:30,1467.3997283515596,1474.1727078997408,1450.9270622612257,1455.7142333984375,3761550,0.0,0.0
2018-05-04 00:00:00+05:30,1459.95811197075,1462.0485445480276,1450.760208630728,1455.254638671875,2347244,0.0,0.0
2018-05-07 00:00:00+05:30,1459.1216971397305,1459.1216971397305,1426.0510184187833,1430.2528076171875,3484426,0.0,0.0
2018-05-08 00:00:00+05:30,1436.0016760408914,1457.6585770784359,1420.1143890972573,1438.71923828125,2992820,0.0,0.0
2018-05-09 00:00:00+05:30,1438.3012563054008,1461.1078968712454,1438.3012563054008,1458.829345703125,2615050,0.0,0.0
2018-05-10 00:00:00+05:30,1464.53619585336,1467.9644849990339,1438.3012659883032,1442.921142578125,3858678,0.0,0.0
2018-05-11 00:00:00+05:30,1444.1542173229927,1457.0313005948515,1439.2626261973533,1445.303955078125,2627876,0.0,0.0
2018-05-14 00:00:00+05:30,1445.3251046070625,1451.1783159071779,1426.0095277310627,1435.52099609375,2433894,0.0,0.0
2018-05-15 00:00:00+05:30,1442.3987374429591,1461.547123705137,1435.5839056023951,1455.9447021484375,1952890,0.0,0.0
2018-05-16 00:00:00+05:30,1454.9196685748202,1467.0650982522973,1452.9546830154734,1460.751953125,1648450,0.0,0.0
2018-05-17 00:00:00+05:30,1468.7166322424173,1477.1619573022638,1453.268359821521,1459.8741455078125,2968048,0.0,0.0
2018-05-18 00:00:00+05:30,1455.2753309345755,1470.7026800616343,1445.7429394905898,1464.15966796875,1874996,0.0,0.0
2018-05-21 00:00:00+05:30,1475.3017068320655,1501.7666008074436,1470.84912675364,1487.029052734375,3446178,0.0,0.0
2018-05-22 00:00:00+05:30,1487.5518934344823,1494.6384397974234,1460.668908785183,1467.0238037109375,1857416,0.0,0.0
2018-05-23 00:00:00+05:30,1473.754895769957,1482.1166256750348,1455.359089978786,1461.254150390625,1507298,0.0,0.0
2018-05-24 00:00:00+05:30,1467.4836398951138,1511.3827231398395,1464.2853189446157,1506.6583251953125,2962316,0.0,0.0
2018-05-25 00:00:00+05:30,1515.5634071826148,1536.384133163253,1493.6347929192743,1499.1744384765625,3769772,0.0,0.0
2018-05-28 00:00:00+05:30,1512.009641604314,1512.009641604314,1457.4493600532667,1464.15966796875,3716798,0.0,0.0
2018-05-29 00:00:00+05:30,1475.80364272563,1481.6987037923939,1458.285857457074,1473.1279296875,3525312,0.0,0.0
2018-05-30 00:00:00+05:30,1467.0861529583945,1477.0993021695383,1455.9859382409898,1469.197509765625,3779106,0.0,0.0
2018-05-31 00:00:00+05:30,1461.9889914112928,1483.109461780978,1455.3282366677865,1467.93310546875,5049371,14.5,2.0
2018-06-01 00:00:00+05:30,1478.851641496791,1481.802599732389,1447.065646813281,1460.68212890625,1603856,0.0,0.0
2018-06-04 00:00:00+05:30,1471.2633295812357,1474.635852972826,1443.9458695251055,1470.6309814453125,1681483,0.0,0.0
2018-06-05 00:00:00+05:30,1470.4202093304518,1477.080963661095,1442.7233813616592,1451.5340576171875,2449568,0.0,0.0
2018-06-06 00:00:00+05:30,1452.7145930664203,1462.7478717223432,1446.1381306408557,1455.033203125,2236512,0.0,0.0
2018-06-07 00:00:00+05:30,1454.4007048012093,1474.6358450419218,1453.388988957672,1463.2957763671875,2414762,0.0,0.0
2018-06-08 00:00:00+05:30,1462.8319512881383,1481.6338094674277,1462.8319512881383,1473.0338134765625,2582138,0.0,0.0
2018-06-11 00:00:00+05:30,1473.0341982710718,1486.4400021990377,1469.5773816409092,1475.226318359375,2179378,0.0,0.0
2018-06-12 00:00:00+05:30,1481.3808274352102,1504.9884900238192,1478.008304208266,1501.615966796875,4608875,0.0,0.0
2018-06-13 00:00:00+05:30,1531.1256167843371,1544.32063511235,1515.9492615518932,1537.9549560546875,5370983,0.0,0.0
2018-06-14 00:00:00+05:30,1542.929412214611,1544.8686542837058,1504.145394202659,1507.1385498046875,3819998,0.0,0.0
2018-06-15 00:00:00+05:30,1517.635641969551,1557.34708735017,1508.0239289861597,1551.403076171875,9183574,0.0,0.0
2018-06-18 00:00:00+05:30,1574.9260840341326,1574.9260840341326,1536.3107564379734,1542.086181640625,4674987,0.0,0.0
2018-06-19 00:00:00+05:30,1536.3108994142262,1550.5176336571235,1535.3412783521599,1538.292236328125,3245034,0.0,0.0
2018-06-20 00:00:00+05:30,1544.6157839071745,1548.2412878872472,1533.3178094450006,1536.5638427734375,3107695,0.0,0.0
2018-06-21 00:00:00+05:30,1544.6159447910863,1544.6159447910863,1532.4748381779084,1533.9503173828125,2910659,0.0,0.0
2018-06-22 00:00:00+05:30,1540.4006183915399,1540.4006183915399,1517.2567093822495,1525.8988037109375,2949458,0.0,0.0
2018-06-25 00:00:00+05:30,1527.668731800881,1536.4794075771463,1522.694239448777,1533.86572265625,2083217,0.0,0.0
2018-06-26 00:00:00+05:30,1537.0275979752676,1569.0665714931283,1535.3413362111696,1561.4783935546875,4679712,0.0,0.0
2018-06-27 00:00:00+05:30,1568.223615467741,1589.42838009985,1560.846219427234,1566.537353515625,4081208,0.0,0.0
2018-06-28 00:00:00+05:30,1572.439313623927,1577.4980996195,1539.8101851209874,1553.637451171875,4888125,0.0,0.0
2018-06-29 00:00:00+05:30,1555.4923609702582,1574.4628079639624,1553.300241013016,1557.895263671875,3506276,0.0,0.0
2018-07-02 00:00:00+05:30,1561.478353495084,1566.3685536540106,1552.2882065322729,1560.9302978515625,2650290,0.0,0.0
2018-07-03 00:00:00+05:30,1568.1812303292083,1585.0017530440157,1565.7362331278637,1580.0694580078125,3242233,0.0,0.0
2018-07-04 00:00:00+05:30,1585.0016178825902,1585.0016178825902,1565.8203921054012,1573.4085693359375,2700614,0.0,0.0
2018-07-05 00:00:00+05:30,1579.1842144386396,1591.4096127885382,1569.9940668189474,1585.339111328125,2472571,0.0,0.0
2018-07-06 00:00:00+05:30,1587.4890885605664,1619.6545548860481,1586.4773725891098,1612.8673095703125,3713781,0.0,0.0
2018-07-09 00:00:00+05:30,1622.1839700092107,1622.5212429780802,1582.1352493359066,1587.6156005859375,6151747,0.0,0.0
2018-07-10 00:00:00+05:30,1600.2624298873648,1601.0212682729314,1577.2871131252832,1580.9547119140625,5303302,0.0,0.0
2018-07-11 00:00:00+05:30,1601.9487598170604,1684.575590586572,1597.0164644829274,1669.31494140625,22903802,0.0,0.0
2018-07-12 00:00:00+05:30,1672.7715827169961,1678.5892060838798,1652.9580080225155,1662.10595703125,6921701,0.0,0.0
2018-07-13 00:00:00+05:30,1665.1834603874715,1684.4911778035557,1664.3403295214525,1670.3265380859375,4148185,0.0,0.0
2018-07-16 00:00:00+05:30,1677.8303075334911,1682.8890923803258,1667.2489747270322,1677.15576171875,2582159,0.0,0.0
2018-07-17 00:00:00+05:30,1680.3665412663986,1697.2631379608822,1673.6079025886052,1691.47607421875,3315492,4.0,0.0
2018-07-18 00:00:00+05:30,1693.8834241789111,1699.543741502027,1683.7877512563246,1689.8704833984375,2013869,0.0,0.0
2018-07-19 00:00:00+05:30,1691.4337365406047,1698.4880448057113,1664.3147203524675,1673.94580078125,1746318,0.0,0.0
2018-07-20 00:00:00+05:30,1676.9026422517125,1689.6595512378312,1676.1422748279285,1686.787109375,1934995,0.0,0.0
2018-07-23 00:00:00+05:30,1690.5041386683188,1698.0653228247077,1677.8316938507153,1694.4326171875,2086201,0.0,0.0
2018-07-24 00:00:00+05:30,1702.3316043397676,1702.3316043397676,1676.2686324126948,1688.8143310546875,2038423,0.0,0.0
2018-07-25 00:00:00+05:30,1691.264575583794,1691.3490379269965,1662.9627809931076,1674.030029296875,1535492,0.0,0.0
2018-07-26 00:00:00+05:30,1668.4965414227747,1676.987122007314,1651.7266908284287,1659.8370361328125,3503036,0.0,0.0
2018-07-27 00:00:00+05:30,1656.58463168976,1659.7950264505635,1639.2234397203592,1642.1380615234375,2033977,0.0,0.0
2018-07-30 00:00:00+05:30,1641.5041280494117,1651.3885944141102,1631.8308691124087,1642.8558349609375,1579251,0.0,0.0
2018-07-31 00:00:00+05:30,1640.6594067063047,1644.8835555392252,1628.8317899741276,1639.138671875,2204803,0.0,0.0
2018-08-01 00:00:00+05:30,1647.3756383340206,1674.0723394552965,1647.2489963814544,1669.805908203125,2425180,0.0,0.0
2018-08-02 00:00:00+05:30,1672.7628833077622,1676.9870320029838,1643.1938424412108,1646.0662841796875,1509287,0.0,0.0
2018-08-03 00:00:00+05:30,1652.909174831925,1674.4946131786724,1652.909174831925,1672.2979736328125,1505131,0.0,0.0
2018-08-06 00:00:00+05:30,1687.1249744650577,1688.772351190675,1666.2154386022582,1669.00341796875,1532249,0.0,0.0
2018-08-07 00:00:00+05:30,1671.2420651795182,1672.0447152687595,1656.288620795629,1662.07568359375,1353521,0.0,0.0
2018-08-08 00:00:00+05:30,1666.0043101827664,1671.3267789971774,1657.5560124637868,1667.6939697265625,1315062,0.0,0.0
2018-08-09 00:00:00+05:30,1672.7628103963955,1673.438715409622,1660.93519456531,1667.989501953125,2060297,0.0,0.0
2018-08-10 00:00:00+05:30,1673.5652551737496,1686.70239749257,1666.0463537859946,1683.8299560546875,2784105,0.0,0.0
2018-08-13 00:00:00+05:30,1687.8010475114233,1693.2501585726998,1681.211333695733,1689.786376953125,3559575,0.0,0.0
2018-08-14 00:00:00+05:30,1682.900623782907,1710.4420491086507,1674.7902799566646,1692.658447265625,3311765,0.0,0.0
2018-08-16 00:00:00+05:30,1689.9131349501606,1706.5985239420866,1685.4354956401116,1696.8406982421875,2152065,0.0,0.0
2018-08-17 00:00:00+05:30,1701.3604444829355,1708.1613655139786,1693.0388917137623,1700.43115234375,1213731,0.0,0.0
2018-08-20 00:00:00+05:30,1709.9354512553816,1709.9354512553816,1692.78536570527,1698.0655517578125,1587032,0.0,0.0
2018-08-21 00:00:00+05:30,1698.2346991424483,1709.935571632884,1693.0389750752468,1704.5709228515625,1376866,0.0,0.0
2018-08-23 00:00:00+05:30,1708.9215229934769,1721.762892915885,1706.8094487872504,1719.3128662109375,3046791,0.0,0.0
2018-08-24 00:00:00+05:30,1719.3132501500045,1728.5219163712602,1715.8494683040221,1725.9874267578125,1570533,0.0,0.0
2018-08-27 00:00:00+05:30,1725.9869391485208,1739.5042132681372,1719.2283020887126,1732.6610107421875,1532702,0.0,0.0
2018-08-28 00:00:00+05:30,1736.125283952709,1750.4873909245807,1733.5907944870846,1748.121826171875,1987983,0.0,0.0
2018-08-29 00:00:00+05:30,1750.9097195776274,1754.3736041795794,1728.183777863052,1750.4873046875,1525867,0.0,0.0
2018-08-30 00:00:00+05:30,1747.1080924930036,1761.4701996363215,1744.996017913104,1759.2735595703125,2408020,0.0,0.0
2018-08-31 00:00:00+05:30,1759.1887580988182,1767.3835641572791,1752.1766310048743,1755.893798828125,2504554,0.0,0.0
2018-09-03 00:00:00+05:30,1761.3013934973178,1765.694467667807,1730.5494617892994,1734.3511962890625,1439711,0.0,0.0
2018-09-04 00:00:00+05:30,1740.1801746779292,1778.1552266382105,1737.772327644367,1773.212890625,4420803,0.0,0.0
2018-09-05 00:00:00+05:30,1774.1423991805186,1780.267414606261,1753.0639390702772,1756.6121826171875,1681106,0.0,0.0
2018-09-06 00:00:00+05:30,1753.021534266094,1758.5129270240361,1740.6025795880425,1753.2750244140625,2238097,0.0,0.0
2018-09-07 00:00:00+05:30,1756.6544430368103,1760.6251013902229,1744.9111864085035,1757.119140625,1312182,0.0,0.0
2018-09-10 00:00:00+05:30,1760.9628181423432,1768.5662848981515,1752.3878798039648,1757.8792724609375,1530539,0.0,0.0
2018-09-11 00:00:00+05:30,1764.8492580630536,1764.8492580630536,1725.3111865208655,1728.7327880859375,3679745,0.0,0.0
2018-09-12 00:00:00+05:30,1733.88636628642,1747.8681332106546,1723.4526366937293,1726.7896728515625,2307661,0.0,0.0
2018-09-14 00:00:00+05:30,1726.8317394175187,1750.1068366479046,1704.99291441509,1744.9110107421875,3642038,0.0,0.0
2018-09-17 00:00:00+05:30,1748.7976278167425,1755.387341288955,1735.7450490924625,1752.3035888671875,1033857,0.0,0.0
2018-09-18 00:00:00+05:30,1751.3318970212897,1756.2319503338688,1738.3216026722196,1749.4310302734375,1456507,0.0,0.0
2018-09-19 00:00:00+05:30,1750.4028228341085,1764.849495269577,1746.1365972458154,1755.4718017578125,1301268,0.0,0.0
2018-09-21 00:00:00+05:30,1754.7108914131077,1791.883389834955,1732.0271365778033,1776.8031005859375,4508530,0.0,0.0
2018-09-24 00:00:00+05:30,1786.8152690699712,1867.4965259003175,1772.5798025085019,1857.3162841796875,3032226,0.0,0.0
2018-09-25 00:00:00+05:30,1862.765384972374,1868.6791943389335,1819.5947003508709,1844.4326171875,2868778,0.0,0.0
2018-09-26 00:00:00+05:30,1847.6427742623125,1857.7807318714338,1803.7961901057743,1809.7520751953125,1970951,0.0,0.0
2018-09-27 00:00:00+05:30,1809.541005447266,1866.8205115491012,1804.387667024837,1849.2059326171875,3311802,0.0,0.0
2018-09-28 00:00:00+05:30,1840.0393696192102,1850.1773275785447,1823.8609608786853,1844.8548583984375,2904371,0.0,0.0
2018-10-01 00:00:00+05:30,1850.9373004044746,1922.7901073760727,1850.4728090769877,1905.5556640625,3772208,0.0,0.0
2018-10-03 00:00:00+05:30,1901.120686905375,1905.0913460203449,1821.1153399226305,1827.2403564453125,3902322,0.0,0.0
2018-10-04 00:00:00+05:30,1821.9599547381897,1822.0020312206502,1737.2657707487679,1744.404541015625,4762419,0.0,0.0
2018-10-05 00:00:00+05:30,1731.9011399073945,1791.0392276115494,1707.316612644681,1776.38134765625,3417624,0.0,0.0
2018-10-08 00:00:00+05:30,1776.381127600457,1792.8975898718213,1730.3379078774249,1755.176025390625,2010154,0.0,0.0
2018-10-09 00:00:00+05:30,1757.54134193492,1780.6050250232065,1734.6040945265931,1767.214599609375,1867130,0.0,0.0
2018-10-10 00:00:00+05:30,1774.1421851553873,1779.168880095215,1714.1592827048955,1726.4937744140625,2749573,0.0,0.0
2018-10-11 00:00:00+05:30,1676.9870124385395,1700.6422448558085,1639.8145043542595,1672.7205810546875,4700256,0.0,0.0
2018-10-12 00:00:00+05:30,1671.07376157148,1671.07376157148,1607.7115107535524,1620.637451171875,9373289,0.0,0.0
2018-10-15 00:00:00+05:30,1638.9698442809856,1652.1069891811885,1622.073247948192,1646.9957275390625,2638151,0.0,0.0
2018-10-16 00:00:00+05:30,1654.176395485159,1665.9195478255112,1634.7453142307368,1657.8092041015625,2815425,0.0,0.0
2018-10-17 00:00:00+05:30,1664.3145932987866,1680.3663584118206,1622.0731061592235,1630.0145263671875,2779207,0.0,0.0
2018-10-19 00:00:00+05:30,1629.6764753810614,1629.6764753810614,1579.8738063039918,1616.328125,3428776,0.0,0.0
2018-10-22 00:00:00+05:30,1617.0038187545158,1618.6934779172686,1594.1511373268386,1607.710693359375,1778496,0.0,0.0
2018-10-23 00:00:00+05:30,1598.3979216034027,1606.8640122898614,1555.2208591024632,1560.850830078125,2752811,4.0,0.0
2018-10-24 00:00:00+05:30,1567.962779713896,1586.5458123246044,1533.294067218283,1564.957275390625,2735913,0.0,0.0
2018-10-25 00:00:00+05:30,1561.1474843897565,1589.0009498726065,1545.1042801591266,1568.7669677734375,2507233,0.0,0.0
2018-10-26 00:00:00+05:30,1569.529122229355,1569.529122229355,1516.362012776233,1523.1348876953125,2285970,0.0,0.0
2018-10-29 00:00:00+05:30,1531.2620633391375,1589.8897521481802,1510.6471493873667,1584.005859375,2609483,0.0,0.0
2018-10-30 00:00:00+05:30,1580.619614858768,1616.5158710233945,1561.994209648863,1604.1553955078125,2404883,0.0,0.0
2018-10-31 00:00:00+05:30,1608.5575498391574,1645.7237160019804,1587.7732517384204,1640.855712890625,2769190,0.0,0.0
2018-11-01 00:00:00+05:30,1645.5124539758722,1646.10503924381,1609.65856496453,1638.82421875,2769759,0.0,0.0
2018-11-02 00:00:00+05:30,1637.5118470580776,1654.7826993492597,1612.7908941139453,1619.9447021484375,1818635,0.0,0.0
2018-11-05 00:00:00+05:30,1617.0237458184695,1631.7123963482243,1595.6468612206074,1600.8111572265625,1713366,0.0,0.0
2018-11-06 00:00:00+05:30,1603.4780813454302,1640.305587437577,1600.9382533390751,1636.2418212890625,1398710,0.0,0.0
2018-11-07 00:00:00+05:30,1642.4219569301072,1650.041440235453,1639.8821291616584,1644.2421875,144530,0.0,0.0
2018-11-09 00:00:00+05:30,1660.2008386611753,1661.00507615849,1612.7907178223045,1616.346435546875,2570479,0.0,0.0
2018-11-12 00:00:00+05:30,1615.7535691470302,1647.586052643399,1615.7535691470302,1621.1295166015625,2552008,0.0,0.0
2018-11-13 00:00:00+05:30,1621.2566716147956,1641.5752930867302,1611.097360878828,1638.146484375,1418432,0.0,0.0
2018-11-14 00:00:00+05:30,1629.7227576278121,1633.8711634982171,1583.1592502670176,1592.1756591796875,2422318,0.0,0.0
2018-11-15 00:00:00+05:30,1578.0797937113696,1607.7111203100274,1572.6614733212991,1585.572265625,1829123,0.0,0.0
2018-11-16 00:00:00+05:30,1599.2447733672675,1608.3881940345466,1583.3708509211922,1597.212890625,1829729,0.0,0.0
2018-11-19 00:00:00+05:30,1607.7105877687784,1614.7797526751094,1578.3332950388767,1610.63134765625,1740628,0.0,0.0
2018-11-20 00:00:00+05:30,1610.250520971982,1610.250520971982,1586.714746466969,1590.1435546875,1190182,0.0,0.0
2018-11-21 00:00:00+05:30,1584.0059782790295,1584.0483500817852,1522.6691766850831,1534.0560302734375,3840461,0.0,0.0
2018-11-22 00:00:00+05:30,1540.828803892134,1564.1951980512176,1532.3203397630693,1534.5216064453125,3194219,0.0,0.0
2018-11-26 00:00:00+05:30,1539.9824438541687,1574.6934280202054,1510.7744205925035,1562.925537109375,4333177,0.0,0.0
2018-11-27 00:00:00+05:30,1569.6137553884655,1606.7799270077762,1553.8244701356914,1600.3033447265625,3344839,0.0,0.0
2018-11-28 00:00:00+05:30,1599.2446627080828,1683.9055765624018,1593.7417033075521,1679.587890625,5313249,0.0,0.0
2018-11-29 00:00:00+05:30,1690.6786903737082,1690.6786903737082,1644.5808575553917,1659.81982421875,4035441,0.0,0.0
2018-11-30 00:00:00+05:30,1664.4339961339388,1685.5992300623968,1659.2273279183644,1666.3388671875,5268901,0.0,0.0
2018-12-03 00:00:00+05:30,1679.6727914673443,1684.7524470867013,1666.3810672683705,1678.3182373046875,1610576,0.0,0.0
2018-12-04 00:00:00+05:30,1678.8261280675642,1709.642725167224,1668.666817156414,1702.4041748046875,3270615,0.0,0.0
2018-12-05 00:00:00+05:30,1698.2983925832348,1708.4577050014796,1680.5195958513066,1698.933349609375,2501539,0.0,0.0
2018-12-06 00:00:00+05:30,1691.525155967846,1707.6107305240969,1675.9475262547282,1687.0380859375,2321216,0.0,0.0
2018-12-07 00:00:00+05:30,1680.5617836865256,1696.5203478606893,1670.3601005783044,1689.15478515625,1680420,0.0,0.0
2018-12-10 00:00:00+05:30,1672.0532620846702,1702.5311949631755,1659.354123385293,1672.7305908203125,2010786,0.0,0.0
2018-12-11 00:00:00+05:30,1667.8203485107422,1701.6847210693359,1660.2008646850586,1693.2186279296875,2942014,0.0,0.0
2018-12-12 00:00:00+05:30,1694.1497014647161,1711.843854957133,1680.4769417957643,1707.4415283203125,2219993,0.0,0.0
2018-12-13 00:00:00+05:30,1713.5371939183542,1718.362825507547,1671.6300342844813,1678.487548828125,3748429,0.0,0.0
2018-12-14 00:00:00+05:30,1678.8261589915896,1692.3295353213841,1672.264937240614,1684.540771484375,2473761,0.0,0.0
2018-12-17 00:00:00+05:30,1692.3718442930556,1697.3668594001094,1680.5193151184167,1688.392822265625,1227921,0.0,0.0
2018-12-18 00:00:00+05:30,1686.3610599282401,1694.911793060221,1673.2386159759758,1682.9322509765625,1768742,0.0,0.0
2018-12-19 00:00:00+05:30,1680.3502015500144,1680.3502015500144,1659.3966211060208,1666.508056640625,2498833,0.0,0.0
2018-12-20 00:00:00+05:30,1654.1052422125795,1671.9686772392038,1647.5016485317142,1654.31689453125,1940277,0.0,0.0
2018-12-21 00:00:00+05:30,1649.1950427014278,1650.8882614311008,1597.1709385705753,1605.0020751953125,3729956,0.0,0.0
2018-12-24 00:00:00+05:30,1613.4680737417937,1641.4908213969752,1612.7907449515,1624.219970703125,1864116,0.0,0.0
2018-12-26 00:00:00+05:30,1627.0137293286323,1627.0137293286323,1583.3709803121233,1599.4141845703125,2446614,0.0,0.0
2018-12-27 00:00:00+05:30,1616.1770153544053,1643.861095756289,1584.9371141893848,1616.1346435546875,4968201,0.0,0.0
2018-12-28 00:00:00+05:30,1621.256828127863,1625.4898746764998,1602.6314233138614,1605.213623046875,2239130,0.0,0.0
2018-12-31 00:00:00+05:30,1615.3304731934104,1616.1770824560904,1596.8320814730241,1602.6737060546875,1879740,0.0,0.0
2019-01-01 00:00:00+05:30,1605.1711164249746,1617.0236457656654,1595.8584148001462,1610.9281005859375,1094883,0.0,0.0
2019-01-02 00:00:00+05:30,1612.7907000360633,1637.7233023281976,1608.5576535792757,1628.28369140625,2100463,0.0,0.0
2019-01-03 00:00:00+05:30,1624.6430836030195,1646.6125513941724,1602.7158842651058,1608.51513671875,2611668,0.0,0.0
2019-01-04 00:00:00+05:30,1608.5577673851092,1609.5736572682683,1558.6078156610454,1588.958740234375,4280862,0.0,0.0
2019-01-07 00:00:00+05:30,1601.6156108569037,1616.0079698175841,1592.472188531771,1606.7799072265625,1856423,0.0,0.0
2019-01-08 00:00:00+05:30,1613.1294680466233,1613.9760773923656,1594.4194221748912,1603.09716796875,1691756,0.0,0.0
2019-01-09 00:00:00+05:30,1614.8227452395458,1624.6433933367637,1580.3656816120094,1597.509521484375,2414376,0.0,0.0
2019-01-10 00:00:00+05:30,1600.0911893101688,1612.7903257332655,1584.936865842773,1598.8636474609375,3053461,0.0,0.0
2019-01-11 00:00:00+05:30,1583.1595523304693,1587.3925992618342,1553.528223810915,1559.920166015625,9209862,0.0,0.0
2019-01-14 00:00:00+05:30,1566.2272730087982,1567.0738823455597,1532.3628995383376,1535.1143798828125,3615370,0.0,0.0
2019-01-15 00:00:00+05:30,1532.3628166439646,1582.609057393477,1530.6695980620375,1581.296875,7711653,0.0,0.0
2019-01-16 00:00:00+05:30,1583.1593648910473,1587.3924113212372,1563.6873513121734,1583.286376953125,2359280,0.0,0.0
2019-01-17 00:00:00+05:30,1593.3402036305204,1610.308682902411,1587.6558045013885,1607.1695556640625,2625816,4.0,0.0
2019-01-18 00:00:00+05:30,1595.8853346392532,1615.5687274300783,1591.6432151957677,1612.556884765625,1683728,0.0,0.0
2019-01-21 00:00:00+05:30,1613.702441470267,1639.1551613672746,1608.1452228658009,1619.3868408203125,2409803,0.0,0.0
2019-01-22 00:00:00+05:30,1618.0291944814203,1627.4891416536134,1603.5211665451995,1613.617431640625,2457093,0.0,0.0
2019-01-23 00:00:00+05:30,1612.8538206036285,1617.1807617444829,1586.5526799204551,1591.3038330078125,2578169,0.0,0.0
2019-01-24 00:00:00+05:30,1599.1093348962827,1616.4595614295697,1590.7947396302025,1613.3204345703125,1962927,0.0,0.0
2019-01-25 00:00:00+05:30,1613.7020570575742,1641.7000422746614,1612.853633263117,1629.6524658203125,2327080,0.0,0.0
2019-01-28 00:00:00+05:30,1640.003375634391,1664.6076683883473,1633.6401964738852,1658.668701171875,2769033,0.0,0.0
2019-01-29 00:00:00+05:30,1664.6078488979163,1687.5577589857699,1643.1003217166106,1682.212646484375,2557626,0.0,0.0
2019-01-30 00:00:00+05:30,1679.539812263242,1687.9392289892776,1658.3716788908496,1681.0670166015625,2429575,0.0,0.0
2019-01-31 00:00:00+05:30,1685.8182800249729,1713.6041625971006,1684.1214322343085,1708.810546875,4094319,0.0,0.0
2019-02-01 00:00:00+05:30,1704.9079501303418,1726.3306551518851,1695.235896258625,1722.2581787109375,3064163,0.0,0.0
2019-02-04 00:00:00+05:30,1722.2585161678414,1743.8933314187923,1716.3620099087575,1739.4815673828125,1590764,0.0,0.0
2019-02-05 00:00:00+05:30,1739.2692552621495,1743.5113753969354,1720.6039266690923,1734.6453857421875,1111404,0.0,0.0
2019-02-06 00:00:00+05:30,1739.1840572840904,1770.5334858720707,1731.6756301037794,1760.3099365234375,1789812,0.0,0.0
2019-02-07 00:00:00+05:30,1760.267313514132,1779.9507046325682,1753.692028935395,1767.181884765625,1339945,0.0,0.0
2019-02-08 00:00:00+05:30,1760.4794428112343,1772.7815883152164,1740.1172709425744,1748.9407958984375,1684474,0.0,0.0
2019-02-11 00:00:00+05:30,1747.7532928082803,1778.2965542359977,1738.3357043475014,1752.7589111328125,1778730,0.0,0.0
2019-02-12 00:00:00+05:30,1756.2372577663632,1756.2372577663632,1712.1192203731985,1740.6263427734375,2422903,0.0,0.0
2019-02-14 00:00:00+05:30,1747.7955885143185,1760.4794836078245,1724.8881446312287,1734.6873779296875,1724085,0.0,0.0
2019-02-15 00:00:00+05:30,1738.420520659335,1740.965792285483,1706.1379507740726,1722.0458984375,1930065,0.0,0.0
2019-02-18 00:00:00+05:30,1728.7482722785667,1732.4388950056702,1665.1589514362936,1671.6494140625,2942184,0.0,0.0
2019-02-19 00:00:00+05:30,1671.3949512827444,1672.2433751158828,1605.2178922979454,1616.0777587890625,4408554,0.0,0.0
2019-02-20 00:00:00+05:30,1624.7317592941106,1640.6821699506822,1596.1399154530632,1624.5196533203125,4645778,0.0,0.0
2019-02-21 00:00:00+05:30,1624.5197751902508,1645.9424801509788,1609.5027125457214,1624.0531005859375,4683919,0.0,0.0
2019-02-22 00:00:00+05:30,1626.5985767724962,1637.45844623667,1616.3326662945424,1633.767822265625,2271955,0.0,0.0
2019-02-25 00:00:00+05:30,1639.579001163977,1688.3633698920123,1637.8821535560453,1684.24853515625,2934880,0.0,0.0
2019-02-26 00:00:00+05:30,1683.2732544040696,1735.1544039012206,1673.3042721766262,1729.6820068359375,6453309,0.0,0.0
2019-02-27 00:00:00+05:30,1730.7848015736222,1760.437176232456,1715.513170971502,1746.141357421875,4732082,0.0,0.0
2019-02-28 00:00:00+05:30,1747.7532895194377,1757.3829839442326,1677.8431372251853,1682.806396484375,8454295,0.0,0.0
2019-03-01 00:00:00+05:30,1692.64801865937,1701.0897944166873,1680.176126106022,1692.9449462890625,4148548,0.0,0.0
2019-03-05 00:00:00+05:30,1701.0899719798863,1702.7868198322353,1676.9947117630556,1686.7515869140625,2449622,0.0,0.0
2019-03-06 00:00:00+05:30,1687.7698401959071,1709.5742947365632,1684.1640383335593,1696.508544921875,2635047,0.0,0.0
2019-03-07 00:00:00+05:30,1701.0901194534347,1717.2526380751947,1697.01764282779,1708.132080078125,2539884,0.0,0.0
2019-03-08 00:00:00+05:30,1718.0583499366746,1724.84574094877,1705.3744544097683,1716.10693359375,2031071,0.0,0.0
2019-03-11 00:00:00+05:30,1721.367297473185,1724.845814802352,1699.9445936739921,1709.404541015625,3111689,0.0,0.0
2019-03-12 00:00:00+05:30,1708.7682056318279,1717.8887626017156,1699.393080063739,1707.41064453125,2658550,0.0,0.0
2019-03-13 00:00:00+05:30,1707.8775168268478,1710.3379671472783,1678.6917104308857,1697.272216796875,1833163,0.0,0.0
2019-03-14 00:00:00+05:30,1701.047369311519,1703.465460155937,1680.7276593794854,1686.1575927734375,1905495,0.0,0.0
2019-03-15 00:00:00+05:30,1695.9148095176795,1755.346850511839,1689.2122389860256,1730.7425537109375,5184318,0.0,0.0
2019-03-18 00:00:00+05:30,1733.3297691876628,1751.655805548377,1706.1802084368037,1716.191650390625,2349915,0.0,0.0
2019-03-19 00:00:00+05:30,1722.3002601326264,1722.3002601326264,1692.6902497252495,1716.191650390625,2373993,0.0,0.0
2019-03-20 00:00:00+05:30,1720.6037477987,1734.8573113967634,1696.8478775135106,1709.61669921875,3091165,0.0,0.0
2019-03-22 00:00:00+05:30,1709.5744678196393,1710.4228918731476,1682.6794667503752,1701.6417236328125,3148149,0.0,0.0
2019-03-25 00:00:00+05:30,1703.46553150211,1703.46553150211,1677.503677557319,1683.485107421875,2429205,0.0,0.0
2019-03-26 00:00:00+05:30,1683.2730371116772,1692.5632374974166,1661.2564780784203,1682.127685546875,2316539,0.0,0.0
2019-03-27 00:00:00+05:30,1691.7572462615153,1695.150941840776,1663.7592577326136,1669.6134033203125,2266166,0.0,0.0
2019-03-28 00:00:00+05:30,1679.8792490726184,1709.2346940247576,1673.7706386847553,1697.102294921875,4054489,0.0,0.0
2019-04-01 00:00:00+05:30,1705.3320412800915,1730.7422956921178,1703.8472994531064,1723.700439453125,2095740,0.0,0.0
2019-04-02 00:00:00+05:30,1728.3244970785663,1769.8124510893922,1728.2396753926616,1764.1280517578125,3719663,0.0,0.0
2019-04-03 00:00:00+05:30,1768.9640270955815,1772.866860321017,1746.1415045159758,1764.1280517578125,2939886,0.0,0.0
2019-04-04 00:00:00+05:30,1763.151999328118,1764.467097766052,1703.126113523026,1709.14990234375,4397518,0.0,0.0
2019-04-05 00:00:00+05:30,1721.1552312408069,1743.0020439335456,1712.7982762198308,1737.8267822265625,3152103,0.0,0.0
2019-04-08 00:00:00+05:30,1746.9052840484653,1760.4800701314064,1724.5916879976717,1756.874267578125,2194294,0.0,0.0
2019-04-09 00:00:00+05:30,1756.2376441381036,1779.9935156530153,1745.7595250981578,1774.478759765625,2690970,0.0,0.0
2019-04-10 00:00:00+05:30,1767.2671964028614,1769.3882564081455,1727.3912683035169,1730.9970703125,3313062,0.0,0.0
2019-04-11 00:00:00+05:30,1735.0271468175522,1743.5113871442884,1708.4290741067116,1713.392333984375,3422442,0.0,0.0
2019-04-12 00:00:00+05:30,1729.0878634780652,1729.9362873561213,1702.78672325833,1709.14990234375,3198471,0.0,0.0
2019-04-15 00:00:00+05:30,1756.2375669717358,1798.4891208794554,1731.6332725552234,1792.974365234375,9189201,0.0,0.0
2019-04-16 00:00:00+05:30,1798.658843661248,1829.1596444180798,1794.8833983644774,1808.6702880859375,5771952,0.0,0.0
2019-04-18 00:00:00+05:30,1824.0264207306307,1828.353465381949,1793.7377295756125,1824.15380859375,3413728,0.0,0.0
2019-04-22 00:00:00+05:30,1822.4146668942278,1846.1705377848416,1820.3785322432204,1833.825927734375,2007135,0.0,0.0
2019-04-23 00:00:00+05:30,1835.1408022580501,1837.2618619000498,1810.578973030641,1828.3958740234375,2163524,0.0,0.0
2019-04-24 00:00:00+05:30,1830.8987424373095,1862.290426158431,1829.2868199109307,1852.4910888671875,3003071,0.0,0.0
2019-04-25 00:00:00+05:30,1845.3216858605317,1870.774398768953,1839.4251821303558,1862.2901611328125,4211526,0.0,0.0
2019-04-26 00:00:00+05:30,1869.0779886708633,1903.820908494966,1860.72092978954,1899.239501953125,2716958,0.0,0.0
2019-04-30 00:00:00+05:30,1899.2399079470067,1923.3350707696045,1892.070765361059,1917.735595703125,3488395,0.0,0.0
2019-05-02 00:00:00+05:30,1913.1963093923284,1916.92929250796,1875.9505749591817,1879.5986328125,2457699,0.0,0.0
2019-05-03 00:00:00+05:30,1853.8061875563403,1854.697074061976,1802.9007544884316,1808.8397216796875,3780886,0.0,0.0
2019-05-06 00:00:00+05:30,1790.174439733015,1836.8377545127858,1788.901803875385,1830.7716064453125,2891422,0.0,0.0
2019-05-07 00:00:00+05:30,1832.6381859570238,1853.254929271468,1814.6091771047916,1825.765869140625,2201698,0.0,0.0
2019-05-08 00:00:00+05:30,1824.959995856238,1839.3832036338094,1807.4823788718643,1826.5296630859375,1824895,0.0,0.0
2019-05-09 00:00:00+05:30,1819.8692880416552,1853.042745796452,1812.3183980920232,1843.243408203125,2264162,0.0,0.0
2019-05-10 00:00:00+05:30,1845.3220188822045,1859.7452254665711,1803.6220662289484,1812.0638427734375,2039633,0.0,0.0
2019-05-13 00:00:00+05:30,1809.6881990765378,1838.5346120013396,1800.058504849214,1806.0823974609375,1701744,0.0,0.0
2019-05-14 00:00:00+05:30,1811.3849010054064,1832.425853694616,1758.2312302068435,1775.19970703125,2456110,0.0,0.0
2019-05-15 00:00:00+05:30,1779.1450367702316,1802.0524835955994,1768.5397373140427,1777.7874755859375,2346876,0.0,0.0
2019-05-16 00:00:00+05:30,1778.296486922051,1802.0523560221548,1762.2188955116073,1789.1138916015625,1946529,0.0,0.0
2019-05-17 00:00:00+05:30,1792.3806744048682,1811.3852896721098,1773.2062086251565,1777.830078125,1947908,0.0,0.0
2019-05-20 00:00:00+05:30,1802.9006809564387,1825.2989877389,1739.2688922167997,1818.978271484375,2625116,0.0,0.0
2019-05-21 00:00:00+05:30,1822.4568320079243,1823.0082246382551,1783.8535481125614,1789.962158203125,1863157,0.0,0.0
2019-05-22 00:00:00+05:30,1790.1743956266137,1800.3130196156558,1760.4795596802007,1766.2064208984375,2595795,0.0,0.0
2019-05-23 00:00:00+05:30,1779.9933901784404,1794.7136280941104,1739.269041880745,1742.7052001953125,2541294,0.0,0.0
2019-05-24 00:00:00+05:30,1756.2374693155289,1756.2374693155289,1724.2094671577215,1737.5721435546875,2274208,0.0,0.0
2019-05-27 00:00:00+05:30,1743.3417256771957,1755.3468427610624,1730.8698303858596,1743.6385498046875,2329820,0.0,0.0
2019-05-28 00:00:00+05:30,1747.7532387262656,1779.5691350623022,1735.0268801918512,1759.4190673828125,5872979,0.0,0.0
2019-05-29 00:00:00+05:30,1764.721464461441,1801.7975422638087,1762.2611183504516,1788.0955810546875,3281320,0.0,0.0
2019-05-30 00:00:00+05:30,1801.203971394268,1829.6686351670846,1793.9074428719805,1820.9722900390625,4971725,0.0,0.0
2019-05-31 00:00:00+05:30,1832.5955352793226,1870.7321463110827,1826.0202503726491,1863.60546875,4265370,0.0,0.0
2019-06-03 00:00:00+05:30,1867.381310400251,1906.9602089775867,1854.3579185437768,1902.4212646484375,3682419,0.0,0.0
2019-06-04 00:00:00+05:30,1902.1643721333244,1902.1643721333244,1860.255175085423,1867.18310546875,2408658,18.0,0.0
2019-06-06 00:00:00+05:30,1880.782385233849,1880.782385233849,1840.5837621751903,1852.6434326171875,3735467,0.0,0.0
2019-06-07 00:00:00+05:30,1859.399703439219,1872.913321702945,1832.116047064928,1866.0281982421875,2659446,0.0,0.0
2019-06-10 00:00:00+05:30,1878.8146156192947,1912.2993286221972,1869.2354138968585,1908.5787353515625,2080593,0.0,0.0
2019-06-11 00:00:00+05:30,1913.2828909530879,1936.332904582578,1908.151153203549,1926.7965087890625,3048937,0.0,0.0
2019-06-12 00:00:00+05:30,1920.1254639795109,1938.8562257384858,1897.8879307663851,1933.7244873046875,2404448,0.0,0.0
2019-06-13 00:00:00+05:30,1936.3764667553505,1954.3375558904488,1918.458183880398,1927.9091796875,3320916,0.0,0.0
2019-06-14 00:00:00+05:30,1930.6027792234543,1935.6063077621118,1910.7172926282851,1928.250732421875,2131408,0.0,0.0
2019-06-17 00:00:00+05:30,1929.5340307094873,1934.6657701528636,1917.0895207970973,1923.718017578125,1489497,0.0,0.0
2019-06-18 00:00:00+05:30,1919.2698448784868,1932.9544783535562,1908.322096336244,1925.128662109375,1877447,0.0,0.0
2019-06-19 00:00:00+05:30,1928.678426357552,1946.6395114810593,1918.543159084896,1932.8692626953125,1652817,0.0,0.0
2019-06-20 00:00:00+05:30,1907.2962685854527,1953.481918138643,1891.9010520677225,1948.307373046875,2199377,0.0,0.0
2019-06-21 00:00:00+05:30,1954.3374040436288,1960.7520782363322,1917.5599386721294,1924.2740478515625,3871804,0.0,0.0
2019-06-24 00:00:00+05:30,1927.9510307756,1950.0603511762524,1925.085935809342,1946.2115478515625,1382424,0.0,0.0
2019-06-25 00:00:00+05:30,1941.5080608497724,1945.3140591187519,1924.8299079041467,1939.62646484375,1386077,0.0,0.0
2019-06-26 00:00:00+05:30,1937.2311891658833,1938.7707524029097,1924.4018435422681,1927.9940185546875,1762224,0.0,0.0
2019-06-27 00:00:00+05:30,1928.6781815748104,1936.3757885079249,1916.9607550054818,1926.582763671875,2813464,0.0,0.0
2019-06-28 00:00:00+05:30,1932.9546661586248,1934.622439263252,1900.8813033351964,1904.901123046875,2372928,0.0,0.0
2019-07-01 00:00:00+05:30,1911.572501386376,1928.678295582227,1887.2823571526528,1915.464111328125,2769940,0.0,0.0
2019-07-02 00:00:00+05:30,1920.0402319385278,1930.3893233550891,1895.7072758055365,1926.198486328125,1771746,0.0,0.0
2019-07-03 00:00:00+05:30,1926.2837423745566,1931.9287388619703,1909.0069293105582,1913.8392333984375,1656881,0.0,0.0
2019-07-04 00:00:00+05:30,1910.717062487331,1926.1122760615353,1907.381516403966,1918.115234375,984140,0.0,0.0
2019-07-05 00:00:00+05:30,1921.8362478552624,1924.4021173450558,1830.320236052631,1850.0775146484375,4088470,0.0,0.0
2019-07-08 00:00:00+05:30,1838.0177235395163,1872.0582982923463,1823.5634098894932,1860.5972900390625,2788062,0.0,0.0
2019-07-09 00:00:00+05:30,1859.4000150145303,1859.7420474082621,1800.0001804921096,1824.632568359375,3977224,0.0,0.0
2019-07-10 00:00:00+05:30,1779.0026967568856,1819.928395204265,1771.5617176239919,1803.121826171875,6343581,0.0,0.0
2019-07-11 00:00:00+05:30,1820.0566337031448,1820.911923474622,1784.177269551879,1798.28955078125,2400346,0.0,0.0
2019-07-12 00:00:00+05:30,1797.9045492611788,1813.0003288357216,1790.206942015267,1802.608642578125,1560725,0.0,0.0
2019-07-15 00:00:00+05:30,1817.49097600158,1841.9523498382853,1794.3981494829718,1835.1954345703125,2900415,0.0,0.0
2019-07-16 00:00:00+05:30,1822.5937530140818,1828.166123378424,1800.304271556713,1805.447998046875,2735399,5.0,0.0
2019-07-17 00:00:00+05:30,1807.1618882099422,1821.7357744051835,1793.53110189975,1815.091796875,1802969,0.0,0.0
2019-07-18 00:00:00+05:30,1814.1917332144103,1814.1917332144103,1766.0122184352854,1771.113037109375,3072096,0.0,0.0
2019-07-19 00:00:00+05:30,1780.5859970516694,1797.7317456992541,1768.1553292821707,1780.5430908203125,1953177,0.0,0.0
2019-07-22 00:00:00+05:30,1780.5857365933246,1815.2629663008531,1773.5560225358367,1808.7904052734375,1920167,0.0,0.0
2019-07-23 00:00:00+05:30,1824.2219786618036,1826.0223661225332,1802.3611475180833,1810.9769287109375,3538588,0.0,0.0
2019-07-24 00:00:00+05:30,1808.876700487501,1818.1354477336256,1780.1575680390029,1797.560546875,2413196,0.0,0.0
2019-07-25 00:00:00+05:30,1807.9334618969233,1830.3087485850538,1793.9169373406082,1824.221923828125,2544464,0.0,0.0
2019-07-26 00:00:00+05:30,1825.8507250610485,1825.8507250610485,1796.0170820296507,1808.06201171875,1720592,0.0,0.0
2019-07-29 00:00:00+05:30,1809.562340082669,1836.3096659055898,1803.1326843897223,1826.022216796875,1647090,0.0,0.0
2019-07-30 00:00:00+05:30,1826.0223623702889,1873.1731745441696,1817.8352249421741,1868.157958984375,2851672,0.0,0.0
2019-07-31 00:00:00+05:30,1861.814077341122,1896.062670172197,1840.7247216968844,1890.9189453125,3000677,0.0,0.0
2019-08-01 00:00:00+05:30,1886.0327779261627,1901.035311386939,1857.0993205375228,1868.929931640625,2375236,0.0,0.0
2019-08-02 00:00:00+05:30,1862.8853828262854,1894.6050142872025,1856.455727800424,1890.5758056640625,2500816,0.0,0.0
2019-08-05 00:00:00+05:30,1885.9469470503013,1930.8260375704674,1882.260777732023,1927.697021484375,3039682,0.0,0.0
2019-08-06 00:00:00+05:30,1914.1518484607702,1930.5688227385929,1895.848673971421,1898.8062744140625,2885467,0.0,0.0
2019-08-07 00:00:00+05:30,1911.7510153821447,1919.0379587143186,1892.2477258754434,1897.5628662109375,2165362,0.0,0.0
2019-08-08 00:00:00+05:30,1910.808221510444,1955.472988572606,1902.2353456289331,1935.8411865234375,2073298,0.0,0.0
2019-08-09 00:00:00+05:30,1937.4693412632164,1944.2418273649816,1921.481016480664,1925.681640625,1744550,0.0,0.0
2019-08-13 00:00:00+05:30,1924.6099014124513,1925.6815104889615,1881.145479128924,1885.5604248046875,1647281,0.0,0.0
2019-08-14 00:00:00+05:30,1869.8298124491541,1901.335127441963,1858.0848064958668,1889.804443359375,1945002,0.0,0.0
2019-08-16 00:00:00+05:30,1921.5241511633849,1921.5241511633849,1837.381465339836,1856.11328125,3755507,0.0,0.0
2019-08-19 00:00:00+05:30,1868.886876769822,1874.0306021187298,1849.7693223633041,1854.31298828125,974884,0.0,0.0
2019-08-20 00:00:00+05:30,1862.0284711454642,1890.318958966735,1857.313389841919,1874.6734619140625,1843611,0.0,0.0
2019-08-21 00:00:00+05:30,1873.1301729135498,1887.746965802779,1870.8155386571818,1874.2017822265625,1214408,0.0,0.0
2019-08-22 00:00:00+05:30,1874.88792788509,1916.5948847196055,1860.314039099518,1899.749267578125,2131601,0.0,0.0
2019-08-23 00:00:00+05:30,1898.8488835391506,1937.3839143432083,1897.9486898151831,1926.925048828125,2826425,0.0,0.0
2019-08-26 00:00:00+05:30,1926.3249170798151,1956.3299780935195,1907.4645930140582,1951.4434814453125,2345475,0.0,0.0
2019-08-27 00:00:00+05:30,1946.04249356818,1950.200421381844,1910.8937084420586,1917.3233642578125,3432106,0.0,0.0
2019-08-28 00:00:00+05:30,1920.323385341074,1930.7393414126425,1899.7484919267054,1919.680419921875,1294621,0.0,0.0
2019-08-29 00:00:00+05:30,1905.0637699609629,1927.35323945396,1905.0637699609629,1914.708251953125,1670652,0.0,0.0
2019-08-30 00:00:00+05:30,1921.1812005568254,1942.6133870869105,1901.4635889491472,1937.1268310546875,2583625,0.0,0.0
2019-09-03 00:00:00+05:30,1946.0430527161998,1968.5039482930856,1917.7096527541275,1930.26904296875,2545060,0.0,0.0
2019-09-04 00:00:00+05:30,1941.7559193285576,1946.0423562365677,1914.3227231172932,1924.9530029296875,2228092,0.0,0.0
2019-09-05 00:00:00+05:30,1922.2101215226016,1932.0260222062202,1892.290869454897,1899.149169921875,2055943,0.0,0.0
2019-09-06 00:00:00+05:30,1899.7489778868032,1914.7515081724616,1879.6885353957427,1883.88916015625,1890550,0.0,0.0
2019-09-09 00:00:00+05:30,1886.032843922472,1888.4761974625055,1868.7156751243872,1871.3304443359375,1703945,0.0,0.0
2019-09-11 00:00:00+05:30,1874.0303663786851,1881.7459534314794,1840.2104183236759,1846.59716796875,2627440,0.0,0.0
2019-09-12 00:00:00+05:30,1847.4546341403689,1856.027509472807,1817.7497048329574,1829.1087646484375,2118859,0.0,0.0
2019-09-13 00:00:00+05:30,1830.308618000697,1849.9833221752065,1813.634419757336,1836.2667236328125,2291174,0.0,0.0
2019-09-16 00:00:00+05:30,1851.6983046978712,1863.2287810266016,1822.936263936758,1843.1683349609375,2597948,0.0,0.0
2019-09-17 00:00:00+05:30,1847.4113711011064,1848.7831146088483,1805.1043650857875,1819.720947265625,2796530,0.0,0.0
2019-09-18 00:00:00+05:30,1822.9361258203044,1837.1242763462828,1811.5770660119888,1833.352294921875,1454663,0.0,0.0
2019-09-19 00:00:00+05:30,1830.3087343214024,1830.9946061518478,1792.5880859325773,1801.975341796875,1652691,0.0,0.0
2019-09-20 00:00:00+05:30,1804.504274299232,1825.5078168767695,1763.440289060994,1770.684326171875,6941979,0.0,0.0
2019-09-23 00:00:00+05:30,1799.446646772561,1799.446646772561,1693.142985886521,1728.120361328125,6323401,0.0,0.0
2019-09-24 00:00:00+05:30,1727.4339935530252,1766.8692112718536,1725.7194188695978,1752.8953857421875,4620978,0.0,0.0
2019-09-25 00:00:00+05:30,1770.2985074975822,1793.4452676440396,1766.0549766638019,1790.40185546875,4002232,0.0,0.0
2019-09-26 00:00:00+05:30,1798.5034783641042,1806.30487883604,1768.5842264066212,1789.673583984375,4234281,0.0,0.0
2019-09-27 00:00:00+05:30,1787.444251299277,1787.6156669216793,1758.6393105804482,1762.71142578125,2046795,0.0,0.0
2019-09-30 00:00:00+05:30,1767.5983595381429,1803.73294484199,1766.0122939042299,1799.7037353515625,2620039,0.0,0.0
2019-10-01 00:00:00+05:30,1796.8314622341634,1796.8314622341634,1748.6090465728728,1765.9691162109375,3342877,0.0,0.0
2019-10-03 00:00:00+05:30,1774.5848702846286,1784.1435408181405,1754.1385872742603,1766.226318359375,2317618,0.0,0.0
2019-10-04 00:00:00+05:30,1766.5264476651612,1789.9731317792077,1761.6826484198912,1782.6005859375,2163251,0.0,0.0
2019-10-07 00:00:00+05:30,1783.1577087431008,1795.588375462704,1749.7235017041676,1755.46728515625,2177916,0.0,0.0
2019-10-09 00:00:00+05:30,1766.0123119341574,1766.0123119341574,1727.8630168462594,1731.8065185546875,2066920,0.0,0.0
2019-10-10 00:00:00+05:30,1738.5790551223492,1748.0521238850008,1712.088850364431,1718.389892578125,2881452,0.0,0.0
2019-10-11 00:00:00+05:30,1655.4220315151963,1710.288427173908,1650.278306922192,1703.301513671875,12593069,0.0,0.0
2019-10-14 00:00:00+05:30,1710.288166874768,1742.6507625136264,1687.1414097290944,1732.57763671875,3510704,0.0,0.0
2019-10-15 00:00:00+05:30,1742.007970730448,1754.8672815380055,1734.0351561700268,1746.5516357421875,2261310,0.0,0.0
2019-10-16 00:00:00+05:30,1747.151791962221,1762.5829657872064,1728.2914683983502,1754.35302734375,3034082,0.0,0.0
2019-10-17 00:00:00+05:30,1765.397914908344,1786.4354273004992,1752.5124813690777,1780.255615234375,3818774,45.0,0.0
2019-10-18 00:00:00+05:30,1785.9968697289373,1809.1380441814954,1775.0398337183303,1803.396728515625,3087901,0.0,0.0
2019-10-22 00:00:00+05:30,1823.2506908035125,1850.8624200152003,1788.232048461355,1798.180908203125,5552505,0.0,0.0
2019-10-23 00:00:00+05:30,1805.7197483704106,1826.6258611560677,1799.1455259855668,1814.5731201171875,2348134,0.0,0.0
2019-10-24 00:00:00+05:30,1826.7570320004804,1839.9054751290828,1806.8590975334505,1825.00390625,2798671,0.0,0.0
2019-10-25 00:00:00+05:30,1835.5227640356877,1867.0790293199689,1818.911939416136,1862.65234375,3954245,0.0,0.0
2019-10-27 00:00:00+05:30,1866.2027651577614,1866.2027651577614,1848.4962340478482,1854.54443359375,224405,0.0,0.0
2019-10-29 00:00:00+05:30,1859.6283370852357,1929.9286443357994,1859.6283370852357,1923.92431640625,5064173,0.0,0.0
2019-10-30 00:00:00+05:30,1950.3523352394898,1981.0320348949424,1908.1459197439005,1974.7208251953125,5195136,0.0,0.0
2019-10-31 00:00:00+05:30,1972.266590838732,2002.9024224155028,1960.8712727583304,1989.490966796875,4879261,0.0,0.0
2019-11-01 00:00:00+05:30,1984.538376636155,1994.1805683954296,1924.055537418887,1929.2271728515625,4172620,0.0,0.0
2019-11-04 00:00:00+05:30,1934.574320482942,1954.0339740638594,1911.695943188933,1923.1351318359375,2646411,0.0,0.0
2019-11-05 00:00:00+05:30,1925.8088866363048,1938.0807684810513,1901.2651229468117,1930.060302734375,2693475,0.0,0.0
2019-11-06 00:00:00+05:30,1928.4383835246742,1937.9053056629002,1910.0305625910296,1918.35791015625,2540719,0.0,0.0
2019-11-07 00:00:00+05:30,1932.383388098839,1932.383388098839,1906.7000460140337,1915.5972900390625,1915598,0.0,0.0
2019-11-08 00:00:00+05:30,1919.3223885324696,1919.3223885324696,1861.819771385015,1867.0352783203125,2788759,0.0,0.0
2019-11-11 00:00:00+05:30,1871.4620031558918,1874.968255152437,1832.893231193897,1841.614990234375,2983768,0.0,0.0
2019-11-13 00:00:00+05:30,1856.5598993942542,1914.237770986549,1856.5598993942542,1909.6796875,3823365,0.0,0.0
2019-11-14 00:00:00+05:30,1917.4809804144056,1928.4380145882023,1881.7171780702188,1925.633056640625,2995915,0.0,0.0
2019-11-15 00:00:00+05:30,1924.932210429025,1938.5189359580095,1901.045870386133,1906.042236328125,2724180,0.0,0.0
2019-11-18 00:00:00+05:30,1909.50455615475,1917.7005049591417,1883.5145514939804,1886.889404296875,1611089,0.0,0.0
2019-11-19 00:00:00+05:30,1887.240509363374,1888.686752995338,1845.165477106318,1848.4964599609375,2975313,0.0,0.0
2019-11-20 00:00:00+05:30,1860.0225905790762,1871.4617791495075,1835.960981933791,1848.2767333984375,2894129,0.0,0.0
2019-11-21 00:00:00+05:30,1851.3010734072423,1864.0989789294326,1847.2687979674724,1856.648193359375,2052574,0.0,0.0
2019-11-22 00:00:00+05:30,1838.1524262690461,1846.9180553881165,1806.1578799844397,1815.975341796875,3742049,0.0,0.0
2019-11-25 00:00:00+05:30,1818.4739694706586,1827.5901398459307,1798.882699148703,1824.5660400390625,2737010,0.0,0.0
2019-11-26 00:00:00+05:30,1831.8850370161726,1838.9411970606045,1783.8493479547508,1794.0174560546875,6561580,0.0,0.0
2019-11-27 00:00:00+05:30,1798.706641330774,1815.974883536789,1793.9294174673332,1800.7227783203125,2907521,0.0,0.0
2019-11-28 00:00:00+05:30,1811.89933807973,1835.8732043678892,1805.719526994676,1820.927978515625,2924429,0.0,0.0
2019-11-29 00:00:00+05:30,1827.6336058306954,1827.6336058306954,1793.2723837162391,1799.802734375,2064271,0.0,0.0
2019-12-02 00:00:00+05:30,1805.7195972419677,1812.4690888579196,1767.1508291455375,1771.5775146484375,3809860,0.0,0.0
2019-12-03 00:00:00+05:30,1777.4064866871238,1807.4726358950284,1761.891366706599,1797.8304443359375,4664774,0.0,0.0
2019-12-04 00:00:00+05:30,1799.5834394780263,1825.003760834511,1793.0092184375562,1821.935791015625,3334301,0.0,0.0
2019-12-05 00:00:00+05:30,1825.8807194742224,1864.274221474848,1813.0391571930734,1859.453125,3902721,0.0,0.0
2019-12-06 00:00:00+05:30,1861.8195336863691,1865.3257851622382,1841.6585877001232,1861.468994140625,1829461,0.0,0.0
2019-12-09 00:00:00+05:30,1865.2822625160388,1865.2822625160388,1800.0221875365464,1806.1142578125,2244747,0.0,0.0
2019-12-10 00:00:00+05:30,1805.719611429665,1806.4647755119568,1755.9746658235322,1764.3896484375,4520045,0.0,0.0
2019-12-11 00:00:00+05:30,1775.3905933804865,1795.2008943493086,1759.0426732106812,1789.8538818359375,4943024,0.0,0.0
2019-12-12 00:00:00+05:30,1797.918309583624,1826.4502617237945,1739.1008514357382,1771.446044921875,7137306,0.0,0.0
2019-12-13 00:00:00+05:30,1773.2866528600257,1820.9715864947566,1759.2616472022105,1815.580810546875,5711133,0.0,0.0
2019-12-16 00:00:00+05:30,1837.275673709886,1872.3381865669448,1823.5136802144095,1864.22998046875,5574177,0.0,0.0
2019-12-17 00:00:00+05:30,1864.011042403076,1901.264966363636,1857.436820527683,1897.71484375,6059673,0.0,0.0
2019-12-18 00:00:00+05:30,1905.6480747381718,1931.4628138144444,1887.2402506491646,1900.1695556640625,8251081,0.0,0.0
2019-12-19 00:00:00+05:30,1910.7322229014744,1960.4333061725229,1899.9943252933308,1953.9029541015625,6251505,0.0,0.0
2019-12-20 00:00:00+05:30,1945.9698936781754,1969.3740833822953,1935.6702782499237,1948.5118408203125,5548338,0.0,0.0
2019-12-23 00:00:00+05:30,1937.2039700502448,1965.2101113412257,1937.2039700502448,1956.225341796875,2247329,0.0,0.0
2019-12-24 00:00:00+05:30,1962.6240319388287,1966.612435322738,1938.211673318016,1942.112548828125,1805896,0.0,0.0
2019-12-26 00:00:00+05:30,1942.814242385796,1953.8590223265135,1924.231148680076,1930.14794921875,1880367,0.0,0.0
2019-12-27 00:00:00+05:30,1935.4510053019103,1951.5796780775752,1907.4009907323175,1927.1236572265625,2720261,0.0,0.0
2019-12-30 00:00:00+05:30,1934.5742754702967,1950.3524073046715,1908.3651309694842,1913.7120361328125,2288830,0.0,0.0
2019-12-31 00:00:00+05:30,1918.796300236619,1925.8088038464375,1891.1406963244715,1894.8660888671875,1909289,0.0,0.0
2020-01-01 00:00:00+05:30,1900.388137171974,1914.325399993125,1888.1162580573948,1900.03759765625,1354908,0.0,0.0
2020-01-02 00:00:00+05:30,1910.863684080302,1910.863684080302,1883.9093687971083,1891.3162841796875,2380752,0.0,0.0
2020-01-03 00:00:00+05:30,1896.882232055472,1948.599446330552,1896.882232055472,1929.0081787109375,4655761,0.0,0.0
2020-01-06 00:00:00+05:30,1932.8211676123146,1951.185117310929,1917.831856628987,1928.832763671875,3023209,0.0,0.0
2020-01-07 00:00:00+05:30,1928.8765872432614,1941.279866199243,1914.2380301773512,1933.5662841796875,2429317,0.0,0.0
2020-01-08 00:00:00+05:30,1932.821362783713,1981.032326481266,1930.2355448044982,1976.86865234375,5197454,0.0,0.0
2020-01-09 00:00:00+05:30,1971.1708911394273,1973.9758497177786,1937.2040775622609,1941.0172119140625,3734173,0.0,0.0
2020-01-10 00:00:00+05:30,1952.9825781174432,1958.241956694061,1935.4513161953835,1940.3162841796875,1915807,0.0,0.0
2020-01-13 00:00:00+05:30,1944.0848465589308,1945.0489372138495,1915.0266620091331,1919.9793701171875,2843893,0.0,0.0
2020-01-14 00:00:00+05:30,1924.0554379784992,1954.559867677666,1924.0554379784992,1934.4864501953125,2948452,0.0,0.0
2020-01-15 00:00:00+05:30,1939.8336836457459,1955.611815731432,1923.3542584442177,1952.017822265625,2620681,0.0,0.0
2020-01-16 00:00:00+05:30,1952.0618619604593,1971.3901182372106,1941.5869772767546,1962.44921875,3117214,0.0,0.0
2020-01-17 00:00:00+05:30,1964.158287014901,1975.378334757825,1939.8336669257953,1945.1807861328125,3281059,0.0,0.0
2020-01-20 00:00:00+05:30,1923.9675652184246,1965.429027621054,1890.0446283452136,1902.4481201171875,5817599,0.0,0.0
2020-01-21 00:00:00+05:30,1902.0979509008143,1916.6489831583344,1891.66693618928,1903.062255859375,1902980,0.0,0.0
2020-01-22 00:00:00+05:30,1911.7835581918482,1937.2038806070539,1905.3846066450317,1934.4864501953125,1773686,0.0,0.0
2020-01-23 00:00:00+05:30,1941.4273949503652,1948.4118517575685,1918.497064838555,1924.8665771484375,2069866,5.0,0.0
2020-01-24 00:00:00+05:30,1924.8661519960956,1924.8661519960956,1906.4605047675298,1918.2330322265625,1319430,0.0,0.0
2020-01-27 00:00:00+05:30,1923.7678835683255,1927.0624580416547,1902.0676626021018,1905.801513671875,1549101,0.0,0.0
2020-01-28 00:00:00+05:30,1909.9749983230179,1922.0990775490325,1890.6468244669431,1918.5408935546875,1743024,0.0,0.0
2020-01-29 00:00:00+05:30,1919.6395838210442,1921.352720414202,1888.8902083364967,1892.931640625,2306761,0.0,0.0
2020-01-30 00:00:00+05:30,1897.6754492650944,1902.0682165087635,1866.92607855941,1878.215576171875,2098567,0.0,0.0
2020-01-31 00:00:00+05:30,1879.576711562198,1883.9257216826838,1820.0109736188228,1826.55615234375,3287223,0.0,0.0
2020-02-03 00:00:00+05:30,1890.6468387708087,1928.1610245044394,1838.9878580847196,1847.158447265625,4728073,0.0,0.0
2020-02-04 00:00:00+05:30,1870.4401332206849,1877.2049513022794,1833.189555959817,1851.7708740234375,3509339,0.0,0.0
2020-02-05 00:00:00+05:30,1858.1406036939954,1894.776240783602,1848.7401243890288,1885.8590087890625,2439322,0.0,0.0
2020-02-06 00:00:00+05:30,1884.497091384653,1910.1508084251996,1858.5797654192231,1869.8692626953125,2640065,0.0,0.0
2020-02-07 00:00:00+05:30,1879.2254106214282,1889.7680496711976,1861.6543455384788,1877.072998046875,2083442,0.0,0.0
2020-02-10 00:00:00+05:30,1880.8954406862188,1903.8257769571312,1861.6552013715554,1899.3890380859375,2383032,0.0,0.0
2020-02-11 00:00:00+05:30,1900.3111522181832,1910.678126043798,1886.7815146005694,1891.876953125,1335820,0.0,0.0
2020-02-12 00:00:00+05:30,1889.856625739597,1919.6395052653172,1888.8901310390993,1907.1201171875,1620407,0.0,0.0
2020-02-13 00:00:00+05:30,1909.0521182357134,1930.1813654299451,1907.3389824071055,1925.74462890625,1645948,0.0,0.0
2020-02-14 00:00:00+05:30,1922.2744582424175,1943.3597356637238,1907.3390534023256,1918.9359130859375,1500115,0.0,0.0
2020-02-17 00:00:00+05:30,1930.1376785930895,1947.7527156039018,1924.2074436673672,1935.672607421875,1774724,0.0,0.0
2020-02-18 00:00:00+05:30,1932.773113103318,1951.2667012791944,1920.561309143664,1946.654296875,2486223,0.0,0.0
2020-02-19 00:00:00+05:30,1946.6546899541477,1959.174075864944,1924.471216673614,1929.61083984375,1760463,0.0,0.0
2020-02-20 00:00:00+05:30,1936.77096790187,1945.4685607548702,1889.9879994097973,1894.864013671875,2317278,0.0,0.0
2020-02-24 00:00:00+05:30,1894.160983113343,1914.323739177407,1850.8482609631496,1858.4478759765625,3092877,0.0,0.0
2020-02-25 00:00:00+05:30,1858.5796166375476,1912.3030683300415,1854.6261265525234,1894.292724609375,2674567,0.0,0.0
2020-02-26 00:00:00+05:30,1892.4043533504264,1901.1019477297468,1856.3396870980628,1865.6964111328125,2686842,0.0,0.0
2020-02-27 00:00:00+05:30,1862.4891203164177,1862.4891203164177,1832.8379449309177,1849.7940673828125,2349001,0.0,0.0
2020-02-28 00:00:00+05:30,1816.8486018718443,1818.1664320956393,1748.3214302345118,1757.23876953125,4298076,0.0,0.0
2020-03-02 00:00:00+05:30,1787.8561070227177,1804.504650477469,1744.5433830060683,1758.2489013671875,2667076,0.0,0.0
2020-03-03 00:00:00+05:30,1774.677635929271,1809.8197673338111,1767.649209648363,1788.91015625,2757585,0.0,0.0
2020-03-04 00:00:00+05:30,1806.305903569373,1840.0862410176765,1779.0707464630254,1830.2025146484375,3237002,0.0,0.0
2020-03-05 00:00:00+05:30,1832.3989279613681,1886.913213627781,1830.9494005333074,1866.9700927734375,3937056,0.0,0.0
2020-03-06 00:00:00+05:30,1843.2055232801927,1865.7403381856252,1820.0117931495645,1859.414794921875,2595027,0.0,0.0
2020-03-09 00:00:00+05:30,1822.9983494962182,1827.303175465061,1700.0008704940637,1732.8148193359375,4940975,0.0,0.0
2020-03-11 00:00:00+05:30,1698.243554741073,1745.9490425550869,1686.8223616672842,1716.4295654296875,6796449,0.0,0.0
2020-03-12 00:00:00+05:30,1672.7658063244817,1676.6314630402574,1544.8044720124178,1554.9078369140625,8728786,0.0,0.0
2020-03-13 00:00:00+05:30,1482.910173443925,1598.967045814718,1323.1452733097904,1586.930908203125,8029720,0.0,0.0
2020-03-16 00:00:00+05:30,1541.8610084443958,1618.514782226033,1472.3234947911394,1490.3778076171875,7844271,0.0,0.0
2020-03-17 00:00:00+05:30,1519.8974491574938,1520.7760025963132,1426.0240356687038,1456.6416015625,5713248,0.0,0.0
2020-03-18 00:00:00+05:30,1473.1581298385252,1505.4449617177359,1430.065050105716,1453.478515625,7258778,0.0,0.0
2020-03-19 00:00:00+05:30,1380.2915908596424,1491.5768848164626,1368.8312399818008,1448.124755859375,5135111,12.0,0.0
2020-03-20 00:00:00+05:30,1442.5051284541428,1654.0135491293208,1439.8502110398101,1590.6937255859375,8547498,0.0,0.0
2020-03-23 00:00:00+05:30,1433.6553410387432,1548.7017572949387,1431.6641530650784,1477.638427734375,7003490,0.0,0.0
2020-03-24 00:00:00+05:30,1462.9038652167444,1566.401358064908,1445.0273555220704,1507.240966796875,6350865,0.0,0.0
2020-03-25 00:00:00+05:30,1504.4533659058736,1601.8003484056653,1486.7539145422752,1548.967529296875,2765520,0.0,0.0
2020-03-26 00:00:00+05:30,1620.915558859214,1621.3138612891178,1524.4093755602928,1584.94140625,4556067,0.0,0.0
2020-03-27 00:00:00+05:30,1610.6501915122294,1637.1993704932001,1549.0561178821542,1614.632568359375,4331250,0.0,0.0
2020-03-30 00:00:00+05:30,1562.8613065730865,1685.8724739647394,1560.6931673377997,1573.9234619140625,8513547,0.0,0.0
2020-03-31 00:00:00+05:30,1626.0484499696977,1641.6239439507344,1575.2510082114866,1616.0482177734375,3927593,0.0,0.0
2020-04-01 00:00:00+05:30,1615.8710676778035,1623.7030515256376,1506.2229697215616,1512.196533203125,4941878,0.0,0.0
2020-04-03 00:00:00+05:30,1539.852451508744,1539.852451508744,1460.2049109134641,1463.9217529296875,5735369,0.0,0.0
2020-04-07 00:00:00+05:30,1513.3031263396138,1580.4282755717672,1508.8782633971002,1571.0032958984375,5427577,0.0,0.0
2020-04-08 00:00:00+05:30,1557.5515362271371,1598.2602695603464,1505.3381608649775,1509.2762451171875,6285615,0.0,0.0
2020-04-09 00:00:00+05:30,1549.100008107541,1574.1890639127328,1532.0642881567328,1562.994140625,5307397,0.0,0.0
2020-04-13 00:00:00+05:30,1558.4361526296275,1581.4454314305192,1545.161568706036,1556.887451171875,2990438,0.0,0.0
2020-04-15 00:00:00+05:30,1579.675916216775,1603.570173772995,1529.0555323092196,1535.56005859375,4761399,0.0,0.0
2020-04-16 00:00:00+05:30,1513.2585641732664,1561.8878640417809,1482.3731127749395,1518.656982421875,6245533,0.0,0.0
2020-04-17 00:00:00+05:30,1592.950712977963,1638.92499728819,1551.3569999168717,1598.4375,9895823,0.0,0.0
2020-04-20 00:00:00+05:30,1619.4997389313644,1619.4997389313644,1595.162994220647,1609.455322265625,3244282,0.0,0.0
2020-04-21 00:00:00+05:30,1561.9763128169648,1588.1714747009278,1528.966798518694,1537.7723388671875,5122541,0.0,0.0
2020-04-22 00:00:00+05:30,1537.7723894883732,1584.1006753430524,1521.4003992683472,1565.958740234375,3829836,0.0,0.0
2020-04-23 00:00:00+05:30,1575.2510375245408,1681.4477366834988,1558.3037926779834,1662.1995849609375,5934366,0.0,0.0
2020-04-24 00:00:00+05:30,1628.9688762062726,1638.9248170676028,1599.8533666882358,1609.3668212890625,2987102,0.0,0.0
2020-04-27 00:00:00+05:30,1621.5352589950573,1659.3235439579082,1615.0749161190306,1625.340576171875,3374741,0.0,0.0
2020-04-28 00:00:00+05:30,1650.4736729199917,1653.1285903563241,1621.8005430018281,1645.2081298828125,2678505,0.0,0.0
2020-04-29 00:00:00+05:30,1658.43835454102,1692.5540853553166,1637.2433077892472,1686.44775390625,4241510,0.0,0.0
2020-04-30 00:00:00+05:30,1752.245409054479,1798.2639753528797,1718.793408033713,1782.732666015625,5915544,0.0,0.0
2020-05-04 00:00:00+05:30,1739.8557089601363,1739.8557089601363,1693.5274262098224,1708.3948974609375,3729348,0.0,0.0
2020-05-05 00:00:00+05:30,1730.209655097849,1749.5905738034173,1705.3419502879035,1710.4305419921875,2905528,0.0,0.0
2020-05-06 00:00:00+05:30,1716.6697370244963,1728.9707686259371,1675.7839417946777,1684.6336669921875,3517431,0.0,0.0
2020-05-07 00:00:00+05:30,1690.2975743329241,1711.935110017939,1666.7130342161686,1674.058349609375,3166754,0.0,0.0
2020-05-08 00:00:00+05:30,1716.0496330946262,1716.403643593117,1669.2788722492999,1675.6064453125,2686530,0.0,0.0
2020-05-11 00:00:00+05:30,1689.4124368029272,1726.93529094953,1689.4124368029272,1712.687255859375,2449841,0.0,0.0
2020-05-12 00:00:00+05:30,1711.005749399057,1731.4485913042106,1690.51861566004,1725.2537841796875,3256595,0.0,0.0
2020-05-13 00:00:00+05:30,1764.6352289413921,1764.6352289413921,1704.1473779803944,1725.38671875,2656665,0.0,0.0
2020-05-14 00:00:00+05:30,1690.297282138001,1701.890398959459,1673.5712821906548,1683.5272216796875,2263146,0.0,0.0
2020-05-15 00:00:00+05:30,1695.6073949496592,1696.846378117506,1650.6507464857905,1675.16455078125,3173682,0.0,0.0
2020-05-18 00:00:00+05:30,1687.6425730258863,1728.3070165634413,1656.7570108859732,1721.802490234375,3727694,0.0,0.0
2020-05-19 00:00:00+05:30,1684.1028113726318,1740.2542780830947,1684.1028113726318,1724.5018310546875,3198693,0.0,0.0
2020-05-20 00:00:00+05:30,1725.6960791597494,1737.1122440584224,1709.5010419745558,1728.8819580078125,2778505,0.0,0.0
2020-05-21 00:00:00+05:30,1722.156392844247,1768.1749603817088,1717.8642980546988,1762.1571044921875,3400908,0.0,0.0
2020-05-22 00:00:00+05:30,1749.6789229190754,1798.2639296315256,1735.6521318847588,1787.9539794921875,3663418,0.0,0.0
2020-05-26 00:00:00+05:30,1783.2193544459476,1791.1841059050114,1703.57183985531,1719.5013427734375,4575317,0.0,0.0
2020-05-27 00:00:00+05:30,1733.661106511078,1778.794703464659,1717.9528448262533,1774.6353759765625,3482160,0.0,0.0
2020-05-28 00:00:00+05:30,1759.7678790705481,1782.3346786261422,1744.5463947387163,1773.75048828125,3475681,0.0,0.0
2020-05-29 00:00:00+05:30,1754.0154699761245,1772.29017344618,1736.6700308293591,1745.4754638671875,7237735,0.0,0.0
2020-06-01 00:00:00+05:30,1761.0952600251344,1823.0433344983803,1753.2189832363338,1809.989990234375,3747773,0.0,0.0
2020-06-02 00:00:00+05:30,1823.2203353122577,1841.6278068673143,1805.3882255275817,1811.6715087890625,2443886,0.0,0.0
2020-06-03 00:00:00+05:30,1821.1684888771974,1831.7305310039142,1792.8991751074047,1816.1092529296875,3699799,6.0,0.0
2020-06-04 00:00:00+05:30,1816.6420379873255,1863.905352277212,1816.6420379873255,1856.4053955078125,4048593,0.0,0.0
2020-06-05 00:00:00+05:30,1856.4494330846942,1862.1298186857302,1810.9168541414695,1817.9730224609375,3573289,0.0,0.0
2020-06-08 00:00:00+05:30,1844.6004069491607,1859.4672693653274,1830.2661755354854,1838.8311767578125,2957841,0.0,0.0
2020-06-09 00:00:00+05:30,1831.1537911506362,1859.9110986981798,1828.624118870401,1839.0975341796875,2909439,0.0,0.0
2020-06-10 00:00:00+05:30,1843.5350980827918,1892.3072322354772,1840.384167936333,1871.671142578125,5168397,0.0,0.0
2020-06-11 00:00:00+05:30,1863.904745891355,1868.3426143339534,1829.9994743284617,1835.191650390625,2269513,0.0,0.0
2020-06-12 00:00:00+05:30,1785.088645678345,1818.8164550372564,1784.9111742308164,1810.20703125,2842642,0.0,0.0
2020-06-15 00:00:00+05:30,1809.8515479586354,1827.5142866283547,1775.9905889241916,1801.6859130859375,2399022,0.0,0.0
2020-06-16 00:00:00+05:30,1832.8400813905491,1840.7838243611548,1802.6625691545787,1815.7987060546875,2146528,0.0,0.0
2020-06-17 00:00:00+05:30,1815.9759322748819,1827.3813418893158,1798.7126657978308,1817.5736083984375,2703527,0.0,0.0
2020-06-18 00:00:00+05:30,1815.0885146035469,1827.6920198749413,1797.5145091186964,1808.9642333984375,1944389,0.0,0.0
2020-06-19 00:00:00+05:30,1812.4257281903795,1855.0292712624355,1803.5499900503678,1814.7333984375,5681758,0.0,0.0
2020-06-22 00:00:00+05:30,1819.5263687411386,1821.523409877562,1792.1447374954637,1799.955322265625,3196138,0.0,0.0
2020-06-23 00:00:00+05:30,1799.1120980055512,1814.2008526508862,1784.023343360216,1806.47900390625,4205944,0.0,0.0
2020-06-24 00:00:00+05:30,1805.325087679386,1832.1741948093277,1803.1948889154971,1812.6031494140625,2560937,0.0,0.0
2020-06-25 00:00:00+05:30,1806.2126663345018,1828.402011129766,1783.3576411953795,1789.4375,3043931,0.0,0.0
2020-06-26 00:00:00+05:30,1797.3370917211,1892.3074960737704,1792.8548003266349,1880.635986328125,6300722,0.0,0.0
2020-06-29 00:00:00+05:30,1871.005932374095,1888.402468896844,1856.183490385036,1865.3697509765625,3076341,0.0,0.0
2020-06-30 00:00:00+05:30,1863.9050471560836,1874.4670890795028,1841.7601233867715,1848.061767578125,3071725,0.0,0.0
2020-07-01 00:00:00+05:30,1845.8871321106735,1876.2865338316603,1845.7096606946616,1856.8487548828125,2503466,0.0,0.0
2020-07-02 00:00:00+05:30,1865.6801517165732,1921.597301839382,1862.1298564706806,1914.6297607421875,3758699,0.0,0.0
2020-07-03 00:00:00+05:30,1920.3985464644165,1957.0998017595573,1917.38088288031,1952.3511962890625,4185208,0.0,0.0
2020-07-06 00:00:00+05:30,1957.100087841868,2014.7035366300229,1957.100087841868,2008.7568359375,5190366,0.0,0.0
2020-07-07 00:00:00+05:30,2019.2300814949378,2043.8158285991976,1981.197463392742,2014.703369140625,5630055,0.0,0.0
2020-07-08 00:00:00+05:30,2014.7928595053108,2018.6980981946094,1959.408331894731,1969.437744140625,2793358,0.0,0.0
2020-07-09 00:00:00+05:30,1978.4017986230617,1992.159191121338,1944.7184196835844,1956.523193359375,3443998,0.0,0.0
2020-07-10 00:00:00+05:30,1957.3220358038113,1996.9079122085636,1931.3605033030692,1972.4996337890625,9610320,0.0,0.0
2020-07-13 00:00:00+05:30,1970.4140625,1992.5589880170048,1961.5383234797298,1970.4140625,2963503,0.0,0.0
2020-07-14 00:00:00+05:30,1961.5384681531336,1987.2781132103469,1921.597639616079,1927.7662353515625,2976738,0.0,0.0
2020-07-15 00:00:00+05:30,1939.3485860848473,2005.9166153554943,1935.887135239895,1982.7508544921875,5569321,0.0,0.0
2020-07-16 00:00:00+05:30,1996.1836756855494,2075.354953375395,1974.923161020187,1987.9552001953125,8582118,5.0,0.0
2020-07-17 00:00:00+05:30,1989.9564405200997,1996.0943507158552,1948.1914169543522,1957.709716796875,4509135,0.0,0.0
2020-07-20 00:00:00+05:30,1957.9319146291757,1980.971553604463,1948.858398078938,1964.06982421875,2952646,0.0,0.0
2020-07-21 00:00:00+05:30,1983.7295964747984,1991.4242454819346,1958.065563926865,1979.3262939453125,2665286,0.0,0.0
2020-07-22 00:00:00+05:30,1984.6188082166395,1984.6188082166395,1942.9871376071576,1948.99169921875,2861534,0.0,0.0
2020-07-23 00:00:00+05:30,1948.9922472773217,1948.9922472773217,1924.1289508261054,1931.42333984375,2265766,0.0,0.0
2020-07-24 00:00:00+05:30,1916.5674435677984,1924.1287446911804,1890.4143242008438,1919.1470947265625,3665100,0.0,0.0
2020-07-27 00:00:00+05:30,1925.9081814212175,1970.386430414779,1924.5738339514105,1963.092041015625,4248480,0.0,0.0
2020-07-28 00:00:00+05:30,1970.3860957540724,2063.7904027762743,1970.3860957540724,2054.67236328125,8092319,0.0,0.0
2020-07-29 00:00:00+05:30,2038.882607519001,2083.3608493933248,1998.0071466722807,2024.694091796875,6090431,0.0,0.0
2020-07-30 00:00:00+05:30,2033.456189652419,2097.5939017645383,2021.3137164056286,2027.7630615234375,7098496,0.0,0.0
2020-07-31 00:00:00+05:30,2048.8014066037026,2076.956267288373,2008.148332243507,2029.453369140625,4723290,0.0,0.0
2020-08-03 00:00:00+05:30,2037.5036479437686,2049.4239465431447,1984.352151268474,2005.21240234375,4012337,0.0,0.0
2020-08-04 00:00:00+05:30,2010.371577657686,2019.00031128539,1979.3258583936279,2001.2535400390625,2927928,0.0,0.0
2020-08-05 00:00:00+05:30,2010.416706285268,2045.9993028566885,2004.1897518852693,2009.971923828125,3800641,0.0,0.0
2020-08-06 00:00:00+05:30,2023.7596676235125,2063.3452962869173,2015.175455245584,2053.204345703125,4748047,0.0,0.0
2020-08-07 00:00:00+05:30,2053.115701602063,2070.906998842982,2034.4348394990977,2041.86279296875,3165491,0.0,0.0
2020-08-10 00:00:00+05:30,2062.0112465320813,2068.238200253274,2024.6940458815732,2030.6986083984375,2929353,0.0,0.0
2020-08-11 00:00:00+05:30,2030.8766345022257,2056.6740161932307,2024.2939412181609,2028.118896484375,2774423,0.0,0.0
2020-08-12 00:00:00+05:30,2035.6353418805209,2042.7961635283507,1998.4514962906296,2008.058837890625,3415751,0.0,0.0
2020-08-13 00:00:00+05:30,2021.9812102301578,2045.9994648171416,2001.965998074338,2005.479736328125,2695682,0.0,0.0
2020-08-14 00:00:00+05:30,2025.538645410648,2029.3638167231295,1986.4868453548647,1994.5372314453125,2270405,0.0,0.0
2020-08-17 00:00:00+05:30,2013.085319860636,2019.3122740095641,1991.068589119783,2004.54541015625,2625630,0.0,0.0
2020-08-18 00:00:00+05:30,2012.9074114003179,2036.2139673284503,2000.008720912654,2019.08984375,3493374,0.0,0.0
2020-08-19 00:00:00+05:30,2024.9611184413998,2032.3000287629457,2003.744909003905,2007.3922119140625,2843005,0.0,0.0
2020-08-20 00:00:00+05:30,2007.7482485835542,2025.1392881468644,1992.6701649420352,2004.056640625,2895164,0.0,0.0
2020-08-21 00:00:00+05:30,2010.4168326951688,2020.2020473675789,1993.5596199453064,2000.27587890625,1975294,0.0,0.0
2020-08-24 00:00:00+05:30,2002.0550892726988,2010.372391770999,1983.729963278454,1999.8311767578125,2167966,0.0,0.0
2020-08-25 00:00:00+05:30,1997.0727416406069,2001.5205651186482,1986.887269311668,1994.982177734375,1663419,0.0,0.0
2020-08-26 00:00:00+05:30,1994.404889377808,2010.3280172786826,1971.6764583757322,2004.6348876953125,2618149,0.0,0.0
2020-08-27 00:00:00+05:30,2015.7537164559083,2034.746010673597,1994.181771343792,2000.0972900390625,3579393,0.0,0.0
2020-08-28 00:00:00+05:30,2017.8888298281172,2028.1633473372044,1988.2664939053652,1991.33544921875,2941136,0.0,0.0
2020-08-31 00:00:00+05:30,1992.6253426459186,2024.8275480511077,1981.9505640246014,2007.9703369140625,6018154,0.0,0.0
2020-09-01 00:00:00+05:30,2018.4224811298711,2026.4285641312676,1993.7815802169084,1998.27392578125,3610908,0.0,0.0
2020-09-02 00:00:00+05:30,1998.8521659283294,2018.2002009122818,1994.0929072331253,2014.9976806640625,2084137,0.0,0.0
2020-09-03 00:00:00+05:30,2017.5326680222602,2067.348289454909,2017.5326680222602,2045.553955078125,4654146,0.0,0.0
2020-09-04 00:00:00+05:30,2023.7596087435365,2067.570668405347,2013.040311116395,2036.03564453125,5231303,0.0,0.0
2020-09-07 00:00:00+05:30,2036.214024365487,2084.695310659903,2031.1880696303888,2070.06201171875,4620401,0.0,0.0
2020-09-08 00:00:00+05:30,2077.9792937227107,2126.460585648967,2070.062252187986,2088.87646484375,7453998,0.0,0.0
2020-09-09 00:00:00+05:30,2068.2374675033307,2098.4826605764974,2063.7896449925706,2070.5947265625,3866535,0.0,0.0
2020-09-10 00:00:00+05:30,2077.133651327606,2089.142775221791,2067.615352121326,2073.708740234375,2308813,0.0,0.0
2020-09-11 00:00:00+05:30,2073.530922003017,2119.832810931445,2072.8192267633162,2111.915771484375,4145424,0.0,0.0
2020-09-14 00:00:00+05:30,2120.8118203700333,2229.0273064107055,2118.810299292741,2216.261962890625,7512131,0.0,0.0
2020-09-15 00:00:00+05:30,2216.261962890625,2257.715775185222,2192.42179669092,2216.261962890625,7318770,0.0,0.0
2020-09-16 00:00:00+05:30,2214.082138248934,2230.6726511225816,2203.7187957962274,2226.58056640625,3074003,0.0,0.0
2020-09-17 00:00:00+05:30,2206.121060300191,2220.1317081629845,2179.967937827886,2189.1748046875,4828176,0.0,0.0
2020-09-18 00:00:00+05:30,2210.5692809715,2224.2684966862103,2167.3363300937854,2179.345458984375,4183256,0.0,0.0
2020-09-21 00:00:00+05:30,2192.777520682829,2228.2710740040525,2181.3465246263568,2193.04443359375,4598809,0.0,0.0
2020-09-22 00:00:00+05:30,2210.568693467575,2272.8382341286333,2186.5504420697384,2244.32763671875,7499613,0.0,0.0
2020-09-23 00:00:00+05:30,2232.8075672760824,2241.5698671108566,2142.961525724336,2194.95654296875,7502280,0.0,0.0
2020-09-24 00:00:00+05:30,2179.434524357849,2179.434524357849,2048.312713723178,2074.688232421875,8424708,0.0,0.0
2020-09-25 00:00:00+05:30,2106.490031537812,2170.538714929164,2092.346034160475,2154.79345703125,8228267,0.0,0.0
2020-09-28 00:00:00+05:30,2170.537577259292,2174.095835582668,2104.709798276838,2158.3505859375,4347166,0.0,0.0
2020-09-29 00:00:00+05:30,2165.9572339601254,2233.7420374792423,2158.351410452627,2213.59326171875,6995811,0.0,0.0
2020-09-30 00:00:00+05:30,2214.1268925844943,2228.3599300619358,2188.3295121566316,2217.0625,3917166,0.0,0.0
2020-10-01 00:00:00+05:30,2232.8078566949794,2259.494803189342,2217.062601699091,2244.7724609375,2610337,0.0,0.0
2020-10-05 00:00:00+05:30,2330.660147828779,2426.8222049218402,2315.5820654990334,2406.98486328125,17412105,0.0,0.0
2020-10-06 00:00:00+05:30,2433.849166015532,2433.849166015532,2357.4356405476406,2414.545654296875,9846367,0.0,0.0
2020-10-07 00:00:00+05:30,2439.186597790862,2464.094411335043,2404.4935717828953,2433.8046875,9656101,0.0,0.0
2020-10-08 00:00:00+05:30,2490.7820215659717,2566.395047220653,2490.7820215659717,2513.643798828125,19839329,0.0,0.0
2020-10-09 00:00:00+05:30,2499.6770967977955,2517.3350450115063,2472.9901527038687,2502.30126953125,7739245,0.0,0.0
2020-10-12 00:00:00+05:30,2504.570058524735,2538.8183083038866,2491.4489758171376,2517.46875,4623203,0.0,0.0
2020-10-13 00:00:00+05:30,2530.811841090027,2539.6184456865817,2501.634072386143,2514.3994140625,4209878,0.0,0.0
2020-10-14 00:00:00+05:30,2538.9227312675343,2538.9227312675343,2490.2794452905177,2509.97802734375,4395936,12.0,0.0
2020-10-15 00:00:00+05:30,2511.2282255985438,2526.19196547004,2436.186186839996,2448.3359375,6629355,0.0,0.0
2020-10-16 00:00:00+05:30,2456.8227140582603,2476.0743950006704,2440.0275483020373,2468.614990234375,5273773,0.0,0.0
2020-10-19 00:00:00+05:30,2478.1739262985334,2478.1739262985334,2417.9617126635844,2422.3837890625,3331194,0.0,0.0
2020-10-20 00:00:00+05:30,2434.3997304915683,2465.5778269538832,2428.1015150907833,2446.90673828125,3406273,0.0,0.0
2020-10-21 00:00:00+05:30,2446.90674848003,2455.8403255098947,2379.0562745591865,2390.089111328125,4570143,0.0,0.0
2020-10-22 00:00:00+05:30,2377.224256856987,2400.1387890018855,2356.7664577847513,2386.291748046875,5262294,0.0,0.0
2020-10-23 00:00:00+05:30,2401.1672836352623,2413.852921541248,2385.354893240233,2400.27392578125,3499091,0.0,0.0
2020-10-26 00:00:00+05:30,2403.0870573266634,2420.9542080242422,2385.711296894241,2401.523681640625,2672752,0.0,0.0
2020-10-27 00:00:00+05:30,2411.841829654508,2428.2795198607173,2344.2594242903315,2349.6640625,3537502,0.0,0.0
2020-10-28 00:00:00+05:30,2367.3978874973686,2372.713322152089,2328.0901489879784,2342.5625,3569445,0.0,0.0
2020-10-29 00:00:00+05:30,2329.8765283538464,2371.864333887831,2322.953007228562,2351.897705078125,3105968,0.0,0.0
2020-10-30 00:00:00+05:30,2354.980514784194,2389.1514496324507,2342.02682706394,2380.66455078125,3427003,0.0,0.0
2020-11-02 00:00:00+05:30,2376.3310312789813,2380.6639025441245,2322.774290943122,2326.839111328125,2571196,0.0,0.0
2020-11-03 00:00:00+05:30,2326.3033521314933,2380.7981695201343,2323.667990649252,2352.746826171875,2879269,0.0,0.0
2020-11-04 00:00:00+05:30,2331.663135891503,2431.5852621179174,2331.663135891503,2370.21142578125,4893928,0.0,0.0
2020-11-05 00:00:00+05:30,2398.665708781872,2420.9996539288168,2382.585268276072,2399.291015625,2816502,0.0,0.0
2020-11-06 00:00:00+05:30,2411.172362680195,2423.9027095376214,2395.359975467741,2418.72119140625,3884421,0.0,0.0
2020-11-09 00:00:00+05:30,2439.849211063139,2451.373437723011,2407.6883350580265,2435.8291015625,3646592,0.0,0.0
2020-11-10 00:00:00+05:30,2409.5642208123513,2423.8132317730538,2356.990253735981,2367.04052734375,4760020,0.0,0.0
2020-11-11 00:00:00+05:30,2383.433996033378,2405.634025510183,2361.502017528485,2401.167236328125,3242441,0.0,0.0
2020-11-12 00:00:00+05:30,2399.558778976075,2423.679436843667,2377.894854780181,2386.203125,2437505,0.0,0.0
2020-11-13 00:00:00+05:30,2372.534553338042,2380.7086885052136,2354.890739941289,2373.517333984375,2548093,0.0,0.0
2020-11-14 00:00:00+05:30,2392.367023850095,2402.238669291703,2376.3760095002617,2385.57763671875,298819,0.0,0.0
2020-11-17 00:00:00+05:30,2407.5987430015784,2407.5987430015784,2367.4423623190596,2381.736083984375,2827273,0.0,0.0
2020-11-18 00:00:00+05:30,2377.2242704037026,2380.0829707381213,2329.0276776517762,2346.537353515625,2893762,0.0,0.0
2020-11-19 00:00:00+05:30,2355.784003080529,2390.7588660549586,2350.2899410547748,2355.694580078125,4167501,0.0,0.0
2020-11-20 00:00:00+05:30,2371.864559839301,2390.6250704820977,2347.3419359771956,2376.5546875,2711471,0.0,0.0
2020-11-23 00:00:00+05:30,2403.1319937540147,2438.8662984938514,2380.798053291617,2433.7294921875,3706418,0.0,0.0
2020-11-24 00:00:00+05:30,2442.7967506838577,2450.4797127086313,2416.532126458931,2431.763916015625,3120516,0.0,0.0
2020-11-25 00:00:00+05:30,2437.9732605782897,2441.5019800131086,2401.524221342944,2413.227294921875,3302249,0.0,0.0
2020-11-26 00:00:00+05:30,2399.558490100756,2439.714870206522,2394.1983445532487,2430.46875,2341099,0.0,0.0
2020-11-27 00:00:00+05:30,2416.5319529811186,2427.877549213332,2384.415795600362,2393.88525390625,6086808,0.0,0.0
2020-12-01 00:00:00+05:30,2393.3047912283428,2444.136746771352,2344.57209499016,2436.00732421875,3605017,0.0,0.0
2020-12-02 00:00:00+05:30,2429.039423442596,2460.9322475733284,2414.2543108778978,2456.33154296875,2509032,0.0,0.0
2020-12-03 00:00:00+05:30,2478.083918895443,2478.083918895443,2412.779626077369,2420.507080078125,2852548,0.0,0.0
2020-12-04 00:00:00+05:30,2421.7135082552436,2446.7722292714448,2411.1718463361008,2436.67724609375,2686527,0.0,0.0
2020-12-07 00:00:00+05:30,2425.466184913185,2451.3735585273585,2417.5598819303436,2445.745361328125,1996400,0.0,0.0
2020-12-08 00:00:00+05:30,2447.799823717433,2506.359458011649,2441.054930217235,2498.9892578125,4277818,0.0,0.0
2020-12-09 00:00:00+05:30,2514.8011297974635,2537.135065230834,2495.281182986763,2511.049072265625,3659996,0.0,0.0
2020-12-10 00:00:00+05:30,2517.4820885066965,2525.7903590343903,2483.757834127304,2487.3759765625,2127801,0.0,0.0
2020-12-11 00:00:00+05:30,2494.8796672465796,2508.2800309315485,2469.7317386397385,2486.750244140625,1795408,0.0,0.0
2020-12-14 00:00:00+05:30,2503.1881612432926,2504.97487656181,2462.3170483322,2499.3466796875,2483658,0.0,0.0
2020-12-15 00:00:00+05:30,2488.894307811766,2496.666475417624,2461.2002218310895,2467.0517578125,2365509,0.0,0.0
2020-12-16 00:00:00+05:30,2482.6405290795155,2519.0895592375314,2466.0687035893725,2514.086669921875,2565149,0.0,0.0
2020-12-17 00:00:00+05:30,2511.227578514971,2549.373894766858,2505.8674342705417,2535.52685546875,2863460,0.0,0.0
2020-12-18 00:00:00+05:30,2562.1499885311077,2588.9507206287135,2542.674746252531,2555.896484375,6076692,0.0,0.0
2020-12-21 00:00:00+05:30,2555.8958412076045,2578.6764577580393,2488.000670312191,2519.402099609375,2705195,0.0,0.0
2020-12-22 00:00:00+05:30,2531.7758922500543,2576.1310177992696,2518.062763389865,2566.170166015625,2881737,0.0,0.0
2020-12-23 00:00:00+05:30,2569.3407219814853,2607.710380603379,2559.871045827456,2598.553466796875,2790988,0.0,0.0
2020-12-24 00:00:00+05:30,2598.777325480599,2609.8103793673413,2575.7286551846814,2599.090087890625,1807144,0.0,0.0
2020-12-28 00:00:00+05:30,2599.6706585029765,2635.1369121818507,2592.52379758613,2617.001708984375,2108994,0.0,0.0
2020-12-29 00:00:00+05:30,2608.60412045726,2637.19156287323,2608.60412045726,2617.984375,1994151,0.0,0.0
2020-12-30 00:00:00+05:30,2621.4683096765075,2633.350008722446,2592.5236122741817,2599.045166015625,2637968,0.0,0.0
2020-12-31 00:00:00+05:30,2590.73704329862,2595.203831304307,2541.60237523606,2557.45947265625,4040956,0.0,0.0
2021-01-01 00:00:00+05:30,2572.869621360881,2626.4710718058996,2571.9762638534644,2615.97412109375,2681440,0.0,0.0
2021-01-04 00:00:00+05:30,2635.4053552137916,2725.411148277449,2627.32042397766,2715.316162109375,5113293,0.0,0.0
2021-01-05 00:00:00+05:30,2715.4495812480673,2782.1386322899616,2715.4495812480673,2763.15478515625,5801309,0.0,0.0
2021-01-06 00:00:00+05:30,2769.40791158037,2781.4682363566076,2713.305023815131,2726.080078125,3726716,0.0,0.0
2021-01-07 00:00:00+05:30,2747.0741524006453,2752.300380713004,2680.295683167491,2709.37451171875,3717827,0.0,0.0
2021-01-08 00:00:00+05:30,2760.474927807625,2794.4225159165862,2733.674200353182,2788.07958984375,5879039,0.0,0.0
2021-01-11 00:00:00+05:30,2885.544907172452,2885.544907172452,2810.994262711835,2837.70556640625,9508039,0.0,0.0
2021-01-12 00:00:00+05:30,2837.7053641723346,2867.6775516745147,2814.076102110505,2836.276123046875,3611458,0.0,0.0
2021-01-13 00:00:00+05:30,2836.410454964306,2838.1971702115275,2792.859270813279,2822.072021484375,3572801,0.0,0.0
2021-01-14 00:00:00+05:30,2823.907225284338,2923.706165258729,2792.9381394627762,2909.564208984375,6931542,6.0,0.0
2021-01-15 00:00:00+05:30,2895.5116699117066,2930.4189203372266,2873.135227331245,2894.034912109375,4131692,0.0,0.0
2021-01-18 00:00:00+05:30,2908.9372329552066,2914.978871823652,2852.906539152469,2883.65185546875,4160906,0.0,0.0
2021-01-19 00:00:00+05:30,2893.721109295591,2934.8937573090757,2892.82605173008,2918.51416015625,2975735,0.0,0.0
2021-01-20 00:00:00+05:30,2926.8386128521356,2978.707161690894,2924.243032988775,2961.56689453125,3453446,0.0,0.0
2021-01-21 00:00:00+05:30,2958.16513431705,2961.879535655659,2919.7672537182943,2930.2841796875,2778546,0.0,0.0
2021-01-22 00:00:00+05:30,2901.6869042379963,2976.066272008023,2901.6869042379963,2956.464599609375,3052459,0.0,0.0
2021-01-25 00:00:00+05:30,2961.701000604869,2989.3136168261917,2934.5807098005753,2945.9033203125,2272887,0.0,0.0
2021-01-27 00:00:00+05:30,2953.6898395561784,2959.4629169022396,2888.3506400750875,2918.827392578125,2786662,0.0,0.0
2021-01-28 00:00:00+05:30,2891.0360687780685,2931.3136610675465,2849.684451064856,2861.096435546875,3083938,0.0,0.0
2021-01-29 00:00:00+05:30,2873.1795390386824,2879.265974097402,2774.6784117186867,2784.83740234375,5445659,0.0,0.0
2021-02-01 00:00:00+05:30,2774.6785658792774,2832.8573100025524,2724.6449333412297,2809.899169921875,3985846,0.0,0.0
2021-02-02 00:00:00+05:30,2840.9128142564196,2885.665694128134,2819.4314319179966,2867.272216796875,2881837,0.0,0.0
2021-02-03 00:00:00+05:30,2875.820936180731,2896.407267189806,2830.754685020262,2864.22998046875,2505866,0.0,0.0
2021-02-04 00:00:00+05:30,2878.5503596139765,2898.0626611767793,2842.703255027167,2853.8466796875,2057261,0.0,0.0
2021-02-05 00:00:00+05:30,2863.2447282447215,2869.420757362734,2800.635487090299,2826.54736328125,2366135,0.0,0.0
2021-02-08 00:00:00+05:30,2854.786183377473,2887.4557854133027,2824.040867752225,2876.8046875,2526592,0.0,0.0
2021-02-09 00:00:00+05:30,2859.7089301723518,2905.177898337291,2831.962145560351,2843.50830078125,2658751,0.0,0.0
2021-02-10 00:00:00+05:30,2850.758691312665,2881.5485878862137,2825.9656374501346,2876.0888671875,2127983,0.0,0.0
2021-02-11 00:00:00+05:30,2877.610205961478,2881.458997374836,2850.803274340876,2869.5546875,1165882,0.0,0.0
2021-02-12 00:00:00+05:30,2850.0422397254665,2904.909311874341,2848.073156796843,2855.94970703125,2777404,0.0,0.0
2021-02-15 00:00:00+05:30,2872.239825031456,2872.239825031456,2802.9176579380933,2810.3466796875,2630853,0.0,0.0
2021-02-16 00:00:00+05:30,2819.4315060613044,2835.229185663487,2774.6786250127125,2782.55517578125,3435770,0.0,0.0
2021-02-17 00:00:00+05:30,2779.2434053306742,2804.0812534103998,2725.9426822339824,2750.6015625,3678426,0.0,0.0
2021-02-18 00:00:00+05:30,2743.3517423990884,2772.799052160748,2712.9197817982504,2736.504638671875,4189909,0.0,0.0
2021-02-19 00:00:00+05:30,2737.085788303536,2763.17662657545,2699.627545159639,2749.482421875,3725028,0.0,0.0
2021-02-22 00:00:00+05:30,2771.098628291859,2771.098628291859,2634.2889719774175,2647.9833984375,5366696,0.0,0.0
2021-02-23 00:00:00+05:30,2658.321869460868,2710.235225834178,2656.5317537238575,2667.451416015625,3832829,0.0,0.0
2021-02-24 00:00:00+05:30,2660.1110262187194,2688.1711676885798,2614.597262605096,2638.71923828125,3774549,0.0,0.0
2021-02-25 00:00:00+05:30,2661.901293929805,2711.9349262026285,2656.9336805616276,2680.966064453125,4224073,0.0,0.0
2021-02-26 00:00:00+05:30,2649.3704245776044,2660.4244730475752,2577.7658185079395,2590.565185546875,5553153,0.0,0.0
2021-03-01 00:00:00+05:30,2618.9382956726527,2653.8455388480575,2597.277947457536,2617.3271484375,3265871,0.0,0.0
2021-03-02 00:00:00+05:30,2649.370439036512,2707.5491817856246,2638.6297480674452,2690.8564453125,3306469,0.0,0.0
2021-03-03 00:00:00+05:30,2716.500067357942,2742.456740159715,2682.398282234533,2738.071044921875,3509857,0.0,0.0
2021-03-04 00:00:00+05:30,2705.7594734081085,2758.0755531644904,2699.5388659906343,2729.657470703125,3916760,0.0,0.0
2021-03-05 00:00:00+05:30,2699.5839211117063,2741.7410124285047,2682.130293991511,2692.378662109375,3203686,0.0,0.0
2021-03-08 00:00:00+05:30,2699.4938701171363,2714.709850154269,2681.592717132275,2691.3935546875,2003125,0.0,0.0
2021-03-09 00:00:00+05:30,2691.393104782288,2745.0517581806052,2678.10163202485,2730.775634765625,1942397,0.0,0.0
2021-03-10 00:00:00+05:30,2752.3020288170133,2768.5920328933457,2738.876165261808,2748.677001953125,3053778,0.0,0.0
2021-03-12 00:00:00+05:30,2752.301789576877,2789.8942042637805,2722.183192360685,2737.041015625,2938317,0.0,0.0
2021-03-15 00:00:00+05:30,2721.8702474331058,2773.7835898701724,2721.8702474331058,2744.380859375,3097083,0.0,0.0
2021-03-16 00:00:00+05:30,2738.8766336454123,2811.3763092419085,2738.8766336454123,2783.67431640625,4894756,0.0,0.0
2021-03-17 00:00:00+05:30,2779.153866985375,2823.9067472910974,2761.5212758489047,2786.26953125,3838390,0.0,0.0
2021-03-18 00:00:00+05:30,2797.9056429836282,2816.2543262885742,2673.5822127790716,2717.8427734375,3656306,0.0,0.0
2021-03-19 00:00:00+05:30,2712.0246159259377,2773.7835923282114,2689.648175200476,2730.104736328125,5776626,0.0,0.0
2021-03-22 00:00:00+05:30,2728.761693487697,2809.9881597356534,2701.865172530263,2801.216552734375,2821646,0.0,0.0
2021-03-23 00:00:00+05:30,2810.481112235853,2836.437784928477,2795.130960448019,2812.808349609375,3305973,0.0,0.0
2021-03-24 00:00:00+05:30,2784.7030081202242,2821.4899608630994,2784.658211538706,2793.564208984375,2207104,0.0,0.0
2021-03-25 00:00:00+05:30,2785.5978821383233,2802.290835471506,2729.925349855094,2743.217041015625,3179786,0.0,0.0
2021-03-26 00:00:00+05:30,2766.309884822502,2790.7897993673264,2723.705271082032,2744.962890625,3697370,0.0,0.0
2021-03-30 00:00:00+05:30,2759.4623447748977,2853.8461169179855,2739.681486098845,2827.083984375,4694008,0.0,0.0
2021-03-31 00:00:00+05:30,2823.9072178840447,2868.6601056476584,2803.3208895127823,2844.359375,3530069,0.0,0.0
2021-04-01 00:00:00+05:30,2856.218513615022,2877.610303737164,2814.9562691301344,2832.857421875,4285076,0.0,0.0
2021-04-05 00:00:00+05:30,2838.227868936981,2920.573174500589,2820.3267155535877,2899.002197265625,5317862,0.0,0.0
2021-04-06 00:00:00+05:30,2931.313864251768,2931.313864251768,2891.036269170446,2922.0947265625,2291562,0.0,0.0
2021-04-07 00:00:00+05:30,2916.992925115828,2933.596288476427,2895.332573364828,2928.091552734375,2491268,0.0,0.0
2021-04-08 00:00:00+05:30,2926.8379354050153,2985.016671124075,2923.3025020922196,2969.218994140625,2578118,0.0,0.0
2021-04-09 00:00:00+05:30,3002.022811541736,3002.3361690701586,2960.8501671377644,2973.604736328125,2911129,0.0,0.0
2021-04-12 00:00:00+05:30,2973.6044339886334,2987.7911811237914,2875.99838124667,2905.8486328125,3791828,0.0,0.0
2021-04-13 00:00:00+05:30,2876.7152547441287,2876.7152547441287,2750.556924099582,2778.3037109375,8654596,0.0,0.0
2021-04-15 00:00:00+05:30,2828.6502292924197,2897.524859442515,2763.4452037393116,2881.145263671875,6062760,0.0,0.0
2021-04-16 00:00:00+05:30,2890.141296233442,2906.252334738305,2848.610706606663,2859.843505859375,3224657,0.0,0.0
2021-04-19 00:00:00+05:30,2836.437779776635,2854.338933325241,2806.095411919724,2829.993408203125,2679106,0.0,0.0
2021-04-20 00:00:00+05:30,2886.5608082156655,2886.874165788868,2798.2634619087594,2814.553466796875,3141893,0.0,0.0
2021-04-22 00:00:00+05:30,2817.6417456351883,2817.6417456351883,2779.378027520225,2791.506103515625,1988980,0.0,0.0
2021-04-23 00:00:00+05:30,2779.153881376628,2791.6846879271184,2766.6678714106597,2783.181640625,1615309,0.0,0.0
2021-04-26 00:00:00+05:30,2776.5133532022164,2822.1164922705734,2763.982547337393,2775.39453125,2490260,0.0,0.0
2021-04-27 00:00:00+05:30,2780.0488156529373,2806.9901359492337,2777.363642939815,2803.3203125,1471417,0.0,0.0
2021-04-28 00:00:00+05:30,2819.3861270480074,2820.3259810598583,2785.4187410530876,2796.2490234375,1639037,0.0,0.0
2021-04-29 00:00:00+05:30,2815.4929634311516,2826.0098890711797,2779.6010702219046,2788.327880859375,1621395,0.0,0.0
2021-04-30 00:00:00+05:30,2773.7830314278035,2803.364723788989,2703.0734930338713,2717.0810546875,3072305,0.0,0.0
2021-05-03 00:00:00+05:30,2707.4597542647825,2734.4010765017906,2688.7531370904676,2718.2900390625,1545831,0.0,0.0
2021-05-04 00:00:00+05:30,2741.382694817809,2765.7282199104434,2716.5000477113904,2729.7021484375,1990777,0.0,0.0
2021-05-05 00:00:00+05:30,2747.82665471187,2774.1412590460986,2732.0735545602815,2770.82958984375,1939289,0.0,0.0
2021-05-06 00:00:00+05:30,2779.6012091177536,2805.110349178889,2751.406896418604,2784.9267578125,1791671,0.0,0.0
2021-05-07 00:00:00+05:30,2804.215569733949,2828.2479546354916,2785.2403915808145,2804.1259765625,1912540,0.0,0.0
2021-05-10 00:00:00+05:30,2815.806540828046,2832.1413427694974,2797.055126960887,2815.40380859375,2137153,0.0,0.0
2021-05-11 00:00:00+05:30,2797.0555219359867,2799.8302884217323,2766.757729114391,2794.907470703125,2415625,0.0,0.0
2021-05-12 00:00:00+05:30,2792.579858478146,2792.579858478146,2748.3640981268823,2763.580078125,1978558,0.0,0.0
2021-05-14 00:00:00+05:30,2773.3360184268367,2773.3360184268367,2720.9751479805013,2731.268310546875,2043935,0.0,0.0
2021-05-17 00:00:00+05:30,2734.401413872262,2752.4815366364273,2717.395316699243,2747.603515625,2890462,0.0,0.0
2021-05-18 00:00:00+05:30,2774.678654491779,2796.160037623328,2754.987386621192,2764.654052734375,2098538,0.0,0.0
2021-05-19 00:00:00+05:30,2760.3577422204535,2790.7897017650366,2745.2313556195,2758.567626953125,1986041,0.0,0.0
2021-05-20 00:00:00+05:30,2745.230727574989,2764.6534300780568,2731.8048661415482,2738.875732421875,2329027,0.0,0.0
2021-05-21 00:00:00+05:30,2739.771473438007,2764.1169978743383,2734.4907206978974,2757.22509765625,1685566,0.0,0.0
2021-05-24 00:00:00+05:30,2758.1201171875,2779.1539717238966,2749.6170696089566,2758.1201171875,1652260,0.0,0.0
2021-05-25 00:00:00+05:30,2781.055430427605,2813.6599774369843,2772.1511040453966,2800.843017578125,1841613,15.0,0.0
2021-05-26 00:00:00+05:30,2806.2398834494225,2846.7144971530197,2791.669066433894,2840.8681640625,1923753,0.0,0.0
2021-05-27 00:00:00+05:30,2843.9711933838494,2894.159758638586,2843.836365839445,2860.2060546875,5959785,0.0,0.0
2021-05-28 00:00:00+05:30,2868.751064756287,2876.3962706037332,2820.3163492872177,2827.467041015625,1763701,0.0,0.0
2021-05-31 00:00:00+05:30,2833.22313007897,2851.5267387707327,2813.9752893482573,2841.452880859375,1652799,0.0,0.0
2021-06-01 00:00:00+05:30,2849.952429216134,2851.166535820747,2817.0329903440174,2835.921142578125,1377441,0.0,0.0
2021-06-02 00:00:00+05:30,2833.9878068781195,2841.7228241746734,2801.7429407358754,2814.73974609375,2240078,0.0,0.0
2021-06-03 00:00:00+05:30,2837.315078410275,2837.315078410275,2808.622946339891,2825.3525390625,1281706,0.0,0.0
2021-06-04 00:00:00+05:30,2813.4349614811135,2839.383770109067,2810.736654292992,2827.60107421875,1836060,0.0,0.0
2021-06-07 00:00:00+05:30,2828.7255808559753,2869.6048939016155,2818.4721006082727,2863.083984375,2559821,0.0,0.0
2021-06-08 00:00:00+05:30,2876.3963785265796,2906.077767047961,2866.6824256381715,2878.330078125,2574057,0.0,0.0
2021-06-09 00:00:00+05:30,2879.9934462517576,2896.1832907341222,2865.782316621696,2878.41943359375,1710925,0.0,0.0
2021-06-10 00:00:00+05:30,2887.189455565959,2899.7815591104836,2871.8990441190367,2893.3056640625,1874324,0.0,0.0
2021-06-11 00:00:00+05:30,2888.582639889936,2976.232601102876,2888.08790635882,2944.572509765625,3452954,0.0,0.0
2021-06-14 00:00:00+05:30,2949.2501163567918,2975.9633168598243,2941.4700841842455,2946.86669921875,1847360,0.0,0.0
2021-06-15 00:00:00+05:30,2966.3398841563867,2966.3398841563867,2924.5611264916656,2934.634765625,1304985,0.0,0.0
2021-06-16 00:00:00+05:30,2934.049295447536,2963.3707676206113,2925.8643427123316,2945.0673828125,1635552,0.0,0.0
2021-06-17 00:00:00+05:30,2937.1075083387886,3000.5627458603794,2932.1606116014245,2984.10302734375,2273413,0.0,0.0
2021-06-18 00:00:00+05:30,3013.919095969352,3020.3051774797104,2945.6520119851257,2965.70947265625,3380431,0.0,0.0
2021-06-21 00:00:00+05:30,2936.6580852083653,2955.546238283212,2924.6955443431953,2943.943603515625,1130569,0.0,0.0
2021-06-22 00:00:00+05:30,2971.7357492004526,2992.467787373381,2954.646469771031,2969.21728515625,1708688,0.0,0.0
2021-06-23 00:00:00+05:30,2994.2221208899614,2994.2221208899614,2928.922986500921,2933.420166015625,1467104,0.0,0.0
2021-06-24 00:00:00+05:30,2953.7473729337676,3042.7915233358513,2948.8004756892074,3034.3369140625,4155204,0.0,0.0
2021-06-25 00:00:00+05:30,3035.820831290584,3057.766978040191,3013.1100762383394,3040.812744140625,2722861,0.0,0.0
2021-06-28 00:00:00+05:30,3050.436492487778,3050.436492487778,2997.819498588166,3001.1923828125,1355238,0.0,0.0
2021-06-29 00:00:00+05:30,3005.914634493905,3027.770969739679,2991.97337870855,3004.88037109375,1497322,0.0,0.0
2021-06-30 00:00:00+05:30,3009.5124566264103,3041.892148329504,3002.766687521599,3009.28759765625,1693146,0.0,0.0
2021-07-01 00:00:00+05:30,3020.305535032919,3023.903278374233,2997.2350936922753,3005.46484375,990310,0.0,0.0
2021-07-02 00:00:00+05:30,2996.0209658687663,3003.8460142365157,2963.821116914042,2991.029052734375,1682274,0.0,0.0
2021-07-05 00:00:00+05:30,3005.914519464205,3034.696465790613,2969.9370865561955,2987.0263671875,1972858,0.0,0.0
2021-07-06 00:00:00+05:30,2979.831091854064,2993.322630151019,2928.6532777498182,2934.229736328125,2159420,0.0,0.0
2021-07-07 00:00:00+05:30,2945.6519492969946,2952.5775603439947,2915.6108844282326,2945.60693359375,2640710,0.0,0.0
2021-07-08 00:00:00+05:30,2966.3394842635125,2966.3394842635125,2906.8866857215453,2930.811767578125,2485811,0.0,0.0
2021-07-09 00:00:00+05:30,2923.166378779875,2951.948324663246,2879.0940241459625,2885.52490234375,6365067,0.0,0.0
2021-07-12 00:00:00+05:30,2909.6750447169334,2910.5744805885615,2867.7164491410163,2871.98876953125,1892226,0.0,0.0
2021-07-13 00:00:00+05:30,2890.786368473841,2890.786368473841,2855.7083758259005,2866.996337890625,1809339,0.0,0.0
2021-07-14 00:00:00+05:30,2866.501993081537,2897.9822471630723,2864.703121419735,2891.281494140625,2044279,0.0,0.0
2021-07-15 00:00:00+05:30,2909.3546204357363,2913.1855650269918,2879.0675351694144,2887.135009765625,2232968,7.0,0.0
2021-07-16 00:00:00+05:30,2896.1934952740357,2902.368163270931,2877.264126023879,2879.7880859375,1256526,0.0,0.0
2021-07-19 00:00:00+05:30,2866.4482040263038,2884.2959444046096,2862.842608801114,2870.5947265625,1597058,0.0,0.0
2021-07-20 00:00:00+05:30,2870.5944924411556,2897.996925890474,2844.9495224391003,2889.7041015625,1811945,0.0,0.0
2021-07-22 00:00:00+05:30,2875.462164978894,2906.9660089483573,2875.462164978894,2899.214111328125,2859334,0.0,0.0
2021-07-23 00:00:00+05:30,2911.517491785991,2921.9286896788913,2890.469746349123,2896.05859375,1776193,0.0,0.0
2021-07-26 00:00:00+05:30,2884.47571669136,2906.334634231912,2876.228006966159,2882.267333984375,1259611,0.0,0.0
2021-07-27 00:00:00+05:30,2884.4758253643777,2893.4898123186417,2849.4563980198473,2869.10693359375,1121367,0.0,0.0
2021-07-28 00:00:00+05:30,2873.6589249093904,2888.4868888364235,2823.5410714414743,2882.49267578125,1660654,0.0,0.0
2021-07-29 00:00:00+05:30,2884.701121512862,2907.4163242025197,2875.7322486733947,2880.68994140625,1731997,0.0,0.0
2021-07-30 00:00:00+05:30,2901.6024006705784,2905.6586948001273,2850.5382526002527,2855.13525390625,2999943,0.0,0.0
2021-08-02 00:00:00+05:30,2866.447628672063,2906.9203389239024,2854.7294465422715,2901.962646484375,2608669,0.0,0.0
2021-08-03 00:00:00+05:30,2910.616297050528,2965.601615762229,2901.557196429502,2961.00439453125,3804735,0.0,0.0
2021-08-04 00:00:00+05:30,2974.6155117870494,2979.3027407011086,2939.641200543948,2951.134033203125,2929598,0.0,0.0
2021-08-05 00:00:00+05:30,2952.0804755967542,2988.136420336867,2940.812992865469,2960.14794921875,2534521,0.0,0.0
2021-08-06 00:00:00+05:30,2949.8728440833365,2996.2497708000647,2943.0672387672116,2983.449951171875,2292362,0.0,0.0
2021-08-09 00:00:00+05:30,2996.159026995886,3007.9674378988816,2983.629673193077,2995.077392578125,1510489,0.0,0.0
2021-08-10 00:00:00+05:30,2988.677918030827,3019.5957204928204,2988.677918030827,3005.17333984375,2040777,0.0,0.0
2021-08-11 00:00:00+05:30,3019.686165186738,3028.700153739534,2999.0442194280668,3014.4580078125,1929707,0.0,0.0
2021-08-12 00:00:00+05:30,2998.051681840643,3035.9104222607593,2998.051681840643,3021.2626953125,1310205,0.0,0.0
2021-08-13 00:00:00+05:30,3029.37580457358,3136.867603932473,3026.446258679103,3121.904296875,4363584,0.0,0.0
2021-08-16 00:00:00+05:30,3118.839625698136,3149.8027602984,3097.6567554079897,3130.5126953125,2083489,0.0,0.0
2021-08-17 00:00:00+05:30,3138.760407763785,3209.7004393262005,3121.54360507962,3202.714599609375,4336019,0.0,0.0
2021-08-18 00:00:00+05:30,3221.46374405248,3240.5282380096614,3187.8866433943826,3209.47509765625,2631309,0.0,0.0
2021-08-20 00:00:00+05:30,3160.30421657163,3222.5007342394692,3154.895823730949,3208.529052734375,2836148,0.0,0.0
2021-08-23 00:00:00+05:30,3227.0078415763965,3310.837933550308,3210.6924345735983,3278.748046875,3744176,0.0,0.0
2021-08-24 00:00:00+05:30,3296.4146519648043,3305.7442154221,3239.987012060924,3256.933349609375,2511141,0.0,0.0
2021-08-25 00:00:00+05:30,3254.0494789442555,3333.147219048787,3251.390396652358,3298.218017578125,2123263,0.0,0.0
2021-08-26 00:00:00+05:30,3299.1193623786544,3323.998055433648,3288.2123496834615,3309.801025390625,1902533,0.0,0.0
2021-08-27 00:00:00+05:30,3304.5279665598573,3361.7667897667725,3291.097212606248,3353.338623046875,3944728,0.0,0.0
2021-08-30 00:00:00+05:30,3348.6965316174733,3371.547079153853,3323.9982926012763,3336.347412109375,2033114,0.0,0.0
2021-08-31 00:00:00+05:30,3343.6484993267245,3429.0111386427284,3338.2852206750117,3413.101318359375,3207480,0.0,0.0
2021-09-01 00:00:00+05:30,3421.7100320804448,3440.3689442480895,3341.4855344895177,3348.651611328125,2643336,0.0,0.0
2021-09-02 00:00:00+05:30,3365.8226913240374,3478.632648775987,3355.0059070991074,3458.44140625,3403717,0.0,0.0
2021-09-03 00:00:00+05:30,3447.8501019601085,3476.604633083877,3429.416542160624,3463.218994140625,1746812,0.0,0.0
2021-09-06 00:00:00+05:30,3470.11472714068,3495.2638843302784,3437.9348357488802,3472.18798828125,1723693,0.0,0.0
2021-09-07 00:00:00+05:30,3483.0048295814067,3488.368108222042,3432.751848409263,3439.6474609375,1585039,0.0,0.0
2021-09-08 00:00:00+05:30,3434.329148391886,3438.836142024946,3385.6536171548355,3402.013916015625,4147175,0.0,0.0
2021-09-09 00:00:00+05:30,3416.0308985157835,3433.15747526541,3393.7663927548815,3417.563232421875,1441148,0.0,0.0
2021-09-13 00:00:00+05:30,3395.569405177748,3472.548777517436,3395.569405177748,3466.194091796875,1691473,0.0,0.0
2021-09-14 00:00:00+05:30,3470.3396360829424,3512.2997866196183,3447.8497841190915,3502.744873046875,1991188,0.0,0.0
2021-09-15 00:00:00+05:30,3499.3196901938445,3587.5665275555,3484.8070843039104,3564.6259765625,2461369,0.0,0.0
2021-09-16 00:00:00+05:30,3542.49723525585,3589.14462251399,3508.3343092331525,3518.429931640625,2946666,0.0,0.0
2021-09-17 00:00:00+05:30,3533.4829937404943,3556.017961812819,3429.8221406078014,3450.419189453125,6477148,0.0,0.0
2021-09-20 00:00:00+05:30,3433.4275220649233,3489.314239410165,3432.3910016252494,3446.497802734375,2002008,0.0,0.0
2021-09-21 00:00:00+05:30,3477.5959820366297,3489.809977723796,3444.830053172966,3482.057861328125,1568129,0.0,0.0
2021-09-22 00:00:00+05:30,3481.6524916358844,3512.6156251226985,3472.5933906537475,3481.3369140625,1744067,0.0,0.0
2021-09-23 00:00:00+05:30,3488.413109599123,3496.5256982260976,3456.8641538275547,3487.737060546875,2003869,0.0,0.0
2021-09-24 00:00:00+05:30,3506.441318559903,3555.477325064722,3474.892360680829,3489.585205078125,2320754,0.0,0.0
2021-09-27 00:00:00+05:30,3515.45481217502,3519.060406854174,3427.9289133113457,3458.62158203125,1673362,0.0,0.0
2021-09-28 00:00:00+05:30,3470.38493680439,3470.38493680439,3381.3718166720696,3406.520751953125,2253075,0.0,0.0
2021-09-29 00:00:00+05:30,3389.0793895449447,3430.72397177835,3355.1415913092874,3418.01416015625,2489161,0.0,0.0
2021-09-30 00:00:00+05:30,3429.8220263978765,3429.8220263978765,3380.3353261861325,3403.27587890625,2252412,0.0,0.0
2021-10-01 00:00:00+05:30,3408.8646089616796,3434.3291227987042,3357.710231607657,3362.3974609375,1578374,0.0,0.0
2021-10-04 00:00:00+05:30,3357.529724216113,3410.576902548985,3341.8903696641178,3401.24755859375,1356860,0.0,0.0
2021-10-05 00:00:00+05:30,3383.8508239849484,3461.3711145717107,3372.67356778803,3455.331787109375,1877966,0.0,0.0
2021-10-06 00:00:00+05:30,3457.7655773305473,3477.1005363497156,3420.8082288762844,3435.140380859375,1678154,0.0,0.0
2021-10-07 00:00:00+05:30,3452.3575214994144,3514.5540408162447,3443.3886471477763,3509.055419921875,1647233,0.0,0.0
2021-10-08 00:00:00+05:30,3537.9902787284354,3596.4909726348333,3515.4553088002285,3547.590087890625,2934339,0.0,0.0
2021-10-11 00:00:00+05:30,3384.752297562211,3387.0057944314267,3299.1194165320085,3322.1953125,11845402,0.0,0.0
2021-10-12 00:00:00+05:30,3340.583816789036,3341.485215552336,3272.6184380634545,3292.674560546875,5752877,0.0,0.0
2021-10-13 00:00:00+05:30,3290.1050074543978,3313.0455586297558,3285.5980142935014,3294.792236328125,3545655,0.0,0.0
2021-10-14 00:00:00+05:30,3273.839971190804,3314.4807432469656,3258.6673721917773,3261.6025390625,6442299,7.0,0.0
2021-10-18 00:00:00+05:30,3254.3778175181137,3298.856888876006,3252.5715608132246,3293.844482421875,3590107,0.0,0.0
2021-10-19 00:00:00+05:30,3313.577870525891,3332.6339666446383,3274.020805242482,3282.103759765625,3135441,0.0,0.0
2021-10-20 00:00:00+05:30,3262.098671546525,3278.354977218684,3231.6632989139234,3259.25390625,2933693,0.0,0.0
2021-10-21 00:00:00+05:30,3254.9648569726637,3257.9902045417994,3171.1093045050425,3190.30078125,4871211,0.0,0.0
2021-10-22 00:00:00+05:30,3215.13710210316,3216.5821957384405,3147.4024721431215,3159.910888671875,2691670,0.0,0.0
2021-10-25 00:00:00+05:30,3163.6587598359224,3174.0899368703585,3115.792955019678,3154.582275390625,2595594,0.0,0.0
2021-10-26 00:00:00+05:30,3155.9817574184717,3187.139682910227,3138.3707560535668,3145.234619140625,3878763,0.0,0.0
2021-10-27 00:00:00+05:30,3145.596022349492,3171.109398069094,3145.596022349492,3151.692138671875,2510813,0.0,0.0
2021-10-28 00:00:00+05:30,3177.2054677112747,3177.2054677112747,3084.1832496401375,3090.18896484375,2424942,0.0,0.0
2021-10-29 00:00:00+05:30,3070.6817315859944,3125.727362949286,3057.9475330698438,3068.6044921875,3960501,0.0,0.0
2021-11-01 00:00:00+05:30,3104.9097721019116,3149.20825756317,3082.3315654947764,3139.635009765625,2020718,0.0,0.0
2021-11-02 00:00:00+05:30,3155.53038924391,3173.231792731731,3133.629527212094,3146.6796875,3087414,0.0,0.0
2021-11-03 00:00:00+05:30,3164.7420457806443,3178.9211155491143,3130.2877904093675,3153.94970703125,1537639,0.0,0.0
2021-11-04 00:00:00+05:30,3172.6447265127936,3172.9157091187167,3165.4649001525945,3168.76123046875,328991,0.0,0.0
2021-11-08 00:00:00+05:30,3204.2989250075834,3204.2989250075834,3143.969915805099,3163.432373046875,2526082,0.0,0.0
2021-11-09 00:00:00+05:30,3168.173674471409,3192.558135477888,3157.336136246307,3166.096435546875,1782692,0.0,0.0
2021-11-10 00:00:00+05:30,3159.142833299455,3178.740673558911,3143.06710525836,3146.77001953125,1516489,0.0,0.0
2021-11-11 00:00:00+05:30,3142.8863844601083,3170.0254331136357,3103.1487405186585,3150.2919921875,1284514,0.0,0.0
2021-11-12 00:00:00+05:30,3166.367819426574,3191.7907928724526,3148.0342708406747,3184.4755859375,1747259,0.0,0.0
2021-11-15 00:00:00+05:30,3186.2365042619317,3223.8067281092117,3186.2365042619317,3209.085693359375,1809157,0.0,0.0
2021-11-16 00:00:00+05:30,3223.2647581721276,3229.180292369943,3198.880295165502,3211.88525390625,2013204,0.0,0.0
2021-11-17 00:00:00+05:30,3206.6472520845723,3217.7105731451347,3166.7288070493264,3180.727294921875,1632914,0.0,0.0
2021-11-18 00:00:00+05:30,3174.631296360173,3179.7793039664384,3117.237670357482,3139.0029296875,2136598,0.0,0.0
2021-11-22 00:00:00+05:30,3141.441472722624,3175.353985373038,3107.0324158864637,3123.37890625,3167936,0.0,0.0
2021-11-23 00:00:00+05:30,3111.2768901773475,3143.7443073860727,3077.680562631112,3128.662109375,2153461,0.0,0.0
2021-11-24 00:00:00+05:30,3135.8422649122226,3154.672579518946,3092.311521816492,3109.741943359375,2161746,0.0,0.0
2021-11-25 00:00:00+05:30,3110.2838310775505,3127.5336718385456,3101.3881485673587,3112.090087890625,1849619,0.0,0.0
2021-11-26 00:00:00+05:30,3093.21479827101,3151.9181448075396,3081.3837279267445,3112.9482421875,1941251,0.0,0.0
2021-11-29 00:00:00+05:30,3113.218213998952,3187.455526703906,3076.460941212236,3162.7548828125,2981745,0.0,0.0
2021-11-30 00:00:00+05:30,3152.821131593886,3218.5237203430856,3152.821131593886,3187.275390625,5588446,0.0,0.0
2021-12-01 00:00:00+05:30,3192.5587091049274,3242.2307682282008,3192.5587091049274,3231.212646484375,2102118,0.0,0.0
2021-12-02 00:00:00+05:30,3241.50791577519,3294.611901710023,3227.870811305164,3290.005859375,3152938,0.0,0.0
2021-12-03 00:00:00+05:30,3293.211982422395,3310.8229834006474,3279.123313933971,3287.793212890625,2486263,0.0,0.0
2021-12-06 00:00:00+05:30,3287.7937979715803,3303.643745770652,3180.8182811930665,3193.8232421875,1849642,0.0,0.0
2021-12-07 00:00:00+05:30,3217.3943622688616,3249.455414861295,3182.8949075209775,3237.26318359375,1484458,0.0,0.0
2021-12-08 00:00:00+05:30,3252.1647312810596,3293.211864921609,3252.1647312810596,3275.5556640625,1428660,0.0,0.0
2021-12-09 00:00:00+05:30,3260.292848772515,3282.6452720431853,3220.5552074024345,3252.842041015625,1567957,0.0,0.0
2021-12-10 00:00:00+05:30,3237.7149799215686,3289.1932934098613,3228.774097880252,3284.4970703125,1510718,0.0,0.0
2021-12-13 00:00:00+05:30,3296.4183666747244,3307.2559065103674,3252.797224738199,3259.97705078125,1883864,0.0,0.0
2021-12-14 00:00:00+05:30,3255.777491673732,3282.871340425525,3230.2189169198136,3272.75634765625,1747007,0.0,0.0
2021-12-15 00:00:00+05:30,3269.324361600678,3272.033746430734,3213.465789491573,3224.484130859375,1603233,0.0,0.0
2021-12-16 00:00:00+05:30,3235.0054502198122,3258.893148767848,3224.167911023096,3234.644287109375,2072320,0.0,0.0
2021-12-17 00:00:00+05:30,3253.5196197281775,3297.6375242806403,3227.509481237842,3237.1279296875,4333992,0.0,0.0
2021-12-20 00:00:00+05:30,3241.3276665992635,3256.680848636652,3170.1159076003064,3212.337158203125,2312310,0.0,0.0
2021-12-21 00:00:00+05:30,3235.5926822596566,3288.470891043131,3220.9168466296323,3258.758056640625,2340989,0.0,0.0
2021-12-22 00:00:00+05:30,3272.937330548957,3284.4974181986313,3256.906801405126,3279.033447265625,1224328,0.0,0.0
2021-12-23 00:00:00+05:30,3294.6119977051703,3314.932384204174,3278.355688505967,3307.887939453125,1792861,0.0,0.0
2021-12-24 00:00:00+05:30,3328.027653753264,3346.0902190382208,3291.721941628561,3315.29345703125,2209923,0.0,0.0
2021-12-27 00:00:00+05:30,3315.38363995623,3341.5743578965003,3299.2177332857636,3338.05224609375,1534135,0.0,0.0
2021-12-28 00:00:00+05:30,3350.6059829025485,3364.1529073617235,3336.020549097627,3347.490234375,1456218,0.0,0.0
2021-12-29 00:00:00+05:30,3334.5754657005446,3359.592075512675,3328.0277855254944,3336.7880859375,1456923,0.0,0.0
2021-12-30 00:00:00+05:30,3324.731583376413,3377.6999720141444,3323.5122719283563,3372.055419921875,1966475,0.0,0.0
2021-12-31 00:00:00+05:30,3380.2285935722675,3395.762355996317,3369.8426182813214,3376.209716796875,1207141,0.0,0.0
2022-01-03 00:00:00+05:30,3386.7310281743175,3458.981290108703,3382.2153868034184,3447.91796875,2346158,0.0,0.0
2022-01-04 00:00:00+05:30,3459.974988296276,3512.4014107792354,3442.4541666277723,3508.427734375,2488606,0.0,0.0
2022-01-05 00:00:00+05:30,3490.590574721816,3495.1062158275367,3443.085942093523,3486.932861328125,1733031,0.0,0.0
2022-01-06 00:00:00+05:30,3442.725489289572,3463.497442661466,3406.6003529906257,3438.6162109375,1810293,0.0,0.0
2022-01-07 00:00:00+05:30,3449.950520579911,3490.500897926719,3428.636601942498,3480.205322265625,2460591,0.0,0.0
2022-01-10 00:00:00+05:30,3592.6443963219926,3592.6443963219926,3486.9783846654636,3504.00244140625,3937092,0.0,0.0
2022-01-11 00:00:00+05:30,3482.4630014627614,3544.7788591134176,3482.4630014627614,3536.560302734375,1906106,0.0,0.0
2022-01-12 00:00:00+05:30,3544.7786042510666,3548.391117478329,3464.8969496112923,3485.98486328125,3203744,0.0,0.0
2022-01-13 00:00:00+05:30,3538.456677956216,3542.9723194543735,3483.3658516786945,3520.3037109375,6684507,0.0,0.0
2022-01-14 00:00:00+05:30,3502.196463284711,3591.741553625665,3486.1207340836695,3583.748779296875,3348123,0.0,0.0
2022-01-17 00:00:00+05:30,3605.9204054611096,3651.347804134479,3578.465392681304,3629.80810546875,3442604,0.0,0.0
2022-01-18 00:00:00+05:30,3643.1741589730254,3650.1734029085724,3594.4504339971777,3604.023681640625,2389041,0.0,0.0
2022-01-19 00:00:00+05:30,3629.717925066884,3629.717925066884,3537.8893185378993,3541.643798828125,3102539,7.0,0.0
2022-01-20 00:00:00+05:30,3537.436427448563,3546.483579436923,3447.8696227638043,3461.93798828125,6176776,0.0,0.0
2022-01-21 00:00:00+05:30,3444.2511189645966,3484.556229425904,3411.771928311016,3468.22607421875,3112358,0.0,0.0
2022-01-24 00:00:00+05:30,3474.1064136799278,3482.8368271236272,3383.7254523626307,3411.997802734375,3258414,0.0,0.0
2022-01-25 00:00:00+05:30,3410.324237396472,3446.4222886055563,3367.531160609474,3410.68603515625,3330501,0.0,0.0
2022-01-27 00:00:00+05:30,3375.4922012817274,3377.663429275607,3279.682955911096,3301.53173828125,5718297,0.0,0.0
2022-01-28 00:00:00+05:30,3298.5918288101216,3374.4070115633695,3298.5918288101216,3338.444580078125,3143862,0.0,0.0
2022-01-31 00:00:00+05:30,3391.7777963208846,3399.9202343488623,3366.8075646839798,3380.24267578125,2739393,0.0,0.0
2022-02-01 00:00:00+05:30,3410.7766680271966,3445.1558492964364,3380.3781457117134,3438.506103515625,2105169,0.0,0.0
2022-02-02 00:00:00+05:30,3463.1594534341307,3495.819762652663,3438.505962613146,3488.762939453125,1984212,0.0,0.0
2022-02-03 00:00:00+05:30,3484.0584667821045,3512.5569974763753,3452.438712615916,3460.174072265625,1960538,0.0,0.0
2022-02-04 00:00:00+05:30,3451.759967827603,3460.2642024084744,3409.8716096360963,3451.39794921875,2307366,0.0,0.0
2022-02-07 00:00:00+05:30,3429.7757732777977,3466.688202457237,3398.246356069206,3418.919189453125,1919149,0.0,0.0
2022-02-08 00:00:00+05:30,3430.273487956361,3437.6468296185235,3366.445776610722,3386.756591796875,2946443,0.0,0.0
2022-02-09 00:00:00+05:30,3392.6822605127904,3417.9690081189287,3389.1539593129573,3402.22705078125,1638721,0.0,0.0
2022-02-10 00:00:00+05:30,3428.690174713259,3428.690174713259,3399.920183271069,3411.093505859375,2112459,0.0,0.0
2022-02-11 00:00:00+05:30,3394.943846234914,3394.943846234914,3338.3991452649784,3342.87744140625,3851488,0.0,0.0
2022-02-14 00:00:00+05:30,3369.159495313023,3431.8110245961666,3356.4934821727484,3377.98046875,5951745,0.0,0.0
2022-02-15 00:00:00+05:30,3425.252225246038,3469.5832762331106,3390.8730428479007,3454.022216796875,3931683,0.0,0.0
2022-02-16 00:00:00+05:30,3477.7256341182974,3486.8633470543637,3443.346452511509,3449.77001953125,3256906,0.0,0.0
2022-02-17 00:00:00+05:30,3460.5354693907125,3469.582620944675,3418.918572242484,3423.623046875,3134372,0.0,0.0
2022-02-18 00:00:00+05:30,3409.8716055417394,3452.3479402147423,3399.5579405621957,3432.39892578125,3688883,0.0,0.0
2022-02-21 00:00:00+05:30,3446.9653425852175,3463.069319332428,3352.467872316406,3364.998046875,7465922,0.0,0.0
2022-02-22 00:00:00+05:30,3302.2108804869526,3318.40519617988,3229.833655709156,3244.6708984375,5408531,0.0,0.0
2022-02-23 00:00:00+05:30,3266.927377105052,3277.693402237058,3216.8512903261426,3224.224853515625,2426203,0.0,0.0
2022-02-24 00:00:00+05:30,3142.980897367273,3151.892431267905,3067.9800886568473,3077.524658203125,5039136,0.0,0.0
2022-02-25 00:00:00+05:30,3137.5528759741355,3193.6452284281136,3132.12458380117,3185.276611328125,2549723,0.0,0.0
2022-02-28 00:00:00+05:30,3157.4561449121834,3224.1788929601125,3126.6052672941796,3215.538818359375,3288942,0.0,0.0
2022-03-02 00:00:00+05:30,3214.0008894990233,3231.5975567381843,3171.9316308468897,3208.255859375,2761341,0.0,0.0
2022-03-03 00:00:00+05:30,3223.3645348859873,3237.6137988271926,3193.735113039988,3206.67236328125,1928039,0.0,0.0
2022-03-04 00:00:00+05:30,3167.860614365542,3221.872073453627,3154.78752249152,3188.533447265625,2370257,0.0,0.0
2022-03-07 00:00:00+05:30,3121.2673259003163,3209.9294122592237,3104.575375246047,3152.841796875,3054130,0.0,0.0
2022-03-08 00:00:00+05:30,3130.3143605173004,3265.116915348826,3130.3143605173004,3256.92919921875,3300992,0.0,0.0
2022-03-09 00:00:00+05:30,3261.498520410804,3305.829568261048,3254.306078251467,3286.46875,2719654,0.0,0.0
2022-03-10 00:00:00+05:30,3332.9708044635804,3332.9708044635804,3270.5454555200445,3275.928466796875,2005441,0.0,0.0
2022-03-11 00:00:00+05:30,3259.915475849535,3293.028144903088,3250.5065248753554,3256.2060546875,1623423,0.0,0.0
2022-03-14 00:00:00+05:30,3238.880144444397,3300.717511530895,3238.880144444397,3295.877197265625,1765688,0.0,0.0
2022-03-15 00:00:00+05:30,3310.353603049438,3310.353603049438,3243.7664621745657,3251.45654296875,3651133,0.0,0.0
2022-03-16 00:00:00+05:30,3293.6158135734954,3318.495482540195,3271.676469121042,3307.54833984375,3090475,0.0,0.0
2022-03-17 00:00:00+05:30,3344.370516036417,3356.4936121605065,3311.529307946736,3322.79296875,3600452,0.0,0.0
2022-03-21 00:00:00+05:30,3343.827423602469,3360.0670174825664,3270.5454914293628,3281.130615234375,2413831,0.0,0.0
2022-03-22 00:00:00+05:30,3293.1635571024676,3357.3983407712244,3279.592828158364,3348.305908203125,2907611,0.0,0.0
2022-03-23 00:00:00+05:30,3354.684136185806,3374.4069727477763,3338.399261738302,3358.664794921875,1596195,0.0,0.0
2022-03-24 00:00:00+05:30,3347.446245572577,3400.100626124685,3342.9226695650464,3392.54638671875,1879046,0.0,0.0
2022-03-25 00:00:00+05:30,3401.6385467279933,3419.3710527624153,3322.1141700604812,3354.186279296875,1690133,0.0,0.0
2022-03-28 00:00:00+05:30,3342.92300177148,3359.207877016916,3312.3435807461647,3354.412841796875,1760990,0.0,0.0
2022-03-29 00:00:00+05:30,3342.6970383170346,3367.350531596455,3339.304355755646,3352.287109375,2689063,0.0,0.0
2022-03-30 00:00:00+05:30,3381.8253589977094,3381.8253589977094,3353.055371960706,3375.989990234375,1583455,0.0,0.0
2022-03-31 00:00:00+05:30,3383.6346354014518,3396.888623897591,3365.7212313914297,3383.58935546875,2168110,0.0,0.0
2022-04-01 00:00:00+05:30,3390.8729433405388,3404.4436728362984,3372.8239172867297,3400.5986328125,1387014,0.0,0.0
2022-04-04 00:00:00+05:30,3403.5390445624703,3419.823920373774,3381.0117213746057,3411.093505859375,1472994,0.0,0.0
2022-04-05 00:00:00+05:30,3412.5867277432076,3470.126719563168,3412.5867277432076,3451.30859375,2314947,0.0,0.0
2022-04-06 00:00:00+05:30,3446.331308607264,3446.331308607264,3375.6276903180715,3397.52197265625,2051729,0.0,0.0
2022-04-07 00:00:00+05:30,3388.6115562947216,3388.6115562947216,3328.4479817402967,3333.107177734375,2494829,0.0,0.0
2022-04-08 00:00:00+05:30,3338.3992226767377,3351.969951224204,3295.425248943094,3334.463623046875,2296773,0.0,0.0
2022-04-11 00:00:00+05:30,3338.399607435814,3358.6200836530975,3307.729845734869,3344.189697265625,2291660,0.0,0.0
2022-04-12 00:00:00+05:30,3332.0662494098387,3382.7303031613865,3300.717954502167,3339.39453125,4483476,0.0,0.0
2022-04-13 00:00:00+05:30,3353.779686075667,3356.358213084802,3307.2321271088963,3313.022216796875,1621672,0.0,0.0
2022-04-18 00:00:00+05:30,3266.022733681579,3266.022733681579,3186.8601327959454,3191.88134765625,3820792,0.0,0.0
2022-04-19 00:00:00+05:30,3211.739160427376,3223.9980963279377,3111.4513858978617,3141.080810546875,3170014,0.0,0.0
2022-04-20 00:00:00+05:30,3166.50372549885,3229.0647036100972,3148.4094184959995,3217.8916015625,2640370,0.0,0.0
2022-04-21 00:00:00+05:30,3238.880950282414,3296.782732633831,3227.4814485308702,3282.895263671875,2280996,0.0,0.0
2022-04-22 00:00:00+05:30,3239.87633532136,3272.3555291087623,3231.1909793231807,3268.32958984375,1581465,0.0,0.0
2022-04-25 00:00:00+05:30,3218.9768493005813,3242.499445726049,3196.4495279980583,3210.110595703125,1960694,0.0,0.0
2022-04-26 00:00:00+05:30,3234.4932412910453,3246.0283628811712,3182.9244624175426,3208.392333984375,1943469,0.0,0.0
2022-04-27 00:00:00+05:30,3208.1199557815607,3228.4307669380228,3172.2028081227777,3221.87158203125,1727648,0.0,0.0
2022-04-28 00:00:00+05:30,3246.1186428198116,3260.955886057958,3200.9281557219956,3242.771240234375,1703660,0.0,0.0
2022-04-29 00:00:00+05:30,3254.2606375879095,3278.009412049039,3199.84210560236,3208.75341796875,2051115,0.0,0.0
2022-05-02 00:00:00+05:30,3184.5071876930824,3209.8844951695896,3159.944256485502,3204.86328125,1324161,0.0,0.0
2022-05-04 00:00:00+05:30,3201.3348817614974,3207.6226085138114,3135.109770265168,3148.182861328125,2305825,0.0,0.0
2022-05-05 00:00:00+05:30,3177.450755773528,3196.3592175631156,3153.249621024076,3178.626708984375,1612262,0.0,0.0
2022-05-06 00:00:00+05:30,3129.4102748733458,3143.433362257138,3098.1975965029696,3105.52587890625,2010812,0.0,0.0
2022-05-09 00:00:00+05:30,3074.2218161125297,3126.695290313391,3027.945728508886,3116.833984375,2481830,0.0,0.0
2022-05-10 00:00:00+05:30,3106.7917145185843,3134.656984322308,3095.9351331050075,3111.089111328125,1622685,0.0,0.0
2022-05-11 00:00:00+05:30,3107.69687844888,3119.8652543650737,3059.882589216843,3086.888427734375,1841769,0.0,0.0
2022-05-12 00:00:00+05:30,3056.1282308980985,3120.9962726181643,3030.886762812831,3083.857666015625,2807195,0.0,0.0
2022-05-13 00:00:00+05:30,3107.6970730148428,3112.1300896587236,3059.88278078926,3089.51220703125,2187823,0.0,0.0
2022-05-16 00:00:00+05:30,3089.602558618006,3103.1732872795783,3045.81442915443,3055.04248046875,1195813,0.0,0.0
2022-05-17 00:00:00+05:30,3048.8902388597226,3136.6476136874358,3031.157732502204,3122.715087890625,1754076,0.0,0.0
2022-05-18 00:00:00+05:30,3134.8387176812585,3161.9801784404035,3114.980259734705,3120.182373046875,1866781,0.0,0.0
2022-05-19 00:00:00+05:30,3073.317575767646,3080.5552974650673,2922.23013533397,2951.1357421875,4642963,0.0,0.0
2022-05-20 00:00:00+05:30,2994.606963249459,2998.1352637674613,2958.4636393942405,2979.226806640625,3065125,0.0,0.0
2022-05-23 00:00:00+05:30,2989.903399899195,3020.754061499307,2955.7051147268007,3005.23828125,2293690,0.0,0.0
2022-05-24 00:00:00+05:30,2999.267281374466,3008.0431977826966,2963.4859626775024,2974.704345703125,1711510,0.0,0.0
2022-05-25 00:00:00+05:30,2999.1590102202176,2999.1590102202176,2872.738613082135,2885.12548828125,3548046,22.0,0.0
2022-05-26 00:00:00+05:30,2906.39291975154,2952.388796419498,2896.8750055874266,2939.136474609375,2813186,0.0,0.0
2022-05-27 00:00:00+05:30,2963.045206200903,2986.4529641814693,2941.185779785012,2970.4228515625,3103153,0.0,0.0
2022-05-30 00:00:00+05:30,3002.9383975752953,3084.5470034832265,2993.2383670389063,3074.209228515625,2094624,0.0,0.0
2022-05-31 00:00:00+05:30,3054.9910609736103,3081.6322341874366,3028.4410576400733,3064.281494140625,4840965,0.0,0.0
2022-06-01 00:00:00+05:30,3085.822101144744,3085.822101144744,3042.1488369549616,3055.947509765625,1493835,0.0,0.0
2022-06-02 00:00:00+05:30,3055.7663601321715,3125.8987028237293,3047.8423606907977,3117.701416015625,2657939,0.0,0.0
2022-06-03 00:00:00+05:30,3150.854617872798,3167.1582430109847,3125.1698318168433,3133.321533203125,1913622,0.0,0.0
2022-06-06 00:00:00+05:30,3113.1467124394917,3145.0250433158467,3075.940057313281,3124.941650390625,1084210,0.0,0.0
2022-06-07 00:00:00+05:30,3097.708685909332,3113.9211394377626,3056.6766735743163,3062.779052734375,2308256,0.0,0.0
2022-06-08 00:00:00+05:30,3078.672555042695,3109.4579597414922,3048.0239051843746,3100.531982421875,2185707,0.0,0.0
2022-06-09 00:00:00+05:30,3083.0898929873206,3130.4519829239057,3054.0351613763023,3121.43505859375,1279197,0.0,0.0
2022-06-10 00:00:00+05:30,3080.357984471903,3090.376889802829,3053.0336972057416,3060.22900390625,1527582,0.0,0.0
2022-06-13 00:00:00+05:30,2996.563532750225,2999.2959615034924,2907.71401331668,2932.442626953125,3030921,0.0,0.0
2022-06-14 00:00:00+05:30,2905.48228333209,2950.0207786037,2891.5468536128947,2924.199462890625,2611493,0.0,0.0
2022-06-15 00:00:00+05:30,2931.4401999009365,2945.5577463040636,2915.5010346070835,2920.328369140625,1404536,0.0,0.0
2022-06-16 00:00:00+05:30,2951.0227580710934,2955.440273059507,2853.61172724307,2861.763427734375,2032028,0.0,0.0
2022-06-17 00:00:00+05:30,2816.222768111688,2840.5869204554742,2754.1511941708545,2813.399169921875,5240434,0.0,0.0
2022-06-20 00:00:00+05:30,2818.0446605414486,2858.803386643333,2795.274422495703,2834.803466796875,1502769,0.0,0.0
2022-06-21 00:00:00+05:30,2850.8338132737495,2948.973539593317,2846.644000512472,2925.474609375,2964461,0.0,0.0
2022-06-22 00:00:00+05:30,2914.498962541727,2960.631592900937,2899.106372351065,2935.4931640625,3336315,0.0,0.0
2022-06-23 00:00:00+05:30,2935.4934387770754,3022.0659263792954,2935.4934387770754,3013.6865234375,3692578,0.0,0.0
2022-06-24 00:00:00+05:30,3041.1930315205395,3046.6578887200376,2985.178245225687,2999.386962890625,2132118,0.0,0.0
2022-06-27 00:00:00+05:30,3051.2116768558267,3062.961029889125,3011.5914655294896,3019.06005859375,2037686,0.0,0.0
2022-06-28 00:00:00+05:30,3012.0467124837633,3032.9953288693473,2980.7149577924256,3022.2021484375,1400046,0.0,0.0
2022-06-29 00:00:00+05:30,2979.2572846724947,3035.7274624926395,2979.2572846724947,2997.01806640625,2133994,0.0,0.0
2022-06-30 00:00:00+05:30,2980.1681991432997,3015.5985939827324,2964.6844401624207,2975.705322265625,2719603,0.0,0.0
2022-07-01 00:00:00+05:30,2969.2388698434675,3035.7279611006984,2961.997979035833,3019.424560546875,1502879,0.0,0.0
2022-07-04 00:00:00+05:30,3016.6009029667343,3022.020174729321,2937.4060656424617,2946.51416015625,2622535,0.0,0.0
2022-07-05 00:00:00+05:30,2964.6848052199925,2980.1685661074703,2920.9203660031503,2929.4365234375,2170627,0.0,0.0
2022-07-06 00:00:00+05:30,2931.4404172212226,2976.9808928654857,2916.639762636837,2969.922119140625,2182144,0.0,0.0
2022-07-07 00:00:00+05:30,2979.2577520781488,3023.340841120473,2973.8384802489545,2994.60498046875,1989921,0.0,0.0
2022-07-08 00:00:00+05:30,3005.671147294603,3010.225194487474,2960.130675365897,2974.20263671875,2136916,0.0,0.0
2022-07-11 00:00:00+05:30,2920.1917356360045,2937.360583340684,2828.974254839121,2836.07861328125,6974600,0.0,0.0
2022-07-12 00:00:00+05:30,2837.080130059318,2856.4804148819853,2805.5206730848,2809.57373046875,3734815,0.0,0.0
2022-07-13 00:00:00+05:30,2827.152483545866,2832.617340150658,2764.306632590755,2767.72216796875,3863530,0.0,0.0
2022-07-14 00:00:00+05:30,2790.7809946852853,2791.694208361557,2709.5049774971344,2738.49951171875,4764908,8.0,0.0
2022-07-15 00:00:00+05:30,2756.5811393743998,2766.032766988637,2696.719939340685,2734.709716796875,4574806,0.0,0.0
2022-07-18 00:00:00+05:30,2760.6447317585075,2809.9125612263424,2752.699817974454,2797.6298828125,3202795,0.0,0.0
2022-07-19 00:00:00+05:30,2767.0825420881447,2811.738591956871,2767.0825420881447,2807.446533203125,1865074,0.0,0.0
2022-07-20 00:00:00+05:30,2838.085252861018,2896.6678157523866,2829.181420316891,2890.138427734375,3402251,0.0,0.0
2022-07-21 00:00:00+05:30,2892.147322609628,2907.6719530120167,2871.1891161569097,2901.553466796875,2420640,0.0,0.0
2022-07-22 00:00:00+05:30,2908.585528443191,2919.5440924436048,2870.687161275093,2895.800537109375,2075886,0.0,0.0
2022-07-25 00:00:00+05:30,2890.321065641159,2909.9094529173185,2875.8010584734566,2891.919189453125,1797504,0.0,0.0
2022-07-26 00:00:00+05:30,2890.04729413634,2893.882747009301,2827.766165629506,2845.482421875,2639367,0.0,0.0
2022-07-27 00:00:00+05:30,2844.660403873053,2916.895689826577,2840.0943358090512,2912.101318359375,1389808,0.0,0.0
2022-07-28 00:00:00+05:30,2936.895194372029,2980.729451004447,2923.790488885272,2977.533203125,2106333,0.0,0.0
2022-07-29 00:00:00+05:30,3004.4726912816973,3029.4034667147544,2990.774487522054,3015.33984375,2430257,0.0,0.0
2022-08-01 00:00:00+05:30,3038.261858060515,3038.261858060515,2987.1218929113147,3012.50927734375,1306913,0.0,0.0
2022-08-02 00:00:00+05:30,3004.4728700792607,3025.3853732158145,2987.7153106350333,3006.11669921875,1269114,0.0,0.0
2022-08-03 00:00:00+05:30,2995.3407894613715,3058.352531678699,2992.6468537686774,3049.677001953125,2895824,0.0,0.0
2022-08-04 00:00:00+05:30,3059.265769773048,3093.876478405279,3020.317296243377,3063.7861328125,2150567,0.0,0.0
2022-08-05 00:00:00+05:30,3069.4938037449124,3083.922624606905,3063.831923469401,3073.009765625,1106933,0.0,0.0
2022-08-08 00:00:00+05:30,3072.9636821597155,3085.6572616806397,3046.4804884650252,3081.593505859375,1068836,0.0,0.0
2022-08-10 00:00:00+05:30,3091.2280468138606,3091.2280468138606,3045.5673666541284,3063.146728515625,1878359,0.0,0.0
2022-08-11 00:00:00+05:30,3104.926326241782,3131.1355126992553,3082.141690879429,3125.4736328125,1449248,0.0,0.0
2022-08-12 00:00:00+05:30,3122.2773297645713,3122.2773297645713,3087.8035160182676,3106.341796875,1472354,0.0,0.0
2022-08-16 00:00:00+05:30,3114.971373797098,3118.4873350945304,3093.510855683867,3098.259521484375,839942,0.0,0.0
2022-08-17 00:00:00+05:30,3091.319490395841,3121.3184238098956,3078.5344998144674,3105.930908203125,1622326,0.0,0.0
2022-08-18 00:00:00+05:30,3095.7945752945934,3097.6210027726434,3070.2245906018948,3087.803955078125,1430659,0.0,0.0
2022-08-19 00:00:00+05:30,3093.0541145275697,3124.5599801759904,3078.671001948943,3091.91259765625,1398410,0.0,0.0
2022-08-22 00:00:00+05:30,3072.9634467003734,3090.4059138403627,3056.8907998189434,3063.42041015625,1536532,0.0,0.0
2022-08-23 00:00:00+05:30,3031.82371792294,3051.868713645436,2986.208739113236,2999.541748046875,1849256,0.0,0.0
2022-08-24 00:00:00+05:30,3006.2995153561064,3020.910934628797,2968.127137915689,2972.830322265625,1691923,0.0,0.0
2022-08-25 00:00:00+05:30,2991.6880935432914,2993.6514138253665,2935.753754187514,2938.904296875,1946930,0.0,0.0
2022-08-26 00:00:00+05:30,2953.6071038173077,2974.337010141815,2937.625864125112,2942.55712890625,1457962,0.0,0.0
2022-08-29 00:00:00+05:30,2853.792692264977,2869.956529483455,2813.611291157886,2860.6875,2539173,0.0,0.0
2022-08-30 00:00:00+05:30,2881.189204713496,2946.483983837748,2869.4088372413344,2932.466064453125,3431525,0.0,0.0
2022-09-01 00:00:00+05:30,2913.151533006227,2913.151533006227,2850.1397913832084,2859.9111328125,3546935,0.0,0.0
2022-09-02 00:00:00+05:30,2888.494237301513,2888.494237301513,2849.5000662951848,2858.723388671875,2052900,0.0,0.0
2022-09-05 00:00:00+05:30,2852.559789768576,2874.750926529617,2842.1492431165107,2861.463623046875,2147912,0.0,0.0
2022-09-06 00:00:00+05:30,2863.3811608900005,2868.2669426912535,2836.7610743925115,2855.66455078125,1936453,0.0,0.0
2022-09-07 00:00:00+05:30,2832.788272506694,2887.4896718889217,2832.788272506694,2876.25732421875,1291534,0.0,0.0
2022-09-08 00:00:00+05:30,2894.8870967518315,2907.2154802868945,2885.846371340467,2894.5673828125,1346113,0.0,0.0
2022-09-09 00:00:00+05:30,2917.717412747409,2952.8761358744123,2893.517252672978,2938.401611328125,1561185,0.0,0.0
2022-09-12 00:00:00+05:30,2958.721001258323,2986.026224879591,2945.114206199852,2961.50634765625,1785928,0.0,0.0
2022-09-13 00:00:00+05:30,2980.2268757426973,2980.2268757426973,2945.1138574436827,2949.08642578125,1972678,0.0,0.0
2022-09-14 00:00:00+05:30,2862.9243148390783,2868.768792042433,2843.564233281387,2849.59130859375,5090269,0.0,0.0
2022-09-15 00:00:00+05:30,2858.35890098147,2865.436307205945,2830.9624897899544,2834.93505859375,2138023,0.0,0.0
2022-09-16 00:00:00+05:30,2809.044513570874,2825.8020692096193,2739.6402928194484,2747.585205078125,5322221,0.0,0.0
2022-09-19 00:00:00+05:30,2772.5164996032154,2777.9957812229845,2728.4996485149104,2765.94140625,2072220,0.0,0.0
2022-09-20 00:00:00+05:30,2785.3017316454284,2812.652436845992,2767.037457995294,2776.443603515625,1544295,0.0,0.0
2022-09-21 00:00:00+05:30,2765.210987304476,2777.4479612773107,2737.951470127734,2740.73681640625,2253818,0.0,0.0
2022-09-22 00:00:00+05:30,2730.5086103532058,2766.991448365913,2720.737269615693,2746.3984375,2017983,0.0,0.0
2022-09-23 00:00:00+05:30,2743.2937741010114,2760.1882264381848,2720.463433104831,2723.248779296875,2652374,0.0,0.0
2022-09-26 00:00:00+05:30,2702.975261002402,2763.247356324872,2672.1543031670485,2734.526611328125,2925489,0.0,0.0
2022-09-27 00:00:00+05:30,2748.2254887015215,2762.471712997518,2717.724237315905,2755.576904296875,2227447,0.0,0.0
2022-09-28 00:00:00+05:30,2721.3767693188897,2785.2560217128935,2721.3767693188897,2772.197021484375,2739767,0.0,0.0
2022-09-29 00:00:00+05:30,2788.9544618647265,2790.6439962829595,2730.50878879356,2737.17529296875,2493902,0.0,0.0
2022-09-30 00:00:00+05:30,2731.2849170182203,2757.63099495344,2694.071463740936,2743.7958984375,2817353,0.0,0.0
2022-10-03 00:00:00+05:30,2735.075304127845,2758.5448539667386,2715.897814516264,2725.8974609375,1763331,0.0,0.0
2022-10-04 00:00:00+05:30,2766.9917386000643,2829.1359739680206,2760.644948129544,2822.88037109375,2145875,0.0,0.0
2022-10-06 00:00:00+05:30,2841.008282261969,2852.880062290707,2824.068120784287,2832.74365234375,1790816,0.0,0.0
2022-10-07 00:00:00+05:30,2828.587644379183,2835.52815674579,2792.6985291630745,2798.908203125,1939879,0.0,0.0
2022-10-10 00:00:00+05:30,2748.7734332291,2855.61944375661,2744.207364403138,2847.90283203125,3064063,0.0,0.0
2022-10-11 00:00:00+05:30,2830.962833725328,2872.0574555052117,2788.3614983278853,2803.155517578125,4730645,0.0,0.0
2022-10-12 00:00:00+05:30,2817.1726913065004,2840.0030324884474,2796.305893237731,2831.647216796875,1665247,0.0,0.0
2022-10-13 00:00:00+05:30,2831.6470907906837,2840.094316652109,2787.4476414102974,2833.975830078125,2054781,0.0,0.0
2022-10-14 00:00:00+05:30,2872.0572185479923,2876.6232872579253,2804.4794016409805,2830.186279296875,2245977,0.0,0.0
2022-10-17 00:00:00+05:30,2813.2479641359955,2864.291388862304,2812.1493162917473,2849.047119140625,1517005,8.0,0.0
2022-10-18 00:00:00+05:30,2884.0676909336617,2888.966117534846,2864.428608029881,2879.215087890625,1793722,0.0,0.0
2022-10-19 00:00:00+05:30,2892.3085272358126,2892.3085272358126,2849.276396567853,2858.294921875,1194289,0.0,0.0
2022-10-20 00:00:00+05:30,2842.8667404199764,2893.223478172987,2842.8667404199764,2890.75146484375,1587601,0.0,0.0
2022-10-21 00:00:00+05:30,2891.2091553053356,2893.589521437009,2863.009338414214,2872.53125,1021913,0.0,0.0
2022-10-24 00:00:00+05:30,2902.47125572946,2909.7042259100413,2888.645951147319,2894.7802734375,260949,0.0,0.0
2022-10-25 00:00:00+05:30,2911.9932594382226,2915.4266739085556,2885.120979438583,2895.146728515625,2069643,0.0,0.0
2022-10-27 00:00:00+05:30,2893.8644666841983,2906.041686699849,2869.7391444552,2890.843017578125,2438421,0.0,0.0
2022-10-28 00:00:00+05:30,2884.0680654723683,2910.162014636166,2879.490179654158,2896.199462890625,1355739,0.0,0.0
2022-10-31 00:00:00+05:30,2928.9311666621556,2928.9311666621556,2909.5209766905955,2923.574951171875,1919414,0.0,0.0
2022-11-01 00:00:00+05:30,2943.1223113317665,2987.161655114422,2933.0051406217462,2984.50634765625,2991060,0.0,0.0
2022-11-02 00:00:00+05:30,2993.9365061146623,2993.9365061146623,2950.0346378333497,2968.025634765625,1405955,0.0,0.0
2022-11-03 00:00:00+05:30,2955.528692338531,2955.528692338531,2925.268824580231,2936.02685546875,1422652,0.0,0.0
2022-11-04 00:00:00+05:30,2945.4114464729214,2948.2040012539787,2898.854262857446,2945.777587890625,1464013,0.0,0.0
2022-11-07 00:00:00+05:30,2956.398248653195,2969.0332564533796,2925.360276550817,2960.701416015625,1474498,0.0,0.0
2022-11-09 00:00:00+05:30,2975.4424748663455,2975.4424748663455,2931.3573038194963,2944.541748046875,1162267,0.0,0.0
2022-11-10 00:00:00+05:30,2902.379298269611,2952.7360368831214,2902.379298269611,2935.01953125,1573092,0.0,0.0
2022-11-11 00:00:00+05:30,2993.5711891457404,3059.4927450488603,2980.249496684402,3036.008056640625,3265394,0.0,0.0
2022-11-14 00:00:00+05:30,3043.378333868142,3066.2677617702793,3029.6446771268597,3053.907470703125,1342074,0.0,0.0
2022-11-15 00:00:00+05:30,3040.631657256638,3057.981799212877,3014.0799204121804,3051.25244140625,1400708,0.0,0.0
2022-11-16 00:00:00+05:30,3057.0208505093447,3083.572591279573,3041.0440718897325,3072.082275390625,1748235,0.0,0.0
2022-11-17 00:00:00+05:30,3058.0273845737534,3076.338925798746,3037.655794960949,3066.267578125,1417986,0.0,0.0
2022-11-18 00:00:00+05:30,3067.183354142979,3078.856962431135,3040.631617644428,3061.186279296875,1164540,0.0,0.0
2022-11-21 00:00:00+05:30,3042.0043755710367,3052.2587925675834,2996.6833171539515,3006.296875,1304194,0.0,0.0
2022-11-22 00:00:00+05:30,3003.0933931161617,3038.755082453495,2980.4328560796903,3035.0927734375,1149739,0.0,0.0
2022-11-23 00:00:00+05:30,3048.8716398009656,3048.8716398009656,3013.164134109603,3029.003662109375,1150011,0.0,0.0
2022-11-24 00:00:00+05:30,3036.2823150568715,3106.507028304935,3029.0035223998857,3094.78759765625,1296591,0.0,0.0
2022-11-25 00:00:00+05:30,3097.397585178226,3116.029670114262,3065.352384030949,3103.486083984375,1588981,0.0,0.0
2022-11-28 00:00:00+05:30,3081.832649933731,3128.5270840236362,3081.420684927088,3108.61328125,2195437,0.0,0.0
2022-11-29 00:00:00+05:30,3097.3975112438993,3139.5140603178634,3097.3975112438993,3110.5361328125,1576028,0.0,0.0
2022-11-30 00:00:00+05:30,3097.3967852466144,3126.6036001946522,3090.072169733173,3104.538330078125,3410702,0.0,0.0
2022-12-01 00:00:00+05:30,3135.851933955697,3186.2086803403868,3131.274047920725,3182.225830078125,2180856,0.0,0.0
2022-12-02 00:00:00+05:30,3166.1574950689755,3176.0455496628215,3124.8648753673483,3148.80712890625,2411749,0.0,0.0
2022-12-05 00:00:00+05:30,3143.1767133065373,3148.8074240073774,3119.3717047000796,3136.676025390625,1475065,0.0,0.0
2022-12-06 00:00:00+05:30,3113.0077659346593,3120.240735153655,3083.6634770366395,3099.548828125,1166999,0.0,0.0
2022-12-07 00:00:00+05:30,3083.93855168847,3107.1941218311194,3070.8457537688114,3095.2001953125,1167505,0.0,0.0
2022-12-08 00:00:00+05:30,3076.3391709310786,3095.2001493075454,3057.5240161172374,3067.68701171875,1285619,0.0,0.0
2022-12-09 00:00:00+05:30,3089.248640494397,3089.248640494397,2999.7509830840295,3014.766357421875,1797896,0.0,0.0
2022-12-12 00:00:00+05:30,2980.6609828665123,3017.7418521050604,2962.8988781245566,3008.998046875,1527610,0.0,0.0
2022-12-13 00:00:00+05:30,3000.528878392252,3054.776815257126,2991.922544065168,3050.794189453125,1378016,0.0,0.0
2022-12-14 00:00:00+05:30,3066.084459852981,3091.903687873763,3058.851267063588,3081.2373046875,1213311,0.0,0.0
2022-12-15 00:00:00+05:30,3075.240420368231,3080.688059428898,3020.443041304329,3026.073974609375,1415694,0.0,0.0
2022-12-16 00:00:00+05:30,2998.5147882801048,3014.0795978681235,2952.9190072516453,2966.698486328125,2703680,0.0,0.0
2022-12-19 00:00:00+05:30,2954.567482288454,2971.5056596737454,2924.811224719698,2931.723876953125,2120965,0.0,0.0
2022-12-20 00:00:00+05:30,2928.839630818565,2974.710135055349,2896.5655365554994,2970.08642578125,1529971,0.0,0.0
2022-12-21 00:00:00+05:30,2974.7100418651626,3005.885487286838,2966.469847843375,2992.609619140625,1432566,0.0,0.0
2022-12-22 00:00:00+05:30,3015.9106839405317,3015.9106839405317,2971.1390573703543,2984.50634765625,1384101,0.0,0.0
2022-12-23 00:00:00+05:30,2945.4113338539287,2991.052938650461,2945.4113338539287,2955.80322265625,1360281,0.0,0.0
2022-12-26 00:00:00+05:30,2955.80327966544,2995.7681287685164,2952.7818306731797,2978.280517578125,870157,0.0,0.0
2022-12-27 00:00:00+05:30,2993.204294413397,2997.4160380402964,2958.6870860956915,2984.3232421875,835883,0.0,0.0
2022-12-28 00:00:00+05:30,2975.4424632593705,2990.366414489506,2953.6516838739167,2982.126220703125,910795,0.0,0.0
2022-12-29 00:00:00+05:30,2958.3208526392878,2995.3100730087835,2955.4824746056406,2992.792236328125,1037927,0.0,0.0
2022-12-30 00:00:00+05:30,3008.632288079945,3020.4889672679737,2972.1464498516166,2981.760009765625,1163131,0.0,0.0
2023-01-02 00:00:00+05:30,2985.696921729852,2991.0531371742204,2962.0749878547795,2986.10888671875,709547,0.0,0.0
2023-01-03 00:00:00+05:30,2977.4565554522537,3039.715794619152,2971.3222339461317,3031.796142578125,1245178,0.0,0.0
2023-01-04 00:00:00+05:30,3027.538346407585,3046.445145108272,3008.769018371226,3034.817138671875,1231668,0.0,0.0
2023-01-05 00:00:00+05:30,3049.055016609059,3055.555703863464,3004.878418594391,3031.567626953125,1826057,0.0,0.0
2023-01-06 00:00:00+05:30,3021.404379289261,3022.823568476355,2929.8466708259502,2940.421630859375,2488376,0.0,0.0
2023-01-09 00:00:00+05:30,2956.3987104474277,3046.1252739729302,2949.211340181765,3039.67041015625,2885060,0.0,0.0
2023-01-10 00:00:00+05:30,3007.6709181289425,3019.5734210012947,2957.4058223336865,3008.95263671875,3864655,0.0,0.0
2023-01-11 00:00:00+05:30,3012.3404964497886,3066.7256902141685,2994.9901304848922,3047.681640625,2720512,0.0,0.0
2023-01-12 00:00:00+05:30,3047.956309200997,3067.1834292049684,3035.64184133294,3052.854736328125,2250391,0.0,0.0
2023-01-13 00:00:00+05:30,3060.6822543135518,3093.7346733219715,3025.98197553392,3089.660400390625,1742837,0.0,0.0
2023-01-16 00:00:00+05:30,3106.001080895521,3139.711071523269,3088.2565621066274,3121.966552734375,1843607,75.0,0.0
2023-01-17 00:00:00+05:30,3118.17351964449,3166.6784867832744,3109.7460236454513,3163.49462890625,1688475,0.0,0.0
2023-01-18 00:00:00+05:30,3164.9930488338864,3192.1014494915976,3157.736038144992,3174.35693359375,2421189,0.0,0.0
2023-01-19 00:00:00+05:30,3164.993460583786,3171.5481807684273,3147.202077225475,3158.532470703125,1585044,0.0,0.0
2023-01-20 00:00:00+05:30,3150.947503850745,3178.7113332057097,3142.1455428324743,3149.16845703125,1529349,0.0,0.0
2023-01-23 00:00:00+05:30,3172.4845779389066,3201.5126245493275,3142.1456787322145,3197.67333984375,1067916,0.0,0.0
2023-01-24 00:00:00+05:30,3207.1309214118423,3232.366548195451,3199.9207749894535,3217.712158203125,1387863,0.0,0.0
2023-01-25 00:00:00+05:30,3207.411973800575,3216.494897658471,3188.403239163637,3211.578857421875,874110,0.0,0.0
2023-01-27 00:00:00+05:30,3208.066832712302,3226.7946017298873,3167.1467031309717,3194.06787109375,1785879,0.0,0.0
2023-01-30 00:00:00+05:30,3202.4488564251296,3238.4529506239523,3170.190316444348,3215.23046875,1953798,0.0,0.0
2023-01-31 00:00:00+05:30,3229.604025300142,3229.604025300142,3137.837949776972,3145.048095703125,2820375,0.0,0.0
2023-02-01 00:00:00+05:30,3149.074485541526,3201.5122408761454,3141.5833776365803,3191.539794921875,2205161,0.0,0.0
2023-02-02 00:00:00+05:30,3209.003522838409,3248.3318414725536,3202.542533364136,3240.27880859375,1813847,0.0,0.0
2023-02-03 00:00:00+05:30,3281.105474455395,3281.105474455395,3233.255928175393,3260.785888671875,1804469,0.0,0.0
2023-02-06 00:00:00+05:30,3252.21770464675,3252.21770464675,3218.2269841770576,3239.857421875,1138714,0.0,0.0
2023-02-07 00:00:00+05:30,3248.2378067058216,3270.804859822414,3241.2148933222925,3251.65576171875,1455647,0.0,0.0
2023-02-08 00:00:00+05:30,3256.8059713667417,3314.7214612044213,3256.8059713667417,3296.18115234375,1986946,0.0,0.0
2023-02-09 00:00:00+05:30,3291.4058361939424,3321.932195137406,3282.3229127521486,3315.611572265625,1655427,0.0,0.0
2023-02-10 00:00:00+05:30,3296.0878189872124,3317.0161953048087,3284.9915228114805,3312.521484375,1187821,0.0,0.0
2023-02-13 00:00:00+05:30,3323.2429633950296,3323.2429633950296,3252.4518975826572,3260.87939453125,1087939,0.0,0.0
2023-02-14 00:00:00+05:30,3282.0418256732332,3300.6292295966314,3272.677940293281,3277.45361328125,1579818,0.0,0.0
2023-02-15 00:00:00+05:30,3265.1866636866666,3301.705814786116,3240.044541293242,3296.696044921875,1429449,0.0,0.0
2023-02-16 00:00:00+05:30,3302.8296072991216,3347.589025161844,3302.642375313517,3331.71728515625,1618931,0.0,0.0
2023-02-17 00:00:00+05:30,3301.846481950705,3313.7854362807207,3267.996126412151,3278.436767578125,1061369,0.0,0.0
2023-02-20 00:00:00+05:30,3279.2323939663597,3297.960163206602,3253.9967706372267,3265.467529296875,1296082,0.0,0.0
2023-02-21 00:00:00+05:30,3271.741513301172,3285.693610909123,3225.624378346941,3231.476806640625,1139541,0.0,0.0
2023-02-22 00:00:00+05:30,3197.720122900045,3227.7314224924316,3179.039216525038,3185.172607421875,1218430,0.0,0.0
2023-02-23 00:00:00+05:30,3203.3847731429582,3232.787277979598,3191.211723727332,3196.642822265625,1441570,0.0,0.0
2023-02-24 00:00:00+05:30,3204.7897468115684,3215.5113497676293,3167.14697359376,3184.142333984375,977592,0.0,0.0
2023-02-27 00:00:00+05:30,3174.357400585524,3174.357400585524,3105.064643168613,3119.906494140625,1128022,0.0,0.0
2023-02-28 00:00:00+05:30,3116.769380027199,3176.2300546949855,3089.988575268062,3102.114990234375,4116217,0.0,0.0
2023-03-01 00:00:00+05:30,3111.619051925006,3173.420694244311,3104.12794376509,3170.33056640625,1669307,0.0,0.0
2023-03-02 00:00:00+05:30,3147.2019377332426,3155.535704440141,3106.9372298122285,3110.167724609375,1556538,0.0,0.0
2023-03-03 00:00:00+05:30,3140.647321593584,3144.392875942533,3119.20411439005,3129.551025390625,1043190,0.0,0.0
2023-03-06 00:00:00+05:30,3148.0443240468912,3188.355893635516,3145.3288889123805,3157.361572265625,1334132,0.0,0.0
2023-03-08 00:00:00+05:30,3150.0111228582427,3179.9755568450037,3118.969933469278,3174.731689453125,1844590,0.0,0.0
2023-03-09 00:00:00+05:30,3169.6751507089175,3169.6751507089175,3118.9698036269974,3124.588134765625,1648500,0.0,0.0
2023-03-10 00:00:00+05:30,3102.1613840520363,3124.962535572997,3080.718178750516,3119.110107421875,1024404,0.0,0.0
2023-03-13 00:00:00+05:30,3120.9828541783536,3155.441996520239,3063.8631559770697,3073.18017578125,1901233,0.0,0.0
2023-03-14 00:00:00+05:30,3071.3542558398167,3094.2020436159,3005.245136815661,3010.442138671875,2670334,0.0,0.0
2023-03-15 00:00:00+05:30,3043.2626298072746,3052.9543422417737,2988.952096721483,2995.4130859375,1780522,0.0,0.0
2023-03-16 00:00:00+05:30,3003.9343970761383,3014.983827425883,2970.2244100765306,2982.3974609375,1901060,0.0,0.0
2023-03-17 00:00:00+05:30,2950.092023575047,3016.4818780034066,2944.0054982129654,2977.06005859375,6739966,0.0,0.0
2023-03-20 00:00:00+05:30,2968.023798134624,2968.023798134624,2898.1693513050195,2943.35009765625,2289468,0.0,0.0
2023-03-21 00:00:00+05:30,2943.349963254583,2955.944342624212,2900.416459880619,2908.516357421875,1815297,0.0,0.0
2023-03-22 00:00:00+05:30,2930.9429722724044,2943.537352314146,2908.5165126380753,2931.645263671875,1123939,0.0,0.0
2023-03-23 00:00:00+05:30,2916.756685986962,2946.2062896112416,2903.7409762156167,2925.886474609375,1372218,0.0,0.0
2023-03-24 00:00:00+05:30,2948.593831820932,2968.35172179188,2908.4228542225806,2922.00048828125,1329577,0.0,0.0
2023-03-27 00:00:00+05:30,2935.5776338322307,2952.1985279312808,2908.4223702337827,2923.685546875,1524217,0.0,0.0
2023-03-28 00:00:00+05:30,2928.0868750140057,2949.202481667206,2912.3086371534464,2917.69287109375,1303530,0.0,0.0
2023-03-29 00:00:00+05:30,2929.9595817323166,2949.6237399989764,2906.6435998031798,2939.229736328125,1740616,0.0,0.0
2023-03-31 00:00:00+05:30,2987.0326656462394,3008.616467852621,2951.4967652261007,3001.968017578125,2382581,0.0,0.0
2023-04-03 00:00:00+05:30,3019.8059619263745,3019.8059619263745,2971.862917804718,2996.443115234375,1521830,0.0,0.0
2023-04-05 00:00:00+05:30,2982.86572593629,3056.7000545457886,2982.86572593629,3033.711669921875,2655065,0.0,0.0
2023-04-06 00:00:00+05:30,3019.852932314139,3050.145191932085,3010.4890472526995,3015.826416015625,1703464,0.0,0.0
2023-04-10 00:00:00+05:30,3015.171131107126,3063.8633357088556,3010.4891883569594,3055.810302734375,2203187,0.0,0.0
2023-04-11 00:00:00+05:30,3056.372136610268,3064.7527681622723,2989.0925298427164,3009.365478515625,2348779,0.0,0.0
2023-04-12 00:00:00+05:30,3022.615370260282,3053.51619236949,2995.5069674956644,3035.44384765625,2417727,0.0,0.0
2023-04-13 00:00:00+05:30,3005.806965952687,3024.5347352109593,2977.715312065279,2986.00244140625,4174070,0.0,0.0
2023-04-17 00:00:00+05:30,2934.735097780408,2962.171096151622,2874.9466045128725,2939.79150390625,5505048,0.0,0.0
2023-04-18 00:00:00+05:30,2954.258945363213,2956.038220735515,2912.73025124703,2931.598388671875,2617302,0.0,0.0
2023-04-19 00:00:00+05:30,2931.5982121930915,2940.2598055693707,2876.117195161249,2893.06591796875,3298034,0.0,0.0
2023-04-20 00:00:00+05:30,2893.4407196643992,2914.9776570599597,2882.2040566754113,2907.29931640625,2419999,0.0,0.0
2023-04-21 00:00:00+05:30,2912.168004367397,2963.154308432381,2903.5532765717453,2959.783447265625,1929184,0.0,0.0
2023-04-24 00:00:00+05:30,2950.6543147931907,2978.605378339961,2927.2912354963705,2972.8466796875,1640676,0.0,0.0
2023-04-25 00:00:00+05:30,2980.524445733135,2988.2027853252152,2947.282655653485,2973.9697265625,2024090,0.0,0.0
2023-04-26 00:00:00+05:30,2978.6517225458874,3004.308675175186,2978.6517225458874,2994.710693359375,2000029,0.0,0.0
2023-04-27 00:00:00+05:30,2982.3971237056535,2995.693793574338,2968.959858407413,2985.159423828125,2434446,0.0,0.0
2023-04-28 00:00:00+05:30,2996.817734912879,3021.9598581773703,2992.9318139900597,3014.46875,2931312,0.0,0.0
2023-05-02 00:00:00+05:30,3029.216637993755,3029.216637993755,3005.806926726415,3014.60888671875,2321159,0.0,0.0
2023-05-03 00:00:00+05:30,3011.425543901782,3011.425543901782,2971.3012035284246,2977.621826171875,2468285,0.0,0.0
2023-05-04 00:00:00+05:30,2977.855816369394,3019.337872913665,2975.8426725253744,3015.826416015625,1953253,0.0,0.0
2023-05-05 00:00:00+05:30,3015.1711179679023,3037.6444430707684,3005.854097657769,3025.1904296875,1710027,0.0,0.0
2023-05-08 00:00:00+05:30,3038.580839715744,3047.8043583621566,3025.752362324095,3043.82470703125,928235,0.0,0.0
2023-05-09 00:00:00+05:30,3045.6977293422924,3088.2096814203724,3039.5174729807545,3074.39794921875,1107375,0.0,0.0
2023-05-10 00:00:00+05:30,3080.718077079892,3096.168486888955,3058.2916188670115,3077.7216796875,1559987,0.0,0.0
2023-05-11 00:00:00+05:30,3098.509554373704,3099.1649806032747,3063.863179785663,3073.367431640625,1719623,0.0,0.0
2023-05-12 00:00:00+05:30,3070.558437166964,3080.718344427889,3052.6266877917683,3066.01708984375,1027479,0.0,0.0
2023-05-15 00:00:00+05:30,3075.099856630529,3082.590964685658,3041.7176978040493,3047.991455078125,1150390,0.0,0.0
2023-05-16 00:00:00+05:30,3049.068375144386,3076.036411321909,3043.684140938876,3050.894287109375,986306,0.0,0.0
2023-05-17 00:00:00+05:30,3048.833954252038,3071.3541423901315,2994.8043859448894,3004.589599609375,1588815,0.0,0.0
2023-05-18 00:00:00+05:30,3020.7428285168508,3023.551994382012,2991.7616463967047,2996.30322265625,1369364,0.0,0.0
2023-05-19 00:00:00+05:30,3005.8066734470667,3028.748188555931,2999.298819985212,3017.83935546875,1152449,0.0,0.0
2023-05-22 00:00:00+05:30,3024.535139945861,3097.9947789695057,3012.4089534505297,3088.864990234375,1333243,0.0,0.0
2023-05-23 00:00:00+05:30,3095.7004557740825,3116.254138123445,3080.8119697086527,3087.31982421875,1687418,0.0,0.0
2023-05-24 00:00:00+05:30,3067.608677625298,3106.1878374948283,3067.608677625298,3093.218994140625,1016555,0.0,0.0
2023-05-25 00:00:00+05:30,3084.463799731004,3095.7004620251064,3059.2750398659177,3083.99560546875,1374917,0.0,0.0
2023-05-26 00:00:00+05:30,3083.995252022453,3126.2730976144985,3081.6542809794723,3117.143310546875,1791115,0.0,0.0
2023-05-29 00:00:00+05:30,3147.01431788401,3157.5018226999487,3101.3185162462128,3109.137451171875,1210372,0.0,0.0
2023-05-30 00:00:00+05:30,3104.127844377834,3115.31764111134,3091.346232933408,3105.25146484375,1344224,0.0,0.0
2023-05-31 00:00:00+05:30,3098.5095759233923,3116.0199953175766,3057.4488483642913,3080.25,5815424,0.0,0.0
2023-06-01 00:00:00+05:30,3103.1915347837225,3127.537636142919,3087.7411243057713,3112.555419921875,1177314,0.0,0.0
2023-06-02 00:00:00+05:30,3114.6625045477244,3123.698562872452,3087.6944678054156,3095.326171875,2030661,0.0,0.0
2023-06-05 00:00:00+05:30,3104.127819115761,3115.3644809044154,3076.0830297903385,3079.68798828125,1861468,0.0,0.0
2023-06-06 00:00:00+05:30,3071.354656040284,3079.6417867241057,3015.733263774487,3026.68896484375,2022849,0.0,0.0
2023-06-07 00:00:00+05:30,3046.071796534812,3070.2775307519573,3034.83513451255,3066.57861328125,1567196,0.0,0.0
2023-06-08 00:00:00+05:30,3053.563091884215,3061.9905889179336,3027.344212223755,3030.57470703125,1759366,0.0,0.0
2023-06-09 00:00:00+05:30,3038.580634528268,3043.2625769543515,3001.4529225336128,3005.151611328125,1775689,0.0,0.0
2023-06-12 00:00:00+05:30,3010.488918516175,3047.3825326363863,3006.7433646517693,3040.359619140625,2324605,0.0,0.0
2023-06-13 00:00:00+05:30,3052.626704635902,3057.3086474344236,3032.9625448821125,3037.363525390625,1371928,0.0,0.0
2023-06-14 00:00:00+05:30,3037.3630591671727,3048.7403155875077,3020.6486631083394,3044.24560546875,1658544,0.0,0.0
2023-06-15 00:00:00+05:30,3061.4619592295066,3063.490075009995,3028.161569428794,3034.104736328125,2273810,24.0,0.0
2023-06-16 00:00:00+05:30,3015.897987371957,3018.1619412813734,2977.2205342964953,2995.0498046875,4156189,0.0,0.0
2023-06-19 00:00:00+05:30,3009.2947617902573,3032.7841491545632,2995.1444729417135,3028.5390625,1468186,0.0,0.0
2023-06-20 00:00:00+05:30,3031.9352463443765,3049.3872693864955,3019.7188762770315,3044.859130859375,1528452,0.0,0.0
2023-06-21 00:00:00+05:30,3065.895658991995,3076.6497854869594,3041.321280032402,3073.631103515625,1645987,0.0,0.0
2023-06-22 00:00:00+05:30,3075.3291982085652,3082.5457528224233,3047.123050140676,3055.047119140625,1529603,0.0,0.0
2023-06-23 00:00:00+05:30,3053.9155354174472,3065.3299641297376,3027.3600205203866,3034.15234375,1119505,0.0,0.0
2023-06-26 00:00:00+05:30,3023.444909170484,3031.8406547035033,2993.2576277060675,3008.96435546875,1978803,0.0,0.0
2023-06-27 00:00:00+05:30,3020.615013073112,3027.8315683098626,3002.0310129898603,3016.228515625,863542,0.0,0.0
2023-06-28 00:00:00+05:30,3026.275291498421,3047.9251886843754,3012.5022507282924,3033.30322265625,1575872,0.0,0.0
2023-06-30 00:00:00+05:30,3037.5952860029147,3122.4970175992694,3032.0295979447615,3115.18603515625,2672406,0.0,0.0
2023-07-03 00:00:00+05:30,3126.5534245667945,3130.798511071719,3083.5836695492567,3086.9326171875,1687264,0.0,0.0
2023-07-04 00:00:00+05:30,3103.629579319784,3127.213390712792,3091.649049194268,3121.411865234375,1656681,0.0,0.0
2023-07-05 00:00:00+05:30,3131.930514471617,3140.420687553016,3117.7802260026187,3131.88330078125,1453008,0.0,0.0
2023-07-06 00:00:00+05:30,3119.2425829550803,3139.9019127533375,3114.9502825665704,3134.666259765625,1848238,0.0,0.0
2023-07-07 00:00:00+05:30,3114.9503791558723,3166.740346333729,3114.9503791558723,3140.65673828125,1789326,0.0,0.0
2023-07-10 00:00:00+05:30,3136.4113550593956,3136.4113550593956,3080.234665281556,3086.602294921875,1407431,0.0,0.0
2023-07-11 00:00:00+05:30,3108.346715657932,3108.346715657932,3076.0841038519347,3087.02685546875,1110172,0.0,0.0
2023-07-12 00:00:00+05:30,3095.0924803766343,3102.8279251683052,3065.990192606951,3075.23486328125,1515240,0.0,0.0
2023-07-13 00:00:00+05:30,3097.969533489738,3176.6922516083964,3087.3568181268392,3151.316162109375,4585146,0.0,0.0
2023-07-14 00:00:00+05:30,3174.3811040367723,3325.176090508818,3162.1175217626333,3315.5537109375,6306101,0.0,0.0
2023-07-17 00:00:00+05:30,3311.1672050411403,3348.8068768716157,3280.083786885009,3293.90380859375,2743228,0.0,0.0
2023-07-18 00:00:00+05:30,3279.093458412419,3324.374380738022,3268.7165803794683,3298.762451171875,2600090,0.0,0.0
2023-07-19 00:00:00+05:30,3301.7338307538876,3317.62941289193,3250.4625290006256,3273.48046875,2405370,0.0,0.0
2023-07-20 00:00:00+05:30,3265.961471457686,3290.3630716712737,3249.8354394909547,3275.608642578125,1715404,9.0,0.0
2023-07-21 00:00:00+05:30,3219.569630611566,3248.747595113561,3177.0083781918497,3185.757080078125,3770223,0.0,0.0
2023-07-24 00:00:00+05:30,3197.7688541503653,3228.460200845462,3189.351276356865,3210.773681640625,1680132,0.0,0.0
2023-07-25 00:00:00+05:30,3213.3743276732653,3222.170365392295,3197.0118456212294,3214.934814453125,1272980,0.0,0.0
2023-07-26 00:00:00+05:30,3216.0700991340213,3235.4591135410055,3201.551891104478,3204.673095703125,1066803,0.0,0.0
2023-07-27 00:00:00+05:30,3210.962610065145,3226.7575170811656,3201.5992271798964,3212.806884765625,1701769,0.0,0.0
2023-07-28 00:00:00+05:30,3201.552091653801,3209.7805545405377,3150.4785870897526,3173.55615234375,2599831,0.0,0.0
2023-07-31 00:00:00+05:30,3182.068354209049,3240.9447543990273,3178.758034519653,3236.026611328125,2743678,0.0,0.0
2023-08-01 00:00:00+05:30,3229.9258766003018,3272.4871253402766,3229.9258766003018,3264.968017578125,1956167,0.0,0.0
2023-08-02 00:00:00+05:30,3248.794989269264,3259.624417506457,3228.6021776972843,3254.18603515625,1914899,0.0,0.0
2023-08-03 00:00:00+05:30,3234.65509853912,3247.187022531998,3185.4732081519755,3215.691650390625,2026351,0.0,0.0
2023-08-04 00:00:00+05:30,3216.921331586077,3282.8912728953396,3216.921331586077,3256.928955078125,2248493,0.0,0.0
2023-08-07 00:00:00+05:30,3266.765531241256,3298.970261310104,3254.7538451070513,3295.234375,1853889,0.0,0.0
2023-08-08 00:00:00+05:30,3295.2344685001685,3300.814629890344,3269.272147640101,3282.513427734375,1634225,0.0,0.0
2023-08-09 00:00:00+05:30,3277.12164765902,3279.107931732288,3239.4314340041433,3274.851806640625,1794589,0.0,0.0
2023-08-10 00:00:00+05:30,3263.029144521231,3277.121554839543,3244.1603699978673,3255.557373046875,1096701,0.0,0.0
2023-08-11 00:00:00+05:30,3251.7744571030394,3278.7770233463493,3228.980448858281,3261.89453125,1679974,0.0,0.0
2023-08-14 00:00:00+05:30,3254.2331916257763,3267.7582575131705,3226.142812265535,3262.887451171875,1190425,0.0,0.0
2023-08-16 00:00:00+05:30,3263.0296896581763,3278.1625809725333,3249.031719010477,3270.974365234375,1328445,0.0,0.0
2023-08-17 00:00:00+05:30,3267.758762060117,3273.2444814171304,3228.224036788729,3249.552001953125,1843241,0.0,0.0
2023-08-18 00:00:00+05:30,3225.1972847033007,3225.1972847033007,3174.5966821427064,3184.622314453125,2526749,0.0,0.0
2023-08-21 00:00:00+05:30,3192.093933406913,3224.9606783508807,3189.256516577218,3217.299560546875,1375579,0.0,0.0
2023-08-22 00:00:00+05:30,3215.739168309959,3226.1430303250795,3182.683307452924,3198.8564453125,1222012,0.0,0.0
2023-08-23 00:00:00+05:30,3204.3892332565474,3217.6305110799217,3193.039566550798,3214.083740234375,1330046,0.0,0.0
2023-08-24 00:00:00+05:30,3223.305640497011,3228.0820051896408,3195.02614405484,3204.153076171875,1152881,0.0,0.0
2023-08-25 00:00:00+05:30,3192.093868830644,3202.3086153928157,3168.6851804592197,3198.052490234375,1158046,0.0,0.0
2023-08-28 00:00:00+05:30,3210.064080123516,3210.064080123516,3178.001363908617,3192.614013671875,1037485,0.0,0.0
2023-08-29 00:00:00+05:30,3197.8159823429864,3205.85532972246,3182.6357566974793,3193.181396484375,944517,0.0,0.0
2023-08-30 00:00:00+05:30,3213.847908297383,3223.4006386464525,3199.7081586496847,3207.179931640625,1188200,0.0,0.0
2023-08-31 00:00:00+05:30,3216.6851809304703,3232.1963020236335,3162.44313175206,3174.880615234375,3417652,0.0,0.0
2023-09-01 00:00:00+05:30,3183.5818178521045,3205.335347801777,3174.8804520541516,3196.06640625,1277950,0.0,0.0
2023-09-04 00:00:00+05:30,3194.9314439412847,3246.8089755295628,3187.412335303978,3233.236572265625,1828332,0.0,0.0
2023-09-05 00:00:00+05:30,3234.6554038844083,3260.1921570729696,3220.6100972668646,3243.498779296875,1501842,0.0,0.0
2023-09-06 00:00:00+05:30,3247.896450034771,3257.2598331675485,3213.9421211533327,3244.0185546875,1314818,0.0,0.0
2023-09-07 00:00:00+05:30,3244.870214200694,3272.4876942243686,3236.830865818929,3267.9951171875,1885092,0.0,0.0
2023-09-08 00:00:00+05:30,3267.9947610381087,3277.2163655298596,3248.8895343242925,3255.3681640625,1518917,0.0,0.0
2023-09-11 00:00:00+05:30,3274.3788848812724,3296.794430718911,3258.3001901837038,3292.01806640625,1783604,0.0,0.0
2023-09-12 00:00:00+05:30,3302.7531395912592,3395.3474150298325,3294.240889231488,3386.74072265625,4476016,0.0,0.0
2023-09-13 00:00:00+05:30,3377.5667884111795,3394.3548393912247,3352.881167564008,3374.492919921875,1754929,0.0,0.0
2023-09-14 00:00:00+05:30,3376.573045441612,3402.7244757258027,3353.4481466418274,3367.114990234375,2604721,0.0,0.0
2023-09-15 00:00:00+05:30,3374.4925028390953,3411.8518229376905,3369.3850142039287,3403.292236328125,2952897,0.0,0.0
2023-09-18 00:00:00+05:30,3386.0309243339902,3423.1537890893624,3381.491011889005,3410.71630859375,1395753,0.0,0.0
2023-09-20 00:00:00+05:30,3385.9840325039686,3428.545284309186,3385.9840325039686,3410.622314453125,1649396,0.0,0.0
2023-09-21 00:00:00+05:30,3394.0704499757762,3409.628904620776,3336.8018794735367,3390.99658203125,2004073,0.0,0.0
2023-09-22 00:00:00+05:30,3389.767307044792,3436.821136153463,3371.844336912951,3408.352294921875,1989083,0.0,0.0
2023-09-25 00:00:00+05:30,3407.2645938378673,3423.816191448461,3365.7909268897833,3383.288330078125,1238778,0.0,0.0
2023-09-26 00:00:00+05:30,3374.256057658912,3400.1237015581846,3344.36850916118,3391.375,1726062,0.0,0.0
2023-09-27 00:00:00+05:30,3395.442535400322,3418.1418726843353,3363.0013530166666,3394.780517578125,1541134,0.0,0.0
2023-09-28 00:00:00+05:30,3404.9000837191634,3407.5483855217467,3336.187400782379,3345.077880859375,1755753,0.0,0.0
2023-09-29 00:00:00+05:30,3345.5036630036134,3375.0600892481143,3315.569006867015,3337.369873046875,2243791,0.0,0.0
2023-10-03 00:00:00+05:30,3342.6661953858766,3342.6661953858766,3291.49824959321,3323.419189453125,1948148,0.0,0.0
2023-10-04 00:00:00+05:30,3297.362271452547,3355.7184336575156,3288.8500206343624,3346.02392578125,1788138,0.0,0.0
2023-10-05 00:00:00+05:30,3361.3928308150103,3427.5992174658404,3358.7445291670665,3394.8271484375,2990768,0.0,0.0
2023-10-06 00:00:00+05:30,3396.3879823671864,3437.956093195864,3381.3024289058944,3425.140380859375,2075691,0.0,0.0
2023-10-09 00:00:00+05:30,3447.508726297345,3479.618780028991,3434.220111520866,3441.171875,4233074,0.0,0.0
2023-10-10 00:00:00+05:30,3442.780002709694,3450.2991116642156,3406.177369170832,3432.234130859375,1848148,0.0,0.0
2023-10-11 00:00:00+05:30,3452.190570229573,3452.190570229573,3409.629316624003,3414.263671875,2426417,0.0,0.0
2023-10-12 00:00:00+05:30,3381.2548202878165,3394.164973601456,3346.354688073004,3350.5634765625,4241281,0.0,0.0
2023-10-13 00:00:00+05:30,3338.6938263262055,3383.1466903027867,3333.964798243591,3377.330078125,2890357,0.0,0.0
2023-10-16 00:00:00+05:30,3372.7429065997326,3380.9240330082193,3328.384714521745,3333.06640625,1671104,0.0,0.0
2023-10-17 00:00:00+05:30,3338.694232467149,3342.619233889353,3313.48860208446,3316.988037109375,1672065,0.0,0.0
2023-10-18 00:00:00+05:30,3320.7236263016166,3331.7895061885492,3295.1868738350418,3298.2607421875,1408245,0.0,0.0
2023-10-19 00:00:00+05:30,3289.9634735404866,3296.933225036673,3273.2741297100188,3276.830078125,1514545,9.0,0.0
2023-10-20 00:00:00+05:30,3271.851538812367,3318.4108463185244,3265.830272123187,3313.717041015625,1481211,0.0,0.0
2023-10-23 00:00:00+05:30,3293.28235834345,3298.924416859817,3225.292670958359,3233.6845703125,1106272,0.0,0.0
2023-10-25 00:00:00+05:30,3215.0515718519214,3247.766298066017,3202.439761531741,3214.67236328125,1518537,0.0,0.0
2023-10-26 00:00:00+05:30,3193.7633712322263,3199.1209077577855,3157.6823004467296,3164.0830078125,1984471,0.0,0.0
2023-10-27 00:00:00+05:30,3176.6470576535294,3188.0260918899003,3164.319770564128,3177.5478515625,1108851,0.0,0.0
2023-10-30 00:00:00+05:30,3176.647061276185,3207.797260136592,3161.2379523968602,3203.7197265625,910972,0.0,0.0
2023-10-31 00:00:00+05:30,3223.1116525829084,3223.1116525829084,3176.694718774307,3194.427001953125,999811,0.0,0.0
2023-11-01 00:00:00+05:30,3181.3886358368673,3197.1297273532236,3139.6655061865476,3158.298583984375,1563475,0.0,0.0
2023-11-02 00:00:00+05:30,3170.199239637595,3201.254523980291,3170.199239637595,3186.224853515625,1245384,0.0,0.0
2023-11-03 00:00:00+05:30,3206.9912455011868,3212.585844899684,3171.2421581670574,3177.50048828125,1402598,0.0,0.0
2023-11-06 00:00:00+05:30,3200.3534595056994,3216.7582805773163,3185.18141347545,3205.331787109375,1099852,0.0,0.0
2023-11-07 00:00:00+05:30,3203.1984184696917,3227.995140148388,3191.8193832353413,3196.0390625,1191144,0.0,0.0
2023-11-08 00:00:00+05:30,3196.987006791226,3225.9087185530275,3195.185418989209,3206.564453125,992899,0.0,0.0
2023-11-09 00:00:00+05:30,3214.6726219703446,3216.0000835815804,3169.109018536068,3174.2294921875,2112352,0.0,0.0
2023-11-10 00:00:00+05:30,3165.268454792585,3174.229399173552,3150.4283882230056,3160.953857421875,1338557,0.0,0.0
2023-11-13 00:00:00+05:30,3182.3365915461563,3182.3365915461563,3154.837258663308,3159.15185546875,1030990,0.0,0.0
2023-11-15 00:00:00+05:30,3208.0345356358303,3236.387205247155,3182.384247933324,3228.137451171875,2059802,0.0,0.0
2023-11-16 00:00:00+05:30,3252.554843852836,3346.716401326636,3237.524943071945,3316.846435546875,3951984,0.0,0.0
2023-11-17 00:00:00+05:30,3316.846183791076,3342.1170285727035,3311.820397597078,3321.2080078125,2021292,0.0,0.0
2023-11-20 00:00:00+05:30,3310.587885368086,3351.0307783179896,3310.587885368086,3337.470947265625,1475621,0.0,0.0
2023-11-21 00:00:00+05:30,3337.4710894515033,3355.9145625524966,3319.8334924330106,3328.557373046875,1807236,0.0,0.0
2023-11-22 00:00:00+05:30,3318.885363485057,3349.8457300587393,3300.963475125066,3347.47509765625,1798051,0.0,0.0
2023-11-23 00:00:00+05:30,3347.3325069701773,3360.608046657878,3318.884921925105,3326.7080078125,2729804,0.0,0.0
2023-11-24 00:00:00+05:30,3313.4320859923555,3323.1991353661547,3274.3166610664957,3278.20458984375,1989733,0.0,0.0
2023-11-28 00:00:00+05:30,3278.2050751499805,3301.105289257559,3255.3520884800573,3290.57958984375,1689195,0.0,0.0
2023-11-29 00:00:00+05:30,3300.8680600486928,3335.953414320971,3295.9371916956175,3331.92333984375,1441634,0.0,0.0
2023-11-30 00:00:00+05:30,3318.3631213034114,3334.6730227031603,3300.867903937009,3307.12646484375,3266235,0.0,0.0
2023-12-01 00:00:00+05:30,3318.8848321414534,3334.957670955703,3309.4497629914863,3329.931884765625,1172141,0.0,0.0
2023-12-04 00:00:00+05:30,3361.224615649316,3364.2117512474415,3316.98870959502,3330.69091796875,1625213,0.0,0.0
2023-12-05 00:00:00+05:30,3354.9185791452924,3354.9185791452924,3321.5401251680364,3348.849853515625,1377656,0.0,0.0
2023-12-06 00:00:00+05:30,3349.798066644154,3425.8953568600905,3342.733397798537,3417.59814453125,1896572,0.0,0.0
2023-12-07 00:00:00+05:30,3418.4515007803934,3442.679407232964,3405.839691660572,3427.839111328125,1967653,0.0,0.0
2023-12-08 00:00:00+05:30,3445.002603708942,3456.3816379078157,3415.654224305756,3439.028564453125,1641155,0.0,0.0
2023-12-11 00:00:00+05:30,3435.4255657471917,3463.968072525497,3427.9344599451606,3454.390625,1102503,0.0,0.0
2023-12-12 00:00:00+05:30,3450.64486709552,3507.018456073914,3443.1063027918103,3482.07958984375,2236866,0.0,0.0
2023-12-13 00:00:00+05:30,3455.0066355097338,3461.122819944941,3378.6248239626916,3407.593994140625,3850968,0.0,0.0
2023-12-14 00:00:00+05:30,3442.157806348635,3487.673942630931,3439.8820921373363,3477.480224609375,3290396,0.0,0.0
2023-12-15 00:00:00+05:30,3476.9585341697716,3694.345490990078,3476.9585341697716,3661.2041015625,8531230,0.0,0.0
2023-12-18 00:00:00+05:30,3658.454375233171,3725.6854089978647,3631.9505231450003,3659.497314453125,2521612,0.0,0.0
2023-12-19 00:00:00+05:30,3646.032631945624,3655.6100794464105,3593.8787191349584,3618.722900390625,2004435,0.0,0.0
2023-12-20 00:00:00+05:30,3629.2008491847714,3697.0483893157384,3571.6419454448946,3584.443359375,2586083,0.0,0.0
2023-12-21 00:00:00+05:30,3561.875151882864,3609.7144670223797,3549.642781401688,3591.508056640625,1517562,0.0,0.0
2023-12-22 00:00:00+05:30,3603.361070704759,3646.933245771475,3567.3274599977117,3626.119140625,2413058,0.0,0.0
2023-12-26 00:00:00+05:30,3622.183949299086,3635.6016352928714,3594.0206528341296,3599.141357421875,1285231,0.0,0.0
2023-12-27 00:00:00+05:30,3602.4128061086403,3620.619215684377,3573.0169658903283,3613.9814453125,1293976,0.0,0.0
2023-12-28 00:00:00+05:30,3626.119100844942,3639.3946414861102,3595.8699258439583,3603.26611328125,1682889,0.0,0.0
2023-12-29 00:00:00+05:30,3595.775077575502,3624.791709570154,3570.5514572660563,3597.1025390625,1574996,0.0,0.0
2024-01-01 00:00:00+05:30,3593.8784899629513,3633.705111751459,3577.7581906676032,3613.88671875,825907,0.0,0.0
2024-01-02 00:00:00+05:30,3613.8865694951905,3613.8865694951905,3572.3055889566763,3587.43017578125,1344068,0.0,0.0
2024-01-03 00:00:00+05:30,3572.0686772686777,3576.667796440322,3496.255904152082,3500.712646484375,1803075,0.0,0.0
2024-01-04 00:00:00+05:30,3510.1953493002593,3526.552712648792,3462.0715122024035,3477.053955078125,3598144,0.0,0.0
2024-01-05 00:00:00+05:30,3484.829591419919,3553.814993535783,3484.687446080239,3544.474609375,1963127,0.0,0.0
2024-01-08 00:00:00+05:30,3544.4742269140233,3546.2285872851344,3482.363665387938,3487.95849609375,1067805,0.0,0.0
2024-01-09 00:00:00+05:30,3517.97101419748,3558.177078509114,3492.178580048869,3498.95849609375,1370944,0.0,0.0
2024-01-10 00:00:00+05:30,3499.053125217598,3536.2720507365116,3497.1566194586726,3520.910400390625,1292227,0.0,0.0
2024-01-11 00:00:00+05:30,3531.2939700655124,3577.75836440848,3515.17366998734,3542.246337890625,1777909,0.0,0.0
2024-01-12 00:00:00+05:30,3648.8772170987218,3703.1646964851307,3623.843432744319,3681.87646484375,6813450,0.0,0.0
2024-01-15 00:00:00+05:30,3755.0813150622907,3759.8225793489855,3683.9623507618685,3701.78955078125,2801505,0.0,0.0
2024-01-16 00:00:00+05:30,3697.2381021359224,3697.2381021359224,3656.036559430459,3661.489013671875,1432672,0.0,0.0
2024-01-17 00:00:00+05:30,3621.377770055813,3707.621323698518,3615.261585245189,3683.583251953125,3458696,0.0,0.0
2024-01-18 00:00:00+05:30,3696.289555678587,3706.530732611429,3662.152453573808,3700.651611328125,2239110,0.0,0.0
2024-01-19 00:00:00+05:30,3766.919057481787,3784.6317399780814,3738.3210747593575,3765.05712890625,2941975,27.0,0.0
2024-01-23 00:00:00+05:30,3723.9503266134257,3756.3199554352645,3669.2846455368567,3684.0849609375,2618854,0.0,0.0
2024-01-24 00:00:00+05:30,3704.8532560312447,3708.338398449399,3633.8118332357167,3668.377685546875,2657709,0.0,0.0
2024-01-25 00:00:00+05:30,3666.5632491430715,3686.7108687652694,3608.12592069105,3638.299560546875,2205154,0.0,0.0
2024-01-29 00:00:00+05:30,3629.228264270237,3647.561511105219,3610.1788731595148,3629.419189453125,1646747,0.0,0.0
2024-01-30 00:00:00+05:30,3635.5779359556427,3674.1065907335123,3616.051115583662,3628.989501953125,1411621,0.0,0.0
2024-01-31 00:00:00+05:30,3639.1585116248343,3660.929343074604,3625.0743416169184,3643.694091796875,2459358,0.0,0.0
2024-02-01 00:00:00+05:30,3647.56157849842,3728.6290187621194,3633.286482295551,3680.169921875,2363107,0.0,0.0
2024-02-02 00:00:00+05:30,3700.1266783968517,3804.540377619733,3697.2143116152224,3787.257568359375,2826510,0.0,0.0
2024-02-05 00:00:00+05:30,3803.2037368944084,3840.4432412225233,3783.247275258838,3793.941650390625,1691523,0.0,0.0
2024-02-06 00:00:00+05:30,3816.571944157436,3962.5698119456692,3809.8879302447262,3949.29736328125,4474396,0.0,0.0
2024-02-07 00:00:00+05:30,3965.5298194277684,3967.439537616754,3890.0481613841494,3899.071533203125,2124267,0.0,0.0
2024-02-08 00:00:00+05:30,3905.374015680606,3970.3044394131934,3901.602368573064,3947.4833984375,2345173,0.0,0.0
2024-02-09 00:00:00+05:30,3949.822293850928,3995.8466897853227,3914.9223796212013,3947.101318359375,2100596,0.0,0.0
2024-02-12 00:00:00+05:30,3943.568235900253,3971.8321596040623,3920.2217435041434,3934.688232421875,1013716,0.0,0.0
2024-02-13 00:00:00+05:30,3939.224055262011,3981.7628459330567,3897.257807116492,3962.188232421875,1257415,0.0,0.0
2024-02-14 00:00:00+05:30,3921.6060121436158,3929.1493051863713,3866.7016182555567,3915.017578125,1391283,0.0,0.0
2024-02-15 00:00:00+05:30,3941.6585920336097,3959.1323280750394,3898.689930056499,3917.978271484375,1091582,0.0,0.0
2024-02-16 00:00:00+05:30,3927.5741373230317,3960.707934118615,3915.0178335842274,3941.944580078125,1307556,0.0,0.0
2024-02-19 00:00:00+05:30,3936.931819831098,3941.9448303532154,3871.9538413689106,3918.55078125,772291,0.0,0.0
2024-02-20 00:00:00+05:30,3897.8300753576905,3913.0122404364697,3828.9846471816118,3848.702392578125,1193648,0.0,0.0
2024-02-21 00:00:00+05:30,3831.849293395927,3879.926538879734,3800.911954023389,3811.31982421875,1885939,0.0,0.0
2024-02-22 00:00:00+05:30,3791.7452639252624,3910.0999958113675,3791.7452639252624,3902.6044921875,2982052,0.0,0.0
2024-02-23 00:00:00+05:30,3943.567750543127,3943.567750543127,3863.7414432648116,3869.184326171875,2538072,0.0,0.0
2024-02-26 00:00:00+05:30,3853.811243032453,3867.179270139107,3802.964997073217,3820.43896484375,1379284,0.0,0.0
2024-02-27 00:00:00+05:30,3818.4817187181584,3937.8391117763654,3818.4817187181584,3919.123779296875,2960475,0.0,0.0
2024-02-28 00:00:00+05:30,3910.720793778206,3967.343748590396,3904.418630839975,3933.016845703125,1939225,0.0,0.0
2024-02-29 00:00:00+05:30,3913.9672652685513,3951.302347555784,3881.072417457666,3910.243408203125,3772719,0.0,0.0
2024-03-01 00:00:00+05:30,3921.7976210084466,3953.1168141025128,3902.318354806143,3909.527587890625,2043265,0.0,0.0
2024-03-04 00:00:00+05:30,3919.6965305132107,3932.014119419607,3891.9100379868287,3896.493408203125,1749271,0.0,0.0
2024-03-05 00:00:00+05:30,3878.637609545636,3880.547327718726,3800.3391644489493,3830.990234375,2070859,0.0,0.0
2024-03-06 00:00:00+05:30,3813.755130912655,3888.186353005967,3779.7620528496122,3880.833984375,1744204,0.0,0.0
2024-03-07 00:00:00+05:30,3881.5018433252562,3937.83852444609,3855.4341459453703,3923.1337890625,2688905,0.0,0.0
2024-03-11 00:00:00+05:30,3904.4187841194857,3965.5297653333882,3904.4187841194857,3936.263427734375,2304068,0.0,0.0
2024-03-12 00:00:00+05:30,3936.2632588176057,4039.0061848224314,3935.021662321107,4003.0078125,4039801,0.0,0.0
2024-03-13 00:00:00+05:30,4015.182559403433,4049.5574873793007,3945.382265182253,3961.71044921875,2837260,0.0,0.0
2024-03-14 00:00:00+05:30,3965.9590326651305,4034.279003013172,3901.5536109613777,4017.66455078125,2919608,0.0,0.0
2024-03-15 00:00:00+05:30,4003.341919367168,4047.6472835279706,3988.446025783518,4028.788818359375,3373143,0.0,0.0
2024-03-18 00:00:00+05:30,4024.969899930271,4062.686835117329,3931.9667150207774,3965.052490234375,1526904,0.0,0.0
2024-03-19 00:00:00+05:30,3868.3730158778876,3874.8183149478477,3787.544284492942,3797.76123046875,8931209,0.0,0.0
2024-03-20 00:00:00+05:30,3806.068122915207,3836.623612110713,3781.432713127354,3791.649658203125,1817913,0.0,0.0
2024-03-21 00:00:00+05:30,3809.9353605723127,3827.4568840908046,3769.7834913016204,3793.607177734375,3829582,0.0,0.0
2024-03-22 00:00:00+05:30,3721.086193335109,3760.2354193876463,3680.982108110558,3734.358642578125,5852485,0.0,0.0
2024-03-26 00:00:00+05:30,3700.079160748106,3768.5425143371926,3696.6893641833103,3702.46630859375,3440925,0.0,0.0
2024-03-27 00:00:00+05:30,3712.9696980281237,3719.176282324686,3656.5374306375725,3667.518310546875,1968575,0.0,0.0
2024-03-28 00:00:00+05:30,3676.3030511328657,3738.273312412513,3667.1363106820577,3701.3203125,4311783,0.0,0.0
2024-04-01 00:00:00+05:30,3721.7539807192757,3755.747055308382,3712.539684362111,3739.944091796875,1569676,0.0,0.0
2024-04-02 00:00:00+05:30,3714.4015245116543,3733.3555689836544,3698.168921448236,3708.4814453125,2142666,0.0,0.0
2024-04-03 00:00:00+05:30,3677.162259779897,3801.2939382455907,3677.162259779897,3769.115234375,3973090,0.0,0.0
2024-04-04 00:00:00+05:30,3796.424366144273,3846.793185841182,3757.609435303528,3822.587646484375,3394637,0.0,0.0
2024-04-05 00:00:00+05:30,3798.4294730084184,3821.34609124678,3781.71943887628,3799.623046875,1636819,0.0,0.0
2024-04-08 00:00:00+05:30,3803.2038169653624,3850.612478302472,3781.242057540255,3793.2255859375,2302538,0.0,0.0
2024-04-09 00:00:00+05:30,3804.158596044347,3834.5709511607815,3747.8696995867963,3768.399169921875,1876992,0.0,0.0
2024-04-10 00:00:00+05:30,3777.8042843421695,3810.0785671309804,3741.137789757888,3804.779052734375,2101965,0.0,0.0
2024-04-12 00:00:00+05:30,3791.745569330167,3832.183946350763,3767.3966617457004,3820.773193359375,4354821,0.0,0.0
2024-04-15 00:00:00+05:30,3820.773244714784,3880.7384449410197,3742.1407349188034,3763.290771484375,4200329,0.0,0.0
2024-04-16 00:00:00+05:30,3725.859863862983,3751.354552852832,3688.4772268007755,3697.97802734375,3051420,0.0,0.0
2024-04-18 00:00:00+05:30,3701.7974874334654,3758.3250946724493,3676.207219128285,3687.66552734375,3476284,0.0,0.0
2024-04-19 00:00:00+05:30,3664.749072987277,3678.6423189369357,3629.323708606485,3653.481689453125,2957749,0.0,0.0
2024-04-22 00:00:00+05:30,3663.7942340462387,3702.9434557287764,3639.9227574105453,3690.1484375,1728883,0.0,0.0
2024-04-23 00:00:00+05:30,3702.036492584922,3719.1761666777247,3686.3291071314047,3699.79248046875,1807586,0.0,0.0
2024-04-24 00:00:00+05:30,3714.40168707826,3722.040559442431,3651.810630020355,3658.11279296875,1317312,0.0,0.0
2024-04-25 00:00:00+05:30,3639.1588831449344,3698.789786133694,3638.967957952699,3678.30810546875,2856271,0.0,0.0
2024-04-26 00:00:00+05:30,3681.1251267108287,3701.7979669996466,3630.8996757316177,3648.85107421875,2039178,0.0,0.0
2024-04-29 00:00:00+05:30,3664.7491893782994,3702.7526278045857,3646.7977918527276,3695.49560546875,1110693,0.0,0.0
2024-04-30 00:00:00+05:30,3697.2139868526438,3706.52386194867,3638.0127298317593,3648.181884765625,2203078,0.0,0.0
2024-05-02 00:00:00+05:30,3607.5050103637227,3696.3546849375603,3607.5050103637227,3688.90673828125,2491044,0.0,0.0
2024-05-03 00:00:00+05:30,3714.545182277641,3717.8396327995197,3626.173155555594,3669.905517578125,2962234,0.0,0.0
2024-05-06 00:00:00+05:30,3679.072085070683,3762.0970365772246,3679.072085070683,3744.05029296875,2053831,0.0,0.0
2024-05-07 00:00:00+05:30,3753.3600551012064,3807.977946933751,3736.8409466713224,3799.33642578125,2062112,0.0,0.0
2024-05-08 00:00:00+05:30,3782.1970453271774,3804.4453098648482,3760.8082938855846,3797.427001953125,1247685,0.0,0.0
2024-05-09 00:00:00+05:30,3783.1516542867107,3791.74538595975,3733.5467719757585,3781.432861328125,1726486,0.0,0.0
2024-05-10 00:00:00+05:30,3783.724738667533,3794.2281887002428,3709.675369312951,3718.125732421875,1672489,0.0,0.0
2024-05-13 00:00:00+05:30,3709.1499060091382,3776.467467696265,3695.3044500593037,3769.592529296875,931326,0.0,0.0
2024-05-14 00:00:00+05:30,3758.3255802892677,3767.683246498319,3717.1710580498243,3725.096435546875,1058317,0.0,0.0
2024-05-15 00:00:00+05:30,3728.247304663272,3749.6838445394064,3700.5563911441955,3705.235107421875,1115021,0.0,0.0
2024-05-16 00:00:00+05:30,3742.4573260477205,3760.154339128008,3696.6755857369226,3751.930908203125,2599399,28.0,0.0
2024-05-17 00:00:00+05:30,3769.290932634866,3770.2527318011416,3683.6908068363196,3687.63427734375,2765804,0.0,0.0
2024-05-21 00:00:00+05:30,3684.26823376546,3697.8775989789833,3664.5032125756693,3674.265380859375,1908117,0.0,0.0
2024-05-22 00:00:00+05:30,3688.4998995277233,3694.511144474802,3671.7165505983294,3685.614501953125,1311168,0.0,0.0
2024-05-23 00:00:00+05:30,3694.2225831135406,3755.825868716935,3679.3628324652072,3744.717041015625,2095742,0.0,0.0
2024-05-24 00:00:00+05:30,3730.0977721050167,3735.435804663223,3697.4447360116023,3702.446044921875,1309452,0.0,0.0
2024-05-27 00:00:00+05:30,3707.7361008082685,3759.048184611569,3694.6076349995965,3700.08984375,1841538,0.0,0.0
2024-05-28 00:00:00+05:30,3710.6215511853525,3722.1631423243425,3683.691171861042,3693.212890625,1801993,0.0,0.0
2024-05-29 00:00:00+05:30,3701.8690727040507,3701.8690727040507,3654.8371828816253,3658.34765625,1568095,0.0,0.0
2024-05-30 00:00:00+05:30,3632.7154213410568,3649.450632771814,3573.51663617764,3593.3779296875,2919230,0.0,0.0
2024-05-31 00:00:00+05:30,3597.128582460036,3606.5542604678308,3514.1734112736244,3530.71630859375,10956800,0.0,0.0
2024-06-03 00:00:00+05:30,3590.2037857688797,3608.2375191868537,3554.809531351022,3561.39794921875,2156773,0.0,0.0
2024-06-04 00:00:00+05:30,3558.656996551144,3601.9379600227116,3454.3017846252524,3573.083984375,3395997,0.0,0.0
2024-06-05 00:00:00+05:30,3574.0455390744582,3639.255566540333,3558.6567531150417,3603.332275390625,2799670,0.0,0.0
2024-06-06 00:00:00+05:30,3636.5626544761217,3693.2125315497983,3598.5715873373206,3684.075439453125,4328036,0.0,0.0
2024-06-07 00:00:00+05:30,3690.7119259738774,3765.443672980527,3690.7119259738774,3745.19775390625,4552445,0.0,0.0
2024-06-10 00:00:00+05:30,3746.20779064658,3756.6913077396334,3695.1361604735534,3711.29443359375,1734661,0.0,0.0
2024-06-11 00:00:00+05:30,3698.117909125514,3731.7327440674576,3694.2707123409878,3704.94677734375,1419898,0.0,0.0
2024-06-12 00:00:00+05:30,3726.394254339599,3744.7647106573677,3681.2378345847446,3685.27734375,2177001,0.0,0.0
2024-06-13 00:00:00+05:30,3709.467192860258,3741.3988792628375,3704.8505097481875,3730.00146484375,1932323,0.0,0.0
2024-06-14 00:00:00+05:30,3740.437014038603,3740.437014038603,3681.7672640112555,3685.66259765625,1860730,0.0,0.0
2024-06-18 00:00:00+05:30,3679.8920062119564,3695.2326570314176,3650.076229957929,3669.3603515625,1774045,0.0,0.0
2024-06-19 00:00:00+05:30,3681.430319971562,3687.3936623867617,3648.055937359544,3656.4716796875,1509050,0.0,0.0
2024-06-20 00:00:00+05:30,3650.9897175040433,3664.4067692132635,3635.649067418899,3642.573974609375,2846526,0.0,0.0
2024-06-21 00:00:00+05:30,3680.805261213651,3729.6647038570986,3652.961223433323,3665.176025390625,4642195,0.0,0.0
2024-06-24 00:00:00+05:30,3663.2525869100127,3709.6593968393613,3646.4692383647352,3670.9951171875,1702154,0.0,0.0
2024-06-25 00:00:00+05:30,3671.1873264526143,3700.6663762407684,3648.0078731956337,3691.81787109375,1338808,0.0,0.0
2024-06-26 00:00:00+05:30,3697.636952164433,3719.2292968197617,3694.2706550301955,3708.553466796875,1639845,0.0,0.0
2024-06-27 00:00:00+05:30,3684.652571402827,3791.4122778569417,3672.245456200075,3783.862060546875,4526556,0.0,0.0
2024-06-28 00:00:00+05:30,3768.137000917722,3808.7248807139936,3748.949153595159,3755.00830078125,2731571,0.0,0.0
2024-07-01 00:00:00+05:30,3735.6278170574037,3848.8315275785044,3735.6278170574037,3826.229248046875,2658723,0.0,0.0
2024-07-02 00:00:00+05:30,3841.041009717413,3869.7024352701196,3830.4130826164705,3863.931640625,2307449,0.0,0.0
2024-07-03 00:00:00+05:30,3866.432922143938,3872.2999913992658,3803.915971910267,3813.7744140625,1821198,0.0,0.0
2024-07-04 00:00:00+05:30,3847.0523705122346,3892.737829501412,3829.9804358373312,3867.34619140625,2518001,0.0,0.0
2024-07-05 00:00:00+05:30,3856.81436896392,3872.924503796874,3835.6547888848163,3858.545654296875,1668616,0.0,0.0
2024-07-08 00:00:00+05:30,3868.356357887955,3877.253000431581,3826.085330278659,3840.656494140625,1758882,0.0,0.0
2024-07-09 00:00:00+05:30,3832.7695887092664,3853.8810329564976,3823.2478711096887,3833.25048828125,1305801,0.0,0.0
2024-07-10 00:00:00+05:30,3831.5195626919294,3850.3709216097873,3752.940612213008,3759.8173828125,2669716,0.0,0.0
2024-07-11 00:00:00+05:30,3780.8327046521863,3827.960866068609,3746.785106452557,3773.8115234375,4872189,0.0,0.0
2024-07-12 00:00:00+05:30,3827.960742140317,4039.5086599499514,3819.5931362246197,4024.119873046875,13509164,0.0,0.0
2024-07-15 00:00:00+05:30,4073.8924993369046,4078.0280474770693,3998.24662695158,4009.932861328125,4848030,0.0,0.0
2024-07-16 00:00:00+05:30,4012.6260416342875,4034.314424549635,3986.561190822614,4018.829833984375,2029521,0.0,0.0
2024-07-18 00:00:00+05:30,4001.084703910708,4159.781573176397,4001.084703910708,4150.6923828125,5613364,0.0,0.0
2024-07-19 00:00:00+05:30,4162.115767699707,4201.978624359701,4131.122202474886,4147.6552734375,3903354,10.0,0.0
2024-07-22 00:00:00+05:30,4145.293882588232,4164.574542569397,4111.60074098345,4133.14697265625,1896386,0.0,0.0
2024-07-23 00:00:00+05:30,4128.9537754903895,4204.823368898603,4112.854234400738,4147.60791015625,2365208,0.0,0.0
2024-07-24 00:00:00+05:30,4133.2915683962265,4183.03576631366,4114.589421974038,4151.3671875,1809793,0.0,0.0
2024-07-25 00:00:00+05:30,4140.521321708719,4186.794901089865,4120.4696255979,4167.0322265625,2810342,0.0,0.0
2024-07-26 00:00:00+05:30,4193.543483943422,4263.387861980931,4181.059068502381,4230.0322265625,3552210,0.0,0.0
2024-07-29 00:00:00+05:30,4256.206017658637,4271.630546827955,4213.788562443014,4223.525390625,1746803,0.0,0.0
2024-07-30 00:00:00+05:30,4233.165648077155,4239.817382022423,4171.660056647635,4208.341796875,1797906,0.0,0.0
2024-07-31 00:00:00+05:30,4193.543895095498,4255.242012172765,4188.723729698836,4227.62255859375,2330091,0.0,0.0
2024-08-01 00:00:00+05:30,4241.166306163715,4260.350467001491,4208.051681436031,4238.94921875,2202244,0.0,0.0
2024-08-02 00:00:00+05:30,4208.003662009789,4239.816748114331,4116.420535345201,4129.0009765625,2811282,0.0,0.0
2024-08-05 00:00:00+05:30,4086.5364833383514,4086.5364833383514,3962.6582247610977,4005.605712890625,2787771,0.0,0.0
2024-08-06 00:00:00+05:30,4020.93355230151,4105.093443295134,4011.1482409643245,4021.174560546875,2203067,0.0,0.0
2024-08-07 00:00:00+05:30,4075.9312334220126,4092.271779894771,4029.9466743126113,4049.372314453125,1237666,0.0,0.0
2024-08-08 00:00:00+05:30,4030.622342102436,4079.788029604762,4010.3776472485374,4022.47607421875,2441283,0.0,0.0
2024-08-09 00:00:00+05:30,4065.327396749372,4100.659114104419,4054.2890299715586,4076.65478515625,1302536,0.0,0.0
2024-08-12 00:00:00+05:30,4077.8595000099504,4086.535796818482,4035.7795546324164,4044.744873046875,936912,0.0,0.0
2024-08-13 00:00:00+05:30,4061.4713217745307,4081.7160162338864,4032.550329689737,4045.998779296875,1495593,0.0,0.0
2024-08-14 00:00:00+05:30,4057.6148500251006,4151.319044827985,4037.5146680639523,4140.7626953125,3226545,0.0,0.0
2024-08-16 00:00:00+05:30,4193.543581595454,4267.774123154731,4169.5392538584465,4257.2177734375,3457058,0.0,0.0
2024-08-19 00:00:00+05:30,4261.990021771471,4332.605441155041,4232.442503572573,4328.50830078125,2055210,0.0,0.0
2024-08-20 00:00:00+05:30,4342.968735663154,4400.810716604284,4338.148570584726,4360.6103515625,2212298,0.0,0.0
2024-08-21 00:00:00+05:30,4355.5007951533835,4395.99017837526,4330.965968699111,4387.7958984375,1896990,0.0,0.0
2024-08-22 00:00:00+05:30,4395.9910699411375,4396.907089701762,4335.44997770423,4340.0771484375,1829872,0.0,0.0
2024-08-23 00:00:00+05:30,4338.148856270688,4343.933054745716,4294.767367707981,4303.34716796875,1809253,0.0,0.0
2024-08-26 00:00:00+05:30,4327.544309532852,4388.422901766145,4323.688177379114,4340.5107421875,1844164,0.0,0.0
2024-08-27 00:00:00+05:30,4342.968632042668,4347.78879700609,4325.42304328812,4335.40087890625,930697,0.0,0.0
2024-08-28 00:00:00+05:30,4336.943216530728,4398.400316848334,4296.983862624771,4343.98046875,1848058,0.0,0.0
2024-08-29 00:00:00+05:30,4299.587687061034,4392.134865975352,4299.587687061034,4349.5244140625,2133641,0.0,0.0
2024-08-30 00:00:00+05:30,4338.148075075487,4427.0801106145345,4326.386685339828,4389.96484375,3637222,0.0,0.0
2024-09-02 00:00:00+05:30,4411.41521031719,4422.9836068477425,4349.717095487579,4358.44140625,1216500,0.0,0.0
2024-09-03 00:00:00+05:30,4358.441492719485,4392.038139120691,4334.196155320372,4350.0546875,1717263,0.0,0.0
2024-09-04 00:00:00+05:30,4315.92793181406,4325.616275634698,4277.125601728413,4318.14501953125,1265505,0.0,0.0
2024-09-05 00:00:00+05:30,4319.832045744477,4337.184640438384,4293.947664515546,4314.9638671875,1688793,0.0,0.0
2024-09-06 00:00:00+05:30,4313.036147727095,4356.417637948214,4280.307035150334,4296.45458984375,1649179,0.0,0.0
2024-09-09 00:00:00+05:30,4294.766863264564,4328.749025313964,4271.148055599024,4289.5126953125,1184938,0.0,0.0
2024-09-10 00:00:00+05:30,4282.66912493112,4376.662354190365,4280.741058689905,4345.716796875,1385591,0.0,0.0
2024-09-11 00:00:00+05:30,4358.827586295432,4385.724015259078,4310.4329370759415,4318.24169921875,1325919,0.0,0.0
2024-09-12 00:00:00+05:30,4348.0296801859,4369.575911096477,4271.919089315057,4355.2119140625,2742216,0.0,0.0
2024-09-13 00:00:00+05:30,4367.069296615252,4383.457856889526,4342.968472682497,4359.935546875,1458786,0.0,0.0
2024-09-16 00:00:00+05:30,4364.177818329191,4382.542460489714,4332.798729394325,4350.92236328125,1155120,0.0,0.0
2024-09-17 00:00:00+05:30,4350.921959825614,4372.660715800715,4305.371400339266,4343.59521484375,1699364,0.0,0.0
2024-09-18 00:00:00+05:30,4335.30452036304,4335.30452036304,4165.586694851035,4189.83203125,2961779,0.0,0.0
2024-09-19 00:00:00+05:30,4232.152478713516,4263.146513275474,4127.79591644136,4141.6298828125,2927551,0.0,0.0
2024-09-20 00:00:00+05:30,4161.633722179491,4174.937659239399,4075.449271122076,4130.78466796875,5447908,0.0,0.0
2024-09-23 00:00:00+05:30,4145.342138906378,4154.403955484786,4100.0325852950755,4114.97509765625,1702319,0.0,0.0
2024-09-24 00:00:00+05:30,4098.7306744467505,4136.665465883185,4087.4997845128655,4117.673828125,3012026,0.0,0.0
2024-09-25 00:00:00+05:30,4099.405755293621,4135.315983961965,4087.4998537926194,4121.0,2713073,0.0,0.0
2024-09-26 00:00:00+05:30,4106.781227249563,4161.538121991833,4106.781227249563,4138.1123046875,3964251,0.0,0.0
2024-09-27 00:00:00+05:30,4179.083373733514,4220.536795895115,4145.390229526084,4153.7294921875,3012477,0.0,0.0
2024-09-30 00:00:00+05:30,4132.713211734694,4144.137097586929,4106.828830049065,4114.97509765625,2503416,0.0,0.0
2024-10-01 00:00:00+05:30,4102.491167190117,4141.245488901306,4090.344725826877,4133.677734375,1823365,0.0,0.0
2024-10-03 00:00:00+05:30,4109.287467676963,4125.097515917087,4058.579233935717,4080.510986328125,3350119,0.0,0.0
2024-10-04 00:00:00+05:30,4073.03966948564,4143.414082709889,4072.1236497929604,4099.3095703125,2965463,0.0,0.0
2024-10-07 00:00:00+05:30,4120.180503383442,4142.690767852346,4077.281035312133,4119.16845703125,1472619,0.0,0.0
2024-10-08 00:00:00+05:30,4118.927570558943,4125.482806799547,4052.74679795751,4100.2734375,1541867,0.0,0.0
2024-10-09 00:00:00+05:30,4106.780619427553,4140.521774751488,4093.9591686921544,4099.984375,1082504,0.0,0.0
2024-10-10 00:00:00+05:30,4100.273620276828,4139.413456731442,4047.589307591051,4075.353271484375,2378875,0.0,0.0
2024-10-11 00:00:00+05:30,3993.9888713374494,4089.3801286135276,3964.537850351833,3999.966064453125,5759183,0.0,0.0
2024-10-14 00:00:00+05:30,3991.0967923333,4015.583137446759,3973.937192480054,3987.8671875,2137590,0.0,0.0
2024-10-15 00:00:00+05:30,3982.4681826102596,4019.9694414378305,3947.7149825896795,3968.730712890625,2759474,0.0,0.0
2024-10-16 00:00:00+05:30,3938.074910652084,3966.9959014279866,3920.91507571979,3947.6669921875,2359151,0.0,0.0
2024-10-17 00:00:00+05:30,3964.8748071016144,3981.4083499313706,3945.7388929151134,3961.211669921875,2522659,0.0,0.0
2024-10-18 00:00:00+05:30,3952.5140502031854,4006.7764653452905,3942.8502016696816,3984.452880859375,2361000,10.0,0.0
2024-10-21 00:00:00+05:30,3993.682123072348,4000.78514608908,3933.1863371253517,3942.705322265625,1595450,0.0,0.0
2024-10-22 00:00:00+05:30,3929.32099199586,3952.320999735869,3871.676227251689,3880.5185546875,1928049,0.0,0.0
2024-10-23 00:00:00+05:30,3865.153042421479,3975.272315864082,3860.85244097846,3929.5625,1966476,0.0,0.0
2024-10-24 00:00:00+05:30,3869.4051429301385,3941.884010492516,3869.4051429301385,3911.829345703125,2676744,0.0,0.0
2024-10-25 00:00:00+05:30,3920.6718368553634,3954.446941330257,3897.140270580229,3921.155029296875,1759676,0.0,0.0
2024-10-28 00:00:00+05:30,3932.171722859434,3995.0351066911544,3914.8251613947427,3953.335693359375,1532534,0.0,0.0
2024-10-29 00:00:00+05:30,3958.16763280639,3965.560382816574,3923.6193731047465,3938.260009765625,1445885,0.0,0.0
2024-10-30 00:00:00+05:30,3938.0184742132533,3968.9427910659706,3923.571067120387,3947.343994140625,1935002,0.0,0.0
2024-10-31 00:00:00+05:30,3933.186481064544,3941.207522795,3826.8841437384754,3835.050048828125,3740372,0.0,0.0
2024-11-01 00:00:00+05:30,3855.730723825808,3864.524684481904,3842.3945655856387,3850.2705078125,154895,0.0,0.0
2024-11-04 00:00:00+05:30,3832.972400304222,3857.711711695001,3781.7056351856645,3830.89453125,2269192,0.0,0.0
2024-11-05 00:00:00+05:30,3808.6196398546176,3852.0102276744137,3808.6196398546176,3837.852783203125,967590,0.0,0.0
2024-11-06 00:00:00+05:30,3869.0184054781503,4010.303584712349,3841.6213011336513,4000.494873046875,3792017,0.0,0.0
2024-11-07 00:00:00+05:30,4029.5350171557393,4064.42113204854,3947.730399679977,4011.36669921875,3724349,0.0,0.0
2024-11-08 00:00:00+05:30,4015.3292236622483,4029.5834008100264,3979.2346535958754,4007.59814453125,1648039,0.0,0.0
2024-11-11 00:00:00+05:30,3989.430170065666,4091.963226275835,3979.234526666309,4057.560302734375,1406487,0.0,0.0
2024-11-12 00:00:00+05:30,4074.278318457704,4076.21108805849,4024.364637890911,4056.303466796875,1587640,0.0,0.0
2024-11-13 00:00:00+05:30,4037.6523829840976,4055.6753649329753,3992.183695522076,4010.835205078125,1098813,0.0,0.0
2024-11-14 00:00:00+05:30,3996.0014114683854,4020.161033061302,3978.075160993485,4006.534912109375,1825432,0.0,0.0
2024-11-18 00:00:00+05:30,4071.3795078703233,4071.3795078703233,3856.068908973733,3884.384033203125,3313944,0.0,0.0
2024-11-19 00:00:00+05:30,3884.7706486527163,3993.2473560097887,3879.165804859272,3903.76025390625,1776233,0.0,0.0
2024-11-21 00:00:00+05:30,3908.929785762393,3954.881430219902,3888.7324378023923,3935.9404296875,2384347,0.0,0.0
2024-11-22 00:00:00+05:30,3934.152965837454,4111.919658653727,3917.7244223790317,4101.91748046875,3096553,0.0,0.0
2024-11-25 00:00:00+05:30,4136.127160650989,4182.610366339302,4109.261850550811,4170.04736328125,4052167,0.0,0.0
2024-11-26 00:00:00+05:30,4175.797329148291,4219.816444946144,4165.118964633349,4206.3837890625,2060669,0.0,0.0
2024-11-27 00:00:00+05:30,4212.4235829879535,4230.253100994659,4178.696373009198,4186.91064453125,1558993,0.0,0.0
2024-11-28 00:00:00+05:30,4173.816244332727,4194.062196061659,4090.7071456958633,4102.20703125,2558544,0.0,0.0
2024-11-29 00:00:00+05:30,4078.1439059137842,4154.198579351674,4054.6123413722576,4127.28466796875,2017425,0.0,0.0
2024-12-02 00:00:00+05:30,4126.463283598858,4144.051676505499,4087.8560203366483,4132.8896484375,1670944,0.0,0.0
2024-12-03 00:00:00+05:30,4169.322952625746,4179.614857844365,4122.066823519833,4158.11279296875,2010905,0.0,0.0
2024-12-04 00:00:00+05:30,4168.549449151754,4239.482479199273,4144.873018803544,4208.0263671875,3302642,0.0,0.0
2024-12-05 00:00:00+05:30,4252.866390721262,4338.101725875577,4213.438076368348,4313.990234375,3746747,0.0,0.0
2024-12-06 00:00:00+05:30,4303.311851411364,4314.908469919546,4264.414860165169,4296.06396484375,1842087,0.0,0.0
2024-12-09 00:00:00+05:30,4281.520452060203,4319.160863283534,4267.120938603958,4302.49072265625,2066639,0.0,0.0
2024-12-10 00:00:00+05:30,4277.364547251339,4342.740393143262,4263.787027783619,4283.54931640625,2087828,0.0,0.0
2024-12-11 00:00:00+05:30,4282.872604248985,4299.10768027082,4258.857847404851,4278.62060546875,1635256,0.0,0.0
2024-12-12 00:00:00+05:30,4281.13341484283,4334.23645604466,4277.219744582758,4305.19677734375,1914642,0.0,0.0
2024-12-13 00:00:00+05:30,4285.868868891336,4343.8033600917015,4246.68167836936,4323.50927734375,1967048,0.0,0.0
2024-12-16 00:00:00+05:30,4309.110183879598,4324.572341973805,4249.194321264541,4266.78271484375,1646224,0.0,0.0
2024-12-17 00:00:00+05:30,4261.756942764887,4283.935662540592,4172.849541691334,4182.99658203125,3225027,0.0,0.0
2024-12-18 00:00:00+05:30,4166.761572566735,4215.370539745701,4145.404373899688,4201.6962890625,1575404,0.0,0.0
2024-12-19 00:00:00+05:30,4138.059408258296,4217.3029560110235,4118.7317136844595,4128.298828125,3015763,0.0,0.0
2024-12-20 00:00:00+05:30,4183.4799645207795,4234.698360944804,4012.913040580397,4030.114501953125,4116989,0.0,0.0
2024-12-23 00:00:00+05:30,4058.864388641254,4075.2448001443836,3976.576815304956,4018.517822265625,2195338,0.0,0.0
2024-12-24 00:00:00+05:30,4018.5178240820446,4076.2111868102497,4018.5178240820446,4039.00537109375,1181886,0.0,0.0
2024-12-26 00:00:00+05:30,4039.0056307056766,4058.7683903698035,4003.877445728934,4028.955322265625,1208464,0.0,0.0
2024-12-27 00:00:00+05:30,4023.060238137416,4040.407035405857,4007.8396763428773,4024.84814453125,858100,0.0,0.0
2024-12-30 00:00:00+05:30,4011.4636074414875,4058.1398080559024,3973.774597398072,4019.001220703125,1527169,0.0,0.0
2024-12-31 00:00:00+05:30,3996.001210269241,4000.7850038508172,3896.5119407456687,3957.152587890625,1555429,0.0,0.0
2025-01-01 00:00:00+05:30,3956.7659433990707,3995.034876942136,3948.116846379581,3974.20947265625,763161,0.0,0.0
2025-01-02 00:00:00+05:30,3981.50587656409,4042.388126618347,3959.2308928706593,4035.3818359375,1720835,0.0,0.0
2025-01-03 00:00:00+05:30,4039.4404431477788,4039.4404431477788,3954.7366715684284,3962.0810546875,1791953,0.0,0.0
2025-01-06 00:00:00+05:30,3967.4929881560497,4010.1587847646483,3929.7072462762812,3957.345947265625,2085593,0.0,0.0
2025-01-07 00:00:00+05:30,3976.6258227699414,4001.1719054105165,3876.701480293973,3892.888427734375,2669054,0.0,0.0
2025-01-08 00:00:00+05:30,3899.2663636904895,3987.304123019685,3882.6929569225254,3970.295654296875,2181277,0.0,0.0
2025-01-09 00:00:00+05:30,3963.14421938291,3998.6588621681626,3889.988934356237,3903.08349609375,2392472,0.0,0.0
2025-01-10 00:00:00+05:30,4058.816208833946,4152.555535561777,4029.824664485132,4122.25927734375,7894300,0.0,0.0
2025-01-13 00:00:00+05:30,4102.303569240159,4177.633454859343,4085.295102000063,4146.85400390625,4003771,0.0,0.0
2025-01-14 00:00:00+05:30,4157.387301791636,4168.887186239907,4077.2254959633406,4090.7548828125,3441709,0.0,0.0
2025-01-15 00:00:00+05:30,4076.2116534172965,4113.36934289311,4066.0164811061386,4106.74951171875,1653474,0.0,0.0
2025-01-16 00:00:00+05:30,4116.799597933809,4149.656683926709,4050.940562589214,4064.904541015625,2637705,0.0,0.0
2025-01-17 00:00:00+05:30,4094.0359508349425,4094.7250599119097,4035.133463463163,4058.99951171875,1761466,76.0,0.0
2025-01-20 00:00:00+05:30,4080.1591970966515,4080.1591970966515,4003.68971251208,4013.236083984375,1287799,0.0,0.0
2025-01-21 00:00:00+05:30,4030.459118905745,4045.9104925810793,3966.192966456276,3971.950439453125,1971591,0.0,0.0
2025-01-22 00:00:00+05:30,3985.8762778088358,4097.234675731883,3980.168061257192,4090.78857421875,2409223,0.0,0.0
2025-01-23 00:00:00+05:30,4102.007713181408,4124.988106820918,4074.5000556101986,4079.81494140625,1822998,0.0,0.0
2025-01-24 00:00:00+05:30,4039.0209036604247,4111.84925328783,4039.0209036604247,4086.60546875,1910099,0.0,0.0
2025-01-27 00:00:00+05:30,4037.0527805961183,4090.542349798662,3977.067853766373,4000.7861328125,1551782,0.0,0.0
2025-01-28 00:00:00+05:30,4006.3469263960387,4037.052887627697,3964.519830412573,3976.329833984375,2468272,0.0,0.0
2025-01-29 00:00:00+05:30,3989.8127972855,4042.8102834137635,3989.8127972855,4034.887451171875,1217089,0.0,0.0
2025-01-30 00:00:00+05:30,4034.9860159881932,4064.511024735467,3994.24160002701,4035.133544921875,1531251,0.0,0.0
2025-01-31 00:00:00+05:30,4044.9261813577104,4063.084253880994,4020.568049243695,4047.2880859375,1492943,0.0,0.0
2025-02-01 00:00:00+05:30,4047.8788185203425,4070.416146418094,3991.781300247632,4008.65966796875,437172,0.0,0.0
2025-02-03 00:00:00+05:30,3967.0784110116783,4012.4486029262193,3935.388283689166,4004.230712890625,1265713,0.0,0.0
2025-02-04 00:00:00+05:30,4019.0425508168632,4053.63616349098,4001.6721001506876,4042.022705078125,2547132,0.0,0.0
2025-02-05 00:00:00+05:30,4084.2927757507155,4084.2927757507155,4011.4644226409437,4026.325439453125,1693912,0.0,0.0
2025-02-06 00:00:00+05:30,4040.3987061104212,4073.9588936015093,3987.401462566728,4018.107421875,2284536,0.0,0.0
2025-02-07 00:00:00+05:30,4025.242661633349,4025.242661633349,3944.540975018695,3965.60205078125,1548940,0.0,0.0
2025-02-10 00:00:00+05:30,3976.0344720918165,3987.8444754742677,3950.7906859718814,3973.03271484375,1339511,0.0,0.0
2025-02-11 00:00:00+05:30,3954.7763343520787,3976.034436359499,3892.380246485599,3900.794921875,1810908,0.0,0.0
2025-02-12 00:00:00+05:30,3908.225423162638,3958.0733824566832,3877.765264214856,3887.60693359375,1678002,0.0,0.0
2025-02-13 00:00:00+05:30,3905.174387520859,3921.3638855028084,3840.4654117195746,3848.240234375,2277310,0.0,0.0
2025-02-14 00:00:00+05:30,3862.855176096314,3885.4910153447763,3838.251003000159,3872.54931640625,1681975,0.0,0.0
2025-02-17 00:00:00+05:30,3795.439675974837,3871.71261124984,3795.14437784778,3842.6796875,1799806,0.0,0.0
2025-02-18 00:00:00+05:30,3836.6762023241963,3862.2645420941762,3803.313040041849,3811.875244140625,2149879,0.0,0.0
2025-02-19 00:00:00+05:30,3810.891244071504,3813.5977032041283,3708.488624107545,3724.186279296875,4366672,0.0,0.0
2025-02-20 00:00:00+05:30,3701.943811253983,3728.024234223072,3691.905356883169,3719.560302734375,2888572,0.0,0.0
2025-02-21 00:00:00+05:30,3716.312995440546,3756.565328445878,3715.2303156623498,3726.05615234375,1833931,0.0,0.0
2025-02-24 00:00:00+05:30,3683.884336428401,3703.616931368376,3611.892621833515,3617.404052734375,2508516,0.0,0.0
2025-02-25 00:00:00+05:30,3567.6050003776913,3600.0825079673364,3563.9143745152314,3572.0830078125,4101954,0.0,0.0
2025-02-27 00:00:00+05:30,3554.5156569204064,3580.3992952627914,3543.6898206785454,3555.352294921875,3823856,0.0,0.0
2025-02-28 00:00:00+05:30,3528.1893424937143,3543.001103495299,3402.26522632868,3428.099609375,7085018,0.0,0.0
2025-03-03 00:00:00+05:30,3429.8217928275967,3467.466178358631,3421.1118192809513,3437.744384765625,4990439,0.0,0.0
2025-03-04 00:00:00+05:30,3418.9960131405514,3494.7768689297923,3409.449641700051,3476.126953125,2797737,0.0,0.0
2025-03-05 00:00:00+05:30,3465.104278437371,3543.3455504299354,3465.104278437371,3490.889404296875,2501894,0.0,0.0
2025-03-06 00:00:00+05:30,3500.681983864865,3552.301494441748,3480.1129898813674,3544.575927734375,2786513,0.0,0.0
2025-03-07 00:00:00+05:30,3543.0008163486063,3567.6049886843603,3517.806047766746,3554.0234375,2051315,0.0,0.0
2025-03-10 00:00:00+05:30,3549.3980060199115,3564.751106121065,3525.876512682056,3532.814697265625,1004626,0.0,0.0
2025-03-11 00:00:00+05:30,3501.6657594502317,3531.928891013777,3481.6378673298386,3518.69189453125,1995450,0.0,0.0
2025-03-12 00:00:00+05:30,3508.5550985819973,3512.7378080263093,3431.642549263105,3450.68603515625,3174167,0.0,0.0
2025-03-13 00:00:00+05:30,3446.847768174978,3468.4994398886056,3428.9359787214553,3455.459228515625,1693004,0.0,0.0
2025-03-17 00:00:00+05:30,3433.7583525697237,3474.552022976726,3422.2929041663206,3442.320556640625,2690906,0.0,0.0
2025-03-18 00:00:00+05:30,3442.320556640625,3442.320556640625,3442.320556640625,3442.320556640625,0,0.0,0.0
2025-03-19 00:00:00+05:30,3490.840057701268,3490.840057701268,3407.9239948703316,3441.730224609375,3051244,0.0,0.0
2025-03-20 00:00:00+05:30,3456.394331571365,3522.2842608792944,3456.394331571365,3506.734375,2845192,0.0,0.0
2025-03-21 00:00:00+05:30,3419.9800483054673,3558.993625808531,3410.1383791017106,3521.44775390625,4161925,0.0,0.0
2025-03-24 00:00:00+05:30,3543.000847877303,3591.963151261163,3510.129769454268,3571.492431640625,1834751,0.0,0.0
2025-03-25 00:00:00+05:30,3587.288541279539,3651.259393181643,3580.3993726131584,3599.836669921875,3135390,0.0,0.0
2025-03-26 00:00:00+05:30,3589.995122425194,3622.2265912099037,3568.4419615463917,3578.234375,1734499,0.0,0.0
2025-03-27 00:00:00+05:30,3557.615814073863,3605.0033541921384,3553.3345919494172,3593.39013671875,2528474,0.0,0.0
2025-03-28 00:00:00+05:30,3593.1934495717564,3602.9858624379135,3535.029088090658,3549.053466796875,2051919,0.0,0.0
2025-04-01 00:00:00+05:30,3516.1329927216443,3527.2541266111284,3469.1882802188134,3494.579833984375,2618493,0.0,0.0
2025-04-02 00:00:00+05:30,3487.8873911642027,3507.6692413832784,3474.1583113674365,3487.838134765625,1764313,0.0,0.0
2025-04-03 00:00:00+05:30,3435.726488241664,3446.552323638587,3342.378166004515,3349.267333984375,4537821,0.0,0.0
2025-04-04 00:00:00+05:30,3309.359945032038,3345.8231390019464,3243.3222453227836,3247.160400390625,5317367,0.0,0.0
2025-04-07 00:00:00+05:30,3050.917604991727,3239.2870668156766,3007.663514743727,3222.2119140625,6623955,0.0,0.0
2025-04-08 00:00:00+05:30,3249.768515327564,3295.9751054332087,3203.758710556288,3240.8125,5557558,0.0,0.0
2025-04-09 00:00:00+05:30,3208.9253689849565,3218.2256979469357,3161.193275299811,3195.1962890625,2990265,0.0,0.0
2025-04-11 00:00:00+05:30,3237.466387828363,3246.7174609037224,3155.2391923859855,3180.33544921875,7108961,0.0,0.0
2025-04-15 00:00:00+05:30,3261.9227992555975,3261.9227992555975,3187.323137665445,3196.77099609375,3512160,0.0,0.0
2025-04-16 00:00:00+05:30,3196.7710501937127,3226.197786267431,3177.8750927421893,3221.9658203125,2384391,0.0,0.0
2025-04-17 00:00:00+05:30,3194.113794556276,3251.293989715387,3167.0492037843464,3246.668212890625,2932346,0.0,0.0
2025-04-21 00:00:00+05:30,3238.0077743163138,3300.8959462337916,3232.102772623588,3269.009033203125,2432946,0.0,0.0
2025-04-22 00:00:00+05:30,3269.9932127938664,3281.1141071380534,3242.8301087922596,3261.9228515625,2710498,0.0,0.0
2025-04-23 00:00:00+05:30,3311.7218988632617,3366.736737120651,3284.4605214803964,3358.9619140625,3543923,0.0,0.0
2025-04-24 00:00:00+05:30,3347.2503481599792,3358.469755408652,3334.062366713585,3347.742431640625,2252175,0.0,0.0
2025-04-25 00:00:00+05:30,3365.8510396652046,3422.7359386245157,3351.0885351052693,3393.40771484375,2742991,0.0,0.0
2025-04-28 00:00:00+05:30,3380.613341017837,3403.052394655164,3351.088333672703,3388.978759765625,1593296,0.0,0.0
2025-04-29 00:00:00+05:30,3400.2968535564028,3439.6635320346245,3376.0862501822417,3417.519775390625,1578332,0.0,0.0
2025-04-30 00:00:00+05:30,3417.027637154589,3454.32746830495,3312.7059408589703,3399.017333984375,2809332,0.0,0.0
2025-05-02 00:00:00+05:30,3417.0273551351647,3436.2186090018513,3365.8506781573337,3376.676513671875,1721761,0.0,0.0
2025-05-05 00:00:00+05:30,3395.375944257656,3449.0130425075236,3391.832847162291,3399.60791015625,1284443,0.0,0.0
2025-05-06 00:00:00+05:30,3405.2177734375,3418.011944262554,3382.5819327470194,3405.2177734375,1324763,0.0,0.0
2025-05-07 00:00:00+05:30,3366.4416202686452,3404.725619138935,3366.4416202686452,3390.5537109375,1477128,0.0,0.0
2025-05-08 00:00:00+05:30,3393.4075587678194,3421.9483996043236,3374.4130890526376,3394.293212890625,2543591,0.0,0.0
2025-05-09 00:00:00+05:30,3345.1834469493565,3391.636078710749,3344.297792808673,3385.82958984375,2531757,0.0,0.0
2025-05-12 00:00:00+05:30,3449.504876136595,3573.017818206536,3446.749160848139,3563.07763671875,2228678,0.0,0.0
2025-05-13 00:00:00+05:30,3563.077775622703,3565.636705692123,3454.9179286039744,3459.3466796875,3062887,0.0,0.0
2025-05-14 00:00:00+05:30,3465.251807319678,3504.618485051228,3453.0482333329505,3492.51318359375,2119499,0.0,0.0
2025-05-15 00:00:00+05:30,3507.57083651873,3543.000844968414,3458.461004249911,3523.218994140625,3548330,0.0,0.0
2025-05-16 00:00:00+05:30,3536.997516867453,3536.997516867453,3489.954528726303,3504.913818359375,1666727,0.0,0.0
2025-05-19 00:00:00+05:30,3493.7926303362833,3493.7926303362833,3448.225653046167,3463.086669921875,2537377,0.0,0.0
2025-05-20 00:00:00+05:30,3475.8809706180728,3501.666097309959,3438.6794109052826,3442.911376953125,2038374,0.0,0.0
2025-05-21 00:00:00+05:30,3452.4573676588943,3480.9982067872033,3442.910997108931,3469.9755859375,1440153,0.0,0.0
2025-05-22 00:00:00+05:30,3439.6632460297133,3442.4189613490807,3396.6552014233635,3421.9482421875,2034383,0.0,0.0
2025-05-23 00:00:00+05:30,3421.9483529990202,3479.0300338946035,3410.728946312352,3458.953125,1274331,0.0,0.0
2025-05-26 00:00:00+05:30,3465.2517322885897,3488.871738416089,3454.524408949068,3481.293701171875,967470,0.0,0.0
2025-05-27 00:00:00+05:30,3476.0774933490575,3483.950828554831,3427.951828013815,3443.3046875,2467680,0.0,0.0
2025-05-28 00:00:00+05:30,3464.2675268115295,3473.1250290107637,3437.6950202138273,3442.320556640625,1222933,0.0,0.0
2025-05-29 00:00:00+05:30,3449.2097128936152,3476.5696009789913,3431.297923230928,3442.71435546875,3188072,0.0,0.0
2025-05-30 00:00:00+05:30,3434.7426576999464,3451.1781977204464,3398.4269933317396,3408.563720703125,3404365,0.0,0.0
2025-06-02 00:00:00+05:30,3395.375984554132,3405.217654074579,3364.4732383699834,3395.17919921875,1877585,0.0,0.0
2025-06-03 00:00:00+05:30,3391.439214740725,3418.503805107925,3346.6596197695403,3351.28515625,2848125,0.0,0.0
2025-06-04 00:00:00+05:30,3364.9875293233777,3370.746482399833,3346.1221522041255,3356.94482421875,2544807,30.0,0.0
2025-06-05 00:00:00+05:30,3384.8457201630413,3384.8457201630413,3339.8666423105756,3347.21435546875,3584683,0.0,0.0
2025-06-06 00:00:00+05:30,3347.2144001409188,3366.873914676264,3334.9021140402438,3360.221435546875,2070390,0.0,0.0
2025-06-09 00:00:00+05:30,3375.9095645850753,3409.668660230926,3366.873944962607,3397.654296875,1718678,0.0,0.0
2025-06-10 00:00:00+05:30,3415.626122829056,3461.1016586442274,3398.94510956099,3438.36376953125,2419874,0.0,0.0
2025-06-11 00:00:00+05:30,3445.4136080819626,3464.278985186734,3424.6617902310286,3447.300048828125,2847013,0.0,0.0
2025-06-12 00:00:00+05:30,3447.3000185229757,3450.080227817185,3398.9451271669373,3409.8671875,4060134,0.0,0.0
2025-06-13 00:00:00+05:30,3369.157630228437,3426.0516828925206,3369.157630228437,3421.28564453125,2178493,0.0,0.0
2025-06-16 00:00:00+05:30,3415.625963412075,3484.1370655851665,3401.9236944953027,3471.527099609375,1934088,0.0,0.0
2025-06-17 00:00:00+05:30,3485.13008250971,3495.0592280439255,3463.3853507540894,3490.392578125,2111940,0.0,0.0
2025-06-18 00:00:00+05:30,3494.1658240448833,3512.9318127961833,3418.7043153471695,3426.9453125,2696327,0.0,0.0
2025-06-19 00:00:00+05:30,3425.5552808815073,3426.548195455676,3388.817441637271,3399.739501953125,2672768,0.0,0.0
2025-06-20 00:00:00+05:30,3400.7323081895083,3421.8814364277036,3386.732116175425,3411.3564453125,2351248,0.0,0.0
2025-06-23 00:00:00+05:30,3390.8032061585363,3400.732351710977,3346.122051172553,3369.554931640625,3123421,0.0,0.0
2025-06-24 00:00:00+05:30,3410.264459071302,3417.711318302596,3358.0370560315137,3366.37744140625,3403048,0.0,0.0
2025-06-25 00:00:00+05:30,3383.157794223958,3425.555197020872,3375.909469527816,3420.39208984375,1757699,0.0,0.0
2025-06-26 00:00:00+05:30,3420.392073713661,3426.945164265374,3391.10109463089,3417.413330078125,2879106,0.0,0.0
2025-06-27 00:00:00+05:30,3430.5199217495656,3441.8390511551324,3406.689971497181,3416.718505859375,1778433,0.0,0.0
2025-06-30 00:00:00+05:30,3415.526463469455,3440.3493257651157,3405.696706964679,3437.469970703125,1468351,0.0,0.0
2025-07-01 00:00:00+05:30,3430.5197119515014,3460.3071479452915,3389.313758826758,3405.39892578125,2375183,0.0,0.0
2025-07-02 00:00:00+05:30,3462.491327790443,3465.1721484055424,3395.7675231854428,3399.044189453125,3090585,0.0,0.0
2025-07-03 00:00:00+05:30,3405.6969138623963,3410.959409470928,3373.5265793371623,3376.703857421875,2531870,0.0,0.0
2025-07-04 00:00:00+05:30,3383.852895387978,3402.718272445599,3366.0798213348503,3395.5693359375,1109320,0.0,0.0
2025-07-07 00:00:00+05:30,3394.0799444957242,3401.8247266726726,3384.249944744325,3387.526611328125,1639174,0.0,0.0
2025-07-08 00:00:00+05:30,3380.873980731512,3400.732271367233,3369.3560751984837,3382.0654296875,2325242,0.0,0.0
2025-07-09 00:00:00+05:30,3385.838776858228,3389.8104352475048,3343.1434491735054,3359.824462890625,2034938,0.0,0.0
2025-07-10 00:00:00+05:30,3356.0512802151093,3374.91665723407,3332.2213302964224,3358.037109375,3035012,0.0,0.0
2025-07-11 00:00:00+05:30,3276.5188393255935,3311.3702392578125,3237.993946212789,3242.859130859375,7635550,0.0,0.0
2025-07-14 00:00:00+05:30,3242.8589718366698,3248.8164592313483,3177.3266104952063,3199.86572265625,3924009,0.0,0.0
2025-07-15 00:00:00+05:30,3183.2841104563845,3236.3056515140206,3183.2841104563845,3229.256103515625,2590889,0.0,0.0
2025-07-16 00:00:00+05:30,3215.0089950915135,3232.842384321887,3208.632873739526,3221.08642578125,2540733,11.0,0.0
2025-07-17 00:00:00+05:30,3212.1199267281463,3229.9533162828457,3192.194243099011,3197.275146484375,2947640,0.0,0.0
2025-07-18 00:00:00+05:30,3213.0165477432356,3216.802476353157,3175.157748110912,3178.046875,3432645,0.0,0.0
2025-07-21 00:00:00+05:30,3178.1464846864797,3185.718341629892,3140.287686436296,3146.464599609375,3844346,0.0,0.0
2025-07-22 00:00:00+05:30,3147.859619140625,3168.283445003984,3142.8781981983425,3147.859619140625,3198036,0.0,0.0
2025-07-23 00:00:00+05:30,3147.859568015624,3170.1762361812234,3145.866999671073,3167.287109375,1922875,0.0,0.0
2025-07-24 00:00:00+05:30,3153.339291883696,3161.9071902624382,3128.332460590057,3136.302734375,2934778,0.0,0.0
2025-07-25 00:00:00+05:30,3128.3322940864455,3145.169399267611,3113.9858993305074,3124.14794921875,2568917,0.0,0.0
2025-07-28 00:00:00+05:30,3098.443785696339,3106.4140591000596,3058.4926929668136,3067.85791015625,3374473,0.0,0.0
2025-07-29 00:00:00+05:30,3048.629668071008,3062.5776469445354,3029.8994763655814,3044.64453125,4785312,0.0,0.0
2025-07-30 00:00:00+05:30,3048.6295393197033,3057.5960967882907,3035.877053384358,3042.25341796875,2880121,0.0,0.0
2025-07-31 00:00:00+05:30,3030.3975643658264,3048.430405452322,3003.796825207198,3025.515869140625,2968371,0.0,0.0
2025-08-01 00:00:00+05:30,3018.64125499041,3025.515761579588,2988.8524561376125,2991.84130859375,2053847,0.0,0.0
2025-08-04 00:00:00+05:30,2997.9189099713494,3067.957495262713,2980.483936317478,3062.97607421875,2519252,0.0,0.0
2025-08-05 00:00:00+05:30,3062.9761210710876,3066.064699458969,3030.696609505827,3052.51513671875,1927996,0.0,0.0
2025-08-06 00:00:00+05:30,3051.618345400808,3055.40427380999,3014.75583192388,3021.032470703125,1487081,0.0,0.0
2025-08-07 00:00:00+05:30,3004.793168100796,3040.2609831608825,2999.7120213520734,3035.677978515625,2543076,0.0,0.0
2025-08-08 00:00:00+05:30,3036.7739069952254,3048.4303832570085,3013.759645138969,3025.1171875,2762140,0.0,0.0
2025-08-11 00:00:00+05:30,3025.117180240026,3038.567016640599,3010.073435095005,3029.5009765625,1884215,0.0,0.0
2025-08-12 00:00:00+05:30,3029.700138212843,3084.8941835228848,3015.652434227984,3024.120849609375,3358232,0.0,0.0
2025-08-13 00:00:00+05:30,3024.8184862723915,3033.087450352522,3017.3463549468943,3024.91796875,2148166,0.0,0.0
2025-08-14 00:00:00+05:30,3022.726300858826,3044.544827820162,3007.881763385299,3011.06982421875,3342174,0.0,0.0
2025-08-18 00:00:00+05:30,3035.179867843642,3037.67057838676,2992.2399207869066,3000.010986328125,2945609,0.0,0.0
2025-08-19 00:00:00+05:30,3000.0110105142285,3013.7597814697733,2999.911528031773,3004.992431640625,2650784,0.0,0.0
2025-08-20 00:00:00+05:30,2999.7118666132724,3091.868151000454,2999.7118666132724,3087.086181640625,4952358,0.0,0.0
2025-08-21 00:00:00+05:30,3118.3696236696637,3118.3696236696637,3071.6439908192406,3091.071533203125,3230726,0.0,0.0
2025-08-22 00:00:00+05:30,3074.5329489117757,3084.1968567150047,3038.666718788372,3042.65185546875,1593791,0.0,0.0
2025-08-25 00:00:00+05:30,3075.8281806328096,3140.2877180773667,3065.666130699425,3128.93017578125,3448370,0.0,0.0
2025-08-26 00:00:00+05:30,3117.373339366996,3150.2507187850565,3108.4067813438887,3145.468505859375,5522097,0.0,0.0
2025-08-28 00:00:00+05:30,3133.313773226287,3134.808199509225,3075.0311481917124,3082.204345703125,3116051,0.0,0.0
2025-08-29 00:00:00+05:30,3081.507000394383,3103.425252579535,3065.7656615419933,3073.23779296875,2271789,0.0,0.0
2025-09-01 00:00:00+05:30,3078.518060334719,3119.4654366830314,3078.518060334719,3101.0341796875,1246862,0.0,0.0
2025-09-02 00:00:00+05:30,3109.5026578628494,3143.2765943406766,3091.569542586104,3099.938232421875,2185229,0.0,0.0
2025-09-03 00:00:00+05:30,3118.2697443758125,3130.2251544847713,3076.5255347054076,3085.990234375,1799774,0.0,0.0
2025-09-04 00:00:00+05:30,3104.421639864457,3106.414208311097,3079.3153260834893,3084.197021484375,1481391,0.0,0.0
2025-09-05 00:00:00+05:30,3085.5918616420554,3091.868257451282,3017.3463946381216,3036.97314453125,2802055,0.0,0.0
2025-09-08 00:00:00+05:30,3038.666792443431,3053.5113296442846,3004.7931298391436,3007.781982421875,2626187,0.0,0.0
2025-09-09 00:00:00+05:30,3020.833326119296,3048.6295571410296,3019.538108052908,3038.06884765625,2489301,0.0,0.0
2025-09-10 00:00:00+05:30,3045.0429174900823,3111.0966082909868,3042.0540649039185,3098.44384765625,2079428,0.0,0.0
2025-09-11 00:00:00+05:30,3127.336119333051,3127.336119333051,3098.5436031034214,3112.591064453125,2263446,0.0,0.0
2025-09-12 00:00:00+05:30,3132.3175458217547,3137.0000329464906,3109.4030090679694,3121.7568359375,1447167,0.0,0.0
2025-09-15 00:00:00+05:30,3122.3546477883615,3122.3546477883615,3084.4958486128803,3100.336669921875,1732539,0.0,0.0
2025-09-16 00:00:00+05:30,3116.377048374956,3138.2953012727335,3097.5473738607,3134.01123046875,2573429,0.0,0.0
2025-09-17 00:00:00+05:30,3140.287738435889,3170.5746802441777,3130.7233130051436,3161.010498046875,2418271,0.0,0.0
2025-09-18 00:00:00+05:30,3173.1652036699406,3191.0983194206656,3149.652799058944,3164.89599609375,2633138,0.0,0.0
2025-09-19 00:00:00+05:30,3158.220904129198,3168.681888196503,3132.3175150101574,3157.423828125,4901694,0.0,0.0
2025-09-22 00:00:00+05:30,3083.499594330073,3095.355278998739,3053.6110683753386,3062.37841796875,3634901,0.0,0.0
2025-09-23 00:00:00+05:30,3058.592364705798,3069.252556548476,3040.6592498638747,3051.0205078125,3177741,0.0,0.0
2025-09-24 00:00:00+05:30,3038.666695675492,3045.640684813108,3021.7298649127106,3024.120849609375,1625714,0.0,0.0
2025-09-25 00:00:00+05:30,3010.7706978406754,3018.3425546653493,2940.03452327195,2946.41064453125,4974361,0.0,0.0
2025-09-26 00:00:00+05:30,2930.07184762513,2943.820618304199,2880.5565712711505,2888.32763671875,3934636,0.0,0.0
2025-09-29 00:00:00+05:30,2905.164580331207,2918.4152081680195,2883.2463290392707,2885.338623046875,3110035,0.0,0.0
2025-09-30 00:00:00+05:30,2900.183356935398,2904.467427717032,2874.379692997371,2877.667236328125,2253458,0.0,0.0
2025-10-01 00:00:00+05:30,2880.257593329001,2913.932047598146,2855.9483563860495,2903.371337890625,1952902,0.0,0.0
2025-10-03 00:00:00+05:30,2913.134920868619,2913.134920868619,2880.3572688813597,2891.116943359375,2899519,0.0,0.0
2025-10-06 00:00:00+05:30,2891.2167953135195,2982.476526807699,2884.840673623438,2977.295654296875,2112774,0.0,0.0
2025-10-07 00:00:00+05:30,2983.87104765697,2993.335747140356,2944.517823489207,2962.650146484375,3062943,0.0,0.0
2025-10-08 00:00:00+05:30,2963.9454305531126,3031.692754680041,2956.9714413047523,3015.951416015625,4121889,0.0,0.0
2025-10-09 00:00:00+05:30,3022.726218895035,3054.6073128319636,3008.7782402976286,3050.3232421875,3211304,0.0,0.0
2025-10-10 00:00:00+05:30,3038.666680855733,3058.5923640088854,2995.726736367315,3017.04736328125,8817365,0.0,0.0
2025-10-13 00:00:00+05:30,3015.7523552483212,3024.220771178156,2987.059320862895,2996.02587890625,2866865,0.0,0.0
2025-10-14 00:00:00+05:30,3009.774448720779,3015.9513618688843,2944.5178362112756,2949.300048828125,3611416,0.0,0.0
2025-10-15 00:00:00+05:30,2971.0,2979.699951171875,2951.0,2969.800048828125,4282226,11.0,0.0
2025-10-16 00:00:00+05:30,2969.89990234375,2975.0,2943.10009765625,2970.699951171875,3251495,0.0,0.0
2025-10-17 00:00:00+05:30,2970.0,2988.800048828125,2955.39990234375,2962.199951171875,4374683,0.0,0.0
2025-10-20 00:00:00+05:30,2985.5,3023.0,2978.5,3015.199951171875,3133039,0.0,0.0
2025-10-21 00:00:00+05:30,3031.10009765625,3031.800048828125,2996.0,3006.699951171875,310644,0.0,0.0
2025-10-23 00:00:00+05:30,3055.0,3098.0,3036.10009765625,3073.199951171875,5564758,0.0,0.0
2025-10-24 00:00:00+05:30,3080.0,3090.0,3058.300048828125,3063.199951171875,2684318,0.0,0.0
2025-10-27 00:00:00+05:30,3066.5,3094.199951171875,3060.199951171875,3084.89990234375,1946312,0.0,0.0
2025-10-28 00:00:00+05:30,3076.0,3090.199951171875,3040.199951171875,3057.89990234375,3470737,0.0,0.0
2025-10-29 00:00:00+05:30,3057.89990234375,3076.0,3046.10009765625,3057.60009765625,2895420,0.0,0.0
2025-10-30 00:00:00+05:30,3049.10009765625,3063.800048828125,3032.800048828125,3035.300048828125,2241536,0.0,0.0
2025-10-31 00:00:00+05:30,3035.0,3067.39990234375,3025.10009765625,3058.0,1868085,0.0,0.0
2025-11-03 00:00:00+05:30,3046.89990234375,3058.0,3010.0,3016.800048828125,2194877,0.0,0.0
2025-11-04 00:00:00+05:30,3019.60009765625,3029.300048828125,2976.0,2990.199951171875,2670720,0.0,0.0
2025-11-05 00:00:00+05:30,2990.199951171875,2990.199951171875,2990.199951171875,2990.199951171875,0,0.0,0.0
2025-11-06 00:00:00+05:30,2990.10009765625,3024.0,2990.0,3010.89990234375,2542721,0.0,0.0
2025-11-07 00:00:00+05:30,3001.0,3004.0,2960.5,2991.800048828125,1830520,0.0,0.0
2025-11-10 00:00:00+05:30,2993.0,3047.89990234375,2992.0,3025.199951171875,1556656,0.0,0.0
2025-11-11 00:00:00+05:30,3045.0,3055.699951171875,3018.0,3047.0,2806868,0.0,0.0
2025-11-12 00:00:00+05:30,3060.0,3136.39990234375,3057.10009765625,3131.800048828125,4460315,0.0,0.0
2025-11-13 00:00:00+05:30,3131.800048828125,3131.89990234375,3102.0,3105.699951171875,1740435,0.0,0.0
2025-11-14 00:00:00+05:30,3090.0,3113.10009765625,3077.300048828125,3106.0,2210794,0.0,0.0
2025-11-17 00:00:00+05:30,3106.0,3123.5,3086.60009765625,3102.199951171875,2232853,0.0,0.0
2025-11-18 00:00:00+05:30,3102.0,3105.0,3078.0,3087.10009765625,2548350,0.0,0.0
2025-11-19 00:00:00+05:30,3097.0,3155.0,3083.5,3147.699951171875,3151053,0.0,0.0
2025-11-20 00:00:00+05:30,3148.0,3164.5,3138.10009765625,3144.800048828125,2700767,0.0,0.0
2025-11-21 00:00:00+05:30,3144.800048828125,3170.0,3135.199951171875,3150.60009765625,4177037,0.0,0.0
2025-11-24 00:00:00+05:30,3158.0,3178.89990234375,3131.0,3141.199951171875,6703764,0.0,0.0
2025-11-25 00:00:00+05:30,3145.300048828125,3149.800048828125,3115.0,3119.199951171875,2737920,0.0,0.0
2025-11-26 00:00:00+05:30,3118.800048828125,3178.0,3117.0,3162.89990234375,2508527,0.0,0.0
2025-11-27 00:00:00+05:30,3180.0,3180.0,3125.0,3136.60009765625,2836233,0.0,0.0
2025-11-28 00:00:00+05:30,3140.0,3147.300048828125,3125.0,3137.5,1616690,0.0,0.0
2025-12-01 00:00:00+05:30,3137.89990234375,3154.0,3122.199951171875,3133.39990234375,1747647,0.0,0.0
2025-12-02 00:00:00+05:30,3131.0,3144.0,3120.39990234375,3135.699951171875,2512003,0.0,0.0
2025-12-03 00:00:00+05:30,3140.0,3211.89990234375,3139.0,3180.0,3952112,0.0,0.0
2025-12-04 00:00:00+05:30,3194.0,3250.0,3187.39990234375,3229.199951171875,5025905,0.0,0.0
2025-12-05 00:00:00+05:30,3230.0,3271.60009765625,3222.39990234375,3238.199951171875,5244013,0.0,0.0
2025-12-08 00:00:00+05:30,3243.0,3259.89990234375,3208.60009765625,3236.5,2544725,0.0,0.0
2025-12-09 00:00:00+05:30,3230.0,3233.699951171875,3181.199951171875,3208.300048828125,2734893,0.0,0.0
2025-12-10 00:00:00+05:30,3225.0,3225.0,3178.10009765625,3189.199951171875,1386849,0.0,0.0
2025-12-11 00:00:00+05:30,3205.0,3208.39990234375,3153.10009765625,3191.89990234375,1914362,0.0,0.0
2025-12-12 00:00:00+05:30,3197.699951171875,3223.0,3185.699951171875,3220.5,1146554,0.0,0.0
2025-12-15 00:00:00+05:30,3211.10009765625,3238.199951171875,3197.300048828125,3230.199951171875,1562190,0.0,0.0
2025-12-16 00:00:00+05:30,3220.0,3220.0,3191.10009765625,3205.10009765625,1734623,0.0,0.0
2025-12-17 00:00:00+05:30,3200.5,3236.89990234375,3200.5,3217.800048828125,1376350,0.0,0.0
2025-12-18 00:00:00+05:30,3228.0,3287.800048828125,3221.0,3280.800048828125,2307422,0.0,0.0
2025-12-19 00:00:00+05:30,3299.0,3317.89990234375,3278.800048828125,3282.0,3902511,0.0,0.0
2025-12-22 00:00:00+05:30,3310.0,3328.60009765625,3291.0,3324.89990234375,2632816,0.0,0.0
2025-12-23 00:00:00+05:30,3319.89990234375,3319.89990234375,3293.5,3310.0,2365420,0.0,0.0
2025-12-24 00:00:00+05:30,3304.10009765625,3327.10009765625,3296.10009765625,3319.0,1367708,0.0,0.0
2025-12-25 00:00:00+05:30,3319.0,3319.0,3319.0,3319.0,0,0.0,0.0
2025-12-26 00:00:00+05:30,3313.10009765625,3320.0,3271.800048828125,3280.0,1176664,0.0,0.0
2025-12-29 00:00:00+05:30,3280.0,3288.0,3242.89990234375,3251.5,2079473,0.0,0.0
2025-12-30 00:00:00+05:30,3250.0,3267.5,3239.5,3246.800048828125,2807593,0.0,0.0
